transaction_id,transaction_date,store_id,region,customer_id,product_id,product_name,category,quantity,unit_price,discount_pct,gross_amount,discount_amount,net_revenue,payment_method,sales_channel,year,month,month_name,day,day_of_week,is_weekend,order_value,revenue_per_unit
TXN-0000129,2026-09-01,DXB-001,Dubai,CUST-01751,P014,Power Bank,Electronics,4,158.43,0,633.72,0.0,633.72,Cash,Store,2026,9,September,1,Tuesday,False,633.72,158.43
TXN-0000228,2026-09-01,DXB-005,Dubai,CUST-01105,P006,Mouse,Accessories,2,102.68,0,205.36,0.0,205.36,Cash,Store,2026,9,September,1,Tuesday,False,205.36,102.68
TXN-0000242,2026-09-01,DXB-004,Dubai,CUST-01265,P006,Mouse,Accessories,1,86.59,0,86.59,0.0,86.59,Card,Store,2026,9,September,1,Tuesday,False,86.59,86.59
TXN-0000260,2026-09-01,DXB-004,Dubai,CUST-00685,P001,Laptop,Electronics,1,2812.4,5,2812.4,140.62,2671.78,Card,Store,2026,9,September,1,Tuesday,False,2671.78,2671.78
TXN-0000266,2026-09-01,DXB-001,Dubai,CUST-00009,P006,Mouse,Accessories,1,95.16,0,95.16,0.0,95.16,Apple Pay,Store,2026,9,September,1,Tuesday,False,95.16,95.16
TXN-0000270,2026-09-01,DXB-003,Dubai,CUST-03145,P001,Laptop,Electronics,3,2746.44,0,8239.32,0.0,8239.32,Apple Pay,Store,2026,9,September,1,Tuesday,False,8239.32,2746.44
TXN-0000424,2026-09-01,DXB-004,Dubai,CUST-03084,P010,Printer,Office,1,703.95,0,703.95,0.0,703.95,Card,Store,2026,9,September,1,Tuesday,False,703.95,703.95
TXN-0000535,2026-09-01,DXB-002,Dubai,CUST-01255,P008,Desk,Furniture,1,752.2,0,752.2,0.0,752.2,Card,Store,2026,9,September,1,Tuesday,False,752.2,752.2
TXN-0000548,2026-09-01,DXB-002,Dubai,CUST-02628,P003,Headphones,Electronics,1,339.24,5,339.24,16.96,322.28,Apple Pay,Store,2026,9,September,1,Tuesday,False,322.28,322.28
TXN-0000597,2026-09-01,DXB-004,Dubai,CUST-04866,P013,USB Drive,Accessories,1,44.38,0,44.38,0.0,44.38,Card,Store,2026,9,September,1,Tuesday,False,44.38,44.38
TXN-0000677,2026-09-01,DXB-002,Dubai,CUST-01521,P008,Desk,Furniture,2,803.95,0,1607.9,0.0,1607.9,Cash,Online,2026,9,September,1,Tuesday,False,1607.9,803.95
TXN-0000698,2026-09-01,DXB-004,Dubai,CUST-06845,P002,Smartphone,Electronics,1,1632.58,0,1632.58,0.0,1632.58,Card,Online,2026,9,September,1,Tuesday,False,1632.58,1632.58
TXN-0000786,2026-09-01,DXB-001,Dubai,CUST-06881,P015,Tablet,Electronics,1,1124.63,20,1124.63,224.93,899.7,Apple Pay,Store,2026,9,September,1,Tuesday,False,899.7,899.7
TXN-0000915,2026-09-01,DXB-004,Dubai,CUST-01991,P010,Printer,Office,1,645.76,0,645.76,0.0,645.76,Card,Online,2026,9,September,1,Tuesday,False,645.76,645.76
TXN-0000930,2026-09-01,DXB-004,Dubai,CUST-04587,P004,Monitor,Electronics,2,913.62,15,1827.24,274.09,1553.15,Card,Online,2026,9,September,1,Tuesday,False,1553.15,776.58
TXN-0000966,2026-09-01,DXB-001,Dubai,CUST-02315,P010,Printer,Office,1,690.45,0,690.45,0.0,690.45,Cash,Store,2026,9,September,1,Tuesday,False,690.45,690.45
TXN-0000981,2026-09-01,DXB-001,Dubai,CUST-04283,P008,Desk,Furniture,2,848.01,10,1696.02,169.6,1526.42,Apple Pay,Store,2026,9,September,1,Tuesday,False,1526.42,763.21
TXN-0000985,2026-09-01,DXB-002,Dubai,CUST-02613,P009,Backpack,Accessories,1,217.27,0,217.27,0.0,217.27,Card,Store,2026,9,September,1,Tuesday,False,217.27,217.27
TXN-0001118,2026-09-01,DXB-001,Dubai,CUST-03501,P011,Notebook,Stationery,3,24.99,10,74.97,7.5,67.47,Card,Store,2026,9,September,1,Tuesday,False,67.47,22.49
TXN-0001156,2026-09-01,DXB-003,Dubai,CUST-01474,P004,Monitor,Electronics,1,913.58,15,913.58,137.04,776.54,Cash,Online,2026,9,September,1,Tuesday,False,776.54,776.54
TXN-0001161,2026-09-01,DXB-003,Dubai,CUST-06749,P007,Office Chair,Furniture,1,699.73,0,699.73,0.0,699.73,Apple Pay,Online,2026,9,September,1,Tuesday,False,699.73,699.73
TXN-0001318,2026-09-01,DXB-002,Dubai,CUST-03806,P013,USB Drive,Accessories,1,44.43,20,44.43,8.89,35.54,Apple Pay,Store,2026,9,September,1,Tuesday,False,35.54,35.54
TXN-0001344,2026-09-01,DXB-002,Dubai,CUST-00538,P015,Tablet,Electronics,5,1283.98,10,6419.9,641.99,5777.91,Cash,Online,2026,9,September,1,Tuesday,False,5777.91,1155.58
TXN-0001396,2026-09-01,DXB-003,Dubai,CUST-01136,P010,Printer,Office,1,711.94,0,711.94,0.0,711.94,Apple Pay,Store,2026,9,September,1,Tuesday,False,711.94,711.94
TXN-0001415,2026-09-01,DXB-003,Dubai,CUST-04875,P014,Power Bank,Electronics,1,161.52,0,161.52,0.0,161.52,Apple Pay,Store,2026,9,September,1,Tuesday,False,161.52,161.52
TXN-0001423,2026-09-01,DXB-004,Dubai,CUST-03866,P014,Power Bank,Electronics,3,146.49,10,439.47,43.95,395.52,Bank Transfer,Online,2026,9,September,1,Tuesday,False,395.52,131.84
TXN-0001546,2026-09-01,DXB-003,Dubai,CUST-03380,P003,Headphones,Electronics,1,359.4,10,359.4,35.94,323.46,Card,Store,2026,9,September,1,Tuesday,False,323.46,323.46
TXN-0001627,2026-09-01,DXB-004,Dubai,CUST-01984,P012,Pen Pack,Stationery,1,13.61,10,13.61,1.36,12.25,Apple Pay,Store,2026,9,September,1,Tuesday,False,12.25,12.25
TXN-0001628,2026-09-01,DXB-001,Dubai,CUST-07117,P008,Desk,Furniture,1,839.43,0,839.43,0.0,839.43,Card,Online,2026,9,September,1,Tuesday,False,839.43,839.43
TXN-0001760,2026-09-01,DXB-001,Dubai,CUST-01360,P003,Headphones,Electronics,4,334.51,15,1338.04,200.71,1137.33,Card,Store,2026,9,September,1,Tuesday,False,1137.33,284.33
TXN-0001765,2026-09-01,DXB-004,Dubai,CUST-03106,P012,Pen Pack,Stationery,1,15.26,0,15.26,0.0,15.26,Apple Pay,Store,2026,9,September,1,Tuesday,False,15.26,15.26
TXN-0001791,2026-09-01,DXB-005,Dubai,CUST-04412,P007,Office Chair,Furniture,1,705.75,5,705.75,35.29,670.46,Cash,Store,2026,9,September,1,Tuesday,False,670.46,670.46
TXN-0001833,2026-09-01,DXB-001,Dubai,CUST-03450,P002,Smartphone,Electronics,1,1824.45,15,1824.45,273.67,1550.78,Card,Online,2026,9,September,1,Tuesday,False,1550.78,1550.78
TXN-0001858,2026-09-01,DXB-003,Dubai,CUST-04481,P003,Headphones,Electronics,1,357.74,10,357.74,35.77,321.97,Card,Online,2026,9,September,1,Tuesday,False,321.97,321.97
TXN-0001897,2026-09-01,DXB-001,Dubai,CUST-02432,P002,Smartphone,Electronics,6,1953.41,10,11720.46,1172.05,10548.41,Card,Store,2026,9,September,1,Tuesday,False,10548.41,1758.07
TXN-0002037,2026-09-01,DXB-003,Dubai,CUST-06975,P007,Office Chair,Furniture,2,644.81,5,1289.62,64.48,1225.14,Card,Store,2026,9,September,1,Tuesday,False,1225.14,612.57
TXN-0002065,2026-09-01,DXB-003,Dubai,CUST-07377,P014,Power Bank,Electronics,2,148.86,10,297.72,29.77,267.95,Cash,Store,2026,9,September,1,Tuesday,False,267.95,133.98
TXN-0002123,2026-09-01,DXB-003,Dubai,CUST-07218,P009,Backpack,Accessories,2,221.2,15,442.4,66.36,376.04,Card,Store,2026,9,September,1,Tuesday,False,376.04,188.02
TXN-0002190,2026-09-01,DXB-004,Dubai,CUST-06480,P015,Tablet,Electronics,1,1235.21,0,1235.21,0.0,1235.21,Card,Store,2026,9,September,1,Tuesday,False,1235.21,1235.21
TXN-0002235,2026-09-01,DXB-001,Dubai,CUST-04363,P002,Smartphone,Electronics,2,1671.77,10,3343.54,334.35,3009.19,Apple Pay,Store,2026,9,September,1,Tuesday,False,3009.19,1504.6
TXN-0002247,2026-09-01,DXB-005,Dubai,CUST-06532,P011,Notebook,Stationery,1,23.43,5,23.43,1.17,22.26,Cash,Store,2026,9,September,1,Tuesday,False,22.26,22.26
TXN-0002345,2026-09-01,DXB-005,Dubai,CUST-05350,P006,Mouse,Accessories,5,97.75,0,488.75,0.0,488.75,Card,Online,2026,9,September,1,Tuesday,False,488.75,97.75
TXN-0002464,2026-09-01,DXB-004,Dubai,CUST-01553,P006,Mouse,Accessories,1,105.72,10,105.72,10.57,95.15,Card,Store,2026,9,September,1,Tuesday,False,95.15,95.15
TXN-0002530,2026-09-01,DXB-005,Dubai,CUST-02242,P010,Printer,Office,1,736.01,5,736.01,36.8,699.21,Card,Store,2026,9,September,1,Tuesday,False,699.21,699.21
TXN-0002548,2026-09-01,DXB-002,Dubai,CUST-02512,P011,Notebook,Stationery,1,22.64,5,22.64,1.13,21.51,Card,Store,2026,9,September,1,Tuesday,False,21.51,21.51
TXN-0002560,2026-09-01,DXB-001,Dubai,CUST-07704,P008,Desk,Furniture,1,738.96,5,738.96,36.95,702.01,Apple Pay,Online,2026,9,September,1,Tuesday,False,702.01,702.01
TXN-0002561,2026-09-01,DXB-005,Dubai,CUST-02511,P001,Laptop,Electronics,1,2809.18,5,2809.18,140.46,2668.72,Cash,Store,2026,9,September,1,Tuesday,False,2668.72,2668.72
TXN-0002626,2026-09-01,DXB-005,Dubai,CUST-01336,P009,Backpack,Accessories,1,223.38,10,223.38,22.34,201.04,Bank Transfer,Store,2026,9,September,1,Tuesday,False,201.04,201.04
TXN-0002679,2026-09-01,DXB-002,Dubai,CUST-01018,P012,Pen Pack,Stationery,3,13.95,10,41.85,4.18,37.67,Cash,Store,2026,9,September,1,Tuesday,False,37.67,12.56
TXN-0002719,2026-09-01,DXB-002,Dubai,CUST-00864,P002,Smartphone,Electronics,1,1866.75,5,1866.75,93.34,1773.41,Card,Store,2026,9,September,1,Tuesday,False,1773.41,1773.41
TXN-0002729,2026-09-01,DXB-001,Dubai,CUST-02026,P010,Printer,Office,1,741.62,0,741.62,0.0,741.62,Card,Store,2026,9,September,1,Tuesday,False,741.62,741.62
TXN-0002737,2026-09-01,DXB-003,Dubai,CUST-07460,P009,Backpack,Accessories,5,229.67,5,1148.35,57.42,1090.93,Cash,Online,2026,9,September,1,Tuesday,False,1090.93,218.19
TXN-0002753,2026-09-01,DXB-004,Dubai,CUST-07265,P006,Mouse,Accessories,2,107.92,15,215.84,32.38,183.46,Card,Store,2026,9,September,1,Tuesday,False,183.46,91.73
TXN-0002947,2026-09-01,DXB-001,Dubai,CUST-05308,P014,Power Bank,Electronics,3,154.94,5,464.82,23.24,441.58,Cash,Store,2026,9,September,1,Tuesday,False,441.58,147.19
TXN-0003075,2026-09-01,DXB-003,Dubai,CUST-01795,P011,Notebook,Stationery,1,24.22,0,24.22,0.0,24.22,Cash,Online,2026,9,September,1,Tuesday,False,24.22,24.22
TXN-0003137,2026-09-01,DXB-001,Dubai,CUST-06429,P008,Desk,Furniture,1,761.2,10,761.2,76.12,685.08,Card,Store,2026,9,September,1,Tuesday,False,685.08,685.08
TXN-0003227,2026-09-01,DXB-002,Dubai,CUST-06115,P015,Tablet,Electronics,1,1146.91,5,1146.91,57.35,1089.56,Cash,Store,2026,9,September,1,Tuesday,False,1089.56,1089.56
TXN-0003378,2026-09-01,DXB-003,Dubai,CUST-02969,P002,Smartphone,Electronics,1,1722.63,5,1722.63,86.13,1636.5,Cash,Online,2026,9,September,1,Tuesday,False,1636.5,1636.5
TXN-0003512,2026-09-01,DXB-005,Dubai,CUST-03428,P004,Monitor,Electronics,1,920.05,15,920.05,138.01,782.04,Card,Online,2026,9,September,1,Tuesday,False,782.04,782.04
TXN-0003542,2026-09-01,DXB-001,Dubai,CUST-06904,P001,Laptop,Electronics,2,2725.77,10,5451.54,545.15,4906.39,Card,Online,2026,9,September,1,Tuesday,False,4906.39,2453.2
TXN-0003667,2026-09-01,DXB-005,Dubai,CUST-01750,P015,Tablet,Electronics,1,1254.77,5,1254.77,62.74,1192.03,Card,Online,2026,9,September,1,Tuesday,False,1192.03,1192.03
TXN-0003673,2026-09-01,DXB-005,Dubai,CUST-04185,P011,Notebook,Stationery,3,24.79,0,74.37,0.0,74.37,Cash,Store,2026,9,September,1,Tuesday,False,74.37,24.79
TXN-0003722,2026-09-01,DXB-003,Dubai,CUST-02443,P014,Power Bank,Electronics,2,152.15,15,304.3,45.64,258.66,Card,Store,2026,9,September,1,Tuesday,False,258.66,129.33
TXN-0003751,2026-09-01,DXB-002,Dubai,CUST-00282,P010,Printer,Office,1,622.56,0,622.56,0.0,622.56,Bank Transfer,Online,2026,9,September,1,Tuesday,False,622.56,622.56
TXN-0003763,2026-09-01,DXB-003,Dubai,CUST-07403,P006,Mouse,Accessories,1,101.82,0,101.82,0.0,101.82,Bank Transfer,Store,2026,9,September,1,Tuesday,False,101.82,101.82
TXN-0003802,2026-09-01,DXB-003,Dubai,CUST-05102,P009,Backpack,Accessories,3,234.62,15,703.86,105.58,598.28,Apple Pay,Online,2026,9,September,1,Tuesday,False,598.28,199.43
TXN-0003883,2026-09-01,DXB-004,Dubai,CUST-05345,P001,Laptop,Electronics,2,2990.73,10,5981.46,598.15,5383.31,Card,Store,2026,9,September,1,Tuesday,False,5383.31,2691.66
TXN-0003969,2026-09-01,DXB-002,Dubai,CUST-07079,P012,Pen Pack,Stationery,3,15.82,0,47.46,0.0,47.46,Card,Store,2026,9,September,1,Tuesday,False,47.46,15.82
TXN-0004365,2026-09-01,DXB-004,Dubai,CUST-04519,P015,Tablet,Electronics,1,1227.4,0,1227.4,0.0,1227.4,Apple Pay,Store,2026,9,September,1,Tuesday,False,1227.4,1227.4
TXN-0004376,2026-09-01,DXB-001,Dubai,CUST-02216,P015,Tablet,Electronics,1,1173.7,0,1173.7,0.0,1173.7,Card,Store,2026,9,September,1,Tuesday,False,1173.7,1173.7
TXN-0004412,2026-09-01,DXB-001,Dubai,CUST-04968,P009,Backpack,Accessories,3,229.41,0,688.23,0.0,688.23,Apple Pay,Store,2026,9,September,1,Tuesday,False,688.23,229.41
TXN-0004435,2026-09-01,DXB-004,Dubai,CUST-00623,P001,Laptop,Electronics,1,2843.22,10,2843.22,284.32,2558.9,Card,Store,2026,9,September,1,Tuesday,False,2558.9,2558.9
TXN-0004457,2026-09-01,DXB-005,Dubai,CUST-02155,P009,Backpack,Accessories,1,221.43,0,221.43,0.0,221.43,Card,Store,2026,9,September,1,Tuesday,False,221.43,221.43
TXN-0004463,2026-09-01,DXB-001,Dubai,CUST-01664,P014,Power Bank,Electronics,3,150.77,0,452.31,0.0,452.31,Card,Online,2026,9,September,1,Tuesday,False,452.31,150.77
TXN-0004508,2026-09-01,DXB-002,Dubai,CUST-07566,P013,USB Drive,Accessories,1,45.5,10,45.5,4.55,40.95,Apple Pay,Online,2026,9,September,1,Tuesday,False,40.95,40.95
TXN-0004547,2026-09-01,DXB-005,Dubai,CUST-00771,P014,Power Bank,Electronics,1,140.36,5,140.36,7.02,133.34,Bank Transfer,Online,2026,9,September,1,Tuesday,False,133.34,133.34
TXN-0004585,2026-09-01,DXB-003,Dubai,CUST-04086,P001,Laptop,Electronics,4,2450.22,15,9800.88,1470.13,8330.75,Card,Store,2026,9,September,1,Tuesday,False,8330.75,2082.69
TXN-0004662,2026-09-01,DXB-001,Dubai,CUST-04755,P003,Headphones,Electronics,4,340.92,10,1363.68,136.37,1227.31,Card,Store,2026,9,September,1,Tuesday,False,1227.31,306.83
TXN-0004757,2026-09-01,DXB-002,Dubai,CUST-07474,P009,Backpack,Accessories,1,219.52,10,219.52,21.95,197.57,Bank Transfer,Online,2026,9,September,1,Tuesday,False,197.57,197.57
TXN-0004782,2026-09-01,DXB-002,Dubai,CUST-04272,P011,Notebook,Stationery,5,26.03,5,130.15,6.51,123.64,Card,Store,2026,9,September,1,Tuesday,False,123.64,24.73
TXN-0004866,2026-09-01,DXB-003,Dubai,CUST-02443,P009,Backpack,Accessories,2,230.23,5,460.46,23.02,437.44,Cash,Store,2026,9,September,1,Tuesday,False,437.44,218.72
TXN-0004874,2026-09-01,DXB-004,Dubai,CUST-02470,P006,Mouse,Accessories,3,102.39,15,307.17,46.08,261.09,Cash,Store,2026,9,September,1,Tuesday,False,261.09,87.03
TXN-0004898,2026-09-01,DXB-003,Dubai,CUST-00823,P004,Monitor,Electronics,1,862.19,0,862.19,0.0,862.19,Apple Pay,Store,2026,9,September,1,Tuesday,False,862.19,862.19
TXN-0004900,2026-09-01,DXB-002,Dubai,CUST-00022,P002,Smartphone,Electronics,2,1613.55,0,3227.1,0.0,3227.1,Card,Store,2026,9,September,1,Tuesday,False,3227.1,1613.55
TXN-0004928,2026-09-01,DXB-004,Dubai,CUST-04419,P007,Office Chair,Furniture,2,668.54,15,1337.08,200.56,1136.52,Card,Store,2026,9,September,1,Tuesday,False,1136.52,568.26
TXN-0004938,2026-09-01,DXB-004,Dubai,CUST-04154,P010,Printer,Office,1,642.2,20,642.2,128.44,513.76,Apple Pay,Store,2026,9,September,1,Tuesday,False,513.76,513.76
TXN-0005072,2026-09-01,DXB-001,Dubai,CUST-00998,P014,Power Bank,Electronics,4,147.05,20,588.2,117.64,470.56,Card,Store,2026,9,September,1,Tuesday,False,470.56,117.64
TXN-0005247,2026-09-01,DXB-004,Dubai,CUST-05176,P008,Desk,Furniture,1,785.21,15,785.21,117.78,667.43,Bank Transfer,Online,2026,9,September,1,Tuesday,False,667.43,667.43
TXN-0005263,2026-09-01,DXB-002,Dubai,CUST-07955,P007,Office Chair,Furniture,3,578.15,5,1734.45,86.72,1647.73,Cash,Online,2026,9,September,1,Tuesday,False,1647.73,549.24
TXN-0005286,2026-09-01,DXB-002,Dubai,CUST-05937,P004,Monitor,Electronics,1,903.29,0,903.29,0.0,903.29,Card,Store,2026,9,September,1,Tuesday,False,903.29,903.29
TXN-0005338,2026-09-01,DXB-004,Dubai,CUST-02997,P002,Smartphone,Electronics,3,2125.08,0,6375.24,0.0,6375.24,Card,Store,2026,9,September,1,Tuesday,False,6375.24,2125.08
TXN-0005350,2026-09-01,DXB-002,Dubai,CUST-01068,P015,Tablet,Electronics,1,1199.36,0,1199.36,0.0,1199.36,Apple Pay,Store,2026,9,September,1,Tuesday,False,1199.36,1199.36
TXN-0005363,2026-09-01,DXB-001,Dubai,CUST-01588,P015,Tablet,Electronics,4,1192.84,5,4771.36,238.57,4532.79,Bank Transfer,Online,2026,9,September,1,Tuesday,False,4532.79,1133.2
TXN-0005368,2026-09-01,DXB-001,Dubai,CUST-07234,P003,Headphones,Electronics,5,355.0,0,1775.0,0.0,1775.0,Bank Transfer,Store,2026,9,September,1,Tuesday,False,1775.0,355.0
TXN-0005480,2026-09-01,DXB-004,Dubai,CUST-02920,P015,Tablet,Electronics,1,1151.12,15,1151.12,172.67,978.45,Cash,Online,2026,9,September,1,Tuesday,False,978.45,978.45
TXN-0005527,2026-09-01,DXB-005,Dubai,CUST-00575,P010,Printer,Office,2,647.98,0,1295.96,0.0,1295.96,Card,Online,2026,9,September,1,Tuesday,False,1295.96,647.98
TXN-0005531,2026-09-01,DXB-004,Dubai,CUST-00685,P015,Tablet,Electronics,1,1269.41,0,1269.41,0.0,1269.41,Card,Online,2026,9,September,1,Tuesday,False,1269.41,1269.41
TXN-0005577,2026-09-01,DXB-003,Dubai,CUST-05356,P004,Monitor,Electronics,1,848.87,0,848.87,0.0,848.87,Card,Store,2026,9,September,1,Tuesday,False,848.87,848.87
TXN-0005592,2026-09-01,DXB-001,Dubai,CUST-04979,P004,Monitor,Electronics,3,865.53,5,2596.59,129.83,2466.76,Card,Store,2026,9,September,1,Tuesday,False,2466.76,822.25
TXN-0005692,2026-09-01,DXB-001,Dubai,CUST-01238,P013,USB Drive,Accessories,3,47.87,20,143.61,28.72,114.89,Bank Transfer,Store,2026,9,September,1,Tuesday,False,114.89,38.3
TXN-0005695,2026-09-01,DXB-005,Dubai,CUST-01698,P012,Pen Pack,Stationery,1,13.98,0,13.98,0.0,13.98,Bank Transfer,Store,2026,9,September,1,Tuesday,False,13.98,13.98
TXN-0005852,2026-09-01,DXB-003,Dubai,CUST-00731,P003,Headphones,Electronics,1,355.28,10,355.28,35.53,319.75,Cash,Store,2026,9,September,1,Tuesday,False,319.75,319.75
TXN-0005856,2026-09-01,DXB-004,Dubai,CUST-03908,P012,Pen Pack,Stationery,1,14.07,10,14.07,1.41,12.66,Card,Store,2026,9,September,1,Tuesday,False,12.66,12.66
TXN-0005863,2026-09-01,DXB-001,Dubai,CUST-06181,P014,Power Bank,Electronics,1,131.19,0,131.19,0.0,131.19,Card,Store,2026,9,September,1,Tuesday,False,131.19,131.19
TXN-0005928,2026-09-01,DXB-005,Dubai,CUST-06380,P006,Mouse,Accessories,1,106.06,0,106.06,0.0,106.06,Bank Transfer,Store,2026,9,September,1,Tuesday,False,106.06,106.06
TXN-0006014,2026-09-01,DXB-001,Dubai,CUST-05604,P001,Laptop,Electronics,3,2727.75,10,8183.25,818.32,7364.93,Cash,Online,2026,9,September,1,Tuesday,False,7364.93,2454.98
TXN-0006037,2026-09-01,DXB-002,Dubai,CUST-05727,P009,Backpack,Accessories,4,225.86,15,903.44,135.52,767.92,Bank Transfer,Store,2026,9,September,1,Tuesday,False,767.92,191.98
TXN-0006079,2026-09-01,DXB-005,Dubai,CUST-04608,P002,Smartphone,Electronics,2,1809.67,15,3619.34,542.9,3076.44,Cash,Store,2026,9,September,1,Tuesday,False,3076.44,1538.22
TXN-0006213,2026-09-01,DXB-004,Dubai,CUST-01458,P015,Tablet,Electronics,1,1177.47,5,1177.47,58.87,1118.6,Card,Store,2026,9,September,1,Tuesday,False,1118.6,1118.6
TXN-0006379,2026-09-01,DXB-001,Dubai,CUST-06618,P004,Monitor,Electronics,1,989.11,5,989.11,49.46,939.65,Cash,Store,2026,9,September,1,Tuesday,False,939.65,939.65
TXN-0006395,2026-09-01,DXB-005,Dubai,CUST-03146,P001,Laptop,Electronics,1,2774.1,20,2774.1,554.82,2219.28,Card,Store,2026,9,September,1,Tuesday,False,2219.28,2219.28
TXN-0006428,2026-09-01,DXB-004,Dubai,CUST-07724,P009,Backpack,Accessories,1,232.03,10,232.03,23.2,208.83,Cash,Store,2026,9,September,1,Tuesday,False,208.83,208.83
TXN-0006586,2026-09-01,DXB-001,Dubai,CUST-07389,P001,Laptop,Electronics,2,2679.94,5,5359.88,267.99,5091.89,Card,Store,2026,9,September,1,Tuesday,False,5091.89,2545.95
TXN-0006659,2026-09-01,DXB-004,Dubai,CUST-00936,P003,Headphones,Electronics,4,341.23,5,1364.92,68.25,1296.67,Card,Store,2026,9,September,1,Tuesday,False,1296.67,324.17
TXN-0006696,2026-09-01,DXB-004,Dubai,CUST-05058,P013,USB Drive,Accessories,2,45.5,10,91.0,9.1,81.9,Card,Online,2026,9,September,1,Tuesday,False,81.9,40.95
TXN-0006726,2026-09-01,DXB-004,Dubai,CUST-01618,P014,Power Bank,Electronics,4,147.09,0,588.36,0.0,588.36,Card,Online,2026,9,September,1,Tuesday,False,588.36,147.09
TXN-0006733,2026-09-01,DXB-004,Dubai,CUST-02221,P004,Monitor,Electronics,3,901.65,15,2704.95,405.74,2299.21,Card,Store,2026,9,September,1,Tuesday,False,2299.21,766.4
TXN-0006982,2026-09-01,DXB-001,Dubai,CUST-02333,P002,Smartphone,Electronics,3,1738.01,5,5214.03,260.7,4953.33,Card,Store,2026,9,September,1,Tuesday,False,4953.33,1651.11
TXN-0007076,2026-09-01,DXB-003,Dubai,CUST-03662,P001,Laptop,Electronics,1,3057.73,5,3057.73,152.89,2904.84,Cash,Store,2026,9,September,1,Tuesday,False,2904.84,2904.84
TXN-0007167,2026-09-01,DXB-002,Dubai,CUST-05957,P012,Pen Pack,Stationery,1,15.62,5,15.62,0.78,14.84,Apple Pay,Online,2026,9,September,1,Tuesday,False,14.84,14.84
TXN-0007231,2026-09-01,DXB-001,Dubai,CUST-01633,P013,USB Drive,Accessories,1,49.54,15,49.54,7.43,42.11,Cash,Online,2026,9,September,1,Tuesday,False,42.11,42.11
TXN-0007270,2026-09-01,DXB-003,Dubai,CUST-04748,P007,Office Chair,Furniture,2,625.29,5,1250.58,62.53,1188.05,Card,Store,2026,9,September,1,Tuesday,False,1188.05,594.02
TXN-0007340,2026-09-01,DXB-003,Dubai,CUST-04061,P012,Pen Pack,Stationery,2,14.41,5,28.82,1.44,27.38,Apple Pay,Online,2026,9,September,1,Tuesday,False,27.38,13.69
TXN-0007427,2026-09-01,DXB-004,Dubai,CUST-06474,P002,Smartphone,Electronics,2,1710.42,10,3420.84,342.08,3078.76,Card,Store,2026,9,September,1,Tuesday,False,3078.76,1539.38
TXN-0007439,2026-09-01,DXB-003,Dubai,CUST-05984,P014,Power Bank,Electronics,6,148.58,0,891.48,0.0,891.48,Apple Pay,Store,2026,9,September,1,Tuesday,False,891.48,148.58
TXN-0007468,2026-09-01,DXB-001,Dubai,CUST-03873,P006,Mouse,Accessories,1,108.35,0,108.35,0.0,108.35,Card,Store,2026,9,September,1,Tuesday,False,108.35,108.35
TXN-0007499,2026-09-01,DXB-001,Dubai,CUST-02447,P007,Office Chair,Furniture,4,668.22,10,2672.88,267.29,2405.59,Card,Online,2026,9,September,1,Tuesday,False,2405.59,601.4
TXN-0007749,2026-09-01,DXB-001,Dubai,CUST-00378,P011,Notebook,Stationery,1,23.11,10,23.11,2.31,20.8,Cash,Store,2026,9,September,1,Tuesday,False,20.8,20.8
TXN-0007773,2026-09-01,DXB-003,Dubai,CUST-05532,P004,Monitor,Electronics,1,987.4,15,987.4,148.11,839.29,Apple Pay,Store,2026,9,September,1,Tuesday,False,839.29,839.29
TXN-0007864,2026-09-01,DXB-005,Dubai,CUST-02156,P003,Headphones,Electronics,1,328.91,0,328.91,0.0,328.91,Bank Transfer,Store,2026,9,September,1,Tuesday,False,328.91,328.91
TXN-0007949,2026-09-01,DXB-003,Dubai,CUST-00036,P012,Pen Pack,Stationery,3,16.98,0,50.94,0.0,50.94,Bank Transfer,Store,2026,9,September,1,Tuesday,False,50.94,16.98
TXN-0007966,2026-09-01,DXB-001,Dubai,CUST-04519,P001,Laptop,Electronics,6,2803.38,10,16820.28,1682.03,15138.25,Card,Store,2026,9,September,1,Tuesday,False,15138.25,2523.04
TXN-0008128,2026-09-01,DXB-003,Dubai,CUST-06551,P010,Printer,Office,3,731.76,0,2195.28,0.0,2195.28,Cash,Store,2026,9,September,1,Tuesday,False,2195.28,731.76
TXN-0008185,2026-09-01,DXB-003,Dubai,CUST-06137,P001,Laptop,Electronics,1,3063.49,5,3063.49,153.17,2910.32,Cash,Store,2026,9,September,1,Tuesday,False,2910.32,2910.32
TXN-0008194,2026-09-01,DXB-002,Dubai,CUST-00047,P010,Printer,Office,1,762.37,10,762.37,76.24,686.13,Card,Store,2026,9,September,1,Tuesday,False,686.13,686.13
TXN-0008203,2026-09-01,DXB-002,Dubai,CUST-07844,P014,Power Bank,Electronics,1,151.38,15,151.38,22.71,128.67,Bank Transfer,Store,2026,9,September,1,Tuesday,False,128.67,128.67
TXN-0008217,2026-09-01,DXB-002,Dubai,CUST-03428,P004,Monitor,Electronics,1,1001.39,0,1001.39,0.0,1001.39,Card,Store,2026,9,September,1,Tuesday,False,1001.39,1001.39
TXN-0008234,2026-09-01,DXB-002,Dubai,CUST-05137,P003,Headphones,Electronics,1,339.16,10,339.16,33.92,305.24,Card,Online,2026,9,September,1,Tuesday,False,305.24,305.24
TXN-0008310,2026-09-01,DXB-001,Dubai,CUST-00904,P006,Mouse,Accessories,1,99.99,20,99.99,20.0,79.99,Cash,Store,2026,9,September,1,Tuesday,False,79.99,79.99
TXN-0008521,2026-09-01,DXB-004,Dubai,CUST-05453,P002,Smartphone,Electronics,1,1963.3,15,1963.3,294.5,1668.8,Card,Store,2026,9,September,1,Tuesday,False,1668.8,1668.8
TXN-0008559,2026-09-01,DXB-002,Dubai,CUST-02350,P002,Smartphone,Electronics,5,1887.58,0,9437.9,0.0,9437.9,Bank Transfer,Store,2026,9,September,1,Tuesday,False,9437.9,1887.58
TXN-0008577,2026-09-01,DXB-004,Dubai,CUST-07234,P012,Pen Pack,Stationery,1,14.12,10,14.12,1.41,12.71,Cash,Store,2026,9,September,1,Tuesday,False,12.71,12.71
TXN-0008588,2026-09-01,DXB-001,Dubai,CUST-01226,P009,Backpack,Accessories,2,237.88,10,475.76,47.58,428.18,Apple Pay,Online,2026,9,September,1,Tuesday,False,428.18,214.09
TXN-0008596,2026-09-01,DXB-001,Dubai,CUST-06138,P007,Office Chair,Furniture,1,664.17,0,664.17,0.0,664.17,Card,Online,2026,9,September,1,Tuesday,False,664.17,664.17
TXN-0008641,2026-09-01,DXB-001,Dubai,CUST-02632,P010,Printer,Office,1,704.7,0,704.7,0.0,704.7,Apple Pay,Store,2026,9,September,1,Tuesday,False,704.7,704.7
TXN-0008679,2026-09-01,DXB-005,Dubai,CUST-06622,P004,Monitor,Electronics,2,839.68,10,1679.36,167.94,1511.42,Apple Pay,Store,2026,9,September,1,Tuesday,False,1511.42,755.71
TXN-0008707,2026-09-01,DXB-004,Dubai,CUST-00055,P003,Headphones,Electronics,2,365.49,0,730.98,0.0,730.98,Card,Online,2026,9,September,1,Tuesday,False,730.98,365.49
TXN-0008736,2026-09-01,DXB-005,Dubai,CUST-06670,P003,Headphones,Electronics,2,388.59,5,777.18,38.86,738.32,Card,Store,2026,9,September,1,Tuesday,False,738.32,369.16
TXN-0008750,2026-09-01,DXB-002,Dubai,CUST-00140,P001,Laptop,Electronics,6,2851.48,5,17108.88,855.44,16253.44,Apple Pay,Store,2026,9,September,1,Tuesday,False,16253.44,2708.91
TXN-0008780,2026-09-01,DXB-001,Dubai,CUST-02169,P003,Headphones,Electronics,1,338.27,5,338.27,16.91,321.36,Apple Pay,Online,2026,9,September,1,Tuesday,False,321.36,321.36
TXN-0008850,2026-09-01,DXB-004,Dubai,CUST-03603,P002,Smartphone,Electronics,1,1719.8,0,1719.8,0.0,1719.8,Cash,Store,2026,9,September,1,Tuesday,False,1719.8,1719.8
TXN-0008870,2026-09-01,DXB-005,Dubai,CUST-00407,P005,Keyboard,Accessories,1,171.84,5,171.84,8.59,163.25,Card,Online,2026,9,September,1,Tuesday,False,163.25,163.25
TXN-0008916,2026-09-01,DXB-002,Dubai,CUST-05843,P004,Monitor,Electronics,2,879.57,20,1759.14,351.83,1407.31,Apple Pay,Store,2026,9,September,1,Tuesday,False,1407.31,703.66
TXN-0009022,2026-09-01,DXB-002,Dubai,CUST-00234,P007,Office Chair,Furniture,1,609.97,0,609.97,0.0,609.97,Apple Pay,Online,2026,9,September,1,Tuesday,False,609.97,609.97
TXN-0009029,2026-09-01,DXB-005,Dubai,CUST-00611,P002,Smartphone,Electronics,4,1895.57,10,7582.28,758.23,6824.05,Cash,Store,2026,9,September,1,Tuesday,False,6824.05,1706.01
TXN-0009140,2026-09-01,DXB-004,Dubai,CUST-02740,P007,Office Chair,Furniture,1,648.52,20,648.52,129.7,518.82,Apple Pay,Online,2026,9,September,1,Tuesday,False,518.82,518.82
TXN-0009159,2026-09-01,DXB-005,Dubai,CUST-05075,P007,Office Chair,Furniture,1,641.28,5,641.28,32.06,609.22,Card,Store,2026,9,September,1,Tuesday,False,609.22,609.22
TXN-0009233,2026-09-01,DXB-005,Dubai,CUST-02281,P006,Mouse,Accessories,1,105.64,15,105.64,15.85,89.79,Card,Store,2026,9,September,1,Tuesday,False,89.79,89.79
TXN-0009318,2026-09-01,DXB-001,Dubai,CUST-04448,P004,Monitor,Electronics,1,989.06,5,989.06,49.45,939.61,Apple Pay,Store,2026,9,September,1,Tuesday,False,939.61,939.61
TXN-0009330,2026-09-01,DXB-005,Dubai,CUST-05031,P001,Laptop,Electronics,2,2845.7,5,5691.4,284.57,5406.83,Card,Store,2026,9,September,1,Tuesday,False,5406.83,2703.42
TXN-0009436,2026-09-01,DXB-001,Dubai,CUST-07402,P010,Printer,Office,1,687.14,0,687.14,0.0,687.14,Apple Pay,Store,2026,9,September,1,Tuesday,False,687.14,687.14
TXN-0009481,2026-09-01,DXB-004,Dubai,CUST-01944,P011,Notebook,Stationery,1,23.51,10,23.51,2.35,21.16,Bank Transfer,Online,2026,9,September,1,Tuesday,False,21.16,21.16
TXN-0009495,2026-09-01,DXB-005,Dubai,CUST-00460,P001,Laptop,Electronics,1,2669.94,20,2669.94,533.99,2135.95,Bank Transfer,Online,2026,9,September,1,Tuesday,False,2135.95,2135.95
TXN-0009568,2026-09-01,DXB-003,Dubai,CUST-01864,P009,Backpack,Accessories,1,210.16,5,210.16,10.51,199.65,Card,Store,2026,9,September,1,Tuesday,False,199.65,199.65
TXN-0009620,2026-09-01,DXB-003,Dubai,CUST-02070,P015,Tablet,Electronics,1,1262.85,10,1262.85,126.28,1136.57,Card,Store,2026,9,September,1,Tuesday,False,1136.57,1136.57
TXN-0009693,2026-09-01,DXB-001,Dubai,CUST-05965,P012,Pen Pack,Stationery,1,15.13,10,15.13,1.51,13.62,Card,Store,2026,9,September,1,Tuesday,False,13.62,13.62
TXN-0009748,2026-09-01,DXB-002,Dubai,CUST-07498,P010,Printer,Office,2,735.72,5,1471.44,73.57,1397.87,Cash,Online,2026,9,September,1,Tuesday,False,1397.87,698.94
TXN-0009755,2026-09-01,DXB-002,Dubai,CUST-02365,P011,Notebook,Stationery,1,26.39,10,26.39,2.64,23.75,Card,Store,2026,9,September,1,Tuesday,False,23.75,23.75
TXN-0009837,2026-09-01,DXB-004,Dubai,CUST-06311,P006,Mouse,Accessories,1,91.33,0,91.33,0.0,91.33,Apple Pay,Store,2026,9,September,1,Tuesday,False,91.33,91.33
TXN-0009901,2026-09-01,DXB-003,Dubai,CUST-05249,P008,Desk,Furniture,3,850.21,0,2550.63,0.0,2550.63,Apple Pay,Store,2026,9,September,1,Tuesday,False,2550.63,850.21
TXN-0009937,2026-09-01,DXB-004,Dubai,CUST-06284,P007,Office Chair,Furniture,2,595.01,10,1190.02,119.0,1071.02,Apple Pay,Store,2026,9,September,1,Tuesday,False,1071.02,535.51
TXN-0009950,2026-09-01,DXB-004,Dubai,CUST-05388,P007,Office Chair,Furniture,2,607.29,5,1214.58,60.73,1153.85,Card,Online,2026,9,September,1,Tuesday,False,1153.85,576.92
TXN-0010058,2026-09-01,DXB-001,Dubai,CUST-02113,P007,Office Chair,Furniture,1,659.68,5,659.68,32.98,626.7,Bank Transfer,Store,2026,9,September,1,Tuesday,False,626.7,626.7
TXN-0010164,2026-09-01,DXB-001,Dubai,CUST-00262,P008,Desk,Furniture,3,712.79,15,2138.37,320.76,1817.61,Cash,Store,2026,9,September,1,Tuesday,False,1817.61,605.87
TXN-0010217,2026-09-01,DXB-001,Dubai,CUST-00283,P013,USB Drive,Accessories,1,45.77,0,45.77,0.0,45.77,Apple Pay,Store,2026,9,September,1,Tuesday,False,45.77,45.77
TXN-0010251,2026-09-01,DXB-002,Dubai,CUST-04208,P014,Power Bank,Electronics,3,137.98,10,413.94,41.39,372.55,Card,Store,2026,9,September,1,Tuesday,False,372.55,124.18
TXN-0010297,2026-09-01,DXB-001,Dubai,CUST-03403,P001,Laptop,Electronics,1,2420.07,10,2420.07,242.01,2178.06,Bank Transfer,Store,2026,9,September,1,Tuesday,False,2178.06,2178.06
TXN-0010316,2026-09-01,DXB-003,Dubai,CUST-06709,P009,Backpack,Accessories,2,221.99,10,443.98,44.4,399.58,Card,Online,2026,9,September,1,Tuesday,False,399.58,199.79
TXN-0010365,2026-09-01,DXB-001,Dubai,CUST-05206,P009,Backpack,Accessories,2,241.46,0,482.92,0.0,482.92,Bank Transfer,Online,2026,9,September,1,Tuesday,False,482.92,241.46
TXN-0010431,2026-09-01,DXB-001,Dubai,CUST-04032,P007,Office Chair,Furniture,2,601.81,0,1203.62,0.0,1203.62,Apple Pay,Store,2026,9,September,1,Tuesday,False,1203.62,601.81
TXN-0010511,2026-09-01,DXB-003,Dubai,CUST-07288,P010,Printer,Office,1,709.22,5,709.22,35.46,673.76,Cash,Online,2026,9,September,1,Tuesday,False,673.76,673.76
TXN-0010524,2026-09-01,DXB-001,Dubai,CUST-04821,P006,Mouse,Accessories,3,105.41,10,316.23,31.62,284.61,Card,Store,2026,9,September,1,Tuesday,False,284.61,94.87
TXN-0010554,2026-09-01,DXB-001,Dubai,CUST-02068,P008,Desk,Furniture,1,825.59,0,825.59,0.0,825.59,Card,Online,2026,9,September,1,Tuesday,False,825.59,825.59
TXN-0010592,2026-09-01,DXB-003,Dubai,CUST-05298,P015,Tablet,Electronics,2,1260.84,20,2521.68,504.34,2017.34,Card,Store,2026,9,September,1,Tuesday,False,2017.34,1008.67
TXN-0010615,2026-09-01,DXB-004,Dubai,CUST-07591,P005,Keyboard,Accessories,1,184.89,15,184.89,27.73,157.16,Apple Pay,Store,2026,9,September,1,Tuesday,False,157.16,157.16
TXN-0010661,2026-09-01,DXB-004,Dubai,CUST-04369,P001,Laptop,Electronics,1,2711.61,15,2711.61,406.74,2304.87,Card,Online,2026,9,September,1,Tuesday,False,2304.87,2304.87
TXN-0010688,2026-09-01,DXB-005,Dubai,CUST-02047,P004,Monitor,Electronics,2,841.54,5,1683.08,84.15,1598.93,Card,Store,2026,9,September,1,Tuesday,False,1598.93,799.46
TXN-0010747,2026-09-01,DXB-004,Dubai,CUST-05878,P005,Keyboard,Accessories,1,184.68,10,184.68,18.47,166.21,Card,Store,2026,9,September,1,Tuesday,False,166.21,166.21
TXN-0010759,2026-09-01,DXB-001,Dubai,CUST-06116,P012,Pen Pack,Stationery,2,16.79,5,33.58,1.68,31.9,Bank Transfer,Store,2026,9,September,1,Tuesday,False,31.9,15.95
TXN-0010904,2026-09-01,DXB-002,Dubai,CUST-02084,P012,Pen Pack,Stationery,2,16.21,20,32.42,6.48,25.94,Apple Pay,Store,2026,9,September,1,Tuesday,False,25.94,12.97
TXN-0011020,2026-09-01,DXB-004,Dubai,CUST-03130,P004,Monitor,Electronics,1,916.53,15,916.53,137.48,779.05,Cash,Store,2026,9,September,1,Tuesday,False,779.05,779.05
TXN-0011091,2026-09-01,DXB-004,Dubai,CUST-03490,P003,Headphones,Electronics,1,347.46,10,347.46,34.75,312.71,Card,Store,2026,9,September,1,Tuesday,False,312.71,312.71
TXN-0011177,2026-09-01,DXB-001,Dubai,CUST-07985,P006,Mouse,Accessories,2,107.74,20,215.48,43.1,172.38,Apple Pay,Store,2026,9,September,1,Tuesday,False,172.38,86.19
TXN-0011186,2026-09-01,DXB-003,Dubai,CUST-07328,P015,Tablet,Electronics,1,1234.58,15,1234.58,185.19,1049.39,Card,Store,2026,9,September,1,Tuesday,False,1049.39,1049.39
TXN-0011187,2026-09-01,DXB-004,Dubai,CUST-04591,P001,Laptop,Electronics,1,2719.45,5,2719.45,135.97,2583.48,Apple Pay,Online,2026,9,September,1,Tuesday,False,2583.48,2583.48
TXN-0011198,2026-09-01,DXB-003,Dubai,CUST-05233,P014,Power Bank,Electronics,1,151.21,0,151.21,0.0,151.21,Cash,Store,2026,9,September,1,Tuesday,False,151.21,151.21
TXN-0011294,2026-09-01,DXB-004,Dubai,CUST-07807,P008,Desk,Furniture,1,808.21,0,808.21,0.0,808.21,Apple Pay,Online,2026,9,September,1,Tuesday,False,808.21,808.21
TXN-0011306,2026-09-01,DXB-005,Dubai,CUST-02218,P001,Laptop,Electronics,2,2988.64,15,5977.28,896.59,5080.69,Apple Pay,Store,2026,9,September,1,Tuesday,False,5080.69,2540.34
TXN-0011343,2026-09-01,DXB-004,Dubai,CUST-04819,P014,Power Bank,Electronics,1,135.66,10,135.66,13.57,122.09,Card,Store,2026,9,September,1,Tuesday,False,122.09,122.09
TXN-0011353,2026-09-01,DXB-004,Dubai,CUST-03730,P010,Printer,Office,2,627.74,15,1255.48,188.32,1067.16,Cash,Store,2026,9,September,1,Tuesday,False,1067.16,533.58
TXN-0011356,2026-09-01,DXB-004,Dubai,CUST-06751,P011,Notebook,Stationery,2,23.71,5,47.42,2.37,45.05,Apple Pay,Store,2026,9,September,1,Tuesday,False,45.05,22.52
TXN-0011368,2026-09-01,DXB-001,Dubai,CUST-00665,P003,Headphones,Electronics,1,347.71,5,347.71,17.39,330.32,Apple Pay,Store,2026,9,September,1,Tuesday,False,330.32,330.32
TXN-0011395,2026-09-01,DXB-003,Dubai,CUST-01688,P014,Power Bank,Electronics,1,153.95,15,153.95,23.09,130.86,Card,Store,2026,9,September,1,Tuesday,False,130.86,130.86
TXN-0011399,2026-09-01,DXB-003,Dubai,CUST-06478,P010,Printer,Office,1,701.19,5,701.19,35.06,666.13,Card,Store,2026,9,September,1,Tuesday,False,666.13,666.13
TXN-0011714,2026-09-01,DXB-004,Dubai,CUST-07989,P012,Pen Pack,Stationery,1,14.23,10,14.23,1.42,12.81,Bank Transfer,Store,2026,9,September,1,Tuesday,False,12.81,12.81
TXN-0011731,2026-09-01,DXB-004,Dubai,CUST-00824,P003,Headphones,Electronics,1,328.7,10,328.7,32.87,295.83,Cash,Online,2026,9,September,1,Tuesday,False,295.83,295.83
TXN-0011745,2026-09-01,DXB-001,Dubai,CUST-00219,P002,Smartphone,Electronics,2,1690.46,0,3380.92,0.0,3380.92,Bank Transfer,Store,2026,9,September,1,Tuesday,False,3380.92,1690.46
TXN-0011784,2026-09-01,DXB-004,Dubai,CUST-07673,P001,Laptop,Electronics,2,2835.41,5,5670.82,283.54,5387.28,Apple Pay,Store,2026,9,September,1,Tuesday,False,5387.28,2693.64
TXN-0011817,2026-09-01,DXB-002,Dubai,CUST-06965,P006,Mouse,Accessories,1,103.46,0,103.46,0.0,103.46,Card,Store,2026,9,September,1,Tuesday,False,103.46,103.46
TXN-0011994,2026-09-01,DXB-002,Dubai,CUST-07920,P003,Headphones,Electronics,1,364.98,0,364.98,0.0,364.98,Cash,Online,2026,9,September,1,Tuesday,False,364.98,364.98
TXN-0012139,2026-09-01,DXB-002,Dubai,CUST-04836,P001,Laptop,Electronics,1,2769.66,10,2769.66,276.97,2492.69,Card,Store,2026,9,September,1,Tuesday,False,2492.69,2492.69
TXN-0012355,2026-09-01,DXB-004,Dubai,CUST-02362,P006,Mouse,Accessories,1,97.52,10,97.52,9.75,87.77,Bank Transfer,Online,2026,9,September,1,Tuesday,False,87.77,87.77
TXN-0012511,2026-09-01,DXB-001,Dubai,CUST-07779,P012,Pen Pack,Stationery,2,16.56,0,33.12,0.0,33.12,Card,Store,2026,9,September,1,Tuesday,False,33.12,16.56
TXN-0012656,2026-09-01,DXB-005,Dubai,CUST-04605,P008,Desk,Furniture,3,810.95,0,2432.85,0.0,2432.85,Card,Store,2026,9,September,1,Tuesday,False,2432.85,810.95
TXN-0012679,2026-09-01,DXB-001,Dubai,CUST-07841,P008,Desk,Furniture,3,756.86,10,2270.58,227.06,2043.52,Card,Online,2026,9,September,1,Tuesday,False,2043.52,681.17
TXN-0012863,2026-09-01,DXB-003,Dubai,CUST-03143,P006,Mouse,Accessories,4,109.38,10,437.52,43.75,393.77,Card,Store,2026,9,September,1,Tuesday,False,393.77,98.44
TXN-0012880,2026-09-01,DXB-002,Dubai,CUST-03969,P006,Mouse,Accessories,1,103.15,10,103.15,10.32,92.83,Apple Pay,Store,2026,9,September,1,Tuesday,False,92.83,92.83
TXN-0012949,2026-09-01,DXB-003,Dubai,CUST-00013,P001,Laptop,Electronics,1,2717.39,0,2717.39,0.0,2717.39,Card,Store,2026,9,September,1,Tuesday,False,2717.39,2717.39
TXN-0012987,2026-09-01,DXB-002,Dubai,CUST-07795,P013,USB Drive,Accessories,2,43.98,5,87.96,4.4,83.56,Apple Pay,Online,2026,9,September,1,Tuesday,False,83.56,41.78
TXN-0013000,2026-09-01,DXB-003,Dubai,CUST-00127,P011,Notebook,Stationery,1,25.06,0,25.06,0.0,25.06,Card,Store,2026,9,September,1,Tuesday,False,25.06,25.06
TXN-0013006,2026-09-01,DXB-003,Dubai,CUST-05818,P014,Power Bank,Electronics,5,157.83,20,789.15,157.83,631.32,Card,Online,2026,9,September,1,Tuesday,False,631.32,126.26
TXN-0013018,2026-09-01,DXB-003,Dubai,CUST-05440,P005,Keyboard,Accessories,2,186.01,5,372.02,18.6,353.42,Apple Pay,Store,2026,9,September,1,Tuesday,False,353.42,176.71
TXN-0013020,2026-09-01,DXB-002,Dubai,CUST-00252,P001,Laptop,Electronics,6,2729.75,0,16378.5,0.0,16378.5,Card,Store,2026,9,September,1,Tuesday,False,16378.5,2729.75
TXN-0013076,2026-09-01,DXB-001,Dubai,CUST-07630,P002,Smartphone,Electronics,1,1768.05,15,1768.05,265.21,1502.84,Cash,Store,2026,9,September,1,Tuesday,False,1502.84,1502.84
TXN-0013117,2026-09-01,DXB-003,Dubai,CUST-01567,P014,Power Bank,Electronics,1,150.98,5,150.98,7.55,143.43,Card,Store,2026,9,September,1,Tuesday,False,143.43,143.43
TXN-0013134,2026-09-01,DXB-005,Dubai,CUST-03984,P010,Printer,Office,1,803.98,5,803.98,40.2,763.78,Apple Pay,Store,2026,9,September,1,Tuesday,False,763.78,763.78
TXN-0013241,2026-09-01,DXB-002,Dubai,CUST-01905,P001,Laptop,Electronics,2,2746.09,0,5492.18,0.0,5492.18,Card,Store,2026,9,September,1,Tuesday,False,5492.18,2746.09
TXN-0013256,2026-09-01,DXB-004,Dubai,CUST-01992,P010,Printer,Office,1,680.25,0,680.25,0.0,680.25,Bank Transfer,Online,2026,9,September,1,Tuesday,False,680.25,680.25
TXN-0013268,2026-09-01,DXB-002,Dubai,CUST-05356,P003,Headphones,Electronics,1,327.39,10,327.39,32.74,294.65,Card,Online,2026,9,September,1,Tuesday,False,294.65,294.65
TXN-0013303,2026-09-01,DXB-002,Dubai,CUST-04430,P011,Notebook,Stationery,1,24.52,10,24.52,2.45,22.07,Card,Store,2026,9,September,1,Tuesday,False,22.07,22.07
TXN-0013361,2026-09-01,DXB-004,Dubai,CUST-00767,P015,Tablet,Electronics,1,1174.43,5,1174.43,58.72,1115.71,Card,Store,2026,9,September,1,Tuesday,False,1115.71,1115.71
TXN-0013381,2026-09-01,DXB-001,Dubai,CUST-07934,P011,Notebook,Stationery,1,26.22,10,26.22,2.62,23.6,Apple Pay,Store,2026,9,September,1,Tuesday,False,23.6,23.6
TXN-0013417,2026-09-01,DXB-004,Dubai,CUST-01577,P001,Laptop,Electronics,2,2903.17,5,5806.34,290.32,5516.02,Card,Store,2026,9,September,1,Tuesday,False,5516.02,2758.01
TXN-0013460,2026-09-01,DXB-001,Dubai,CUST-06484,P014,Power Bank,Electronics,1,147.72,0,147.72,0.0,147.72,Card,Store,2026,9,September,1,Tuesday,False,147.72,147.72
TXN-0013524,2026-09-01,DXB-002,Dubai,CUST-05137,P015,Tablet,Electronics,2,1162.47,0,2324.94,0.0,2324.94,Card,Store,2026,9,September,1,Tuesday,False,2324.94,1162.47
TXN-0013544,2026-09-01,DXB-004,Dubai,CUST-06700,P008,Desk,Furniture,1,750.78,5,750.78,37.54,713.24,Cash,Store,2026,9,September,1,Tuesday,False,713.24,713.24
TXN-0013565,2026-09-01,DXB-001,Dubai,CUST-03551,P010,Printer,Office,1,750.18,15,750.18,112.53,637.65,Card,Store,2026,9,September,1,Tuesday,False,637.65,637.65
TXN-0013569,2026-09-01,DXB-001,Dubai,CUST-01597,P007,Office Chair,Furniture,1,606.73,10,606.73,60.67,546.06,Apple Pay,Online,2026,9,September,1,Tuesday,False,546.06,546.06
TXN-0013588,2026-09-01,DXB-004,Dubai,CUST-01214,P004,Monitor,Electronics,1,864.17,5,864.17,43.21,820.96,Card,Store,2026,9,September,1,Tuesday,False,820.96,820.96
TXN-0013635,2026-09-01,DXB-001,Dubai,CUST-05660,P011,Notebook,Stationery,4,26.77,0,107.08,0.0,107.08,Apple Pay,Store,2026,9,September,1,Tuesday,False,107.08,26.77
TXN-0013650,2026-09-01,DXB-004,Dubai,CUST-06664,P001,Laptop,Electronics,2,3009.73,0,6019.46,0.0,6019.46,Apple Pay,Online,2026,9,September,1,Tuesday,False,6019.46,3009.73
TXN-0013663,2026-09-01,DXB-001,Dubai,CUST-02074,P004,Monitor,Electronics,1,923.52,15,923.52,138.53,784.99,Card,Store,2026,9,September,1,Tuesday,False,784.99,784.99
TXN-0013697,2026-09-01,DXB-002,Dubai,CUST-03632,P013,USB Drive,Accessories,1,42.98,20,42.98,8.6,34.38,Cash,Online,2026,9,September,1,Tuesday,False,34.38,34.38
TXN-0013705,2026-09-01,DXB-004,Dubai,CUST-05889,P008,Desk,Furniture,5,821.56,10,4107.8,410.78,3697.02,Cash,Store,2026,9,September,1,Tuesday,False,3697.02,739.4
TXN-0013795,2026-09-01,DXB-004,Dubai,CUST-03477,P002,Smartphone,Electronics,1,1841.1,5,1841.1,92.06,1749.04,Cash,Store,2026,9,September,1,Tuesday,False,1749.04,1749.04
TXN-0013845,2026-09-01,DXB-002,Dubai,CUST-00050,P007,Office Chair,Furniture,1,656.4,5,656.4,32.82,623.58,Card,Store,2026,9,September,1,Tuesday,False,623.58,623.58
TXN-0013926,2026-09-01,DXB-004,Dubai,CUST-04759,P003,Headphones,Electronics,1,331.9,0,331.9,0.0,331.9,Apple Pay,Store,2026,9,September,1,Tuesday,False,331.9,331.9
TXN-0014025,2026-09-01,DXB-003,Dubai,CUST-05535,P011,Notebook,Stationery,1,26.07,15,26.07,3.91,22.16,Cash,Store,2026,9,September,1,Tuesday,False,22.16,22.16
TXN-0014118,2026-09-01,DXB-001,Dubai,CUST-05058,P002,Smartphone,Electronics,1,1642.92,10,1642.92,164.29,1478.63,Card,Online,2026,9,September,1,Tuesday,False,1478.63,1478.63
TXN-0014224,2026-09-01,DXB-002,Dubai,CUST-04514,P001,Laptop,Electronics,5,2670.66,15,13353.3,2003.0,11350.3,Bank Transfer,Store,2026,9,September,1,Tuesday,False,11350.3,2270.06
TXN-0014233,2026-09-01,DXB-002,Dubai,CUST-04315,P009,Backpack,Accessories,1,225.1,5,225.1,11.26,213.84,Cash,Store,2026,9,September,1,Tuesday,False,213.84,213.84
TXN-0014247,2026-09-01,DXB-005,Dubai,CUST-05346,P013,USB Drive,Accessories,1,46.5,10,46.5,4.65,41.85,Card,Online,2026,9,September,1,Tuesday,False,41.85,41.85
TXN-0014308,2026-09-01,DXB-001,Dubai,CUST-06930,P011,Notebook,Stationery,1,25.24,5,25.24,1.26,23.98,Cash,Store,2026,9,September,1,Tuesday,False,23.98,23.98
TXN-0014322,2026-09-01,DXB-005,Dubai,CUST-06710,P011,Notebook,Stationery,1,27.74,5,27.74,1.39,26.35,Cash,Online,2026,9,September,1,Tuesday,False,26.35,26.35
TXN-0014359,2026-09-01,DXB-001,Dubai,CUST-01224,P001,Laptop,Electronics,1,2736.69,10,2736.69,273.67,2463.02,Card,Store,2026,9,September,1,Tuesday,False,2463.02,2463.02
TXN-0014421,2026-09-01,DXB-003,Dubai,CUST-06593,P006,Mouse,Accessories,2,100.39,5,200.78,10.04,190.74,Card,Store,2026,9,September,1,Tuesday,False,190.74,95.37
TXN-0014471,2026-09-01,DXB-002,Dubai,CUST-02181,P015,Tablet,Electronics,1,1123.74,10,1123.74,112.37,1011.37,Bank Transfer,Store,2026,9,September,1,Tuesday,False,1011.37,1011.37
TXN-0014543,2026-09-01,DXB-004,Dubai,CUST-04923,P013,USB Drive,Accessories,1,43.05,10,43.05,4.3,38.75,Bank Transfer,Store,2026,9,September,1,Tuesday,False,38.75,38.75
TXN-0014578,2026-09-01,DXB-001,Dubai,CUST-01003,P015,Tablet,Electronics,4,1209.68,0,4838.72,0.0,4838.72,Card,Store,2026,9,September,1,Tuesday,False,4838.72,1209.68
TXN-0014631,2026-09-01,DXB-002,Dubai,CUST-04968,P007,Office Chair,Furniture,5,702.64,0,3513.2,0.0,3513.2,Card,Store,2026,9,September,1,Tuesday,False,3513.2,702.64
TXN-0014661,2026-09-01,DXB-005,Dubai,CUST-02830,P009,Backpack,Accessories,1,214.91,0,214.91,0.0,214.91,Card,Store,2026,9,September,1,Tuesday,False,214.91,214.91
TXN-0014708,2026-09-01,DXB-004,Dubai,CUST-03990,P006,Mouse,Accessories,1,108.91,15,108.91,16.34,92.57,Bank Transfer,Online,2026,9,September,1,Tuesday,False,92.57,92.57
TXN-0014816,2026-09-01,DXB-004,Dubai,CUST-02192,P010,Printer,Office,1,726.49,15,726.49,108.97,617.52,Card,Store,2026,9,September,1,Tuesday,False,617.52,617.52
TXN-0014818,2026-09-01,DXB-004,Dubai,CUST-05864,P004,Monitor,Electronics,1,831.08,0,831.08,0.0,831.08,Cash,Store,2026,9,September,1,Tuesday,False,831.08,831.08
TXN-0014863,2026-09-01,DXB-001,Dubai,CUST-06467,P007,Office Chair,Furniture,6,650.25,10,3901.5,390.15,3511.35,Card,Online,2026,9,September,1,Tuesday,False,3511.35,585.22
TXN-0014927,2026-09-01,DXB-001,Dubai,CUST-07565,P004,Monitor,Electronics,1,992.45,0,992.45,0.0,992.45,Bank Transfer,Online,2026,9,September,1,Tuesday,False,992.45,992.45
TXN-0015020,2026-09-01,DXB-001,Dubai,CUST-06863,P015,Tablet,Electronics,1,1192.6,10,1192.6,119.26,1073.34,Apple Pay,Store,2026,9,September,1,Tuesday,False,1073.34,1073.34
TXN-0015268,2026-09-01,DXB-001,Dubai,CUST-05704,P002,Smartphone,Electronics,1,1785.07,15,1785.07,267.76,1517.31,Apple Pay,Store,2026,9,September,1,Tuesday,False,1517.31,1517.31
TXN-0015392,2026-09-01,DXB-003,Dubai,CUST-03015,P014,Power Bank,Electronics,1,155.2,15,155.2,23.28,131.92,Card,Store,2026,9,September,1,Tuesday,False,131.92,131.92
TXN-0015400,2026-09-01,DXB-005,Dubai,CUST-01956,P004,Monitor,Electronics,1,892.92,15,892.92,133.94,758.98,Bank Transfer,Store,2026,9,September,1,Tuesday,False,758.98,758.98
TXN-0015417,2026-09-01,DXB-005,Dubai,CUST-03513,P009,Backpack,Accessories,1,235.06,10,235.06,23.51,211.55,Apple Pay,Store,2026,9,September,1,Tuesday,False,211.55,211.55
TXN-0015485,2026-09-01,DXB-005,Dubai,CUST-01563,P001,Laptop,Electronics,1,2655.23,5,2655.23,132.76,2522.47,Apple Pay,Store,2026,9,September,1,Tuesday,False,2522.47,2522.47
TXN-0015492,2026-09-01,DXB-001,Dubai,CUST-00861,P002,Smartphone,Electronics,6,1605.24,0,9631.44,0.0,9631.44,Apple Pay,Online,2026,9,September,1,Tuesday,False,9631.44,1605.24
TXN-0015507,2026-09-01,DXB-002,Dubai,CUST-04724,P005,Keyboard,Accessories,1,185.52,0,185.52,0.0,185.52,Cash,Online,2026,9,September,1,Tuesday,False,185.52,185.52
TXN-0015513,2026-09-01,DXB-002,Dubai,CUST-04051,P010,Printer,Office,1,673.37,15,673.37,101.01,572.36,Cash,Store,2026,9,September,1,Tuesday,False,572.36,572.36
TXN-0015624,2026-09-01,DXB-003,Dubai,CUST-03571,P001,Laptop,Electronics,1,2728.66,10,2728.66,272.87,2455.79,Cash,Store,2026,9,September,1,Tuesday,False,2455.79,2455.79
TXN-0015644,2026-09-01,DXB-005,Dubai,CUST-02572,P005,Keyboard,Accessories,1,182.33,15,182.33,27.35,154.98,Card,Store,2026,9,September,1,Tuesday,False,154.98,154.98
TXN-0015659,2026-09-01,DXB-002,Dubai,CUST-06284,P011,Notebook,Stationery,3,24.69,5,74.07,3.7,70.37,Cash,Store,2026,9,September,1,Tuesday,False,70.37,23.46
TXN-0015706,2026-09-01,DXB-002,Dubai,CUST-02951,P007,Office Chair,Furniture,6,662.07,0,3972.42,0.0,3972.42,Apple Pay,Store,2026,9,September,1,Tuesday,False,3972.42,662.07
TXN-0015738,2026-09-01,DXB-004,Dubai,CUST-04554,P014,Power Bank,Electronics,1,144.27,5,144.27,7.21,137.06,Card,Store,2026,9,September,1,Tuesday,False,137.06,137.06
TXN-0015794,2026-09-01,DXB-004,Dubai,CUST-06156,P014,Power Bank,Electronics,1,142.82,15,142.82,21.42,121.4,Cash,Store,2026,9,September,1,Tuesday,False,121.4,121.4
TXN-0015848,2026-09-01,DXB-004,Dubai,CUST-03368,P012,Pen Pack,Stationery,1,14.37,5,14.37,0.72,13.65,Cash,Online,2026,9,September,1,Tuesday,False,13.65,13.65
TXN-0015935,2026-09-01,DXB-004,Dubai,CUST-02915,P001,Laptop,Electronics,1,2444.23,0,2444.23,0.0,2444.23,Card,Store,2026,9,September,1,Tuesday,False,2444.23,2444.23
TXN-0016020,2026-09-01,DXB-001,Dubai,CUST-05976,P008,Desk,Furniture,1,741.17,20,741.17,148.23,592.94,Apple Pay,Store,2026,9,September,1,Tuesday,False,592.94,592.94
TXN-0016031,2026-09-01,DXB-002,Dubai,CUST-01994,P008,Desk,Furniture,1,818.91,15,818.91,122.84,696.07,Apple Pay,Store,2026,9,September,1,Tuesday,False,696.07,696.07
TXN-0016039,2026-09-01,DXB-003,Dubai,CUST-01925,P007,Office Chair,Furniture,1,708.14,5,708.14,35.41,672.73,Card,Online,2026,9,September,1,Tuesday,False,672.73,672.73
TXN-0016043,2026-09-01,DXB-003,Dubai,CUST-02653,P013,USB Drive,Accessories,1,42.3,5,42.3,2.12,40.18,Cash,Store,2026,9,September,1,Tuesday,False,40.18,40.18
TXN-0016060,2026-09-01,DXB-002,Dubai,CUST-00673,P012,Pen Pack,Stationery,1,15.12,15,15.12,2.27,12.85,Apple Pay,Store,2026,9,September,1,Tuesday,False,12.85,12.85
TXN-0016062,2026-09-01,DXB-003,Dubai,CUST-06082,P001,Laptop,Electronics,4,2606.45,10,10425.8,1042.58,9383.22,Card,Store,2026,9,September,1,Tuesday,False,9383.22,2345.8
TXN-0016112,2026-09-01,DXB-002,Dubai,CUST-06186,P002,Smartphone,Electronics,1,1946.07,10,1946.07,194.61,1751.46,Apple Pay,Store,2026,9,September,1,Tuesday,False,1751.46,1751.46
TXN-0016114,2026-09-01,DXB-001,Dubai,CUST-03430,P008,Desk,Furniture,1,773.17,5,773.17,38.66,734.51,Card,Store,2026,9,September,1,Tuesday,False,734.51,734.51
TXN-0016168,2026-09-01,DXB-001,Dubai,CUST-02268,P011,Notebook,Stationery,4,25.29,15,101.16,15.17,85.99,Card,Store,2026,9,September,1,Tuesday,False,85.99,21.5
TXN-0016177,2026-09-01,DXB-003,Dubai,CUST-00954,P010,Printer,Office,1,722.3,15,722.3,108.34,613.96,Cash,Store,2026,9,September,1,Tuesday,False,613.96,613.96
TXN-0016234,2026-09-01,DXB-001,Dubai,CUST-05604,P008,Desk,Furniture,1,728.82,10,728.82,72.88,655.94,Bank Transfer,Store,2026,9,September,1,Tuesday,False,655.94,655.94
TXN-0016244,2026-09-01,DXB-004,Dubai,CUST-00265,P012,Pen Pack,Stationery,3,15.53,0,46.59,0.0,46.59,Card,Store,2026,9,September,1,Tuesday,False,46.59,15.53
TXN-0016292,2026-09-01,DXB-003,Dubai,CUST-01322,P003,Headphones,Electronics,1,330.18,10,330.18,33.02,297.16,Card,Store,2026,9,September,1,Tuesday,False,297.16,297.16
TXN-0016306,2026-09-01,DXB-002,Dubai,CUST-04434,P010,Printer,Office,6,679.99,0,4079.94,0.0,4079.94,Bank Transfer,Store,2026,9,September,1,Tuesday,False,4079.94,679.99
TXN-0016346,2026-09-01,DXB-004,Dubai,CUST-01043,P013,USB Drive,Accessories,3,42.59,10,127.77,12.78,114.99,Cash,Store,2026,9,September,1,Tuesday,False,114.99,38.33
TXN-0016531,2026-09-01,DXB-002,Dubai,CUST-02735,P010,Printer,Office,1,680.07,10,680.07,68.01,612.06,Card,Store,2026,9,September,1,Tuesday,False,612.06,612.06
TXN-0016569,2026-09-01,DXB-002,Dubai,CUST-07100,P007,Office Chair,Furniture,5,644.01,5,3220.05,161.0,3059.05,Cash,Store,2026,9,September,1,Tuesday,False,3059.05,611.81
TXN-0016607,2026-09-01,DXB-003,Dubai,CUST-06968,P015,Tablet,Electronics,2,1281.38,5,2562.76,128.14,2434.62,Apple Pay,Store,2026,9,September,1,Tuesday,False,2434.62,1217.31
TXN-0016668,2026-09-01,DXB-001,Dubai,CUST-02918,P002,Smartphone,Electronics,3,1902.1,0,5706.3,0.0,5706.3,Card,Store,2026,9,September,1,Tuesday,False,5706.3,1902.1
TXN-0016752,2026-09-01,DXB-004,Dubai,CUST-03514,P013,USB Drive,Accessories,1,51.57,0,51.57,0.0,51.57,Cash,Store,2026,9,September,1,Tuesday,False,51.57,51.57
TXN-0016776,2026-09-01,DXB-003,Dubai,CUST-00272,P004,Monitor,Electronics,1,945.9,0,945.9,0.0,945.9,Card,Store,2026,9,September,1,Tuesday,False,945.9,945.9
TXN-0016779,2026-09-01,DXB-005,Dubai,CUST-05551,P010,Printer,Office,1,735.53,5,735.53,36.78,698.75,Cash,Store,2026,9,September,1,Tuesday,False,698.75,698.75
TXN-0016806,2026-09-01,DXB-003,Dubai,CUST-03966,P007,Office Chair,Furniture,1,677.39,10,677.39,67.74,609.65,Card,Online,2026,9,September,1,Tuesday,False,609.65,609.65
TXN-0016859,2026-09-01,DXB-005,Dubai,CUST-06055,P004,Monitor,Electronics,1,1000.17,0,1000.17,0.0,1000.17,Card,Store,2026,9,September,1,Tuesday,False,1000.17,1000.17
TXN-0016860,2026-09-01,DXB-003,Dubai,CUST-07138,P010,Printer,Office,1,733.79,10,733.79,73.38,660.41,Apple Pay,Online,2026,9,September,1,Tuesday,False,660.41,660.41
TXN-0016931,2026-09-01,DXB-002,Dubai,CUST-01592,P002,Smartphone,Electronics,1,1607.77,5,1607.77,80.39,1527.38,Bank Transfer,Store,2026,9,September,1,Tuesday,False,1527.38,1527.38
TXN-0016965,2026-09-01,DXB-003,Dubai,CUST-04882,P009,Backpack,Accessories,1,211.11,5,211.11,10.56,200.55,Cash,Online,2026,9,September,1,Tuesday,False,200.55,200.55
TXN-0017162,2026-09-01,DXB-002,Dubai,CUST-05719,P006,Mouse,Accessories,2,105.09,5,210.18,10.51,199.67,Cash,Online,2026,9,September,1,Tuesday,False,199.67,99.84
TXN-0017171,2026-09-01,DXB-003,Dubai,CUST-00330,P013,USB Drive,Accessories,2,36.76,10,73.52,7.35,66.17,Card,Online,2026,9,September,1,Tuesday,False,66.17,33.08
TXN-0017177,2026-09-01,DXB-005,Dubai,CUST-07782,P011,Notebook,Stationery,3,24.77,5,74.31,3.72,70.59,Card,Store,2026,9,September,1,Tuesday,False,70.59,23.53
TXN-0017183,2026-09-01,DXB-005,Dubai,CUST-06099,P015,Tablet,Electronics,2,1256.58,0,2513.16,0.0,2513.16,Card,Online,2026,9,September,1,Tuesday,False,2513.16,1256.58
TXN-0017391,2026-09-01,DXB-005,Dubai,CUST-01065,P005,Keyboard,Accessories,1,190.32,0,190.32,0.0,190.32,Card,Online,2026,9,September,1,Tuesday,False,190.32,190.32
TXN-0017413,2026-09-01,DXB-001,Dubai,CUST-00168,P005,Keyboard,Accessories,3,190.87,10,572.61,57.26,515.35,Apple Pay,Store,2026,9,September,1,Tuesday,False,515.35,171.78
TXN-0017435,2026-09-01,DXB-004,Dubai,CUST-07073,P005,Keyboard,Accessories,3,193.4,0,580.2,0.0,580.2,Card,Store,2026,9,September,1,Tuesday,False,580.2,193.4
TXN-0017465,2026-09-01,DXB-002,Dubai,CUST-00170,P008,Desk,Furniture,2,768.61,5,1537.22,76.86,1460.36,Card,Store,2026,9,September,1,Tuesday,False,1460.36,730.18
TXN-0017589,2026-09-01,DXB-005,Dubai,CUST-07060,P008,Desk,Furniture,1,800.63,15,800.63,120.09,680.54,Card,Store,2026,9,September,1,Tuesday,False,680.54,680.54
TXN-0017595,2026-09-01,DXB-003,Dubai,CUST-01086,P002,Smartphone,Electronics,3,1945.65,15,5836.95,875.54,4961.41,Card,Store,2026,9,September,1,Tuesday,False,4961.41,1653.8
TXN-0017626,2026-09-01,DXB-001,Dubai,CUST-05095,P004,Monitor,Electronics,2,948.51,0,1897.02,0.0,1897.02,Card,Online,2026,9,September,1,Tuesday,False,1897.02,948.51
TXN-0017629,2026-09-01,DXB-001,Dubai,CUST-07321,P007,Office Chair,Furniture,2,656.92,5,1313.84,65.69,1248.15,Card,Store,2026,9,September,1,Tuesday,False,1248.15,624.08
TXN-0017651,2026-09-01,DXB-005,Dubai,CUST-01157,P005,Keyboard,Accessories,1,184.83,0,184.83,0.0,184.83,Card,Store,2026,9,September,1,Tuesday,False,184.83,184.83
TXN-0017696,2026-09-01,DXB-005,Dubai,CUST-04026,P006,Mouse,Accessories,5,90.28,5,451.4,22.57,428.83,Cash,Online,2026,9,September,1,Tuesday,False,428.83,85.77
TXN-0018104,2026-09-01,DXB-001,Dubai,CUST-04053,P004,Monitor,Electronics,1,881.63,0,881.63,0.0,881.63,Cash,Store,2026,9,September,1,Tuesday,False,881.63,881.63
TXN-0018163,2026-09-01,DXB-004,Dubai,CUST-02116,P011,Notebook,Stationery,1,24.06,5,24.06,1.2,22.86,Card,Online,2026,9,September,1,Tuesday,False,22.86,22.86
TXN-0018268,2026-09-01,DXB-002,Dubai,CUST-04873,P008,Desk,Furniture,1,775.39,10,775.39,77.54,697.85,Card,Online,2026,9,September,1,Tuesday,False,697.85,697.85
TXN-0018328,2026-09-01,DXB-001,Dubai,CUST-00338,P003,Headphones,Electronics,1,334.3,0,334.3,0.0,334.3,Card,Online,2026,9,September,1,Tuesday,False,334.3,334.3
TXN-0018357,2026-09-01,DXB-002,Dubai,CUST-02619,P009,Backpack,Accessories,3,230.53,0,691.59,0.0,691.59,Bank Transfer,Store,2026,9,September,1,Tuesday,False,691.59,230.53
TXN-0018505,2026-09-01,DXB-003,Dubai,CUST-00312,P002,Smartphone,Electronics,3,1742.66,5,5227.98,261.4,4966.58,Card,Store,2026,9,September,1,Tuesday,False,4966.58,1655.53
TXN-0018678,2026-09-01,DXB-005,Dubai,CUST-07231,P014,Power Bank,Electronics,1,145.91,5,145.91,7.3,138.61,Card,Store,2026,9,September,1,Tuesday,False,138.61,138.61
TXN-0018685,2026-09-01,DXB-005,Dubai,CUST-00472,P006,Mouse,Accessories,2,106.15,20,212.3,42.46,169.84,Cash,Store,2026,9,September,1,Tuesday,False,169.84,84.92
TXN-0018692,2026-09-01,DXB-005,Dubai,CUST-01363,P006,Mouse,Accessories,2,94.78,0,189.56,0.0,189.56,Card,Store,2026,9,September,1,Tuesday,False,189.56,94.78
TXN-0018866,2026-09-01,DXB-002,Dubai,CUST-07552,P013,USB Drive,Accessories,2,41.83,5,83.66,4.18,79.48,Card,Store,2026,9,September,1,Tuesday,False,79.48,39.74
TXN-0018913,2026-09-01,DXB-002,Dubai,CUST-02505,P010,Printer,Office,1,642.63,5,642.63,32.13,610.5,Card,Store,2026,9,September,1,Tuesday,False,610.5,610.5
TXN-0018918,2026-09-01,DXB-004,Dubai,CUST-02500,P002,Smartphone,Electronics,1,1682.38,5,1682.38,84.12,1598.26,Card,Store,2026,9,September,1,Tuesday,False,1598.26,1598.26
TXN-0018941,2026-09-01,DXB-003,Dubai,CUST-06566,P002,Smartphone,Electronics,1,1619.38,5,1619.38,80.97,1538.41,Card,Store,2026,9,September,1,Tuesday,False,1538.41,1538.41
TXN-0018988,2026-09-01,DXB-003,Dubai,CUST-04837,P011,Notebook,Stationery,3,24.47,0,73.41,0.0,73.41,Card,Store,2026,9,September,1,Tuesday,False,73.41,24.47
TXN-0019005,2026-09-01,DXB-002,Dubai,CUST-02526,P011,Notebook,Stationery,1,25.22,5,25.22,1.26,23.96,Card,Online,2026,9,September,1,Tuesday,False,23.96,23.96
TXN-0019010,2026-09-01,DXB-001,Dubai,CUST-06491,P001,Laptop,Electronics,4,2910.35,0,11641.4,0.0,11641.4,Cash,Store,2026,9,September,1,Tuesday,False,11641.4,2910.35
TXN-0019022,2026-09-01,DXB-003,Dubai,CUST-05877,P003,Headphones,Electronics,3,347.6,0,1042.8,0.0,1042.8,Cash,Store,2026,9,September,1,Tuesday,False,1042.8,347.6
TXN-0019217,2026-09-01,DXB-003,Dubai,CUST-01800,P006,Mouse,Accessories,1,98.07,5,98.07,4.9,93.17,Cash,Online,2026,9,September,1,Tuesday,False,93.17,93.17
TXN-0019325,2026-09-01,DXB-001,Dubai,CUST-05706,P001,Laptop,Electronics,1,2709.59,0,2709.59,0.0,2709.59,Apple Pay,Store,2026,9,September,1,Tuesday,False,2709.59,2709.59
TXN-0019354,2026-09-01,DXB-003,Dubai,CUST-01229,P004,Monitor,Electronics,3,881.58,5,2644.74,132.24,2512.5,Card,Store,2026,9,September,1,Tuesday,False,2512.5,837.5
TXN-0019415,2026-09-01,DXB-004,Dubai,CUST-07913,P002,Smartphone,Electronics,1,1435.48,0,1435.48,0.0,1435.48,Card,Store,2026,9,September,1,Tuesday,False,1435.48,1435.48
TXN-0019421,2026-09-01,DXB-001,Dubai,CUST-06568,P010,Printer,Office,4,716.53,0,2866.12,0.0,2866.12,Apple Pay,Online,2026,9,September,1,Tuesday,False,2866.12,716.53
TXN-0019472,2026-09-01,DXB-003,Dubai,CUST-07899,P012,Pen Pack,Stationery,1,15.41,10,15.41,1.54,13.87,Cash,Store,2026,9,September,1,Tuesday,False,13.87,13.87
TXN-0019486,2026-09-01,DXB-001,Dubai,CUST-02787,P002,Smartphone,Electronics,1,1938.23,5,1938.23,96.91,1841.32,Card,Online,2026,9,September,1,Tuesday,False,1841.32,1841.32
TXN-0019673,2026-09-01,DXB-003,Dubai,CUST-07033,P008,Desk,Furniture,4,827.58,15,3310.32,496.55,2813.77,Card,Store,2026,9,September,1,Tuesday,False,2813.77,703.44
TXN-0019723,2026-09-01,DXB-003,Dubai,CUST-02787,P011,Notebook,Stationery,3,22.11,0,66.33,0.0,66.33,Apple Pay,Store,2026,9,September,1,Tuesday,False,66.33,22.11
TXN-0019733,2026-09-01,DXB-004,Dubai,CUST-06787,P015,Tablet,Electronics,3,1211.33,15,3633.99,545.1,3088.89,Bank Transfer,Online,2026,9,September,1,Tuesday,False,3088.89,1029.63
TXN-0019782,2026-09-01,DXB-003,Dubai,CUST-07762,P009,Backpack,Accessories,3,219.69,5,659.07,32.95,626.12,Bank Transfer,Store,2026,9,September,1,Tuesday,False,626.12,208.71
TXN-0019823,2026-09-01,DXB-005,Dubai,CUST-05531,P008,Desk,Furniture,4,783.34,0,3133.36,0.0,3133.36,Card,Store,2026,9,September,1,Tuesday,False,3133.36,783.34
TXN-0019885,2026-09-01,DXB-005,Dubai,CUST-04643,P003,Headphones,Electronics,1,345.16,0,345.16,0.0,345.16,Card,Store,2026,9,September,1,Tuesday,False,345.16,345.16
TXN-0019903,2026-09-01,DXB-004,Dubai,CUST-05924,P003,Headphones,Electronics,1,392.98,20,392.98,78.6,314.38,Card,Store,2026,9,September,1,Tuesday,False,314.38,314.38
TXN-0019947,2026-09-01,DXB-004,Dubai,CUST-05343,P010,Printer,Office,3,689.75,0,2069.25,0.0,2069.25,Card,Store,2026,9,September,1,Tuesday,False,2069.25,689.75
TXN-0020049,2026-09-01,DXB-001,Dubai,CUST-02599,P012,Pen Pack,Stationery,2,15.81,10,31.62,3.16,28.46,Bank Transfer,Store,2026,9,September,1,Tuesday,False,28.46,14.23
TXN-0020062,2026-09-01,DXB-002,Dubai,CUST-03425,P002,Smartphone,Electronics,2,1856.43,5,3712.86,185.64,3527.22,Apple Pay,Store,2026,9,September,1,Tuesday,False,3527.22,1763.61
TXN-0020359,2026-09-01,DXB-002,Dubai,CUST-05999,P013,USB Drive,Accessories,1,45.65,0,45.65,0.0,45.65,Apple Pay,Online,2026,9,September,1,Tuesday,False,45.65,45.65
TXN-0020361,2026-09-01,DXB-002,Dubai,CUST-07462,P005,Keyboard,Accessories,1,185.23,10,185.23,18.52,166.71,Apple Pay,Store,2026,9,September,1,Tuesday,False,166.71,166.71
TXN-0020374,2026-09-01,DXB-004,Dubai,CUST-05840,P004,Monitor,Electronics,1,842.06,15,842.06,126.31,715.75,Card,Online,2026,9,September,1,Tuesday,False,715.75,715.75
TXN-0020539,2026-09-01,DXB-003,Dubai,CUST-05877,P010,Printer,Office,3,698.21,0,2094.63,0.0,2094.63,Card,Online,2026,9,September,1,Tuesday,False,2094.63,698.21
TXN-0020598,2026-09-01,DXB-003,Dubai,CUST-00783,P006,Mouse,Accessories,2,103.18,15,206.36,30.95,175.41,Apple Pay,Online,2026,9,September,1,Tuesday,False,175.41,87.7
TXN-0020648,2026-09-01,DXB-003,Dubai,CUST-05374,P008,Desk,Furniture,1,713.6,0,713.6,0.0,713.6,Card,Store,2026,9,September,1,Tuesday,False,713.6,713.6
TXN-0020786,2026-09-01,DXB-002,Dubai,CUST-00150,P008,Desk,Furniture,1,819.67,20,819.67,163.93,655.74,Card,Store,2026,9,September,1,Tuesday,False,655.74,655.74
TXN-0020791,2026-09-01,DXB-003,Dubai,CUST-04288,P009,Backpack,Accessories,1,217.46,10,217.46,21.75,195.71,Cash,Store,2026,9,September,1,Tuesday,False,195.71,195.71
TXN-0020801,2026-09-01,DXB-004,Dubai,CUST-01077,P010,Printer,Office,2,770.24,10,1540.48,154.05,1386.43,Cash,Online,2026,9,September,1,Tuesday,False,1386.43,693.22
TXN-0020808,2026-09-01,DXB-001,Dubai,CUST-02139,P011,Notebook,Stationery,2,22.27,0,44.54,0.0,44.54,Bank Transfer,Online,2026,9,September,1,Tuesday,False,44.54,22.27
TXN-0020847,2026-09-01,DXB-002,Dubai,CUST-05726,P013,USB Drive,Accessories,1,42.11,0,42.11,0.0,42.11,Card,Store,2026,9,September,1,Tuesday,False,42.11,42.11
TXN-0021014,2026-09-01,DXB-003,Dubai,CUST-07158,P011,Notebook,Stationery,1,22.28,0,22.28,0.0,22.28,Card,Store,2026,9,September,1,Tuesday,False,22.28,22.28
TXN-0021094,2026-09-01,DXB-002,Dubai,CUST-04744,P011,Notebook,Stationery,1,23.17,20,23.17,4.63,18.54,Cash,Store,2026,9,September,1,Tuesday,False,18.54,18.54
TXN-0021111,2026-09-01,DXB-003,Dubai,CUST-02881,P004,Monitor,Electronics,1,890.45,15,890.45,133.57,756.88,Card,Store,2026,9,September,1,Tuesday,False,756.88,756.88
TXN-0021230,2026-09-01,DXB-003,Dubai,CUST-00048,P003,Headphones,Electronics,2,289.09,5,578.18,28.91,549.27,Card,Online,2026,9,September,1,Tuesday,False,549.27,274.64
TXN-0021248,2026-09-01,DXB-002,Dubai,CUST-05277,P011,Notebook,Stationery,2,28.76,10,57.52,5.75,51.77,Cash,Store,2026,9,September,1,Tuesday,False,51.77,25.88
TXN-0021283,2026-09-01,DXB-003,Dubai,CUST-01827,P003,Headphones,Electronics,1,308.8,10,308.8,30.88,277.92,Bank Transfer,Store,2026,9,September,1,Tuesday,False,277.92,277.92
TXN-0021287,2026-09-01,DXB-003,Dubai,CUST-07954,P012,Pen Pack,Stationery,3,14.19,5,42.57,2.13,40.44,Card,Store,2026,9,September,1,Tuesday,False,40.44,13.48
TXN-0021352,2026-09-01,DXB-004,Dubai,CUST-05122,P008,Desk,Furniture,2,756.27,0,1512.54,0.0,1512.54,Card,Online,2026,9,September,1,Tuesday,False,1512.54,756.27
TXN-0021383,2026-09-01,DXB-004,Dubai,CUST-07006,P002,Smartphone,Electronics,2,1865.33,10,3730.66,373.07,3357.59,Cash,Online,2026,9,September,1,Tuesday,False,3357.59,1678.8
TXN-0021413,2026-09-01,DXB-004,Dubai,CUST-02021,P012,Pen Pack,Stationery,1,16.9,15,16.9,2.53,14.37,Apple Pay,Store,2026,9,September,1,Tuesday,False,14.37,14.37
TXN-0021417,2026-09-01,DXB-002,Dubai,CUST-05225,P012,Pen Pack,Stationery,2,14.0,0,28.0,0.0,28.0,Card,Store,2026,9,September,1,Tuesday,False,28.0,14.0
TXN-0021485,2026-09-01,DXB-004,Dubai,CUST-00271,P009,Backpack,Accessories,2,231.44,10,462.88,46.29,416.59,Card,Store,2026,9,September,1,Tuesday,False,416.59,208.3
TXN-0021537,2026-09-01,DXB-001,Dubai,CUST-06268,P013,USB Drive,Accessories,2,46.16,0,92.32,0.0,92.32,Cash,Store,2026,9,September,1,Tuesday,False,92.32,46.16
TXN-0021548,2026-09-01,DXB-003,Dubai,CUST-03276,P010,Printer,Office,3,718.0,0,2154.0,0.0,2154.0,Bank Transfer,Online,2026,9,September,1,Tuesday,False,2154.0,718.0
TXN-0021612,2026-09-01,DXB-004,Dubai,CUST-03325,P006,Mouse,Accessories,1,103.99,0,103.99,0.0,103.99,Cash,Store,2026,9,September,1,Tuesday,False,103.99,103.99
TXN-0021624,2026-09-01,DXB-002,Dubai,CUST-01656,P011,Notebook,Stationery,3,23.12,5,69.36,3.47,65.89,Apple Pay,Store,2026,9,September,1,Tuesday,False,65.89,21.96
TXN-0021647,2026-09-01,DXB-003,Dubai,CUST-00820,P009,Backpack,Accessories,4,203.03,5,812.12,40.61,771.51,Card,Online,2026,9,September,1,Tuesday,False,771.51,192.88
TXN-0021960,2026-09-01,DXB-005,Dubai,CUST-02523,P006,Mouse,Accessories,1,105.66,20,105.66,21.13,84.53,Card,Store,2026,9,September,1,Tuesday,False,84.53,84.53
TXN-0022015,2026-09-01,DXB-004,Dubai,CUST-01058,P014,Power Bank,Electronics,1,143.13,0,143.13,0.0,143.13,Apple Pay,Store,2026,9,September,1,Tuesday,False,143.13,143.13
TXN-0022041,2026-09-01,DXB-004,Dubai,CUST-04326,P011,Notebook,Stationery,1,24.34,10,24.34,2.43,21.91,Apple Pay,Store,2026,9,September,1,Tuesday,False,21.91,21.91
TXN-0022124,2026-09-01,DXB-001,Dubai,CUST-01270,P012,Pen Pack,Stationery,1,14.4,0,14.4,0.0,14.4,Apple Pay,Store,2026,9,September,1,Tuesday,False,14.4,14.4
TXN-0022176,2026-09-01,DXB-003,Dubai,CUST-02989,P014,Power Bank,Electronics,2,150.76,10,301.52,30.15,271.37,Card,Store,2026,9,September,1,Tuesday,False,271.37,135.68
TXN-0022180,2026-09-01,DXB-003,Dubai,CUST-04947,P001,Laptop,Electronics,1,2798.97,0,2798.97,0.0,2798.97,Cash,Store,2026,9,September,1,Tuesday,False,2798.97,2798.97
TXN-0022332,2026-09-01,DXB-001,Dubai,CUST-00138,P010,Printer,Office,2,682.5,15,1365.0,204.75,1160.25,Cash,Store,2026,9,September,1,Tuesday,False,1160.25,580.12
TXN-0022350,2026-09-01,DXB-002,Dubai,CUST-06730,P001,Laptop,Electronics,1,2829.8,10,2829.8,282.98,2546.82,Apple Pay,Store,2026,9,September,1,Tuesday,False,2546.82,2546.82
TXN-0022383,2026-09-01,DXB-005,Dubai,CUST-04891,P014,Power Bank,Electronics,6,147.46,5,884.76,44.24,840.52,Apple Pay,Store,2026,9,September,1,Tuesday,False,840.52,140.09
TXN-0022388,2026-09-01,DXB-002,Dubai,CUST-07306,P001,Laptop,Electronics,1,2868.78,0,2868.78,0.0,2868.78,Apple Pay,Online,2026,9,September,1,Tuesday,False,2868.78,2868.78
TXN-0022472,2026-09-01,DXB-003,Dubai,CUST-01744,P003,Headphones,Electronics,1,352.36,20,352.36,70.47,281.89,Card,Store,2026,9,September,1,Tuesday,False,281.89,281.89
TXN-0022485,2026-09-01,DXB-002,Dubai,CUST-01545,P009,Backpack,Accessories,1,217.64,5,217.64,10.88,206.76,Card,Online,2026,9,September,1,Tuesday,False,206.76,206.76
TXN-0022501,2026-09-01,DXB-003,Dubai,CUST-05227,P008,Desk,Furniture,2,810.58,5,1621.16,81.06,1540.1,Card,Store,2026,9,September,1,Tuesday,False,1540.1,770.05
TXN-0022612,2026-09-01,DXB-004,Dubai,CUST-06409,P010,Printer,Office,2,752.57,15,1505.14,225.77,1279.37,Cash,Store,2026,9,September,1,Tuesday,False,1279.37,639.68
TXN-0022617,2026-09-01,DXB-005,Dubai,CUST-01314,P003,Headphones,Electronics,4,398.51,0,1594.04,0.0,1594.04,Card,Store,2026,9,September,1,Tuesday,False,1594.04,398.51
TXN-0022624,2026-09-01,DXB-003,Dubai,CUST-04334,P011,Notebook,Stationery,1,25.22,0,25.22,0.0,25.22,Card,Store,2026,9,September,1,Tuesday,False,25.22,25.22
TXN-0022703,2026-09-01,DXB-002,Dubai,CUST-02812,P002,Smartphone,Electronics,4,1958.8,0,7835.2,0.0,7835.2,Card,Store,2026,9,September,1,Tuesday,False,7835.2,1958.8
TXN-0022885,2026-09-01,DXB-002,Dubai,CUST-00019,P009,Backpack,Accessories,1,223.06,5,223.06,11.15,211.91,Cash,Online,2026,9,September,1,Tuesday,False,211.91,211.91
TXN-0022915,2026-09-01,DXB-001,Dubai,CUST-01800,P005,Keyboard,Accessories,1,187.26,10,187.26,18.73,168.53,Card,Online,2026,9,September,1,Tuesday,False,168.53,168.53
TXN-0023026,2026-09-01,DXB-001,Dubai,CUST-05211,P012,Pen Pack,Stationery,1,16.14,0,16.14,0.0,16.14,Bank Transfer,Store,2026,9,September,1,Tuesday,False,16.14,16.14
TXN-0023062,2026-09-01,DXB-001,Dubai,CUST-03212,P010,Printer,Office,1,715.38,5,715.38,35.77,679.61,Cash,Store,2026,9,September,1,Tuesday,False,679.61,679.61
TXN-0023094,2026-09-01,DXB-005,Dubai,CUST-02171,P014,Power Bank,Electronics,1,170.12,0,170.12,0.0,170.12,Card,Store,2026,9,September,1,Tuesday,False,170.12,170.12
TXN-0023106,2026-09-01,DXB-003,Dubai,CUST-05161,P014,Power Bank,Electronics,1,143.83,0,143.83,0.0,143.83,Card,Store,2026,9,September,1,Tuesday,False,143.83,143.83
TXN-0023175,2026-09-01,DXB-003,Dubai,CUST-03797,P013,USB Drive,Accessories,1,41.46,10,41.46,4.15,37.31,Card,Store,2026,9,September,1,Tuesday,False,37.31,37.31
TXN-0023239,2026-09-01,DXB-002,Dubai,CUST-01104,P012,Pen Pack,Stationery,1,13.67,0,13.67,0.0,13.67,Card,Online,2026,9,September,1,Tuesday,False,13.67,13.67
TXN-0023290,2026-09-01,DXB-005,Dubai,CUST-01208,P011,Notebook,Stationery,2,27.05,5,54.1,2.7,51.4,Card,Store,2026,9,September,1,Tuesday,False,51.4,25.7
TXN-0023294,2026-09-01,DXB-002,Dubai,CUST-02240,P003,Headphones,Electronics,1,320.36,0,320.36,0.0,320.36,Cash,Online,2026,9,September,1,Tuesday,False,320.36,320.36
TXN-0023301,2026-09-01,DXB-005,Dubai,CUST-00296,P008,Desk,Furniture,1,763.86,0,763.86,0.0,763.86,Card,Store,2026,9,September,1,Tuesday,False,763.86,763.86
TXN-0023438,2026-09-01,DXB-004,Dubai,CUST-03671,P008,Desk,Furniture,3,807.37,5,2422.11,121.11,2301.0,Card,Online,2026,9,September,1,Tuesday,False,2301.0,767.0
TXN-0023446,2026-09-01,DXB-004,Dubai,CUST-05717,P003,Headphones,Electronics,5,406.19,10,2030.95,203.1,1827.85,Card,Online,2026,9,September,1,Tuesday,False,1827.85,365.57
TXN-0023482,2026-09-01,DXB-005,Dubai,CUST-06401,P013,USB Drive,Accessories,1,45.92,10,45.92,4.59,41.33,Cash,Store,2026,9,September,1,Tuesday,False,41.33,41.33
TXN-0023520,2026-09-01,DXB-002,Dubai,CUST-00170,P008,Desk,Furniture,1,857.35,0,857.35,0.0,857.35,Card,Store,2026,9,September,1,Tuesday,False,857.35,857.35
TXN-0023534,2026-09-01,DXB-003,Dubai,CUST-04770,P011,Notebook,Stationery,3,22.85,15,68.55,10.28,58.27,Apple Pay,Store,2026,9,September,1,Tuesday,False,58.27,19.42
TXN-0023566,2026-09-01,DXB-004,Dubai,CUST-05723,P007,Office Chair,Furniture,4,647.21,5,2588.84,129.44,2459.4,Apple Pay,Store,2026,9,September,1,Tuesday,False,2459.4,614.85
TXN-0023666,2026-09-01,DXB-003,Dubai,CUST-07037,P012,Pen Pack,Stationery,1,14.52,15,14.52,2.18,12.34,Cash,Store,2026,9,September,1,Tuesday,False,12.34,12.34
TXN-0023732,2026-09-01,DXB-004,Dubai,CUST-03842,P004,Monitor,Electronics,2,803.04,15,1606.08,240.91,1365.17,Apple Pay,Store,2026,9,September,1,Tuesday,False,1365.17,682.58
TXN-0023762,2026-09-01,DXB-003,Dubai,CUST-03238,P001,Laptop,Electronics,2,2803.1,20,5606.2,1121.24,4484.96,Bank Transfer,Store,2026,9,September,1,Tuesday,False,4484.96,2242.48
TXN-0023766,2026-09-01,DXB-002,Dubai,CUST-03062,P010,Printer,Office,3,762.54,5,2287.62,114.38,2173.24,Card,Online,2026,9,September,1,Tuesday,False,2173.24,724.41
TXN-0023767,2026-09-01,DXB-003,Dubai,CUST-04575,P008,Desk,Furniture,5,805.04,0,4025.2,0.0,4025.2,Card,Store,2026,9,September,1,Tuesday,False,4025.2,805.04
TXN-0023839,2026-09-01,DXB-002,Dubai,CUST-05443,P012,Pen Pack,Stationery,3,15.81,0,47.43,0.0,47.43,Bank Transfer,Online,2026,9,September,1,Tuesday,False,47.43,15.81
TXN-0023865,2026-09-01,DXB-002,Dubai,CUST-00233,P003,Headphones,Electronics,1,333.19,5,333.19,16.66,316.53,Card,Store,2026,9,September,1,Tuesday,False,316.53,316.53
TXN-0023897,2026-09-01,DXB-004,Dubai,CUST-03894,P009,Backpack,Accessories,4,256.28,15,1025.12,153.77,871.35,Cash,Online,2026,9,September,1,Tuesday,False,871.35,217.84
TXN-0024038,2026-09-01,DXB-003,Dubai,CUST-05210,P001,Laptop,Electronics,1,2903.74,0,2903.74,0.0,2903.74,Apple Pay,Store,2026,9,September,1,Tuesday,False,2903.74,2903.74
TXN-0024080,2026-09-01,DXB-005,Dubai,CUST-02230,P002,Smartphone,Electronics,2,1864.12,0,3728.24,0.0,3728.24,Card,Store,2026,9,September,1,Tuesday,False,3728.24,1864.12
TXN-0024099,2026-09-01,DXB-003,Dubai,CUST-07494,P009,Backpack,Accessories,1,227.84,5,227.84,11.39,216.45,Card,Store,2026,9,September,1,Tuesday,False,216.45,216.45
TXN-0024103,2026-09-01,DXB-002,Dubai,CUST-02328,P011,Notebook,Stationery,2,23.64,0,47.28,0.0,47.28,Card,Store,2026,9,September,1,Tuesday,False,47.28,23.64
TXN-0024239,2026-09-01,DXB-002,Dubai,CUST-05868,P006,Mouse,Accessories,2,94.25,10,188.5,18.85,169.65,Cash,Online,2026,9,September,1,Tuesday,False,169.65,84.82
TXN-0024291,2026-09-01,DXB-005,Dubai,CUST-05917,P010,Printer,Office,6,760.34,0,4562.04,0.0,4562.04,Cash,Online,2026,9,September,1,Tuesday,False,4562.04,760.34
TXN-0024654,2026-09-01,DXB-003,Dubai,CUST-06386,P013,USB Drive,Accessories,1,45.11,5,45.11,2.26,42.85,Card,Store,2026,9,September,1,Tuesday,False,42.85,42.85
TXN-0024689,2026-09-01,DXB-004,Dubai,CUST-01030,P006,Mouse,Accessories,4,104.36,5,417.44,20.87,396.57,Card,Online,2026,9,September,1,Tuesday,False,396.57,99.14
TXN-0024776,2026-09-01,DXB-002,Dubai,CUST-00033,P007,Office Chair,Furniture,1,683.66,0,683.66,0.0,683.66,Apple Pay,Online,2026,9,September,1,Tuesday,False,683.66,683.66
TXN-0024781,2026-09-01,DXB-003,Dubai,CUST-02440,P005,Keyboard,Accessories,2,173.33,15,346.66,52.0,294.66,Card,Store,2026,9,September,1,Tuesday,False,294.66,147.33
TXN-0024800,2026-09-01,DXB-005,Dubai,CUST-00777,P001,Laptop,Electronics,1,2923.61,15,2923.61,438.54,2485.07,Card,Store,2026,9,September,1,Tuesday,False,2485.07,2485.07
TXN-0024820,2026-09-01,DXB-002,Dubai,CUST-06870,P010,Printer,Office,1,701.6,0,701.6,0.0,701.6,Card,Store,2026,9,September,1,Tuesday,False,701.6,701.6
TXN-0024949,2026-09-01,DXB-001,Dubai,CUST-06519,P005,Keyboard,Accessories,4,179.96,10,719.84,71.98,647.86,Cash,Store,2026,9,September,1,Tuesday,False,647.86,161.96
TXN-0024970,2026-09-01,DXB-005,Dubai,CUST-05187,P003,Headphones,Electronics,3,385.48,10,1156.44,115.64,1040.8,Apple Pay,Online,2026,9,September,1,Tuesday,False,1040.8,346.93
TXN-0024999,2026-09-01,DXB-001,Dubai,CUST-02977,P003,Headphones,Electronics,4,345.94,0,1383.76,0.0,1383.76,Card,Store,2026,9,September,1,Tuesday,False,1383.76,345.94
TXN-0025010,2026-09-01,DXB-002,Dubai,CUST-01400,P015,Tablet,Electronics,1,1161.12,0,1161.12,0.0,1161.12,Cash,Store,2026,9,September,1,Tuesday,False,1161.12,1161.12
TXN-0025213,2026-09-01,DXB-002,Dubai,CUST-02991,P010,Printer,Office,2,710.43,0,1420.86,0.0,1420.86,Card,Store,2026,9,September,1,Tuesday,False,1420.86,710.43
TXN-0025248,2026-09-01,DXB-001,Dubai,CUST-04600,P004,Monitor,Electronics,3,1005.06,15,3015.18,452.28,2562.9,Card,Store,2026,9,September,1,Tuesday,False,2562.9,854.3
TXN-0025252,2026-09-01,DXB-001,Dubai,CUST-00081,P011,Notebook,Stationery,1,22.63,0,22.63,0.0,22.63,Card,Online,2026,9,September,1,Tuesday,False,22.63,22.63
TXN-0025283,2026-09-01,DXB-004,Dubai,CUST-07463,P013,USB Drive,Accessories,2,38.88,0,77.76,0.0,77.76,Card,Store,2026,9,September,1,Tuesday,False,77.76,38.88
TXN-0025323,2026-09-01,DXB-003,Dubai,CUST-01472,P005,Keyboard,Accessories,1,182.99,0,182.99,0.0,182.99,Card,Online,2026,9,September,1,Tuesday,False,182.99,182.99
TXN-0025384,2026-09-01,DXB-001,Dubai,CUST-05769,P008,Desk,Furniture,1,748.92,0,748.92,0.0,748.92,Apple Pay,Store,2026,9,September,1,Tuesday,False,748.92,748.92
TXN-0025463,2026-09-01,DXB-001,Dubai,CUST-02146,P009,Backpack,Accessories,1,219.34,10,219.34,21.93,197.41,Cash,Store,2026,9,September,1,Tuesday,False,197.41,197.41
TXN-0025488,2026-09-01,DXB-001,Dubai,CUST-00230,P001,Laptop,Electronics,3,2792.18,0,8376.54,0.0,8376.54,Card,Store,2026,9,September,1,Tuesday,False,8376.54,2792.18
TXN-0025505,2026-09-01,DXB-003,Dubai,CUST-02899,P014,Power Bank,Electronics,3,143.45,10,430.35,43.04,387.31,Card,Store,2026,9,September,1,Tuesday,False,387.31,129.1
TXN-0025506,2026-09-01,DXB-004,Dubai,CUST-04860,P001,Laptop,Electronics,5,3008.91,10,15044.55,1504.46,13540.09,Card,Online,2026,9,September,1,Tuesday,False,13540.09,2708.02
TXN-0025566,2026-09-01,DXB-002,Dubai,CUST-05595,P006,Mouse,Accessories,2,102.83,10,205.66,20.57,185.09,Card,Online,2026,9,September,1,Tuesday,False,185.09,92.54
TXN-0025792,2026-09-01,DXB-003,Dubai,CUST-01963,P005,Keyboard,Accessories,2,201.49,5,402.98,20.15,382.83,Card,Online,2026,9,September,1,Tuesday,False,382.83,191.42
TXN-0025796,2026-09-01,DXB-005,Dubai,CUST-00819,P014,Power Bank,Electronics,1,162.32,10,162.32,16.23,146.09,Card,Online,2026,9,September,1,Tuesday,False,146.09,146.09
TXN-0025934,2026-09-01,DXB-001,Dubai,CUST-04256,P010,Printer,Office,3,686.27,5,2058.81,102.94,1955.87,Card,Store,2026,9,September,1,Tuesday,False,1955.87,651.96
TXN-0026012,2026-09-01,DXB-002,Dubai,CUST-04362,P013,USB Drive,Accessories,1,45.93,15,45.93,6.89,39.04,Card,Online,2026,9,September,1,Tuesday,False,39.04,39.04
TXN-0026014,2026-09-01,DXB-002,Dubai,CUST-02517,P006,Mouse,Accessories,3,104.81,10,314.43,31.44,282.99,Card,Store,2026,9,September,1,Tuesday,False,282.99,94.33
TXN-0026126,2026-09-01,DXB-003,Dubai,CUST-04359,P014,Power Bank,Electronics,1,173.18,0,173.18,0.0,173.18,Cash,Store,2026,9,September,1,Tuesday,False,173.18,173.18
TXN-0026233,2026-09-01,DXB-004,Dubai,CUST-02127,P013,USB Drive,Accessories,2,45.34,0,90.68,0.0,90.68,Card,Store,2026,9,September,1,Tuesday,False,90.68,45.34
TXN-0026436,2026-09-01,DXB-004,Dubai,CUST-02947,P012,Pen Pack,Stationery,2,14.88,10,29.76,2.98,26.78,Cash,Online,2026,9,September,1,Tuesday,False,26.78,13.39
TXN-0026450,2026-09-01,DXB-001,Dubai,CUST-06859,P004,Monitor,Electronics,4,942.51,20,3770.04,754.01,3016.03,Card,Store,2026,9,September,1,Tuesday,False,3016.03,754.01
TXN-0026581,2026-09-01,DXB-004,Dubai,CUST-04756,P007,Office Chair,Furniture,2,619.6,10,1239.2,123.92,1115.28,Apple Pay,Online,2026,9,September,1,Tuesday,False,1115.28,557.64
TXN-0026583,2026-09-01,DXB-001,Dubai,CUST-07654,P003,Headphones,Electronics,1,342.87,5,342.87,17.14,325.73,Apple Pay,Online,2026,9,September,1,Tuesday,False,325.73,325.73
TXN-0026652,2026-09-01,DXB-004,Dubai,CUST-06269,P015,Tablet,Electronics,2,1165.77,15,2331.54,349.73,1981.81,Card,Store,2026,9,September,1,Tuesday,False,1981.81,990.9
TXN-0026739,2026-09-01,DXB-002,Dubai,CUST-05705,P012,Pen Pack,Stationery,3,14.61,10,43.83,4.38,39.45,Card,Store,2026,9,September,1,Tuesday,False,39.45,13.15
TXN-0026813,2026-09-01,DXB-005,Dubai,CUST-01766,P006,Mouse,Accessories,2,119.58,0,239.16,0.0,239.16,Card,Online,2026,9,September,1,Tuesday,False,239.16,119.58
TXN-0026869,2026-09-01,DXB-003,Dubai,CUST-05570,P014,Power Bank,Electronics,1,142.4,15,142.4,21.36,121.04,Card,Store,2026,9,September,1,Tuesday,False,121.04,121.04
TXN-0026918,2026-09-01,DXB-003,Dubai,CUST-07943,P015,Tablet,Electronics,1,1154.84,0,1154.84,0.0,1154.84,Card,Store,2026,9,September,1,Tuesday,False,1154.84,1154.84
TXN-0027035,2026-09-01,DXB-005,Dubai,CUST-04700,P002,Smartphone,Electronics,2,1622.61,5,3245.22,162.26,3082.96,Cash,Store,2026,9,September,1,Tuesday,False,3082.96,1541.48
TXN-0027041,2026-09-01,DXB-004,Dubai,CUST-01313,P009,Backpack,Accessories,2,203.74,15,407.48,61.12,346.36,Apple Pay,Online,2026,9,September,1,Tuesday,False,346.36,173.18
TXN-0027183,2026-09-01,DXB-001,Dubai,CUST-02824,P011,Notebook,Stationery,1,26.68,20,26.68,5.34,21.34,Cash,Online,2026,9,September,1,Tuesday,False,21.34,21.34
TXN-0027313,2026-09-01,DXB-002,Dubai,CUST-07254,P013,USB Drive,Accessories,2,49.81,10,99.62,9.96,89.66,Card,Store,2026,9,September,1,Tuesday,False,89.66,44.83
TXN-0027334,2026-09-01,DXB-003,Dubai,CUST-06526,P001,Laptop,Electronics,2,3181.38,15,6362.76,954.41,5408.35,Card,Online,2026,9,September,1,Tuesday,False,5408.35,2704.18
TXN-0027345,2026-09-01,DXB-001,Dubai,CUST-07308,P002,Smartphone,Electronics,6,1627.17,0,9763.02,0.0,9763.02,Card,Store,2026,9,September,1,Tuesday,False,9763.02,1627.17
TXN-0027405,2026-09-01,DXB-004,Dubai,CUST-07595,P003,Headphones,Electronics,3,370.54,10,1111.62,111.16,1000.46,Card,Online,2026,9,September,1,Tuesday,False,1000.46,333.49
TXN-0027500,2026-09-01,DXB-003,Dubai,CUST-04098,P014,Power Bank,Electronics,1,148.29,10,148.29,14.83,133.46,Cash,Store,2026,9,September,1,Tuesday,False,133.46,133.46
TXN-0027555,2026-09-01,DXB-003,Dubai,CUST-01882,P011,Notebook,Stationery,1,25.64,10,25.64,2.56,23.08,Apple Pay,Store,2026,9,September,1,Tuesday,False,23.08,23.08
TXN-0027575,2026-09-01,DXB-001,Dubai,CUST-05067,P010,Printer,Office,1,714.46,0,714.46,0.0,714.46,Apple Pay,Online,2026,9,September,1,Tuesday,False,714.46,714.46
TXN-0027591,2026-09-01,DXB-001,Dubai,CUST-03865,P008,Desk,Furniture,1,756.72,10,756.72,75.67,681.05,Card,Online,2026,9,September,1,Tuesday,False,681.05,681.05
TXN-0027703,2026-09-01,DXB-004,Dubai,CUST-03534,P001,Laptop,Electronics,2,3169.27,5,6338.54,316.93,6021.61,Card,Store,2026,9,September,1,Tuesday,False,6021.61,3010.8
TXN-0027753,2026-09-01,DXB-003,Dubai,CUST-06813,P001,Laptop,Electronics,3,2853.97,5,8561.91,428.1,8133.81,Card,Store,2026,9,September,1,Tuesday,False,8133.81,2711.27
TXN-0027860,2026-09-01,DXB-004,Dubai,CUST-06647,P004,Monitor,Electronics,5,952.11,10,4760.55,476.06,4284.49,Cash,Online,2026,9,September,1,Tuesday,False,4284.49,856.9
TXN-0027866,2026-09-01,DXB-002,Dubai,CUST-05632,P011,Notebook,Stationery,3,25.48,0,76.44,0.0,76.44,Card,Store,2026,9,September,1,Tuesday,False,76.44,25.48
TXN-0028002,2026-09-01,DXB-005,Dubai,CUST-06981,P014,Power Bank,Electronics,3,152.67,0,458.01,0.0,458.01,Bank Transfer,Online,2026,9,September,1,Tuesday,False,458.01,152.67
TXN-0028070,2026-09-01,DXB-004,Dubai,CUST-00307,P002,Smartphone,Electronics,3,1940.97,5,5822.91,291.15,5531.76,Cash,Store,2026,9,September,1,Tuesday,False,5531.76,1843.92
TXN-0028160,2026-09-01,DXB-005,Dubai,CUST-01913,P012,Pen Pack,Stationery,2,13.95,5,27.9,1.4,26.5,Apple Pay,Store,2026,9,September,1,Tuesday,False,26.5,13.25
TXN-0028184,2026-09-01,DXB-003,Dubai,CUST-01593,P013,USB Drive,Accessories,1,42.32,0,42.32,0.0,42.32,Card,Store,2026,9,September,1,Tuesday,False,42.32,42.32
TXN-0028256,2026-09-01,DXB-005,Dubai,CUST-03416,P001,Laptop,Electronics,2,2735.88,0,5471.76,0.0,5471.76,Card,Online,2026,9,September,1,Tuesday,False,5471.76,2735.88
TXN-0028476,2026-09-01,DXB-003,Dubai,CUST-06181,P010,Printer,Office,3,720.18,20,2160.54,432.11,1728.43,Card,Store,2026,9,September,1,Tuesday,False,1728.43,576.14
TXN-0028485,2026-09-01,DXB-005,Dubai,CUST-01534,P002,Smartphone,Electronics,3,1961.88,15,5885.64,882.85,5002.79,Card,Store,2026,9,September,1,Tuesday,False,5002.79,1667.6
TXN-0028494,2026-09-01,DXB-003,Dubai,CUST-04389,P002,Smartphone,Electronics,5,1792.82,5,8964.1,448.2,8515.9,Cash,Store,2026,9,September,1,Tuesday,False,8515.9,1703.18
TXN-0028607,2026-09-01,DXB-004,Dubai,CUST-03808,P015,Tablet,Electronics,1,1219.16,5,1219.16,60.96,1158.2,Cash,Store,2026,9,September,1,Tuesday,False,1158.2,1158.2
TXN-0028642,2026-09-01,DXB-004,Dubai,CUST-04574,P004,Monitor,Electronics,1,787.04,10,787.04,78.7,708.34,Apple Pay,Store,2026,9,September,1,Tuesday,False,708.34,708.34
TXN-0028685,2026-09-01,DXB-001,Dubai,CUST-02366,P001,Laptop,Electronics,1,2855.04,0,2855.04,0.0,2855.04,Bank Transfer,Store,2026,9,September,1,Tuesday,False,2855.04,2855.04
TXN-0028705,2026-09-01,DXB-002,Dubai,CUST-02577,P015,Tablet,Electronics,2,1300.94,10,2601.88,260.19,2341.69,Cash,Store,2026,9,September,1,Tuesday,False,2341.69,1170.84
TXN-0028793,2026-09-01,DXB-004,Dubai,CUST-07469,P011,Notebook,Stationery,1,26.49,5,26.49,1.32,25.17,Cash,Store,2026,9,September,1,Tuesday,False,25.17,25.17
TXN-0028953,2026-09-01,DXB-002,Dubai,CUST-05148,P009,Backpack,Accessories,2,230.7,10,461.4,46.14,415.26,Card,Store,2026,9,September,1,Tuesday,False,415.26,207.63
TXN-0029045,2026-09-01,DXB-002,Dubai,CUST-06486,P015,Tablet,Electronics,3,1159.72,0,3479.16,0.0,3479.16,Apple Pay,Store,2026,9,September,1,Tuesday,False,3479.16,1159.72
TXN-0029066,2026-09-01,DXB-005,Dubai,CUST-02641,P010,Printer,Office,4,672.29,5,2689.16,134.46,2554.7,Card,Store,2026,9,September,1,Tuesday,False,2554.7,638.67
TXN-0029077,2026-09-01,DXB-004,Dubai,CUST-05717,P002,Smartphone,Electronics,3,1767.11,10,5301.33,530.13,4771.2,Card,Store,2026,9,September,1,Tuesday,False,4771.2,1590.4
TXN-0029143,2026-09-01,DXB-003,Dubai,CUST-02821,P001,Laptop,Electronics,2,2574.45,0,5148.9,0.0,5148.9,Card,Store,2026,9,September,1,Tuesday,False,5148.9,2574.45
TXN-0029199,2026-09-01,DXB-001,Dubai,CUST-05373,P006,Mouse,Accessories,3,99.49,20,298.47,59.69,238.78,Cash,Store,2026,9,September,1,Tuesday,False,238.78,79.59
TXN-0029349,2026-09-01,DXB-002,Dubai,CUST-07266,P009,Backpack,Accessories,1,231.55,15,231.55,34.73,196.82,Cash,Store,2026,9,September,1,Tuesday,False,196.82,196.82
TXN-0029354,2026-09-01,DXB-003,Dubai,CUST-02692,P002,Smartphone,Electronics,1,1749.75,20,1749.75,349.95,1399.8,Card,Store,2026,9,September,1,Tuesday,False,1399.8,1399.8
TXN-0029361,2026-09-01,DXB-004,Dubai,CUST-00043,P007,Office Chair,Furniture,2,617.54,10,1235.08,123.51,1111.57,Card,Store,2026,9,September,1,Tuesday,False,1111.57,555.78
TXN-0029376,2026-09-01,DXB-005,Dubai,CUST-06483,P009,Backpack,Accessories,1,216.61,5,216.61,10.83,205.78,Bank Transfer,Store,2026,9,September,1,Tuesday,False,205.78,205.78
TXN-0029406,2026-09-01,DXB-004,Dubai,CUST-04582,P010,Printer,Office,2,700.75,5,1401.5,70.08,1331.42,Apple Pay,Online,2026,9,September,1,Tuesday,False,1331.42,665.71
TXN-0029566,2026-09-01,DXB-002,Dubai,CUST-04758,P004,Monitor,Electronics,4,887.75,10,3551.0,355.1,3195.9,Card,Store,2026,9,September,1,Tuesday,False,3195.9,798.98
TXN-0029618,2026-09-01,DXB-001,Dubai,CUST-06785,P015,Tablet,Electronics,1,1215.29,10,1215.29,121.53,1093.76,Card,Online,2026,9,September,1,Tuesday,False,1093.76,1093.76
TXN-0029627,2026-09-01,DXB-005,Dubai,CUST-02138,P013,USB Drive,Accessories,2,44.89,20,89.78,17.96,71.82,Card,Store,2026,9,September,1,Tuesday,False,71.82,35.91
TXN-0029644,2026-09-01,DXB-002,Dubai,CUST-07106,P009,Backpack,Accessories,4,226.05,0,904.2,0.0,904.2,Card,Online,2026,9,September,1,Tuesday,False,904.2,226.05
TXN-0029671,2026-09-01,DXB-001,Dubai,CUST-03341,P013,USB Drive,Accessories,1,46.06,10,46.06,4.61,41.45,Apple Pay,Store,2026,9,September,1,Tuesday,False,41.45,41.45
TXN-0029729,2026-09-01,DXB-001,Dubai,CUST-06013,P001,Laptop,Electronics,3,2818.9,20,8456.7,1691.34,6765.36,Card,Online,2026,9,September,1,Tuesday,False,6765.36,2255.12
TXN-0029743,2026-09-01,DXB-001,Dubai,CUST-02616,P015,Tablet,Electronics,1,1268.66,15,1268.66,190.3,1078.36,Bank Transfer,Online,2026,9,September,1,Tuesday,False,1078.36,1078.36
TXN-0029748,2026-09-01,DXB-001,Dubai,CUST-01403,P007,Office Chair,Furniture,2,679.78,10,1359.56,135.96,1223.6,Card,Store,2026,9,September,1,Tuesday,False,1223.6,611.8
TXN-0029765,2026-09-01,DXB-003,Dubai,CUST-04461,P015,Tablet,Electronics,1,1258.65,5,1258.65,62.93,1195.72,Apple Pay,Store,2026,9,September,1,Tuesday,False,1195.72,1195.72
TXN-0029994,2026-09-01,DXB-003,Dubai,CUST-03420,P001,Laptop,Electronics,6,2477.11,0,14862.66,0.0,14862.66,Card,Store,2026,9,September,1,Tuesday,False,14862.66,2477.11
TXN-0030060,2026-09-01,DXB-003,Dubai,CUST-07481,P007,Office Chair,Furniture,2,702.66,5,1405.32,70.27,1335.05,Card,Store,2026,9,September,1,Tuesday,False,1335.05,667.52
TXN-0030090,2026-09-01,DXB-003,Dubai,CUST-05599,P014,Power Bank,Electronics,2,162.63,0,325.26,0.0,325.26,Cash,Store,2026,9,September,1,Tuesday,False,325.26,162.63
TXN-0030251,2026-09-01,DXB-001,Dubai,CUST-04858,P003,Headphones,Electronics,2,366.38,5,732.76,36.64,696.12,Card,Store,2026,9,September,1,Tuesday,False,696.12,348.06
TXN-0030400,2026-09-01,DXB-002,Dubai,CUST-07104,P008,Desk,Furniture,1,854.31,5,854.31,42.72,811.59,Card,Store,2026,9,September,1,Tuesday,False,811.59,811.59
TXN-0030441,2026-09-01,DXB-005,Dubai,CUST-02889,P015,Tablet,Electronics,1,1199.54,5,1199.54,59.98,1139.56,Card,Online,2026,9,September,1,Tuesday,False,1139.56,1139.56
TXN-0030498,2026-09-01,DXB-005,Dubai,CUST-07157,P015,Tablet,Electronics,2,1170.1,15,2340.2,351.03,1989.17,Cash,Store,2026,9,September,1,Tuesday,False,1989.17,994.58
TXN-0030605,2026-09-01,DXB-002,Dubai,CUST-07274,P004,Monitor,Electronics,1,801.85,5,801.85,40.09,761.76,Card,Store,2026,9,September,1,Tuesday,False,761.76,761.76
TXN-0030658,2026-09-01,DXB-005,Dubai,CUST-01964,P009,Backpack,Accessories,6,220.39,15,1322.34,198.35,1123.99,Card,Store,2026,9,September,1,Tuesday,False,1123.99,187.33
TXN-0030704,2026-09-01,DXB-002,Dubai,CUST-04171,P011,Notebook,Stationery,4,25.3,0,101.2,0.0,101.2,Card,Store,2026,9,September,1,Tuesday,False,101.2,25.3
TXN-0030772,2026-09-01,DXB-001,Dubai,CUST-00119,P002,Smartphone,Electronics,5,1814.69,10,9073.45,907.34,8166.11,Card,Store,2026,9,September,1,Tuesday,False,8166.11,1633.22
TXN-0030777,2026-09-01,DXB-002,Dubai,CUST-00118,P015,Tablet,Electronics,3,1182.72,0,3548.16,0.0,3548.16,Cash,Store,2026,9,September,1,Tuesday,False,3548.16,1182.72
TXN-0030801,2026-09-01,DXB-003,Dubai,CUST-00212,P011,Notebook,Stationery,3,25.78,5,77.34,3.87,73.47,Card,Store,2026,9,September,1,Tuesday,False,73.47,24.49
TXN-0030845,2026-09-01,DXB-003,Dubai,CUST-07265,P013,USB Drive,Accessories,2,43.02,20,86.04,17.21,68.83,Apple Pay,Store,2026,9,September,1,Tuesday,False,68.83,34.42
TXN-0030966,2026-09-01,DXB-002,Dubai,CUST-06487,P011,Notebook,Stationery,4,23.64,10,94.56,9.46,85.1,Apple Pay,Store,2026,9,September,1,Tuesday,False,85.1,21.28
TXN-0031073,2026-09-01,DXB-004,Dubai,CUST-01050,P014,Power Bank,Electronics,1,145.34,10,145.34,14.53,130.81,Card,Store,2026,9,September,1,Tuesday,False,130.81,130.81
TXN-0031078,2026-09-01,DXB-004,Dubai,CUST-03453,P014,Power Bank,Electronics,4,158.13,0,632.52,0.0,632.52,Cash,Store,2026,9,September,1,Tuesday,False,632.52,158.13
TXN-0031112,2026-09-01,DXB-004,Dubai,CUST-02988,P013,USB Drive,Accessories,3,43.5,5,130.5,6.52,123.98,Card,Online,2026,9,September,1,Tuesday,False,123.98,41.33
TXN-0031158,2026-09-01,DXB-003,Dubai,CUST-03810,P014,Power Bank,Electronics,3,140.28,0,420.84,0.0,420.84,Card,Store,2026,9,September,1,Tuesday,False,420.84,140.28
TXN-0031173,2026-09-01,DXB-002,Dubai,CUST-02734,P014,Power Bank,Electronics,3,158.75,10,476.25,47.62,428.63,Card,Online,2026,9,September,1,Tuesday,False,428.63,142.88
TXN-0031209,2026-09-01,DXB-004,Dubai,CUST-04601,P011,Notebook,Stationery,2,25.93,0,51.86,0.0,51.86,Card,Online,2026,9,September,1,Tuesday,False,51.86,25.93
TXN-0031261,2026-09-01,DXB-003,Dubai,CUST-05194,P001,Laptop,Electronics,1,2960.22,10,2960.22,296.02,2664.2,Cash,Store,2026,9,September,1,Tuesday,False,2664.2,2664.2
TXN-0031324,2026-09-01,DXB-001,Dubai,CUST-02270,P007,Office Chair,Furniture,1,678.68,0,678.68,0.0,678.68,Card,Online,2026,9,September,1,Tuesday,False,678.68,678.68
TXN-0031353,2026-09-01,DXB-002,Dubai,CUST-02644,P010,Printer,Office,3,687.85,0,2063.55,0.0,2063.55,Cash,Store,2026,9,September,1,Tuesday,False,2063.55,687.85
TXN-0031371,2026-09-01,DXB-001,Dubai,CUST-05993,P013,USB Drive,Accessories,1,42.78,15,42.78,6.42,36.36,Card,Store,2026,9,September,1,Tuesday,False,36.36,36.36
TXN-0031558,2026-09-01,DXB-004,Dubai,CUST-05777,P010,Printer,Office,1,711.63,0,711.63,0.0,711.63,Cash,Store,2026,9,September,1,Tuesday,False,711.63,711.63
TXN-0031564,2026-09-01,DXB-002,Dubai,CUST-07463,P010,Printer,Office,1,670.99,10,670.99,67.1,603.89,Card,Store,2026,9,September,1,Tuesday,False,603.89,603.89
TXN-0031661,2026-09-01,DXB-001,Dubai,CUST-00234,P009,Backpack,Accessories,2,247.56,20,495.12,99.02,396.1,Card,Store,2026,9,September,1,Tuesday,False,396.1,198.05
TXN-0031709,2026-09-01,DXB-005,Dubai,CUST-07278,P009,Backpack,Accessories,1,206.78,15,206.78,31.02,175.76,Card,Store,2026,9,September,1,Tuesday,False,175.76,175.76
TXN-0031876,2026-09-01,DXB-002,Dubai,CUST-01874,P013,USB Drive,Accessories,2,43.12,15,86.24,12.94,73.3,Cash,Store,2026,9,September,1,Tuesday,False,73.3,36.65
TXN-0031976,2026-09-01,DXB-004,Dubai,CUST-03694,P009,Backpack,Accessories,2,234.22,5,468.44,23.42,445.02,Apple Pay,Store,2026,9,September,1,Tuesday,False,445.02,222.51
TXN-0031992,2026-09-01,DXB-002,Dubai,CUST-04754,P014,Power Bank,Electronics,3,139.56,10,418.68,41.87,376.81,Bank Transfer,Online,2026,9,September,1,Tuesday,False,376.81,125.6
TXN-0032191,2026-09-01,DXB-002,Dubai,CUST-05374,P005,Keyboard,Accessories,2,183.9,0,367.8,0.0,367.8,Cash,Online,2026,9,September,1,Tuesday,False,367.8,183.9
TXN-0032203,2026-09-01,DXB-004,Dubai,CUST-07364,P002,Smartphone,Electronics,3,1802.4,0,5407.2,0.0,5407.2,Apple Pay,Store,2026,9,September,1,Tuesday,False,5407.2,1802.4
TXN-0032217,2026-09-01,DXB-003,Dubai,CUST-02867,P007,Office Chair,Furniture,1,686.04,5,686.04,34.3,651.74,Card,Online,2026,9,September,1,Tuesday,False,651.74,651.74
TXN-0032392,2026-09-01,DXB-002,Dubai,CUST-00261,P004,Monitor,Electronics,1,926.43,10,926.43,92.64,833.79,Cash,Store,2026,9,September,1,Tuesday,False,833.79,833.79
TXN-0032407,2026-09-01,DXB-005,Dubai,CUST-03864,P002,Smartphone,Electronics,1,1930.85,10,1930.85,193.08,1737.77,Apple Pay,Store,2026,9,September,1,Tuesday,False,1737.77,1737.77
TXN-0032467,2026-09-01,DXB-001,Dubai,CUST-05455,P010,Printer,Office,3,714.28,10,2142.84,214.28,1928.56,Card,Store,2026,9,September,1,Tuesday,False,1928.56,642.85
TXN-0032615,2026-09-01,DXB-003,Dubai,CUST-06381,P006,Mouse,Accessories,3,98.83,20,296.49,59.3,237.19,Apple Pay,Store,2026,9,September,1,Tuesday,False,237.19,79.06
TXN-0032625,2026-09-01,DXB-005,Dubai,CUST-06886,P006,Mouse,Accessories,4,89.92,15,359.68,53.95,305.73,Apple Pay,Store,2026,9,September,1,Tuesday,False,305.73,76.43
TXN-0032654,2026-09-01,DXB-003,Dubai,CUST-03137,P008,Desk,Furniture,1,773.83,15,773.83,116.07,657.76,Apple Pay,Online,2026,9,September,1,Tuesday,False,657.76,657.76
TXN-0032796,2026-09-01,DXB-004,Dubai,CUST-06351,P015,Tablet,Electronics,2,1134.24,10,2268.48,226.85,2041.63,Apple Pay,Online,2026,9,September,1,Tuesday,False,2041.63,1020.82
TXN-0032813,2026-09-01,DXB-004,Dubai,CUST-07832,P001,Laptop,Electronics,1,2977.02,15,2977.02,446.55,2530.47,Card,Store,2026,9,September,1,Tuesday,False,2530.47,2530.47
TXN-0032879,2026-09-01,DXB-002,Dubai,CUST-06479,P014,Power Bank,Electronics,2,143.49,0,286.98,0.0,286.98,Card,Store,2026,9,September,1,Tuesday,False,286.98,143.49
TXN-0033034,2026-09-01,DXB-001,Dubai,CUST-03350,P014,Power Bank,Electronics,2,154.53,10,309.06,30.91,278.15,Card,Store,2026,9,September,1,Tuesday,False,278.15,139.07
TXN-0033139,2026-09-01,DXB-001,Dubai,CUST-03569,P009,Backpack,Accessories,1,236.85,10,236.85,23.68,213.17,Card,Store,2026,9,September,1,Tuesday,False,213.17,213.17
TXN-0033215,2026-09-01,DXB-001,Dubai,CUST-03508,P005,Keyboard,Accessories,2,169.21,0,338.42,0.0,338.42,Bank Transfer,Online,2026,9,September,1,Tuesday,False,338.42,169.21
TXN-0033251,2026-09-01,DXB-002,Dubai,CUST-03653,P009,Backpack,Accessories,4,208.75,15,835.0,125.25,709.75,Bank Transfer,Store,2026,9,September,1,Tuesday,False,709.75,177.44
TXN-0033275,2026-09-01,DXB-005,Dubai,CUST-04002,P003,Headphones,Electronics,2,376.27,10,752.54,75.25,677.29,Cash,Store,2026,9,September,1,Tuesday,False,677.29,338.64
TXN-0033386,2026-09-01,DXB-005,Dubai,CUST-05376,P006,Mouse,Accessories,2,100.13,0,200.26,0.0,200.26,Cash,Online,2026,9,September,1,Tuesday,False,200.26,100.13
TXN-0033393,2026-09-01,DXB-005,Dubai,CUST-07811,P009,Backpack,Accessories,4,216.38,10,865.52,86.55,778.97,Card,Store,2026,9,September,1,Tuesday,False,778.97,194.74
TXN-0033395,2026-09-01,DXB-001,Dubai,CUST-06358,P001,Laptop,Electronics,1,2767.54,10,2767.54,276.75,2490.79,Apple Pay,Store,2026,9,September,1,Tuesday,False,2490.79,2490.79
TXN-0033492,2026-09-01,DXB-005,Dubai,CUST-06526,P013,USB Drive,Accessories,1,51.19,5,51.19,2.56,48.63,Apple Pay,Store,2026,9,September,1,Tuesday,False,48.63,48.63
TXN-0033588,2026-09-01,DXB-003,Dubai,CUST-04023,P003,Headphones,Electronics,3,390.27,10,1170.81,117.08,1053.73,Apple Pay,Store,2026,9,September,1,Tuesday,False,1053.73,351.24
TXN-0033615,2026-09-01,DXB-002,Dubai,CUST-00029,P012,Pen Pack,Stationery,2,13.37,5,26.74,1.34,25.4,Apple Pay,Store,2026,9,September,1,Tuesday,False,25.4,12.7
TXN-0033621,2026-09-01,DXB-005,Dubai,CUST-00303,P006,Mouse,Accessories,3,104.86,10,314.58,31.46,283.12,Card,Store,2026,9,September,1,Tuesday,False,283.12,94.37
TXN-0033653,2026-09-01,DXB-001,Dubai,CUST-01130,P003,Headphones,Electronics,3,354.83,0,1064.49,0.0,1064.49,Apple Pay,Store,2026,9,September,1,Tuesday,False,1064.49,354.83
TXN-0033773,2026-09-01,DXB-003,Dubai,CUST-07904,P013,USB Drive,Accessories,3,48.22,10,144.66,14.47,130.19,Cash,Store,2026,9,September,1,Tuesday,False,130.19,43.4
TXN-0033853,2026-09-01,DXB-004,Dubai,CUST-02720,P008,Desk,Furniture,1,769.74,0,769.74,0.0,769.74,Card,Store,2026,9,September,1,Tuesday,False,769.74,769.74
TXN-0033871,2026-09-01,DXB-004,Dubai,CUST-04620,P004,Monitor,Electronics,3,847.53,10,2542.59,254.26,2288.33,Bank Transfer,Store,2026,9,September,1,Tuesday,False,2288.33,762.78
TXN-0033884,2026-09-01,DXB-001,Dubai,CUST-03997,P002,Smartphone,Electronics,3,1940.95,10,5822.85,582.28,5240.57,Apple Pay,Store,2026,9,September,1,Tuesday,False,5240.57,1746.86
TXN-0033970,2026-09-01,DXB-001,Dubai,CUST-04007,P008,Desk,Furniture,4,788.68,5,3154.72,157.74,2996.98,Cash,Store,2026,9,September,1,Tuesday,False,2996.98,749.24
TXN-0034058,2026-09-01,DXB-003,Dubai,CUST-06347,P014,Power Bank,Electronics,2,139.1,5,278.2,13.91,264.29,Apple Pay,Store,2026,9,September,1,Tuesday,False,264.29,132.15
TXN-0034087,2026-09-01,DXB-004,Dubai,CUST-00023,P014,Power Bank,Electronics,2,157.89,15,315.78,47.37,268.41,Card,Store,2026,9,September,1,Tuesday,False,268.41,134.21
TXN-0034199,2026-09-01,DXB-001,Dubai,CUST-00475,P003,Headphones,Electronics,1,312.67,0,312.67,0.0,312.67,Bank Transfer,Store,2026,9,September,1,Tuesday,False,312.67,312.67
TXN-0034215,2026-09-01,DXB-001,Dubai,CUST-04334,P015,Tablet,Electronics,1,1081.34,10,1081.34,108.13,973.21,Card,Store,2026,9,September,1,Tuesday,False,973.21,973.21
TXN-0034220,2026-09-01,DXB-005,Dubai,CUST-01515,P012,Pen Pack,Stationery,1,15.77,10,15.77,1.58,14.19,Card,Online,2026,9,September,1,Tuesday,False,14.19,14.19
TXN-0034233,2026-09-01,DXB-003,Dubai,CUST-05732,P006,Mouse,Accessories,2,99.2,0,198.4,0.0,198.4,Apple Pay,Store,2026,9,September,1,Tuesday,False,198.4,99.2
TXN-0034246,2026-09-01,DXB-003,Dubai,CUST-01713,P010,Printer,Office,1,774.91,15,774.91,116.24,658.67,Apple Pay,Store,2026,9,September,1,Tuesday,False,658.67,658.67
TXN-0034278,2026-09-01,DXB-003,Dubai,CUST-07469,P014,Power Bank,Electronics,1,133.44,15,133.44,20.02,113.42,Apple Pay,Store,2026,9,September,1,Tuesday,False,113.42,113.42
TXN-0034320,2026-09-01,DXB-005,Dubai,CUST-01648,P012,Pen Pack,Stationery,3,14.53,10,43.59,4.36,39.23,Card,Store,2026,9,September,1,Tuesday,False,39.23,13.08
TXN-0034339,2026-09-01,DXB-004,Dubai,CUST-04108,P004,Monitor,Electronics,1,986.82,10,986.82,98.68,888.14,Apple Pay,Online,2026,9,September,1,Tuesday,False,888.14,888.14
TXN-0034369,2026-09-01,DXB-004,Dubai,CUST-03127,P010,Printer,Office,1,679.31,0,679.31,0.0,679.31,Card,Online,2026,9,September,1,Tuesday,False,679.31,679.31
TXN-0034393,2026-09-01,DXB-003,Dubai,CUST-00635,P002,Smartphone,Electronics,2,1839.94,5,3679.88,183.99,3495.89,Apple Pay,Store,2026,9,September,1,Tuesday,False,3495.89,1747.94
TXN-0034528,2026-09-01,DXB-001,Dubai,CUST-03866,P003,Headphones,Electronics,3,322.02,15,966.06,144.91,821.15,Apple Pay,Online,2026,9,September,1,Tuesday,False,821.15,273.72
TXN-0034553,2026-09-01,DXB-002,Dubai,CUST-05735,P011,Notebook,Stationery,1,26.4,10,26.4,2.64,23.76,Cash,Store,2026,9,September,1,Tuesday,False,23.76,23.76
TXN-0034571,2026-09-01,DXB-005,Dubai,CUST-06506,P005,Keyboard,Accessories,1,181.04,15,181.04,27.16,153.88,Card,Store,2026,9,September,1,Tuesday,False,153.88,153.88
TXN-0034688,2026-09-01,DXB-001,Dubai,CUST-03726,P013,USB Drive,Accessories,1,43.4,20,43.4,8.68,34.72,Apple Pay,Store,2026,9,September,1,Tuesday,False,34.72,34.72
TXN-0034714,2026-09-01,DXB-002,Dubai,CUST-01157,P002,Smartphone,Electronics,1,1585.06,10,1585.06,158.51,1426.55,Card,Store,2026,9,September,1,Tuesday,False,1426.55,1426.55
TXN-0034790,2026-09-01,DXB-003,Dubai,CUST-07081,P001,Laptop,Electronics,2,2738.94,10,5477.88,547.79,4930.09,Apple Pay,Online,2026,9,September,1,Tuesday,False,4930.09,2465.04
TXN-0034815,2026-09-01,DXB-001,Dubai,CUST-04228,P015,Tablet,Electronics,1,1132.81,0,1132.81,0.0,1132.81,Card,Online,2026,9,September,1,Tuesday,False,1132.81,1132.81
TXN-0034858,2026-09-01,DXB-004,Dubai,CUST-04320,P014,Power Bank,Electronics,1,148.68,5,148.68,7.43,141.25,Card,Online,2026,9,September,1,Tuesday,False,141.25,141.25
TXN-0034916,2026-09-01,DXB-002,Dubai,CUST-04557,P006,Mouse,Accessories,2,94.2,5,188.4,9.42,178.98,Bank Transfer,Online,2026,9,September,1,Tuesday,False,178.98,89.49
TXN-0034919,2026-09-01,DXB-001,Dubai,CUST-04468,P006,Mouse,Accessories,1,87.81,20,87.81,17.56,70.25,Card,Online,2026,9,September,1,Tuesday,False,70.25,70.25
TXN-0035026,2026-09-01,DXB-001,Dubai,CUST-03636,P014,Power Bank,Electronics,4,145.75,10,583.0,58.3,524.7,Card,Store,2026,9,September,1,Tuesday,False,524.7,131.18
TXN-0035077,2026-09-01,DXB-005,Dubai,CUST-00191,P011,Notebook,Stationery,1,26.35,5,26.35,1.32,25.03,Apple Pay,Store,2026,9,September,1,Tuesday,False,25.03,25.03
TXN-0035146,2026-09-01,DXB-003,Dubai,CUST-06582,P010,Printer,Office,1,749.44,0,749.44,0.0,749.44,Cash,Store,2026,9,September,1,Tuesday,False,749.44,749.44
TXN-0035150,2026-09-01,DXB-003,Dubai,CUST-05458,P003,Headphones,Electronics,1,356.98,10,356.98,35.7,321.28,Apple Pay,Store,2026,9,September,1,Tuesday,False,321.28,321.28
TXN-0035187,2026-09-01,DXB-002,Dubai,CUST-00425,P005,Keyboard,Accessories,2,192.37,10,384.74,38.47,346.27,Card,Store,2026,9,September,1,Tuesday,False,346.27,173.14
TXN-0035314,2026-09-01,DXB-002,Dubai,CUST-04771,P011,Notebook,Stationery,1,24.93,0,24.93,0.0,24.93,Card,Store,2026,9,September,1,Tuesday,False,24.93,24.93
TXN-0035325,2026-09-01,DXB-001,Dubai,CUST-01144,P011,Notebook,Stationery,1,26.78,5,26.78,1.34,25.44,Bank Transfer,Store,2026,9,September,1,Tuesday,False,25.44,25.44
TXN-0035342,2026-09-01,DXB-002,Dubai,CUST-03798,P013,USB Drive,Accessories,1,43.8,5,43.8,2.19,41.61,Apple Pay,Online,2026,9,September,1,Tuesday,False,41.61,41.61
TXN-0035356,2026-09-01,DXB-005,Dubai,CUST-07946,P014,Power Bank,Electronics,1,156.72,0,156.72,0.0,156.72,Card,Store,2026,9,September,1,Tuesday,False,156.72,156.72
TXN-0035529,2026-09-01,DXB-004,Dubai,CUST-05690,P012,Pen Pack,Stationery,2,15.26,5,30.52,1.53,28.99,Cash,Store,2026,9,September,1,Tuesday,False,28.99,14.5
TXN-0035536,2026-09-01,DXB-001,Dubai,CUST-04037,P003,Headphones,Electronics,2,351.49,10,702.98,70.3,632.68,Card,Online,2026,9,September,1,Tuesday,False,632.68,316.34
TXN-0035554,2026-09-01,DXB-001,Dubai,CUST-04404,P002,Smartphone,Electronics,1,1905.52,15,1905.52,285.83,1619.69,Apple Pay,Store,2026,9,September,1,Tuesday,False,1619.69,1619.69
TXN-0035587,2026-09-01,DXB-001,Dubai,CUST-05161,P002,Smartphone,Electronics,1,2016.01,5,2016.01,100.8,1915.21,Apple Pay,Online,2026,9,September,1,Tuesday,False,1915.21,1915.21
TXN-0035602,2026-09-01,DXB-002,Dubai,CUST-03950,P005,Keyboard,Accessories,6,163.54,10,981.24,98.12,883.12,Card,Store,2026,9,September,1,Tuesday,False,883.12,147.19
TXN-0035603,2026-09-01,DXB-002,Dubai,CUST-04665,P006,Mouse,Accessories,1,101.69,0,101.69,0.0,101.69,Bank Transfer,Store,2026,9,September,1,Tuesday,False,101.69,101.69
TXN-0035632,2026-09-01,DXB-001,Dubai,CUST-01625,P004,Monitor,Electronics,2,912.26,10,1824.52,182.45,1642.07,Card,Online,2026,9,September,1,Tuesday,False,1642.07,821.04
TXN-0035675,2026-09-01,DXB-002,Dubai,CUST-03097,P007,Office Chair,Furniture,1,704.63,0,704.63,0.0,704.63,Cash,Store,2026,9,September,1,Tuesday,False,704.63,704.63
TXN-0035819,2026-09-01,DXB-004,Dubai,CUST-07481,P002,Smartphone,Electronics,1,2154.91,5,2154.91,107.75,2047.16,Cash,Store,2026,9,September,1,Tuesday,False,2047.16,2047.16
TXN-0036053,2026-09-01,DXB-005,Dubai,CUST-02211,P003,Headphones,Electronics,5,339.51,10,1697.55,169.76,1527.79,Card,Store,2026,9,September,1,Tuesday,False,1527.79,305.56
TXN-0036054,2026-09-01,DXB-003,Dubai,CUST-06579,P001,Laptop,Electronics,3,2939.15,5,8817.45,440.87,8376.58,Apple Pay,Store,2026,9,September,1,Tuesday,False,8376.58,2792.19
TXN-0036101,2026-09-01,DXB-005,Dubai,CUST-06144,P010,Printer,Office,1,743.01,5,743.01,37.15,705.86,Cash,Store,2026,9,September,1,Tuesday,False,705.86,705.86
TXN-0036209,2026-09-01,DXB-005,Dubai,CUST-06258,P008,Desk,Furniture,4,897.96,10,3591.84,359.18,3232.66,Apple Pay,Store,2026,9,September,1,Tuesday,False,3232.66,808.16
TXN-0036333,2026-09-01,DXB-004,Dubai,CUST-01240,P007,Office Chair,Furniture,1,604.55,0,604.55,0.0,604.55,Apple Pay,Store,2026,9,September,1,Tuesday,False,604.55,604.55
TXN-0036403,2026-09-01,DXB-005,Dubai,CUST-03456,P005,Keyboard,Accessories,1,179.46,15,179.46,26.92,152.54,Apple Pay,Store,2026,9,September,1,Tuesday,False,152.54,152.54
TXN-0036425,2026-09-01,DXB-005,Dubai,CUST-03471,P009,Backpack,Accessories,3,218.16,0,654.48,0.0,654.48,Card,Online,2026,9,September,1,Tuesday,False,654.48,218.16
TXN-0036447,2026-09-01,DXB-001,Dubai,CUST-04138,P003,Headphones,Electronics,2,359.05,5,718.1,35.9,682.2,Card,Store,2026,9,September,1,Tuesday,False,682.2,341.1
TXN-0036651,2026-09-01,DXB-005,Dubai,CUST-07761,P005,Keyboard,Accessories,2,179.48,5,358.96,17.95,341.01,Card,Store,2026,9,September,1,Tuesday,False,341.01,170.5
TXN-0036657,2026-09-01,DXB-001,Dubai,CUST-07460,P004,Monitor,Electronics,1,855.43,5,855.43,42.77,812.66,Card,Store,2026,9,September,1,Tuesday,False,812.66,812.66
TXN-0036829,2026-09-01,DXB-004,Dubai,CUST-06528,P004,Monitor,Electronics,1,944.47,20,944.47,188.89,755.58,Card,Store,2026,9,September,1,Tuesday,False,755.58,755.58
TXN-0036864,2026-09-01,DXB-001,Dubai,CUST-00018,P012,Pen Pack,Stationery,4,15.55,10,62.2,6.22,55.98,Cash,Store,2026,9,September,1,Tuesday,False,55.98,14.0
TXN-0036868,2026-09-01,DXB-001,Dubai,CUST-00551,P010,Printer,Office,1,718.35,15,718.35,107.75,610.6,Card,Store,2026,9,September,1,Tuesday,False,610.6,610.6
TXN-0036923,2026-09-01,DXB-002,Dubai,CUST-04607,P007,Office Chair,Furniture,1,707.59,0,707.59,0.0,707.59,Apple Pay,Online,2026,9,September,1,Tuesday,False,707.59,707.59
TXN-0036937,2026-09-01,DXB-001,Dubai,CUST-06788,P005,Keyboard,Accessories,3,178.69,0,536.07,0.0,536.07,Card,Store,2026,9,September,1,Tuesday,False,536.07,178.69
TXN-0037150,2026-09-01,DXB-002,Dubai,CUST-04896,P011,Notebook,Stationery,1,23.73,10,23.73,2.37,21.36,Card,Store,2026,9,September,1,Tuesday,False,21.36,21.36
TXN-0037222,2026-09-01,DXB-003,Dubai,CUST-04154,P012,Pen Pack,Stationery,1,16.34,10,16.34,1.63,14.71,Card,Store,2026,9,September,1,Tuesday,False,14.71,14.71
TXN-0037236,2026-09-01,DXB-005,Dubai,CUST-00725,P008,Desk,Furniture,2,815.03,20,1630.06,326.01,1304.05,Card,Store,2026,9,September,1,Tuesday,False,1304.05,652.02
TXN-0037248,2026-09-01,DXB-005,Dubai,CUST-00785,P009,Backpack,Accessories,1,235.01,10,235.01,23.5,211.51,Cash,Store,2026,9,September,1,Tuesday,False,211.51,211.51
TXN-0037278,2026-09-01,DXB-002,Dubai,CUST-01233,P004,Monitor,Electronics,1,930.31,15,930.31,139.55,790.76,Card,Store,2026,9,September,1,Tuesday,False,790.76,790.76
TXN-0037322,2026-09-01,DXB-002,Dubai,CUST-00678,P006,Mouse,Accessories,1,102.24,0,102.24,0.0,102.24,Card,Online,2026,9,September,1,Tuesday,False,102.24,102.24
TXN-0037391,2026-09-01,DXB-003,Dubai,CUST-00956,P009,Backpack,Accessories,4,229.81,10,919.24,91.92,827.32,Card,Store,2026,9,September,1,Tuesday,False,827.32,206.83
TXN-0037549,2026-09-01,DXB-001,Dubai,CUST-00447,P013,USB Drive,Accessories,1,43.01,10,43.01,4.3,38.71,Card,Online,2026,9,September,1,Tuesday,False,38.71,38.71
TXN-0037562,2026-09-01,DXB-003,Dubai,CUST-03849,P015,Tablet,Electronics,2,1290.0,0,2580.0,0.0,2580.0,Apple Pay,Online,2026,9,September,1,Tuesday,False,2580.0,1290.0
TXN-0037583,2026-09-01,DXB-004,Dubai,CUST-04578,P002,Smartphone,Electronics,3,1824.64,5,5473.92,273.7,5200.22,Cash,Store,2026,9,September,1,Tuesday,False,5200.22,1733.41
TXN-0037620,2026-09-01,DXB-001,Dubai,CUST-07915,P006,Mouse,Accessories,1,99.11,15,99.11,14.87,84.24,Apple Pay,Store,2026,9,September,1,Tuesday,False,84.24,84.24
TXN-0037654,2026-09-01,DXB-004,Dubai,CUST-00363,P010,Printer,Office,2,691.66,0,1383.32,0.0,1383.32,Apple Pay,Online,2026,9,September,1,Tuesday,False,1383.32,691.66
TXN-0037671,2026-09-01,DXB-001,Dubai,CUST-01566,P014,Power Bank,Electronics,3,145.89,0,437.67,0.0,437.67,Card,Store,2026,9,September,1,Tuesday,False,437.67,145.89
TXN-0037768,2026-09-01,DXB-001,Dubai,CUST-04870,P008,Desk,Furniture,1,756.49,0,756.49,0.0,756.49,Card,Online,2026,9,September,1,Tuesday,False,756.49,756.49
TXN-0037774,2026-09-01,DXB-004,Dubai,CUST-06254,P009,Backpack,Accessories,1,220.93,20,220.93,44.19,176.74,Card,Online,2026,9,September,1,Tuesday,False,176.74,176.74
TXN-0037800,2026-09-01,DXB-005,Dubai,CUST-03368,P004,Monitor,Electronics,2,893.56,5,1787.12,89.36,1697.76,Bank Transfer,Store,2026,9,September,1,Tuesday,False,1697.76,848.88
TXN-0037864,2026-09-01,DXB-002,Dubai,CUST-05566,P015,Tablet,Electronics,2,1185.45,15,2370.9,355.64,2015.26,Card,Store,2026,9,September,1,Tuesday,False,2015.26,1007.63
TXN-0037895,2026-09-01,DXB-002,Dubai,CUST-07113,P003,Headphones,Electronics,1,325.81,0,325.81,0.0,325.81,Cash,Store,2026,9,September,1,Tuesday,False,325.81,325.81
TXN-0037964,2026-09-01,DXB-001,Dubai,CUST-02398,P008,Desk,Furniture,1,799.42,0,799.42,0.0,799.42,Card,Online,2026,9,September,1,Tuesday,False,799.42,799.42
TXN-0038016,2026-09-01,DXB-002,Dubai,CUST-06966,P015,Tablet,Electronics,1,1292.46,5,1292.46,64.62,1227.84,Card,Store,2026,9,September,1,Tuesday,False,1227.84,1227.84
TXN-0038026,2026-09-01,DXB-005,Dubai,CUST-02064,P008,Desk,Furniture,3,807.09,5,2421.27,121.06,2300.21,Card,Store,2026,9,September,1,Tuesday,False,2300.21,766.74
TXN-0038033,2026-09-01,DXB-005,Dubai,CUST-06334,P004,Monitor,Electronics,2,1005.98,15,2011.96,301.79,1710.17,Card,Store,2026,9,September,1,Tuesday,False,1710.17,855.08
TXN-0038051,2026-09-01,DXB-004,Dubai,CUST-02130,P006,Mouse,Accessories,2,93.01,15,186.02,27.9,158.12,Card,Store,2026,9,September,1,Tuesday,False,158.12,79.06
TXN-0038078,2026-09-01,DXB-003,Dubai,CUST-06137,P011,Notebook,Stationery,1,21.92,10,21.92,2.19,19.73,Bank Transfer,Store,2026,9,September,1,Tuesday,False,19.73,19.73
TXN-0038094,2026-09-01,DXB-003,Dubai,CUST-05135,P011,Notebook,Stationery,3,24.69,10,74.07,7.41,66.66,Card,Store,2026,9,September,1,Tuesday,False,66.66,22.22
TXN-0038114,2026-09-01,DXB-005,Dubai,CUST-07049,P011,Notebook,Stationery,1,27.31,10,27.31,2.73,24.58,Card,Store,2026,9,September,1,Tuesday,False,24.58,24.58
TXN-0038162,2026-09-01,DXB-004,Dubai,CUST-00804,P008,Desk,Furniture,1,774.26,15,774.26,116.14,658.12,Card,Store,2026,9,September,1,Tuesday,False,658.12,658.12
TXN-0038259,2026-09-01,DXB-001,Dubai,CUST-03549,P004,Monitor,Electronics,1,908.48,0,908.48,0.0,908.48,Cash,Store,2026,9,September,1,Tuesday,False,908.48,908.48
TXN-0038339,2026-09-01,DXB-002,Dubai,CUST-05566,P001,Laptop,Electronics,1,2924.07,5,2924.07,146.2,2777.87,Bank Transfer,Store,2026,9,September,1,Tuesday,False,2777.87,2777.87
TXN-0038379,2026-09-01,DXB-003,Dubai,CUST-04754,P006,Mouse,Accessories,6,98.49,10,590.94,59.09,531.85,Card,Store,2026,9,September,1,Tuesday,False,531.85,88.64
TXN-0038452,2026-09-01,DXB-004,Dubai,CUST-05911,P001,Laptop,Electronics,1,2824.24,0,2824.24,0.0,2824.24,Card,Store,2026,9,September,1,Tuesday,False,2824.24,2824.24
TXN-0038457,2026-09-01,DXB-003,Dubai,CUST-03694,P002,Smartphone,Electronics,1,1861.14,5,1861.14,93.06,1768.08,Bank Transfer,Store,2026,9,September,1,Tuesday,False,1768.08,1768.08
TXN-0038487,2026-09-01,DXB-003,Dubai,CUST-02343,P001,Laptop,Electronics,2,2475.26,0,4950.52,0.0,4950.52,Cash,Online,2026,9,September,1,Tuesday,False,4950.52,2475.26
TXN-0038493,2026-09-01,DXB-002,Dubai,CUST-00894,P012,Pen Pack,Stationery,1,13.94,10,13.94,1.39,12.55,Bank Transfer,Store,2026,9,September,1,Tuesday,False,12.55,12.55
TXN-0038538,2026-09-01,DXB-001,Dubai,CUST-01477,P015,Tablet,Electronics,1,1185.59,20,1185.59,237.12,948.47,Card,Store,2026,9,September,1,Tuesday,False,948.47,948.47
TXN-0038551,2026-09-01,DXB-001,Dubai,CUST-01705,P010,Printer,Office,2,727.4,0,1454.8,0.0,1454.8,Bank Transfer,Online,2026,9,September,1,Tuesday,False,1454.8,727.4
TXN-0038560,2026-09-01,DXB-001,Dubai,CUST-01301,P005,Keyboard,Accessories,3,181.95,5,545.85,27.29,518.56,Apple Pay,Store,2026,9,September,1,Tuesday,False,518.56,172.85
TXN-0038603,2026-09-01,DXB-001,Dubai,CUST-02860,P015,Tablet,Electronics,1,1217.58,0,1217.58,0.0,1217.58,Apple Pay,Online,2026,9,September,1,Tuesday,False,1217.58,1217.58
TXN-0038646,2026-09-01,DXB-003,Dubai,CUST-03919,P005,Keyboard,Accessories,2,211.43,20,422.86,84.57,338.29,Card,Store,2026,9,September,1,Tuesday,False,338.29,169.14
TXN-0038671,2026-09-01,DXB-004,Dubai,CUST-03908,P004,Monitor,Electronics,3,940.44,10,2821.32,282.13,2539.19,Card,Store,2026,9,September,1,Tuesday,False,2539.19,846.4
TXN-0038720,2026-09-01,DXB-002,Dubai,CUST-02395,P010,Printer,Office,2,720.0,5,1440.0,72.0,1368.0,Card,Online,2026,9,September,1,Tuesday,False,1368.0,684.0
TXN-0038793,2026-09-01,DXB-002,Dubai,CUST-02616,P014,Power Bank,Electronics,1,151.15,0,151.15,0.0,151.15,Card,Store,2026,9,September,1,Tuesday,False,151.15,151.15
TXN-0038831,2026-09-01,DXB-005,Dubai,CUST-07302,P002,Smartphone,Electronics,1,1648.6,5,1648.6,82.43,1566.17,Apple Pay,Store,2026,9,September,1,Tuesday,False,1566.17,1566.17
TXN-0038866,2026-09-01,DXB-003,Dubai,CUST-03378,P005,Keyboard,Accessories,4,180.3,0,721.2,0.0,721.2,Card,Store,2026,9,September,1,Tuesday,False,721.2,180.3
TXN-0038965,2026-09-01,DXB-001,Dubai,CUST-01945,P012,Pen Pack,Stationery,1,15.73,20,15.73,3.15,12.58,Card,Store,2026,9,September,1,Tuesday,False,12.58,12.58
TXN-0038969,2026-09-01,DXB-004,Dubai,CUST-04503,P002,Smartphone,Electronics,3,1870.38,5,5611.14,280.56,5330.58,Card,Store,2026,9,September,1,Tuesday,False,5330.58,1776.86
TXN-0039006,2026-09-01,DXB-005,Dubai,CUST-01834,P005,Keyboard,Accessories,3,170.02,0,510.06,0.0,510.06,Cash,Store,2026,9,September,1,Tuesday,False,510.06,170.02
TXN-0039080,2026-09-01,DXB-001,Dubai,CUST-02990,P001,Laptop,Electronics,1,2788.63,0,2788.63,0.0,2788.63,Bank Transfer,Store,2026,9,September,1,Tuesday,False,2788.63,2788.63
TXN-0039106,2026-09-01,DXB-005,Dubai,CUST-06178,P002,Smartphone,Electronics,2,1660.57,0,3321.14,0.0,3321.14,Card,Store,2026,9,September,1,Tuesday,False,3321.14,1660.57
TXN-0039107,2026-09-01,DXB-003,Dubai,CUST-02001,P013,USB Drive,Accessories,1,43.41,5,43.41,2.17,41.24,Cash,Online,2026,9,September,1,Tuesday,False,41.24,41.24
TXN-0039132,2026-09-01,DXB-001,Dubai,CUST-00059,P003,Headphones,Electronics,1,368.01,10,368.01,36.8,331.21,Cash,Online,2026,9,September,1,Tuesday,False,331.21,331.21
TXN-0039173,2026-09-01,DXB-001,Dubai,CUST-01463,P010,Printer,Office,1,722.32,15,722.32,108.35,613.97,Apple Pay,Store,2026,9,September,1,Tuesday,False,613.97,613.97
TXN-0039179,2026-09-01,DXB-005,Dubai,CUST-05563,P015,Tablet,Electronics,1,1056.16,15,1056.16,158.42,897.74,Apple Pay,Online,2026,9,September,1,Tuesday,False,897.74,897.74
TXN-0039306,2026-09-01,DXB-005,Dubai,CUST-01512,P011,Notebook,Stationery,1,24.27,5,24.27,1.21,23.06,Apple Pay,Store,2026,9,September,1,Tuesday,False,23.06,23.06
TXN-0039356,2026-09-01,DXB-001,Dubai,CUST-06174,P008,Desk,Furniture,1,779.55,0,779.55,0.0,779.55,Card,Online,2026,9,September,1,Tuesday,False,779.55,779.55
TXN-0039545,2026-09-01,DXB-001,Dubai,CUST-05362,P015,Tablet,Electronics,2,1214.46,0,2428.92,0.0,2428.92,Card,Online,2026,9,September,1,Tuesday,False,2428.92,1214.46
TXN-0039579,2026-09-01,DXB-003,Dubai,CUST-00589,P001,Laptop,Electronics,2,2778.63,15,5557.26,833.59,4723.67,Apple Pay,Store,2026,9,September,1,Tuesday,False,4723.67,2361.84
TXN-0039633,2026-09-01,DXB-002,Dubai,CUST-03042,P009,Backpack,Accessories,2,224.56,0,449.12,0.0,449.12,Apple Pay,Online,2026,9,September,1,Tuesday,False,449.12,224.56
TXN-0039652,2026-09-01,DXB-001,Dubai,CUST-05851,P002,Smartphone,Electronics,1,1980.63,5,1980.63,99.03,1881.6,Card,Online,2026,9,September,1,Tuesday,False,1881.6,1881.6
TXN-0039713,2026-09-01,DXB-003,Dubai,CUST-00063,P002,Smartphone,Electronics,1,1734.07,15,1734.07,260.11,1473.96,Card,Store,2026,9,September,1,Tuesday,False,1473.96,1473.96
TXN-0039744,2026-09-01,DXB-003,Dubai,CUST-04836,P004,Monitor,Electronics,2,836.18,20,1672.36,334.47,1337.89,Bank Transfer,Store,2026,9,September,1,Tuesday,False,1337.89,668.94
TXN-0039904,2026-09-01,DXB-001,Dubai,CUST-00509,P010,Printer,Office,2,669.72,10,1339.44,133.94,1205.5,Card,Store,2026,9,September,1,Tuesday,False,1205.5,602.75
TXN-0039978,2026-09-01,DXB-003,Dubai,CUST-00529,P014,Power Bank,Electronics,1,137.27,0,137.27,0.0,137.27,Apple Pay,Store,2026,9,September,1,Tuesday,False,137.27,137.27
TXN-0040016,2026-09-01,DXB-001,Dubai,CUST-07854,P011,Notebook,Stationery,4,23.47,10,93.88,9.39,84.49,Card,Store,2026,9,September,1,Tuesday,False,84.49,21.12
TXN-0040225,2026-09-01,DXB-005,Dubai,CUST-05101,P012,Pen Pack,Stationery,2,15.58,0,31.16,0.0,31.16,Card,Online,2026,9,September,1,Tuesday,False,31.16,15.58
TXN-0040278,2026-09-01,DXB-001,Dubai,CUST-01423,P007,Office Chair,Furniture,2,679.0,15,1358.0,203.7,1154.3,Card,Store,2026,9,September,1,Tuesday,False,1154.3,577.15
TXN-0040388,2026-09-01,DXB-005,Dubai,CUST-02236,P007,Office Chair,Furniture,1,636.91,0,636.91,0.0,636.91,Apple Pay,Store,2026,9,September,1,Tuesday,False,636.91,636.91
TXN-0040409,2026-09-01,DXB-004,Dubai,CUST-00877,P008,Desk,Furniture,1,764.63,0,764.63,0.0,764.63,Apple Pay,Store,2026,9,September,1,Tuesday,False,764.63,764.63
TXN-0040557,2026-09-01,DXB-005,Dubai,CUST-06596,P003,Headphones,Electronics,5,364.43,0,1822.15,0.0,1822.15,Bank Transfer,Store,2026,9,September,1,Tuesday,False,1822.15,364.43
TXN-0040579,2026-09-01,DXB-003,Dubai,CUST-03528,P012,Pen Pack,Stationery,6,14.26,20,85.56,17.11,68.45,Card,Store,2026,9,September,1,Tuesday,False,68.45,11.41
TXN-0040657,2026-09-01,DXB-004,Dubai,CUST-07014,P010,Printer,Office,2,618.41,10,1236.82,123.68,1113.14,Cash,Online,2026,9,September,1,Tuesday,False,1113.14,556.57
TXN-0040678,2026-09-01,DXB-002,Dubai,CUST-00191,P006,Mouse,Accessories,1,106.55,0,106.55,0.0,106.55,Cash,Online,2026,9,September,1,Tuesday,False,106.55,106.55
TXN-0040763,2026-09-01,DXB-002,Dubai,CUST-07137,P001,Laptop,Electronics,2,2966.72,5,5933.44,296.67,5636.77,Card,Store,2026,9,September,1,Tuesday,False,5636.77,2818.38
TXN-0040781,2026-09-01,DXB-001,Dubai,CUST-00195,P004,Monitor,Electronics,3,850.24,0,2550.72,0.0,2550.72,Apple Pay,Store,2026,9,September,1,Tuesday,False,2550.72,850.24
TXN-0040814,2026-09-01,DXB-002,Dubai,CUST-05143,P001,Laptop,Electronics,1,3057.61,15,3057.61,458.64,2598.97,Apple Pay,Online,2026,9,September,1,Tuesday,False,2598.97,2598.97
TXN-0040865,2026-09-01,DXB-003,Dubai,CUST-05899,P010,Printer,Office,1,669.76,0,669.76,0.0,669.76,Apple Pay,Online,2026,9,September,1,Tuesday,False,669.76,669.76
TXN-0040977,2026-09-01,DXB-005,Dubai,CUST-06232,P002,Smartphone,Electronics,3,1892.15,10,5676.45,567.64,5108.81,Cash,Store,2026,9,September,1,Tuesday,False,5108.81,1702.94
TXN-0040980,2026-09-01,DXB-004,Dubai,CUST-07350,P002,Smartphone,Electronics,2,1800.78,15,3601.56,540.23,3061.33,Apple Pay,Store,2026,9,September,1,Tuesday,False,3061.33,1530.66
TXN-0040984,2026-09-01,DXB-003,Dubai,CUST-00351,P008,Desk,Furniture,1,842.04,5,842.04,42.1,799.94,Card,Online,2026,9,September,1,Tuesday,False,799.94,799.94
TXN-0041009,2026-09-01,DXB-004,Dubai,CUST-01070,P001,Laptop,Electronics,2,2887.63,0,5775.26,0.0,5775.26,Card,Store,2026,9,September,1,Tuesday,False,5775.26,2887.63
TXN-0041035,2026-09-01,DXB-001,Dubai,CUST-05037,P013,USB Drive,Accessories,1,47.66,0,47.66,0.0,47.66,Card,Store,2026,9,September,1,Tuesday,False,47.66,47.66
TXN-0041045,2026-09-01,DXB-001,Dubai,CUST-01677,P006,Mouse,Accessories,2,96.6,5,193.2,9.66,183.54,Card,Store,2026,9,September,1,Tuesday,False,183.54,91.77
TXN-0041062,2026-09-01,DXB-003,Dubai,CUST-06820,P015,Tablet,Electronics,1,1319.29,5,1319.29,65.96,1253.33,Apple Pay,Online,2026,9,September,1,Tuesday,False,1253.33,1253.33
TXN-0041134,2026-09-01,DXB-003,Dubai,CUST-04190,P002,Smartphone,Electronics,1,1911.99,5,1911.99,95.6,1816.39,Apple Pay,Store,2026,9,September,1,Tuesday,False,1816.39,1816.39
TXN-0041136,2026-09-01,DXB-005,Dubai,CUST-06607,P014,Power Bank,Electronics,3,148.65,10,445.95,44.6,401.35,Card,Store,2026,9,September,1,Tuesday,False,401.35,133.78
TXN-0041176,2026-09-01,DXB-003,Dubai,CUST-01718,P004,Monitor,Electronics,1,938.93,15,938.93,140.84,798.09,Apple Pay,Online,2026,9,September,1,Tuesday,False,798.09,798.09
TXN-0041192,2026-09-01,DXB-004,Dubai,CUST-01760,P013,USB Drive,Accessories,1,42.39,15,42.39,6.36,36.03,Apple Pay,Online,2026,9,September,1,Tuesday,False,36.03,36.03
TXN-0041195,2026-09-01,DXB-004,Dubai,CUST-07446,P008,Desk,Furniture,6,813.44,0,4880.64,0.0,4880.64,Card,Store,2026,9,September,1,Tuesday,False,4880.64,813.44
TXN-0041251,2026-09-01,DXB-002,Dubai,CUST-01201,P004,Monitor,Electronics,1,898.9,5,898.9,44.94,853.96,Card,Store,2026,9,September,1,Tuesday,False,853.96,853.96
TXN-0041362,2026-09-01,DXB-002,Dubai,CUST-01015,P011,Notebook,Stationery,1,24.88,5,24.88,1.24,23.64,Apple Pay,Online,2026,9,September,1,Tuesday,False,23.64,23.64
TXN-0041427,2026-09-01,DXB-005,Dubai,CUST-00650,P012,Pen Pack,Stationery,1,15.33,10,15.33,1.53,13.8,Apple Pay,Store,2026,9,September,1,Tuesday,False,13.8,13.8
TXN-0041557,2026-09-01,DXB-005,Dubai,CUST-03266,P013,USB Drive,Accessories,2,43.15,20,86.3,17.26,69.04,Cash,Store,2026,9,September,1,Tuesday,False,69.04,34.52
TXN-0041564,2026-09-01,DXB-004,Dubai,CUST-04284,P010,Printer,Office,2,719.18,10,1438.36,143.84,1294.52,Apple Pay,Online,2026,9,September,1,Tuesday,False,1294.52,647.26
TXN-0041630,2026-09-01,DXB-004,Dubai,CUST-05671,P001,Laptop,Electronics,1,3096.82,0,3096.82,0.0,3096.82,Apple Pay,Store,2026,9,September,1,Tuesday,False,3096.82,3096.82
TXN-0041837,2026-09-01,DXB-004,Dubai,CUST-06445,P013,USB Drive,Accessories,1,45.94,15,45.94,6.89,39.05,Card,Store,2026,9,September,1,Tuesday,False,39.05,39.05
TXN-0041846,2026-09-01,DXB-004,Dubai,CUST-05809,P013,USB Drive,Accessories,1,46.06,10,46.06,4.61,41.45,Card,Store,2026,9,September,1,Tuesday,False,41.45,41.45
TXN-0041878,2026-09-01,DXB-005,Dubai,CUST-00243,P001,Laptop,Electronics,1,2688.83,5,2688.83,134.44,2554.39,Card,Store,2026,9,September,1,Tuesday,False,2554.39,2554.39
TXN-0041884,2026-09-01,DXB-001,Dubai,CUST-07370,P005,Keyboard,Accessories,2,174.44,0,348.88,0.0,348.88,Bank Transfer,Store,2026,9,September,1,Tuesday,False,348.88,174.44
TXN-0041937,2026-09-01,DXB-004,Dubai,CUST-05538,P005,Keyboard,Accessories,1,159.07,0,159.07,0.0,159.07,Card,Store,2026,9,September,1,Tuesday,False,159.07,159.07
TXN-0042224,2026-09-01,DXB-004,Dubai,CUST-05708,P013,USB Drive,Accessories,3,44.46,0,133.38,0.0,133.38,Card,Store,2026,9,September,1,Tuesday,False,133.38,44.46
TXN-0042359,2026-09-01,DXB-002,Dubai,CUST-06798,P004,Monitor,Electronics,4,860.14,10,3440.56,344.06,3096.5,Card,Store,2026,9,September,1,Tuesday,False,3096.5,774.12
TXN-0042362,2026-09-01,DXB-002,Dubai,CUST-03443,P010,Printer,Office,1,686.55,10,686.55,68.66,617.89,Card,Store,2026,9,September,1,Tuesday,False,617.89,617.89
TXN-0042375,2026-09-01,DXB-002,Dubai,CUST-05413,P003,Headphones,Electronics,2,356.96,0,713.92,0.0,713.92,Card,Store,2026,9,September,1,Tuesday,False,713.92,356.96
TXN-0042411,2026-09-01,DXB-004,Dubai,CUST-07294,P003,Headphones,Electronics,2,356.07,0,712.14,0.0,712.14,Card,Store,2026,9,September,1,Tuesday,False,712.14,356.07
TXN-0042484,2026-09-01,DXB-001,Dubai,CUST-04195,P007,Office Chair,Furniture,2,660.38,15,1320.76,198.11,1122.65,Card,Store,2026,9,September,1,Tuesday,False,1122.65,561.33
TXN-0042610,2026-09-01,DXB-004,Dubai,CUST-00488,P014,Power Bank,Electronics,2,136.68,10,273.36,27.34,246.02,Apple Pay,Store,2026,9,September,1,Tuesday,False,246.02,123.01
TXN-0042704,2026-09-01,DXB-002,Dubai,CUST-03966,P011,Notebook,Stationery,2,21.79,0,43.58,0.0,43.58,Card,Online,2026,9,September,1,Tuesday,False,43.58,21.79
TXN-0042739,2026-09-01,DXB-001,Dubai,CUST-07147,P007,Office Chair,Furniture,1,655.39,0,655.39,0.0,655.39,Card,Online,2026,9,September,1,Tuesday,False,655.39,655.39
TXN-0042832,2026-09-01,DXB-003,Dubai,CUST-03028,P004,Monitor,Electronics,1,803.47,10,803.47,80.35,723.12,Apple Pay,Store,2026,9,September,1,Tuesday,False,723.12,723.12
TXN-0042844,2026-09-01,DXB-002,Dubai,CUST-04605,P010,Printer,Office,1,751.65,10,751.65,75.17,676.48,Bank Transfer,Store,2026,9,September,1,Tuesday,False,676.48,676.48
TXN-0042852,2026-09-01,DXB-001,Dubai,CUST-07123,P013,USB Drive,Accessories,1,45.07,5,45.07,2.25,42.82,Apple Pay,Online,2026,9,September,1,Tuesday,False,42.82,42.82
TXN-0042899,2026-09-01,DXB-005,Dubai,CUST-03170,P001,Laptop,Electronics,4,2851.1,15,11404.4,1710.66,9693.74,Apple Pay,Store,2026,9,September,1,Tuesday,False,9693.74,2423.44
TXN-0042947,2026-09-01,DXB-004,Dubai,CUST-00755,P005,Keyboard,Accessories,2,173.88,15,347.76,52.16,295.6,Card,Store,2026,9,September,1,Tuesday,False,295.6,147.8
TXN-0042976,2026-09-01,DXB-004,Dubai,CUST-05817,P002,Smartphone,Electronics,1,1844.72,0,1844.72,0.0,1844.72,Bank Transfer,Store,2026,9,September,1,Tuesday,False,1844.72,1844.72
TXN-0043060,2026-09-01,DXB-002,Dubai,CUST-06712,P005,Keyboard,Accessories,1,175.55,15,175.55,26.33,149.22,Bank Transfer,Store,2026,9,September,1,Tuesday,False,149.22,149.22
TXN-0043099,2026-09-01,DXB-002,Dubai,CUST-01576,P009,Backpack,Accessories,3,220.34,0,661.02,0.0,661.02,Card,Online,2026,9,September,1,Tuesday,False,661.02,220.34
TXN-0043209,2026-09-01,DXB-004,Dubai,CUST-01440,P002,Smartphone,Electronics,1,1745.87,15,1745.87,261.88,1483.99,Card,Online,2026,9,September,1,Tuesday,False,1483.99,1483.99
TXN-0043214,2026-09-01,DXB-002,Dubai,CUST-00405,P011,Notebook,Stationery,1,24.97,0,24.97,0.0,24.97,Card,Store,2026,9,September,1,Tuesday,False,24.97,24.97
TXN-0043286,2026-09-01,DXB-004,Dubai,CUST-03922,P001,Laptop,Electronics,1,2586.86,0,2586.86,0.0,2586.86,Card,Store,2026,9,September,1,Tuesday,False,2586.86,2586.86
TXN-0043301,2026-09-01,DXB-003,Dubai,CUST-02718,P007,Office Chair,Furniture,3,684.42,5,2053.26,102.66,1950.6,Apple Pay,Online,2026,9,September,1,Tuesday,False,1950.6,650.2
TXN-0043334,2026-09-01,DXB-001,Dubai,CUST-06998,P010,Printer,Office,2,662.37,0,1324.74,0.0,1324.74,Card,Store,2026,9,September,1,Tuesday,False,1324.74,662.37
TXN-0043398,2026-09-01,DXB-002,Dubai,CUST-02896,P013,USB Drive,Accessories,3,51.03,15,153.09,22.96,130.13,Card,Online,2026,9,September,1,Tuesday,False,130.13,43.38
TXN-0043419,2026-09-01,DXB-003,Dubai,CUST-04192,P003,Headphones,Electronics,2,384.91,5,769.82,38.49,731.33,Bank Transfer,Store,2026,9,September,1,Tuesday,False,731.33,365.66
TXN-0043426,2026-09-01,DXB-002,Dubai,CUST-06820,P007,Office Chair,Furniture,6,647.84,0,3887.04,0.0,3887.04,Card,Store,2026,9,September,1,Tuesday,False,3887.04,647.84
TXN-0043469,2026-09-01,DXB-001,Dubai,CUST-05587,P001,Laptop,Electronics,1,2692.06,0,2692.06,0.0,2692.06,Card,Online,2026,9,September,1,Tuesday,False,2692.06,2692.06
TXN-0043637,2026-09-01,DXB-001,Dubai,CUST-04503,P011,Notebook,Stationery,2,24.49,10,48.98,4.9,44.08,Card,Store,2026,9,September,1,Tuesday,False,44.08,22.04
TXN-0043678,2026-09-01,DXB-003,Dubai,CUST-05184,P001,Laptop,Electronics,1,2803.86,5,2803.86,140.19,2663.67,Apple Pay,Store,2026,9,September,1,Tuesday,False,2663.67,2663.67
TXN-0043773,2026-09-01,DXB-005,Dubai,CUST-03290,P011,Notebook,Stationery,1,22.01,0,22.01,0.0,22.01,Card,Store,2026,9,September,1,Tuesday,False,22.01,22.01
TXN-0043861,2026-09-01,DXB-001,Dubai,CUST-00821,P005,Keyboard,Accessories,4,173.05,15,692.2,103.83,588.37,Apple Pay,Store,2026,9,September,1,Tuesday,False,588.37,147.09
TXN-0043873,2026-09-01,DXB-003,Dubai,CUST-05836,P007,Office Chair,Furniture,1,632.27,0,632.27,0.0,632.27,Card,Store,2026,9,September,1,Tuesday,False,632.27,632.27
TXN-0043879,2026-09-01,DXB-003,Dubai,CUST-03242,P006,Mouse,Accessories,1,97.92,15,97.92,14.69,83.23,Cash,Store,2026,9,September,1,Tuesday,False,83.23,83.23
TXN-0043914,2026-09-01,DXB-005,Dubai,CUST-07715,P009,Backpack,Accessories,1,241.1,0,241.1,0.0,241.1,Card,Store,2026,9,September,1,Tuesday,False,241.1,241.1
TXN-0043927,2026-09-01,DXB-005,Dubai,CUST-06000,P001,Laptop,Electronics,6,2651.75,5,15910.5,795.52,15114.98,Apple Pay,Store,2026,9,September,1,Tuesday,False,15114.98,2519.16
TXN-0044074,2026-09-01,DXB-002,Dubai,CUST-00452,P001,Laptop,Electronics,2,3072.96,10,6145.92,614.59,5531.33,Card,Store,2026,9,September,1,Tuesday,False,5531.33,2765.66
TXN-0044192,2026-09-01,DXB-002,Dubai,CUST-01236,P001,Laptop,Electronics,1,3066.38,0,3066.38,0.0,3066.38,Card,Store,2026,9,September,1,Tuesday,False,3066.38,3066.38
TXN-0044242,2026-09-01,DXB-001,Dubai,CUST-00611,P003,Headphones,Electronics,2,333.83,10,667.66,66.77,600.89,Apple Pay,Online,2026,9,September,1,Tuesday,False,600.89,300.44
TXN-0044324,2026-09-01,DXB-005,Dubai,CUST-01717,P005,Keyboard,Accessories,1,192.25,0,192.25,0.0,192.25,Apple Pay,Online,2026,9,September,1,Tuesday,False,192.25,192.25
TXN-0044360,2026-09-01,DXB-001,Dubai,CUST-02886,P006,Mouse,Accessories,2,103.95,5,207.9,10.4,197.5,Apple Pay,Store,2026,9,September,1,Tuesday,False,197.5,98.75
TXN-0044502,2026-09-01,DXB-001,Dubai,CUST-02834,P007,Office Chair,Furniture,1,676.13,15,676.13,101.42,574.71,Cash,Store,2026,9,September,1,Tuesday,False,574.71,574.71
TXN-0044579,2026-09-01,DXB-003,Dubai,CUST-07557,P015,Tablet,Electronics,1,1284.47,10,1284.47,128.45,1156.02,Card,Store,2026,9,September,1,Tuesday,False,1156.02,1156.02
TXN-0044703,2026-09-01,DXB-003,Dubai,CUST-06882,P011,Notebook,Stationery,1,26.68,15,26.68,4.0,22.68,Bank Transfer,Store,2026,9,September,1,Tuesday,False,22.68,22.68
TXN-0044705,2026-09-01,DXB-005,Dubai,CUST-04289,P013,USB Drive,Accessories,1,46.09,5,46.09,2.3,43.79,Apple Pay,Online,2026,9,September,1,Tuesday,False,43.79,43.79
TXN-0044747,2026-09-01,DXB-004,Dubai,CUST-05228,P002,Smartphone,Electronics,5,1927.28,10,9636.4,963.64,8672.76,Card,Online,2026,9,September,1,Tuesday,False,8672.76,1734.55
TXN-0044798,2026-09-01,DXB-003,Dubai,CUST-02394,P014,Power Bank,Electronics,1,164.26,0,164.26,0.0,164.26,Card,Store,2026,9,September,1,Tuesday,False,164.26,164.26
TXN-0044976,2026-09-01,DXB-001,Dubai,CUST-00359,P012,Pen Pack,Stationery,1,14.54,0,14.54,0.0,14.54,Cash,Online,2026,9,September,1,Tuesday,False,14.54,14.54
TXN-0044977,2026-09-01,DXB-003,Dubai,CUST-06352,P010,Printer,Office,4,696.39,15,2785.56,417.83,2367.73,Card,Store,2026,9,September,1,Tuesday,False,2367.73,591.93
TXN-0045056,2026-09-01,DXB-003,Dubai,CUST-04957,P005,Keyboard,Accessories,2,174.68,0,349.36,0.0,349.36,Cash,Store,2026,9,September,1,Tuesday,False,349.36,174.68
TXN-0045100,2026-09-01,DXB-003,Dubai,CUST-07845,P006,Mouse,Accessories,1,113.12,0,113.12,0.0,113.12,Apple Pay,Store,2026,9,September,1,Tuesday,False,113.12,113.12
TXN-0045242,2026-09-01,DXB-002,Dubai,CUST-01083,P006,Mouse,Accessories,1,103.58,10,103.58,10.36,93.22,Card,Online,2026,9,September,1,Tuesday,False,93.22,93.22
TXN-0045340,2026-09-01,DXB-003,Dubai,CUST-06806,P013,USB Drive,Accessories,1,43.16,0,43.16,0.0,43.16,Card,Store,2026,9,September,1,Tuesday,False,43.16,43.16
TXN-0045358,2026-09-01,DXB-002,Dubai,CUST-02301,P011,Notebook,Stationery,1,23.71,0,23.71,0.0,23.71,Cash,Online,2026,9,September,1,Tuesday,False,23.71,23.71
TXN-0045367,2026-09-01,DXB-005,Dubai,CUST-03502,P003,Headphones,Electronics,5,394.58,10,1972.9,197.29,1775.61,Bank Transfer,Store,2026,9,September,1,Tuesday,False,1775.61,355.12
TXN-0045431,2026-09-01,DXB-002,Dubai,CUST-04905,P001,Laptop,Electronics,3,2292.97,20,6878.91,1375.78,5503.13,Card,Store,2026,9,September,1,Tuesday,False,5503.13,1834.38
TXN-0045432,2026-09-01,DXB-003,Dubai,CUST-00242,P012,Pen Pack,Stationery,2,14.52,0,29.04,0.0,29.04,Apple Pay,Store,2026,9,September,1,Tuesday,False,29.04,14.52
TXN-0045472,2026-09-01,DXB-004,Dubai,CUST-05520,P005,Keyboard,Accessories,1,163.46,10,163.46,16.35,147.11,Card,Store,2026,9,September,1,Tuesday,False,147.11,147.11
TXN-0045479,2026-09-01,DXB-003,Dubai,CUST-01190,P010,Printer,Office,1,722.78,5,722.78,36.14,686.64,Cash,Store,2026,9,September,1,Tuesday,False,686.64,686.64
TXN-0045701,2026-09-01,DXB-002,Dubai,CUST-03006,P009,Backpack,Accessories,1,232.89,0,232.89,0.0,232.89,Card,Online,2026,9,September,1,Tuesday,False,232.89,232.89
TXN-0045782,2026-09-01,DXB-002,Dubai,CUST-05641,P001,Laptop,Electronics,2,3025.05,10,6050.1,605.01,5445.09,Apple Pay,Store,2026,9,September,1,Tuesday,False,5445.09,2722.54
TXN-0045814,2026-09-01,DXB-003,Dubai,CUST-05334,P006,Mouse,Accessories,1,106.96,0,106.96,0.0,106.96,Card,Store,2026,9,September,1,Tuesday,False,106.96,106.96
TXN-0045896,2026-09-01,DXB-002,Dubai,CUST-07269,P010,Printer,Office,1,730.22,0,730.22,0.0,730.22,Cash,Store,2026,9,September,1,Tuesday,False,730.22,730.22
TXN-0046009,2026-09-01,DXB-001,Dubai,CUST-04402,P013,USB Drive,Accessories,3,44.04,0,132.12,0.0,132.12,Card,Store,2026,9,September,1,Tuesday,False,132.12,44.04
TXN-0046089,2026-09-01,DXB-001,Dubai,CUST-00214,P014,Power Bank,Electronics,1,153.04,5,153.04,7.65,145.39,Card,Store,2026,9,September,1,Tuesday,False,145.39,145.39
TXN-0046112,2026-09-01,DXB-001,Dubai,CUST-00881,P003,Headphones,Electronics,5,312.73,20,1563.65,312.73,1250.92,Cash,Store,2026,9,September,1,Tuesday,False,1250.92,250.18
TXN-0046124,2026-09-01,DXB-005,Dubai,CUST-02099,P011,Notebook,Stationery,5,24.59,5,122.95,6.15,116.8,Card,Online,2026,9,September,1,Tuesday,False,116.8,23.36
TXN-0046183,2026-09-01,DXB-001,Dubai,CUST-04760,P001,Laptop,Electronics,2,2762.1,15,5524.2,828.63,4695.57,Card,Store,2026,9,September,1,Tuesday,False,4695.57,2347.78
TXN-0046269,2026-09-01,DXB-003,Dubai,CUST-04075,P003,Headphones,Electronics,1,329.32,0,329.32,0.0,329.32,Bank Transfer,Online,2026,9,September,1,Tuesday,False,329.32,329.32
TXN-0046283,2026-09-01,DXB-002,Dubai,CUST-00112,P002,Smartphone,Electronics,1,1779.72,5,1779.72,88.99,1690.73,Card,Store,2026,9,September,1,Tuesday,False,1690.73,1690.73
TXN-0046284,2026-09-01,DXB-003,Dubai,CUST-00977,P012,Pen Pack,Stationery,1,14.3,20,14.3,2.86,11.44,Bank Transfer,Store,2026,9,September,1,Tuesday,False,11.44,11.44
TXN-0046309,2026-09-01,DXB-002,Dubai,CUST-02906,P005,Keyboard,Accessories,2,168.26,0,336.52,0.0,336.52,Card,Store,2026,9,September,1,Tuesday,False,336.52,168.26
TXN-0046344,2026-09-01,DXB-001,Dubai,CUST-01648,P006,Mouse,Accessories,2,92.24,10,184.48,18.45,166.03,Bank Transfer,Store,2026,9,September,1,Tuesday,False,166.03,83.02
TXN-0046378,2026-09-01,DXB-004,Dubai,CUST-05268,P010,Printer,Office,1,645.53,10,645.53,64.55,580.98,Card,Store,2026,9,September,1,Tuesday,False,580.98,580.98
TXN-0046401,2026-09-01,DXB-005,Dubai,CUST-04401,P002,Smartphone,Electronics,2,1959.11,20,3918.22,783.64,3134.58,Card,Store,2026,9,September,1,Tuesday,False,3134.58,1567.29
TXN-0046407,2026-09-01,DXB-001,Dubai,CUST-03044,P013,USB Drive,Accessories,1,42.64,0,42.64,0.0,42.64,Apple Pay,Store,2026,9,September,1,Tuesday,False,42.64,42.64
TXN-0046412,2026-09-01,DXB-002,Dubai,CUST-02287,P010,Printer,Office,1,703.69,0,703.69,0.0,703.69,Apple Pay,Store,2026,9,September,1,Tuesday,False,703.69,703.69
TXN-0046527,2026-09-01,DXB-001,Dubai,CUST-02841,P009,Backpack,Accessories,3,213.9,10,641.7,64.17,577.53,Card,Store,2026,9,September,1,Tuesday,False,577.53,192.51
TXN-0046579,2026-09-01,DXB-004,Dubai,CUST-01584,P013,USB Drive,Accessories,2,45.57,0,91.14,0.0,91.14,Cash,Store,2026,9,September,1,Tuesday,False,91.14,45.57
TXN-0046601,2026-09-01,DXB-001,Dubai,CUST-04547,P007,Office Chair,Furniture,1,692.84,5,692.84,34.64,658.2,Cash,Store,2026,9,September,1,Tuesday,False,658.2,658.2
TXN-0046616,2026-09-01,DXB-004,Dubai,CUST-05406,P007,Office Chair,Furniture,1,654.54,0,654.54,0.0,654.54,Card,Store,2026,9,September,1,Tuesday,False,654.54,654.54
TXN-0046628,2026-09-01,DXB-001,Dubai,CUST-00440,P012,Pen Pack,Stationery,2,14.7,5,29.4,1.47,27.93,Card,Store,2026,9,September,1,Tuesday,False,27.93,13.96
TXN-0046636,2026-09-01,DXB-004,Dubai,CUST-06487,P011,Notebook,Stationery,4,26.17,0,104.68,0.0,104.68,Card,Store,2026,9,September,1,Tuesday,False,104.68,26.17
TXN-0046648,2026-09-01,DXB-003,Dubai,CUST-02743,P014,Power Bank,Electronics,2,148.06,0,296.12,0.0,296.12,Card,Store,2026,9,September,1,Tuesday,False,296.12,148.06
TXN-0046716,2026-09-01,DXB-002,Dubai,CUST-01374,P011,Notebook,Stationery,3,23.73,0,71.19,0.0,71.19,Card,Online,2026,9,September,1,Tuesday,False,71.19,23.73
TXN-0046773,2026-09-01,DXB-005,Dubai,CUST-05259,P013,USB Drive,Accessories,1,50.35,5,50.35,2.52,47.83,Apple Pay,Store,2026,9,September,1,Tuesday,False,47.83,47.83
TXN-0046880,2026-09-01,DXB-003,Dubai,CUST-04582,P013,USB Drive,Accessories,1,45.29,0,45.29,0.0,45.29,Card,Store,2026,9,September,1,Tuesday,False,45.29,45.29
TXN-0046940,2026-09-01,DXB-003,Dubai,CUST-06656,P006,Mouse,Accessories,1,88.72,0,88.72,0.0,88.72,Card,Online,2026,9,September,1,Tuesday,False,88.72,88.72
TXN-0046978,2026-09-01,DXB-001,Dubai,CUST-05870,P005,Keyboard,Accessories,1,167.26,5,167.26,8.36,158.9,Card,Store,2026,9,September,1,Tuesday,False,158.9,158.9
TXN-0047049,2026-09-01,DXB-003,Dubai,CUST-02434,P007,Office Chair,Furniture,1,657.78,10,657.78,65.78,592.0,Cash,Online,2026,9,September,1,Tuesday,False,592.0,592.0
TXN-0047079,2026-09-01,DXB-005,Dubai,CUST-01310,P010,Printer,Office,2,776.53,10,1553.06,155.31,1397.75,Card,Online,2026,9,September,1,Tuesday,False,1397.75,698.88
TXN-0047278,2026-09-01,DXB-003,Dubai,CUST-05318,P005,Keyboard,Accessories,1,186.86,15,186.86,28.03,158.83,Apple Pay,Store,2026,9,September,1,Tuesday,False,158.83,158.83
TXN-0047304,2026-09-01,DXB-005,Dubai,CUST-06177,P002,Smartphone,Electronics,3,1784.13,0,5352.39,0.0,5352.39,Apple Pay,Store,2026,9,September,1,Tuesday,False,5352.39,1784.13
TXN-0047307,2026-09-01,DXB-003,Dubai,CUST-01461,P006,Mouse,Accessories,2,91.01,5,182.02,9.1,172.92,Apple Pay,Store,2026,9,September,1,Tuesday,False,172.92,86.46
TXN-0047320,2026-09-01,DXB-004,Dubai,CUST-06534,P012,Pen Pack,Stationery,1,13.78,5,13.78,0.69,13.09,Card,Store,2026,9,September,1,Tuesday,False,13.09,13.09
TXN-0047373,2026-09-01,DXB-001,Dubai,CUST-03739,P005,Keyboard,Accessories,1,178.12,0,178.12,0.0,178.12,Card,Store,2026,9,September,1,Tuesday,False,178.12,178.12
TXN-0047380,2026-09-01,DXB-002,Dubai,CUST-01040,P001,Laptop,Electronics,1,2584.86,0,2584.86,0.0,2584.86,Card,Store,2026,9,September,1,Tuesday,False,2584.86,2584.86
TXN-0047391,2026-09-01,DXB-002,Dubai,CUST-03874,P002,Smartphone,Electronics,4,1761.82,15,7047.28,1057.09,5990.19,Card,Store,2026,9,September,1,Tuesday,False,5990.19,1497.55
TXN-0047392,2026-09-01,DXB-004,Dubai,CUST-04169,P007,Office Chair,Furniture,1,609.42,0,609.42,0.0,609.42,Card,Store,2026,9,September,1,Tuesday,False,609.42,609.42
TXN-0047393,2026-09-01,DXB-003,Dubai,CUST-07667,P004,Monitor,Electronics,1,909.83,15,909.83,136.47,773.36,Card,Store,2026,9,September,1,Tuesday,False,773.36,773.36
TXN-0047406,2026-09-01,DXB-003,Dubai,CUST-07073,P001,Laptop,Electronics,2,2753.72,0,5507.44,0.0,5507.44,Card,Store,2026,9,September,1,Tuesday,False,5507.44,2753.72
TXN-0047483,2026-09-01,DXB-003,Dubai,CUST-01583,P004,Monitor,Electronics,3,997.56,5,2992.68,149.63,2843.05,Card,Store,2026,9,September,1,Tuesday,False,2843.05,947.68
TXN-0047507,2026-09-01,DXB-003,Dubai,CUST-02227,P009,Backpack,Accessories,3,225.46,0,676.38,0.0,676.38,Apple Pay,Store,2026,9,September,1,Tuesday,False,676.38,225.46
TXN-0047526,2026-09-01,DXB-002,Dubai,CUST-07354,P004,Monitor,Electronics,6,901.87,0,5411.22,0.0,5411.22,Apple Pay,Store,2026,9,September,1,Tuesday,False,5411.22,901.87
TXN-0047599,2026-09-01,DXB-003,Dubai,CUST-00042,P006,Mouse,Accessories,2,103.23,15,206.46,30.97,175.49,Card,Online,2026,9,September,1,Tuesday,False,175.49,87.74
TXN-0047642,2026-09-01,DXB-002,Dubai,CUST-07358,P014,Power Bank,Electronics,2,161.26,10,322.52,32.25,290.27,Apple Pay,Store,2026,9,September,1,Tuesday,False,290.27,145.14
TXN-0047652,2026-09-01,DXB-001,Dubai,CUST-03267,P014,Power Bank,Electronics,1,154.14,0,154.14,0.0,154.14,Cash,Store,2026,9,September,1,Tuesday,False,154.14,154.14
TXN-0047697,2026-09-01,DXB-004,Dubai,CUST-01851,P014,Power Bank,Electronics,1,151.46,20,151.46,30.29,121.17,Cash,Store,2026,9,September,1,Tuesday,False,121.17,121.17
TXN-0047723,2026-09-01,DXB-005,Dubai,CUST-02533,P010,Printer,Office,1,668.35,5,668.35,33.42,634.93,Card,Store,2026,9,September,1,Tuesday,False,634.93,634.93
TXN-0047740,2026-09-01,DXB-002,Dubai,CUST-05518,P015,Tablet,Electronics,2,1212.83,5,2425.66,121.28,2304.38,Card,Store,2026,9,September,1,Tuesday,False,2304.38,1152.19
TXN-0047819,2026-09-01,DXB-005,Dubai,CUST-00251,P004,Monitor,Electronics,1,870.99,0,870.99,0.0,870.99,Cash,Store,2026,9,September,1,Tuesday,False,870.99,870.99
TXN-0047833,2026-09-01,DXB-004,Dubai,CUST-00388,P003,Headphones,Electronics,3,362.9,0,1088.7,0.0,1088.7,Bank Transfer,Online,2026,9,September,1,Tuesday,False,1088.7,362.9
TXN-0047852,2026-09-01,DXB-003,Dubai,CUST-00940,P005,Keyboard,Accessories,2,163.29,0,326.58,0.0,326.58,Card,Online,2026,9,September,1,Tuesday,False,326.58,163.29
TXN-0047882,2026-09-01,DXB-002,Dubai,CUST-03946,P010,Printer,Office,2,703.64,15,1407.28,211.09,1196.19,Bank Transfer,Online,2026,9,September,1,Tuesday,False,1196.19,598.1
TXN-0047917,2026-09-01,DXB-001,Dubai,CUST-00273,P004,Monitor,Electronics,3,855.38,0,2566.14,0.0,2566.14,Card,Store,2026,9,September,1,Tuesday,False,2566.14,855.38
TXN-0048093,2026-09-01,DXB-003,Dubai,CUST-03895,P013,USB Drive,Accessories,1,46.04,20,46.04,9.21,36.83,Card,Store,2026,9,September,1,Tuesday,False,36.83,36.83
TXN-0048137,2026-09-01,DXB-005,Dubai,CUST-04656,P005,Keyboard,Accessories,1,186.59,0,186.59,0.0,186.59,Card,Store,2026,9,September,1,Tuesday,False,186.59,186.59
TXN-0048162,2026-09-01,DXB-002,Dubai,CUST-06146,P015,Tablet,Electronics,1,1258.63,5,1258.63,62.93,1195.7,Apple Pay,Store,2026,9,September,1,Tuesday,False,1195.7,1195.7
TXN-0048165,2026-09-01,DXB-001,Dubai,CUST-04148,P003,Headphones,Electronics,1,336.05,0,336.05,0.0,336.05,Apple Pay,Store,2026,9,September,1,Tuesday,False,336.05,336.05
TXN-0048364,2026-09-01,DXB-001,Dubai,CUST-01681,P009,Backpack,Accessories,3,232.03,0,696.09,0.0,696.09,Card,Store,2026,9,September,1,Tuesday,False,696.09,232.03
TXN-0048474,2026-09-01,DXB-005,Dubai,CUST-00746,P014,Power Bank,Electronics,2,158.23,0,316.46,0.0,316.46,Card,Store,2026,9,September,1,Tuesday,False,316.46,158.23
TXN-0048501,2026-09-01,DXB-002,Dubai,CUST-04568,P007,Office Chair,Furniture,1,656.62,10,656.62,65.66,590.96,Apple Pay,Store,2026,9,September,1,Tuesday,False,590.96,590.96
TXN-0048511,2026-09-01,DXB-004,Dubai,CUST-03349,P003,Headphones,Electronics,1,354.5,0,354.5,0.0,354.5,Card,Store,2026,9,September,1,Tuesday,False,354.5,354.5
TXN-0048513,2026-09-01,DXB-003,Dubai,CUST-05424,P003,Headphones,Electronics,1,332.14,5,332.14,16.61,315.53,Card,Online,2026,9,September,1,Tuesday,False,315.53,315.53
TXN-0048536,2026-09-01,DXB-002,Dubai,CUST-00555,P002,Smartphone,Electronics,1,1819.41,5,1819.41,90.97,1728.44,Cash,Store,2026,9,September,1,Tuesday,False,1728.44,1728.44
TXN-0048590,2026-09-01,DXB-003,Dubai,CUST-03652,P005,Keyboard,Accessories,4,211.49,0,845.96,0.0,845.96,Apple Pay,Online,2026,9,September,1,Tuesday,False,845.96,211.49
TXN-0048620,2026-09-01,DXB-003,Dubai,CUST-02093,P008,Desk,Furniture,3,909.1,5,2727.3,136.36,2590.94,Card,Online,2026,9,September,1,Tuesday,False,2590.94,863.65
TXN-0048660,2026-09-01,DXB-003,Dubai,CUST-03356,P001,Laptop,Electronics,3,2721.48,5,8164.44,408.22,7756.22,Cash,Online,2026,9,September,1,Tuesday,False,7756.22,2585.41
TXN-0048676,2026-09-01,DXB-002,Dubai,CUST-01940,P006,Mouse,Accessories,2,105.66,5,211.32,10.57,200.75,Card,Store,2026,9,September,1,Tuesday,False,200.75,100.38
TXN-0048719,2026-09-01,DXB-005,Dubai,CUST-02569,P005,Keyboard,Accessories,1,193.47,0,193.47,0.0,193.47,Card,Online,2026,9,September,1,Tuesday,False,193.47,193.47
TXN-0048807,2026-09-01,DXB-001,Dubai,CUST-02959,P007,Office Chair,Furniture,1,580.75,0,580.75,0.0,580.75,Cash,Store,2026,9,September,1,Tuesday,False,580.75,580.75
TXN-0049051,2026-09-01,DXB-004,Dubai,CUST-01879,P006,Mouse,Accessories,2,100.73,0,201.46,0.0,201.46,Cash,Online,2026,9,September,1,Tuesday,False,201.46,100.73
TXN-0049163,2026-09-01,DXB-002,Dubai,CUST-03093,P008,Desk,Furniture,2,846.26,10,1692.52,169.25,1523.27,Card,Store,2026,9,September,1,Tuesday,False,1523.27,761.64
TXN-0049277,2026-09-01,DXB-001,Dubai,CUST-04626,P001,Laptop,Electronics,1,2876.85,5,2876.85,143.84,2733.01,Card,Store,2026,9,September,1,Tuesday,False,2733.01,2733.01
TXN-0049379,2026-09-01,DXB-004,Dubai,CUST-04376,P014,Power Bank,Electronics,1,164.29,0,164.29,0.0,164.29,Cash,Store,2026,9,September,1,Tuesday,False,164.29,164.29
TXN-0049421,2026-09-01,DXB-002,Dubai,CUST-05149,P012,Pen Pack,Stationery,2,14.5,15,29.0,4.35,24.65,Card,Store,2026,9,September,1,Tuesday,False,24.65,12.32
TXN-0049432,2026-09-01,DXB-004,Dubai,CUST-01880,P010,Printer,Office,1,723.86,10,723.86,72.39,651.47,Apple Pay,Store,2026,9,September,1,Tuesday,False,651.47,651.47
TXN-0049458,2026-09-01,DXB-003,Dubai,CUST-04714,P010,Printer,Office,1,693.78,5,693.78,34.69,659.09,Bank Transfer,Store,2026,9,September,1,Tuesday,False,659.09,659.09
TXN-0049562,2026-09-01,DXB-004,Dubai,CUST-03674,P010,Printer,Office,2,671.67,0,1343.34,0.0,1343.34,Card,Store,2026,9,September,1,Tuesday,False,1343.34,671.67
TXN-0049614,2026-09-01,DXB-003,Dubai,CUST-05334,P004,Monitor,Electronics,4,904.87,10,3619.48,361.95,3257.53,Apple Pay,Store,2026,9,September,1,Tuesday,False,3257.53,814.38
TXN-0049718,2026-09-01,DXB-002,Dubai,CUST-05258,P011,Notebook,Stationery,1,24.08,10,24.08,2.41,21.67,Cash,Store,2026,9,September,1,Tuesday,False,21.67,21.67
TXN-0049737,2026-09-01,DXB-003,Dubai,CUST-06179,P012,Pen Pack,Stationery,1,15.52,0,15.52,0.0,15.52,Apple Pay,Store,2026,9,September,1,Tuesday,False,15.52,15.52
TXN-0049793,2026-09-01,DXB-003,Dubai,CUST-06817,P013,USB Drive,Accessories,6,41.06,5,246.36,12.32,234.04,Cash,Store,2026,9,September,1,Tuesday,False,234.04,39.01
TXN-0049846,2026-09-01,DXB-003,Dubai,CUST-06477,P011,Notebook,Stationery,1,24.51,0,24.51,0.0,24.51,Cash,Store,2026,9,September,1,Tuesday,False,24.51,24.51
TXN-0050119,2026-09-01,DXB-002,Dubai,CUST-06134,P002,Smartphone,Electronics,3,1906.24,5,5718.72,285.94,5432.78,Apple Pay,Store,2026,9,September,1,Tuesday,False,5432.78,1810.93
TXN-0050175,2026-09-01,DXB-001,Dubai,CUST-00011,P012,Pen Pack,Stationery,4,15.0,15,60.0,9.0,51.0,Apple Pay,Store,2026,9,September,1,Tuesday,False,51.0,12.75
TXN-0050236,2026-09-01,DXB-005,Dubai,CUST-01170,P008,Desk,Furniture,1,891.18,0,891.18,0.0,891.18,Card,Online,2026,9,September,1,Tuesday,False,891.18,891.18
TXN-0050268,2026-09-01,DXB-004,Dubai,CUST-05893,P011,Notebook,Stationery,1,26.21,0,26.21,0.0,26.21,Cash,Store,2026,9,September,1,Tuesday,False,26.21,26.21
TXN-0050288,2026-09-01,DXB-002,Dubai,CUST-04221,P014,Power Bank,Electronics,2,135.35,5,270.7,13.54,257.16,Card,Store,2026,9,September,1,Tuesday,False,257.16,128.58
TXN-0050352,2026-09-01,DXB-005,Dubai,CUST-06229,P012,Pen Pack,Stationery,2,14.01,5,28.02,1.4,26.62,Card,Online,2026,9,September,1,Tuesday,False,26.62,13.31
TXN-0050355,2026-09-01,DXB-004,Dubai,CUST-03607,P015,Tablet,Electronics,4,1194.33,20,4777.32,955.46,3821.86,Bank Transfer,Online,2026,9,September,1,Tuesday,False,3821.86,955.46
TXN-0050407,2026-09-01,DXB-001,Dubai,CUST-05016,P014,Power Bank,Electronics,2,155.47,15,310.94,46.64,264.3,Card,Online,2026,9,September,1,Tuesday,False,264.3,132.15
TXN-0050501,2026-09-01,DXB-001,Dubai,CUST-07640,P006,Mouse,Accessories,2,101.12,0,202.24,0.0,202.24,Bank Transfer,Online,2026,9,September,1,Tuesday,False,202.24,101.12
TXN-0050539,2026-09-01,DXB-005,Dubai,CUST-03224,P008,Desk,Furniture,1,829.14,5,829.14,41.46,787.68,Card,Store,2026,9,September,1,Tuesday,False,787.68,787.68
TXN-0050572,2026-09-01,DXB-002,Dubai,CUST-04669,P013,USB Drive,Accessories,1,47.36,0,47.36,0.0,47.36,Apple Pay,Store,2026,9,September,1,Tuesday,False,47.36,47.36
TXN-0050615,2026-09-01,DXB-001,Dubai,CUST-02340,P006,Mouse,Accessories,2,89.55,0,179.1,0.0,179.1,Card,Store,2026,9,September,1,Tuesday,False,179.1,89.55
TXN-0050637,2026-09-01,DXB-004,Dubai,CUST-01420,P005,Keyboard,Accessories,1,183.2,0,183.2,0.0,183.2,Bank Transfer,Store,2026,9,September,1,Tuesday,False,183.2,183.2
TXN-0050821,2026-09-01,DXB-003,Dubai,CUST-05612,P012,Pen Pack,Stationery,1,13.33,5,13.33,0.67,12.66,Card,Online,2026,9,September,1,Tuesday,False,12.66,12.66
TXN-0050847,2026-09-01,DXB-002,Dubai,CUST-04468,P010,Printer,Office,2,704.35,5,1408.7,70.44,1338.26,Card,Store,2026,9,September,1,Tuesday,False,1338.26,669.13
TXN-0050886,2026-09-01,DXB-004,Dubai,CUST-02616,P011,Notebook,Stationery,2,23.28,10,46.56,4.66,41.9,Card,Store,2026,9,September,1,Tuesday,False,41.9,20.95
TXN-0051056,2026-09-01,DXB-003,Dubai,CUST-01979,P004,Monitor,Electronics,1,919.91,15,919.91,137.99,781.92,Card,Store,2026,9,September,1,Tuesday,False,781.92,781.92
TXN-0051167,2026-09-01,DXB-003,Dubai,CUST-07154,P001,Laptop,Electronics,1,2939.19,0,2939.19,0.0,2939.19,Bank Transfer,Online,2026,9,September,1,Tuesday,False,2939.19,2939.19
TXN-0051173,2026-09-01,DXB-002,Dubai,CUST-00560,P005,Keyboard,Accessories,3,177.82,0,533.46,0.0,533.46,Cash,Online,2026,9,September,1,Tuesday,False,533.46,177.82
TXN-0051203,2026-09-01,DXB-001,Dubai,CUST-06571,P011,Notebook,Stationery,4,25.09,10,100.36,10.04,90.32,Card,Store,2026,9,September,1,Tuesday,False,90.32,22.58
TXN-0051303,2026-09-01,DXB-002,Dubai,CUST-06467,P006,Mouse,Accessories,3,101.29,10,303.87,30.39,273.48,Apple Pay,Store,2026,9,September,1,Tuesday,False,273.48,91.16
TXN-0051358,2026-09-01,DXB-002,Dubai,CUST-06926,P005,Keyboard,Accessories,1,179.96,10,179.96,18.0,161.96,Card,Store,2026,9,September,1,Tuesday,False,161.96,161.96
TXN-0051366,2026-09-01,DXB-004,Dubai,CUST-00210,P010,Printer,Office,1,628.71,0,628.71,0.0,628.71,Card,Store,2026,9,September,1,Tuesday,False,628.71,628.71
TXN-0051653,2026-09-01,DXB-002,Dubai,CUST-05163,P002,Smartphone,Electronics,1,2083.73,10,2083.73,208.37,1875.36,Card,Store,2026,9,September,1,Tuesday,False,1875.36,1875.36
TXN-0051812,2026-09-01,DXB-003,Dubai,CUST-00448,P010,Printer,Office,5,741.85,10,3709.25,370.92,3338.33,Card,Store,2026,9,September,1,Tuesday,False,3338.33,667.67
TXN-0052480,2026-09-01,DXB-003,Dubai,CUST-06797,P003,Headphones,Electronics,2,331.17,15,662.34,99.35,562.99,Card,Store,2026,9,September,1,Tuesday,False,562.99,281.5
TXN-0052730,2026-09-01,DXB-001,Dubai,CUST-03215,P012,Pen Pack,Stationery,3,14.96,0,44.88,0.0,44.88,Apple Pay,Store,2026,9,September,1,Tuesday,False,44.88,14.96
TXN-0052816,2026-09-01,DXB-002,Dubai,CUST-02067,P013,USB Drive,Accessories,1,47.73,20,47.73,9.55,38.18,Card,Store,2026,9,September,1,Tuesday,False,38.18,38.18
TXN-0052843,2026-09-01,DXB-003,Dubai,CUST-04225,P003,Headphones,Electronics,1,367.46,10,367.46,36.75,330.71,Bank Transfer,Store,2026,9,September,1,Tuesday,False,330.71,330.71
TXN-0052852,2026-09-01,DXB-003,Dubai,CUST-06107,P010,Printer,Office,4,758.13,0,3032.52,0.0,3032.52,Bank Transfer,Store,2026,9,September,1,Tuesday,False,3032.52,758.13
TXN-0052985,2026-09-01,DXB-005,Dubai,CUST-04869,P015,Tablet,Electronics,1,1254.86,20,1254.86,250.97,1003.89,Cash,Store,2026,9,September,1,Tuesday,False,1003.89,1003.89
TXN-0053078,2026-09-01,DXB-001,Dubai,CUST-01692,P004,Monitor,Electronics,2,761.67,5,1523.34,76.17,1447.17,Bank Transfer,Store,2026,9,September,1,Tuesday,False,1447.17,723.58
TXN-0053107,2026-09-01,DXB-001,Dubai,CUST-06156,P002,Smartphone,Electronics,2,1728.44,0,3456.88,0.0,3456.88,Card,Store,2026,9,September,1,Tuesday,False,3456.88,1728.44
TXN-0053174,2026-09-01,DXB-001,Dubai,CUST-06924,P004,Monitor,Electronics,2,892.62,10,1785.24,178.52,1606.72,Card,Store,2026,9,September,1,Tuesday,False,1606.72,803.36
TXN-0053275,2026-09-01,DXB-005,Dubai,CUST-07878,P010,Printer,Office,2,718.6,0,1437.2,0.0,1437.2,Bank Transfer,Online,2026,9,September,1,Tuesday,False,1437.2,718.6
TXN-0053327,2026-09-01,DXB-003,Dubai,CUST-06896,P014,Power Bank,Electronics,2,153.6,5,307.2,15.36,291.84,Bank Transfer,Online,2026,9,September,1,Tuesday,False,291.84,145.92
TXN-0053342,2026-09-01,DXB-001,Dubai,CUST-02570,P012,Pen Pack,Stationery,2,15.65,5,31.3,1.56,29.74,Card,Store,2026,9,September,1,Tuesday,False,29.74,14.87
TXN-0053455,2026-09-01,DXB-005,Dubai,CUST-00024,P004,Monitor,Electronics,1,998.41,15,998.41,149.76,848.65,Apple Pay,Store,2026,9,September,1,Tuesday,False,848.65,848.65
TXN-0053506,2026-09-01,DXB-005,Dubai,CUST-04093,P015,Tablet,Electronics,3,1124.63,20,3373.89,674.78,2699.11,Card,Store,2026,9,September,1,Tuesday,False,2699.11,899.7
TXN-0053525,2026-09-01,DXB-002,Dubai,CUST-07686,P013,USB Drive,Accessories,3,46.2,0,138.6,0.0,138.6,Apple Pay,Store,2026,9,September,1,Tuesday,False,138.6,46.2
TXN-0053529,2026-09-01,DXB-005,Dubai,CUST-05905,P008,Desk,Furniture,2,793.88,10,1587.76,158.78,1428.98,Apple Pay,Store,2026,9,September,1,Tuesday,False,1428.98,714.49
TXN-0053536,2026-09-01,DXB-001,Dubai,CUST-04474,P013,USB Drive,Accessories,2,42.48,10,84.96,8.5,76.46,Cash,Store,2026,9,September,1,Tuesday,False,76.46,38.23
TXN-0053822,2026-09-01,DXB-004,Dubai,CUST-05775,P007,Office Chair,Furniture,1,618.1,5,618.1,30.9,587.2,Card,Store,2026,9,September,1,Tuesday,False,587.2,587.2
TXN-0053852,2026-09-01,DXB-003,Dubai,CUST-01356,P012,Pen Pack,Stationery,3,16.08,5,48.24,2.41,45.83,Apple Pay,Store,2026,9,September,1,Tuesday,False,45.83,15.28
TXN-0053854,2026-09-01,DXB-005,Dubai,CUST-00684,P003,Headphones,Electronics,2,326.91,15,653.82,98.07,555.75,Card,Store,2026,9,September,1,Tuesday,False,555.75,277.88
TXN-0053916,2026-09-01,DXB-002,Dubai,CUST-06401,P006,Mouse,Accessories,2,95.25,0,190.5,0.0,190.5,Cash,Store,2026,9,September,1,Tuesday,False,190.5,95.25
TXN-0053965,2026-09-01,DXB-005,Dubai,CUST-05820,P011,Notebook,Stationery,3,24.6,0,73.8,0.0,73.8,Apple Pay,Online,2026,9,September,1,Tuesday,False,73.8,24.6
TXN-0054041,2026-09-01,DXB-001,Dubai,CUST-06810,P007,Office Chair,Furniture,3,639.82,15,1919.46,287.92,1631.54,Card,Store,2026,9,September,1,Tuesday,False,1631.54,543.85
TXN-0054102,2026-09-01,DXB-002,Dubai,CUST-05559,P006,Mouse,Accessories,2,105.0,20,210.0,42.0,168.0,Apple Pay,Store,2026,9,September,1,Tuesday,False,168.0,84.0
TXN-0054103,2026-09-01,DXB-001,Dubai,CUST-02230,P013,USB Drive,Accessories,2,46.5,5,93.0,4.65,88.35,Cash,Online,2026,9,September,1,Tuesday,False,88.35,44.18
TXN-0054180,2026-09-01,DXB-002,Dubai,CUST-05790,P002,Smartphone,Electronics,1,1799.07,5,1799.07,89.95,1709.12,Apple Pay,Store,2026,9,September,1,Tuesday,False,1709.12,1709.12
TXN-0054196,2026-09-01,DXB-004,Dubai,CUST-06729,P004,Monitor,Electronics,2,986.38,5,1972.76,98.64,1874.12,Card,Online,2026,9,September,1,Tuesday,False,1874.12,937.06
TXN-0054214,2026-09-01,DXB-004,Dubai,CUST-05302,P006,Mouse,Accessories,4,100.01,5,400.04,20.0,380.04,Cash,Store,2026,9,September,1,Tuesday,False,380.04,95.01
TXN-0054263,2026-09-01,DXB-001,Dubai,CUST-05162,P001,Laptop,Electronics,2,2812.06,0,5624.12,0.0,5624.12,Apple Pay,Store,2026,9,September,1,Tuesday,False,5624.12,2812.06
TXN-0054440,2026-09-01,DXB-004,Dubai,CUST-00362,P005,Keyboard,Accessories,5,186.29,5,931.45,46.57,884.88,Apple Pay,Store,2026,9,September,1,Tuesday,False,884.88,176.98
TXN-0054531,2026-09-01,DXB-004,Dubai,CUST-04204,P004,Monitor,Electronics,1,884.23,15,884.23,132.63,751.6,Card,Store,2026,9,September,1,Tuesday,False,751.6,751.6
TXN-0054543,2026-09-01,DXB-004,Dubai,CUST-00775,P003,Headphones,Electronics,1,316.47,5,316.47,15.82,300.65,Bank Transfer,Online,2026,9,September,1,Tuesday,False,300.65,300.65
TXN-0054592,2026-09-01,DXB-004,Dubai,CUST-07722,P002,Smartphone,Electronics,1,1753.0,10,1753.0,175.3,1577.7,Card,Store,2026,9,September,1,Tuesday,False,1577.7,1577.7
TXN-0054606,2026-09-01,DXB-002,Dubai,CUST-03289,P005,Keyboard,Accessories,1,162.55,15,162.55,24.38,138.17,Card,Online,2026,9,September,1,Tuesday,False,138.17,138.17
TXN-0054664,2026-09-01,DXB-004,Dubai,CUST-06510,P002,Smartphone,Electronics,1,1718.34,5,1718.34,85.92,1632.42,Card,Store,2026,9,September,1,Tuesday,False,1632.42,1632.42
TXN-0054685,2026-09-01,DXB-001,Dubai,CUST-01743,P011,Notebook,Stationery,1,25.56,5,25.56,1.28,24.28,Card,Store,2026,9,September,1,Tuesday,False,24.28,24.28
TXN-0054697,2026-09-01,DXB-001,Dubai,CUST-02154,P003,Headphones,Electronics,2,342.16,10,684.32,68.43,615.89,Card,Store,2026,9,September,1,Tuesday,False,615.89,307.94
TXN-0054732,2026-09-01,DXB-004,Dubai,CUST-04996,P003,Headphones,Electronics,1,344.95,10,344.95,34.49,310.46,Bank Transfer,Store,2026,9,September,1,Tuesday,False,310.46,310.46
TXN-0054756,2026-09-01,DXB-005,Dubai,CUST-07521,P008,Desk,Furniture,3,829.9,0,2489.7,0.0,2489.7,Cash,Store,2026,9,September,1,Tuesday,False,2489.7,829.9
TXN-0054798,2026-09-01,DXB-001,Dubai,CUST-07406,P007,Office Chair,Furniture,1,664.93,10,664.93,66.49,598.44,Apple Pay,Store,2026,9,September,1,Tuesday,False,598.44,598.44
TXN-0054864,2026-09-01,DXB-004,Dubai,CUST-07216,P001,Laptop,Electronics,1,2591.14,0,2591.14,0.0,2591.14,Apple Pay,Store,2026,9,September,1,Tuesday,False,2591.14,2591.14
TXN-0054882,2026-09-01,DXB-002,Dubai,CUST-04539,P012,Pen Pack,Stationery,3,13.15,15,39.45,5.92,33.53,Card,Store,2026,9,September,1,Tuesday,False,33.53,11.18
TXN-0054884,2026-09-01,DXB-005,Dubai,CUST-04666,P008,Desk,Furniture,3,726.71,5,2180.13,109.01,2071.12,Apple Pay,Store,2026,9,September,1,Tuesday,False,2071.12,690.37
TXN-0054923,2026-09-01,DXB-001,Dubai,CUST-07045,P001,Laptop,Electronics,1,2961.29,5,2961.29,148.06,2813.23,Card,Online,2026,9,September,1,Tuesday,False,2813.23,2813.23
TXN-0054990,2026-09-01,DXB-004,Dubai,CUST-02959,P010,Printer,Office,3,651.61,20,1954.83,390.97,1563.86,Cash,Online,2026,9,September,1,Tuesday,False,1563.86,521.29
TXN-0055001,2026-09-01,DXB-003,Dubai,CUST-00485,P013,USB Drive,Accessories,1,48.68,20,48.68,9.74,38.94,Cash,Store,2026,9,September,1,Tuesday,False,38.94,38.94
TXN-0055010,2026-09-01,DXB-004,Dubai,CUST-03759,P010,Printer,Office,1,704.79,15,704.79,105.72,599.07,Apple Pay,Store,2026,9,September,1,Tuesday,False,599.07,599.07
TXN-0055015,2026-09-01,DXB-004,Dubai,CUST-04728,P007,Office Chair,Furniture,4,593.13,0,2372.52,0.0,2372.52,Card,Online,2026,9,September,1,Tuesday,False,2372.52,593.13
TXN-0055125,2026-09-01,DXB-005,Dubai,CUST-05642,P001,Laptop,Electronics,2,2563.4,0,5126.8,0.0,5126.8,Card,Store,2026,9,September,1,Tuesday,False,5126.8,2563.4
TXN-0055213,2026-09-01,DXB-002,Dubai,CUST-02621,P013,USB Drive,Accessories,2,45.12,0,90.24,0.0,90.24,Apple Pay,Store,2026,9,September,1,Tuesday,False,90.24,45.12
TXN-0055255,2026-09-01,DXB-002,Dubai,CUST-00726,P015,Tablet,Electronics,1,1069.47,5,1069.47,53.47,1016.0,Cash,Online,2026,9,September,1,Tuesday,False,1016.0,1016.0
TXN-0055258,2026-09-01,DXB-001,Dubai,CUST-00552,P006,Mouse,Accessories,1,97.51,0,97.51,0.0,97.51,Bank Transfer,Online,2026,9,September,1,Tuesday,False,97.51,97.51
TXN-0055266,2026-09-01,DXB-004,Dubai,CUST-07724,P014,Power Bank,Electronics,1,157.11,5,157.11,7.86,149.25,Card,Store,2026,9,September,1,Tuesday,False,149.25,149.25
TXN-0055518,2026-09-01,DXB-005,Dubai,CUST-00811,P001,Laptop,Electronics,3,3003.18,15,9009.54,1351.43,7658.11,Cash,Store,2026,9,September,1,Tuesday,False,7658.11,2552.7
TXN-0055532,2026-09-01,DXB-001,Dubai,CUST-01461,P002,Smartphone,Electronics,2,1778.4,0,3556.8,0.0,3556.8,Card,Store,2026,9,September,1,Tuesday,False,3556.8,1778.4
TXN-0055536,2026-09-01,DXB-003,Dubai,CUST-01402,P003,Headphones,Electronics,1,375.65,20,375.65,75.13,300.52,Card,Store,2026,9,September,1,Tuesday,False,300.52,300.52
TXN-0055598,2026-09-01,DXB-004,Dubai,CUST-02067,P012,Pen Pack,Stationery,1,13.86,5,13.86,0.69,13.17,Bank Transfer,Store,2026,9,September,1,Tuesday,False,13.17,13.17
TXN-0055745,2026-09-01,DXB-002,Dubai,CUST-00237,P012,Pen Pack,Stationery,1,14.93,15,14.93,2.24,12.69,Card,Store,2026,9,September,1,Tuesday,False,12.69,12.69
TXN-0055806,2026-09-01,DXB-005,Dubai,CUST-04263,P004,Monitor,Electronics,3,955.3,0,2865.9,0.0,2865.9,Card,Online,2026,9,September,1,Tuesday,False,2865.9,955.3
TXN-0055831,2026-09-01,DXB-001,Dubai,CUST-00906,P009,Backpack,Accessories,1,213.16,5,213.16,10.66,202.5,Card,Online,2026,9,September,1,Tuesday,False,202.5,202.5
TXN-0055838,2026-09-01,DXB-002,Dubai,CUST-07807,P009,Backpack,Accessories,5,217.95,0,1089.75,0.0,1089.75,Card,Store,2026,9,September,1,Tuesday,False,1089.75,217.95
TXN-0055917,2026-09-01,DXB-001,Dubai,CUST-07998,P002,Smartphone,Electronics,1,1879.75,15,1879.75,281.96,1597.79,Card,Store,2026,9,September,1,Tuesday,False,1597.79,1597.79
TXN-0055937,2026-09-01,DXB-002,Dubai,CUST-05602,P013,USB Drive,Accessories,3,45.46,0,136.38,0.0,136.38,Card,Store,2026,9,September,1,Tuesday,False,136.38,45.46
TXN-0055943,2026-09-01,DXB-002,Dubai,CUST-02948,P004,Monitor,Electronics,1,843.44,5,843.44,42.17,801.27,Card,Store,2026,9,September,1,Tuesday,False,801.27,801.27
TXN-0055954,2026-09-01,DXB-005,Dubai,CUST-05942,P015,Tablet,Electronics,1,1214.7,0,1214.7,0.0,1214.7,Apple Pay,Store,2026,9,September,1,Tuesday,False,1214.7,1214.7
TXN-0056005,2026-09-01,DXB-001,Dubai,CUST-00457,P001,Laptop,Electronics,1,2753.68,15,2753.68,413.05,2340.63,Cash,Store,2026,9,September,1,Tuesday,False,2340.63,2340.63
TXN-0056034,2026-09-01,DXB-003,Dubai,CUST-02426,P008,Desk,Furniture,1,858.9,5,858.9,42.94,815.96,Cash,Store,2026,9,September,1,Tuesday,False,815.96,815.96
TXN-0056066,2026-09-01,DXB-004,Dubai,CUST-07593,P005,Keyboard,Accessories,1,166.51,20,166.51,33.3,133.21,Apple Pay,Online,2026,9,September,1,Tuesday,False,133.21,133.21
TXN-0056361,2026-09-01,DXB-003,Dubai,CUST-00919,P001,Laptop,Electronics,2,2833.58,5,5667.16,283.36,5383.8,Apple Pay,Online,2026,9,September,1,Tuesday,False,5383.8,2691.9
TXN-0056442,2026-09-01,DXB-003,Dubai,CUST-04162,P011,Notebook,Stationery,5,25.76,5,128.8,6.44,122.36,Card,Online,2026,9,September,1,Tuesday,False,122.36,24.47
TXN-0056447,2026-09-01,DXB-004,Dubai,CUST-05534,P013,USB Drive,Accessories,4,47.26,0,189.04,0.0,189.04,Bank Transfer,Store,2026,9,September,1,Tuesday,False,189.04,47.26
TXN-0056602,2026-09-01,DXB-004,Dubai,CUST-06184,P008,Desk,Furniture,1,845.89,10,845.89,84.59,761.3,Cash,Store,2026,9,September,1,Tuesday,False,761.3,761.3
TXN-0056612,2026-09-01,DXB-001,Dubai,CUST-07254,P010,Printer,Office,1,663.4,0,663.4,0.0,663.4,Card,Store,2026,9,September,1,Tuesday,False,663.4,663.4
TXN-0056738,2026-09-01,DXB-001,Dubai,CUST-02770,P006,Mouse,Accessories,1,103.34,0,103.34,0.0,103.34,Cash,Store,2026,9,September,1,Tuesday,False,103.34,103.34
TXN-0056772,2026-09-01,DXB-002,Dubai,CUST-05418,P006,Mouse,Accessories,3,103.74,0,311.22,0.0,311.22,Cash,Store,2026,9,September,1,Tuesday,False,311.22,103.74
TXN-0056792,2026-09-01,DXB-003,Dubai,CUST-05110,P011,Notebook,Stationery,1,25.99,10,25.99,2.6,23.39,Card,Store,2026,9,September,1,Tuesday,False,23.39,23.39
TXN-0056944,2026-09-01,DXB-001,Dubai,CUST-03782,P005,Keyboard,Accessories,5,163.82,10,819.1,81.91,737.19,Card,Store,2026,9,September,1,Tuesday,False,737.19,147.44
TXN-0056966,2026-09-01,DXB-001,Dubai,CUST-00552,P015,Tablet,Electronics,1,1219.77,10,1219.77,121.98,1097.79,Bank Transfer,Online,2026,9,September,1,Tuesday,False,1097.79,1097.79
TXN-0056969,2026-09-01,DXB-003,Dubai,CUST-00475,P013,USB Drive,Accessories,1,43.06,0,43.06,0.0,43.06,Card,Store,2026,9,September,1,Tuesday,False,43.06,43.06
TXN-0057156,2026-09-01,DXB-001,Dubai,CUST-05337,P013,USB Drive,Accessories,1,43.87,20,43.87,8.77,35.1,Apple Pay,Store,2026,9,September,1,Tuesday,False,35.1,35.1
TXN-0057178,2026-09-01,DXB-003,Dubai,CUST-04364,P013,USB Drive,Accessories,4,45.65,0,182.6,0.0,182.6,Apple Pay,Store,2026,9,September,1,Tuesday,False,182.6,45.65
TXN-0057206,2026-09-01,DXB-001,Dubai,CUST-05098,P008,Desk,Furniture,2,688.31,5,1376.62,68.83,1307.79,Card,Store,2026,9,September,1,Tuesday,False,1307.79,653.9
TXN-0057247,2026-09-01,DXB-001,Dubai,CUST-04500,P009,Backpack,Accessories,1,233.81,5,233.81,11.69,222.12,Apple Pay,Online,2026,9,September,1,Tuesday,False,222.12,222.12
TXN-0057326,2026-09-01,DXB-002,Dubai,CUST-01685,P010,Printer,Office,1,707.7,10,707.7,70.77,636.93,Cash,Store,2026,9,September,1,Tuesday,False,636.93,636.93
TXN-0057332,2026-09-01,DXB-004,Dubai,CUST-00408,P008,Desk,Furniture,2,881.94,0,1763.88,0.0,1763.88,Card,Store,2026,9,September,1,Tuesday,False,1763.88,881.94
TXN-0057381,2026-09-01,DXB-004,Dubai,CUST-04266,P005,Keyboard,Accessories,1,174.17,5,174.17,8.71,165.46,Card,Store,2026,9,September,1,Tuesday,False,165.46,165.46
TXN-0057524,2026-09-01,DXB-005,Dubai,CUST-05845,P013,USB Drive,Accessories,4,45.67,10,182.68,18.27,164.41,Apple Pay,Store,2026,9,September,1,Tuesday,False,164.41,41.1
TXN-0057595,2026-09-01,DXB-001,Dubai,CUST-06244,P007,Office Chair,Furniture,2,595.38,10,1190.76,119.08,1071.68,Cash,Store,2026,9,September,1,Tuesday,False,1071.68,535.84
TXN-0057630,2026-09-01,DXB-004,Dubai,CUST-04083,P001,Laptop,Electronics,2,2881.44,0,5762.88,0.0,5762.88,Card,Store,2026,9,September,1,Tuesday,False,5762.88,2881.44
TXN-0057997,2026-09-01,DXB-002,Dubai,CUST-04871,P006,Mouse,Accessories,1,101.2,0,101.2,0.0,101.2,Cash,Store,2026,9,September,1,Tuesday,False,101.2,101.2
TXN-0058025,2026-09-01,DXB-002,Dubai,CUST-07075,P001,Laptop,Electronics,1,2735.95,5,2735.95,136.8,2599.15,Apple Pay,Store,2026,9,September,1,Tuesday,False,2599.15,2599.15
TXN-0058030,2026-09-01,DXB-001,Dubai,CUST-07568,P010,Printer,Office,1,736.1,0,736.1,0.0,736.1,Apple Pay,Online,2026,9,September,1,Tuesday,False,736.1,736.1
TXN-0058047,2026-09-01,DXB-004,Dubai,CUST-05195,P010,Printer,Office,1,726.66,15,726.66,109.0,617.66,Apple Pay,Store,2026,9,September,1,Tuesday,False,617.66,617.66
TXN-0058048,2026-09-01,DXB-005,Dubai,CUST-00219,P007,Office Chair,Furniture,1,714.02,0,714.02,0.0,714.02,Card,Store,2026,9,September,1,Tuesday,False,714.02,714.02
TXN-0058152,2026-09-01,DXB-004,Dubai,CUST-06232,P003,Headphones,Electronics,5,318.42,15,1592.1,238.82,1353.28,Card,Store,2026,9,September,1,Tuesday,False,1353.28,270.66
TXN-0058208,2026-09-01,DXB-004,Dubai,CUST-02355,P005,Keyboard,Accessories,1,160.29,5,160.29,8.01,152.28,Cash,Store,2026,9,September,1,Tuesday,False,152.28,152.28
TXN-0058383,2026-09-01,DXB-001,Dubai,CUST-04143,P001,Laptop,Electronics,6,2639.07,20,15834.42,3166.88,12667.54,Apple Pay,Store,2026,9,September,1,Tuesday,False,12667.54,2111.26
TXN-0058398,2026-09-01,DXB-002,Dubai,CUST-07138,P003,Headphones,Electronics,1,363.43,10,363.43,36.34,327.09,Apple Pay,Store,2026,9,September,1,Tuesday,False,327.09,327.09
TXN-0058409,2026-09-01,DXB-004,Dubai,CUST-05786,P015,Tablet,Electronics,2,1210.2,0,2420.4,0.0,2420.4,Card,Store,2026,9,September,1,Tuesday,False,2420.4,1210.2
TXN-0058415,2026-09-01,DXB-003,Dubai,CUST-05728,P003,Headphones,Electronics,2,331.97,15,663.94,99.59,564.35,Cash,Online,2026,9,September,1,Tuesday,False,564.35,282.18
TXN-0058427,2026-09-01,DXB-001,Dubai,CUST-03260,P004,Monitor,Electronics,1,862.58,20,862.58,172.52,690.06,Card,Online,2026,9,September,1,Tuesday,False,690.06,690.06
TXN-0058570,2026-09-01,DXB-005,Dubai,CUST-02187,P013,USB Drive,Accessories,1,45.43,0,45.43,0.0,45.43,Cash,Store,2026,9,September,1,Tuesday,False,45.43,45.43
TXN-0058577,2026-09-01,DXB-001,Dubai,CUST-04313,P012,Pen Pack,Stationery,3,14.82,10,44.46,4.45,40.01,Card,Store,2026,9,September,1,Tuesday,False,40.01,13.34
TXN-0058664,2026-09-01,DXB-001,Dubai,CUST-01393,P004,Monitor,Electronics,4,902.43,15,3609.72,541.46,3068.26,Cash,Store,2026,9,September,1,Tuesday,False,3068.26,767.06
TXN-0058747,2026-09-01,DXB-002,Dubai,CUST-00428,P010,Printer,Office,2,663.4,0,1326.8,0.0,1326.8,Card,Store,2026,9,September,1,Tuesday,False,1326.8,663.4
TXN-0058762,2026-09-01,DXB-001,Dubai,CUST-07517,P014,Power Bank,Electronics,1,132.92,15,132.92,19.94,112.98,Bank Transfer,Store,2026,9,September,1,Tuesday,False,112.98,112.98
TXN-0058775,2026-09-01,DXB-002,Dubai,CUST-02356,P005,Keyboard,Accessories,2,182.64,15,365.28,54.79,310.49,Card,Store,2026,9,September,1,Tuesday,False,310.49,155.24
TXN-0058782,2026-09-01,DXB-003,Dubai,CUST-06589,P014,Power Bank,Electronics,1,142.98,5,142.98,7.15,135.83,Card,Store,2026,9,September,1,Tuesday,False,135.83,135.83
TXN-0058825,2026-09-01,DXB-002,Dubai,CUST-06018,P009,Backpack,Accessories,3,203.95,5,611.85,30.59,581.26,Card,Online,2026,9,September,1,Tuesday,False,581.26,193.75
TXN-0058845,2026-09-01,DXB-001,Dubai,CUST-05276,P006,Mouse,Accessories,3,107.11,5,321.33,16.07,305.26,Card,Online,2026,9,September,1,Tuesday,False,305.26,101.75
TXN-0059043,2026-09-01,DXB-004,Dubai,CUST-02355,P012,Pen Pack,Stationery,1,15.11,5,15.11,0.76,14.35,Card,Online,2026,9,September,1,Tuesday,False,14.35,14.35
TXN-0059113,2026-09-01,DXB-004,Dubai,CUST-02720,P014,Power Bank,Electronics,1,157.53,5,157.53,7.88,149.65,Card,Store,2026,9,September,1,Tuesday,False,149.65,149.65
TXN-0059208,2026-09-01,DXB-001,Dubai,CUST-02235,P001,Laptop,Electronics,2,2892.53,5,5785.06,289.25,5495.81,Card,Online,2026,9,September,1,Tuesday,False,5495.81,2747.9
TXN-0059263,2026-09-01,DXB-002,Dubai,CUST-04847,P010,Printer,Office,4,701.4,10,2805.6,280.56,2525.04,Cash,Store,2026,9,September,1,Tuesday,False,2525.04,631.26
TXN-0059288,2026-09-01,DXB-001,Dubai,CUST-01747,P014,Power Bank,Electronics,2,145.9,10,291.8,29.18,262.62,Bank Transfer,Store,2026,9,September,1,Tuesday,False,262.62,131.31
TXN-0059315,2026-09-01,DXB-002,Dubai,CUST-02040,P012,Pen Pack,Stationery,1,15.55,0,15.55,0.0,15.55,Card,Store,2026,9,September,1,Tuesday,False,15.55,15.55
TXN-0059375,2026-09-01,DXB-004,Dubai,CUST-04664,P012,Pen Pack,Stationery,1,14.05,0,14.05,0.0,14.05,Bank Transfer,Store,2026,9,September,1,Tuesday,False,14.05,14.05
TXN-0059451,2026-09-01,DXB-002,Dubai,CUST-04213,P005,Keyboard,Accessories,1,187.94,0,187.94,0.0,187.94,Bank Transfer,Store,2026,9,September,1,Tuesday,False,187.94,187.94
TXN-0059465,2026-09-01,DXB-003,Dubai,CUST-02066,P001,Laptop,Electronics,1,2726.63,5,2726.63,136.33,2590.3,Cash,Store,2026,9,September,1,Tuesday,False,2590.3,2590.3
TXN-0059506,2026-09-01,DXB-002,Dubai,CUST-03970,P011,Notebook,Stationery,3,24.92,0,74.76,0.0,74.76,Cash,Store,2026,9,September,1,Tuesday,False,74.76,24.92
TXN-0059512,2026-09-01,DXB-001,Dubai,CUST-03742,P014,Power Bank,Electronics,1,149.79,0,149.79,0.0,149.79,Card,Online,2026,9,September,1,Tuesday,False,149.79,149.79
TXN-0059526,2026-09-01,DXB-001,Dubai,CUST-00564,P009,Backpack,Accessories,1,217.78,15,217.78,32.67,185.11,Cash,Store,2026,9,September,1,Tuesday,False,185.11,185.11
TXN-0059533,2026-09-01,DXB-003,Dubai,CUST-07975,P003,Headphones,Electronics,1,296.95,0,296.95,0.0,296.95,Bank Transfer,Online,2026,9,September,1,Tuesday,False,296.95,296.95
TXN-0059600,2026-09-01,DXB-005,Dubai,CUST-04514,P005,Keyboard,Accessories,1,184.27,10,184.27,18.43,165.84,Cash,Store,2026,9,September,1,Tuesday,False,165.84,165.84
TXN-0059611,2026-09-01,DXB-002,Dubai,CUST-04256,P004,Monitor,Electronics,2,820.21,10,1640.42,164.04,1476.38,Bank Transfer,Store,2026,9,September,1,Tuesday,False,1476.38,738.19
TXN-0059834,2026-09-01,DXB-005,Dubai,CUST-01368,P010,Printer,Office,1,692.71,15,692.71,103.91,588.8,Card,Store,2026,9,September,1,Tuesday,False,588.8,588.8
TXN-0059862,2026-09-01,DXB-002,Dubai,CUST-05048,P007,Office Chair,Furniture,1,628.0,15,628.0,94.2,533.8,Card,Store,2026,9,September,1,Tuesday,False,533.8,533.8
TXN-0059876,2026-09-01,DXB-002,Dubai,CUST-03183,P001,Laptop,Electronics,3,2792.75,15,8378.25,1256.74,7121.51,Cash,Store,2026,9,September,1,Tuesday,False,7121.51,2373.84
TXN-0060011,2026-09-01,DXB-004,Dubai,CUST-02301,P013,USB Drive,Accessories,1,46.71,5,46.71,2.34,44.37,Apple Pay,Online,2026,9,September,1,Tuesday,False,44.37,44.37
TXN-0060030,2026-09-01,DXB-001,Dubai,CUST-03431,P009,Backpack,Accessories,1,226.14,10,226.14,22.61,203.53,Card,Online,2026,9,September,1,Tuesday,False,203.53,203.53
TXN-0060102,2026-09-01,DXB-003,Dubai,CUST-04888,P008,Desk,Furniture,1,764.22,15,764.22,114.63,649.59,Card,Store,2026,9,September,1,Tuesday,False,649.59,649.59
TXN-0060111,2026-09-01,DXB-005,Dubai,CUST-01442,P002,Smartphone,Electronics,1,1626.8,5,1626.8,81.34,1545.46,Apple Pay,Online,2026,9,September,1,Tuesday,False,1545.46,1545.46
TXN-0060173,2026-09-01,DXB-003,Dubai,CUST-00178,P014,Power Bank,Electronics,2,150.23,5,300.46,15.02,285.44,Apple Pay,Store,2026,9,September,1,Tuesday,False,285.44,142.72
TXN-0060228,2026-09-01,DXB-001,Dubai,CUST-01150,P013,USB Drive,Accessories,1,52.4,0,52.4,0.0,52.4,Cash,Online,2026,9,September,1,Tuesday,False,52.4,52.4
TXN-0060309,2026-09-01,DXB-001,Dubai,CUST-02911,P011,Notebook,Stationery,1,23.81,15,23.81,3.57,20.24,Card,Store,2026,9,September,1,Tuesday,False,20.24,20.24
TXN-0060312,2026-09-01,DXB-003,Dubai,CUST-05561,P010,Printer,Office,1,708.77,0,708.77,0.0,708.77,Card,Online,2026,9,September,1,Tuesday,False,708.77,708.77
TXN-0060359,2026-09-01,DXB-004,Dubai,CUST-04196,P006,Mouse,Accessories,1,96.69,0,96.69,0.0,96.69,Cash,Online,2026,9,September,1,Tuesday,False,96.69,96.69
TXN-0060422,2026-09-01,DXB-004,Dubai,CUST-06568,P001,Laptop,Electronics,1,2823.77,0,2823.77,0.0,2823.77,Apple Pay,Store,2026,9,September,1,Tuesday,False,2823.77,2823.77
TXN-0060531,2026-09-01,DXB-004,Dubai,CUST-04535,P002,Smartphone,Electronics,1,1731.79,0,1731.79,0.0,1731.79,Card,Online,2026,9,September,1,Tuesday,False,1731.79,1731.79
TXN-0060631,2026-09-01,DXB-003,Dubai,CUST-03949,P002,Smartphone,Electronics,1,1970.92,20,1970.92,394.18,1576.74,Card,Store,2026,9,September,1,Tuesday,False,1576.74,1576.74
TXN-0060680,2026-09-01,DXB-001,Dubai,CUST-02779,P008,Desk,Furniture,1,785.31,10,785.31,78.53,706.78,Card,Online,2026,9,September,1,Tuesday,False,706.78,706.78
TXN-0060684,2026-09-01,DXB-005,Dubai,CUST-02402,P014,Power Bank,Electronics,3,153.09,20,459.27,91.85,367.42,Cash,Store,2026,9,September,1,Tuesday,False,367.42,122.47
TXN-0060800,2026-09-01,DXB-003,Dubai,CUST-05603,P005,Keyboard,Accessories,1,186.79,5,186.79,9.34,177.45,Card,Store,2026,9,September,1,Tuesday,False,177.45,177.45
TXN-0060827,2026-09-01,DXB-002,Dubai,CUST-04173,P003,Headphones,Electronics,3,288.54,0,865.62,0.0,865.62,Cash,Store,2026,9,September,1,Tuesday,False,865.62,288.54
TXN-0060862,2026-09-01,DXB-001,Dubai,CUST-07035,P002,Smartphone,Electronics,1,1687.1,0,1687.1,0.0,1687.1,Apple Pay,Store,2026,9,September,1,Tuesday,False,1687.1,1687.1
TXN-0060939,2026-09-01,DXB-002,Dubai,CUST-07517,P010,Printer,Office,1,732.36,0,732.36,0.0,732.36,Card,Online,2026,9,September,1,Tuesday,False,732.36,732.36
TXN-0060947,2026-09-01,DXB-002,Dubai,CUST-01726,P012,Pen Pack,Stationery,2,15.94,5,31.88,1.59,30.29,Cash,Store,2026,9,September,1,Tuesday,False,30.29,15.14
TXN-0060952,2026-09-01,DXB-003,Dubai,CUST-01060,P013,USB Drive,Accessories,1,47.59,10,47.59,4.76,42.83,Apple Pay,Store,2026,9,September,1,Tuesday,False,42.83,42.83
TXN-0061021,2026-09-01,DXB-003,Dubai,CUST-03290,P005,Keyboard,Accessories,1,184.3,0,184.3,0.0,184.3,Card,Store,2026,9,September,1,Tuesday,False,184.3,184.3
TXN-0061155,2026-09-01,DXB-001,Dubai,CUST-02955,P007,Office Chair,Furniture,5,682.65,15,3413.25,511.99,2901.26,Card,Online,2026,9,September,1,Tuesday,False,2901.26,580.25
TXN-0061266,2026-09-01,DXB-002,Dubai,CUST-03503,P002,Smartphone,Electronics,1,1738.3,0,1738.3,0.0,1738.3,Card,Store,2026,9,September,1,Tuesday,False,1738.3,1738.3
TXN-0061275,2026-09-01,DXB-001,Dubai,CUST-01344,P003,Headphones,Electronics,1,339.1,0,339.1,0.0,339.1,Card,Online,2026,9,September,1,Tuesday,False,339.1,339.1
TXN-0061293,2026-09-01,DXB-001,Dubai,CUST-00368,P006,Mouse,Accessories,1,104.75,5,104.75,5.24,99.51,Card,Store,2026,9,September,1,Tuesday,False,99.51,99.51
TXN-0061340,2026-09-01,DXB-003,Dubai,CUST-06757,P005,Keyboard,Accessories,2,194.12,5,388.24,19.41,368.83,Card,Online,2026,9,September,1,Tuesday,False,368.83,184.42
TXN-0061353,2026-09-01,DXB-004,Dubai,CUST-05960,P011,Notebook,Stationery,2,25.03,5,50.06,2.5,47.56,Bank Transfer,Store,2026,9,September,1,Tuesday,False,47.56,23.78
TXN-0061368,2026-09-01,DXB-005,Dubai,CUST-01330,P010,Printer,Office,1,778.45,0,778.45,0.0,778.45,Card,Store,2026,9,September,1,Tuesday,False,778.45,778.45
TXN-0061443,2026-09-01,DXB-002,Dubai,CUST-06440,P002,Smartphone,Electronics,3,1902.92,15,5708.76,856.31,4852.45,Card,Store,2026,9,September,1,Tuesday,False,4852.45,1617.48
TXN-0061455,2026-09-01,DXB-002,Dubai,CUST-01135,P015,Tablet,Electronics,1,1241.57,20,1241.57,248.31,993.26,Card,Store,2026,9,September,1,Tuesday,False,993.26,993.26
TXN-0061518,2026-09-01,DXB-005,Dubai,CUST-06379,P009,Backpack,Accessories,1,241.85,0,241.85,0.0,241.85,Card,Store,2026,9,September,1,Tuesday,False,241.85,241.85
TXN-0061529,2026-09-01,DXB-003,Dubai,CUST-03454,P014,Power Bank,Electronics,2,146.1,5,292.2,14.61,277.59,Cash,Store,2026,9,September,1,Tuesday,False,277.59,138.79
TXN-0061552,2026-09-01,DXB-002,Dubai,CUST-06178,P011,Notebook,Stationery,2,25.14,15,50.28,7.54,42.74,Card,Store,2026,9,September,1,Tuesday,False,42.74,21.37
TXN-0061585,2026-09-01,DXB-005,Dubai,CUST-02390,P002,Smartphone,Electronics,1,1680.2,5,1680.2,84.01,1596.19,Cash,Store,2026,9,September,1,Tuesday,False,1596.19,1596.19
TXN-0061598,2026-09-01,DXB-001,Dubai,CUST-03760,P013,USB Drive,Accessories,3,45.59,5,136.77,6.84,129.93,Card,Store,2026,9,September,1,Tuesday,False,129.93,43.31
TXN-0061614,2026-09-01,DXB-001,Dubai,CUST-01390,P004,Monitor,Electronics,1,898.83,15,898.83,134.82,764.01,Card,Store,2026,9,September,1,Tuesday,False,764.01,764.01
TXN-0061772,2026-09-01,DXB-003,Dubai,CUST-00993,P009,Backpack,Accessories,2,221.17,0,442.34,0.0,442.34,Card,Store,2026,9,September,1,Tuesday,False,442.34,221.17
TXN-0061882,2026-09-01,DXB-004,Dubai,CUST-00694,P006,Mouse,Accessories,1,108.2,5,108.2,5.41,102.79,Apple Pay,Store,2026,9,September,1,Tuesday,False,102.79,102.79
TXN-0061998,2026-09-01,DXB-003,Dubai,CUST-02161,P001,Laptop,Electronics,1,2875.09,20,2875.09,575.02,2300.07,Card,Store,2026,9,September,1,Tuesday,False,2300.07,2300.07
TXN-0062033,2026-09-01,DXB-004,Dubai,CUST-00791,P003,Headphones,Electronics,1,375.77,0,375.77,0.0,375.77,Bank Transfer,Store,2026,9,September,1,Tuesday,False,375.77,375.77
TXN-0062042,2026-09-01,DXB-005,Dubai,CUST-06289,P009,Backpack,Accessories,2,199.0,0,398.0,0.0,398.0,Card,Online,2026,9,September,1,Tuesday,False,398.0,199.0
TXN-0062089,2026-09-01,DXB-002,Dubai,CUST-02868,P014,Power Bank,Electronics,4,147.75,10,591.0,59.1,531.9,Card,Store,2026,9,September,1,Tuesday,False,531.9,132.98
TXN-0062171,2026-09-01,DXB-005,Dubai,CUST-02515,P004,Monitor,Electronics,1,997.7,5,997.7,49.88,947.82,Card,Online,2026,9,September,1,Tuesday,False,947.82,947.82
TXN-0062240,2026-09-01,DXB-001,Dubai,CUST-06278,P004,Monitor,Electronics,3,861.85,5,2585.55,129.28,2456.27,Cash,Store,2026,9,September,1,Tuesday,False,2456.27,818.76
TXN-0062280,2026-09-01,DXB-004,Dubai,CUST-04120,P008,Desk,Furniture,3,865.78,10,2597.34,259.73,2337.61,Card,Store,2026,9,September,1,Tuesday,False,2337.61,779.2
TXN-0062354,2026-09-01,DXB-001,Dubai,CUST-06412,P002,Smartphone,Electronics,3,1689.39,10,5068.17,506.82,4561.35,Card,Store,2026,9,September,1,Tuesday,False,4561.35,1520.45
TXN-0062382,2026-09-01,DXB-002,Dubai,CUST-00720,P010,Printer,Office,2,616.56,0,1233.12,0.0,1233.12,Bank Transfer,Store,2026,9,September,1,Tuesday,False,1233.12,616.56
TXN-0062566,2026-09-01,DXB-003,Dubai,CUST-03934,P005,Keyboard,Accessories,2,165.38,10,330.76,33.08,297.68,Apple Pay,Store,2026,9,September,1,Tuesday,False,297.68,148.84
TXN-0062628,2026-09-01,DXB-001,Dubai,CUST-04109,P014,Power Bank,Electronics,1,145.56,5,145.56,7.28,138.28,Cash,Store,2026,9,September,1,Tuesday,False,138.28,138.28
TXN-0062657,2026-09-01,DXB-005,Dubai,CUST-02750,P009,Backpack,Accessories,1,222.04,0,222.04,0.0,222.04,Cash,Store,2026,9,September,1,Tuesday,False,222.04,222.04
TXN-0062668,2026-09-01,DXB-003,Dubai,CUST-07342,P007,Office Chair,Furniture,4,644.14,10,2576.56,257.66,2318.9,Bank Transfer,Online,2026,9,September,1,Tuesday,False,2318.9,579.72
TXN-0062673,2026-09-01,DXB-005,Dubai,CUST-02661,P002,Smartphone,Electronics,1,1820.49,15,1820.49,273.07,1547.42,Apple Pay,Store,2026,9,September,1,Tuesday,False,1547.42,1547.42
TXN-0062735,2026-09-01,DXB-005,Dubai,CUST-03986,P011,Notebook,Stationery,1,24.6,15,24.6,3.69,20.91,Cash,Online,2026,9,September,1,Tuesday,False,20.91,20.91
TXN-0062930,2026-09-01,DXB-005,Dubai,CUST-03260,P002,Smartphone,Electronics,1,1826.54,5,1826.54,91.33,1735.21,Card,Store,2026,9,September,1,Tuesday,False,1735.21,1735.21
TXN-0062993,2026-09-01,DXB-002,Dubai,CUST-07065,P001,Laptop,Electronics,1,2879.07,0,2879.07,0.0,2879.07,Card,Store,2026,9,September,1,Tuesday,False,2879.07,2879.07
TXN-0063008,2026-09-01,DXB-003,Dubai,CUST-03779,P001,Laptop,Electronics,1,2662.65,15,2662.65,399.4,2263.25,Card,Online,2026,9,September,1,Tuesday,False,2263.25,2263.25
TXN-0063016,2026-09-01,DXB-001,Dubai,CUST-03976,P006,Mouse,Accessories,1,98.12,5,98.12,4.91,93.21,Card,Store,2026,9,September,1,Tuesday,False,93.21,93.21
TXN-0063042,2026-09-01,DXB-004,Dubai,CUST-07296,P007,Office Chair,Furniture,1,624.65,0,624.65,0.0,624.65,Apple Pay,Store,2026,9,September,1,Tuesday,False,624.65,624.65
TXN-0063126,2026-09-01,DXB-004,Dubai,CUST-02652,P004,Monitor,Electronics,5,845.19,10,4225.95,422.6,3803.35,Apple Pay,Store,2026,9,September,1,Tuesday,False,3803.35,760.67
TXN-0063149,2026-09-01,DXB-002,Dubai,CUST-05406,P013,USB Drive,Accessories,1,42.79,10,42.79,4.28,38.51,Apple Pay,Store,2026,9,September,1,Tuesday,False,38.51,38.51
TXN-0063194,2026-09-01,DXB-005,Dubai,CUST-02556,P002,Smartphone,Electronics,1,1992.15,5,1992.15,99.61,1892.54,Card,Store,2026,9,September,1,Tuesday,False,1892.54,1892.54
TXN-0063236,2026-09-01,DXB-004,Dubai,CUST-02237,P015,Tablet,Electronics,1,1170.49,10,1170.49,117.05,1053.44,Bank Transfer,Online,2026,9,September,1,Tuesday,False,1053.44,1053.44
TXN-0063249,2026-09-01,DXB-001,Dubai,CUST-04194,P009,Backpack,Accessories,2,205.13,10,410.26,41.03,369.23,Card,Store,2026,9,September,1,Tuesday,False,369.23,184.62
TXN-0063333,2026-09-01,DXB-003,Dubai,CUST-01126,P014,Power Bank,Electronics,1,151.91,15,151.91,22.79,129.12,Cash,Online,2026,9,September,1,Tuesday,False,129.12,129.12
TXN-0063359,2026-09-01,DXB-003,Dubai,CUST-07533,P001,Laptop,Electronics,4,2751.27,15,11005.08,1650.76,9354.32,Card,Store,2026,9,September,1,Tuesday,False,9354.32,2338.58
TXN-0063397,2026-09-01,DXB-001,Dubai,CUST-00302,P006,Mouse,Accessories,2,102.92,5,205.84,10.29,195.55,Apple Pay,Store,2026,9,September,1,Tuesday,False,195.55,97.78
TXN-0063404,2026-09-01,DXB-002,Dubai,CUST-07990,P012,Pen Pack,Stationery,2,16.15,0,32.3,0.0,32.3,Bank Transfer,Store,2026,9,September,1,Tuesday,False,32.3,16.15
TXN-0063462,2026-09-01,DXB-002,Dubai,CUST-01919,P004,Monitor,Electronics,1,829.07,0,829.07,0.0,829.07,Card,Store,2026,9,September,1,Tuesday,False,829.07,829.07
TXN-0063607,2026-09-01,DXB-003,Dubai,CUST-02313,P007,Office Chair,Furniture,1,559.12,5,559.12,27.96,531.16,Apple Pay,Store,2026,9,September,1,Tuesday,False,531.16,531.16
TXN-0063625,2026-09-01,DXB-005,Dubai,CUST-05457,P011,Notebook,Stationery,2,25.31,5,50.62,2.53,48.09,Card,Store,2026,9,September,1,Tuesday,False,48.09,24.04
TXN-0063765,2026-09-01,DXB-002,Dubai,CUST-05391,P007,Office Chair,Furniture,1,650.53,0,650.53,0.0,650.53,Card,Online,2026,9,September,1,Tuesday,False,650.53,650.53
TXN-0063851,2026-09-01,DXB-003,Dubai,CUST-03945,P005,Keyboard,Accessories,1,168.52,15,168.52,25.28,143.24,Cash,Online,2026,9,September,1,Tuesday,False,143.24,143.24
TXN-0063854,2026-09-01,DXB-004,Dubai,CUST-01794,P002,Smartphone,Electronics,4,1682.96,10,6731.84,673.18,6058.66,Apple Pay,Store,2026,9,September,1,Tuesday,False,6058.66,1514.66
TXN-0064122,2026-09-01,DXB-005,Dubai,CUST-06680,P014,Power Bank,Electronics,1,147.35,0,147.35,0.0,147.35,Card,Store,2026,9,September,1,Tuesday,False,147.35,147.35
TXN-0064212,2026-09-01,DXB-004,Dubai,CUST-00215,P014,Power Bank,Electronics,3,172.26,15,516.78,77.52,439.26,Apple Pay,Store,2026,9,September,1,Tuesday,False,439.26,146.42
TXN-0064229,2026-09-01,DXB-004,Dubai,CUST-00679,P006,Mouse,Accessories,1,102.07,10,102.07,10.21,91.86,Card,Store,2026,9,September,1,Tuesday,False,91.86,91.86
TXN-0064247,2026-09-01,DXB-001,Dubai,CUST-07093,P010,Printer,Office,1,617.0,15,617.0,92.55,524.45,Apple Pay,Store,2026,9,September,1,Tuesday,False,524.45,524.45
TXN-0064288,2026-09-01,DXB-001,Dubai,CUST-00237,P010,Printer,Office,1,694.82,0,694.82,0.0,694.82,Apple Pay,Store,2026,9,September,1,Tuesday,False,694.82,694.82
TXN-0064293,2026-09-01,DXB-003,Dubai,CUST-01509,P008,Desk,Furniture,1,909.61,15,909.61,136.44,773.17,Cash,Online,2026,9,September,1,Tuesday,False,773.17,773.17
TXN-0064304,2026-09-01,DXB-004,Dubai,CUST-05450,P005,Keyboard,Accessories,1,172.99,10,172.99,17.3,155.69,Cash,Store,2026,9,September,1,Tuesday,False,155.69,155.69
TXN-0064431,2026-09-01,DXB-003,Dubai,CUST-03661,P012,Pen Pack,Stationery,2,14.6,0,29.2,0.0,29.2,Cash,Store,2026,9,September,1,Tuesday,False,29.2,14.6
TXN-0064463,2026-09-01,DXB-001,Dubai,CUST-03370,P001,Laptop,Electronics,4,3109.34,15,12437.36,1865.6,10571.76,Bank Transfer,Store,2026,9,September,1,Tuesday,False,10571.76,2642.94
TXN-0064503,2026-09-01,DXB-001,Dubai,CUST-00754,P008,Desk,Furniture,3,845.16,0,2535.48,0.0,2535.48,Cash,Online,2026,9,September,1,Tuesday,False,2535.48,845.16
TXN-0064518,2026-09-01,DXB-001,Dubai,CUST-01957,P003,Headphones,Electronics,1,348.04,5,348.04,17.4,330.64,Apple Pay,Online,2026,9,September,1,Tuesday,False,330.64,330.64
TXN-0064547,2026-09-01,DXB-003,Dubai,CUST-06192,P004,Monitor,Electronics,1,948.34,0,948.34,0.0,948.34,Bank Transfer,Online,2026,9,September,1,Tuesday,False,948.34,948.34
TXN-0064676,2026-09-01,DXB-001,Dubai,CUST-06907,P013,USB Drive,Accessories,2,46.14,0,92.28,0.0,92.28,Apple Pay,Store,2026,9,September,1,Tuesday,False,92.28,46.14
TXN-0064789,2026-09-01,DXB-005,Dubai,CUST-02387,P002,Smartphone,Electronics,4,1931.04,0,7724.16,0.0,7724.16,Cash,Online,2026,9,September,1,Tuesday,False,7724.16,1931.04
TXN-0064953,2026-09-01,DXB-003,Dubai,CUST-07599,P012,Pen Pack,Stationery,2,14.15,5,28.3,1.42,26.88,Card,Online,2026,9,September,1,Tuesday,False,26.88,13.44
TXN-0064992,2026-09-01,DXB-002,Dubai,CUST-06520,P001,Laptop,Electronics,1,2641.4,0,2641.4,0.0,2641.4,Card,Store,2026,9,September,1,Tuesday,False,2641.4,2641.4
TXN-0065010,2026-09-01,DXB-003,Dubai,CUST-03119,P012,Pen Pack,Stationery,1,15.15,0,15.15,0.0,15.15,Card,Store,2026,9,September,1,Tuesday,False,15.15,15.15
TXN-0065017,2026-09-01,DXB-002,Dubai,CUST-00209,P013,USB Drive,Accessories,1,41.59,0,41.59,0.0,41.59,Card,Store,2026,9,September,1,Tuesday,False,41.59,41.59
TXN-0065039,2026-09-01,DXB-005,Dubai,CUST-04253,P003,Headphones,Electronics,2,365.54,0,731.08,0.0,731.08,Card,Online,2026,9,September,1,Tuesday,False,731.08,365.54
TXN-0065062,2026-09-01,DXB-003,Dubai,CUST-03140,P009,Backpack,Accessories,1,244.89,5,244.89,12.24,232.65,Card,Store,2026,9,September,1,Tuesday,False,232.65,232.65
TXN-0065115,2026-09-01,DXB-005,Dubai,CUST-03113,P004,Monitor,Electronics,2,954.98,15,1909.96,286.49,1623.47,Card,Online,2026,9,September,1,Tuesday,False,1623.47,811.74
TXN-0065263,2026-09-01,DXB-003,Dubai,CUST-05080,P006,Mouse,Accessories,1,103.34,5,103.34,5.17,98.17,Cash,Store,2026,9,September,1,Tuesday,False,98.17,98.17
TXN-0065264,2026-09-01,DXB-005,Dubai,CUST-01166,P004,Monitor,Electronics,1,813.07,10,813.07,81.31,731.76,Card,Store,2026,9,September,1,Tuesday,False,731.76,731.76
TXN-0065276,2026-09-01,DXB-005,Dubai,CUST-05668,P014,Power Bank,Electronics,1,144.98,5,144.98,7.25,137.73,Cash,Store,2026,9,September,1,Tuesday,False,137.73,137.73
TXN-0065283,2026-09-01,DXB-001,Dubai,CUST-07599,P005,Keyboard,Accessories,3,164.19,10,492.57,49.26,443.31,Cash,Online,2026,9,September,1,Tuesday,False,443.31,147.77
TXN-0065320,2026-09-01,DXB-005,Dubai,CUST-00336,P006,Mouse,Accessories,5,86.7,5,433.5,21.68,411.82,Apple Pay,Store,2026,9,September,1,Tuesday,False,411.82,82.36
TXN-0065333,2026-09-01,DXB-004,Dubai,CUST-04838,P003,Headphones,Electronics,1,338.2,10,338.2,33.82,304.38,Card,Store,2026,9,September,1,Tuesday,False,304.38,304.38
TXN-0065335,2026-09-01,DXB-004,Dubai,CUST-00918,P011,Notebook,Stationery,1,22.79,0,22.79,0.0,22.79,Apple Pay,Store,2026,9,September,1,Tuesday,False,22.79,22.79
TXN-0065362,2026-09-01,DXB-004,Dubai,CUST-02310,P011,Notebook,Stationery,5,24.42,5,122.1,6.1,116.0,Cash,Store,2026,9,September,1,Tuesday,False,116.0,23.2
TXN-0065406,2026-09-01,DXB-003,Dubai,CUST-06791,P001,Laptop,Electronics,3,2733.34,5,8200.02,410.0,7790.02,Card,Store,2026,9,September,1,Tuesday,False,7790.02,2596.67
TXN-0065503,2026-09-01,DXB-004,Dubai,CUST-01143,P012,Pen Pack,Stationery,1,15.49,0,15.49,0.0,15.49,Apple Pay,Online,2026,9,September,1,Tuesday,False,15.49,15.49
TXN-0065550,2026-09-01,DXB-003,Dubai,CUST-02166,P014,Power Bank,Electronics,2,151.93,10,303.86,30.39,273.47,Card,Store,2026,9,September,1,Tuesday,False,273.47,136.74
TXN-0065615,2026-09-01,DXB-002,Dubai,CUST-01450,P002,Smartphone,Electronics,1,1803.71,10,1803.71,180.37,1623.34,Card,Online,2026,9,September,1,Tuesday,False,1623.34,1623.34
TXN-0065617,2026-09-01,DXB-003,Dubai,CUST-00611,P014,Power Bank,Electronics,1,144.85,5,144.85,7.24,137.61,Card,Online,2026,9,September,1,Tuesday,False,137.61,137.61
TXN-0065642,2026-09-01,DXB-005,Dubai,CUST-04899,P003,Headphones,Electronics,4,313.75,5,1255.0,62.75,1192.25,Card,Store,2026,9,September,1,Tuesday,False,1192.25,298.06
TXN-0065662,2026-09-01,DXB-002,Dubai,CUST-07480,P009,Backpack,Accessories,6,231.05,0,1386.3,0.0,1386.3,Card,Online,2026,9,September,1,Tuesday,False,1386.3,231.05
TXN-0065795,2026-09-01,DXB-002,Dubai,CUST-04300,P006,Mouse,Accessories,1,96.37,10,96.37,9.64,86.73,Apple Pay,Store,2026,9,September,1,Tuesday,False,86.73,86.73
TXN-0065822,2026-09-01,DXB-004,Dubai,CUST-00897,P013,USB Drive,Accessories,1,42.21,5,42.21,2.11,40.1,Card,Store,2026,9,September,1,Tuesday,False,40.1,40.1
TXN-0065913,2026-09-01,DXB-005,Dubai,CUST-02162,P015,Tablet,Electronics,1,1188.8,15,1188.8,178.32,1010.48,Apple Pay,Store,2026,9,September,1,Tuesday,False,1010.48,1010.48
TXN-0065976,2026-09-01,DXB-004,Dubai,CUST-01012,P005,Keyboard,Accessories,3,194.52,10,583.56,58.36,525.2,Cash,Store,2026,9,September,1,Tuesday,False,525.2,175.07
TXN-0066025,2026-09-01,DXB-005,Dubai,CUST-00884,P014,Power Bank,Electronics,2,143.52,0,287.04,0.0,287.04,Apple Pay,Online,2026,9,September,1,Tuesday,False,287.04,143.52
TXN-0066083,2026-09-01,DXB-005,Dubai,CUST-02023,P004,Monitor,Electronics,1,780.51,15,780.51,117.08,663.43,Apple Pay,Online,2026,9,September,1,Tuesday,False,663.43,663.43
TXN-0066265,2026-09-01,DXB-005,Dubai,CUST-06816,P006,Mouse,Accessories,1,98.24,15,98.24,14.74,83.5,Card,Online,2026,9,September,1,Tuesday,False,83.5,83.5
TXN-0066282,2026-09-01,DXB-002,Dubai,CUST-02070,P015,Tablet,Electronics,3,1184.37,10,3553.11,355.31,3197.8,Cash,Store,2026,9,September,1,Tuesday,False,3197.8,1065.93
TXN-0066382,2026-09-01,DXB-003,Dubai,CUST-01658,P001,Laptop,Electronics,1,2722.17,5,2722.17,136.11,2586.06,Bank Transfer,Store,2026,9,September,1,Tuesday,False,2586.06,2586.06
TXN-0066433,2026-09-01,DXB-003,Dubai,CUST-00831,P005,Keyboard,Accessories,1,181.21,10,181.21,18.12,163.09,Cash,Store,2026,9,September,1,Tuesday,False,163.09,163.09
TXN-0066734,2026-09-01,DXB-004,Dubai,CUST-04407,P011,Notebook,Stationery,1,24.62,20,24.62,4.92,19.7,Cash,Online,2026,9,September,1,Tuesday,False,19.7,19.7
TXN-0066770,2026-09-01,DXB-004,Dubai,CUST-00469,P012,Pen Pack,Stationery,1,13.72,0,13.72,0.0,13.72,Card,Store,2026,9,September,1,Tuesday,False,13.72,13.72
TXN-0066772,2026-09-01,DXB-001,Dubai,CUST-06632,P011,Notebook,Stationery,3,25.62,10,76.86,7.69,69.17,Apple Pay,Store,2026,9,September,1,Tuesday,False,69.17,23.06
TXN-0066853,2026-09-01,DXB-001,Dubai,CUST-06743,P013,USB Drive,Accessories,1,43.57,5,43.57,2.18,41.39,Cash,Store,2026,9,September,1,Tuesday,False,41.39,41.39
TXN-0066872,2026-09-01,DXB-002,Dubai,CUST-00784,P005,Keyboard,Accessories,3,173.58,10,520.74,52.07,468.67,Bank Transfer,Store,2026,9,September,1,Tuesday,False,468.67,156.22
TXN-0066987,2026-09-01,DXB-004,Dubai,CUST-04284,P004,Monitor,Electronics,4,899.95,10,3599.8,359.98,3239.82,Apple Pay,Store,2026,9,September,1,Tuesday,False,3239.82,809.96
TXN-0067038,2026-09-01,DXB-004,Dubai,CUST-02712,P002,Smartphone,Electronics,1,1774.01,0,1774.01,0.0,1774.01,Apple Pay,Store,2026,9,September,1,Tuesday,False,1774.01,1774.01
TXN-0067043,2026-09-01,DXB-003,Dubai,CUST-07253,P004,Monitor,Electronics,1,864.37,0,864.37,0.0,864.37,Apple Pay,Store,2026,9,September,1,Tuesday,False,864.37,864.37
TXN-0067053,2026-09-01,DXB-003,Dubai,CUST-02738,P003,Headphones,Electronics,2,380.91,15,761.82,114.27,647.55,Card,Online,2026,9,September,1,Tuesday,False,647.55,323.77
TXN-0067056,2026-09-01,DXB-003,Dubai,CUST-00786,P005,Keyboard,Accessories,2,199.68,15,399.36,59.9,339.46,Cash,Online,2026,9,September,1,Tuesday,False,339.46,169.73
TXN-0067069,2026-09-01,DXB-003,Dubai,CUST-05942,P004,Monitor,Electronics,1,911.58,0,911.58,0.0,911.58,Apple Pay,Store,2026,9,September,1,Tuesday,False,911.58,911.58
TXN-0067148,2026-09-01,DXB-004,Dubai,CUST-01866,P009,Backpack,Accessories,3,213.8,15,641.4,96.21,545.19,Apple Pay,Store,2026,9,September,1,Tuesday,False,545.19,181.73
TXN-0067177,2026-09-01,DXB-003,Dubai,CUST-02616,P013,USB Drive,Accessories,1,44.75,0,44.75,0.0,44.75,Cash,Store,2026,9,September,1,Tuesday,False,44.75,44.75
TXN-0067329,2026-09-01,DXB-001,Dubai,CUST-04645,P001,Laptop,Electronics,2,2809.97,10,5619.94,561.99,5057.95,Cash,Store,2026,9,September,1,Tuesday,False,5057.95,2528.98
TXN-0067342,2026-09-01,DXB-003,Dubai,CUST-04923,P005,Keyboard,Accessories,3,180.1,0,540.3,0.0,540.3,Apple Pay,Store,2026,9,September,1,Tuesday,False,540.3,180.1
TXN-0067343,2026-09-01,DXB-004,Dubai,CUST-02039,P014,Power Bank,Electronics,1,138.25,5,138.25,6.91,131.34,Card,Online,2026,9,September,1,Tuesday,False,131.34,131.34
TXN-0067574,2026-09-01,DXB-002,Dubai,CUST-07967,P005,Keyboard,Accessories,1,192.32,0,192.32,0.0,192.32,Apple Pay,Store,2026,9,September,1,Tuesday,False,192.32,192.32
TXN-0067673,2026-09-01,DXB-002,Dubai,CUST-04616,P007,Office Chair,Furniture,6,594.49,0,3566.94,0.0,3566.94,Apple Pay,Store,2026,9,September,1,Tuesday,False,3566.94,594.49
TXN-0067749,2026-09-01,DXB-002,Dubai,CUST-01288,P003,Headphones,Electronics,1,360.09,20,360.09,72.02,288.07,Card,Store,2026,9,September,1,Tuesday,False,288.07,288.07
TXN-0067789,2026-09-01,DXB-003,Dubai,CUST-01097,P003,Headphones,Electronics,1,337.94,0,337.94,0.0,337.94,Card,Store,2026,9,September,1,Tuesday,False,337.94,337.94
TXN-0067803,2026-09-01,DXB-002,Dubai,CUST-05599,P009,Backpack,Accessories,2,227.79,0,455.58,0.0,455.58,Card,Online,2026,9,September,1,Tuesday,False,455.58,227.79
TXN-0067820,2026-09-01,DXB-004,Dubai,CUST-07801,P008,Desk,Furniture,1,747.11,0,747.11,0.0,747.11,Card,Store,2026,9,September,1,Tuesday,False,747.11,747.11
TXN-0067876,2026-09-01,DXB-003,Dubai,CUST-06605,P010,Printer,Office,1,691.66,10,691.66,69.17,622.49,Card,Store,2026,9,September,1,Tuesday,False,622.49,622.49
TXN-0067989,2026-09-01,DXB-003,Dubai,CUST-00919,P012,Pen Pack,Stationery,1,12.93,5,12.93,0.65,12.28,Card,Online,2026,9,September,1,Tuesday,False,12.28,12.28
TXN-0068001,2026-09-01,DXB-005,Dubai,CUST-05000,P009,Backpack,Accessories,1,241.8,20,241.8,48.36,193.44,Card,Store,2026,9,September,1,Tuesday,False,193.44,193.44
TXN-0068086,2026-09-01,DXB-001,Dubai,CUST-00109,P013,USB Drive,Accessories,1,43.34,0,43.34,0.0,43.34,Card,Store,2026,9,September,1,Tuesday,False,43.34,43.34
TXN-0068136,2026-09-01,DXB-001,Dubai,CUST-03617,P006,Mouse,Accessories,5,98.82,10,494.1,49.41,444.69,Bank Transfer,Online,2026,9,September,1,Tuesday,False,444.69,88.94
TXN-0068151,2026-09-01,DXB-004,Dubai,CUST-00753,P013,USB Drive,Accessories,1,40.06,5,40.06,2.0,38.06,Card,Online,2026,9,September,1,Tuesday,False,38.06,38.06
TXN-0068224,2026-09-01,DXB-003,Dubai,CUST-03781,P012,Pen Pack,Stationery,3,15.52,10,46.56,4.66,41.9,Card,Store,2026,9,September,1,Tuesday,False,41.9,13.97
TXN-0068237,2026-09-01,DXB-001,Dubai,CUST-03783,P003,Headphones,Electronics,1,344.99,0,344.99,0.0,344.99,Apple Pay,Store,2026,9,September,1,Tuesday,False,344.99,344.99
TXN-0068313,2026-09-01,DXB-002,Dubai,CUST-07914,P003,Headphones,Electronics,2,375.77,10,751.54,75.15,676.39,Apple Pay,Store,2026,9,September,1,Tuesday,False,676.39,338.2
TXN-0068316,2026-09-01,DXB-003,Dubai,CUST-00869,P009,Backpack,Accessories,1,207.55,20,207.55,41.51,166.04,Cash,Online,2026,9,September,1,Tuesday,False,166.04,166.04
TXN-0068318,2026-09-01,DXB-002,Dubai,CUST-04954,P011,Notebook,Stationery,1,25.18,0,25.18,0.0,25.18,Apple Pay,Online,2026,9,September,1,Tuesday,False,25.18,25.18
TXN-0068520,2026-09-01,DXB-001,Dubai,CUST-05551,P009,Backpack,Accessories,3,227.77,0,683.31,0.0,683.31,Card,Online,2026,9,September,1,Tuesday,False,683.31,227.77
TXN-0068570,2026-09-01,DXB-002,Dubai,CUST-05117,P009,Backpack,Accessories,1,201.49,5,201.49,10.07,191.42,Apple Pay,Store,2026,9,September,1,Tuesday,False,191.42,191.42
TXN-0068647,2026-09-01,DXB-004,Dubai,CUST-07156,P010,Printer,Office,1,653.87,15,653.87,98.08,555.79,Apple Pay,Online,2026,9,September,1,Tuesday,False,555.79,555.79
TXN-0068694,2026-09-01,DXB-005,Dubai,CUST-04498,P012,Pen Pack,Stationery,1,14.21,5,14.21,0.71,13.5,Apple Pay,Store,2026,9,September,1,Tuesday,False,13.5,13.5
TXN-0068788,2026-09-01,DXB-005,Dubai,CUST-07628,P006,Mouse,Accessories,1,98.41,0,98.41,0.0,98.41,Card,Online,2026,9,September,1,Tuesday,False,98.41,98.41
TXN-0068824,2026-09-01,DXB-001,Dubai,CUST-01191,P002,Smartphone,Electronics,6,1806.49,20,10838.94,2167.79,8671.15,Card,Store,2026,9,September,1,Tuesday,False,8671.15,1445.19
TXN-0068841,2026-09-01,DXB-001,Dubai,CUST-00930,P004,Monitor,Electronics,1,851.11,5,851.11,42.56,808.55,Cash,Store,2026,9,September,1,Tuesday,False,808.55,808.55
TXN-0068897,2026-09-01,DXB-003,Dubai,CUST-07939,P003,Headphones,Electronics,3,320.66,0,961.98,0.0,961.98,Apple Pay,Store,2026,9,September,1,Tuesday,False,961.98,320.66
TXN-0068898,2026-09-01,DXB-002,Dubai,CUST-00702,P006,Mouse,Accessories,1,107.73,0,107.73,0.0,107.73,Apple Pay,Store,2026,9,September,1,Tuesday,False,107.73,107.73
TXN-0068966,2026-09-01,DXB-005,Dubai,CUST-04179,P005,Keyboard,Accessories,2,176.62,15,353.24,52.99,300.25,Card,Online,2026,9,September,1,Tuesday,False,300.25,150.12
TXN-0069062,2026-09-01,DXB-004,Dubai,CUST-02612,P004,Monitor,Electronics,4,819.99,15,3279.96,491.99,2787.97,Card,Store,2026,9,September,1,Tuesday,False,2787.97,696.99
TXN-0069173,2026-09-01,DXB-004,Dubai,CUST-05517,P006,Mouse,Accessories,2,101.01,0,202.02,0.0,202.02,Apple Pay,Store,2026,9,September,1,Tuesday,False,202.02,101.01
TXN-0069227,2026-09-01,DXB-003,Dubai,CUST-07678,P006,Mouse,Accessories,1,107.36,10,107.36,10.74,96.62,Bank Transfer,Store,2026,9,September,1,Tuesday,False,96.62,96.62
TXN-0069231,2026-09-01,DXB-003,Dubai,CUST-02669,P008,Desk,Furniture,2,820.61,0,1641.22,0.0,1641.22,Apple Pay,Store,2026,9,September,1,Tuesday,False,1641.22,820.61
TXN-0069340,2026-09-01,DXB-002,Dubai,CUST-02923,P001,Laptop,Electronics,2,3283.97,5,6567.94,328.4,6239.54,Card,Store,2026,9,September,1,Tuesday,False,6239.54,3119.77
TXN-0069365,2026-09-01,DXB-004,Dubai,CUST-04440,P014,Power Bank,Electronics,2,142.52,0,285.04,0.0,285.04,Card,Online,2026,9,September,1,Tuesday,False,285.04,142.52
TXN-0069392,2026-09-01,DXB-004,Dubai,CUST-02408,P003,Headphones,Electronics,1,385.53,0,385.53,0.0,385.53,Cash,Online,2026,9,September,1,Tuesday,False,385.53,385.53
TXN-0069418,2026-09-01,DXB-004,Dubai,CUST-03975,P014,Power Bank,Electronics,3,142.47,15,427.41,64.11,363.3,Bank Transfer,Store,2026,9,September,1,Tuesday,False,363.3,121.1
TXN-0069509,2026-09-01,DXB-001,Dubai,CUST-07547,P010,Printer,Office,1,781.46,0,781.46,0.0,781.46,Apple Pay,Store,2026,9,September,1,Tuesday,False,781.46,781.46
TXN-0069544,2026-09-01,DXB-001,Dubai,CUST-01169,P011,Notebook,Stationery,5,24.44,0,122.2,0.0,122.2,Card,Online,2026,9,September,1,Tuesday,False,122.2,24.44
TXN-0069557,2026-09-01,DXB-003,Dubai,CUST-04755,P003,Headphones,Electronics,1,301.84,20,301.84,60.37,241.47,Apple Pay,Store,2026,9,September,1,Tuesday,False,241.47,241.47
TXN-0069580,2026-09-01,DXB-001,Dubai,CUST-06038,P002,Smartphone,Electronics,2,1876.71,10,3753.42,375.34,3378.08,Cash,Store,2026,9,September,1,Tuesday,False,3378.08,1689.04
TXN-0069817,2026-09-01,DXB-001,Dubai,CUST-02448,P005,Keyboard,Accessories,1,198.55,0,198.55,0.0,198.55,Card,Store,2026,9,September,1,Tuesday,False,198.55,198.55
TXN-0069838,2026-09-01,DXB-002,Dubai,CUST-02275,P005,Keyboard,Accessories,1,199.61,10,199.61,19.96,179.65,Card,Online,2026,9,September,1,Tuesday,False,179.65,179.65
TXN-0069886,2026-09-01,DXB-002,Dubai,CUST-07948,P012,Pen Pack,Stationery,1,14.92,0,14.92,0.0,14.92,Cash,Store,2026,9,September,1,Tuesday,False,14.92,14.92
TXN-0069923,2026-09-01,DXB-002,Dubai,CUST-05014,P001,Laptop,Electronics,1,3080.8,20,3080.8,616.16,2464.64,Card,Store,2026,9,September,1,Tuesday,False,2464.64,2464.64
TXN-0069974,2026-09-01,DXB-001,Dubai,CUST-07979,P011,Notebook,Stationery,2,23.82,10,47.64,4.76,42.88,Card,Online,2026,9,September,1,Tuesday,False,42.88,21.44
TXN-0069984,2026-09-01,DXB-002,Dubai,CUST-03830,P003,Headphones,Electronics,3,331.51,10,994.53,99.45,895.08,Card,Store,2026,9,September,1,Tuesday,False,895.08,298.36
TXN-0070034,2026-09-01,DXB-005,Dubai,CUST-04815,P011,Notebook,Stationery,3,25.48,5,76.44,3.82,72.62,Card,Store,2026,9,September,1,Tuesday,False,72.62,24.21
TXN-0070174,2026-09-01,DXB-005,Dubai,CUST-04792,P008,Desk,Furniture,3,875.15,5,2625.45,131.27,2494.18,Card,Store,2026,9,September,1,Tuesday,False,2494.18,831.39
TXN-0070190,2026-09-01,DXB-003,Dubai,CUST-01107,P015,Tablet,Electronics,3,1238.58,10,3715.74,371.57,3344.17,Card,Online,2026,9,September,1,Tuesday,False,3344.17,1114.72
TXN-0070206,2026-09-01,DXB-004,Dubai,CUST-06405,P010,Printer,Office,3,691.28,0,2073.84,0.0,2073.84,Bank Transfer,Store,2026,9,September,1,Tuesday,False,2073.84,691.28
TXN-0070216,2026-09-01,DXB-001,Dubai,CUST-00981,P003,Headphones,Electronics,4,349.8,0,1399.2,0.0,1399.2,Cash,Online,2026,9,September,1,Tuesday,False,1399.2,349.8
TXN-0070222,2026-09-01,DXB-004,Dubai,CUST-06047,P015,Tablet,Electronics,2,1285.23,0,2570.46,0.0,2570.46,Card,Online,2026,9,September,1,Tuesday,False,2570.46,1285.23
TXN-0070228,2026-09-01,DXB-003,Dubai,CUST-04445,P006,Mouse,Accessories,4,106.74,0,426.96,0.0,426.96,Card,Store,2026,9,September,1,Tuesday,False,426.96,106.74
TXN-0070252,2026-09-01,DXB-005,Dubai,CUST-02232,P006,Mouse,Accessories,1,117.38,0,117.38,0.0,117.38,Card,Store,2026,9,September,1,Tuesday,False,117.38,117.38
TXN-0070284,2026-09-01,DXB-003,Dubai,CUST-04212,P014,Power Bank,Electronics,2,161.35,10,322.7,32.27,290.43,Cash,Online,2026,9,September,1,Tuesday,False,290.43,145.22
TXN-0070291,2026-09-01,DXB-003,Dubai,CUST-04631,P002,Smartphone,Electronics,1,1748.59,0,1748.59,0.0,1748.59,Bank Transfer,Store,2026,9,September,1,Tuesday,False,1748.59,1748.59
TXN-0070361,2026-09-01,DXB-005,Dubai,CUST-02003,P006,Mouse,Accessories,1,102.97,20,102.97,20.59,82.38,Card,Store,2026,9,September,1,Tuesday,False,82.38,82.38
TXN-0070384,2026-09-01,DXB-001,Dubai,CUST-00725,P007,Office Chair,Furniture,1,699.14,5,699.14,34.96,664.18,Card,Store,2026,9,September,1,Tuesday,False,664.18,664.18
TXN-0070460,2026-09-01,DXB-005,Dubai,CUST-02564,P015,Tablet,Electronics,2,1334.87,0,2669.74,0.0,2669.74,Card,Store,2026,9,September,1,Tuesday,False,2669.74,1334.87
TXN-0070535,2026-09-01,DXB-003,Dubai,CUST-02207,P005,Keyboard,Accessories,1,182.59,0,182.59,0.0,182.59,Bank Transfer,Store,2026,9,September,1,Tuesday,False,182.59,182.59
TXN-0070536,2026-09-01,DXB-002,Dubai,CUST-04432,P008,Desk,Furniture,1,806.98,0,806.98,0.0,806.98,Bank Transfer,Store,2026,9,September,1,Tuesday,False,806.98,806.98
TXN-0070550,2026-09-01,DXB-001,Dubai,CUST-07521,P005,Keyboard,Accessories,1,157.8,10,157.8,15.78,142.02,Card,Online,2026,9,September,1,Tuesday,False,142.02,142.02
TXN-0070560,2026-09-01,DXB-001,Dubai,CUST-07499,P008,Desk,Furniture,1,806.14,0,806.14,0.0,806.14,Cash,Online,2026,9,September,1,Tuesday,False,806.14,806.14
TXN-0070653,2026-09-01,DXB-003,Dubai,CUST-00434,P009,Backpack,Accessories,1,218.95,5,218.95,10.95,208.0,Apple Pay,Store,2026,9,September,1,Tuesday,False,208.0,208.0
TXN-0070654,2026-09-01,DXB-004,Dubai,CUST-01802,P014,Power Bank,Electronics,3,141.55,5,424.65,21.23,403.42,Card,Store,2026,9,September,1,Tuesday,False,403.42,134.47
TXN-0070697,2026-09-01,DXB-002,Dubai,CUST-03360,P007,Office Chair,Furniture,2,709.19,10,1418.38,141.84,1276.54,Apple Pay,Store,2026,9,September,1,Tuesday,False,1276.54,638.27
TXN-0070728,2026-09-01,DXB-001,Dubai,CUST-03405,P005,Keyboard,Accessories,1,165.82,0,165.82,0.0,165.82,Card,Online,2026,9,September,1,Tuesday,False,165.82,165.82
TXN-0070757,2026-09-01,DXB-005,Dubai,CUST-00758,P003,Headphones,Electronics,2,363.95,0,727.9,0.0,727.9,Card,Online,2026,9,September,1,Tuesday,False,727.9,363.95
TXN-0070783,2026-09-01,DXB-001,Dubai,CUST-03183,P007,Office Chair,Furniture,6,687.04,0,4122.24,0.0,4122.24,Card,Online,2026,9,September,1,Tuesday,False,4122.24,687.04
TXN-0070797,2026-09-01,DXB-005,Dubai,CUST-02975,P003,Headphones,Electronics,2,342.52,10,685.04,68.5,616.54,Card,Store,2026,9,September,1,Tuesday,False,616.54,308.27
TXN-0070917,2026-09-01,DXB-001,Dubai,CUST-04999,P002,Smartphone,Electronics,1,1819.33,15,1819.33,272.9,1546.43,Apple Pay,Store,2026,9,September,1,Tuesday,False,1546.43,1546.43
TXN-0070980,2026-09-01,DXB-001,Dubai,CUST-06737,P011,Notebook,Stationery,1,24.87,0,24.87,0.0,24.87,Card,Online,2026,9,September,1,Tuesday,False,24.87,24.87
TXN-0070998,2026-09-01,DXB-002,Dubai,CUST-00891,P005,Keyboard,Accessories,1,173.47,10,173.47,17.35,156.12,Bank Transfer,Store,2026,9,September,1,Tuesday,False,156.12,156.12
TXN-0071019,2026-09-01,DXB-001,Dubai,CUST-03365,P001,Laptop,Electronics,1,2725.96,10,2725.96,272.6,2453.36,Card,Store,2026,9,September,1,Tuesday,False,2453.36,2453.36
TXN-0071051,2026-09-01,DXB-002,Dubai,CUST-04173,P010,Printer,Office,4,779.61,0,3118.44,0.0,3118.44,Apple Pay,Online,2026,9,September,1,Tuesday,False,3118.44,779.61
TXN-0071084,2026-09-01,DXB-003,Dubai,CUST-01694,P012,Pen Pack,Stationery,1,13.02,15,13.02,1.95,11.07,Card,Store,2026,9,September,1,Tuesday,False,11.07,11.07
TXN-0071338,2026-09-01,DXB-005,Dubai,CUST-01245,P002,Smartphone,Electronics,4,1857.19,10,7428.76,742.88,6685.88,Card,Store,2026,9,September,1,Tuesday,False,6685.88,1671.47
TXN-0071384,2026-09-01,DXB-001,Dubai,CUST-06174,P005,Keyboard,Accessories,4,181.67,0,726.68,0.0,726.68,Card,Online,2026,9,September,1,Tuesday,False,726.68,181.67
TXN-0071395,2026-09-01,DXB-001,Dubai,CUST-03077,P004,Monitor,Electronics,1,914.03,15,914.03,137.1,776.93,Bank Transfer,Store,2026,9,September,1,Tuesday,False,776.93,776.93
TXN-0071475,2026-09-01,DXB-004,Dubai,CUST-01099,P015,Tablet,Electronics,1,1180.2,5,1180.2,59.01,1121.19,Card,Online,2026,9,September,1,Tuesday,False,1121.19,1121.19
TXN-0071502,2026-09-01,DXB-002,Dubai,CUST-07306,P014,Power Bank,Electronics,1,142.41,0,142.41,0.0,142.41,Apple Pay,Online,2026,9,September,1,Tuesday,False,142.41,142.41
TXN-0071523,2026-09-01,DXB-001,Dubai,CUST-07056,P011,Notebook,Stationery,1,24.19,5,24.19,1.21,22.98,Card,Online,2026,9,September,1,Tuesday,False,22.98,22.98
TXN-0071563,2026-09-01,DXB-002,Dubai,CUST-03897,P009,Backpack,Accessories,1,213.95,0,213.95,0.0,213.95,Card,Online,2026,9,September,1,Tuesday,False,213.95,213.95
TXN-0071715,2026-09-01,DXB-003,Dubai,CUST-02448,P012,Pen Pack,Stationery,1,14.8,0,14.8,0.0,14.8,Card,Online,2026,9,September,1,Tuesday,False,14.8,14.8
TXN-0071833,2026-09-01,DXB-003,Dubai,CUST-07814,P011,Notebook,Stationery,1,25.6,15,25.6,3.84,21.76,Card,Store,2026,9,September,1,Tuesday,False,21.76,21.76
TXN-0071846,2026-09-01,DXB-003,Dubai,CUST-06096,P002,Smartphone,Electronics,4,1642.59,15,6570.36,985.55,5584.81,Card,Store,2026,9,September,1,Tuesday,False,5584.81,1396.2
TXN-0071889,2026-09-01,DXB-004,Dubai,CUST-05724,P001,Laptop,Electronics,1,2807.96,0,2807.96,0.0,2807.96,Apple Pay,Store,2026,9,September,1,Tuesday,False,2807.96,2807.96
TXN-0071925,2026-09-01,DXB-003,Dubai,CUST-01229,P008,Desk,Furniture,3,875.41,0,2626.23,0.0,2626.23,Card,Online,2026,9,September,1,Tuesday,False,2626.23,875.41
TXN-0071962,2026-09-01,DXB-001,Dubai,CUST-06267,P006,Mouse,Accessories,1,110.15,5,110.15,5.51,104.64,Card,Store,2026,9,September,1,Tuesday,False,104.64,104.64
TXN-0071968,2026-09-01,DXB-001,Dubai,CUST-00384,P014,Power Bank,Electronics,2,148.53,0,297.06,0.0,297.06,Bank Transfer,Online,2026,9,September,1,Tuesday,False,297.06,148.53
TXN-0072132,2026-09-01,DXB-003,Dubai,CUST-03943,P014,Power Bank,Electronics,2,139.9,10,279.8,27.98,251.82,Card,Store,2026,9,September,1,Tuesday,False,251.82,125.91
TXN-0072161,2026-09-01,DXB-002,Dubai,CUST-05332,P014,Power Bank,Electronics,1,166.56,10,166.56,16.66,149.9,Card,Store,2026,9,September,1,Tuesday,False,149.9,149.9
TXN-0072311,2026-09-01,DXB-002,Dubai,CUST-05260,P015,Tablet,Electronics,2,1147.64,10,2295.28,229.53,2065.75,Cash,Online,2026,9,September,1,Tuesday,False,2065.75,1032.88
TXN-0072370,2026-09-01,DXB-005,Dubai,CUST-07931,P008,Desk,Furniture,2,858.07,5,1716.14,85.81,1630.33,Card,Online,2026,9,September,1,Tuesday,False,1630.33,815.16
TXN-0072384,2026-09-01,DXB-002,Dubai,CUST-02206,P001,Laptop,Electronics,1,3098.45,10,3098.45,309.85,2788.6,Apple Pay,Store,2026,9,September,1,Tuesday,False,2788.6,2788.6
TXN-0072411,2026-09-01,DXB-002,Dubai,CUST-00694,P008,Desk,Furniture,4,853.11,0,3412.44,0.0,3412.44,Apple Pay,Store,2026,9,September,1,Tuesday,False,3412.44,853.11
TXN-0072438,2026-09-01,DXB-002,Dubai,CUST-00020,P012,Pen Pack,Stationery,2,14.87,15,29.74,4.46,25.28,Card,Store,2026,9,September,1,Tuesday,False,25.28,12.64
TXN-0072463,2026-09-01,DXB-001,Dubai,CUST-01160,P009,Backpack,Accessories,2,211.66,10,423.32,42.33,380.99,Card,Store,2026,9,September,1,Tuesday,False,380.99,190.5
TXN-0072492,2026-09-01,DXB-004,Dubai,CUST-03599,P012,Pen Pack,Stationery,2,14.14,15,28.28,4.24,24.04,Card,Store,2026,9,September,1,Tuesday,False,24.04,12.02
TXN-0072517,2026-09-01,DXB-002,Dubai,CUST-03909,P013,USB Drive,Accessories,1,43.17,10,43.17,4.32,38.85,Bank Transfer,Store,2026,9,September,1,Tuesday,False,38.85,38.85
TXN-0072521,2026-09-01,DXB-001,Dubai,CUST-07557,P003,Headphones,Electronics,1,331.71,0,331.71,0.0,331.71,Card,Online,2026,9,September,1,Tuesday,False,331.71,331.71
TXN-0072654,2026-09-01,DXB-001,Dubai,CUST-02235,P001,Laptop,Electronics,1,2773.41,5,2773.41,138.67,2634.74,Cash,Store,2026,9,September,1,Tuesday,False,2634.74,2634.74
TXN-0072706,2026-09-01,DXB-001,Dubai,CUST-07027,P013,USB Drive,Accessories,1,45.0,20,45.0,9.0,36.0,Bank Transfer,Store,2026,9,September,1,Tuesday,False,36.0,36.0
TXN-0072740,2026-09-01,DXB-005,Dubai,CUST-05088,P011,Notebook,Stationery,3,26.0,5,78.0,3.9,74.1,Cash,Store,2026,9,September,1,Tuesday,False,74.1,24.7
TXN-0072752,2026-09-01,DXB-003,Dubai,CUST-01342,P003,Headphones,Electronics,5,365.0,15,1825.0,273.75,1551.25,Card,Online,2026,9,September,1,Tuesday,False,1551.25,310.25
TXN-0072807,2026-09-01,DXB-002,Dubai,CUST-02589,P009,Backpack,Accessories,3,223.14,0,669.42,0.0,669.42,Apple Pay,Online,2026,9,September,1,Tuesday,False,669.42,223.14
TXN-0072811,2026-09-01,DXB-001,Dubai,CUST-01474,P015,Tablet,Electronics,2,1186.9,5,2373.8,118.69,2255.11,Cash,Store,2026,9,September,1,Tuesday,False,2255.11,1127.56
TXN-0073121,2026-09-01,DXB-003,Dubai,CUST-00744,P012,Pen Pack,Stationery,2,14.34,0,28.68,0.0,28.68,Card,Online,2026,9,September,1,Tuesday,False,28.68,14.34
TXN-0073169,2026-09-01,DXB-001,Dubai,CUST-05252,P005,Keyboard,Accessories,1,172.58,5,172.58,8.63,163.95,Apple Pay,Store,2026,9,September,1,Tuesday,False,163.95,163.95
TXN-0073256,2026-09-01,DXB-001,Dubai,CUST-04807,P015,Tablet,Electronics,2,1320.13,5,2640.26,132.01,2508.25,Card,Store,2026,9,September,1,Tuesday,False,2508.25,1254.12
TXN-0073264,2026-09-01,DXB-001,Dubai,CUST-06783,P012,Pen Pack,Stationery,3,15.72,20,47.16,9.43,37.73,Card,Online,2026,9,September,1,Tuesday,False,37.73,12.58
TXN-0073300,2026-09-01,DXB-002,Dubai,CUST-00284,P009,Backpack,Accessories,2,214.51,5,429.02,21.45,407.57,Cash,Store,2026,9,September,1,Tuesday,False,407.57,203.78
TXN-0073383,2026-09-01,DXB-002,Dubai,CUST-06622,P002,Smartphone,Electronics,6,1950.03,0,11700.18,0.0,11700.18,Cash,Store,2026,9,September,1,Tuesday,False,11700.18,1950.03
TXN-0073423,2026-09-01,DXB-001,Dubai,CUST-02230,P001,Laptop,Electronics,1,2792.08,0,2792.08,0.0,2792.08,Cash,Online,2026,9,September,1,Tuesday,False,2792.08,2792.08
TXN-0073516,2026-09-01,DXB-005,Dubai,CUST-07349,P011,Notebook,Stationery,4,28.1,0,112.4,0.0,112.4,Card,Store,2026,9,September,1,Tuesday,False,112.4,28.1
TXN-0073575,2026-09-01,DXB-005,Dubai,CUST-02758,P010,Printer,Office,1,655.13,0,655.13,0.0,655.13,Cash,Store,2026,9,September,1,Tuesday,False,655.13,655.13
TXN-0073606,2026-09-01,DXB-001,Dubai,CUST-07465,P014,Power Bank,Electronics,3,155.84,10,467.52,46.75,420.77,Cash,Store,2026,9,September,1,Tuesday,False,420.77,140.26
TXN-0073761,2026-09-01,DXB-004,Dubai,CUST-03374,P014,Power Bank,Electronics,1,161.2,5,161.2,8.06,153.14,Apple Pay,Store,2026,9,September,1,Tuesday,False,153.14,153.14
TXN-0073775,2026-09-01,DXB-002,Dubai,CUST-02814,P002,Smartphone,Electronics,1,1628.07,5,1628.07,81.4,1546.67,Card,Store,2026,9,September,1,Tuesday,False,1546.67,1546.67
TXN-0073836,2026-09-01,DXB-005,Dubai,CUST-05676,P013,USB Drive,Accessories,2,50.04,10,100.08,10.01,90.07,Cash,Online,2026,9,September,1,Tuesday,False,90.07,45.04
TXN-0073878,2026-09-01,DXB-003,Dubai,CUST-03001,P001,Laptop,Electronics,1,2832.35,10,2832.35,283.24,2549.11,Bank Transfer,Online,2026,9,September,1,Tuesday,False,2549.11,2549.11
TXN-0073938,2026-09-01,DXB-004,Dubai,CUST-06563,P013,USB Drive,Accessories,1,42.17,15,42.17,6.33,35.84,Card,Store,2026,9,September,1,Tuesday,False,35.84,35.84
TXN-0073989,2026-09-01,DXB-001,Dubai,CUST-01171,P010,Printer,Office,1,653.51,10,653.51,65.35,588.16,Card,Store,2026,9,September,1,Tuesday,False,588.16,588.16
TXN-0074070,2026-09-01,DXB-003,Dubai,CUST-04404,P006,Mouse,Accessories,2,92.67,0,185.34,0.0,185.34,Apple Pay,Store,2026,9,September,1,Tuesday,False,185.34,92.67
TXN-0074144,2026-09-01,DXB-005,Dubai,CUST-07745,P010,Printer,Office,2,657.03,20,1314.06,262.81,1051.25,Bank Transfer,Store,2026,9,September,1,Tuesday,False,1051.25,525.62
TXN-0074162,2026-09-01,DXB-002,Dubai,CUST-03036,P005,Keyboard,Accessories,1,170.53,5,170.53,8.53,162.0,Card,Store,2026,9,September,1,Tuesday,False,162.0,162.0
TXN-0074334,2026-09-01,DXB-005,Dubai,CUST-05717,P015,Tablet,Electronics,1,1236.64,10,1236.64,123.66,1112.98,Cash,Online,2026,9,September,1,Tuesday,False,1112.98,1112.98
TXN-0074347,2026-09-01,DXB-001,Dubai,CUST-01739,P008,Desk,Furniture,2,851.38,0,1702.76,0.0,1702.76,Card,Store,2026,9,September,1,Tuesday,False,1702.76,851.38
TXN-0074355,2026-09-01,DXB-005,Dubai,CUST-00450,P012,Pen Pack,Stationery,1,15.12,5,15.12,0.76,14.36,Card,Online,2026,9,September,1,Tuesday,False,14.36,14.36
TXN-0074356,2026-09-01,DXB-005,Dubai,CUST-02156,P011,Notebook,Stationery,3,26.29,10,78.87,7.89,70.98,Card,Store,2026,9,September,1,Tuesday,False,70.98,23.66
TXN-0074397,2026-09-01,DXB-003,Dubai,CUST-03738,P004,Monitor,Electronics,2,888.46,0,1776.92,0.0,1776.92,Apple Pay,Store,2026,9,September,1,Tuesday,False,1776.92,888.46
TXN-0074586,2026-09-01,DXB-005,Dubai,CUST-00974,P003,Headphones,Electronics,1,364.54,0,364.54,0.0,364.54,Card,Online,2026,9,September,1,Tuesday,False,364.54,364.54
TXN-0074594,2026-09-01,DXB-005,Dubai,CUST-00821,P011,Notebook,Stationery,1,24.6,0,24.6,0.0,24.6,Card,Online,2026,9,September,1,Tuesday,False,24.6,24.6
TXN-0074638,2026-09-01,DXB-002,Dubai,CUST-01255,P005,Keyboard,Accessories,2,185.02,10,370.04,37.0,333.04,Card,Store,2026,9,September,1,Tuesday,False,333.04,166.52
TXN-0074663,2026-09-01,DXB-002,Dubai,CUST-05565,P011,Notebook,Stationery,1,26.11,0,26.11,0.0,26.11,Cash,Store,2026,9,September,1,Tuesday,False,26.11,26.11
TXN-0074719,2026-09-01,DXB-002,Dubai,CUST-07017,P010,Printer,Office,1,696.48,15,696.48,104.47,592.01,Card,Store,2026,9,September,1,Tuesday,False,592.01,592.01
TXN-0074740,2026-09-01,DXB-001,Dubai,CUST-02148,P011,Notebook,Stationery,3,23.23,5,69.69,3.48,66.21,Card,Store,2026,9,September,1,Tuesday,False,66.21,22.07
TXN-0074805,2026-09-01,DXB-002,Dubai,CUST-00092,P001,Laptop,Electronics,1,2834.14,0,2834.14,0.0,2834.14,Card,Store,2026,9,September,1,Tuesday,False,2834.14,2834.14
TXN-0074882,2026-09-01,DXB-004,Dubai,CUST-04089,P004,Monitor,Electronics,1,918.25,10,918.25,91.82,826.43,Card,Store,2026,9,September,1,Tuesday,False,826.43,826.43
TXN-0074896,2026-09-01,DXB-001,Dubai,CUST-05088,P007,Office Chair,Furniture,2,599.06,20,1198.12,239.62,958.5,Apple Pay,Store,2026,9,September,1,Tuesday,False,958.5,479.25
TXN-0074934,2026-09-01,DXB-002,Dubai,CUST-07378,P001,Laptop,Electronics,2,3141.59,5,6283.18,314.16,5969.02,Card,Online,2026,9,September,1,Tuesday,False,5969.02,2984.51
TXN-0074980,2026-09-01,DXB-002,Dubai,CUST-00752,P006,Mouse,Accessories,1,94.29,15,94.29,14.14,80.15,Card,Store,2026,9,September,1,Tuesday,False,80.15,80.15
TXN-0075010,2026-09-01,DXB-002,Dubai,CUST-03704,P006,Mouse,Accessories,4,96.96,0,387.84,0.0,387.84,Cash,Store,2026,9,September,1,Tuesday,False,387.84,96.96
TXN-0075041,2026-09-01,DXB-003,Dubai,CUST-01727,P007,Office Chair,Furniture,1,575.02,10,575.02,57.5,517.52,Card,Store,2026,9,September,1,Tuesday,False,517.52,517.52
TXN-0075145,2026-09-01,DXB-002,Dubai,CUST-00813,P003,Headphones,Electronics,2,314.48,15,628.96,94.34,534.62,Card,Store,2026,9,September,1,Tuesday,False,534.62,267.31
TXN-0075179,2026-09-01,DXB-002,Dubai,CUST-04244,P001,Laptop,Electronics,1,2702.1,20,2702.1,540.42,2161.68,Card,Store,2026,9,September,1,Tuesday,False,2161.68,2161.68
TXN-0075201,2026-09-01,DXB-003,Dubai,CUST-00922,P005,Keyboard,Accessories,3,162.56,15,487.68,73.15,414.53,Apple Pay,Store,2026,9,September,1,Tuesday,False,414.53,138.18
TXN-0075344,2026-09-01,DXB-005,Dubai,CUST-00771,P013,USB Drive,Accessories,2,42.5,10,85.0,8.5,76.5,Apple Pay,Store,2026,9,September,1,Tuesday,False,76.5,38.25
TXN-0075361,2026-09-01,DXB-002,Dubai,CUST-03263,P004,Monitor,Electronics,1,902.6,15,902.6,135.39,767.21,Cash,Store,2026,9,September,1,Tuesday,False,767.21,767.21
TXN-0075368,2026-09-01,DXB-002,Dubai,CUST-06514,P008,Desk,Furniture,1,847.69,0,847.69,0.0,847.69,Card,Store,2026,9,September,1,Tuesday,False,847.69,847.69
TXN-0075466,2026-09-01,DXB-004,Dubai,CUST-05817,P011,Notebook,Stationery,5,27.68,15,138.4,20.76,117.64,Card,Store,2026,9,September,1,Tuesday,False,117.64,23.53
TXN-0075700,2026-09-01,DXB-001,Dubai,CUST-05570,P014,Power Bank,Electronics,3,153.22,5,459.66,22.98,436.68,Card,Store,2026,9,September,1,Tuesday,False,436.68,145.56
TXN-0075717,2026-09-01,DXB-001,Dubai,CUST-02649,P011,Notebook,Stationery,2,24.57,0,49.14,0.0,49.14,Bank Transfer,Store,2026,9,September,1,Tuesday,False,49.14,24.57
TXN-0075807,2026-09-01,DXB-005,Dubai,CUST-03030,P008,Desk,Furniture,1,690.78,0,690.78,0.0,690.78,Card,Online,2026,9,September,1,Tuesday,False,690.78,690.78
TXN-0075931,2026-09-01,DXB-005,Dubai,CUST-01466,P001,Laptop,Electronics,2,3075.26,0,6150.52,0.0,6150.52,Card,Store,2026,9,September,1,Tuesday,False,6150.52,3075.26
TXN-0075972,2026-09-01,DXB-003,Dubai,CUST-03309,P006,Mouse,Accessories,1,99.72,5,99.72,4.99,94.73,Cash,Store,2026,9,September,1,Tuesday,False,94.73,94.73
TXN-0075973,2026-09-01,DXB-004,Dubai,CUST-07101,P015,Tablet,Electronics,1,1136.11,15,1136.11,170.42,965.69,Card,Store,2026,9,September,1,Tuesday,False,965.69,965.69
TXN-0076010,2026-09-01,DXB-001,Dubai,CUST-07530,P015,Tablet,Electronics,4,1241.93,5,4967.72,248.39,4719.33,Cash,Store,2026,9,September,1,Tuesday,False,4719.33,1179.83
TXN-0076035,2026-09-01,DXB-001,Dubai,CUST-02748,P009,Backpack,Accessories,5,199.25,0,996.25,0.0,996.25,Card,Store,2026,9,September,1,Tuesday,False,996.25,199.25
TXN-0076091,2026-09-01,DXB-003,Dubai,CUST-03689,P015,Tablet,Electronics,1,1059.61,10,1059.61,105.96,953.65,Card,Online,2026,9,September,1,Tuesday,False,953.65,953.65
TXN-0076102,2026-09-01,DXB-004,Dubai,CUST-03353,P011,Notebook,Stationery,1,25.27,0,25.27,0.0,25.27,Cash,Online,2026,9,September,1,Tuesday,False,25.27,25.27
TXN-0076142,2026-09-01,DXB-001,Dubai,CUST-00189,P005,Keyboard,Accessories,1,178.14,0,178.14,0.0,178.14,Apple Pay,Store,2026,9,September,1,Tuesday,False,178.14,178.14
TXN-0076183,2026-09-01,DXB-005,Dubai,CUST-00714,P006,Mouse,Accessories,1,89.22,5,89.22,4.46,84.76,Bank Transfer,Online,2026,9,September,1,Tuesday,False,84.76,84.76
TXN-0076419,2026-09-01,DXB-002,Dubai,CUST-04829,P015,Tablet,Electronics,1,1299.29,0,1299.29,0.0,1299.29,Card,Store,2026,9,September,1,Tuesday,False,1299.29,1299.29
TXN-0076455,2026-09-01,DXB-005,Dubai,CUST-06198,P005,Keyboard,Accessories,2,195.05,10,390.1,39.01,351.09,Cash,Store,2026,9,September,1,Tuesday,False,351.09,175.54
TXN-0076489,2026-09-01,DXB-004,Dubai,CUST-01079,P001,Laptop,Electronics,1,2955.69,10,2955.69,295.57,2660.12,Cash,Store,2026,9,September,1,Tuesday,False,2660.12,2660.12
TXN-0076506,2026-09-01,DXB-002,Dubai,CUST-01765,P001,Laptop,Electronics,2,2707.91,5,5415.82,270.79,5145.03,Cash,Store,2026,9,September,1,Tuesday,False,5145.03,2572.52
TXN-0076614,2026-09-01,DXB-005,Dubai,CUST-06354,P007,Office Chair,Furniture,3,648.96,5,1946.88,97.34,1849.54,Card,Store,2026,9,September,1,Tuesday,False,1849.54,616.51
TXN-0076654,2026-09-01,DXB-004,Dubai,CUST-03168,P011,Notebook,Stationery,1,22.93,0,22.93,0.0,22.93,Card,Online,2026,9,September,1,Tuesday,False,22.93,22.93
TXN-0076660,2026-09-01,DXB-005,Dubai,CUST-03978,P007,Office Chair,Furniture,2,660.16,10,1320.32,132.03,1188.29,Card,Online,2026,9,September,1,Tuesday,False,1188.29,594.14
TXN-0076686,2026-09-01,DXB-005,Dubai,CUST-03520,P014,Power Bank,Electronics,1,158.25,0,158.25,0.0,158.25,Apple Pay,Online,2026,9,September,1,Tuesday,False,158.25,158.25
TXN-0076764,2026-09-01,DXB-002,Dubai,CUST-02020,P003,Headphones,Electronics,1,356.01,10,356.01,35.6,320.41,Card,Store,2026,9,September,1,Tuesday,False,320.41,320.41
TXN-0076799,2026-09-01,DXB-003,Dubai,CUST-00308,P015,Tablet,Electronics,2,1300.58,5,2601.16,130.06,2471.1,Card,Store,2026,9,September,1,Tuesday,False,2471.1,1235.55
TXN-0076863,2026-09-01,DXB-003,Dubai,CUST-00341,P001,Laptop,Electronics,2,2612.7,10,5225.4,522.54,4702.86,Card,Online,2026,9,September,1,Tuesday,False,4702.86,2351.43
TXN-0076869,2026-09-01,DXB-004,Dubai,CUST-06884,P014,Power Bank,Electronics,1,156.83,0,156.83,0.0,156.83,Card,Store,2026,9,September,1,Tuesday,False,156.83,156.83
TXN-0076883,2026-09-01,DXB-004,Dubai,CUST-07034,P001,Laptop,Electronics,3,2815.65,15,8446.95,1267.04,7179.91,Card,Store,2026,9,September,1,Tuesday,False,7179.91,2393.3
TXN-0076899,2026-09-01,DXB-004,Dubai,CUST-06070,P013,USB Drive,Accessories,2,43.62,20,87.24,17.45,69.79,Cash,Store,2026,9,September,1,Tuesday,False,69.79,34.9
TXN-0077072,2026-09-01,DXB-005,Dubai,CUST-05667,P007,Office Chair,Furniture,3,706.45,15,2119.35,317.9,1801.45,Bank Transfer,Online,2026,9,September,1,Tuesday,False,1801.45,600.48
TXN-0077108,2026-09-01,DXB-005,Dubai,CUST-05136,P008,Desk,Furniture,6,734.3,10,4405.8,440.58,3965.22,Bank Transfer,Store,2026,9,September,1,Tuesday,False,3965.22,660.87
TXN-0077128,2026-09-01,DXB-002,Dubai,CUST-06092,P013,USB Drive,Accessories,4,42.15,0,168.6,0.0,168.6,Card,Store,2026,9,September,1,Tuesday,False,168.6,42.15
TXN-0077199,2026-09-01,DXB-005,Dubai,CUST-00734,P003,Headphones,Electronics,1,345.82,15,345.82,51.87,293.95,Card,Store,2026,9,September,1,Tuesday,False,293.95,293.95
TXN-0077253,2026-09-01,DXB-005,Dubai,CUST-05820,P005,Keyboard,Accessories,1,166.72,0,166.72,0.0,166.72,Card,Online,2026,9,September,1,Tuesday,False,166.72,166.72
TXN-0077260,2026-09-01,DXB-003,Dubai,CUST-07015,P015,Tablet,Electronics,1,1121.72,5,1121.72,56.09,1065.63,Bank Transfer,Store,2026,9,September,1,Tuesday,False,1065.63,1065.63
TXN-0077307,2026-09-01,DXB-004,Dubai,CUST-06809,P007,Office Chair,Furniture,2,630.03,5,1260.06,63.0,1197.06,Card,Store,2026,9,September,1,Tuesday,False,1197.06,598.53
TXN-0077330,2026-09-01,DXB-005,Dubai,CUST-07027,P015,Tablet,Electronics,1,1166.63,0,1166.63,0.0,1166.63,Cash,Store,2026,9,September,1,Tuesday,False,1166.63,1166.63
TXN-0077387,2026-09-01,DXB-001,Dubai,CUST-03210,P015,Tablet,Electronics,2,1244.87,15,2489.74,373.46,2116.28,Card,Store,2026,9,September,1,Tuesday,False,2116.28,1058.14
TXN-0077418,2026-09-01,DXB-001,Dubai,CUST-07661,P009,Backpack,Accessories,1,223.1,5,223.1,11.16,211.94,Cash,Online,2026,9,September,1,Tuesday,False,211.94,211.94
TXN-0077453,2026-09-01,DXB-003,Dubai,CUST-01818,P015,Tablet,Electronics,1,1190.33,5,1190.33,59.52,1130.81,Bank Transfer,Online,2026,9,September,1,Tuesday,False,1130.81,1130.81
TXN-0077508,2026-09-01,DXB-004,Dubai,CUST-05682,P008,Desk,Furniture,1,757.89,5,757.89,37.89,720.0,Card,Store,2026,9,September,1,Tuesday,False,720.0,720.0
TXN-0077654,2026-09-01,DXB-005,Dubai,CUST-00035,P011,Notebook,Stationery,1,24.48,10,24.48,2.45,22.03,Bank Transfer,Store,2026,9,September,1,Tuesday,False,22.03,22.03
TXN-0077745,2026-09-01,DXB-004,Dubai,CUST-03307,P001,Laptop,Electronics,1,2877.65,5,2877.65,143.88,2733.77,Cash,Online,2026,9,September,1,Tuesday,False,2733.77,2733.77
TXN-0077748,2026-09-01,DXB-004,Dubai,CUST-00619,P001,Laptop,Electronics,4,2917.42,10,11669.68,1166.97,10502.71,Card,Store,2026,9,September,1,Tuesday,False,10502.71,2625.68
TXN-0077778,2026-09-01,DXB-003,Dubai,CUST-01867,P003,Headphones,Electronics,1,348.72,0,348.72,0.0,348.72,Cash,Store,2026,9,September,1,Tuesday,False,348.72,348.72
TXN-0077849,2026-09-01,DXB-003,Dubai,CUST-03010,P003,Headphones,Electronics,1,310.1,0,310.1,0.0,310.1,Card,Store,2026,9,September,1,Tuesday,False,310.1,310.1
TXN-0077911,2026-09-01,DXB-002,Dubai,CUST-04476,P011,Notebook,Stationery,3,23.66,20,70.98,14.2,56.78,Apple Pay,Store,2026,9,September,1,Tuesday,False,56.78,18.93
TXN-0077924,2026-09-01,DXB-002,Dubai,CUST-04888,P004,Monitor,Electronics,1,895.48,5,895.48,44.77,850.71,Card,Store,2026,9,September,1,Tuesday,False,850.71,850.71
TXN-0077937,2026-09-01,DXB-001,Dubai,CUST-01718,P007,Office Chair,Furniture,2,628.64,10,1257.28,125.73,1131.55,Apple Pay,Online,2026,9,September,1,Tuesday,False,1131.55,565.78
TXN-0078096,2026-09-01,DXB-002,Dubai,CUST-07047,P002,Smartphone,Electronics,1,1715.71,0,1715.71,0.0,1715.71,Apple Pay,Online,2026,9,September,1,Tuesday,False,1715.71,1715.71
TXN-0078125,2026-09-01,DXB-004,Dubai,CUST-04565,P005,Keyboard,Accessories,3,180.55,15,541.65,81.25,460.4,Apple Pay,Online,2026,9,September,1,Tuesday,False,460.4,153.47
TXN-0078150,2026-09-01,DXB-002,Dubai,CUST-05388,P014,Power Bank,Electronics,1,153.45,5,153.45,7.67,145.78,Card,Store,2026,9,September,1,Tuesday,False,145.78,145.78
TXN-0078154,2026-09-01,DXB-001,Dubai,CUST-04179,P004,Monitor,Electronics,1,945.35,0,945.35,0.0,945.35,Card,Store,2026,9,September,1,Tuesday,False,945.35,945.35
TXN-0078182,2026-09-01,DXB-003,Dubai,CUST-06149,P004,Monitor,Electronics,3,855.31,0,2565.93,0.0,2565.93,Apple Pay,Store,2026,9,September,1,Tuesday,False,2565.93,855.31
TXN-0078206,2026-09-01,DXB-001,Dubai,CUST-03721,P012,Pen Pack,Stationery,1,15.44,10,15.44,1.54,13.9,Apple Pay,Store,2026,9,September,1,Tuesday,False,13.9,13.9
TXN-0078317,2026-09-01,DXB-001,Dubai,CUST-05440,P008,Desk,Furniture,1,823.09,0,823.09,0.0,823.09,Apple Pay,Store,2026,9,September,1,Tuesday,False,823.09,823.09
TXN-0078403,2026-09-01,DXB-005,Dubai,CUST-03279,P008,Desk,Furniture,2,717.14,10,1434.28,143.43,1290.85,Cash,Store,2026,9,September,1,Tuesday,False,1290.85,645.42
TXN-0078449,2026-09-01,DXB-004,Dubai,CUST-00990,P009,Backpack,Accessories,5,238.96,0,1194.8,0.0,1194.8,Cash,Store,2026,9,September,1,Tuesday,False,1194.8,238.96
TXN-0078555,2026-09-01,DXB-003,Dubai,CUST-01473,P009,Backpack,Accessories,2,220.94,0,441.88,0.0,441.88,Apple Pay,Store,2026,9,September,1,Tuesday,False,441.88,220.94
TXN-0078595,2026-09-01,DXB-004,Dubai,CUST-01365,P009,Backpack,Accessories,2,207.33,10,414.66,41.47,373.19,Cash,Store,2026,9,September,1,Tuesday,False,373.19,186.6
TXN-0078634,2026-09-01,DXB-002,Dubai,CUST-00468,P006,Mouse,Accessories,2,112.46,0,224.92,0.0,224.92,Cash,Store,2026,9,September,1,Tuesday,False,224.92,112.46
TXN-0078699,2026-09-01,DXB-004,Dubai,CUST-04139,P015,Tablet,Electronics,2,1179.0,20,2358.0,471.6,1886.4,Cash,Store,2026,9,September,1,Tuesday,False,1886.4,943.2
TXN-0078852,2026-09-01,DXB-003,Dubai,CUST-07139,P008,Desk,Furniture,1,839.89,5,839.89,41.99,797.9,Card,Store,2026,9,September,1,Tuesday,False,797.9,797.9
TXN-0079054,2026-09-01,DXB-005,Dubai,CUST-03772,P001,Laptop,Electronics,2,2517.53,5,5035.06,251.75,4783.31,Apple Pay,Store,2026,9,September,1,Tuesday,False,4783.31,2391.66
TXN-0079157,2026-09-01,DXB-004,Dubai,CUST-06637,P009,Backpack,Accessories,2,202.82,10,405.64,40.56,365.08,Card,Store,2026,9,September,1,Tuesday,False,365.08,182.54
TXN-0079259,2026-09-01,DXB-004,Dubai,CUST-00084,P008,Desk,Furniture,1,753.28,0,753.28,0.0,753.28,Apple Pay,Store,2026,9,September,1,Tuesday,False,753.28,753.28
TXN-0079372,2026-09-01,DXB-001,Dubai,CUST-07122,P005,Keyboard,Accessories,3,171.26,0,513.78,0.0,513.78,Cash,Store,2026,9,September,1,Tuesday,False,513.78,171.26
TXN-0079442,2026-09-01,DXB-005,Dubai,CUST-06277,P010,Printer,Office,1,669.98,0,669.98,0.0,669.98,Apple Pay,Online,2026,9,September,1,Tuesday,False,669.98,669.98
TXN-0079469,2026-09-01,DXB-001,Dubai,CUST-03422,P010,Printer,Office,6,700.87,0,4205.22,0.0,4205.22,Card,Online,2026,9,September,1,Tuesday,False,4205.22,700.87
TXN-0079509,2026-09-01,DXB-001,Dubai,CUST-02044,P012,Pen Pack,Stationery,4,15.81,5,63.24,3.16,60.08,Card,Online,2026,9,September,1,Tuesday,False,60.08,15.02
TXN-0079553,2026-09-01,DXB-003,Dubai,CUST-02496,P012,Pen Pack,Stationery,6,14.5,10,87.0,8.7,78.3,Bank Transfer,Online,2026,9,September,1,Tuesday,False,78.3,13.05
TXN-0079589,2026-09-01,DXB-004,Dubai,CUST-07120,P005,Keyboard,Accessories,1,172.3,10,172.3,17.23,155.07,Card,Store,2026,9,September,1,Tuesday,False,155.07,155.07
TXN-0079610,2026-09-01,DXB-001,Dubai,CUST-01611,P002,Smartphone,Electronics,1,1658.54,0,1658.54,0.0,1658.54,Card,Store,2026,9,September,1,Tuesday,False,1658.54,1658.54
TXN-0079668,2026-09-01,DXB-005,Dubai,CUST-07158,P008,Desk,Furniture,3,914.9,0,2744.7,0.0,2744.7,Card,Store,2026,9,September,1,Tuesday,False,2744.7,914.9
TXN-0079726,2026-09-01,DXB-005,Dubai,CUST-01401,P010,Printer,Office,4,689.11,0,2756.44,0.0,2756.44,Card,Store,2026,9,September,1,Tuesday,False,2756.44,689.11
TXN-0079739,2026-09-01,DXB-001,Dubai,CUST-06457,P004,Monitor,Electronics,1,1065.24,5,1065.24,53.26,1011.98,Cash,Online,2026,9,September,1,Tuesday,False,1011.98,1011.98
TXN-0079746,2026-09-01,DXB-003,Dubai,CUST-06902,P015,Tablet,Electronics,1,1091.19,10,1091.19,109.12,982.07,Card,Store,2026,9,September,1,Tuesday,False,982.07,982.07
TXN-0079770,2026-09-01,DXB-002,Dubai,CUST-03362,P005,Keyboard,Accessories,3,175.08,10,525.24,52.52,472.72,Apple Pay,Online,2026,9,September,1,Tuesday,False,472.72,157.57
TXN-0079782,2026-09-01,DXB-001,Dubai,CUST-00861,P012,Pen Pack,Stationery,3,14.79,0,44.37,0.0,44.37,Card,Store,2026,9,September,1,Tuesday,False,44.37,14.79
TXN-0079917,2026-09-01,DXB-003,Dubai,CUST-00306,P015,Tablet,Electronics,2,1145.72,0,2291.44,0.0,2291.44,Card,Store,2026,9,September,1,Tuesday,False,2291.44,1145.72
TXN-0079929,2026-09-01,DXB-001,Dubai,CUST-06412,P001,Laptop,Electronics,2,2971.18,5,5942.36,297.12,5645.24,Card,Store,2026,9,September,1,Tuesday,False,5645.24,2822.62
TXN-0079957,2026-09-01,DXB-004,Dubai,CUST-01820,P015,Tablet,Electronics,1,1194.1,10,1194.1,119.41,1074.69,Card,Online,2026,9,September,1,Tuesday,False,1074.69,1074.69
TXN-0079968,2026-09-01,DXB-005,Dubai,CUST-01918,P001,Laptop,Electronics,2,2666.98,5,5333.96,266.7,5067.26,Card,Store,2026,9,September,1,Tuesday,False,5067.26,2533.63
TXN-0080016,2026-09-01,DXB-005,Dubai,CUST-03713,P013,USB Drive,Accessories,1,46.41,0,46.41,0.0,46.41,Apple Pay,Online,2026,9,September,1,Tuesday,False,46.41,46.41
TXN-0080127,2026-09-01,DXB-003,Dubai,CUST-01220,P014,Power Bank,Electronics,1,138.59,5,138.59,6.93,131.66,Apple Pay,Store,2026,9,September,1,Tuesday,False,131.66,131.66
TXN-0080197,2026-09-01,DXB-001,Dubai,CUST-07083,P009,Backpack,Accessories,1,235.22,0,235.22,0.0,235.22,Card,Online,2026,9,September,1,Tuesday,False,235.22,235.22
TXN-0080254,2026-09-01,DXB-005,Dubai,CUST-06586,P009,Backpack,Accessories,2,223.06,0,446.12,0.0,446.12,Card,Store,2026,9,September,1,Tuesday,False,446.12,223.06
TXN-0080309,2026-09-01,DXB-003,Dubai,CUST-01853,P003,Headphones,Electronics,1,315.65,5,315.65,15.78,299.87,Card,Store,2026,9,September,1,Tuesday,False,299.87,299.87
TXN-0080339,2026-09-01,DXB-003,Dubai,CUST-07731,P011,Notebook,Stationery,1,23.93,0,23.93,0.0,23.93,Card,Store,2026,9,September,1,Tuesday,False,23.93,23.93
TXN-0080362,2026-09-01,DXB-004,Dubai,CUST-07994,P007,Office Chair,Furniture,1,647.15,0,647.15,0.0,647.15,Card,Store,2026,9,September,1,Tuesday,False,647.15,647.15
TXN-0080369,2026-09-01,DXB-002,Dubai,CUST-05604,P015,Tablet,Electronics,3,1262.32,0,3786.96,0.0,3786.96,Apple Pay,Store,2026,9,September,1,Tuesday,False,3786.96,1262.32
TXN-0080429,2026-09-01,DXB-003,Dubai,CUST-00292,P003,Headphones,Electronics,1,371.73,5,371.73,18.59,353.14,Card,Store,2026,9,September,1,Tuesday,False,353.14,353.14
TXN-0080450,2026-09-01,DXB-001,Dubai,CUST-04326,P006,Mouse,Accessories,2,89.0,0,178.0,0.0,178.0,Apple Pay,Online,2026,9,September,1,Tuesday,False,178.0,89.0
TXN-0080685,2026-09-01,DXB-001,Dubai,CUST-05282,P005,Keyboard,Accessories,1,169.52,10,169.52,16.95,152.57,Card,Store,2026,9,September,1,Tuesday,False,152.57,152.57
TXN-0080688,2026-09-01,DXB-005,Dubai,CUST-07266,P008,Desk,Furniture,1,810.23,5,810.23,40.51,769.72,Cash,Store,2026,9,September,1,Tuesday,False,769.72,769.72
TXN-0080736,2026-09-01,DXB-005,Dubai,CUST-04015,P009,Backpack,Accessories,6,223.87,5,1343.22,67.16,1276.06,Cash,Online,2026,9,September,1,Tuesday,False,1276.06,212.68
TXN-0080762,2026-09-01,DXB-003,Dubai,CUST-07342,P004,Monitor,Electronics,1,851.17,5,851.17,42.56,808.61,Apple Pay,Store,2026,9,September,1,Tuesday,False,808.61,808.61
TXN-0080764,2026-09-01,DXB-005,Dubai,CUST-01056,P008,Desk,Furniture,4,724.33,10,2897.32,289.73,2607.59,Cash,Online,2026,9,September,1,Tuesday,False,2607.59,651.9
TXN-0080818,2026-09-01,DXB-005,Dubai,CUST-00166,P013,USB Drive,Accessories,2,46.29,0,92.58,0.0,92.58,Card,Store,2026,9,September,1,Tuesday,False,92.58,46.29
TXN-0080926,2026-09-01,DXB-001,Dubai,CUST-02563,P011,Notebook,Stationery,1,22.74,5,22.74,1.14,21.6,Bank Transfer,Store,2026,9,September,1,Tuesday,False,21.6,21.6
TXN-0081008,2026-09-01,DXB-005,Dubai,CUST-04813,P010,Printer,Office,2,610.14,0,1220.28,0.0,1220.28,Card,Store,2026,9,September,1,Tuesday,False,1220.28,610.14
TXN-0081101,2026-09-01,DXB-001,Dubai,CUST-00954,P006,Mouse,Accessories,3,89.02,5,267.06,13.35,253.71,Bank Transfer,Store,2026,9,September,1,Tuesday,False,253.71,84.57
TXN-0081192,2026-09-01,DXB-004,Dubai,CUST-02366,P010,Printer,Office,1,671.01,5,671.01,33.55,637.46,Card,Store,2026,9,September,1,Tuesday,False,637.46,637.46
TXN-0081216,2026-09-01,DXB-001,Dubai,CUST-00075,P003,Headphones,Electronics,1,386.28,5,386.28,19.31,366.97,Bank Transfer,Store,2026,9,September,1,Tuesday,False,366.97,366.97
TXN-0081260,2026-09-01,DXB-005,Dubai,CUST-05418,P012,Pen Pack,Stationery,2,15.04,10,30.08,3.01,27.07,Apple Pay,Store,2026,9,September,1,Tuesday,False,27.07,13.54
TXN-0081444,2026-09-01,DXB-005,Dubai,CUST-05995,P001,Laptop,Electronics,2,2832.14,0,5664.28,0.0,5664.28,Card,Store,2026,9,September,1,Tuesday,False,5664.28,2832.14
TXN-0081666,2026-09-01,DXB-001,Dubai,CUST-02646,P007,Office Chair,Furniture,3,674.8,5,2024.4,101.22,1923.18,Card,Store,2026,9,September,1,Tuesday,False,1923.18,641.06
TXN-0081682,2026-09-01,DXB-005,Dubai,CUST-04158,P015,Tablet,Electronics,1,1232.27,0,1232.27,0.0,1232.27,Apple Pay,Online,2026,9,September,1,Tuesday,False,1232.27,1232.27
TXN-0081711,2026-09-01,DXB-001,Dubai,CUST-06171,P002,Smartphone,Electronics,1,1809.33,10,1809.33,180.93,1628.4,Apple Pay,Store,2026,9,September,1,Tuesday,False,1628.4,1628.4
TXN-0081780,2026-09-01,DXB-005,Dubai,CUST-00564,P005,Keyboard,Accessories,2,180.42,0,360.84,0.0,360.84,Apple Pay,Online,2026,9,September,1,Tuesday,False,360.84,180.42
TXN-0081939,2026-09-01,DXB-001,Dubai,CUST-02000,P012,Pen Pack,Stationery,1,17.73,0,17.73,0.0,17.73,Bank Transfer,Store,2026,9,September,1,Tuesday,False,17.73,17.73
TXN-0082124,2026-09-01,DXB-001,Dubai,CUST-01122,P006,Mouse,Accessories,2,101.36,10,202.72,20.27,182.45,Apple Pay,Store,2026,9,September,1,Tuesday,False,182.45,91.22
TXN-0082172,2026-09-01,DXB-005,Dubai,CUST-07524,P003,Headphones,Electronics,2,349.85,0,699.7,0.0,699.7,Card,Store,2026,9,September,1,Tuesday,False,699.7,349.85
TXN-0082191,2026-09-01,DXB-001,Dubai,CUST-01001,P011,Notebook,Stationery,1,25.7,0,25.7,0.0,25.7,Cash,Store,2026,9,September,1,Tuesday,False,25.7,25.7
TXN-0082367,2026-09-01,DXB-001,Dubai,CUST-04814,P008,Desk,Furniture,3,772.59,0,2317.77,0.0,2317.77,Apple Pay,Store,2026,9,September,1,Tuesday,False,2317.77,772.59
TXN-0082446,2026-09-01,DXB-005,Dubai,CUST-02719,P014,Power Bank,Electronics,1,138.41,0,138.41,0.0,138.41,Cash,Online,2026,9,September,1,Tuesday,False,138.41,138.41
TXN-0082468,2026-09-01,DXB-005,Dubai,CUST-02013,P014,Power Bank,Electronics,1,142.85,10,142.85,14.28,128.57,Bank Transfer,Store,2026,9,September,1,Tuesday,False,128.57,128.57
TXN-0082540,2026-09-01,DXB-001,Dubai,CUST-05910,P014,Power Bank,Electronics,1,150.1,0,150.1,0.0,150.1,Card,Store,2026,9,September,1,Tuesday,False,150.1,150.1
TXN-0082605,2026-09-01,DXB-003,Dubai,CUST-06312,P015,Tablet,Electronics,1,1311.35,5,1311.35,65.57,1245.78,Card,Online,2026,9,September,1,Tuesday,False,1245.78,1245.78
TXN-0082709,2026-09-01,DXB-003,Dubai,CUST-04353,P001,Laptop,Electronics,2,2610.74,5,5221.48,261.07,4960.41,Apple Pay,Store,2026,9,September,1,Tuesday,False,4960.41,2480.2
TXN-0082863,2026-09-01,DXB-002,Dubai,CUST-05061,P014,Power Bank,Electronics,2,149.24,0,298.48,0.0,298.48,Apple Pay,Store,2026,9,September,1,Tuesday,False,298.48,149.24
TXN-0082899,2026-09-01,DXB-003,Dubai,CUST-04205,P014,Power Bank,Electronics,2,156.68,5,313.36,15.67,297.69,Card,Store,2026,9,September,1,Tuesday,False,297.69,148.84
TXN-0082907,2026-09-01,DXB-002,Dubai,CUST-05500,P001,Laptop,Electronics,2,2438.39,15,4876.78,731.52,4145.26,Bank Transfer,Store,2026,9,September,1,Tuesday,False,4145.26,2072.63
TXN-0082909,2026-09-01,DXB-001,Dubai,CUST-07252,P014,Power Bank,Electronics,2,155.71,0,311.42,0.0,311.42,Cash,Online,2026,9,September,1,Tuesday,False,311.42,155.71
TXN-0083009,2026-09-01,DXB-002,Dubai,CUST-02010,P012,Pen Pack,Stationery,1,15.05,5,15.05,0.75,14.3,Card,Online,2026,9,September,1,Tuesday,False,14.3,14.3
TXN-0083062,2026-09-01,DXB-001,Dubai,CUST-01904,P009,Backpack,Accessories,2,213.8,15,427.6,64.14,363.46,Cash,Online,2026,9,September,1,Tuesday,False,363.46,181.73
TXN-0083119,2026-09-01,DXB-001,Dubai,CUST-07997,P012,Pen Pack,Stationery,1,16.23,0,16.23,0.0,16.23,Card,Store,2026,9,September,1,Tuesday,False,16.23,16.23
TXN-0083303,2026-09-01,DXB-004,Dubai,CUST-01068,P011,Notebook,Stationery,2,25.99,20,51.98,10.4,41.58,Bank Transfer,Store,2026,9,September,1,Tuesday,False,41.58,20.79
TXN-0083314,2026-09-01,DXB-005,Dubai,CUST-03872,P004,Monitor,Electronics,1,848.06,10,848.06,84.81,763.25,Card,Store,2026,9,September,1,Tuesday,False,763.25,763.25
TXN-0083334,2026-09-01,DXB-003,Dubai,CUST-06088,P008,Desk,Furniture,1,753.96,0,753.96,0.0,753.96,Apple Pay,Store,2026,9,September,1,Tuesday,False,753.96,753.96
TXN-0083342,2026-09-01,DXB-005,Dubai,CUST-06416,P002,Smartphone,Electronics,1,1847.37,10,1847.37,184.74,1662.63,Card,Store,2026,9,September,1,Tuesday,False,1662.63,1662.63
TXN-0083388,2026-09-01,DXB-002,Dubai,CUST-06261,P001,Laptop,Electronics,1,2565.48,0,2565.48,0.0,2565.48,Card,Store,2026,9,September,1,Tuesday,False,2565.48,2565.48
TXN-0083428,2026-09-01,DXB-002,Dubai,CUST-01844,P008,Desk,Furniture,1,803.41,10,803.41,80.34,723.07,Apple Pay,Store,2026,9,September,1,Tuesday,False,723.07,723.07
TXN-0083579,2026-09-01,DXB-002,Dubai,CUST-06926,P001,Laptop,Electronics,1,2916.07,0,2916.07,0.0,2916.07,Cash,Online,2026,9,September,1,Tuesday,False,2916.07,2916.07
TXN-0083586,2026-09-01,DXB-002,Dubai,CUST-05413,P014,Power Bank,Electronics,2,169.85,5,339.7,16.98,322.72,Card,Store,2026,9,September,1,Tuesday,False,322.72,161.36
TXN-0083605,2026-09-01,DXB-001,Dubai,CUST-06573,P007,Office Chair,Furniture,3,576.71,15,1730.13,259.52,1470.61,Card,Store,2026,9,September,1,Tuesday,False,1470.61,490.2
TXN-0083650,2026-09-01,DXB-001,Dubai,CUST-01841,P005,Keyboard,Accessories,3,162.1,15,486.3,72.94,413.36,Card,Online,2026,9,September,1,Tuesday,False,413.36,137.79
TXN-0083668,2026-09-01,DXB-003,Dubai,CUST-06511,P011,Notebook,Stationery,1,24.67,10,24.67,2.47,22.2,Card,Store,2026,9,September,1,Tuesday,False,22.2,22.2
TXN-0083761,2026-09-01,DXB-001,Dubai,CUST-05454,P003,Headphones,Electronics,2,393.18,0,786.36,0.0,786.36,Cash,Online,2026,9,September,1,Tuesday,False,786.36,393.18
TXN-0083833,2026-09-01,DXB-001,Dubai,CUST-07189,P015,Tablet,Electronics,1,1329.44,15,1329.44,199.42,1130.02,Cash,Store,2026,9,September,1,Tuesday,False,1130.02,1130.02
TXN-0083836,2026-09-01,DXB-005,Dubai,CUST-03636,P003,Headphones,Electronics,2,346.96,5,693.92,34.7,659.22,Card,Store,2026,9,September,1,Tuesday,False,659.22,329.61
TXN-0083874,2026-09-01,DXB-003,Dubai,CUST-04888,P014,Power Bank,Electronics,1,155.53,20,155.53,31.11,124.42,Card,Online,2026,9,September,1,Tuesday,False,124.42,124.42
TXN-0083966,2026-09-01,DXB-003,Dubai,CUST-04080,P004,Monitor,Electronics,1,883.9,5,883.9,44.2,839.7,Cash,Store,2026,9,September,1,Tuesday,False,839.7,839.7
TXN-0084033,2026-09-01,DXB-003,Dubai,CUST-06457,P013,USB Drive,Accessories,1,48.08,10,48.08,4.81,43.27,Cash,Store,2026,9,September,1,Tuesday,False,43.27,43.27
TXN-0084111,2026-09-01,DXB-003,Dubai,CUST-02071,P009,Backpack,Accessories,2,223.86,10,447.72,44.77,402.95,Card,Store,2026,9,September,1,Tuesday,False,402.95,201.48
TXN-0084270,2026-09-01,DXB-002,Dubai,CUST-05493,P003,Headphones,Electronics,1,371.51,5,371.51,18.58,352.93,Apple Pay,Store,2026,9,September,1,Tuesday,False,352.93,352.93
TXN-0084446,2026-09-01,DXB-004,Dubai,CUST-06029,P002,Smartphone,Electronics,3,1750.26,5,5250.78,262.54,4988.24,Apple Pay,Store,2026,9,September,1,Tuesday,False,4988.24,1662.75
TXN-0084454,2026-09-01,DXB-001,Dubai,CUST-03573,P003,Headphones,Electronics,1,315.2,0,315.2,0.0,315.2,Cash,Online,2026,9,September,1,Tuesday,False,315.2,315.2
TXN-0084471,2026-09-01,DXB-001,Dubai,CUST-06869,P005,Keyboard,Accessories,1,181.94,0,181.94,0.0,181.94,Card,Store,2026,9,September,1,Tuesday,False,181.94,181.94
TXN-0084550,2026-09-01,DXB-004,Dubai,CUST-01138,P012,Pen Pack,Stationery,1,14.28,0,14.28,0.0,14.28,Apple Pay,Store,2026,9,September,1,Tuesday,False,14.28,14.28
TXN-0084648,2026-09-01,DXB-002,Dubai,CUST-07406,P014,Power Bank,Electronics,1,156.41,10,156.41,15.64,140.77,Card,Online,2026,9,September,1,Tuesday,False,140.77,140.77
TXN-0084661,2026-09-01,DXB-001,Dubai,CUST-06367,P002,Smartphone,Electronics,2,1707.11,20,3414.22,682.84,2731.38,Card,Store,2026,9,September,1,Tuesday,False,2731.38,1365.69
TXN-0084761,2026-09-01,DXB-003,Dubai,CUST-00725,P005,Keyboard,Accessories,2,180.85,5,361.7,18.08,343.62,Cash,Online,2026,9,September,1,Tuesday,False,343.62,171.81
TXN-0084781,2026-09-01,DXB-002,Dubai,CUST-07282,P014,Power Bank,Electronics,1,146.74,5,146.74,7.34,139.4,Bank Transfer,Store,2026,9,September,1,Tuesday,False,139.4,139.4
TXN-0084901,2026-09-01,DXB-004,Dubai,CUST-06252,P004,Monitor,Electronics,1,804.27,0,804.27,0.0,804.27,Apple Pay,Store,2026,9,September,1,Tuesday,False,804.27,804.27
TXN-0084978,2026-09-01,DXB-004,Dubai,CUST-06621,P010,Printer,Office,2,759.4,5,1518.8,75.94,1442.86,Card,Online,2026,9,September,1,Tuesday,False,1442.86,721.43
TXN-0084990,2026-09-01,DXB-002,Dubai,CUST-07143,P005,Keyboard,Accessories,1,200.02,10,200.02,20.0,180.02,Card,Store,2026,9,September,1,Tuesday,False,180.02,180.02
TXN-0084992,2026-09-01,DXB-001,Dubai,CUST-01212,P013,USB Drive,Accessories,1,48.59,5,48.59,2.43,46.16,Cash,Store,2026,9,September,1,Tuesday,False,46.16,46.16
TXN-0084999,2026-09-01,DXB-002,Dubai,CUST-05479,P002,Smartphone,Electronics,1,1710.44,0,1710.44,0.0,1710.44,Cash,Store,2026,9,September,1,Tuesday,False,1710.44,1710.44
TXN-0085132,2026-09-01,DXB-004,Dubai,CUST-03361,P006,Mouse,Accessories,1,101.92,10,101.92,10.19,91.73,Card,Online,2026,9,September,1,Tuesday,False,91.73,91.73
TXN-0085133,2026-09-01,DXB-004,Dubai,CUST-02839,P003,Headphones,Electronics,2,338.91,15,677.82,101.67,576.15,Card,Store,2026,9,September,1,Tuesday,False,576.15,288.08
TXN-0085153,2026-09-01,DXB-003,Dubai,CUST-02388,P006,Mouse,Accessories,4,104.08,5,416.32,20.82,395.5,Bank Transfer,Store,2026,9,September,1,Tuesday,False,395.5,98.88
TXN-0085202,2026-09-01,DXB-005,Dubai,CUST-04356,P012,Pen Pack,Stationery,3,14.89,5,44.67,2.23,42.44,Cash,Online,2026,9,September,1,Tuesday,False,42.44,14.15
TXN-0085210,2026-09-01,DXB-005,Dubai,CUST-07621,P010,Printer,Office,2,702.79,10,1405.58,140.56,1265.02,Bank Transfer,Store,2026,9,September,1,Tuesday,False,1265.02,632.51
TXN-0085404,2026-09-01,DXB-003,Dubai,CUST-07378,P001,Laptop,Electronics,1,2659.13,0,2659.13,0.0,2659.13,Card,Store,2026,9,September,1,Tuesday,False,2659.13,2659.13
TXN-0085428,2026-09-01,DXB-001,Dubai,CUST-06634,P004,Monitor,Electronics,1,923.46,0,923.46,0.0,923.46,Card,Store,2026,9,September,1,Tuesday,False,923.46,923.46
TXN-0085500,2026-09-01,DXB-003,Dubai,CUST-01430,P004,Monitor,Electronics,1,879.92,5,879.92,44.0,835.92,Card,Online,2026,9,September,1,Tuesday,False,835.92,835.92
TXN-0085558,2026-09-01,DXB-004,Dubai,CUST-05955,P003,Headphones,Electronics,4,351.38,10,1405.52,140.55,1264.97,Card,Store,2026,9,September,1,Tuesday,False,1264.97,316.24
TXN-0085580,2026-09-01,DXB-003,Dubai,CUST-00769,P011,Notebook,Stationery,1,24.32,0,24.32,0.0,24.32,Bank Transfer,Store,2026,9,September,1,Tuesday,False,24.32,24.32
TXN-0085618,2026-09-01,DXB-003,Dubai,CUST-03123,P008,Desk,Furniture,1,773.58,5,773.58,38.68,734.9,Apple Pay,Store,2026,9,September,1,Tuesday,False,734.9,734.9
TXN-0085640,2026-09-01,DXB-004,Dubai,CUST-02669,P013,USB Drive,Accessories,1,44.29,20,44.29,8.86,35.43,Cash,Online,2026,9,September,1,Tuesday,False,35.43,35.43
TXN-0085670,2026-09-01,DXB-004,Dubai,CUST-00963,P012,Pen Pack,Stationery,2,13.97,5,27.94,1.4,26.54,Card,Online,2026,9,September,1,Tuesday,False,26.54,13.27
TXN-0085672,2026-09-01,DXB-001,Dubai,CUST-06059,P009,Backpack,Accessories,2,209.11,0,418.22,0.0,418.22,Card,Online,2026,9,September,1,Tuesday,False,418.22,209.11
TXN-0085742,2026-09-01,DXB-003,Dubai,CUST-00804,P007,Office Chair,Furniture,1,643.1,15,643.1,96.46,546.64,Cash,Store,2026,9,September,1,Tuesday,False,546.64,546.64
TXN-0085893,2026-09-01,DXB-002,Dubai,CUST-01232,P015,Tablet,Electronics,3,1299.75,5,3899.25,194.96,3704.29,Card,Store,2026,9,September,1,Tuesday,False,3704.29,1234.76
TXN-0085894,2026-09-01,DXB-004,Dubai,CUST-06627,P005,Keyboard,Accessories,1,179.07,15,179.07,26.86,152.21,Apple Pay,Store,2026,9,September,1,Tuesday,False,152.21,152.21
TXN-0085950,2026-09-01,DXB-004,Dubai,CUST-04572,P006,Mouse,Accessories,1,100.2,0,100.2,0.0,100.2,Apple Pay,Store,2026,9,September,1,Tuesday,False,100.2,100.2
TXN-0085984,2026-09-01,DXB-002,Dubai,CUST-05372,P009,Backpack,Accessories,3,210.28,10,630.84,63.08,567.76,Card,Store,2026,9,September,1,Tuesday,False,567.76,189.25
TXN-0086073,2026-09-01,DXB-004,Dubai,CUST-04762,P007,Office Chair,Furniture,1,609.35,5,609.35,30.47,578.88,Card,Store,2026,9,September,1,Tuesday,False,578.88,578.88
TXN-0086213,2026-09-01,DXB-005,Dubai,CUST-04244,P012,Pen Pack,Stationery,1,13.84,5,13.84,0.69,13.15,Card,Store,2026,9,September,1,Tuesday,False,13.15,13.15
TXN-0086235,2026-09-01,DXB-002,Dubai,CUST-05830,P004,Monitor,Electronics,2,848.96,5,1697.92,84.9,1613.02,Card,Store,2026,9,September,1,Tuesday,False,1613.02,806.51
TXN-0086236,2026-09-01,DXB-004,Dubai,CUST-00409,P013,USB Drive,Accessories,6,44.27,0,265.62,0.0,265.62,Card,Store,2026,9,September,1,Tuesday,False,265.62,44.27
TXN-0086241,2026-09-01,DXB-001,Dubai,CUST-07478,P007,Office Chair,Furniture,2,687.59,10,1375.18,137.52,1237.66,Card,Store,2026,9,September,1,Tuesday,False,1237.66,618.83
TXN-0086242,2026-09-01,DXB-002,Dubai,CUST-07608,P002,Smartphone,Electronics,3,1821.74,5,5465.22,273.26,5191.96,Bank Transfer,Store,2026,9,September,1,Tuesday,False,5191.96,1730.65
TXN-0086378,2026-09-01,DXB-003,Dubai,CUST-06646,P004,Monitor,Electronics,2,928.63,0,1857.26,0.0,1857.26,Cash,Store,2026,9,September,1,Tuesday,False,1857.26,928.63
TXN-0086436,2026-09-01,DXB-005,Dubai,CUST-00225,P015,Tablet,Electronics,1,1175.58,15,1175.58,176.34,999.24,Cash,Store,2026,9,September,1,Tuesday,False,999.24,999.24
TXN-0086454,2026-09-01,DXB-003,Dubai,CUST-00299,P006,Mouse,Accessories,1,84.18,0,84.18,0.0,84.18,Card,Store,2026,9,September,1,Tuesday,False,84.18,84.18
TXN-0086466,2026-09-01,DXB-001,Dubai,CUST-03164,P015,Tablet,Electronics,1,1191.44,0,1191.44,0.0,1191.44,Card,Store,2026,9,September,1,Tuesday,False,1191.44,1191.44
TXN-0086489,2026-09-01,DXB-005,Dubai,CUST-03985,P009,Backpack,Accessories,2,204.69,0,409.38,0.0,409.38,Apple Pay,Online,2026,9,September,1,Tuesday,False,409.38,204.69
TXN-0086521,2026-09-01,DXB-003,Dubai,CUST-04607,P008,Desk,Furniture,1,819.71,10,819.71,81.97,737.74,Card,Online,2026,9,September,1,Tuesday,False,737.74,737.74
TXN-0086559,2026-09-01,DXB-002,Dubai,CUST-03298,P005,Keyboard,Accessories,1,186.04,0,186.04,0.0,186.04,Cash,Store,2026,9,September,1,Tuesday,False,186.04,186.04
TXN-0086607,2026-09-01,DXB-001,Dubai,CUST-04847,P001,Laptop,Electronics,2,2967.79,10,5935.58,593.56,5342.02,Cash,Store,2026,9,September,1,Tuesday,False,5342.02,2671.01
TXN-0086641,2026-09-01,DXB-004,Dubai,CUST-00967,P014,Power Bank,Electronics,1,133.64,0,133.64,0.0,133.64,Cash,Store,2026,9,September,1,Tuesday,False,133.64,133.64
TXN-0086708,2026-09-01,DXB-003,Dubai,CUST-03709,P007,Office Chair,Furniture,1,640.89,15,640.89,96.13,544.76,Card,Online,2026,9,September,1,Tuesday,False,544.76,544.76
TXN-0086804,2026-09-01,DXB-003,Dubai,CUST-00721,P013,USB Drive,Accessories,2,43.49,0,86.98,0.0,86.98,Apple Pay,Store,2026,9,September,1,Tuesday,False,86.98,43.49
TXN-0086829,2026-09-01,DXB-002,Dubai,CUST-07567,P007,Office Chair,Furniture,3,675.02,10,2025.06,202.51,1822.55,Bank Transfer,Store,2026,9,September,1,Tuesday,False,1822.55,607.52
TXN-0086951,2026-09-01,DXB-005,Dubai,CUST-05591,P015,Tablet,Electronics,1,1115.67,0,1115.67,0.0,1115.67,Card,Store,2026,9,September,1,Tuesday,False,1115.67,1115.67
TXN-0086952,2026-09-01,DXB-003,Dubai,CUST-03505,P003,Headphones,Electronics,1,330.25,5,330.25,16.51,313.74,Card,Store,2026,9,September,1,Tuesday,False,313.74,313.74
TXN-0087011,2026-09-01,DXB-003,Dubai,CUST-07415,P011,Notebook,Stationery,6,24.98,0,149.88,0.0,149.88,Cash,Store,2026,9,September,1,Tuesday,False,149.88,24.98
TXN-0087035,2026-09-01,DXB-003,Dubai,CUST-04108,P015,Tablet,Electronics,1,1197.68,5,1197.68,59.88,1137.8,Apple Pay,Store,2026,9,September,1,Tuesday,False,1137.8,1137.8
TXN-0087060,2026-09-01,DXB-005,Dubai,CUST-06550,P009,Backpack,Accessories,2,210.2,10,420.4,42.04,378.36,Card,Store,2026,9,September,1,Tuesday,False,378.36,189.18
TXN-0087062,2026-09-01,DXB-001,Dubai,CUST-05787,P003,Headphones,Electronics,2,377.86,0,755.72,0.0,755.72,Card,Store,2026,9,September,1,Tuesday,False,755.72,377.86
TXN-0087107,2026-09-01,DXB-003,Dubai,CUST-03923,P009,Backpack,Accessories,2,218.88,5,437.76,21.89,415.87,Card,Store,2026,9,September,1,Tuesday,False,415.87,207.94
TXN-0087134,2026-09-01,DXB-002,Dubai,CUST-04772,P005,Keyboard,Accessories,1,190.6,0,190.6,0.0,190.6,Card,Store,2026,9,September,1,Tuesday,False,190.6,190.6
TXN-0087251,2026-09-01,DXB-005,Dubai,CUST-07435,P015,Tablet,Electronics,2,1258.12,0,2516.24,0.0,2516.24,Bank Transfer,Store,2026,9,September,1,Tuesday,False,2516.24,1258.12
TXN-0087312,2026-09-01,DXB-004,Dubai,CUST-03754,P014,Power Bank,Electronics,1,158.22,0,158.22,0.0,158.22,Cash,Store,2026,9,September,1,Tuesday,False,158.22,158.22
TXN-0087334,2026-09-01,DXB-001,Dubai,CUST-05501,P001,Laptop,Electronics,1,2566.19,0,2566.19,0.0,2566.19,Card,Store,2026,9,September,1,Tuesday,False,2566.19,2566.19
TXN-0087335,2026-09-01,DXB-001,Dubai,CUST-03235,P012,Pen Pack,Stationery,1,15.92,10,15.92,1.59,14.33,Card,Online,2026,9,September,1,Tuesday,False,14.33,14.33
TXN-0087349,2026-09-01,DXB-004,Dubai,CUST-02432,P006,Mouse,Accessories,1,95.45,5,95.45,4.77,90.68,Apple Pay,Store,2026,9,September,1,Tuesday,False,90.68,90.68
TXN-0087383,2026-09-01,DXB-004,Dubai,CUST-05769,P015,Tablet,Electronics,1,1221.87,10,1221.87,122.19,1099.68,Cash,Store,2026,9,September,1,Tuesday,False,1099.68,1099.68
TXN-0087425,2026-09-01,DXB-003,Dubai,CUST-05914,P014,Power Bank,Electronics,2,144.95,5,289.9,14.5,275.4,Apple Pay,Store,2026,9,September,1,Tuesday,False,275.4,137.7
TXN-0087495,2026-09-01,DXB-004,Dubai,CUST-02238,P015,Tablet,Electronics,1,1275.94,20,1275.94,255.19,1020.75,Card,Store,2026,9,September,1,Tuesday,False,1020.75,1020.75
TXN-0087620,2026-09-01,DXB-002,Dubai,CUST-02263,P002,Smartphone,Electronics,4,1879.29,0,7517.16,0.0,7517.16,Apple Pay,Store,2026,9,September,1,Tuesday,False,7517.16,1879.29
TXN-0087624,2026-09-01,DXB-003,Dubai,CUST-06119,P014,Power Bank,Electronics,6,157.55,10,945.3,94.53,850.77,Cash,Store,2026,9,September,1,Tuesday,False,850.77,141.79
TXN-0087787,2026-09-01,DXB-005,Dubai,CUST-01572,P003,Headphones,Electronics,1,331.43,0,331.43,0.0,331.43,Card,Online,2026,9,September,1,Tuesday,False,331.43,331.43
TXN-0087863,2026-09-01,DXB-001,Dubai,CUST-05482,P006,Mouse,Accessories,3,89.94,0,269.82,0.0,269.82,Card,Online,2026,9,September,1,Tuesday,False,269.82,89.94
TXN-0087899,2026-09-01,DXB-002,Dubai,CUST-07364,P001,Laptop,Electronics,6,2592.11,5,15552.66,777.63,14775.03,Card,Store,2026,9,September,1,Tuesday,False,14775.03,2462.5
TXN-0087910,2026-09-01,DXB-002,Dubai,CUST-04561,P010,Printer,Office,1,733.39,5,733.39,36.67,696.72,Cash,Store,2026,9,September,1,Tuesday,False,696.72,696.72
TXN-0087941,2026-09-01,DXB-001,Dubai,CUST-02014,P014,Power Bank,Electronics,2,162.72,0,325.44,0.0,325.44,Card,Online,2026,9,September,1,Tuesday,False,325.44,162.72
TXN-0088022,2026-09-01,DXB-005,Dubai,CUST-01285,P011,Notebook,Stationery,2,25.65,10,51.3,5.13,46.17,Card,Store,2026,9,September,1,Tuesday,False,46.17,23.08
TXN-0088048,2026-09-01,DXB-002,Dubai,CUST-07456,P007,Office Chair,Furniture,1,604.63,0,604.63,0.0,604.63,Cash,Store,2026,9,September,1,Tuesday,False,604.63,604.63
TXN-0088060,2026-09-01,DXB-002,Dubai,CUST-06536,P013,USB Drive,Accessories,3,43.07,10,129.21,12.92,116.29,Card,Store,2026,9,September,1,Tuesday,False,116.29,38.76
TXN-0088087,2026-09-01,DXB-004,Dubai,CUST-05432,P014,Power Bank,Electronics,4,162.93,10,651.72,65.17,586.55,Card,Store,2026,9,September,1,Tuesday,False,586.55,146.64
TXN-0088146,2026-09-01,DXB-005,Dubai,CUST-04835,P011,Notebook,Stationery,1,24.33,10,24.33,2.43,21.9,Cash,Online,2026,9,September,1,Tuesday,False,21.9,21.9
TXN-0088215,2026-09-01,DXB-003,Dubai,CUST-01914,P004,Monitor,Electronics,2,904.71,0,1809.42,0.0,1809.42,Bank Transfer,Store,2026,9,September,1,Tuesday,False,1809.42,904.71
TXN-0088244,2026-09-01,DXB-003,Dubai,CUST-00095,P011,Notebook,Stationery,1,22.21,0,22.21,0.0,22.21,Apple Pay,Online,2026,9,September,1,Tuesday,False,22.21,22.21
TXN-0088290,2026-09-01,DXB-001,Dubai,CUST-00619,P004,Monitor,Electronics,2,939.02,5,1878.04,93.9,1784.14,Card,Store,2026,9,September,1,Tuesday,False,1784.14,892.07
TXN-0088292,2026-09-01,DXB-001,Dubai,CUST-06593,P015,Tablet,Electronics,2,1230.56,5,2461.12,123.06,2338.06,Card,Store,2026,9,September,1,Tuesday,False,2338.06,1169.03
TXN-0088337,2026-09-01,DXB-002,Dubai,CUST-00187,P010,Printer,Office,2,736.32,20,1472.64,294.53,1178.11,Card,Store,2026,9,September,1,Tuesday,False,1178.11,589.05
TXN-0088448,2026-09-01,DXB-004,Dubai,CUST-05036,P010,Printer,Office,1,747.9,10,747.9,74.79,673.11,Card,Store,2026,9,September,1,Tuesday,False,673.11,673.11
TXN-0088460,2026-09-01,DXB-004,Dubai,CUST-04989,P015,Tablet,Electronics,2,1111.37,0,2222.74,0.0,2222.74,Card,Store,2026,9,September,1,Tuesday,False,2222.74,1111.37
TXN-0088502,2026-09-01,DXB-002,Dubai,CUST-02073,P003,Headphones,Electronics,3,333.14,0,999.42,0.0,999.42,Card,Store,2026,9,September,1,Tuesday,False,999.42,333.14
TXN-0088614,2026-09-01,DXB-004,Dubai,CUST-02306,P002,Smartphone,Electronics,2,1964.39,10,3928.78,392.88,3535.9,Cash,Store,2026,9,September,1,Tuesday,False,3535.9,1767.95
TXN-0088615,2026-09-01,DXB-004,Dubai,CUST-01963,P013,USB Drive,Accessories,1,46.0,0,46.0,0.0,46.0,Apple Pay,Store,2026,9,September,1,Tuesday,False,46.0,46.0
TXN-0088644,2026-09-01,DXB-002,Dubai,CUST-05587,P015,Tablet,Electronics,3,1125.24,5,3375.72,168.79,3206.93,Card,Store,2026,9,September,1,Tuesday,False,3206.93,1068.98
TXN-0088659,2026-09-01,DXB-001,Dubai,CUST-06075,P014,Power Bank,Electronics,1,150.69,10,150.69,15.07,135.62,Bank Transfer,Store,2026,9,September,1,Tuesday,False,135.62,135.62
TXN-0088667,2026-09-01,DXB-002,Dubai,CUST-06063,P003,Headphones,Electronics,2,372.63,0,745.26,0.0,745.26,Bank Transfer,Store,2026,9,September,1,Tuesday,False,745.26,372.63
TXN-0088697,2026-09-01,DXB-001,Dubai,CUST-02362,P005,Keyboard,Accessories,1,198.01,5,198.01,9.9,188.11,Card,Online,2026,9,September,1,Tuesday,False,188.11,188.11
TXN-0088703,2026-09-01,DXB-005,Dubai,CUST-04676,P014,Power Bank,Electronics,6,138.31,5,829.86,41.49,788.37,Bank Transfer,Online,2026,9,September,1,Tuesday,False,788.37,131.4
TXN-0088772,2026-09-01,DXB-002,Dubai,CUST-04866,P001,Laptop,Electronics,1,2998.23,10,2998.23,299.82,2698.41,Bank Transfer,Store,2026,9,September,1,Tuesday,False,2698.41,2698.41
TXN-0088827,2026-09-01,DXB-004,Dubai,CUST-07597,P008,Desk,Furniture,2,785.63,5,1571.26,78.56,1492.7,Card,Store,2026,9,September,1,Tuesday,False,1492.7,746.35
TXN-0088888,2026-09-01,DXB-005,Dubai,CUST-06483,P010,Printer,Office,4,744.83,0,2979.32,0.0,2979.32,Card,Store,2026,9,September,1,Tuesday,False,2979.32,744.83
TXN-0088928,2026-09-01,DXB-004,Dubai,CUST-04194,P001,Laptop,Electronics,1,2770.21,20,2770.21,554.04,2216.17,Card,Online,2026,9,September,1,Tuesday,False,2216.17,2216.17
TXN-0088958,2026-09-01,DXB-002,Dubai,CUST-00815,P015,Tablet,Electronics,1,1272.83,10,1272.83,127.28,1145.55,Apple Pay,Store,2026,9,September,1,Tuesday,False,1145.55,1145.55
TXN-0088975,2026-09-01,DXB-004,Dubai,CUST-06012,P007,Office Chair,Furniture,1,610.71,10,610.71,61.07,549.64,Card,Store,2026,9,September,1,Tuesday,False,549.64,549.64
TXN-0089026,2026-09-01,DXB-003,Dubai,CUST-00970,P005,Keyboard,Accessories,1,168.07,20,168.07,33.61,134.46,Cash,Store,2026,9,September,1,Tuesday,False,134.46,134.46
TXN-0089047,2026-09-01,DXB-005,Dubai,CUST-01220,P013,USB Drive,Accessories,1,50.99,15,50.99,7.65,43.34,Card,Online,2026,9,September,1,Tuesday,False,43.34,43.34
TXN-0089187,2026-09-01,DXB-004,Dubai,CUST-03314,P011,Notebook,Stationery,2,23.35,5,46.7,2.34,44.36,Apple Pay,Store,2026,9,September,1,Tuesday,False,44.36,22.18
TXN-0089213,2026-09-01,DXB-002,Dubai,CUST-04074,P001,Laptop,Electronics,1,2625.57,0,2625.57,0.0,2625.57,Apple Pay,Store,2026,9,September,1,Tuesday,False,2625.57,2625.57
TXN-0089214,2026-09-01,DXB-003,Dubai,CUST-06284,P007,Office Chair,Furniture,1,674.02,20,674.02,134.8,539.22,Bank Transfer,Store,2026,9,September,1,Tuesday,False,539.22,539.22
TXN-0089268,2026-09-01,DXB-003,Dubai,CUST-02940,P011,Notebook,Stationery,1,22.24,5,22.24,1.11,21.13,Apple Pay,Store,2026,9,September,1,Tuesday,False,21.13,21.13
TXN-0089276,2026-09-01,DXB-004,Dubai,CUST-07874,P013,USB Drive,Accessories,5,43.58,10,217.9,21.79,196.11,Apple Pay,Store,2026,9,September,1,Tuesday,False,196.11,39.22
TXN-0089398,2026-09-01,DXB-001,Dubai,CUST-07096,P014,Power Bank,Electronics,1,156.64,5,156.64,7.83,148.81,Apple Pay,Online,2026,9,September,1,Tuesday,False,148.81,148.81
TXN-0089484,2026-09-01,DXB-001,Dubai,CUST-03036,P011,Notebook,Stationery,5,23.71,0,118.55,0.0,118.55,Bank Transfer,Store,2026,9,September,1,Tuesday,False,118.55,23.71
TXN-0089542,2026-09-01,DXB-004,Dubai,CUST-03346,P011,Notebook,Stationery,2,24.71,5,49.42,2.47,46.95,Card,Online,2026,9,September,1,Tuesday,False,46.95,23.48
TXN-0089594,2026-09-01,DXB-001,Dubai,CUST-05761,P004,Monitor,Electronics,1,837.91,0,837.91,0.0,837.91,Card,Store,2026,9,September,1,Tuesday,False,837.91,837.91
TXN-0089645,2026-09-01,DXB-003,Dubai,CUST-01124,P002,Smartphone,Electronics,2,1729.25,0,3458.5,0.0,3458.5,Bank Transfer,Online,2026,9,September,1,Tuesday,False,3458.5,1729.25
TXN-0089673,2026-09-01,DXB-002,Dubai,CUST-02510,P002,Smartphone,Electronics,3,1734.38,5,5203.14,260.16,4942.98,Apple Pay,Online,2026,9,September,1,Tuesday,False,4942.98,1647.66
TXN-0089748,2026-09-01,DXB-002,Dubai,CUST-00010,P005,Keyboard,Accessories,2,172.62,0,345.24,0.0,345.24,Bank Transfer,Store,2026,9,September,1,Tuesday,False,345.24,172.62
TXN-0089948,2026-09-01,DXB-005,Dubai,CUST-03224,P008,Desk,Furniture,1,719.7,15,719.7,107.96,611.74,Apple Pay,Store,2026,9,September,1,Tuesday,False,611.74,611.74
TXN-0089988,2026-09-01,DXB-003,Dubai,CUST-00118,P002,Smartphone,Electronics,2,1684.52,0,3369.04,0.0,3369.04,Cash,Store,2026,9,September,1,Tuesday,False,3369.04,1684.52
TXN-0090031,2026-09-01,DXB-002,Dubai,CUST-07138,P007,Office Chair,Furniture,1,616.4,5,616.4,30.82,585.58,Card,Online,2026,9,September,1,Tuesday,False,585.58,585.58
TXN-0090100,2026-09-01,DXB-005,Dubai,CUST-01526,P002,Smartphone,Electronics,1,1884.55,0,1884.55,0.0,1884.55,Card,Online,2026,9,September,1,Tuesday,False,1884.55,1884.55
TXN-0090140,2026-09-01,DXB-001,Dubai,CUST-00605,P012,Pen Pack,Stationery,3,15.09,10,45.27,4.53,40.74,Cash,Store,2026,9,September,1,Tuesday,False,40.74,13.58
TXN-0090162,2026-09-01,DXB-004,Dubai,CUST-06006,P007,Office Chair,Furniture,1,654.53,0,654.53,0.0,654.53,Bank Transfer,Store,2026,9,September,1,Tuesday,False,654.53,654.53
TXN-0090180,2026-09-01,DXB-004,Dubai,CUST-01729,P010,Printer,Office,1,738.77,0,738.77,0.0,738.77,Card,Store,2026,9,September,1,Tuesday,False,738.77,738.77
TXN-0090204,2026-09-01,DXB-004,Dubai,CUST-05857,P015,Tablet,Electronics,3,1184.71,0,3554.13,0.0,3554.13,Cash,Online,2026,9,September,1,Tuesday,False,3554.13,1184.71
TXN-0090245,2026-09-01,DXB-003,Dubai,CUST-04868,P009,Backpack,Accessories,3,244.31,5,732.93,36.65,696.28,Apple Pay,Store,2026,9,September,1,Tuesday,False,696.28,232.09
TXN-0090280,2026-09-01,DXB-003,Dubai,CUST-07656,P010,Printer,Office,1,675.01,0,675.01,0.0,675.01,Apple Pay,Store,2026,9,September,1,Tuesday,False,675.01,675.01
TXN-0090283,2026-09-01,DXB-002,Dubai,CUST-01158,P013,USB Drive,Accessories,2,44.52,5,89.04,4.45,84.59,Card,Store,2026,9,September,1,Tuesday,False,84.59,42.3
TXN-0090319,2026-09-01,DXB-004,Dubai,CUST-06268,P007,Office Chair,Furniture,3,646.81,5,1940.43,97.02,1843.41,Bank Transfer,Store,2026,9,September,1,Tuesday,False,1843.41,614.47
TXN-0090352,2026-09-01,DXB-002,Dubai,CUST-06556,P014,Power Bank,Electronics,1,161.37,0,161.37,0.0,161.37,Cash,Store,2026,9,September,1,Tuesday,False,161.37,161.37
TXN-0090410,2026-09-01,DXB-003,Dubai,CUST-01824,P012,Pen Pack,Stationery,3,14.36,10,43.08,4.31,38.77,Bank Transfer,Store,2026,9,September,1,Tuesday,False,38.77,12.92
TXN-0090431,2026-09-01,DXB-005,Dubai,CUST-06630,P010,Printer,Office,1,691.97,20,691.97,138.39,553.58,Card,Store,2026,9,September,1,Tuesday,False,553.58,553.58
TXN-0090486,2026-09-01,DXB-003,Dubai,CUST-05365,P015,Tablet,Electronics,4,1247.39,5,4989.56,249.48,4740.08,Apple Pay,Store,2026,9,September,1,Tuesday,False,4740.08,1185.02
TXN-0090499,2026-09-01,DXB-001,Dubai,CUST-06414,P005,Keyboard,Accessories,2,184.21,5,368.42,18.42,350.0,Card,Online,2026,9,September,1,Tuesday,False,350.0,175.0
TXN-0090519,2026-09-01,DXB-001,Dubai,CUST-04403,P013,USB Drive,Accessories,1,47.15,20,47.15,9.43,37.72,Apple Pay,Store,2026,9,September,1,Tuesday,False,37.72,37.72
TXN-0090707,2026-09-01,DXB-004,Dubai,CUST-05354,P009,Backpack,Accessories,4,228.58,0,914.32,0.0,914.32,Card,Store,2026,9,September,1,Tuesday,False,914.32,228.58
TXN-0090772,2026-09-01,DXB-005,Dubai,CUST-06828,P015,Tablet,Electronics,2,1281.82,0,2563.64,0.0,2563.64,Card,Store,2026,9,September,1,Tuesday,False,2563.64,1281.82
TXN-0090921,2026-09-01,DXB-003,Dubai,CUST-00399,P011,Notebook,Stationery,1,25.47,15,25.47,3.82,21.65,Card,Store,2026,9,September,1,Tuesday,False,21.65,21.65
TXN-0091028,2026-09-01,DXB-001,Dubai,CUST-05062,P012,Pen Pack,Stationery,1,14.76,10,14.76,1.48,13.28,Apple Pay,Store,2026,9,September,1,Tuesday,False,13.28,13.28
TXN-0091057,2026-09-01,DXB-004,Dubai,CUST-05471,P015,Tablet,Electronics,1,1158.96,10,1158.96,115.9,1043.06,Card,Store,2026,9,September,1,Tuesday,False,1043.06,1043.06
TXN-0091108,2026-09-01,DXB-003,Dubai,CUST-06028,P003,Headphones,Electronics,2,373.11,10,746.22,74.62,671.6,Bank Transfer,Store,2026,9,September,1,Tuesday,False,671.6,335.8
TXN-0091110,2026-09-01,DXB-003,Dubai,CUST-00253,P015,Tablet,Electronics,1,1286.8,5,1286.8,64.34,1222.46,Card,Store,2026,9,September,1,Tuesday,False,1222.46,1222.46
TXN-0091124,2026-09-01,DXB-002,Dubai,CUST-02403,P003,Headphones,Electronics,1,341.62,0,341.62,0.0,341.62,Card,Store,2026,9,September,1,Tuesday,False,341.62,341.62
TXN-0091172,2026-09-01,DXB-002,Dubai,CUST-04550,P011,Notebook,Stationery,1,25.21,15,25.21,3.78,21.43,Card,Store,2026,9,September,1,Tuesday,False,21.43,21.43
TXN-0091220,2026-09-01,DXB-002,Dubai,CUST-05790,P002,Smartphone,Electronics,2,1890.76,15,3781.52,567.23,3214.29,Card,Store,2026,9,September,1,Tuesday,False,3214.29,1607.14
TXN-0091228,2026-09-01,DXB-004,Dubai,CUST-00269,P010,Printer,Office,4,633.55,10,2534.2,253.42,2280.78,Cash,Online,2026,9,September,1,Tuesday,False,2280.78,570.2
TXN-0091236,2026-09-01,DXB-005,Dubai,CUST-01991,P014,Power Bank,Electronics,1,157.51,0,157.51,0.0,157.51,Apple Pay,Online,2026,9,September,1,Tuesday,False,157.51,157.51
TXN-0091239,2026-09-01,DXB-004,Dubai,CUST-03705,P004,Monitor,Electronics,1,937.34,20,937.34,187.47,749.87,Cash,Store,2026,9,September,1,Tuesday,False,749.87,749.87
TXN-0091447,2026-09-01,DXB-003,Dubai,CUST-04103,P012,Pen Pack,Stationery,2,15.74,10,31.48,3.15,28.33,Card,Online,2026,9,September,1,Tuesday,False,28.33,14.16
TXN-0091493,2026-09-01,DXB-003,Dubai,CUST-01639,P014,Power Bank,Electronics,3,147.34,5,442.02,22.1,419.92,Card,Store,2026,9,September,1,Tuesday,False,419.92,139.97
TXN-0091545,2026-09-01,DXB-001,Dubai,CUST-00623,P013,USB Drive,Accessories,1,42.18,0,42.18,0.0,42.18,Card,Store,2026,9,September,1,Tuesday,False,42.18,42.18
TXN-0091570,2026-09-01,DXB-004,Dubai,CUST-07928,P003,Headphones,Electronics,1,354.68,5,354.68,17.73,336.95,Card,Store,2026,9,September,1,Tuesday,False,336.95,336.95
TXN-0091599,2026-09-01,DXB-002,Dubai,CUST-05949,P012,Pen Pack,Stationery,1,14.7,20,14.7,2.94,11.76,Card,Store,2026,9,September,1,Tuesday,False,11.76,11.76
TXN-0091712,2026-09-01,DXB-001,Dubai,CUST-04696,P011,Notebook,Stationery,1,24.45,0,24.45,0.0,24.45,Apple Pay,Store,2026,9,September,1,Tuesday,False,24.45,24.45
TXN-0091827,2026-09-01,DXB-002,Dubai,CUST-03579,P008,Desk,Furniture,3,812.26,0,2436.78,0.0,2436.78,Cash,Online,2026,9,September,1,Tuesday,False,2436.78,812.26
TXN-0091966,2026-09-01,DXB-003,Dubai,CUST-02281,P010,Printer,Office,1,674.72,0,674.72,0.0,674.72,Apple Pay,Store,2026,9,September,1,Tuesday,False,674.72,674.72
TXN-0092016,2026-09-01,DXB-001,Dubai,CUST-00603,P003,Headphones,Electronics,4,375.36,5,1501.44,75.07,1426.37,Cash,Store,2026,9,September,1,Tuesday,False,1426.37,356.59
TXN-0092085,2026-09-01,DXB-004,Dubai,CUST-07926,P003,Headphones,Electronics,1,380.29,0,380.29,0.0,380.29,Card,Store,2026,9,September,1,Tuesday,False,380.29,380.29
TXN-0092231,2026-09-01,DXB-002,Dubai,CUST-00025,P007,Office Chair,Furniture,1,706.08,10,706.08,70.61,635.47,Card,Online,2026,9,September,1,Tuesday,False,635.47,635.47
TXN-0092288,2026-09-01,DXB-005,Dubai,CUST-04828,P007,Office Chair,Furniture,2,696.99,10,1393.98,139.4,1254.58,Card,Online,2026,9,September,1,Tuesday,False,1254.58,627.29
TXN-0092321,2026-09-01,DXB-003,Dubai,CUST-02698,P013,USB Drive,Accessories,1,46.63,15,46.63,6.99,39.64,Bank Transfer,Store,2026,9,September,1,Tuesday,False,39.64,39.64
TXN-0092414,2026-09-01,DXB-004,Dubai,CUST-05543,P006,Mouse,Accessories,1,95.54,0,95.54,0.0,95.54,Card,Store,2026,9,September,1,Tuesday,False,95.54,95.54
TXN-0092467,2026-09-01,DXB-004,Dubai,CUST-01644,P005,Keyboard,Accessories,3,191.62,10,574.86,57.49,517.37,Card,Store,2026,9,September,1,Tuesday,False,517.37,172.46
TXN-0092516,2026-09-01,DXB-003,Dubai,CUST-06377,P008,Desk,Furniture,1,825.28,15,825.28,123.79,701.49,Cash,Store,2026,9,September,1,Tuesday,False,701.49,701.49
TXN-0092538,2026-09-01,DXB-002,Dubai,CUST-00876,P001,Laptop,Electronics,4,2743.47,5,10973.88,548.69,10425.19,Card,Store,2026,9,September,1,Tuesday,False,10425.19,2606.3
TXN-0092612,2026-09-01,DXB-001,Dubai,CUST-07035,P003,Headphones,Electronics,1,365.0,15,365.0,54.75,310.25,Card,Store,2026,9,September,1,Tuesday,False,310.25,310.25
TXN-0092779,2026-09-01,DXB-001,Dubai,CUST-04980,P015,Tablet,Electronics,1,1244.59,5,1244.59,62.23,1182.36,Card,Store,2026,9,September,1,Tuesday,False,1182.36,1182.36
TXN-0092783,2026-09-01,DXB-001,Dubai,CUST-02399,P002,Smartphone,Electronics,1,1797.2,0,1797.2,0.0,1797.2,Card,Online,2026,9,September,1,Tuesday,False,1797.2,1797.2
TXN-0092818,2026-09-01,DXB-003,Dubai,CUST-03156,P014,Power Bank,Electronics,2,157.45,5,314.9,15.74,299.16,Apple Pay,Store,2026,9,September,1,Tuesday,False,299.16,149.58
TXN-0092864,2026-09-01,DXB-005,Dubai,CUST-06867,P015,Tablet,Electronics,4,1301.46,0,5205.84,0.0,5205.84,Apple Pay,Store,2026,9,September,1,Tuesday,False,5205.84,1301.46
TXN-0092866,2026-09-01,DXB-001,Dubai,CUST-03667,P007,Office Chair,Furniture,1,635.99,10,635.99,63.6,572.39,Apple Pay,Online,2026,9,September,1,Tuesday,False,572.39,572.39
TXN-0093014,2026-09-01,DXB-005,Dubai,CUST-06718,P014,Power Bank,Electronics,1,159.38,0,159.38,0.0,159.38,Card,Store,2026,9,September,1,Tuesday,False,159.38,159.38
TXN-0093084,2026-09-01,DXB-003,Dubai,CUST-01964,P005,Keyboard,Accessories,1,177.02,15,177.02,26.55,150.47,Card,Store,2026,9,September,1,Tuesday,False,150.47,150.47
TXN-0093108,2026-09-01,DXB-005,Dubai,CUST-07859,P005,Keyboard,Accessories,2,203.59,10,407.18,40.72,366.46,Card,Store,2026,9,September,1,Tuesday,False,366.46,183.23
TXN-0093157,2026-09-01,DXB-002,Dubai,CUST-03490,P009,Backpack,Accessories,1,217.87,15,217.87,32.68,185.19,Cash,Online,2026,9,September,1,Tuesday,False,185.19,185.19
TXN-0093163,2026-09-01,DXB-002,Dubai,CUST-04303,P013,USB Drive,Accessories,3,45.52,0,136.56,0.0,136.56,Cash,Store,2026,9,September,1,Tuesday,False,136.56,45.52
TXN-0093242,2026-09-01,DXB-001,Dubai,CUST-05857,P008,Desk,Furniture,4,747.53,10,2990.12,299.01,2691.11,Apple Pay,Store,2026,9,September,1,Tuesday,False,2691.11,672.78
TXN-0093255,2026-09-01,DXB-001,Dubai,CUST-03068,P007,Office Chair,Furniture,1,703.41,5,703.41,35.17,668.24,Cash,Store,2026,9,September,1,Tuesday,False,668.24,668.24
TXN-0093258,2026-09-01,DXB-003,Dubai,CUST-07516,P015,Tablet,Electronics,1,1179.79,10,1179.79,117.98,1061.81,Card,Online,2026,9,September,1,Tuesday,False,1061.81,1061.81
TXN-0093556,2026-09-01,DXB-001,Dubai,CUST-01802,P005,Keyboard,Accessories,1,172.83,15,172.83,25.92,146.91,Card,Store,2026,9,September,1,Tuesday,False,146.91,146.91
TXN-0093608,2026-09-01,DXB-003,Dubai,CUST-00645,P003,Headphones,Electronics,1,328.17,15,328.17,49.23,278.94,Card,Store,2026,9,September,1,Tuesday,False,278.94,278.94
TXN-0093746,2026-09-01,DXB-005,Dubai,CUST-07744,P014,Power Bank,Electronics,1,150.89,0,150.89,0.0,150.89,Bank Transfer,Store,2026,9,September,1,Tuesday,False,150.89,150.89
TXN-0093767,2026-09-01,DXB-004,Dubai,CUST-01086,P011,Notebook,Stationery,2,24.59,10,49.18,4.92,44.26,Card,Store,2026,9,September,1,Tuesday,False,44.26,22.13
TXN-0093892,2026-09-01,DXB-005,Dubai,CUST-04643,P014,Power Bank,Electronics,1,155.03,20,155.03,31.01,124.02,Cash,Store,2026,9,September,1,Tuesday,False,124.02,124.02
TXN-0093903,2026-09-01,DXB-002,Dubai,CUST-07849,P005,Keyboard,Accessories,3,198.84,20,596.52,119.3,477.22,Cash,Store,2026,9,September,1,Tuesday,False,477.22,159.07
TXN-0094073,2026-09-01,DXB-004,Dubai,CUST-03995,P009,Backpack,Accessories,3,201.45,5,604.35,30.22,574.13,Bank Transfer,Store,2026,9,September,1,Tuesday,False,574.13,191.38
TXN-0094089,2026-09-01,DXB-002,Dubai,CUST-03145,P011,Notebook,Stationery,2,25.62,0,51.24,0.0,51.24,Cash,Store,2026,9,September,1,Tuesday,False,51.24,25.62
TXN-0094278,2026-09-01,DXB-005,Dubai,CUST-00691,P011,Notebook,Stationery,3,26.37,0,79.11,0.0,79.11,Apple Pay,Store,2026,9,September,1,Tuesday,False,79.11,26.37
TXN-0094300,2026-09-01,DXB-004,Dubai,CUST-05222,P008,Desk,Furniture,2,802.05,5,1604.1,80.2,1523.9,Card,Store,2026,9,September,1,Tuesday,False,1523.9,761.95
TXN-0094336,2026-09-01,DXB-001,Dubai,CUST-06719,P008,Desk,Furniture,1,720.72,10,720.72,72.07,648.65,Cash,Store,2026,9,September,1,Tuesday,False,648.65,648.65
TXN-0094364,2026-09-01,DXB-002,Dubai,CUST-05233,P015,Tablet,Electronics,2,1160.13,15,2320.26,348.04,1972.22,Card,Store,2026,9,September,1,Tuesday,False,1972.22,986.11
TXN-0094385,2026-09-01,DXB-003,Dubai,CUST-00181,P003,Headphones,Electronics,1,371.27,10,371.27,37.13,334.14,Card,Store,2026,9,September,1,Tuesday,False,334.14,334.14
TXN-0094411,2026-09-01,DXB-002,Dubai,CUST-04320,P006,Mouse,Accessories,2,109.48,10,218.96,21.9,197.06,Apple Pay,Online,2026,9,September,1,Tuesday,False,197.06,98.53
TXN-0094442,2026-09-01,DXB-003,Dubai,CUST-00385,P014,Power Bank,Electronics,1,147.85,10,147.85,14.78,133.07,Card,Store,2026,9,September,1,Tuesday,False,133.07,133.07
TXN-0094452,2026-09-01,DXB-005,Dubai,CUST-03646,P011,Notebook,Stationery,2,25.7,0,51.4,0.0,51.4,Cash,Store,2026,9,September,1,Tuesday,False,51.4,25.7
TXN-0094499,2026-09-01,DXB-002,Dubai,CUST-07259,P013,USB Drive,Accessories,1,43.92,15,43.92,6.59,37.33,Cash,Store,2026,9,September,1,Tuesday,False,37.33,37.33
TXN-0094540,2026-09-01,DXB-004,Dubai,CUST-05618,P015,Tablet,Electronics,2,1210.11,5,2420.22,121.01,2299.21,Cash,Store,2026,9,September,1,Tuesday,False,2299.21,1149.6
TXN-0094543,2026-09-01,DXB-001,Dubai,CUST-06039,P002,Smartphone,Electronics,1,1722.3,0,1722.3,0.0,1722.3,Card,Store,2026,9,September,1,Tuesday,False,1722.3,1722.3
TXN-0094546,2026-09-01,DXB-004,Dubai,CUST-07195,P006,Mouse,Accessories,2,104.48,5,208.96,10.45,198.51,Card,Online,2026,9,September,1,Tuesday,False,198.51,99.26
TXN-0094569,2026-09-01,DXB-005,Dubai,CUST-03529,P004,Monitor,Electronics,2,988.54,10,1977.08,197.71,1779.37,Bank Transfer,Store,2026,9,September,1,Tuesday,False,1779.37,889.68
TXN-0094596,2026-09-01,DXB-001,Dubai,CUST-03137,P014,Power Bank,Electronics,1,151.77,5,151.77,7.59,144.18,Card,Store,2026,9,September,1,Tuesday,False,144.18,144.18
TXN-0094691,2026-09-01,DXB-002,Dubai,CUST-02256,P015,Tablet,Electronics,1,1190.58,15,1190.58,178.59,1011.99,Bank Transfer,Store,2026,9,September,1,Tuesday,False,1011.99,1011.99
TXN-0094693,2026-09-01,DXB-003,Dubai,CUST-02269,P012,Pen Pack,Stationery,3,15.87,10,47.61,4.76,42.85,Cash,Store,2026,9,September,1,Tuesday,False,42.85,14.28
TXN-0094695,2026-09-01,DXB-005,Dubai,CUST-05703,P004,Monitor,Electronics,2,823.89,15,1647.78,247.17,1400.61,Card,Store,2026,9,September,1,Tuesday,False,1400.61,700.3
TXN-0094760,2026-09-01,DXB-004,Dubai,CUST-04469,P011,Notebook,Stationery,6,26.07,10,156.42,15.64,140.78,Bank Transfer,Store,2026,9,September,1,Tuesday,False,140.78,23.46
TXN-0094802,2026-09-01,DXB-002,Dubai,CUST-06241,P015,Tablet,Electronics,1,1061.3,0,1061.3,0.0,1061.3,Cash,Store,2026,9,September,1,Tuesday,False,1061.3,1061.3
TXN-0094928,2026-09-01,DXB-004,Dubai,CUST-01187,P010,Printer,Office,2,705.04,5,1410.08,70.5,1339.58,Apple Pay,Store,2026,9,September,1,Tuesday,False,1339.58,669.79
TXN-0094979,2026-09-01,DXB-001,Dubai,CUST-02601,P009,Backpack,Accessories,2,234.0,0,468.0,0.0,468.0,Card,Store,2026,9,September,1,Tuesday,False,468.0,234.0
TXN-0095068,2026-09-01,DXB-001,Dubai,CUST-02107,P002,Smartphone,Electronics,1,1899.35,20,1899.35,379.87,1519.48,Card,Online,2026,9,September,1,Tuesday,False,1519.48,1519.48
TXN-0095136,2026-09-01,DXB-003,Dubai,CUST-06796,P011,Notebook,Stationery,2,26.15,0,52.3,0.0,52.3,Bank Transfer,Store,2026,9,September,1,Tuesday,False,52.3,26.15
TXN-0095168,2026-09-01,DXB-004,Dubai,CUST-03966,P008,Desk,Furniture,1,799.87,0,799.87,0.0,799.87,Cash,Store,2026,9,September,1,Tuesday,False,799.87,799.87
TXN-0095196,2026-09-01,DXB-004,Dubai,CUST-06957,P006,Mouse,Accessories,1,98.34,0,98.34,0.0,98.34,Card,Store,2026,9,September,1,Tuesday,False,98.34,98.34
TXN-0095213,2026-09-01,DXB-001,Dubai,CUST-01300,P009,Backpack,Accessories,1,225.7,5,225.7,11.28,214.42,Apple Pay,Store,2026,9,September,1,Tuesday,False,214.42,214.42
TXN-0095260,2026-09-01,DXB-003,Dubai,CUST-06054,P010,Printer,Office,1,643.26,10,643.26,64.33,578.93,Apple Pay,Store,2026,9,September,1,Tuesday,False,578.93,578.93
TXN-0095323,2026-09-01,DXB-002,Dubai,CUST-01234,P002,Smartphone,Electronics,1,1806.87,0,1806.87,0.0,1806.87,Apple Pay,Store,2026,9,September,1,Tuesday,False,1806.87,1806.87
TXN-0095383,2026-09-01,DXB-002,Dubai,CUST-00539,P015,Tablet,Electronics,3,1169.94,15,3509.82,526.47,2983.35,Apple Pay,Store,2026,9,September,1,Tuesday,False,2983.35,994.45
TXN-0095422,2026-09-01,DXB-004,Dubai,CUST-01747,P014,Power Bank,Electronics,1,148.3,5,148.3,7.42,140.88,Card,Store,2026,9,September,1,Tuesday,False,140.88,140.88
TXN-0095434,2026-09-01,DXB-003,Dubai,CUST-07056,P003,Headphones,Electronics,1,321.7,5,321.7,16.08,305.62,Card,Store,2026,9,September,1,Tuesday,False,305.62,305.62
TXN-0095489,2026-09-01,DXB-003,Dubai,CUST-02910,P012,Pen Pack,Stationery,1,15.12,20,15.12,3.02,12.1,Cash,Store,2026,9,September,1,Tuesday,False,12.1,12.1
TXN-0095520,2026-09-01,DXB-004,Dubai,CUST-07564,P008,Desk,Furniture,1,823.07,20,823.07,164.61,658.46,Card,Store,2026,9,September,1,Tuesday,False,658.46,658.46
TXN-0095585,2026-09-01,DXB-003,Dubai,CUST-05267,P014,Power Bank,Electronics,1,145.52,5,145.52,7.28,138.24,Card,Store,2026,9,September,1,Tuesday,False,138.24,138.24
TXN-0095618,2026-09-01,DXB-001,Dubai,CUST-02357,P009,Backpack,Accessories,1,242.01,0,242.01,0.0,242.01,Card,Store,2026,9,September,1,Tuesday,False,242.01,242.01
TXN-0095763,2026-09-01,DXB-001,Dubai,CUST-01747,P010,Printer,Office,2,673.35,0,1346.7,0.0,1346.7,Card,Store,2026,9,September,1,Tuesday,False,1346.7,673.35
TXN-0095816,2026-09-01,DXB-003,Dubai,CUST-03333,P012,Pen Pack,Stationery,2,15.02,5,30.04,1.5,28.54,Card,Store,2026,9,September,1,Tuesday,False,28.54,14.27
TXN-0095975,2026-09-01,DXB-005,Dubai,CUST-07318,P002,Smartphone,Electronics,1,2010.67,15,2010.67,301.6,1709.07,Apple Pay,Store,2026,9,September,1,Tuesday,False,1709.07,1709.07
TXN-0096004,2026-09-01,DXB-002,Dubai,CUST-02968,P002,Smartphone,Electronics,2,1748.94,0,3497.88,0.0,3497.88,Apple Pay,Store,2026,9,September,1,Tuesday,False,3497.88,1748.94
TXN-0096011,2026-09-01,DXB-001,Dubai,CUST-04693,P008,Desk,Furniture,1,800.76,10,800.76,80.08,720.68,Apple Pay,Store,2026,9,September,1,Tuesday,False,720.68,720.68
TXN-0096054,2026-09-01,DXB-005,Dubai,CUST-00609,P009,Backpack,Accessories,1,217.58,0,217.58,0.0,217.58,Apple Pay,Store,2026,9,September,1,Tuesday,False,217.58,217.58
TXN-0096104,2026-09-01,DXB-004,Dubai,CUST-06644,P014,Power Bank,Electronics,2,157.05,15,314.1,47.12,266.98,Card,Online,2026,9,September,1,Tuesday,False,266.98,133.49
TXN-0096112,2026-09-01,DXB-001,Dubai,CUST-03748,P005,Keyboard,Accessories,4,182.63,10,730.52,73.05,657.47,Card,Online,2026,9,September,1,Tuesday,False,657.47,164.37
TXN-0096136,2026-09-01,DXB-005,Dubai,CUST-00855,P014,Power Bank,Electronics,2,162.46,0,324.92,0.0,324.92,Bank Transfer,Store,2026,9,September,1,Tuesday,False,324.92,162.46
TXN-0096209,2026-09-01,DXB-001,Dubai,CUST-01843,P010,Printer,Office,1,737.79,10,737.79,73.78,664.01,Card,Store,2026,9,September,1,Tuesday,False,664.01,664.01
TXN-0096228,2026-09-01,DXB-004,Dubai,CUST-04969,P011,Notebook,Stationery,1,26.01,10,26.01,2.6,23.41,Card,Online,2026,9,September,1,Tuesday,False,23.41,23.41
TXN-0096341,2026-09-01,DXB-004,Dubai,CUST-06936,P005,Keyboard,Accessories,1,167.1,15,167.1,25.06,142.04,Apple Pay,Store,2026,9,September,1,Tuesday,False,142.04,142.04
TXN-0096402,2026-09-01,DXB-001,Dubai,CUST-01614,P003,Headphones,Electronics,1,366.14,10,366.14,36.61,329.53,Apple Pay,Store,2026,9,September,1,Tuesday,False,329.53,329.53
TXN-0096444,2026-09-01,DXB-003,Dubai,CUST-02523,P015,Tablet,Electronics,1,1190.35,5,1190.35,59.52,1130.83,Bank Transfer,Online,2026,9,September,1,Tuesday,False,1130.83,1130.83
TXN-0096449,2026-09-01,DXB-001,Dubai,CUST-07892,P004,Monitor,Electronics,1,973.35,10,973.35,97.34,876.01,Bank Transfer,Store,2026,9,September,1,Tuesday,False,876.01,876.01
TXN-0096638,2026-09-01,DXB-004,Dubai,CUST-07051,P007,Office Chair,Furniture,1,632.58,5,632.58,31.63,600.95,Bank Transfer,Store,2026,9,September,1,Tuesday,False,600.95,600.95
TXN-0096794,2026-09-01,DXB-002,Dubai,CUST-07144,P008,Desk,Furniture,1,815.89,10,815.89,81.59,734.3,Card,Store,2026,9,September,1,Tuesday,False,734.3,734.3
TXN-0096824,2026-09-01,DXB-002,Dubai,CUST-05374,P001,Laptop,Electronics,2,2786.84,5,5573.68,278.68,5295.0,Card,Online,2026,9,September,1,Tuesday,False,5295.0,2647.5
TXN-0096859,2026-09-01,DXB-005,Dubai,CUST-00206,P012,Pen Pack,Stationery,1,15.57,10,15.57,1.56,14.01,Card,Store,2026,9,September,1,Tuesday,False,14.01,14.01
TXN-0096922,2026-09-01,DXB-002,Dubai,CUST-01868,P005,Keyboard,Accessories,3,185.17,20,555.51,111.1,444.41,Card,Store,2026,9,September,1,Tuesday,False,444.41,148.14
TXN-0097006,2026-09-01,DXB-005,Dubai,CUST-05807,P005,Keyboard,Accessories,1,165.14,15,165.14,24.77,140.37,Card,Online,2026,9,September,1,Tuesday,False,140.37,140.37
TXN-0097031,2026-09-01,DXB-001,Dubai,CUST-05922,P010,Printer,Office,1,687.36,0,687.36,0.0,687.36,Card,Online,2026,9,September,1,Tuesday,False,687.36,687.36
TXN-0097091,2026-09-01,DXB-001,Dubai,CUST-00166,P010,Printer,Office,5,658.06,10,3290.3,329.03,2961.27,Apple Pay,Store,2026,9,September,1,Tuesday,False,2961.27,592.25
TXN-0097124,2026-09-01,DXB-001,Dubai,CUST-07193,P014,Power Bank,Electronics,1,162.62,0,162.62,0.0,162.62,Cash,Store,2026,9,September,1,Tuesday,False,162.62,162.62
TXN-0097214,2026-09-01,DXB-005,Dubai,CUST-02972,P008,Desk,Furniture,2,760.64,10,1521.28,152.13,1369.15,Card,Store,2026,9,September,1,Tuesday,False,1369.15,684.58
TXN-0097250,2026-09-01,DXB-002,Dubai,CUST-03230,P001,Laptop,Electronics,1,2714.55,20,2714.55,542.91,2171.64,Apple Pay,Online,2026,9,September,1,Tuesday,False,2171.64,2171.64
TXN-0097263,2026-09-01,DXB-003,Dubai,CUST-06104,P005,Keyboard,Accessories,2,182.89,5,365.78,18.29,347.49,Card,Store,2026,9,September,1,Tuesday,False,347.49,173.74
TXN-0097319,2026-09-01,DXB-002,Dubai,CUST-06355,P006,Mouse,Accessories,1,94.92,15,94.92,14.24,80.68,Card,Store,2026,9,September,1,Tuesday,False,80.68,80.68
TXN-0097405,2026-09-01,DXB-005,Dubai,CUST-05874,P014,Power Bank,Electronics,6,143.77,20,862.62,172.52,690.1,Card,Store,2026,9,September,1,Tuesday,False,690.1,115.02
TXN-0097433,2026-09-01,DXB-001,Dubai,CUST-03289,P008,Desk,Furniture,1,754.64,15,754.64,113.2,641.44,Card,Store,2026,9,September,1,Tuesday,False,641.44,641.44
TXN-0097483,2026-09-01,DXB-003,Dubai,CUST-02366,P009,Backpack,Accessories,3,215.28,5,645.84,32.29,613.55,Apple Pay,Store,2026,9,September,1,Tuesday,False,613.55,204.52
TXN-0097520,2026-09-01,DXB-004,Dubai,CUST-04081,P014,Power Bank,Electronics,2,159.0,20,318.0,63.6,254.4,Card,Store,2026,9,September,1,Tuesday,False,254.4,127.2
TXN-0097536,2026-09-01,DXB-001,Dubai,CUST-01821,P002,Smartphone,Electronics,5,1942.66,0,9713.3,0.0,9713.3,Card,Store,2026,9,September,1,Tuesday,False,9713.3,1942.66
TXN-0097649,2026-09-01,DXB-003,Dubai,CUST-07691,P006,Mouse,Accessories,2,106.32,0,212.64,0.0,212.64,Bank Transfer,Online,2026,9,September,1,Tuesday,False,212.64,106.32
TXN-0097710,2026-09-01,DXB-004,Dubai,CUST-01567,P014,Power Bank,Electronics,3,155.94,15,467.82,70.17,397.65,Card,Store,2026,9,September,1,Tuesday,False,397.65,132.55
TXN-0097743,2026-09-01,DXB-005,Dubai,CUST-01068,P014,Power Bank,Electronics,2,169.07,0,338.14,0.0,338.14,Bank Transfer,Store,2026,9,September,1,Tuesday,False,338.14,169.07
TXN-0097779,2026-09-01,DXB-005,Dubai,CUST-07881,P013,USB Drive,Accessories,3,46.56,0,139.68,0.0,139.68,Apple Pay,Store,2026,9,September,1,Tuesday,False,139.68,46.56
TXN-0097839,2026-09-01,DXB-002,Dubai,CUST-01306,P006,Mouse,Accessories,4,96.34,5,385.36,19.27,366.09,Apple Pay,Online,2026,9,September,1,Tuesday,False,366.09,91.52
TXN-0097877,2026-09-01,DXB-003,Dubai,CUST-02131,P010,Printer,Office,2,576.53,5,1153.06,57.65,1095.41,Card,Store,2026,9,September,1,Tuesday,False,1095.41,547.71
TXN-0097964,2026-09-01,DXB-003,Dubai,CUST-06098,P007,Office Chair,Furniture,2,685.02,0,1370.04,0.0,1370.04,Cash,Store,2026,9,September,1,Tuesday,False,1370.04,685.02
TXN-0098048,2026-09-01,DXB-005,Dubai,CUST-01696,P007,Office Chair,Furniture,2,695.08,5,1390.16,69.51,1320.65,Bank Transfer,Online,2026,9,September,1,Tuesday,False,1320.65,660.32
TXN-0098071,2026-09-01,DXB-001,Dubai,CUST-00849,P005,Keyboard,Accessories,3,179.48,5,538.44,26.92,511.52,Card,Store,2026,9,September,1,Tuesday,False,511.52,170.51
TXN-0098167,2026-09-01,DXB-001,Dubai,CUST-00250,P003,Headphones,Electronics,2,338.76,0,677.52,0.0,677.52,Card,Store,2026,9,September,1,Tuesday,False,677.52,338.76
TXN-0098221,2026-09-01,DXB-002,Dubai,CUST-01912,P002,Smartphone,Electronics,1,1822.68,15,1822.68,273.4,1549.28,Cash,Store,2026,9,September,1,Tuesday,False,1549.28,1549.28
TXN-0098375,2026-09-01,DXB-001,Dubai,CUST-07476,P015,Tablet,Electronics,3,1114.55,10,3343.65,334.36,3009.29,Card,Store,2026,9,September,1,Tuesday,False,3009.29,1003.1
TXN-0098379,2026-09-01,DXB-004,Dubai,CUST-04916,P009,Backpack,Accessories,1,196.91,10,196.91,19.69,177.22,Cash,Online,2026,9,September,1,Tuesday,False,177.22,177.22
TXN-0098387,2026-09-01,DXB-002,Dubai,CUST-06195,P007,Office Chair,Furniture,2,646.0,10,1292.0,129.2,1162.8,Cash,Store,2026,9,September,1,Tuesday,False,1162.8,581.4
TXN-0098393,2026-09-01,DXB-001,Dubai,CUST-06391,P015,Tablet,Electronics,2,1248.12,15,2496.24,374.44,2121.8,Card,Online,2026,9,September,1,Tuesday,False,2121.8,1060.9
TXN-0098440,2026-09-01,DXB-004,Dubai,CUST-02593,P003,Headphones,Electronics,2,362.23,20,724.46,144.89,579.57,Cash,Store,2026,9,September,1,Tuesday,False,579.57,289.79
TXN-0098452,2026-09-01,DXB-001,Dubai,CUST-07399,P003,Headphones,Electronics,3,360.91,5,1082.73,54.14,1028.59,Card,Store,2026,9,September,1,Tuesday,False,1028.59,342.86
TXN-0098631,2026-09-01,DXB-005,Dubai,CUST-06541,P007,Office Chair,Furniture,5,673.48,5,3367.4,168.37,3199.03,Apple Pay,Store,2026,9,September,1,Tuesday,False,3199.03,639.81
TXN-0098701,2026-09-01,DXB-001,Dubai,CUST-03477,P015,Tablet,Electronics,2,1001.76,5,2003.52,100.18,1903.34,Cash,Store,2026,9,September,1,Tuesday,False,1903.34,951.67
TXN-0098750,2026-09-01,DXB-003,Dubai,CUST-03474,P011,Notebook,Stationery,2,25.09,5,50.18,2.51,47.67,Apple Pay,Store,2026,9,September,1,Tuesday,False,47.67,23.84
TXN-0098862,2026-09-01,DXB-001,Dubai,CUST-01172,P010,Printer,Office,6,628.24,0,3769.44,0.0,3769.44,Bank Transfer,Store,2026,9,September,1,Tuesday,False,3769.44,628.24
TXN-0098899,2026-09-01,DXB-005,Dubai,CUST-04143,P011,Notebook,Stationery,4,24.89,10,99.56,9.96,89.6,Card,Online,2026,9,September,1,Tuesday,False,89.6,22.4
TXN-0098902,2026-09-01,DXB-002,Dubai,CUST-01946,P006,Mouse,Accessories,1,102.13,0,102.13,0.0,102.13,Card,Store,2026,9,September,1,Tuesday,False,102.13,102.13
TXN-0098911,2026-09-01,DXB-003,Dubai,CUST-01565,P007,Office Chair,Furniture,4,656.52,0,2626.08,0.0,2626.08,Card,Online,2026,9,September,1,Tuesday,False,2626.08,656.52
TXN-0098937,2026-09-01,DXB-003,Dubai,CUST-05720,P002,Smartphone,Electronics,1,1791.78,5,1791.78,89.59,1702.19,Cash,Store,2026,9,September,1,Tuesday,False,1702.19,1702.19
TXN-0098968,2026-09-01,DXB-003,Dubai,CUST-05853,P012,Pen Pack,Stationery,1,15.88,0,15.88,0.0,15.88,Card,Store,2026,9,September,1,Tuesday,False,15.88,15.88
TXN-0098993,2026-09-01,DXB-002,Dubai,CUST-07845,P011,Notebook,Stationery,5,26.34,10,131.7,13.17,118.53,Card,Store,2026,9,September,1,Tuesday,False,118.53,23.71
TXN-0099062,2026-09-01,DXB-002,Dubai,CUST-05099,P002,Smartphone,Electronics,2,1866.6,20,3733.2,746.64,2986.56,Card,Online,2026,9,September,1,Tuesday,False,2986.56,1493.28
TXN-0099074,2026-09-01,DXB-003,Dubai,CUST-06894,P003,Headphones,Electronics,2,384.01,5,768.02,38.4,729.62,Bank Transfer,Store,2026,9,September,1,Tuesday,False,729.62,364.81
TXN-0099147,2026-09-01,DXB-002,Dubai,CUST-05185,P002,Smartphone,Electronics,1,1761.63,10,1761.63,176.16,1585.47,Card,Store,2026,9,September,1,Tuesday,False,1585.47,1585.47
TXN-0099172,2026-09-01,DXB-004,Dubai,CUST-06810,P012,Pen Pack,Stationery,1,14.53,0,14.53,0.0,14.53,Apple Pay,Online,2026,9,September,1,Tuesday,False,14.53,14.53
TXN-0099188,2026-09-01,DXB-004,Dubai,CUST-03790,P009,Backpack,Accessories,1,232.02,0,232.02,0.0,232.02,Card,Online,2026,9,September,1,Tuesday,False,232.02,232.02
TXN-0099210,2026-09-01,DXB-003,Dubai,CUST-03209,P012,Pen Pack,Stationery,1,15.19,15,15.19,2.28,12.91,Card,Store,2026,9,September,1,Tuesday,False,12.91,12.91
TXN-0099248,2026-09-01,DXB-003,Dubai,CUST-06583,P005,Keyboard,Accessories,1,200.87,15,200.87,30.13,170.74,Cash,Store,2026,9,September,1,Tuesday,False,170.74,170.74
TXN-0099256,2026-09-01,DXB-003,Dubai,CUST-03610,P010,Printer,Office,1,705.1,20,705.1,141.02,564.08,Cash,Store,2026,9,September,1,Tuesday,False,564.08,564.08
TXN-0099272,2026-09-01,DXB-004,Dubai,CUST-02334,P001,Laptop,Electronics,3,2713.41,5,8140.23,407.01,7733.22,Bank Transfer,Store,2026,9,September,1,Tuesday,False,7733.22,2577.74
TXN-0099332,2026-09-01,DXB-001,Dubai,CUST-00744,P010,Printer,Office,4,755.92,5,3023.68,151.18,2872.5,Apple Pay,Store,2026,9,September,1,Tuesday,False,2872.5,718.12
TXN-0099406,2026-09-01,DXB-003,Dubai,CUST-04700,P013,USB Drive,Accessories,5,41.88,0,209.4,0.0,209.4,Apple Pay,Store,2026,9,September,1,Tuesday,False,209.4,41.88
TXN-0099585,2026-09-01,DXB-005,Dubai,CUST-01809,P002,Smartphone,Electronics,1,1612.0,10,1612.0,161.2,1450.8,Cash,Store,2026,9,September,1,Tuesday,False,1450.8,1450.8
TXN-0099645,2026-09-01,DXB-001,Dubai,CUST-03138,P008,Desk,Furniture,3,708.38,0,2125.14,0.0,2125.14,Cash,Store,2026,9,September,1,Tuesday,False,2125.14,708.38
TXN-0099661,2026-09-01,DXB-005,Dubai,CUST-07853,P013,USB Drive,Accessories,1,48.14,5,48.14,2.41,45.73,Card,Store,2026,9,September,1,Tuesday,False,45.73,45.73
TXN-0099664,2026-09-01,DXB-005,Dubai,CUST-07386,P013,USB Drive,Accessories,1,45.33,5,45.33,2.27,43.06,Card,Store,2026,9,September,1,Tuesday,False,43.06,43.06
TXN-0099674,2026-09-01,DXB-001,Dubai,CUST-00423,P004,Monitor,Electronics,2,937.51,15,1875.02,281.25,1593.77,Bank Transfer,Store,2026,9,September,1,Tuesday,False,1593.77,796.88
TXN-0099688,2026-09-01,DXB-003,Dubai,CUST-04716,P007,Office Chair,Furniture,1,639.35,5,639.35,31.97,607.38,Cash,Store,2026,9,September,1,Tuesday,False,607.38,607.38
TXN-0099701,2026-09-01,DXB-005,Dubai,CUST-01004,P003,Headphones,Electronics,1,360.97,5,360.97,18.05,342.92,Card,Store,2026,9,September,1,Tuesday,False,342.92,342.92
TXN-0099745,2026-09-01,DXB-001,Dubai,CUST-05597,P014,Power Bank,Electronics,1,148.95,5,148.95,7.45,141.5,Bank Transfer,Store,2026,9,September,1,Tuesday,False,141.5,141.5
TXN-0099759,2026-09-01,DXB-002,Dubai,CUST-06188,P004,Monitor,Electronics,1,940.68,15,940.68,141.1,799.58,Bank Transfer,Store,2026,9,September,1,Tuesday,False,799.58,799.58
TXN-0099829,2026-09-01,DXB-003,Dubai,CUST-06495,P004,Monitor,Electronics,2,912.1,5,1824.2,91.21,1732.99,Bank Transfer,Online,2026,9,September,1,Tuesday,False,1732.99,866.5
TXN-0099846,2026-09-01,DXB-005,Dubai,CUST-03611,P007,Office Chair,Furniture,1,692.8,0,692.8,0.0,692.8,Apple Pay,Store,2026,9,September,1,Tuesday,False,692.8,692.8
TXN-0099983,2026-09-01,DXB-001,Dubai,CUST-05582,P015,Tablet,Electronics,1,1221.17,0,1221.17,0.0,1221.17,Cash,Store,2026,9,September,1,Tuesday,False,1221.17,1221.17
TXN-0099998,2026-09-01,DXB-005,Dubai,CUST-07743,P006,Mouse,Accessories,1,106.23,0,106.23,0.0,106.23,Card,Store,2026,9,September,1,Tuesday,False,106.23,106.23
TXN-0100030,2026-09-01,DXB-001,Dubai,CUST-02149,P008,Desk,Furniture,1,830.17,10,830.17,83.02,747.15,Card,Store,2026,9,September,1,Tuesday,False,747.15,747.15
TXN-0100055,2026-09-01,DXB-004,Dubai,CUST-06112,P007,Office Chair,Furniture,1,660.77,15,660.77,99.12,561.65,Apple Pay,Online,2026,9,September,1,Tuesday,False,561.65,561.65
TXN-0100096,2026-09-01,DXB-001,Dubai,CUST-04075,P001,Laptop,Electronics,1,2756.25,0,2756.25,0.0,2756.25,Card,Online,2026,9,September,1,Tuesday,False,2756.25,2756.25
TXN-0100098,2026-09-01,DXB-003,Dubai,CUST-05467,P011,Notebook,Stationery,6,26.88,5,161.28,8.06,153.22,Card,Online,2026,9,September,1,Tuesday,False,153.22,25.54
TXN-0100121,2026-09-01,DXB-005,Dubai,CUST-03705,P013,USB Drive,Accessories,1,46.45,0,46.45,0.0,46.45,Card,Store,2026,9,September,1,Tuesday,False,46.45,46.45
TXN-0100146,2026-09-01,DXB-005,Dubai,CUST-05203,P011,Notebook,Stationery,1,26.16,0,26.16,0.0,26.16,Card,Store,2026,9,September,1,Tuesday,False,26.16,26.16
TXN-0100161,2026-09-01,DXB-004,Dubai,CUST-03979,P014,Power Bank,Electronics,3,146.59,15,439.77,65.97,373.8,Bank Transfer,Online,2026,9,September,1,Tuesday,False,373.8,124.6
TXN-0100196,2026-09-01,DXB-001,Dubai,CUST-05197,P013,USB Drive,Accessories,2,47.07,0,94.14,0.0,94.14,Card,Store,2026,9,September,1,Tuesday,False,94.14,47.07
TXN-0100310,2026-09-01,DXB-002,Dubai,CUST-04394,P014,Power Bank,Electronics,1,140.42,0,140.42,0.0,140.42,Card,Store,2026,9,September,1,Tuesday,False,140.42,140.42
TXN-0100335,2026-09-01,DXB-002,Dubai,CUST-02214,P013,USB Drive,Accessories,1,49.18,5,49.18,2.46,46.72,Cash,Store,2026,9,September,1,Tuesday,False,46.72,46.72
TXN-0100432,2026-09-01,DXB-005,Dubai,CUST-00192,P006,Mouse,Accessories,2,96.4,10,192.8,19.28,173.52,Apple Pay,Store,2026,9,September,1,Tuesday,False,173.52,86.76
TXN-0100436,2026-09-01,DXB-005,Dubai,CUST-02801,P012,Pen Pack,Stationery,2,12.92,10,25.84,2.58,23.26,Card,Store,2026,9,September,1,Tuesday,False,23.26,11.63
TXN-0100562,2026-09-01,DXB-004,Dubai,CUST-02467,P010,Printer,Office,2,597.78,10,1195.56,119.56,1076.0,Cash,Online,2026,9,September,1,Tuesday,False,1076.0,538.0
TXN-0100571,2026-09-01,DXB-002,Dubai,CUST-06863,P014,Power Bank,Electronics,2,141.07,5,282.14,14.11,268.03,Card,Store,2026,9,September,1,Tuesday,False,268.03,134.01
TXN-0100689,2026-09-01,DXB-002,Dubai,CUST-06540,P013,USB Drive,Accessories,1,47.26,10,47.26,4.73,42.53,Apple Pay,Store,2026,9,September,1,Tuesday,False,42.53,42.53
TXN-0100702,2026-09-01,DXB-003,Dubai,CUST-04441,P010,Printer,Office,1,640.88,15,640.88,96.13,544.75,Card,Store,2026,9,September,1,Tuesday,False,544.75,544.75
TXN-0100719,2026-09-01,DXB-002,Dubai,CUST-04948,P013,USB Drive,Accessories,1,43.36,10,43.36,4.34,39.02,Apple Pay,Store,2026,9,September,1,Tuesday,False,39.02,39.02
TXN-0100779,2026-09-01,DXB-005,Dubai,CUST-07524,P002,Smartphone,Electronics,3,1838.61,10,5515.83,551.58,4964.25,Card,Online,2026,9,September,1,Tuesday,False,4964.25,1654.75
TXN-0100814,2026-09-01,DXB-001,Dubai,CUST-01117,P013,USB Drive,Accessories,2,46.84,0,93.68,0.0,93.68,Apple Pay,Store,2026,9,September,1,Tuesday,False,93.68,46.84
TXN-0100825,2026-09-01,DXB-003,Dubai,CUST-06464,P005,Keyboard,Accessories,3,183.45,5,550.35,27.52,522.83,Card,Store,2026,9,September,1,Tuesday,False,522.83,174.28
TXN-0100880,2026-09-01,DXB-002,Dubai,CUST-05469,P012,Pen Pack,Stationery,2,13.94,0,27.88,0.0,27.88,Cash,Store,2026,9,September,1,Tuesday,False,27.88,13.94
TXN-0100956,2026-09-01,DXB-001,Dubai,CUST-06140,P013,USB Drive,Accessories,4,50.84,5,203.36,10.17,193.19,Card,Store,2026,9,September,1,Tuesday,False,193.19,48.3
TXN-0101001,2026-09-01,DXB-003,Dubai,CUST-00006,P003,Headphones,Electronics,3,384.07,15,1152.21,172.83,979.38,Cash,Online,2026,9,September,1,Tuesday,False,979.38,326.46
TXN-0101007,2026-09-01,DXB-002,Dubai,CUST-05442,P011,Notebook,Stationery,1,25.08,5,25.08,1.25,23.83,Card,Online,2026,9,September,1,Tuesday,False,23.83,23.83
TXN-0101088,2026-09-01,DXB-001,Dubai,CUST-06566,P003,Headphones,Electronics,3,348.67,0,1046.01,0.0,1046.01,Card,Store,2026,9,September,1,Tuesday,False,1046.01,348.67
TXN-0101199,2026-09-01,DXB-003,Dubai,CUST-06269,P011,Notebook,Stationery,4,28.39,10,113.56,11.36,102.2,Card,Store,2026,9,September,1,Tuesday,False,102.2,25.55
TXN-0101314,2026-09-01,DXB-001,Dubai,CUST-06627,P008,Desk,Furniture,3,779.25,0,2337.75,0.0,2337.75,Card,Store,2026,9,September,1,Tuesday,False,2337.75,779.25
TXN-0101315,2026-09-01,DXB-002,Dubai,CUST-04324,P015,Tablet,Electronics,3,1265.78,20,3797.34,759.47,3037.87,Card,Store,2026,9,September,1,Tuesday,False,3037.87,1012.62
TXN-0101323,2026-09-01,DXB-002,Dubai,CUST-07809,P008,Desk,Furniture,2,768.21,15,1536.42,230.46,1305.96,Card,Store,2026,9,September,1,Tuesday,False,1305.96,652.98
TXN-0101426,2026-09-01,DXB-005,Dubai,CUST-05510,P015,Tablet,Electronics,1,1184.77,10,1184.77,118.48,1066.29,Apple Pay,Online,2026,9,September,1,Tuesday,False,1066.29,1066.29
TXN-0101432,2026-09-01,DXB-005,Dubai,CUST-01076,P004,Monitor,Electronics,1,856.68,10,856.68,85.67,771.01,Card,Store,2026,9,September,1,Tuesday,False,771.01,771.01
TXN-0101523,2026-09-01,DXB-003,Dubai,CUST-06728,P013,USB Drive,Accessories,2,36.29,5,72.58,3.63,68.95,Apple Pay,Store,2026,9,September,1,Tuesday,False,68.95,34.48
TXN-0101570,2026-09-01,DXB-002,Dubai,CUST-00669,P005,Keyboard,Accessories,2,196.88,0,393.76,0.0,393.76,Card,Store,2026,9,September,1,Tuesday,False,393.76,196.88
TXN-0101643,2026-09-01,DXB-005,Dubai,CUST-05260,P005,Keyboard,Accessories,5,163.45,5,817.25,40.86,776.39,Card,Store,2026,9,September,1,Tuesday,False,776.39,155.28
TXN-0101680,2026-09-01,DXB-001,Dubai,CUST-02620,P006,Mouse,Accessories,2,99.59,0,199.18,0.0,199.18,Card,Online,2026,9,September,1,Tuesday,False,199.18,99.59
TXN-0101693,2026-09-01,DXB-005,Dubai,CUST-07044,P003,Headphones,Electronics,1,371.63,0,371.63,0.0,371.63,Card,Online,2026,9,September,1,Tuesday,False,371.63,371.63
TXN-0101723,2026-09-01,DXB-002,Dubai,CUST-05703,P003,Headphones,Electronics,2,376.09,0,752.18,0.0,752.18,Apple Pay,Online,2026,9,September,1,Tuesday,False,752.18,376.09
TXN-0101759,2026-09-01,DXB-001,Dubai,CUST-04501,P006,Mouse,Accessories,2,93.99,0,187.98,0.0,187.98,Bank Transfer,Store,2026,9,September,1,Tuesday,False,187.98,93.99
TXN-0101812,2026-09-01,DXB-001,Dubai,CUST-01262,P009,Backpack,Accessories,1,206.06,10,206.06,20.61,185.45,Card,Store,2026,9,September,1,Tuesday,False,185.45,185.45
TXN-0101815,2026-09-01,DXB-002,Dubai,CUST-00080,P005,Keyboard,Accessories,1,186.84,15,186.84,28.03,158.81,Bank Transfer,Store,2026,9,September,1,Tuesday,False,158.81,158.81
TXN-0101851,2026-09-01,DXB-004,Dubai,CUST-06022,P007,Office Chair,Furniture,2,696.53,15,1393.06,208.96,1184.1,Apple Pay,Store,2026,9,September,1,Tuesday,False,1184.1,592.05
TXN-0101858,2026-09-01,DXB-004,Dubai,CUST-07299,P010,Printer,Office,1,696.49,0,696.49,0.0,696.49,Cash,Store,2026,9,September,1,Tuesday,False,696.49,696.49
TXN-0101960,2026-09-01,DXB-003,Dubai,CUST-03009,P009,Backpack,Accessories,1,219.83,15,219.83,32.97,186.86,Card,Online,2026,9,September,1,Tuesday,False,186.86,186.86
TXN-0102041,2026-09-01,DXB-004,Dubai,CUST-02247,P015,Tablet,Electronics,1,1284.63,5,1284.63,64.23,1220.4,Apple Pay,Store,2026,9,September,1,Tuesday,False,1220.4,1220.4
TXN-0102207,2026-09-01,DXB-005,Dubai,CUST-01076,P008,Desk,Furniture,1,781.13,5,781.13,39.06,742.07,Cash,Store,2026,9,September,1,Tuesday,False,742.07,742.07
TXN-0102228,2026-09-01,DXB-004,Dubai,CUST-01566,P010,Printer,Office,2,662.57,0,1325.14,0.0,1325.14,Apple Pay,Store,2026,9,September,1,Tuesday,False,1325.14,662.57
TXN-0102366,2026-09-01,DXB-004,Dubai,CUST-05689,P013,USB Drive,Accessories,1,46.71,15,46.71,7.01,39.7,Card,Store,2026,9,September,1,Tuesday,False,39.7,39.7
TXN-0102431,2026-09-01,DXB-005,Dubai,CUST-04542,P003,Headphones,Electronics,2,363.96,0,727.92,0.0,727.92,Cash,Store,2026,9,September,1,Tuesday,False,727.92,363.96
TXN-0102465,2026-09-01,DXB-002,Dubai,CUST-03584,P013,USB Drive,Accessories,1,48.59,5,48.59,2.43,46.16,Bank Transfer,Store,2026,9,September,1,Tuesday,False,46.16,46.16
TXN-0102467,2026-09-01,DXB-003,Dubai,CUST-04184,P011,Notebook,Stationery,1,24.8,0,24.8,0.0,24.8,Card,Store,2026,9,September,1,Tuesday,False,24.8,24.8
TXN-0102486,2026-09-01,DXB-005,Dubai,CUST-03303,P012,Pen Pack,Stationery,1,16.05,10,16.05,1.6,14.45,Apple Pay,Store,2026,9,September,1,Tuesday,False,14.45,14.45
TXN-0102555,2026-09-01,DXB-005,Dubai,CUST-02784,P015,Tablet,Electronics,1,1161.91,5,1161.91,58.1,1103.81,Apple Pay,Store,2026,9,September,1,Tuesday,False,1103.81,1103.81
TXN-0102619,2026-09-01,DXB-003,Dubai,CUST-07250,P013,USB Drive,Accessories,2,47.49,5,94.98,4.75,90.23,Card,Store,2026,9,September,1,Tuesday,False,90.23,45.12
TXN-0102648,2026-09-01,DXB-003,Dubai,CUST-03257,P009,Backpack,Accessories,2,230.03,0,460.06,0.0,460.06,Card,Store,2026,9,September,1,Tuesday,False,460.06,230.03
TXN-0102743,2026-09-01,DXB-001,Dubai,CUST-05829,P011,Notebook,Stationery,1,24.56,0,24.56,0.0,24.56,Card,Store,2026,9,September,1,Tuesday,False,24.56,24.56
TXN-0102814,2026-09-01,DXB-001,Dubai,CUST-05748,P013,USB Drive,Accessories,2,40.01,5,80.02,4.0,76.02,Card,Store,2026,9,September,1,Tuesday,False,76.02,38.01
TXN-0102977,2026-09-01,DXB-003,Dubai,CUST-02349,P008,Desk,Furniture,1,867.81,0,867.81,0.0,867.81,Card,Store,2026,9,September,1,Tuesday,False,867.81,867.81
TXN-0103004,2026-09-01,DXB-002,Dubai,CUST-04343,P012,Pen Pack,Stationery,1,14.93,10,14.93,1.49,13.44,Cash,Store,2026,9,September,1,Tuesday,False,13.44,13.44
TXN-0103023,2026-09-01,DXB-001,Dubai,CUST-06002,P015,Tablet,Electronics,1,1039.91,5,1039.91,52.0,987.91,Card,Online,2026,9,September,1,Tuesday,False,987.91,987.91
TXN-0103061,2026-09-01,DXB-005,Dubai,CUST-05193,P004,Monitor,Electronics,2,996.19,5,1992.38,99.62,1892.76,Card,Store,2026,9,September,1,Tuesday,False,1892.76,946.38
TXN-0103071,2026-09-01,DXB-002,Dubai,CUST-07042,P011,Notebook,Stationery,1,27.1,0,27.1,0.0,27.1,Cash,Store,2026,9,September,1,Tuesday,False,27.1,27.1
TXN-0103158,2026-09-01,DXB-005,Dubai,CUST-02148,P005,Keyboard,Accessories,1,193.64,0,193.64,0.0,193.64,Card,Store,2026,9,September,1,Tuesday,False,193.64,193.64
TXN-0103163,2026-09-01,DXB-002,Dubai,CUST-06289,P010,Printer,Office,1,735.74,5,735.74,36.79,698.95,Bank Transfer,Store,2026,9,September,1,Tuesday,False,698.95,698.95
TXN-0103190,2026-09-01,DXB-003,Dubai,CUST-05710,P009,Backpack,Accessories,1,215.89,15,215.89,32.38,183.51,Cash,Store,2026,9,September,1,Tuesday,False,183.51,183.51
TXN-0103244,2026-09-01,DXB-003,Dubai,CUST-07640,P014,Power Bank,Electronics,2,156.56,0,313.12,0.0,313.12,Bank Transfer,Store,2026,9,September,1,Tuesday,False,313.12,156.56
TXN-0103265,2026-09-01,DXB-005,Dubai,CUST-01258,P006,Mouse,Accessories,3,91.71,5,275.13,13.76,261.37,Apple Pay,Store,2026,9,September,1,Tuesday,False,261.37,87.12
TXN-0103349,2026-09-01,DXB-002,Dubai,CUST-01499,P011,Notebook,Stationery,1,22.29,10,22.29,2.23,20.06,Apple Pay,Store,2026,9,September,1,Tuesday,False,20.06,20.06
TXN-0103350,2026-09-01,DXB-003,Dubai,CUST-06562,P003,Headphones,Electronics,2,338.35,15,676.7,101.5,575.2,Cash,Store,2026,9,September,1,Tuesday,False,575.2,287.6
TXN-0103449,2026-09-01,DXB-005,Dubai,CUST-02255,P003,Headphones,Electronics,1,354.78,10,354.78,35.48,319.3,Card,Online,2026,9,September,1,Tuesday,False,319.3,319.3
TXN-0103629,2026-09-01,DXB-005,Dubai,CUST-00854,P008,Desk,Furniture,1,807.99,15,807.99,121.2,686.79,Card,Store,2026,9,September,1,Tuesday,False,686.79,686.79
TXN-0103631,2026-09-01,DXB-005,Dubai,CUST-03396,P005,Keyboard,Accessories,2,184.84,0,369.68,0.0,369.68,Cash,Online,2026,9,September,1,Tuesday,False,369.68,184.84
TXN-0103653,2026-09-01,DXB-003,Dubai,CUST-02114,P014,Power Bank,Electronics,2,151.02,0,302.04,0.0,302.04,Card,Store,2026,9,September,1,Tuesday,False,302.04,151.02
TXN-0103742,2026-09-01,DXB-002,Dubai,CUST-05425,P005,Keyboard,Accessories,2,181.5,0,363.0,0.0,363.0,Cash,Store,2026,9,September,1,Tuesday,False,363.0,181.5
TXN-0103778,2026-09-01,DXB-005,Dubai,CUST-04544,P010,Printer,Office,2,749.36,10,1498.72,149.87,1348.85,Card,Store,2026,9,September,1,Tuesday,False,1348.85,674.42
TXN-0103804,2026-09-01,DXB-001,Dubai,CUST-00160,P015,Tablet,Electronics,4,1324.67,10,5298.68,529.87,4768.81,Apple Pay,Store,2026,9,September,1,Tuesday,False,4768.81,1192.2
TXN-0103817,2026-09-01,DXB-005,Dubai,CUST-02958,P013,USB Drive,Accessories,1,43.41,0,43.41,0.0,43.41,Card,Online,2026,9,September,1,Tuesday,False,43.41,43.41
TXN-0103823,2026-09-01,DXB-004,Dubai,CUST-04483,P010,Printer,Office,2,694.29,0,1388.58,0.0,1388.58,Apple Pay,Online,2026,9,September,1,Tuesday,False,1388.58,694.29
TXN-0103897,2026-09-01,DXB-005,Dubai,CUST-06332,P013,USB Drive,Accessories,1,48.02,15,48.02,7.2,40.82,Card,Store,2026,9,September,1,Tuesday,False,40.82,40.82
TXN-0103951,2026-09-01,DXB-002,Dubai,CUST-02928,P011,Notebook,Stationery,2,24.3,5,48.6,2.43,46.17,Apple Pay,Store,2026,9,September,1,Tuesday,False,46.17,23.08
TXN-0103963,2026-09-01,DXB-001,Dubai,CUST-07811,P011,Notebook,Stationery,2,22.08,5,44.16,2.21,41.95,Card,Store,2026,9,September,1,Tuesday,False,41.95,20.98
TXN-0104120,2026-09-01,DXB-001,Dubai,CUST-00883,P012,Pen Pack,Stationery,4,13.95,20,55.8,11.16,44.64,Cash,Store,2026,9,September,1,Tuesday,False,44.64,11.16
TXN-0104129,2026-09-01,DXB-001,Dubai,CUST-04860,P007,Office Chair,Furniture,2,567.18,10,1134.36,113.44,1020.92,Card,Store,2026,9,September,1,Tuesday,False,1020.92,510.46
TXN-0104144,2026-09-01,DXB-004,Dubai,CUST-07703,P006,Mouse,Accessories,1,119.3,15,119.3,17.9,101.4,Apple Pay,Online,2026,9,September,1,Tuesday,False,101.4,101.4
TXN-0104146,2026-09-01,DXB-004,Dubai,CUST-00839,P014,Power Bank,Electronics,2,140.69,5,281.38,14.07,267.31,Apple Pay,Store,2026,9,September,1,Tuesday,False,267.31,133.66
TXN-0104171,2026-09-01,DXB-003,Dubai,CUST-05466,P007,Office Chair,Furniture,5,651.8,15,3259.0,488.85,2770.15,Cash,Store,2026,9,September,1,Tuesday,False,2770.15,554.03
TXN-0104183,2026-09-01,DXB-005,Dubai,CUST-03725,P008,Desk,Furniture,2,762.92,0,1525.84,0.0,1525.84,Card,Store,2026,9,September,1,Tuesday,False,1525.84,762.92
TXN-0104187,2026-09-01,DXB-003,Dubai,CUST-07380,P004,Monitor,Electronics,3,910.86,0,2732.58,0.0,2732.58,Cash,Online,2026,9,September,1,Tuesday,False,2732.58,910.86
TXN-0104352,2026-09-01,DXB-001,Dubai,CUST-04926,P011,Notebook,Stationery,1,28.09,20,28.09,5.62,22.47,Bank Transfer,Store,2026,9,September,1,Tuesday,False,22.47,22.47
TXN-0104446,2026-09-01,DXB-001,Dubai,CUST-07334,P002,Smartphone,Electronics,1,1925.26,5,1925.26,96.26,1829.0,Apple Pay,Online,2026,9,September,1,Tuesday,False,1829.0,1829.0
TXN-0104483,2026-09-01,DXB-003,Dubai,CUST-03437,P002,Smartphone,Electronics,3,1784.05,0,5352.15,0.0,5352.15,Cash,Online,2026,9,September,1,Tuesday,False,5352.15,1784.05
TXN-0104728,2026-09-01,DXB-002,Dubai,CUST-02792,P015,Tablet,Electronics,1,1208.21,0,1208.21,0.0,1208.21,Apple Pay,Online,2026,9,September,1,Tuesday,False,1208.21,1208.21
TXN-0104873,2026-09-01,DXB-004,Dubai,CUST-02853,P005,Keyboard,Accessories,1,188.23,0,188.23,0.0,188.23,Bank Transfer,Store,2026,9,September,1,Tuesday,False,188.23,188.23
TXN-0104896,2026-09-01,DXB-004,Dubai,CUST-01408,P007,Office Chair,Furniture,3,660.66,10,1981.98,198.2,1783.78,Cash,Online,2026,9,September,1,Tuesday,False,1783.78,594.59
TXN-0104926,2026-09-01,DXB-004,Dubai,CUST-04893,P007,Office Chair,Furniture,3,703.39,15,2110.17,316.53,1793.64,Apple Pay,Store,2026,9,September,1,Tuesday,False,1793.64,597.88
TXN-0105013,2026-09-01,DXB-005,Dubai,CUST-01733,P009,Backpack,Accessories,1,238.37,5,238.37,11.92,226.45,Apple Pay,Store,2026,9,September,1,Tuesday,False,226.45,226.45
TXN-0105041,2026-09-01,DXB-001,Dubai,CUST-02968,P011,Notebook,Stationery,1,24.97,10,24.97,2.5,22.47,Apple Pay,Store,2026,9,September,1,Tuesday,False,22.47,22.47
TXN-0105205,2026-09-01,DXB-001,Dubai,CUST-04458,P009,Backpack,Accessories,2,214.21,10,428.42,42.84,385.58,Apple Pay,Store,2026,9,September,1,Tuesday,False,385.58,192.79
TXN-0105246,2026-09-01,DXB-001,Dubai,CUST-02748,P007,Office Chair,Furniture,1,637.76,10,637.76,63.78,573.98,Apple Pay,Online,2026,9,September,1,Tuesday,False,573.98,573.98
TXN-0105393,2026-09-01,DXB-002,Dubai,CUST-07775,P014,Power Bank,Electronics,1,160.22,0,160.22,0.0,160.22,Card,Online,2026,9,September,1,Tuesday,False,160.22,160.22
TXN-0105576,2026-09-01,DXB-003,Dubai,CUST-00379,P012,Pen Pack,Stationery,1,14.8,10,14.8,1.48,13.32,Card,Store,2026,9,September,1,Tuesday,False,13.32,13.32
TXN-0105677,2026-09-01,DXB-002,Dubai,CUST-07022,P008,Desk,Furniture,4,834.0,5,3336.0,166.8,3169.2,Card,Store,2026,9,September,1,Tuesday,False,3169.2,792.3
TXN-0105689,2026-09-01,DXB-002,Dubai,CUST-00762,P011,Notebook,Stationery,2,23.57,0,47.14,0.0,47.14,Card,Store,2026,9,September,1,Tuesday,False,47.14,23.57
TXN-0105782,2026-09-01,DXB-004,Dubai,CUST-03758,P014,Power Bank,Electronics,3,137.41,20,412.23,82.45,329.78,Apple Pay,Store,2026,9,September,1,Tuesday,False,329.78,109.93
TXN-0105819,2026-09-01,DXB-001,Dubai,CUST-00429,P006,Mouse,Accessories,1,105.65,10,105.65,10.56,95.09,Bank Transfer,Store,2026,9,September,1,Tuesday,False,95.09,95.09
TXN-0105962,2026-09-01,DXB-004,Dubai,CUST-04591,P009,Backpack,Accessories,1,205.16,15,205.16,30.77,174.39,Cash,Store,2026,9,September,1,Tuesday,False,174.39,174.39
TXN-0105990,2026-09-01,DXB-003,Dubai,CUST-07704,P007,Office Chair,Furniture,1,720.59,5,720.59,36.03,684.56,Card,Store,2026,9,September,1,Tuesday,False,684.56,684.56
TXN-0106194,2026-09-01,DXB-001,Dubai,CUST-00293,P004,Monitor,Electronics,3,947.2,10,2841.6,284.16,2557.44,Card,Store,2026,9,September,1,Tuesday,False,2557.44,852.48
TXN-0106206,2026-09-01,DXB-003,Dubai,CUST-06091,P015,Tablet,Electronics,1,1160.62,0,1160.62,0.0,1160.62,Apple Pay,Store,2026,9,September,1,Tuesday,False,1160.62,1160.62
TXN-0106207,2026-09-01,DXB-002,Dubai,CUST-02414,P002,Smartphone,Electronics,1,1680.83,5,1680.83,84.04,1596.79,Cash,Online,2026,9,September,1,Tuesday,False,1596.79,1596.79
TXN-0106225,2026-09-01,DXB-003,Dubai,CUST-05015,P008,Desk,Furniture,1,847.52,0,847.52,0.0,847.52,Cash,Store,2026,9,September,1,Tuesday,False,847.52,847.52
TXN-0106374,2026-09-01,DXB-001,Dubai,CUST-04379,P006,Mouse,Accessories,2,103.16,20,206.32,41.26,165.06,Card,Store,2026,9,September,1,Tuesday,False,165.06,82.53
TXN-0106461,2026-09-01,DXB-001,Dubai,CUST-07812,P005,Keyboard,Accessories,3,178.04,5,534.12,26.71,507.41,Cash,Store,2026,9,September,1,Tuesday,False,507.41,169.14
TXN-0106483,2026-09-01,DXB-002,Dubai,CUST-05584,P006,Mouse,Accessories,3,104.98,5,314.94,15.75,299.19,Card,Store,2026,9,September,1,Tuesday,False,299.19,99.73
TXN-0106488,2026-09-01,DXB-002,Dubai,CUST-01959,P013,USB Drive,Accessories,1,40.79,0,40.79,0.0,40.79,Card,Store,2026,9,September,1,Tuesday,False,40.79,40.79
TXN-0106489,2026-09-01,DXB-002,Dubai,CUST-00071,P015,Tablet,Electronics,1,1179.33,5,1179.33,58.97,1120.36,Card,Store,2026,9,September,1,Tuesday,False,1120.36,1120.36
TXN-0106592,2026-09-01,DXB-002,Dubai,CUST-04250,P009,Backpack,Accessories,1,240.07,0,240.07,0.0,240.07,Cash,Online,2026,9,September,1,Tuesday,False,240.07,240.07
TXN-0106621,2026-09-01,DXB-001,Dubai,CUST-00865,P002,Smartphone,Electronics,2,1778.07,5,3556.14,177.81,3378.33,Bank Transfer,Store,2026,9,September,1,Tuesday,False,3378.33,1689.16
TXN-0106743,2026-09-01,DXB-002,Dubai,CUST-02205,P010,Printer,Office,1,729.43,5,729.43,36.47,692.96,Apple Pay,Online,2026,9,September,1,Tuesday,False,692.96,692.96
TXN-0106800,2026-09-01,DXB-005,Dubai,CUST-06850,P001,Laptop,Electronics,3,2947.92,5,8843.76,442.19,8401.57,Apple Pay,Store,2026,9,September,1,Tuesday,False,8401.57,2800.52
TXN-0107051,2026-09-01,DXB-004,Dubai,CUST-03066,P001,Laptop,Electronics,1,2707.64,0,2707.64,0.0,2707.64,Card,Store,2026,9,September,1,Tuesday,False,2707.64,2707.64
TXN-0107093,2026-09-01,DXB-004,Dubai,CUST-00432,P003,Headphones,Electronics,2,384.55,0,769.1,0.0,769.1,Card,Store,2026,9,September,1,Tuesday,False,769.1,384.55
TXN-0107123,2026-09-01,DXB-005,Dubai,CUST-03361,P010,Printer,Office,2,702.28,10,1404.56,140.46,1264.1,Card,Store,2026,9,September,1,Tuesday,False,1264.1,632.05
TXN-0107191,2026-09-01,DXB-001,Dubai,CUST-01829,P005,Keyboard,Accessories,4,184.19,0,736.76,0.0,736.76,Card,Online,2026,9,September,1,Tuesday,False,736.76,184.19
TXN-0107202,2026-09-01,DXB-003,Dubai,CUST-03290,P003,Headphones,Electronics,3,324.43,10,973.29,97.33,875.96,Cash,Store,2026,9,September,1,Tuesday,False,875.96,291.99
TXN-0107237,2026-09-01,DXB-002,Dubai,CUST-05480,P003,Headphones,Electronics,1,351.86,0,351.86,0.0,351.86,Apple Pay,Store,2026,9,September,1,Tuesday,False,351.86,351.86
TXN-0107281,2026-09-01,DXB-005,Dubai,CUST-06690,P005,Keyboard,Accessories,2,162.39,0,324.78,0.0,324.78,Card,Online,2026,9,September,1,Tuesday,False,324.78,162.39
TXN-0107308,2026-09-01,DXB-001,Dubai,CUST-05911,P011,Notebook,Stationery,2,24.43,10,48.86,4.89,43.97,Card,Online,2026,9,September,1,Tuesday,False,43.97,21.98
TXN-0107339,2026-09-01,DXB-001,Dubai,CUST-06792,P002,Smartphone,Electronics,1,1832.91,10,1832.91,183.29,1649.62,Apple Pay,Store,2026,9,September,1,Tuesday,False,1649.62,1649.62
TXN-0107349,2026-09-01,DXB-005,Dubai,CUST-06363,P003,Headphones,Electronics,1,377.05,5,377.05,18.85,358.2,Apple Pay,Store,2026,9,September,1,Tuesday,False,358.2,358.2
TXN-0107352,2026-09-01,DXB-002,Dubai,CUST-01723,P005,Keyboard,Accessories,2,183.43,5,366.86,18.34,348.52,Card,Store,2026,9,September,1,Tuesday,False,348.52,174.26
TXN-0107435,2026-09-01,DXB-004,Dubai,CUST-05005,P011,Notebook,Stationery,1,24.83,10,24.83,2.48,22.35,Apple Pay,Store,2026,9,September,1,Tuesday,False,22.35,22.35
TXN-0107475,2026-09-01,DXB-004,Dubai,CUST-01247,P007,Office Chair,Furniture,1,583.67,15,583.67,87.55,496.12,Bank Transfer,Online,2026,9,September,1,Tuesday,False,496.12,496.12
TXN-0107496,2026-09-01,DXB-001,Dubai,CUST-07998,P004,Monitor,Electronics,1,887.32,0,887.32,0.0,887.32,Cash,Store,2026,9,September,1,Tuesday,False,887.32,887.32
TXN-0107561,2026-09-01,DXB-003,Dubai,CUST-01376,P005,Keyboard,Accessories,1,197.81,10,197.81,19.78,178.03,Card,Store,2026,9,September,1,Tuesday,False,178.03,178.03
TXN-0107617,2026-09-01,DXB-003,Dubai,CUST-06317,P007,Office Chair,Furniture,2,649.88,10,1299.76,129.98,1169.78,Cash,Store,2026,9,September,1,Tuesday,False,1169.78,584.89
TXN-0107621,2026-09-01,DXB-003,Dubai,CUST-05644,P003,Headphones,Electronics,4,340.26,0,1361.04,0.0,1361.04,Card,Online,2026,9,September,1,Tuesday,False,1361.04,340.26
TXN-0107678,2026-09-01,DXB-005,Dubai,CUST-01858,P006,Mouse,Accessories,2,103.75,5,207.5,10.38,197.12,Cash,Store,2026,9,September,1,Tuesday,False,197.12,98.56
TXN-0107768,2026-09-01,DXB-001,Dubai,CUST-00198,P008,Desk,Furniture,1,884.91,5,884.91,44.25,840.66,Card,Store,2026,9,September,1,Tuesday,False,840.66,840.66
TXN-0107815,2026-09-01,DXB-003,Dubai,CUST-02466,P005,Keyboard,Accessories,3,173.99,0,521.97,0.0,521.97,Card,Online,2026,9,September,1,Tuesday,False,521.97,173.99
TXN-0107870,2026-09-01,DXB-002,Dubai,CUST-00678,P005,Keyboard,Accessories,1,179.34,15,179.34,26.9,152.44,Apple Pay,Store,2026,9,September,1,Tuesday,False,152.44,152.44
TXN-0107893,2026-09-01,DXB-001,Dubai,CUST-07152,P006,Mouse,Accessories,4,96.38,0,385.52,0.0,385.52,Apple Pay,Store,2026,9,September,1,Tuesday,False,385.52,96.38
TXN-0107939,2026-09-01,DXB-004,Dubai,CUST-07847,P012,Pen Pack,Stationery,1,14.28,0,14.28,0.0,14.28,Card,Online,2026,9,September,1,Tuesday,False,14.28,14.28
TXN-0107990,2026-09-01,DXB-001,Dubai,CUST-05915,P004,Monitor,Electronics,1,880.43,0,880.43,0.0,880.43,Card,Store,2026,9,September,1,Tuesday,False,880.43,880.43
TXN-0108036,2026-09-01,DXB-004,Dubai,CUST-02008,P013,USB Drive,Accessories,6,41.49,15,248.94,37.34,211.6,Apple Pay,Store,2026,9,September,1,Tuesday,False,211.6,35.27
TXN-0108039,2026-09-01,DXB-001,Dubai,CUST-05738,P005,Keyboard,Accessories,2,170.12,5,340.24,17.01,323.23,Card,Store,2026,9,September,1,Tuesday,False,323.23,161.62
TXN-0108054,2026-09-01,DXB-002,Dubai,CUST-06564,P008,Desk,Furniture,1,785.17,5,785.17,39.26,745.91,Apple Pay,Online,2026,9,September,1,Tuesday,False,745.91,745.91
TXN-0108075,2026-09-01,DXB-003,Dubai,CUST-01139,P014,Power Bank,Electronics,1,150.22,10,150.22,15.02,135.2,Bank Transfer,Store,2026,9,September,1,Tuesday,False,135.2,135.2
TXN-0108088,2026-09-01,DXB-003,Dubai,CUST-05741,P005,Keyboard,Accessories,5,188.57,10,942.85,94.28,848.57,Card,Online,2026,9,September,1,Tuesday,False,848.57,169.71
TXN-0108114,2026-09-01,DXB-003,Dubai,CUST-02185,P001,Laptop,Electronics,1,2796.41,5,2796.41,139.82,2656.59,Cash,Store,2026,9,September,1,Tuesday,False,2656.59,2656.59
TXN-0108309,2026-09-01,DXB-004,Dubai,CUST-01476,P013,USB Drive,Accessories,1,48.01,0,48.01,0.0,48.01,Card,Online,2026,9,September,1,Tuesday,False,48.01,48.01
TXN-0108355,2026-09-01,DXB-002,Dubai,CUST-02452,P012,Pen Pack,Stationery,1,14.33,0,14.33,0.0,14.33,Cash,Online,2026,9,September,1,Tuesday,False,14.33,14.33
TXN-0108387,2026-09-01,DXB-003,Dubai,CUST-03311,P010,Printer,Office,1,710.01,5,710.01,35.5,674.51,Card,Online,2026,9,September,1,Tuesday,False,674.51,674.51
TXN-0108422,2026-09-01,DXB-002,Dubai,CUST-06989,P003,Headphones,Electronics,2,348.07,0,696.14,0.0,696.14,Apple Pay,Online,2026,9,September,1,Tuesday,False,696.14,348.07
TXN-0108430,2026-09-01,DXB-005,Dubai,CUST-04543,P012,Pen Pack,Stationery,1,13.38,0,13.38,0.0,13.38,Card,Store,2026,9,September,1,Tuesday,False,13.38,13.38
TXN-0108510,2026-09-01,DXB-001,Dubai,CUST-04549,P008,Desk,Furniture,1,825.26,10,825.26,82.53,742.73,Cash,Store,2026,9,September,1,Tuesday,False,742.73,742.73
TXN-0108614,2026-09-01,DXB-004,Dubai,CUST-02388,P007,Office Chair,Furniture,2,638.42,0,1276.84,0.0,1276.84,Card,Store,2026,9,September,1,Tuesday,False,1276.84,638.42
TXN-0108675,2026-09-01,DXB-003,Dubai,CUST-06698,P015,Tablet,Electronics,1,1183.12,15,1183.12,177.47,1005.65,Card,Store,2026,9,September,1,Tuesday,False,1005.65,1005.65
TXN-0108711,2026-09-01,DXB-002,Dubai,CUST-00493,P005,Keyboard,Accessories,1,179.55,0,179.55,0.0,179.55,Card,Store,2026,9,September,1,Tuesday,False,179.55,179.55
TXN-0108722,2026-09-01,DXB-001,Dubai,CUST-05742,P012,Pen Pack,Stationery,1,14.89,0,14.89,0.0,14.89,Apple Pay,Store,2026,9,September,1,Tuesday,False,14.89,14.89
TXN-0108794,2026-09-01,DXB-002,Dubai,CUST-02488,P006,Mouse,Accessories,3,106.11,5,318.33,15.92,302.41,Cash,Store,2026,9,September,1,Tuesday,False,302.41,100.8
TXN-0109143,2026-09-01,DXB-002,Dubai,CUST-04209,P005,Keyboard,Accessories,2,187.27,10,374.54,37.45,337.09,Apple Pay,Store,2026,9,September,1,Tuesday,False,337.09,168.54
TXN-0109154,2026-09-01,DXB-005,Dubai,CUST-05794,P015,Tablet,Electronics,1,1208.63,0,1208.63,0.0,1208.63,Bank Transfer,Online,2026,9,September,1,Tuesday,False,1208.63,1208.63
TXN-0109203,2026-09-01,DXB-002,Dubai,CUST-04044,P005,Keyboard,Accessories,1,177.61,5,177.61,8.88,168.73,Cash,Store,2026,9,September,1,Tuesday,False,168.73,168.73
TXN-0109263,2026-09-01,DXB-002,Dubai,CUST-03022,P013,USB Drive,Accessories,1,48.06,0,48.06,0.0,48.06,Cash,Store,2026,9,September,1,Tuesday,False,48.06,48.06
TXN-0109302,2026-09-01,DXB-005,Dubai,CUST-04056,P011,Notebook,Stationery,1,23.04,10,23.04,2.3,20.74,Card,Store,2026,9,September,1,Tuesday,False,20.74,20.74
TXN-0109355,2026-09-01,DXB-002,Dubai,CUST-00533,P010,Printer,Office,2,713.06,15,1426.12,213.92,1212.2,Cash,Store,2026,9,September,1,Tuesday,False,1212.2,606.1
TXN-0109361,2026-09-01,DXB-002,Dubai,CUST-02101,P015,Tablet,Electronics,2,1306.44,10,2612.88,261.29,2351.59,Cash,Store,2026,9,September,1,Tuesday,False,2351.59,1175.8
TXN-0109564,2026-09-01,DXB-004,Dubai,CUST-06054,P005,Keyboard,Accessories,1,171.8,0,171.8,0.0,171.8,Apple Pay,Store,2026,9,September,1,Tuesday,False,171.8,171.8
TXN-0109643,2026-09-01,DXB-003,Dubai,CUST-01103,P009,Backpack,Accessories,3,233.55,0,700.65,0.0,700.65,Card,Store,2026,9,September,1,Tuesday,False,700.65,233.55
TXN-0109656,2026-09-01,DXB-005,Dubai,CUST-02866,P003,Headphones,Electronics,3,333.58,0,1000.74,0.0,1000.74,Apple Pay,Store,2026,9,September,1,Tuesday,False,1000.74,333.58
TXN-0109657,2026-09-01,DXB-003,Dubai,CUST-03895,P009,Backpack,Accessories,1,209.67,5,209.67,10.48,199.19,Card,Store,2026,9,September,1,Tuesday,False,199.19,199.19
TXN-0109683,2026-09-01,DXB-005,Dubai,CUST-06530,P009,Backpack,Accessories,1,219.73,5,219.73,10.99,208.74,Bank Transfer,Store,2026,9,September,1,Tuesday,False,208.74,208.74
TXN-0109686,2026-09-01,DXB-001,Dubai,CUST-06001,P015,Tablet,Electronics,1,1199.98,0,1199.98,0.0,1199.98,Card,Online,2026,9,September,1,Tuesday,False,1199.98,1199.98
TXN-0109689,2026-09-01,DXB-002,Dubai,CUST-07475,P008,Desk,Furniture,1,716.36,5,716.36,35.82,680.54,Card,Store,2026,9,September,1,Tuesday,False,680.54,680.54
TXN-0109706,2026-09-01,DXB-004,Dubai,CUST-04567,P006,Mouse,Accessories,1,92.19,5,92.19,4.61,87.58,Card,Store,2026,9,September,1,Tuesday,False,87.58,87.58
TXN-0109714,2026-09-01,DXB-005,Dubai,CUST-02679,P005,Keyboard,Accessories,5,188.52,0,942.6,0.0,942.6,Card,Store,2026,9,September,1,Tuesday,False,942.6,188.52
TXN-0109729,2026-09-01,DXB-001,Dubai,CUST-03404,P012,Pen Pack,Stationery,5,16.45,15,82.25,12.34,69.91,Cash,Online,2026,9,September,1,Tuesday,False,69.91,13.98
TXN-0109782,2026-09-01,DXB-002,Dubai,CUST-02603,P014,Power Bank,Electronics,1,149.08,10,149.08,14.91,134.17,Apple Pay,Online,2026,9,September,1,Tuesday,False,134.17,134.17
TXN-0109821,2026-09-01,DXB-005,Dubai,CUST-01974,P002,Smartphone,Electronics,6,1816.09,5,10896.54,544.83,10351.71,Card,Store,2026,9,September,1,Tuesday,False,10351.71,1725.28
TXN-0109901,2026-09-01,DXB-004,Dubai,CUST-02112,P003,Headphones,Electronics,1,331.12,0,331.12,0.0,331.12,Card,Online,2026,9,September,1,Tuesday,False,331.12,331.12
TXN-0109933,2026-09-01,DXB-004,Dubai,CUST-06303,P010,Printer,Office,5,689.79,0,3448.95,0.0,3448.95,Bank Transfer,Store,2026,9,September,1,Tuesday,False,3448.95,689.79
TXN-0109981,2026-09-01,DXB-001,Dubai,CUST-00501,P011,Notebook,Stationery,1,22.46,0,22.46,0.0,22.46,Apple Pay,Online,2026,9,September,1,Tuesday,False,22.46,22.46
TXN-0110066,2026-09-01,DXB-003,Dubai,CUST-05937,P010,Printer,Office,1,669.73,0,669.73,0.0,669.73,Card,Store,2026,9,September,1,Tuesday,False,669.73,669.73
TXN-0110151,2026-09-01,DXB-002,Dubai,CUST-02564,P008,Desk,Furniture,3,865.97,5,2597.91,129.9,2468.01,Cash,Store,2026,9,September,1,Tuesday,False,2468.01,822.67
TXN-0110181,2026-09-01,DXB-003,Dubai,CUST-07319,P007,Office Chair,Furniture,1,705.83,10,705.83,70.58,635.25,Bank Transfer,Online,2026,9,September,1,Tuesday,False,635.25,635.25
TXN-0110275,2026-09-01,DXB-002,Dubai,CUST-05899,P006,Mouse,Accessories,3,100.56,5,301.68,15.08,286.6,Card,Store,2026,9,September,1,Tuesday,False,286.6,95.53
TXN-0110312,2026-09-01,DXB-003,Dubai,CUST-04421,P013,USB Drive,Accessories,4,43.98,0,175.92,0.0,175.92,Apple Pay,Store,2026,9,September,1,Tuesday,False,175.92,43.98
TXN-0110340,2026-09-01,DXB-001,Dubai,CUST-07845,P013,USB Drive,Accessories,2,44.81,10,89.62,8.96,80.66,Card,Store,2026,9,September,1,Tuesday,False,80.66,40.33
TXN-0110353,2026-09-01,DXB-003,Dubai,CUST-03777,P003,Headphones,Electronics,1,347.34,5,347.34,17.37,329.97,Cash,Store,2026,9,September,1,Tuesday,False,329.97,329.97
TXN-0110389,2026-09-01,DXB-002,Dubai,CUST-04706,P009,Backpack,Accessories,1,239.6,5,239.6,11.98,227.62,Cash,Store,2026,9,September,1,Tuesday,False,227.62,227.62
TXN-0110493,2026-09-01,DXB-002,Dubai,CUST-07149,P001,Laptop,Electronics,1,2684.21,5,2684.21,134.21,2550.0,Apple Pay,Store,2026,9,September,1,Tuesday,False,2550.0,2550.0
TXN-0110520,2026-09-01,DXB-002,Dubai,CUST-00278,P015,Tablet,Electronics,2,1252.5,0,2505.0,0.0,2505.0,Cash,Store,2026,9,September,1,Tuesday,False,2505.0,1252.5
TXN-0110531,2026-09-01,DXB-005,Dubai,CUST-05457,P013,USB Drive,Accessories,2,43.7,5,87.4,4.37,83.03,Card,Store,2026,9,September,1,Tuesday,False,83.03,41.52
TXN-0110598,2026-09-01,DXB-002,Dubai,CUST-05340,P011,Notebook,Stationery,1,26.53,10,26.53,2.65,23.88,Cash,Store,2026,9,September,1,Tuesday,False,23.88,23.88
TXN-0110614,2026-09-01,DXB-002,Dubai,CUST-04614,P005,Keyboard,Accessories,1,171.66,5,171.66,8.58,163.08,Bank Transfer,Online,2026,9,September,1,Tuesday,False,163.08,163.08
TXN-0110709,2026-09-01,DXB-002,Dubai,CUST-06850,P015,Tablet,Electronics,1,1184.97,5,1184.97,59.25,1125.72,Cash,Store,2026,9,September,1,Tuesday,False,1125.72,1125.72
TXN-0110766,2026-09-01,DXB-001,Dubai,CUST-06992,P006,Mouse,Accessories,2,107.37,5,214.74,10.74,204.0,Cash,Online,2026,9,September,1,Tuesday,False,204.0,102.0
TXN-0110851,2026-09-01,DXB-001,Dubai,CUST-07593,P008,Desk,Furniture,1,770.93,0,770.93,0.0,770.93,Apple Pay,Store,2026,9,September,1,Tuesday,False,770.93,770.93
TXN-0110871,2026-09-01,DXB-004,Dubai,CUST-06967,P002,Smartphone,Electronics,1,1696.84,10,1696.84,169.68,1527.16,Apple Pay,Store,2026,9,September,1,Tuesday,False,1527.16,1527.16
TXN-0111020,2026-09-01,DXB-004,Dubai,CUST-00991,P015,Tablet,Electronics,4,1176.18,15,4704.72,705.71,3999.01,Cash,Store,2026,9,September,1,Tuesday,False,3999.01,999.75
TXN-0111145,2026-09-01,DXB-005,Dubai,CUST-03197,P015,Tablet,Electronics,1,1183.72,5,1183.72,59.19,1124.53,Apple Pay,Store,2026,9,September,1,Tuesday,False,1124.53,1124.53
TXN-0111170,2026-09-01,DXB-001,Dubai,CUST-07727,P013,USB Drive,Accessories,1,47.06,0,47.06,0.0,47.06,Bank Transfer,Store,2026,9,September,1,Tuesday,False,47.06,47.06
TXN-0111214,2026-09-01,DXB-005,Dubai,CUST-06407,P007,Office Chair,Furniture,1,611.0,5,611.0,30.55,580.45,Card,Store,2026,9,September,1,Tuesday,False,580.45,580.45
TXN-0111232,2026-09-01,DXB-004,Dubai,CUST-00199,P008,Desk,Furniture,2,795.27,0,1590.54,0.0,1590.54,Card,Store,2026,9,September,1,Tuesday,False,1590.54,795.27
TXN-0111281,2026-09-01,DXB-002,Dubai,CUST-01772,P004,Monitor,Electronics,4,834.57,5,3338.28,166.91,3171.37,Bank Transfer,Store,2026,9,September,1,Tuesday,False,3171.37,792.84
TXN-0111479,2026-09-01,DXB-001,Dubai,CUST-01533,P006,Mouse,Accessories,1,99.06,0,99.06,0.0,99.06,Card,Store,2026,9,September,1,Tuesday,False,99.06,99.06
TXN-0111482,2026-09-01,DXB-004,Dubai,CUST-04474,P009,Backpack,Accessories,4,219.03,0,876.12,0.0,876.12,Bank Transfer,Store,2026,9,September,1,Tuesday,False,876.12,219.03
TXN-0111680,2026-09-01,DXB-001,Dubai,CUST-05451,P001,Laptop,Electronics,1,2837.96,0,2837.96,0.0,2837.96,Card,Store,2026,9,September,1,Tuesday,False,2837.96,2837.96
TXN-0111768,2026-09-01,DXB-001,Dubai,CUST-01019,P004,Monitor,Electronics,4,789.43,10,3157.72,315.77,2841.95,Cash,Online,2026,9,September,1,Tuesday,False,2841.95,710.49
TXN-0111769,2026-09-01,DXB-005,Dubai,CUST-05843,P001,Laptop,Electronics,1,2883.21,10,2883.21,288.32,2594.89,Card,Store,2026,9,September,1,Tuesday,False,2594.89,2594.89
TXN-0111816,2026-09-01,DXB-001,Dubai,CUST-02215,P012,Pen Pack,Stationery,1,14.91,15,14.91,2.24,12.67,Card,Store,2026,9,September,1,Tuesday,False,12.67,12.67
TXN-0111896,2026-09-01,DXB-004,Dubai,CUST-06905,P003,Headphones,Electronics,1,375.74,5,375.74,18.79,356.95,Card,Store,2026,9,September,1,Tuesday,False,356.95,356.95
TXN-0112017,2026-09-01,DXB-003,Dubai,CUST-07198,P013,USB Drive,Accessories,1,45.43,0,45.43,0.0,45.43,Bank Transfer,Online,2026,9,September,1,Tuesday,False,45.43,45.43
TXN-0112032,2026-09-01,DXB-002,Dubai,CUST-05605,P009,Backpack,Accessories,1,223.34,0,223.34,0.0,223.34,Cash,Store,2026,9,September,1,Tuesday,False,223.34,223.34
TXN-0112186,2026-09-01,DXB-003,Dubai,CUST-07134,P002,Smartphone,Electronics,1,1801.25,10,1801.25,180.12,1621.13,Card,Online,2026,9,September,1,Tuesday,False,1621.13,1621.13
TXN-0112191,2026-09-01,DXB-001,Dubai,CUST-00437,P008,Desk,Furniture,2,848.74,0,1697.48,0.0,1697.48,Card,Store,2026,9,September,1,Tuesday,False,1697.48,848.74
TXN-0112211,2026-09-01,DXB-003,Dubai,CUST-00077,P011,Notebook,Stationery,2,23.52,0,47.04,0.0,47.04,Card,Store,2026,9,September,1,Tuesday,False,47.04,23.52
TXN-0112259,2026-09-01,DXB-001,Dubai,CUST-00513,P011,Notebook,Stationery,3,26.28,10,78.84,7.88,70.96,Cash,Online,2026,9,September,1,Tuesday,False,70.96,23.65
TXN-0112324,2026-09-01,DXB-003,Dubai,CUST-01019,P004,Monitor,Electronics,5,925.59,0,4627.95,0.0,4627.95,Card,Store,2026,9,September,1,Tuesday,False,4627.95,925.59
TXN-0112388,2026-09-01,DXB-001,Dubai,CUST-07134,P006,Mouse,Accessories,2,94.26,0,188.52,0.0,188.52,Card,Store,2026,9,September,1,Tuesday,False,188.52,94.26
TXN-0112464,2026-09-01,DXB-005,Dubai,CUST-01068,P011,Notebook,Stationery,1,27.95,10,27.95,2.8,25.15,Apple Pay,Online,2026,9,September,1,Tuesday,False,25.15,25.15
TXN-0112547,2026-09-01,DXB-002,Dubai,CUST-03004,P009,Backpack,Accessories,1,184.68,10,184.68,18.47,166.21,Card,Store,2026,9,September,1,Tuesday,False,166.21,166.21
TXN-0112550,2026-09-01,DXB-003,Dubai,CUST-04328,P001,Laptop,Electronics,1,2887.12,15,2887.12,433.07,2454.05,Cash,Store,2026,9,September,1,Tuesday,False,2454.05,2454.05
TXN-0112564,2026-09-01,DXB-005,Dubai,CUST-07299,P004,Monitor,Electronics,3,861.95,5,2585.85,129.29,2456.56,Apple Pay,Store,2026,9,September,1,Tuesday,False,2456.56,818.85
TXN-0112650,2026-09-01,DXB-001,Dubai,CUST-01748,P008,Desk,Furniture,2,885.7,0,1771.4,0.0,1771.4,Bank Transfer,Store,2026,9,September,1,Tuesday,False,1771.4,885.7
TXN-0112656,2026-09-01,DXB-002,Dubai,CUST-03963,P001,Laptop,Electronics,1,3002.61,10,3002.61,300.26,2702.35,Card,Store,2026,9,September,1,Tuesday,False,2702.35,2702.35
TXN-0112672,2026-09-01,DXB-004,Dubai,CUST-00638,P004,Monitor,Electronics,1,879.69,0,879.69,0.0,879.69,Cash,Store,2026,9,September,1,Tuesday,False,879.69,879.69
TXN-0112716,2026-09-01,DXB-004,Dubai,CUST-05333,P014,Power Bank,Electronics,3,141.42,15,424.26,63.64,360.62,Card,Store,2026,9,September,1,Tuesday,False,360.62,120.21
TXN-0112734,2026-09-01,DXB-002,Dubai,CUST-04381,P010,Printer,Office,1,768.99,5,768.99,38.45,730.54,Apple Pay,Store,2026,9,September,1,Tuesday,False,730.54,730.54
TXN-0112955,2026-09-01,DXB-004,Dubai,CUST-02193,P003,Headphones,Electronics,1,364.47,15,364.47,54.67,309.8,Cash,Store,2026,9,September,1,Tuesday,False,309.8,309.8
TXN-0113042,2026-09-01,DXB-004,Dubai,CUST-02289,P012,Pen Pack,Stationery,6,15.47,0,92.82,0.0,92.82,Cash,Store,2026,9,September,1,Tuesday,False,92.82,15.47
TXN-0113049,2026-09-01,DXB-004,Dubai,CUST-07137,P002,Smartphone,Electronics,2,1579.73,5,3159.46,157.97,3001.49,Cash,Store,2026,9,September,1,Tuesday,False,3001.49,1500.74
TXN-0113108,2026-09-01,DXB-004,Dubai,CUST-04494,P015,Tablet,Electronics,1,1134.1,0,1134.1,0.0,1134.1,Apple Pay,Online,2026,9,September,1,Tuesday,False,1134.1,1134.1
TXN-0113142,2026-09-01,DXB-002,Dubai,CUST-06814,P008,Desk,Furniture,1,751.44,5,751.44,37.57,713.87,Bank Transfer,Store,2026,9,September,1,Tuesday,False,713.87,713.87
TXN-0113214,2026-09-01,DXB-001,Dubai,CUST-06658,P010,Printer,Office,1,675.52,5,675.52,33.78,641.74,Cash,Store,2026,9,September,1,Tuesday,False,641.74,641.74
TXN-0113216,2026-09-01,DXB-003,Dubai,CUST-05345,P003,Headphones,Electronics,3,365.47,5,1096.41,54.82,1041.59,Card,Store,2026,9,September,1,Tuesday,False,1041.59,347.2
TXN-0113322,2026-09-01,DXB-002,Dubai,CUST-00848,P014,Power Bank,Electronics,1,156.06,0,156.06,0.0,156.06,Card,Store,2026,9,September,1,Tuesday,False,156.06,156.06
TXN-0113343,2026-09-01,DXB-004,Dubai,CUST-00661,P002,Smartphone,Electronics,1,1818.73,5,1818.73,90.94,1727.79,Card,Store,2026,9,September,1,Tuesday,False,1727.79,1727.79
TXN-0113442,2026-09-01,DXB-003,Dubai,CUST-02663,P012,Pen Pack,Stationery,1,15.04,5,15.04,0.75,14.29,Cash,Online,2026,9,September,1,Tuesday,False,14.29,14.29
TXN-0113518,2026-09-01,DXB-003,Dubai,CUST-01904,P004,Monitor,Electronics,2,846.92,5,1693.84,84.69,1609.15,Card,Online,2026,9,September,1,Tuesday,False,1609.15,804.58
TXN-0113523,2026-09-01,DXB-003,Dubai,CUST-05737,P007,Office Chair,Furniture,5,564.25,5,2821.25,141.06,2680.19,Card,Store,2026,9,September,1,Tuesday,False,2680.19,536.04
TXN-0113596,2026-09-01,DXB-003,Dubai,CUST-05263,P003,Headphones,Electronics,1,358.07,0,358.07,0.0,358.07,Apple Pay,Store,2026,9,September,1,Tuesday,False,358.07,358.07
TXN-0113618,2026-09-01,DXB-001,Dubai,CUST-06688,P011,Notebook,Stationery,1,27.32,5,27.32,1.37,25.95,Cash,Store,2026,9,September,1,Tuesday,False,25.95,25.95
TXN-0113632,2026-09-01,DXB-001,Dubai,CUST-04343,P001,Laptop,Electronics,1,2601.98,15,2601.98,390.3,2211.68,Bank Transfer,Store,2026,9,September,1,Tuesday,False,2211.68,2211.68
TXN-0113792,2026-09-01,DXB-001,Dubai,CUST-07856,P014,Power Bank,Electronics,5,149.7,15,748.5,112.28,636.22,Card,Online,2026,9,September,1,Tuesday,False,636.22,127.24
TXN-0113882,2026-09-01,DXB-001,Dubai,CUST-02386,P012,Pen Pack,Stationery,1,14.78,10,14.78,1.48,13.3,Bank Transfer,Store,2026,9,September,1,Tuesday,False,13.3,13.3
TXN-0113900,2026-09-01,DXB-003,Dubai,CUST-07406,P015,Tablet,Electronics,1,1199.64,5,1199.64,59.98,1139.66,Apple Pay,Online,2026,9,September,1,Tuesday,False,1139.66,1139.66
TXN-0113961,2026-09-01,DXB-002,Dubai,CUST-06409,P014,Power Bank,Electronics,2,148.43,0,296.86,0.0,296.86,Card,Store,2026,9,September,1,Tuesday,False,296.86,148.43
TXN-0113964,2026-09-01,DXB-005,Dubai,CUST-03436,P005,Keyboard,Accessories,1,187.94,0,187.94,0.0,187.94,Card,Online,2026,9,September,1,Tuesday,False,187.94,187.94
TXN-0114033,2026-09-01,DXB-005,Dubai,CUST-04341,P006,Mouse,Accessories,1,100.05,5,100.05,5.0,95.05,Card,Online,2026,9,September,1,Tuesday,False,95.05,95.05
TXN-0114099,2026-09-01,DXB-005,Dubai,CUST-06441,P001,Laptop,Electronics,3,2958.48,5,8875.44,443.77,8431.67,Apple Pay,Online,2026,9,September,1,Tuesday,False,8431.67,2810.56
TXN-0114103,2026-09-01,DXB-004,Dubai,CUST-04575,P014,Power Bank,Electronics,2,132.47,5,264.94,13.25,251.69,Cash,Store,2026,9,September,1,Tuesday,False,251.69,125.84
TXN-0114192,2026-09-01,DXB-003,Dubai,CUST-03198,P009,Backpack,Accessories,1,217.11,0,217.11,0.0,217.11,Bank Transfer,Store,2026,9,September,1,Tuesday,False,217.11,217.11
TXN-0114196,2026-09-01,DXB-001,Dubai,CUST-03936,P009,Backpack,Accessories,2,231.43,10,462.86,46.29,416.57,Card,Online,2026,9,September,1,Tuesday,False,416.57,208.28
TXN-0114218,2026-09-01,DXB-002,Dubai,CUST-05952,P015,Tablet,Electronics,1,1332.61,5,1332.61,66.63,1265.98,Bank Transfer,Store,2026,9,September,1,Tuesday,False,1265.98,1265.98
TXN-0114238,2026-09-01,DXB-004,Dubai,CUST-04165,P014,Power Bank,Electronics,1,153.93,5,153.93,7.7,146.23,Apple Pay,Online,2026,9,September,1,Tuesday,False,146.23,146.23
TXN-0114265,2026-09-01,DXB-003,Dubai,CUST-02952,P014,Power Bank,Electronics,1,147.16,0,147.16,0.0,147.16,Card,Store,2026,9,September,1,Tuesday,False,147.16,147.16
TXN-0114293,2026-09-01,DXB-001,Dubai,CUST-03288,P009,Backpack,Accessories,1,207.94,10,207.94,20.79,187.15,Bank Transfer,Online,2026,9,September,1,Tuesday,False,187.15,187.15
TXN-0114331,2026-09-01,DXB-004,Dubai,CUST-03622,P011,Notebook,Stationery,1,25.4,0,25.4,0.0,25.4,Cash,Store,2026,9,September,1,Tuesday,False,25.4,25.4
TXN-0114423,2026-09-01,DXB-003,Dubai,CUST-07421,P013,USB Drive,Accessories,2,44.67,15,89.34,13.4,75.94,Apple Pay,Store,2026,9,September,1,Tuesday,False,75.94,37.97
TXN-0114426,2026-09-01,DXB-002,Dubai,CUST-02526,P010,Printer,Office,1,669.85,5,669.85,33.49,636.36,Bank Transfer,Online,2026,9,September,1,Tuesday,False,636.36,636.36
TXN-0114436,2026-09-01,DXB-004,Dubai,CUST-02584,P011,Notebook,Stationery,1,24.96,15,24.96,3.74,21.22,Card,Store,2026,9,September,1,Tuesday,False,21.22,21.22
TXN-0114443,2026-09-01,DXB-005,Dubai,CUST-02241,P004,Monitor,Electronics,1,832.67,0,832.67,0.0,832.67,Cash,Store,2026,9,September,1,Tuesday,False,832.67,832.67
TXN-0114539,2026-09-01,DXB-002,Dubai,CUST-02576,P010,Printer,Office,2,764.48,15,1528.96,229.34,1299.62,Card,Store,2026,9,September,1,Tuesday,False,1299.62,649.81
TXN-0114613,2026-09-01,DXB-004,Dubai,CUST-02802,P010,Printer,Office,1,641.15,0,641.15,0.0,641.15,Apple Pay,Store,2026,9,September,1,Tuesday,False,641.15,641.15
TXN-0114650,2026-09-01,DXB-001,Dubai,CUST-05987,P006,Mouse,Accessories,1,97.14,0,97.14,0.0,97.14,Cash,Store,2026,9,September,1,Tuesday,False,97.14,97.14
TXN-0114668,2026-09-01,DXB-002,Dubai,CUST-07893,P009,Backpack,Accessories,2,246.65,15,493.3,74.0,419.3,Card,Online,2026,9,September,1,Tuesday,False,419.3,209.65
TXN-0114873,2026-09-01,DXB-005,Dubai,CUST-03780,P011,Notebook,Stationery,1,24.72,15,24.72,3.71,21.01,Card,Store,2026,9,September,1,Tuesday,False,21.01,21.01
TXN-0114927,2026-09-01,DXB-003,Dubai,CUST-00393,P006,Mouse,Accessories,2,90.96,5,181.92,9.1,172.82,Card,Store,2026,9,September,1,Tuesday,False,172.82,86.41
TXN-0115017,2026-09-01,DXB-001,Dubai,CUST-04358,P003,Headphones,Electronics,2,354.59,0,709.18,0.0,709.18,Apple Pay,Online,2026,9,September,1,Tuesday,False,709.18,354.59
TXN-0115078,2026-09-01,DXB-002,Dubai,CUST-06572,P002,Smartphone,Electronics,3,1609.24,10,4827.72,482.77,4344.95,Card,Online,2026,9,September,1,Tuesday,False,4344.95,1448.32
TXN-0115120,2026-09-01,DXB-001,Dubai,CUST-07304,P015,Tablet,Electronics,1,1256.42,0,1256.42,0.0,1256.42,Apple Pay,Store,2026,9,September,1,Tuesday,False,1256.42,1256.42
TXN-0115121,2026-09-01,DXB-003,Dubai,CUST-05302,P005,Keyboard,Accessories,1,162.37,0,162.37,0.0,162.37,Card,Store,2026,9,September,1,Tuesday,False,162.37,162.37
TXN-0115201,2026-09-01,DXB-001,Dubai,CUST-06556,P003,Headphones,Electronics,2,329.41,5,658.82,32.94,625.88,Cash,Store,2026,9,September,1,Tuesday,False,625.88,312.94
TXN-0115297,2026-09-01,DXB-001,Dubai,CUST-02491,P002,Smartphone,Electronics,1,1574.23,0,1574.23,0.0,1574.23,Bank Transfer,Store,2026,9,September,1,Tuesday,False,1574.23,1574.23
TXN-0115302,2026-09-01,DXB-004,Dubai,CUST-01476,P006,Mouse,Accessories,5,102.17,15,510.85,76.63,434.22,Cash,Store,2026,9,September,1,Tuesday,False,434.22,86.84
TXN-0115322,2026-09-01,DXB-005,Dubai,CUST-04521,P007,Office Chair,Furniture,3,752.89,0,2258.67,0.0,2258.67,Card,Store,2026,9,September,1,Tuesday,False,2258.67,752.89
TXN-0115334,2026-09-01,DXB-005,Dubai,CUST-04642,P008,Desk,Furniture,6,805.39,10,4832.34,483.23,4349.11,Card,Store,2026,9,September,1,Tuesday,False,4349.11,724.85
TXN-0115384,2026-09-01,DXB-005,Dubai,CUST-06904,P001,Laptop,Electronics,3,2884.08,5,8652.24,432.61,8219.63,Cash,Online,2026,9,September,1,Tuesday,False,8219.63,2739.88
TXN-0115452,2026-09-01,DXB-004,Dubai,CUST-03501,P015,Tablet,Electronics,3,1302.16,15,3906.48,585.97,3320.51,Card,Store,2026,9,September,1,Tuesday,False,3320.51,1106.84
TXN-0115523,2026-09-01,DXB-004,Dubai,CUST-02737,P013,USB Drive,Accessories,3,44.38,15,133.14,19.97,113.17,Card,Online,2026,9,September,1,Tuesday,False,113.17,37.72
TXN-0115554,2026-09-01,DXB-004,Dubai,CUST-02336,P010,Printer,Office,2,680.09,15,1360.18,204.03,1156.15,Apple Pay,Store,2026,9,September,1,Tuesday,False,1156.15,578.08
TXN-0115579,2026-09-01,DXB-001,Dubai,CUST-01532,P010,Printer,Office,1,692.81,0,692.81,0.0,692.81,Card,Store,2026,9,September,1,Tuesday,False,692.81,692.81
TXN-0115769,2026-09-01,DXB-003,Dubai,CUST-07639,P014,Power Bank,Electronics,2,158.29,10,316.58,31.66,284.92,Cash,Store,2026,9,September,1,Tuesday,False,284.92,142.46
TXN-0115885,2026-09-01,DXB-001,Dubai,CUST-00354,P006,Mouse,Accessories,1,102.05,0,102.05,0.0,102.05,Card,Online,2026,9,September,1,Tuesday,False,102.05,102.05
TXN-0115889,2026-09-01,DXB-003,Dubai,CUST-06485,P002,Smartphone,Electronics,1,1862.09,5,1862.09,93.1,1768.99,Card,Store,2026,9,September,1,Tuesday,False,1768.99,1768.99
TXN-0115934,2026-09-01,DXB-001,Dubai,CUST-03724,P012,Pen Pack,Stationery,1,15.44,0,15.44,0.0,15.44,Cash,Store,2026,9,September,1,Tuesday,False,15.44,15.44
TXN-0115994,2026-09-01,DXB-003,Dubai,CUST-04549,P014,Power Bank,Electronics,1,165.13,5,165.13,8.26,156.87,Apple Pay,Store,2026,9,September,1,Tuesday,False,156.87,156.87
TXN-0116005,2026-09-01,DXB-004,Dubai,CUST-05048,P010,Printer,Office,3,628.6,0,1885.8,0.0,1885.8,Cash,Store,2026,9,September,1,Tuesday,False,1885.8,628.6
TXN-0116018,2026-09-01,DXB-001,Dubai,CUST-04055,P005,Keyboard,Accessories,1,161.86,10,161.86,16.19,145.67,Card,Online,2026,9,September,1,Tuesday,False,145.67,145.67
TXN-0116094,2026-09-01,DXB-001,Dubai,CUST-06666,P008,Desk,Furniture,1,743.64,10,743.64,74.36,669.28,Apple Pay,Online,2026,9,September,1,Tuesday,False,669.28,669.28
TXN-0116170,2026-09-01,DXB-003,Dubai,CUST-05039,P011,Notebook,Stationery,1,24.6,15,24.6,3.69,20.91,Apple Pay,Store,2026,9,September,1,Tuesday,False,20.91,20.91
TXN-0116209,2026-09-01,DXB-002,Dubai,CUST-01270,P002,Smartphone,Electronics,1,1789.76,0,1789.76,0.0,1789.76,Cash,Store,2026,9,September,1,Tuesday,False,1789.76,1789.76
TXN-0116234,2026-09-01,DXB-003,Dubai,CUST-00941,P004,Monitor,Electronics,1,825.15,10,825.15,82.52,742.63,Card,Store,2026,9,September,1,Tuesday,False,742.63,742.63
TXN-0116273,2026-09-01,DXB-004,Dubai,CUST-00522,P009,Backpack,Accessories,1,211.33,5,211.33,10.57,200.76,Card,Store,2026,9,September,1,Tuesday,False,200.76,200.76
TXN-0116327,2026-09-01,DXB-002,Dubai,CUST-06597,P008,Desk,Furniture,1,658.89,5,658.89,32.94,625.95,Card,Online,2026,9,September,1,Tuesday,False,625.95,625.95
TXN-0116348,2026-09-01,DXB-005,Dubai,CUST-03528,P003,Headphones,Electronics,1,334.03,5,334.03,16.7,317.33,Cash,Online,2026,9,September,1,Tuesday,False,317.33,317.33
TXN-0116422,2026-09-01,DXB-003,Dubai,CUST-02477,P008,Desk,Furniture,3,791.43,10,2374.29,237.43,2136.86,Bank Transfer,Online,2026,9,September,1,Tuesday,False,2136.86,712.29
TXN-0116567,2026-09-01,DXB-003,Dubai,CUST-04358,P014,Power Bank,Electronics,2,163.83,10,327.66,32.77,294.89,Card,Store,2026,9,September,1,Tuesday,False,294.89,147.44
TXN-0116568,2026-09-01,DXB-002,Dubai,CUST-06416,P008,Desk,Furniture,4,824.85,0,3299.4,0.0,3299.4,Card,Store,2026,9,September,1,Tuesday,False,3299.4,824.85
TXN-0116631,2026-09-01,DXB-004,Dubai,CUST-06417,P005,Keyboard,Accessories,2,173.46,15,346.92,52.04,294.88,Card,Online,2026,9,September,1,Tuesday,False,294.88,147.44
TXN-0116651,2026-09-01,DXB-001,Dubai,CUST-01650,P009,Backpack,Accessories,1,193.76,20,193.76,38.75,155.01,Apple Pay,Online,2026,9,September,1,Tuesday,False,155.01,155.01
TXN-0116669,2026-09-01,DXB-002,Dubai,CUST-04501,P006,Mouse,Accessories,1,96.83,20,96.83,19.37,77.46,Cash,Store,2026,9,September,1,Tuesday,False,77.46,77.46
TXN-0116673,2026-09-01,DXB-002,Dubai,CUST-07359,P009,Backpack,Accessories,4,236.25,20,945.0,189.0,756.0,Cash,Online,2026,9,September,1,Tuesday,False,756.0,189.0
TXN-0116695,2026-09-01,DXB-002,Dubai,CUST-03936,P014,Power Bank,Electronics,2,139.85,0,279.7,0.0,279.7,Cash,Online,2026,9,September,1,Tuesday,False,279.7,139.85
TXN-0116705,2026-09-01,DXB-001,Dubai,CUST-07349,P014,Power Bank,Electronics,4,155.49,10,621.96,62.2,559.76,Apple Pay,Store,2026,9,September,1,Tuesday,False,559.76,139.94
TXN-0116723,2026-09-01,DXB-004,Dubai,CUST-06036,P001,Laptop,Electronics,2,2866.93,0,5733.86,0.0,5733.86,Card,Store,2026,9,September,1,Tuesday,False,5733.86,2866.93
TXN-0116730,2026-09-01,DXB-004,Dubai,CUST-03020,P011,Notebook,Stationery,2,26.44,10,52.88,5.29,47.59,Card,Store,2026,9,September,1,Tuesday,False,47.59,23.8
TXN-0116793,2026-09-01,DXB-003,Dubai,CUST-01123,P014,Power Bank,Electronics,3,139.85,5,419.55,20.98,398.57,Card,Store,2026,9,September,1,Tuesday,False,398.57,132.86
TXN-0116853,2026-09-01,DXB-004,Dubai,CUST-04417,P003,Headphones,Electronics,1,315.98,5,315.98,15.8,300.18,Bank Transfer,Store,2026,9,September,1,Tuesday,False,300.18,300.18
TXN-0116900,2026-09-01,DXB-004,Dubai,CUST-03622,P006,Mouse,Accessories,1,101.4,0,101.4,0.0,101.4,Apple Pay,Store,2026,9,September,1,Tuesday,False,101.4,101.4
TXN-0117029,2026-09-01,DXB-001,Dubai,CUST-07903,P003,Headphones,Electronics,1,372.78,15,372.78,55.92,316.86,Card,Online,2026,9,September,1,Tuesday,False,316.86,316.86
TXN-0117033,2026-09-01,DXB-002,Dubai,CUST-00719,P004,Monitor,Electronics,3,852.65,15,2557.95,383.69,2174.26,Cash,Store,2026,9,September,1,Tuesday,False,2174.26,724.75
TXN-0117087,2026-09-01,DXB-003,Dubai,CUST-01529,P012,Pen Pack,Stationery,4,16.48,0,65.92,0.0,65.92,Apple Pay,Online,2026,9,September,1,Tuesday,False,65.92,16.48
TXN-0117194,2026-09-01,DXB-003,Dubai,CUST-03339,P006,Mouse,Accessories,1,108.73,10,108.73,10.87,97.86,Card,Store,2026,9,September,1,Tuesday,False,97.86,97.86
TXN-0117363,2026-09-01,DXB-003,Dubai,CUST-03226,P003,Headphones,Electronics,1,410.22,10,410.22,41.02,369.2,Apple Pay,Store,2026,9,September,1,Tuesday,False,369.2,369.2
TXN-0117412,2026-09-01,DXB-003,Dubai,CUST-07002,P012,Pen Pack,Stationery,1,14.38,0,14.38,0.0,14.38,Apple Pay,Store,2026,9,September,1,Tuesday,False,14.38,14.38
TXN-0117516,2026-09-01,DXB-002,Dubai,CUST-04729,P014,Power Bank,Electronics,1,148.93,5,148.93,7.45,141.48,Card,Store,2026,9,September,1,Tuesday,False,141.48,141.48
TXN-0117574,2026-09-01,DXB-004,Dubai,CUST-01715,P010,Printer,Office,1,752.46,0,752.46,0.0,752.46,Card,Online,2026,9,September,1,Tuesday,False,752.46,752.46
TXN-0117591,2026-09-01,DXB-003,Dubai,CUST-00161,P011,Notebook,Stationery,1,25.97,5,25.97,1.3,24.67,Card,Online,2026,9,September,1,Tuesday,False,24.67,24.67
TXN-0117634,2026-09-01,DXB-002,Dubai,CUST-02894,P010,Printer,Office,5,745.71,5,3728.55,186.43,3542.12,Card,Store,2026,9,September,1,Tuesday,False,3542.12,708.42
TXN-0117642,2026-09-01,DXB-003,Dubai,CUST-00453,P009,Backpack,Accessories,2,227.45,5,454.9,22.74,432.16,Cash,Store,2026,9,September,1,Tuesday,False,432.16,216.08
TXN-0117697,2026-09-01,DXB-001,Dubai,CUST-00368,P005,Keyboard,Accessories,5,158.34,10,791.7,79.17,712.53,Card,Store,2026,9,September,1,Tuesday,False,712.53,142.51
TXN-0117729,2026-09-01,DXB-003,Dubai,CUST-01697,P011,Notebook,Stationery,2,24.42,15,48.84,7.33,41.51,Card,Store,2026,9,September,1,Tuesday,False,41.51,20.76
TXN-0117790,2026-09-01,DXB-003,Dubai,CUST-02893,P003,Headphones,Electronics,1,304.33,15,304.33,45.65,258.68,Card,Store,2026,9,September,1,Tuesday,False,258.68,258.68
TXN-0117832,2026-09-01,DXB-002,Dubai,CUST-04601,P010,Printer,Office,3,721.05,10,2163.15,216.32,1946.83,Card,Online,2026,9,September,1,Tuesday,False,1946.83,648.94
TXN-0117835,2026-09-01,DXB-005,Dubai,CUST-03829,P014,Power Bank,Electronics,1,143.32,10,143.32,14.33,128.99,Card,Online,2026,9,September,1,Tuesday,False,128.99,128.99
TXN-0117984,2026-09-01,DXB-003,Dubai,CUST-04922,P005,Keyboard,Accessories,3,196.37,5,589.11,29.46,559.65,Card,Store,2026,9,September,1,Tuesday,False,559.65,186.55
TXN-0117998,2026-09-01,DXB-004,Dubai,CUST-05996,P009,Backpack,Accessories,3,219.83,10,659.49,65.95,593.54,Apple Pay,Store,2026,9,September,1,Tuesday,False,593.54,197.85
TXN-0118042,2026-09-01,DXB-002,Dubai,CUST-05471,P011,Notebook,Stationery,1,27.61,5,27.61,1.38,26.23,Cash,Store,2026,9,September,1,Tuesday,False,26.23,26.23
TXN-0118082,2026-09-01,DXB-001,Dubai,CUST-03531,P003,Headphones,Electronics,1,366.78,10,366.78,36.68,330.1,Card,Store,2026,9,September,1,Tuesday,False,330.1,330.1
TXN-0118200,2026-09-01,DXB-002,Dubai,CUST-07384,P004,Monitor,Electronics,3,954.32,10,2862.96,286.3,2576.66,Bank Transfer,Store,2026,9,September,1,Tuesday,False,2576.66,858.89
TXN-0118241,2026-09-01,DXB-005,Dubai,CUST-02061,P002,Smartphone,Electronics,3,1892.18,5,5676.54,283.83,5392.71,Apple Pay,Store,2026,9,September,1,Tuesday,False,5392.71,1797.57
TXN-0118391,2026-09-01,DXB-002,Dubai,CUST-02376,P009,Backpack,Accessories,3,214.56,0,643.68,0.0,643.68,Card,Store,2026,9,September,1,Tuesday,False,643.68,214.56
TXN-0118460,2026-09-01,DXB-002,Dubai,CUST-01894,P007,Office Chair,Furniture,3,653.81,10,1961.43,196.14,1765.29,Card,Store,2026,9,September,1,Tuesday,False,1765.29,588.43
TXN-0118600,2026-09-01,DXB-001,Dubai,CUST-03297,P003,Headphones,Electronics,1,311.69,0,311.69,0.0,311.69,Apple Pay,Store,2026,9,September,1,Tuesday,False,311.69,311.69
TXN-0118752,2026-09-01,DXB-003,Dubai,CUST-00728,P013,USB Drive,Accessories,2,43.76,5,87.52,4.38,83.14,Apple Pay,Store,2026,9,September,1,Tuesday,False,83.14,41.57
TXN-0118869,2026-09-01,DXB-002,Dubai,CUST-07460,P009,Backpack,Accessories,1,217.49,10,217.49,21.75,195.74,Cash,Store,2026,9,September,1,Tuesday,False,195.74,195.74
TXN-0118905,2026-09-01,DXB-001,Dubai,CUST-07089,P014,Power Bank,Electronics,1,162.17,10,162.17,16.22,145.95,Card,Store,2026,9,September,1,Tuesday,False,145.95,145.95
TXN-0118913,2026-09-01,DXB-001,Dubai,CUST-04014,P013,USB Drive,Accessories,1,43.27,10,43.27,4.33,38.94,Apple Pay,Online,2026,9,September,1,Tuesday,False,38.94,38.94
TXN-0118919,2026-09-01,DXB-001,Dubai,CUST-04347,P007,Office Chair,Furniture,2,634.91,5,1269.82,63.49,1206.33,Apple Pay,Store,2026,9,September,1,Tuesday,False,1206.33,603.16
TXN-0118984,2026-09-01,DXB-002,Dubai,CUST-06151,P015,Tablet,Electronics,1,1262.28,5,1262.28,63.11,1199.17,Card,Store,2026,9,September,1,Tuesday,False,1199.17,1199.17
TXN-0119063,2026-09-01,DXB-004,Dubai,CUST-07980,P006,Mouse,Accessories,1,85.11,0,85.11,0.0,85.11,Card,Online,2026,9,September,1,Tuesday,False,85.11,85.11
TXN-0119124,2026-09-01,DXB-002,Dubai,CUST-07732,P013,USB Drive,Accessories,1,42.18,5,42.18,2.11,40.07,Cash,Store,2026,9,September,1,Tuesday,False,40.07,40.07
TXN-0119203,2026-09-01,DXB-001,Dubai,CUST-01471,P009,Backpack,Accessories,1,213.23,0,213.23,0.0,213.23,Bank Transfer,Store,2026,9,September,1,Tuesday,False,213.23,213.23
TXN-0119229,2026-09-01,DXB-002,Dubai,CUST-05829,P009,Backpack,Accessories,1,214.09,15,214.09,32.11,181.98,Card,Store,2026,9,September,1,Tuesday,False,181.98,181.98
TXN-0119242,2026-09-01,DXB-002,Dubai,CUST-05954,P006,Mouse,Accessories,4,98.0,15,392.0,58.8,333.2,Cash,Store,2026,9,September,1,Tuesday,False,333.2,83.3
TXN-0119265,2026-09-01,DXB-003,Dubai,CUST-01246,P003,Headphones,Electronics,4,337.77,15,1351.08,202.66,1148.42,Bank Transfer,Store,2026,9,September,1,Tuesday,False,1148.42,287.1
TXN-0119296,2026-09-01,DXB-004,Dubai,CUST-06440,P009,Backpack,Accessories,1,224.73,0,224.73,0.0,224.73,Cash,Store,2026,9,September,1,Tuesday,False,224.73,224.73
TXN-0119348,2026-09-01,DXB-002,Dubai,CUST-00274,P003,Headphones,Electronics,5,346.54,0,1732.7,0.0,1732.7,Card,Online,2026,9,September,1,Tuesday,False,1732.7,346.54
TXN-0119439,2026-09-01,DXB-003,Dubai,CUST-04211,P010,Printer,Office,1,703.8,15,703.8,105.57,598.23,Bank Transfer,Store,2026,9,September,1,Tuesday,False,598.23,598.23
TXN-0119455,2026-09-01,DXB-002,Dubai,CUST-04980,P013,USB Drive,Accessories,1,44.95,15,44.95,6.74,38.21,Card,Store,2026,9,September,1,Tuesday,False,38.21,38.21
TXN-0119471,2026-09-01,DXB-001,Dubai,CUST-06978,P013,USB Drive,Accessories,1,43.47,5,43.47,2.17,41.3,Card,Store,2026,9,September,1,Tuesday,False,41.3,41.3
TXN-0119501,2026-09-01,DXB-001,Dubai,CUST-01073,P005,Keyboard,Accessories,2,178.38,5,356.76,17.84,338.92,Card,Store,2026,9,September,1,Tuesday,False,338.92,169.46
TXN-0119513,2026-09-01,DXB-003,Dubai,CUST-00695,P004,Monitor,Electronics,3,887.17,5,2661.51,133.08,2528.43,Card,Store,2026,9,September,1,Tuesday,False,2528.43,842.81
TXN-0119556,2026-09-01,DXB-002,Dubai,CUST-06459,P002,Smartphone,Electronics,1,2001.28,5,2001.28,100.06,1901.22,Cash,Online,2026,9,September,1,Tuesday,False,1901.22,1901.22
TXN-0119583,2026-09-01,DXB-003,Dubai,CUST-03552,P007,Office Chair,Furniture,1,676.92,10,676.92,67.69,609.23,Card,Store,2026,9,September,1,Tuesday,False,609.23,609.23
TXN-0119610,2026-09-01,DXB-003,Dubai,CUST-02937,P005,Keyboard,Accessories,3,182.47,15,547.41,82.11,465.3,Apple Pay,Online,2026,9,September,1,Tuesday,False,465.3,155.1
TXN-0119613,2026-09-01,DXB-003,Dubai,CUST-05551,P013,USB Drive,Accessories,6,41.21,15,247.26,37.09,210.17,Cash,Online,2026,9,September,1,Tuesday,False,210.17,35.03
TXN-0119617,2026-09-01,DXB-002,Dubai,CUST-06525,P001,Laptop,Electronics,3,2782.62,10,8347.86,834.79,7513.07,Cash,Store,2026,9,September,1,Tuesday,False,7513.07,2504.36
TXN-0119626,2026-09-01,DXB-004,Dubai,CUST-04299,P006,Mouse,Accessories,1,98.71,5,98.71,4.94,93.77,Card,Store,2026,9,September,1,Tuesday,False,93.77,93.77
TXN-0119637,2026-09-01,DXB-002,Dubai,CUST-01598,P003,Headphones,Electronics,3,370.62,0,1111.86,0.0,1111.86,Card,Store,2026,9,September,1,Tuesday,False,1111.86,370.62
TXN-0119677,2026-09-01,DXB-005,Dubai,CUST-00791,P005,Keyboard,Accessories,1,155.27,10,155.27,15.53,139.74,Cash,Store,2026,9,September,1,Tuesday,False,139.74,139.74
TXN-0119757,2026-09-01,DXB-005,Dubai,CUST-03238,P003,Headphones,Electronics,1,354.8,5,354.8,17.74,337.06,Bank Transfer,Store,2026,9,September,1,Tuesday,False,337.06,337.06
TXN-0119839,2026-09-01,DXB-005,Dubai,CUST-07651,P008,Desk,Furniture,1,779.67,0,779.67,0.0,779.67,Apple Pay,Store,2026,9,September,1,Tuesday,False,779.67,779.67
TXN-0119873,2026-09-01,DXB-001,Dubai,CUST-05936,P012,Pen Pack,Stationery,1,13.74,10,13.74,1.37,12.37,Bank Transfer,Store,2026,9,September,1,Tuesday,False,12.37,12.37
TXN-0119903,2026-09-01,DXB-001,Dubai,CUST-07480,P001,Laptop,Electronics,3,2947.59,0,8842.77,0.0,8842.77,Card,Store,2026,9,September,1,Tuesday,False,8842.77,2947.59
TXN-0119951,2026-09-01,DXB-003,Dubai,CUST-06129,P011,Notebook,Stationery,2,25.37,0,50.74,0.0,50.74,Cash,Online,2026,9,September,1,Tuesday,False,50.74,25.37
