transaction_id,transaction_date,store_id,region,customer_id,product_id,product_name,category,quantity,unit_price,discount_pct,gross_amount,discount_amount,net_revenue,payment_method,sales_channel,year,month,month_name,day,day_of_week,is_weekend,order_value,revenue_per_unit
TXN-0000023,2026-08-10,DXB-005,Dubai,CUST-07067,P005,Keyboard,Accessories,2,179.71,0,359.42,0.0,359.42,Cash,Online,2026,8,August,10,Monday,False,359.42,179.71
TXN-0000168,2026-08-10,DXB-002,Dubai,CUST-04226,P006,Mouse,Accessories,1,98.71,10,98.71,9.87,88.84,Card,Store,2026,8,August,10,Monday,False,88.84,88.84
TXN-0000230,2026-08-10,DXB-003,Dubai,CUST-04633,P007,Office Chair,Furniture,2,705.22,5,1410.44,70.52,1339.92,Card,Online,2026,8,August,10,Monday,False,1339.92,669.96
TXN-0000251,2026-08-10,DXB-003,Dubai,CUST-04568,P007,Office Chair,Furniture,2,683.22,0,1366.44,0.0,1366.44,Bank Transfer,Store,2026,8,August,10,Monday,False,1366.44,683.22
TXN-0000259,2026-08-10,DXB-003,Dubai,CUST-03605,P013,USB Drive,Accessories,1,44.51,10,44.51,4.45,40.06,Card,Store,2026,8,August,10,Monday,False,40.06,40.06
TXN-0000262,2026-08-10,DXB-001,Dubai,CUST-02578,P014,Power Bank,Electronics,1,145.79,10,145.79,14.58,131.21,Card,Store,2026,8,August,10,Monday,False,131.21,131.21
TXN-0000349,2026-08-10,DXB-004,Dubai,CUST-03365,P009,Backpack,Accessories,1,204.67,15,204.67,30.7,173.97,Cash,Online,2026,8,August,10,Monday,False,173.97,173.97
TXN-0000392,2026-08-10,DXB-004,Dubai,CUST-03503,P002,Smartphone,Electronics,1,1924.36,10,1924.36,192.44,1731.92,Card,Store,2026,8,August,10,Monday,False,1731.92,1731.92
TXN-0000411,2026-08-10,DXB-003,Dubai,CUST-04991,P003,Headphones,Electronics,2,401.86,5,803.72,40.19,763.53,Apple Pay,Store,2026,8,August,10,Monday,False,763.53,381.76
TXN-0000469,2026-08-10,DXB-001,Dubai,CUST-00822,P007,Office Chair,Furniture,2,628.82,0,1257.64,0.0,1257.64,Card,Store,2026,8,August,10,Monday,False,1257.64,628.82
TXN-0000544,2026-08-10,DXB-003,Dubai,CUST-01806,P003,Headphones,Electronics,1,346.64,0,346.64,0.0,346.64,Card,Online,2026,8,August,10,Monday,False,346.64,346.64
TXN-0000564,2026-08-10,DXB-004,Dubai,CUST-02395,P003,Headphones,Electronics,2,369.46,15,738.92,110.84,628.08,Card,Store,2026,8,August,10,Monday,False,628.08,314.04
TXN-0000635,2026-08-10,DXB-005,Dubai,CUST-00397,P006,Mouse,Accessories,2,96.92,0,193.84,0.0,193.84,Apple Pay,Online,2026,8,August,10,Monday,False,193.84,96.92
TXN-0000661,2026-08-10,DXB-003,Dubai,CUST-00872,P007,Office Chair,Furniture,1,572.23,5,572.23,28.61,543.62,Card,Store,2026,8,August,10,Monday,False,543.62,543.62
TXN-0000685,2026-08-10,DXB-001,Dubai,CUST-07771,P010,Printer,Office,2,686.3,15,1372.6,205.89,1166.71,Card,Online,2026,8,August,10,Monday,False,1166.71,583.36
TXN-0000703,2026-08-10,DXB-001,Dubai,CUST-02404,P013,USB Drive,Accessories,1,42.07,10,42.07,4.21,37.86,Card,Online,2026,8,August,10,Monday,False,37.86,37.86
TXN-0000704,2026-08-10,DXB-002,Dubai,CUST-00310,P012,Pen Pack,Stationery,4,15.23,5,60.92,3.05,57.87,Cash,Store,2026,8,August,10,Monday,False,57.87,14.47
TXN-0000761,2026-08-10,DXB-005,Dubai,CUST-05507,P015,Tablet,Electronics,1,1220.39,5,1220.39,61.02,1159.37,Card,Store,2026,8,August,10,Monday,False,1159.37,1159.37
TXN-0000908,2026-08-10,DXB-003,Dubai,CUST-03979,P007,Office Chair,Furniture,1,624.64,0,624.64,0.0,624.64,Card,Online,2026,8,August,10,Monday,False,624.64,624.64
TXN-0000912,2026-08-10,DXB-002,Dubai,CUST-02731,P001,Laptop,Electronics,1,2876.06,5,2876.06,143.8,2732.26,Apple Pay,Store,2026,8,August,10,Monday,False,2732.26,2732.26
TXN-0001032,2026-08-10,DXB-004,Dubai,CUST-01101,P004,Monitor,Electronics,2,887.01,10,1774.02,177.4,1596.62,Card,Store,2026,8,August,10,Monday,False,1596.62,798.31
TXN-0001106,2026-08-10,DXB-003,Dubai,CUST-01203,P002,Smartphone,Electronics,2,1912.1,0,3824.2,0.0,3824.2,Bank Transfer,Store,2026,8,August,10,Monday,False,3824.2,1912.1
TXN-0001174,2026-08-10,DXB-004,Dubai,CUST-07691,P003,Headphones,Electronics,1,343.17,0,343.17,0.0,343.17,Card,Online,2026,8,August,10,Monday,False,343.17,343.17
TXN-0001193,2026-08-10,DXB-004,Dubai,CUST-00094,P010,Printer,Office,2,745.08,5,1490.16,74.51,1415.65,Apple Pay,Store,2026,8,August,10,Monday,False,1415.65,707.82
TXN-0001405,2026-08-10,DXB-002,Dubai,CUST-07195,P003,Headphones,Electronics,4,331.99,0,1327.96,0.0,1327.96,Cash,Store,2026,8,August,10,Monday,False,1327.96,331.99
TXN-0001432,2026-08-10,DXB-005,Dubai,CUST-00085,P012,Pen Pack,Stationery,3,14.38,0,43.14,0.0,43.14,Apple Pay,Store,2026,8,August,10,Monday,False,43.14,14.38
TXN-0001433,2026-08-10,DXB-001,Dubai,CUST-05666,P004,Monitor,Electronics,1,914.98,10,914.98,91.5,823.48,Card,Store,2026,8,August,10,Monday,False,823.48,823.48
TXN-0001616,2026-08-10,DXB-003,Dubai,CUST-00206,P008,Desk,Furniture,1,836.28,5,836.28,41.81,794.47,Apple Pay,Store,2026,8,August,10,Monday,False,794.47,794.47
TXN-0001639,2026-08-10,DXB-003,Dubai,CUST-02718,P005,Keyboard,Accessories,1,171.68,5,171.68,8.58,163.1,Apple Pay,Store,2026,8,August,10,Monday,False,163.1,163.1
TXN-0001702,2026-08-10,DXB-003,Dubai,CUST-05921,P005,Keyboard,Accessories,1,188.74,0,188.74,0.0,188.74,Card,Store,2026,8,August,10,Monday,False,188.74,188.74
TXN-0001883,2026-08-10,DXB-002,Dubai,CUST-03619,P014,Power Bank,Electronics,2,152.9,10,305.8,30.58,275.22,Apple Pay,Store,2026,8,August,10,Monday,False,275.22,137.61
TXN-0001886,2026-08-10,DXB-002,Dubai,CUST-07471,P006,Mouse,Accessories,2,89.5,0,179.0,0.0,179.0,Apple Pay,Online,2026,8,August,10,Monday,False,179.0,89.5
TXN-0001929,2026-08-10,DXB-005,Dubai,CUST-05096,P003,Headphones,Electronics,2,338.55,5,677.1,33.85,643.25,Apple Pay,Store,2026,8,August,10,Monday,False,643.25,321.62
TXN-0002032,2026-08-10,DXB-003,Dubai,CUST-06525,P006,Mouse,Accessories,2,95.14,10,190.28,19.03,171.25,Card,Store,2026,8,August,10,Monday,False,171.25,85.62
TXN-0002051,2026-08-10,DXB-002,Dubai,CUST-06092,P006,Mouse,Accessories,1,93.08,0,93.08,0.0,93.08,Card,Store,2026,8,August,10,Monday,False,93.08,93.08
TXN-0002103,2026-08-10,DXB-005,Dubai,CUST-01632,P008,Desk,Furniture,1,846.76,10,846.76,84.68,762.08,Card,Store,2026,8,August,10,Monday,False,762.08,762.08
TXN-0002147,2026-08-10,DXB-001,Dubai,CUST-00951,P011,Notebook,Stationery,1,24.52,10,24.52,2.45,22.07,Bank Transfer,Store,2026,8,August,10,Monday,False,22.07,22.07
TXN-0002200,2026-08-10,DXB-002,Dubai,CUST-03227,P013,USB Drive,Accessories,1,44.65,15,44.65,6.7,37.95,Card,Store,2026,8,August,10,Monday,False,37.95,37.95
TXN-0002248,2026-08-10,DXB-004,Dubai,CUST-01230,P006,Mouse,Accessories,3,91.49,10,274.47,27.45,247.02,Apple Pay,Online,2026,8,August,10,Monday,False,247.02,82.34
TXN-0002275,2026-08-10,DXB-003,Dubai,CUST-04575,P009,Backpack,Accessories,3,213.4,0,640.2,0.0,640.2,Card,Store,2026,8,August,10,Monday,False,640.2,213.4
TXN-0002297,2026-08-10,DXB-001,Dubai,CUST-00504,P006,Mouse,Accessories,1,99.1,5,99.1,4.96,94.14,Apple Pay,Store,2026,8,August,10,Monday,False,94.14,94.14
TXN-0002328,2026-08-10,DXB-002,Dubai,CUST-01400,P006,Mouse,Accessories,2,107.21,10,214.42,21.44,192.98,Cash,Online,2026,8,August,10,Monday,False,192.98,96.49
TXN-0002368,2026-08-10,DXB-001,Dubai,CUST-01350,P007,Office Chair,Furniture,1,628.75,0,628.75,0.0,628.75,Card,Store,2026,8,August,10,Monday,False,628.75,628.75
TXN-0002370,2026-08-10,DXB-001,Dubai,CUST-05980,P015,Tablet,Electronics,1,1172.55,10,1172.55,117.26,1055.29,Card,Store,2026,8,August,10,Monday,False,1055.29,1055.29
TXN-0002381,2026-08-10,DXB-004,Dubai,CUST-04289,P007,Office Chair,Furniture,3,688.13,0,2064.39,0.0,2064.39,Apple Pay,Online,2026,8,August,10,Monday,False,2064.39,688.13
TXN-0002385,2026-08-10,DXB-004,Dubai,CUST-03015,P012,Pen Pack,Stationery,1,15.78,0,15.78,0.0,15.78,Apple Pay,Store,2026,8,August,10,Monday,False,15.78,15.78
TXN-0002450,2026-08-10,DXB-003,Dubai,CUST-02671,P007,Office Chair,Furniture,1,629.81,20,629.81,125.96,503.85,Card,Store,2026,8,August,10,Monday,False,503.85,503.85
TXN-0002478,2026-08-10,DXB-003,Dubai,CUST-01621,P009,Backpack,Accessories,1,217.9,10,217.9,21.79,196.11,Card,Store,2026,8,August,10,Monday,False,196.11,196.11
TXN-0002483,2026-08-10,DXB-005,Dubai,CUST-05471,P002,Smartphone,Electronics,1,1761.74,0,1761.74,0.0,1761.74,Card,Store,2026,8,August,10,Monday,False,1761.74,1761.74
TXN-0002534,2026-08-10,DXB-002,Dubai,CUST-04942,P013,USB Drive,Accessories,2,42.7,5,85.4,4.27,81.13,Cash,Store,2026,8,August,10,Monday,False,81.13,40.56
TXN-0002613,2026-08-10,DXB-002,Dubai,CUST-00506,P001,Laptop,Electronics,6,3085.42,0,18512.52,0.0,18512.52,Card,Store,2026,8,August,10,Monday,False,18512.52,3085.42
TXN-0002805,2026-08-10,DXB-002,Dubai,CUST-04056,P014,Power Bank,Electronics,1,164.62,5,164.62,8.23,156.39,Cash,Store,2026,8,August,10,Monday,False,156.39,156.39
TXN-0002926,2026-08-10,DXB-001,Dubai,CUST-02702,P009,Backpack,Accessories,2,233.85,0,467.7,0.0,467.7,Cash,Online,2026,8,August,10,Monday,False,467.7,233.85
TXN-0002931,2026-08-10,DXB-002,Dubai,CUST-07514,P001,Laptop,Electronics,4,2865.99,10,11463.96,1146.4,10317.56,Card,Store,2026,8,August,10,Monday,False,10317.56,2579.39
TXN-0002940,2026-08-10,DXB-005,Dubai,CUST-02230,P010,Printer,Office,3,704.85,5,2114.55,105.73,2008.82,Card,Store,2026,8,August,10,Monday,False,2008.82,669.61
TXN-0003049,2026-08-10,DXB-001,Dubai,CUST-02074,P001,Laptop,Electronics,2,2607.5,15,5215.0,782.25,4432.75,Card,Store,2026,8,August,10,Monday,False,4432.75,2216.38
TXN-0003052,2026-08-10,DXB-004,Dubai,CUST-05158,P002,Smartphone,Electronics,5,1729.75,10,8648.75,864.88,7783.87,Apple Pay,Store,2026,8,August,10,Monday,False,7783.87,1556.77
TXN-0003087,2026-08-10,DXB-001,Dubai,CUST-04306,P007,Office Chair,Furniture,1,699.0,20,699.0,139.8,559.2,Apple Pay,Store,2026,8,August,10,Monday,False,559.2,559.2
TXN-0003088,2026-08-10,DXB-004,Dubai,CUST-02344,P007,Office Chair,Furniture,3,677.0,0,2031.0,0.0,2031.0,Cash,Online,2026,8,August,10,Monday,False,2031.0,677.0
TXN-0003097,2026-08-10,DXB-002,Dubai,CUST-03932,P012,Pen Pack,Stationery,1,13.26,15,13.26,1.99,11.27,Card,Store,2026,8,August,10,Monday,False,11.27,11.27
TXN-0003099,2026-08-10,DXB-001,Dubai,CUST-05123,P004,Monitor,Electronics,1,903.66,5,903.66,45.18,858.48,Card,Store,2026,8,August,10,Monday,False,858.48,858.48
TXN-0003180,2026-08-10,DXB-002,Dubai,CUST-02480,P005,Keyboard,Accessories,2,165.1,0,330.2,0.0,330.2,Apple Pay,Online,2026,8,August,10,Monday,False,330.2,165.1
TXN-0003196,2026-08-10,DXB-002,Dubai,CUST-05472,P015,Tablet,Electronics,1,1272.5,0,1272.5,0.0,1272.5,Card,Online,2026,8,August,10,Monday,False,1272.5,1272.5
TXN-0003257,2026-08-10,DXB-004,Dubai,CUST-06577,P012,Pen Pack,Stationery,2,14.56,5,29.12,1.46,27.66,Cash,Store,2026,8,August,10,Monday,False,27.66,13.83
TXN-0003289,2026-08-10,DXB-003,Dubai,CUST-05482,P009,Backpack,Accessories,2,229.06,0,458.12,0.0,458.12,Card,Online,2026,8,August,10,Monday,False,458.12,229.06
TXN-0003517,2026-08-10,DXB-002,Dubai,CUST-03795,P004,Monitor,Electronics,1,905.94,0,905.94,0.0,905.94,Card,Store,2026,8,August,10,Monday,False,905.94,905.94
TXN-0003524,2026-08-10,DXB-003,Dubai,CUST-02687,P009,Backpack,Accessories,2,247.06,10,494.12,49.41,444.71,Cash,Store,2026,8,August,10,Monday,False,444.71,222.36
TXN-0003559,2026-08-10,DXB-001,Dubai,CUST-00523,P013,USB Drive,Accessories,3,51.21,0,153.63,0.0,153.63,Cash,Store,2026,8,August,10,Monday,False,153.63,51.21
TXN-0003562,2026-08-10,DXB-001,Dubai,CUST-06376,P015,Tablet,Electronics,6,1146.83,10,6880.98,688.1,6192.88,Apple Pay,Store,2026,8,August,10,Monday,False,6192.88,1032.15
TXN-0003668,2026-08-10,DXB-003,Dubai,CUST-02966,P006,Mouse,Accessories,2,110.45,0,220.9,0.0,220.9,Cash,Online,2026,8,August,10,Monday,False,220.9,110.45
TXN-0003690,2026-08-10,DXB-001,Dubai,CUST-07420,P014,Power Bank,Electronics,2,141.16,10,282.32,28.23,254.09,Apple Pay,Store,2026,8,August,10,Monday,False,254.09,127.04
TXN-0003761,2026-08-10,DXB-004,Dubai,CUST-03261,P012,Pen Pack,Stationery,1,13.46,5,13.46,0.67,12.79,Card,Store,2026,8,August,10,Monday,False,12.79,12.79
TXN-0003787,2026-08-10,DXB-001,Dubai,CUST-01450,P006,Mouse,Accessories,2,97.5,10,195.0,19.5,175.5,Cash,Store,2026,8,August,10,Monday,False,175.5,87.75
TXN-0003792,2026-08-10,DXB-002,Dubai,CUST-06745,P001,Laptop,Electronics,2,2651.54,0,5303.08,0.0,5303.08,Apple Pay,Store,2026,8,August,10,Monday,False,5303.08,2651.54
TXN-0003824,2026-08-10,DXB-004,Dubai,CUST-02882,P004,Monitor,Electronics,1,920.36,5,920.36,46.02,874.34,Apple Pay,Store,2026,8,August,10,Monday,False,874.34,874.34
TXN-0003879,2026-08-10,DXB-001,Dubai,CUST-02021,P011,Notebook,Stationery,1,23.03,0,23.03,0.0,23.03,Cash,Store,2026,8,August,10,Monday,False,23.03,23.03
TXN-0003888,2026-08-10,DXB-004,Dubai,CUST-06155,P008,Desk,Furniture,2,842.24,0,1684.48,0.0,1684.48,Card,Online,2026,8,August,10,Monday,False,1684.48,842.24
TXN-0003935,2026-08-10,DXB-002,Dubai,CUST-01832,P010,Printer,Office,3,615.61,5,1846.83,92.34,1754.49,Card,Online,2026,8,August,10,Monday,False,1754.49,584.83
TXN-0003950,2026-08-10,DXB-001,Dubai,CUST-02491,P004,Monitor,Electronics,4,837.4,5,3349.6,167.48,3182.12,Apple Pay,Store,2026,8,August,10,Monday,False,3182.12,795.53
TXN-0004168,2026-08-10,DXB-003,Dubai,CUST-05555,P013,USB Drive,Accessories,1,35.9,15,35.9,5.38,30.52,Bank Transfer,Store,2026,8,August,10,Monday,False,30.52,30.52
TXN-0004226,2026-08-10,DXB-002,Dubai,CUST-01295,P011,Notebook,Stationery,1,24.94,15,24.94,3.74,21.2,Card,Online,2026,8,August,10,Monday,False,21.2,21.2
TXN-0004283,2026-08-10,DXB-001,Dubai,CUST-04444,P010,Printer,Office,1,711.99,10,711.99,71.2,640.79,Apple Pay,Store,2026,8,August,10,Monday,False,640.79,640.79
TXN-0004331,2026-08-10,DXB-005,Dubai,CUST-07516,P011,Notebook,Stationery,1,21.73,0,21.73,0.0,21.73,Card,Store,2026,8,August,10,Monday,False,21.73,21.73
TXN-0004372,2026-08-10,DXB-004,Dubai,CUST-01023,P003,Headphones,Electronics,2,321.94,0,643.88,0.0,643.88,Card,Store,2026,8,August,10,Monday,False,643.88,321.94
TXN-0004391,2026-08-10,DXB-001,Dubai,CUST-05578,P011,Notebook,Stationery,1,24.4,5,24.4,1.22,23.18,Card,Store,2026,8,August,10,Monday,False,23.18,23.18
TXN-0004628,2026-08-10,DXB-002,Dubai,CUST-04394,P004,Monitor,Electronics,3,957.19,0,2871.57,0.0,2871.57,Card,Store,2026,8,August,10,Monday,False,2871.57,957.19
TXN-0004634,2026-08-10,DXB-004,Dubai,CUST-00184,P007,Office Chair,Furniture,1,735.47,5,735.47,36.77,698.7,Card,Store,2026,8,August,10,Monday,False,698.7,698.7
TXN-0004682,2026-08-10,DXB-001,Dubai,CUST-03465,P013,USB Drive,Accessories,1,44.99,15,44.99,6.75,38.24,Cash,Store,2026,8,August,10,Monday,False,38.24,38.24
TXN-0004773,2026-08-10,DXB-002,Dubai,CUST-00818,P008,Desk,Furniture,3,818.03,5,2454.09,122.7,2331.39,Card,Store,2026,8,August,10,Monday,False,2331.39,777.13
TXN-0004929,2026-08-10,DXB-004,Dubai,CUST-02301,P013,USB Drive,Accessories,1,43.28,5,43.28,2.16,41.12,Card,Online,2026,8,August,10,Monday,False,41.12,41.12
TXN-0005073,2026-08-10,DXB-001,Dubai,CUST-05842,P007,Office Chair,Furniture,2,729.26,15,1458.52,218.78,1239.74,Card,Store,2026,8,August,10,Monday,False,1239.74,619.87
TXN-0005096,2026-08-10,DXB-005,Dubai,CUST-06387,P015,Tablet,Electronics,1,1293.08,0,1293.08,0.0,1293.08,Apple Pay,Online,2026,8,August,10,Monday,False,1293.08,1293.08
TXN-0005271,2026-08-10,DXB-001,Dubai,CUST-06795,P006,Mouse,Accessories,1,105.02,15,105.02,15.75,89.27,Card,Online,2026,8,August,10,Monday,False,89.27,89.27
TXN-0005299,2026-08-10,DXB-004,Dubai,CUST-02496,P014,Power Bank,Electronics,1,152.96,0,152.96,0.0,152.96,Apple Pay,Store,2026,8,August,10,Monday,False,152.96,152.96
TXN-0005303,2026-08-10,DXB-001,Dubai,CUST-04815,P008,Desk,Furniture,1,751.41,15,751.41,112.71,638.7,Bank Transfer,Store,2026,8,August,10,Monday,False,638.7,638.7
TXN-0005329,2026-08-10,DXB-002,Dubai,CUST-01531,P002,Smartphone,Electronics,1,1714.73,15,1714.73,257.21,1457.52,Card,Store,2026,8,August,10,Monday,False,1457.52,1457.52
TXN-0005377,2026-08-10,DXB-004,Dubai,CUST-06038,P008,Desk,Furniture,1,741.76,0,741.76,0.0,741.76,Card,Store,2026,8,August,10,Monday,False,741.76,741.76
TXN-0005391,2026-08-10,DXB-001,Dubai,CUST-06831,P002,Smartphone,Electronics,2,1789.15,0,3578.3,0.0,3578.3,Cash,Online,2026,8,August,10,Monday,False,3578.3,1789.15
TXN-0005418,2026-08-10,DXB-001,Dubai,CUST-06870,P010,Printer,Office,1,729.23,5,729.23,36.46,692.77,Bank Transfer,Store,2026,8,August,10,Monday,False,692.77,692.77
TXN-0005450,2026-08-10,DXB-004,Dubai,CUST-01390,P013,USB Drive,Accessories,2,44.32,5,88.64,4.43,84.21,Card,Online,2026,8,August,10,Monday,False,84.21,42.1
TXN-0005474,2026-08-10,DXB-004,Dubai,CUST-04572,P007,Office Chair,Furniture,1,702.94,15,702.94,105.44,597.5,Card,Online,2026,8,August,10,Monday,False,597.5,597.5
TXN-0005486,2026-08-10,DXB-001,Dubai,CUST-00791,P011,Notebook,Stationery,2,26.54,5,53.08,2.65,50.43,Apple Pay,Online,2026,8,August,10,Monday,False,50.43,25.22
TXN-0005493,2026-08-10,DXB-005,Dubai,CUST-06256,P004,Monitor,Electronics,1,944.27,0,944.27,0.0,944.27,Card,Store,2026,8,August,10,Monday,False,944.27,944.27
TXN-0005618,2026-08-10,DXB-002,Dubai,CUST-00942,P008,Desk,Furniture,1,803.49,10,803.49,80.35,723.14,Card,Store,2026,8,August,10,Monday,False,723.14,723.14
TXN-0005851,2026-08-10,DXB-003,Dubai,CUST-03485,P003,Headphones,Electronics,2,315.62,10,631.24,63.12,568.12,Cash,Store,2026,8,August,10,Monday,False,568.12,284.06
TXN-0005888,2026-08-10,DXB-001,Dubai,CUST-03394,P011,Notebook,Stationery,2,25.74,5,51.48,2.57,48.91,Cash,Store,2026,8,August,10,Monday,False,48.91,24.46
TXN-0005940,2026-08-10,DXB-003,Dubai,CUST-07332,P004,Monitor,Electronics,1,875.72,0,875.72,0.0,875.72,Card,Store,2026,8,August,10,Monday,False,875.72,875.72
TXN-0005961,2026-08-10,DXB-002,Dubai,CUST-03669,P010,Printer,Office,1,724.78,0,724.78,0.0,724.78,Bank Transfer,Store,2026,8,August,10,Monday,False,724.78,724.78
TXN-0006049,2026-08-10,DXB-001,Dubai,CUST-07665,P012,Pen Pack,Stationery,1,14.34,0,14.34,0.0,14.34,Cash,Store,2026,8,August,10,Monday,False,14.34,14.34
TXN-0006078,2026-08-10,DXB-003,Dubai,CUST-01537,P004,Monitor,Electronics,1,903.92,15,903.92,135.59,768.33,Apple Pay,Store,2026,8,August,10,Monday,False,768.33,768.33
TXN-0006093,2026-08-10,DXB-003,Dubai,CUST-03571,P012,Pen Pack,Stationery,1,15.26,0,15.26,0.0,15.26,Bank Transfer,Store,2026,8,August,10,Monday,False,15.26,15.26
TXN-0006136,2026-08-10,DXB-001,Dubai,CUST-01336,P008,Desk,Furniture,3,725.23,10,2175.69,217.57,1958.12,Card,Online,2026,8,August,10,Monday,False,1958.12,652.71
TXN-0006183,2026-08-10,DXB-003,Dubai,CUST-06373,P001,Laptop,Electronics,1,2741.27,0,2741.27,0.0,2741.27,Bank Transfer,Online,2026,8,August,10,Monday,False,2741.27,2741.27
TXN-0006185,2026-08-10,DXB-001,Dubai,CUST-02465,P012,Pen Pack,Stationery,2,14.39,10,28.78,2.88,25.9,Card,Online,2026,8,August,10,Monday,False,25.9,12.95
TXN-0006200,2026-08-10,DXB-002,Dubai,CUST-06486,P001,Laptop,Electronics,5,2780.35,0,13901.75,0.0,13901.75,Apple Pay,Store,2026,8,August,10,Monday,False,13901.75,2780.35
TXN-0006284,2026-08-10,DXB-004,Dubai,CUST-07311,P001,Laptop,Electronics,1,2545.25,15,2545.25,381.79,2163.46,Card,Store,2026,8,August,10,Monday,False,2163.46,2163.46
TXN-0006300,2026-08-10,DXB-004,Dubai,CUST-03932,P005,Keyboard,Accessories,1,165.27,5,165.27,8.26,157.01,Card,Store,2026,8,August,10,Monday,False,157.01,157.01
TXN-0006345,2026-08-10,DXB-001,Dubai,CUST-03761,P009,Backpack,Accessories,1,229.02,5,229.02,11.45,217.57,Apple Pay,Store,2026,8,August,10,Monday,False,217.57,217.57
TXN-0006368,2026-08-10,DXB-001,Dubai,CUST-04421,P012,Pen Pack,Stationery,1,13.6,0,13.6,0.0,13.6,Card,Store,2026,8,August,10,Monday,False,13.6,13.6
TXN-0006423,2026-08-10,DXB-001,Dubai,CUST-03859,P008,Desk,Furniture,1,863.26,5,863.26,43.16,820.1,Apple Pay,Store,2026,8,August,10,Monday,False,820.1,820.1
TXN-0006461,2026-08-10,DXB-002,Dubai,CUST-05288,P003,Headphones,Electronics,1,357.25,5,357.25,17.86,339.39,Card,Store,2026,8,August,10,Monday,False,339.39,339.39
TXN-0006545,2026-08-10,DXB-002,Dubai,CUST-04603,P012,Pen Pack,Stationery,1,15.01,5,15.01,0.75,14.26,Card,Online,2026,8,August,10,Monday,False,14.26,14.26
TXN-0006553,2026-08-10,DXB-002,Dubai,CUST-02250,P004,Monitor,Electronics,3,899.16,15,2697.48,404.62,2292.86,Card,Online,2026,8,August,10,Monday,False,2292.86,764.29
TXN-0006719,2026-08-10,DXB-004,Dubai,CUST-05099,P001,Laptop,Electronics,1,2626.7,20,2626.7,525.34,2101.36,Card,Store,2026,8,August,10,Monday,False,2101.36,2101.36
TXN-0006723,2026-08-10,DXB-004,Dubai,CUST-00606,P015,Tablet,Electronics,1,1054.07,0,1054.07,0.0,1054.07,Cash,Store,2026,8,August,10,Monday,False,1054.07,1054.07
TXN-0006863,2026-08-10,DXB-003,Dubai,CUST-06526,P012,Pen Pack,Stationery,4,15.63,15,62.52,9.38,53.14,Bank Transfer,Online,2026,8,August,10,Monday,False,53.14,13.28
TXN-0006957,2026-08-10,DXB-005,Dubai,CUST-05150,P007,Office Chair,Furniture,2,602.9,15,1205.8,180.87,1024.93,Cash,Store,2026,8,August,10,Monday,False,1024.93,512.46
TXN-0007036,2026-08-10,DXB-004,Dubai,CUST-06781,P015,Tablet,Electronics,2,1213.1,0,2426.2,0.0,2426.2,Card,Store,2026,8,August,10,Monday,False,2426.2,1213.1
TXN-0007128,2026-08-10,DXB-004,Dubai,CUST-03570,P004,Monitor,Electronics,2,823.27,10,1646.54,164.65,1481.89,Cash,Online,2026,8,August,10,Monday,False,1481.89,740.94
TXN-0007141,2026-08-10,DXB-004,Dubai,CUST-02420,P001,Laptop,Electronics,4,2752.13,15,11008.52,1651.28,9357.24,Apple Pay,Online,2026,8,August,10,Monday,False,9357.24,2339.31
TXN-0007288,2026-08-10,DXB-004,Dubai,CUST-04467,P009,Backpack,Accessories,1,213.49,0,213.49,0.0,213.49,Apple Pay,Store,2026,8,August,10,Monday,False,213.49,213.49
TXN-0007364,2026-08-10,DXB-001,Dubai,CUST-07656,P002,Smartphone,Electronics,3,1509.85,5,4529.55,226.48,4303.07,Cash,Store,2026,8,August,10,Monday,False,4303.07,1434.36
TXN-0007370,2026-08-10,DXB-001,Dubai,CUST-06981,P011,Notebook,Stationery,2,23.35,0,46.7,0.0,46.7,Card,Store,2026,8,August,10,Monday,False,46.7,23.35
TXN-0007423,2026-08-10,DXB-002,Dubai,CUST-01907,P012,Pen Pack,Stationery,1,14.91,0,14.91,0.0,14.91,Card,Store,2026,8,August,10,Monday,False,14.91,14.91
TXN-0007470,2026-08-10,DXB-003,Dubai,CUST-06489,P006,Mouse,Accessories,2,106.88,15,213.76,32.06,181.7,Cash,Store,2026,8,August,10,Monday,False,181.7,90.85
TXN-0007608,2026-08-10,DXB-005,Dubai,CUST-00204,P001,Laptop,Electronics,1,3038.62,15,3038.62,455.79,2582.83,Card,Online,2026,8,August,10,Monday,False,2582.83,2582.83
TXN-0007831,2026-08-10,DXB-001,Dubai,CUST-06971,P010,Printer,Office,2,666.2,15,1332.4,199.86,1132.54,Apple Pay,Online,2026,8,August,10,Monday,False,1132.54,566.27
TXN-0007845,2026-08-10,DXB-001,Dubai,CUST-04945,P015,Tablet,Electronics,6,1149.31,15,6895.86,1034.38,5861.48,Card,Online,2026,8,August,10,Monday,False,5861.48,976.91
TXN-0007890,2026-08-10,DXB-005,Dubai,CUST-00725,P012,Pen Pack,Stationery,3,14.68,0,44.04,0.0,44.04,Card,Store,2026,8,August,10,Monday,False,44.04,14.68
TXN-0008000,2026-08-10,DXB-005,Dubai,CUST-07388,P004,Monitor,Electronics,2,868.11,0,1736.22,0.0,1736.22,Card,Store,2026,8,August,10,Monday,False,1736.22,868.11
TXN-0008012,2026-08-10,DXB-002,Dubai,CUST-06809,P008,Desk,Furniture,3,780.46,10,2341.38,234.14,2107.24,Card,Store,2026,8,August,10,Monday,False,2107.24,702.41
TXN-0008024,2026-08-10,DXB-005,Dubai,CUST-07121,P007,Office Chair,Furniture,1,619.75,10,619.75,61.98,557.77,Apple Pay,Store,2026,8,August,10,Monday,False,557.77,557.77
TXN-0008063,2026-08-10,DXB-004,Dubai,CUST-00432,P008,Desk,Furniture,1,796.06,10,796.06,79.61,716.45,Card,Store,2026,8,August,10,Monday,False,716.45,716.45
TXN-0008103,2026-08-10,DXB-005,Dubai,CUST-00592,P008,Desk,Furniture,1,834.58,5,834.58,41.73,792.85,Card,Store,2026,8,August,10,Monday,False,792.85,792.85
TXN-0008105,2026-08-10,DXB-003,Dubai,CUST-06484,P003,Headphones,Electronics,1,355.55,0,355.55,0.0,355.55,Apple Pay,Online,2026,8,August,10,Monday,False,355.55,355.55
TXN-0008113,2026-08-10,DXB-002,Dubai,CUST-03749,P011,Notebook,Stationery,1,24.77,15,24.77,3.72,21.05,Card,Online,2026,8,August,10,Monday,False,21.05,21.05
TXN-0008140,2026-08-10,DXB-001,Dubai,CUST-07704,P014,Power Bank,Electronics,1,160.17,0,160.17,0.0,160.17,Card,Store,2026,8,August,10,Monday,False,160.17,160.17
TXN-0008148,2026-08-10,DXB-005,Dubai,CUST-02363,P006,Mouse,Accessories,4,94.28,0,377.12,0.0,377.12,Card,Store,2026,8,August,10,Monday,False,377.12,94.28
TXN-0008161,2026-08-10,DXB-002,Dubai,CUST-06553,P008,Desk,Furniture,1,714.81,5,714.81,35.74,679.07,Card,Store,2026,8,August,10,Monday,False,679.07,679.07
TXN-0008180,2026-08-10,DXB-005,Dubai,CUST-04191,P005,Keyboard,Accessories,1,169.96,5,169.96,8.5,161.46,Cash,Online,2026,8,August,10,Monday,False,161.46,161.46
TXN-0008279,2026-08-10,DXB-001,Dubai,CUST-07167,P011,Notebook,Stationery,1,24.0,0,24.0,0.0,24.0,Cash,Store,2026,8,August,10,Monday,False,24.0,24.0
TXN-0008361,2026-08-10,DXB-004,Dubai,CUST-01298,P010,Printer,Office,3,718.1,0,2154.3,0.0,2154.3,Card,Store,2026,8,August,10,Monday,False,2154.3,718.1
TXN-0008377,2026-08-10,DXB-002,Dubai,CUST-04606,P001,Laptop,Electronics,1,2566.75,5,2566.75,128.34,2438.41,Card,Online,2026,8,August,10,Monday,False,2438.41,2438.41
TXN-0008398,2026-08-10,DXB-004,Dubai,CUST-05116,P002,Smartphone,Electronics,2,1890.48,5,3780.96,189.05,3591.91,Card,Online,2026,8,August,10,Monday,False,3591.91,1795.96
TXN-0008442,2026-08-10,DXB-003,Dubai,CUST-03402,P012,Pen Pack,Stationery,1,15.23,15,15.23,2.28,12.95,Card,Store,2026,8,August,10,Monday,False,12.95,12.95
TXN-0008456,2026-08-10,DXB-003,Dubai,CUST-05911,P012,Pen Pack,Stationery,1,15.18,5,15.18,0.76,14.42,Card,Store,2026,8,August,10,Monday,False,14.42,14.42
TXN-0008472,2026-08-10,DXB-002,Dubai,CUST-07720,P007,Office Chair,Furniture,1,646.27,0,646.27,0.0,646.27,Card,Online,2026,8,August,10,Monday,False,646.27,646.27
TXN-0008595,2026-08-10,DXB-003,Dubai,CUST-00216,P010,Printer,Office,1,648.44,10,648.44,64.84,583.6,Card,Online,2026,8,August,10,Monday,False,583.6,583.6
TXN-0008615,2026-08-10,DXB-001,Dubai,CUST-01244,P007,Office Chair,Furniture,1,663.18,15,663.18,99.48,563.7,Apple Pay,Online,2026,8,August,10,Monday,False,563.7,563.7
TXN-0008702,2026-08-10,DXB-002,Dubai,CUST-06620,P002,Smartphone,Electronics,1,1889.88,5,1889.88,94.49,1795.39,Apple Pay,Online,2026,8,August,10,Monday,False,1795.39,1795.39
TXN-0008752,2026-08-10,DXB-005,Dubai,CUST-04535,P010,Printer,Office,1,631.81,0,631.81,0.0,631.81,Cash,Store,2026,8,August,10,Monday,False,631.81,631.81
TXN-0008794,2026-08-10,DXB-001,Dubai,CUST-06138,P006,Mouse,Accessories,2,102.45,0,204.9,0.0,204.9,Card,Store,2026,8,August,10,Monday,False,204.9,102.45
TXN-0008844,2026-08-10,DXB-003,Dubai,CUST-05509,P002,Smartphone,Electronics,2,1735.05,10,3470.1,347.01,3123.09,Bank Transfer,Store,2026,8,August,10,Monday,False,3123.09,1561.54
TXN-0008930,2026-08-10,DXB-001,Dubai,CUST-01344,P008,Desk,Furniture,2,835.91,0,1671.82,0.0,1671.82,Cash,Store,2026,8,August,10,Monday,False,1671.82,835.91
TXN-0008975,2026-08-10,DXB-001,Dubai,CUST-00231,P011,Notebook,Stationery,1,25.98,5,25.98,1.3,24.68,Apple Pay,Online,2026,8,August,10,Monday,False,24.68,24.68
TXN-0009179,2026-08-10,DXB-002,Dubai,CUST-05356,P007,Office Chair,Furniture,5,659.06,15,3295.3,494.3,2801.0,Card,Store,2026,8,August,10,Monday,False,2801.0,560.2
TXN-0009196,2026-08-10,DXB-003,Dubai,CUST-05424,P010,Printer,Office,1,763.42,15,763.42,114.51,648.91,Card,Store,2026,8,August,10,Monday,False,648.91,648.91
TXN-0009259,2026-08-10,DXB-001,Dubai,CUST-04882,P005,Keyboard,Accessories,2,199.58,15,399.16,59.87,339.29,Apple Pay,Online,2026,8,August,10,Monday,False,339.29,169.64
TXN-0009277,2026-08-10,DXB-003,Dubai,CUST-04323,P003,Headphones,Electronics,3,355.57,5,1066.71,53.34,1013.37,Cash,Store,2026,8,August,10,Monday,False,1013.37,337.79
TXN-0009278,2026-08-10,DXB-002,Dubai,CUST-05836,P003,Headphones,Electronics,4,309.47,0,1237.88,0.0,1237.88,Card,Store,2026,8,August,10,Monday,False,1237.88,309.47
TXN-0009395,2026-08-10,DXB-001,Dubai,CUST-00662,P015,Tablet,Electronics,1,1265.02,5,1265.02,63.25,1201.77,Apple Pay,Store,2026,8,August,10,Monday,False,1201.77,1201.77
TXN-0009418,2026-08-10,DXB-003,Dubai,CUST-04900,P003,Headphones,Electronics,4,369.8,5,1479.2,73.96,1405.24,Card,Online,2026,8,August,10,Monday,False,1405.24,351.31
TXN-0009592,2026-08-10,DXB-005,Dubai,CUST-06691,P008,Desk,Furniture,2,815.65,15,1631.3,244.7,1386.6,Card,Store,2026,8,August,10,Monday,False,1386.6,693.3
TXN-0009621,2026-08-10,DXB-004,Dubai,CUST-04423,P014,Power Bank,Electronics,2,137.89,0,275.78,0.0,275.78,Apple Pay,Store,2026,8,August,10,Monday,False,275.78,137.89
TXN-0009654,2026-08-10,DXB-003,Dubai,CUST-03273,P001,Laptop,Electronics,1,2870.86,0,2870.86,0.0,2870.86,Apple Pay,Store,2026,8,August,10,Monday,False,2870.86,2870.86
TXN-0009661,2026-08-10,DXB-001,Dubai,CUST-01596,P006,Mouse,Accessories,1,102.87,0,102.87,0.0,102.87,Card,Online,2026,8,August,10,Monday,False,102.87,102.87
TXN-0009669,2026-08-10,DXB-005,Dubai,CUST-03449,P007,Office Chair,Furniture,3,699.69,0,2099.07,0.0,2099.07,Card,Store,2026,8,August,10,Monday,False,2099.07,699.69
TXN-0009806,2026-08-10,DXB-003,Dubai,CUST-06236,P009,Backpack,Accessories,3,212.87,5,638.61,31.93,606.68,Card,Store,2026,8,August,10,Monday,False,606.68,202.23
TXN-0009945,2026-08-10,DXB-004,Dubai,CUST-06163,P007,Office Chair,Furniture,1,636.39,5,636.39,31.82,604.57,Cash,Store,2026,8,August,10,Monday,False,604.57,604.57
TXN-0009994,2026-08-10,DXB-003,Dubai,CUST-07243,P012,Pen Pack,Stationery,1,16.05,10,16.05,1.6,14.45,Card,Store,2026,8,August,10,Monday,False,14.45,14.45
TXN-0010085,2026-08-10,DXB-003,Dubai,CUST-00952,P005,Keyboard,Accessories,1,183.88,15,183.88,27.58,156.3,Card,Store,2026,8,August,10,Monday,False,156.3,156.3
TXN-0010122,2026-08-10,DXB-003,Dubai,CUST-07169,P001,Laptop,Electronics,2,2717.18,5,5434.36,271.72,5162.64,Bank Transfer,Store,2026,8,August,10,Monday,False,5162.64,2581.32
TXN-0010162,2026-08-10,DXB-001,Dubai,CUST-05688,P013,USB Drive,Accessories,1,39.54,10,39.54,3.95,35.59,Cash,Store,2026,8,August,10,Monday,False,35.59,35.59
TXN-0010222,2026-08-10,DXB-004,Dubai,CUST-01740,P002,Smartphone,Electronics,2,1813.73,5,3627.46,181.37,3446.09,Bank Transfer,Store,2026,8,August,10,Monday,False,3446.09,1723.04
TXN-0010233,2026-08-10,DXB-005,Dubai,CUST-07021,P003,Headphones,Electronics,1,359.49,0,359.49,0.0,359.49,Apple Pay,Online,2026,8,August,10,Monday,False,359.49,359.49
TXN-0010261,2026-08-10,DXB-004,Dubai,CUST-04290,P007,Office Chair,Furniture,1,662.07,0,662.07,0.0,662.07,Card,Store,2026,8,August,10,Monday,False,662.07,662.07
TXN-0010264,2026-08-10,DXB-005,Dubai,CUST-00014,P007,Office Chair,Furniture,3,695.65,0,2086.95,0.0,2086.95,Card,Store,2026,8,August,10,Monday,False,2086.95,695.65
TXN-0010350,2026-08-10,DXB-002,Dubai,CUST-06043,P005,Keyboard,Accessories,1,198.57,10,198.57,19.86,178.71,Apple Pay,Store,2026,8,August,10,Monday,False,178.71,178.71
TXN-0010404,2026-08-10,DXB-003,Dubai,CUST-01980,P014,Power Bank,Electronics,1,135.18,10,135.18,13.52,121.66,Apple Pay,Store,2026,8,August,10,Monday,False,121.66,121.66
TXN-0010406,2026-08-10,DXB-001,Dubai,CUST-05624,P011,Notebook,Stationery,2,23.98,0,47.96,0.0,47.96,Apple Pay,Store,2026,8,August,10,Monday,False,47.96,23.98
TXN-0010410,2026-08-10,DXB-001,Dubai,CUST-02756,P007,Office Chair,Furniture,2,680.97,5,1361.94,68.1,1293.84,Cash,Store,2026,8,August,10,Monday,False,1293.84,646.92
TXN-0010474,2026-08-10,DXB-005,Dubai,CUST-01195,P008,Desk,Furniture,2,783.29,5,1566.58,78.33,1488.25,Bank Transfer,Store,2026,8,August,10,Monday,False,1488.25,744.12
TXN-0010558,2026-08-10,DXB-004,Dubai,CUST-04591,P007,Office Chair,Furniture,1,633.06,0,633.06,0.0,633.06,Card,Store,2026,8,August,10,Monday,False,633.06,633.06
TXN-0010567,2026-08-10,DXB-003,Dubai,CUST-05255,P011,Notebook,Stationery,2,25.63,5,51.26,2.56,48.7,Cash,Store,2026,8,August,10,Monday,False,48.7,24.35
TXN-0010573,2026-08-10,DXB-004,Dubai,CUST-05638,P012,Pen Pack,Stationery,1,16.52,0,16.52,0.0,16.52,Card,Store,2026,8,August,10,Monday,False,16.52,16.52
TXN-0010618,2026-08-10,DXB-004,Dubai,CUST-03370,P013,USB Drive,Accessories,4,46.58,0,186.32,0.0,186.32,Card,Online,2026,8,August,10,Monday,False,186.32,46.58
TXN-0010908,2026-08-10,DXB-002,Dubai,CUST-03852,P001,Laptop,Electronics,2,2689.08,10,5378.16,537.82,4840.34,Bank Transfer,Store,2026,8,August,10,Monday,False,4840.34,2420.17
TXN-0010913,2026-08-10,DXB-001,Dubai,CUST-03116,P005,Keyboard,Accessories,1,193.98,0,193.98,0.0,193.98,Cash,Store,2026,8,August,10,Monday,False,193.98,193.98
TXN-0010914,2026-08-10,DXB-001,Dubai,CUST-05408,P015,Tablet,Electronics,2,1241.23,0,2482.46,0.0,2482.46,Apple Pay,Store,2026,8,August,10,Monday,False,2482.46,1241.23
TXN-0011002,2026-08-10,DXB-004,Dubai,CUST-04195,P011,Notebook,Stationery,1,27.4,15,27.4,4.11,23.29,Cash,Store,2026,8,August,10,Monday,False,23.29,23.29
TXN-0011014,2026-08-10,DXB-002,Dubai,CUST-07881,P009,Backpack,Accessories,4,239.17,0,956.68,0.0,956.68,Card,Online,2026,8,August,10,Monday,False,956.68,239.17
TXN-0011034,2026-08-10,DXB-002,Dubai,CUST-01621,P007,Office Chair,Furniture,1,585.7,5,585.7,29.28,556.42,Card,Online,2026,8,August,10,Monday,False,556.42,556.42
TXN-0011108,2026-08-10,DXB-001,Dubai,CUST-01873,P002,Smartphone,Electronics,2,1865.77,10,3731.54,373.15,3358.39,Card,Store,2026,8,August,10,Monday,False,3358.39,1679.2
TXN-0011128,2026-08-10,DXB-005,Dubai,CUST-06614,P006,Mouse,Accessories,1,104.13,10,104.13,10.41,93.72,Apple Pay,Online,2026,8,August,10,Monday,False,93.72,93.72
TXN-0011197,2026-08-10,DXB-002,Dubai,CUST-03891,P003,Headphones,Electronics,2,341.29,0,682.58,0.0,682.58,Apple Pay,Online,2026,8,August,10,Monday,False,682.58,341.29
TXN-0011264,2026-08-10,DXB-001,Dubai,CUST-00671,P010,Printer,Office,2,695.66,20,1391.32,278.26,1113.06,Apple Pay,Online,2026,8,August,10,Monday,False,1113.06,556.53
TXN-0011279,2026-08-10,DXB-004,Dubai,CUST-00482,P011,Notebook,Stationery,3,25.45,0,76.35,0.0,76.35,Cash,Store,2026,8,August,10,Monday,False,76.35,25.45
TXN-0011281,2026-08-10,DXB-003,Dubai,CUST-04918,P008,Desk,Furniture,1,793.97,20,793.97,158.79,635.18,Apple Pay,Store,2026,8,August,10,Monday,False,635.18,635.18
TXN-0011300,2026-08-10,DXB-005,Dubai,CUST-03668,P015,Tablet,Electronics,2,1131.65,15,2263.3,339.5,1923.8,Card,Online,2026,8,August,10,Monday,False,1923.8,961.9
TXN-0011366,2026-08-10,DXB-005,Dubai,CUST-03055,P002,Smartphone,Electronics,1,1854.33,0,1854.33,0.0,1854.33,Card,Store,2026,8,August,10,Monday,False,1854.33,1854.33
TXN-0011393,2026-08-10,DXB-003,Dubai,CUST-07977,P012,Pen Pack,Stationery,1,15.19,10,15.19,1.52,13.67,Card,Store,2026,8,August,10,Monday,False,13.67,13.67
TXN-0011479,2026-08-10,DXB-004,Dubai,CUST-01391,P003,Headphones,Electronics,2,356.24,0,712.48,0.0,712.48,Cash,Store,2026,8,August,10,Monday,False,712.48,356.24
TXN-0011494,2026-08-10,DXB-004,Dubai,CUST-02457,P011,Notebook,Stationery,2,25.03,0,50.06,0.0,50.06,Apple Pay,Online,2026,8,August,10,Monday,False,50.06,25.03
TXN-0011565,2026-08-10,DXB-005,Dubai,CUST-02377,P015,Tablet,Electronics,3,1176.25,0,3528.75,0.0,3528.75,Bank Transfer,Online,2026,8,August,10,Monday,False,3528.75,1176.25
TXN-0011587,2026-08-10,DXB-001,Dubai,CUST-06116,P003,Headphones,Electronics,3,373.84,10,1121.52,112.15,1009.37,Card,Store,2026,8,August,10,Monday,False,1009.37,336.46
TXN-0011648,2026-08-10,DXB-005,Dubai,CUST-00150,P001,Laptop,Electronics,1,2821.84,0,2821.84,0.0,2821.84,Cash,Online,2026,8,August,10,Monday,False,2821.84,2821.84
TXN-0011756,2026-08-10,DXB-002,Dubai,CUST-05706,P015,Tablet,Electronics,1,1232.76,10,1232.76,123.28,1109.48,Bank Transfer,Online,2026,8,August,10,Monday,False,1109.48,1109.48
TXN-0011852,2026-08-10,DXB-003,Dubai,CUST-06273,P011,Notebook,Stationery,2,25.15,0,50.3,0.0,50.3,Apple Pay,Store,2026,8,August,10,Monday,False,50.3,25.15
TXN-0011893,2026-08-10,DXB-005,Dubai,CUST-01608,P001,Laptop,Electronics,2,2758.53,0,5517.06,0.0,5517.06,Card,Store,2026,8,August,10,Monday,False,5517.06,2758.53
TXN-0011949,2026-08-10,DXB-003,Dubai,CUST-07336,P010,Printer,Office,1,703.62,0,703.62,0.0,703.62,Cash,Online,2026,8,August,10,Monday,False,703.62,703.62
TXN-0012027,2026-08-10,DXB-001,Dubai,CUST-01852,P004,Monitor,Electronics,1,869.62,5,869.62,43.48,826.14,Cash,Store,2026,8,August,10,Monday,False,826.14,826.14
TXN-0012060,2026-08-10,DXB-001,Dubai,CUST-06673,P011,Notebook,Stationery,3,20.96,5,62.88,3.14,59.74,Apple Pay,Store,2026,8,August,10,Monday,False,59.74,19.91
TXN-0012075,2026-08-10,DXB-003,Dubai,CUST-04669,P010,Printer,Office,1,712.38,15,712.38,106.86,605.52,Card,Store,2026,8,August,10,Monday,False,605.52,605.52
TXN-0012148,2026-08-10,DXB-002,Dubai,CUST-04688,P004,Monitor,Electronics,1,994.3,10,994.3,99.43,894.87,Cash,Store,2026,8,August,10,Monday,False,894.87,894.87
TXN-0012163,2026-08-10,DXB-002,Dubai,CUST-05197,P004,Monitor,Electronics,1,906.46,15,906.46,135.97,770.49,Apple Pay,Store,2026,8,August,10,Monday,False,770.49,770.49
TXN-0012189,2026-08-10,DXB-005,Dubai,CUST-04966,P010,Printer,Office,2,744.29,0,1488.58,0.0,1488.58,Cash,Store,2026,8,August,10,Monday,False,1488.58,744.29
TXN-0012247,2026-08-10,DXB-002,Dubai,CUST-03359,P004,Monitor,Electronics,1,890.15,0,890.15,0.0,890.15,Card,Online,2026,8,August,10,Monday,False,890.15,890.15
TXN-0012278,2026-08-10,DXB-005,Dubai,CUST-00267,P009,Backpack,Accessories,1,208.36,0,208.36,0.0,208.36,Card,Store,2026,8,August,10,Monday,False,208.36,208.36
TXN-0012484,2026-08-10,DXB-004,Dubai,CUST-05362,P007,Office Chair,Furniture,1,651.12,0,651.12,0.0,651.12,Cash,Online,2026,8,August,10,Monday,False,651.12,651.12
TXN-0012487,2026-08-10,DXB-001,Dubai,CUST-06127,P007,Office Chair,Furniture,4,581.93,20,2327.72,465.54,1862.18,Cash,Store,2026,8,August,10,Monday,False,1862.18,465.54
TXN-0012490,2026-08-10,DXB-001,Dubai,CUST-05724,P001,Laptop,Electronics,1,2654.66,5,2654.66,132.73,2521.93,Bank Transfer,Online,2026,8,August,10,Monday,False,2521.93,2521.93
TXN-0012501,2026-08-10,DXB-003,Dubai,CUST-07906,P013,USB Drive,Accessories,3,43.36,0,130.08,0.0,130.08,Apple Pay,Online,2026,8,August,10,Monday,False,130.08,43.36
TXN-0012503,2026-08-10,DXB-003,Dubai,CUST-02921,P004,Monitor,Electronics,1,1034.9,0,1034.9,0.0,1034.9,Apple Pay,Online,2026,8,August,10,Monday,False,1034.9,1034.9
TXN-0012533,2026-08-10,DXB-001,Dubai,CUST-00616,P014,Power Bank,Electronics,3,152.38,5,457.14,22.86,434.28,Card,Store,2026,8,August,10,Monday,False,434.28,144.76
TXN-0012539,2026-08-10,DXB-002,Dubai,CUST-06891,P004,Monitor,Electronics,1,819.65,10,819.65,81.96,737.69,Cash,Store,2026,8,August,10,Monday,False,737.69,737.69
TXN-0012652,2026-08-10,DXB-002,Dubai,CUST-06193,P007,Office Chair,Furniture,5,700.07,0,3500.35,0.0,3500.35,Bank Transfer,Store,2026,8,August,10,Monday,False,3500.35,700.07
TXN-0012770,2026-08-10,DXB-002,Dubai,CUST-05984,P013,USB Drive,Accessories,2,41.63,10,83.26,8.33,74.93,Apple Pay,Store,2026,8,August,10,Monday,False,74.93,37.47
TXN-0012997,2026-08-10,DXB-005,Dubai,CUST-04974,P006,Mouse,Accessories,1,94.57,10,94.57,9.46,85.11,Card,Store,2026,8,August,10,Monday,False,85.11,85.11
TXN-0013026,2026-08-10,DXB-004,Dubai,CUST-02487,P013,USB Drive,Accessories,1,45.88,5,45.88,2.29,43.59,Apple Pay,Store,2026,8,August,10,Monday,False,43.59,43.59
TXN-0013072,2026-08-10,DXB-001,Dubai,CUST-07066,P008,Desk,Furniture,1,770.64,0,770.64,0.0,770.64,Cash,Online,2026,8,August,10,Monday,False,770.64,770.64
TXN-0013168,2026-08-10,DXB-004,Dubai,CUST-05091,P009,Backpack,Accessories,1,203.67,0,203.67,0.0,203.67,Card,Store,2026,8,August,10,Monday,False,203.67,203.67
TXN-0013229,2026-08-10,DXB-003,Dubai,CUST-06637,P003,Headphones,Electronics,1,358.38,20,358.38,71.68,286.7,Apple Pay,Store,2026,8,August,10,Monday,False,286.7,286.7
TXN-0013235,2026-08-10,DXB-003,Dubai,CUST-05519,P009,Backpack,Accessories,1,238.45,5,238.45,11.92,226.53,Bank Transfer,Store,2026,8,August,10,Monday,False,226.53,226.53
TXN-0013299,2026-08-10,DXB-001,Dubai,CUST-02006,P006,Mouse,Accessories,1,100.84,0,100.84,0.0,100.84,Card,Online,2026,8,August,10,Monday,False,100.84,100.84
TXN-0013414,2026-08-10,DXB-001,Dubai,CUST-00483,P015,Tablet,Electronics,2,1168.71,15,2337.42,350.61,1986.81,Cash,Store,2026,8,August,10,Monday,False,1986.81,993.4
TXN-0013622,2026-08-10,DXB-002,Dubai,CUST-01193,P004,Monitor,Electronics,1,923.85,10,923.85,92.38,831.47,Cash,Online,2026,8,August,10,Monday,False,831.47,831.47
TXN-0013715,2026-08-10,DXB-004,Dubai,CUST-02471,P002,Smartphone,Electronics,1,1769.56,15,1769.56,265.43,1504.13,Cash,Online,2026,8,August,10,Monday,False,1504.13,1504.13
TXN-0013852,2026-08-10,DXB-005,Dubai,CUST-07761,P007,Office Chair,Furniture,2,682.34,15,1364.68,204.7,1159.98,Card,Online,2026,8,August,10,Monday,False,1159.98,579.99
TXN-0013924,2026-08-10,DXB-003,Dubai,CUST-07010,P013,USB Drive,Accessories,3,46.2,0,138.6,0.0,138.6,Card,Store,2026,8,August,10,Monday,False,138.6,46.2
TXN-0013936,2026-08-10,DXB-005,Dubai,CUST-02077,P010,Printer,Office,2,771.56,0,1543.12,0.0,1543.12,Apple Pay,Store,2026,8,August,10,Monday,False,1543.12,771.56
TXN-0014073,2026-08-10,DXB-002,Dubai,CUST-07535,P004,Monitor,Electronics,1,892.55,0,892.55,0.0,892.55,Bank Transfer,Store,2026,8,August,10,Monday,False,892.55,892.55
TXN-0014122,2026-08-10,DXB-004,Dubai,CUST-01676,P006,Mouse,Accessories,1,103.8,5,103.8,5.19,98.61,Card,Online,2026,8,August,10,Monday,False,98.61,98.61
TXN-0014173,2026-08-10,DXB-001,Dubai,CUST-05020,P011,Notebook,Stationery,5,24.49,10,122.45,12.24,110.21,Card,Store,2026,8,August,10,Monday,False,110.21,22.04
TXN-0014178,2026-08-10,DXB-003,Dubai,CUST-00424,P005,Keyboard,Accessories,1,168.44,10,168.44,16.84,151.6,Apple Pay,Store,2026,8,August,10,Monday,False,151.6,151.6
TXN-0014325,2026-08-10,DXB-004,Dubai,CUST-04286,P012,Pen Pack,Stationery,2,13.62,10,27.24,2.72,24.52,Cash,Store,2026,8,August,10,Monday,False,24.52,12.26
TXN-0014341,2026-08-10,DXB-002,Dubai,CUST-03151,P003,Headphones,Electronics,2,368.52,10,737.04,73.7,663.34,Card,Online,2026,8,August,10,Monday,False,663.34,331.67
TXN-0014418,2026-08-10,DXB-004,Dubai,CUST-07579,P007,Office Chair,Furniture,1,664.73,5,664.73,33.24,631.49,Apple Pay,Store,2026,8,August,10,Monday,False,631.49,631.49
TXN-0014571,2026-08-10,DXB-001,Dubai,CUST-02161,P014,Power Bank,Electronics,1,140.37,5,140.37,7.02,133.35,Card,Store,2026,8,August,10,Monday,False,133.35,133.35
TXN-0014619,2026-08-10,DXB-001,Dubai,CUST-05244,P015,Tablet,Electronics,1,1302.98,10,1302.98,130.3,1172.68,Apple Pay,Store,2026,8,August,10,Monday,False,1172.68,1172.68
TXN-0014632,2026-08-10,DXB-003,Dubai,CUST-03862,P014,Power Bank,Electronics,3,152.48,0,457.44,0.0,457.44,Card,Store,2026,8,August,10,Monday,False,457.44,152.48
TXN-0014730,2026-08-10,DXB-004,Dubai,CUST-07101,P011,Notebook,Stationery,2,24.08,0,48.16,0.0,48.16,Card,Online,2026,8,August,10,Monday,False,48.16,24.08
TXN-0014734,2026-08-10,DXB-003,Dubai,CUST-02510,P014,Power Bank,Electronics,2,155.47,10,310.94,31.09,279.85,Apple Pay,Store,2026,8,August,10,Monday,False,279.85,139.93
TXN-0014805,2026-08-10,DXB-004,Dubai,CUST-03755,P011,Notebook,Stationery,1,23.97,0,23.97,0.0,23.97,Cash,Online,2026,8,August,10,Monday,False,23.97,23.97
TXN-0014923,2026-08-10,DXB-003,Dubai,CUST-04896,P011,Notebook,Stationery,1,22.42,15,22.42,3.36,19.06,Card,Store,2026,8,August,10,Monday,False,19.06,19.06
TXN-0014936,2026-08-10,DXB-001,Dubai,CUST-05662,P002,Smartphone,Electronics,4,1786.72,10,7146.88,714.69,6432.19,Card,Store,2026,8,August,10,Monday,False,6432.19,1608.05
TXN-0014942,2026-08-10,DXB-001,Dubai,CUST-01512,P014,Power Bank,Electronics,1,150.97,0,150.97,0.0,150.97,Cash,Online,2026,8,August,10,Monday,False,150.97,150.97
TXN-0014967,2026-08-10,DXB-001,Dubai,CUST-01066,P010,Printer,Office,6,675.2,0,4051.2,0.0,4051.2,Apple Pay,Online,2026,8,August,10,Monday,False,4051.2,675.2
TXN-0015048,2026-08-10,DXB-003,Dubai,CUST-07452,P009,Backpack,Accessories,1,218.01,10,218.01,21.8,196.21,Card,Store,2026,8,August,10,Monday,False,196.21,196.21
TXN-0015060,2026-08-10,DXB-002,Dubai,CUST-05497,P002,Smartphone,Electronics,4,1759.17,10,7036.68,703.67,6333.01,Card,Online,2026,8,August,10,Monday,False,6333.01,1583.25
TXN-0015237,2026-08-10,DXB-001,Dubai,CUST-04590,P007,Office Chair,Furniture,1,622.65,5,622.65,31.13,591.52,Card,Store,2026,8,August,10,Monday,False,591.52,591.52
TXN-0015253,2026-08-10,DXB-004,Dubai,CUST-05618,P013,USB Drive,Accessories,3,46.95,15,140.85,21.13,119.72,Card,Online,2026,8,August,10,Monday,False,119.72,39.91
TXN-0015317,2026-08-10,DXB-003,Dubai,CUST-04822,P003,Headphones,Electronics,1,362.0,5,362.0,18.1,343.9,Card,Online,2026,8,August,10,Monday,False,343.9,343.9
TXN-0015323,2026-08-10,DXB-001,Dubai,CUST-06066,P008,Desk,Furniture,2,791.59,0,1583.18,0.0,1583.18,Card,Store,2026,8,August,10,Monday,False,1583.18,791.59
TXN-0015344,2026-08-10,DXB-001,Dubai,CUST-04060,P014,Power Bank,Electronics,1,149.89,0,149.89,0.0,149.89,Cash,Store,2026,8,August,10,Monday,False,149.89,149.89
TXN-0015414,2026-08-10,DXB-005,Dubai,CUST-06097,P011,Notebook,Stationery,1,26.57,10,26.57,2.66,23.91,Card,Online,2026,8,August,10,Monday,False,23.91,23.91
TXN-0015586,2026-08-10,DXB-002,Dubai,CUST-05782,P002,Smartphone,Electronics,1,1959.48,0,1959.48,0.0,1959.48,Card,Store,2026,8,August,10,Monday,False,1959.48,1959.48
TXN-0015736,2026-08-10,DXB-001,Dubai,CUST-02751,P007,Office Chair,Furniture,1,672.06,0,672.06,0.0,672.06,Apple Pay,Store,2026,8,August,10,Monday,False,672.06,672.06
TXN-0015795,2026-08-10,DXB-001,Dubai,CUST-00823,P013,USB Drive,Accessories,1,46.63,0,46.63,0.0,46.63,Card,Store,2026,8,August,10,Monday,False,46.63,46.63
TXN-0015854,2026-08-10,DXB-003,Dubai,CUST-06964,P006,Mouse,Accessories,1,98.95,0,98.95,0.0,98.95,Card,Store,2026,8,August,10,Monday,False,98.95,98.95
TXN-0015868,2026-08-10,DXB-004,Dubai,CUST-00882,P009,Backpack,Accessories,2,232.47,0,464.94,0.0,464.94,Card,Store,2026,8,August,10,Monday,False,464.94,232.47
TXN-0015882,2026-08-10,DXB-004,Dubai,CUST-03871,P004,Monitor,Electronics,1,882.49,10,882.49,88.25,794.24,Card,Online,2026,8,August,10,Monday,False,794.24,794.24
TXN-0016035,2026-08-10,DXB-002,Dubai,CUST-05308,P004,Monitor,Electronics,4,875.15,10,3500.6,350.06,3150.54,Card,Online,2026,8,August,10,Monday,False,3150.54,787.64
TXN-0016082,2026-08-10,DXB-001,Dubai,CUST-03789,P004,Monitor,Electronics,1,909.5,5,909.5,45.48,864.02,Cash,Store,2026,8,August,10,Monday,False,864.02,864.02
TXN-0016125,2026-08-10,DXB-005,Dubai,CUST-00857,P005,Keyboard,Accessories,1,176.27,0,176.27,0.0,176.27,Card,Store,2026,8,August,10,Monday,False,176.27,176.27
TXN-0016176,2026-08-10,DXB-005,Dubai,CUST-02554,P010,Printer,Office,1,778.54,0,778.54,0.0,778.54,Card,Store,2026,8,August,10,Monday,False,778.54,778.54
TXN-0016204,2026-08-10,DXB-003,Dubai,CUST-04423,P010,Printer,Office,1,574.9,0,574.9,0.0,574.9,Cash,Store,2026,8,August,10,Monday,False,574.9,574.9
TXN-0016347,2026-08-10,DXB-003,Dubai,CUST-02964,P012,Pen Pack,Stationery,1,15.97,15,15.97,2.4,13.57,Card,Store,2026,8,August,10,Monday,False,13.57,13.57
TXN-0016485,2026-08-10,DXB-003,Dubai,CUST-06518,P002,Smartphone,Electronics,1,1705.55,5,1705.55,85.28,1620.27,Bank Transfer,Store,2026,8,August,10,Monday,False,1620.27,1620.27
TXN-0016492,2026-08-10,DXB-002,Dubai,CUST-00477,P009,Backpack,Accessories,1,221.62,15,221.62,33.24,188.38,Apple Pay,Online,2026,8,August,10,Monday,False,188.38,188.38
TXN-0016572,2026-08-10,DXB-005,Dubai,CUST-06229,P004,Monitor,Electronics,1,778.59,0,778.59,0.0,778.59,Apple Pay,Store,2026,8,August,10,Monday,False,778.59,778.59
TXN-0016627,2026-08-10,DXB-005,Dubai,CUST-07394,P003,Headphones,Electronics,5,359.18,0,1795.9,0.0,1795.9,Bank Transfer,Store,2026,8,August,10,Monday,False,1795.9,359.18
TXN-0016669,2026-08-10,DXB-003,Dubai,CUST-05371,P002,Smartphone,Electronics,1,1880.35,15,1880.35,282.05,1598.3,Card,Store,2026,8,August,10,Monday,False,1598.3,1598.3
TXN-0016722,2026-08-10,DXB-001,Dubai,CUST-00875,P007,Office Chair,Furniture,2,637.65,10,1275.3,127.53,1147.77,Card,Store,2026,8,August,10,Monday,False,1147.77,573.88
TXN-0016770,2026-08-10,DXB-001,Dubai,CUST-04700,P010,Printer,Office,1,633.92,10,633.92,63.39,570.53,Card,Online,2026,8,August,10,Monday,False,570.53,570.53
TXN-0016804,2026-08-10,DXB-004,Dubai,CUST-03274,P008,Desk,Furniture,3,730.73,0,2192.19,0.0,2192.19,Apple Pay,Store,2026,8,August,10,Monday,False,2192.19,730.73
TXN-0016837,2026-08-10,DXB-001,Dubai,CUST-05641,P007,Office Chair,Furniture,1,603.15,0,603.15,0.0,603.15,Card,Store,2026,8,August,10,Monday,False,603.15,603.15
TXN-0016861,2026-08-10,DXB-003,Dubai,CUST-02926,P003,Headphones,Electronics,1,352.49,10,352.49,35.25,317.24,Apple Pay,Store,2026,8,August,10,Monday,False,317.24,317.24
TXN-0016880,2026-08-10,DXB-005,Dubai,CUST-05017,P006,Mouse,Accessories,1,98.88,0,98.88,0.0,98.88,Cash,Store,2026,8,August,10,Monday,False,98.88,98.88
TXN-0016964,2026-08-10,DXB-001,Dubai,CUST-00573,P002,Smartphone,Electronics,1,1724.6,0,1724.6,0.0,1724.6,Cash,Store,2026,8,August,10,Monday,False,1724.6,1724.6
TXN-0017082,2026-08-10,DXB-002,Dubai,CUST-01454,P006,Mouse,Accessories,2,96.04,10,192.08,19.21,172.87,Card,Store,2026,8,August,10,Monday,False,172.87,86.44
TXN-0017127,2026-08-10,DXB-001,Dubai,CUST-01662,P006,Mouse,Accessories,1,100.6,5,100.6,5.03,95.57,Cash,Store,2026,8,August,10,Monday,False,95.57,95.57
TXN-0017238,2026-08-10,DXB-002,Dubai,CUST-07542,P002,Smartphone,Electronics,2,1870.9,10,3741.8,374.18,3367.62,Card,Online,2026,8,August,10,Monday,False,3367.62,1683.81
TXN-0017243,2026-08-10,DXB-004,Dubai,CUST-03987,P007,Office Chair,Furniture,1,648.58,10,648.58,64.86,583.72,Card,Store,2026,8,August,10,Monday,False,583.72,583.72
TXN-0017279,2026-08-10,DXB-005,Dubai,CUST-03411,P006,Mouse,Accessories,2,95.49,0,190.98,0.0,190.98,Card,Store,2026,8,August,10,Monday,False,190.98,95.49
TXN-0017348,2026-08-10,DXB-001,Dubai,CUST-04479,P008,Desk,Furniture,1,802.96,10,802.96,80.3,722.66,Card,Online,2026,8,August,10,Monday,False,722.66,722.66
TXN-0017419,2026-08-10,DXB-003,Dubai,CUST-07527,P004,Monitor,Electronics,1,863.22,0,863.22,0.0,863.22,Apple Pay,Online,2026,8,August,10,Monday,False,863.22,863.22
TXN-0017486,2026-08-10,DXB-001,Dubai,CUST-00721,P014,Power Bank,Electronics,3,157.78,0,473.34,0.0,473.34,Card,Store,2026,8,August,10,Monday,False,473.34,157.78
TXN-0017552,2026-08-10,DXB-003,Dubai,CUST-04949,P003,Headphones,Electronics,1,306.51,5,306.51,15.33,291.18,Card,Online,2026,8,August,10,Monday,False,291.18,291.18
TXN-0017585,2026-08-10,DXB-004,Dubai,CUST-03444,P006,Mouse,Accessories,3,105.9,20,317.7,63.54,254.16,Card,Online,2026,8,August,10,Monday,False,254.16,84.72
TXN-0017602,2026-08-10,DXB-004,Dubai,CUST-07557,P002,Smartphone,Electronics,2,1821.52,15,3643.04,546.46,3096.58,Cash,Store,2026,8,August,10,Monday,False,3096.58,1548.29
TXN-0017658,2026-08-10,DXB-002,Dubai,CUST-01479,P001,Laptop,Electronics,1,2742.58,0,2742.58,0.0,2742.58,Apple Pay,Online,2026,8,August,10,Monday,False,2742.58,2742.58
TXN-0017678,2026-08-10,DXB-002,Dubai,CUST-03435,P008,Desk,Furniture,2,849.84,5,1699.68,84.98,1614.7,Card,Store,2026,8,August,10,Monday,False,1614.7,807.35
TXN-0017682,2026-08-10,DXB-001,Dubai,CUST-07954,P011,Notebook,Stationery,1,24.36,5,24.36,1.22,23.14,Card,Store,2026,8,August,10,Monday,False,23.14,23.14
TXN-0017699,2026-08-10,DXB-001,Dubai,CUST-06186,P008,Desk,Furniture,2,793.08,0,1586.16,0.0,1586.16,Apple Pay,Online,2026,8,August,10,Monday,False,1586.16,793.08
TXN-0017712,2026-08-10,DXB-005,Dubai,CUST-01726,P011,Notebook,Stationery,2,25.21,10,50.42,5.04,45.38,Apple Pay,Store,2026,8,August,10,Monday,False,45.38,22.69
TXN-0017758,2026-08-10,DXB-005,Dubai,CUST-00512,P002,Smartphone,Electronics,6,1626.38,15,9758.28,1463.74,8294.54,Card,Online,2026,8,August,10,Monday,False,8294.54,1382.42
TXN-0017800,2026-08-10,DXB-003,Dubai,CUST-00920,P015,Tablet,Electronics,2,1301.51,0,2603.02,0.0,2603.02,Card,Store,2026,8,August,10,Monday,False,2603.02,1301.51
TXN-0017805,2026-08-10,DXB-001,Dubai,CUST-04244,P006,Mouse,Accessories,1,101.64,0,101.64,0.0,101.64,Cash,Store,2026,8,August,10,Monday,False,101.64,101.64
TXN-0017907,2026-08-10,DXB-003,Dubai,CUST-01662,P010,Printer,Office,1,649.13,0,649.13,0.0,649.13,Cash,Store,2026,8,August,10,Monday,False,649.13,649.13
TXN-0017932,2026-08-10,DXB-001,Dubai,CUST-07736,P001,Laptop,Electronics,2,2546.25,5,5092.5,254.62,4837.88,Card,Online,2026,8,August,10,Monday,False,4837.88,2418.94
TXN-0017984,2026-08-10,DXB-004,Dubai,CUST-04144,P009,Backpack,Accessories,1,227.96,0,227.96,0.0,227.96,Apple Pay,Online,2026,8,August,10,Monday,False,227.96,227.96
TXN-0018127,2026-08-10,DXB-004,Dubai,CUST-05116,P006,Mouse,Accessories,3,104.79,0,314.37,0.0,314.37,Cash,Store,2026,8,August,10,Monday,False,314.37,104.79
TXN-0018205,2026-08-10,DXB-002,Dubai,CUST-00501,P014,Power Bank,Electronics,6,140.03,15,840.18,126.03,714.15,Card,Store,2026,8,August,10,Monday,False,714.15,119.02
TXN-0018342,2026-08-10,DXB-004,Dubai,CUST-06388,P010,Printer,Office,2,702.2,5,1404.4,70.22,1334.18,Bank Transfer,Online,2026,8,August,10,Monday,False,1334.18,667.09
TXN-0018499,2026-08-10,DXB-001,Dubai,CUST-00316,P014,Power Bank,Electronics,2,152.05,5,304.1,15.2,288.9,Apple Pay,Store,2026,8,August,10,Monday,False,288.9,144.45
TXN-0018531,2026-08-10,DXB-005,Dubai,CUST-01343,P005,Keyboard,Accessories,1,176.38,5,176.38,8.82,167.56,Card,Store,2026,8,August,10,Monday,False,167.56,167.56
TXN-0018555,2026-08-10,DXB-002,Dubai,CUST-05416,P002,Smartphone,Electronics,4,1698.18,10,6792.72,679.27,6113.45,Card,Store,2026,8,August,10,Monday,False,6113.45,1528.36
TXN-0018568,2026-08-10,DXB-002,Dubai,CUST-06121,P008,Desk,Furniture,1,767.32,0,767.32,0.0,767.32,Cash,Store,2026,8,August,10,Monday,False,767.32,767.32
TXN-0018579,2026-08-10,DXB-002,Dubai,CUST-04996,P010,Printer,Office,4,657.42,20,2629.68,525.94,2103.74,Card,Store,2026,8,August,10,Monday,False,2103.74,525.93
TXN-0018630,2026-08-10,DXB-004,Dubai,CUST-01872,P002,Smartphone,Electronics,1,1774.18,15,1774.18,266.13,1508.05,Apple Pay,Store,2026,8,August,10,Monday,False,1508.05,1508.05
TXN-0018681,2026-08-10,DXB-003,Dubai,CUST-03744,P013,USB Drive,Accessories,6,42.64,0,255.84,0.0,255.84,Card,Store,2026,8,August,10,Monday,False,255.84,42.64
TXN-0018711,2026-08-10,DXB-001,Dubai,CUST-05286,P006,Mouse,Accessories,3,85.86,0,257.58,0.0,257.58,Card,Store,2026,8,August,10,Monday,False,257.58,85.86
TXN-0018756,2026-08-10,DXB-003,Dubai,CUST-03863,P014,Power Bank,Electronics,1,157.63,0,157.63,0.0,157.63,Apple Pay,Online,2026,8,August,10,Monday,False,157.63,157.63
TXN-0018760,2026-08-10,DXB-001,Dubai,CUST-05310,P011,Notebook,Stationery,4,23.76,0,95.04,0.0,95.04,Card,Store,2026,8,August,10,Monday,False,95.04,23.76
TXN-0018789,2026-08-10,DXB-001,Dubai,CUST-04490,P014,Power Bank,Electronics,2,144.38,5,288.76,14.44,274.32,Apple Pay,Store,2026,8,August,10,Monday,False,274.32,137.16
TXN-0018880,2026-08-10,DXB-004,Dubai,CUST-06617,P015,Tablet,Electronics,1,1261.25,20,1261.25,252.25,1009.0,Card,Store,2026,8,August,10,Monday,False,1009.0,1009.0
TXN-0018881,2026-08-10,DXB-003,Dubai,CUST-00871,P015,Tablet,Electronics,1,1089.44,5,1089.44,54.47,1034.97,Apple Pay,Online,2026,8,August,10,Monday,False,1034.97,1034.97
TXN-0018883,2026-08-10,DXB-003,Dubai,CUST-03622,P002,Smartphone,Electronics,5,1823.5,0,9117.5,0.0,9117.5,Card,Online,2026,8,August,10,Monday,False,9117.5,1823.5
TXN-0018916,2026-08-10,DXB-002,Dubai,CUST-02348,P012,Pen Pack,Stationery,1,15.31,10,15.31,1.53,13.78,Card,Store,2026,8,August,10,Monday,False,13.78,13.78
TXN-0019030,2026-08-10,DXB-005,Dubai,CUST-01005,P007,Office Chair,Furniture,2,596.17,15,1192.34,178.85,1013.49,Bank Transfer,Store,2026,8,August,10,Monday,False,1013.49,506.74
TXN-0019117,2026-08-10,DXB-005,Dubai,CUST-02067,P004,Monitor,Electronics,2,969.9,0,1939.8,0.0,1939.8,Card,Store,2026,8,August,10,Monday,False,1939.8,969.9
TXN-0019194,2026-08-10,DXB-004,Dubai,CUST-05742,P002,Smartphone,Electronics,2,1810.86,10,3621.72,362.17,3259.55,Card,Online,2026,8,August,10,Monday,False,3259.55,1629.78
TXN-0019201,2026-08-10,DXB-002,Dubai,CUST-00343,P012,Pen Pack,Stationery,1,15.6,15,15.6,2.34,13.26,Cash,Store,2026,8,August,10,Monday,False,13.26,13.26
TXN-0019210,2026-08-10,DXB-004,Dubai,CUST-01284,P002,Smartphone,Electronics,2,1879.51,5,3759.02,187.95,3571.07,Card,Store,2026,8,August,10,Monday,False,3571.07,1785.54
TXN-0019242,2026-08-10,DXB-002,Dubai,CUST-00549,P014,Power Bank,Electronics,2,157.52,0,315.04,0.0,315.04,Bank Transfer,Store,2026,8,August,10,Monday,False,315.04,157.52
TXN-0019283,2026-08-10,DXB-004,Dubai,CUST-00484,P010,Printer,Office,3,730.29,0,2190.87,0.0,2190.87,Card,Store,2026,8,August,10,Monday,False,2190.87,730.29
TXN-0019463,2026-08-10,DXB-003,Dubai,CUST-07181,P012,Pen Pack,Stationery,2,15.95,5,31.9,1.6,30.3,Card,Store,2026,8,August,10,Monday,False,30.3,15.15
TXN-0019468,2026-08-10,DXB-002,Dubai,CUST-06634,P001,Laptop,Electronics,2,2525.32,20,5050.64,1010.13,4040.51,Cash,Store,2026,8,August,10,Monday,False,4040.51,2020.26
TXN-0019476,2026-08-10,DXB-005,Dubai,CUST-01496,P014,Power Bank,Electronics,1,153.38,0,153.38,0.0,153.38,Card,Store,2026,8,August,10,Monday,False,153.38,153.38
TXN-0019562,2026-08-10,DXB-003,Dubai,CUST-07698,P001,Laptop,Electronics,1,2751.84,5,2751.84,137.59,2614.25,Card,Online,2026,8,August,10,Monday,False,2614.25,2614.25
TXN-0019599,2026-08-10,DXB-005,Dubai,CUST-03073,P002,Smartphone,Electronics,1,2056.33,5,2056.33,102.82,1953.51,Cash,Store,2026,8,August,10,Monday,False,1953.51,1953.51
TXN-0019605,2026-08-10,DXB-005,Dubai,CUST-01706,P015,Tablet,Electronics,2,1339.96,10,2679.92,267.99,2411.93,Card,Store,2026,8,August,10,Monday,False,2411.93,1205.96
TXN-0019632,2026-08-10,DXB-001,Dubai,CUST-07893,P004,Monitor,Electronics,1,872.31,5,872.31,43.62,828.69,Card,Online,2026,8,August,10,Monday,False,828.69,828.69
TXN-0019649,2026-08-10,DXB-002,Dubai,CUST-01420,P011,Notebook,Stationery,2,23.68,10,47.36,4.74,42.62,Cash,Store,2026,8,August,10,Monday,False,42.62,21.31
TXN-0019674,2026-08-10,DXB-004,Dubai,CUST-05892,P011,Notebook,Stationery,1,25.63,5,25.63,1.28,24.35,Apple Pay,Store,2026,8,August,10,Monday,False,24.35,24.35
TXN-0019686,2026-08-10,DXB-003,Dubai,CUST-04043,P001,Laptop,Electronics,5,2879.88,10,14399.4,1439.94,12959.46,Card,Store,2026,8,August,10,Monday,False,12959.46,2591.89
TXN-0019719,2026-08-10,DXB-005,Dubai,CUST-05345,P010,Printer,Office,2,720.2,0,1440.4,0.0,1440.4,Cash,Online,2026,8,August,10,Monday,False,1440.4,720.2
TXN-0019758,2026-08-10,DXB-002,Dubai,CUST-00015,P014,Power Bank,Electronics,2,161.46,20,322.92,64.58,258.34,Cash,Store,2026,8,August,10,Monday,False,258.34,129.17
TXN-0019938,2026-08-10,DXB-001,Dubai,CUST-01201,P006,Mouse,Accessories,3,84.56,5,253.68,12.68,241.0,Apple Pay,Store,2026,8,August,10,Monday,False,241.0,80.33
TXN-0020018,2026-08-10,DXB-003,Dubai,CUST-07582,P010,Printer,Office,1,759.49,10,759.49,75.95,683.54,Card,Store,2026,8,August,10,Monday,False,683.54,683.54
TXN-0020042,2026-08-10,DXB-003,Dubai,CUST-06665,P014,Power Bank,Electronics,1,153.1,0,153.1,0.0,153.1,Cash,Online,2026,8,August,10,Monday,False,153.1,153.1
TXN-0020053,2026-08-10,DXB-005,Dubai,CUST-06655,P001,Laptop,Electronics,1,2365.74,20,2365.74,473.15,1892.59,Apple Pay,Store,2026,8,August,10,Monday,False,1892.59,1892.59
TXN-0020055,2026-08-10,DXB-003,Dubai,CUST-06607,P014,Power Bank,Electronics,1,154.13,0,154.13,0.0,154.13,Cash,Store,2026,8,August,10,Monday,False,154.13,154.13
TXN-0020112,2026-08-10,DXB-002,Dubai,CUST-02257,P007,Office Chair,Furniture,1,646.46,0,646.46,0.0,646.46,Card,Store,2026,8,August,10,Monday,False,646.46,646.46
TXN-0020150,2026-08-10,DXB-003,Dubai,CUST-07671,P001,Laptop,Electronics,2,2566.78,10,5133.56,513.36,4620.2,Cash,Store,2026,8,August,10,Monday,False,4620.2,2310.1
TXN-0020156,2026-08-10,DXB-001,Dubai,CUST-05711,P011,Notebook,Stationery,1,25.38,5,25.38,1.27,24.11,Card,Store,2026,8,August,10,Monday,False,24.11,24.11
TXN-0020179,2026-08-10,DXB-001,Dubai,CUST-04044,P004,Monitor,Electronics,1,814.63,10,814.63,81.46,733.17,Card,Store,2026,8,August,10,Monday,False,733.17,733.17
TXN-0020185,2026-08-10,DXB-005,Dubai,CUST-05739,P010,Printer,Office,1,688.03,10,688.03,68.8,619.23,Card,Store,2026,8,August,10,Monday,False,619.23,619.23
TXN-0020215,2026-08-10,DXB-003,Dubai,CUST-07176,P007,Office Chair,Furniture,2,683.23,5,1366.46,68.32,1298.14,Bank Transfer,Store,2026,8,August,10,Monday,False,1298.14,649.07
TXN-0020387,2026-08-10,DXB-002,Dubai,CUST-06114,P013,USB Drive,Accessories,1,45.78,0,45.78,0.0,45.78,Card,Online,2026,8,August,10,Monday,False,45.78,45.78
TXN-0020429,2026-08-10,DXB-002,Dubai,CUST-01797,P008,Desk,Furniture,2,792.64,5,1585.28,79.26,1506.02,Cash,Store,2026,8,August,10,Monday,False,1506.02,753.01
TXN-0020476,2026-08-10,DXB-001,Dubai,CUST-02813,P008,Desk,Furniture,2,902.82,10,1805.64,180.56,1625.08,Card,Online,2026,8,August,10,Monday,False,1625.08,812.54
TXN-0020511,2026-08-10,DXB-001,Dubai,CUST-03707,P007,Office Chair,Furniture,4,718.77,5,2875.08,143.75,2731.33,Apple Pay,Store,2026,8,August,10,Monday,False,2731.33,682.83
TXN-0020572,2026-08-10,DXB-005,Dubai,CUST-00471,P008,Desk,Furniture,3,794.8,0,2384.4,0.0,2384.4,Cash,Store,2026,8,August,10,Monday,False,2384.4,794.8
TXN-0020581,2026-08-10,DXB-005,Dubai,CUST-03041,P015,Tablet,Electronics,4,1182.8,0,4731.2,0.0,4731.2,Card,Online,2026,8,August,10,Monday,False,4731.2,1182.8
TXN-0020619,2026-08-10,DXB-003,Dubai,CUST-05700,P015,Tablet,Electronics,1,1229.07,5,1229.07,61.45,1167.62,Cash,Online,2026,8,August,10,Monday,False,1167.62,1167.62
TXN-0020639,2026-08-10,DXB-003,Dubai,CUST-02943,P011,Notebook,Stationery,1,24.73,5,24.73,1.24,23.49,Card,Store,2026,8,August,10,Monday,False,23.49,23.49
TXN-0020842,2026-08-10,DXB-002,Dubai,CUST-05637,P015,Tablet,Electronics,2,1279.15,15,2558.3,383.74,2174.56,Apple Pay,Online,2026,8,August,10,Monday,False,2174.56,1087.28
TXN-0020916,2026-08-10,DXB-003,Dubai,CUST-06810,P011,Notebook,Stationery,2,25.96,0,51.92,0.0,51.92,Apple Pay,Store,2026,8,August,10,Monday,False,51.92,25.96
TXN-0020961,2026-08-10,DXB-003,Dubai,CUST-04246,P002,Smartphone,Electronics,3,1857.79,20,5573.37,1114.67,4458.7,Apple Pay,Store,2026,8,August,10,Monday,False,4458.7,1486.23
TXN-0021001,2026-08-10,DXB-001,Dubai,CUST-07315,P013,USB Drive,Accessories,1,44.78,5,44.78,2.24,42.54,Card,Store,2026,8,August,10,Monday,False,42.54,42.54
TXN-0021006,2026-08-10,DXB-003,Dubai,CUST-03658,P013,USB Drive,Accessories,1,44.78,0,44.78,0.0,44.78,Card,Online,2026,8,August,10,Monday,False,44.78,44.78
TXN-0021032,2026-08-10,DXB-002,Dubai,CUST-02594,P015,Tablet,Electronics,2,1132.12,5,2264.24,113.21,2151.03,Card,Store,2026,8,August,10,Monday,False,2151.03,1075.52
TXN-0021045,2026-08-10,DXB-003,Dubai,CUST-00783,P002,Smartphone,Electronics,1,1961.4,15,1961.4,294.21,1667.19,Card,Store,2026,8,August,10,Monday,False,1667.19,1667.19
TXN-0021073,2026-08-10,DXB-001,Dubai,CUST-00695,P010,Printer,Office,1,646.71,10,646.71,64.67,582.04,Bank Transfer,Store,2026,8,August,10,Monday,False,582.04,582.04
TXN-0021134,2026-08-10,DXB-001,Dubai,CUST-07333,P008,Desk,Furniture,2,872.42,0,1744.84,0.0,1744.84,Apple Pay,Store,2026,8,August,10,Monday,False,1744.84,872.42
TXN-0021169,2026-08-10,DXB-001,Dubai,CUST-05482,P013,USB Drive,Accessories,2,47.16,0,94.32,0.0,94.32,Bank Transfer,Store,2026,8,August,10,Monday,False,94.32,47.16
TXN-0021235,2026-08-10,DXB-002,Dubai,CUST-07789,P008,Desk,Furniture,4,832.43,15,3329.72,499.46,2830.26,Card,Online,2026,8,August,10,Monday,False,2830.26,707.56
TXN-0021251,2026-08-10,DXB-005,Dubai,CUST-04504,P003,Headphones,Electronics,1,375.27,10,375.27,37.53,337.74,Card,Store,2026,8,August,10,Monday,False,337.74,337.74
TXN-0021338,2026-08-10,DXB-001,Dubai,CUST-04892,P010,Printer,Office,2,670.81,5,1341.62,67.08,1274.54,Bank Transfer,Store,2026,8,August,10,Monday,False,1274.54,637.27
TXN-0021410,2026-08-10,DXB-002,Dubai,CUST-07423,P005,Keyboard,Accessories,5,193.26,5,966.3,48.32,917.98,Card,Store,2026,8,August,10,Monday,False,917.98,183.6
TXN-0021428,2026-08-10,DXB-005,Dubai,CUST-02319,P011,Notebook,Stationery,1,27.04,10,27.04,2.7,24.34,Card,Store,2026,8,August,10,Monday,False,24.34,24.34
TXN-0021442,2026-08-10,DXB-003,Dubai,CUST-05310,P009,Backpack,Accessories,3,220.96,10,662.88,66.29,596.59,Apple Pay,Store,2026,8,August,10,Monday,False,596.59,198.86
TXN-0021448,2026-08-10,DXB-004,Dubai,CUST-06525,P009,Backpack,Accessories,3,227.09,10,681.27,68.13,613.14,Card,Store,2026,8,August,10,Monday,False,613.14,204.38
TXN-0021508,2026-08-10,DXB-003,Dubai,CUST-02534,P010,Printer,Office,1,638.85,10,638.85,63.88,574.97,Card,Store,2026,8,August,10,Monday,False,574.97,574.97
TXN-0021545,2026-08-10,DXB-004,Dubai,CUST-07843,P004,Monitor,Electronics,2,927.19,20,1854.38,370.88,1483.5,Apple Pay,Store,2026,8,August,10,Monday,False,1483.5,741.75
TXN-0021580,2026-08-10,DXB-002,Dubai,CUST-04812,P007,Office Chair,Furniture,1,619.55,0,619.55,0.0,619.55,Cash,Store,2026,8,August,10,Monday,False,619.55,619.55
TXN-0021594,2026-08-10,DXB-002,Dubai,CUST-01382,P004,Monitor,Electronics,5,921.63,0,4608.15,0.0,4608.15,Apple Pay,Store,2026,8,August,10,Monday,False,4608.15,921.63
TXN-0021645,2026-08-10,DXB-001,Dubai,CUST-02890,P004,Monitor,Electronics,1,825.56,10,825.56,82.56,743.0,Cash,Online,2026,8,August,10,Monday,False,743.0,743.0
TXN-0021646,2026-08-10,DXB-001,Dubai,CUST-00546,P005,Keyboard,Accessories,1,181.25,5,181.25,9.06,172.19,Apple Pay,Online,2026,8,August,10,Monday,False,172.19,172.19
TXN-0021852,2026-08-10,DXB-001,Dubai,CUST-00592,P013,USB Drive,Accessories,1,40.95,0,40.95,0.0,40.95,Card,Store,2026,8,August,10,Monday,False,40.95,40.95
TXN-0021917,2026-08-10,DXB-003,Dubai,CUST-03877,P003,Headphones,Electronics,2,365.74,5,731.48,36.57,694.91,Cash,Store,2026,8,August,10,Monday,False,694.91,347.46
TXN-0021988,2026-08-10,DXB-001,Dubai,CUST-07371,P007,Office Chair,Furniture,2,703.22,5,1406.44,70.32,1336.12,Card,Store,2026,8,August,10,Monday,False,1336.12,668.06
TXN-0022001,2026-08-10,DXB-001,Dubai,CUST-07777,P013,USB Drive,Accessories,1,44.92,20,44.92,8.98,35.94,Apple Pay,Store,2026,8,August,10,Monday,False,35.94,35.94
TXN-0022173,2026-08-10,DXB-005,Dubai,CUST-01650,P007,Office Chair,Furniture,1,665.39,10,665.39,66.54,598.85,Card,Online,2026,8,August,10,Monday,False,598.85,598.85
TXN-0022212,2026-08-10,DXB-003,Dubai,CUST-01969,P006,Mouse,Accessories,3,110.17,0,330.51,0.0,330.51,Card,Store,2026,8,August,10,Monday,False,330.51,110.17
TXN-0022257,2026-08-10,DXB-001,Dubai,CUST-02392,P012,Pen Pack,Stationery,2,13.88,0,27.76,0.0,27.76,Card,Online,2026,8,August,10,Monday,False,27.76,13.88
TXN-0022266,2026-08-10,DXB-002,Dubai,CUST-01347,P005,Keyboard,Accessories,4,188.6,10,754.4,75.44,678.96,Card,Store,2026,8,August,10,Monday,False,678.96,169.74
TXN-0022280,2026-08-10,DXB-004,Dubai,CUST-05719,P001,Laptop,Electronics,1,2436.6,10,2436.6,243.66,2192.94,Card,Store,2026,8,August,10,Monday,False,2192.94,2192.94
TXN-0022318,2026-08-10,DXB-001,Dubai,CUST-06726,P004,Monitor,Electronics,2,983.75,0,1967.5,0.0,1967.5,Card,Store,2026,8,August,10,Monday,False,1967.5,983.75
TXN-0022323,2026-08-10,DXB-005,Dubai,CUST-03773,P012,Pen Pack,Stationery,3,15.51,0,46.53,0.0,46.53,Apple Pay,Online,2026,8,August,10,Monday,False,46.53,15.51
TXN-0022396,2026-08-10,DXB-002,Dubai,CUST-06761,P005,Keyboard,Accessories,1,183.18,0,183.18,0.0,183.18,Card,Store,2026,8,August,10,Monday,False,183.18,183.18
TXN-0022408,2026-08-10,DXB-003,Dubai,CUST-05036,P007,Office Chair,Furniture,2,591.93,15,1183.86,177.58,1006.28,Card,Store,2026,8,August,10,Monday,False,1006.28,503.14
TXN-0022471,2026-08-10,DXB-002,Dubai,CUST-02548,P012,Pen Pack,Stationery,4,15.29,10,61.16,6.12,55.04,Apple Pay,Store,2026,8,August,10,Monday,False,55.04,13.76
TXN-0022609,2026-08-10,DXB-004,Dubai,CUST-03335,P005,Keyboard,Accessories,2,167.41,0,334.82,0.0,334.82,Card,Store,2026,8,August,10,Monday,False,334.82,167.41
TXN-0022619,2026-08-10,DXB-005,Dubai,CUST-05155,P006,Mouse,Accessories,6,90.92,0,545.52,0.0,545.52,Card,Online,2026,8,August,10,Monday,False,545.52,90.92
TXN-0022628,2026-08-10,DXB-004,Dubai,CUST-04372,P001,Laptop,Electronics,1,2614.13,10,2614.13,261.41,2352.72,Apple Pay,Online,2026,8,August,10,Monday,False,2352.72,2352.72
TXN-0022684,2026-08-10,DXB-002,Dubai,CUST-06230,P013,USB Drive,Accessories,1,51.53,0,51.53,0.0,51.53,Cash,Online,2026,8,August,10,Monday,False,51.53,51.53
TXN-0022734,2026-08-10,DXB-003,Dubai,CUST-03388,P010,Printer,Office,1,644.37,0,644.37,0.0,644.37,Bank Transfer,Online,2026,8,August,10,Monday,False,644.37,644.37
TXN-0022742,2026-08-10,DXB-002,Dubai,CUST-02452,P013,USB Drive,Accessories,1,42.21,20,42.21,8.44,33.77,Cash,Online,2026,8,August,10,Monday,False,33.77,33.77
TXN-0022778,2026-08-10,DXB-003,Dubai,CUST-06342,P013,USB Drive,Accessories,1,41.51,0,41.51,0.0,41.51,Apple Pay,Store,2026,8,August,10,Monday,False,41.51,41.51
TXN-0022808,2026-08-10,DXB-004,Dubai,CUST-02925,P007,Office Chair,Furniture,2,561.53,20,1123.06,224.61,898.45,Card,Store,2026,8,August,10,Monday,False,898.45,449.22
TXN-0022827,2026-08-10,DXB-002,Dubai,CUST-02522,P007,Office Chair,Furniture,1,571.65,15,571.65,85.75,485.9,Card,Online,2026,8,August,10,Monday,False,485.9,485.9
TXN-0022863,2026-08-10,DXB-002,Dubai,CUST-07025,P014,Power Bank,Electronics,1,142.37,5,142.37,7.12,135.25,Cash,Store,2026,8,August,10,Monday,False,135.25,135.25
TXN-0022988,2026-08-10,DXB-001,Dubai,CUST-05259,P007,Office Chair,Furniture,1,631.58,5,631.58,31.58,600.0,Cash,Store,2026,8,August,10,Monday,False,600.0,600.0
TXN-0023027,2026-08-10,DXB-001,Dubai,CUST-04912,P011,Notebook,Stationery,4,23.45,10,93.8,9.38,84.42,Apple Pay,Store,2026,8,August,10,Monday,False,84.42,21.1
TXN-0023292,2026-08-10,DXB-001,Dubai,CUST-04476,P003,Headphones,Electronics,4,364.66,10,1458.64,145.86,1312.78,Card,Store,2026,8,August,10,Monday,False,1312.78,328.2
TXN-0023329,2026-08-10,DXB-003,Dubai,CUST-00568,P003,Headphones,Electronics,1,324.16,0,324.16,0.0,324.16,Cash,Online,2026,8,August,10,Monday,False,324.16,324.16
TXN-0023385,2026-08-10,DXB-003,Dubai,CUST-03979,P004,Monitor,Electronics,3,776.19,0,2328.57,0.0,2328.57,Cash,Online,2026,8,August,10,Monday,False,2328.57,776.19
TXN-0023437,2026-08-10,DXB-005,Dubai,CUST-05628,P001,Laptop,Electronics,1,3117.73,10,3117.73,311.77,2805.96,Card,Store,2026,8,August,10,Monday,False,2805.96,2805.96
TXN-0023460,2026-08-10,DXB-003,Dubai,CUST-03472,P004,Monitor,Electronics,3,864.97,5,2594.91,129.75,2465.16,Card,Online,2026,8,August,10,Monday,False,2465.16,821.72
TXN-0023588,2026-08-10,DXB-001,Dubai,CUST-04778,P005,Keyboard,Accessories,1,160.36,10,160.36,16.04,144.32,Bank Transfer,Store,2026,8,August,10,Monday,False,144.32,144.32
TXN-0023656,2026-08-10,DXB-005,Dubai,CUST-02830,P012,Pen Pack,Stationery,1,15.32,10,15.32,1.53,13.79,Card,Store,2026,8,August,10,Monday,False,13.79,13.79
TXN-0023698,2026-08-10,DXB-001,Dubai,CUST-05887,P006,Mouse,Accessories,4,90.25,10,361.0,36.1,324.9,Apple Pay,Store,2026,8,August,10,Monday,False,324.9,81.22
TXN-0023738,2026-08-10,DXB-003,Dubai,CUST-04715,P010,Printer,Office,1,661.25,10,661.25,66.12,595.13,Card,Store,2026,8,August,10,Monday,False,595.13,595.13
TXN-0023755,2026-08-10,DXB-002,Dubai,CUST-04037,P005,Keyboard,Accessories,3,173.21,0,519.63,0.0,519.63,Card,Store,2026,8,August,10,Monday,False,519.63,173.21
TXN-0023757,2026-08-10,DXB-003,Dubai,CUST-00469,P002,Smartphone,Electronics,1,1746.25,10,1746.25,174.62,1571.63,Card,Online,2026,8,August,10,Monday,False,1571.63,1571.63
TXN-0023823,2026-08-10,DXB-001,Dubai,CUST-05355,P002,Smartphone,Electronics,1,1997.64,0,1997.64,0.0,1997.64,Cash,Online,2026,8,August,10,Monday,False,1997.64,1997.64
TXN-0023873,2026-08-10,DXB-002,Dubai,CUST-00912,P008,Desk,Furniture,2,736.59,10,1473.18,147.32,1325.86,Cash,Store,2026,8,August,10,Monday,False,1325.86,662.93
TXN-0023890,2026-08-10,DXB-003,Dubai,CUST-03493,P007,Office Chair,Furniture,1,661.75,0,661.75,0.0,661.75,Apple Pay,Store,2026,8,August,10,Monday,False,661.75,661.75
TXN-0023924,2026-08-10,DXB-002,Dubai,CUST-00937,P005,Keyboard,Accessories,1,169.38,5,169.38,8.47,160.91,Card,Store,2026,8,August,10,Monday,False,160.91,160.91
TXN-0023953,2026-08-10,DXB-004,Dubai,CUST-03169,P013,USB Drive,Accessories,1,44.65,5,44.65,2.23,42.42,Cash,Store,2026,8,August,10,Monday,False,42.42,42.42
TXN-0023970,2026-08-10,DXB-002,Dubai,CUST-01583,P009,Backpack,Accessories,3,228.72,15,686.16,102.92,583.24,Card,Store,2026,8,August,10,Monday,False,583.24,194.41
TXN-0023989,2026-08-10,DXB-001,Dubai,CUST-07415,P002,Smartphone,Electronics,1,1811.72,10,1811.72,181.17,1630.55,Cash,Online,2026,8,August,10,Monday,False,1630.55,1630.55
TXN-0024010,2026-08-10,DXB-001,Dubai,CUST-04099,P002,Smartphone,Electronics,5,1814.6,5,9073.0,453.65,8619.35,Card,Online,2026,8,August,10,Monday,False,8619.35,1723.87
TXN-0024134,2026-08-10,DXB-004,Dubai,CUST-04159,P001,Laptop,Electronics,1,2899.61,15,2899.61,434.94,2464.67,Card,Store,2026,8,August,10,Monday,False,2464.67,2464.67
TXN-0024157,2026-08-10,DXB-005,Dubai,CUST-00980,P015,Tablet,Electronics,1,1224.7,0,1224.7,0.0,1224.7,Card,Store,2026,8,August,10,Monday,False,1224.7,1224.7
TXN-0024171,2026-08-10,DXB-001,Dubai,CUST-02259,P015,Tablet,Electronics,5,1123.82,0,5619.1,0.0,5619.1,Cash,Online,2026,8,August,10,Monday,False,5619.1,1123.82
TXN-0024228,2026-08-10,DXB-002,Dubai,CUST-05948,P013,USB Drive,Accessories,1,45.11,0,45.11,0.0,45.11,Card,Online,2026,8,August,10,Monday,False,45.11,45.11
TXN-0024251,2026-08-10,DXB-001,Dubai,CUST-00611,P015,Tablet,Electronics,1,1225.55,5,1225.55,61.28,1164.27,Card,Store,2026,8,August,10,Monday,False,1164.27,1164.27
TXN-0024264,2026-08-10,DXB-003,Dubai,CUST-00609,P008,Desk,Furniture,1,783.1,15,783.1,117.46,665.64,Apple Pay,Online,2026,8,August,10,Monday,False,665.64,665.64
TXN-0024271,2026-08-10,DXB-001,Dubai,CUST-04611,P001,Laptop,Electronics,1,2464.92,10,2464.92,246.49,2218.43,Cash,Online,2026,8,August,10,Monday,False,2218.43,2218.43
TXN-0024326,2026-08-10,DXB-002,Dubai,CUST-00637,P008,Desk,Furniture,2,779.62,10,1559.24,155.92,1403.32,Card,Store,2026,8,August,10,Monday,False,1403.32,701.66
TXN-0024341,2026-08-10,DXB-002,Dubai,CUST-04999,P003,Headphones,Electronics,1,340.18,0,340.18,0.0,340.18,Cash,Store,2026,8,August,10,Monday,False,340.18,340.18
TXN-0024376,2026-08-10,DXB-004,Dubai,CUST-06881,P010,Printer,Office,1,643.71,0,643.71,0.0,643.71,Cash,Store,2026,8,August,10,Monday,False,643.71,643.71
TXN-0024466,2026-08-10,DXB-001,Dubai,CUST-07351,P011,Notebook,Stationery,1,25.9,15,25.9,3.88,22.02,Cash,Store,2026,8,August,10,Monday,False,22.02,22.02
TXN-0024533,2026-08-10,DXB-001,Dubai,CUST-07627,P013,USB Drive,Accessories,1,48.47,5,48.47,2.42,46.05,Card,Store,2026,8,August,10,Monday,False,46.05,46.05
TXN-0024536,2026-08-10,DXB-003,Dubai,CUST-00292,P006,Mouse,Accessories,1,97.36,5,97.36,4.87,92.49,Apple Pay,Online,2026,8,August,10,Monday,False,92.49,92.49
TXN-0024544,2026-08-10,DXB-005,Dubai,CUST-03906,P015,Tablet,Electronics,4,1182.69,5,4730.76,236.54,4494.22,Card,Store,2026,8,August,10,Monday,False,4494.22,1123.56
TXN-0024633,2026-08-10,DXB-001,Dubai,CUST-03420,P012,Pen Pack,Stationery,1,16.78,0,16.78,0.0,16.78,Apple Pay,Store,2026,8,August,10,Monday,False,16.78,16.78
TXN-0024652,2026-08-10,DXB-005,Dubai,CUST-06357,P005,Keyboard,Accessories,2,164.01,0,328.02,0.0,328.02,Card,Online,2026,8,August,10,Monday,False,328.02,164.01
TXN-0024705,2026-08-10,DXB-002,Dubai,CUST-04851,P006,Mouse,Accessories,1,93.24,0,93.24,0.0,93.24,Apple Pay,Store,2026,8,August,10,Monday,False,93.24,93.24
TXN-0024726,2026-08-10,DXB-002,Dubai,CUST-04628,P015,Tablet,Electronics,1,1205.28,0,1205.28,0.0,1205.28,Card,Online,2026,8,August,10,Monday,False,1205.28,1205.28
TXN-0024750,2026-08-10,DXB-003,Dubai,CUST-06941,P007,Office Chair,Furniture,6,677.98,5,4067.88,203.39,3864.49,Apple Pay,Store,2026,8,August,10,Monday,False,3864.49,644.08
TXN-0024753,2026-08-10,DXB-001,Dubai,CUST-07085,P013,USB Drive,Accessories,2,46.08,20,92.16,18.43,73.73,Apple Pay,Store,2026,8,August,10,Monday,False,73.73,36.86
TXN-0024840,2026-08-10,DXB-002,Dubai,CUST-02234,P010,Printer,Office,2,683.58,15,1367.16,205.07,1162.09,Apple Pay,Store,2026,8,August,10,Monday,False,1162.09,581.04
TXN-0024974,2026-08-10,DXB-001,Dubai,CUST-02766,P001,Laptop,Electronics,1,2784.61,0,2784.61,0.0,2784.61,Card,Store,2026,8,August,10,Monday,False,2784.61,2784.61
TXN-0025062,2026-08-10,DXB-005,Dubai,CUST-06314,P014,Power Bank,Electronics,3,158.98,5,476.94,23.85,453.09,Cash,Store,2026,8,August,10,Monday,False,453.09,151.03
TXN-0025083,2026-08-10,DXB-002,Dubai,CUST-04615,P008,Desk,Furniture,4,858.84,0,3435.36,0.0,3435.36,Apple Pay,Store,2026,8,August,10,Monday,False,3435.36,858.84
TXN-0025127,2026-08-10,DXB-005,Dubai,CUST-02063,P012,Pen Pack,Stationery,2,15.85,0,31.7,0.0,31.7,Cash,Store,2026,8,August,10,Monday,False,31.7,15.85
TXN-0025164,2026-08-10,DXB-004,Dubai,CUST-04801,P006,Mouse,Accessories,1,114.95,10,114.95,11.5,103.45,Apple Pay,Online,2026,8,August,10,Monday,False,103.45,103.45
TXN-0025313,2026-08-10,DXB-004,Dubai,CUST-05696,P008,Desk,Furniture,2,820.98,5,1641.96,82.1,1559.86,Card,Store,2026,8,August,10,Monday,False,1559.86,779.93
TXN-0025352,2026-08-10,DXB-005,Dubai,CUST-04875,P001,Laptop,Electronics,1,2634.4,20,2634.4,526.88,2107.52,Apple Pay,Store,2026,8,August,10,Monday,False,2107.52,2107.52
TXN-0025484,2026-08-10,DXB-001,Dubai,CUST-03241,P004,Monitor,Electronics,1,948.37,15,948.37,142.26,806.11,Bank Transfer,Store,2026,8,August,10,Monday,False,806.11,806.11
TXN-0025485,2026-08-10,DXB-001,Dubai,CUST-03610,P015,Tablet,Electronics,2,1161.5,0,2323.0,0.0,2323.0,Bank Transfer,Store,2026,8,August,10,Monday,False,2323.0,1161.5
TXN-0025503,2026-08-10,DXB-004,Dubai,CUST-02552,P005,Keyboard,Accessories,1,181.49,10,181.49,18.15,163.34,Card,Store,2026,8,August,10,Monday,False,163.34,163.34
TXN-0025603,2026-08-10,DXB-001,Dubai,CUST-06765,P015,Tablet,Electronics,2,1245.61,15,2491.22,373.68,2117.54,Card,Store,2026,8,August,10,Monday,False,2117.54,1058.77
TXN-0025690,2026-08-10,DXB-004,Dubai,CUST-07827,P015,Tablet,Electronics,1,1158.21,10,1158.21,115.82,1042.39,Bank Transfer,Store,2026,8,August,10,Monday,False,1042.39,1042.39
TXN-0025703,2026-08-10,DXB-003,Dubai,CUST-05701,P008,Desk,Furniture,1,813.25,5,813.25,40.66,772.59,Cash,Store,2026,8,August,10,Monday,False,772.59,772.59
TXN-0025719,2026-08-10,DXB-003,Dubai,CUST-06460,P007,Office Chair,Furniture,1,652.51,0,652.51,0.0,652.51,Card,Online,2026,8,August,10,Monday,False,652.51,652.51
TXN-0025740,2026-08-10,DXB-003,Dubai,CUST-06021,P011,Notebook,Stationery,1,25.81,10,25.81,2.58,23.23,Apple Pay,Store,2026,8,August,10,Monday,False,23.23,23.23
TXN-0025756,2026-08-10,DXB-002,Dubai,CUST-01433,P006,Mouse,Accessories,2,102.64,0,205.28,0.0,205.28,Card,Store,2026,8,August,10,Monday,False,205.28,102.64
TXN-0025846,2026-08-10,DXB-002,Dubai,CUST-01735,P007,Office Chair,Furniture,1,657.2,0,657.2,0.0,657.2,Bank Transfer,Online,2026,8,August,10,Monday,False,657.2,657.2
TXN-0025927,2026-08-10,DXB-005,Dubai,CUST-02441,P012,Pen Pack,Stationery,3,14.98,0,44.94,0.0,44.94,Cash,Store,2026,8,August,10,Monday,False,44.94,14.98
TXN-0025989,2026-08-10,DXB-004,Dubai,CUST-03286,P004,Monitor,Electronics,1,950.81,10,950.81,95.08,855.73,Card,Store,2026,8,August,10,Monday,False,855.73,855.73
TXN-0026032,2026-08-10,DXB-002,Dubai,CUST-04014,P003,Headphones,Electronics,4,329.61,0,1318.44,0.0,1318.44,Cash,Online,2026,8,August,10,Monday,False,1318.44,329.61
TXN-0026091,2026-08-10,DXB-003,Dubai,CUST-06147,P014,Power Bank,Electronics,1,147.91,0,147.91,0.0,147.91,Apple Pay,Store,2026,8,August,10,Monday,False,147.91,147.91
TXN-0026139,2026-08-10,DXB-004,Dubai,CUST-05877,P003,Headphones,Electronics,1,365.33,5,365.33,18.27,347.06,Card,Online,2026,8,August,10,Monday,False,347.06,347.06
TXN-0026196,2026-08-10,DXB-003,Dubai,CUST-05566,P009,Backpack,Accessories,2,218.97,5,437.94,21.9,416.04,Apple Pay,Online,2026,8,August,10,Monday,False,416.04,208.02
TXN-0026204,2026-08-10,DXB-002,Dubai,CUST-07591,P012,Pen Pack,Stationery,2,16.0,10,32.0,3.2,28.8,Apple Pay,Online,2026,8,August,10,Monday,False,28.8,14.4
TXN-0026242,2026-08-10,DXB-001,Dubai,CUST-01031,P009,Backpack,Accessories,6,210.5,10,1263.0,126.3,1136.7,Bank Transfer,Store,2026,8,August,10,Monday,False,1136.7,189.45
TXN-0026245,2026-08-10,DXB-002,Dubai,CUST-03843,P008,Desk,Furniture,1,812.08,20,812.08,162.42,649.66,Card,Store,2026,8,August,10,Monday,False,649.66,649.66
TXN-0026269,2026-08-10,DXB-003,Dubai,CUST-02322,P011,Notebook,Stationery,1,22.84,5,22.84,1.14,21.7,Cash,Online,2026,8,August,10,Monday,False,21.7,21.7
TXN-0026286,2026-08-10,DXB-002,Dubai,CUST-06509,P004,Monitor,Electronics,2,911.12,0,1822.24,0.0,1822.24,Apple Pay,Store,2026,8,August,10,Monday,False,1822.24,911.12
TXN-0026301,2026-08-10,DXB-001,Dubai,CUST-01007,P011,Notebook,Stationery,5,26.37,0,131.85,0.0,131.85,Card,Store,2026,8,August,10,Monday,False,131.85,26.37
TXN-0026334,2026-08-10,DXB-001,Dubai,CUST-02079,P015,Tablet,Electronics,1,1199.71,5,1199.71,59.99,1139.72,Cash,Store,2026,8,August,10,Monday,False,1139.72,1139.72
TXN-0026368,2026-08-10,DXB-001,Dubai,CUST-00801,P002,Smartphone,Electronics,4,1840.91,10,7363.64,736.36,6627.28,Apple Pay,Store,2026,8,August,10,Monday,False,6627.28,1656.82
TXN-0026374,2026-08-10,DXB-002,Dubai,CUST-02196,P015,Tablet,Electronics,1,1236.81,20,1236.81,247.36,989.45,Cash,Store,2026,8,August,10,Monday,False,989.45,989.45
TXN-0026386,2026-08-10,DXB-005,Dubai,CUST-06296,P004,Monitor,Electronics,3,879.72,10,2639.16,263.92,2375.24,Bank Transfer,Store,2026,8,August,10,Monday,False,2375.24,791.75
TXN-0026429,2026-08-10,DXB-002,Dubai,CUST-01219,P013,USB Drive,Accessories,1,42.01,5,42.01,2.1,39.91,Card,Store,2026,8,August,10,Monday,False,39.91,39.91
TXN-0026458,2026-08-10,DXB-001,Dubai,CUST-05065,P014,Power Bank,Electronics,1,152.84,15,152.84,22.93,129.91,Cash,Store,2026,8,August,10,Monday,False,129.91,129.91
TXN-0026517,2026-08-10,DXB-003,Dubai,CUST-07999,P012,Pen Pack,Stationery,1,15.09,20,15.09,3.02,12.07,Card,Online,2026,8,August,10,Monday,False,12.07,12.07
TXN-0026521,2026-08-10,DXB-003,Dubai,CUST-07721,P005,Keyboard,Accessories,1,182.59,0,182.59,0.0,182.59,Apple Pay,Store,2026,8,August,10,Monday,False,182.59,182.59
TXN-0026616,2026-08-10,DXB-003,Dubai,CUST-02930,P004,Monitor,Electronics,3,809.01,15,2427.03,364.05,2062.98,Bank Transfer,Store,2026,8,August,10,Monday,False,2062.98,687.66
TXN-0026630,2026-08-10,DXB-001,Dubai,CUST-06792,P007,Office Chair,Furniture,1,697.49,5,697.49,34.87,662.62,Cash,Store,2026,8,August,10,Monday,False,662.62,662.62
TXN-0026711,2026-08-10,DXB-005,Dubai,CUST-05211,P015,Tablet,Electronics,3,1039.18,0,3117.54,0.0,3117.54,Apple Pay,Store,2026,8,August,10,Monday,False,3117.54,1039.18
TXN-0026722,2026-08-10,DXB-005,Dubai,CUST-00987,P015,Tablet,Electronics,1,1150.95,5,1150.95,57.55,1093.4,Card,Store,2026,8,August,10,Monday,False,1093.4,1093.4
TXN-0026761,2026-08-10,DXB-005,Dubai,CUST-01719,P008,Desk,Furniture,2,886.54,0,1773.08,0.0,1773.08,Card,Online,2026,8,August,10,Monday,False,1773.08,886.54
TXN-0026783,2026-08-10,DXB-005,Dubai,CUST-07371,P013,USB Drive,Accessories,1,45.06,15,45.06,6.76,38.3,Apple Pay,Store,2026,8,August,10,Monday,False,38.3,38.3
TXN-0026803,2026-08-10,DXB-001,Dubai,CUST-01960,P004,Monitor,Electronics,1,890.28,20,890.28,178.06,712.22,Card,Store,2026,8,August,10,Monday,False,712.22,712.22
TXN-0026814,2026-08-10,DXB-002,Dubai,CUST-02779,P003,Headphones,Electronics,2,396.26,5,792.52,39.63,752.89,Card,Store,2026,8,August,10,Monday,False,752.89,376.44
TXN-0026858,2026-08-10,DXB-002,Dubai,CUST-03216,P006,Mouse,Accessories,2,104.13,10,208.26,20.83,187.43,Apple Pay,Store,2026,8,August,10,Monday,False,187.43,93.72
TXN-0026983,2026-08-10,DXB-001,Dubai,CUST-04662,P012,Pen Pack,Stationery,1,16.64,0,16.64,0.0,16.64,Card,Store,2026,8,August,10,Monday,False,16.64,16.64
TXN-0027011,2026-08-10,DXB-001,Dubai,CUST-07895,P010,Printer,Office,2,717.96,0,1435.92,0.0,1435.92,Card,Store,2026,8,August,10,Monday,False,1435.92,717.96
TXN-0027147,2026-08-10,DXB-005,Dubai,CUST-03067,P011,Notebook,Stationery,1,23.87,10,23.87,2.39,21.48,Card,Online,2026,8,August,10,Monday,False,21.48,21.48
TXN-0027161,2026-08-10,DXB-005,Dubai,CUST-07784,P010,Printer,Office,3,676.44,10,2029.32,202.93,1826.39,Card,Online,2026,8,August,10,Monday,False,1826.39,608.8
TXN-0027231,2026-08-10,DXB-002,Dubai,CUST-06566,P004,Monitor,Electronics,1,901.94,0,901.94,0.0,901.94,Card,Online,2026,8,August,10,Monday,False,901.94,901.94
TXN-0027275,2026-08-10,DXB-004,Dubai,CUST-06729,P011,Notebook,Stationery,2,25.22,0,50.44,0.0,50.44,Card,Online,2026,8,August,10,Monday,False,50.44,25.22
TXN-0027306,2026-08-10,DXB-001,Dubai,CUST-05343,P007,Office Chair,Furniture,4,667.08,15,2668.32,400.25,2268.07,Card,Store,2026,8,August,10,Monday,False,2268.07,567.02
TXN-0027362,2026-08-10,DXB-003,Dubai,CUST-06253,P005,Keyboard,Accessories,1,192.96,15,192.96,28.94,164.02,Apple Pay,Store,2026,8,August,10,Monday,False,164.02,164.02
TXN-0027372,2026-08-10,DXB-001,Dubai,CUST-07695,P013,USB Drive,Accessories,1,47.82,10,47.82,4.78,43.04,Cash,Store,2026,8,August,10,Monday,False,43.04,43.04
TXN-0027498,2026-08-10,DXB-001,Dubai,CUST-03482,P004,Monitor,Electronics,2,907.96,10,1815.92,181.59,1634.33,Card,Store,2026,8,August,10,Monday,False,1634.33,817.16
TXN-0027598,2026-08-10,DXB-003,Dubai,CUST-00747,P015,Tablet,Electronics,2,1189.2,0,2378.4,0.0,2378.4,Card,Online,2026,8,August,10,Monday,False,2378.4,1189.2
TXN-0027729,2026-08-10,DXB-005,Dubai,CUST-04060,P003,Headphones,Electronics,2,365.1,10,730.2,73.02,657.18,Apple Pay,Store,2026,8,August,10,Monday,False,657.18,328.59
TXN-0027754,2026-08-10,DXB-002,Dubai,CUST-06449,P013,USB Drive,Accessories,1,45.24,15,45.24,6.79,38.45,Card,Store,2026,8,August,10,Monday,False,38.45,38.45
TXN-0027790,2026-08-10,DXB-005,Dubai,CUST-07460,P007,Office Chair,Furniture,1,657.84,5,657.84,32.89,624.95,Card,Store,2026,8,August,10,Monday,False,624.95,624.95
TXN-0027825,2026-08-10,DXB-003,Dubai,CUST-06629,P014,Power Bank,Electronics,1,131.67,15,131.67,19.75,111.92,Apple Pay,Store,2026,8,August,10,Monday,False,111.92,111.92
TXN-0027950,2026-08-10,DXB-003,Dubai,CUST-02968,P007,Office Chair,Furniture,4,721.78,15,2887.12,433.07,2454.05,Cash,Store,2026,8,August,10,Monday,False,2454.05,613.51
TXN-0028021,2026-08-10,DXB-002,Dubai,CUST-02771,P009,Backpack,Accessories,1,238.64,0,238.64,0.0,238.64,Cash,Store,2026,8,August,10,Monday,False,238.64,238.64
TXN-0028077,2026-08-10,DXB-001,Dubai,CUST-01693,P015,Tablet,Electronics,3,1243.72,0,3731.16,0.0,3731.16,Card,Store,2026,8,August,10,Monday,False,3731.16,1243.72
TXN-0028111,2026-08-10,DXB-004,Dubai,CUST-00725,P008,Desk,Furniture,2,769.22,15,1538.44,230.77,1307.67,Card,Store,2026,8,August,10,Monday,False,1307.67,653.84
TXN-0028211,2026-08-10,DXB-004,Dubai,CUST-06056,P010,Printer,Office,5,711.54,10,3557.7,355.77,3201.93,Cash,Online,2026,8,August,10,Monday,False,3201.93,640.39
TXN-0028217,2026-08-10,DXB-001,Dubai,CUST-01147,P014,Power Bank,Electronics,1,151.62,20,151.62,30.32,121.3,Card,Store,2026,8,August,10,Monday,False,121.3,121.3
TXN-0028284,2026-08-10,DXB-003,Dubai,CUST-02869,P004,Monitor,Electronics,3,922.9,15,2768.7,415.3,2353.4,Card,Store,2026,8,August,10,Monday,False,2353.4,784.47
TXN-0028556,2026-08-10,DXB-001,Dubai,CUST-05906,P011,Notebook,Stationery,3,26.11,15,78.33,11.75,66.58,Cash,Store,2026,8,August,10,Monday,False,66.58,22.19
TXN-0028564,2026-08-10,DXB-003,Dubai,CUST-07032,P005,Keyboard,Accessories,2,170.3,0,340.6,0.0,340.6,Card,Store,2026,8,August,10,Monday,False,340.6,170.3
TXN-0028595,2026-08-10,DXB-002,Dubai,CUST-02125,P007,Office Chair,Furniture,1,649.63,5,649.63,32.48,617.15,Apple Pay,Online,2026,8,August,10,Monday,False,617.15,617.15
TXN-0028624,2026-08-10,DXB-003,Dubai,CUST-01782,P011,Notebook,Stationery,2,23.0,0,46.0,0.0,46.0,Card,Store,2026,8,August,10,Monday,False,46.0,23.0
TXN-0028656,2026-08-10,DXB-001,Dubai,CUST-00002,P005,Keyboard,Accessories,1,189.11,5,189.11,9.46,179.65,Apple Pay,Store,2026,8,August,10,Monday,False,179.65,179.65
TXN-0028735,2026-08-10,DXB-001,Dubai,CUST-07802,P013,USB Drive,Accessories,3,41.5,5,124.5,6.22,118.28,Apple Pay,Store,2026,8,August,10,Monday,False,118.28,39.43
TXN-0028750,2026-08-10,DXB-001,Dubai,CUST-07444,P012,Pen Pack,Stationery,1,16.24,0,16.24,0.0,16.24,Apple Pay,Store,2026,8,August,10,Monday,False,16.24,16.24
TXN-0028841,2026-08-10,DXB-005,Dubai,CUST-00615,P014,Power Bank,Electronics,3,137.46,0,412.38,0.0,412.38,Card,Online,2026,8,August,10,Monday,False,412.38,137.46
TXN-0028888,2026-08-10,DXB-001,Dubai,CUST-02360,P013,USB Drive,Accessories,1,43.0,0,43.0,0.0,43.0,Bank Transfer,Store,2026,8,August,10,Monday,False,43.0,43.0
TXN-0028974,2026-08-10,DXB-002,Dubai,CUST-03848,P001,Laptop,Electronics,1,3115.24,15,3115.24,467.29,2647.95,Cash,Store,2026,8,August,10,Monday,False,2647.95,2647.95
TXN-0029009,2026-08-10,DXB-001,Dubai,CUST-06612,P014,Power Bank,Electronics,1,161.51,5,161.51,8.08,153.43,Card,Store,2026,8,August,10,Monday,False,153.43,153.43
TXN-0029147,2026-08-10,DXB-001,Dubai,CUST-04306,P006,Mouse,Accessories,2,109.44,15,218.88,32.83,186.05,Cash,Store,2026,8,August,10,Monday,False,186.05,93.02
TXN-0029241,2026-08-10,DXB-001,Dubai,CUST-01935,P009,Backpack,Accessories,4,226.84,10,907.36,90.74,816.62,Apple Pay,Store,2026,8,August,10,Monday,False,816.62,204.16
TXN-0029394,2026-08-10,DXB-004,Dubai,CUST-05609,P011,Notebook,Stationery,2,26.11,20,52.22,10.44,41.78,Bank Transfer,Store,2026,8,August,10,Monday,False,41.78,20.89
TXN-0029422,2026-08-10,DXB-001,Dubai,CUST-00583,P008,Desk,Furniture,2,813.83,0,1627.66,0.0,1627.66,Card,Online,2026,8,August,10,Monday,False,1627.66,813.83
TXN-0029428,2026-08-10,DXB-001,Dubai,CUST-01561,P008,Desk,Furniture,3,740.35,10,2221.05,222.1,1998.95,Card,Online,2026,8,August,10,Monday,False,1998.95,666.32
TXN-0029429,2026-08-10,DXB-003,Dubai,CUST-03917,P014,Power Bank,Electronics,2,158.92,0,317.84,0.0,317.84,Cash,Online,2026,8,August,10,Monday,False,317.84,158.92
TXN-0029597,2026-08-10,DXB-005,Dubai,CUST-04692,P003,Headphones,Electronics,2,350.88,0,701.76,0.0,701.76,Card,Online,2026,8,August,10,Monday,False,701.76,350.88
TXN-0029692,2026-08-10,DXB-002,Dubai,CUST-05090,P005,Keyboard,Accessories,2,192.59,0,385.18,0.0,385.18,Apple Pay,Store,2026,8,August,10,Monday,False,385.18,192.59
TXN-0029725,2026-08-10,DXB-002,Dubai,CUST-07613,P006,Mouse,Accessories,1,104.68,5,104.68,5.23,99.45,Card,Store,2026,8,August,10,Monday,False,99.45,99.45
TXN-0029786,2026-08-10,DXB-001,Dubai,CUST-07215,P001,Laptop,Electronics,4,2902.7,0,11610.8,0.0,11610.8,Cash,Store,2026,8,August,10,Monday,False,11610.8,2902.7
TXN-0029845,2026-08-10,DXB-001,Dubai,CUST-04711,P001,Laptop,Electronics,4,3063.79,10,12255.16,1225.52,11029.64,Cash,Store,2026,8,August,10,Monday,False,11029.64,2757.41
TXN-0029883,2026-08-10,DXB-005,Dubai,CUST-03157,P006,Mouse,Accessories,5,89.13,5,445.65,22.28,423.37,Bank Transfer,Store,2026,8,August,10,Monday,False,423.37,84.67
TXN-0029888,2026-08-10,DXB-002,Dubai,CUST-04043,P014,Power Bank,Electronics,1,157.87,10,157.87,15.79,142.08,Bank Transfer,Online,2026,8,August,10,Monday,False,142.08,142.08
TXN-0029901,2026-08-10,DXB-003,Dubai,CUST-04871,P011,Notebook,Stationery,1,25.64,5,25.64,1.28,24.36,Bank Transfer,Store,2026,8,August,10,Monday,False,24.36,24.36
TXN-0029914,2026-08-10,DXB-001,Dubai,CUST-05582,P014,Power Bank,Electronics,1,140.98,5,140.98,7.05,133.93,Card,Online,2026,8,August,10,Monday,False,133.93,133.93
TXN-0029986,2026-08-10,DXB-002,Dubai,CUST-04386,P004,Monitor,Electronics,3,939.38,10,2818.14,281.81,2536.33,Apple Pay,Online,2026,8,August,10,Monday,False,2536.33,845.44
TXN-0030012,2026-08-10,DXB-001,Dubai,CUST-05407,P012,Pen Pack,Stationery,1,14.35,0,14.35,0.0,14.35,Apple Pay,Store,2026,8,August,10,Monday,False,14.35,14.35
TXN-0030023,2026-08-10,DXB-005,Dubai,CUST-02281,P004,Monitor,Electronics,1,882.07,0,882.07,0.0,882.07,Cash,Store,2026,8,August,10,Monday,False,882.07,882.07
TXN-0030066,2026-08-10,DXB-005,Dubai,CUST-06112,P004,Monitor,Electronics,1,925.5,0,925.5,0.0,925.5,Card,Store,2026,8,August,10,Monday,False,925.5,925.5
TXN-0030071,2026-08-10,DXB-002,Dubai,CUST-06492,P012,Pen Pack,Stationery,2,15.56,10,31.12,3.11,28.01,Apple Pay,Store,2026,8,August,10,Monday,False,28.01,14.0
TXN-0030091,2026-08-10,DXB-003,Dubai,CUST-02322,P005,Keyboard,Accessories,2,181.93,10,363.86,36.39,327.47,Card,Store,2026,8,August,10,Monday,False,327.47,163.74
TXN-0030128,2026-08-10,DXB-001,Dubai,CUST-04353,P010,Printer,Office,2,680.72,0,1361.44,0.0,1361.44,Card,Store,2026,8,August,10,Monday,False,1361.44,680.72
TXN-0030146,2026-08-10,DXB-003,Dubai,CUST-00282,P011,Notebook,Stationery,3,22.76,20,68.28,13.66,54.62,Cash,Online,2026,8,August,10,Monday,False,54.62,18.21
TXN-0030178,2026-08-10,DXB-005,Dubai,CUST-02356,P001,Laptop,Electronics,3,2949.17,0,8847.51,0.0,8847.51,Apple Pay,Store,2026,8,August,10,Monday,False,8847.51,2949.17
TXN-0030191,2026-08-10,DXB-002,Dubai,CUST-01807,P002,Smartphone,Electronics,2,1704.72,10,3409.44,340.94,3068.5,Card,Store,2026,8,August,10,Monday,False,3068.5,1534.25
TXN-0030256,2026-08-10,DXB-004,Dubai,CUST-04078,P005,Keyboard,Accessories,1,190.62,5,190.62,9.53,181.09,Cash,Online,2026,8,August,10,Monday,False,181.09,181.09
TXN-0030258,2026-08-10,DXB-001,Dubai,CUST-01999,P002,Smartphone,Electronics,3,1896.43,0,5689.29,0.0,5689.29,Cash,Store,2026,8,August,10,Monday,False,5689.29,1896.43
TXN-0030291,2026-08-10,DXB-001,Dubai,CUST-06870,P006,Mouse,Accessories,3,98.35,0,295.05,0.0,295.05,Cash,Online,2026,8,August,10,Monday,False,295.05,98.35
TXN-0030327,2026-08-10,DXB-002,Dubai,CUST-01203,P011,Notebook,Stationery,2,24.89,5,49.78,2.49,47.29,Cash,Store,2026,8,August,10,Monday,False,47.29,23.64
TXN-0030380,2026-08-10,DXB-001,Dubai,CUST-04648,P005,Keyboard,Accessories,2,192.62,5,385.24,19.26,365.98,Apple Pay,Store,2026,8,August,10,Monday,False,365.98,182.99
TXN-0030442,2026-08-10,DXB-001,Dubai,CUST-05641,P002,Smartphone,Electronics,1,1717.88,5,1717.88,85.89,1631.99,Card,Online,2026,8,August,10,Monday,False,1631.99,1631.99
TXN-0030520,2026-08-10,DXB-003,Dubai,CUST-01263,P004,Monitor,Electronics,1,868.44,10,868.44,86.84,781.6,Card,Store,2026,8,August,10,Monday,False,781.6,781.6
TXN-0030530,2026-08-10,DXB-001,Dubai,CUST-02404,P008,Desk,Furniture,1,785.05,5,785.05,39.25,745.8,Card,Store,2026,8,August,10,Monday,False,745.8,745.8
TXN-0030547,2026-08-10,DXB-003,Dubai,CUST-00763,P013,USB Drive,Accessories,1,52.22,10,52.22,5.22,47.0,Cash,Store,2026,8,August,10,Monday,False,47.0,47.0
TXN-0030554,2026-08-10,DXB-002,Dubai,CUST-00412,P012,Pen Pack,Stationery,1,15.39,10,15.39,1.54,13.85,Card,Online,2026,8,August,10,Monday,False,13.85,13.85
TXN-0030779,2026-08-10,DXB-001,Dubai,CUST-03652,P010,Printer,Office,1,663.65,10,663.65,66.36,597.29,Card,Store,2026,8,August,10,Monday,False,597.29,597.29
TXN-0030816,2026-08-10,DXB-001,Dubai,CUST-06637,P013,USB Drive,Accessories,1,39.14,5,39.14,1.96,37.18,Card,Store,2026,8,August,10,Monday,False,37.18,37.18
TXN-0030837,2026-08-10,DXB-001,Dubai,CUST-02220,P009,Backpack,Accessories,1,207.53,5,207.53,10.38,197.15,Cash,Store,2026,8,August,10,Monday,False,197.15,197.15
TXN-0030940,2026-08-10,DXB-001,Dubai,CUST-05619,P014,Power Bank,Electronics,1,167.27,0,167.27,0.0,167.27,Card,Store,2026,8,August,10,Monday,False,167.27,167.27
TXN-0031010,2026-08-10,DXB-001,Dubai,CUST-00628,P015,Tablet,Electronics,3,1285.44,0,3856.32,0.0,3856.32,Apple Pay,Store,2026,8,August,10,Monday,False,3856.32,1285.44
TXN-0031017,2026-08-10,DXB-003,Dubai,CUST-03031,P013,USB Drive,Accessories,2,40.16,0,80.32,0.0,80.32,Apple Pay,Store,2026,8,August,10,Monday,False,80.32,40.16
TXN-0031061,2026-08-10,DXB-002,Dubai,CUST-00888,P014,Power Bank,Electronics,4,155.23,0,620.92,0.0,620.92,Card,Store,2026,8,August,10,Monday,False,620.92,155.23
TXN-0031163,2026-08-10,DXB-004,Dubai,CUST-04403,P001,Laptop,Electronics,3,2851.75,10,8555.25,855.52,7699.73,Card,Store,2026,8,August,10,Monday,False,7699.73,2566.58
TXN-0031167,2026-08-10,DXB-004,Dubai,CUST-05835,P005,Keyboard,Accessories,3,163.5,10,490.5,49.05,441.45,Card,Store,2026,8,August,10,Monday,False,441.45,147.15
TXN-0031300,2026-08-10,DXB-001,Dubai,CUST-04306,P001,Laptop,Electronics,1,2971.52,0,2971.52,0.0,2971.52,Apple Pay,Store,2026,8,August,10,Monday,False,2971.52,2971.52
TXN-0031330,2026-08-10,DXB-002,Dubai,CUST-05904,P014,Power Bank,Electronics,1,150.17,0,150.17,0.0,150.17,Card,Online,2026,8,August,10,Monday,False,150.17,150.17
TXN-0031350,2026-08-10,DXB-003,Dubai,CUST-01768,P007,Office Chair,Furniture,1,650.53,0,650.53,0.0,650.53,Bank Transfer,Store,2026,8,August,10,Monday,False,650.53,650.53
TXN-0031466,2026-08-10,DXB-002,Dubai,CUST-06016,P005,Keyboard,Accessories,2,188.21,0,376.42,0.0,376.42,Card,Store,2026,8,August,10,Monday,False,376.42,188.21
TXN-0031492,2026-08-10,DXB-001,Dubai,CUST-07827,P006,Mouse,Accessories,2,104.93,5,209.86,10.49,199.37,Apple Pay,Store,2026,8,August,10,Monday,False,199.37,99.68
TXN-0031559,2026-08-10,DXB-003,Dubai,CUST-06770,P001,Laptop,Electronics,3,2938.95,0,8816.85,0.0,8816.85,Card,Store,2026,8,August,10,Monday,False,8816.85,2938.95
TXN-0031705,2026-08-10,DXB-002,Dubai,CUST-05091,P014,Power Bank,Electronics,2,151.42,10,302.84,30.28,272.56,Card,Online,2026,8,August,10,Monday,False,272.56,136.28
TXN-0031794,2026-08-10,DXB-005,Dubai,CUST-05268,P011,Notebook,Stationery,3,24.86,5,74.58,3.73,70.85,Bank Transfer,Online,2026,8,August,10,Monday,False,70.85,23.62
TXN-0031796,2026-08-10,DXB-002,Dubai,CUST-06882,P002,Smartphone,Electronics,1,1859.6,5,1859.6,92.98,1766.62,Cash,Store,2026,8,August,10,Monday,False,1766.62,1766.62
TXN-0031875,2026-08-10,DXB-002,Dubai,CUST-06898,P005,Keyboard,Accessories,3,181.07,15,543.21,81.48,461.73,Cash,Store,2026,8,August,10,Monday,False,461.73,153.91
TXN-0031904,2026-08-10,DXB-001,Dubai,CUST-04033,P003,Headphones,Electronics,6,319.8,5,1918.8,95.94,1822.86,Card,Store,2026,8,August,10,Monday,False,1822.86,303.81
TXN-0032042,2026-08-10,DXB-001,Dubai,CUST-01478,P015,Tablet,Electronics,1,1171.68,0,1171.68,0.0,1171.68,Cash,Store,2026,8,August,10,Monday,False,1171.68,1171.68
TXN-0032147,2026-08-10,DXB-004,Dubai,CUST-05760,P011,Notebook,Stationery,5,24.92,5,124.6,6.23,118.37,Cash,Store,2026,8,August,10,Monday,False,118.37,23.67
TXN-0032186,2026-08-10,DXB-003,Dubai,CUST-07515,P014,Power Bank,Electronics,1,139.75,10,139.75,13.98,125.77,Card,Online,2026,8,August,10,Monday,False,125.77,125.77
TXN-0032223,2026-08-10,DXB-003,Dubai,CUST-02676,P011,Notebook,Stationery,3,26.13,0,78.39,0.0,78.39,Apple Pay,Online,2026,8,August,10,Monday,False,78.39,26.13
TXN-0032239,2026-08-10,DXB-005,Dubai,CUST-01704,P004,Monitor,Electronics,4,1014.05,0,4056.2,0.0,4056.2,Card,Store,2026,8,August,10,Monday,False,4056.2,1014.05
TXN-0032249,2026-08-10,DXB-002,Dubai,CUST-05216,P001,Laptop,Electronics,2,2585.31,5,5170.62,258.53,4912.09,Card,Store,2026,8,August,10,Monday,False,4912.09,2456.04
TXN-0032278,2026-08-10,DXB-001,Dubai,CUST-04169,P014,Power Bank,Electronics,2,153.26,5,306.52,15.33,291.19,Cash,Online,2026,8,August,10,Monday,False,291.19,145.6
TXN-0032322,2026-08-10,DXB-002,Dubai,CUST-01389,P003,Headphones,Electronics,2,350.33,0,700.66,0.0,700.66,Card,Online,2026,8,August,10,Monday,False,700.66,350.33
TXN-0032380,2026-08-10,DXB-001,Dubai,CUST-01281,P008,Desk,Furniture,1,817.26,5,817.26,40.86,776.4,Card,Store,2026,8,August,10,Monday,False,776.4,776.4
TXN-0032466,2026-08-10,DXB-001,Dubai,CUST-00331,P014,Power Bank,Electronics,1,153.72,15,153.72,23.06,130.66,Card,Store,2026,8,August,10,Monday,False,130.66,130.66
TXN-0032502,2026-08-10,DXB-003,Dubai,CUST-03781,P007,Office Chair,Furniture,1,670.98,5,670.98,33.55,637.43,Card,Store,2026,8,August,10,Monday,False,637.43,637.43
TXN-0032510,2026-08-10,DXB-003,Dubai,CUST-05964,P005,Keyboard,Accessories,3,182.29,5,546.87,27.34,519.53,Apple Pay,Store,2026,8,August,10,Monday,False,519.53,173.18
TXN-0032536,2026-08-10,DXB-004,Dubai,CUST-04455,P007,Office Chair,Furniture,1,669.9,20,669.9,133.98,535.92,Apple Pay,Store,2026,8,August,10,Monday,False,535.92,535.92
TXN-0032549,2026-08-10,DXB-003,Dubai,CUST-02009,P011,Notebook,Stationery,1,20.65,0,20.65,0.0,20.65,Card,Store,2026,8,August,10,Monday,False,20.65,20.65
TXN-0032553,2026-08-10,DXB-001,Dubai,CUST-04440,P003,Headphones,Electronics,1,371.17,0,371.17,0.0,371.17,Card,Store,2026,8,August,10,Monday,False,371.17,371.17
TXN-0032699,2026-08-10,DXB-001,Dubai,CUST-01039,P006,Mouse,Accessories,1,98.9,5,98.9,4.94,93.96,Apple Pay,Store,2026,8,August,10,Monday,False,93.96,93.96
TXN-0032870,2026-08-10,DXB-001,Dubai,CUST-00623,P014,Power Bank,Electronics,3,150.19,5,450.57,22.53,428.04,Card,Store,2026,8,August,10,Monday,False,428.04,142.68
TXN-0032885,2026-08-10,DXB-004,Dubai,CUST-04568,P011,Notebook,Stationery,1,24.61,0,24.61,0.0,24.61,Card,Store,2026,8,August,10,Monday,False,24.61,24.61
TXN-0033004,2026-08-10,DXB-002,Dubai,CUST-01396,P013,USB Drive,Accessories,4,42.96,5,171.84,8.59,163.25,Cash,Store,2026,8,August,10,Monday,False,163.25,40.81
TXN-0033121,2026-08-10,DXB-005,Dubai,CUST-03430,P002,Smartphone,Electronics,3,1887.34,0,5662.02,0.0,5662.02,Card,Store,2026,8,August,10,Monday,False,5662.02,1887.34
TXN-0033196,2026-08-10,DXB-005,Dubai,CUST-01887,P004,Monitor,Electronics,5,911.81,5,4559.05,227.95,4331.1,Card,Online,2026,8,August,10,Monday,False,4331.1,866.22
TXN-0033394,2026-08-10,DXB-001,Dubai,CUST-06102,P007,Office Chair,Furniture,4,641.57,0,2566.28,0.0,2566.28,Apple Pay,Store,2026,8,August,10,Monday,False,2566.28,641.57
TXN-0033515,2026-08-10,DXB-004,Dubai,CUST-00323,P001,Laptop,Electronics,2,2699.42,10,5398.84,539.88,4858.96,Apple Pay,Store,2026,8,August,10,Monday,False,4858.96,2429.48
TXN-0033597,2026-08-10,DXB-004,Dubai,CUST-06893,P012,Pen Pack,Stationery,3,14.61,0,43.83,0.0,43.83,Card,Online,2026,8,August,10,Monday,False,43.83,14.61
TXN-0033705,2026-08-10,DXB-003,Dubai,CUST-02062,P009,Backpack,Accessories,6,243.28,5,1459.68,72.98,1386.7,Card,Online,2026,8,August,10,Monday,False,1386.7,231.12
TXN-0033900,2026-08-10,DXB-002,Dubai,CUST-00784,P006,Mouse,Accessories,1,99.95,0,99.95,0.0,99.95,Cash,Store,2026,8,August,10,Monday,False,99.95,99.95
TXN-0033920,2026-08-10,DXB-002,Dubai,CUST-00941,P003,Headphones,Electronics,3,358.19,0,1074.57,0.0,1074.57,Card,Store,2026,8,August,10,Monday,False,1074.57,358.19
TXN-0033939,2026-08-10,DXB-003,Dubai,CUST-05101,P009,Backpack,Accessories,4,204.38,0,817.52,0.0,817.52,Card,Store,2026,8,August,10,Monday,False,817.52,204.38
TXN-0033993,2026-08-10,DXB-003,Dubai,CUST-07938,P011,Notebook,Stationery,1,24.03,0,24.03,0.0,24.03,Apple Pay,Store,2026,8,August,10,Monday,False,24.03,24.03
TXN-0034005,2026-08-10,DXB-001,Dubai,CUST-03905,P009,Backpack,Accessories,1,221.08,0,221.08,0.0,221.08,Bank Transfer,Online,2026,8,August,10,Monday,False,221.08,221.08
TXN-0034140,2026-08-10,DXB-002,Dubai,CUST-03356,P001,Laptop,Electronics,3,2791.17,5,8373.51,418.68,7954.83,Bank Transfer,Store,2026,8,August,10,Monday,False,7954.83,2651.61
TXN-0034235,2026-08-10,DXB-002,Dubai,CUST-02889,P007,Office Chair,Furniture,1,673.81,10,673.81,67.38,606.43,Apple Pay,Store,2026,8,August,10,Monday,False,606.43,606.43
TXN-0034261,2026-08-10,DXB-005,Dubai,CUST-06820,P014,Power Bank,Electronics,2,157.41,10,314.82,31.48,283.34,Apple Pay,Store,2026,8,August,10,Monday,False,283.34,141.67
TXN-0034280,2026-08-10,DXB-002,Dubai,CUST-03104,P013,USB Drive,Accessories,1,48.24,10,48.24,4.82,43.42,Card,Store,2026,8,August,10,Monday,False,43.42,43.42
TXN-0034371,2026-08-10,DXB-003,Dubai,CUST-05112,P002,Smartphone,Electronics,1,2032.05,5,2032.05,101.6,1930.45,Card,Online,2026,8,August,10,Monday,False,1930.45,1930.45
TXN-0034495,2026-08-10,DXB-002,Dubai,CUST-02078,P012,Pen Pack,Stationery,1,16.5,5,16.5,0.82,15.68,Card,Online,2026,8,August,10,Monday,False,15.68,15.68
TXN-0034497,2026-08-10,DXB-004,Dubai,CUST-07251,P012,Pen Pack,Stationery,2,14.36,0,28.72,0.0,28.72,Cash,Store,2026,8,August,10,Monday,False,28.72,14.36
TXN-0034503,2026-08-10,DXB-001,Dubai,CUST-06648,P005,Keyboard,Accessories,1,169.15,5,169.15,8.46,160.69,Card,Store,2026,8,August,10,Monday,False,160.69,160.69
TXN-0034572,2026-08-10,DXB-001,Dubai,CUST-02807,P005,Keyboard,Accessories,1,180.72,10,180.72,18.07,162.65,Apple Pay,Store,2026,8,August,10,Monday,False,162.65,162.65
TXN-0034653,2026-08-10,DXB-002,Dubai,CUST-07976,P011,Notebook,Stationery,1,24.46,0,24.46,0.0,24.46,Card,Store,2026,8,August,10,Monday,False,24.46,24.46
TXN-0034673,2026-08-10,DXB-001,Dubai,CUST-00908,P007,Office Chair,Furniture,1,675.85,15,675.85,101.38,574.47,Cash,Store,2026,8,August,10,Monday,False,574.47,574.47
TXN-0034855,2026-08-10,DXB-004,Dubai,CUST-07232,P002,Smartphone,Electronics,1,1841.19,5,1841.19,92.06,1749.13,Apple Pay,Store,2026,8,August,10,Monday,False,1749.13,1749.13
TXN-0034862,2026-08-10,DXB-003,Dubai,CUST-07240,P005,Keyboard,Accessories,2,181.99,0,363.98,0.0,363.98,Apple Pay,Store,2026,8,August,10,Monday,False,363.98,181.99
TXN-0034864,2026-08-10,DXB-005,Dubai,CUST-04623,P012,Pen Pack,Stationery,2,16.68,0,33.36,0.0,33.36,Card,Store,2026,8,August,10,Monday,False,33.36,16.68
TXN-0034866,2026-08-10,DXB-005,Dubai,CUST-02511,P013,USB Drive,Accessories,1,45.74,5,45.74,2.29,43.45,Card,Store,2026,8,August,10,Monday,False,43.45,43.45
TXN-0035084,2026-08-10,DXB-001,Dubai,CUST-01532,P011,Notebook,Stationery,1,25.58,5,25.58,1.28,24.3,Card,Store,2026,8,August,10,Monday,False,24.3,24.3
TXN-0035144,2026-08-10,DXB-003,Dubai,CUST-05742,P011,Notebook,Stationery,1,22.74,0,22.74,0.0,22.74,Card,Store,2026,8,August,10,Monday,False,22.74,22.74
TXN-0035170,2026-08-10,DXB-004,Dubai,CUST-02061,P007,Office Chair,Furniture,2,653.54,5,1307.08,65.35,1241.73,Card,Store,2026,8,August,10,Monday,False,1241.73,620.86
TXN-0035206,2026-08-10,DXB-002,Dubai,CUST-06742,P006,Mouse,Accessories,1,106.53,0,106.53,0.0,106.53,Card,Store,2026,8,August,10,Monday,False,106.53,106.53
TXN-0035266,2026-08-10,DXB-003,Dubai,CUST-06194,P010,Printer,Office,1,694.5,0,694.5,0.0,694.5,Card,Online,2026,8,August,10,Monday,False,694.5,694.5
TXN-0035271,2026-08-10,DXB-004,Dubai,CUST-01603,P001,Laptop,Electronics,1,2939.61,0,2939.61,0.0,2939.61,Card,Online,2026,8,August,10,Monday,False,2939.61,2939.61
TXN-0035292,2026-08-10,DXB-001,Dubai,CUST-00422,P011,Notebook,Stationery,2,24.9,0,49.8,0.0,49.8,Card,Online,2026,8,August,10,Monday,False,49.8,24.9
TXN-0035333,2026-08-10,DXB-001,Dubai,CUST-06885,P007,Office Chair,Furniture,1,652.25,5,652.25,32.61,619.64,Card,Store,2026,8,August,10,Monday,False,619.64,619.64
TXN-0035355,2026-08-10,DXB-005,Dubai,CUST-03744,P002,Smartphone,Electronics,3,1893.63,15,5680.89,852.13,4828.76,Apple Pay,Store,2026,8,August,10,Monday,False,4828.76,1609.59
TXN-0035361,2026-08-10,DXB-001,Dubai,CUST-04690,P014,Power Bank,Electronics,1,161.12,15,161.12,24.17,136.95,Apple Pay,Store,2026,8,August,10,Monday,False,136.95,136.95
TXN-0035443,2026-08-10,DXB-005,Dubai,CUST-06177,P004,Monitor,Electronics,3,927.31,10,2781.93,278.19,2503.74,Apple Pay,Store,2026,8,August,10,Monday,False,2503.74,834.58
TXN-0035482,2026-08-10,DXB-002,Dubai,CUST-02511,P013,USB Drive,Accessories,1,44.74,15,44.74,6.71,38.03,Card,Store,2026,8,August,10,Monday,False,38.03,38.03
TXN-0035533,2026-08-10,DXB-005,Dubai,CUST-02159,P005,Keyboard,Accessories,1,185.03,0,185.03,0.0,185.03,Apple Pay,Store,2026,8,August,10,Monday,False,185.03,185.03
TXN-0035576,2026-08-10,DXB-001,Dubai,CUST-07669,P015,Tablet,Electronics,4,1075.75,15,4303.0,645.45,3657.55,Card,Online,2026,8,August,10,Monday,False,3657.55,914.39
TXN-0035610,2026-08-10,DXB-005,Dubai,CUST-02962,P011,Notebook,Stationery,2,24.63,0,49.26,0.0,49.26,Cash,Store,2026,8,August,10,Monday,False,49.26,24.63
TXN-0035614,2026-08-10,DXB-004,Dubai,CUST-05077,P006,Mouse,Accessories,2,102.16,0,204.32,0.0,204.32,Card,Store,2026,8,August,10,Monday,False,204.32,102.16
TXN-0035725,2026-08-10,DXB-001,Dubai,CUST-01337,P011,Notebook,Stationery,1,26.47,10,26.47,2.65,23.82,Card,Store,2026,8,August,10,Monday,False,23.82,23.82
TXN-0035749,2026-08-10,DXB-002,Dubai,CUST-01033,P002,Smartphone,Electronics,2,1711.56,0,3423.12,0.0,3423.12,Card,Online,2026,8,August,10,Monday,False,3423.12,1711.56
TXN-0035790,2026-08-10,DXB-002,Dubai,CUST-07823,P010,Printer,Office,1,750.88,5,750.88,37.54,713.34,Card,Store,2026,8,August,10,Monday,False,713.34,713.34
TXN-0035797,2026-08-10,DXB-005,Dubai,CUST-00945,P007,Office Chair,Furniture,1,578.11,5,578.11,28.91,549.2,Apple Pay,Store,2026,8,August,10,Monday,False,549.2,549.2
TXN-0035799,2026-08-10,DXB-004,Dubai,CUST-06933,P012,Pen Pack,Stationery,1,13.8,0,13.8,0.0,13.8,Cash,Store,2026,8,August,10,Monday,False,13.8,13.8
TXN-0035808,2026-08-10,DXB-001,Dubai,CUST-00846,P002,Smartphone,Electronics,1,1877.41,10,1877.41,187.74,1689.67,Cash,Store,2026,8,August,10,Monday,False,1689.67,1689.67
TXN-0035849,2026-08-10,DXB-005,Dubai,CUST-02029,P015,Tablet,Electronics,2,1136.55,5,2273.1,113.66,2159.44,Card,Store,2026,8,August,10,Monday,False,2159.44,1079.72
TXN-0035921,2026-08-10,DXB-001,Dubai,CUST-02586,P009,Backpack,Accessories,1,212.26,20,212.26,42.45,169.81,Card,Store,2026,8,August,10,Monday,False,169.81,169.81
TXN-0035993,2026-08-10,DXB-004,Dubai,CUST-06087,P011,Notebook,Stationery,1,24.68,0,24.68,0.0,24.68,Bank Transfer,Store,2026,8,August,10,Monday,False,24.68,24.68
TXN-0036056,2026-08-10,DXB-002,Dubai,CUST-04465,P003,Headphones,Electronics,4,327.85,10,1311.4,131.14,1180.26,Apple Pay,Store,2026,8,August,10,Monday,False,1180.26,295.06
TXN-0036134,2026-08-10,DXB-001,Dubai,CUST-06043,P013,USB Drive,Accessories,3,44.95,0,134.85,0.0,134.85,Apple Pay,Store,2026,8,August,10,Monday,False,134.85,44.95
TXN-0036266,2026-08-10,DXB-001,Dubai,CUST-04275,P013,USB Drive,Accessories,1,43.59,0,43.59,0.0,43.59,Card,Store,2026,8,August,10,Monday,False,43.59,43.59
TXN-0036272,2026-08-10,DXB-002,Dubai,CUST-01483,P003,Headphones,Electronics,1,327.32,0,327.32,0.0,327.32,Card,Online,2026,8,August,10,Monday,False,327.32,327.32
TXN-0036285,2026-08-10,DXB-005,Dubai,CUST-00394,P015,Tablet,Electronics,2,1141.48,10,2282.96,228.3,2054.66,Bank Transfer,Store,2026,8,August,10,Monday,False,2054.66,1027.33
TXN-0036451,2026-08-10,DXB-001,Dubai,CUST-02419,P003,Headphones,Electronics,2,341.04,0,682.08,0.0,682.08,Cash,Store,2026,8,August,10,Monday,False,682.08,341.04
TXN-0036490,2026-08-10,DXB-002,Dubai,CUST-06029,P001,Laptop,Electronics,1,2809.89,20,2809.89,561.98,2247.91,Card,Store,2026,8,August,10,Monday,False,2247.91,2247.91
TXN-0036504,2026-08-10,DXB-001,Dubai,CUST-01227,P008,Desk,Furniture,2,773.67,20,1547.34,309.47,1237.87,Cash,Store,2026,8,August,10,Monday,False,1237.87,618.93
TXN-0036558,2026-08-10,DXB-003,Dubai,CUST-04237,P004,Monitor,Electronics,5,853.29,0,4266.45,0.0,4266.45,Card,Store,2026,8,August,10,Monday,False,4266.45,853.29
TXN-0036623,2026-08-10,DXB-005,Dubai,CUST-07111,P015,Tablet,Electronics,1,1348.24,20,1348.24,269.65,1078.59,Apple Pay,Store,2026,8,August,10,Monday,False,1078.59,1078.59
TXN-0036625,2026-08-10,DXB-004,Dubai,CUST-03848,P004,Monitor,Electronics,3,903.62,0,2710.86,0.0,2710.86,Apple Pay,Online,2026,8,August,10,Monday,False,2710.86,903.62
TXN-0036705,2026-08-10,DXB-005,Dubai,CUST-02519,P001,Laptop,Electronics,1,2937.57,0,2937.57,0.0,2937.57,Card,Online,2026,8,August,10,Monday,False,2937.57,2937.57
TXN-0037073,2026-08-10,DXB-001,Dubai,CUST-01887,P009,Backpack,Accessories,1,238.95,10,238.95,23.9,215.05,Cash,Store,2026,8,August,10,Monday,False,215.05,215.05
TXN-0037103,2026-08-10,DXB-003,Dubai,CUST-01519,P012,Pen Pack,Stationery,2,15.09,10,30.18,3.02,27.16,Cash,Online,2026,8,August,10,Monday,False,27.16,13.58
TXN-0037165,2026-08-10,DXB-002,Dubai,CUST-02832,P006,Mouse,Accessories,2,95.49,15,190.98,28.65,162.33,Cash,Online,2026,8,August,10,Monday,False,162.33,81.17
TXN-0037194,2026-08-10,DXB-003,Dubai,CUST-01178,P012,Pen Pack,Stationery,1,14.32,0,14.32,0.0,14.32,Apple Pay,Store,2026,8,August,10,Monday,False,14.32,14.32
TXN-0037206,2026-08-10,DXB-001,Dubai,CUST-02496,P005,Keyboard,Accessories,1,184.59,0,184.59,0.0,184.59,Card,Store,2026,8,August,10,Monday,False,184.59,184.59
TXN-0037229,2026-08-10,DXB-002,Dubai,CUST-03276,P008,Desk,Furniture,1,865.0,15,865.0,129.75,735.25,Card,Online,2026,8,August,10,Monday,False,735.25,735.25
TXN-0037258,2026-08-10,DXB-002,Dubai,CUST-03277,P010,Printer,Office,2,714.57,0,1429.14,0.0,1429.14,Cash,Store,2026,8,August,10,Monday,False,1429.14,714.57
TXN-0037282,2026-08-10,DXB-001,Dubai,CUST-03660,P014,Power Bank,Electronics,1,151.13,15,151.13,22.67,128.46,Card,Online,2026,8,August,10,Monday,False,128.46,128.46
TXN-0037307,2026-08-10,DXB-004,Dubai,CUST-04322,P004,Monitor,Electronics,2,873.62,5,1747.24,87.36,1659.88,Apple Pay,Store,2026,8,August,10,Monday,False,1659.88,829.94
TXN-0037317,2026-08-10,DXB-004,Dubai,CUST-07000,P010,Printer,Office,3,693.97,10,2081.91,208.19,1873.72,Card,Store,2026,8,August,10,Monday,False,1873.72,624.57
TXN-0037437,2026-08-10,DXB-004,Dubai,CUST-06189,P004,Monitor,Electronics,1,806.5,0,806.5,0.0,806.5,Apple Pay,Store,2026,8,August,10,Monday,False,806.5,806.5
TXN-0037438,2026-08-10,DXB-005,Dubai,CUST-00718,P007,Office Chair,Furniture,2,660.76,5,1321.52,66.08,1255.44,Card,Online,2026,8,August,10,Monday,False,1255.44,627.72
TXN-0037465,2026-08-10,DXB-002,Dubai,CUST-07199,P010,Printer,Office,1,721.31,5,721.31,36.07,685.24,Card,Online,2026,8,August,10,Monday,False,685.24,685.24
TXN-0037477,2026-08-10,DXB-002,Dubai,CUST-06872,P012,Pen Pack,Stationery,3,14.78,20,44.34,8.87,35.47,Apple Pay,Store,2026,8,August,10,Monday,False,35.47,11.82
TXN-0037566,2026-08-10,DXB-002,Dubai,CUST-01690,P011,Notebook,Stationery,2,24.76,0,49.52,0.0,49.52,Cash,Store,2026,8,August,10,Monday,False,49.52,24.76
TXN-0037594,2026-08-10,DXB-001,Dubai,CUST-03032,P003,Headphones,Electronics,2,358.79,15,717.58,107.64,609.94,Cash,Online,2026,8,August,10,Monday,False,609.94,304.97
TXN-0037818,2026-08-10,DXB-001,Dubai,CUST-04059,P007,Office Chair,Furniture,3,675.13,5,2025.39,101.27,1924.12,Card,Store,2026,8,August,10,Monday,False,1924.12,641.37
TXN-0037903,2026-08-10,DXB-003,Dubai,CUST-06849,P009,Backpack,Accessories,2,230.6,5,461.2,23.06,438.14,Card,Store,2026,8,August,10,Monday,False,438.14,219.07
TXN-0037940,2026-08-10,DXB-004,Dubai,CUST-05302,P005,Keyboard,Accessories,3,179.3,0,537.9,0.0,537.9,Card,Store,2026,8,August,10,Monday,False,537.9,179.3
TXN-0038038,2026-08-10,DXB-004,Dubai,CUST-06065,P013,USB Drive,Accessories,5,40.81,5,204.05,10.2,193.85,Card,Store,2026,8,August,10,Monday,False,193.85,38.77
TXN-0038190,2026-08-10,DXB-002,Dubai,CUST-03281,P012,Pen Pack,Stationery,1,15.54,0,15.54,0.0,15.54,Apple Pay,Store,2026,8,August,10,Monday,False,15.54,15.54
TXN-0038337,2026-08-10,DXB-004,Dubai,CUST-01779,P005,Keyboard,Accessories,2,188.97,10,377.94,37.79,340.15,Card,Store,2026,8,August,10,Monday,False,340.15,170.08
TXN-0038397,2026-08-10,DXB-001,Dubai,CUST-02763,P005,Keyboard,Accessories,1,163.48,0,163.48,0.0,163.48,Apple Pay,Store,2026,8,August,10,Monday,False,163.48,163.48
TXN-0038413,2026-08-10,DXB-005,Dubai,CUST-02158,P014,Power Bank,Electronics,1,152.12,0,152.12,0.0,152.12,Card,Online,2026,8,August,10,Monday,False,152.12,152.12
TXN-0038550,2026-08-10,DXB-004,Dubai,CUST-01987,P006,Mouse,Accessories,2,103.39,10,206.78,20.68,186.1,Card,Store,2026,8,August,10,Monday,False,186.1,93.05
TXN-0038597,2026-08-10,DXB-005,Dubai,CUST-02966,P002,Smartphone,Electronics,1,1912.4,5,1912.4,95.62,1816.78,Card,Online,2026,8,August,10,Monday,False,1816.78,1816.78
TXN-0038747,2026-08-10,DXB-005,Dubai,CUST-06326,P010,Printer,Office,1,631.03,10,631.03,63.1,567.93,Card,Store,2026,8,August,10,Monday,False,567.93,567.93
TXN-0038769,2026-08-10,DXB-001,Dubai,CUST-06038,P009,Backpack,Accessories,2,225.5,5,451.0,22.55,428.45,Bank Transfer,Store,2026,8,August,10,Monday,False,428.45,214.22
TXN-0038816,2026-08-10,DXB-002,Dubai,CUST-07744,P007,Office Chair,Furniture,2,667.25,0,1334.5,0.0,1334.5,Apple Pay,Online,2026,8,August,10,Monday,False,1334.5,667.25
TXN-0038875,2026-08-10,DXB-003,Dubai,CUST-07859,P011,Notebook,Stationery,6,24.27,15,145.62,21.84,123.78,Card,Store,2026,8,August,10,Monday,False,123.78,20.63
TXN-0038908,2026-08-10,DXB-005,Dubai,CUST-01050,P013,USB Drive,Accessories,1,43.58,15,43.58,6.54,37.04,Card,Online,2026,8,August,10,Monday,False,37.04,37.04
TXN-0038943,2026-08-10,DXB-005,Dubai,CUST-07631,P009,Backpack,Accessories,1,236.12,0,236.12,0.0,236.12,Bank Transfer,Store,2026,8,August,10,Monday,False,236.12,236.12
TXN-0039065,2026-08-10,DXB-004,Dubai,CUST-05360,P001,Laptop,Electronics,2,2619.56,15,5239.12,785.87,4453.25,Cash,Store,2026,8,August,10,Monday,False,4453.25,2226.62
TXN-0039090,2026-08-10,DXB-001,Dubai,CUST-03168,P009,Backpack,Accessories,3,194.98,5,584.94,29.25,555.69,Card,Store,2026,8,August,10,Monday,False,555.69,185.23
TXN-0039108,2026-08-10,DXB-004,Dubai,CUST-03654,P001,Laptop,Electronics,1,2799.1,5,2799.1,139.96,2659.14,Card,Store,2026,8,August,10,Monday,False,2659.14,2659.14
TXN-0039109,2026-08-10,DXB-002,Dubai,CUST-05009,P006,Mouse,Accessories,3,92.58,5,277.74,13.89,263.85,Card,Store,2026,8,August,10,Monday,False,263.85,87.95
TXN-0039136,2026-08-10,DXB-004,Dubai,CUST-01076,P009,Backpack,Accessories,2,206.13,5,412.26,20.61,391.65,Cash,Store,2026,8,August,10,Monday,False,391.65,195.82
TXN-0039235,2026-08-10,DXB-002,Dubai,CUST-00824,P013,USB Drive,Accessories,1,44.21,0,44.21,0.0,44.21,Apple Pay,Store,2026,8,August,10,Monday,False,44.21,44.21
TXN-0039265,2026-08-10,DXB-002,Dubai,CUST-02043,P012,Pen Pack,Stationery,2,14.82,5,29.64,1.48,28.16,Card,Store,2026,8,August,10,Monday,False,28.16,14.08
TXN-0039352,2026-08-10,DXB-005,Dubai,CUST-02736,P011,Notebook,Stationery,2,24.19,5,48.38,2.42,45.96,Card,Online,2026,8,August,10,Monday,False,45.96,22.98
TXN-0039425,2026-08-10,DXB-002,Dubai,CUST-05585,P015,Tablet,Electronics,1,1313.21,5,1313.21,65.66,1247.55,Card,Store,2026,8,August,10,Monday,False,1247.55,1247.55
TXN-0039507,2026-08-10,DXB-005,Dubai,CUST-04957,P014,Power Bank,Electronics,2,142.19,10,284.38,28.44,255.94,Apple Pay,Store,2026,8,August,10,Monday,False,255.94,127.97
TXN-0039511,2026-08-10,DXB-004,Dubai,CUST-07744,P009,Backpack,Accessories,1,243.67,0,243.67,0.0,243.67,Apple Pay,Store,2026,8,August,10,Monday,False,243.67,243.67
TXN-0039542,2026-08-10,DXB-005,Dubai,CUST-04414,P003,Headphones,Electronics,2,353.57,10,707.14,70.71,636.43,Cash,Store,2026,8,August,10,Monday,False,636.43,318.21
TXN-0039560,2026-08-10,DXB-004,Dubai,CUST-06062,P009,Backpack,Accessories,3,224.72,10,674.16,67.42,606.74,Card,Store,2026,8,August,10,Monday,False,606.74,202.25
TXN-0039592,2026-08-10,DXB-005,Dubai,CUST-05588,P009,Backpack,Accessories,1,228.64,15,228.64,34.3,194.34,Cash,Store,2026,8,August,10,Monday,False,194.34,194.34
TXN-0039596,2026-08-10,DXB-003,Dubai,CUST-05835,P003,Headphones,Electronics,4,380.48,0,1521.92,0.0,1521.92,Card,Store,2026,8,August,10,Monday,False,1521.92,380.48
TXN-0039644,2026-08-10,DXB-002,Dubai,CUST-01962,P006,Mouse,Accessories,1,95.85,10,95.85,9.59,86.26,Card,Online,2026,8,August,10,Monday,False,86.26,86.26
TXN-0039651,2026-08-10,DXB-002,Dubai,CUST-04573,P004,Monitor,Electronics,3,901.86,15,2705.58,405.84,2299.74,Cash,Store,2026,8,August,10,Monday,False,2299.74,766.58
TXN-0039705,2026-08-10,DXB-004,Dubai,CUST-07722,P013,USB Drive,Accessories,1,46.05,0,46.05,0.0,46.05,Apple Pay,Store,2026,8,August,10,Monday,False,46.05,46.05
TXN-0039710,2026-08-10,DXB-003,Dubai,CUST-06632,P012,Pen Pack,Stationery,1,14.47,5,14.47,0.72,13.75,Cash,Online,2026,8,August,10,Monday,False,13.75,13.75
TXN-0039745,2026-08-10,DXB-004,Dubai,CUST-04109,P014,Power Bank,Electronics,1,154.95,10,154.95,15.5,139.45,Card,Store,2026,8,August,10,Monday,False,139.45,139.45
TXN-0039779,2026-08-10,DXB-005,Dubai,CUST-03008,P002,Smartphone,Electronics,1,1766.65,5,1766.65,88.33,1678.32,Bank Transfer,Store,2026,8,August,10,Monday,False,1678.32,1678.32
TXN-0039849,2026-08-10,DXB-002,Dubai,CUST-06568,P015,Tablet,Electronics,1,1326.04,15,1326.04,198.91,1127.13,Apple Pay,Store,2026,8,August,10,Monday,False,1127.13,1127.13
TXN-0039873,2026-08-10,DXB-002,Dubai,CUST-05259,P010,Printer,Office,1,637.84,0,637.84,0.0,637.84,Card,Store,2026,8,August,10,Monday,False,637.84,637.84
TXN-0039924,2026-08-10,DXB-005,Dubai,CUST-05599,P003,Headphones,Electronics,2,363.26,0,726.52,0.0,726.52,Card,Store,2026,8,August,10,Monday,False,726.52,363.26
TXN-0039962,2026-08-10,DXB-002,Dubai,CUST-04775,P005,Keyboard,Accessories,1,186.98,5,186.98,9.35,177.63,Bank Transfer,Store,2026,8,August,10,Monday,False,177.63,177.63
TXN-0039981,2026-08-10,DXB-003,Dubai,CUST-04624,P004,Monitor,Electronics,1,751.36,10,751.36,75.14,676.22,Card,Store,2026,8,August,10,Monday,False,676.22,676.22
TXN-0040062,2026-08-10,DXB-005,Dubai,CUST-03313,P007,Office Chair,Furniture,1,692.05,10,692.05,69.2,622.85,Apple Pay,Store,2026,8,August,10,Monday,False,622.85,622.85
TXN-0040190,2026-08-10,DXB-001,Dubai,CUST-05343,P003,Headphones,Electronics,4,350.43,20,1401.72,280.34,1121.38,Bank Transfer,Online,2026,8,August,10,Monday,False,1121.38,280.35
TXN-0040267,2026-08-10,DXB-001,Dubai,CUST-06760,P014,Power Bank,Electronics,6,147.24,0,883.44,0.0,883.44,Card,Store,2026,8,August,10,Monday,False,883.44,147.24
TXN-0040287,2026-08-10,DXB-002,Dubai,CUST-04667,P012,Pen Pack,Stationery,1,16.04,20,16.04,3.21,12.83,Apple Pay,Store,2026,8,August,10,Monday,False,12.83,12.83
TXN-0040336,2026-08-10,DXB-004,Dubai,CUST-04251,P012,Pen Pack,Stationery,1,15.42,15,15.42,2.31,13.11,Card,Online,2026,8,August,10,Monday,False,13.11,13.11
TXN-0040403,2026-08-10,DXB-004,Dubai,CUST-02076,P007,Office Chair,Furniture,2,624.02,5,1248.04,62.4,1185.64,Card,Store,2026,8,August,10,Monday,False,1185.64,592.82
TXN-0040415,2026-08-10,DXB-003,Dubai,CUST-07167,P002,Smartphone,Electronics,1,2040.4,10,2040.4,204.04,1836.36,Cash,Online,2026,8,August,10,Monday,False,1836.36,1836.36
TXN-0040447,2026-08-10,DXB-004,Dubai,CUST-01840,P012,Pen Pack,Stationery,1,14.62,10,14.62,1.46,13.16,Card,Store,2026,8,August,10,Monday,False,13.16,13.16
TXN-0040508,2026-08-10,DXB-002,Dubai,CUST-02360,P014,Power Bank,Electronics,1,144.27,5,144.27,7.21,137.06,Card,Store,2026,8,August,10,Monday,False,137.06,137.06
TXN-0040556,2026-08-10,DXB-004,Dubai,CUST-07173,P001,Laptop,Electronics,1,2967.89,5,2967.89,148.39,2819.5,Card,Online,2026,8,August,10,Monday,False,2819.5,2819.5
TXN-0040653,2026-08-10,DXB-005,Dubai,CUST-07284,P003,Headphones,Electronics,6,357.46,0,2144.76,0.0,2144.76,Cash,Store,2026,8,August,10,Monday,False,2144.76,357.46
TXN-0040714,2026-08-10,DXB-002,Dubai,CUST-00074,P010,Printer,Office,2,664.72,5,1329.44,66.47,1262.97,Card,Online,2026,8,August,10,Monday,False,1262.97,631.48
TXN-0040728,2026-08-10,DXB-004,Dubai,CUST-02044,P011,Notebook,Stationery,2,25.96,0,51.92,0.0,51.92,Cash,Store,2026,8,August,10,Monday,False,51.92,25.96
TXN-0040959,2026-08-10,DXB-001,Dubai,CUST-06298,P004,Monitor,Electronics,3,877.34,10,2632.02,263.2,2368.82,Card,Online,2026,8,August,10,Monday,False,2368.82,789.61
TXN-0040982,2026-08-10,DXB-001,Dubai,CUST-04204,P001,Laptop,Electronics,1,2739.94,0,2739.94,0.0,2739.94,Cash,Store,2026,8,August,10,Monday,False,2739.94,2739.94
TXN-0041110,2026-08-10,DXB-001,Dubai,CUST-05374,P006,Mouse,Accessories,1,96.23,0,96.23,0.0,96.23,Apple Pay,Store,2026,8,August,10,Monday,False,96.23,96.23
TXN-0041135,2026-08-10,DXB-001,Dubai,CUST-07337,P002,Smartphone,Electronics,5,1830.64,5,9153.2,457.66,8695.54,Card,Store,2026,8,August,10,Monday,False,8695.54,1739.11
TXN-0041201,2026-08-10,DXB-002,Dubai,CUST-05155,P009,Backpack,Accessories,1,206.1,0,206.1,0.0,206.1,Card,Store,2026,8,August,10,Monday,False,206.1,206.1
TXN-0041274,2026-08-10,DXB-002,Dubai,CUST-02259,P015,Tablet,Electronics,3,1079.64,0,3238.92,0.0,3238.92,Apple Pay,Online,2026,8,August,10,Monday,False,3238.92,1079.64
TXN-0041283,2026-08-10,DXB-005,Dubai,CUST-02970,P008,Desk,Furniture,4,860.89,15,3443.56,516.53,2927.03,Bank Transfer,Store,2026,8,August,10,Monday,False,2927.03,731.76
TXN-0041486,2026-08-10,DXB-001,Dubai,CUST-04855,P015,Tablet,Electronics,2,1163.97,5,2327.94,116.4,2211.54,Apple Pay,Online,2026,8,August,10,Monday,False,2211.54,1105.77
TXN-0041563,2026-08-10,DXB-002,Dubai,CUST-03502,P011,Notebook,Stationery,1,26.12,10,26.12,2.61,23.51,Apple Pay,Store,2026,8,August,10,Monday,False,23.51,23.51
TXN-0041620,2026-08-10,DXB-004,Dubai,CUST-03962,P015,Tablet,Electronics,5,1200.03,5,6000.15,300.01,5700.14,Cash,Store,2026,8,August,10,Monday,False,5700.14,1140.03
TXN-0041626,2026-08-10,DXB-004,Dubai,CUST-00099,P011,Notebook,Stationery,2,23.58,5,47.16,2.36,44.8,Cash,Store,2026,8,August,10,Monday,False,44.8,22.4
TXN-0041789,2026-08-10,DXB-003,Dubai,CUST-03897,P011,Notebook,Stationery,1,25.29,0,25.29,0.0,25.29,Apple Pay,Store,2026,8,August,10,Monday,False,25.29,25.29
TXN-0041813,2026-08-10,DXB-002,Dubai,CUST-03420,P002,Smartphone,Electronics,1,1669.9,5,1669.9,83.5,1586.4,Bank Transfer,Store,2026,8,August,10,Monday,False,1586.4,1586.4
TXN-0041874,2026-08-10,DXB-001,Dubai,CUST-06388,P006,Mouse,Accessories,3,105.92,20,317.76,63.55,254.21,Apple Pay,Store,2026,8,August,10,Monday,False,254.21,84.74
TXN-0041923,2026-08-10,DXB-003,Dubai,CUST-05540,P008,Desk,Furniture,1,796.17,5,796.17,39.81,756.36,Cash,Online,2026,8,August,10,Monday,False,756.36,756.36
TXN-0042013,2026-08-10,DXB-003,Dubai,CUST-04470,P015,Tablet,Electronics,1,1245.61,0,1245.61,0.0,1245.61,Cash,Store,2026,8,August,10,Monday,False,1245.61,1245.61
TXN-0042088,2026-08-10,DXB-001,Dubai,CUST-07775,P013,USB Drive,Accessories,1,49.24,10,49.24,4.92,44.32,Card,Store,2026,8,August,10,Monday,False,44.32,44.32
TXN-0042208,2026-08-10,DXB-003,Dubai,CUST-00582,P006,Mouse,Accessories,2,98.52,0,197.04,0.0,197.04,Apple Pay,Online,2026,8,August,10,Monday,False,197.04,98.52
TXN-0042312,2026-08-10,DXB-003,Dubai,CUST-06074,P004,Monitor,Electronics,1,871.27,10,871.27,87.13,784.14,Card,Online,2026,8,August,10,Monday,False,784.14,784.14
TXN-0042343,2026-08-10,DXB-001,Dubai,CUST-04990,P009,Backpack,Accessories,1,239.71,5,239.71,11.99,227.72,Apple Pay,Store,2026,8,August,10,Monday,False,227.72,227.72
TXN-0042518,2026-08-10,DXB-004,Dubai,CUST-01963,P006,Mouse,Accessories,1,103.71,5,103.71,5.19,98.52,Card,Store,2026,8,August,10,Monday,False,98.52,98.52
TXN-0042615,2026-08-10,DXB-003,Dubai,CUST-03890,P013,USB Drive,Accessories,2,41.21,5,82.42,4.12,78.3,Card,Store,2026,8,August,10,Monday,False,78.3,39.15
TXN-0042639,2026-08-10,DXB-003,Dubai,CUST-04975,P014,Power Bank,Electronics,6,145.23,10,871.38,87.14,784.24,Apple Pay,Store,2026,8,August,10,Monday,False,784.24,130.71
TXN-0042709,2026-08-10,DXB-002,Dubai,CUST-02015,P002,Smartphone,Electronics,6,1817.07,10,10902.42,1090.24,9812.18,Card,Store,2026,8,August,10,Monday,False,9812.18,1635.36
TXN-0042743,2026-08-10,DXB-003,Dubai,CUST-03028,P007,Office Chair,Furniture,1,672.85,20,672.85,134.57,538.28,Card,Store,2026,8,August,10,Monday,False,538.28,538.28
TXN-0042748,2026-08-10,DXB-001,Dubai,CUST-03135,P014,Power Bank,Electronics,2,151.73,10,303.46,30.35,273.11,Card,Store,2026,8,August,10,Monday,False,273.11,136.56
TXN-0042780,2026-08-10,DXB-002,Dubai,CUST-03366,P012,Pen Pack,Stationery,1,14.92,10,14.92,1.49,13.43,Card,Store,2026,8,August,10,Monday,False,13.43,13.43
TXN-0042827,2026-08-10,DXB-002,Dubai,CUST-00123,P014,Power Bank,Electronics,3,156.61,10,469.83,46.98,422.85,Apple Pay,Online,2026,8,August,10,Monday,False,422.85,140.95
TXN-0042845,2026-08-10,DXB-005,Dubai,CUST-06323,P006,Mouse,Accessories,2,99.8,5,199.6,9.98,189.62,Cash,Store,2026,8,August,10,Monday,False,189.62,94.81
TXN-0042875,2026-08-10,DXB-005,Dubai,CUST-04026,P008,Desk,Furniture,1,737.17,0,737.17,0.0,737.17,Cash,Online,2026,8,August,10,Monday,False,737.17,737.17
TXN-0042891,2026-08-10,DXB-003,Dubai,CUST-06826,P015,Tablet,Electronics,2,1275.79,10,2551.58,255.16,2296.42,Cash,Store,2026,8,August,10,Monday,False,2296.42,1148.21
TXN-0042917,2026-08-10,DXB-003,Dubai,CUST-06933,P003,Headphones,Electronics,3,344.84,5,1034.52,51.73,982.79,Apple Pay,Store,2026,8,August,10,Monday,False,982.79,327.6
TXN-0042978,2026-08-10,DXB-004,Dubai,CUST-07661,P008,Desk,Furniture,3,866.48,15,2599.44,389.92,2209.52,Cash,Store,2026,8,August,10,Monday,False,2209.52,736.51
TXN-0042990,2026-08-10,DXB-001,Dubai,CUST-03331,P010,Printer,Office,1,740.27,0,740.27,0.0,740.27,Apple Pay,Store,2026,8,August,10,Monday,False,740.27,740.27
TXN-0043005,2026-08-10,DXB-002,Dubai,CUST-03649,P007,Office Chair,Furniture,5,636.68,15,3183.4,477.51,2705.89,Card,Store,2026,8,August,10,Monday,False,2705.89,541.18
TXN-0043075,2026-08-10,DXB-001,Dubai,CUST-04963,P002,Smartphone,Electronics,2,1934.81,0,3869.62,0.0,3869.62,Card,Store,2026,8,August,10,Monday,False,3869.62,1934.81
TXN-0043081,2026-08-10,DXB-004,Dubai,CUST-02022,P014,Power Bank,Electronics,2,147.19,10,294.38,29.44,264.94,Card,Online,2026,8,August,10,Monday,False,264.94,132.47
TXN-0043153,2026-08-10,DXB-001,Dubai,CUST-06667,P003,Headphones,Electronics,1,361.34,0,361.34,0.0,361.34,Cash,Store,2026,8,August,10,Monday,False,361.34,361.34
TXN-0043159,2026-08-10,DXB-002,Dubai,CUST-02092,P014,Power Bank,Electronics,1,143.56,20,143.56,28.71,114.85,Card,Store,2026,8,August,10,Monday,False,114.85,114.85
TXN-0043271,2026-08-10,DXB-001,Dubai,CUST-00491,P012,Pen Pack,Stationery,1,15.76,5,15.76,0.79,14.97,Card,Online,2026,8,August,10,Monday,False,14.97,14.97
TXN-0043306,2026-08-10,DXB-001,Dubai,CUST-03824,P002,Smartphone,Electronics,1,1701.04,5,1701.04,85.05,1615.99,Card,Online,2026,8,August,10,Monday,False,1615.99,1615.99
TXN-0043330,2026-08-10,DXB-003,Dubai,CUST-05236,P012,Pen Pack,Stationery,2,16.11,15,32.22,4.83,27.39,Cash,Store,2026,8,August,10,Monday,False,27.39,13.7
TXN-0043418,2026-08-10,DXB-005,Dubai,CUST-01430,P004,Monitor,Electronics,1,935.62,5,935.62,46.78,888.84,Cash,Store,2026,8,August,10,Monday,False,888.84,888.84
TXN-0043521,2026-08-10,DXB-003,Dubai,CUST-03128,P013,USB Drive,Accessories,2,46.93,5,93.86,4.69,89.17,Card,Store,2026,8,August,10,Monday,False,89.17,44.58
TXN-0043559,2026-08-10,DXB-005,Dubai,CUST-02673,P007,Office Chair,Furniture,2,619.49,0,1238.98,0.0,1238.98,Card,Store,2026,8,August,10,Monday,False,1238.98,619.49
TXN-0043569,2026-08-10,DXB-004,Dubai,CUST-03957,P014,Power Bank,Electronics,2,153.78,10,307.56,30.76,276.8,Apple Pay,Store,2026,8,August,10,Monday,False,276.8,138.4
TXN-0043646,2026-08-10,DXB-001,Dubai,CUST-03427,P011,Notebook,Stationery,4,24.53,15,98.12,14.72,83.4,Apple Pay,Online,2026,8,August,10,Monday,False,83.4,20.85
TXN-0043659,2026-08-10,DXB-001,Dubai,CUST-04904,P006,Mouse,Accessories,2,100.39,0,200.78,0.0,200.78,Bank Transfer,Store,2026,8,August,10,Monday,False,200.78,100.39
TXN-0043849,2026-08-10,DXB-004,Dubai,CUST-06848,P008,Desk,Furniture,1,844.25,15,844.25,126.64,717.61,Bank Transfer,Store,2026,8,August,10,Monday,False,717.61,717.61
TXN-0043855,2026-08-10,DXB-002,Dubai,CUST-07376,P003,Headphones,Electronics,1,372.22,0,372.22,0.0,372.22,Card,Store,2026,8,August,10,Monday,False,372.22,372.22
TXN-0043909,2026-08-10,DXB-002,Dubai,CUST-07525,P006,Mouse,Accessories,1,100.65,15,100.65,15.1,85.55,Cash,Store,2026,8,August,10,Monday,False,85.55,85.55
TXN-0043940,2026-08-10,DXB-003,Dubai,CUST-01575,P012,Pen Pack,Stationery,2,15.12,0,30.24,0.0,30.24,Card,Store,2026,8,August,10,Monday,False,30.24,15.12
TXN-0043954,2026-08-10,DXB-004,Dubai,CUST-07345,P013,USB Drive,Accessories,3,44.37,20,133.11,26.62,106.49,Card,Online,2026,8,August,10,Monday,False,106.49,35.5
TXN-0044052,2026-08-10,DXB-005,Dubai,CUST-04946,P009,Backpack,Accessories,4,213.22,15,852.88,127.93,724.95,Cash,Store,2026,8,August,10,Monday,False,724.95,181.24
TXN-0044057,2026-08-10,DXB-002,Dubai,CUST-03984,P014,Power Bank,Electronics,3,156.65,10,469.95,47.0,422.95,Card,Store,2026,8,August,10,Monday,False,422.95,140.98
TXN-0044099,2026-08-10,DXB-001,Dubai,CUST-06702,P002,Smartphone,Electronics,1,1796.59,10,1796.59,179.66,1616.93,Card,Online,2026,8,August,10,Monday,False,1616.93,1616.93
TXN-0044128,2026-08-10,DXB-005,Dubai,CUST-03400,P001,Laptop,Electronics,2,2825.85,0,5651.7,0.0,5651.7,Bank Transfer,Store,2026,8,August,10,Monday,False,5651.7,2825.85
TXN-0044175,2026-08-10,DXB-003,Dubai,CUST-07391,P005,Keyboard,Accessories,1,202.37,0,202.37,0.0,202.37,Apple Pay,Store,2026,8,August,10,Monday,False,202.37,202.37
TXN-0044358,2026-08-10,DXB-002,Dubai,CUST-04359,P005,Keyboard,Accessories,1,199.07,0,199.07,0.0,199.07,Cash,Store,2026,8,August,10,Monday,False,199.07,199.07
TXN-0044431,2026-08-10,DXB-005,Dubai,CUST-03647,P013,USB Drive,Accessories,1,48.07,0,48.07,0.0,48.07,Bank Transfer,Online,2026,8,August,10,Monday,False,48.07,48.07
TXN-0044435,2026-08-10,DXB-004,Dubai,CUST-07555,P015,Tablet,Electronics,2,1140.76,0,2281.52,0.0,2281.52,Bank Transfer,Online,2026,8,August,10,Monday,False,2281.52,1140.76
TXN-0044454,2026-08-10,DXB-004,Dubai,CUST-05922,P008,Desk,Furniture,1,786.54,0,786.54,0.0,786.54,Apple Pay,Store,2026,8,August,10,Monday,False,786.54,786.54
TXN-0044535,2026-08-10,DXB-005,Dubai,CUST-07381,P011,Notebook,Stationery,3,22.67,10,68.01,6.8,61.21,Card,Store,2026,8,August,10,Monday,False,61.21,20.4
TXN-0044548,2026-08-10,DXB-003,Dubai,CUST-05732,P001,Laptop,Electronics,1,2999.23,5,2999.23,149.96,2849.27,Bank Transfer,Online,2026,8,August,10,Monday,False,2849.27,2849.27
TXN-0044691,2026-08-10,DXB-004,Dubai,CUST-02287,P013,USB Drive,Accessories,1,50.41,0,50.41,0.0,50.41,Apple Pay,Online,2026,8,August,10,Monday,False,50.41,50.41
TXN-0044753,2026-08-10,DXB-003,Dubai,CUST-07386,P008,Desk,Furniture,1,815.82,10,815.82,81.58,734.24,Cash,Store,2026,8,August,10,Monday,False,734.24,734.24
TXN-0044811,2026-08-10,DXB-004,Dubai,CUST-07137,P007,Office Chair,Furniture,2,639.89,15,1279.78,191.97,1087.81,Apple Pay,Online,2026,8,August,10,Monday,False,1087.81,543.9
TXN-0045048,2026-08-10,DXB-004,Dubai,CUST-07539,P005,Keyboard,Accessories,1,157.98,0,157.98,0.0,157.98,Card,Store,2026,8,August,10,Monday,False,157.98,157.98
TXN-0045125,2026-08-10,DXB-001,Dubai,CUST-04868,P005,Keyboard,Accessories,1,173.0,0,173.0,0.0,173.0,Apple Pay,Store,2026,8,August,10,Monday,False,173.0,173.0
TXN-0045183,2026-08-10,DXB-005,Dubai,CUST-03488,P005,Keyboard,Accessories,3,177.72,0,533.16,0.0,533.16,Card,Online,2026,8,August,10,Monday,False,533.16,177.72
TXN-0045223,2026-08-10,DXB-001,Dubai,CUST-05305,P007,Office Chair,Furniture,5,690.82,10,3454.1,345.41,3108.69,Card,Store,2026,8,August,10,Monday,False,3108.69,621.74
TXN-0045385,2026-08-10,DXB-001,Dubai,CUST-07538,P011,Notebook,Stationery,3,25.35,5,76.05,3.8,72.25,Card,Store,2026,8,August,10,Monday,False,72.25,24.08
TXN-0045421,2026-08-10,DXB-002,Dubai,CUST-04020,P011,Notebook,Stationery,1,23.89,5,23.89,1.19,22.7,Card,Online,2026,8,August,10,Monday,False,22.7,22.7
TXN-0045446,2026-08-10,DXB-001,Dubai,CUST-02398,P003,Headphones,Electronics,1,358.44,5,358.44,17.92,340.52,Bank Transfer,Store,2026,8,August,10,Monday,False,340.52,340.52
TXN-0045466,2026-08-10,DXB-003,Dubai,CUST-05925,P010,Printer,Office,1,689.91,15,689.91,103.49,586.42,Cash,Store,2026,8,August,10,Monday,False,586.42,586.42
TXN-0045475,2026-08-10,DXB-003,Dubai,CUST-04868,P005,Keyboard,Accessories,1,161.49,15,161.49,24.22,137.27,Cash,Store,2026,8,August,10,Monday,False,137.27,137.27
TXN-0045558,2026-08-10,DXB-004,Dubai,CUST-04112,P009,Backpack,Accessories,1,201.43,10,201.43,20.14,181.29,Apple Pay,Store,2026,8,August,10,Monday,False,181.29,181.29
TXN-0045577,2026-08-10,DXB-001,Dubai,CUST-04414,P013,USB Drive,Accessories,2,44.42,0,88.84,0.0,88.84,Cash,Store,2026,8,August,10,Monday,False,88.84,44.42
TXN-0045633,2026-08-10,DXB-002,Dubai,CUST-00766,P008,Desk,Furniture,2,794.04,0,1588.08,0.0,1588.08,Card,Store,2026,8,August,10,Monday,False,1588.08,794.04
TXN-0045634,2026-08-10,DXB-001,Dubai,CUST-01903,P005,Keyboard,Accessories,1,172.31,0,172.31,0.0,172.31,Card,Store,2026,8,August,10,Monday,False,172.31,172.31
TXN-0045641,2026-08-10,DXB-001,Dubai,CUST-02125,P012,Pen Pack,Stationery,1,15.13,10,15.13,1.51,13.62,Bank Transfer,Store,2026,8,August,10,Monday,False,13.62,13.62
TXN-0045721,2026-08-10,DXB-005,Dubai,CUST-07967,P008,Desk,Furniture,1,790.12,10,790.12,79.01,711.11,Cash,Store,2026,8,August,10,Monday,False,711.11,711.11
TXN-0045745,2026-08-10,DXB-004,Dubai,CUST-05206,P006,Mouse,Accessories,3,101.67,15,305.01,45.75,259.26,Apple Pay,Store,2026,8,August,10,Monday,False,259.26,86.42
TXN-0045836,2026-08-10,DXB-005,Dubai,CUST-01855,P013,USB Drive,Accessories,1,42.69,0,42.69,0.0,42.69,Bank Transfer,Store,2026,8,August,10,Monday,False,42.69,42.69
TXN-0045840,2026-08-10,DXB-002,Dubai,CUST-05109,P013,USB Drive,Accessories,1,41.86,10,41.86,4.19,37.67,Bank Transfer,Store,2026,8,August,10,Monday,False,37.67,37.67
TXN-0046061,2026-08-10,DXB-002,Dubai,CUST-05061,P006,Mouse,Accessories,3,100.48,5,301.44,15.07,286.37,Card,Store,2026,8,August,10,Monday,False,286.37,95.46
TXN-0046091,2026-08-10,DXB-003,Dubai,CUST-04029,P005,Keyboard,Accessories,4,179.57,0,718.28,0.0,718.28,Cash,Store,2026,8,August,10,Monday,False,718.28,179.57
TXN-0046240,2026-08-10,DXB-004,Dubai,CUST-03881,P012,Pen Pack,Stationery,1,13.93,10,13.93,1.39,12.54,Card,Online,2026,8,August,10,Monday,False,12.54,12.54
TXN-0046247,2026-08-10,DXB-002,Dubai,CUST-01354,P013,USB Drive,Accessories,1,39.9,10,39.9,3.99,35.91,Card,Online,2026,8,August,10,Monday,False,35.91,35.91
TXN-0046341,2026-08-10,DXB-005,Dubai,CUST-05385,P005,Keyboard,Accessories,4,178.94,0,715.76,0.0,715.76,Bank Transfer,Online,2026,8,August,10,Monday,False,715.76,178.94
TXN-0046351,2026-08-10,DXB-002,Dubai,CUST-03647,P006,Mouse,Accessories,1,101.36,10,101.36,10.14,91.22,Card,Online,2026,8,August,10,Monday,False,91.22,91.22
TXN-0046429,2026-08-10,DXB-002,Dubai,CUST-00257,P003,Headphones,Electronics,1,361.68,5,361.68,18.08,343.6,Cash,Store,2026,8,August,10,Monday,False,343.6,343.6
TXN-0046446,2026-08-10,DXB-005,Dubai,CUST-01356,P013,USB Drive,Accessories,1,45.84,5,45.84,2.29,43.55,Card,Online,2026,8,August,10,Monday,False,43.55,43.55
TXN-0046460,2026-08-10,DXB-001,Dubai,CUST-06861,P010,Printer,Office,2,775.83,10,1551.66,155.17,1396.49,Cash,Store,2026,8,August,10,Monday,False,1396.49,698.24
TXN-0046462,2026-08-10,DXB-002,Dubai,CUST-02892,P005,Keyboard,Accessories,4,182.14,15,728.56,109.28,619.28,Apple Pay,Store,2026,8,August,10,Monday,False,619.28,154.82
TXN-0046557,2026-08-10,DXB-001,Dubai,CUST-07911,P008,Desk,Furniture,2,869.7,0,1739.4,0.0,1739.4,Cash,Store,2026,8,August,10,Monday,False,1739.4,869.7
TXN-0046570,2026-08-10,DXB-001,Dubai,CUST-02543,P003,Headphones,Electronics,2,350.65,10,701.3,70.13,631.17,Cash,Store,2026,8,August,10,Monday,False,631.17,315.58
TXN-0046572,2026-08-10,DXB-004,Dubai,CUST-03720,P012,Pen Pack,Stationery,4,15.04,0,60.16,0.0,60.16,Card,Online,2026,8,August,10,Monday,False,60.16,15.04
TXN-0046605,2026-08-10,DXB-005,Dubai,CUST-01018,P001,Laptop,Electronics,1,3067.69,0,3067.69,0.0,3067.69,Card,Store,2026,8,August,10,Monday,False,3067.69,3067.69
TXN-0046619,2026-08-10,DXB-002,Dubai,CUST-00668,P014,Power Bank,Electronics,1,147.34,5,147.34,7.37,139.97,Card,Store,2026,8,August,10,Monday,False,139.97,139.97
TXN-0046655,2026-08-10,DXB-002,Dubai,CUST-07511,P002,Smartphone,Electronics,4,1661.78,0,6647.12,0.0,6647.12,Bank Transfer,Store,2026,8,August,10,Monday,False,6647.12,1661.78
TXN-0046685,2026-08-10,DXB-004,Dubai,CUST-04798,P007,Office Chair,Furniture,2,618.78,0,1237.56,0.0,1237.56,Card,Store,2026,8,August,10,Monday,False,1237.56,618.78
TXN-0046706,2026-08-10,DXB-002,Dubai,CUST-00029,P004,Monitor,Electronics,2,946.18,10,1892.36,189.24,1703.12,Card,Store,2026,8,August,10,Monday,False,1703.12,851.56
TXN-0046817,2026-08-10,DXB-003,Dubai,CUST-05155,P011,Notebook,Stationery,1,22.55,5,22.55,1.13,21.42,Card,Store,2026,8,August,10,Monday,False,21.42,21.42
TXN-0046832,2026-08-10,DXB-005,Dubai,CUST-06010,P014,Power Bank,Electronics,1,155.17,15,155.17,23.28,131.89,Bank Transfer,Online,2026,8,August,10,Monday,False,131.89,131.89
TXN-0046949,2026-08-10,DXB-001,Dubai,CUST-06736,P011,Notebook,Stationery,1,27.05,5,27.05,1.35,25.7,Apple Pay,Store,2026,8,August,10,Monday,False,25.7,25.7
TXN-0046961,2026-08-10,DXB-001,Dubai,CUST-05613,P001,Laptop,Electronics,1,2890.45,0,2890.45,0.0,2890.45,Card,Store,2026,8,August,10,Monday,False,2890.45,2890.45
TXN-0047140,2026-08-10,DXB-001,Dubai,CUST-00392,P006,Mouse,Accessories,6,101.96,5,611.76,30.59,581.17,Apple Pay,Store,2026,8,August,10,Monday,False,581.17,96.86
TXN-0047213,2026-08-10,DXB-005,Dubai,CUST-01340,P011,Notebook,Stationery,1,27.54,10,27.54,2.75,24.79,Cash,Store,2026,8,August,10,Monday,False,24.79,24.79
TXN-0047225,2026-08-10,DXB-001,Dubai,CUST-00713,P010,Printer,Office,1,706.33,10,706.33,70.63,635.7,Card,Store,2026,8,August,10,Monday,False,635.7,635.7
TXN-0047260,2026-08-10,DXB-001,Dubai,CUST-07171,P014,Power Bank,Electronics,2,139.56,10,279.12,27.91,251.21,Cash,Store,2026,8,August,10,Monday,False,251.21,125.6
TXN-0047298,2026-08-10,DXB-004,Dubai,CUST-05311,P011,Notebook,Stationery,1,24.65,15,24.65,3.7,20.95,Card,Store,2026,8,August,10,Monday,False,20.95,20.95
TXN-0047434,2026-08-10,DXB-003,Dubai,CUST-06634,P009,Backpack,Accessories,1,201.5,5,201.5,10.07,191.43,Card,Store,2026,8,August,10,Monday,False,191.43,191.43
TXN-0047542,2026-08-10,DXB-005,Dubai,CUST-00716,P013,USB Drive,Accessories,4,43.38,5,173.52,8.68,164.84,Cash,Online,2026,8,August,10,Monday,False,164.84,41.21
TXN-0047655,2026-08-10,DXB-002,Dubai,CUST-00608,P015,Tablet,Electronics,1,1219.73,10,1219.73,121.97,1097.76,Card,Store,2026,8,August,10,Monday,False,1097.76,1097.76
TXN-0047662,2026-08-10,DXB-004,Dubai,CUST-07006,P004,Monitor,Electronics,1,952.64,15,952.64,142.9,809.74,Card,Store,2026,8,August,10,Monday,False,809.74,809.74
TXN-0047784,2026-08-10,DXB-002,Dubai,CUST-03083,P013,USB Drive,Accessories,1,43.74,5,43.74,2.19,41.55,Cash,Store,2026,8,August,10,Monday,False,41.55,41.55
TXN-0047873,2026-08-10,DXB-001,Dubai,CUST-01469,P005,Keyboard,Accessories,1,160.21,0,160.21,0.0,160.21,Card,Store,2026,8,August,10,Monday,False,160.21,160.21
TXN-0047899,2026-08-10,DXB-002,Dubai,CUST-06954,P003,Headphones,Electronics,1,390.5,0,390.5,0.0,390.5,Card,Store,2026,8,August,10,Monday,False,390.5,390.5
TXN-0047907,2026-08-10,DXB-004,Dubai,CUST-00803,P004,Monitor,Electronics,2,939.69,20,1879.38,375.88,1503.5,Card,Online,2026,8,August,10,Monday,False,1503.5,751.75
TXN-0048008,2026-08-10,DXB-001,Dubai,CUST-03788,P009,Backpack,Accessories,4,227.23,5,908.92,45.45,863.47,Cash,Store,2026,8,August,10,Monday,False,863.47,215.87
TXN-0048073,2026-08-10,DXB-001,Dubai,CUST-06754,P015,Tablet,Electronics,4,1279.6,0,5118.4,0.0,5118.4,Card,Online,2026,8,August,10,Monday,False,5118.4,1279.6
TXN-0048242,2026-08-10,DXB-001,Dubai,CUST-00270,P005,Keyboard,Accessories,2,203.8,15,407.6,61.14,346.46,Apple Pay,Store,2026,8,August,10,Monday,False,346.46,173.23
TXN-0048249,2026-08-10,DXB-002,Dubai,CUST-01518,P013,USB Drive,Accessories,3,40.9,5,122.7,6.14,116.56,Card,Store,2026,8,August,10,Monday,False,116.56,38.85
TXN-0048354,2026-08-10,DXB-003,Dubai,CUST-03812,P012,Pen Pack,Stationery,2,15.24,0,30.48,0.0,30.48,Apple Pay,Store,2026,8,August,10,Monday,False,30.48,15.24
TXN-0048387,2026-08-10,DXB-001,Dubai,CUST-00526,P009,Backpack,Accessories,1,223.56,0,223.56,0.0,223.56,Apple Pay,Store,2026,8,August,10,Monday,False,223.56,223.56
TXN-0048515,2026-08-10,DXB-003,Dubai,CUST-01035,P012,Pen Pack,Stationery,2,16.25,0,32.5,0.0,32.5,Apple Pay,Store,2026,8,August,10,Monday,False,32.5,16.25
TXN-0048581,2026-08-10,DXB-001,Dubai,CUST-05062,P004,Monitor,Electronics,1,953.59,5,953.59,47.68,905.91,Card,Online,2026,8,August,10,Monday,False,905.91,905.91
TXN-0048665,2026-08-10,DXB-003,Dubai,CUST-01343,P004,Monitor,Electronics,1,959.69,5,959.69,47.98,911.71,Card,Store,2026,8,August,10,Monday,False,911.71,911.71
TXN-0048854,2026-08-10,DXB-004,Dubai,CUST-07362,P012,Pen Pack,Stationery,2,14.27,0,28.54,0.0,28.54,Bank Transfer,Store,2026,8,August,10,Monday,False,28.54,14.27
TXN-0048908,2026-08-10,DXB-003,Dubai,CUST-00263,P012,Pen Pack,Stationery,3,16.4,10,49.2,4.92,44.28,Card,Store,2026,8,August,10,Monday,False,44.28,14.76
TXN-0048921,2026-08-10,DXB-001,Dubai,CUST-04055,P014,Power Bank,Electronics,2,153.18,0,306.36,0.0,306.36,Apple Pay,Store,2026,8,August,10,Monday,False,306.36,153.18
TXN-0048941,2026-08-10,DXB-004,Dubai,CUST-01365,P003,Headphones,Electronics,2,332.36,5,664.72,33.24,631.48,Bank Transfer,Online,2026,8,August,10,Monday,False,631.48,315.74
TXN-0049173,2026-08-10,DXB-001,Dubai,CUST-06179,P012,Pen Pack,Stationery,2,15.15,0,30.3,0.0,30.3,Cash,Store,2026,8,August,10,Monday,False,30.3,15.15
TXN-0049222,2026-08-10,DXB-001,Dubai,CUST-06258,P008,Desk,Furniture,1,890.64,0,890.64,0.0,890.64,Card,Store,2026,8,August,10,Monday,False,890.64,890.64
TXN-0049273,2026-08-10,DXB-001,Dubai,CUST-02518,P013,USB Drive,Accessories,1,42.69,0,42.69,0.0,42.69,Card,Store,2026,8,August,10,Monday,False,42.69,42.69
TXN-0049355,2026-08-10,DXB-002,Dubai,CUST-03296,P002,Smartphone,Electronics,1,1767.97,5,1767.97,88.4,1679.57,Card,Store,2026,8,August,10,Monday,False,1679.57,1679.57
TXN-0049515,2026-08-10,DXB-004,Dubai,CUST-07896,P014,Power Bank,Electronics,1,149.84,20,149.84,29.97,119.87,Card,Store,2026,8,August,10,Monday,False,119.87,119.87
TXN-0049554,2026-08-10,DXB-005,Dubai,CUST-05978,P013,USB Drive,Accessories,1,47.58,0,47.58,0.0,47.58,Card,Store,2026,8,August,10,Monday,False,47.58,47.58
TXN-0049575,2026-08-10,DXB-002,Dubai,CUST-07262,P014,Power Bank,Electronics,4,139.88,5,559.52,27.98,531.54,Bank Transfer,Store,2026,8,August,10,Monday,False,531.54,132.88
TXN-0049589,2026-08-10,DXB-005,Dubai,CUST-06939,P004,Monitor,Electronics,2,1017.09,10,2034.18,203.42,1830.76,Card,Online,2026,8,August,10,Monday,False,1830.76,915.38
TXN-0049609,2026-08-10,DXB-004,Dubai,CUST-03105,P010,Printer,Office,1,693.35,0,693.35,0.0,693.35,Card,Store,2026,8,August,10,Monday,False,693.35,693.35
TXN-0049667,2026-08-10,DXB-003,Dubai,CUST-03525,P001,Laptop,Electronics,4,2773.59,0,11094.36,0.0,11094.36,Card,Online,2026,8,August,10,Monday,False,11094.36,2773.59
TXN-0049685,2026-08-10,DXB-001,Dubai,CUST-00393,P005,Keyboard,Accessories,1,161.97,0,161.97,0.0,161.97,Card,Store,2026,8,August,10,Monday,False,161.97,161.97
TXN-0049701,2026-08-10,DXB-005,Dubai,CUST-00688,P006,Mouse,Accessories,1,95.61,15,95.61,14.34,81.27,Cash,Store,2026,8,August,10,Monday,False,81.27,81.27
TXN-0049772,2026-08-10,DXB-005,Dubai,CUST-01072,P004,Monitor,Electronics,1,965.3,10,965.3,96.53,868.77,Card,Store,2026,8,August,10,Monday,False,868.77,868.77
TXN-0049782,2026-08-10,DXB-001,Dubai,CUST-04404,P005,Keyboard,Accessories,4,158.42,0,633.68,0.0,633.68,Apple Pay,Store,2026,8,August,10,Monday,False,633.68,158.42
TXN-0049799,2026-08-10,DXB-003,Dubai,CUST-01558,P002,Smartphone,Electronics,2,1953.71,0,3907.42,0.0,3907.42,Card,Store,2026,8,August,10,Monday,False,3907.42,1953.71
TXN-0049829,2026-08-10,DXB-001,Dubai,CUST-05583,P002,Smartphone,Electronics,2,1682.92,10,3365.84,336.58,3029.26,Card,Store,2026,8,August,10,Monday,False,3029.26,1514.63
TXN-0049959,2026-08-10,DXB-002,Dubai,CUST-02810,P009,Backpack,Accessories,1,217.97,0,217.97,0.0,217.97,Apple Pay,Store,2026,8,August,10,Monday,False,217.97,217.97
TXN-0050028,2026-08-10,DXB-005,Dubai,CUST-00659,P003,Headphones,Electronics,1,352.73,20,352.73,70.55,282.18,Card,Store,2026,8,August,10,Monday,False,282.18,282.18
TXN-0050128,2026-08-10,DXB-002,Dubai,CUST-05872,P011,Notebook,Stationery,1,25.22,10,25.22,2.52,22.7,Card,Store,2026,8,August,10,Monday,False,22.7,22.7
TXN-0050140,2026-08-10,DXB-004,Dubai,CUST-05829,P014,Power Bank,Electronics,1,168.85,15,168.85,25.33,143.52,Cash,Store,2026,8,August,10,Monday,False,143.52,143.52
TXN-0050153,2026-08-10,DXB-002,Dubai,CUST-00377,P012,Pen Pack,Stationery,2,15.82,20,31.64,6.33,25.31,Apple Pay,Store,2026,8,August,10,Monday,False,25.31,12.66
TXN-0050374,2026-08-10,DXB-005,Dubai,CUST-04731,P005,Keyboard,Accessories,1,169.3,5,169.3,8.46,160.84,Card,Store,2026,8,August,10,Monday,False,160.84,160.84
TXN-0050380,2026-08-10,DXB-003,Dubai,CUST-01530,P011,Notebook,Stationery,5,24.39,0,121.95,0.0,121.95,Cash,Store,2026,8,August,10,Monday,False,121.95,24.39
TXN-0050386,2026-08-10,DXB-004,Dubai,CUST-03875,P007,Office Chair,Furniture,3,704.11,10,2112.33,211.23,1901.1,Card,Store,2026,8,August,10,Monday,False,1901.1,633.7
TXN-0050481,2026-08-10,DXB-003,Dubai,CUST-00736,P011,Notebook,Stationery,1,23.42,0,23.42,0.0,23.42,Apple Pay,Store,2026,8,August,10,Monday,False,23.42,23.42
TXN-0050583,2026-08-10,DXB-001,Dubai,CUST-05008,P009,Backpack,Accessories,4,227.37,0,909.48,0.0,909.48,Apple Pay,Online,2026,8,August,10,Monday,False,909.48,227.37
TXN-0050595,2026-08-10,DXB-003,Dubai,CUST-05310,P010,Printer,Office,1,705.01,5,705.01,35.25,669.76,Card,Store,2026,8,August,10,Monday,False,669.76,669.76
TXN-0050619,2026-08-10,DXB-001,Dubai,CUST-03218,P011,Notebook,Stationery,2,25.79,0,51.58,0.0,51.58,Card,Store,2026,8,August,10,Monday,False,51.58,25.79
TXN-0050681,2026-08-10,DXB-001,Dubai,CUST-01701,P006,Mouse,Accessories,3,92.77,5,278.31,13.92,264.39,Cash,Store,2026,8,August,10,Monday,False,264.39,88.13
TXN-0050726,2026-08-10,DXB-001,Dubai,CUST-07112,P012,Pen Pack,Stationery,1,13.39,10,13.39,1.34,12.05,Card,Store,2026,8,August,10,Monday,False,12.05,12.05
TXN-0050755,2026-08-10,DXB-003,Dubai,CUST-00100,P003,Headphones,Electronics,1,355.59,0,355.59,0.0,355.59,Apple Pay,Online,2026,8,August,10,Monday,False,355.59,355.59
TXN-0050763,2026-08-10,DXB-003,Dubai,CUST-05617,P007,Office Chair,Furniture,5,671.34,0,3356.7,0.0,3356.7,Apple Pay,Store,2026,8,August,10,Monday,False,3356.7,671.34
TXN-0050769,2026-08-10,DXB-005,Dubai,CUST-03131,P012,Pen Pack,Stationery,2,13.54,5,27.08,1.35,25.73,Card,Online,2026,8,August,10,Monday,False,25.73,12.86
TXN-0050777,2026-08-10,DXB-004,Dubai,CUST-06340,P003,Headphones,Electronics,2,368.12,5,736.24,36.81,699.43,Cash,Store,2026,8,August,10,Monday,False,699.43,349.72
TXN-0050949,2026-08-10,DXB-004,Dubai,CUST-04912,P002,Smartphone,Electronics,1,1801.2,0,1801.2,0.0,1801.2,Apple Pay,Store,2026,8,August,10,Monday,False,1801.2,1801.2
TXN-0050972,2026-08-10,DXB-002,Dubai,CUST-02101,P015,Tablet,Electronics,1,1078.98,0,1078.98,0.0,1078.98,Card,Store,2026,8,August,10,Monday,False,1078.98,1078.98
TXN-0051143,2026-08-10,DXB-001,Dubai,CUST-07805,P001,Laptop,Electronics,1,2355.18,0,2355.18,0.0,2355.18,Card,Online,2026,8,August,10,Monday,False,2355.18,2355.18
TXN-0051152,2026-08-10,DXB-003,Dubai,CUST-04127,P004,Monitor,Electronics,1,868.82,15,868.82,130.32,738.5,Card,Online,2026,8,August,10,Monday,False,738.5,738.5
TXN-0051255,2026-08-10,DXB-001,Dubai,CUST-06315,P004,Monitor,Electronics,5,912.87,5,4564.35,228.22,4336.13,Card,Store,2026,8,August,10,Monday,False,4336.13,867.23
TXN-0051293,2026-08-10,DXB-004,Dubai,CUST-04869,P002,Smartphone,Electronics,2,1861.69,15,3723.38,558.51,3164.87,Card,Store,2026,8,August,10,Monday,False,3164.87,1582.44
TXN-0051691,2026-08-10,DXB-001,Dubai,CUST-00285,P013,USB Drive,Accessories,2,45.19,5,90.38,4.52,85.86,Card,Store,2026,8,August,10,Monday,False,85.86,42.93
TXN-0051818,2026-08-10,DXB-001,Dubai,CUST-01985,P010,Printer,Office,1,666.83,5,666.83,33.34,633.49,Apple Pay,Store,2026,8,August,10,Monday,False,633.49,633.49
TXN-0051823,2026-08-10,DXB-005,Dubai,CUST-02402,P007,Office Chair,Furniture,3,616.77,15,1850.31,277.55,1572.76,Card,Store,2026,8,August,10,Monday,False,1572.76,524.25
TXN-0051877,2026-08-10,DXB-001,Dubai,CUST-06204,P001,Laptop,Electronics,1,2923.03,5,2923.03,146.15,2776.88,Cash,Online,2026,8,August,10,Monday,False,2776.88,2776.88
TXN-0051933,2026-08-10,DXB-004,Dubai,CUST-01241,P012,Pen Pack,Stationery,1,15.85,10,15.85,1.58,14.27,Cash,Store,2026,8,August,10,Monday,False,14.27,14.27
TXN-0051995,2026-08-10,DXB-002,Dubai,CUST-05564,P012,Pen Pack,Stationery,3,16.46,10,49.38,4.94,44.44,Card,Store,2026,8,August,10,Monday,False,44.44,14.81
TXN-0052071,2026-08-10,DXB-002,Dubai,CUST-05421,P008,Desk,Furniture,1,769.04,0,769.04,0.0,769.04,Bank Transfer,Store,2026,8,August,10,Monday,False,769.04,769.04
TXN-0052149,2026-08-10,DXB-002,Dubai,CUST-00922,P015,Tablet,Electronics,1,1081.65,10,1081.65,108.16,973.49,Card,Online,2026,8,August,10,Monday,False,973.49,973.49
TXN-0052216,2026-08-10,DXB-001,Dubai,CUST-00479,P015,Tablet,Electronics,3,1227.05,5,3681.15,184.06,3497.09,Apple Pay,Store,2026,8,August,10,Monday,False,3497.09,1165.7
TXN-0052239,2026-08-10,DXB-002,Dubai,CUST-05327,P003,Headphones,Electronics,1,362.56,10,362.56,36.26,326.3,Apple Pay,Store,2026,8,August,10,Monday,False,326.3,326.3
TXN-0052262,2026-08-10,DXB-001,Dubai,CUST-02182,P011,Notebook,Stationery,3,24.54,5,73.62,3.68,69.94,Apple Pay,Store,2026,8,August,10,Monday,False,69.94,23.31
TXN-0052317,2026-08-10,DXB-002,Dubai,CUST-05684,P015,Tablet,Electronics,1,1304.4,0,1304.4,0.0,1304.4,Card,Store,2026,8,August,10,Monday,False,1304.4,1304.4
TXN-0052388,2026-08-10,DXB-004,Dubai,CUST-01249,P013,USB Drive,Accessories,2,44.17,15,88.34,13.25,75.09,Cash,Online,2026,8,August,10,Monday,False,75.09,37.54
TXN-0052404,2026-08-10,DXB-001,Dubai,CUST-06977,P012,Pen Pack,Stationery,1,14.33,10,14.33,1.43,12.9,Card,Store,2026,8,August,10,Monday,False,12.9,12.9
TXN-0052415,2026-08-10,DXB-002,Dubai,CUST-02847,P013,USB Drive,Accessories,1,46.23,5,46.23,2.31,43.92,Cash,Store,2026,8,August,10,Monday,False,43.92,43.92
TXN-0052483,2026-08-10,DXB-003,Dubai,CUST-05418,P012,Pen Pack,Stationery,1,14.48,10,14.48,1.45,13.03,Card,Online,2026,8,August,10,Monday,False,13.03,13.03
TXN-0052549,2026-08-10,DXB-001,Dubai,CUST-02612,P005,Keyboard,Accessories,1,182.55,5,182.55,9.13,173.42,Card,Store,2026,8,August,10,Monday,False,173.42,173.42
TXN-0052777,2026-08-10,DXB-003,Dubai,CUST-06731,P015,Tablet,Electronics,1,1090.71,0,1090.71,0.0,1090.71,Card,Store,2026,8,August,10,Monday,False,1090.71,1090.71
TXN-0052836,2026-08-10,DXB-001,Dubai,CUST-05621,P006,Mouse,Accessories,1,106.41,10,106.41,10.64,95.77,Card,Store,2026,8,August,10,Monday,False,95.77,95.77
TXN-0052926,2026-08-10,DXB-003,Dubai,CUST-07898,P004,Monitor,Electronics,1,898.26,5,898.26,44.91,853.35,Cash,Store,2026,8,August,10,Monday,False,853.35,853.35
TXN-0052947,2026-08-10,DXB-003,Dubai,CUST-06458,P015,Tablet,Electronics,1,1232.63,15,1232.63,184.89,1047.74,Card,Store,2026,8,August,10,Monday,False,1047.74,1047.74
TXN-0052975,2026-08-10,DXB-003,Dubai,CUST-06561,P006,Mouse,Accessories,1,105.46,5,105.46,5.27,100.19,Apple Pay,Store,2026,8,August,10,Monday,False,100.19,100.19
TXN-0053005,2026-08-10,DXB-003,Dubai,CUST-02002,P007,Office Chair,Furniture,2,640.51,5,1281.02,64.05,1216.97,Apple Pay,Online,2026,8,August,10,Monday,False,1216.97,608.48
TXN-0053011,2026-08-10,DXB-005,Dubai,CUST-06044,P014,Power Bank,Electronics,1,143.98,0,143.98,0.0,143.98,Apple Pay,Store,2026,8,August,10,Monday,False,143.98,143.98
TXN-0053032,2026-08-10,DXB-002,Dubai,CUST-06079,P012,Pen Pack,Stationery,1,14.62,5,14.62,0.73,13.89,Card,Store,2026,8,August,10,Monday,False,13.89,13.89
TXN-0053110,2026-08-10,DXB-004,Dubai,CUST-04038,P003,Headphones,Electronics,2,341.55,10,683.1,68.31,614.79,Card,Store,2026,8,August,10,Monday,False,614.79,307.4
TXN-0053123,2026-08-10,DXB-002,Dubai,CUST-05775,P014,Power Bank,Electronics,6,154.44,10,926.64,92.66,833.98,Card,Store,2026,8,August,10,Monday,False,833.98,139.0
TXN-0053184,2026-08-10,DXB-005,Dubai,CUST-06934,P014,Power Bank,Electronics,2,157.16,0,314.32,0.0,314.32,Apple Pay,Store,2026,8,August,10,Monday,False,314.32,157.16
TXN-0053226,2026-08-10,DXB-005,Dubai,CUST-04254,P001,Laptop,Electronics,1,2833.49,15,2833.49,425.02,2408.47,Apple Pay,Online,2026,8,August,10,Monday,False,2408.47,2408.47
TXN-0053254,2026-08-10,DXB-002,Dubai,CUST-03432,P005,Keyboard,Accessories,1,190.08,0,190.08,0.0,190.08,Card,Store,2026,8,August,10,Monday,False,190.08,190.08
TXN-0053293,2026-08-10,DXB-005,Dubai,CUST-02001,P001,Laptop,Electronics,3,2887.97,0,8663.91,0.0,8663.91,Card,Store,2026,8,August,10,Monday,False,8663.91,2887.97
TXN-0053308,2026-08-10,DXB-005,Dubai,CUST-00814,P005,Keyboard,Accessories,3,188.7,15,566.1,84.92,481.18,Card,Store,2026,8,August,10,Monday,False,481.18,160.39
TXN-0053404,2026-08-10,DXB-001,Dubai,CUST-05849,P007,Office Chair,Furniture,1,643.19,15,643.19,96.48,546.71,Card,Online,2026,8,August,10,Monday,False,546.71,546.71
TXN-0053448,2026-08-10,DXB-001,Dubai,CUST-04012,P007,Office Chair,Furniture,2,606.27,15,1212.54,181.88,1030.66,Card,Store,2026,8,August,10,Monday,False,1030.66,515.33
TXN-0053481,2026-08-10,DXB-001,Dubai,CUST-02554,P002,Smartphone,Electronics,1,1825.29,20,1825.29,365.06,1460.23,Card,Store,2026,8,August,10,Monday,False,1460.23,1460.23
TXN-0053491,2026-08-10,DXB-001,Dubai,CUST-02116,P001,Laptop,Electronics,2,3010.94,5,6021.88,301.09,5720.79,Apple Pay,Store,2026,8,August,10,Monday,False,5720.79,2860.4
TXN-0053530,2026-08-10,DXB-004,Dubai,CUST-07538,P012,Pen Pack,Stationery,1,13.61,10,13.61,1.36,12.25,Card,Store,2026,8,August,10,Monday,False,12.25,12.25
TXN-0053629,2026-08-10,DXB-003,Dubai,CUST-03896,P005,Keyboard,Accessories,2,190.8,0,381.6,0.0,381.6,Apple Pay,Store,2026,8,August,10,Monday,False,381.6,190.8
TXN-0053808,2026-08-10,DXB-002,Dubai,CUST-06950,P009,Backpack,Accessories,1,225.95,0,225.95,0.0,225.95,Cash,Store,2026,8,August,10,Monday,False,225.95,225.95
TXN-0053911,2026-08-10,DXB-004,Dubai,CUST-00697,P012,Pen Pack,Stationery,1,15.3,0,15.3,0.0,15.3,Card,Store,2026,8,August,10,Monday,False,15.3,15.3
TXN-0053936,2026-08-10,DXB-002,Dubai,CUST-04109,P002,Smartphone,Electronics,4,1857.58,10,7430.32,743.03,6687.29,Card,Store,2026,8,August,10,Monday,False,6687.29,1671.82
TXN-0053971,2026-08-10,DXB-004,Dubai,CUST-02001,P002,Smartphone,Electronics,2,1813.42,0,3626.84,0.0,3626.84,Cash,Store,2026,8,August,10,Monday,False,3626.84,1813.42
TXN-0054023,2026-08-10,DXB-002,Dubai,CUST-01865,P007,Office Chair,Furniture,2,613.11,0,1226.22,0.0,1226.22,Cash,Store,2026,8,August,10,Monday,False,1226.22,613.11
TXN-0054316,2026-08-10,DXB-002,Dubai,CUST-04211,P013,USB Drive,Accessories,1,45.27,20,45.27,9.05,36.22,Card,Online,2026,8,August,10,Monday,False,36.22,36.22
TXN-0054317,2026-08-10,DXB-002,Dubai,CUST-03884,P006,Mouse,Accessories,2,100.23,20,200.46,40.09,160.37,Card,Online,2026,8,August,10,Monday,False,160.37,80.18
TXN-0054348,2026-08-10,DXB-005,Dubai,CUST-04183,P007,Office Chair,Furniture,1,625.83,5,625.83,31.29,594.54,Card,Store,2026,8,August,10,Monday,False,594.54,594.54
TXN-0054355,2026-08-10,DXB-002,Dubai,CUST-06231,P015,Tablet,Electronics,1,1146.86,5,1146.86,57.34,1089.52,Card,Store,2026,8,August,10,Monday,False,1089.52,1089.52
TXN-0054356,2026-08-10,DXB-001,Dubai,CUST-06224,P009,Backpack,Accessories,3,211.93,0,635.79,0.0,635.79,Apple Pay,Store,2026,8,August,10,Monday,False,635.79,211.93
TXN-0054458,2026-08-10,DXB-004,Dubai,CUST-01042,P005,Keyboard,Accessories,4,189.13,0,756.52,0.0,756.52,Cash,Store,2026,8,August,10,Monday,False,756.52,189.13
TXN-0054484,2026-08-10,DXB-001,Dubai,CUST-03738,P008,Desk,Furniture,1,793.79,0,793.79,0.0,793.79,Card,Online,2026,8,August,10,Monday,False,793.79,793.79
TXN-0054493,2026-08-10,DXB-005,Dubai,CUST-07776,P007,Office Chair,Furniture,2,660.02,0,1320.04,0.0,1320.04,Apple Pay,Store,2026,8,August,10,Monday,False,1320.04,660.02
TXN-0054627,2026-08-10,DXB-003,Dubai,CUST-03017,P007,Office Chair,Furniture,1,668.1,0,668.1,0.0,668.1,Card,Store,2026,8,August,10,Monday,False,668.1,668.1
TXN-0054719,2026-08-10,DXB-004,Dubai,CUST-07367,P010,Printer,Office,1,711.52,5,711.52,35.58,675.94,Card,Online,2026,8,August,10,Monday,False,675.94,675.94
TXN-0054731,2026-08-10,DXB-001,Dubai,CUST-03229,P007,Office Chair,Furniture,1,660.57,10,660.57,66.06,594.51,Card,Store,2026,8,August,10,Monday,False,594.51,594.51
TXN-0054787,2026-08-10,DXB-004,Dubai,CUST-06616,P009,Backpack,Accessories,1,221.36,10,221.36,22.14,199.22,Cash,Store,2026,8,August,10,Monday,False,199.22,199.22
TXN-0054908,2026-08-10,DXB-005,Dubai,CUST-03155,P014,Power Bank,Electronics,4,155.03,5,620.12,31.01,589.11,Card,Online,2026,8,August,10,Monday,False,589.11,147.28
TXN-0054971,2026-08-10,DXB-003,Dubai,CUST-05671,P009,Backpack,Accessories,4,221.47,5,885.88,44.29,841.59,Cash,Store,2026,8,August,10,Monday,False,841.59,210.4
TXN-0055020,2026-08-10,DXB-001,Dubai,CUST-04788,P007,Office Chair,Furniture,4,671.7,0,2686.8,0.0,2686.8,Cash,Store,2026,8,August,10,Monday,False,2686.8,671.7
TXN-0055043,2026-08-10,DXB-002,Dubai,CUST-06940,P006,Mouse,Accessories,1,86.38,10,86.38,8.64,77.74,Card,Online,2026,8,August,10,Monday,False,77.74,77.74
TXN-0055235,2026-08-10,DXB-002,Dubai,CUST-05023,P005,Keyboard,Accessories,2,186.26,15,372.52,55.88,316.64,Card,Store,2026,8,August,10,Monday,False,316.64,158.32
TXN-0055360,2026-08-10,DXB-003,Dubai,CUST-00630,P013,USB Drive,Accessories,4,46.38,15,185.52,27.83,157.69,Bank Transfer,Online,2026,8,August,10,Monday,False,157.69,39.42
TXN-0055394,2026-08-10,DXB-003,Dubai,CUST-02811,P005,Keyboard,Accessories,1,188.98,5,188.98,9.45,179.53,Cash,Store,2026,8,August,10,Monday,False,179.53,179.53
TXN-0055419,2026-08-10,DXB-004,Dubai,CUST-00463,P002,Smartphone,Electronics,2,1778.93,0,3557.86,0.0,3557.86,Card,Store,2026,8,August,10,Monday,False,3557.86,1778.93
TXN-0055429,2026-08-10,DXB-001,Dubai,CUST-04330,P012,Pen Pack,Stationery,1,14.58,20,14.58,2.92,11.66,Card,Store,2026,8,August,10,Monday,False,11.66,11.66
TXN-0055498,2026-08-10,DXB-002,Dubai,CUST-04019,P012,Pen Pack,Stationery,1,14.65,0,14.65,0.0,14.65,Card,Online,2026,8,August,10,Monday,False,14.65,14.65
TXN-0055511,2026-08-10,DXB-005,Dubai,CUST-05462,P008,Desk,Furniture,2,787.08,0,1574.16,0.0,1574.16,Card,Store,2026,8,August,10,Monday,False,1574.16,787.08
TXN-0055562,2026-08-10,DXB-005,Dubai,CUST-03673,P002,Smartphone,Electronics,2,1910.94,10,3821.88,382.19,3439.69,Card,Store,2026,8,August,10,Monday,False,3439.69,1719.84
TXN-0055576,2026-08-10,DXB-001,Dubai,CUST-05396,P012,Pen Pack,Stationery,1,14.28,15,14.28,2.14,12.14,Card,Store,2026,8,August,10,Monday,False,12.14,12.14
TXN-0055720,2026-08-10,DXB-001,Dubai,CUST-01818,P002,Smartphone,Electronics,1,1829.38,0,1829.38,0.0,1829.38,Bank Transfer,Store,2026,8,August,10,Monday,False,1829.38,1829.38
TXN-0055723,2026-08-10,DXB-003,Dubai,CUST-07676,P011,Notebook,Stationery,1,24.25,0,24.25,0.0,24.25,Apple Pay,Store,2026,8,August,10,Monday,False,24.25,24.25
TXN-0055737,2026-08-10,DXB-001,Dubai,CUST-03344,P004,Monitor,Electronics,1,924.51,0,924.51,0.0,924.51,Cash,Online,2026,8,August,10,Monday,False,924.51,924.51
TXN-0055825,2026-08-10,DXB-005,Dubai,CUST-07470,P008,Desk,Furniture,1,770.87,10,770.87,77.09,693.78,Card,Store,2026,8,August,10,Monday,False,693.78,693.78
TXN-0055868,2026-08-10,DXB-003,Dubai,CUST-01278,P006,Mouse,Accessories,1,95.77,0,95.77,0.0,95.77,Card,Store,2026,8,August,10,Monday,False,95.77,95.77
TXN-0055874,2026-08-10,DXB-003,Dubai,CUST-07711,P015,Tablet,Electronics,1,1066.08,10,1066.08,106.61,959.47,Apple Pay,Store,2026,8,August,10,Monday,False,959.47,959.47
TXN-0055886,2026-08-10,DXB-003,Dubai,CUST-06280,P008,Desk,Furniture,1,804.23,5,804.23,40.21,764.02,Cash,Store,2026,8,August,10,Monday,False,764.02,764.02
TXN-0055893,2026-08-10,DXB-005,Dubai,CUST-04832,P014,Power Bank,Electronics,3,149.17,5,447.51,22.38,425.13,Card,Online,2026,8,August,10,Monday,False,425.13,141.71
TXN-0055929,2026-08-10,DXB-001,Dubai,CUST-01400,P009,Backpack,Accessories,3,232.58,10,697.74,69.77,627.97,Card,Store,2026,8,August,10,Monday,False,627.97,209.32
TXN-0055942,2026-08-10,DXB-001,Dubai,CUST-07241,P008,Desk,Furniture,2,871.72,5,1743.44,87.17,1656.27,Cash,Store,2026,8,August,10,Monday,False,1656.27,828.14
TXN-0056097,2026-08-10,DXB-004,Dubai,CUST-01527,P005,Keyboard,Accessories,2,199.53,10,399.06,39.91,359.15,Card,Store,2026,8,August,10,Monday,False,359.15,179.58
TXN-0056161,2026-08-10,DXB-003,Dubai,CUST-07629,P003,Headphones,Electronics,1,349.2,10,349.2,34.92,314.28,Card,Store,2026,8,August,10,Monday,False,314.28,314.28
TXN-0056293,2026-08-10,DXB-002,Dubai,CUST-02916,P005,Keyboard,Accessories,1,166.26,15,166.26,24.94,141.32,Apple Pay,Online,2026,8,August,10,Monday,False,141.32,141.32
TXN-0056313,2026-08-10,DXB-003,Dubai,CUST-04421,P009,Backpack,Accessories,1,224.67,15,224.67,33.7,190.97,Card,Online,2026,8,August,10,Monday,False,190.97,190.97
TXN-0056323,2026-08-10,DXB-002,Dubai,CUST-04779,P003,Headphones,Electronics,3,351.88,5,1055.64,52.78,1002.86,Cash,Store,2026,8,August,10,Monday,False,1002.86,334.29
TXN-0056467,2026-08-10,DXB-004,Dubai,CUST-03496,P008,Desk,Furniture,2,775.04,10,1550.08,155.01,1395.07,Bank Transfer,Online,2026,8,August,10,Monday,False,1395.07,697.54
TXN-0056496,2026-08-10,DXB-005,Dubai,CUST-04896,P009,Backpack,Accessories,3,199.7,5,599.1,29.96,569.14,Card,Store,2026,8,August,10,Monday,False,569.14,189.71
TXN-0056506,2026-08-10,DXB-003,Dubai,CUST-05867,P010,Printer,Office,2,702.38,0,1404.76,0.0,1404.76,Card,Store,2026,8,August,10,Monday,False,1404.76,702.38
TXN-0056516,2026-08-10,DXB-004,Dubai,CUST-00025,P007,Office Chair,Furniture,1,617.03,10,617.03,61.7,555.33,Card,Store,2026,8,August,10,Monday,False,555.33,555.33
TXN-0056583,2026-08-10,DXB-005,Dubai,CUST-06284,P014,Power Bank,Electronics,6,148.54,10,891.24,89.12,802.12,Cash,Online,2026,8,August,10,Monday,False,802.12,133.69
TXN-0056597,2026-08-10,DXB-005,Dubai,CUST-01817,P009,Backpack,Accessories,1,213.41,10,213.41,21.34,192.07,Cash,Store,2026,8,August,10,Monday,False,192.07,192.07
TXN-0056664,2026-08-10,DXB-002,Dubai,CUST-07353,P013,USB Drive,Accessories,1,42.81,0,42.81,0.0,42.81,Cash,Store,2026,8,August,10,Monday,False,42.81,42.81
TXN-0056740,2026-08-10,DXB-004,Dubai,CUST-00838,P014,Power Bank,Electronics,1,163.91,0,163.91,0.0,163.91,Card,Store,2026,8,August,10,Monday,False,163.91,163.91
TXN-0056780,2026-08-10,DXB-002,Dubai,CUST-05225,P001,Laptop,Electronics,1,2648.46,0,2648.46,0.0,2648.46,Card,Online,2026,8,August,10,Monday,False,2648.46,2648.46
TXN-0056797,2026-08-10,DXB-005,Dubai,CUST-04367,P003,Headphones,Electronics,1,325.8,10,325.8,32.58,293.22,Card,Online,2026,8,August,10,Monday,False,293.22,293.22
TXN-0056846,2026-08-10,DXB-002,Dubai,CUST-05264,P003,Headphones,Electronics,3,305.77,5,917.31,45.87,871.44,Cash,Online,2026,8,August,10,Monday,False,871.44,290.48
TXN-0056861,2026-08-10,DXB-001,Dubai,CUST-05716,P011,Notebook,Stationery,1,21.26,5,21.26,1.06,20.2,Apple Pay,Online,2026,8,August,10,Monday,False,20.2,20.2
TXN-0056906,2026-08-10,DXB-005,Dubai,CUST-01462,P002,Smartphone,Electronics,1,1816.74,0,1816.74,0.0,1816.74,Cash,Store,2026,8,August,10,Monday,False,1816.74,1816.74
TXN-0056924,2026-08-10,DXB-003,Dubai,CUST-07861,P001,Laptop,Electronics,6,2674.85,15,16049.1,2407.36,13641.74,Apple Pay,Store,2026,8,August,10,Monday,False,13641.74,2273.62
TXN-0056968,2026-08-10,DXB-005,Dubai,CUST-05401,P015,Tablet,Electronics,3,1153.18,0,3459.54,0.0,3459.54,Cash,Store,2026,8,August,10,Monday,False,3459.54,1153.18
TXN-0056991,2026-08-10,DXB-003,Dubai,CUST-02010,P011,Notebook,Stationery,1,24.99,0,24.99,0.0,24.99,Card,Store,2026,8,August,10,Monday,False,24.99,24.99
TXN-0056995,2026-08-10,DXB-002,Dubai,CUST-06307,P010,Printer,Office,1,723.13,10,723.13,72.31,650.82,Apple Pay,Online,2026,8,August,10,Monday,False,650.82,650.82
TXN-0057041,2026-08-10,DXB-001,Dubai,CUST-01726,P012,Pen Pack,Stationery,2,16.19,15,32.38,4.86,27.52,Cash,Store,2026,8,August,10,Monday,False,27.52,13.76
TXN-0057074,2026-08-10,DXB-003,Dubai,CUST-02337,P010,Printer,Office,1,703.4,10,703.4,70.34,633.06,Card,Store,2026,8,August,10,Monday,False,633.06,633.06
TXN-0057102,2026-08-10,DXB-004,Dubai,CUST-06746,P002,Smartphone,Electronics,2,1689.76,20,3379.52,675.9,2703.62,Bank Transfer,Store,2026,8,August,10,Monday,False,2703.62,1351.81
TXN-0057165,2026-08-10,DXB-004,Dubai,CUST-06999,P007,Office Chair,Furniture,1,661.45,15,661.45,99.22,562.23,Cash,Online,2026,8,August,10,Monday,False,562.23,562.23
TXN-0057234,2026-08-10,DXB-004,Dubai,CUST-06775,P003,Headphones,Electronics,1,357.01,20,357.01,71.4,285.61,Apple Pay,Store,2026,8,August,10,Monday,False,285.61,285.61
TXN-0057240,2026-08-10,DXB-001,Dubai,CUST-05539,P011,Notebook,Stationery,1,22.4,10,22.4,2.24,20.16,Apple Pay,Store,2026,8,August,10,Monday,False,20.16,20.16
TXN-0057241,2026-08-10,DXB-005,Dubai,CUST-07546,P012,Pen Pack,Stationery,1,15.22,5,15.22,0.76,14.46,Card,Online,2026,8,August,10,Monday,False,14.46,14.46
TXN-0057253,2026-08-10,DXB-005,Dubai,CUST-00980,P006,Mouse,Accessories,1,105.46,0,105.46,0.0,105.46,Card,Store,2026,8,August,10,Monday,False,105.46,105.46
TXN-0057328,2026-08-10,DXB-002,Dubai,CUST-03011,P008,Desk,Furniture,1,763.03,0,763.03,0.0,763.03,Card,Store,2026,8,August,10,Monday,False,763.03,763.03
TXN-0057451,2026-08-10,DXB-005,Dubai,CUST-02835,P011,Notebook,Stationery,5,27.24,0,136.2,0.0,136.2,Card,Store,2026,8,August,10,Monday,False,136.2,27.24
TXN-0057592,2026-08-10,DXB-003,Dubai,CUST-05746,P006,Mouse,Accessories,1,96.4,5,96.4,4.82,91.58,Card,Store,2026,8,August,10,Monday,False,91.58,91.58
TXN-0057622,2026-08-10,DXB-004,Dubai,CUST-05359,P002,Smartphone,Electronics,2,1860.61,5,3721.22,186.06,3535.16,Apple Pay,Online,2026,8,August,10,Monday,False,3535.16,1767.58
TXN-0057678,2026-08-10,DXB-001,Dubai,CUST-00507,P006,Mouse,Accessories,2,100.08,0,200.16,0.0,200.16,Card,Online,2026,8,August,10,Monday,False,200.16,100.08
TXN-0057685,2026-08-10,DXB-002,Dubai,CUST-02686,P008,Desk,Furniture,1,947.28,5,947.28,47.36,899.92,Apple Pay,Online,2026,8,August,10,Monday,False,899.92,899.92
TXN-0057848,2026-08-10,DXB-002,Dubai,CUST-02808,P013,USB Drive,Accessories,1,50.62,10,50.62,5.06,45.56,Card,Store,2026,8,August,10,Monday,False,45.56,45.56
TXN-0057869,2026-08-10,DXB-001,Dubai,CUST-06382,P006,Mouse,Accessories,2,86.73,10,173.46,17.35,156.11,Apple Pay,Store,2026,8,August,10,Monday,False,156.11,78.06
TXN-0057892,2026-08-10,DXB-005,Dubai,CUST-02214,P014,Power Bank,Electronics,3,152.02,10,456.06,45.61,410.45,Apple Pay,Store,2026,8,August,10,Monday,False,410.45,136.82
TXN-0057899,2026-08-10,DXB-003,Dubai,CUST-06971,P009,Backpack,Accessories,2,231.24,15,462.48,69.37,393.11,Card,Store,2026,8,August,10,Monday,False,393.11,196.56
TXN-0057955,2026-08-10,DXB-003,Dubai,CUST-05940,P011,Notebook,Stationery,2,26.75,10,53.5,5.35,48.15,Cash,Store,2026,8,August,10,Monday,False,48.15,24.08
TXN-0058041,2026-08-10,DXB-002,Dubai,CUST-00819,P006,Mouse,Accessories,1,104.04,15,104.04,15.61,88.43,Apple Pay,Store,2026,8,August,10,Monday,False,88.43,88.43
TXN-0058076,2026-08-10,DXB-001,Dubai,CUST-07233,P012,Pen Pack,Stationery,6,15.55,0,93.3,0.0,93.3,Apple Pay,Online,2026,8,August,10,Monday,False,93.3,15.55
TXN-0058186,2026-08-10,DXB-002,Dubai,CUST-05933,P013,USB Drive,Accessories,1,47.18,10,47.18,4.72,42.46,Card,Store,2026,8,August,10,Monday,False,42.46,42.46
TXN-0058241,2026-08-10,DXB-002,Dubai,CUST-05767,P011,Notebook,Stationery,5,26.29,0,131.45,0.0,131.45,Card,Store,2026,8,August,10,Monday,False,131.45,26.29
TXN-0058253,2026-08-10,DXB-002,Dubai,CUST-00540,P009,Backpack,Accessories,3,212.1,10,636.3,63.63,572.67,Card,Store,2026,8,August,10,Monday,False,572.67,190.89
TXN-0058260,2026-08-10,DXB-002,Dubai,CUST-04453,P006,Mouse,Accessories,4,102.63,5,410.52,20.53,389.99,Apple Pay,Online,2026,8,August,10,Monday,False,389.99,97.5
TXN-0058275,2026-08-10,DXB-002,Dubai,CUST-00399,P004,Monitor,Electronics,1,883.46,0,883.46,0.0,883.46,Card,Store,2026,8,August,10,Monday,False,883.46,883.46
TXN-0058332,2026-08-10,DXB-005,Dubai,CUST-05789,P011,Notebook,Stationery,1,23.19,0,23.19,0.0,23.19,Card,Store,2026,8,August,10,Monday,False,23.19,23.19
TXN-0058389,2026-08-10,DXB-004,Dubai,CUST-07339,P005,Keyboard,Accessories,2,177.02,0,354.04,0.0,354.04,Apple Pay,Store,2026,8,August,10,Monday,False,354.04,177.02
TXN-0058431,2026-08-10,DXB-004,Dubai,CUST-05701,P005,Keyboard,Accessories,1,150.08,15,150.08,22.51,127.57,Card,Store,2026,8,August,10,Monday,False,127.57,127.57
TXN-0058472,2026-08-10,DXB-001,Dubai,CUST-01630,P010,Printer,Office,1,696.74,0,696.74,0.0,696.74,Bank Transfer,Store,2026,8,August,10,Monday,False,696.74,696.74
TXN-0058474,2026-08-10,DXB-005,Dubai,CUST-04843,P001,Laptop,Electronics,1,2872.97,15,2872.97,430.95,2442.02,Cash,Online,2026,8,August,10,Monday,False,2442.02,2442.02
TXN-0058589,2026-08-10,DXB-004,Dubai,CUST-07024,P005,Keyboard,Accessories,2,189.25,10,378.5,37.85,340.65,Bank Transfer,Online,2026,8,August,10,Monday,False,340.65,170.32
TXN-0058659,2026-08-10,DXB-005,Dubai,CUST-00733,P004,Monitor,Electronics,1,982.36,0,982.36,0.0,982.36,Apple Pay,Store,2026,8,August,10,Monday,False,982.36,982.36
TXN-0058660,2026-08-10,DXB-005,Dubai,CUST-06960,P007,Office Chair,Furniture,2,665.03,0,1330.06,0.0,1330.06,Card,Store,2026,8,August,10,Monday,False,1330.06,665.03
TXN-0058667,2026-08-10,DXB-003,Dubai,CUST-05541,P011,Notebook,Stationery,3,23.21,5,69.63,3.48,66.15,Card,Online,2026,8,August,10,Monday,False,66.15,22.05
TXN-0058685,2026-08-10,DXB-005,Dubai,CUST-07716,P002,Smartphone,Electronics,1,1813.31,10,1813.31,181.33,1631.98,Card,Store,2026,8,August,10,Monday,False,1631.98,1631.98
TXN-0058704,2026-08-10,DXB-005,Dubai,CUST-07125,P008,Desk,Furniture,3,774.49,5,2323.47,116.17,2207.3,Apple Pay,Store,2026,8,August,10,Monday,False,2207.3,735.77
TXN-0058779,2026-08-10,DXB-004,Dubai,CUST-04111,P011,Notebook,Stationery,1,27.9,0,27.9,0.0,27.9,Cash,Store,2026,8,August,10,Monday,False,27.9,27.9
TXN-0058821,2026-08-10,DXB-001,Dubai,CUST-04258,P011,Notebook,Stationery,1,24.14,5,24.14,1.21,22.93,Card,Store,2026,8,August,10,Monday,False,22.93,22.93
TXN-0058828,2026-08-10,DXB-005,Dubai,CUST-07816,P003,Headphones,Electronics,2,352.3,15,704.6,105.69,598.91,Card,Online,2026,8,August,10,Monday,False,598.91,299.46
TXN-0058842,2026-08-10,DXB-003,Dubai,CUST-06574,P015,Tablet,Electronics,2,1174.79,10,2349.58,234.96,2114.62,Card,Store,2026,8,August,10,Monday,False,2114.62,1057.31
TXN-0058862,2026-08-10,DXB-005,Dubai,CUST-03162,P013,USB Drive,Accessories,3,46.79,10,140.37,14.04,126.33,Apple Pay,Online,2026,8,August,10,Monday,False,126.33,42.11
TXN-0058941,2026-08-10,DXB-001,Dubai,CUST-03844,P008,Desk,Furniture,3,716.55,0,2149.65,0.0,2149.65,Cash,Online,2026,8,August,10,Monday,False,2149.65,716.55
TXN-0059010,2026-08-10,DXB-004,Dubai,CUST-02166,P015,Tablet,Electronics,1,1245.89,15,1245.89,186.88,1059.01,Card,Online,2026,8,August,10,Monday,False,1059.01,1059.01
TXN-0059022,2026-08-10,DXB-002,Dubai,CUST-01828,P001,Laptop,Electronics,1,2276.26,10,2276.26,227.63,2048.63,Apple Pay,Store,2026,8,August,10,Monday,False,2048.63,2048.63
TXN-0059068,2026-08-10,DXB-001,Dubai,CUST-05834,P002,Smartphone,Electronics,1,1674.64,0,1674.64,0.0,1674.64,Apple Pay,Store,2026,8,August,10,Monday,False,1674.64,1674.64
TXN-0059236,2026-08-10,DXB-003,Dubai,CUST-05728,P006,Mouse,Accessories,3,107.6,0,322.8,0.0,322.8,Card,Store,2026,8,August,10,Monday,False,322.8,107.6
TXN-0059255,2026-08-10,DXB-004,Dubai,CUST-07949,P015,Tablet,Electronics,1,1276.46,5,1276.46,63.82,1212.64,Apple Pay,Online,2026,8,August,10,Monday,False,1212.64,1212.64
TXN-0059349,2026-08-10,DXB-004,Dubai,CUST-03752,P012,Pen Pack,Stationery,1,15.51,10,15.51,1.55,13.96,Cash,Store,2026,8,August,10,Monday,False,13.96,13.96
TXN-0059435,2026-08-10,DXB-001,Dubai,CUST-03499,P012,Pen Pack,Stationery,1,14.87,0,14.87,0.0,14.87,Bank Transfer,Store,2026,8,August,10,Monday,False,14.87,14.87
TXN-0059479,2026-08-10,DXB-002,Dubai,CUST-06052,P004,Monitor,Electronics,1,935.59,0,935.59,0.0,935.59,Card,Store,2026,8,August,10,Monday,False,935.59,935.59
TXN-0059493,2026-08-10,DXB-004,Dubai,CUST-03301,P013,USB Drive,Accessories,3,46.0,0,138.0,0.0,138.0,Apple Pay,Online,2026,8,August,10,Monday,False,138.0,46.0
TXN-0059541,2026-08-10,DXB-004,Dubai,CUST-00752,P002,Smartphone,Electronics,4,1626.12,5,6504.48,325.22,6179.26,Card,Store,2026,8,August,10,Monday,False,6179.26,1544.82
TXN-0059657,2026-08-10,DXB-005,Dubai,CUST-02306,P008,Desk,Furniture,1,744.73,0,744.73,0.0,744.73,Card,Online,2026,8,August,10,Monday,False,744.73,744.73
TXN-0059702,2026-08-10,DXB-002,Dubai,CUST-07091,P005,Keyboard,Accessories,1,185.42,0,185.42,0.0,185.42,Bank Transfer,Store,2026,8,August,10,Monday,False,185.42,185.42
TXN-0059705,2026-08-10,DXB-001,Dubai,CUST-00702,P007,Office Chair,Furniture,2,662.62,10,1325.24,132.52,1192.72,Apple Pay,Online,2026,8,August,10,Monday,False,1192.72,596.36
TXN-0059781,2026-08-10,DXB-003,Dubai,CUST-07134,P001,Laptop,Electronics,2,2689.07,5,5378.14,268.91,5109.23,Apple Pay,Online,2026,8,August,10,Monday,False,5109.23,2554.61
TXN-0059803,2026-08-10,DXB-002,Dubai,CUST-01813,P012,Pen Pack,Stationery,2,14.03,0,28.06,0.0,28.06,Cash,Store,2026,8,August,10,Monday,False,28.06,14.03
TXN-0059829,2026-08-10,DXB-001,Dubai,CUST-05413,P013,USB Drive,Accessories,1,49.57,15,49.57,7.44,42.13,Card,Store,2026,8,August,10,Monday,False,42.13,42.13
TXN-0059881,2026-08-10,DXB-003,Dubai,CUST-02640,P008,Desk,Furniture,2,782.66,20,1565.32,313.06,1252.26,Cash,Store,2026,8,August,10,Monday,False,1252.26,626.13
TXN-0059983,2026-08-10,DXB-003,Dubai,CUST-04642,P013,USB Drive,Accessories,2,47.62,15,95.24,14.29,80.95,Bank Transfer,Store,2026,8,August,10,Monday,False,80.95,40.48
TXN-0060005,2026-08-10,DXB-002,Dubai,CUST-03873,P007,Office Chair,Furniture,3,684.23,20,2052.69,410.54,1642.15,Apple Pay,Store,2026,8,August,10,Monday,False,1642.15,547.38
TXN-0060014,2026-08-10,DXB-005,Dubai,CUST-03164,P015,Tablet,Electronics,4,1156.01,5,4624.04,231.2,4392.84,Cash,Online,2026,8,August,10,Monday,False,4392.84,1098.21
TXN-0060031,2026-08-10,DXB-005,Dubai,CUST-06627,P015,Tablet,Electronics,1,1182.92,10,1182.92,118.29,1064.63,Card,Online,2026,8,August,10,Monday,False,1064.63,1064.63
TXN-0060046,2026-08-10,DXB-001,Dubai,CUST-04964,P002,Smartphone,Electronics,1,1895.52,20,1895.52,379.1,1516.42,Cash,Store,2026,8,August,10,Monday,False,1516.42,1516.42
TXN-0060049,2026-08-10,DXB-003,Dubai,CUST-07426,P004,Monitor,Electronics,1,959.26,15,959.26,143.89,815.37,Cash,Store,2026,8,August,10,Monday,False,815.37,815.37
TXN-0060147,2026-08-10,DXB-003,Dubai,CUST-05969,P015,Tablet,Electronics,3,1309.18,5,3927.54,196.38,3731.16,Card,Store,2026,8,August,10,Monday,False,3731.16,1243.72
TXN-0060160,2026-08-10,DXB-004,Dubai,CUST-05641,P002,Smartphone,Electronics,6,1673.94,20,10043.64,2008.73,8034.91,Card,Store,2026,8,August,10,Monday,False,8034.91,1339.15
TXN-0060174,2026-08-10,DXB-003,Dubai,CUST-07149,P014,Power Bank,Electronics,2,141.83,10,283.66,28.37,255.29,Card,Store,2026,8,August,10,Monday,False,255.29,127.64
TXN-0060213,2026-08-10,DXB-003,Dubai,CUST-05882,P015,Tablet,Electronics,1,1231.83,0,1231.83,0.0,1231.83,Card,Store,2026,8,August,10,Monday,False,1231.83,1231.83
TXN-0060214,2026-08-10,DXB-005,Dubai,CUST-04889,P007,Office Chair,Furniture,1,637.57,0,637.57,0.0,637.57,Card,Store,2026,8,August,10,Monday,False,637.57,637.57
TXN-0060275,2026-08-10,DXB-002,Dubai,CUST-07444,P003,Headphones,Electronics,1,325.23,10,325.23,32.52,292.71,Bank Transfer,Online,2026,8,August,10,Monday,False,292.71,292.71
TXN-0060281,2026-08-10,DXB-001,Dubai,CUST-04394,P004,Monitor,Electronics,1,801.59,10,801.59,80.16,721.43,Apple Pay,Store,2026,8,August,10,Monday,False,721.43,721.43
TXN-0060438,2026-08-10,DXB-002,Dubai,CUST-07595,P005,Keyboard,Accessories,5,189.47,5,947.35,47.37,899.98,Cash,Store,2026,8,August,10,Monday,False,899.98,180.0
TXN-0060475,2026-08-10,DXB-003,Dubai,CUST-05081,P014,Power Bank,Electronics,1,158.35,10,158.35,15.84,142.51,Cash,Store,2026,8,August,10,Monday,False,142.51,142.51
TXN-0060545,2026-08-10,DXB-001,Dubai,CUST-07855,P012,Pen Pack,Stationery,2,13.26,10,26.52,2.65,23.87,Apple Pay,Store,2026,8,August,10,Monday,False,23.87,11.94
TXN-0060702,2026-08-10,DXB-003,Dubai,CUST-01155,P007,Office Chair,Furniture,2,742.85,5,1485.7,74.28,1411.42,Card,Store,2026,8,August,10,Monday,False,1411.42,705.71
TXN-0060820,2026-08-10,DXB-001,Dubai,CUST-05072,P002,Smartphone,Electronics,1,1776.15,0,1776.15,0.0,1776.15,Card,Store,2026,8,August,10,Monday,False,1776.15,1776.15
TXN-0060959,2026-08-10,DXB-004,Dubai,CUST-03285,P002,Smartphone,Electronics,4,1947.54,0,7790.16,0.0,7790.16,Card,Online,2026,8,August,10,Monday,False,7790.16,1947.54
TXN-0061073,2026-08-10,DXB-001,Dubai,CUST-00428,P008,Desk,Furniture,3,762.04,20,2286.12,457.22,1828.9,Card,Online,2026,8,August,10,Monday,False,1828.9,609.63
TXN-0061113,2026-08-10,DXB-004,Dubai,CUST-05137,P001,Laptop,Electronics,2,2940.32,10,5880.64,588.06,5292.58,Apple Pay,Online,2026,8,August,10,Monday,False,5292.58,2646.29
TXN-0061172,2026-08-10,DXB-001,Dubai,CUST-01137,P015,Tablet,Electronics,1,1301.74,0,1301.74,0.0,1301.74,Bank Transfer,Store,2026,8,August,10,Monday,False,1301.74,1301.74
TXN-0061208,2026-08-10,DXB-001,Dubai,CUST-06314,P014,Power Bank,Electronics,1,157.82,10,157.82,15.78,142.04,Apple Pay,Online,2026,8,August,10,Monday,False,142.04,142.04
TXN-0061213,2026-08-10,DXB-002,Dubai,CUST-01545,P001,Laptop,Electronics,1,2650.44,0,2650.44,0.0,2650.44,Card,Store,2026,8,August,10,Monday,False,2650.44,2650.44
TXN-0061227,2026-08-10,DXB-001,Dubai,CUST-03810,P014,Power Bank,Electronics,3,154.96,0,464.88,0.0,464.88,Card,Store,2026,8,August,10,Monday,False,464.88,154.96
TXN-0061240,2026-08-10,DXB-001,Dubai,CUST-07181,P009,Backpack,Accessories,1,235.28,10,235.28,23.53,211.75,Cash,Store,2026,8,August,10,Monday,False,211.75,211.75
TXN-0061331,2026-08-10,DXB-003,Dubai,CUST-06125,P007,Office Chair,Furniture,2,711.62,20,1423.24,284.65,1138.59,Apple Pay,Online,2026,8,August,10,Monday,False,1138.59,569.29
TXN-0061401,2026-08-10,DXB-005,Dubai,CUST-05100,P015,Tablet,Electronics,1,1239.43,20,1239.43,247.89,991.54,Card,Online,2026,8,August,10,Monday,False,991.54,991.54
TXN-0061431,2026-08-10,DXB-004,Dubai,CUST-03418,P006,Mouse,Accessories,5,102.81,5,514.05,25.7,488.35,Apple Pay,Online,2026,8,August,10,Monday,False,488.35,97.67
TXN-0061482,2026-08-10,DXB-003,Dubai,CUST-01215,P008,Desk,Furniture,2,775.57,0,1551.14,0.0,1551.14,Apple Pay,Store,2026,8,August,10,Monday,False,1551.14,775.57
TXN-0061490,2026-08-10,DXB-001,Dubai,CUST-05664,P012,Pen Pack,Stationery,1,16.64,10,16.64,1.66,14.98,Card,Store,2026,8,August,10,Monday,False,14.98,14.98
TXN-0061554,2026-08-10,DXB-001,Dubai,CUST-07572,P004,Monitor,Electronics,2,960.07,0,1920.14,0.0,1920.14,Card,Store,2026,8,August,10,Monday,False,1920.14,960.07
TXN-0061635,2026-08-10,DXB-005,Dubai,CUST-01766,P007,Office Chair,Furniture,4,565.29,0,2261.16,0.0,2261.16,Card,Store,2026,8,August,10,Monday,False,2261.16,565.29
TXN-0061653,2026-08-10,DXB-004,Dubai,CUST-01168,P011,Notebook,Stationery,3,28.23,20,84.69,16.94,67.75,Card,Store,2026,8,August,10,Monday,False,67.75,22.58
TXN-0061696,2026-08-10,DXB-003,Dubai,CUST-01148,P006,Mouse,Accessories,1,105.11,5,105.11,5.26,99.85,Card,Online,2026,8,August,10,Monday,False,99.85,99.85
TXN-0061715,2026-08-10,DXB-002,Dubai,CUST-01681,P002,Smartphone,Electronics,3,1667.29,0,5001.87,0.0,5001.87,Cash,Online,2026,8,August,10,Monday,False,5001.87,1667.29
TXN-0061813,2026-08-10,DXB-004,Dubai,CUST-07713,P002,Smartphone,Electronics,1,1831.6,0,1831.6,0.0,1831.6,Apple Pay,Online,2026,8,August,10,Monday,False,1831.6,1831.6
TXN-0061873,2026-08-10,DXB-002,Dubai,CUST-02959,P013,USB Drive,Accessories,1,45.54,15,45.54,6.83,38.71,Card,Online,2026,8,August,10,Monday,False,38.71,38.71
TXN-0061893,2026-08-10,DXB-005,Dubai,CUST-07666,P003,Headphones,Electronics,1,366.53,0,366.53,0.0,366.53,Cash,Store,2026,8,August,10,Monday,False,366.53,366.53
TXN-0061924,2026-08-10,DXB-003,Dubai,CUST-01040,P014,Power Bank,Electronics,3,148.79,0,446.37,0.0,446.37,Apple Pay,Store,2026,8,August,10,Monday,False,446.37,148.79
TXN-0062028,2026-08-10,DXB-002,Dubai,CUST-02200,P004,Monitor,Electronics,1,941.8,5,941.8,47.09,894.71,Bank Transfer,Store,2026,8,August,10,Monday,False,894.71,894.71
TXN-0062194,2026-08-10,DXB-005,Dubai,CUST-04241,P011,Notebook,Stationery,1,24.47,0,24.47,0.0,24.47,Card,Store,2026,8,August,10,Monday,False,24.47,24.47
TXN-0062207,2026-08-10,DXB-004,Dubai,CUST-05945,P011,Notebook,Stationery,1,24.46,15,24.46,3.67,20.79,Card,Online,2026,8,August,10,Monday,False,20.79,20.79
TXN-0062208,2026-08-10,DXB-004,Dubai,CUST-04458,P001,Laptop,Electronics,2,2976.3,5,5952.6,297.63,5654.97,Card,Store,2026,8,August,10,Monday,False,5654.97,2827.48
TXN-0062218,2026-08-10,DXB-002,Dubai,CUST-02963,P001,Laptop,Electronics,2,2640.53,0,5281.06,0.0,5281.06,Bank Transfer,Store,2026,8,August,10,Monday,False,5281.06,2640.53
TXN-0062223,2026-08-10,DXB-003,Dubai,CUST-07446,P011,Notebook,Stationery,1,23.42,15,23.42,3.51,19.91,Apple Pay,Store,2026,8,August,10,Monday,False,19.91,19.91
TXN-0062255,2026-08-10,DXB-004,Dubai,CUST-06846,P001,Laptop,Electronics,1,2855.39,0,2855.39,0.0,2855.39,Card,Store,2026,8,August,10,Monday,False,2855.39,2855.39
TXN-0062286,2026-08-10,DXB-002,Dubai,CUST-00250,P009,Backpack,Accessories,1,237.67,5,237.67,11.88,225.79,Card,Online,2026,8,August,10,Monday,False,225.79,225.79
TXN-0062336,2026-08-10,DXB-003,Dubai,CUST-02693,P004,Monitor,Electronics,2,780.84,10,1561.68,156.17,1405.51,Cash,Store,2026,8,August,10,Monday,False,1405.51,702.76
TXN-0062339,2026-08-10,DXB-005,Dubai,CUST-00379,P014,Power Bank,Electronics,1,154.71,0,154.71,0.0,154.71,Cash,Store,2026,8,August,10,Monday,False,154.71,154.71
TXN-0062484,2026-08-10,DXB-002,Dubai,CUST-06614,P002,Smartphone,Electronics,1,1927.67,15,1927.67,289.15,1638.52,Bank Transfer,Online,2026,8,August,10,Monday,False,1638.52,1638.52
TXN-0062513,2026-08-10,DXB-005,Dubai,CUST-03440,P015,Tablet,Electronics,1,1286.59,10,1286.59,128.66,1157.93,Cash,Store,2026,8,August,10,Monday,False,1157.93,1157.93
TXN-0062561,2026-08-10,DXB-001,Dubai,CUST-04084,P010,Printer,Office,4,735.0,20,2940.0,588.0,2352.0,Cash,Store,2026,8,August,10,Monday,False,2352.0,588.0
TXN-0062600,2026-08-10,DXB-002,Dubai,CUST-05180,P013,USB Drive,Accessories,1,39.23,0,39.23,0.0,39.23,Apple Pay,Store,2026,8,August,10,Monday,False,39.23,39.23
TXN-0062659,2026-08-10,DXB-005,Dubai,CUST-06313,P013,USB Drive,Accessories,1,47.78,5,47.78,2.39,45.39,Cash,Online,2026,8,August,10,Monday,False,45.39,45.39
TXN-0062740,2026-08-10,DXB-004,Dubai,CUST-04532,P014,Power Bank,Electronics,1,150.65,10,150.65,15.06,135.59,Cash,Store,2026,8,August,10,Monday,False,135.59,135.59
TXN-0062755,2026-08-10,DXB-003,Dubai,CUST-07030,P005,Keyboard,Accessories,1,185.25,0,185.25,0.0,185.25,Card,Store,2026,8,August,10,Monday,False,185.25,185.25
TXN-0062759,2026-08-10,DXB-003,Dubai,CUST-07440,P011,Notebook,Stationery,2,24.07,5,48.14,2.41,45.73,Card,Store,2026,8,August,10,Monday,False,45.73,22.86
TXN-0062765,2026-08-10,DXB-004,Dubai,CUST-02243,P009,Backpack,Accessories,2,237.6,15,475.2,71.28,403.92,Card,Store,2026,8,August,10,Monday,False,403.92,201.96
TXN-0062792,2026-08-10,DXB-002,Dubai,CUST-02999,P001,Laptop,Electronics,2,3074.68,15,6149.36,922.4,5226.96,Apple Pay,Online,2026,8,August,10,Monday,False,5226.96,2613.48
TXN-0062808,2026-08-10,DXB-001,Dubai,CUST-04309,P014,Power Bank,Electronics,1,143.31,5,143.31,7.17,136.14,Card,Online,2026,8,August,10,Monday,False,136.14,136.14
TXN-0062824,2026-08-10,DXB-001,Dubai,CUST-00171,P003,Headphones,Electronics,4,323.02,10,1292.08,129.21,1162.87,Cash,Online,2026,8,August,10,Monday,False,1162.87,290.72
TXN-0062852,2026-08-10,DXB-002,Dubai,CUST-04015,P012,Pen Pack,Stationery,4,12.98,0,51.92,0.0,51.92,Apple Pay,Store,2026,8,August,10,Monday,False,51.92,12.98
TXN-0062957,2026-08-10,DXB-002,Dubai,CUST-02242,P003,Headphones,Electronics,2,369.55,0,739.1,0.0,739.1,Cash,Online,2026,8,August,10,Monday,False,739.1,369.55
TXN-0063010,2026-08-10,DXB-003,Dubai,CUST-00929,P010,Printer,Office,3,673.75,10,2021.25,202.12,1819.13,Card,Store,2026,8,August,10,Monday,False,1819.13,606.38
TXN-0063058,2026-08-10,DXB-003,Dubai,CUST-02396,P011,Notebook,Stationery,1,23.56,5,23.56,1.18,22.38,Cash,Online,2026,8,August,10,Monday,False,22.38,22.38
TXN-0063079,2026-08-10,DXB-001,Dubai,CUST-01695,P001,Laptop,Electronics,1,2491.03,0,2491.03,0.0,2491.03,Card,Store,2026,8,August,10,Monday,False,2491.03,2491.03
TXN-0063093,2026-08-10,DXB-005,Dubai,CUST-01287,P003,Headphones,Electronics,2,353.44,10,706.88,70.69,636.19,Card,Store,2026,8,August,10,Monday,False,636.19,318.1
TXN-0063143,2026-08-10,DXB-004,Dubai,CUST-02802,P002,Smartphone,Electronics,4,1726.44,5,6905.76,345.29,6560.47,Apple Pay,Store,2026,8,August,10,Monday,False,6560.47,1640.12
TXN-0063172,2026-08-10,DXB-005,Dubai,CUST-00320,P009,Backpack,Accessories,3,209.65,5,628.95,31.45,597.5,Bank Transfer,Online,2026,8,August,10,Monday,False,597.5,199.17
TXN-0063190,2026-08-10,DXB-001,Dubai,CUST-02913,P014,Power Bank,Electronics,2,167.13,0,334.26,0.0,334.26,Card,Online,2026,8,August,10,Monday,False,334.26,167.13
TXN-0063208,2026-08-10,DXB-003,Dubai,CUST-05782,P001,Laptop,Electronics,3,2596.44,0,7789.32,0.0,7789.32,Apple Pay,Store,2026,8,August,10,Monday,False,7789.32,2596.44
TXN-0063238,2026-08-10,DXB-004,Dubai,CUST-05172,P002,Smartphone,Electronics,1,1800.06,5,1800.06,90.0,1710.06,Card,Store,2026,8,August,10,Monday,False,1710.06,1710.06
TXN-0063377,2026-08-10,DXB-002,Dubai,CUST-07052,P003,Headphones,Electronics,3,347.05,0,1041.15,0.0,1041.15,Apple Pay,Store,2026,8,August,10,Monday,False,1041.15,347.05
TXN-0063441,2026-08-10,DXB-003,Dubai,CUST-03776,P003,Headphones,Electronics,1,312.56,15,312.56,46.88,265.68,Cash,Online,2026,8,August,10,Monday,False,265.68,265.68
TXN-0063596,2026-08-10,DXB-002,Dubai,CUST-00144,P012,Pen Pack,Stationery,1,15.5,15,15.5,2.33,13.17,Card,Store,2026,8,August,10,Monday,False,13.17,13.17
TXN-0063636,2026-08-10,DXB-001,Dubai,CUST-03014,P001,Laptop,Electronics,1,2728.34,10,2728.34,272.83,2455.51,Bank Transfer,Online,2026,8,August,10,Monday,False,2455.51,2455.51
TXN-0063657,2026-08-10,DXB-005,Dubai,CUST-06520,P012,Pen Pack,Stationery,1,15.6,5,15.6,0.78,14.82,Bank Transfer,Store,2026,8,August,10,Monday,False,14.82,14.82
TXN-0063672,2026-08-10,DXB-002,Dubai,CUST-03383,P008,Desk,Furniture,3,769.0,5,2307.0,115.35,2191.65,Bank Transfer,Store,2026,8,August,10,Monday,False,2191.65,730.55
TXN-0063673,2026-08-10,DXB-003,Dubai,CUST-05491,P015,Tablet,Electronics,3,1263.2,5,3789.6,189.48,3600.12,Apple Pay,Online,2026,8,August,10,Monday,False,3600.12,1200.04
TXN-0063692,2026-08-10,DXB-001,Dubai,CUST-06335,P011,Notebook,Stationery,2,24.63,0,49.26,0.0,49.26,Card,Store,2026,8,August,10,Monday,False,49.26,24.63
TXN-0063812,2026-08-10,DXB-004,Dubai,CUST-05059,P015,Tablet,Electronics,2,1197.16,10,2394.32,239.43,2154.89,Apple Pay,Store,2026,8,August,10,Monday,False,2154.89,1077.44
TXN-0063844,2026-08-10,DXB-004,Dubai,CUST-03333,P010,Printer,Office,2,714.61,5,1429.22,71.46,1357.76,Apple Pay,Store,2026,8,August,10,Monday,False,1357.76,678.88
TXN-0063845,2026-08-10,DXB-004,Dubai,CUST-02869,P015,Tablet,Electronics,2,1153.9,0,2307.8,0.0,2307.8,Card,Store,2026,8,August,10,Monday,False,2307.8,1153.9
TXN-0063902,2026-08-10,DXB-001,Dubai,CUST-04308,P008,Desk,Furniture,1,836.61,0,836.61,0.0,836.61,Card,Store,2026,8,August,10,Monday,False,836.61,836.61
TXN-0063973,2026-08-10,DXB-005,Dubai,CUST-06188,P002,Smartphone,Electronics,2,1741.08,5,3482.16,174.11,3308.05,Bank Transfer,Store,2026,8,August,10,Monday,False,3308.05,1654.02
TXN-0064012,2026-08-10,DXB-003,Dubai,CUST-02209,P006,Mouse,Accessories,1,99.85,0,99.85,0.0,99.85,Card,Online,2026,8,August,10,Monday,False,99.85,99.85
TXN-0064030,2026-08-10,DXB-005,Dubai,CUST-07945,P015,Tablet,Electronics,1,1213.39,5,1213.39,60.67,1152.72,Cash,Store,2026,8,August,10,Monday,False,1152.72,1152.72
TXN-0064104,2026-08-10,DXB-001,Dubai,CUST-06791,P010,Printer,Office,2,704.68,10,1409.36,140.94,1268.42,Card,Store,2026,8,August,10,Monday,False,1268.42,634.21
TXN-0064133,2026-08-10,DXB-005,Dubai,CUST-07235,P001,Laptop,Electronics,3,2959.95,5,8879.85,443.99,8435.86,Apple Pay,Online,2026,8,August,10,Monday,False,8435.86,2811.95
TXN-0064147,2026-08-10,DXB-003,Dubai,CUST-03831,P005,Keyboard,Accessories,1,176.8,10,176.8,17.68,159.12,Card,Online,2026,8,August,10,Monday,False,159.12,159.12
TXN-0064242,2026-08-10,DXB-001,Dubai,CUST-01219,P008,Desk,Furniture,4,754.11,0,3016.44,0.0,3016.44,Cash,Store,2026,8,August,10,Monday,False,3016.44,754.11
TXN-0064309,2026-08-10,DXB-001,Dubai,CUST-02661,P011,Notebook,Stationery,1,25.05,0,25.05,0.0,25.05,Card,Online,2026,8,August,10,Monday,False,25.05,25.05
TXN-0064320,2026-08-10,DXB-004,Dubai,CUST-03752,P001,Laptop,Electronics,3,2763.67,0,8291.01,0.0,8291.01,Card,Online,2026,8,August,10,Monday,False,8291.01,2763.67
TXN-0064464,2026-08-10,DXB-005,Dubai,CUST-06625,P009,Backpack,Accessories,1,235.15,0,235.15,0.0,235.15,Apple Pay,Store,2026,8,August,10,Monday,False,235.15,235.15
TXN-0064555,2026-08-10,DXB-001,Dubai,CUST-03072,P007,Office Chair,Furniture,4,704.96,15,2819.84,422.98,2396.86,Apple Pay,Store,2026,8,August,10,Monday,False,2396.86,599.22
TXN-0064578,2026-08-10,DXB-001,Dubai,CUST-00054,P002,Smartphone,Electronics,2,1846.03,0,3692.06,0.0,3692.06,Card,Store,2026,8,August,10,Monday,False,3692.06,1846.03
TXN-0064607,2026-08-10,DXB-002,Dubai,CUST-06527,P012,Pen Pack,Stationery,5,14.62,0,73.1,0.0,73.1,Cash,Store,2026,8,August,10,Monday,False,73.1,14.62
TXN-0064650,2026-08-10,DXB-001,Dubai,CUST-03533,P010,Printer,Office,4,706.5,5,2826.0,141.3,2684.7,Card,Store,2026,8,August,10,Monday,False,2684.7,671.18
TXN-0064662,2026-08-10,DXB-005,Dubai,CUST-00824,P005,Keyboard,Accessories,1,187.62,20,187.62,37.52,150.1,Cash,Store,2026,8,August,10,Monday,False,150.1,150.1
TXN-0064710,2026-08-10,DXB-004,Dubai,CUST-02031,P002,Smartphone,Electronics,1,1859.27,10,1859.27,185.93,1673.34,Card,Store,2026,8,August,10,Monday,False,1673.34,1673.34
TXN-0064732,2026-08-10,DXB-004,Dubai,CUST-03126,P003,Headphones,Electronics,2,332.68,5,665.36,33.27,632.09,Card,Online,2026,8,August,10,Monday,False,632.09,316.04
TXN-0064757,2026-08-10,DXB-005,Dubai,CUST-02267,P008,Desk,Furniture,1,798.27,0,798.27,0.0,798.27,Apple Pay,Store,2026,8,August,10,Monday,False,798.27,798.27
TXN-0064856,2026-08-10,DXB-005,Dubai,CUST-02647,P007,Office Chair,Furniture,1,694.63,15,694.63,104.19,590.44,Cash,Store,2026,8,August,10,Monday,False,590.44,590.44
TXN-0064871,2026-08-10,DXB-003,Dubai,CUST-01448,P015,Tablet,Electronics,1,1323.01,5,1323.01,66.15,1256.86,Cash,Store,2026,8,August,10,Monday,False,1256.86,1256.86
TXN-0065116,2026-08-10,DXB-003,Dubai,CUST-03995,P012,Pen Pack,Stationery,1,15.25,10,15.25,1.52,13.73,Card,Store,2026,8,August,10,Monday,False,13.73,13.73
TXN-0065150,2026-08-10,DXB-003,Dubai,CUST-07838,P005,Keyboard,Accessories,1,192.58,0,192.58,0.0,192.58,Card,Store,2026,8,August,10,Monday,False,192.58,192.58
TXN-0065153,2026-08-10,DXB-005,Dubai,CUST-02274,P009,Backpack,Accessories,3,231.91,5,695.73,34.79,660.94,Cash,Store,2026,8,August,10,Monday,False,660.94,220.31
TXN-0065161,2026-08-10,DXB-001,Dubai,CUST-07796,P006,Mouse,Accessories,2,108.34,0,216.68,0.0,216.68,Card,Online,2026,8,August,10,Monday,False,216.68,108.34
TXN-0065165,2026-08-10,DXB-004,Dubai,CUST-02514,P009,Backpack,Accessories,2,229.21,5,458.42,22.92,435.5,Card,Store,2026,8,August,10,Monday,False,435.5,217.75
TXN-0065248,2026-08-10,DXB-001,Dubai,CUST-00914,P011,Notebook,Stationery,1,22.55,10,22.55,2.26,20.29,Card,Store,2026,8,August,10,Monday,False,20.29,20.29
TXN-0065252,2026-08-10,DXB-002,Dubai,CUST-05146,P013,USB Drive,Accessories,1,50.96,5,50.96,2.55,48.41,Card,Store,2026,8,August,10,Monday,False,48.41,48.41
TXN-0065281,2026-08-10,DXB-004,Dubai,CUST-00475,P008,Desk,Furniture,1,790.49,20,790.49,158.1,632.39,Apple Pay,Online,2026,8,August,10,Monday,False,632.39,632.39
TXN-0065345,2026-08-10,DXB-002,Dubai,CUST-06222,P015,Tablet,Electronics,1,1125.29,10,1125.29,112.53,1012.76,Card,Online,2026,8,August,10,Monday,False,1012.76,1012.76
TXN-0065439,2026-08-10,DXB-001,Dubai,CUST-04394,P001,Laptop,Electronics,2,2321.2,0,4642.4,0.0,4642.4,Cash,Online,2026,8,August,10,Monday,False,4642.4,2321.2
TXN-0065571,2026-08-10,DXB-002,Dubai,CUST-01060,P011,Notebook,Stationery,1,26.06,0,26.06,0.0,26.06,Card,Store,2026,8,August,10,Monday,False,26.06,26.06
TXN-0065717,2026-08-10,DXB-004,Dubai,CUST-00018,P015,Tablet,Electronics,1,1191.29,15,1191.29,178.69,1012.6,Apple Pay,Online,2026,8,August,10,Monday,False,1012.6,1012.6
TXN-0065836,2026-08-10,DXB-003,Dubai,CUST-02656,P007,Office Chair,Furniture,1,632.94,0,632.94,0.0,632.94,Card,Online,2026,8,August,10,Monday,False,632.94,632.94
TXN-0065856,2026-08-10,DXB-004,Dubai,CUST-06086,P012,Pen Pack,Stationery,4,14.78,5,59.12,2.96,56.16,Card,Store,2026,8,August,10,Monday,False,56.16,14.04
TXN-0065885,2026-08-10,DXB-001,Dubai,CUST-00935,P014,Power Bank,Electronics,1,148.88,5,148.88,7.44,141.44,Cash,Store,2026,8,August,10,Monday,False,141.44,141.44
TXN-0065902,2026-08-10,DXB-002,Dubai,CUST-06389,P005,Keyboard,Accessories,2,186.48,5,372.96,18.65,354.31,Cash,Store,2026,8,August,10,Monday,False,354.31,177.16
TXN-0066029,2026-08-10,DXB-002,Dubai,CUST-03357,P002,Smartphone,Electronics,1,1778.69,5,1778.69,88.93,1689.76,Card,Store,2026,8,August,10,Monday,False,1689.76,1689.76
TXN-0066102,2026-08-10,DXB-001,Dubai,CUST-01831,P007,Office Chair,Furniture,1,668.58,10,668.58,66.86,601.72,Apple Pay,Online,2026,8,August,10,Monday,False,601.72,601.72
TXN-0066153,2026-08-10,DXB-004,Dubai,CUST-05702,P013,USB Drive,Accessories,1,46.21,0,46.21,0.0,46.21,Bank Transfer,Store,2026,8,August,10,Monday,False,46.21,46.21
TXN-0066245,2026-08-10,DXB-001,Dubai,CUST-02660,P007,Office Chair,Furniture,1,657.94,15,657.94,98.69,559.25,Card,Store,2026,8,August,10,Monday,False,559.25,559.25
TXN-0066318,2026-08-10,DXB-001,Dubai,CUST-03800,P014,Power Bank,Electronics,5,137.88,0,689.4,0.0,689.4,Card,Store,2026,8,August,10,Monday,False,689.4,137.88
TXN-0066332,2026-08-10,DXB-003,Dubai,CUST-06019,P006,Mouse,Accessories,4,85.53,10,342.12,34.21,307.91,Cash,Store,2026,8,August,10,Monday,False,307.91,76.98
TXN-0066364,2026-08-10,DXB-003,Dubai,CUST-07097,P010,Printer,Office,1,703.87,0,703.87,0.0,703.87,Bank Transfer,Store,2026,8,August,10,Monday,False,703.87,703.87
TXN-0066405,2026-08-10,DXB-005,Dubai,CUST-04563,P009,Backpack,Accessories,2,232.53,0,465.06,0.0,465.06,Cash,Store,2026,8,August,10,Monday,False,465.06,232.53
TXN-0066462,2026-08-10,DXB-005,Dubai,CUST-06463,P006,Mouse,Accessories,1,97.55,15,97.55,14.63,82.92,Card,Store,2026,8,August,10,Monday,False,82.92,82.92
TXN-0066509,2026-08-10,DXB-002,Dubai,CUST-04028,P012,Pen Pack,Stationery,5,15.2,10,76.0,7.6,68.4,Card,Store,2026,8,August,10,Monday,False,68.4,13.68
TXN-0066831,2026-08-10,DXB-005,Dubai,CUST-06916,P007,Office Chair,Furniture,1,636.25,20,636.25,127.25,509.0,Cash,Store,2026,8,August,10,Monday,False,509.0,509.0
TXN-0066854,2026-08-10,DXB-005,Dubai,CUST-02580,P004,Monitor,Electronics,1,902.85,10,902.85,90.28,812.57,Apple Pay,Store,2026,8,August,10,Monday,False,812.57,812.57
TXN-0066901,2026-08-10,DXB-001,Dubai,CUST-05883,P014,Power Bank,Electronics,2,135.9,20,271.8,54.36,217.44,Cash,Store,2026,8,August,10,Monday,False,217.44,108.72
TXN-0066910,2026-08-10,DXB-001,Dubai,CUST-01064,P006,Mouse,Accessories,1,98.61,5,98.61,4.93,93.68,Cash,Store,2026,8,August,10,Monday,False,93.68,93.68
TXN-0066956,2026-08-10,DXB-005,Dubai,CUST-00791,P014,Power Bank,Electronics,4,152.58,5,610.32,30.52,579.8,Apple Pay,Store,2026,8,August,10,Monday,False,579.8,144.95
TXN-0067033,2026-08-10,DXB-005,Dubai,CUST-00475,P012,Pen Pack,Stationery,1,14.87,0,14.87,0.0,14.87,Apple Pay,Online,2026,8,August,10,Monday,False,14.87,14.87
TXN-0067071,2026-08-10,DXB-004,Dubai,CUST-07156,P002,Smartphone,Electronics,1,1716.22,5,1716.22,85.81,1630.41,Apple Pay,Online,2026,8,August,10,Monday,False,1630.41,1630.41
TXN-0067134,2026-08-10,DXB-005,Dubai,CUST-01486,P013,USB Drive,Accessories,2,45.39,15,90.78,13.62,77.16,Apple Pay,Online,2026,8,August,10,Monday,False,77.16,38.58
TXN-0067153,2026-08-10,DXB-003,Dubai,CUST-02449,P003,Headphones,Electronics,1,349.14,15,349.14,52.37,296.77,Card,Online,2026,8,August,10,Monday,False,296.77,296.77
TXN-0067167,2026-08-10,DXB-002,Dubai,CUST-05270,P010,Printer,Office,1,638.1,10,638.1,63.81,574.29,Card,Store,2026,8,August,10,Monday,False,574.29,574.29
TXN-0067236,2026-08-10,DXB-004,Dubai,CUST-03771,P015,Tablet,Electronics,2,1236.29,10,2472.58,247.26,2225.32,Card,Store,2026,8,August,10,Monday,False,2225.32,1112.66
TXN-0067247,2026-08-10,DXB-004,Dubai,CUST-02895,P010,Printer,Office,1,688.06,20,688.06,137.61,550.45,Apple Pay,Store,2026,8,August,10,Monday,False,550.45,550.45
TXN-0067253,2026-08-10,DXB-004,Dubai,CUST-01366,P010,Printer,Office,1,691.08,10,691.08,69.11,621.97,Cash,Store,2026,8,August,10,Monday,False,621.97,621.97
TXN-0067278,2026-08-10,DXB-001,Dubai,CUST-00909,P007,Office Chair,Furniture,1,627.53,15,627.53,94.13,533.4,Apple Pay,Store,2026,8,August,10,Monday,False,533.4,533.4
TXN-0067371,2026-08-10,DXB-004,Dubai,CUST-01083,P013,USB Drive,Accessories,1,44.69,10,44.69,4.47,40.22,Apple Pay,Store,2026,8,August,10,Monday,False,40.22,40.22
TXN-0067394,2026-08-10,DXB-003,Dubai,CUST-01092,P010,Printer,Office,2,653.2,0,1306.4,0.0,1306.4,Cash,Store,2026,8,August,10,Monday,False,1306.4,653.2
TXN-0067419,2026-08-10,DXB-001,Dubai,CUST-00719,P012,Pen Pack,Stationery,1,15.25,10,15.25,1.52,13.73,Bank Transfer,Online,2026,8,August,10,Monday,False,13.73,13.73
TXN-0067428,2026-08-10,DXB-003,Dubai,CUST-07860,P005,Keyboard,Accessories,2,187.47,10,374.94,37.49,337.45,Card,Store,2026,8,August,10,Monday,False,337.45,168.72
TXN-0067462,2026-08-10,DXB-004,Dubai,CUST-07058,P010,Printer,Office,1,688.75,15,688.75,103.31,585.44,Cash,Store,2026,8,August,10,Monday,False,585.44,585.44
TXN-0067610,2026-08-10,DXB-004,Dubai,CUST-03536,P004,Monitor,Electronics,4,892.96,15,3571.84,535.78,3036.06,Card,Store,2026,8,August,10,Monday,False,3036.06,759.02
TXN-0067651,2026-08-10,DXB-003,Dubai,CUST-05978,P011,Notebook,Stationery,1,26.97,0,26.97,0.0,26.97,Cash,Online,2026,8,August,10,Monday,False,26.97,26.97
TXN-0067680,2026-08-10,DXB-002,Dubai,CUST-05584,P004,Monitor,Electronics,3,858.89,5,2576.67,128.83,2447.84,Apple Pay,Store,2026,8,August,10,Monday,False,2447.84,815.95
TXN-0067795,2026-08-10,DXB-002,Dubai,CUST-04072,P008,Desk,Furniture,5,823.2,15,4116.0,617.4,3498.6,Cash,Store,2026,8,August,10,Monday,False,3498.6,699.72
TXN-0067852,2026-08-10,DXB-004,Dubai,CUST-04655,P012,Pen Pack,Stationery,1,16.15,0,16.15,0.0,16.15,Cash,Store,2026,8,August,10,Monday,False,16.15,16.15
TXN-0067915,2026-08-10,DXB-001,Dubai,CUST-03739,P011,Notebook,Stationery,3,26.0,10,78.0,7.8,70.2,Bank Transfer,Store,2026,8,August,10,Monday,False,70.2,23.4
TXN-0067990,2026-08-10,DXB-003,Dubai,CUST-01580,P014,Power Bank,Electronics,2,159.58,10,319.16,31.92,287.24,Card,Store,2026,8,August,10,Monday,False,287.24,143.62
TXN-0068032,2026-08-10,DXB-004,Dubai,CUST-00740,P005,Keyboard,Accessories,2,199.44,10,398.88,39.89,358.99,Card,Store,2026,8,August,10,Monday,False,358.99,179.5
TXN-0068130,2026-08-10,DXB-004,Dubai,CUST-00361,P014,Power Bank,Electronics,1,153.15,10,153.15,15.32,137.83,Card,Store,2026,8,August,10,Monday,False,137.83,137.83
TXN-0068168,2026-08-10,DXB-003,Dubai,CUST-04837,P001,Laptop,Electronics,3,2876.65,5,8629.95,431.5,8198.45,Card,Store,2026,8,August,10,Monday,False,8198.45,2732.82
TXN-0068222,2026-08-10,DXB-004,Dubai,CUST-02937,P007,Office Chair,Furniture,2,723.39,0,1446.78,0.0,1446.78,Card,Online,2026,8,August,10,Monday,False,1446.78,723.39
TXN-0068226,2026-08-10,DXB-001,Dubai,CUST-00534,P006,Mouse,Accessories,1,102.35,20,102.35,20.47,81.88,Bank Transfer,Store,2026,8,August,10,Monday,False,81.88,81.88
TXN-0068244,2026-08-10,DXB-003,Dubai,CUST-05827,P008,Desk,Furniture,1,791.69,15,791.69,118.75,672.94,Card,Online,2026,8,August,10,Monday,False,672.94,672.94
TXN-0068283,2026-08-10,DXB-002,Dubai,CUST-05127,P002,Smartphone,Electronics,3,1820.94,15,5462.82,819.42,4643.4,Card,Store,2026,8,August,10,Monday,False,4643.4,1547.8
TXN-0068323,2026-08-10,DXB-001,Dubai,CUST-01460,P006,Mouse,Accessories,4,104.14,0,416.56,0.0,416.56,Cash,Online,2026,8,August,10,Monday,False,416.56,104.14
TXN-0068393,2026-08-10,DXB-001,Dubai,CUST-01092,P011,Notebook,Stationery,1,26.14,10,26.14,2.61,23.53,Cash,Store,2026,8,August,10,Monday,False,23.53,23.53
TXN-0068402,2026-08-10,DXB-003,Dubai,CUST-06656,P007,Office Chair,Furniture,4,638.43,10,2553.72,255.37,2298.35,Apple Pay,Store,2026,8,August,10,Monday,False,2298.35,574.59
TXN-0068413,2026-08-10,DXB-002,Dubai,CUST-07520,P012,Pen Pack,Stationery,1,14.86,15,14.86,2.23,12.63,Cash,Online,2026,8,August,10,Monday,False,12.63,12.63
TXN-0068425,2026-08-10,DXB-001,Dubai,CUST-01177,P002,Smartphone,Electronics,1,1708.18,0,1708.18,0.0,1708.18,Apple Pay,Store,2026,8,August,10,Monday,False,1708.18,1708.18
TXN-0068441,2026-08-10,DXB-005,Dubai,CUST-06315,P005,Keyboard,Accessories,1,166.37,5,166.37,8.32,158.05,Cash,Store,2026,8,August,10,Monday,False,158.05,158.05
TXN-0068477,2026-08-10,DXB-002,Dubai,CUST-05073,P002,Smartphone,Electronics,1,1764.75,5,1764.75,88.24,1676.51,Apple Pay,Online,2026,8,August,10,Monday,False,1676.51,1676.51
TXN-0068589,2026-08-10,DXB-002,Dubai,CUST-03561,P007,Office Chair,Furniture,1,697.44,15,697.44,104.62,592.82,Card,Store,2026,8,August,10,Monday,False,592.82,592.82
TXN-0068592,2026-08-10,DXB-003,Dubai,CUST-05529,P012,Pen Pack,Stationery,3,15.24,5,45.72,2.29,43.43,Bank Transfer,Online,2026,8,August,10,Monday,False,43.43,14.48
TXN-0068605,2026-08-10,DXB-004,Dubai,CUST-00568,P009,Backpack,Accessories,3,216.0,0,648.0,0.0,648.0,Apple Pay,Store,2026,8,August,10,Monday,False,648.0,216.0
TXN-0068669,2026-08-10,DXB-005,Dubai,CUST-00602,P012,Pen Pack,Stationery,1,15.02,0,15.02,0.0,15.02,Cash,Online,2026,8,August,10,Monday,False,15.02,15.02
TXN-0068806,2026-08-10,DXB-005,Dubai,CUST-00709,P002,Smartphone,Electronics,2,1823.25,10,3646.5,364.65,3281.85,Cash,Online,2026,8,August,10,Monday,False,3281.85,1640.92
TXN-0068934,2026-08-10,DXB-002,Dubai,CUST-07344,P009,Backpack,Accessories,4,212.85,5,851.4,42.57,808.83,Cash,Store,2026,8,August,10,Monday,False,808.83,202.21
TXN-0068950,2026-08-10,DXB-005,Dubai,CUST-06139,P004,Monitor,Electronics,1,930.8,0,930.8,0.0,930.8,Card,Store,2026,8,August,10,Monday,False,930.8,930.8
TXN-0068959,2026-08-10,DXB-002,Dubai,CUST-02180,P002,Smartphone,Electronics,4,1728.62,5,6914.48,345.72,6568.76,Card,Store,2026,8,August,10,Monday,False,6568.76,1642.19
TXN-0068975,2026-08-10,DXB-002,Dubai,CUST-07101,P015,Tablet,Electronics,1,1255.21,0,1255.21,0.0,1255.21,Cash,Online,2026,8,August,10,Monday,False,1255.21,1255.21
TXN-0069033,2026-08-10,DXB-002,Dubai,CUST-07492,P003,Headphones,Electronics,1,300.78,15,300.78,45.12,255.66,Cash,Store,2026,8,August,10,Monday,False,255.66,255.66
TXN-0069035,2026-08-10,DXB-002,Dubai,CUST-07181,P012,Pen Pack,Stationery,3,14.59,5,43.77,2.19,41.58,Card,Online,2026,8,August,10,Monday,False,41.58,13.86
TXN-0069176,2026-08-10,DXB-003,Dubai,CUST-01960,P011,Notebook,Stationery,4,25.12,0,100.48,0.0,100.48,Apple Pay,Store,2026,8,August,10,Monday,False,100.48,25.12
TXN-0069228,2026-08-10,DXB-004,Dubai,CUST-02885,P011,Notebook,Stationery,2,24.68,0,49.36,0.0,49.36,Card,Store,2026,8,August,10,Monday,False,49.36,24.68
TXN-0069247,2026-08-10,DXB-002,Dubai,CUST-03935,P013,USB Drive,Accessories,1,46.51,0,46.51,0.0,46.51,Apple Pay,Store,2026,8,August,10,Monday,False,46.51,46.51
TXN-0069329,2026-08-10,DXB-004,Dubai,CUST-04429,P003,Headphones,Electronics,1,335.88,10,335.88,33.59,302.29,Cash,Store,2026,8,August,10,Monday,False,302.29,302.29
TXN-0069333,2026-08-10,DXB-005,Dubai,CUST-01642,P010,Printer,Office,6,685.65,15,4113.9,617.08,3496.82,Bank Transfer,Online,2026,8,August,10,Monday,False,3496.82,582.8
TXN-0069442,2026-08-10,DXB-003,Dubai,CUST-03513,P002,Smartphone,Electronics,1,1838.8,15,1838.8,275.82,1562.98,Cash,Online,2026,8,August,10,Monday,False,1562.98,1562.98
TXN-0069462,2026-08-10,DXB-004,Dubai,CUST-04770,P008,Desk,Furniture,2,884.03,0,1768.06,0.0,1768.06,Apple Pay,Online,2026,8,August,10,Monday,False,1768.06,884.03
TXN-0069507,2026-08-10,DXB-005,Dubai,CUST-07022,P007,Office Chair,Furniture,2,613.13,0,1226.26,0.0,1226.26,Cash,Store,2026,8,August,10,Monday,False,1226.26,613.13
TXN-0069521,2026-08-10,DXB-001,Dubai,CUST-05606,P014,Power Bank,Electronics,1,152.74,15,152.74,22.91,129.83,Card,Online,2026,8,August,10,Monday,False,129.83,129.83
TXN-0069529,2026-08-10,DXB-005,Dubai,CUST-03082,P010,Printer,Office,1,654.19,5,654.19,32.71,621.48,Card,Online,2026,8,August,10,Monday,False,621.48,621.48
TXN-0069731,2026-08-10,DXB-005,Dubai,CUST-01086,P013,USB Drive,Accessories,1,45.62,10,45.62,4.56,41.06,Cash,Online,2026,8,August,10,Monday,False,41.06,41.06
TXN-0069768,2026-08-10,DXB-001,Dubai,CUST-03268,P012,Pen Pack,Stationery,1,15.8,0,15.8,0.0,15.8,Apple Pay,Online,2026,8,August,10,Monday,False,15.8,15.8
TXN-0069795,2026-08-10,DXB-005,Dubai,CUST-01304,P014,Power Bank,Electronics,1,151.63,15,151.63,22.74,128.89,Apple Pay,Store,2026,8,August,10,Monday,False,128.89,128.89
TXN-0069893,2026-08-10,DXB-001,Dubai,CUST-03401,P010,Printer,Office,1,691.57,5,691.57,34.58,656.99,Card,Store,2026,8,August,10,Monday,False,656.99,656.99
TXN-0069908,2026-08-10,DXB-004,Dubai,CUST-03871,P014,Power Bank,Electronics,3,148.16,10,444.48,44.45,400.03,Card,Store,2026,8,August,10,Monday,False,400.03,133.34
TXN-0069916,2026-08-10,DXB-001,Dubai,CUST-05465,P003,Headphones,Electronics,4,368.44,5,1473.76,73.69,1400.07,Card,Online,2026,8,August,10,Monday,False,1400.07,350.02
TXN-0069917,2026-08-10,DXB-004,Dubai,CUST-03136,P011,Notebook,Stationery,3,23.8,0,71.4,0.0,71.4,Cash,Store,2026,8,August,10,Monday,False,71.4,23.8
TXN-0069928,2026-08-10,DXB-002,Dubai,CUST-00390,P011,Notebook,Stationery,1,25.33,15,25.33,3.8,21.53,Card,Store,2026,8,August,10,Monday,False,21.53,21.53
TXN-0070209,2026-08-10,DXB-002,Dubai,CUST-01369,P005,Keyboard,Accessories,2,175.55,0,351.1,0.0,351.1,Card,Online,2026,8,August,10,Monday,False,351.1,175.55
TXN-0070233,2026-08-10,DXB-005,Dubai,CUST-01781,P011,Notebook,Stationery,1,25.93,10,25.93,2.59,23.34,Card,Online,2026,8,August,10,Monday,False,23.34,23.34
TXN-0070287,2026-08-10,DXB-004,Dubai,CUST-01678,P006,Mouse,Accessories,1,97.68,0,97.68,0.0,97.68,Card,Online,2026,8,August,10,Monday,False,97.68,97.68
TXN-0070347,2026-08-10,DXB-003,Dubai,CUST-02360,P006,Mouse,Accessories,1,92.77,5,92.77,4.64,88.13,Card,Online,2026,8,August,10,Monday,False,88.13,88.13
TXN-0070441,2026-08-10,DXB-004,Dubai,CUST-04421,P009,Backpack,Accessories,2,246.59,0,493.18,0.0,493.18,Card,Online,2026,8,August,10,Monday,False,493.18,246.59
TXN-0070526,2026-08-10,DXB-002,Dubai,CUST-04863,P006,Mouse,Accessories,1,104.15,0,104.15,0.0,104.15,Card,Store,2026,8,August,10,Monday,False,104.15,104.15
TXN-0070573,2026-08-10,DXB-003,Dubai,CUST-06844,P004,Monitor,Electronics,1,874.92,5,874.92,43.75,831.17,Cash,Store,2026,8,August,10,Monday,False,831.17,831.17
TXN-0070631,2026-08-10,DXB-005,Dubai,CUST-02519,P015,Tablet,Electronics,1,1271.18,0,1271.18,0.0,1271.18,Card,Store,2026,8,August,10,Monday,False,1271.18,1271.18
TXN-0070662,2026-08-10,DXB-001,Dubai,CUST-00006,P013,USB Drive,Accessories,2,49.85,0,99.7,0.0,99.7,Bank Transfer,Store,2026,8,August,10,Monday,False,99.7,49.85
TXN-0070683,2026-08-10,DXB-003,Dubai,CUST-07534,P011,Notebook,Stationery,1,26.0,0,26.0,0.0,26.0,Card,Store,2026,8,August,10,Monday,False,26.0,26.0
TXN-0070684,2026-08-10,DXB-005,Dubai,CUST-00202,P015,Tablet,Electronics,1,1175.85,10,1175.85,117.58,1058.27,Card,Store,2026,8,August,10,Monday,False,1058.27,1058.27
TXN-0070799,2026-08-10,DXB-004,Dubai,CUST-03283,P010,Printer,Office,2,710.53,5,1421.06,71.05,1350.01,Bank Transfer,Store,2026,8,August,10,Monday,False,1350.01,675.0
TXN-0070819,2026-08-10,DXB-002,Dubai,CUST-03396,P011,Notebook,Stationery,1,24.38,5,24.38,1.22,23.16,Apple Pay,Online,2026,8,August,10,Monday,False,23.16,23.16
TXN-0070972,2026-08-10,DXB-002,Dubai,CUST-06467,P013,USB Drive,Accessories,2,53.01,10,106.02,10.6,95.42,Card,Online,2026,8,August,10,Monday,False,95.42,47.71
TXN-0070984,2026-08-10,DXB-004,Dubai,CUST-05160,P012,Pen Pack,Stationery,1,14.77,0,14.77,0.0,14.77,Apple Pay,Store,2026,8,August,10,Monday,False,14.77,14.77
TXN-0071221,2026-08-10,DXB-005,Dubai,CUST-01711,P004,Monitor,Electronics,2,951.07,0,1902.14,0.0,1902.14,Cash,Store,2026,8,August,10,Monday,False,1902.14,951.07
TXN-0071274,2026-08-10,DXB-005,Dubai,CUST-00627,P003,Headphones,Electronics,3,357.21,10,1071.63,107.16,964.47,Card,Store,2026,8,August,10,Monday,False,964.47,321.49
TXN-0071314,2026-08-10,DXB-005,Dubai,CUST-01892,P012,Pen Pack,Stationery,2,12.48,0,24.96,0.0,24.96,Card,Online,2026,8,August,10,Monday,False,24.96,12.48
TXN-0071374,2026-08-10,DXB-004,Dubai,CUST-06311,P005,Keyboard,Accessories,2,176.18,0,352.36,0.0,352.36,Card,Online,2026,8,August,10,Monday,False,352.36,176.18
TXN-0071481,2026-08-10,DXB-001,Dubai,CUST-07933,P005,Keyboard,Accessories,1,185.94,5,185.94,9.3,176.64,Cash,Store,2026,8,August,10,Monday,False,176.64,176.64
TXN-0071525,2026-08-10,DXB-004,Dubai,CUST-01425,P006,Mouse,Accessories,2,106.53,20,213.06,42.61,170.45,Cash,Store,2026,8,August,10,Monday,False,170.45,85.22
TXN-0071592,2026-08-10,DXB-002,Dubai,CUST-05467,P005,Keyboard,Accessories,2,183.79,5,367.58,18.38,349.2,Cash,Store,2026,8,August,10,Monday,False,349.2,174.6
TXN-0071652,2026-08-10,DXB-004,Dubai,CUST-03295,P005,Keyboard,Accessories,1,169.03,0,169.03,0.0,169.03,Apple Pay,Online,2026,8,August,10,Monday,False,169.03,169.03
TXN-0071730,2026-08-10,DXB-001,Dubai,CUST-00865,P005,Keyboard,Accessories,1,188.72,10,188.72,18.87,169.85,Bank Transfer,Store,2026,8,August,10,Monday,False,169.85,169.85
TXN-0071748,2026-08-10,DXB-003,Dubai,CUST-05366,P009,Backpack,Accessories,2,188.47,0,376.94,0.0,376.94,Apple Pay,Store,2026,8,August,10,Monday,False,376.94,188.47
TXN-0071755,2026-08-10,DXB-003,Dubai,CUST-06167,P011,Notebook,Stationery,1,25.26,0,25.26,0.0,25.26,Card,Store,2026,8,August,10,Monday,False,25.26,25.26
TXN-0071823,2026-08-10,DXB-001,Dubai,CUST-03028,P010,Printer,Office,2,722.47,10,1444.94,144.49,1300.45,Card,Store,2026,8,August,10,Monday,False,1300.45,650.22
TXN-0071830,2026-08-10,DXB-001,Dubai,CUST-03176,P005,Keyboard,Accessories,3,166.37,10,499.11,49.91,449.2,Card,Store,2026,8,August,10,Monday,False,449.2,149.73
TXN-0071831,2026-08-10,DXB-005,Dubai,CUST-00177,P015,Tablet,Electronics,1,1333.04,10,1333.04,133.3,1199.74,Apple Pay,Store,2026,8,August,10,Monday,False,1199.74,1199.74
TXN-0071834,2026-08-10,DXB-004,Dubai,CUST-00189,P004,Monitor,Electronics,2,890.34,10,1780.68,178.07,1602.61,Apple Pay,Online,2026,8,August,10,Monday,False,1602.61,801.3
TXN-0071899,2026-08-10,DXB-004,Dubai,CUST-07525,P008,Desk,Furniture,3,766.37,0,2299.11,0.0,2299.11,Apple Pay,Store,2026,8,August,10,Monday,False,2299.11,766.37
TXN-0071980,2026-08-10,DXB-004,Dubai,CUST-03799,P006,Mouse,Accessories,3,105.56,0,316.68,0.0,316.68,Cash,Store,2026,8,August,10,Monday,False,316.68,105.56
TXN-0071981,2026-08-10,DXB-005,Dubai,CUST-06340,P015,Tablet,Electronics,1,1186.83,0,1186.83,0.0,1186.83,Apple Pay,Store,2026,8,August,10,Monday,False,1186.83,1186.83
TXN-0072004,2026-08-10,DXB-003,Dubai,CUST-02400,P006,Mouse,Accessories,1,107.42,15,107.42,16.11,91.31,Cash,Store,2026,8,August,10,Monday,False,91.31,91.31
TXN-0072055,2026-08-10,DXB-005,Dubai,CUST-05773,P008,Desk,Furniture,2,864.45,10,1728.9,172.89,1556.01,Card,Online,2026,8,August,10,Monday,False,1556.01,778.0
TXN-0072074,2026-08-10,DXB-001,Dubai,CUST-03569,P015,Tablet,Electronics,1,1273.66,0,1273.66,0.0,1273.66,Cash,Store,2026,8,August,10,Monday,False,1273.66,1273.66
TXN-0072088,2026-08-10,DXB-005,Dubai,CUST-03107,P014,Power Bank,Electronics,2,131.89,5,263.78,13.19,250.59,Card,Store,2026,8,August,10,Monday,False,250.59,125.3
TXN-0072235,2026-08-10,DXB-001,Dubai,CUST-03664,P010,Printer,Office,1,658.46,20,658.46,131.69,526.77,Cash,Store,2026,8,August,10,Monday,False,526.77,526.77
TXN-0072262,2026-08-10,DXB-001,Dubai,CUST-04615,P005,Keyboard,Accessories,1,183.82,0,183.82,0.0,183.82,Card,Store,2026,8,August,10,Monday,False,183.82,183.82
TXN-0072285,2026-08-10,DXB-004,Dubai,CUST-01899,P006,Mouse,Accessories,1,95.04,15,95.04,14.26,80.78,Apple Pay,Store,2026,8,August,10,Monday,False,80.78,80.78
TXN-0072308,2026-08-10,DXB-002,Dubai,CUST-05465,P012,Pen Pack,Stationery,3,14.53,10,43.59,4.36,39.23,Cash,Store,2026,8,August,10,Monday,False,39.23,13.08
TXN-0072391,2026-08-10,DXB-004,Dubai,CUST-00152,P001,Laptop,Electronics,2,2955.09,0,5910.18,0.0,5910.18,Card,Store,2026,8,August,10,Monday,False,5910.18,2955.09
TXN-0072446,2026-08-10,DXB-001,Dubai,CUST-01746,P007,Office Chair,Furniture,1,658.94,5,658.94,32.95,625.99,Card,Online,2026,8,August,10,Monday,False,625.99,625.99
TXN-0072481,2026-08-10,DXB-001,Dubai,CUST-00682,P006,Mouse,Accessories,3,96.85,10,290.55,29.06,261.49,Apple Pay,Online,2026,8,August,10,Monday,False,261.49,87.16
TXN-0072496,2026-08-10,DXB-005,Dubai,CUST-05200,P014,Power Bank,Electronics,3,161.16,0,483.48,0.0,483.48,Bank Transfer,Online,2026,8,August,10,Monday,False,483.48,161.16
TXN-0072553,2026-08-10,DXB-001,Dubai,CUST-00516,P015,Tablet,Electronics,2,1244.04,5,2488.08,124.4,2363.68,Card,Store,2026,8,August,10,Monday,False,2363.68,1181.84
TXN-0072595,2026-08-10,DXB-004,Dubai,CUST-06363,P009,Backpack,Accessories,1,233.09,5,233.09,11.65,221.44,Card,Store,2026,8,August,10,Monday,False,221.44,221.44
TXN-0072783,2026-08-10,DXB-003,Dubai,CUST-05292,P014,Power Bank,Electronics,2,136.13,0,272.26,0.0,272.26,Card,Store,2026,8,August,10,Monday,False,272.26,136.13
TXN-0072856,2026-08-10,DXB-004,Dubai,CUST-07539,P006,Mouse,Accessories,1,93.17,15,93.17,13.98,79.19,Card,Store,2026,8,August,10,Monday,False,79.19,79.19
TXN-0072878,2026-08-10,DXB-005,Dubai,CUST-04970,P006,Mouse,Accessories,1,97.79,5,97.79,4.89,92.9,Apple Pay,Store,2026,8,August,10,Monday,False,92.9,92.9
TXN-0072933,2026-08-10,DXB-003,Dubai,CUST-04489,P015,Tablet,Electronics,2,1238.22,15,2476.44,371.47,2104.97,Card,Store,2026,8,August,10,Monday,False,2104.97,1052.48
TXN-0072942,2026-08-10,DXB-003,Dubai,CUST-00709,P001,Laptop,Electronics,4,2793.19,15,11172.76,1675.91,9496.85,Apple Pay,Store,2026,8,August,10,Monday,False,9496.85,2374.21
TXN-0073068,2026-08-10,DXB-003,Dubai,CUST-05212,P010,Printer,Office,2,781.37,20,1562.74,312.55,1250.19,Card,Store,2026,8,August,10,Monday,False,1250.19,625.1
TXN-0073141,2026-08-10,DXB-004,Dubai,CUST-06079,P014,Power Bank,Electronics,3,132.99,10,398.97,39.9,359.07,Apple Pay,Store,2026,8,August,10,Monday,False,359.07,119.69
TXN-0073151,2026-08-10,DXB-001,Dubai,CUST-01215,P013,USB Drive,Accessories,6,46.56,0,279.36,0.0,279.36,Card,Store,2026,8,August,10,Monday,False,279.36,46.56
TXN-0073526,2026-08-10,DXB-004,Dubai,CUST-01625,P003,Headphones,Electronics,1,333.58,5,333.58,16.68,316.9,Card,Store,2026,8,August,10,Monday,False,316.9,316.9
TXN-0073647,2026-08-10,DXB-003,Dubai,CUST-01705,P004,Monitor,Electronics,1,891.48,5,891.48,44.57,846.91,Bank Transfer,Store,2026,8,August,10,Monday,False,846.91,846.91
TXN-0073664,2026-08-10,DXB-004,Dubai,CUST-04328,P013,USB Drive,Accessories,2,41.2,0,82.4,0.0,82.4,Card,Store,2026,8,August,10,Monday,False,82.4,41.2
TXN-0073676,2026-08-10,DXB-005,Dubai,CUST-07522,P013,USB Drive,Accessories,2,48.92,5,97.84,4.89,92.95,Cash,Store,2026,8,August,10,Monday,False,92.95,46.48
TXN-0073710,2026-08-10,DXB-003,Dubai,CUST-02206,P008,Desk,Furniture,1,761.32,0,761.32,0.0,761.32,Apple Pay,Online,2026,8,August,10,Monday,False,761.32,761.32
TXN-0073756,2026-08-10,DXB-003,Dubai,CUST-01048,P001,Laptop,Electronics,1,2701.06,0,2701.06,0.0,2701.06,Bank Transfer,Store,2026,8,August,10,Monday,False,2701.06,2701.06
TXN-0073757,2026-08-10,DXB-002,Dubai,CUST-06041,P007,Office Chair,Furniture,2,697.61,15,1395.22,209.28,1185.94,Card,Store,2026,8,August,10,Monday,False,1185.94,592.97
TXN-0073765,2026-08-10,DXB-003,Dubai,CUST-01839,P012,Pen Pack,Stationery,2,17.25,15,34.5,5.18,29.32,Bank Transfer,Store,2026,8,August,10,Monday,False,29.32,14.66
TXN-0073917,2026-08-10,DXB-005,Dubai,CUST-03986,P010,Printer,Office,2,585.44,5,1170.88,58.54,1112.34,Bank Transfer,Online,2026,8,August,10,Monday,False,1112.34,556.17
TXN-0074074,2026-08-10,DXB-001,Dubai,CUST-00299,P013,USB Drive,Accessories,1,48.09,5,48.09,2.4,45.69,Card,Online,2026,8,August,10,Monday,False,45.69,45.69
TXN-0074112,2026-08-10,DXB-003,Dubai,CUST-03394,P011,Notebook,Stationery,1,24.32,10,24.32,2.43,21.89,Bank Transfer,Store,2026,8,August,10,Monday,False,21.89,21.89
TXN-0074318,2026-08-10,DXB-003,Dubai,CUST-00863,P008,Desk,Furniture,3,735.53,5,2206.59,110.33,2096.26,Card,Online,2026,8,August,10,Monday,False,2096.26,698.75
TXN-0074506,2026-08-10,DXB-002,Dubai,CUST-05293,P001,Laptop,Electronics,2,2768.44,10,5536.88,553.69,4983.19,Cash,Store,2026,8,August,10,Monday,False,4983.19,2491.59
TXN-0074512,2026-08-10,DXB-003,Dubai,CUST-01331,P006,Mouse,Accessories,1,109.97,10,109.97,11.0,98.97,Card,Store,2026,8,August,10,Monday,False,98.97,98.97
TXN-0074542,2026-08-10,DXB-002,Dubai,CUST-01834,P004,Monitor,Electronics,1,906.25,5,906.25,45.31,860.94,Apple Pay,Store,2026,8,August,10,Monday,False,860.94,860.94
TXN-0074647,2026-08-10,DXB-005,Dubai,CUST-06850,P015,Tablet,Electronics,1,1176.29,15,1176.29,176.44,999.85,Card,Store,2026,8,August,10,Monday,False,999.85,999.85
TXN-0074711,2026-08-10,DXB-003,Dubai,CUST-04842,P006,Mouse,Accessories,1,103.76,15,103.76,15.56,88.2,Card,Online,2026,8,August,10,Monday,False,88.2,88.2
TXN-0074728,2026-08-10,DXB-001,Dubai,CUST-01146,P012,Pen Pack,Stationery,2,14.35,10,28.7,2.87,25.83,Card,Online,2026,8,August,10,Monday,False,25.83,12.92
TXN-0074741,2026-08-10,DXB-005,Dubai,CUST-04234,P003,Headphones,Electronics,2,328.6,0,657.2,0.0,657.2,Apple Pay,Store,2026,8,August,10,Monday,False,657.2,328.6
TXN-0074803,2026-08-10,DXB-003,Dubai,CUST-03761,P009,Backpack,Accessories,1,207.53,10,207.53,20.75,186.78,Card,Online,2026,8,August,10,Monday,False,186.78,186.78
TXN-0074818,2026-08-10,DXB-002,Dubai,CUST-05910,P013,USB Drive,Accessories,1,46.86,5,46.86,2.34,44.52,Apple Pay,Store,2026,8,August,10,Monday,False,44.52,44.52
TXN-0074824,2026-08-10,DXB-004,Dubai,CUST-06682,P015,Tablet,Electronics,1,1195.95,10,1195.95,119.6,1076.35,Card,Store,2026,8,August,10,Monday,False,1076.35,1076.35
TXN-0074916,2026-08-10,DXB-003,Dubai,CUST-00257,P007,Office Chair,Furniture,1,699.43,0,699.43,0.0,699.43,Card,Online,2026,8,August,10,Monday,False,699.43,699.43
TXN-0074921,2026-08-10,DXB-003,Dubai,CUST-01722,P015,Tablet,Electronics,3,1135.67,15,3407.01,511.05,2895.96,Card,Store,2026,8,August,10,Monday,False,2895.96,965.32
TXN-0075043,2026-08-10,DXB-002,Dubai,CUST-02123,P013,USB Drive,Accessories,2,43.71,10,87.42,8.74,78.68,Card,Online,2026,8,August,10,Monday,False,78.68,39.34
TXN-0075047,2026-08-10,DXB-001,Dubai,CUST-02669,P006,Mouse,Accessories,1,96.32,10,96.32,9.63,86.69,Cash,Store,2026,8,August,10,Monday,False,86.69,86.69
TXN-0075153,2026-08-10,DXB-001,Dubai,CUST-03807,P008,Desk,Furniture,1,827.22,0,827.22,0.0,827.22,Cash,Store,2026,8,August,10,Monday,False,827.22,827.22
TXN-0075204,2026-08-10,DXB-001,Dubai,CUST-04823,P012,Pen Pack,Stationery,2,14.34,5,28.68,1.43,27.25,Card,Store,2026,8,August,10,Monday,False,27.25,13.62
TXN-0075218,2026-08-10,DXB-004,Dubai,CUST-00291,P001,Laptop,Electronics,3,2808.23,0,8424.69,0.0,8424.69,Apple Pay,Store,2026,8,August,10,Monday,False,8424.69,2808.23
TXN-0075261,2026-08-10,DXB-003,Dubai,CUST-04230,P003,Headphones,Electronics,2,323.17,0,646.34,0.0,646.34,Card,Store,2026,8,August,10,Monday,False,646.34,323.17
TXN-0075311,2026-08-10,DXB-002,Dubai,CUST-07961,P001,Laptop,Electronics,1,2722.59,10,2722.59,272.26,2450.33,Card,Store,2026,8,August,10,Monday,False,2450.33,2450.33
TXN-0075330,2026-08-10,DXB-005,Dubai,CUST-01438,P013,USB Drive,Accessories,2,46.83,10,93.66,9.37,84.29,Apple Pay,Store,2026,8,August,10,Monday,False,84.29,42.14
TXN-0075413,2026-08-10,DXB-002,Dubai,CUST-00787,P011,Notebook,Stationery,2,25.53,0,51.06,0.0,51.06,Bank Transfer,Store,2026,8,August,10,Monday,False,51.06,25.53
TXN-0075430,2026-08-10,DXB-001,Dubai,CUST-04115,P009,Backpack,Accessories,1,210.59,5,210.59,10.53,200.06,Card,Store,2026,8,August,10,Monday,False,200.06,200.06
TXN-0075453,2026-08-10,DXB-002,Dubai,CUST-01289,P014,Power Bank,Electronics,1,156.33,20,156.33,31.27,125.06,Apple Pay,Store,2026,8,August,10,Monday,False,125.06,125.06
TXN-0075556,2026-08-10,DXB-001,Dubai,CUST-01125,P008,Desk,Furniture,1,822.59,10,822.59,82.26,740.33,Card,Store,2026,8,August,10,Monday,False,740.33,740.33
TXN-0075720,2026-08-10,DXB-002,Dubai,CUST-05736,P007,Office Chair,Furniture,2,662.58,20,1325.16,265.03,1060.13,Card,Store,2026,8,August,10,Monday,False,1060.13,530.07
TXN-0075733,2026-08-10,DXB-004,Dubai,CUST-03362,P015,Tablet,Electronics,3,1257.22,5,3771.66,188.58,3583.08,Cash,Store,2026,8,August,10,Monday,False,3583.08,1194.36
TXN-0075754,2026-08-10,DXB-004,Dubai,CUST-07026,P004,Monitor,Electronics,3,912.72,0,2738.16,0.0,2738.16,Cash,Store,2026,8,August,10,Monday,False,2738.16,912.72
TXN-0075781,2026-08-10,DXB-001,Dubai,CUST-01800,P015,Tablet,Electronics,1,1129.42,0,1129.42,0.0,1129.42,Bank Transfer,Online,2026,8,August,10,Monday,False,1129.42,1129.42
TXN-0075848,2026-08-10,DXB-001,Dubai,CUST-07498,P003,Headphones,Electronics,1,358.98,15,358.98,53.85,305.13,Card,Store,2026,8,August,10,Monday,False,305.13,305.13
TXN-0075858,2026-08-10,DXB-004,Dubai,CUST-01134,P005,Keyboard,Accessories,1,175.52,0,175.52,0.0,175.52,Cash,Store,2026,8,August,10,Monday,False,175.52,175.52
TXN-0075898,2026-08-10,DXB-004,Dubai,CUST-00682,P001,Laptop,Electronics,1,2565.19,10,2565.19,256.52,2308.67,Cash,Online,2026,8,August,10,Monday,False,2308.67,2308.67
TXN-0075920,2026-08-10,DXB-005,Dubai,CUST-01230,P012,Pen Pack,Stationery,1,15.42,10,15.42,1.54,13.88,Card,Store,2026,8,August,10,Monday,False,13.88,13.88
TXN-0076003,2026-08-10,DXB-003,Dubai,CUST-00961,P010,Printer,Office,1,696.62,0,696.62,0.0,696.62,Card,Store,2026,8,August,10,Monday,False,696.62,696.62
TXN-0076006,2026-08-10,DXB-002,Dubai,CUST-03087,P006,Mouse,Accessories,3,109.23,15,327.69,49.15,278.54,Card,Store,2026,8,August,10,Monday,False,278.54,92.85
TXN-0076024,2026-08-10,DXB-001,Dubai,CUST-03466,P003,Headphones,Electronics,1,334.71,0,334.71,0.0,334.71,Card,Store,2026,8,August,10,Monday,False,334.71,334.71
TXN-0076090,2026-08-10,DXB-002,Dubai,CUST-05289,P011,Notebook,Stationery,3,24.11,10,72.33,7.23,65.1,Card,Store,2026,8,August,10,Monday,False,65.1,21.7
TXN-0076126,2026-08-10,DXB-001,Dubai,CUST-02964,P007,Office Chair,Furniture,2,707.25,10,1414.5,141.45,1273.05,Card,Online,2026,8,August,10,Monday,False,1273.05,636.52
TXN-0076138,2026-08-10,DXB-005,Dubai,CUST-00970,P005,Keyboard,Accessories,1,170.53,15,170.53,25.58,144.95,Cash,Store,2026,8,August,10,Monday,False,144.95,144.95
TXN-0076241,2026-08-10,DXB-004,Dubai,CUST-05710,P014,Power Bank,Electronics,2,142.73,15,285.46,42.82,242.64,Card,Online,2026,8,August,10,Monday,False,242.64,121.32
TXN-0076352,2026-08-10,DXB-002,Dubai,CUST-05129,P006,Mouse,Accessories,1,97.64,10,97.64,9.76,87.88,Card,Online,2026,8,August,10,Monday,False,87.88,87.88
TXN-0076483,2026-08-10,DXB-001,Dubai,CUST-07277,P008,Desk,Furniture,3,750.58,0,2251.74,0.0,2251.74,Card,Store,2026,8,August,10,Monday,False,2251.74,750.58
TXN-0076511,2026-08-10,DXB-003,Dubai,CUST-02349,P006,Mouse,Accessories,3,98.19,0,294.57,0.0,294.57,Cash,Store,2026,8,August,10,Monday,False,294.57,98.19
TXN-0076536,2026-08-10,DXB-001,Dubai,CUST-03169,P006,Mouse,Accessories,1,93.67,10,93.67,9.37,84.3,Card,Online,2026,8,August,10,Monday,False,84.3,84.3
TXN-0076557,2026-08-10,DXB-003,Dubai,CUST-07413,P010,Printer,Office,3,710.05,0,2130.15,0.0,2130.15,Card,Store,2026,8,August,10,Monday,False,2130.15,710.05
TXN-0076579,2026-08-10,DXB-003,Dubai,CUST-02305,P006,Mouse,Accessories,1,100.47,0,100.47,0.0,100.47,Card,Store,2026,8,August,10,Monday,False,100.47,100.47
TXN-0076745,2026-08-10,DXB-001,Dubai,CUST-05788,P003,Headphones,Electronics,2,375.86,0,751.72,0.0,751.72,Card,Store,2026,8,August,10,Monday,False,751.72,375.86
TXN-0076776,2026-08-10,DXB-002,Dubai,CUST-04379,P013,USB Drive,Accessories,1,41.2,15,41.2,6.18,35.02,Apple Pay,Store,2026,8,August,10,Monday,False,35.02,35.02
TXN-0076804,2026-08-10,DXB-005,Dubai,CUST-07579,P009,Backpack,Accessories,5,223.15,10,1115.75,111.58,1004.17,Apple Pay,Online,2026,8,August,10,Monday,False,1004.17,200.83
TXN-0076904,2026-08-10,DXB-005,Dubai,CUST-04566,P005,Keyboard,Accessories,1,186.76,0,186.76,0.0,186.76,Bank Transfer,Store,2026,8,August,10,Monday,False,186.76,186.76
TXN-0076982,2026-08-10,DXB-003,Dubai,CUST-03495,P015,Tablet,Electronics,1,1079.72,0,1079.72,0.0,1079.72,Card,Store,2026,8,August,10,Monday,False,1079.72,1079.72
TXN-0077118,2026-08-10,DXB-001,Dubai,CUST-05476,P015,Tablet,Electronics,1,1166.01,0,1166.01,0.0,1166.01,Card,Store,2026,8,August,10,Monday,False,1166.01,1166.01
TXN-0077134,2026-08-10,DXB-004,Dubai,CUST-03585,P003,Headphones,Electronics,3,377.2,5,1131.6,56.58,1075.02,Card,Store,2026,8,August,10,Monday,False,1075.02,358.34
TXN-0077227,2026-08-10,DXB-003,Dubai,CUST-00447,P009,Backpack,Accessories,2,213.03,15,426.06,63.91,362.15,Card,Store,2026,8,August,10,Monday,False,362.15,181.08
TXN-0077258,2026-08-10,DXB-002,Dubai,CUST-01180,P015,Tablet,Electronics,3,1142.0,0,3426.0,0.0,3426.0,Card,Store,2026,8,August,10,Monday,False,3426.0,1142.0
TXN-0077272,2026-08-10,DXB-001,Dubai,CUST-04848,P005,Keyboard,Accessories,2,177.86,5,355.72,17.79,337.93,Cash,Store,2026,8,August,10,Monday,False,337.93,168.96
TXN-0077306,2026-08-10,DXB-003,Dubai,CUST-00665,P011,Notebook,Stationery,1,22.39,15,22.39,3.36,19.03,Card,Store,2026,8,August,10,Monday,False,19.03,19.03
TXN-0077322,2026-08-10,DXB-002,Dubai,CUST-04563,P014,Power Bank,Electronics,2,147.88,0,295.76,0.0,295.76,Apple Pay,Store,2026,8,August,10,Monday,False,295.76,147.88
TXN-0077341,2026-08-10,DXB-003,Dubai,CUST-04381,P008,Desk,Furniture,1,813.0,0,813.0,0.0,813.0,Cash,Online,2026,8,August,10,Monday,False,813.0,813.0
TXN-0077392,2026-08-10,DXB-001,Dubai,CUST-02126,P010,Printer,Office,1,700.99,10,700.99,70.1,630.89,Card,Store,2026,8,August,10,Monday,False,630.89,630.89
TXN-0077444,2026-08-10,DXB-005,Dubai,CUST-03968,P004,Monitor,Electronics,4,876.79,10,3507.16,350.72,3156.44,Card,Store,2026,8,August,10,Monday,False,3156.44,789.11
TXN-0077449,2026-08-10,DXB-002,Dubai,CUST-04961,P014,Power Bank,Electronics,6,157.39,5,944.34,47.22,897.12,Bank Transfer,Store,2026,8,August,10,Monday,False,897.12,149.52
TXN-0077497,2026-08-10,DXB-005,Dubai,CUST-06022,P014,Power Bank,Electronics,2,144.21,10,288.42,28.84,259.58,Card,Store,2026,8,August,10,Monday,False,259.58,129.79
TXN-0077521,2026-08-10,DXB-001,Dubai,CUST-06460,P010,Printer,Office,2,713.85,0,1427.7,0.0,1427.7,Apple Pay,Store,2026,8,August,10,Monday,False,1427.7,713.85
TXN-0077559,2026-08-10,DXB-005,Dubai,CUST-00489,P007,Office Chair,Furniture,1,601.11,0,601.11,0.0,601.11,Cash,Store,2026,8,August,10,Monday,False,601.11,601.11
TXN-0077728,2026-08-10,DXB-003,Dubai,CUST-01237,P014,Power Bank,Electronics,3,156.07,10,468.21,46.82,421.39,Card,Online,2026,8,August,10,Monday,False,421.39,140.46
TXN-0077739,2026-08-10,DXB-003,Dubai,CUST-02390,P006,Mouse,Accessories,1,97.02,10,97.02,9.7,87.32,Card,Online,2026,8,August,10,Monday,False,87.32,87.32
TXN-0077784,2026-08-10,DXB-003,Dubai,CUST-07826,P015,Tablet,Electronics,2,1223.9,10,2447.8,244.78,2203.02,Card,Store,2026,8,August,10,Monday,False,2203.02,1101.51
TXN-0077809,2026-08-10,DXB-005,Dubai,CUST-05015,P002,Smartphone,Electronics,2,1656.37,5,3312.74,165.64,3147.1,Apple Pay,Online,2026,8,August,10,Monday,False,3147.1,1573.55
TXN-0077847,2026-08-10,DXB-004,Dubai,CUST-06502,P015,Tablet,Electronics,1,1194.65,0,1194.65,0.0,1194.65,Bank Transfer,Store,2026,8,August,10,Monday,False,1194.65,1194.65
TXN-0077868,2026-08-10,DXB-003,Dubai,CUST-04179,P009,Backpack,Accessories,1,197.46,0,197.46,0.0,197.46,Card,Store,2026,8,August,10,Monday,False,197.46,197.46
TXN-0077980,2026-08-10,DXB-002,Dubai,CUST-01645,P014,Power Bank,Electronics,1,137.85,5,137.85,6.89,130.96,Cash,Store,2026,8,August,10,Monday,False,130.96,130.96
TXN-0078011,2026-08-10,DXB-004,Dubai,CUST-00115,P002,Smartphone,Electronics,1,1693.46,20,1693.46,338.69,1354.77,Card,Store,2026,8,August,10,Monday,False,1354.77,1354.77
TXN-0078175,2026-08-10,DXB-004,Dubai,CUST-01639,P013,USB Drive,Accessories,1,47.35,0,47.35,0.0,47.35,Card,Store,2026,8,August,10,Monday,False,47.35,47.35
TXN-0078242,2026-08-10,DXB-003,Dubai,CUST-07808,P011,Notebook,Stationery,6,24.76,5,148.56,7.43,141.13,Bank Transfer,Store,2026,8,August,10,Monday,False,141.13,23.52
TXN-0078258,2026-08-10,DXB-001,Dubai,CUST-00790,P015,Tablet,Electronics,1,1294.6,10,1294.6,129.46,1165.14,Card,Online,2026,8,August,10,Monday,False,1165.14,1165.14
TXN-0078408,2026-08-10,DXB-005,Dubai,CUST-01933,P007,Office Chair,Furniture,1,608.34,5,608.34,30.42,577.92,Cash,Store,2026,8,August,10,Monday,False,577.92,577.92
TXN-0078484,2026-08-10,DXB-003,Dubai,CUST-04660,P014,Power Bank,Electronics,1,151.43,0,151.43,0.0,151.43,Cash,Store,2026,8,August,10,Monday,False,151.43,151.43
TXN-0078511,2026-08-10,DXB-005,Dubai,CUST-04662,P004,Monitor,Electronics,2,945.69,10,1891.38,189.14,1702.24,Cash,Store,2026,8,August,10,Monday,False,1702.24,851.12
TXN-0078531,2026-08-10,DXB-002,Dubai,CUST-05501,P003,Headphones,Electronics,1,344.44,0,344.44,0.0,344.44,Card,Store,2026,8,August,10,Monday,False,344.44,344.44
TXN-0078619,2026-08-10,DXB-004,Dubai,CUST-01647,P005,Keyboard,Accessories,1,192.1,15,192.1,28.82,163.28,Card,Online,2026,8,August,10,Monday,False,163.28,163.28
TXN-0078682,2026-08-10,DXB-004,Dubai,CUST-07135,P009,Backpack,Accessories,1,225.72,5,225.72,11.29,214.43,Card,Store,2026,8,August,10,Monday,False,214.43,214.43
TXN-0078688,2026-08-10,DXB-002,Dubai,CUST-07527,P002,Smartphone,Electronics,2,1806.83,10,3613.66,361.37,3252.29,Cash,Online,2026,8,August,10,Monday,False,3252.29,1626.14
TXN-0078718,2026-08-10,DXB-001,Dubai,CUST-05241,P006,Mouse,Accessories,2,99.35,0,198.7,0.0,198.7,Card,Online,2026,8,August,10,Monday,False,198.7,99.35
TXN-0078724,2026-08-10,DXB-001,Dubai,CUST-00304,P006,Mouse,Accessories,3,98.47,0,295.41,0.0,295.41,Apple Pay,Store,2026,8,August,10,Monday,False,295.41,98.47
TXN-0078737,2026-08-10,DXB-004,Dubai,CUST-03638,P005,Keyboard,Accessories,2,187.03,0,374.06,0.0,374.06,Card,Store,2026,8,August,10,Monday,False,374.06,187.03
TXN-0078887,2026-08-10,DXB-001,Dubai,CUST-03686,P014,Power Bank,Electronics,2,147.89,10,295.78,29.58,266.2,Card,Store,2026,8,August,10,Monday,False,266.2,133.1
TXN-0079034,2026-08-10,DXB-001,Dubai,CUST-03797,P013,USB Drive,Accessories,1,48.24,10,48.24,4.82,43.42,Bank Transfer,Online,2026,8,August,10,Monday,False,43.42,43.42
TXN-0079060,2026-08-10,DXB-002,Dubai,CUST-07461,P006,Mouse,Accessories,1,102.66,0,102.66,0.0,102.66,Apple Pay,Store,2026,8,August,10,Monday,False,102.66,102.66
TXN-0079099,2026-08-10,DXB-004,Dubai,CUST-03131,P006,Mouse,Accessories,1,97.75,0,97.75,0.0,97.75,Card,Store,2026,8,August,10,Monday,False,97.75,97.75
TXN-0079114,2026-08-10,DXB-005,Dubai,CUST-01206,P003,Headphones,Electronics,3,342.95,20,1028.85,205.77,823.08,Bank Transfer,Store,2026,8,August,10,Monday,False,823.08,274.36
TXN-0079199,2026-08-10,DXB-002,Dubai,CUST-07906,P008,Desk,Furniture,1,812.04,10,812.04,81.2,730.84,Card,Online,2026,8,August,10,Monday,False,730.84,730.84
TXN-0079385,2026-08-10,DXB-005,Dubai,CUST-06845,P004,Monitor,Electronics,3,818.98,10,2456.94,245.69,2211.25,Card,Online,2026,8,August,10,Monday,False,2211.25,737.08
TXN-0079425,2026-08-10,DXB-004,Dubai,CUST-03284,P001,Laptop,Electronics,1,2661.83,10,2661.83,266.18,2395.65,Card,Online,2026,8,August,10,Monday,False,2395.65,2395.65
TXN-0079587,2026-08-10,DXB-001,Dubai,CUST-04069,P012,Pen Pack,Stationery,1,13.56,5,13.56,0.68,12.88,Cash,Store,2026,8,August,10,Monday,False,12.88,12.88
TXN-0079599,2026-08-10,DXB-004,Dubai,CUST-01103,P005,Keyboard,Accessories,1,187.93,0,187.93,0.0,187.93,Cash,Store,2026,8,August,10,Monday,False,187.93,187.93
TXN-0079698,2026-08-10,DXB-002,Dubai,CUST-02796,P001,Laptop,Electronics,1,2833.64,10,2833.64,283.36,2550.28,Cash,Store,2026,8,August,10,Monday,False,2550.28,2550.28
TXN-0079724,2026-08-10,DXB-005,Dubai,CUST-03820,P011,Notebook,Stationery,1,24.45,5,24.45,1.22,23.23,Apple Pay,Store,2026,8,August,10,Monday,False,23.23,23.23
TXN-0079798,2026-08-10,DXB-003,Dubai,CUST-07126,P008,Desk,Furniture,1,792.09,0,792.09,0.0,792.09,Card,Store,2026,8,August,10,Monday,False,792.09,792.09
TXN-0079810,2026-08-10,DXB-003,Dubai,CUST-01022,P009,Backpack,Accessories,1,205.05,20,205.05,41.01,164.04,Cash,Store,2026,8,August,10,Monday,False,164.04,164.04
TXN-0079822,2026-08-10,DXB-004,Dubai,CUST-02996,P002,Smartphone,Electronics,2,1979.74,5,3959.48,197.97,3761.51,Card,Store,2026,8,August,10,Monday,False,3761.51,1880.76
TXN-0079849,2026-08-10,DXB-003,Dubai,CUST-07802,P015,Tablet,Electronics,1,1298.73,10,1298.73,129.87,1168.86,Card,Online,2026,8,August,10,Monday,False,1168.86,1168.86
TXN-0079858,2026-08-10,DXB-001,Dubai,CUST-00852,P004,Monitor,Electronics,1,817.54,5,817.54,40.88,776.66,Card,Store,2026,8,August,10,Monday,False,776.66,776.66
TXN-0080020,2026-08-10,DXB-004,Dubai,CUST-02578,P006,Mouse,Accessories,1,108.1,10,108.1,10.81,97.29,Bank Transfer,Store,2026,8,August,10,Monday,False,97.29,97.29
TXN-0080039,2026-08-10,DXB-001,Dubai,CUST-04801,P012,Pen Pack,Stationery,3,16.33,0,48.99,0.0,48.99,Cash,Online,2026,8,August,10,Monday,False,48.99,16.33
TXN-0080052,2026-08-10,DXB-002,Dubai,CUST-00182,P005,Keyboard,Accessories,1,189.26,0,189.26,0.0,189.26,Card,Store,2026,8,August,10,Monday,False,189.26,189.26
TXN-0080103,2026-08-10,DXB-002,Dubai,CUST-01731,P006,Mouse,Accessories,1,99.82,15,99.82,14.97,84.85,Apple Pay,Store,2026,8,August,10,Monday,False,84.85,84.85
TXN-0080137,2026-08-10,DXB-001,Dubai,CUST-05436,P006,Mouse,Accessories,1,101.54,0,101.54,0.0,101.54,Card,Online,2026,8,August,10,Monday,False,101.54,101.54
TXN-0080148,2026-08-10,DXB-003,Dubai,CUST-07680,P005,Keyboard,Accessories,3,175.36,0,526.08,0.0,526.08,Cash,Store,2026,8,August,10,Monday,False,526.08,175.36
TXN-0080182,2026-08-10,DXB-004,Dubai,CUST-02536,P010,Printer,Office,2,745.58,15,1491.16,223.67,1267.49,Cash,Store,2026,8,August,10,Monday,False,1267.49,633.74
TXN-0080212,2026-08-10,DXB-005,Dubai,CUST-01724,P004,Monitor,Electronics,3,882.95,0,2648.85,0.0,2648.85,Cash,Online,2026,8,August,10,Monday,False,2648.85,882.95
TXN-0080219,2026-08-10,DXB-004,Dubai,CUST-00942,P011,Notebook,Stationery,2,26.84,5,53.68,2.68,51.0,Card,Online,2026,8,August,10,Monday,False,51.0,25.5
TXN-0080235,2026-08-10,DXB-003,Dubai,CUST-01229,P010,Printer,Office,2,717.67,15,1435.34,215.3,1220.04,Card,Store,2026,8,August,10,Monday,False,1220.04,610.02
TXN-0080323,2026-08-10,DXB-004,Dubai,CUST-04404,P008,Desk,Furniture,2,865.03,5,1730.06,86.5,1643.56,Card,Store,2026,8,August,10,Monday,False,1643.56,821.78
TXN-0080402,2026-08-10,DXB-005,Dubai,CUST-00623,P013,USB Drive,Accessories,1,46.05,10,46.05,4.61,41.44,Bank Transfer,Store,2026,8,August,10,Monday,False,41.44,41.44
TXN-0080488,2026-08-10,DXB-001,Dubai,CUST-06886,P003,Headphones,Electronics,1,332.89,0,332.89,0.0,332.89,Card,Online,2026,8,August,10,Monday,False,332.89,332.89
TXN-0080536,2026-08-10,DXB-005,Dubai,CUST-07735,P005,Keyboard,Accessories,1,176.99,0,176.99,0.0,176.99,Cash,Store,2026,8,August,10,Monday,False,176.99,176.99
TXN-0080625,2026-08-10,DXB-001,Dubai,CUST-03203,P008,Desk,Furniture,3,817.61,5,2452.83,122.64,2330.19,Card,Store,2026,8,August,10,Monday,False,2330.19,776.73
TXN-0080652,2026-08-10,DXB-003,Dubai,CUST-00053,P012,Pen Pack,Stationery,2,16.71,10,33.42,3.34,30.08,Card,Store,2026,8,August,10,Monday,False,30.08,15.04
TXN-0080716,2026-08-10,DXB-002,Dubai,CUST-01268,P003,Headphones,Electronics,1,397.98,15,397.98,59.7,338.28,Cash,Store,2026,8,August,10,Monday,False,338.28,338.28
TXN-0080725,2026-08-10,DXB-002,Dubai,CUST-00734,P002,Smartphone,Electronics,1,1719.5,20,1719.5,343.9,1375.6,Card,Store,2026,8,August,10,Monday,False,1375.6,1375.6
TXN-0080784,2026-08-10,DXB-004,Dubai,CUST-01684,P006,Mouse,Accessories,5,100.88,15,504.4,75.66,428.74,Card,Store,2026,8,August,10,Monday,False,428.74,85.75
TXN-0080824,2026-08-10,DXB-003,Dubai,CUST-05228,P010,Printer,Office,1,681.47,5,681.47,34.07,647.4,Card,Online,2026,8,August,10,Monday,False,647.4,647.4
TXN-0080866,2026-08-10,DXB-002,Dubai,CUST-02036,P013,USB Drive,Accessories,1,43.18,15,43.18,6.48,36.7,Card,Store,2026,8,August,10,Monday,False,36.7,36.7
TXN-0080898,2026-08-10,DXB-002,Dubai,CUST-06487,P003,Headphones,Electronics,1,369.86,10,369.86,36.99,332.87,Apple Pay,Store,2026,8,August,10,Monday,False,332.87,332.87
TXN-0080921,2026-08-10,DXB-004,Dubai,CUST-05071,P004,Monitor,Electronics,1,859.31,0,859.31,0.0,859.31,Cash,Online,2026,8,August,10,Monday,False,859.31,859.31
TXN-0080934,2026-08-10,DXB-001,Dubai,CUST-04615,P009,Backpack,Accessories,3,221.09,0,663.27,0.0,663.27,Bank Transfer,Store,2026,8,August,10,Monday,False,663.27,221.09
TXN-0081176,2026-08-10,DXB-005,Dubai,CUST-03674,P007,Office Chair,Furniture,2,637.69,5,1275.38,63.77,1211.61,Cash,Online,2026,8,August,10,Monday,False,1211.61,605.8
TXN-0081189,2026-08-10,DXB-003,Dubai,CUST-00305,P009,Backpack,Accessories,2,245.96,5,491.92,24.6,467.32,Card,Store,2026,8,August,10,Monday,False,467.32,233.66
TXN-0081284,2026-08-10,DXB-005,Dubai,CUST-06545,P015,Tablet,Electronics,2,1233.01,0,2466.02,0.0,2466.02,Card,Store,2026,8,August,10,Monday,False,2466.02,1233.01
TXN-0081293,2026-08-10,DXB-001,Dubai,CUST-07400,P008,Desk,Furniture,1,794.62,0,794.62,0.0,794.62,Bank Transfer,Store,2026,8,August,10,Monday,False,794.62,794.62
TXN-0081409,2026-08-10,DXB-002,Dubai,CUST-00241,P013,USB Drive,Accessories,2,44.87,15,89.74,13.46,76.28,Card,Store,2026,8,August,10,Monday,False,76.28,38.14
TXN-0081417,2026-08-10,DXB-001,Dubai,CUST-05370,P013,USB Drive,Accessories,2,45.17,5,90.34,4.52,85.82,Card,Store,2026,8,August,10,Monday,False,85.82,42.91
TXN-0081457,2026-08-10,DXB-001,Dubai,CUST-07018,P002,Smartphone,Electronics,1,1920.66,10,1920.66,192.07,1728.59,Card,Store,2026,8,August,10,Monday,False,1728.59,1728.59
TXN-0081531,2026-08-10,DXB-002,Dubai,CUST-07380,P014,Power Bank,Electronics,6,149.72,0,898.32,0.0,898.32,Apple Pay,Online,2026,8,August,10,Monday,False,898.32,149.72
TXN-0081615,2026-08-10,DXB-004,Dubai,CUST-07449,P012,Pen Pack,Stationery,1,15.51,10,15.51,1.55,13.96,Card,Store,2026,8,August,10,Monday,False,13.96,13.96
TXN-0081669,2026-08-10,DXB-002,Dubai,CUST-06460,P008,Desk,Furniture,1,822.98,5,822.98,41.15,781.83,Apple Pay,Store,2026,8,August,10,Monday,False,781.83,781.83
TXN-0081690,2026-08-10,DXB-003,Dubai,CUST-07305,P010,Printer,Office,1,773.97,0,773.97,0.0,773.97,Cash,Store,2026,8,August,10,Monday,False,773.97,773.97
TXN-0081849,2026-08-10,DXB-001,Dubai,CUST-00615,P007,Office Chair,Furniture,2,664.51,0,1329.02,0.0,1329.02,Cash,Store,2026,8,August,10,Monday,False,1329.02,664.51
TXN-0081891,2026-08-10,DXB-004,Dubai,CUST-01393,P013,USB Drive,Accessories,1,47.9,5,47.9,2.4,45.5,Cash,Store,2026,8,August,10,Monday,False,45.5,45.5
TXN-0081897,2026-08-10,DXB-004,Dubai,CUST-00504,P014,Power Bank,Electronics,2,145.36,20,290.72,58.14,232.58,Card,Store,2026,8,August,10,Monday,False,232.58,116.29
TXN-0081941,2026-08-10,DXB-004,Dubai,CUST-02841,P009,Backpack,Accessories,1,209.31,0,209.31,0.0,209.31,Card,Store,2026,8,August,10,Monday,False,209.31,209.31
TXN-0081990,2026-08-10,DXB-003,Dubai,CUST-00651,P006,Mouse,Accessories,1,100.9,5,100.9,5.04,95.86,Bank Transfer,Online,2026,8,August,10,Monday,False,95.86,95.86
TXN-0082001,2026-08-10,DXB-004,Dubai,CUST-07254,P011,Notebook,Stationery,1,25.92,0,25.92,0.0,25.92,Cash,Online,2026,8,August,10,Monday,False,25.92,25.92
TXN-0082057,2026-08-10,DXB-004,Dubai,CUST-03794,P009,Backpack,Accessories,1,206.94,5,206.94,10.35,196.59,Apple Pay,Store,2026,8,August,10,Monday,False,196.59,196.59
TXN-0082145,2026-08-10,DXB-002,Dubai,CUST-07895,P009,Backpack,Accessories,1,203.67,5,203.67,10.18,193.49,Apple Pay,Online,2026,8,August,10,Monday,False,193.49,193.49
TXN-0082169,2026-08-10,DXB-004,Dubai,CUST-06513,P003,Headphones,Electronics,2,383.66,10,767.32,76.73,690.59,Card,Store,2026,8,August,10,Monday,False,690.59,345.3
TXN-0082212,2026-08-10,DXB-001,Dubai,CUST-05839,P002,Smartphone,Electronics,2,1884.94,15,3769.88,565.48,3204.4,Cash,Online,2026,8,August,10,Monday,False,3204.4,1602.2
TXN-0082220,2026-08-10,DXB-003,Dubai,CUST-00421,P012,Pen Pack,Stationery,5,15.68,10,78.4,7.84,70.56,Cash,Store,2026,8,August,10,Monday,False,70.56,14.11
TXN-0082300,2026-08-10,DXB-004,Dubai,CUST-03990,P001,Laptop,Electronics,1,2869.45,0,2869.45,0.0,2869.45,Bank Transfer,Store,2026,8,August,10,Monday,False,2869.45,2869.45
TXN-0082325,2026-08-10,DXB-005,Dubai,CUST-02495,P004,Monitor,Electronics,2,873.34,15,1746.68,262.0,1484.68,Cash,Store,2026,8,August,10,Monday,False,1484.68,742.34
TXN-0082397,2026-08-10,DXB-004,Dubai,CUST-05643,P012,Pen Pack,Stationery,2,14.69,5,29.38,1.47,27.91,Cash,Store,2026,8,August,10,Monday,False,27.91,13.96
TXN-0082400,2026-08-10,DXB-004,Dubai,CUST-06230,P013,USB Drive,Accessories,5,48.4,20,242.0,48.4,193.6,Cash,Store,2026,8,August,10,Monday,False,193.6,38.72
TXN-0082460,2026-08-10,DXB-005,Dubai,CUST-03555,P002,Smartphone,Electronics,5,1787.78,10,8938.9,893.89,8045.01,Card,Store,2026,8,August,10,Monday,False,8045.01,1609.0
TXN-0082521,2026-08-10,DXB-003,Dubai,CUST-04236,P007,Office Chair,Furniture,1,660.41,15,660.41,99.06,561.35,Card,Store,2026,8,August,10,Monday,False,561.35,561.35
TXN-0082576,2026-08-10,DXB-001,Dubai,CUST-02924,P008,Desk,Furniture,1,794.47,0,794.47,0.0,794.47,Card,Store,2026,8,August,10,Monday,False,794.47,794.47
TXN-0082716,2026-08-10,DXB-005,Dubai,CUST-01014,P010,Printer,Office,1,648.61,0,648.61,0.0,648.61,Cash,Store,2026,8,August,10,Monday,False,648.61,648.61
TXN-0082721,2026-08-10,DXB-005,Dubai,CUST-00423,P009,Backpack,Accessories,1,219.31,15,219.31,32.9,186.41,Cash,Store,2026,8,August,10,Monday,False,186.41,186.41
TXN-0082794,2026-08-10,DXB-005,Dubai,CUST-06199,P007,Office Chair,Furniture,2,665.94,10,1331.88,133.19,1198.69,Card,Store,2026,8,August,10,Monday,False,1198.69,599.34
TXN-0082843,2026-08-10,DXB-005,Dubai,CUST-07367,P013,USB Drive,Accessories,1,43.56,5,43.56,2.18,41.38,Card,Store,2026,8,August,10,Monday,False,41.38,41.38
TXN-0082905,2026-08-10,DXB-002,Dubai,CUST-03434,P006,Mouse,Accessories,3,99.57,0,298.71,0.0,298.71,Apple Pay,Online,2026,8,August,10,Monday,False,298.71,99.57
TXN-0083011,2026-08-10,DXB-001,Dubai,CUST-03719,P007,Office Chair,Furniture,2,617.32,10,1234.64,123.46,1111.18,Cash,Online,2026,8,August,10,Monday,False,1111.18,555.59
TXN-0083247,2026-08-10,DXB-004,Dubai,CUST-01299,P008,Desk,Furniture,5,733.47,0,3667.35,0.0,3667.35,Bank Transfer,Store,2026,8,August,10,Monday,False,3667.35,733.47
TXN-0083277,2026-08-10,DXB-004,Dubai,CUST-07797,P012,Pen Pack,Stationery,5,14.71,0,73.55,0.0,73.55,Apple Pay,Store,2026,8,August,10,Monday,False,73.55,14.71
TXN-0083318,2026-08-10,DXB-002,Dubai,CUST-06241,P012,Pen Pack,Stationery,4,15.73,10,62.92,6.29,56.63,Card,Store,2026,8,August,10,Monday,False,56.63,14.16
TXN-0083429,2026-08-10,DXB-003,Dubai,CUST-04069,P009,Backpack,Accessories,2,211.87,0,423.74,0.0,423.74,Bank Transfer,Store,2026,8,August,10,Monday,False,423.74,211.87
TXN-0083462,2026-08-10,DXB-005,Dubai,CUST-06895,P004,Monitor,Electronics,1,884.1,5,884.1,44.2,839.9,Card,Store,2026,8,August,10,Monday,False,839.9,839.9
TXN-0083465,2026-08-10,DXB-004,Dubai,CUST-01919,P010,Printer,Office,4,656.14,5,2624.56,131.23,2493.33,Cash,Store,2026,8,August,10,Monday,False,2493.33,623.33
TXN-0083587,2026-08-10,DXB-001,Dubai,CUST-01616,P001,Laptop,Electronics,2,2838.9,10,5677.8,567.78,5110.02,Card,Store,2026,8,August,10,Monday,False,5110.02,2555.01
TXN-0083630,2026-08-10,DXB-003,Dubai,CUST-07646,P002,Smartphone,Electronics,1,1736.77,15,1736.77,260.52,1476.25,Card,Store,2026,8,August,10,Monday,False,1476.25,1476.25
TXN-0083678,2026-08-10,DXB-005,Dubai,CUST-05470,P013,USB Drive,Accessories,1,45.55,10,45.55,4.56,40.99,Apple Pay,Store,2026,8,August,10,Monday,False,40.99,40.99
TXN-0083727,2026-08-10,DXB-004,Dubai,CUST-00777,P014,Power Bank,Electronics,1,154.96,0,154.96,0.0,154.96,Card,Store,2026,8,August,10,Monday,False,154.96,154.96
TXN-0083790,2026-08-10,DXB-001,Dubai,CUST-06414,P003,Headphones,Electronics,1,345.98,10,345.98,34.6,311.38,Cash,Store,2026,8,August,10,Monday,False,311.38,311.38
TXN-0083812,2026-08-10,DXB-004,Dubai,CUST-01557,P014,Power Bank,Electronics,1,140.56,0,140.56,0.0,140.56,Cash,Store,2026,8,August,10,Monday,False,140.56,140.56
TXN-0083866,2026-08-10,DXB-005,Dubai,CUST-05053,P013,USB Drive,Accessories,4,43.48,0,173.92,0.0,173.92,Cash,Store,2026,8,August,10,Monday,False,173.92,43.48
TXN-0083927,2026-08-10,DXB-004,Dubai,CUST-05217,P005,Keyboard,Accessories,2,173.6,15,347.2,52.08,295.12,Card,Store,2026,8,August,10,Monday,False,295.12,147.56
TXN-0083940,2026-08-10,DXB-005,Dubai,CUST-03022,P009,Backpack,Accessories,2,214.36,5,428.72,21.44,407.28,Apple Pay,Online,2026,8,August,10,Monday,False,407.28,203.64
TXN-0083955,2026-08-10,DXB-005,Dubai,CUST-06440,P002,Smartphone,Electronics,5,1784.75,5,8923.75,446.19,8477.56,Bank Transfer,Store,2026,8,August,10,Monday,False,8477.56,1695.51
TXN-0083988,2026-08-10,DXB-003,Dubai,CUST-03457,P007,Office Chair,Furniture,1,689.91,15,689.91,103.49,586.42,Cash,Store,2026,8,August,10,Monday,False,586.42,586.42
TXN-0083999,2026-08-10,DXB-005,Dubai,CUST-06824,P005,Keyboard,Accessories,2,185.5,10,371.0,37.1,333.9,Apple Pay,Store,2026,8,August,10,Monday,False,333.9,166.95
TXN-0084050,2026-08-10,DXB-001,Dubai,CUST-01153,P004,Monitor,Electronics,1,899.05,0,899.05,0.0,899.05,Card,Store,2026,8,August,10,Monday,False,899.05,899.05
TXN-0084094,2026-08-10,DXB-003,Dubai,CUST-07549,P014,Power Bank,Electronics,1,148.8,10,148.8,14.88,133.92,Cash,Online,2026,8,August,10,Monday,False,133.92,133.92
TXN-0084136,2026-08-10,DXB-002,Dubai,CUST-02774,P005,Keyboard,Accessories,1,202.0,0,202.0,0.0,202.0,Card,Store,2026,8,August,10,Monday,False,202.0,202.0
TXN-0084148,2026-08-10,DXB-004,Dubai,CUST-02541,P009,Backpack,Accessories,1,219.85,0,219.85,0.0,219.85,Card,Online,2026,8,August,10,Monday,False,219.85,219.85
TXN-0084330,2026-08-10,DXB-001,Dubai,CUST-05994,P004,Monitor,Electronics,1,916.2,0,916.2,0.0,916.2,Bank Transfer,Store,2026,8,August,10,Monday,False,916.2,916.2
TXN-0084417,2026-08-10,DXB-002,Dubai,CUST-04861,P009,Backpack,Accessories,3,222.9,5,668.7,33.44,635.26,Bank Transfer,Store,2026,8,August,10,Monday,False,635.26,211.75
TXN-0084462,2026-08-10,DXB-004,Dubai,CUST-05425,P011,Notebook,Stationery,1,26.15,15,26.15,3.92,22.23,Bank Transfer,Store,2026,8,August,10,Monday,False,22.23,22.23
TXN-0084480,2026-08-10,DXB-001,Dubai,CUST-03626,P002,Smartphone,Electronics,2,1960.38,0,3920.76,0.0,3920.76,Apple Pay,Online,2026,8,August,10,Monday,False,3920.76,1960.38
TXN-0084488,2026-08-10,DXB-002,Dubai,CUST-06831,P009,Backpack,Accessories,1,232.66,10,232.66,23.27,209.39,Apple Pay,Store,2026,8,August,10,Monday,False,209.39,209.39
TXN-0084496,2026-08-10,DXB-005,Dubai,CUST-07998,P009,Backpack,Accessories,1,227.08,20,227.08,45.42,181.66,Card,Store,2026,8,August,10,Monday,False,181.66,181.66
TXN-0084519,2026-08-10,DXB-003,Dubai,CUST-02365,P014,Power Bank,Electronics,2,145.52,15,291.04,43.66,247.38,Apple Pay,Store,2026,8,August,10,Monday,False,247.38,123.69
TXN-0084524,2026-08-10,DXB-001,Dubai,CUST-01140,P003,Headphones,Electronics,2,345.98,0,691.96,0.0,691.96,Bank Transfer,Store,2026,8,August,10,Monday,False,691.96,345.98
TXN-0084547,2026-08-10,DXB-002,Dubai,CUST-06212,P015,Tablet,Electronics,1,1261.16,10,1261.16,126.12,1135.04,Card,Online,2026,8,August,10,Monday,False,1135.04,1135.04
TXN-0084642,2026-08-10,DXB-005,Dubai,CUST-04224,P009,Backpack,Accessories,2,215.36,5,430.72,21.54,409.18,Cash,Store,2026,8,August,10,Monday,False,409.18,204.59
TXN-0084669,2026-08-10,DXB-003,Dubai,CUST-02532,P015,Tablet,Electronics,1,1189.01,5,1189.01,59.45,1129.56,Card,Store,2026,8,August,10,Monday,False,1129.56,1129.56
TXN-0084764,2026-08-10,DXB-005,Dubai,CUST-03992,P014,Power Bank,Electronics,3,151.15,5,453.45,22.67,430.78,Card,Store,2026,8,August,10,Monday,False,430.78,143.59
TXN-0084820,2026-08-10,DXB-005,Dubai,CUST-00225,P012,Pen Pack,Stationery,1,14.79,0,14.79,0.0,14.79,Apple Pay,Store,2026,8,August,10,Monday,False,14.79,14.79
TXN-0084871,2026-08-10,DXB-004,Dubai,CUST-00211,P006,Mouse,Accessories,1,89.38,10,89.38,8.94,80.44,Bank Transfer,Store,2026,8,August,10,Monday,False,80.44,80.44
TXN-0084884,2026-08-10,DXB-003,Dubai,CUST-01727,P001,Laptop,Electronics,1,3001.83,10,3001.83,300.18,2701.65,Cash,Online,2026,8,August,10,Monday,False,2701.65,2701.65
TXN-0084938,2026-08-10,DXB-004,Dubai,CUST-06811,P010,Printer,Office,2,806.47,15,1612.94,241.94,1371.0,Card,Store,2026,8,August,10,Monday,False,1371.0,685.5
TXN-0084995,2026-08-10,DXB-003,Dubai,CUST-05631,P012,Pen Pack,Stationery,1,13.66,10,13.66,1.37,12.29,Cash,Online,2026,8,August,10,Monday,False,12.29,12.29
TXN-0085023,2026-08-10,DXB-004,Dubai,CUST-05660,P002,Smartphone,Electronics,4,1471.98,15,5887.92,883.19,5004.73,Apple Pay,Online,2026,8,August,10,Monday,False,5004.73,1251.18
TXN-0085068,2026-08-10,DXB-005,Dubai,CUST-05057,P011,Notebook,Stationery,1,26.69,10,26.69,2.67,24.02,Cash,Store,2026,8,August,10,Monday,False,24.02,24.02
TXN-0085139,2026-08-10,DXB-002,Dubai,CUST-01717,P010,Printer,Office,2,643.93,0,1287.86,0.0,1287.86,Cash,Online,2026,8,August,10,Monday,False,1287.86,643.93
TXN-0085142,2026-08-10,DXB-001,Dubai,CUST-00614,P007,Office Chair,Furniture,2,604.8,0,1209.6,0.0,1209.6,Apple Pay,Online,2026,8,August,10,Monday,False,1209.6,604.8
TXN-0085272,2026-08-10,DXB-004,Dubai,CUST-05591,P014,Power Bank,Electronics,1,152.26,5,152.26,7.61,144.65,Bank Transfer,Store,2026,8,August,10,Monday,False,144.65,144.65
TXN-0085348,2026-08-10,DXB-001,Dubai,CUST-05830,P015,Tablet,Electronics,3,1193.62,10,3580.86,358.09,3222.77,Apple Pay,Online,2026,8,August,10,Monday,False,3222.77,1074.26
TXN-0085390,2026-08-10,DXB-001,Dubai,CUST-02292,P014,Power Bank,Electronics,1,150.19,15,150.19,22.53,127.66,Cash,Store,2026,8,August,10,Monday,False,127.66,127.66
TXN-0085407,2026-08-10,DXB-002,Dubai,CUST-02194,P004,Monitor,Electronics,1,899.59,0,899.59,0.0,899.59,Cash,Store,2026,8,August,10,Monday,False,899.59,899.59
TXN-0085463,2026-08-10,DXB-003,Dubai,CUST-02969,P008,Desk,Furniture,3,854.36,0,2563.08,0.0,2563.08,Bank Transfer,Store,2026,8,August,10,Monday,False,2563.08,854.36
TXN-0085573,2026-08-10,DXB-001,Dubai,CUST-04824,P013,USB Drive,Accessories,2,45.86,5,91.72,4.59,87.13,Card,Store,2026,8,August,10,Monday,False,87.13,43.56
TXN-0085625,2026-08-10,DXB-001,Dubai,CUST-03813,P014,Power Bank,Electronics,1,145.99,10,145.99,14.6,131.39,Card,Store,2026,8,August,10,Monday,False,131.39,131.39
TXN-0085662,2026-08-10,DXB-004,Dubai,CUST-07803,P006,Mouse,Accessories,2,94.18,0,188.36,0.0,188.36,Bank Transfer,Store,2026,8,August,10,Monday,False,188.36,94.18
TXN-0085740,2026-08-10,DXB-004,Dubai,CUST-02502,P015,Tablet,Electronics,1,1137.31,0,1137.31,0.0,1137.31,Card,Online,2026,8,August,10,Monday,False,1137.31,1137.31
TXN-0085743,2026-08-10,DXB-004,Dubai,CUST-04838,P015,Tablet,Electronics,1,1222.64,10,1222.64,122.26,1100.38,Apple Pay,Store,2026,8,August,10,Monday,False,1100.38,1100.38
TXN-0085783,2026-08-10,DXB-002,Dubai,CUST-07398,P008,Desk,Furniture,1,778.92,0,778.92,0.0,778.92,Apple Pay,Online,2026,8,August,10,Monday,False,778.92,778.92
TXN-0085800,2026-08-10,DXB-002,Dubai,CUST-04281,P015,Tablet,Electronics,2,1148.46,15,2296.92,344.54,1952.38,Card,Store,2026,8,August,10,Monday,False,1952.38,976.19
TXN-0085840,2026-08-10,DXB-001,Dubai,CUST-00239,P011,Notebook,Stationery,3,23.86,10,71.58,7.16,64.42,Apple Pay,Online,2026,8,August,10,Monday,False,64.42,21.47
TXN-0085852,2026-08-10,DXB-001,Dubai,CUST-01165,P008,Desk,Furniture,1,795.45,0,795.45,0.0,795.45,Card,Online,2026,8,August,10,Monday,False,795.45,795.45
TXN-0085874,2026-08-10,DXB-002,Dubai,CUST-07298,P015,Tablet,Electronics,1,1193.17,5,1193.17,59.66,1133.51,Apple Pay,Store,2026,8,August,10,Monday,False,1133.51,1133.51
TXN-0085879,2026-08-10,DXB-004,Dubai,CUST-06133,P008,Desk,Furniture,1,828.75,5,828.75,41.44,787.31,Card,Online,2026,8,August,10,Monday,False,787.31,787.31
TXN-0085935,2026-08-10,DXB-004,Dubai,CUST-03141,P004,Monitor,Electronics,1,839.35,0,839.35,0.0,839.35,Card,Online,2026,8,August,10,Monday,False,839.35,839.35
TXN-0085982,2026-08-10,DXB-001,Dubai,CUST-01375,P002,Smartphone,Electronics,6,1888.56,10,11331.36,1133.14,10198.22,Apple Pay,Online,2026,8,August,10,Monday,False,10198.22,1699.7
TXN-0086103,2026-08-10,DXB-002,Dubai,CUST-01852,P008,Desk,Furniture,2,793.96,0,1587.92,0.0,1587.92,Cash,Store,2026,8,August,10,Monday,False,1587.92,793.96
TXN-0086117,2026-08-10,DXB-005,Dubai,CUST-02198,P013,USB Drive,Accessories,4,45.88,0,183.52,0.0,183.52,Apple Pay,Store,2026,8,August,10,Monday,False,183.52,45.88
TXN-0086253,2026-08-10,DXB-002,Dubai,CUST-06770,P009,Backpack,Accessories,2,230.61,10,461.22,46.12,415.1,Cash,Store,2026,8,August,10,Monday,False,415.1,207.55
TXN-0086264,2026-08-10,DXB-002,Dubai,CUST-07325,P008,Desk,Furniture,1,771.61,15,771.61,115.74,655.87,Card,Store,2026,8,August,10,Monday,False,655.87,655.87
TXN-0086354,2026-08-10,DXB-004,Dubai,CUST-01679,P012,Pen Pack,Stationery,1,16.39,10,16.39,1.64,14.75,Card,Store,2026,8,August,10,Monday,False,14.75,14.75
TXN-0086413,2026-08-10,DXB-004,Dubai,CUST-02675,P007,Office Chair,Furniture,1,663.72,10,663.72,66.37,597.35,Card,Store,2026,8,August,10,Monday,False,597.35,597.35
TXN-0086437,2026-08-10,DXB-003,Dubai,CUST-00749,P009,Backpack,Accessories,4,231.93,10,927.72,92.77,834.95,Cash,Online,2026,8,August,10,Monday,False,834.95,208.74
TXN-0086533,2026-08-10,DXB-002,Dubai,CUST-03072,P011,Notebook,Stationery,1,27.1,5,27.1,1.36,25.74,Card,Online,2026,8,August,10,Monday,False,25.74,25.74
TXN-0086574,2026-08-10,DXB-004,Dubai,CUST-06625,P001,Laptop,Electronics,2,3147.37,15,6294.74,944.21,5350.53,Card,Online,2026,8,August,10,Monday,False,5350.53,2675.26
TXN-0086594,2026-08-10,DXB-004,Dubai,CUST-01651,P002,Smartphone,Electronics,1,1812.29,0,1812.29,0.0,1812.29,Bank Transfer,Online,2026,8,August,10,Monday,False,1812.29,1812.29
TXN-0086614,2026-08-10,DXB-002,Dubai,CUST-00302,P015,Tablet,Electronics,3,1228.44,10,3685.32,368.53,3316.79,Cash,Store,2026,8,August,10,Monday,False,3316.79,1105.6
TXN-0086618,2026-08-10,DXB-004,Dubai,CUST-06454,P006,Mouse,Accessories,3,98.6,0,295.8,0.0,295.8,Cash,Store,2026,8,August,10,Monday,False,295.8,98.6
TXN-0086640,2026-08-10,DXB-001,Dubai,CUST-00807,P007,Office Chair,Furniture,1,688.8,5,688.8,34.44,654.36,Card,Store,2026,8,August,10,Monday,False,654.36,654.36
TXN-0086679,2026-08-10,DXB-001,Dubai,CUST-06019,P001,Laptop,Electronics,3,2632.38,5,7897.14,394.86,7502.28,Card,Online,2026,8,August,10,Monday,False,7502.28,2500.76
TXN-0086723,2026-08-10,DXB-002,Dubai,CUST-00940,P011,Notebook,Stationery,6,27.46,5,164.76,8.24,156.52,Apple Pay,Store,2026,8,August,10,Monday,False,156.52,26.09
TXN-0086846,2026-08-10,DXB-002,Dubai,CUST-07469,P012,Pen Pack,Stationery,3,15.29,0,45.87,0.0,45.87,Apple Pay,Online,2026,8,August,10,Monday,False,45.87,15.29
TXN-0086861,2026-08-10,DXB-002,Dubai,CUST-00061,P001,Laptop,Electronics,1,2964.74,0,2964.74,0.0,2964.74,Cash,Online,2026,8,August,10,Monday,False,2964.74,2964.74
TXN-0086874,2026-08-10,DXB-004,Dubai,CUST-05665,P013,USB Drive,Accessories,1,45.34,20,45.34,9.07,36.27,Bank Transfer,Store,2026,8,August,10,Monday,False,36.27,36.27
TXN-0086913,2026-08-10,DXB-001,Dubai,CUST-06018,P009,Backpack,Accessories,3,219.64,0,658.92,0.0,658.92,Apple Pay,Online,2026,8,August,10,Monday,False,658.92,219.64
TXN-0086941,2026-08-10,DXB-002,Dubai,CUST-07861,P007,Office Chair,Furniture,2,634.19,10,1268.38,126.84,1141.54,Card,Store,2026,8,August,10,Monday,False,1141.54,570.77
TXN-0086965,2026-08-10,DXB-002,Dubai,CUST-05069,P011,Notebook,Stationery,1,25.38,10,25.38,2.54,22.84,Card,Store,2026,8,August,10,Monday,False,22.84,22.84
TXN-0086985,2026-08-10,DXB-005,Dubai,CUST-04090,P001,Laptop,Electronics,2,3035.9,0,6071.8,0.0,6071.8,Cash,Store,2026,8,August,10,Monday,False,6071.8,3035.9
TXN-0087105,2026-08-10,DXB-002,Dubai,CUST-07276,P008,Desk,Furniture,1,783.55,5,783.55,39.18,744.37,Card,Store,2026,8,August,10,Monday,False,744.37,744.37
TXN-0087206,2026-08-10,DXB-005,Dubai,CUST-05618,P006,Mouse,Accessories,1,105.25,0,105.25,0.0,105.25,Apple Pay,Store,2026,8,August,10,Monday,False,105.25,105.25
TXN-0087268,2026-08-10,DXB-002,Dubai,CUST-07656,P003,Headphones,Electronics,1,314.87,5,314.87,15.74,299.13,Apple Pay,Online,2026,8,August,10,Monday,False,299.13,299.13
TXN-0087376,2026-08-10,DXB-002,Dubai,CUST-04908,P008,Desk,Furniture,1,872.3,15,872.3,130.84,741.46,Card,Online,2026,8,August,10,Monday,False,741.46,741.46
TXN-0087410,2026-08-10,DXB-003,Dubai,CUST-00849,P006,Mouse,Accessories,1,101.51,15,101.51,15.23,86.28,Cash,Store,2026,8,August,10,Monday,False,86.28,86.28
TXN-0087521,2026-08-10,DXB-005,Dubai,CUST-03707,P001,Laptop,Electronics,2,2745.17,0,5490.34,0.0,5490.34,Apple Pay,Store,2026,8,August,10,Monday,False,5490.34,2745.17
TXN-0087627,2026-08-10,DXB-004,Dubai,CUST-00084,P004,Monitor,Electronics,2,898.06,0,1796.12,0.0,1796.12,Card,Store,2026,8,August,10,Monday,False,1796.12,898.06
TXN-0087667,2026-08-10,DXB-001,Dubai,CUST-00230,P013,USB Drive,Accessories,2,46.37,15,92.74,13.91,78.83,Bank Transfer,Store,2026,8,August,10,Monday,False,78.83,39.42
TXN-0087680,2026-08-10,DXB-005,Dubai,CUST-04593,P013,USB Drive,Accessories,2,43.44,5,86.88,4.34,82.54,Apple Pay,Store,2026,8,August,10,Monday,False,82.54,41.27
TXN-0087763,2026-08-10,DXB-002,Dubai,CUST-07815,P003,Headphones,Electronics,4,359.25,20,1437.0,287.4,1149.6,Cash,Online,2026,8,August,10,Monday,False,1149.6,287.4
TXN-0087776,2026-08-10,DXB-004,Dubai,CUST-00135,P002,Smartphone,Electronics,1,1700.6,0,1700.6,0.0,1700.6,Apple Pay,Online,2026,8,August,10,Monday,False,1700.6,1700.6
TXN-0087796,2026-08-10,DXB-001,Dubai,CUST-01042,P005,Keyboard,Accessories,1,175.32,15,175.32,26.3,149.02,Bank Transfer,Store,2026,8,August,10,Monday,False,149.02,149.02
TXN-0087852,2026-08-10,DXB-002,Dubai,CUST-02336,P010,Printer,Office,5,721.07,5,3605.35,180.27,3425.08,Cash,Store,2026,8,August,10,Monday,False,3425.08,685.02
TXN-0087923,2026-08-10,DXB-003,Dubai,CUST-02893,P002,Smartphone,Electronics,1,1938.28,5,1938.28,96.91,1841.37,Card,Store,2026,8,August,10,Monday,False,1841.37,1841.37
TXN-0087931,2026-08-10,DXB-005,Dubai,CUST-00031,P008,Desk,Furniture,1,805.02,0,805.02,0.0,805.02,Card,Online,2026,8,August,10,Monday,False,805.02,805.02
TXN-0088053,2026-08-10,DXB-002,Dubai,CUST-04730,P005,Keyboard,Accessories,1,172.12,0,172.12,0.0,172.12,Apple Pay,Online,2026,8,August,10,Monday,False,172.12,172.12
TXN-0088120,2026-08-10,DXB-001,Dubai,CUST-06292,P012,Pen Pack,Stationery,1,15.45,10,15.45,1.54,13.91,Card,Online,2026,8,August,10,Monday,False,13.91,13.91
TXN-0088130,2026-08-10,DXB-004,Dubai,CUST-06078,P015,Tablet,Electronics,1,1253.29,5,1253.29,62.66,1190.63,Card,Online,2026,8,August,10,Monday,False,1190.63,1190.63
TXN-0088162,2026-08-10,DXB-001,Dubai,CUST-05288,P003,Headphones,Electronics,1,343.76,15,343.76,51.56,292.2,Card,Online,2026,8,August,10,Monday,False,292.2,292.2
TXN-0088216,2026-08-10,DXB-001,Dubai,CUST-00124,P003,Headphones,Electronics,1,351.59,5,351.59,17.58,334.01,Card,Store,2026,8,August,10,Monday,False,334.01,334.01
TXN-0088228,2026-08-10,DXB-004,Dubai,CUST-02210,P001,Laptop,Electronics,2,2710.3,5,5420.6,271.03,5149.57,Card,Store,2026,8,August,10,Monday,False,5149.57,2574.78
TXN-0088236,2026-08-10,DXB-003,Dubai,CUST-00136,P008,Desk,Furniture,2,859.49,10,1718.98,171.9,1547.08,Cash,Store,2026,8,August,10,Monday,False,1547.08,773.54
TXN-0088410,2026-08-10,DXB-002,Dubai,CUST-00285,P010,Printer,Office,1,628.71,10,628.71,62.87,565.84,Card,Store,2026,8,August,10,Monday,False,565.84,565.84
TXN-0088416,2026-08-10,DXB-002,Dubai,CUST-03859,P014,Power Bank,Electronics,1,140.71,0,140.71,0.0,140.71,Bank Transfer,Store,2026,8,August,10,Monday,False,140.71,140.71
TXN-0088447,2026-08-10,DXB-002,Dubai,CUST-03056,P011,Notebook,Stationery,1,25.33,0,25.33,0.0,25.33,Card,Store,2026,8,August,10,Monday,False,25.33,25.33
TXN-0088506,2026-08-10,DXB-002,Dubai,CUST-05989,P006,Mouse,Accessories,3,94.88,0,284.64,0.0,284.64,Card,Store,2026,8,August,10,Monday,False,284.64,94.88
TXN-0088520,2026-08-10,DXB-001,Dubai,CUST-04295,P012,Pen Pack,Stationery,2,14.74,5,29.48,1.47,28.01,Card,Store,2026,8,August,10,Monday,False,28.01,14.0
TXN-0088521,2026-08-10,DXB-003,Dubai,CUST-00174,P004,Monitor,Electronics,1,880.55,10,880.55,88.06,792.49,Apple Pay,Store,2026,8,August,10,Monday,False,792.49,792.49
TXN-0088522,2026-08-10,DXB-004,Dubai,CUST-01837,P013,USB Drive,Accessories,1,42.94,15,42.94,6.44,36.5,Apple Pay,Store,2026,8,August,10,Monday,False,36.5,36.5
TXN-0088529,2026-08-10,DXB-004,Dubai,CUST-01653,P010,Printer,Office,1,690.65,0,690.65,0.0,690.65,Apple Pay,Store,2026,8,August,10,Monday,False,690.65,690.65
TXN-0088531,2026-08-10,DXB-002,Dubai,CUST-01237,P015,Tablet,Electronics,1,1214.6,15,1214.6,182.19,1032.41,Bank Transfer,Online,2026,8,August,10,Monday,False,1032.41,1032.41
TXN-0088592,2026-08-10,DXB-001,Dubai,CUST-02048,P012,Pen Pack,Stationery,1,13.65,10,13.65,1.36,12.29,Card,Online,2026,8,August,10,Monday,False,12.29,12.29
TXN-0088646,2026-08-10,DXB-003,Dubai,CUST-03672,P011,Notebook,Stationery,1,26.41,10,26.41,2.64,23.77,Bank Transfer,Store,2026,8,August,10,Monday,False,23.77,23.77
TXN-0088650,2026-08-10,DXB-001,Dubai,CUST-04596,P013,USB Drive,Accessories,3,45.3,0,135.9,0.0,135.9,Card,Online,2026,8,August,10,Monday,False,135.9,45.3
TXN-0088662,2026-08-10,DXB-004,Dubai,CUST-06669,P006,Mouse,Accessories,1,100.53,10,100.53,10.05,90.48,Card,Store,2026,8,August,10,Monday,False,90.48,90.48
TXN-0088683,2026-08-10,DXB-004,Dubai,CUST-02866,P014,Power Bank,Electronics,4,171.14,15,684.56,102.68,581.88,Cash,Store,2026,8,August,10,Monday,False,581.88,145.47
TXN-0088746,2026-08-10,DXB-002,Dubai,CUST-02257,P010,Printer,Office,2,697.09,5,1394.18,69.71,1324.47,Apple Pay,Store,2026,8,August,10,Monday,False,1324.47,662.24
TXN-0088769,2026-08-10,DXB-002,Dubai,CUST-01441,P006,Mouse,Accessories,5,99.74,20,498.7,99.74,398.96,Apple Pay,Online,2026,8,August,10,Monday,False,398.96,79.79
TXN-0088874,2026-08-10,DXB-004,Dubai,CUST-05497,P011,Notebook,Stationery,1,24.73,5,24.73,1.24,23.49,Card,Store,2026,8,August,10,Monday,False,23.49,23.49
TXN-0088967,2026-08-10,DXB-002,Dubai,CUST-05284,P015,Tablet,Electronics,1,1306.44,0,1306.44,0.0,1306.44,Card,Store,2026,8,August,10,Monday,False,1306.44,1306.44
TXN-0089011,2026-08-10,DXB-001,Dubai,CUST-02418,P012,Pen Pack,Stationery,2,15.48,0,30.96,0.0,30.96,Apple Pay,Online,2026,8,August,10,Monday,False,30.96,15.48
TXN-0089091,2026-08-10,DXB-001,Dubai,CUST-04649,P002,Smartphone,Electronics,2,1869.95,0,3739.9,0.0,3739.9,Card,Online,2026,8,August,10,Monday,False,3739.9,1869.95
TXN-0089114,2026-08-10,DXB-005,Dubai,CUST-01617,P013,USB Drive,Accessories,1,45.34,15,45.34,6.8,38.54,Card,Online,2026,8,August,10,Monday,False,38.54,38.54
TXN-0089154,2026-08-10,DXB-003,Dubai,CUST-01746,P005,Keyboard,Accessories,2,187.54,10,375.08,37.51,337.57,Cash,Store,2026,8,August,10,Monday,False,337.57,168.78
TXN-0089291,2026-08-10,DXB-004,Dubai,CUST-07686,P013,USB Drive,Accessories,1,45.17,15,45.17,6.78,38.39,Card,Online,2026,8,August,10,Monday,False,38.39,38.39
TXN-0089383,2026-08-10,DXB-004,Dubai,CUST-00098,P004,Monitor,Electronics,1,833.52,0,833.52,0.0,833.52,Cash,Store,2026,8,August,10,Monday,False,833.52,833.52
TXN-0089415,2026-08-10,DXB-005,Dubai,CUST-04166,P014,Power Bank,Electronics,1,146.52,5,146.52,7.33,139.19,Card,Online,2026,8,August,10,Monday,False,139.19,139.19
TXN-0089439,2026-08-10,DXB-005,Dubai,CUST-06337,P006,Mouse,Accessories,2,102.33,0,204.66,0.0,204.66,Card,Store,2026,8,August,10,Monday,False,204.66,102.33
TXN-0089548,2026-08-10,DXB-002,Dubai,CUST-07042,P003,Headphones,Electronics,5,351.02,0,1755.1,0.0,1755.1,Bank Transfer,Online,2026,8,August,10,Monday,False,1755.1,351.02
TXN-0089554,2026-08-10,DXB-003,Dubai,CUST-05856,P008,Desk,Furniture,3,707.2,0,2121.6,0.0,2121.6,Cash,Online,2026,8,August,10,Monday,False,2121.6,707.2
TXN-0089576,2026-08-10,DXB-001,Dubai,CUST-01592,P001,Laptop,Electronics,1,2379.4,10,2379.4,237.94,2141.46,Card,Store,2026,8,August,10,Monday,False,2141.46,2141.46
TXN-0089577,2026-08-10,DXB-003,Dubai,CUST-06476,P014,Power Bank,Electronics,2,158.78,0,317.56,0.0,317.56,Bank Transfer,Online,2026,8,August,10,Monday,False,317.56,158.78
TXN-0089602,2026-08-10,DXB-005,Dubai,CUST-07515,P003,Headphones,Electronics,5,329.19,5,1645.95,82.3,1563.65,Card,Store,2026,8,August,10,Monday,False,1563.65,312.73
TXN-0089663,2026-08-10,DXB-004,Dubai,CUST-06663,P008,Desk,Furniture,1,776.86,10,776.86,77.69,699.17,Apple Pay,Store,2026,8,August,10,Monday,False,699.17,699.17
TXN-0089830,2026-08-10,DXB-002,Dubai,CUST-07156,P015,Tablet,Electronics,1,1358.28,20,1358.28,271.66,1086.62,Card,Online,2026,8,August,10,Monday,False,1086.62,1086.62
TXN-0089832,2026-08-10,DXB-005,Dubai,CUST-05708,P013,USB Drive,Accessories,6,39.04,20,234.24,46.85,187.39,Cash,Online,2026,8,August,10,Monday,False,187.39,31.23
TXN-0089891,2026-08-10,DXB-005,Dubai,CUST-00904,P001,Laptop,Electronics,2,2600.93,0,5201.86,0.0,5201.86,Apple Pay,Online,2026,8,August,10,Monday,False,5201.86,2600.93
TXN-0089969,2026-08-10,DXB-001,Dubai,CUST-04567,P001,Laptop,Electronics,2,2922.22,0,5844.44,0.0,5844.44,Apple Pay,Store,2026,8,August,10,Monday,False,5844.44,2922.22
TXN-0089987,2026-08-10,DXB-003,Dubai,CUST-03638,P015,Tablet,Electronics,1,1303.73,15,1303.73,195.56,1108.17,Cash,Online,2026,8,August,10,Monday,False,1108.17,1108.17
TXN-0089992,2026-08-10,DXB-005,Dubai,CUST-06423,P006,Mouse,Accessories,3,99.8,0,299.4,0.0,299.4,Apple Pay,Store,2026,8,August,10,Monday,False,299.4,99.8
TXN-0090001,2026-08-10,DXB-005,Dubai,CUST-00739,P012,Pen Pack,Stationery,2,14.69,0,29.38,0.0,29.38,Cash,Store,2026,8,August,10,Monday,False,29.38,14.69
TXN-0090029,2026-08-10,DXB-001,Dubai,CUST-02303,P003,Headphones,Electronics,1,338.84,0,338.84,0.0,338.84,Cash,Online,2026,8,August,10,Monday,False,338.84,338.84
TXN-0090090,2026-08-10,DXB-004,Dubai,CUST-07633,P003,Headphones,Electronics,3,314.78,10,944.34,94.43,849.91,Bank Transfer,Store,2026,8,August,10,Monday,False,849.91,283.3
TXN-0090139,2026-08-10,DXB-005,Dubai,CUST-01481,P014,Power Bank,Electronics,2,130.6,0,261.2,0.0,261.2,Cash,Online,2026,8,August,10,Monday,False,261.2,130.6
TXN-0090192,2026-08-10,DXB-001,Dubai,CUST-03304,P011,Notebook,Stationery,1,25.55,15,25.55,3.83,21.72,Apple Pay,Store,2026,8,August,10,Monday,False,21.72,21.72
TXN-0090263,2026-08-10,DXB-002,Dubai,CUST-01009,P007,Office Chair,Furniture,1,683.67,0,683.67,0.0,683.67,Cash,Online,2026,8,August,10,Monday,False,683.67,683.67
TXN-0090307,2026-08-10,DXB-002,Dubai,CUST-06671,P007,Office Chair,Furniture,1,589.7,10,589.7,58.97,530.73,Cash,Store,2026,8,August,10,Monday,False,530.73,530.73
TXN-0090347,2026-08-10,DXB-005,Dubai,CUST-04116,P004,Monitor,Electronics,1,957.36,15,957.36,143.6,813.76,Apple Pay,Store,2026,8,August,10,Monday,False,813.76,813.76
TXN-0090384,2026-08-10,DXB-002,Dubai,CUST-01665,P007,Office Chair,Furniture,1,738.74,10,738.74,73.87,664.87,Cash,Store,2026,8,August,10,Monday,False,664.87,664.87
TXN-0090439,2026-08-10,DXB-005,Dubai,CUST-01314,P001,Laptop,Electronics,1,2951.65,0,2951.65,0.0,2951.65,Card,Store,2026,8,August,10,Monday,False,2951.65,2951.65
TXN-0090460,2026-08-10,DXB-005,Dubai,CUST-04196,P010,Printer,Office,2,729.66,15,1459.32,218.9,1240.42,Bank Transfer,Store,2026,8,August,10,Monday,False,1240.42,620.21
TXN-0090463,2026-08-10,DXB-003,Dubai,CUST-06957,P013,USB Drive,Accessories,3,47.81,15,143.43,21.51,121.92,Apple Pay,Store,2026,8,August,10,Monday,False,121.92,40.64
TXN-0090545,2026-08-10,DXB-005,Dubai,CUST-07532,P004,Monitor,Electronics,1,916.7,0,916.7,0.0,916.7,Cash,Store,2026,8,August,10,Monday,False,916.7,916.7
TXN-0090562,2026-08-10,DXB-004,Dubai,CUST-04565,P008,Desk,Furniture,1,833.4,5,833.4,41.67,791.73,Card,Online,2026,8,August,10,Monday,False,791.73,791.73
TXN-0090577,2026-08-10,DXB-003,Dubai,CUST-01236,P001,Laptop,Electronics,1,2714.16,0,2714.16,0.0,2714.16,Card,Store,2026,8,August,10,Monday,False,2714.16,2714.16
TXN-0090579,2026-08-10,DXB-001,Dubai,CUST-00594,P008,Desk,Furniture,2,817.98,10,1635.96,163.6,1472.36,Card,Online,2026,8,August,10,Monday,False,1472.36,736.18
TXN-0090665,2026-08-10,DXB-002,Dubai,CUST-02852,P012,Pen Pack,Stationery,1,15.11,0,15.11,0.0,15.11,Cash,Online,2026,8,August,10,Monday,False,15.11,15.11
TXN-0090769,2026-08-10,DXB-001,Dubai,CUST-01987,P010,Printer,Office,1,724.13,5,724.13,36.21,687.92,Card,Store,2026,8,August,10,Monday,False,687.92,687.92
TXN-0090770,2026-08-10,DXB-002,Dubai,CUST-01162,P005,Keyboard,Accessories,2,196.89,0,393.78,0.0,393.78,Cash,Store,2026,8,August,10,Monday,False,393.78,196.89
TXN-0090771,2026-08-10,DXB-002,Dubai,CUST-07937,P010,Printer,Office,2,672.24,0,1344.48,0.0,1344.48,Card,Online,2026,8,August,10,Monday,False,1344.48,672.24
TXN-0090796,2026-08-10,DXB-001,Dubai,CUST-02980,P012,Pen Pack,Stationery,2,14.76,10,29.52,2.95,26.57,Apple Pay,Store,2026,8,August,10,Monday,False,26.57,13.28
TXN-0090889,2026-08-10,DXB-005,Dubai,CUST-03727,P004,Monitor,Electronics,1,986.92,10,986.92,98.69,888.23,Apple Pay,Online,2026,8,August,10,Monday,False,888.23,888.23
TXN-0090918,2026-08-10,DXB-005,Dubai,CUST-07525,P014,Power Bank,Electronics,1,153.17,10,153.17,15.32,137.85,Card,Store,2026,8,August,10,Monday,False,137.85,137.85
TXN-0090944,2026-08-10,DXB-004,Dubai,CUST-01357,P003,Headphones,Electronics,3,336.6,5,1009.8,50.49,959.31,Cash,Store,2026,8,August,10,Monday,False,959.31,319.77
TXN-0090953,2026-08-10,DXB-003,Dubai,CUST-01148,P015,Tablet,Electronics,1,1245.3,10,1245.3,124.53,1120.77,Cash,Store,2026,8,August,10,Monday,False,1120.77,1120.77
TXN-0090960,2026-08-10,DXB-003,Dubai,CUST-04900,P006,Mouse,Accessories,3,94.53,15,283.59,42.54,241.05,Apple Pay,Store,2026,8,August,10,Monday,False,241.05,80.35
TXN-0091027,2026-08-10,DXB-005,Dubai,CUST-07590,P014,Power Bank,Electronics,2,154.77,20,309.54,61.91,247.63,Cash,Store,2026,8,August,10,Monday,False,247.63,123.82
TXN-0091094,2026-08-10,DXB-003,Dubai,CUST-01527,P015,Tablet,Electronics,2,1165.0,0,2330.0,0.0,2330.0,Card,Store,2026,8,August,10,Monday,False,2330.0,1165.0
TXN-0091170,2026-08-10,DXB-004,Dubai,CUST-01356,P009,Backpack,Accessories,4,225.7,5,902.8,45.14,857.66,Apple Pay,Store,2026,8,August,10,Monday,False,857.66,214.42
TXN-0091182,2026-08-10,DXB-001,Dubai,CUST-02680,P012,Pen Pack,Stationery,3,15.31,0,45.93,0.0,45.93,Card,Store,2026,8,August,10,Monday,False,45.93,15.31
TXN-0091189,2026-08-10,DXB-001,Dubai,CUST-07936,P007,Office Chair,Furniture,1,654.16,0,654.16,0.0,654.16,Apple Pay,Store,2026,8,August,10,Monday,False,654.16,654.16
TXN-0091216,2026-08-10,DXB-005,Dubai,CUST-06146,P011,Notebook,Stationery,2,26.07,20,52.14,10.43,41.71,Cash,Store,2026,8,August,10,Monday,False,41.71,20.86
TXN-0091223,2026-08-10,DXB-005,Dubai,CUST-00931,P001,Laptop,Electronics,1,2775.52,5,2775.52,138.78,2636.74,Bank Transfer,Store,2026,8,August,10,Monday,False,2636.74,2636.74
TXN-0091285,2026-08-10,DXB-003,Dubai,CUST-04056,P007,Office Chair,Furniture,3,609.74,10,1829.22,182.92,1646.3,Card,Store,2026,8,August,10,Monday,False,1646.3,548.77
TXN-0091288,2026-08-10,DXB-004,Dubai,CUST-07637,P004,Monitor,Electronics,5,897.99,0,4489.95,0.0,4489.95,Cash,Online,2026,8,August,10,Monday,False,4489.95,897.99
TXN-0091320,2026-08-10,DXB-005,Dubai,CUST-04544,P011,Notebook,Stationery,2,24.07,20,48.14,9.63,38.51,Cash,Online,2026,8,August,10,Monday,False,38.51,19.26
TXN-0091357,2026-08-10,DXB-001,Dubai,CUST-01999,P001,Laptop,Electronics,1,2763.44,15,2763.44,414.52,2348.92,Card,Store,2026,8,August,10,Monday,False,2348.92,2348.92
TXN-0091367,2026-08-10,DXB-001,Dubai,CUST-02601,P003,Headphones,Electronics,1,320.71,15,320.71,48.11,272.6,Card,Store,2026,8,August,10,Monday,False,272.6,272.6
TXN-0091465,2026-08-10,DXB-001,Dubai,CUST-06907,P007,Office Chair,Furniture,1,645.99,15,645.99,96.9,549.09,Cash,Store,2026,8,August,10,Monday,False,549.09,549.09
TXN-0091504,2026-08-10,DXB-003,Dubai,CUST-03142,P003,Headphones,Electronics,1,369.43,5,369.43,18.47,350.96,Bank Transfer,Store,2026,8,August,10,Monday,False,350.96,350.96
TXN-0091528,2026-08-10,DXB-004,Dubai,CUST-00850,P004,Monitor,Electronics,2,834.89,5,1669.78,83.49,1586.29,Card,Store,2026,8,August,10,Monday,False,1586.29,793.14
TXN-0091530,2026-08-10,DXB-001,Dubai,CUST-01558,P012,Pen Pack,Stationery,2,16.07,10,32.14,3.21,28.93,Card,Store,2026,8,August,10,Monday,False,28.93,14.46
TXN-0091576,2026-08-10,DXB-004,Dubai,CUST-05953,P012,Pen Pack,Stationery,1,14.92,5,14.92,0.75,14.17,Cash,Store,2026,8,August,10,Monday,False,14.17,14.17
TXN-0091617,2026-08-10,DXB-001,Dubai,CUST-01726,P005,Keyboard,Accessories,2,158.64,10,317.28,31.73,285.55,Card,Store,2026,8,August,10,Monday,False,285.55,142.78
TXN-0091766,2026-08-10,DXB-004,Dubai,CUST-06364,P008,Desk,Furniture,5,783.46,15,3917.3,587.6,3329.7,Cash,Store,2026,8,August,10,Monday,False,3329.7,665.94
TXN-0091819,2026-08-10,DXB-003,Dubai,CUST-06860,P012,Pen Pack,Stationery,3,14.94,5,44.82,2.24,42.58,Card,Store,2026,8,August,10,Monday,False,42.58,14.19
TXN-0091862,2026-08-10,DXB-002,Dubai,CUST-07823,P015,Tablet,Electronics,1,1287.9,10,1287.9,128.79,1159.11,Apple Pay,Store,2026,8,August,10,Monday,False,1159.11,1159.11
TXN-0091904,2026-08-10,DXB-003,Dubai,CUST-01380,P010,Printer,Office,4,732.72,0,2930.88,0.0,2930.88,Card,Store,2026,8,August,10,Monday,False,2930.88,732.72
TXN-0091954,2026-08-10,DXB-003,Dubai,CUST-02399,P005,Keyboard,Accessories,3,180.67,10,542.01,54.2,487.81,Bank Transfer,Online,2026,8,August,10,Monday,False,487.81,162.6
TXN-0092028,2026-08-10,DXB-001,Dubai,CUST-01897,P004,Monitor,Electronics,3,859.74,0,2579.22,0.0,2579.22,Cash,Store,2026,8,August,10,Monday,False,2579.22,859.74
TXN-0092066,2026-08-10,DXB-005,Dubai,CUST-04139,P007,Office Chair,Furniture,1,663.51,20,663.51,132.7,530.81,Card,Store,2026,8,August,10,Monday,False,530.81,530.81
TXN-0092135,2026-08-10,DXB-002,Dubai,CUST-06462,P014,Power Bank,Electronics,1,145.94,15,145.94,21.89,124.05,Apple Pay,Store,2026,8,August,10,Monday,False,124.05,124.05
TXN-0092212,2026-08-10,DXB-002,Dubai,CUST-01070,P011,Notebook,Stationery,1,24.56,0,24.56,0.0,24.56,Card,Store,2026,8,August,10,Monday,False,24.56,24.56
TXN-0092286,2026-08-10,DXB-001,Dubai,CUST-05110,P010,Printer,Office,1,719.01,0,719.01,0.0,719.01,Apple Pay,Store,2026,8,August,10,Monday,False,719.01,719.01
TXN-0092464,2026-08-10,DXB-001,Dubai,CUST-02581,P006,Mouse,Accessories,1,98.24,0,98.24,0.0,98.24,Card,Store,2026,8,August,10,Monday,False,98.24,98.24
TXN-0092517,2026-08-10,DXB-005,Dubai,CUST-00819,P004,Monitor,Electronics,1,885.39,20,885.39,177.08,708.31,Apple Pay,Online,2026,8,August,10,Monday,False,708.31,708.31
TXN-0092529,2026-08-10,DXB-001,Dubai,CUST-03900,P006,Mouse,Accessories,1,102.62,10,102.62,10.26,92.36,Card,Online,2026,8,August,10,Monday,False,92.36,92.36
TXN-0092534,2026-08-10,DXB-003,Dubai,CUST-04421,P002,Smartphone,Electronics,1,1772.21,10,1772.21,177.22,1594.99,Apple Pay,Store,2026,8,August,10,Monday,False,1594.99,1594.99
TXN-0092537,2026-08-10,DXB-003,Dubai,CUST-00840,P010,Printer,Office,2,705.46,10,1410.92,141.09,1269.83,Apple Pay,Store,2026,8,August,10,Monday,False,1269.83,634.92
TXN-0092737,2026-08-10,DXB-004,Dubai,CUST-05896,P009,Backpack,Accessories,3,216.12,15,648.36,97.25,551.11,Card,Store,2026,8,August,10,Monday,False,551.11,183.7
TXN-0092758,2026-08-10,DXB-003,Dubai,CUST-04508,P001,Laptop,Electronics,2,2614.25,20,5228.5,1045.7,4182.8,Apple Pay,Store,2026,8,August,10,Monday,False,4182.8,2091.4
TXN-0092804,2026-08-10,DXB-002,Dubai,CUST-00365,P001,Laptop,Electronics,3,2692.72,0,8078.16,0.0,8078.16,Card,Store,2026,8,August,10,Monday,False,8078.16,2692.72
TXN-0092812,2026-08-10,DXB-003,Dubai,CUST-07324,P009,Backpack,Accessories,5,205.62,5,1028.1,51.4,976.7,Card,Online,2026,8,August,10,Monday,False,976.7,195.34
TXN-0092841,2026-08-10,DXB-005,Dubai,CUST-07688,P012,Pen Pack,Stationery,1,14.43,5,14.43,0.72,13.71,Cash,Store,2026,8,August,10,Monday,False,13.71,13.71
TXN-0092859,2026-08-10,DXB-001,Dubai,CUST-05052,P001,Laptop,Electronics,2,2883.05,5,5766.1,288.3,5477.8,Card,Store,2026,8,August,10,Monday,False,5477.8,2738.9
TXN-0092937,2026-08-10,DXB-005,Dubai,CUST-03534,P013,USB Drive,Accessories,1,45.51,0,45.51,0.0,45.51,Card,Online,2026,8,August,10,Monday,False,45.51,45.51
TXN-0092970,2026-08-10,DXB-001,Dubai,CUST-03663,P002,Smartphone,Electronics,1,1840.65,10,1840.65,184.06,1656.59,Card,Store,2026,8,August,10,Monday,False,1656.59,1656.59
TXN-0092971,2026-08-10,DXB-002,Dubai,CUST-06182,P005,Keyboard,Accessories,1,173.56,10,173.56,17.36,156.2,Apple Pay,Store,2026,8,August,10,Monday,False,156.2,156.2
TXN-0093011,2026-08-10,DXB-004,Dubai,CUST-05021,P010,Printer,Office,2,695.97,0,1391.94,0.0,1391.94,Apple Pay,Store,2026,8,August,10,Monday,False,1391.94,695.97
TXN-0093022,2026-08-10,DXB-002,Dubai,CUST-06249,P014,Power Bank,Electronics,2,153.64,15,307.28,46.09,261.19,Apple Pay,Store,2026,8,August,10,Monday,False,261.19,130.6
TXN-0093065,2026-08-10,DXB-004,Dubai,CUST-02874,P002,Smartphone,Electronics,6,1585.28,5,9511.68,475.58,9036.1,Apple Pay,Store,2026,8,August,10,Monday,False,9036.1,1506.02
TXN-0093183,2026-08-10,DXB-001,Dubai,CUST-06155,P001,Laptop,Electronics,1,2757.52,5,2757.52,137.88,2619.64,Card,Store,2026,8,August,10,Monday,False,2619.64,2619.64
TXN-0093256,2026-08-10,DXB-005,Dubai,CUST-00253,P008,Desk,Furniture,3,862.19,5,2586.57,129.33,2457.24,Card,Online,2026,8,August,10,Monday,False,2457.24,819.08
TXN-0093270,2026-08-10,DXB-005,Dubai,CUST-02223,P009,Backpack,Accessories,1,231.61,15,231.61,34.74,196.87,Card,Store,2026,8,August,10,Monday,False,196.87,196.87
TXN-0093298,2026-08-10,DXB-002,Dubai,CUST-05841,P014,Power Bank,Electronics,1,157.36,5,157.36,7.87,149.49,Apple Pay,Store,2026,8,August,10,Monday,False,149.49,149.49
TXN-0093446,2026-08-10,DXB-005,Dubai,CUST-04741,P011,Notebook,Stationery,4,27.52,0,110.08,0.0,110.08,Bank Transfer,Online,2026,8,August,10,Monday,False,110.08,27.52
TXN-0093450,2026-08-10,DXB-002,Dubai,CUST-07357,P003,Headphones,Electronics,1,312.87,5,312.87,15.64,297.23,Bank Transfer,Store,2026,8,August,10,Monday,False,297.23,297.23
TXN-0093456,2026-08-10,DXB-001,Dubai,CUST-00201,P004,Monitor,Electronics,4,949.84,0,3799.36,0.0,3799.36,Cash,Store,2026,8,August,10,Monday,False,3799.36,949.84
TXN-0093504,2026-08-10,DXB-003,Dubai,CUST-07372,P015,Tablet,Electronics,1,1179.7,0,1179.7,0.0,1179.7,Card,Store,2026,8,August,10,Monday,False,1179.7,1179.7
TXN-0093677,2026-08-10,DXB-003,Dubai,CUST-00297,P003,Headphones,Electronics,2,350.91,10,701.82,70.18,631.64,Apple Pay,Online,2026,8,August,10,Monday,False,631.64,315.82
TXN-0093707,2026-08-10,DXB-005,Dubai,CUST-05206,P014,Power Bank,Electronics,3,148.1,0,444.3,0.0,444.3,Apple Pay,Store,2026,8,August,10,Monday,False,444.3,148.1
TXN-0093929,2026-08-10,DXB-005,Dubai,CUST-03545,P011,Notebook,Stationery,1,27.35,15,27.35,4.1,23.25,Cash,Online,2026,8,August,10,Monday,False,23.25,23.25
TXN-0093982,2026-08-10,DXB-003,Dubai,CUST-04613,P013,USB Drive,Accessories,2,45.37,5,90.74,4.54,86.2,Apple Pay,Store,2026,8,August,10,Monday,False,86.2,43.1
TXN-0094115,2026-08-10,DXB-004,Dubai,CUST-03328,P005,Keyboard,Accessories,3,178.9,5,536.7,26.84,509.86,Apple Pay,Online,2026,8,August,10,Monday,False,509.86,169.95
TXN-0094164,2026-08-10,DXB-005,Dubai,CUST-06620,P007,Office Chair,Furniture,2,656.42,0,1312.84,0.0,1312.84,Bank Transfer,Store,2026,8,August,10,Monday,False,1312.84,656.42
TXN-0094313,2026-08-10,DXB-001,Dubai,CUST-07113,P011,Notebook,Stationery,1,27.28,10,27.28,2.73,24.55,Card,Store,2026,8,August,10,Monday,False,24.55,24.55
TXN-0094320,2026-08-10,DXB-001,Dubai,CUST-07625,P013,USB Drive,Accessories,3,48.01,10,144.03,14.4,129.63,Card,Store,2026,8,August,10,Monday,False,129.63,43.21
TXN-0094447,2026-08-10,DXB-001,Dubai,CUST-03221,P012,Pen Pack,Stationery,1,14.97,0,14.97,0.0,14.97,Apple Pay,Store,2026,8,August,10,Monday,False,14.97,14.97
TXN-0094555,2026-08-10,DXB-003,Dubai,CUST-07359,P010,Printer,Office,2,711.84,15,1423.68,213.55,1210.13,Bank Transfer,Store,2026,8,August,10,Monday,False,1210.13,605.07
TXN-0094649,2026-08-10,DXB-002,Dubai,CUST-05258,P006,Mouse,Accessories,2,90.21,15,180.42,27.06,153.36,Card,Store,2026,8,August,10,Monday,False,153.36,76.68
TXN-0094682,2026-08-10,DXB-002,Dubai,CUST-00102,P009,Backpack,Accessories,2,241.68,5,483.36,24.17,459.19,Apple Pay,Store,2026,8,August,10,Monday,False,459.19,229.6
TXN-0094710,2026-08-10,DXB-005,Dubai,CUST-02038,P009,Backpack,Accessories,4,232.72,15,930.88,139.63,791.25,Bank Transfer,Online,2026,8,August,10,Monday,False,791.25,197.81
TXN-0094722,2026-08-10,DXB-005,Dubai,CUST-03925,P014,Power Bank,Electronics,2,154.87,15,309.74,46.46,263.28,Bank Transfer,Store,2026,8,August,10,Monday,False,263.28,131.64
TXN-0094737,2026-08-10,DXB-001,Dubai,CUST-01108,P015,Tablet,Electronics,2,1133.21,0,2266.42,0.0,2266.42,Apple Pay,Store,2026,8,August,10,Monday,False,2266.42,1133.21
TXN-0094782,2026-08-10,DXB-005,Dubai,CUST-07311,P013,USB Drive,Accessories,1,47.91,10,47.91,4.79,43.12,Card,Online,2026,8,August,10,Monday,False,43.12,43.12
TXN-0094812,2026-08-10,DXB-001,Dubai,CUST-05582,P007,Office Chair,Furniture,1,570.1,5,570.1,28.5,541.6,Cash,Store,2026,8,August,10,Monday,False,541.6,541.6
TXN-0094853,2026-08-10,DXB-002,Dubai,CUST-00170,P014,Power Bank,Electronics,1,152.12,5,152.12,7.61,144.51,Card,Store,2026,8,August,10,Monday,False,144.51,144.51
TXN-0094893,2026-08-10,DXB-005,Dubai,CUST-00156,P013,USB Drive,Accessories,2,42.89,0,85.78,0.0,85.78,Apple Pay,Online,2026,8,August,10,Monday,False,85.78,42.89
TXN-0094925,2026-08-10,DXB-005,Dubai,CUST-02127,P010,Printer,Office,1,629.01,0,629.01,0.0,629.01,Card,Store,2026,8,August,10,Monday,False,629.01,629.01
TXN-0094938,2026-08-10,DXB-002,Dubai,CUST-02773,P004,Monitor,Electronics,1,860.92,5,860.92,43.05,817.87,Card,Store,2026,8,August,10,Monday,False,817.87,817.87
TXN-0095037,2026-08-10,DXB-004,Dubai,CUST-03873,P011,Notebook,Stationery,3,24.63,0,73.89,0.0,73.89,Card,Store,2026,8,August,10,Monday,False,73.89,24.63
TXN-0095123,2026-08-10,DXB-003,Dubai,CUST-01722,P008,Desk,Furniture,2,831.81,10,1663.62,166.36,1497.26,Card,Store,2026,8,August,10,Monday,False,1497.26,748.63
TXN-0095137,2026-08-10,DXB-001,Dubai,CUST-02788,P006,Mouse,Accessories,3,88.11,20,264.33,52.87,211.46,Card,Store,2026,8,August,10,Monday,False,211.46,70.49
TXN-0095162,2026-08-10,DXB-005,Dubai,CUST-02019,P012,Pen Pack,Stationery,1,16.09,0,16.09,0.0,16.09,Card,Online,2026,8,August,10,Monday,False,16.09,16.09
TXN-0095197,2026-08-10,DXB-002,Dubai,CUST-05265,P003,Headphones,Electronics,3,343.95,10,1031.85,103.18,928.67,Card,Online,2026,8,August,10,Monday,False,928.67,309.56
TXN-0095271,2026-08-10,DXB-004,Dubai,CUST-07682,P005,Keyboard,Accessories,2,179.32,10,358.64,35.86,322.78,Card,Store,2026,8,August,10,Monday,False,322.78,161.39
TXN-0095313,2026-08-10,DXB-002,Dubai,CUST-03899,P014,Power Bank,Electronics,1,156.18,0,156.18,0.0,156.18,Apple Pay,Store,2026,8,August,10,Monday,False,156.18,156.18
TXN-0095371,2026-08-10,DXB-005,Dubai,CUST-00861,P011,Notebook,Stationery,4,23.93,15,95.72,14.36,81.36,Cash,Online,2026,8,August,10,Monday,False,81.36,20.34
TXN-0095373,2026-08-10,DXB-001,Dubai,CUST-07053,P011,Notebook,Stationery,2,21.83,0,43.66,0.0,43.66,Cash,Store,2026,8,August,10,Monday,False,43.66,21.83
TXN-0095442,2026-08-10,DXB-004,Dubai,CUST-01120,P008,Desk,Furniture,1,791.86,10,791.86,79.19,712.67,Cash,Online,2026,8,August,10,Monday,False,712.67,712.67
TXN-0095671,2026-08-10,DXB-004,Dubai,CUST-00344,P001,Laptop,Electronics,2,2826.33,10,5652.66,565.27,5087.39,Bank Transfer,Online,2026,8,August,10,Monday,False,5087.39,2543.7
TXN-0095672,2026-08-10,DXB-005,Dubai,CUST-03137,P013,USB Drive,Accessories,1,49.64,0,49.64,0.0,49.64,Card,Online,2026,8,August,10,Monday,False,49.64,49.64
TXN-0095674,2026-08-10,DXB-001,Dubai,CUST-03295,P003,Headphones,Electronics,1,317.82,0,317.82,0.0,317.82,Card,Store,2026,8,August,10,Monday,False,317.82,317.82
TXN-0095682,2026-08-10,DXB-001,Dubai,CUST-04294,P013,USB Drive,Accessories,5,42.54,0,212.7,0.0,212.7,Card,Online,2026,8,August,10,Monday,False,212.7,42.54
TXN-0095767,2026-08-10,DXB-002,Dubai,CUST-00339,P006,Mouse,Accessories,3,86.94,0,260.82,0.0,260.82,Bank Transfer,Store,2026,8,August,10,Monday,False,260.82,86.94
TXN-0095778,2026-08-10,DXB-001,Dubai,CUST-07241,P014,Power Bank,Electronics,3,154.69,0,464.07,0.0,464.07,Card,Store,2026,8,August,10,Monday,False,464.07,154.69
TXN-0095809,2026-08-10,DXB-003,Dubai,CUST-02646,P005,Keyboard,Accessories,1,189.41,10,189.41,18.94,170.47,Cash,Store,2026,8,August,10,Monday,False,170.47,170.47
TXN-0095846,2026-08-10,DXB-005,Dubai,CUST-07767,P007,Office Chair,Furniture,3,614.76,10,1844.28,184.43,1659.85,Card,Store,2026,8,August,10,Monday,False,1659.85,553.28
TXN-0095884,2026-08-10,DXB-005,Dubai,CUST-06646,P010,Printer,Office,3,713.95,10,2141.85,214.18,1927.67,Card,Store,2026,8,August,10,Monday,False,1927.67,642.56
TXN-0095948,2026-08-10,DXB-003,Dubai,CUST-07523,P011,Notebook,Stationery,1,24.55,0,24.55,0.0,24.55,Cash,Store,2026,8,August,10,Monday,False,24.55,24.55
TXN-0096061,2026-08-10,DXB-004,Dubai,CUST-02234,P001,Laptop,Electronics,1,2722.41,10,2722.41,272.24,2450.17,Apple Pay,Store,2026,8,August,10,Monday,False,2450.17,2450.17
TXN-0096072,2026-08-10,DXB-001,Dubai,CUST-06332,P003,Headphones,Electronics,1,358.23,15,358.23,53.73,304.5,Bank Transfer,Store,2026,8,August,10,Monday,False,304.5,304.5
TXN-0096132,2026-08-10,DXB-001,Dubai,CUST-06382,P007,Office Chair,Furniture,4,571.96,5,2287.84,114.39,2173.45,Card,Online,2026,8,August,10,Monday,False,2173.45,543.36
TXN-0096244,2026-08-10,DXB-001,Dubai,CUST-01420,P006,Mouse,Accessories,1,101.0,5,101.0,5.05,95.95,Apple Pay,Store,2026,8,August,10,Monday,False,95.95,95.95
TXN-0096261,2026-08-10,DXB-003,Dubai,CUST-03063,P009,Backpack,Accessories,3,220.75,0,662.25,0.0,662.25,Apple Pay,Online,2026,8,August,10,Monday,False,662.25,220.75
TXN-0096276,2026-08-10,DXB-003,Dubai,CUST-05317,P013,USB Drive,Accessories,1,40.06,15,40.06,6.01,34.05,Cash,Store,2026,8,August,10,Monday,False,34.05,34.05
TXN-0096299,2026-08-10,DXB-001,Dubai,CUST-06834,P006,Mouse,Accessories,3,91.34,0,274.02,0.0,274.02,Card,Store,2026,8,August,10,Monday,False,274.02,91.34
TXN-0096305,2026-08-10,DXB-005,Dubai,CUST-05278,P013,USB Drive,Accessories,2,39.6,0,79.2,0.0,79.2,Card,Online,2026,8,August,10,Monday,False,79.2,39.6
TXN-0096351,2026-08-10,DXB-002,Dubai,CUST-07147,P006,Mouse,Accessories,2,105.55,20,211.1,42.22,168.88,Apple Pay,Store,2026,8,August,10,Monday,False,168.88,84.44
TXN-0096512,2026-08-10,DXB-001,Dubai,CUST-04648,P015,Tablet,Electronics,1,1216.68,10,1216.68,121.67,1095.01,Card,Store,2026,8,August,10,Monday,False,1095.01,1095.01
TXN-0096529,2026-08-10,DXB-001,Dubai,CUST-02329,P013,USB Drive,Accessories,1,45.62,15,45.62,6.84,38.78,Card,Store,2026,8,August,10,Monday,False,38.78,38.78
TXN-0096550,2026-08-10,DXB-002,Dubai,CUST-01413,P003,Headphones,Electronics,1,335.76,10,335.76,33.58,302.18,Card,Online,2026,8,August,10,Monday,False,302.18,302.18
TXN-0096565,2026-08-10,DXB-002,Dubai,CUST-05342,P006,Mouse,Accessories,1,97.8,15,97.8,14.67,83.13,Cash,Online,2026,8,August,10,Monday,False,83.13,83.13
TXN-0096806,2026-08-10,DXB-001,Dubai,CUST-06779,P009,Backpack,Accessories,6,229.75,5,1378.5,68.92,1309.58,Card,Store,2026,8,August,10,Monday,False,1309.58,218.26
TXN-0096809,2026-08-10,DXB-005,Dubai,CUST-04765,P003,Headphones,Electronics,1,328.31,10,328.31,32.83,295.48,Cash,Store,2026,8,August,10,Monday,False,295.48,295.48
TXN-0096903,2026-08-10,DXB-003,Dubai,CUST-01579,P003,Headphones,Electronics,1,312.82,15,312.82,46.92,265.9,Apple Pay,Store,2026,8,August,10,Monday,False,265.9,265.9
TXN-0096974,2026-08-10,DXB-005,Dubai,CUST-05482,P014,Power Bank,Electronics,2,162.38,5,324.76,16.24,308.52,Card,Online,2026,8,August,10,Monday,False,308.52,154.26
TXN-0096987,2026-08-10,DXB-002,Dubai,CUST-05165,P002,Smartphone,Electronics,2,1778.08,15,3556.16,533.42,3022.74,Card,Store,2026,8,August,10,Monday,False,3022.74,1511.37
TXN-0097015,2026-08-10,DXB-004,Dubai,CUST-06088,P015,Tablet,Electronics,3,1227.53,10,3682.59,368.26,3314.33,Card,Store,2026,8,August,10,Monday,False,3314.33,1104.78
TXN-0097046,2026-08-10,DXB-003,Dubai,CUST-01697,P015,Tablet,Electronics,3,1240.39,15,3721.17,558.18,3162.99,Card,Store,2026,8,August,10,Monday,False,3162.99,1054.33
TXN-0097059,2026-08-10,DXB-003,Dubai,CUST-01816,P012,Pen Pack,Stationery,1,13.03,5,13.03,0.65,12.38,Card,Store,2026,8,August,10,Monday,False,12.38,12.38
TXN-0097105,2026-08-10,DXB-005,Dubai,CUST-00685,P004,Monitor,Electronics,1,959.78,5,959.78,47.99,911.79,Card,Store,2026,8,August,10,Monday,False,911.79,911.79
TXN-0097137,2026-08-10,DXB-001,Dubai,CUST-06642,P015,Tablet,Electronics,1,1155.13,5,1155.13,57.76,1097.37,Apple Pay,Online,2026,8,August,10,Monday,False,1097.37,1097.37
TXN-0097157,2026-08-10,DXB-002,Dubai,CUST-07349,P013,USB Drive,Accessories,2,49.63,0,99.26,0.0,99.26,Card,Online,2026,8,August,10,Monday,False,99.26,49.63
TXN-0097333,2026-08-10,DXB-004,Dubai,CUST-07720,P006,Mouse,Accessories,5,103.59,5,517.95,25.9,492.05,Bank Transfer,Store,2026,8,August,10,Monday,False,492.05,98.41
TXN-0097364,2026-08-10,DXB-002,Dubai,CUST-02970,P007,Office Chair,Furniture,2,560.13,10,1120.26,112.03,1008.23,Card,Online,2026,8,August,10,Monday,False,1008.23,504.12
TXN-0097410,2026-08-10,DXB-001,Dubai,CUST-04615,P007,Office Chair,Furniture,1,649.47,20,649.47,129.89,519.58,Cash,Online,2026,8,August,10,Monday,False,519.58,519.58
TXN-0097417,2026-08-10,DXB-005,Dubai,CUST-04679,P001,Laptop,Electronics,1,2760.54,5,2760.54,138.03,2622.51,Apple Pay,Online,2026,8,August,10,Monday,False,2622.51,2622.51
TXN-0097423,2026-08-10,DXB-005,Dubai,CUST-06471,P003,Headphones,Electronics,2,326.2,0,652.4,0.0,652.4,Card,Store,2026,8,August,10,Monday,False,652.4,326.2
TXN-0097429,2026-08-10,DXB-004,Dubai,CUST-02263,P006,Mouse,Accessories,4,97.82,0,391.28,0.0,391.28,Card,Store,2026,8,August,10,Monday,False,391.28,97.82
TXN-0097446,2026-08-10,DXB-002,Dubai,CUST-06180,P005,Keyboard,Accessories,3,197.66,10,592.98,59.3,533.68,Card,Store,2026,8,August,10,Monday,False,533.68,177.89
TXN-0097471,2026-08-10,DXB-003,Dubai,CUST-06958,P013,USB Drive,Accessories,1,42.62,0,42.62,0.0,42.62,Card,Store,2026,8,August,10,Monday,False,42.62,42.62
TXN-0097478,2026-08-10,DXB-002,Dubai,CUST-03628,P010,Printer,Office,2,644.59,5,1289.18,64.46,1224.72,Apple Pay,Store,2026,8,August,10,Monday,False,1224.72,612.36
TXN-0097770,2026-08-10,DXB-002,Dubai,CUST-02059,P006,Mouse,Accessories,1,105.17,0,105.17,0.0,105.17,Cash,Store,2026,8,August,10,Monday,False,105.17,105.17
TXN-0097788,2026-08-10,DXB-003,Dubai,CUST-03894,P010,Printer,Office,1,634.22,5,634.22,31.71,602.51,Bank Transfer,Online,2026,8,August,10,Monday,False,602.51,602.51
TXN-0097831,2026-08-10,DXB-002,Dubai,CUST-05195,P013,USB Drive,Accessories,1,45.73,10,45.73,4.57,41.16,Apple Pay,Online,2026,8,August,10,Monday,False,41.16,41.16
TXN-0097906,2026-08-10,DXB-005,Dubai,CUST-02455,P011,Notebook,Stationery,1,23.48,5,23.48,1.17,22.31,Card,Store,2026,8,August,10,Monday,False,22.31,22.31
TXN-0097911,2026-08-10,DXB-001,Dubai,CUST-05223,P001,Laptop,Electronics,1,3124.76,20,3124.76,624.95,2499.81,Card,Store,2026,8,August,10,Monday,False,2499.81,2499.81
TXN-0097963,2026-08-10,DXB-001,Dubai,CUST-05614,P010,Printer,Office,1,768.05,15,768.05,115.21,652.84,Card,Store,2026,8,August,10,Monday,False,652.84,652.84
TXN-0098022,2026-08-10,DXB-002,Dubai,CUST-00780,P009,Backpack,Accessories,2,221.7,0,443.4,0.0,443.4,Card,Online,2026,8,August,10,Monday,False,443.4,221.7
TXN-0098202,2026-08-10,DXB-002,Dubai,CUST-01769,P011,Notebook,Stationery,1,24.19,0,24.19,0.0,24.19,Cash,Store,2026,8,August,10,Monday,False,24.19,24.19
TXN-0098224,2026-08-10,DXB-004,Dubai,CUST-02356,P014,Power Bank,Electronics,1,128.44,10,128.44,12.84,115.6,Card,Store,2026,8,August,10,Monday,False,115.6,115.6
TXN-0098261,2026-08-10,DXB-005,Dubai,CUST-04024,P007,Office Chair,Furniture,1,626.36,10,626.36,62.64,563.72,Cash,Online,2026,8,August,10,Monday,False,563.72,563.72
TXN-0098339,2026-08-10,DXB-003,Dubai,CUST-07028,P003,Headphones,Electronics,1,342.2,0,342.2,0.0,342.2,Cash,Store,2026,8,August,10,Monday,False,342.2,342.2
TXN-0098371,2026-08-10,DXB-002,Dubai,CUST-04862,P015,Tablet,Electronics,1,1144.88,5,1144.88,57.24,1087.64,Card,Online,2026,8,August,10,Monday,False,1087.64,1087.64
TXN-0098459,2026-08-10,DXB-004,Dubai,CUST-04111,P009,Backpack,Accessories,1,208.13,10,208.13,20.81,187.32,Cash,Online,2026,8,August,10,Monday,False,187.32,187.32
TXN-0098544,2026-08-10,DXB-005,Dubai,CUST-03789,P003,Headphones,Electronics,1,358.76,5,358.76,17.94,340.82,Apple Pay,Store,2026,8,August,10,Monday,False,340.82,340.82
TXN-0098580,2026-08-10,DXB-001,Dubai,CUST-03228,P012,Pen Pack,Stationery,1,14.3,5,14.3,0.72,13.58,Cash,Online,2026,8,August,10,Monday,False,13.58,13.58
TXN-0098595,2026-08-10,DXB-002,Dubai,CUST-05326,P003,Headphones,Electronics,6,332.02,0,1992.12,0.0,1992.12,Cash,Store,2026,8,August,10,Monday,False,1992.12,332.02
TXN-0098611,2026-08-10,DXB-003,Dubai,CUST-01491,P003,Headphones,Electronics,1,326.73,10,326.73,32.67,294.06,Cash,Store,2026,8,August,10,Monday,False,294.06,294.06
TXN-0098678,2026-08-10,DXB-004,Dubai,CUST-07641,P003,Headphones,Electronics,1,373.93,5,373.93,18.7,355.23,Card,Store,2026,8,August,10,Monday,False,355.23,355.23
TXN-0098712,2026-08-10,DXB-001,Dubai,CUST-00749,P001,Laptop,Electronics,1,2777.9,15,2777.9,416.68,2361.22,Cash,Store,2026,8,August,10,Monday,False,2361.22,2361.22
TXN-0098797,2026-08-10,DXB-001,Dubai,CUST-03236,P012,Pen Pack,Stationery,1,14.66,0,14.66,0.0,14.66,Apple Pay,Store,2026,8,August,10,Monday,False,14.66,14.66
TXN-0098828,2026-08-10,DXB-002,Dubai,CUST-04239,P006,Mouse,Accessories,1,94.99,0,94.99,0.0,94.99,Card,Online,2026,8,August,10,Monday,False,94.99,94.99
TXN-0098840,2026-08-10,DXB-005,Dubai,CUST-02446,P014,Power Bank,Electronics,3,150.79,10,452.37,45.24,407.13,Cash,Store,2026,8,August,10,Monday,False,407.13,135.71
TXN-0098872,2026-08-10,DXB-003,Dubai,CUST-00133,P015,Tablet,Electronics,1,1294.89,10,1294.89,129.49,1165.4,Card,Store,2026,8,August,10,Monday,False,1165.4,1165.4
TXN-0098885,2026-08-10,DXB-002,Dubai,CUST-05375,P013,USB Drive,Accessories,1,42.73,0,42.73,0.0,42.73,Bank Transfer,Store,2026,8,August,10,Monday,False,42.73,42.73
TXN-0098934,2026-08-10,DXB-002,Dubai,CUST-06149,P015,Tablet,Electronics,1,1181.68,0,1181.68,0.0,1181.68,Card,Store,2026,8,August,10,Monday,False,1181.68,1181.68
TXN-0098999,2026-08-10,DXB-004,Dubai,CUST-01659,P012,Pen Pack,Stationery,1,14.64,0,14.64,0.0,14.64,Bank Transfer,Online,2026,8,August,10,Monday,False,14.64,14.64
TXN-0099050,2026-08-10,DXB-004,Dubai,CUST-06825,P015,Tablet,Electronics,2,1203.16,10,2406.32,240.63,2165.69,Cash,Online,2026,8,August,10,Monday,False,2165.69,1082.84
TXN-0099080,2026-08-10,DXB-002,Dubai,CUST-06738,P015,Tablet,Electronics,5,1104.57,0,5522.85,0.0,5522.85,Card,Store,2026,8,August,10,Monday,False,5522.85,1104.57
TXN-0099089,2026-08-10,DXB-005,Dubai,CUST-02879,P012,Pen Pack,Stationery,1,14.1,10,14.1,1.41,12.69,Apple Pay,Store,2026,8,August,10,Monday,False,12.69,12.69
TXN-0099335,2026-08-10,DXB-004,Dubai,CUST-05986,P012,Pen Pack,Stationery,2,14.07,0,28.14,0.0,28.14,Card,Store,2026,8,August,10,Monday,False,28.14,14.07
TXN-0099343,2026-08-10,DXB-001,Dubai,CUST-06203,P015,Tablet,Electronics,1,1241.7,5,1241.7,62.08,1179.62,Card,Store,2026,8,August,10,Monday,False,1179.62,1179.62
TXN-0099346,2026-08-10,DXB-004,Dubai,CUST-07079,P010,Printer,Office,1,836.62,10,836.62,83.66,752.96,Bank Transfer,Online,2026,8,August,10,Monday,False,752.96,752.96
TXN-0099357,2026-08-10,DXB-004,Dubai,CUST-00193,P013,USB Drive,Accessories,2,49.4,15,98.8,14.82,83.98,Apple Pay,Store,2026,8,August,10,Monday,False,83.98,41.99
TXN-0099360,2026-08-10,DXB-003,Dubai,CUST-06306,P012,Pen Pack,Stationery,1,15.06,10,15.06,1.51,13.55,Card,Store,2026,8,August,10,Monday,False,13.55,13.55
TXN-0099361,2026-08-10,DXB-004,Dubai,CUST-01743,P005,Keyboard,Accessories,1,191.27,0,191.27,0.0,191.27,Card,Store,2026,8,August,10,Monday,False,191.27,191.27
TXN-0099429,2026-08-10,DXB-003,Dubai,CUST-04074,P015,Tablet,Electronics,2,1182.34,20,2364.68,472.94,1891.74,Apple Pay,Store,2026,8,August,10,Monday,False,1891.74,945.87
TXN-0099457,2026-08-10,DXB-002,Dubai,CUST-07934,P009,Backpack,Accessories,2,213.59,0,427.18,0.0,427.18,Card,Store,2026,8,August,10,Monday,False,427.18,213.59
TXN-0099478,2026-08-10,DXB-004,Dubai,CUST-00068,P015,Tablet,Electronics,2,1183.84,5,2367.68,118.38,2249.3,Card,Store,2026,8,August,10,Monday,False,2249.3,1124.65
TXN-0099505,2026-08-10,DXB-005,Dubai,CUST-02545,P007,Office Chair,Furniture,2,575.88,0,1151.76,0.0,1151.76,Card,Online,2026,8,August,10,Monday,False,1151.76,575.88
TXN-0099540,2026-08-10,DXB-002,Dubai,CUST-02060,P010,Printer,Office,2,732.21,20,1464.42,292.88,1171.54,Card,Store,2026,8,August,10,Monday,False,1171.54,585.77
TXN-0099642,2026-08-10,DXB-003,Dubai,CUST-01786,P002,Smartphone,Electronics,3,1826.56,10,5479.68,547.97,4931.71,Apple Pay,Online,2026,8,August,10,Monday,False,4931.71,1643.9
TXN-0099695,2026-08-10,DXB-003,Dubai,CUST-01821,P013,USB Drive,Accessories,4,43.14,5,172.56,8.63,163.93,Apple Pay,Online,2026,8,August,10,Monday,False,163.93,40.98
TXN-0099762,2026-08-10,DXB-005,Dubai,CUST-03522,P002,Smartphone,Electronics,1,1789.51,10,1789.51,178.95,1610.56,Card,Store,2026,8,August,10,Monday,False,1610.56,1610.56
TXN-0099794,2026-08-10,DXB-005,Dubai,CUST-02955,P001,Laptop,Electronics,1,2753.39,0,2753.39,0.0,2753.39,Bank Transfer,Store,2026,8,August,10,Monday,False,2753.39,2753.39
TXN-0099808,2026-08-10,DXB-002,Dubai,CUST-02907,P010,Printer,Office,2,702.76,10,1405.52,140.55,1264.97,Card,Store,2026,8,August,10,Monday,False,1264.97,632.48
TXN-0099891,2026-08-10,DXB-002,Dubai,CUST-00071,P010,Printer,Office,3,711.73,0,2135.19,0.0,2135.19,Cash,Store,2026,8,August,10,Monday,False,2135.19,711.73
TXN-0099915,2026-08-10,DXB-002,Dubai,CUST-03152,P012,Pen Pack,Stationery,3,13.67,0,41.01,0.0,41.01,Card,Store,2026,8,August,10,Monday,False,41.01,13.67
TXN-0099964,2026-08-10,DXB-003,Dubai,CUST-00953,P005,Keyboard,Accessories,3,163.47,10,490.41,49.04,441.37,Apple Pay,Store,2026,8,August,10,Monday,False,441.37,147.12
TXN-0099987,2026-08-10,DXB-002,Dubai,CUST-06240,P015,Tablet,Electronics,1,1154.28,10,1154.28,115.43,1038.85,Cash,Store,2026,8,August,10,Monday,False,1038.85,1038.85
TXN-0100016,2026-08-10,DXB-003,Dubai,CUST-03192,P007,Office Chair,Furniture,1,643.77,0,643.77,0.0,643.77,Apple Pay,Store,2026,8,August,10,Monday,False,643.77,643.77
TXN-0100109,2026-08-10,DXB-005,Dubai,CUST-02621,P013,USB Drive,Accessories,2,46.96,5,93.92,4.7,89.22,Card,Store,2026,8,August,10,Monday,False,89.22,44.61
TXN-0100132,2026-08-10,DXB-004,Dubai,CUST-03543,P006,Mouse,Accessories,2,111.47,5,222.94,11.15,211.79,Card,Store,2026,8,August,10,Monday,False,211.79,105.9
TXN-0100169,2026-08-10,DXB-005,Dubai,CUST-02074,P012,Pen Pack,Stationery,1,15.14,0,15.14,0.0,15.14,Card,Store,2026,8,August,10,Monday,False,15.14,15.14
TXN-0100189,2026-08-10,DXB-001,Dubai,CUST-01933,P011,Notebook,Stationery,1,24.67,20,24.67,4.93,19.74,Apple Pay,Online,2026,8,August,10,Monday,False,19.74,19.74
TXN-0100193,2026-08-10,DXB-001,Dubai,CUST-06249,P013,USB Drive,Accessories,3,43.75,0,131.25,0.0,131.25,Cash,Online,2026,8,August,10,Monday,False,131.25,43.75
TXN-0100314,2026-08-10,DXB-001,Dubai,CUST-04094,P009,Backpack,Accessories,1,208.01,0,208.01,0.0,208.01,Apple Pay,Online,2026,8,August,10,Monday,False,208.01,208.01
TXN-0100317,2026-08-10,DXB-004,Dubai,CUST-02791,P005,Keyboard,Accessories,1,197.95,15,197.95,29.69,168.26,Cash,Store,2026,8,August,10,Monday,False,168.26,168.26
TXN-0100320,2026-08-10,DXB-004,Dubai,CUST-06086,P003,Headphones,Electronics,1,339.42,10,339.42,33.94,305.48,Cash,Store,2026,8,August,10,Monday,False,305.48,305.48
TXN-0100377,2026-08-10,DXB-004,Dubai,CUST-01176,P010,Printer,Office,6,697.2,5,4183.2,209.16,3974.04,Apple Pay,Online,2026,8,August,10,Monday,False,3974.04,662.34
TXN-0100408,2026-08-10,DXB-002,Dubai,CUST-07452,P007,Office Chair,Furniture,2,632.14,0,1264.28,0.0,1264.28,Card,Store,2026,8,August,10,Monday,False,1264.28,632.14
TXN-0100439,2026-08-10,DXB-002,Dubai,CUST-05888,P015,Tablet,Electronics,1,1255.92,20,1255.92,251.18,1004.74,Apple Pay,Store,2026,8,August,10,Monday,False,1004.74,1004.74
TXN-0100460,2026-08-10,DXB-004,Dubai,CUST-02253,P011,Notebook,Stationery,3,23.13,0,69.39,0.0,69.39,Card,Store,2026,8,August,10,Monday,False,69.39,23.13
TXN-0100470,2026-08-10,DXB-005,Dubai,CUST-03884,P015,Tablet,Electronics,3,1032.06,10,3096.18,309.62,2786.56,Apple Pay,Store,2026,8,August,10,Monday,False,2786.56,928.85
TXN-0100487,2026-08-10,DXB-002,Dubai,CUST-06948,P014,Power Bank,Electronics,1,144.37,10,144.37,14.44,129.93,Bank Transfer,Store,2026,8,August,10,Monday,False,129.93,129.93
TXN-0100515,2026-08-10,DXB-001,Dubai,CUST-07018,P011,Notebook,Stationery,3,26.64,0,79.92,0.0,79.92,Bank Transfer,Online,2026,8,August,10,Monday,False,79.92,26.64
TXN-0100590,2026-08-10,DXB-002,Dubai,CUST-00226,P013,USB Drive,Accessories,3,47.67,0,143.01,0.0,143.01,Card,Store,2026,8,August,10,Monday,False,143.01,47.67
TXN-0100605,2026-08-10,DXB-003,Dubai,CUST-04400,P015,Tablet,Electronics,2,1113.65,10,2227.3,222.73,2004.57,Card,Store,2026,8,August,10,Monday,False,2004.57,1002.28
TXN-0100660,2026-08-10,DXB-004,Dubai,CUST-07771,P011,Notebook,Stationery,1,22.2,15,22.2,3.33,18.87,Card,Store,2026,8,August,10,Monday,False,18.87,18.87
TXN-0100667,2026-08-10,DXB-001,Dubai,CUST-00574,P014,Power Bank,Electronics,2,139.72,10,279.44,27.94,251.5,Card,Store,2026,8,August,10,Monday,False,251.5,125.75
TXN-0100788,2026-08-10,DXB-003,Dubai,CUST-01323,P010,Printer,Office,2,683.69,0,1367.38,0.0,1367.38,Cash,Store,2026,8,August,10,Monday,False,1367.38,683.69
TXN-0100887,2026-08-10,DXB-001,Dubai,CUST-00193,P010,Printer,Office,2,690.52,5,1381.04,69.05,1311.99,Cash,Store,2026,8,August,10,Monday,False,1311.99,656.0
TXN-0100921,2026-08-10,DXB-003,Dubai,CUST-05438,P006,Mouse,Accessories,1,97.09,10,97.09,9.71,87.38,Card,Store,2026,8,August,10,Monday,False,87.38,87.38
TXN-0101048,2026-08-10,DXB-003,Dubai,CUST-07122,P001,Laptop,Electronics,3,2799.21,15,8397.63,1259.64,7137.99,Card,Store,2026,8,August,10,Monday,False,7137.99,2379.33
TXN-0101062,2026-08-10,DXB-001,Dubai,CUST-01248,P008,Desk,Furniture,1,806.74,15,806.74,121.01,685.73,Card,Store,2026,8,August,10,Monday,False,685.73,685.73
TXN-0101090,2026-08-10,DXB-003,Dubai,CUST-05233,P007,Office Chair,Furniture,1,612.14,5,612.14,30.61,581.53,Card,Online,2026,8,August,10,Monday,False,581.53,581.53
TXN-0101182,2026-08-10,DXB-002,Dubai,CUST-01095,P013,USB Drive,Accessories,1,46.51,10,46.51,4.65,41.86,Card,Store,2026,8,August,10,Monday,False,41.86,41.86
TXN-0101320,2026-08-10,DXB-002,Dubai,CUST-05969,P008,Desk,Furniture,2,805.92,5,1611.84,80.59,1531.25,Cash,Store,2026,8,August,10,Monday,False,1531.25,765.62
TXN-0101336,2026-08-10,DXB-002,Dubai,CUST-01404,P010,Printer,Office,2,734.79,0,1469.58,0.0,1469.58,Card,Store,2026,8,August,10,Monday,False,1469.58,734.79
TXN-0101385,2026-08-10,DXB-001,Dubai,CUST-04252,P009,Backpack,Accessories,2,238.09,15,476.18,71.43,404.75,Apple Pay,Online,2026,8,August,10,Monday,False,404.75,202.38
TXN-0101388,2026-08-10,DXB-002,Dubai,CUST-02439,P012,Pen Pack,Stationery,2,13.53,10,27.06,2.71,24.35,Cash,Store,2026,8,August,10,Monday,False,24.35,12.18
TXN-0101505,2026-08-10,DXB-003,Dubai,CUST-00543,P001,Laptop,Electronics,1,3078.72,5,3078.72,153.94,2924.78,Card,Store,2026,8,August,10,Monday,False,2924.78,2924.78
TXN-0101579,2026-08-10,DXB-002,Dubai,CUST-02804,P003,Headphones,Electronics,1,375.86,0,375.86,0.0,375.86,Apple Pay,Store,2026,8,August,10,Monday,False,375.86,375.86
TXN-0101601,2026-08-10,DXB-004,Dubai,CUST-00264,P001,Laptop,Electronics,4,2772.18,5,11088.72,554.44,10534.28,Card,Store,2026,8,August,10,Monday,False,10534.28,2633.57
TXN-0101675,2026-08-10,DXB-005,Dubai,CUST-01990,P003,Headphones,Electronics,5,353.72,0,1768.6,0.0,1768.6,Cash,Online,2026,8,August,10,Monday,False,1768.6,353.72
TXN-0101687,2026-08-10,DXB-003,Dubai,CUST-07036,P006,Mouse,Accessories,2,99.4,15,198.8,29.82,168.98,Card,Online,2026,8,August,10,Monday,False,168.98,84.49
TXN-0101708,2026-08-10,DXB-002,Dubai,CUST-03883,P005,Keyboard,Accessories,1,191.49,10,191.49,19.15,172.34,Apple Pay,Store,2026,8,August,10,Monday,False,172.34,172.34
TXN-0101808,2026-08-10,DXB-001,Dubai,CUST-03259,P009,Backpack,Accessories,3,208.68,15,626.04,93.91,532.13,Cash,Store,2026,8,August,10,Monday,False,532.13,177.38
TXN-0101816,2026-08-10,DXB-001,Dubai,CUST-04237,P001,Laptop,Electronics,3,2442.92,10,7328.76,732.88,6595.88,Card,Store,2026,8,August,10,Monday,False,6595.88,2198.63
TXN-0101832,2026-08-10,DXB-002,Dubai,CUST-04992,P011,Notebook,Stationery,1,25.08,10,25.08,2.51,22.57,Cash,Online,2026,8,August,10,Monday,False,22.57,22.57
TXN-0101837,2026-08-10,DXB-001,Dubai,CUST-06061,P005,Keyboard,Accessories,1,168.32,5,168.32,8.42,159.9,Apple Pay,Online,2026,8,August,10,Monday,False,159.9,159.9
TXN-0101861,2026-08-10,DXB-001,Dubai,CUST-06871,P006,Mouse,Accessories,1,98.09,15,98.09,14.71,83.38,Cash,Online,2026,8,August,10,Monday,False,83.38,83.38
TXN-0101894,2026-08-10,DXB-001,Dubai,CUST-05042,P015,Tablet,Electronics,1,1091.18,15,1091.18,163.68,927.5,Card,Store,2026,8,August,10,Monday,False,927.5,927.5
TXN-0101930,2026-08-10,DXB-002,Dubai,CUST-05845,P007,Office Chair,Furniture,4,754.31,0,3017.24,0.0,3017.24,Apple Pay,Store,2026,8,August,10,Monday,False,3017.24,754.31
TXN-0101936,2026-08-10,DXB-002,Dubai,CUST-03979,P015,Tablet,Electronics,1,1250.83,5,1250.83,62.54,1188.29,Card,Online,2026,8,August,10,Monday,False,1188.29,1188.29
TXN-0102072,2026-08-10,DXB-003,Dubai,CUST-05530,P008,Desk,Furniture,1,812.55,20,812.55,162.51,650.04,Bank Transfer,Store,2026,8,August,10,Monday,False,650.04,650.04
TXN-0102188,2026-08-10,DXB-004,Dubai,CUST-05210,P011,Notebook,Stationery,1,25.53,0,25.53,0.0,25.53,Cash,Store,2026,8,August,10,Monday,False,25.53,25.53
TXN-0102232,2026-08-10,DXB-001,Dubai,CUST-01329,P011,Notebook,Stationery,4,22.87,10,91.48,9.15,82.33,Apple Pay,Store,2026,8,August,10,Monday,False,82.33,20.58
TXN-0102288,2026-08-10,DXB-003,Dubai,CUST-01918,P001,Laptop,Electronics,1,2762.42,0,2762.42,0.0,2762.42,Card,Online,2026,8,August,10,Monday,False,2762.42,2762.42
TXN-0102390,2026-08-10,DXB-002,Dubai,CUST-02129,P014,Power Bank,Electronics,1,136.52,5,136.52,6.83,129.69,Card,Online,2026,8,August,10,Monday,False,129.69,129.69
TXN-0102401,2026-08-10,DXB-005,Dubai,CUST-04275,P006,Mouse,Accessories,2,103.23,0,206.46,0.0,206.46,Cash,Online,2026,8,August,10,Monday,False,206.46,103.23
TXN-0102477,2026-08-10,DXB-002,Dubai,CUST-02660,P011,Notebook,Stationery,1,23.78,0,23.78,0.0,23.78,Cash,Online,2026,8,August,10,Monday,False,23.78,23.78
TXN-0102493,2026-08-10,DXB-004,Dubai,CUST-04286,P008,Desk,Furniture,6,699.1,5,4194.6,209.73,3984.87,Card,Store,2026,8,August,10,Monday,False,3984.87,664.14
TXN-0102509,2026-08-10,DXB-001,Dubai,CUST-02985,P012,Pen Pack,Stationery,2,15.28,10,30.56,3.06,27.5,Card,Store,2026,8,August,10,Monday,False,27.5,13.75
TXN-0102510,2026-08-10,DXB-001,Dubai,CUST-04668,P015,Tablet,Electronics,3,1125.86,15,3377.58,506.64,2870.94,Card,Store,2026,8,August,10,Monday,False,2870.94,956.98
TXN-0102545,2026-08-10,DXB-001,Dubai,CUST-05726,P014,Power Bank,Electronics,3,134.82,15,404.46,60.67,343.79,Apple Pay,Store,2026,8,August,10,Monday,False,343.79,114.6
TXN-0102718,2026-08-10,DXB-001,Dubai,CUST-07391,P002,Smartphone,Electronics,1,1852.21,20,1852.21,370.44,1481.77,Cash,Store,2026,8,August,10,Monday,False,1481.77,1481.77
TXN-0102786,2026-08-10,DXB-002,Dubai,CUST-02271,P005,Keyboard,Accessories,2,193.59,10,387.18,38.72,348.46,Card,Store,2026,8,August,10,Monday,False,348.46,174.23
TXN-0102838,2026-08-10,DXB-001,Dubai,CUST-03380,P010,Printer,Office,2,707.3,0,1414.6,0.0,1414.6,Card,Store,2026,8,August,10,Monday,False,1414.6,707.3
TXN-0102984,2026-08-10,DXB-002,Dubai,CUST-01777,P008,Desk,Furniture,6,863.87,5,5183.22,259.16,4924.06,Card,Online,2026,8,August,10,Monday,False,4924.06,820.68
TXN-0103039,2026-08-10,DXB-002,Dubai,CUST-02503,P004,Monitor,Electronics,2,829.81,0,1659.62,0.0,1659.62,Card,Online,2026,8,August,10,Monday,False,1659.62,829.81
TXN-0103049,2026-08-10,DXB-001,Dubai,CUST-02719,P012,Pen Pack,Stationery,1,14.24,10,14.24,1.42,12.82,Card,Store,2026,8,August,10,Monday,False,12.82,12.82
TXN-0103094,2026-08-10,DXB-002,Dubai,CUST-07325,P004,Monitor,Electronics,2,843.94,5,1687.88,84.39,1603.49,Card,Store,2026,8,August,10,Monday,False,1603.49,801.74
TXN-0103180,2026-08-10,DXB-002,Dubai,CUST-01145,P006,Mouse,Accessories,1,89.21,0,89.21,0.0,89.21,Card,Online,2026,8,August,10,Monday,False,89.21,89.21
TXN-0103238,2026-08-10,DXB-002,Dubai,CUST-04730,P014,Power Bank,Electronics,2,158.57,10,317.14,31.71,285.43,Bank Transfer,Store,2026,8,August,10,Monday,False,285.43,142.72
TXN-0103295,2026-08-10,DXB-001,Dubai,CUST-06902,P006,Mouse,Accessories,1,103.91,10,103.91,10.39,93.52,Cash,Store,2026,8,August,10,Monday,False,93.52,93.52
TXN-0103398,2026-08-10,DXB-004,Dubai,CUST-02258,P008,Desk,Furniture,3,804.68,0,2414.04,0.0,2414.04,Card,Online,2026,8,August,10,Monday,False,2414.04,804.68
TXN-0103418,2026-08-10,DXB-002,Dubai,CUST-05692,P015,Tablet,Electronics,4,1164.42,0,4657.68,0.0,4657.68,Card,Store,2026,8,August,10,Monday,False,4657.68,1164.42
TXN-0103531,2026-08-10,DXB-002,Dubai,CUST-00726,P010,Printer,Office,1,746.33,15,746.33,111.95,634.38,Card,Store,2026,8,August,10,Monday,False,634.38,634.38
TXN-0103532,2026-08-10,DXB-004,Dubai,CUST-01645,P003,Headphones,Electronics,1,368.12,15,368.12,55.22,312.9,Cash,Online,2026,8,August,10,Monday,False,312.9,312.9
TXN-0103538,2026-08-10,DXB-004,Dubai,CUST-04204,P005,Keyboard,Accessories,1,191.27,10,191.27,19.13,172.14,Cash,Store,2026,8,August,10,Monday,False,172.14,172.14
TXN-0103597,2026-08-10,DXB-002,Dubai,CUST-07182,P006,Mouse,Accessories,1,97.38,20,97.38,19.48,77.9,Card,Store,2026,8,August,10,Monday,False,77.9,77.9
TXN-0103620,2026-08-10,DXB-004,Dubai,CUST-03214,P001,Laptop,Electronics,1,2874.64,0,2874.64,0.0,2874.64,Card,Store,2026,8,August,10,Monday,False,2874.64,2874.64
TXN-0103654,2026-08-10,DXB-002,Dubai,CUST-07221,P004,Monitor,Electronics,3,875.15,10,2625.45,262.54,2362.91,Card,Store,2026,8,August,10,Monday,False,2362.91,787.64
TXN-0103670,2026-08-10,DXB-004,Dubai,CUST-02160,P012,Pen Pack,Stationery,1,14.66,0,14.66,0.0,14.66,Apple Pay,Store,2026,8,August,10,Monday,False,14.66,14.66
TXN-0103671,2026-08-10,DXB-004,Dubai,CUST-01856,P006,Mouse,Accessories,1,100.93,10,100.93,10.09,90.84,Card,Store,2026,8,August,10,Monday,False,90.84,90.84
TXN-0103690,2026-08-10,DXB-004,Dubai,CUST-07297,P012,Pen Pack,Stationery,2,15.5,10,31.0,3.1,27.9,Card,Store,2026,8,August,10,Monday,False,27.9,13.95
TXN-0103697,2026-08-10,DXB-004,Dubai,CUST-03716,P006,Mouse,Accessories,2,95.52,15,191.04,28.66,162.38,Bank Transfer,Store,2026,8,August,10,Monday,False,162.38,81.19
TXN-0103747,2026-08-10,DXB-001,Dubai,CUST-05469,P008,Desk,Furniture,1,812.38,0,812.38,0.0,812.38,Apple Pay,Online,2026,8,August,10,Monday,False,812.38,812.38
TXN-0103787,2026-08-10,DXB-002,Dubai,CUST-07929,P015,Tablet,Electronics,2,1202.19,5,2404.38,120.22,2284.16,Card,Store,2026,8,August,10,Monday,False,2284.16,1142.08
TXN-0103827,2026-08-10,DXB-003,Dubai,CUST-02169,P004,Monitor,Electronics,3,989.11,0,2967.33,0.0,2967.33,Apple Pay,Store,2026,8,August,10,Monday,False,2967.33,989.11
TXN-0103874,2026-08-10,DXB-005,Dubai,CUST-03526,P004,Monitor,Electronics,1,1002.91,15,1002.91,150.44,852.47,Card,Online,2026,8,August,10,Monday,False,852.47,852.47
TXN-0103888,2026-08-10,DXB-002,Dubai,CUST-00236,P011,Notebook,Stationery,2,25.84,5,51.68,2.58,49.1,Card,Online,2026,8,August,10,Monday,False,49.1,24.55
TXN-0103983,2026-08-10,DXB-005,Dubai,CUST-06881,P003,Headphones,Electronics,1,319.67,5,319.67,15.98,303.69,Cash,Store,2026,8,August,10,Monday,False,303.69,303.69
TXN-0104076,2026-08-10,DXB-001,Dubai,CUST-01892,P001,Laptop,Electronics,1,2882.54,5,2882.54,144.13,2738.41,Apple Pay,Store,2026,8,August,10,Monday,False,2738.41,2738.41
TXN-0104102,2026-08-10,DXB-003,Dubai,CUST-07035,P001,Laptop,Electronics,1,2971.79,0,2971.79,0.0,2971.79,Apple Pay,Store,2026,8,August,10,Monday,False,2971.79,2971.79
TXN-0104175,2026-08-10,DXB-005,Dubai,CUST-00550,P015,Tablet,Electronics,2,1221.52,5,2443.04,122.15,2320.89,Card,Store,2026,8,August,10,Monday,False,2320.89,1160.44
TXN-0104205,2026-08-10,DXB-005,Dubai,CUST-06675,P002,Smartphone,Electronics,1,1722.7,0,1722.7,0.0,1722.7,Card,Online,2026,8,August,10,Monday,False,1722.7,1722.7
TXN-0104216,2026-08-10,DXB-004,Dubai,CUST-04269,P011,Notebook,Stationery,2,26.39,5,52.78,2.64,50.14,Bank Transfer,Store,2026,8,August,10,Monday,False,50.14,25.07
TXN-0104280,2026-08-10,DXB-005,Dubai,CUST-03337,P006,Mouse,Accessories,2,105.35,0,210.7,0.0,210.7,Bank Transfer,Store,2026,8,August,10,Monday,False,210.7,105.35
TXN-0104281,2026-08-10,DXB-001,Dubai,CUST-00908,P012,Pen Pack,Stationery,1,15.95,0,15.95,0.0,15.95,Bank Transfer,Store,2026,8,August,10,Monday,False,15.95,15.95
TXN-0104459,2026-08-10,DXB-001,Dubai,CUST-00759,P014,Power Bank,Electronics,1,146.16,0,146.16,0.0,146.16,Bank Transfer,Store,2026,8,August,10,Monday,False,146.16,146.16
TXN-0104479,2026-08-10,DXB-003,Dubai,CUST-01566,P014,Power Bank,Electronics,3,145.71,5,437.13,21.86,415.27,Cash,Store,2026,8,August,10,Monday,False,415.27,138.42
TXN-0104509,2026-08-10,DXB-005,Dubai,CUST-07406,P006,Mouse,Accessories,1,88.22,10,88.22,8.82,79.4,Card,Store,2026,8,August,10,Monday,False,79.4,79.4
TXN-0104517,2026-08-10,DXB-004,Dubai,CUST-06604,P014,Power Bank,Electronics,2,155.95,5,311.9,15.6,296.3,Cash,Store,2026,8,August,10,Monday,False,296.3,148.15
TXN-0104666,2026-08-10,DXB-003,Dubai,CUST-06462,P012,Pen Pack,Stationery,4,14.89,0,59.56,0.0,59.56,Cash,Store,2026,8,August,10,Monday,False,59.56,14.89
TXN-0104729,2026-08-10,DXB-005,Dubai,CUST-03005,P002,Smartphone,Electronics,1,1877.66,5,1877.66,93.88,1783.78,Card,Online,2026,8,August,10,Monday,False,1783.78,1783.78
TXN-0104752,2026-08-10,DXB-001,Dubai,CUST-00329,P007,Office Chair,Furniture,1,648.28,0,648.28,0.0,648.28,Bank Transfer,Store,2026,8,August,10,Monday,False,648.28,648.28
TXN-0104755,2026-08-10,DXB-001,Dubai,CUST-07800,P012,Pen Pack,Stationery,3,14.6,15,43.8,6.57,37.23,Card,Store,2026,8,August,10,Monday,False,37.23,12.41
TXN-0104814,2026-08-10,DXB-005,Dubai,CUST-04745,P003,Headphones,Electronics,3,347.99,10,1043.97,104.4,939.57,Apple Pay,Online,2026,8,August,10,Monday,False,939.57,313.19
TXN-0104863,2026-08-10,DXB-002,Dubai,CUST-06898,P009,Backpack,Accessories,1,212.7,20,212.7,42.54,170.16,Card,Store,2026,8,August,10,Monday,False,170.16,170.16
TXN-0104884,2026-08-10,DXB-005,Dubai,CUST-02061,P013,USB Drive,Accessories,1,45.2,15,45.2,6.78,38.42,Apple Pay,Store,2026,8,August,10,Monday,False,38.42,38.42
TXN-0105025,2026-08-10,DXB-001,Dubai,CUST-04453,P009,Backpack,Accessories,1,232.95,10,232.95,23.3,209.65,Apple Pay,Online,2026,8,August,10,Monday,False,209.65,209.65
TXN-0105039,2026-08-10,DXB-003,Dubai,CUST-02446,P004,Monitor,Electronics,1,795.41,10,795.41,79.54,715.87,Apple Pay,Store,2026,8,August,10,Monday,False,715.87,715.87
TXN-0105086,2026-08-10,DXB-002,Dubai,CUST-07518,P010,Printer,Office,1,684.85,5,684.85,34.24,650.61,Card,Online,2026,8,August,10,Monday,False,650.61,650.61
TXN-0105165,2026-08-10,DXB-004,Dubai,CUST-07265,P011,Notebook,Stationery,3,21.95,5,65.85,3.29,62.56,Card,Store,2026,8,August,10,Monday,False,62.56,20.85
TXN-0105169,2026-08-10,DXB-003,Dubai,CUST-02946,P009,Backpack,Accessories,1,214.23,5,214.23,10.71,203.52,Card,Store,2026,8,August,10,Monday,False,203.52,203.52
TXN-0105183,2026-08-10,DXB-005,Dubai,CUST-04011,P012,Pen Pack,Stationery,2,15.98,10,31.96,3.2,28.76,Cash,Store,2026,8,August,10,Monday,False,28.76,14.38
TXN-0105186,2026-08-10,DXB-001,Dubai,CUST-04970,P007,Office Chair,Furniture,3,644.49,5,1933.47,96.67,1836.8,Cash,Store,2026,8,August,10,Monday,False,1836.8,612.27
TXN-0105220,2026-08-10,DXB-004,Dubai,CUST-00630,P003,Headphones,Electronics,4,355.32,20,1421.28,284.26,1137.02,Apple Pay,Online,2026,8,August,10,Monday,False,1137.02,284.26
TXN-0105244,2026-08-10,DXB-002,Dubai,CUST-02135,P005,Keyboard,Accessories,1,171.96,15,171.96,25.79,146.17,Card,Store,2026,8,August,10,Monday,False,146.17,146.17
TXN-0105262,2026-08-10,DXB-001,Dubai,CUST-04963,P003,Headphones,Electronics,2,331.66,0,663.32,0.0,663.32,Bank Transfer,Store,2026,8,August,10,Monday,False,663.32,331.66
TXN-0105289,2026-08-10,DXB-003,Dubai,CUST-05585,P014,Power Bank,Electronics,2,136.69,0,273.38,0.0,273.38,Card,Store,2026,8,August,10,Monday,False,273.38,136.69
TXN-0105340,2026-08-10,DXB-002,Dubai,CUST-01139,P010,Printer,Office,1,790.09,0,790.09,0.0,790.09,Apple Pay,Online,2026,8,August,10,Monday,False,790.09,790.09
TXN-0105346,2026-08-10,DXB-002,Dubai,CUST-05582,P014,Power Bank,Electronics,3,157.91,0,473.73,0.0,473.73,Cash,Store,2026,8,August,10,Monday,False,473.73,157.91
TXN-0105424,2026-08-10,DXB-001,Dubai,CUST-05614,P006,Mouse,Accessories,1,105.24,0,105.24,0.0,105.24,Card,Store,2026,8,August,10,Monday,False,105.24,105.24
TXN-0105706,2026-08-10,DXB-002,Dubai,CUST-04613,P014,Power Bank,Electronics,2,144.49,0,288.98,0.0,288.98,Card,Store,2026,8,August,10,Monday,False,288.98,144.49
TXN-0105730,2026-08-10,DXB-004,Dubai,CUST-04839,P005,Keyboard,Accessories,3,178.5,10,535.5,53.55,481.95,Cash,Store,2026,8,August,10,Monday,False,481.95,160.65
TXN-0105792,2026-08-10,DXB-005,Dubai,CUST-07809,P003,Headphones,Electronics,3,361.13,10,1083.39,108.34,975.05,Bank Transfer,Store,2026,8,August,10,Monday,False,975.05,325.02
TXN-0105912,2026-08-10,DXB-004,Dubai,CUST-04011,P008,Desk,Furniture,2,844.08,0,1688.16,0.0,1688.16,Bank Transfer,Store,2026,8,August,10,Monday,False,1688.16,844.08
TXN-0105915,2026-08-10,DXB-001,Dubai,CUST-00292,P013,USB Drive,Accessories,2,49.08,15,98.16,14.72,83.44,Apple Pay,Online,2026,8,August,10,Monday,False,83.44,41.72
TXN-0105922,2026-08-10,DXB-001,Dubai,CUST-05569,P001,Laptop,Electronics,3,2590.32,10,7770.96,777.1,6993.86,Cash,Store,2026,8,August,10,Monday,False,6993.86,2331.29
TXN-0106018,2026-08-10,DXB-002,Dubai,CUST-04691,P001,Laptop,Electronics,1,2652.67,15,2652.67,397.9,2254.77,Cash,Store,2026,8,August,10,Monday,False,2254.77,2254.77
TXN-0106090,2026-08-10,DXB-003,Dubai,CUST-00957,P009,Backpack,Accessories,1,222.15,15,222.15,33.32,188.83,Card,Store,2026,8,August,10,Monday,False,188.83,188.83
TXN-0106101,2026-08-10,DXB-003,Dubai,CUST-04428,P002,Smartphone,Electronics,1,1830.58,5,1830.58,91.53,1739.05,Cash,Online,2026,8,August,10,Monday,False,1739.05,1739.05
TXN-0106104,2026-08-10,DXB-003,Dubai,CUST-00705,P011,Notebook,Stationery,1,25.71,0,25.71,0.0,25.71,Card,Store,2026,8,August,10,Monday,False,25.71,25.71
TXN-0106154,2026-08-10,DXB-002,Dubai,CUST-04671,P005,Keyboard,Accessories,1,185.45,0,185.45,0.0,185.45,Cash,Store,2026,8,August,10,Monday,False,185.45,185.45
TXN-0106165,2026-08-10,DXB-002,Dubai,CUST-05322,P011,Notebook,Stationery,3,27.69,10,83.07,8.31,74.76,Cash,Store,2026,8,August,10,Monday,False,74.76,24.92
TXN-0106177,2026-08-10,DXB-001,Dubai,CUST-04375,P005,Keyboard,Accessories,2,180.55,0,361.1,0.0,361.1,Apple Pay,Store,2026,8,August,10,Monday,False,361.1,180.55
TXN-0106236,2026-08-10,DXB-004,Dubai,CUST-00486,P002,Smartphone,Electronics,2,1804.01,0,3608.02,0.0,3608.02,Card,Store,2026,8,August,10,Monday,False,3608.02,1804.01
TXN-0106265,2026-08-10,DXB-004,Dubai,CUST-03917,P010,Printer,Office,3,759.57,0,2278.71,0.0,2278.71,Apple Pay,Store,2026,8,August,10,Monday,False,2278.71,759.57
TXN-0106417,2026-08-10,DXB-001,Dubai,CUST-04736,P015,Tablet,Electronics,2,1261.22,10,2522.44,252.24,2270.2,Card,Store,2026,8,August,10,Monday,False,2270.2,1135.1
TXN-0106474,2026-08-10,DXB-002,Dubai,CUST-03917,P008,Desk,Furniture,2,833.28,10,1666.56,166.66,1499.9,Card,Online,2026,8,August,10,Monday,False,1499.9,749.95
TXN-0106517,2026-08-10,DXB-003,Dubai,CUST-06343,P013,USB Drive,Accessories,2,44.21,5,88.42,4.42,84.0,Card,Store,2026,8,August,10,Monday,False,84.0,42.0
TXN-0106538,2026-08-10,DXB-001,Dubai,CUST-06562,P012,Pen Pack,Stationery,2,14.29,15,28.58,4.29,24.29,Cash,Store,2026,8,August,10,Monday,False,24.29,12.14
TXN-0106541,2026-08-10,DXB-003,Dubai,CUST-04509,P014,Power Bank,Electronics,3,169.13,0,507.39,0.0,507.39,Apple Pay,Online,2026,8,August,10,Monday,False,507.39,169.13
TXN-0106674,2026-08-10,DXB-001,Dubai,CUST-03301,P009,Backpack,Accessories,1,224.84,0,224.84,0.0,224.84,Bank Transfer,Store,2026,8,August,10,Monday,False,224.84,224.84
TXN-0106718,2026-08-10,DXB-004,Dubai,CUST-06272,P009,Backpack,Accessories,4,242.72,5,970.88,48.54,922.34,Apple Pay,Store,2026,8,August,10,Monday,False,922.34,230.58
TXN-0106720,2026-08-10,DXB-005,Dubai,CUST-03142,P014,Power Bank,Electronics,3,147.72,5,443.16,22.16,421.0,Card,Store,2026,8,August,10,Monday,False,421.0,140.33
TXN-0106739,2026-08-10,DXB-004,Dubai,CUST-02656,P003,Headphones,Electronics,1,316.79,5,316.79,15.84,300.95,Card,Store,2026,8,August,10,Monday,False,300.95,300.95
TXN-0106740,2026-08-10,DXB-002,Dubai,CUST-03867,P012,Pen Pack,Stationery,2,14.8,15,29.6,4.44,25.16,Card,Store,2026,8,August,10,Monday,False,25.16,12.58
TXN-0106852,2026-08-10,DXB-001,Dubai,CUST-00519,P006,Mouse,Accessories,3,90.32,5,270.96,13.55,257.41,Cash,Online,2026,8,August,10,Monday,False,257.41,85.8
TXN-0106912,2026-08-10,DXB-004,Dubai,CUST-07361,P004,Monitor,Electronics,3,926.66,10,2779.98,278.0,2501.98,Card,Store,2026,8,August,10,Monday,False,2501.98,833.99
TXN-0107032,2026-08-10,DXB-001,Dubai,CUST-04214,P006,Mouse,Accessories,1,93.51,15,93.51,14.03,79.48,Card,Store,2026,8,August,10,Monday,False,79.48,79.48
TXN-0107075,2026-08-10,DXB-002,Dubai,CUST-07593,P006,Mouse,Accessories,1,100.71,20,100.71,20.14,80.57,Cash,Store,2026,8,August,10,Monday,False,80.57,80.57
TXN-0107124,2026-08-10,DXB-004,Dubai,CUST-06743,P008,Desk,Furniture,1,802.95,10,802.95,80.3,722.65,Card,Store,2026,8,August,10,Monday,False,722.65,722.65
TXN-0107143,2026-08-10,DXB-005,Dubai,CUST-06974,P004,Monitor,Electronics,2,912.2,0,1824.4,0.0,1824.4,Bank Transfer,Store,2026,8,August,10,Monday,False,1824.4,912.2
TXN-0107257,2026-08-10,DXB-001,Dubai,CUST-01138,P007,Office Chair,Furniture,3,630.19,0,1890.57,0.0,1890.57,Card,Store,2026,8,August,10,Monday,False,1890.57,630.19
TXN-0107259,2026-08-10,DXB-005,Dubai,CUST-00513,P001,Laptop,Electronics,1,2729.49,0,2729.49,0.0,2729.49,Apple Pay,Store,2026,8,August,10,Monday,False,2729.49,2729.49
TXN-0107346,2026-08-10,DXB-004,Dubai,CUST-06762,P001,Laptop,Electronics,2,3065.88,5,6131.76,306.59,5825.17,Card,Store,2026,8,August,10,Monday,False,5825.17,2912.58
TXN-0107428,2026-08-10,DXB-001,Dubai,CUST-03927,P014,Power Bank,Electronics,1,167.27,0,167.27,0.0,167.27,Cash,Online,2026,8,August,10,Monday,False,167.27,167.27
TXN-0107453,2026-08-10,DXB-001,Dubai,CUST-02913,P007,Office Chair,Furniture,1,675.88,15,675.88,101.38,574.5,Card,Store,2026,8,August,10,Monday,False,574.5,574.5
TXN-0107549,2026-08-10,DXB-002,Dubai,CUST-00490,P007,Office Chair,Furniture,2,635.94,5,1271.88,63.59,1208.29,Bank Transfer,Store,2026,8,August,10,Monday,False,1208.29,604.14
TXN-0107563,2026-08-10,DXB-002,Dubai,CUST-03357,P014,Power Bank,Electronics,4,149.67,10,598.68,59.87,538.81,Cash,Store,2026,8,August,10,Monday,False,538.81,134.7
TXN-0107570,2026-08-10,DXB-005,Dubai,CUST-00672,P015,Tablet,Electronics,2,1222.15,5,2444.3,122.22,2322.08,Card,Store,2026,8,August,10,Monday,False,2322.08,1161.04
TXN-0107572,2026-08-10,DXB-004,Dubai,CUST-02090,P014,Power Bank,Electronics,1,151.42,10,151.42,15.14,136.28,Card,Store,2026,8,August,10,Monday,False,136.28,136.28
TXN-0107580,2026-08-10,DXB-005,Dubai,CUST-05410,P015,Tablet,Electronics,3,1245.88,10,3737.64,373.76,3363.88,Cash,Store,2026,8,August,10,Monday,False,3363.88,1121.29
TXN-0107619,2026-08-10,DXB-001,Dubai,CUST-00205,P013,USB Drive,Accessories,4,45.98,5,183.92,9.2,174.72,Card,Store,2026,8,August,10,Monday,False,174.72,43.68
TXN-0107643,2026-08-10,DXB-001,Dubai,CUST-01715,P002,Smartphone,Electronics,2,1936.99,10,3873.98,387.4,3486.58,Apple Pay,Store,2026,8,August,10,Monday,False,3486.58,1743.29
TXN-0107647,2026-08-10,DXB-001,Dubai,CUST-04421,P014,Power Bank,Electronics,2,151.56,15,303.12,45.47,257.65,Card,Store,2026,8,August,10,Monday,False,257.65,128.82
TXN-0107673,2026-08-10,DXB-002,Dubai,CUST-06049,P013,USB Drive,Accessories,3,45.69,15,137.07,20.56,116.51,Apple Pay,Online,2026,8,August,10,Monday,False,116.51,38.84
TXN-0107724,2026-08-10,DXB-003,Dubai,CUST-02387,P008,Desk,Furniture,1,820.25,0,820.25,0.0,820.25,Card,Store,2026,8,August,10,Monday,False,820.25,820.25
TXN-0107750,2026-08-10,DXB-003,Dubai,CUST-01445,P004,Monitor,Electronics,3,874.34,0,2623.02,0.0,2623.02,Apple Pay,Store,2026,8,August,10,Monday,False,2623.02,874.34
TXN-0107899,2026-08-10,DXB-004,Dubai,CUST-05502,P007,Office Chair,Furniture,2,562.32,0,1124.64,0.0,1124.64,Cash,Store,2026,8,August,10,Monday,False,1124.64,562.32
TXN-0107938,2026-08-10,DXB-005,Dubai,CUST-06524,P004,Monitor,Electronics,3,991.21,15,2973.63,446.04,2527.59,Cash,Store,2026,8,August,10,Monday,False,2527.59,842.53
TXN-0107983,2026-08-10,DXB-002,Dubai,CUST-05167,P013,USB Drive,Accessories,1,41.76,0,41.76,0.0,41.76,Apple Pay,Store,2026,8,August,10,Monday,False,41.76,41.76
TXN-0108043,2026-08-10,DXB-003,Dubai,CUST-04252,P015,Tablet,Electronics,1,1221.81,0,1221.81,0.0,1221.81,Card,Store,2026,8,August,10,Monday,False,1221.81,1221.81
TXN-0108120,2026-08-10,DXB-002,Dubai,CUST-06071,P001,Laptop,Electronics,1,2723.16,10,2723.16,272.32,2450.84,Apple Pay,Store,2026,8,August,10,Monday,False,2450.84,2450.84
TXN-0108138,2026-08-10,DXB-005,Dubai,CUST-07154,P005,Keyboard,Accessories,2,180.11,15,360.22,54.03,306.19,Cash,Online,2026,8,August,10,Monday,False,306.19,153.1
TXN-0108216,2026-08-10,DXB-005,Dubai,CUST-00814,P007,Office Chair,Furniture,1,658.74,20,658.74,131.75,526.99,Card,Store,2026,8,August,10,Monday,False,526.99,526.99
TXN-0108290,2026-08-10,DXB-002,Dubai,CUST-05984,P011,Notebook,Stationery,1,25.7,0,25.7,0.0,25.7,Cash,Store,2026,8,August,10,Monday,False,25.7,25.7
TXN-0108308,2026-08-10,DXB-005,Dubai,CUST-06159,P001,Laptop,Electronics,1,3023.69,15,3023.69,453.55,2570.14,Bank Transfer,Online,2026,8,August,10,Monday,False,2570.14,2570.14
TXN-0108344,2026-08-10,DXB-001,Dubai,CUST-00096,P009,Backpack,Accessories,1,246.49,10,246.49,24.65,221.84,Cash,Online,2026,8,August,10,Monday,False,221.84,221.84
TXN-0108411,2026-08-10,DXB-004,Dubai,CUST-01970,P013,USB Drive,Accessories,3,48.01,10,144.03,14.4,129.63,Cash,Store,2026,8,August,10,Monday,False,129.63,43.21
TXN-0108440,2026-08-10,DXB-001,Dubai,CUST-02491,P015,Tablet,Electronics,3,1122.58,10,3367.74,336.77,3030.97,Apple Pay,Store,2026,8,August,10,Monday,False,3030.97,1010.32
TXN-0108482,2026-08-10,DXB-004,Dubai,CUST-00110,P001,Laptop,Electronics,1,3117.73,10,3117.73,311.77,2805.96,Cash,Online,2026,8,August,10,Monday,False,2805.96,2805.96
TXN-0108485,2026-08-10,DXB-001,Dubai,CUST-06322,P005,Keyboard,Accessories,3,166.3,0,498.9,0.0,498.9,Apple Pay,Store,2026,8,August,10,Monday,False,498.9,166.3
TXN-0108502,2026-08-10,DXB-003,Dubai,CUST-04954,P011,Notebook,Stationery,2,24.42,10,48.84,4.88,43.96,Apple Pay,Store,2026,8,August,10,Monday,False,43.96,21.98
TXN-0108515,2026-08-10,DXB-001,Dubai,CUST-06391,P004,Monitor,Electronics,2,857.2,10,1714.4,171.44,1542.96,Card,Store,2026,8,August,10,Monday,False,1542.96,771.48
TXN-0108636,2026-08-10,DXB-005,Dubai,CUST-06999,P013,USB Drive,Accessories,2,39.41,5,78.82,3.94,74.88,Cash,Online,2026,8,August,10,Monday,False,74.88,37.44
TXN-0108717,2026-08-10,DXB-002,Dubai,CUST-06967,P013,USB Drive,Accessories,1,46.94,5,46.94,2.35,44.59,Apple Pay,Store,2026,8,August,10,Monday,False,44.59,44.59
TXN-0108752,2026-08-10,DXB-002,Dubai,CUST-07813,P014,Power Bank,Electronics,6,151.59,5,909.54,45.48,864.06,Card,Store,2026,8,August,10,Monday,False,864.06,144.01
TXN-0108786,2026-08-10,DXB-001,Dubai,CUST-00285,P012,Pen Pack,Stationery,1,14.18,0,14.18,0.0,14.18,Cash,Store,2026,8,August,10,Monday,False,14.18,14.18
TXN-0108843,2026-08-10,DXB-001,Dubai,CUST-03280,P005,Keyboard,Accessories,1,181.47,15,181.47,27.22,154.25,Card,Store,2026,8,August,10,Monday,False,154.25,154.25
TXN-0108885,2026-08-10,DXB-001,Dubai,CUST-05017,P012,Pen Pack,Stationery,2,14.78,0,29.56,0.0,29.56,Card,Store,2026,8,August,10,Monday,False,29.56,14.78
TXN-0108891,2026-08-10,DXB-004,Dubai,CUST-04836,P013,USB Drive,Accessories,1,40.14,0,40.14,0.0,40.14,Card,Online,2026,8,August,10,Monday,False,40.14,40.14
TXN-0108939,2026-08-10,DXB-003,Dubai,CUST-04518,P004,Monitor,Electronics,6,881.99,5,5291.94,264.6,5027.34,Bank Transfer,Store,2026,8,August,10,Monday,False,5027.34,837.89
TXN-0109122,2026-08-10,DXB-001,Dubai,CUST-00736,P014,Power Bank,Electronics,4,161.11,0,644.44,0.0,644.44,Bank Transfer,Store,2026,8,August,10,Monday,False,644.44,161.11
TXN-0109158,2026-08-10,DXB-001,Dubai,CUST-00302,P009,Backpack,Accessories,1,244.15,15,244.15,36.62,207.53,Apple Pay,Online,2026,8,August,10,Monday,False,207.53,207.53
TXN-0109190,2026-08-10,DXB-002,Dubai,CUST-05138,P011,Notebook,Stationery,1,24.13,0,24.13,0.0,24.13,Apple Pay,Store,2026,8,August,10,Monday,False,24.13,24.13
TXN-0109271,2026-08-10,DXB-001,Dubai,CUST-06943,P007,Office Chair,Furniture,6,706.16,20,4236.96,847.39,3389.57,Card,Store,2026,8,August,10,Monday,False,3389.57,564.93
TXN-0109369,2026-08-10,DXB-003,Dubai,CUST-07809,P011,Notebook,Stationery,1,28.48,15,28.48,4.27,24.21,Card,Online,2026,8,August,10,Monday,False,24.21,24.21
TXN-0109396,2026-08-10,DXB-004,Dubai,CUST-02016,P010,Printer,Office,3,687.88,0,2063.64,0.0,2063.64,Card,Store,2026,8,August,10,Monday,False,2063.64,687.88
TXN-0109488,2026-08-10,DXB-001,Dubai,CUST-01082,P005,Keyboard,Accessories,1,175.91,10,175.91,17.59,158.32,Cash,Online,2026,8,August,10,Monday,False,158.32,158.32
TXN-0109541,2026-08-10,DXB-005,Dubai,CUST-03522,P013,USB Drive,Accessories,1,41.91,15,41.91,6.29,35.62,Apple Pay,Online,2026,8,August,10,Monday,False,35.62,35.62
TXN-0109554,2026-08-10,DXB-002,Dubai,CUST-06627,P001,Laptop,Electronics,1,2826.6,0,2826.6,0.0,2826.6,Cash,Store,2026,8,August,10,Monday,False,2826.6,2826.6
TXN-0109591,2026-08-10,DXB-005,Dubai,CUST-07314,P010,Printer,Office,2,680.75,15,1361.5,204.22,1157.28,Bank Transfer,Store,2026,8,August,10,Monday,False,1157.28,578.64
TXN-0109603,2026-08-10,DXB-003,Dubai,CUST-06810,P004,Monitor,Electronics,1,1016.94,10,1016.94,101.69,915.25,Cash,Store,2026,8,August,10,Monday,False,915.25,915.25
TXN-0109621,2026-08-10,DXB-001,Dubai,CUST-01910,P014,Power Bank,Electronics,5,149.9,5,749.5,37.48,712.02,Card,Store,2026,8,August,10,Monday,False,712.02,142.4
TXN-0109636,2026-08-10,DXB-003,Dubai,CUST-03650,P004,Monitor,Electronics,1,893.59,15,893.59,134.04,759.55,Bank Transfer,Store,2026,8,August,10,Monday,False,759.55,759.55
TXN-0109641,2026-08-10,DXB-003,Dubai,CUST-04418,P007,Office Chair,Furniture,2,614.35,10,1228.7,122.87,1105.83,Cash,Online,2026,8,August,10,Monday,False,1105.83,552.92
TXN-0109712,2026-08-10,DXB-002,Dubai,CUST-04955,P004,Monitor,Electronics,1,920.68,5,920.68,46.03,874.65,Bank Transfer,Store,2026,8,August,10,Monday,False,874.65,874.65
TXN-0109715,2026-08-10,DXB-001,Dubai,CUST-07115,P006,Mouse,Accessories,1,104.1,0,104.1,0.0,104.1,Cash,Online,2026,8,August,10,Monday,False,104.1,104.1
TXN-0109776,2026-08-10,DXB-002,Dubai,CUST-01317,P009,Backpack,Accessories,1,229.05,15,229.05,34.36,194.69,Card,Online,2026,8,August,10,Monday,False,194.69,194.69
TXN-0109794,2026-08-10,DXB-002,Dubai,CUST-05284,P005,Keyboard,Accessories,4,177.28,10,709.12,70.91,638.21,Bank Transfer,Store,2026,8,August,10,Monday,False,638.21,159.55
TXN-0110003,2026-08-10,DXB-001,Dubai,CUST-03874,P003,Headphones,Electronics,2,353.9,0,707.8,0.0,707.8,Card,Store,2026,8,August,10,Monday,False,707.8,353.9
TXN-0110032,2026-08-10,DXB-004,Dubai,CUST-04117,P014,Power Bank,Electronics,1,133.42,0,133.42,0.0,133.42,Bank Transfer,Store,2026,8,August,10,Monday,False,133.42,133.42
TXN-0110067,2026-08-10,DXB-002,Dubai,CUST-02848,P012,Pen Pack,Stationery,1,13.34,10,13.34,1.33,12.01,Card,Store,2026,8,August,10,Monday,False,12.01,12.01
TXN-0110133,2026-08-10,DXB-003,Dubai,CUST-02138,P008,Desk,Furniture,1,767.52,10,767.52,76.75,690.77,Cash,Online,2026,8,August,10,Monday,False,690.77,690.77
TXN-0110137,2026-08-10,DXB-001,Dubai,CUST-06124,P007,Office Chair,Furniture,1,631.21,5,631.21,31.56,599.65,Card,Store,2026,8,August,10,Monday,False,599.65,599.65
TXN-0110166,2026-08-10,DXB-002,Dubai,CUST-05279,P004,Monitor,Electronics,1,1013.66,10,1013.66,101.37,912.29,Card,Store,2026,8,August,10,Monday,False,912.29,912.29
TXN-0110173,2026-08-10,DXB-002,Dubai,CUST-01818,P007,Office Chair,Furniture,2,706.32,0,1412.64,0.0,1412.64,Card,Store,2026,8,August,10,Monday,False,1412.64,706.32
TXN-0110216,2026-08-10,DXB-001,Dubai,CUST-00615,P003,Headphones,Electronics,2,350.66,5,701.32,35.07,666.25,Card,Store,2026,8,August,10,Monday,False,666.25,333.12
TXN-0110230,2026-08-10,DXB-004,Dubai,CUST-03694,P010,Printer,Office,1,657.25,0,657.25,0.0,657.25,Card,Store,2026,8,August,10,Monday,False,657.25,657.25
TXN-0110263,2026-08-10,DXB-001,Dubai,CUST-06036,P005,Keyboard,Accessories,1,192.06,0,192.06,0.0,192.06,Card,Store,2026,8,August,10,Monday,False,192.06,192.06
TXN-0110276,2026-08-10,DXB-003,Dubai,CUST-00277,P009,Backpack,Accessories,2,207.49,5,414.98,20.75,394.23,Card,Store,2026,8,August,10,Monday,False,394.23,197.12
TXN-0110336,2026-08-10,DXB-005,Dubai,CUST-01513,P009,Backpack,Accessories,2,224.5,10,449.0,44.9,404.1,Cash,Online,2026,8,August,10,Monday,False,404.1,202.05
TXN-0110388,2026-08-10,DXB-005,Dubai,CUST-06924,P009,Backpack,Accessories,1,204.75,0,204.75,0.0,204.75,Card,Store,2026,8,August,10,Monday,False,204.75,204.75
TXN-0110423,2026-08-10,DXB-001,Dubai,CUST-04637,P010,Printer,Office,3,683.38,10,2050.14,205.01,1845.13,Card,Online,2026,8,August,10,Monday,False,1845.13,615.04
TXN-0110512,2026-08-10,DXB-003,Dubai,CUST-01861,P005,Keyboard,Accessories,3,167.35,0,502.05,0.0,502.05,Cash,Store,2026,8,August,10,Monday,False,502.05,167.35
TXN-0110708,2026-08-10,DXB-004,Dubai,CUST-00129,P010,Printer,Office,1,708.58,0,708.58,0.0,708.58,Cash,Store,2026,8,August,10,Monday,False,708.58,708.58
TXN-0110737,2026-08-10,DXB-005,Dubai,CUST-06808,P003,Headphones,Electronics,1,383.51,0,383.51,0.0,383.51,Bank Transfer,Online,2026,8,August,10,Monday,False,383.51,383.51
TXN-0110858,2026-08-10,DXB-001,Dubai,CUST-03702,P015,Tablet,Electronics,4,1152.87,5,4611.48,230.57,4380.91,Card,Store,2026,8,August,10,Monday,False,4380.91,1095.23
TXN-0110861,2026-08-10,DXB-004,Dubai,CUST-00471,P011,Notebook,Stationery,2,26.88,5,53.76,2.69,51.07,Cash,Online,2026,8,August,10,Monday,False,51.07,25.54
TXN-0110893,2026-08-10,DXB-001,Dubai,CUST-03457,P003,Headphones,Electronics,1,339.39,20,339.39,67.88,271.51,Bank Transfer,Online,2026,8,August,10,Monday,False,271.51,271.51
TXN-0110980,2026-08-10,DXB-002,Dubai,CUST-04437,P007,Office Chair,Furniture,3,562.97,0,1688.91,0.0,1688.91,Card,Online,2026,8,August,10,Monday,False,1688.91,562.97
TXN-0110999,2026-08-10,DXB-005,Dubai,CUST-04895,P006,Mouse,Accessories,2,94.82,0,189.64,0.0,189.64,Bank Transfer,Store,2026,8,August,10,Monday,False,189.64,94.82
TXN-0111092,2026-08-10,DXB-003,Dubai,CUST-02258,P012,Pen Pack,Stationery,3,15.96,15,47.88,7.18,40.7,Card,Online,2026,8,August,10,Monday,False,40.7,13.57
TXN-0111183,2026-08-10,DXB-003,Dubai,CUST-03132,P006,Mouse,Accessories,1,102.46,15,102.46,15.37,87.09,Card,Online,2026,8,August,10,Monday,False,87.09,87.09
TXN-0111193,2026-08-10,DXB-001,Dubai,CUST-07682,P005,Keyboard,Accessories,2,183.59,10,367.18,36.72,330.46,Apple Pay,Store,2026,8,August,10,Monday,False,330.46,165.23
TXN-0111197,2026-08-10,DXB-002,Dubai,CUST-00842,P005,Keyboard,Accessories,6,174.86,10,1049.16,104.92,944.24,Card,Store,2026,8,August,10,Monday,False,944.24,157.37
TXN-0111205,2026-08-10,DXB-001,Dubai,CUST-05602,P001,Laptop,Electronics,2,2773.98,0,5547.96,0.0,5547.96,Card,Online,2026,8,August,10,Monday,False,5547.96,2773.98
TXN-0111229,2026-08-10,DXB-001,Dubai,CUST-02434,P009,Backpack,Accessories,4,230.0,15,920.0,138.0,782.0,Card,Store,2026,8,August,10,Monday,False,782.0,195.5
TXN-0111261,2026-08-10,DXB-002,Dubai,CUST-03692,P008,Desk,Furniture,2,745.01,10,1490.02,149.0,1341.02,Card,Online,2026,8,August,10,Monday,False,1341.02,670.51
TXN-0111265,2026-08-10,DXB-002,Dubai,CUST-07225,P008,Desk,Furniture,1,808.06,5,808.06,40.4,767.66,Cash,Store,2026,8,August,10,Monday,False,767.66,767.66
TXN-0111532,2026-08-10,DXB-004,Dubai,CUST-07179,P006,Mouse,Accessories,2,103.8,0,207.6,0.0,207.6,Card,Store,2026,8,August,10,Monday,False,207.6,103.8
TXN-0111589,2026-08-10,DXB-002,Dubai,CUST-00466,P001,Laptop,Electronics,2,2896.27,0,5792.54,0.0,5792.54,Cash,Store,2026,8,August,10,Monday,False,5792.54,2896.27
TXN-0111626,2026-08-10,DXB-004,Dubai,CUST-00324,P015,Tablet,Electronics,1,1163.99,5,1163.99,58.2,1105.79,Apple Pay,Store,2026,8,August,10,Monday,False,1105.79,1105.79
TXN-0111721,2026-08-10,DXB-001,Dubai,CUST-03729,P015,Tablet,Electronics,1,1182.44,0,1182.44,0.0,1182.44,Bank Transfer,Store,2026,8,August,10,Monday,False,1182.44,1182.44
TXN-0111733,2026-08-10,DXB-003,Dubai,CUST-02261,P003,Headphones,Electronics,4,327.1,0,1308.4,0.0,1308.4,Apple Pay,Online,2026,8,August,10,Monday,False,1308.4,327.1
TXN-0111780,2026-08-10,DXB-004,Dubai,CUST-01514,P007,Office Chair,Furniture,1,576.45,5,576.45,28.82,547.63,Cash,Store,2026,8,August,10,Monday,False,547.63,547.63
TXN-0111803,2026-08-10,DXB-004,Dubai,CUST-01294,P007,Office Chair,Furniture,1,669.6,0,669.6,0.0,669.6,Card,Store,2026,8,August,10,Monday,False,669.6,669.6
TXN-0111818,2026-08-10,DXB-001,Dubai,CUST-07753,P011,Notebook,Stationery,1,23.93,10,23.93,2.39,21.54,Cash,Online,2026,8,August,10,Monday,False,21.54,21.54
TXN-0111871,2026-08-10,DXB-005,Dubai,CUST-02649,P014,Power Bank,Electronics,1,141.31,10,141.31,14.13,127.18,Cash,Store,2026,8,August,10,Monday,False,127.18,127.18
TXN-0112030,2026-08-10,DXB-004,Dubai,CUST-06914,P008,Desk,Furniture,2,798.35,20,1596.7,319.34,1277.36,Bank Transfer,Online,2026,8,August,10,Monday,False,1277.36,638.68
TXN-0112148,2026-08-10,DXB-005,Dubai,CUST-04268,P006,Mouse,Accessories,1,93.44,0,93.44,0.0,93.44,Apple Pay,Online,2026,8,August,10,Monday,False,93.44,93.44
TXN-0112286,2026-08-10,DXB-003,Dubai,CUST-04625,P002,Smartphone,Electronics,4,1876.02,15,7504.08,1125.61,6378.47,Apple Pay,Store,2026,8,August,10,Monday,False,6378.47,1594.62
TXN-0112323,2026-08-10,DXB-001,Dubai,CUST-04832,P004,Monitor,Electronics,3,893.56,5,2680.68,134.03,2546.65,Bank Transfer,Online,2026,8,August,10,Monday,False,2546.65,848.88
TXN-0112342,2026-08-10,DXB-001,Dubai,CUST-02679,P008,Desk,Furniture,1,855.81,5,855.81,42.79,813.02,Apple Pay,Store,2026,8,August,10,Monday,False,813.02,813.02
TXN-0112415,2026-08-10,DXB-005,Dubai,CUST-00703,P006,Mouse,Accessories,1,99.81,5,99.81,4.99,94.82,Card,Store,2026,8,August,10,Monday,False,94.82,94.82
TXN-0112479,2026-08-10,DXB-003,Dubai,CUST-04875,P013,USB Drive,Accessories,1,47.22,5,47.22,2.36,44.86,Cash,Store,2026,8,August,10,Monday,False,44.86,44.86
TXN-0112480,2026-08-10,DXB-001,Dubai,CUST-07529,P004,Monitor,Electronics,1,874.13,5,874.13,43.71,830.42,Cash,Store,2026,8,August,10,Monday,False,830.42,830.42
TXN-0112490,2026-08-10,DXB-001,Dubai,CUST-03945,P015,Tablet,Electronics,2,1264.25,0,2528.5,0.0,2528.5,Apple Pay,Store,2026,8,August,10,Monday,False,2528.5,1264.25
TXN-0112576,2026-08-10,DXB-005,Dubai,CUST-01504,P001,Laptop,Electronics,1,2711.05,0,2711.05,0.0,2711.05,Card,Online,2026,8,August,10,Monday,False,2711.05,2711.05
TXN-0112583,2026-08-10,DXB-005,Dubai,CUST-02607,P008,Desk,Furniture,5,847.22,0,4236.1,0.0,4236.1,Apple Pay,Store,2026,8,August,10,Monday,False,4236.1,847.22
TXN-0112715,2026-08-10,DXB-005,Dubai,CUST-07793,P012,Pen Pack,Stationery,3,14.54,5,43.62,2.18,41.44,Card,Store,2026,8,August,10,Monday,False,41.44,13.81
TXN-0112836,2026-08-10,DXB-005,Dubai,CUST-07553,P001,Laptop,Electronics,1,2678.09,0,2678.09,0.0,2678.09,Cash,Store,2026,8,August,10,Monday,False,2678.09,2678.09
TXN-0112854,2026-08-10,DXB-003,Dubai,CUST-07469,P001,Laptop,Electronics,1,2782.69,15,2782.69,417.4,2365.29,Card,Online,2026,8,August,10,Monday,False,2365.29,2365.29
TXN-0112868,2026-08-10,DXB-003,Dubai,CUST-06359,P014,Power Bank,Electronics,4,133.94,5,535.76,26.79,508.97,Card,Store,2026,8,August,10,Monday,False,508.97,127.24
TXN-0112878,2026-08-10,DXB-004,Dubai,CUST-03715,P015,Tablet,Electronics,1,1192.6,10,1192.6,119.26,1073.34,Cash,Store,2026,8,August,10,Monday,False,1073.34,1073.34
TXN-0112936,2026-08-10,DXB-004,Dubai,CUST-04287,P003,Headphones,Electronics,1,316.12,5,316.12,15.81,300.31,Card,Store,2026,8,August,10,Monday,False,300.31,300.31
TXN-0113020,2026-08-10,DXB-005,Dubai,CUST-03307,P008,Desk,Furniture,4,728.81,5,2915.24,145.76,2769.48,Cash,Store,2026,8,August,10,Monday,False,2769.48,692.37
TXN-0113068,2026-08-10,DXB-002,Dubai,CUST-05925,P004,Monitor,Electronics,1,818.24,15,818.24,122.74,695.5,Cash,Store,2026,8,August,10,Monday,False,695.5,695.5
TXN-0113106,2026-08-10,DXB-002,Dubai,CUST-04832,P014,Power Bank,Electronics,2,152.57,5,305.14,15.26,289.88,Card,Store,2026,8,August,10,Monday,False,289.88,144.94
TXN-0113116,2026-08-10,DXB-003,Dubai,CUST-04196,P004,Monitor,Electronics,2,851.4,20,1702.8,340.56,1362.24,Card,Store,2026,8,August,10,Monday,False,1362.24,681.12
TXN-0113134,2026-08-10,DXB-004,Dubai,CUST-00775,P012,Pen Pack,Stationery,1,14.53,5,14.53,0.73,13.8,Bank Transfer,Store,2026,8,August,10,Monday,False,13.8,13.8
TXN-0113137,2026-08-10,DXB-005,Dubai,CUST-03566,P008,Desk,Furniture,1,670.31,0,670.31,0.0,670.31,Card,Online,2026,8,August,10,Monday,False,670.31,670.31
TXN-0113177,2026-08-10,DXB-005,Dubai,CUST-03203,P006,Mouse,Accessories,1,104.46,15,104.46,15.67,88.79,Card,Store,2026,8,August,10,Monday,False,88.79,88.79
TXN-0113280,2026-08-10,DXB-004,Dubai,CUST-00896,P014,Power Bank,Electronics,1,141.54,5,141.54,7.08,134.46,Card,Store,2026,8,August,10,Monday,False,134.46,134.46
TXN-0113314,2026-08-10,DXB-001,Dubai,CUST-06344,P015,Tablet,Electronics,1,1275.86,5,1275.86,63.79,1212.07,Card,Online,2026,8,August,10,Monday,False,1212.07,1212.07
TXN-0113333,2026-08-10,DXB-002,Dubai,CUST-02310,P009,Backpack,Accessories,1,217.01,0,217.01,0.0,217.01,Card,Online,2026,8,August,10,Monday,False,217.01,217.01
TXN-0113429,2026-08-10,DXB-001,Dubai,CUST-01730,P006,Mouse,Accessories,3,101.75,10,305.25,30.52,274.73,Apple Pay,Store,2026,8,August,10,Monday,False,274.73,91.58
TXN-0113496,2026-08-10,DXB-003,Dubai,CUST-07374,P001,Laptop,Electronics,3,2600.8,10,7802.4,780.24,7022.16,Apple Pay,Online,2026,8,August,10,Monday,False,7022.16,2340.72
TXN-0113554,2026-08-10,DXB-004,Dubai,CUST-07691,P001,Laptop,Electronics,1,2989.0,5,2989.0,149.45,2839.55,Bank Transfer,Store,2026,8,August,10,Monday,False,2839.55,2839.55
TXN-0113557,2026-08-10,DXB-004,Dubai,CUST-03163,P002,Smartphone,Electronics,1,1839.53,5,1839.53,91.98,1747.55,Card,Online,2026,8,August,10,Monday,False,1747.55,1747.55
TXN-0113597,2026-08-10,DXB-002,Dubai,CUST-05412,P004,Monitor,Electronics,1,881.26,0,881.26,0.0,881.26,Apple Pay,Online,2026,8,August,10,Monday,False,881.26,881.26
TXN-0113662,2026-08-10,DXB-002,Dubai,CUST-02611,P010,Printer,Office,1,780.62,0,780.62,0.0,780.62,Cash,Online,2026,8,August,10,Monday,False,780.62,780.62
TXN-0113667,2026-08-10,DXB-005,Dubai,CUST-03230,P015,Tablet,Electronics,1,1278.99,15,1278.99,191.85,1087.14,Card,Store,2026,8,August,10,Monday,False,1087.14,1087.14
TXN-0113672,2026-08-10,DXB-003,Dubai,CUST-04381,P004,Monitor,Electronics,1,960.38,0,960.38,0.0,960.38,Card,Online,2026,8,August,10,Monday,False,960.38,960.38
TXN-0113683,2026-08-10,DXB-003,Dubai,CUST-04724,P011,Notebook,Stationery,1,25.17,0,25.17,0.0,25.17,Card,Store,2026,8,August,10,Monday,False,25.17,25.17
TXN-0113714,2026-08-10,DXB-001,Dubai,CUST-06744,P012,Pen Pack,Stationery,1,14.95,20,14.95,2.99,11.96,Card,Store,2026,8,August,10,Monday,False,11.96,11.96
TXN-0113719,2026-08-10,DXB-004,Dubai,CUST-04954,P009,Backpack,Accessories,3,215.08,0,645.24,0.0,645.24,Bank Transfer,Online,2026,8,August,10,Monday,False,645.24,215.08
TXN-0113729,2026-08-10,DXB-001,Dubai,CUST-02426,P007,Office Chair,Furniture,1,574.62,0,574.62,0.0,574.62,Card,Online,2026,8,August,10,Monday,False,574.62,574.62
TXN-0113730,2026-08-10,DXB-001,Dubai,CUST-03483,P002,Smartphone,Electronics,2,2009.51,5,4019.02,200.95,3818.07,Bank Transfer,Online,2026,8,August,10,Monday,False,3818.07,1909.04
TXN-0113827,2026-08-10,DXB-002,Dubai,CUST-00153,P012,Pen Pack,Stationery,1,15.22,0,15.22,0.0,15.22,Cash,Store,2026,8,August,10,Monday,False,15.22,15.22
TXN-0113855,2026-08-10,DXB-002,Dubai,CUST-04981,P004,Monitor,Electronics,2,887.95,5,1775.9,88.8,1687.1,Card,Store,2026,8,August,10,Monday,False,1687.1,843.55
TXN-0113862,2026-08-10,DXB-005,Dubai,CUST-01815,P008,Desk,Furniture,1,738.89,0,738.89,0.0,738.89,Cash,Store,2026,8,August,10,Monday,False,738.89,738.89
TXN-0113903,2026-08-10,DXB-003,Dubai,CUST-05001,P001,Laptop,Electronics,2,2845.72,5,5691.44,284.57,5406.87,Cash,Online,2026,8,August,10,Monday,False,5406.87,2703.44
TXN-0113937,2026-08-10,DXB-001,Dubai,CUST-02218,P004,Monitor,Electronics,2,810.08,5,1620.16,81.01,1539.15,Cash,Store,2026,8,August,10,Monday,False,1539.15,769.58
TXN-0113975,2026-08-10,DXB-001,Dubai,CUST-07549,P013,USB Drive,Accessories,2,46.77,10,93.54,9.35,84.19,Card,Online,2026,8,August,10,Monday,False,84.19,42.1
TXN-0114063,2026-08-10,DXB-005,Dubai,CUST-07817,P003,Headphones,Electronics,6,372.32,0,2233.92,0.0,2233.92,Cash,Online,2026,8,August,10,Monday,False,2233.92,372.32
TXN-0114120,2026-08-10,DXB-002,Dubai,CUST-07673,P006,Mouse,Accessories,2,111.47,0,222.94,0.0,222.94,Card,Store,2026,8,August,10,Monday,False,222.94,111.47
TXN-0114228,2026-08-10,DXB-003,Dubai,CUST-04987,P005,Keyboard,Accessories,1,181.75,0,181.75,0.0,181.75,Card,Store,2026,8,August,10,Monday,False,181.75,181.75
TXN-0114269,2026-08-10,DXB-005,Dubai,CUST-05539,P003,Headphones,Electronics,1,357.93,0,357.93,0.0,357.93,Cash,Online,2026,8,August,10,Monday,False,357.93,357.93
TXN-0114280,2026-08-10,DXB-004,Dubai,CUST-05446,P008,Desk,Furniture,4,834.25,0,3337.0,0.0,3337.0,Card,Store,2026,8,August,10,Monday,False,3337.0,834.25
TXN-0114317,2026-08-10,DXB-001,Dubai,CUST-05180,P006,Mouse,Accessories,1,96.97,5,96.97,4.85,92.12,Apple Pay,Store,2026,8,August,10,Monday,False,92.12,92.12
TXN-0114435,2026-08-10,DXB-003,Dubai,CUST-00782,P006,Mouse,Accessories,1,94.91,0,94.91,0.0,94.91,Apple Pay,Online,2026,8,August,10,Monday,False,94.91,94.91
TXN-0114455,2026-08-10,DXB-005,Dubai,CUST-07905,P014,Power Bank,Electronics,1,151.56,0,151.56,0.0,151.56,Card,Store,2026,8,August,10,Monday,False,151.56,151.56
TXN-0114464,2026-08-10,DXB-004,Dubai,CUST-03377,P015,Tablet,Electronics,1,1273.84,0,1273.84,0.0,1273.84,Card,Store,2026,8,August,10,Monday,False,1273.84,1273.84
TXN-0114659,2026-08-10,DXB-003,Dubai,CUST-03489,P004,Monitor,Electronics,1,931.53,5,931.53,46.58,884.95,Card,Online,2026,8,August,10,Monday,False,884.95,884.95
TXN-0114678,2026-08-10,DXB-004,Dubai,CUST-02412,P008,Desk,Furniture,2,705.51,10,1411.02,141.1,1269.92,Apple Pay,Store,2026,8,August,10,Monday,False,1269.92,634.96
TXN-0114721,2026-08-10,DXB-002,Dubai,CUST-05863,P005,Keyboard,Accessories,6,197.62,5,1185.72,59.29,1126.43,Card,Online,2026,8,August,10,Monday,False,1126.43,187.74
TXN-0114757,2026-08-10,DXB-001,Dubai,CUST-05643,P008,Desk,Furniture,2,879.51,0,1759.02,0.0,1759.02,Bank Transfer,Store,2026,8,August,10,Monday,False,1759.02,879.51
TXN-0114767,2026-08-10,DXB-004,Dubai,CUST-04088,P010,Printer,Office,1,702.12,10,702.12,70.21,631.91,Card,Online,2026,8,August,10,Monday,False,631.91,631.91
TXN-0114793,2026-08-10,DXB-001,Dubai,CUST-01596,P001,Laptop,Electronics,2,2848.36,10,5696.72,569.67,5127.05,Card,Store,2026,8,August,10,Monday,False,5127.05,2563.52
TXN-0114824,2026-08-10,DXB-001,Dubai,CUST-04033,P012,Pen Pack,Stationery,3,14.95,0,44.85,0.0,44.85,Bank Transfer,Store,2026,8,August,10,Monday,False,44.85,14.95
TXN-0114825,2026-08-10,DXB-004,Dubai,CUST-00544,P007,Office Chair,Furniture,1,611.37,0,611.37,0.0,611.37,Card,Store,2026,8,August,10,Monday,False,611.37,611.37
TXN-0114847,2026-08-10,DXB-005,Dubai,CUST-05123,P014,Power Bank,Electronics,2,147.32,5,294.64,14.73,279.91,Apple Pay,Store,2026,8,August,10,Monday,False,279.91,139.96
TXN-0114875,2026-08-10,DXB-004,Dubai,CUST-04843,P002,Smartphone,Electronics,1,1737.81,0,1737.81,0.0,1737.81,Cash,Online,2026,8,August,10,Monday,False,1737.81,1737.81
TXN-0114910,2026-08-10,DXB-004,Dubai,CUST-07603,P012,Pen Pack,Stationery,1,14.86,5,14.86,0.74,14.12,Cash,Store,2026,8,August,10,Monday,False,14.12,14.12
TXN-0115003,2026-08-10,DXB-001,Dubai,CUST-01027,P002,Smartphone,Electronics,3,2037.24,15,6111.72,916.76,5194.96,Cash,Store,2026,8,August,10,Monday,False,5194.96,1731.65
TXN-0115046,2026-08-10,DXB-003,Dubai,CUST-01241,P015,Tablet,Electronics,2,1166.79,10,2333.58,233.36,2100.22,Apple Pay,Store,2026,8,August,10,Monday,False,2100.22,1050.11
TXN-0115064,2026-08-10,DXB-002,Dubai,CUST-00503,P008,Desk,Furniture,1,782.15,15,782.15,117.32,664.83,Card,Online,2026,8,August,10,Monday,False,664.83,664.83
TXN-0115070,2026-08-10,DXB-001,Dubai,CUST-05487,P003,Headphones,Electronics,2,363.93,0,727.86,0.0,727.86,Apple Pay,Online,2026,8,August,10,Monday,False,727.86,363.93
TXN-0115076,2026-08-10,DXB-005,Dubai,CUST-07644,P004,Monitor,Electronics,1,931.48,15,931.48,139.72,791.76,Card,Online,2026,8,August,10,Monday,False,791.76,791.76
TXN-0115101,2026-08-10,DXB-002,Dubai,CUST-05822,P015,Tablet,Electronics,4,1238.95,5,4955.8,247.79,4708.01,Card,Store,2026,8,August,10,Monday,False,4708.01,1177.0
TXN-0115131,2026-08-10,DXB-005,Dubai,CUST-07745,P001,Laptop,Electronics,1,2735.16,0,2735.16,0.0,2735.16,Card,Store,2026,8,August,10,Monday,False,2735.16,2735.16
TXN-0115149,2026-08-10,DXB-001,Dubai,CUST-04749,P006,Mouse,Accessories,1,100.15,5,100.15,5.01,95.14,Card,Store,2026,8,August,10,Monday,False,95.14,95.14
TXN-0115174,2026-08-10,DXB-003,Dubai,CUST-04021,P001,Laptop,Electronics,4,2699.58,5,10798.32,539.92,10258.4,Card,Store,2026,8,August,10,Monday,False,10258.4,2564.6
TXN-0115193,2026-08-10,DXB-002,Dubai,CUST-01880,P001,Laptop,Electronics,1,2634.7,15,2634.7,395.2,2239.5,Card,Online,2026,8,August,10,Monday,False,2239.5,2239.5
TXN-0115230,2026-08-10,DXB-003,Dubai,CUST-01935,P012,Pen Pack,Stationery,3,13.55,0,40.65,0.0,40.65,Bank Transfer,Online,2026,8,August,10,Monday,False,40.65,13.55
TXN-0115242,2026-08-10,DXB-001,Dubai,CUST-07577,P008,Desk,Furniture,1,810.34,5,810.34,40.52,769.82,Card,Store,2026,8,August,10,Monday,False,769.82,769.82
TXN-0115299,2026-08-10,DXB-001,Dubai,CUST-02056,P011,Notebook,Stationery,2,25.55,5,51.1,2.56,48.54,Cash,Store,2026,8,August,10,Monday,False,48.54,24.27
TXN-0115325,2026-08-10,DXB-004,Dubai,CUST-06017,P002,Smartphone,Electronics,3,1706.39,0,5119.17,0.0,5119.17,Card,Store,2026,8,August,10,Monday,False,5119.17,1706.39
TXN-0115331,2026-08-10,DXB-004,Dubai,CUST-00521,P007,Office Chair,Furniture,2,636.3,5,1272.6,63.63,1208.97,Card,Online,2026,8,August,10,Monday,False,1208.97,604.48
TXN-0115430,2026-08-10,DXB-004,Dubai,CUST-03421,P007,Office Chair,Furniture,2,719.37,10,1438.74,143.87,1294.87,Card,Online,2026,8,August,10,Monday,False,1294.87,647.43
TXN-0115482,2026-08-10,DXB-003,Dubai,CUST-03441,P013,USB Drive,Accessories,2,42.1,5,84.2,4.21,79.99,Cash,Online,2026,8,August,10,Monday,False,79.99,39.99
TXN-0115491,2026-08-10,DXB-003,Dubai,CUST-05258,P012,Pen Pack,Stationery,2,14.63,5,29.26,1.46,27.8,Cash,Store,2026,8,August,10,Monday,False,27.8,13.9
TXN-0115561,2026-08-10,DXB-004,Dubai,CUST-07904,P015,Tablet,Electronics,3,1154.37,15,3463.11,519.47,2943.64,Card,Store,2026,8,August,10,Monday,False,2943.64,981.21
TXN-0115642,2026-08-10,DXB-002,Dubai,CUST-00707,P003,Headphones,Electronics,2,307.18,15,614.36,92.15,522.21,Apple Pay,Store,2026,8,August,10,Monday,False,522.21,261.1
TXN-0115701,2026-08-10,DXB-005,Dubai,CUST-02058,P012,Pen Pack,Stationery,2,14.54,5,29.08,1.45,27.63,Cash,Store,2026,8,August,10,Monday,False,27.63,13.82
TXN-0115828,2026-08-10,DXB-001,Dubai,CUST-03373,P013,USB Drive,Accessories,1,48.34,10,48.34,4.83,43.51,Card,Store,2026,8,August,10,Monday,False,43.51,43.51
TXN-0115935,2026-08-10,DXB-002,Dubai,CUST-06426,P015,Tablet,Electronics,1,1080.38,10,1080.38,108.04,972.34,Apple Pay,Store,2026,8,August,10,Monday,False,972.34,972.34
TXN-0116114,2026-08-10,DXB-005,Dubai,CUST-07110,P008,Desk,Furniture,1,865.38,0,865.38,0.0,865.38,Apple Pay,Store,2026,8,August,10,Monday,False,865.38,865.38
TXN-0116215,2026-08-10,DXB-001,Dubai,CUST-07962,P005,Keyboard,Accessories,2,168.18,5,336.36,16.82,319.54,Apple Pay,Store,2026,8,August,10,Monday,False,319.54,159.77
TXN-0116306,2026-08-10,DXB-001,Dubai,CUST-06835,P003,Headphones,Electronics,1,378.39,0,378.39,0.0,378.39,Card,Online,2026,8,August,10,Monday,False,378.39,378.39
TXN-0116531,2026-08-10,DXB-003,Dubai,CUST-00117,P003,Headphones,Electronics,2,373.74,5,747.48,37.37,710.11,Apple Pay,Store,2026,8,August,10,Monday,False,710.11,355.06
TXN-0116543,2026-08-10,DXB-004,Dubai,CUST-01550,P002,Smartphone,Electronics,6,1908.87,5,11453.22,572.66,10880.56,Apple Pay,Store,2026,8,August,10,Monday,False,10880.56,1813.43
TXN-0116621,2026-08-10,DXB-001,Dubai,CUST-05097,P009,Backpack,Accessories,2,221.94,0,443.88,0.0,443.88,Apple Pay,Store,2026,8,August,10,Monday,False,443.88,221.94
TXN-0116712,2026-08-10,DXB-002,Dubai,CUST-02307,P007,Office Chair,Furniture,3,597.62,0,1792.86,0.0,1792.86,Cash,Store,2026,8,August,10,Monday,False,1792.86,597.62
TXN-0116747,2026-08-10,DXB-002,Dubai,CUST-06643,P004,Monitor,Electronics,1,843.52,10,843.52,84.35,759.17,Card,Online,2026,8,August,10,Monday,False,759.17,759.17
TXN-0116766,2026-08-10,DXB-005,Dubai,CUST-07095,P007,Office Chair,Furniture,3,650.2,20,1950.6,390.12,1560.48,Cash,Store,2026,8,August,10,Monday,False,1560.48,520.16
TXN-0116810,2026-08-10,DXB-002,Dubai,CUST-03325,P004,Monitor,Electronics,6,830.04,5,4980.24,249.01,4731.23,Card,Store,2026,8,August,10,Monday,False,4731.23,788.54
TXN-0116830,2026-08-10,DXB-002,Dubai,CUST-03406,P008,Desk,Furniture,1,752.3,0,752.3,0.0,752.3,Card,Store,2026,8,August,10,Monday,False,752.3,752.3
TXN-0116864,2026-08-10,DXB-002,Dubai,CUST-03669,P009,Backpack,Accessories,3,198.44,15,595.32,89.3,506.02,Cash,Store,2026,8,August,10,Monday,False,506.02,168.67
TXN-0116943,2026-08-10,DXB-002,Dubai,CUST-00337,P014,Power Bank,Electronics,1,155.56,10,155.56,15.56,140.0,Cash,Store,2026,8,August,10,Monday,False,140.0,140.0
TXN-0116945,2026-08-10,DXB-004,Dubai,CUST-06351,P005,Keyboard,Accessories,1,180.66,0,180.66,0.0,180.66,Apple Pay,Store,2026,8,August,10,Monday,False,180.66,180.66
TXN-0116980,2026-08-10,DXB-001,Dubai,CUST-02306,P012,Pen Pack,Stationery,1,16.49,0,16.49,0.0,16.49,Bank Transfer,Store,2026,8,August,10,Monday,False,16.49,16.49
TXN-0117004,2026-08-10,DXB-005,Dubai,CUST-00091,P002,Smartphone,Electronics,1,1835.44,5,1835.44,91.77,1743.67,Cash,Online,2026,8,August,10,Monday,False,1743.67,1743.67
TXN-0117028,2026-08-10,DXB-001,Dubai,CUST-05186,P007,Office Chair,Furniture,1,611.03,10,611.03,61.1,549.93,Card,Online,2026,8,August,10,Monday,False,549.93,549.93
TXN-0117041,2026-08-10,DXB-001,Dubai,CUST-01858,P002,Smartphone,Electronics,2,1837.23,15,3674.46,551.17,3123.29,Card,Store,2026,8,August,10,Monday,False,3123.29,1561.64
TXN-0117045,2026-08-10,DXB-001,Dubai,CUST-04740,P004,Monitor,Electronics,1,854.15,0,854.15,0.0,854.15,Cash,Online,2026,8,August,10,Monday,False,854.15,854.15
TXN-0117199,2026-08-10,DXB-001,Dubai,CUST-06187,P013,USB Drive,Accessories,1,42.08,20,42.08,8.42,33.66,Apple Pay,Store,2026,8,August,10,Monday,False,33.66,33.66
TXN-0117295,2026-08-10,DXB-005,Dubai,CUST-07477,P011,Notebook,Stationery,1,26.27,10,26.27,2.63,23.64,Cash,Online,2026,8,August,10,Monday,False,23.64,23.64
TXN-0117347,2026-08-10,DXB-001,Dubai,CUST-06876,P007,Office Chair,Furniture,1,697.73,5,697.73,34.89,662.84,Apple Pay,Store,2026,8,August,10,Monday,False,662.84,662.84
TXN-0117377,2026-08-10,DXB-004,Dubai,CUST-05749,P011,Notebook,Stationery,1,24.07,5,24.07,1.2,22.87,Apple Pay,Store,2026,8,August,10,Monday,False,22.87,22.87
TXN-0117397,2026-08-10,DXB-001,Dubai,CUST-02100,P008,Desk,Furniture,1,737.76,20,737.76,147.55,590.21,Apple Pay,Store,2026,8,August,10,Monday,False,590.21,590.21
TXN-0117422,2026-08-10,DXB-002,Dubai,CUST-02580,P014,Power Bank,Electronics,4,157.5,10,630.0,63.0,567.0,Card,Online,2026,8,August,10,Monday,False,567.0,141.75
TXN-0117446,2026-08-10,DXB-005,Dubai,CUST-07412,P014,Power Bank,Electronics,1,162.89,0,162.89,0.0,162.89,Apple Pay,Online,2026,8,August,10,Monday,False,162.89,162.89
TXN-0117472,2026-08-10,DXB-003,Dubai,CUST-03874,P007,Office Chair,Furniture,3,677.51,10,2032.53,203.25,1829.28,Bank Transfer,Store,2026,8,August,10,Monday,False,1829.28,609.76
TXN-0117577,2026-08-10,DXB-001,Dubai,CUST-02100,P010,Printer,Office,5,661.5,0,3307.5,0.0,3307.5,Bank Transfer,Online,2026,8,August,10,Monday,False,3307.5,661.5
TXN-0117598,2026-08-10,DXB-005,Dubai,CUST-01258,P003,Headphones,Electronics,2,349.69,5,699.38,34.97,664.41,Bank Transfer,Store,2026,8,August,10,Monday,False,664.41,332.2
TXN-0117685,2026-08-10,DXB-001,Dubai,CUST-02349,P011,Notebook,Stationery,3,29.46,10,88.38,8.84,79.54,Cash,Store,2026,8,August,10,Monday,False,79.54,26.51
TXN-0117739,2026-08-10,DXB-002,Dubai,CUST-01857,P001,Laptop,Electronics,4,2881.68,5,11526.72,576.34,10950.38,Bank Transfer,Store,2026,8,August,10,Monday,False,10950.38,2737.6
TXN-0117819,2026-08-10,DXB-001,Dubai,CUST-04014,P008,Desk,Furniture,1,716.72,0,716.72,0.0,716.72,Bank Transfer,Online,2026,8,August,10,Monday,False,716.72,716.72
TXN-0117838,2026-08-10,DXB-002,Dubai,CUST-07644,P013,USB Drive,Accessories,3,50.01,5,150.03,7.5,142.53,Bank Transfer,Store,2026,8,August,10,Monday,False,142.53,47.51
TXN-0117930,2026-08-10,DXB-004,Dubai,CUST-02128,P007,Office Chair,Furniture,1,681.04,15,681.04,102.16,578.88,Card,Store,2026,8,August,10,Monday,False,578.88,578.88
TXN-0118040,2026-08-10,DXB-005,Dubai,CUST-01259,P005,Keyboard,Accessories,1,172.67,5,172.67,8.63,164.04,Cash,Store,2026,8,August,10,Monday,False,164.04,164.04
TXN-0118185,2026-08-10,DXB-002,Dubai,CUST-06222,P004,Monitor,Electronics,3,891.92,5,2675.76,133.79,2541.97,Card,Store,2026,8,August,10,Monday,False,2541.97,847.32
TXN-0118217,2026-08-10,DXB-003,Dubai,CUST-07674,P008,Desk,Furniture,1,754.66,0,754.66,0.0,754.66,Card,Store,2026,8,August,10,Monday,False,754.66,754.66
TXN-0118233,2026-08-10,DXB-003,Dubai,CUST-04524,P004,Monitor,Electronics,2,891.26,15,1782.52,267.38,1515.14,Cash,Store,2026,8,August,10,Monday,False,1515.14,757.57
TXN-0118510,2026-08-10,DXB-004,Dubai,CUST-02398,P005,Keyboard,Accessories,1,166.82,0,166.82,0.0,166.82,Apple Pay,Online,2026,8,August,10,Monday,False,166.82,166.82
TXN-0118511,2026-08-10,DXB-003,Dubai,CUST-01187,P003,Headphones,Electronics,1,358.89,20,358.89,71.78,287.11,Apple Pay,Store,2026,8,August,10,Monday,False,287.11,287.11
TXN-0118534,2026-08-10,DXB-002,Dubai,CUST-00337,P009,Backpack,Accessories,2,229.64,10,459.28,45.93,413.35,Apple Pay,Store,2026,8,August,10,Monday,False,413.35,206.68
TXN-0118586,2026-08-10,DXB-001,Dubai,CUST-04723,P005,Keyboard,Accessories,1,190.77,0,190.77,0.0,190.77,Apple Pay,Online,2026,8,August,10,Monday,False,190.77,190.77
TXN-0118659,2026-08-10,DXB-002,Dubai,CUST-02603,P002,Smartphone,Electronics,1,1862.1,10,1862.1,186.21,1675.89,Cash,Store,2026,8,August,10,Monday,False,1675.89,1675.89
TXN-0118660,2026-08-10,DXB-003,Dubai,CUST-02057,P008,Desk,Furniture,1,792.26,20,792.26,158.45,633.81,Cash,Store,2026,8,August,10,Monday,False,633.81,633.81
TXN-0118672,2026-08-10,DXB-005,Dubai,CUST-04133,P009,Backpack,Accessories,1,239.4,20,239.4,47.88,191.52,Card,Store,2026,8,August,10,Monday,False,191.52,191.52
TXN-0118741,2026-08-10,DXB-001,Dubai,CUST-07221,P013,USB Drive,Accessories,1,43.82,0,43.82,0.0,43.82,Card,Store,2026,8,August,10,Monday,False,43.82,43.82
TXN-0118783,2026-08-10,DXB-002,Dubai,CUST-07402,P010,Printer,Office,1,653.45,0,653.45,0.0,653.45,Card,Store,2026,8,August,10,Monday,False,653.45,653.45
TXN-0118832,2026-08-10,DXB-003,Dubai,CUST-00486,P001,Laptop,Electronics,1,2782.98,0,2782.98,0.0,2782.98,Card,Online,2026,8,August,10,Monday,False,2782.98,2782.98
TXN-0118949,2026-08-10,DXB-003,Dubai,CUST-05417,P004,Monitor,Electronics,2,904.19,0,1808.38,0.0,1808.38,Bank Transfer,Store,2026,8,August,10,Monday,False,1808.38,904.19
TXN-0118996,2026-08-10,DXB-004,Dubai,CUST-07549,P014,Power Bank,Electronics,1,174.33,20,174.33,34.87,139.46,Cash,Online,2026,8,August,10,Monday,False,139.46,139.46
TXN-0119101,2026-08-10,DXB-001,Dubai,CUST-06000,P003,Headphones,Electronics,1,344.88,15,344.88,51.73,293.15,Bank Transfer,Store,2026,8,August,10,Monday,False,293.15,293.15
TXN-0119128,2026-08-10,DXB-001,Dubai,CUST-06204,P014,Power Bank,Electronics,2,141.81,0,283.62,0.0,283.62,Apple Pay,Online,2026,8,August,10,Monday,False,283.62,141.81
TXN-0119171,2026-08-10,DXB-005,Dubai,CUST-00593,P004,Monitor,Electronics,2,891.8,0,1783.6,0.0,1783.6,Card,Store,2026,8,August,10,Monday,False,1783.6,891.8
TXN-0119187,2026-08-10,DXB-001,Dubai,CUST-01387,P014,Power Bank,Electronics,2,144.0,5,288.0,14.4,273.6,Apple Pay,Store,2026,8,August,10,Monday,False,273.6,136.8
TXN-0119226,2026-08-10,DXB-001,Dubai,CUST-05162,P011,Notebook,Stationery,3,22.68,15,68.04,10.21,57.83,Cash,Store,2026,8,August,10,Monday,False,57.83,19.28
TXN-0119251,2026-08-10,DXB-005,Dubai,CUST-02208,P012,Pen Pack,Stationery,1,16.16,5,16.16,0.81,15.35,Card,Store,2026,8,August,10,Monday,False,15.35,15.35
TXN-0119278,2026-08-10,DXB-002,Dubai,CUST-02679,P005,Keyboard,Accessories,3,172.65,10,517.95,51.8,466.15,Card,Store,2026,8,August,10,Monday,False,466.15,155.38
TXN-0119306,2026-08-10,DXB-005,Dubai,CUST-00964,P014,Power Bank,Electronics,2,151.71,10,303.42,30.34,273.08,Cash,Store,2026,8,August,10,Monday,False,273.08,136.54
TXN-0119312,2026-08-10,DXB-001,Dubai,CUST-06494,P005,Keyboard,Accessories,1,192.58,5,192.58,9.63,182.95,Apple Pay,Online,2026,8,August,10,Monday,False,182.95,182.95
TXN-0119395,2026-08-10,DXB-002,Dubai,CUST-03534,P001,Laptop,Electronics,3,2906.82,0,8720.46,0.0,8720.46,Card,Store,2026,8,August,10,Monday,False,8720.46,2906.82
TXN-0119413,2026-08-10,DXB-004,Dubai,CUST-07204,P001,Laptop,Electronics,2,2769.79,5,5539.58,276.98,5262.6,Apple Pay,Store,2026,8,August,10,Monday,False,5262.6,2631.3
TXN-0119418,2026-08-10,DXB-003,Dubai,CUST-07532,P001,Laptop,Electronics,2,2898.93,0,5797.86,0.0,5797.86,Bank Transfer,Store,2026,8,August,10,Monday,False,5797.86,2898.93
TXN-0119460,2026-08-10,DXB-005,Dubai,CUST-02162,P001,Laptop,Electronics,1,2835.52,15,2835.52,425.33,2410.19,Apple Pay,Store,2026,8,August,10,Monday,False,2410.19,2410.19
TXN-0119551,2026-08-10,DXB-002,Dubai,CUST-01341,P014,Power Bank,Electronics,2,166.6,15,333.2,49.98,283.22,Apple Pay,Online,2026,8,August,10,Monday,False,283.22,141.61
TXN-0119753,2026-08-10,DXB-004,Dubai,CUST-01946,P010,Printer,Office,1,732.37,5,732.37,36.62,695.75,Cash,Online,2026,8,August,10,Monday,False,695.75,695.75
TXN-0119865,2026-08-10,DXB-002,Dubai,CUST-02457,P003,Headphones,Electronics,3,349.6,10,1048.8,104.88,943.92,Card,Store,2026,8,August,10,Monday,False,943.92,314.64
TXN-0119871,2026-08-10,DXB-002,Dubai,CUST-01302,P010,Printer,Office,3,705.04,0,2115.12,0.0,2115.12,Card,Store,2026,8,August,10,Monday,False,2115.12,705.04
TXN-0119908,2026-08-10,DXB-001,Dubai,CUST-01377,P002,Smartphone,Electronics,1,1810.39,5,1810.39,90.52,1719.87,Apple Pay,Store,2026,8,August,10,Monday,False,1719.87,1719.87
TXN-0119962,2026-08-10,DXB-002,Dubai,CUST-00534,P011,Notebook,Stationery,3,25.08,5,75.24,3.76,71.48,Apple Pay,Online,2026,8,August,10,Monday,False,71.48,23.83
TXN-0119999,2026-08-10,DXB-004,Dubai,CUST-06391,P009,Backpack,Accessories,1,222.44,5,222.44,11.12,211.32,Card,Store,2026,8,August,10,Monday,False,211.32,211.32
