transaction_id,transaction_date,store_id,region,customer_id,product_id,product_name,category,quantity,unit_price,discount_pct,gross_amount,discount_amount,net_revenue,payment_method,sales_channel,year,month,month_name,day,day_of_week,is_weekend,order_value,revenue_per_unit
TXN-0000013,2026-09-09,DXB-003,Dubai,CUST-00002,P005,Keyboard,Accessories,2,187.64,5,375.28,18.76,356.52,Cash,Store,2026,9,September,9,Wednesday,False,356.52,178.26
TXN-0000174,2026-09-09,DXB-004,Dubai,CUST-00415,P010,Printer,Office,1,722.68,10,722.68,72.27,650.41,Card,Store,2026,9,September,9,Wednesday,False,650.41,650.41
TXN-0000215,2026-09-09,DXB-001,Dubai,CUST-06373,P008,Desk,Furniture,1,829.44,0,829.44,0.0,829.44,Bank Transfer,Online,2026,9,September,9,Wednesday,False,829.44,829.44
TXN-0000317,2026-09-09,DXB-001,Dubai,CUST-00249,P004,Monitor,Electronics,2,875.66,0,1751.32,0.0,1751.32,Cash,Store,2026,9,September,9,Wednesday,False,1751.32,875.66
TXN-0000318,2026-09-09,DXB-003,Dubai,CUST-06934,P013,USB Drive,Accessories,2,45.23,10,90.46,9.05,81.41,Apple Pay,Store,2026,9,September,9,Wednesday,False,81.41,40.7
TXN-0000377,2026-09-09,DXB-003,Dubai,CUST-04027,P002,Smartphone,Electronics,2,1862.31,0,3724.62,0.0,3724.62,Card,Store,2026,9,September,9,Wednesday,False,3724.62,1862.31
TXN-0000432,2026-09-09,DXB-002,Dubai,CUST-05145,P009,Backpack,Accessories,1,236.68,5,236.68,11.83,224.85,Cash,Store,2026,9,September,9,Wednesday,False,224.85,224.85
TXN-0000461,2026-09-09,DXB-005,Dubai,CUST-01338,P006,Mouse,Accessories,1,94.7,0,94.7,0.0,94.7,Apple Pay,Store,2026,9,September,9,Wednesday,False,94.7,94.7
TXN-0000471,2026-09-09,DXB-003,Dubai,CUST-07576,P015,Tablet,Electronics,1,1144.49,5,1144.49,57.22,1087.27,Card,Store,2026,9,September,9,Wednesday,False,1087.27,1087.27
TXN-0000557,2026-09-09,DXB-002,Dubai,CUST-06503,P001,Laptop,Electronics,1,2818.36,10,2818.36,281.84,2536.52,Apple Pay,Store,2026,9,September,9,Wednesday,False,2536.52,2536.52
TXN-0000603,2026-09-09,DXB-002,Dubai,CUST-06586,P012,Pen Pack,Stationery,3,16.89,15,50.67,7.6,43.07,Card,Store,2026,9,September,9,Wednesday,False,43.07,14.36
TXN-0000631,2026-09-09,DXB-005,Dubai,CUST-00846,P001,Laptop,Electronics,1,2808.57,15,2808.57,421.29,2387.28,Card,Store,2026,9,September,9,Wednesday,False,2387.28,2387.28
TXN-0000662,2026-09-09,DXB-001,Dubai,CUST-07464,P008,Desk,Furniture,1,826.68,10,826.68,82.67,744.01,Card,Store,2026,9,September,9,Wednesday,False,744.01,744.01
TXN-0000676,2026-09-09,DXB-004,Dubai,CUST-05755,P006,Mouse,Accessories,1,96.52,0,96.52,0.0,96.52,Apple Pay,Store,2026,9,September,9,Wednesday,False,96.52,96.52
TXN-0000681,2026-09-09,DXB-001,Dubai,CUST-07091,P007,Office Chair,Furniture,1,623.26,20,623.26,124.65,498.61,Cash,Store,2026,9,September,9,Wednesday,False,498.61,498.61
TXN-0000713,2026-09-09,DXB-004,Dubai,CUST-03196,P015,Tablet,Electronics,1,1269.47,15,1269.47,190.42,1079.05,Card,Store,2026,9,September,9,Wednesday,False,1079.05,1079.05
TXN-0000731,2026-09-09,DXB-001,Dubai,CUST-01239,P013,USB Drive,Accessories,1,41.0,5,41.0,2.05,38.95,Card,Online,2026,9,September,9,Wednesday,False,38.95,38.95
TXN-0000737,2026-09-09,DXB-001,Dubai,CUST-06845,P006,Mouse,Accessories,1,105.43,15,105.43,15.81,89.62,Apple Pay,Store,2026,9,September,9,Wednesday,False,89.62,89.62
TXN-0000739,2026-09-09,DXB-005,Dubai,CUST-02120,P001,Laptop,Electronics,1,3101.62,0,3101.62,0.0,3101.62,Card,Store,2026,9,September,9,Wednesday,False,3101.62,3101.62
TXN-0000757,2026-09-09,DXB-004,Dubai,CUST-06791,P005,Keyboard,Accessories,4,158.72,15,634.88,95.23,539.65,Apple Pay,Online,2026,9,September,9,Wednesday,False,539.65,134.91
TXN-0000760,2026-09-09,DXB-004,Dubai,CUST-00631,P002,Smartphone,Electronics,1,1926.09,10,1926.09,192.61,1733.48,Card,Online,2026,9,September,9,Wednesday,False,1733.48,1733.48
TXN-0000793,2026-09-09,DXB-003,Dubai,CUST-01105,P001,Laptop,Electronics,1,2640.67,15,2640.67,396.1,2244.57,Apple Pay,Store,2026,9,September,9,Wednesday,False,2244.57,2244.57
TXN-0000805,2026-09-09,DXB-003,Dubai,CUST-02166,P004,Monitor,Electronics,1,824.31,5,824.31,41.22,783.09,Card,Store,2026,9,September,9,Wednesday,False,783.09,783.09
TXN-0000886,2026-09-09,DXB-003,Dubai,CUST-05861,P013,USB Drive,Accessories,1,44.87,10,44.87,4.49,40.38,Card,Store,2026,9,September,9,Wednesday,False,40.38,40.38
TXN-0001002,2026-09-09,DXB-005,Dubai,CUST-01459,P005,Keyboard,Accessories,2,179.04,15,358.08,53.71,304.37,Cash,Online,2026,9,September,9,Wednesday,False,304.37,152.18
TXN-0001009,2026-09-09,DXB-004,Dubai,CUST-02104,P010,Printer,Office,1,760.41,15,760.41,114.06,646.35,Bank Transfer,Store,2026,9,September,9,Wednesday,False,646.35,646.35
TXN-0001033,2026-09-09,DXB-002,Dubai,CUST-03675,P001,Laptop,Electronics,1,2878.48,0,2878.48,0.0,2878.48,Cash,Store,2026,9,September,9,Wednesday,False,2878.48,2878.48
TXN-0001119,2026-09-09,DXB-005,Dubai,CUST-04700,P008,Desk,Furniture,3,834.62,0,2503.86,0.0,2503.86,Card,Store,2026,9,September,9,Wednesday,False,2503.86,834.62
TXN-0001137,2026-09-09,DXB-001,Dubai,CUST-04497,P013,USB Drive,Accessories,1,49.66,5,49.66,2.48,47.18,Bank Transfer,Online,2026,9,September,9,Wednesday,False,47.18,47.18
TXN-0001218,2026-09-09,DXB-003,Dubai,CUST-00205,P009,Backpack,Accessories,1,214.36,10,214.36,21.44,192.92,Card,Store,2026,9,September,9,Wednesday,False,192.92,192.92
TXN-0001232,2026-09-09,DXB-003,Dubai,CUST-01557,P007,Office Chair,Furniture,2,654.45,0,1308.9,0.0,1308.9,Bank Transfer,Store,2026,9,September,9,Wednesday,False,1308.9,654.45
TXN-0001281,2026-09-09,DXB-001,Dubai,CUST-06496,P006,Mouse,Accessories,2,99.99,5,199.98,10.0,189.98,Bank Transfer,Store,2026,9,September,9,Wednesday,False,189.98,94.99
TXN-0001282,2026-09-09,DXB-005,Dubai,CUST-07012,P008,Desk,Furniture,3,818.83,5,2456.49,122.82,2333.67,Bank Transfer,Online,2026,9,September,9,Wednesday,False,2333.67,777.89
TXN-0001349,2026-09-09,DXB-004,Dubai,CUST-06136,P004,Monitor,Electronics,2,890.57,0,1781.14,0.0,1781.14,Apple Pay,Store,2026,9,September,9,Wednesday,False,1781.14,890.57
TXN-0001449,2026-09-09,DXB-003,Dubai,CUST-06341,P011,Notebook,Stationery,1,25.82,15,25.82,3.87,21.95,Card,Online,2026,9,September,9,Wednesday,False,21.95,21.95
TXN-0001573,2026-09-09,DXB-003,Dubai,CUST-00092,P003,Headphones,Electronics,6,354.89,0,2129.34,0.0,2129.34,Cash,Online,2026,9,September,9,Wednesday,False,2129.34,354.89
TXN-0001591,2026-09-09,DXB-005,Dubai,CUST-01489,P004,Monitor,Electronics,6,906.65,10,5439.9,543.99,4895.91,Card,Store,2026,9,September,9,Wednesday,False,4895.91,815.98
TXN-0001598,2026-09-09,DXB-001,Dubai,CUST-02110,P010,Printer,Office,3,703.02,10,2109.06,210.91,1898.15,Card,Store,2026,9,September,9,Wednesday,False,1898.15,632.72
TXN-0001602,2026-09-09,DXB-002,Dubai,CUST-04843,P008,Desk,Furniture,2,863.52,15,1727.04,259.06,1467.98,Card,Store,2026,9,September,9,Wednesday,False,1467.98,733.99
TXN-0001670,2026-09-09,DXB-004,Dubai,CUST-05884,P003,Headphones,Electronics,1,365.74,10,365.74,36.57,329.17,Card,Online,2026,9,September,9,Wednesday,False,329.17,329.17
TXN-0001714,2026-09-09,DXB-001,Dubai,CUST-00786,P005,Keyboard,Accessories,1,175.65,5,175.65,8.78,166.87,Apple Pay,Store,2026,9,September,9,Wednesday,False,166.87,166.87
TXN-0001724,2026-09-09,DXB-001,Dubai,CUST-07498,P003,Headphones,Electronics,1,389.95,0,389.95,0.0,389.95,Apple Pay,Online,2026,9,September,9,Wednesday,False,389.95,389.95
TXN-0001785,2026-09-09,DXB-004,Dubai,CUST-06521,P001,Laptop,Electronics,3,2970.12,0,8910.36,0.0,8910.36,Apple Pay,Store,2026,9,September,9,Wednesday,False,8910.36,2970.12
TXN-0001860,2026-09-09,DXB-004,Dubai,CUST-03526,P013,USB Drive,Accessories,1,45.27,0,45.27,0.0,45.27,Cash,Online,2026,9,September,9,Wednesday,False,45.27,45.27
TXN-0001861,2026-09-09,DXB-003,Dubai,CUST-05153,P011,Notebook,Stationery,1,25.39,5,25.39,1.27,24.12,Apple Pay,Store,2026,9,September,9,Wednesday,False,24.12,24.12
TXN-0001879,2026-09-09,DXB-005,Dubai,CUST-04396,P012,Pen Pack,Stationery,1,14.58,0,14.58,0.0,14.58,Card,Store,2026,9,September,9,Wednesday,False,14.58,14.58
TXN-0002018,2026-09-09,DXB-005,Dubai,CUST-05674,P012,Pen Pack,Stationery,2,14.56,10,29.12,2.91,26.21,Card,Store,2026,9,September,9,Wednesday,False,26.21,13.1
TXN-0002057,2026-09-09,DXB-004,Dubai,CUST-05624,P002,Smartphone,Electronics,1,1778.38,5,1778.38,88.92,1689.46,Cash,Online,2026,9,September,9,Wednesday,False,1689.46,1689.46
TXN-0002058,2026-09-09,DXB-004,Dubai,CUST-02739,P015,Tablet,Electronics,1,1284.23,0,1284.23,0.0,1284.23,Card,Online,2026,9,September,9,Wednesday,False,1284.23,1284.23
TXN-0002067,2026-09-09,DXB-002,Dubai,CUST-06328,P011,Notebook,Stationery,1,25.69,5,25.69,1.28,24.41,Apple Pay,Store,2026,9,September,9,Wednesday,False,24.41,24.41
TXN-0002087,2026-09-09,DXB-004,Dubai,CUST-03289,P010,Printer,Office,1,761.57,15,761.57,114.24,647.33,Card,Store,2026,9,September,9,Wednesday,False,647.33,647.33
TXN-0002268,2026-09-09,DXB-002,Dubai,CUST-07765,P005,Keyboard,Accessories,1,188.8,5,188.8,9.44,179.36,Card,Store,2026,9,September,9,Wednesday,False,179.36,179.36
TXN-0002344,2026-09-09,DXB-004,Dubai,CUST-04749,P003,Headphones,Electronics,2,353.78,20,707.56,141.51,566.05,Apple Pay,Store,2026,9,September,9,Wednesday,False,566.05,283.02
TXN-0002400,2026-09-09,DXB-005,Dubai,CUST-02794,P015,Tablet,Electronics,6,1134.11,0,6804.66,0.0,6804.66,Apple Pay,Online,2026,9,September,9,Wednesday,False,6804.66,1134.11
TXN-0002573,2026-09-09,DXB-001,Dubai,CUST-05176,P015,Tablet,Electronics,1,1206.56,5,1206.56,60.33,1146.23,Card,Store,2026,9,September,9,Wednesday,False,1146.23,1146.23
TXN-0002598,2026-09-09,DXB-005,Dubai,CUST-04225,P005,Keyboard,Accessories,1,161.93,20,161.93,32.39,129.54,Card,Store,2026,9,September,9,Wednesday,False,129.54,129.54
TXN-0002691,2026-09-09,DXB-002,Dubai,CUST-00411,P011,Notebook,Stationery,1,25.87,5,25.87,1.29,24.58,Cash,Store,2026,9,September,9,Wednesday,False,24.58,24.58
TXN-0002709,2026-09-09,DXB-002,Dubai,CUST-02457,P015,Tablet,Electronics,1,1166.47,10,1166.47,116.65,1049.82,Cash,Store,2026,9,September,9,Wednesday,False,1049.82,1049.82
TXN-0002855,2026-09-09,DXB-003,Dubai,CUST-04607,P003,Headphones,Electronics,1,356.57,15,356.57,53.49,303.08,Cash,Store,2026,9,September,9,Wednesday,False,303.08,303.08
TXN-0002859,2026-09-09,DXB-003,Dubai,CUST-05421,P008,Desk,Furniture,2,823.04,5,1646.08,82.3,1563.78,Card,Online,2026,9,September,9,Wednesday,False,1563.78,781.89
TXN-0002965,2026-09-09,DXB-004,Dubai,CUST-06806,P011,Notebook,Stationery,2,25.07,10,50.14,5.01,45.13,Card,Store,2026,9,September,9,Wednesday,False,45.13,22.56
TXN-0003014,2026-09-09,DXB-003,Dubai,CUST-00346,P008,Desk,Furniture,1,792.09,0,792.09,0.0,792.09,Apple Pay,Online,2026,9,September,9,Wednesday,False,792.09,792.09
TXN-0003031,2026-09-09,DXB-001,Dubai,CUST-02033,P010,Printer,Office,2,633.89,15,1267.78,190.17,1077.61,Card,Store,2026,9,September,9,Wednesday,False,1077.61,538.8
TXN-0003047,2026-09-09,DXB-003,Dubai,CUST-00338,P014,Power Bank,Electronics,4,145.39,5,581.56,29.08,552.48,Card,Store,2026,9,September,9,Wednesday,False,552.48,138.12
TXN-0003195,2026-09-09,DXB-001,Dubai,CUST-06124,P009,Backpack,Accessories,1,236.14,10,236.14,23.61,212.53,Card,Online,2026,9,September,9,Wednesday,False,212.53,212.53
TXN-0003229,2026-09-09,DXB-004,Dubai,CUST-00613,P007,Office Chair,Furniture,3,576.65,10,1729.95,173.0,1556.95,Cash,Online,2026,9,September,9,Wednesday,False,1556.95,518.98
TXN-0003245,2026-09-09,DXB-001,Dubai,CUST-06171,P012,Pen Pack,Stationery,1,14.93,15,14.93,2.24,12.69,Apple Pay,Store,2026,9,September,9,Wednesday,False,12.69,12.69
TXN-0003267,2026-09-09,DXB-002,Dubai,CUST-03792,P006,Mouse,Accessories,1,99.68,15,99.68,14.95,84.73,Card,Online,2026,9,September,9,Wednesday,False,84.73,84.73
TXN-0003280,2026-09-09,DXB-002,Dubai,CUST-02856,P005,Keyboard,Accessories,2,175.58,0,351.16,0.0,351.16,Card,Store,2026,9,September,9,Wednesday,False,351.16,175.58
TXN-0003354,2026-09-09,DXB-004,Dubai,CUST-04061,P004,Monitor,Electronics,1,896.08,0,896.08,0.0,896.08,Card,Store,2026,9,September,9,Wednesday,False,896.08,896.08
TXN-0003388,2026-09-09,DXB-003,Dubai,CUST-06722,P003,Headphones,Electronics,3,362.33,0,1086.99,0.0,1086.99,Card,Store,2026,9,September,9,Wednesday,False,1086.99,362.33
TXN-0003473,2026-09-09,DXB-002,Dubai,CUST-07488,P011,Notebook,Stationery,1,28.95,5,28.95,1.45,27.5,Card,Online,2026,9,September,9,Wednesday,False,27.5,27.5
TXN-0003541,2026-09-09,DXB-001,Dubai,CUST-04755,P001,Laptop,Electronics,1,2972.6,10,2972.6,297.26,2675.34,Card,Store,2026,9,September,9,Wednesday,False,2675.34,2675.34
TXN-0003650,2026-09-09,DXB-005,Dubai,CUST-01686,P013,USB Drive,Accessories,2,45.43,10,90.86,9.09,81.77,Apple Pay,Store,2026,9,September,9,Wednesday,False,81.77,40.88
TXN-0003680,2026-09-09,DXB-003,Dubai,CUST-04559,P014,Power Bank,Electronics,2,155.32,0,310.64,0.0,310.64,Card,Store,2026,9,September,9,Wednesday,False,310.64,155.32
TXN-0003715,2026-09-09,DXB-001,Dubai,CUST-07313,P012,Pen Pack,Stationery,2,16.41,5,32.82,1.64,31.18,Card,Store,2026,9,September,9,Wednesday,False,31.18,15.59
TXN-0003836,2026-09-09,DXB-003,Dubai,CUST-03333,P002,Smartphone,Electronics,2,1893.6,10,3787.2,378.72,3408.48,Card,Store,2026,9,September,9,Wednesday,False,3408.48,1704.24
TXN-0003849,2026-09-09,DXB-002,Dubai,CUST-04676,P014,Power Bank,Electronics,4,148.59,10,594.36,59.44,534.92,Card,Online,2026,9,September,9,Wednesday,False,534.92,133.73
TXN-0003851,2026-09-09,DXB-001,Dubai,CUST-01283,P002,Smartphone,Electronics,1,1853.63,0,1853.63,0.0,1853.63,Cash,Online,2026,9,September,9,Wednesday,False,1853.63,1853.63
TXN-0003930,2026-09-09,DXB-004,Dubai,CUST-01116,P006,Mouse,Accessories,2,102.44,0,204.88,0.0,204.88,Card,Online,2026,9,September,9,Wednesday,False,204.88,102.44
TXN-0003934,2026-09-09,DXB-005,Dubai,CUST-01458,P001,Laptop,Electronics,2,2952.36,10,5904.72,590.47,5314.25,Apple Pay,Store,2026,9,September,9,Wednesday,False,5314.25,2657.12
TXN-0003939,2026-09-09,DXB-001,Dubai,CUST-04754,P003,Headphones,Electronics,1,345.63,5,345.63,17.28,328.35,Card,Online,2026,9,September,9,Wednesday,False,328.35,328.35
TXN-0003946,2026-09-09,DXB-003,Dubai,CUST-01856,P010,Printer,Office,1,692.71,0,692.71,0.0,692.71,Bank Transfer,Store,2026,9,September,9,Wednesday,False,692.71,692.71
TXN-0003953,2026-09-09,DXB-001,Dubai,CUST-04655,P014,Power Bank,Electronics,1,130.19,5,130.19,6.51,123.68,Bank Transfer,Store,2026,9,September,9,Wednesday,False,123.68,123.68
TXN-0003958,2026-09-09,DXB-001,Dubai,CUST-06633,P003,Headphones,Electronics,1,308.85,10,308.85,30.88,277.97,Card,Online,2026,9,September,9,Wednesday,False,277.97,277.97
TXN-0003999,2026-09-09,DXB-005,Dubai,CUST-01103,P002,Smartphone,Electronics,2,1739.27,10,3478.54,347.85,3130.69,Card,Online,2026,9,September,9,Wednesday,False,3130.69,1565.34
TXN-0004069,2026-09-09,DXB-002,Dubai,CUST-01313,P004,Monitor,Electronics,3,872.9,10,2618.7,261.87,2356.83,Card,Store,2026,9,September,9,Wednesday,False,2356.83,785.61
TXN-0004091,2026-09-09,DXB-004,Dubai,CUST-07423,P003,Headphones,Electronics,1,359.13,10,359.13,35.91,323.22,Card,Store,2026,9,September,9,Wednesday,False,323.22,323.22
TXN-0004121,2026-09-09,DXB-003,Dubai,CUST-02380,P004,Monitor,Electronics,3,902.01,15,2706.03,405.9,2300.13,Cash,Store,2026,9,September,9,Wednesday,False,2300.13,766.71
TXN-0004133,2026-09-09,DXB-001,Dubai,CUST-03537,P013,USB Drive,Accessories,1,45.28,10,45.28,4.53,40.75,Apple Pay,Store,2026,9,September,9,Wednesday,False,40.75,40.75
TXN-0004141,2026-09-09,DXB-001,Dubai,CUST-03865,P001,Laptop,Electronics,2,3170.72,0,6341.44,0.0,6341.44,Bank Transfer,Online,2026,9,September,9,Wednesday,False,6341.44,3170.72
TXN-0004279,2026-09-09,DXB-002,Dubai,CUST-07553,P003,Headphones,Electronics,2,331.95,10,663.9,66.39,597.51,Apple Pay,Online,2026,9,September,9,Wednesday,False,597.51,298.76
TXN-0004307,2026-09-09,DXB-004,Dubai,CUST-07121,P003,Headphones,Electronics,2,366.94,5,733.88,36.69,697.19,Bank Transfer,Store,2026,9,September,9,Wednesday,False,697.19,348.6
TXN-0004339,2026-09-09,DXB-004,Dubai,CUST-00806,P011,Notebook,Stationery,2,26.63,5,53.26,2.66,50.6,Card,Online,2026,9,September,9,Wednesday,False,50.6,25.3
TXN-0004445,2026-09-09,DXB-004,Dubai,CUST-01857,P011,Notebook,Stationery,1,25.1,5,25.1,1.25,23.85,Card,Store,2026,9,September,9,Wednesday,False,23.85,23.85
TXN-0004538,2026-09-09,DXB-001,Dubai,CUST-03473,P002,Smartphone,Electronics,5,1728.84,10,8644.2,864.42,7779.78,Apple Pay,Online,2026,9,September,9,Wednesday,False,7779.78,1555.96
TXN-0004594,2026-09-09,DXB-003,Dubai,CUST-04030,P003,Headphones,Electronics,1,310.34,0,310.34,0.0,310.34,Card,Store,2026,9,September,9,Wednesday,False,310.34,310.34
TXN-0004600,2026-09-09,DXB-004,Dubai,CUST-06793,P003,Headphones,Electronics,1,345.13,0,345.13,0.0,345.13,Bank Transfer,Store,2026,9,September,9,Wednesday,False,345.13,345.13
TXN-0004669,2026-09-09,DXB-004,Dubai,CUST-03053,P011,Notebook,Stationery,1,25.27,0,25.27,0.0,25.27,Cash,Store,2026,9,September,9,Wednesday,False,25.27,25.27
TXN-0004686,2026-09-09,DXB-005,Dubai,CUST-04346,P003,Headphones,Electronics,1,327.91,0,327.91,0.0,327.91,Cash,Store,2026,9,September,9,Wednesday,False,327.91,327.91
TXN-0004690,2026-09-09,DXB-005,Dubai,CUST-02232,P011,Notebook,Stationery,2,26.6,0,53.2,0.0,53.2,Card,Online,2026,9,September,9,Wednesday,False,53.2,26.6
TXN-0004705,2026-09-09,DXB-004,Dubai,CUST-04762,P004,Monitor,Electronics,1,905.87,5,905.87,45.29,860.58,Card,Store,2026,9,September,9,Wednesday,False,860.58,860.58
TXN-0004852,2026-09-09,DXB-003,Dubai,CUST-05969,P009,Backpack,Accessories,2,224.12,10,448.24,44.82,403.42,Card,Store,2026,9,September,9,Wednesday,False,403.42,201.71
TXN-0004932,2026-09-09,DXB-005,Dubai,CUST-02598,P014,Power Bank,Electronics,1,147.99,5,147.99,7.4,140.59,Cash,Store,2026,9,September,9,Wednesday,False,140.59,140.59
TXN-0004941,2026-09-09,DXB-005,Dubai,CUST-04508,P002,Smartphone,Electronics,1,1896.76,0,1896.76,0.0,1896.76,Apple Pay,Online,2026,9,September,9,Wednesday,False,1896.76,1896.76
TXN-0004946,2026-09-09,DXB-001,Dubai,CUST-05942,P002,Smartphone,Electronics,2,1906.79,10,3813.58,381.36,3432.22,Apple Pay,Store,2026,9,September,9,Wednesday,False,3432.22,1716.11
TXN-0005135,2026-09-09,DXB-001,Dubai,CUST-07942,P009,Backpack,Accessories,2,242.83,20,485.66,97.13,388.53,Card,Store,2026,9,September,9,Wednesday,False,388.53,194.26
TXN-0005191,2026-09-09,DXB-005,Dubai,CUST-03952,P002,Smartphone,Electronics,2,1691.59,15,3383.18,507.48,2875.7,Cash,Store,2026,9,September,9,Wednesday,False,2875.7,1437.85
TXN-0005294,2026-09-09,DXB-002,Dubai,CUST-01387,P009,Backpack,Accessories,1,226.72,10,226.72,22.67,204.05,Card,Online,2026,9,September,9,Wednesday,False,204.05,204.05
TXN-0005337,2026-09-09,DXB-004,Dubai,CUST-02095,P014,Power Bank,Electronics,4,136.68,0,546.72,0.0,546.72,Apple Pay,Online,2026,9,September,9,Wednesday,False,546.72,136.68
TXN-0005372,2026-09-09,DXB-004,Dubai,CUST-02049,P009,Backpack,Accessories,1,223.43,15,223.43,33.51,189.92,Apple Pay,Online,2026,9,September,9,Wednesday,False,189.92,189.92
TXN-0005407,2026-09-09,DXB-003,Dubai,CUST-06830,P008,Desk,Furniture,3,777.87,5,2333.61,116.68,2216.93,Card,Store,2026,9,September,9,Wednesday,False,2216.93,738.98
TXN-0005504,2026-09-09,DXB-005,Dubai,CUST-02449,P004,Monitor,Electronics,2,884.55,5,1769.1,88.46,1680.64,Apple Pay,Store,2026,9,September,9,Wednesday,False,1680.64,840.32
TXN-0005586,2026-09-09,DXB-001,Dubai,CUST-05465,P014,Power Bank,Electronics,3,152.19,0,456.57,0.0,456.57,Card,Online,2026,9,September,9,Wednesday,False,456.57,152.19
TXN-0005616,2026-09-09,DXB-003,Dubai,CUST-00703,P009,Backpack,Accessories,2,248.92,15,497.84,74.68,423.16,Card,Online,2026,9,September,9,Wednesday,False,423.16,211.58
TXN-0005652,2026-09-09,DXB-003,Dubai,CUST-06599,P006,Mouse,Accessories,1,97.16,20,97.16,19.43,77.73,Apple Pay,Store,2026,9,September,9,Wednesday,False,77.73,77.73
TXN-0005660,2026-09-09,DXB-003,Dubai,CUST-01800,P005,Keyboard,Accessories,1,165.07,0,165.07,0.0,165.07,Bank Transfer,Store,2026,9,September,9,Wednesday,False,165.07,165.07
TXN-0005791,2026-09-09,DXB-002,Dubai,CUST-01175,P008,Desk,Furniture,2,723.74,0,1447.48,0.0,1447.48,Card,Online,2026,9,September,9,Wednesday,False,1447.48,723.74
TXN-0005873,2026-09-09,DXB-003,Dubai,CUST-01964,P008,Desk,Furniture,1,708.07,10,708.07,70.81,637.26,Card,Store,2026,9,September,9,Wednesday,False,637.26,637.26
TXN-0006138,2026-09-09,DXB-005,Dubai,CUST-04313,P003,Headphones,Electronics,1,352.2,0,352.2,0.0,352.2,Card,Store,2026,9,September,9,Wednesday,False,352.2,352.2
TXN-0006148,2026-09-09,DXB-003,Dubai,CUST-05812,P002,Smartphone,Electronics,3,1812.99,0,5438.97,0.0,5438.97,Card,Store,2026,9,September,9,Wednesday,False,5438.97,1812.99
TXN-0006259,2026-09-09,DXB-004,Dubai,CUST-02240,P001,Laptop,Electronics,3,2853.77,5,8561.31,428.07,8133.24,Card,Store,2026,9,September,9,Wednesday,False,8133.24,2711.08
TXN-0006294,2026-09-09,DXB-004,Dubai,CUST-03401,P013,USB Drive,Accessories,1,46.5,0,46.5,0.0,46.5,Card,Store,2026,9,September,9,Wednesday,False,46.5,46.5
TXN-0006355,2026-09-09,DXB-003,Dubai,CUST-02352,P013,USB Drive,Accessories,1,40.05,0,40.05,0.0,40.05,Card,Online,2026,9,September,9,Wednesday,False,40.05,40.05
TXN-0006374,2026-09-09,DXB-005,Dubai,CUST-04490,P010,Printer,Office,1,678.71,10,678.71,67.87,610.84,Apple Pay,Store,2026,9,September,9,Wednesday,False,610.84,610.84
TXN-0006585,2026-09-09,DXB-001,Dubai,CUST-02996,P001,Laptop,Electronics,4,2583.06,0,10332.24,0.0,10332.24,Apple Pay,Store,2026,9,September,9,Wednesday,False,10332.24,2583.06
TXN-0006634,2026-09-09,DXB-001,Dubai,CUST-06774,P014,Power Bank,Electronics,4,162.77,5,651.08,32.55,618.53,Cash,Online,2026,9,September,9,Wednesday,False,618.53,154.63
TXN-0006751,2026-09-09,DXB-002,Dubai,CUST-02637,P004,Monitor,Electronics,2,906.1,0,1812.2,0.0,1812.2,Card,Store,2026,9,September,9,Wednesday,False,1812.2,906.1
TXN-0006790,2026-09-09,DXB-001,Dubai,CUST-03949,P014,Power Bank,Electronics,3,164.4,15,493.2,73.98,419.22,Card,Store,2026,9,September,9,Wednesday,False,419.22,139.74
TXN-0006795,2026-09-09,DXB-004,Dubai,CUST-05889,P002,Smartphone,Electronics,2,1563.69,10,3127.38,312.74,2814.64,Cash,Store,2026,9,September,9,Wednesday,False,2814.64,1407.32
TXN-0006819,2026-09-09,DXB-004,Dubai,CUST-00621,P014,Power Bank,Electronics,1,157.32,15,157.32,23.6,133.72,Cash,Online,2026,9,September,9,Wednesday,False,133.72,133.72
TXN-0006861,2026-09-09,DXB-001,Dubai,CUST-00839,P004,Monitor,Electronics,1,846.23,5,846.23,42.31,803.92,Card,Store,2026,9,September,9,Wednesday,False,803.92,803.92
TXN-0006929,2026-09-09,DXB-003,Dubai,CUST-00027,P004,Monitor,Electronics,2,927.34,10,1854.68,185.47,1669.21,Card,Online,2026,9,September,9,Wednesday,False,1669.21,834.6
TXN-0007083,2026-09-09,DXB-002,Dubai,CUST-06860,P014,Power Bank,Electronics,1,155.55,0,155.55,0.0,155.55,Cash,Store,2026,9,September,9,Wednesday,False,155.55,155.55
TXN-0007157,2026-09-09,DXB-002,Dubai,CUST-07113,P010,Printer,Office,1,647.84,10,647.84,64.78,583.06,Bank Transfer,Store,2026,9,September,9,Wednesday,False,583.06,583.06
TXN-0007168,2026-09-09,DXB-002,Dubai,CUST-00950,P013,USB Drive,Accessories,5,47.84,5,239.2,11.96,227.24,Card,Store,2026,9,September,9,Wednesday,False,227.24,45.45
TXN-0007245,2026-09-09,DXB-002,Dubai,CUST-02384,P009,Backpack,Accessories,2,240.03,0,480.06,0.0,480.06,Card,Store,2026,9,September,9,Wednesday,False,480.06,240.03
TXN-0007345,2026-09-09,DXB-002,Dubai,CUST-06773,P012,Pen Pack,Stationery,2,16.28,5,32.56,1.63,30.93,Cash,Online,2026,9,September,9,Wednesday,False,30.93,15.46
TXN-0007362,2026-09-09,DXB-003,Dubai,CUST-02745,P012,Pen Pack,Stationery,2,15.99,15,31.98,4.8,27.18,Bank Transfer,Store,2026,9,September,9,Wednesday,False,27.18,13.59
TXN-0007367,2026-09-09,DXB-003,Dubai,CUST-06985,P013,USB Drive,Accessories,4,50.45,5,201.8,10.09,191.71,Card,Store,2026,9,September,9,Wednesday,False,191.71,47.93
TXN-0007420,2026-09-09,DXB-002,Dubai,CUST-03790,P002,Smartphone,Electronics,1,1992.46,0,1992.46,0.0,1992.46,Card,Store,2026,9,September,9,Wednesday,False,1992.46,1992.46
TXN-0007434,2026-09-09,DXB-004,Dubai,CUST-03810,P007,Office Chair,Furniture,6,645.73,0,3874.38,0.0,3874.38,Cash,Store,2026,9,September,9,Wednesday,False,3874.38,645.73
TXN-0007449,2026-09-09,DXB-005,Dubai,CUST-04124,P007,Office Chair,Furniture,2,677.07,20,1354.14,270.83,1083.31,Card,Store,2026,9,September,9,Wednesday,False,1083.31,541.66
TXN-0007471,2026-09-09,DXB-002,Dubai,CUST-07754,P015,Tablet,Electronics,3,1110.32,5,3330.96,166.55,3164.41,Card,Store,2026,9,September,9,Wednesday,False,3164.41,1054.8
TXN-0007476,2026-09-09,DXB-002,Dubai,CUST-01451,P012,Pen Pack,Stationery,1,15.49,10,15.49,1.55,13.94,Apple Pay,Store,2026,9,September,9,Wednesday,False,13.94,13.94
TXN-0007650,2026-09-09,DXB-003,Dubai,CUST-07248,P009,Backpack,Accessories,1,217.34,20,217.34,43.47,173.87,Card,Online,2026,9,September,9,Wednesday,False,173.87,173.87
TXN-0007694,2026-09-09,DXB-003,Dubai,CUST-06544,P013,USB Drive,Accessories,3,45.79,5,137.37,6.87,130.5,Apple Pay,Store,2026,9,September,9,Wednesday,False,130.5,43.5
TXN-0007803,2026-09-09,DXB-001,Dubai,CUST-02690,P010,Printer,Office,1,687.89,5,687.89,34.39,653.5,Apple Pay,Online,2026,9,September,9,Wednesday,False,653.5,653.5
TXN-0008049,2026-09-09,DXB-005,Dubai,CUST-04395,P009,Backpack,Accessories,2,209.36,20,418.72,83.74,334.98,Bank Transfer,Store,2026,9,September,9,Wednesday,False,334.98,167.49
TXN-0008123,2026-09-09,DXB-002,Dubai,CUST-00369,P005,Keyboard,Accessories,1,172.03,5,172.03,8.6,163.43,Cash,Store,2026,9,September,9,Wednesday,False,163.43,163.43
TXN-0008135,2026-09-09,DXB-003,Dubai,CUST-02118,P007,Office Chair,Furniture,2,640.21,5,1280.42,64.02,1216.4,Card,Store,2026,9,September,9,Wednesday,False,1216.4,608.2
TXN-0008166,2026-09-09,DXB-001,Dubai,CUST-01001,P009,Backpack,Accessories,4,244.08,5,976.32,48.82,927.5,Card,Store,2026,9,September,9,Wednesday,False,927.5,231.88
TXN-0008216,2026-09-09,DXB-002,Dubai,CUST-06627,P004,Monitor,Electronics,1,1017.01,5,1017.01,50.85,966.16,Card,Online,2026,9,September,9,Wednesday,False,966.16,966.16
TXN-0008262,2026-09-09,DXB-001,Dubai,CUST-04154,P015,Tablet,Electronics,1,1164.79,5,1164.79,58.24,1106.55,Card,Store,2026,9,September,9,Wednesday,False,1106.55,1106.55
TXN-0008362,2026-09-09,DXB-004,Dubai,CUST-07592,P011,Notebook,Stationery,2,23.49,0,46.98,0.0,46.98,Card,Store,2026,9,September,9,Wednesday,False,46.98,23.49
TXN-0008384,2026-09-09,DXB-004,Dubai,CUST-02693,P010,Printer,Office,1,704.67,5,704.67,35.23,669.44,Cash,Online,2026,9,September,9,Wednesday,False,669.44,669.44
TXN-0008466,2026-09-09,DXB-003,Dubai,CUST-03753,P012,Pen Pack,Stationery,1,14.56,5,14.56,0.73,13.83,Card,Store,2026,9,September,9,Wednesday,False,13.83,13.83
TXN-0008523,2026-09-09,DXB-005,Dubai,CUST-01488,P006,Mouse,Accessories,3,107.47,0,322.41,0.0,322.41,Card,Store,2026,9,September,9,Wednesday,False,322.41,107.47
TXN-0008609,2026-09-09,DXB-005,Dubai,CUST-04349,P003,Headphones,Electronics,1,356.23,0,356.23,0.0,356.23,Card,Online,2026,9,September,9,Wednesday,False,356.23,356.23
TXN-0008690,2026-09-09,DXB-004,Dubai,CUST-04465,P006,Mouse,Accessories,1,98.33,0,98.33,0.0,98.33,Bank Transfer,Store,2026,9,September,9,Wednesday,False,98.33,98.33
TXN-0008697,2026-09-09,DXB-004,Dubai,CUST-01706,P006,Mouse,Accessories,1,93.25,10,93.25,9.32,83.93,Card,Store,2026,9,September,9,Wednesday,False,83.93,83.93
TXN-0008754,2026-09-09,DXB-003,Dubai,CUST-05079,P002,Smartphone,Electronics,4,1837.19,5,7348.76,367.44,6981.32,Card,Online,2026,9,September,9,Wednesday,False,6981.32,1745.33
TXN-0008755,2026-09-09,DXB-005,Dubai,CUST-01254,P008,Desk,Furniture,1,825.96,5,825.96,41.3,784.66,Cash,Store,2026,9,September,9,Wednesday,False,784.66,784.66
TXN-0008757,2026-09-09,DXB-004,Dubai,CUST-06177,P014,Power Bank,Electronics,1,143.97,0,143.97,0.0,143.97,Card,Store,2026,9,September,9,Wednesday,False,143.97,143.97
TXN-0008899,2026-09-09,DXB-001,Dubai,CUST-06138,P004,Monitor,Electronics,1,983.34,5,983.34,49.17,934.17,Card,Store,2026,9,September,9,Wednesday,False,934.17,934.17
TXN-0008921,2026-09-09,DXB-003,Dubai,CUST-07932,P004,Monitor,Electronics,1,872.26,10,872.26,87.23,785.03,Bank Transfer,Store,2026,9,September,9,Wednesday,False,785.03,785.03
TXN-0009041,2026-09-09,DXB-003,Dubai,CUST-01405,P009,Backpack,Accessories,1,219.16,5,219.16,10.96,208.2,Card,Online,2026,9,September,9,Wednesday,False,208.2,208.2
TXN-0009050,2026-09-09,DXB-002,Dubai,CUST-04301,P014,Power Bank,Electronics,2,149.67,5,299.34,14.97,284.37,Apple Pay,Online,2026,9,September,9,Wednesday,False,284.37,142.18
TXN-0009054,2026-09-09,DXB-003,Dubai,CUST-01328,P005,Keyboard,Accessories,1,168.31,0,168.31,0.0,168.31,Card,Store,2026,9,September,9,Wednesday,False,168.31,168.31
TXN-0009098,2026-09-09,DXB-005,Dubai,CUST-02621,P010,Printer,Office,1,677.26,10,677.26,67.73,609.53,Cash,Online,2026,9,September,9,Wednesday,False,609.53,609.53
TXN-0009116,2026-09-09,DXB-002,Dubai,CUST-07966,P005,Keyboard,Accessories,2,186.95,15,373.9,56.08,317.82,Card,Store,2026,9,September,9,Wednesday,False,317.82,158.91
TXN-0009186,2026-09-09,DXB-002,Dubai,CUST-03740,P012,Pen Pack,Stationery,3,15.85,10,47.55,4.76,42.79,Bank Transfer,Store,2026,9,September,9,Wednesday,False,42.79,14.26
TXN-0009368,2026-09-09,DXB-003,Dubai,CUST-01272,P006,Mouse,Accessories,1,100.68,10,100.68,10.07,90.61,Apple Pay,Store,2026,9,September,9,Wednesday,False,90.61,90.61
TXN-0009380,2026-09-09,DXB-001,Dubai,CUST-00900,P015,Tablet,Electronics,3,1181.34,0,3544.02,0.0,3544.02,Card,Store,2026,9,September,9,Wednesday,False,3544.02,1181.34
TXN-0009383,2026-09-09,DXB-001,Dubai,CUST-01225,P006,Mouse,Accessories,2,99.6,10,199.2,19.92,179.28,Cash,Store,2026,9,September,9,Wednesday,False,179.28,89.64
TXN-0009386,2026-09-09,DXB-005,Dubai,CUST-04449,P013,USB Drive,Accessories,4,46.77,10,187.08,18.71,168.37,Cash,Store,2026,9,September,9,Wednesday,False,168.37,42.09
TXN-0009537,2026-09-09,DXB-001,Dubai,CUST-07019,P011,Notebook,Stationery,3,25.12,10,75.36,7.54,67.82,Cash,Store,2026,9,September,9,Wednesday,False,67.82,22.61
TXN-0009612,2026-09-09,DXB-001,Dubai,CUST-06643,P010,Printer,Office,4,746.07,0,2984.28,0.0,2984.28,Card,Store,2026,9,September,9,Wednesday,False,2984.28,746.07
TXN-0009615,2026-09-09,DXB-005,Dubai,CUST-05726,P001,Laptop,Electronics,5,2832.71,15,14163.55,2124.53,12039.02,Cash,Online,2026,9,September,9,Wednesday,False,12039.02,2407.8
TXN-0009668,2026-09-09,DXB-002,Dubai,CUST-05017,P004,Monitor,Electronics,2,946.11,5,1892.22,94.61,1797.61,Bank Transfer,Store,2026,9,September,9,Wednesday,False,1797.61,898.8
TXN-0009704,2026-09-09,DXB-004,Dubai,CUST-07718,P010,Printer,Office,1,729.92,5,729.92,36.5,693.42,Card,Store,2026,9,September,9,Wednesday,False,693.42,693.42
TXN-0009845,2026-09-09,DXB-002,Dubai,CUST-04253,P007,Office Chair,Furniture,5,691.3,15,3456.5,518.48,2938.02,Card,Store,2026,9,September,9,Wednesday,False,2938.02,587.6
TXN-0009876,2026-09-09,DXB-005,Dubai,CUST-04196,P015,Tablet,Electronics,1,1129.31,10,1129.31,112.93,1016.38,Cash,Store,2026,9,September,9,Wednesday,False,1016.38,1016.38
TXN-0010028,2026-09-09,DXB-002,Dubai,CUST-04492,P008,Desk,Furniture,2,860.44,0,1720.88,0.0,1720.88,Card,Online,2026,9,September,9,Wednesday,False,1720.88,860.44
TXN-0010057,2026-09-09,DXB-004,Dubai,CUST-00544,P009,Backpack,Accessories,2,227.2,0,454.4,0.0,454.4,Apple Pay,Store,2026,9,September,9,Wednesday,False,454.4,227.2
TXN-0010123,2026-09-09,DXB-002,Dubai,CUST-04173,P010,Printer,Office,1,760.45,5,760.45,38.02,722.43,Card,Online,2026,9,September,9,Wednesday,False,722.43,722.43
TXN-0010332,2026-09-09,DXB-002,Dubai,CUST-02788,P012,Pen Pack,Stationery,1,14.25,0,14.25,0.0,14.25,Apple Pay,Store,2026,9,September,9,Wednesday,False,14.25,14.25
TXN-0010375,2026-09-09,DXB-001,Dubai,CUST-01600,P001,Laptop,Electronics,4,2932.24,10,11728.96,1172.9,10556.06,Apple Pay,Store,2026,9,September,9,Wednesday,False,10556.06,2639.02
TXN-0010473,2026-09-09,DXB-001,Dubai,CUST-05518,P008,Desk,Furniture,2,810.13,10,1620.26,162.03,1458.23,Card,Store,2026,9,September,9,Wednesday,False,1458.23,729.12
TXN-0010533,2026-09-09,DXB-001,Dubai,CUST-07638,P010,Printer,Office,1,742.16,5,742.16,37.11,705.05,Card,Store,2026,9,September,9,Wednesday,False,705.05,705.05
TXN-0010560,2026-09-09,DXB-005,Dubai,CUST-01163,P004,Monitor,Electronics,3,934.3,15,2802.9,420.44,2382.46,Card,Store,2026,9,September,9,Wednesday,False,2382.46,794.15
TXN-0010581,2026-09-09,DXB-001,Dubai,CUST-04433,P003,Headphones,Electronics,1,409.08,10,409.08,40.91,368.17,Card,Online,2026,9,September,9,Wednesday,False,368.17,368.17
TXN-0010601,2026-09-09,DXB-001,Dubai,CUST-06347,P011,Notebook,Stationery,1,25.01,0,25.01,0.0,25.01,Apple Pay,Store,2026,9,September,9,Wednesday,False,25.01,25.01
TXN-0010606,2026-09-09,DXB-001,Dubai,CUST-01508,P010,Printer,Office,3,695.83,0,2087.49,0.0,2087.49,Cash,Store,2026,9,September,9,Wednesday,False,2087.49,695.83
TXN-0010694,2026-09-09,DXB-003,Dubai,CUST-01083,P007,Office Chair,Furniture,1,649.43,15,649.43,97.41,552.02,Cash,Online,2026,9,September,9,Wednesday,False,552.02,552.02
TXN-0010755,2026-09-09,DXB-004,Dubai,CUST-05364,P010,Printer,Office,2,684.34,5,1368.68,68.43,1300.25,Cash,Store,2026,9,September,9,Wednesday,False,1300.25,650.12
TXN-0010807,2026-09-09,DXB-005,Dubai,CUST-05359,P003,Headphones,Electronics,1,392.05,15,392.05,58.81,333.24,Apple Pay,Store,2026,9,September,9,Wednesday,False,333.24,333.24
TXN-0010812,2026-09-09,DXB-003,Dubai,CUST-05583,P010,Printer,Office,1,643.56,5,643.56,32.18,611.38,Apple Pay,Store,2026,9,September,9,Wednesday,False,611.38,611.38
TXN-0010830,2026-09-09,DXB-005,Dubai,CUST-01770,P012,Pen Pack,Stationery,1,13.34,15,13.34,2.0,11.34,Cash,Store,2026,9,September,9,Wednesday,False,11.34,11.34
TXN-0010870,2026-09-09,DXB-002,Dubai,CUST-01464,P003,Headphones,Electronics,5,347.01,10,1735.05,173.5,1561.55,Apple Pay,Store,2026,9,September,9,Wednesday,False,1561.55,312.31
TXN-0010888,2026-09-09,DXB-003,Dubai,CUST-03079,P015,Tablet,Electronics,2,1221.09,10,2442.18,244.22,2197.96,Bank Transfer,Online,2026,9,September,9,Wednesday,False,2197.96,1098.98
TXN-0010897,2026-09-09,DXB-003,Dubai,CUST-02615,P001,Laptop,Electronics,1,2727.0,10,2727.0,272.7,2454.3,Cash,Store,2026,9,September,9,Wednesday,False,2454.3,2454.3
TXN-0010928,2026-09-09,DXB-005,Dubai,CUST-02182,P015,Tablet,Electronics,1,1335.43,20,1335.43,267.09,1068.34,Card,Store,2026,9,September,9,Wednesday,False,1068.34,1068.34
TXN-0011027,2026-09-09,DXB-001,Dubai,CUST-02402,P015,Tablet,Electronics,5,1167.35,10,5836.75,583.67,5253.08,Cash,Store,2026,9,September,9,Wednesday,False,5253.08,1050.62
TXN-0011061,2026-09-09,DXB-003,Dubai,CUST-04903,P005,Keyboard,Accessories,3,160.45,0,481.35,0.0,481.35,Card,Store,2026,9,September,9,Wednesday,False,481.35,160.45
TXN-0011137,2026-09-09,DXB-005,Dubai,CUST-01856,P002,Smartphone,Electronics,1,1690.84,5,1690.84,84.54,1606.3,Apple Pay,Store,2026,9,September,9,Wednesday,False,1606.3,1606.3
TXN-0011159,2026-09-09,DXB-001,Dubai,CUST-04192,P008,Desk,Furniture,1,843.36,5,843.36,42.17,801.19,Apple Pay,Store,2026,9,September,9,Wednesday,False,801.19,801.19
TXN-0011169,2026-09-09,DXB-003,Dubai,CUST-06395,P011,Notebook,Stationery,2,25.22,0,50.44,0.0,50.44,Card,Online,2026,9,September,9,Wednesday,False,50.44,25.22
TXN-0011254,2026-09-09,DXB-001,Dubai,CUST-01433,P001,Laptop,Electronics,5,2741.75,0,13708.75,0.0,13708.75,Apple Pay,Store,2026,9,September,9,Wednesday,False,13708.75,2741.75
TXN-0011263,2026-09-09,DXB-002,Dubai,CUST-05668,P006,Mouse,Accessories,2,94.79,20,189.58,37.92,151.66,Cash,Online,2026,9,September,9,Wednesday,False,151.66,75.83
TXN-0011305,2026-09-09,DXB-005,Dubai,CUST-06410,P002,Smartphone,Electronics,1,1819.98,0,1819.98,0.0,1819.98,Card,Online,2026,9,September,9,Wednesday,False,1819.98,1819.98
TXN-0011441,2026-09-09,DXB-001,Dubai,CUST-07789,P015,Tablet,Electronics,2,1345.09,0,2690.18,0.0,2690.18,Bank Transfer,Store,2026,9,September,9,Wednesday,False,2690.18,1345.09
TXN-0011558,2026-09-09,DXB-003,Dubai,CUST-06942,P006,Mouse,Accessories,3,93.52,5,280.56,14.03,266.53,Cash,Store,2026,9,September,9,Wednesday,False,266.53,88.84
TXN-0011572,2026-09-09,DXB-003,Dubai,CUST-01975,P008,Desk,Furniture,1,805.45,10,805.45,80.54,724.91,Card,Store,2026,9,September,9,Wednesday,False,724.91,724.91
TXN-0011607,2026-09-09,DXB-001,Dubai,CUST-00408,P005,Keyboard,Accessories,1,178.74,0,178.74,0.0,178.74,Bank Transfer,Store,2026,9,September,9,Wednesday,False,178.74,178.74
TXN-0011612,2026-09-09,DXB-005,Dubai,CUST-02096,P014,Power Bank,Electronics,2,141.15,10,282.3,28.23,254.07,Card,Online,2026,9,September,9,Wednesday,False,254.07,127.04
TXN-0011655,2026-09-09,DXB-003,Dubai,CUST-04021,P009,Backpack,Accessories,4,229.65,0,918.6,0.0,918.6,Card,Store,2026,9,September,9,Wednesday,False,918.6,229.65
TXN-0011728,2026-09-09,DXB-002,Dubai,CUST-02283,P003,Headphones,Electronics,3,292.31,0,876.93,0.0,876.93,Cash,Store,2026,9,September,9,Wednesday,False,876.93,292.31
TXN-0011855,2026-09-09,DXB-001,Dubai,CUST-04984,P009,Backpack,Accessories,2,225.28,10,450.56,45.06,405.5,Card,Store,2026,9,September,9,Wednesday,False,405.5,202.75
TXN-0011945,2026-09-09,DXB-004,Dubai,CUST-07852,P009,Backpack,Accessories,1,230.07,15,230.07,34.51,195.56,Apple Pay,Store,2026,9,September,9,Wednesday,False,195.56,195.56
TXN-0012045,2026-09-09,DXB-001,Dubai,CUST-00982,P009,Backpack,Accessories,1,208.28,0,208.28,0.0,208.28,Apple Pay,Store,2026,9,September,9,Wednesday,False,208.28,208.28
TXN-0012055,2026-09-09,DXB-004,Dubai,CUST-05313,P007,Office Chair,Furniture,2,641.0,5,1282.0,64.1,1217.9,Apple Pay,Store,2026,9,September,9,Wednesday,False,1217.9,608.95
TXN-0012077,2026-09-09,DXB-005,Dubai,CUST-03932,P005,Keyboard,Accessories,1,194.95,10,194.95,19.5,175.45,Cash,Store,2026,9,September,9,Wednesday,False,175.45,175.45
TXN-0012121,2026-09-09,DXB-001,Dubai,CUST-04300,P003,Headphones,Electronics,1,368.35,15,368.35,55.25,313.1,Card,Store,2026,9,September,9,Wednesday,False,313.1,313.1
TXN-0012180,2026-09-09,DXB-005,Dubai,CUST-02406,P008,Desk,Furniture,1,880.39,0,880.39,0.0,880.39,Apple Pay,Store,2026,9,September,9,Wednesday,False,880.39,880.39
TXN-0012191,2026-09-09,DXB-001,Dubai,CUST-01979,P010,Printer,Office,1,712.83,0,712.83,0.0,712.83,Cash,Store,2026,9,September,9,Wednesday,False,712.83,712.83
TXN-0012209,2026-09-09,DXB-005,Dubai,CUST-07643,P009,Backpack,Accessories,3,222.96,10,668.88,66.89,601.99,Apple Pay,Store,2026,9,September,9,Wednesday,False,601.99,200.66
TXN-0012266,2026-09-09,DXB-005,Dubai,CUST-05059,P011,Notebook,Stationery,4,23.58,5,94.32,4.72,89.6,Cash,Store,2026,9,September,9,Wednesday,False,89.6,22.4
TXN-0012295,2026-09-09,DXB-003,Dubai,CUST-03215,P011,Notebook,Stationery,2,24.22,5,48.44,2.42,46.02,Card,Store,2026,9,September,9,Wednesday,False,46.02,23.01
TXN-0012297,2026-09-09,DXB-003,Dubai,CUST-00007,P007,Office Chair,Furniture,2,669.36,15,1338.72,200.81,1137.91,Card,Store,2026,9,September,9,Wednesday,False,1137.91,568.96
TXN-0012300,2026-09-09,DXB-003,Dubai,CUST-01539,P009,Backpack,Accessories,3,207.57,10,622.71,62.27,560.44,Apple Pay,Store,2026,9,September,9,Wednesday,False,560.44,186.81
TXN-0012335,2026-09-09,DXB-005,Dubai,CUST-00019,P001,Laptop,Electronics,6,2860.54,15,17163.24,2574.49,14588.75,Cash,Store,2026,9,September,9,Wednesday,False,14588.75,2431.46
TXN-0012372,2026-09-09,DXB-002,Dubai,CUST-00421,P001,Laptop,Electronics,1,2405.29,10,2405.29,240.53,2164.76,Apple Pay,Online,2026,9,September,9,Wednesday,False,2164.76,2164.76
TXN-0012552,2026-09-09,DXB-001,Dubai,CUST-07025,P010,Printer,Office,3,674.82,0,2024.46,0.0,2024.46,Card,Store,2026,9,September,9,Wednesday,False,2024.46,674.82
TXN-0012610,2026-09-09,DXB-003,Dubai,CUST-07958,P014,Power Bank,Electronics,2,141.49,15,282.98,42.45,240.53,Card,Online,2026,9,September,9,Wednesday,False,240.53,120.26
TXN-0012645,2026-09-09,DXB-002,Dubai,CUST-06712,P015,Tablet,Electronics,1,1283.76,0,1283.76,0.0,1283.76,Cash,Store,2026,9,September,9,Wednesday,False,1283.76,1283.76
TXN-0012696,2026-09-09,DXB-001,Dubai,CUST-01584,P011,Notebook,Stationery,1,22.46,5,22.46,1.12,21.34,Cash,Online,2026,9,September,9,Wednesday,False,21.34,21.34
TXN-0012699,2026-09-09,DXB-005,Dubai,CUST-04001,P005,Keyboard,Accessories,2,187.32,5,374.64,18.73,355.91,Card,Store,2026,9,September,9,Wednesday,False,355.91,177.96
TXN-0012812,2026-09-09,DXB-005,Dubai,CUST-04743,P011,Notebook,Stationery,1,25.15,0,25.15,0.0,25.15,Card,Store,2026,9,September,9,Wednesday,False,25.15,25.15
TXN-0012913,2026-09-09,DXB-005,Dubai,CUST-04864,P006,Mouse,Accessories,1,100.07,5,100.07,5.0,95.07,Card,Store,2026,9,September,9,Wednesday,False,95.07,95.07
TXN-0012916,2026-09-09,DXB-003,Dubai,CUST-01950,P007,Office Chair,Furniture,1,639.78,5,639.78,31.99,607.79,Apple Pay,Online,2026,9,September,9,Wednesday,False,607.79,607.79
TXN-0012924,2026-09-09,DXB-004,Dubai,CUST-02901,P003,Headphones,Electronics,1,334.58,10,334.58,33.46,301.12,Cash,Store,2026,9,September,9,Wednesday,False,301.12,301.12
TXN-0012936,2026-09-09,DXB-001,Dubai,CUST-06977,P014,Power Bank,Electronics,1,157.68,10,157.68,15.77,141.91,Bank Transfer,Store,2026,9,September,9,Wednesday,False,141.91,141.91
TXN-0012968,2026-09-09,DXB-002,Dubai,CUST-07211,P011,Notebook,Stationery,1,25.23,20,25.23,5.05,20.18,Bank Transfer,Online,2026,9,September,9,Wednesday,False,20.18,20.18
TXN-0012971,2026-09-09,DXB-001,Dubai,CUST-05699,P013,USB Drive,Accessories,4,45.25,0,181.0,0.0,181.0,Bank Transfer,Store,2026,9,September,9,Wednesday,False,181.0,45.25
TXN-0013034,2026-09-09,DXB-004,Dubai,CUST-03298,P015,Tablet,Electronics,4,1082.85,0,4331.4,0.0,4331.4,Bank Transfer,Store,2026,9,September,9,Wednesday,False,4331.4,1082.85
TXN-0013210,2026-09-09,DXB-004,Dubai,CUST-04426,P006,Mouse,Accessories,2,90.97,15,181.94,27.29,154.65,Bank Transfer,Store,2026,9,September,9,Wednesday,False,154.65,77.32
TXN-0013231,2026-09-09,DXB-005,Dubai,CUST-02899,P008,Desk,Furniture,1,895.43,10,895.43,89.54,805.89,Card,Store,2026,9,September,9,Wednesday,False,805.89,805.89
TXN-0013289,2026-09-09,DXB-003,Dubai,CUST-00352,P004,Monitor,Electronics,1,927.35,10,927.35,92.74,834.61,Apple Pay,Store,2026,9,September,9,Wednesday,False,834.61,834.61
TXN-0013393,2026-09-09,DXB-001,Dubai,CUST-03844,P013,USB Drive,Accessories,1,46.62,0,46.62,0.0,46.62,Cash,Store,2026,9,September,9,Wednesday,False,46.62,46.62
TXN-0013434,2026-09-09,DXB-004,Dubai,CUST-01683,P011,Notebook,Stationery,2,23.62,5,47.24,2.36,44.88,Card,Online,2026,9,September,9,Wednesday,False,44.88,22.44
TXN-0013560,2026-09-09,DXB-001,Dubai,CUST-07477,P014,Power Bank,Electronics,2,144.92,0,289.84,0.0,289.84,Bank Transfer,Store,2026,9,September,9,Wednesday,False,289.84,144.92
TXN-0013629,2026-09-09,DXB-005,Dubai,CUST-06123,P011,Notebook,Stationery,6,27.0,5,162.0,8.1,153.9,Card,Online,2026,9,September,9,Wednesday,False,153.9,25.65
TXN-0013653,2026-09-09,DXB-004,Dubai,CUST-04273,P009,Backpack,Accessories,6,238.56,0,1431.36,0.0,1431.36,Card,Online,2026,9,September,9,Wednesday,False,1431.36,238.56
TXN-0013657,2026-09-09,DXB-002,Dubai,CUST-04496,P001,Laptop,Electronics,1,2738.17,0,2738.17,0.0,2738.17,Cash,Store,2026,9,September,9,Wednesday,False,2738.17,2738.17
TXN-0013681,2026-09-09,DXB-004,Dubai,CUST-00549,P015,Tablet,Electronics,2,1232.85,15,2465.7,369.86,2095.84,Apple Pay,Online,2026,9,September,9,Wednesday,False,2095.84,1047.92
TXN-0013686,2026-09-09,DXB-004,Dubai,CUST-06295,P003,Headphones,Electronics,2,364.04,20,728.08,145.62,582.46,Cash,Online,2026,9,September,9,Wednesday,False,582.46,291.23
TXN-0013757,2026-09-09,DXB-002,Dubai,CUST-04522,P014,Power Bank,Electronics,3,154.83,0,464.49,0.0,464.49,Cash,Store,2026,9,September,9,Wednesday,False,464.49,154.83
TXN-0013769,2026-09-09,DXB-003,Dubai,CUST-01948,P014,Power Bank,Electronics,1,141.02,0,141.02,0.0,141.02,Card,Store,2026,9,September,9,Wednesday,False,141.02,141.02
TXN-0013771,2026-09-09,DXB-002,Dubai,CUST-02297,P008,Desk,Furniture,1,871.09,20,871.09,174.22,696.87,Card,Online,2026,9,September,9,Wednesday,False,696.87,696.87
TXN-0013828,2026-09-09,DXB-004,Dubai,CUST-05935,P010,Printer,Office,1,733.23,5,733.23,36.66,696.57,Apple Pay,Online,2026,9,September,9,Wednesday,False,696.57,696.57
TXN-0013864,2026-09-09,DXB-001,Dubai,CUST-05663,P013,USB Drive,Accessories,3,46.75,20,140.25,28.05,112.2,Card,Store,2026,9,September,9,Wednesday,False,112.2,37.4
TXN-0013894,2026-09-09,DXB-003,Dubai,CUST-05364,P011,Notebook,Stationery,1,24.88,15,24.88,3.73,21.15,Card,Store,2026,9,September,9,Wednesday,False,21.15,21.15
TXN-0013941,2026-09-09,DXB-005,Dubai,CUST-03391,P011,Notebook,Stationery,3,26.57,0,79.71,0.0,79.71,Card,Store,2026,9,September,9,Wednesday,False,79.71,26.57
TXN-0013994,2026-09-09,DXB-005,Dubai,CUST-02595,P006,Mouse,Accessories,1,99.11,5,99.11,4.96,94.15,Cash,Store,2026,9,September,9,Wednesday,False,94.15,94.15
TXN-0014076,2026-09-09,DXB-001,Dubai,CUST-02425,P001,Laptop,Electronics,4,2771.36,0,11085.44,0.0,11085.44,Cash,Online,2026,9,September,9,Wednesday,False,11085.44,2771.36
TXN-0014171,2026-09-09,DXB-002,Dubai,CUST-03183,P004,Monitor,Electronics,1,757.85,0,757.85,0.0,757.85,Cash,Store,2026,9,September,9,Wednesday,False,757.85,757.85
TXN-0014292,2026-09-09,DXB-004,Dubai,CUST-04721,P015,Tablet,Electronics,1,1272.0,0,1272.0,0.0,1272.0,Card,Online,2026,9,September,9,Wednesday,False,1272.0,1272.0
TXN-0014298,2026-09-09,DXB-004,Dubai,CUST-00054,P006,Mouse,Accessories,3,92.72,5,278.16,13.91,264.25,Card,Online,2026,9,September,9,Wednesday,False,264.25,88.08
TXN-0014304,2026-09-09,DXB-001,Dubai,CUST-07273,P010,Printer,Office,1,718.12,0,718.12,0.0,718.12,Apple Pay,Online,2026,9,September,9,Wednesday,False,718.12,718.12
TXN-0014346,2026-09-09,DXB-001,Dubai,CUST-07608,P010,Printer,Office,1,670.75,20,670.75,134.15,536.6,Bank Transfer,Online,2026,9,September,9,Wednesday,False,536.6,536.6
TXN-0014453,2026-09-09,DXB-004,Dubai,CUST-01818,P007,Office Chair,Furniture,1,624.4,10,624.4,62.44,561.96,Cash,Online,2026,9,September,9,Wednesday,False,561.96,561.96
TXN-0014560,2026-09-09,DXB-003,Dubai,CUST-04767,P007,Office Chair,Furniture,1,660.44,10,660.44,66.04,594.4,Apple Pay,Store,2026,9,September,9,Wednesday,False,594.4,594.4
TXN-0014565,2026-09-09,DXB-005,Dubai,CUST-03117,P001,Laptop,Electronics,2,2856.82,10,5713.64,571.36,5142.28,Card,Store,2026,9,September,9,Wednesday,False,5142.28,2571.14
TXN-0014627,2026-09-09,DXB-001,Dubai,CUST-05720,P007,Office Chair,Furniture,1,602.43,0,602.43,0.0,602.43,Card,Store,2026,9,September,9,Wednesday,False,602.43,602.43
TXN-0014643,2026-09-09,DXB-001,Dubai,CUST-04795,P007,Office Chair,Furniture,1,630.96,0,630.96,0.0,630.96,Card,Store,2026,9,September,9,Wednesday,False,630.96,630.96
TXN-0014650,2026-09-09,DXB-002,Dubai,CUST-00301,P009,Backpack,Accessories,2,216.51,10,433.02,43.3,389.72,Bank Transfer,Store,2026,9,September,9,Wednesday,False,389.72,194.86
TXN-0014691,2026-09-09,DXB-001,Dubai,CUST-06400,P009,Backpack,Accessories,1,200.47,0,200.47,0.0,200.47,Apple Pay,Store,2026,9,September,9,Wednesday,False,200.47,200.47
TXN-0014695,2026-09-09,DXB-003,Dubai,CUST-05768,P008,Desk,Furniture,1,736.77,0,736.77,0.0,736.77,Card,Online,2026,9,September,9,Wednesday,False,736.77,736.77
TXN-0014723,2026-09-09,DXB-001,Dubai,CUST-04153,P002,Smartphone,Electronics,3,1888.93,5,5666.79,283.34,5383.45,Apple Pay,Store,2026,9,September,9,Wednesday,False,5383.45,1794.48
TXN-0014788,2026-09-09,DXB-001,Dubai,CUST-01207,P003,Headphones,Electronics,1,362.83,0,362.83,0.0,362.83,Apple Pay,Store,2026,9,September,9,Wednesday,False,362.83,362.83
TXN-0014824,2026-09-09,DXB-002,Dubai,CUST-04664,P010,Printer,Office,1,707.3,5,707.3,35.36,671.94,Bank Transfer,Online,2026,9,September,9,Wednesday,False,671.94,671.94
TXN-0014825,2026-09-09,DXB-001,Dubai,CUST-00653,P009,Backpack,Accessories,1,219.13,15,219.13,32.87,186.26,Card,Online,2026,9,September,9,Wednesday,False,186.26,186.26
TXN-0014865,2026-09-09,DXB-002,Dubai,CUST-00355,P006,Mouse,Accessories,1,98.37,0,98.37,0.0,98.37,Apple Pay,Store,2026,9,September,9,Wednesday,False,98.37,98.37
TXN-0014883,2026-09-09,DXB-001,Dubai,CUST-00887,P013,USB Drive,Accessories,2,47.06,0,94.12,0.0,94.12,Card,Store,2026,9,September,9,Wednesday,False,94.12,47.06
TXN-0014887,2026-09-09,DXB-003,Dubai,CUST-06556,P001,Laptop,Electronics,2,2679.73,0,5359.46,0.0,5359.46,Apple Pay,Store,2026,9,September,9,Wednesday,False,5359.46,2679.73
TXN-0014891,2026-09-09,DXB-003,Dubai,CUST-01735,P015,Tablet,Electronics,2,1250.9,15,2501.8,375.27,2126.53,Cash,Online,2026,9,September,9,Wednesday,False,2126.53,1063.27
TXN-0014909,2026-09-09,DXB-002,Dubai,CUST-01527,P005,Keyboard,Accessories,3,183.32,10,549.96,55.0,494.96,Card,Store,2026,9,September,9,Wednesday,False,494.96,164.99
TXN-0014914,2026-09-09,DXB-003,Dubai,CUST-06000,P011,Notebook,Stationery,1,24.76,0,24.76,0.0,24.76,Card,Store,2026,9,September,9,Wednesday,False,24.76,24.76
TXN-0014925,2026-09-09,DXB-005,Dubai,CUST-04517,P014,Power Bank,Electronics,1,140.5,10,140.5,14.05,126.45,Card,Online,2026,9,September,9,Wednesday,False,126.45,126.45
TXN-0014995,2026-09-09,DXB-004,Dubai,CUST-01138,P011,Notebook,Stationery,5,23.67,15,118.35,17.75,100.6,Apple Pay,Store,2026,9,September,9,Wednesday,False,100.6,20.12
TXN-0015004,2026-09-09,DXB-005,Dubai,CUST-06445,P010,Printer,Office,1,692.06,0,692.06,0.0,692.06,Apple Pay,Store,2026,9,September,9,Wednesday,False,692.06,692.06
TXN-0015012,2026-09-09,DXB-002,Dubai,CUST-01750,P007,Office Chair,Furniture,2,665.92,0,1331.84,0.0,1331.84,Card,Store,2026,9,September,9,Wednesday,False,1331.84,665.92
TXN-0015071,2026-09-09,DXB-002,Dubai,CUST-00799,P003,Headphones,Electronics,3,357.98,0,1073.94,0.0,1073.94,Card,Store,2026,9,September,9,Wednesday,False,1073.94,357.98
TXN-0015177,2026-09-09,DXB-005,Dubai,CUST-00827,P014,Power Bank,Electronics,1,162.47,10,162.47,16.25,146.22,Card,Online,2026,9,September,9,Wednesday,False,146.22,146.22
TXN-0015238,2026-09-09,DXB-002,Dubai,CUST-05582,P003,Headphones,Electronics,1,339.28,5,339.28,16.96,322.32,Cash,Store,2026,9,September,9,Wednesday,False,322.32,322.32
TXN-0015283,2026-09-09,DXB-002,Dubai,CUST-03648,P008,Desk,Furniture,3,859.78,0,2579.34,0.0,2579.34,Cash,Online,2026,9,September,9,Wednesday,False,2579.34,859.78
TXN-0015289,2026-09-09,DXB-001,Dubai,CUST-07278,P008,Desk,Furniture,1,851.96,0,851.96,0.0,851.96,Bank Transfer,Store,2026,9,September,9,Wednesday,False,851.96,851.96
TXN-0015425,2026-09-09,DXB-003,Dubai,CUST-06026,P015,Tablet,Electronics,1,1306.49,0,1306.49,0.0,1306.49,Card,Store,2026,9,September,9,Wednesday,False,1306.49,1306.49
TXN-0015474,2026-09-09,DXB-005,Dubai,CUST-06273,P002,Smartphone,Electronics,3,1764.87,20,5294.61,1058.92,4235.69,Apple Pay,Store,2026,9,September,9,Wednesday,False,4235.69,1411.9
TXN-0015523,2026-09-09,DXB-004,Dubai,CUST-04554,P013,USB Drive,Accessories,1,44.45,0,44.45,0.0,44.45,Card,Online,2026,9,September,9,Wednesday,False,44.45,44.45
TXN-0015534,2026-09-09,DXB-005,Dubai,CUST-00675,P001,Laptop,Electronics,1,3132.5,10,3132.5,313.25,2819.25,Card,Online,2026,9,September,9,Wednesday,False,2819.25,2819.25
TXN-0015592,2026-09-09,DXB-004,Dubai,CUST-00254,P005,Keyboard,Accessories,1,181.71,0,181.71,0.0,181.71,Card,Store,2026,9,September,9,Wednesday,False,181.71,181.71
TXN-0015767,2026-09-09,DXB-002,Dubai,CUST-04157,P006,Mouse,Accessories,1,99.47,0,99.47,0.0,99.47,Apple Pay,Online,2026,9,September,9,Wednesday,False,99.47,99.47
TXN-0015855,2026-09-09,DXB-001,Dubai,CUST-06766,P003,Headphones,Electronics,1,327.84,5,327.84,16.39,311.45,Apple Pay,Store,2026,9,September,9,Wednesday,False,311.45,311.45
TXN-0015883,2026-09-09,DXB-004,Dubai,CUST-03063,P001,Laptop,Electronics,3,2500.11,5,7500.33,375.02,7125.31,Card,Store,2026,9,September,9,Wednesday,False,7125.31,2375.1
TXN-0015893,2026-09-09,DXB-001,Dubai,CUST-03578,P001,Laptop,Electronics,1,2966.27,10,2966.27,296.63,2669.64,Card,Online,2026,9,September,9,Wednesday,False,2669.64,2669.64
TXN-0016056,2026-09-09,DXB-005,Dubai,CUST-00320,P012,Pen Pack,Stationery,2,15.97,15,31.94,4.79,27.15,Apple Pay,Online,2026,9,September,9,Wednesday,False,27.15,13.58
TXN-0016183,2026-09-09,DXB-001,Dubai,CUST-07794,P009,Backpack,Accessories,2,210.26,0,420.52,0.0,420.52,Card,Store,2026,9,September,9,Wednesday,False,420.52,210.26
TXN-0016203,2026-09-09,DXB-005,Dubai,CUST-07030,P001,Laptop,Electronics,1,2601.0,10,2601.0,260.1,2340.9,Card,Online,2026,9,September,9,Wednesday,False,2340.9,2340.9
TXN-0016208,2026-09-09,DXB-003,Dubai,CUST-00637,P002,Smartphone,Electronics,1,1902.04,0,1902.04,0.0,1902.04,Cash,Store,2026,9,September,9,Wednesday,False,1902.04,1902.04
TXN-0016228,2026-09-09,DXB-001,Dubai,CUST-00587,P006,Mouse,Accessories,2,100.23,10,200.46,20.05,180.41,Card,Store,2026,9,September,9,Wednesday,False,180.41,90.2
TXN-0016231,2026-09-09,DXB-004,Dubai,CUST-02299,P001,Laptop,Electronics,2,2833.81,10,5667.62,566.76,5100.86,Apple Pay,Store,2026,9,September,9,Wednesday,False,5100.86,2550.43
TXN-0016240,2026-09-09,DXB-002,Dubai,CUST-02199,P002,Smartphone,Electronics,3,1689.76,0,5069.28,0.0,5069.28,Card,Store,2026,9,September,9,Wednesday,False,5069.28,1689.76
TXN-0016393,2026-09-09,DXB-005,Dubai,CUST-01433,P009,Backpack,Accessories,4,214.39,5,857.56,42.88,814.68,Cash,Store,2026,9,September,9,Wednesday,False,814.68,203.67
TXN-0016433,2026-09-09,DXB-001,Dubai,CUST-04155,P007,Office Chair,Furniture,1,692.6,5,692.6,34.63,657.97,Card,Store,2026,9,September,9,Wednesday,False,657.97,657.97
TXN-0016506,2026-09-09,DXB-002,Dubai,CUST-00287,P004,Monitor,Electronics,4,887.54,5,3550.16,177.51,3372.65,Apple Pay,Store,2026,9,September,9,Wednesday,False,3372.65,843.16
TXN-0016538,2026-09-09,DXB-005,Dubai,CUST-02281,P007,Office Chair,Furniture,3,685.27,0,2055.81,0.0,2055.81,Card,Store,2026,9,September,9,Wednesday,False,2055.81,685.27
TXN-0016548,2026-09-09,DXB-001,Dubai,CUST-03239,P011,Notebook,Stationery,1,23.48,15,23.48,3.52,19.96,Card,Store,2026,9,September,9,Wednesday,False,19.96,19.96
TXN-0016579,2026-09-09,DXB-003,Dubai,CUST-03220,P003,Headphones,Electronics,2,350.27,15,700.54,105.08,595.46,Card,Online,2026,9,September,9,Wednesday,False,595.46,297.73
TXN-0016680,2026-09-09,DXB-001,Dubai,CUST-02630,P003,Headphones,Electronics,1,374.09,10,374.09,37.41,336.68,Apple Pay,Online,2026,9,September,9,Wednesday,False,336.68,336.68
TXN-0016705,2026-09-09,DXB-005,Dubai,CUST-05598,P003,Headphones,Electronics,1,358.79,0,358.79,0.0,358.79,Bank Transfer,Store,2026,9,September,9,Wednesday,False,358.79,358.79
TXN-0016707,2026-09-09,DXB-002,Dubai,CUST-03625,P007,Office Chair,Furniture,2,685.52,0,1371.04,0.0,1371.04,Card,Store,2026,9,September,9,Wednesday,False,1371.04,685.52
TXN-0016754,2026-09-09,DXB-002,Dubai,CUST-06531,P011,Notebook,Stationery,1,24.2,0,24.2,0.0,24.2,Apple Pay,Store,2026,9,September,9,Wednesday,False,24.2,24.2
TXN-0017045,2026-09-09,DXB-002,Dubai,CUST-00703,P012,Pen Pack,Stationery,1,15.91,15,15.91,2.39,13.52,Apple Pay,Store,2026,9,September,9,Wednesday,False,13.52,13.52
TXN-0017059,2026-09-09,DXB-004,Dubai,CUST-04910,P010,Printer,Office,2,705.16,10,1410.32,141.03,1269.29,Cash,Store,2026,9,September,9,Wednesday,False,1269.29,634.64
TXN-0017070,2026-09-09,DXB-005,Dubai,CUST-04028,P008,Desk,Furniture,2,784.65,5,1569.3,78.46,1490.84,Card,Store,2026,9,September,9,Wednesday,False,1490.84,745.42
TXN-0017099,2026-09-09,DXB-004,Dubai,CUST-06978,P004,Monitor,Electronics,1,787.43,10,787.43,78.74,708.69,Card,Online,2026,9,September,9,Wednesday,False,708.69,708.69
TXN-0017116,2026-09-09,DXB-004,Dubai,CUST-00428,P004,Monitor,Electronics,1,789.09,0,789.09,0.0,789.09,Cash,Store,2026,9,September,9,Wednesday,False,789.09,789.09
TXN-0017224,2026-09-09,DXB-003,Dubai,CUST-00394,P002,Smartphone,Electronics,1,1477.96,5,1477.96,73.9,1404.06,Cash,Store,2026,9,September,9,Wednesday,False,1404.06,1404.06
TXN-0017240,2026-09-09,DXB-003,Dubai,CUST-07714,P005,Keyboard,Accessories,2,197.33,5,394.66,19.73,374.93,Apple Pay,Store,2026,9,September,9,Wednesday,False,374.93,187.46
TXN-0017352,2026-09-09,DXB-001,Dubai,CUST-06107,P014,Power Bank,Electronics,1,157.61,0,157.61,0.0,157.61,Bank Transfer,Store,2026,9,September,9,Wednesday,False,157.61,157.61
TXN-0017371,2026-09-09,DXB-001,Dubai,CUST-00827,P007,Office Chair,Furniture,3,639.66,10,1918.98,191.9,1727.08,Cash,Store,2026,9,September,9,Wednesday,False,1727.08,575.69
TXN-0017446,2026-09-09,DXB-002,Dubai,CUST-02729,P010,Printer,Office,2,621.28,0,1242.56,0.0,1242.56,Card,Online,2026,9,September,9,Wednesday,False,1242.56,621.28
TXN-0017483,2026-09-09,DXB-004,Dubai,CUST-07305,P009,Backpack,Accessories,2,231.81,5,463.62,23.18,440.44,Card,Store,2026,9,September,9,Wednesday,False,440.44,220.22
TXN-0017487,2026-09-09,DXB-002,Dubai,CUST-00611,P014,Power Bank,Electronics,1,149.01,15,149.01,22.35,126.66,Apple Pay,Store,2026,9,September,9,Wednesday,False,126.66,126.66
TXN-0017488,2026-09-09,DXB-005,Dubai,CUST-01563,P005,Keyboard,Accessories,1,203.07,5,203.07,10.15,192.92,Card,Online,2026,9,September,9,Wednesday,False,192.92,192.92
TXN-0017491,2026-09-09,DXB-002,Dubai,CUST-07772,P005,Keyboard,Accessories,1,184.15,10,184.15,18.42,165.73,Card,Store,2026,9,September,9,Wednesday,False,165.73,165.73
TXN-0017502,2026-09-09,DXB-003,Dubai,CUST-06699,P002,Smartphone,Electronics,2,1818.59,0,3637.18,0.0,3637.18,Card,Store,2026,9,September,9,Wednesday,False,3637.18,1818.59
TXN-0017570,2026-09-09,DXB-003,Dubai,CUST-02327,P006,Mouse,Accessories,1,112.83,5,112.83,5.64,107.19,Card,Store,2026,9,September,9,Wednesday,False,107.19,107.19
TXN-0017605,2026-09-09,DXB-004,Dubai,CUST-07950,P006,Mouse,Accessories,4,99.41,0,397.64,0.0,397.64,Card,Online,2026,9,September,9,Wednesday,False,397.64,99.41
TXN-0017639,2026-09-09,DXB-003,Dubai,CUST-03109,P002,Smartphone,Electronics,1,2036.0,10,2036.0,203.6,1832.4,Card,Online,2026,9,September,9,Wednesday,False,1832.4,1832.4
TXN-0017648,2026-09-09,DXB-002,Dubai,CUST-00607,P009,Backpack,Accessories,2,225.12,5,450.24,22.51,427.73,Card,Store,2026,9,September,9,Wednesday,False,427.73,213.86
TXN-0017659,2026-09-09,DXB-004,Dubai,CUST-04990,P009,Backpack,Accessories,2,212.63,0,425.26,0.0,425.26,Cash,Store,2026,9,September,9,Wednesday,False,425.26,212.63
TXN-0017676,2026-09-09,DXB-003,Dubai,CUST-03282,P010,Printer,Office,2,704.88,10,1409.76,140.98,1268.78,Card,Store,2026,9,September,9,Wednesday,False,1268.78,634.39
TXN-0017707,2026-09-09,DXB-001,Dubai,CUST-05318,P002,Smartphone,Electronics,3,1728.01,0,5184.03,0.0,5184.03,Card,Store,2026,9,September,9,Wednesday,False,5184.03,1728.01
TXN-0017855,2026-09-09,DXB-005,Dubai,CUST-03233,P015,Tablet,Electronics,1,1159.7,15,1159.7,173.96,985.74,Cash,Store,2026,9,September,9,Wednesday,False,985.74,985.74
TXN-0017896,2026-09-09,DXB-001,Dubai,CUST-02961,P003,Headphones,Electronics,3,305.7,0,917.1,0.0,917.1,Card,Store,2026,9,September,9,Wednesday,False,917.1,305.7
TXN-0017911,2026-09-09,DXB-004,Dubai,CUST-01022,P015,Tablet,Electronics,1,1380.87,15,1380.87,207.13,1173.74,Card,Online,2026,9,September,9,Wednesday,False,1173.74,1173.74
TXN-0018001,2026-09-09,DXB-001,Dubai,CUST-07861,P005,Keyboard,Accessories,1,157.68,0,157.68,0.0,157.68,Card,Online,2026,9,September,9,Wednesday,False,157.68,157.68
TXN-0018050,2026-09-09,DXB-004,Dubai,CUST-02478,P002,Smartphone,Electronics,2,1780.08,5,3560.16,178.01,3382.15,Card,Online,2026,9,September,9,Wednesday,False,3382.15,1691.08
TXN-0018179,2026-09-09,DXB-003,Dubai,CUST-01982,P002,Smartphone,Electronics,3,1800.66,5,5401.98,270.1,5131.88,Card,Store,2026,9,September,9,Wednesday,False,5131.88,1710.63
TXN-0018210,2026-09-09,DXB-005,Dubai,CUST-07265,P011,Notebook,Stationery,1,21.51,5,21.51,1.08,20.43,Card,Store,2026,9,September,9,Wednesday,False,20.43,20.43
TXN-0018212,2026-09-09,DXB-002,Dubai,CUST-01155,P007,Office Chair,Furniture,4,596.24,10,2384.96,238.5,2146.46,Apple Pay,Online,2026,9,September,9,Wednesday,False,2146.46,536.62
TXN-0018225,2026-09-09,DXB-003,Dubai,CUST-06766,P012,Pen Pack,Stationery,1,13.85,10,13.85,1.38,12.47,Card,Store,2026,9,September,9,Wednesday,False,12.47,12.47
TXN-0018264,2026-09-09,DXB-005,Dubai,CUST-04069,P003,Headphones,Electronics,1,336.02,5,336.02,16.8,319.22,Apple Pay,Online,2026,9,September,9,Wednesday,False,319.22,319.22
TXN-0018309,2026-09-09,DXB-003,Dubai,CUST-05737,P004,Monitor,Electronics,2,961.31,20,1922.62,384.52,1538.1,Card,Store,2026,9,September,9,Wednesday,False,1538.1,769.05
TXN-0018367,2026-09-09,DXB-001,Dubai,CUST-01582,P006,Mouse,Accessories,4,100.16,0,400.64,0.0,400.64,Apple Pay,Store,2026,9,September,9,Wednesday,False,400.64,100.16
TXN-0018399,2026-09-09,DXB-005,Dubai,CUST-01380,P007,Office Chair,Furniture,3,713.21,0,2139.63,0.0,2139.63,Apple Pay,Store,2026,9,September,9,Wednesday,False,2139.63,713.21
TXN-0018439,2026-09-09,DXB-005,Dubai,CUST-04059,P005,Keyboard,Accessories,1,153.77,5,153.77,7.69,146.08,Card,Store,2026,9,September,9,Wednesday,False,146.08,146.08
TXN-0018525,2026-09-09,DXB-002,Dubai,CUST-07141,P007,Office Chair,Furniture,1,660.87,0,660.87,0.0,660.87,Card,Store,2026,9,September,9,Wednesday,False,660.87,660.87
TXN-0018535,2026-09-09,DXB-002,Dubai,CUST-04791,P011,Notebook,Stationery,1,24.35,20,24.35,4.87,19.48,Bank Transfer,Store,2026,9,September,9,Wednesday,False,19.48,19.48
TXN-0018543,2026-09-09,DXB-003,Dubai,CUST-03433,P011,Notebook,Stationery,1,21.92,10,21.92,2.19,19.73,Card,Store,2026,9,September,9,Wednesday,False,19.73,19.73
TXN-0018595,2026-09-09,DXB-002,Dubai,CUST-04753,P006,Mouse,Accessories,2,92.23,5,184.46,9.22,175.24,Apple Pay,Store,2026,9,September,9,Wednesday,False,175.24,87.62
TXN-0018642,2026-09-09,DXB-004,Dubai,CUST-07812,P006,Mouse,Accessories,5,105.81,0,529.05,0.0,529.05,Card,Online,2026,9,September,9,Wednesday,False,529.05,105.81
TXN-0018699,2026-09-09,DXB-003,Dubai,CUST-05416,P009,Backpack,Accessories,1,211.97,5,211.97,10.6,201.37,Cash,Store,2026,9,September,9,Wednesday,False,201.37,201.37
TXN-0018708,2026-09-09,DXB-001,Dubai,CUST-04380,P011,Notebook,Stationery,1,27.53,10,27.53,2.75,24.78,Card,Store,2026,9,September,9,Wednesday,False,24.78,24.78
TXN-0018721,2026-09-09,DXB-005,Dubai,CUST-02891,P010,Printer,Office,1,713.47,5,713.47,35.67,677.8,Card,Store,2026,9,September,9,Wednesday,False,677.8,677.8
TXN-0018836,2026-09-09,DXB-004,Dubai,CUST-07993,P010,Printer,Office,3,729.0,10,2187.0,218.7,1968.3,Cash,Store,2026,9,September,9,Wednesday,False,1968.3,656.1
TXN-0019003,2026-09-09,DXB-003,Dubai,CUST-04229,P015,Tablet,Electronics,1,1247.35,0,1247.35,0.0,1247.35,Cash,Store,2026,9,September,9,Wednesday,False,1247.35,1247.35
TXN-0019018,2026-09-09,DXB-004,Dubai,CUST-07858,P005,Keyboard,Accessories,1,164.39,0,164.39,0.0,164.39,Card,Online,2026,9,September,9,Wednesday,False,164.39,164.39
TXN-0019182,2026-09-09,DXB-004,Dubai,CUST-01368,P008,Desk,Furniture,2,908.64,15,1817.28,272.59,1544.69,Cash,Store,2026,9,September,9,Wednesday,False,1544.69,772.34
TXN-0019198,2026-09-09,DXB-003,Dubai,CUST-07890,P005,Keyboard,Accessories,3,189.21,0,567.63,0.0,567.63,Bank Transfer,Store,2026,9,September,9,Wednesday,False,567.63,189.21
TXN-0019240,2026-09-09,DXB-002,Dubai,CUST-06338,P013,USB Drive,Accessories,1,46.42,0,46.42,0.0,46.42,Card,Online,2026,9,September,9,Wednesday,False,46.42,46.42
TXN-0019243,2026-09-09,DXB-004,Dubai,CUST-05142,P007,Office Chair,Furniture,1,629.11,10,629.11,62.91,566.2,Card,Online,2026,9,September,9,Wednesday,False,566.2,566.2
TXN-0019244,2026-09-09,DXB-001,Dubai,CUST-01618,P003,Headphones,Electronics,1,352.96,5,352.96,17.65,335.31,Card,Store,2026,9,September,9,Wednesday,False,335.31,335.31
TXN-0019267,2026-09-09,DXB-002,Dubai,CUST-00510,P009,Backpack,Accessories,2,213.75,5,427.5,21.38,406.12,Apple Pay,Store,2026,9,September,9,Wednesday,False,406.12,203.06
TXN-0019282,2026-09-09,DXB-004,Dubai,CUST-01810,P007,Office Chair,Furniture,1,714.4,10,714.4,71.44,642.96,Cash,Online,2026,9,September,9,Wednesday,False,642.96,642.96
TXN-0019332,2026-09-09,DXB-004,Dubai,CUST-02290,P012,Pen Pack,Stationery,1,15.91,5,15.91,0.8,15.11,Card,Store,2026,9,September,9,Wednesday,False,15.11,15.11
TXN-0019375,2026-09-09,DXB-005,Dubai,CUST-07610,P004,Monitor,Electronics,1,904.94,0,904.94,0.0,904.94,Card,Online,2026,9,September,9,Wednesday,False,904.94,904.94
TXN-0019386,2026-09-09,DXB-004,Dubai,CUST-02555,P001,Laptop,Electronics,2,2323.57,5,4647.14,232.36,4414.78,Card,Online,2026,9,September,9,Wednesday,False,4414.78,2207.39
TXN-0019442,2026-09-09,DXB-002,Dubai,CUST-05223,P008,Desk,Furniture,1,769.49,20,769.49,153.9,615.59,Cash,Store,2026,9,September,9,Wednesday,False,615.59,615.59
TXN-0019459,2026-09-09,DXB-005,Dubai,CUST-02886,P007,Office Chair,Furniture,3,615.53,10,1846.59,184.66,1661.93,Cash,Online,2026,9,September,9,Wednesday,False,1661.93,553.98
TXN-0019519,2026-09-09,DXB-004,Dubai,CUST-01026,P004,Monitor,Electronics,1,862.1,10,862.1,86.21,775.89,Card,Store,2026,9,September,9,Wednesday,False,775.89,775.89
TXN-0019526,2026-09-09,DXB-002,Dubai,CUST-02035,P004,Monitor,Electronics,1,855.56,10,855.56,85.56,770.0,Apple Pay,Online,2026,9,September,9,Wednesday,False,770.0,770.0
TXN-0019567,2026-09-09,DXB-005,Dubai,CUST-04642,P006,Mouse,Accessories,1,107.38,15,107.38,16.11,91.27,Apple Pay,Store,2026,9,September,9,Wednesday,False,91.27,91.27
TXN-0019608,2026-09-09,DXB-002,Dubai,CUST-06105,P005,Keyboard,Accessories,1,177.19,5,177.19,8.86,168.33,Cash,Store,2026,9,September,9,Wednesday,False,168.33,168.33
TXN-0019853,2026-09-09,DXB-005,Dubai,CUST-07377,P007,Office Chair,Furniture,2,656.03,10,1312.06,131.21,1180.85,Card,Store,2026,9,September,9,Wednesday,False,1180.85,590.42
TXN-0019877,2026-09-09,DXB-002,Dubai,CUST-03507,P008,Desk,Furniture,2,836.77,10,1673.54,167.35,1506.19,Apple Pay,Store,2026,9,September,9,Wednesday,False,1506.19,753.1
TXN-0019942,2026-09-09,DXB-003,Dubai,CUST-01376,P002,Smartphone,Electronics,2,1783.9,0,3567.8,0.0,3567.8,Card,Store,2026,9,September,9,Wednesday,False,3567.8,1783.9
TXN-0019995,2026-09-09,DXB-002,Dubai,CUST-00034,P011,Notebook,Stationery,2,25.36,10,50.72,5.07,45.65,Card,Online,2026,9,September,9,Wednesday,False,45.65,22.82
TXN-0020022,2026-09-09,DXB-005,Dubai,CUST-06915,P003,Headphones,Electronics,1,344.5,0,344.5,0.0,344.5,Bank Transfer,Store,2026,9,September,9,Wednesday,False,344.5,344.5
TXN-0020040,2026-09-09,DXB-005,Dubai,CUST-07046,P015,Tablet,Electronics,1,1242.69,5,1242.69,62.13,1180.56,Card,Store,2026,9,September,9,Wednesday,False,1180.56,1180.56
TXN-0020066,2026-09-09,DXB-003,Dubai,CUST-05061,P004,Monitor,Electronics,6,983.77,5,5902.62,295.13,5607.49,Cash,Store,2026,9,September,9,Wednesday,False,5607.49,934.58
TXN-0020118,2026-09-09,DXB-001,Dubai,CUST-03738,P012,Pen Pack,Stationery,1,13.34,0,13.34,0.0,13.34,Apple Pay,Store,2026,9,September,9,Wednesday,False,13.34,13.34
TXN-0020274,2026-09-09,DXB-003,Dubai,CUST-05708,P010,Printer,Office,1,695.69,0,695.69,0.0,695.69,Apple Pay,Store,2026,9,September,9,Wednesday,False,695.69,695.69
TXN-0020299,2026-09-09,DXB-004,Dubai,CUST-03537,P015,Tablet,Electronics,3,1226.0,0,3678.0,0.0,3678.0,Apple Pay,Store,2026,9,September,9,Wednesday,False,3678.0,1226.0
TXN-0020351,2026-09-09,DXB-001,Dubai,CUST-00884,P011,Notebook,Stationery,2,24.01,15,48.02,7.2,40.82,Cash,Store,2026,9,September,9,Wednesday,False,40.82,20.41
TXN-0020356,2026-09-09,DXB-001,Dubai,CUST-03180,P002,Smartphone,Electronics,1,1853.07,0,1853.07,0.0,1853.07,Card,Store,2026,9,September,9,Wednesday,False,1853.07,1853.07
TXN-0020450,2026-09-09,DXB-001,Dubai,CUST-02819,P008,Desk,Furniture,6,835.31,10,5011.86,501.19,4510.67,Apple Pay,Store,2026,9,September,9,Wednesday,False,4510.67,751.78
TXN-0020452,2026-09-09,DXB-005,Dubai,CUST-00226,P014,Power Bank,Electronics,6,147.54,0,885.24,0.0,885.24,Apple Pay,Online,2026,9,September,9,Wednesday,False,885.24,147.54
TXN-0020454,2026-09-09,DXB-004,Dubai,CUST-02092,P002,Smartphone,Electronics,1,1721.29,10,1721.29,172.13,1549.16,Card,Store,2026,9,September,9,Wednesday,False,1549.16,1549.16
TXN-0020594,2026-09-09,DXB-001,Dubai,CUST-05449,P009,Backpack,Accessories,1,239.41,0,239.41,0.0,239.41,Apple Pay,Online,2026,9,September,9,Wednesday,False,239.41,239.41
TXN-0020750,2026-09-09,DXB-002,Dubai,CUST-04225,P003,Headphones,Electronics,1,338.16,5,338.16,16.91,321.25,Card,Store,2026,9,September,9,Wednesday,False,321.25,321.25
TXN-0020753,2026-09-09,DXB-004,Dubai,CUST-04920,P013,USB Drive,Accessories,3,46.67,10,140.01,14.0,126.01,Cash,Store,2026,9,September,9,Wednesday,False,126.01,42.0
TXN-0020840,2026-09-09,DXB-005,Dubai,CUST-03055,P009,Backpack,Accessories,2,217.77,0,435.54,0.0,435.54,Card,Online,2026,9,September,9,Wednesday,False,435.54,217.77
TXN-0021047,2026-09-09,DXB-001,Dubai,CUST-02517,P010,Printer,Office,2,694.27,10,1388.54,138.85,1249.69,Apple Pay,Store,2026,9,September,9,Wednesday,False,1249.69,624.84
TXN-0021053,2026-09-09,DXB-003,Dubai,CUST-02970,P009,Backpack,Accessories,2,223.0,0,446.0,0.0,446.0,Bank Transfer,Online,2026,9,September,9,Wednesday,False,446.0,223.0
TXN-0021135,2026-09-09,DXB-002,Dubai,CUST-06864,P014,Power Bank,Electronics,2,151.76,5,303.52,15.18,288.34,Card,Store,2026,9,September,9,Wednesday,False,288.34,144.17
TXN-0021159,2026-09-09,DXB-001,Dubai,CUST-03612,P008,Desk,Furniture,1,815.24,15,815.24,122.29,692.95,Apple Pay,Online,2026,9,September,9,Wednesday,False,692.95,692.95
TXN-0021202,2026-09-09,DXB-001,Dubai,CUST-04394,P007,Office Chair,Furniture,3,642.89,5,1928.67,96.43,1832.24,Card,Store,2026,9,September,9,Wednesday,False,1832.24,610.75
TXN-0021255,2026-09-09,DXB-001,Dubai,CUST-06433,P009,Backpack,Accessories,3,231.53,0,694.59,0.0,694.59,Card,Store,2026,9,September,9,Wednesday,False,694.59,231.53
TXN-0021302,2026-09-09,DXB-003,Dubai,CUST-05457,P005,Keyboard,Accessories,4,192.87,10,771.48,77.15,694.33,Cash,Store,2026,9,September,9,Wednesday,False,694.33,173.58
TXN-0021381,2026-09-09,DXB-005,Dubai,CUST-06340,P002,Smartphone,Electronics,4,1922.9,10,7691.6,769.16,6922.44,Bank Transfer,Online,2026,9,September,9,Wednesday,False,6922.44,1730.61
TXN-0021409,2026-09-09,DXB-005,Dubai,CUST-07663,P007,Office Chair,Furniture,2,627.72,20,1255.44,251.09,1004.35,Card,Store,2026,9,September,9,Wednesday,False,1004.35,502.18
TXN-0021549,2026-09-09,DXB-001,Dubai,CUST-06881,P003,Headphones,Electronics,5,360.26,0,1801.3,0.0,1801.3,Card,Store,2026,9,September,9,Wednesday,False,1801.3,360.26
TXN-0021574,2026-09-09,DXB-003,Dubai,CUST-04439,P011,Notebook,Stationery,4,24.75,5,99.0,4.95,94.05,Card,Online,2026,9,September,9,Wednesday,False,94.05,23.51
TXN-0021625,2026-09-09,DXB-003,Dubai,CUST-02802,P009,Backpack,Accessories,2,242.27,15,484.54,72.68,411.86,Card,Store,2026,9,September,9,Wednesday,False,411.86,205.93
TXN-0021636,2026-09-09,DXB-004,Dubai,CUST-02487,P002,Smartphone,Electronics,2,1881.22,15,3762.44,564.37,3198.07,Cash,Store,2026,9,September,9,Wednesday,False,3198.07,1599.04
TXN-0021680,2026-09-09,DXB-005,Dubai,CUST-02423,P003,Headphones,Electronics,1,365.25,5,365.25,18.26,346.99,Card,Store,2026,9,September,9,Wednesday,False,346.99,346.99
TXN-0021708,2026-09-09,DXB-002,Dubai,CUST-05135,P008,Desk,Furniture,3,868.54,10,2605.62,260.56,2345.06,Card,Store,2026,9,September,9,Wednesday,False,2345.06,781.69
TXN-0021781,2026-09-09,DXB-002,Dubai,CUST-00733,P012,Pen Pack,Stationery,1,15.24,5,15.24,0.76,14.48,Apple Pay,Store,2026,9,September,9,Wednesday,False,14.48,14.48
TXN-0021813,2026-09-09,DXB-001,Dubai,CUST-05820,P009,Backpack,Accessories,1,221.1,0,221.1,0.0,221.1,Card,Store,2026,9,September,9,Wednesday,False,221.1,221.1
TXN-0021866,2026-09-09,DXB-002,Dubai,CUST-00983,P006,Mouse,Accessories,3,110.45,0,331.35,0.0,331.35,Card,Store,2026,9,September,9,Wednesday,False,331.35,110.45
TXN-0022086,2026-09-09,DXB-004,Dubai,CUST-02136,P013,USB Drive,Accessories,2,46.78,10,93.56,9.36,84.2,Card,Store,2026,9,September,9,Wednesday,False,84.2,42.1
TXN-0022112,2026-09-09,DXB-005,Dubai,CUST-00098,P001,Laptop,Electronics,2,2786.93,10,5573.86,557.39,5016.47,Apple Pay,Online,2026,9,September,9,Wednesday,False,5016.47,2508.24
TXN-0022174,2026-09-09,DXB-005,Dubai,CUST-03195,P014,Power Bank,Electronics,1,141.52,10,141.52,14.15,127.37,Card,Store,2026,9,September,9,Wednesday,False,127.37,127.37
TXN-0022201,2026-09-09,DXB-001,Dubai,CUST-03108,P001,Laptop,Electronics,1,2621.52,0,2621.52,0.0,2621.52,Cash,Store,2026,9,September,9,Wednesday,False,2621.52,2621.52
TXN-0022223,2026-09-09,DXB-001,Dubai,CUST-05647,P006,Mouse,Accessories,1,100.97,0,100.97,0.0,100.97,Cash,Online,2026,9,September,9,Wednesday,False,100.97,100.97
TXN-0022289,2026-09-09,DXB-001,Dubai,CUST-07775,P015,Tablet,Electronics,1,1267.34,15,1267.34,190.1,1077.24,Cash,Online,2026,9,September,9,Wednesday,False,1077.24,1077.24
TXN-0022307,2026-09-09,DXB-002,Dubai,CUST-00803,P010,Printer,Office,4,683.68,5,2734.72,136.74,2597.98,Card,Online,2026,9,September,9,Wednesday,False,2597.98,649.5
TXN-0022338,2026-09-09,DXB-002,Dubai,CUST-07026,P015,Tablet,Electronics,1,1052.93,5,1052.93,52.65,1000.28,Cash,Store,2026,9,September,9,Wednesday,False,1000.28,1000.28
TXN-0022402,2026-09-09,DXB-003,Dubai,CUST-06936,P010,Printer,Office,1,731.71,0,731.71,0.0,731.71,Cash,Store,2026,9,September,9,Wednesday,False,731.71,731.71
TXN-0022425,2026-09-09,DXB-005,Dubai,CUST-01056,P003,Headphones,Electronics,1,363.59,0,363.59,0.0,363.59,Card,Online,2026,9,September,9,Wednesday,False,363.59,363.59
TXN-0022470,2026-09-09,DXB-004,Dubai,CUST-00054,P004,Monitor,Electronics,2,859.62,0,1719.24,0.0,1719.24,Card,Store,2026,9,September,9,Wednesday,False,1719.24,859.62
TXN-0022477,2026-09-09,DXB-004,Dubai,CUST-05145,P006,Mouse,Accessories,1,102.86,15,102.86,15.43,87.43,Bank Transfer,Store,2026,9,September,9,Wednesday,False,87.43,87.43
TXN-0022478,2026-09-09,DXB-001,Dubai,CUST-06180,P002,Smartphone,Electronics,1,1917.09,5,1917.09,95.85,1821.24,Cash,Online,2026,9,September,9,Wednesday,False,1821.24,1821.24
TXN-0022529,2026-09-09,DXB-005,Dubai,CUST-05614,P011,Notebook,Stationery,1,28.54,0,28.54,0.0,28.54,Card,Store,2026,9,September,9,Wednesday,False,28.54,28.54
TXN-0022594,2026-09-09,DXB-001,Dubai,CUST-02108,P005,Keyboard,Accessories,1,191.21,0,191.21,0.0,191.21,Cash,Store,2026,9,September,9,Wednesday,False,191.21,191.21
TXN-0022598,2026-09-09,DXB-004,Dubai,CUST-05503,P010,Printer,Office,2,693.09,10,1386.18,138.62,1247.56,Bank Transfer,Store,2026,9,September,9,Wednesday,False,1247.56,623.78
TXN-0022694,2026-09-09,DXB-005,Dubai,CUST-03433,P001,Laptop,Electronics,2,3021.77,5,6043.54,302.18,5741.36,Card,Store,2026,9,September,9,Wednesday,False,5741.36,2870.68
TXN-0022711,2026-09-09,DXB-002,Dubai,CUST-06749,P005,Keyboard,Accessories,2,171.15,0,342.3,0.0,342.3,Bank Transfer,Online,2026,9,September,9,Wednesday,False,342.3,171.15
TXN-0022743,2026-09-09,DXB-002,Dubai,CUST-04807,P005,Keyboard,Accessories,3,188.32,5,564.96,28.25,536.71,Apple Pay,Online,2026,9,September,9,Wednesday,False,536.71,178.9
TXN-0022887,2026-09-09,DXB-004,Dubai,CUST-07442,P014,Power Bank,Electronics,1,167.06,5,167.06,8.35,158.71,Apple Pay,Store,2026,9,September,9,Wednesday,False,158.71,158.71
TXN-0022932,2026-09-09,DXB-002,Dubai,CUST-02239,P007,Office Chair,Furniture,1,590.95,10,590.95,59.1,531.85,Bank Transfer,Online,2026,9,September,9,Wednesday,False,531.85,531.85
TXN-0022980,2026-09-09,DXB-003,Dubai,CUST-05871,P001,Laptop,Electronics,3,2817.23,10,8451.69,845.17,7606.52,Cash,Store,2026,9,September,9,Wednesday,False,7606.52,2535.51
TXN-0023056,2026-09-09,DXB-001,Dubai,CUST-00427,P013,USB Drive,Accessories,3,45.07,5,135.21,6.76,128.45,Apple Pay,Store,2026,9,September,9,Wednesday,False,128.45,42.82
TXN-0023068,2026-09-09,DXB-001,Dubai,CUST-04678,P002,Smartphone,Electronics,2,1901.12,0,3802.24,0.0,3802.24,Card,Store,2026,9,September,9,Wednesday,False,3802.24,1901.12
TXN-0023133,2026-09-09,DXB-004,Dubai,CUST-05089,P014,Power Bank,Electronics,3,143.98,5,431.94,21.6,410.34,Cash,Store,2026,9,September,9,Wednesday,False,410.34,136.78
TXN-0023136,2026-09-09,DXB-005,Dubai,CUST-06931,P004,Monitor,Electronics,2,788.48,0,1576.96,0.0,1576.96,Cash,Store,2026,9,September,9,Wednesday,False,1576.96,788.48
TXN-0023271,2026-09-09,DXB-004,Dubai,CUST-02159,P005,Keyboard,Accessories,2,198.52,10,397.04,39.7,357.34,Card,Store,2026,9,September,9,Wednesday,False,357.34,178.67
TXN-0023282,2026-09-09,DXB-003,Dubai,CUST-02971,P011,Notebook,Stationery,4,24.63,10,98.52,9.85,88.67,Apple Pay,Online,2026,9,September,9,Wednesday,False,88.67,22.17
TXN-0023394,2026-09-09,DXB-003,Dubai,CUST-03833,P002,Smartphone,Electronics,2,1610.78,15,3221.56,483.23,2738.33,Cash,Store,2026,9,September,9,Wednesday,False,2738.33,1369.16
TXN-0023411,2026-09-09,DXB-004,Dubai,CUST-07501,P011,Notebook,Stationery,1,25.36,5,25.36,1.27,24.09,Card,Online,2026,9,September,9,Wednesday,False,24.09,24.09
TXN-0023429,2026-09-09,DXB-002,Dubai,CUST-02436,P001,Laptop,Electronics,1,2759.8,15,2759.8,413.97,2345.83,Cash,Online,2026,9,September,9,Wednesday,False,2345.83,2345.83
TXN-0023505,2026-09-09,DXB-001,Dubai,CUST-04209,P007,Office Chair,Furniture,3,657.99,0,1973.97,0.0,1973.97,Card,Store,2026,9,September,9,Wednesday,False,1973.97,657.99
TXN-0023521,2026-09-09,DXB-004,Dubai,CUST-06531,P002,Smartphone,Electronics,3,1788.9,10,5366.7,536.67,4830.03,Apple Pay,Store,2026,9,September,9,Wednesday,False,4830.03,1610.01
TXN-0023541,2026-09-09,DXB-002,Dubai,CUST-00653,P004,Monitor,Electronics,1,913.9,5,913.9,45.7,868.2,Cash,Store,2026,9,September,9,Wednesday,False,868.2,868.2
TXN-0023592,2026-09-09,DXB-003,Dubai,CUST-00635,P006,Mouse,Accessories,2,105.9,10,211.8,21.18,190.62,Card,Store,2026,9,September,9,Wednesday,False,190.62,95.31
TXN-0023608,2026-09-09,DXB-005,Dubai,CUST-03921,P002,Smartphone,Electronics,2,1899.79,5,3799.58,189.98,3609.6,Card,Store,2026,9,September,9,Wednesday,False,3609.6,1804.8
TXN-0023632,2026-09-09,DXB-003,Dubai,CUST-02977,P010,Printer,Office,3,678.52,0,2035.56,0.0,2035.56,Cash,Store,2026,9,September,9,Wednesday,False,2035.56,678.52
TXN-0023731,2026-09-09,DXB-003,Dubai,CUST-00284,P009,Backpack,Accessories,1,216.44,5,216.44,10.82,205.62,Apple Pay,Store,2026,9,September,9,Wednesday,False,205.62,205.62
TXN-0023831,2026-09-09,DXB-001,Dubai,CUST-06429,P007,Office Chair,Furniture,2,626.32,5,1252.64,62.63,1190.01,Card,Store,2026,9,September,9,Wednesday,False,1190.01,595.0
TXN-0023846,2026-09-09,DXB-004,Dubai,CUST-07073,P013,USB Drive,Accessories,1,48.99,10,48.99,4.9,44.09,Cash,Online,2026,9,September,9,Wednesday,False,44.09,44.09
TXN-0023880,2026-09-09,DXB-003,Dubai,CUST-02775,P007,Office Chair,Furniture,1,681.58,0,681.58,0.0,681.58,Card,Online,2026,9,September,9,Wednesday,False,681.58,681.58
TXN-0024078,2026-09-09,DXB-001,Dubai,CUST-04086,P014,Power Bank,Electronics,6,150.24,0,901.44,0.0,901.44,Apple Pay,Store,2026,9,September,9,Wednesday,False,901.44,150.24
TXN-0024124,2026-09-09,DXB-005,Dubai,CUST-01084,P001,Laptop,Electronics,1,2892.42,15,2892.42,433.86,2458.56,Card,Store,2026,9,September,9,Wednesday,False,2458.56,2458.56
TXN-0024201,2026-09-09,DXB-003,Dubai,CUST-02849,P013,USB Drive,Accessories,1,39.57,0,39.57,0.0,39.57,Apple Pay,Online,2026,9,September,9,Wednesday,False,39.57,39.57
TXN-0024226,2026-09-09,DXB-002,Dubai,CUST-02002,P001,Laptop,Electronics,2,2727.03,0,5454.06,0.0,5454.06,Cash,Online,2026,9,September,9,Wednesday,False,5454.06,2727.03
TXN-0024273,2026-09-09,DXB-004,Dubai,CUST-01478,P014,Power Bank,Electronics,1,148.14,5,148.14,7.41,140.73,Card,Online,2026,9,September,9,Wednesday,False,140.73,140.73
TXN-0024387,2026-09-09,DXB-001,Dubai,CUST-04209,P001,Laptop,Electronics,1,2983.52,15,2983.52,447.53,2535.99,Apple Pay,Online,2026,9,September,9,Wednesday,False,2535.99,2535.99
TXN-0024448,2026-09-09,DXB-002,Dubai,CUST-02155,P014,Power Bank,Electronics,1,158.89,0,158.89,0.0,158.89,Card,Store,2026,9,September,9,Wednesday,False,158.89,158.89
TXN-0024541,2026-09-09,DXB-003,Dubai,CUST-03611,P011,Notebook,Stationery,1,24.97,20,24.97,4.99,19.98,Apple Pay,Online,2026,9,September,9,Wednesday,False,19.98,19.98
TXN-0024550,2026-09-09,DXB-004,Dubai,CUST-04078,P002,Smartphone,Electronics,1,1928.42,5,1928.42,96.42,1832.0,Card,Online,2026,9,September,9,Wednesday,False,1832.0,1832.0
TXN-0024659,2026-09-09,DXB-001,Dubai,CUST-06559,P006,Mouse,Accessories,2,103.68,10,207.36,20.74,186.62,Bank Transfer,Store,2026,9,September,9,Wednesday,False,186.62,93.31
TXN-0024678,2026-09-09,DXB-001,Dubai,CUST-00681,P014,Power Bank,Electronics,1,144.84,0,144.84,0.0,144.84,Apple Pay,Store,2026,9,September,9,Wednesday,False,144.84,144.84
TXN-0024701,2026-09-09,DXB-001,Dubai,CUST-04661,P011,Notebook,Stationery,3,22.84,15,68.52,10.28,58.24,Cash,Online,2026,9,September,9,Wednesday,False,58.24,19.41
TXN-0024745,2026-09-09,DXB-003,Dubai,CUST-05090,P004,Monitor,Electronics,1,947.03,10,947.03,94.7,852.33,Card,Store,2026,9,September,9,Wednesday,False,852.33,852.33
TXN-0024777,2026-09-09,DXB-004,Dubai,CUST-05085,P005,Keyboard,Accessories,1,214.11,5,214.11,10.71,203.4,Cash,Store,2026,9,September,9,Wednesday,False,203.4,203.4
TXN-0024812,2026-09-09,DXB-001,Dubai,CUST-05602,P010,Printer,Office,1,706.7,10,706.7,70.67,636.03,Card,Online,2026,9,September,9,Wednesday,False,636.03,636.03
TXN-0024825,2026-09-09,DXB-001,Dubai,CUST-01664,P004,Monitor,Electronics,1,840.13,0,840.13,0.0,840.13,Cash,Store,2026,9,September,9,Wednesday,False,840.13,840.13
TXN-0024942,2026-09-09,DXB-001,Dubai,CUST-05133,P007,Office Chair,Furniture,1,668.57,10,668.57,66.86,601.71,Card,Store,2026,9,September,9,Wednesday,False,601.71,601.71
TXN-0025002,2026-09-09,DXB-004,Dubai,CUST-00670,P007,Office Chair,Furniture,1,559.62,5,559.62,27.98,531.64,Cash,Store,2026,9,September,9,Wednesday,False,531.64,531.64
TXN-0025202,2026-09-09,DXB-004,Dubai,CUST-00854,P002,Smartphone,Electronics,1,1926.83,0,1926.83,0.0,1926.83,Cash,Store,2026,9,September,9,Wednesday,False,1926.83,1926.83
TXN-0025251,2026-09-09,DXB-003,Dubai,CUST-06273,P007,Office Chair,Furniture,6,605.82,15,3634.92,545.24,3089.68,Apple Pay,Store,2026,9,September,9,Wednesday,False,3089.68,514.95
TXN-0025260,2026-09-09,DXB-003,Dubai,CUST-02263,P003,Headphones,Electronics,1,349.96,5,349.96,17.5,332.46,Apple Pay,Store,2026,9,September,9,Wednesday,False,332.46,332.46
TXN-0025264,2026-09-09,DXB-003,Dubai,CUST-05651,P010,Printer,Office,1,665.71,0,665.71,0.0,665.71,Apple Pay,Online,2026,9,September,9,Wednesday,False,665.71,665.71
TXN-0025316,2026-09-09,DXB-002,Dubai,CUST-02213,P014,Power Bank,Electronics,3,142.02,0,426.06,0.0,426.06,Card,Store,2026,9,September,9,Wednesday,False,426.06,142.02
TXN-0025436,2026-09-09,DXB-001,Dubai,CUST-04469,P015,Tablet,Electronics,3,1261.64,0,3784.92,0.0,3784.92,Cash,Store,2026,9,September,9,Wednesday,False,3784.92,1261.64
TXN-0025479,2026-09-09,DXB-005,Dubai,CUST-02153,P012,Pen Pack,Stationery,1,15.18,5,15.18,0.76,14.42,Apple Pay,Store,2026,9,September,9,Wednesday,False,14.42,14.42
TXN-0025564,2026-09-09,DXB-004,Dubai,CUST-00626,P002,Smartphone,Electronics,2,1619.16,0,3238.32,0.0,3238.32,Cash,Store,2026,9,September,9,Wednesday,False,3238.32,1619.16
TXN-0025593,2026-09-09,DXB-004,Dubai,CUST-03911,P010,Printer,Office,1,722.57,10,722.57,72.26,650.31,Apple Pay,Online,2026,9,September,9,Wednesday,False,650.31,650.31
TXN-0025663,2026-09-09,DXB-005,Dubai,CUST-06056,P001,Laptop,Electronics,6,3096.76,0,18580.56,0.0,18580.56,Card,Store,2026,9,September,9,Wednesday,False,18580.56,3096.76
TXN-0025687,2026-09-09,DXB-001,Dubai,CUST-00797,P002,Smartphone,Electronics,1,1961.68,0,1961.68,0.0,1961.68,Apple Pay,Store,2026,9,September,9,Wednesday,False,1961.68,1961.68
TXN-0025735,2026-09-09,DXB-005,Dubai,CUST-02308,P010,Printer,Office,1,714.92,5,714.92,35.75,679.17,Card,Online,2026,9,September,9,Wednesday,False,679.17,679.17
TXN-0025745,2026-09-09,DXB-004,Dubai,CUST-00200,P001,Laptop,Electronics,2,2819.45,15,5638.9,845.84,4793.06,Cash,Store,2026,9,September,9,Wednesday,False,4793.06,2396.53
TXN-0025759,2026-09-09,DXB-001,Dubai,CUST-02901,P013,USB Drive,Accessories,1,45.56,10,45.56,4.56,41.0,Apple Pay,Store,2026,9,September,9,Wednesday,False,41.0,41.0
TXN-0025804,2026-09-09,DXB-002,Dubai,CUST-07535,P012,Pen Pack,Stationery,1,14.03,5,14.03,0.7,13.33,Cash,Store,2026,9,September,9,Wednesday,False,13.33,13.33
TXN-0025932,2026-09-09,DXB-004,Dubai,CUST-05708,P015,Tablet,Electronics,1,1196.19,5,1196.19,59.81,1136.38,Cash,Store,2026,9,September,9,Wednesday,False,1136.38,1136.38
TXN-0025979,2026-09-09,DXB-004,Dubai,CUST-01229,P003,Headphones,Electronics,1,311.46,15,311.46,46.72,264.74,Apple Pay,Online,2026,9,September,9,Wednesday,False,264.74,264.74
TXN-0026135,2026-09-09,DXB-002,Dubai,CUST-04933,P002,Smartphone,Electronics,1,1868.65,0,1868.65,0.0,1868.65,Cash,Store,2026,9,September,9,Wednesday,False,1868.65,1868.65
TXN-0026145,2026-09-09,DXB-004,Dubai,CUST-06514,P004,Monitor,Electronics,1,956.82,0,956.82,0.0,956.82,Card,Online,2026,9,September,9,Wednesday,False,956.82,956.82
TXN-0026155,2026-09-09,DXB-003,Dubai,CUST-04957,P013,USB Drive,Accessories,1,47.76,0,47.76,0.0,47.76,Apple Pay,Store,2026,9,September,9,Wednesday,False,47.76,47.76
TXN-0026158,2026-09-09,DXB-002,Dubai,CUST-07797,P011,Notebook,Stationery,1,23.17,5,23.17,1.16,22.01,Apple Pay,Store,2026,9,September,9,Wednesday,False,22.01,22.01
TXN-0026172,2026-09-09,DXB-002,Dubai,CUST-04549,P008,Desk,Furniture,1,751.12,0,751.12,0.0,751.12,Apple Pay,Online,2026,9,September,9,Wednesday,False,751.12,751.12
TXN-0026241,2026-09-09,DXB-005,Dubai,CUST-07526,P014,Power Bank,Electronics,2,151.21,0,302.42,0.0,302.42,Card,Online,2026,9,September,9,Wednesday,False,302.42,151.21
TXN-0026302,2026-09-09,DXB-004,Dubai,CUST-01640,P011,Notebook,Stationery,2,23.86,10,47.72,4.77,42.95,Cash,Online,2026,9,September,9,Wednesday,False,42.95,21.48
TXN-0026333,2026-09-09,DXB-002,Dubai,CUST-07200,P005,Keyboard,Accessories,1,177.07,10,177.07,17.71,159.36,Card,Online,2026,9,September,9,Wednesday,False,159.36,159.36
TXN-0026379,2026-09-09,DXB-002,Dubai,CUST-04044,P008,Desk,Furniture,1,817.27,0,817.27,0.0,817.27,Bank Transfer,Online,2026,9,September,9,Wednesday,False,817.27,817.27
TXN-0026385,2026-09-09,DXB-005,Dubai,CUST-02244,P001,Laptop,Electronics,3,3069.91,10,9209.73,920.97,8288.76,Apple Pay,Store,2026,9,September,9,Wednesday,False,8288.76,2762.92
TXN-0026407,2026-09-09,DXB-002,Dubai,CUST-02612,P013,USB Drive,Accessories,1,45.43,0,45.43,0.0,45.43,Apple Pay,Store,2026,9,September,9,Wednesday,False,45.43,45.43
TXN-0026422,2026-09-09,DXB-001,Dubai,CUST-03276,P006,Mouse,Accessories,2,98.42,0,196.84,0.0,196.84,Card,Online,2026,9,September,9,Wednesday,False,196.84,98.42
TXN-0026460,2026-09-09,DXB-004,Dubai,CUST-01469,P010,Printer,Office,2,625.98,0,1251.96,0.0,1251.96,Cash,Online,2026,9,September,9,Wednesday,False,1251.96,625.98
TXN-0026463,2026-09-09,DXB-003,Dubai,CUST-01988,P006,Mouse,Accessories,4,92.43,15,369.72,55.46,314.26,Cash,Store,2026,9,September,9,Wednesday,False,314.26,78.56
TXN-0026465,2026-09-09,DXB-005,Dubai,CUST-01952,P010,Printer,Office,2,685.98,10,1371.96,137.2,1234.76,Card,Online,2026,9,September,9,Wednesday,False,1234.76,617.38
TXN-0026489,2026-09-09,DXB-003,Dubai,CUST-04153,P010,Printer,Office,1,728.65,20,728.65,145.73,582.92,Cash,Store,2026,9,September,9,Wednesday,False,582.92,582.92
TXN-0026700,2026-09-09,DXB-002,Dubai,CUST-04669,P009,Backpack,Accessories,2,215.78,10,431.56,43.16,388.4,Apple Pay,Store,2026,9,September,9,Wednesday,False,388.4,194.2
TXN-0026702,2026-09-09,DXB-001,Dubai,CUST-00474,P015,Tablet,Electronics,2,1216.56,10,2433.12,243.31,2189.81,Apple Pay,Store,2026,9,September,9,Wednesday,False,2189.81,1094.9
TXN-0026705,2026-09-09,DXB-005,Dubai,CUST-00045,P006,Mouse,Accessories,1,104.58,5,104.58,5.23,99.35,Apple Pay,Online,2026,9,September,9,Wednesday,False,99.35,99.35
TXN-0026706,2026-09-09,DXB-003,Dubai,CUST-07842,P002,Smartphone,Electronics,2,1833.12,5,3666.24,183.31,3482.93,Card,Store,2026,9,September,9,Wednesday,False,3482.93,1741.46
TXN-0026708,2026-09-09,DXB-004,Dubai,CUST-06910,P014,Power Bank,Electronics,5,142.83,15,714.15,107.12,607.03,Card,Store,2026,9,September,9,Wednesday,False,607.03,121.41
TXN-0026781,2026-09-09,DXB-005,Dubai,CUST-05580,P013,USB Drive,Accessories,2,45.6,10,91.2,9.12,82.08,Cash,Online,2026,9,September,9,Wednesday,False,82.08,41.04
TXN-0026826,2026-09-09,DXB-003,Dubai,CUST-04415,P008,Desk,Furniture,2,701.41,10,1402.82,140.28,1262.54,Card,Store,2026,9,September,9,Wednesday,False,1262.54,631.27
TXN-0026936,2026-09-09,DXB-001,Dubai,CUST-07773,P004,Monitor,Electronics,1,960.06,10,960.06,96.01,864.05,Apple Pay,Online,2026,9,September,9,Wednesday,False,864.05,864.05
TXN-0026944,2026-09-09,DXB-002,Dubai,CUST-04757,P005,Keyboard,Accessories,1,176.82,5,176.82,8.84,167.98,Cash,Store,2026,9,September,9,Wednesday,False,167.98,167.98
TXN-0027054,2026-09-09,DXB-003,Dubai,CUST-01320,P015,Tablet,Electronics,1,1237.38,10,1237.38,123.74,1113.64,Cash,Store,2026,9,September,9,Wednesday,False,1113.64,1113.64
TXN-0027132,2026-09-09,DXB-003,Dubai,CUST-05266,P015,Tablet,Electronics,1,1302.03,10,1302.03,130.2,1171.83,Apple Pay,Store,2026,9,September,9,Wednesday,False,1171.83,1171.83
TXN-0027284,2026-09-09,DXB-003,Dubai,CUST-00171,P012,Pen Pack,Stationery,2,14.88,0,29.76,0.0,29.76,Cash,Store,2026,9,September,9,Wednesday,False,29.76,14.88
TXN-0027375,2026-09-09,DXB-001,Dubai,CUST-05993,P011,Notebook,Stationery,5,26.58,10,132.9,13.29,119.61,Bank Transfer,Store,2026,9,September,9,Wednesday,False,119.61,23.92
TXN-0027549,2026-09-09,DXB-001,Dubai,CUST-04689,P015,Tablet,Electronics,2,1199.01,0,2398.02,0.0,2398.02,Card,Store,2026,9,September,9,Wednesday,False,2398.02,1199.01
TXN-0027670,2026-09-09,DXB-001,Dubai,CUST-05704,P012,Pen Pack,Stationery,2,16.09,10,32.18,3.22,28.96,Card,Store,2026,9,September,9,Wednesday,False,28.96,14.48
TXN-0027675,2026-09-09,DXB-005,Dubai,CUST-00174,P006,Mouse,Accessories,1,104.23,5,104.23,5.21,99.02,Bank Transfer,Store,2026,9,September,9,Wednesday,False,99.02,99.02
TXN-0027707,2026-09-09,DXB-001,Dubai,CUST-02041,P003,Headphones,Electronics,2,344.12,15,688.24,103.24,585.0,Bank Transfer,Store,2026,9,September,9,Wednesday,False,585.0,292.5
TXN-0027982,2026-09-09,DXB-002,Dubai,CUST-04842,P015,Tablet,Electronics,1,1214.95,0,1214.95,0.0,1214.95,Apple Pay,Online,2026,9,September,9,Wednesday,False,1214.95,1214.95
TXN-0027991,2026-09-09,DXB-003,Dubai,CUST-01970,P011,Notebook,Stationery,1,22.92,0,22.92,0.0,22.92,Apple Pay,Store,2026,9,September,9,Wednesday,False,22.92,22.92
TXN-0028027,2026-09-09,DXB-002,Dubai,CUST-01477,P013,USB Drive,Accessories,1,42.56,5,42.56,2.13,40.43,Apple Pay,Online,2026,9,September,9,Wednesday,False,40.43,40.43
TXN-0028056,2026-09-09,DXB-001,Dubai,CUST-00731,P004,Monitor,Electronics,3,966.41,15,2899.23,434.88,2464.35,Card,Store,2026,9,September,9,Wednesday,False,2464.35,821.45
TXN-0028058,2026-09-09,DXB-003,Dubai,CUST-02807,P012,Pen Pack,Stationery,1,15.8,10,15.8,1.58,14.22,Card,Store,2026,9,September,9,Wednesday,False,14.22,14.22
TXN-0028086,2026-09-09,DXB-001,Dubai,CUST-03839,P004,Monitor,Electronics,3,765.82,20,2297.46,459.49,1837.97,Card,Store,2026,9,September,9,Wednesday,False,1837.97,612.66
TXN-0028095,2026-09-09,DXB-001,Dubai,CUST-07477,P001,Laptop,Electronics,2,3123.12,15,6246.24,936.94,5309.3,Card,Online,2026,9,September,9,Wednesday,False,5309.3,2654.65
TXN-0028318,2026-09-09,DXB-005,Dubai,CUST-06779,P015,Tablet,Electronics,2,1130.24,0,2260.48,0.0,2260.48,Apple Pay,Store,2026,9,September,9,Wednesday,False,2260.48,1130.24
TXN-0028355,2026-09-09,DXB-002,Dubai,CUST-00330,P003,Headphones,Electronics,2,357.37,0,714.74,0.0,714.74,Apple Pay,Online,2026,9,September,9,Wednesday,False,714.74,357.37
TXN-0028378,2026-09-09,DXB-001,Dubai,CUST-01700,P008,Desk,Furniture,2,693.17,15,1386.34,207.95,1178.39,Bank Transfer,Store,2026,9,September,9,Wednesday,False,1178.39,589.2
TXN-0028408,2026-09-09,DXB-001,Dubai,CUST-05207,P005,Keyboard,Accessories,2,192.94,0,385.88,0.0,385.88,Card,Store,2026,9,September,9,Wednesday,False,385.88,192.94
TXN-0028438,2026-09-09,DXB-003,Dubai,CUST-07116,P008,Desk,Furniture,2,827.7,15,1655.4,248.31,1407.09,Apple Pay,Store,2026,9,September,9,Wednesday,False,1407.09,703.54
TXN-0028502,2026-09-09,DXB-002,Dubai,CUST-04991,P012,Pen Pack,Stationery,2,15.19,5,30.38,1.52,28.86,Bank Transfer,Online,2026,9,September,9,Wednesday,False,28.86,14.43
TXN-0028527,2026-09-09,DXB-003,Dubai,CUST-04309,P011,Notebook,Stationery,1,21.3,5,21.3,1.06,20.24,Card,Store,2026,9,September,9,Wednesday,False,20.24,20.24
TXN-0028651,2026-09-09,DXB-002,Dubai,CUST-03884,P013,USB Drive,Accessories,2,50.97,0,101.94,0.0,101.94,Card,Store,2026,9,September,9,Wednesday,False,101.94,50.97
TXN-0028683,2026-09-09,DXB-002,Dubai,CUST-03964,P005,Keyboard,Accessories,5,178.76,0,893.8,0.0,893.8,Card,Store,2026,9,September,9,Wednesday,False,893.8,178.76
TXN-0028790,2026-09-09,DXB-003,Dubai,CUST-07091,P002,Smartphone,Electronics,1,1787.48,10,1787.48,178.75,1608.73,Card,Store,2026,9,September,9,Wednesday,False,1608.73,1608.73
TXN-0028808,2026-09-09,DXB-004,Dubai,CUST-07249,P010,Printer,Office,1,727.7,10,727.7,72.77,654.93,Card,Store,2026,9,September,9,Wednesday,False,654.93,654.93
TXN-0028843,2026-09-09,DXB-004,Dubai,CUST-00749,P001,Laptop,Electronics,1,3031.7,20,3031.7,606.34,2425.36,Apple Pay,Store,2026,9,September,9,Wednesday,False,2425.36,2425.36
TXN-0028900,2026-09-09,DXB-001,Dubai,CUST-02174,P003,Headphones,Electronics,1,317.39,10,317.39,31.74,285.65,Apple Pay,Store,2026,9,September,9,Wednesday,False,285.65,285.65
TXN-0029065,2026-09-09,DXB-003,Dubai,CUST-06177,P013,USB Drive,Accessories,3,47.59,5,142.77,7.14,135.63,Cash,Store,2026,9,September,9,Wednesday,False,135.63,45.21
TXN-0029130,2026-09-09,DXB-004,Dubai,CUST-02038,P001,Laptop,Electronics,4,2857.73,5,11430.92,571.55,10859.37,Cash,Store,2026,9,September,9,Wednesday,False,10859.37,2714.84
TXN-0029174,2026-09-09,DXB-005,Dubai,CUST-02515,P011,Notebook,Stationery,1,23.62,15,23.62,3.54,20.08,Card,Online,2026,9,September,9,Wednesday,False,20.08,20.08
TXN-0029218,2026-09-09,DXB-005,Dubai,CUST-01385,P003,Headphones,Electronics,1,318.72,0,318.72,0.0,318.72,Cash,Online,2026,9,September,9,Wednesday,False,318.72,318.72
TXN-0029219,2026-09-09,DXB-005,Dubai,CUST-02954,P002,Smartphone,Electronics,1,1721.83,5,1721.83,86.09,1635.74,Card,Store,2026,9,September,9,Wednesday,False,1635.74,1635.74
TXN-0029274,2026-09-09,DXB-005,Dubai,CUST-03978,P012,Pen Pack,Stationery,3,14.07,5,42.21,2.11,40.1,Apple Pay,Store,2026,9,September,9,Wednesday,False,40.1,13.37
TXN-0029386,2026-09-09,DXB-002,Dubai,CUST-04340,P006,Mouse,Accessories,2,88.33,10,176.66,17.67,158.99,Cash,Online,2026,9,September,9,Wednesday,False,158.99,79.5
TXN-0029431,2026-09-09,DXB-004,Dubai,CUST-03908,P006,Mouse,Accessories,2,105.78,15,211.56,31.73,179.83,Bank Transfer,Online,2026,9,September,9,Wednesday,False,179.83,89.92
TXN-0029446,2026-09-09,DXB-001,Dubai,CUST-02288,P011,Notebook,Stationery,1,23.45,10,23.45,2.35,21.1,Card,Online,2026,9,September,9,Wednesday,False,21.1,21.1
TXN-0029537,2026-09-09,DXB-005,Dubai,CUST-01479,P001,Laptop,Electronics,2,2925.21,0,5850.42,0.0,5850.42,Card,Store,2026,9,September,9,Wednesday,False,5850.42,2925.21
TXN-0029567,2026-09-09,DXB-002,Dubai,CUST-03227,P013,USB Drive,Accessories,5,45.28,5,226.4,11.32,215.08,Card,Store,2026,9,September,9,Wednesday,False,215.08,43.02
TXN-0029612,2026-09-09,DXB-005,Dubai,CUST-05616,P008,Desk,Furniture,1,742.51,5,742.51,37.13,705.38,Cash,Store,2026,9,September,9,Wednesday,False,705.38,705.38
TXN-0029910,2026-09-09,DXB-002,Dubai,CUST-07960,P007,Office Chair,Furniture,2,699.25,10,1398.5,139.85,1258.65,Card,Store,2026,9,September,9,Wednesday,False,1258.65,629.33
TXN-0029932,2026-09-09,DXB-001,Dubai,CUST-00119,P012,Pen Pack,Stationery,3,14.07,0,42.21,0.0,42.21,Card,Online,2026,9,September,9,Wednesday,False,42.21,14.07
TXN-0029937,2026-09-09,DXB-001,Dubai,CUST-02289,P012,Pen Pack,Stationery,1,15.14,5,15.14,0.76,14.38,Apple Pay,Store,2026,9,September,9,Wednesday,False,14.38,14.38
TXN-0029955,2026-09-09,DXB-003,Dubai,CUST-00902,P007,Office Chair,Furniture,3,654.68,0,1964.04,0.0,1964.04,Cash,Online,2026,9,September,9,Wednesday,False,1964.04,654.68
TXN-0029964,2026-09-09,DXB-004,Dubai,CUST-06481,P012,Pen Pack,Stationery,2,14.51,0,29.02,0.0,29.02,Card,Online,2026,9,September,9,Wednesday,False,29.02,14.51
TXN-0030073,2026-09-09,DXB-004,Dubai,CUST-07951,P008,Desk,Furniture,3,841.44,5,2524.32,126.22,2398.1,Card,Store,2026,9,September,9,Wednesday,False,2398.1,799.37
TXN-0030111,2026-09-09,DXB-001,Dubai,CUST-03464,P003,Headphones,Electronics,1,341.14,0,341.14,0.0,341.14,Cash,Store,2026,9,September,9,Wednesday,False,341.14,341.14
TXN-0030235,2026-09-09,DXB-004,Dubai,CUST-07192,P004,Monitor,Electronics,2,892.65,0,1785.3,0.0,1785.3,Apple Pay,Store,2026,9,September,9,Wednesday,False,1785.3,892.65
TXN-0030255,2026-09-09,DXB-002,Dubai,CUST-04154,P014,Power Bank,Electronics,1,151.92,10,151.92,15.19,136.73,Card,Online,2026,9,September,9,Wednesday,False,136.73,136.73
TXN-0030267,2026-09-09,DXB-001,Dubai,CUST-03123,P014,Power Bank,Electronics,3,142.13,5,426.39,21.32,405.07,Cash,Store,2026,9,September,9,Wednesday,False,405.07,135.02
TXN-0030463,2026-09-09,DXB-004,Dubai,CUST-05035,P007,Office Chair,Furniture,1,594.81,15,594.81,89.22,505.59,Apple Pay,Online,2026,9,September,9,Wednesday,False,505.59,505.59
TXN-0030478,2026-09-09,DXB-002,Dubai,CUST-02154,P003,Headphones,Electronics,1,325.47,0,325.47,0.0,325.47,Card,Store,2026,9,September,9,Wednesday,False,325.47,325.47
TXN-0030571,2026-09-09,DXB-001,Dubai,CUST-07346,P007,Office Chair,Furniture,1,634.87,5,634.87,31.74,603.13,Card,Store,2026,9,September,9,Wednesday,False,603.13,603.13
TXN-0030582,2026-09-09,DXB-003,Dubai,CUST-05157,P004,Monitor,Electronics,2,882.38,0,1764.76,0.0,1764.76,Card,Online,2026,9,September,9,Wednesday,False,1764.76,882.38
TXN-0030586,2026-09-09,DXB-003,Dubai,CUST-02729,P009,Backpack,Accessories,2,220.52,5,441.04,22.05,418.99,Cash,Store,2026,9,September,9,Wednesday,False,418.99,209.5
TXN-0030628,2026-09-09,DXB-004,Dubai,CUST-03497,P009,Backpack,Accessories,5,207.74,10,1038.7,103.87,934.83,Card,Online,2026,9,September,9,Wednesday,False,934.83,186.97
TXN-0030634,2026-09-09,DXB-002,Dubai,CUST-04307,P006,Mouse,Accessories,3,102.96,5,308.88,15.44,293.44,Bank Transfer,Online,2026,9,September,9,Wednesday,False,293.44,97.81
TXN-0030642,2026-09-09,DXB-005,Dubai,CUST-03338,P015,Tablet,Electronics,2,1280.6,5,2561.2,128.06,2433.14,Card,Store,2026,9,September,9,Wednesday,False,2433.14,1216.57
TXN-0030708,2026-09-09,DXB-002,Dubai,CUST-01773,P011,Notebook,Stationery,1,24.07,5,24.07,1.2,22.87,Cash,Store,2026,9,September,9,Wednesday,False,22.87,22.87
TXN-0030733,2026-09-09,DXB-001,Dubai,CUST-07331,P001,Laptop,Electronics,3,2657.52,15,7972.56,1195.88,6776.68,Apple Pay,Store,2026,9,September,9,Wednesday,False,6776.68,2258.89
TXN-0030750,2026-09-09,DXB-001,Dubai,CUST-04150,P001,Laptop,Electronics,1,2823.42,0,2823.42,0.0,2823.42,Card,Store,2026,9,September,9,Wednesday,False,2823.42,2823.42
TXN-0030867,2026-09-09,DXB-003,Dubai,CUST-04953,P014,Power Bank,Electronics,2,150.63,5,301.26,15.06,286.2,Cash,Store,2026,9,September,9,Wednesday,False,286.2,143.1
TXN-0030895,2026-09-09,DXB-002,Dubai,CUST-01909,P013,USB Drive,Accessories,4,44.4,10,177.6,17.76,159.84,Apple Pay,Store,2026,9,September,9,Wednesday,False,159.84,39.96
TXN-0031051,2026-09-09,DXB-001,Dubai,CUST-00673,P015,Tablet,Electronics,3,1317.63,10,3952.89,395.29,3557.6,Card,Store,2026,9,September,9,Wednesday,False,3557.6,1185.87
TXN-0031075,2026-09-09,DXB-001,Dubai,CUST-01105,P010,Printer,Office,3,690.52,10,2071.56,207.16,1864.4,Cash,Online,2026,9,September,9,Wednesday,False,1864.4,621.47
TXN-0031131,2026-09-09,DXB-003,Dubai,CUST-04368,P001,Laptop,Electronics,1,2915.58,5,2915.58,145.78,2769.8,Apple Pay,Store,2026,9,September,9,Wednesday,False,2769.8,2769.8
TXN-0031185,2026-09-09,DXB-004,Dubai,CUST-02000,P015,Tablet,Electronics,3,1131.91,5,3395.73,169.79,3225.94,Apple Pay,Online,2026,9,September,9,Wednesday,False,3225.94,1075.31
TXN-0031258,2026-09-09,DXB-005,Dubai,CUST-02204,P005,Keyboard,Accessories,2,178.45,5,356.9,17.84,339.06,Apple Pay,Store,2026,9,September,9,Wednesday,False,339.06,169.53
TXN-0031271,2026-09-09,DXB-003,Dubai,CUST-06399,P003,Headphones,Electronics,1,348.28,0,348.28,0.0,348.28,Card,Online,2026,9,September,9,Wednesday,False,348.28,348.28
TXN-0031360,2026-09-09,DXB-003,Dubai,CUST-06751,P013,USB Drive,Accessories,1,46.23,20,46.23,9.25,36.98,Card,Store,2026,9,September,9,Wednesday,False,36.98,36.98
TXN-0031577,2026-09-09,DXB-003,Dubai,CUST-07352,P011,Notebook,Stationery,3,25.22,10,75.66,7.57,68.09,Card,Store,2026,9,September,9,Wednesday,False,68.09,22.7
TXN-0031585,2026-09-09,DXB-002,Dubai,CUST-07982,P004,Monitor,Electronics,1,859.79,0,859.79,0.0,859.79,Apple Pay,Store,2026,9,September,9,Wednesday,False,859.79,859.79
TXN-0031610,2026-09-09,DXB-005,Dubai,CUST-04770,P007,Office Chair,Furniture,1,663.6,5,663.6,33.18,630.42,Apple Pay,Store,2026,9,September,9,Wednesday,False,630.42,630.42
TXN-0031625,2026-09-09,DXB-003,Dubai,CUST-07469,P006,Mouse,Accessories,2,111.54,10,223.08,22.31,200.77,Cash,Store,2026,9,September,9,Wednesday,False,200.77,100.38
TXN-0031640,2026-09-09,DXB-002,Dubai,CUST-00317,P011,Notebook,Stationery,1,25.06,5,25.06,1.25,23.81,Cash,Store,2026,9,September,9,Wednesday,False,23.81,23.81
TXN-0031672,2026-09-09,DXB-001,Dubai,CUST-02366,P001,Laptop,Electronics,2,3040.88,15,6081.76,912.26,5169.5,Apple Pay,Store,2026,9,September,9,Wednesday,False,5169.5,2584.75
TXN-0031777,2026-09-09,DXB-005,Dubai,CUST-01204,P009,Backpack,Accessories,3,230.61,15,691.83,103.77,588.06,Apple Pay,Store,2026,9,September,9,Wednesday,False,588.06,196.02
TXN-0031878,2026-09-09,DXB-004,Dubai,CUST-04731,P014,Power Bank,Electronics,2,130.54,5,261.08,13.05,248.03,Card,Online,2026,9,September,9,Wednesday,False,248.03,124.02
TXN-0031974,2026-09-09,DXB-003,Dubai,CUST-05112,P011,Notebook,Stationery,1,24.73,0,24.73,0.0,24.73,Apple Pay,Store,2026,9,September,9,Wednesday,False,24.73,24.73
TXN-0032044,2026-09-09,DXB-001,Dubai,CUST-06124,P003,Headphones,Electronics,2,357.48,0,714.96,0.0,714.96,Apple Pay,Online,2026,9,September,9,Wednesday,False,714.96,357.48
TXN-0032077,2026-09-09,DXB-004,Dubai,CUST-02299,P012,Pen Pack,Stationery,2,14.89,5,29.78,1.49,28.29,Card,Store,2026,9,September,9,Wednesday,False,28.29,14.14
TXN-0032116,2026-09-09,DXB-002,Dubai,CUST-01959,P011,Notebook,Stationery,1,25.2,0,25.2,0.0,25.2,Apple Pay,Online,2026,9,September,9,Wednesday,False,25.2,25.2
TXN-0032125,2026-09-09,DXB-002,Dubai,CUST-04810,P014,Power Bank,Electronics,1,147.88,0,147.88,0.0,147.88,Bank Transfer,Online,2026,9,September,9,Wednesday,False,147.88,147.88
TXN-0032219,2026-09-09,DXB-001,Dubai,CUST-07149,P006,Mouse,Accessories,2,95.86,15,191.72,28.76,162.96,Cash,Store,2026,9,September,9,Wednesday,False,162.96,81.48
TXN-0032275,2026-09-09,DXB-003,Dubai,CUST-06440,P012,Pen Pack,Stationery,1,13.96,5,13.96,0.7,13.26,Bank Transfer,Store,2026,9,September,9,Wednesday,False,13.26,13.26
TXN-0032335,2026-09-09,DXB-004,Dubai,CUST-05047,P011,Notebook,Stationery,2,24.93,5,49.86,2.49,47.37,Cash,Store,2026,9,September,9,Wednesday,False,47.37,23.68
TXN-0032364,2026-09-09,DXB-002,Dubai,CUST-01839,P013,USB Drive,Accessories,3,42.71,0,128.13,0.0,128.13,Card,Store,2026,9,September,9,Wednesday,False,128.13,42.71
TXN-0032391,2026-09-09,DXB-001,Dubai,CUST-01939,P014,Power Bank,Electronics,1,133.67,0,133.67,0.0,133.67,Card,Store,2026,9,September,9,Wednesday,False,133.67,133.67
TXN-0032408,2026-09-09,DXB-002,Dubai,CUST-00679,P012,Pen Pack,Stationery,2,13.64,10,27.28,2.73,24.55,Card,Store,2026,9,September,9,Wednesday,False,24.55,12.28
TXN-0032422,2026-09-09,DXB-002,Dubai,CUST-05645,P006,Mouse,Accessories,2,105.88,0,211.76,0.0,211.76,Card,Store,2026,9,September,9,Wednesday,False,211.76,105.88
TXN-0032569,2026-09-09,DXB-003,Dubai,CUST-00689,P007,Office Chair,Furniture,1,675.39,0,675.39,0.0,675.39,Card,Store,2026,9,September,9,Wednesday,False,675.39,675.39
TXN-0032570,2026-09-09,DXB-003,Dubai,CUST-03656,P010,Printer,Office,4,703.09,5,2812.36,140.62,2671.74,Card,Online,2026,9,September,9,Wednesday,False,2671.74,667.94
TXN-0032571,2026-09-09,DXB-002,Dubai,CUST-01241,P012,Pen Pack,Stationery,2,14.69,10,29.38,2.94,26.44,Cash,Store,2026,9,September,9,Wednesday,False,26.44,13.22
TXN-0032583,2026-09-09,DXB-003,Dubai,CUST-02758,P008,Desk,Furniture,1,787.87,10,787.87,78.79,709.08,Card,Online,2026,9,September,9,Wednesday,False,709.08,709.08
TXN-0032843,2026-09-09,DXB-002,Dubai,CUST-07922,P001,Laptop,Electronics,5,2733.51,0,13667.55,0.0,13667.55,Card,Store,2026,9,September,9,Wednesday,False,13667.55,2733.51
TXN-0032904,2026-09-09,DXB-002,Dubai,CUST-01727,P011,Notebook,Stationery,2,25.55,10,51.1,5.11,45.99,Card,Store,2026,9,September,9,Wednesday,False,45.99,23.0
TXN-0032937,2026-09-09,DXB-003,Dubai,CUST-07299,P006,Mouse,Accessories,1,91.84,15,91.84,13.78,78.06,Apple Pay,Online,2026,9,September,9,Wednesday,False,78.06,78.06
TXN-0033008,2026-09-09,DXB-001,Dubai,CUST-01348,P010,Printer,Office,3,645.8,0,1937.4,0.0,1937.4,Cash,Online,2026,9,September,9,Wednesday,False,1937.4,645.8
TXN-0033174,2026-09-09,DXB-001,Dubai,CUST-04908,P004,Monitor,Electronics,1,904.09,0,904.09,0.0,904.09,Card,Store,2026,9,September,9,Wednesday,False,904.09,904.09
TXN-0033183,2026-09-09,DXB-005,Dubai,CUST-05436,P004,Monitor,Electronics,3,897.75,0,2693.25,0.0,2693.25,Bank Transfer,Store,2026,9,September,9,Wednesday,False,2693.25,897.75
TXN-0033235,2026-09-09,DXB-001,Dubai,CUST-02703,P015,Tablet,Electronics,2,1303.76,20,2607.52,521.5,2086.02,Card,Store,2026,9,September,9,Wednesday,False,2086.02,1043.01
TXN-0033334,2026-09-09,DXB-001,Dubai,CUST-00305,P014,Power Bank,Electronics,3,148.96,0,446.88,0.0,446.88,Card,Online,2026,9,September,9,Wednesday,False,446.88,148.96
TXN-0033345,2026-09-09,DXB-003,Dubai,CUST-06461,P015,Tablet,Electronics,1,1164.41,0,1164.41,0.0,1164.41,Cash,Online,2026,9,September,9,Wednesday,False,1164.41,1164.41
TXN-0033380,2026-09-09,DXB-005,Dubai,CUST-05596,P001,Laptop,Electronics,1,2804.63,0,2804.63,0.0,2804.63,Apple Pay,Online,2026,9,September,9,Wednesday,False,2804.63,2804.63
TXN-0033482,2026-09-09,DXB-002,Dubai,CUST-00709,P010,Printer,Office,1,701.14,0,701.14,0.0,701.14,Card,Store,2026,9,September,9,Wednesday,False,701.14,701.14
TXN-0033603,2026-09-09,DXB-002,Dubai,CUST-01004,P015,Tablet,Electronics,6,1300.01,10,7800.06,780.01,7020.05,Apple Pay,Store,2026,9,September,9,Wednesday,False,7020.05,1170.01
TXN-0033608,2026-09-09,DXB-005,Dubai,CUST-07235,P006,Mouse,Accessories,5,115.08,5,575.4,28.77,546.63,Card,Store,2026,9,September,9,Wednesday,False,546.63,109.33
TXN-0033795,2026-09-09,DXB-005,Dubai,CUST-04011,P007,Office Chair,Furniture,1,626.61,0,626.61,0.0,626.61,Card,Store,2026,9,September,9,Wednesday,False,626.61,626.61
TXN-0033820,2026-09-09,DXB-004,Dubai,CUST-04119,P013,USB Drive,Accessories,1,47.66,10,47.66,4.77,42.89,Card,Store,2026,9,September,9,Wednesday,False,42.89,42.89
TXN-0033848,2026-09-09,DXB-003,Dubai,CUST-05087,P006,Mouse,Accessories,2,98.93,5,197.86,9.89,187.97,Apple Pay,Store,2026,9,September,9,Wednesday,False,187.97,93.98
TXN-0033850,2026-09-09,DXB-004,Dubai,CUST-02774,P013,USB Drive,Accessories,1,48.17,15,48.17,7.23,40.94,Cash,Store,2026,9,September,9,Wednesday,False,40.94,40.94
TXN-0033929,2026-09-09,DXB-001,Dubai,CUST-04995,P006,Mouse,Accessories,1,105.07,0,105.07,0.0,105.07,Card,Store,2026,9,September,9,Wednesday,False,105.07,105.07
TXN-0033932,2026-09-09,DXB-003,Dubai,CUST-05225,P014,Power Bank,Electronics,1,143.25,0,143.25,0.0,143.25,Bank Transfer,Store,2026,9,September,9,Wednesday,False,143.25,143.25
TXN-0033980,2026-09-09,DXB-005,Dubai,CUST-04074,P005,Keyboard,Accessories,1,182.36,10,182.36,18.24,164.12,Bank Transfer,Online,2026,9,September,9,Wednesday,False,164.12,164.12
TXN-0034043,2026-09-09,DXB-005,Dubai,CUST-02621,P005,Keyboard,Accessories,1,179.98,20,179.98,36.0,143.98,Cash,Online,2026,9,September,9,Wednesday,False,143.98,143.98
TXN-0034080,2026-09-09,DXB-001,Dubai,CUST-01186,P005,Keyboard,Accessories,1,198.48,10,198.48,19.85,178.63,Bank Transfer,Store,2026,9,September,9,Wednesday,False,178.63,178.63
TXN-0034213,2026-09-09,DXB-004,Dubai,CUST-05386,P002,Smartphone,Electronics,1,1570.65,15,1570.65,235.6,1335.05,Apple Pay,Online,2026,9,September,9,Wednesday,False,1335.05,1335.05
TXN-0034224,2026-09-09,DXB-003,Dubai,CUST-02153,P008,Desk,Furniture,1,786.82,0,786.82,0.0,786.82,Apple Pay,Store,2026,9,September,9,Wednesday,False,786.82,786.82
TXN-0034338,2026-09-09,DXB-004,Dubai,CUST-04330,P011,Notebook,Stationery,6,26.53,15,159.18,23.88,135.3,Card,Online,2026,9,September,9,Wednesday,False,135.3,22.55
TXN-0034362,2026-09-09,DXB-004,Dubai,CUST-03548,P001,Laptop,Electronics,1,2503.32,5,2503.32,125.17,2378.15,Card,Store,2026,9,September,9,Wednesday,False,2378.15,2378.15
TXN-0034375,2026-09-09,DXB-003,Dubai,CUST-01597,P005,Keyboard,Accessories,3,185.78,15,557.34,83.6,473.74,Card,Store,2026,9,September,9,Wednesday,False,473.74,157.91
TXN-0034420,2026-09-09,DXB-002,Dubai,CUST-06443,P006,Mouse,Accessories,2,111.74,5,223.48,11.17,212.31,Card,Online,2026,9,September,9,Wednesday,False,212.31,106.16
TXN-0034507,2026-09-09,DXB-005,Dubai,CUST-07374,P009,Backpack,Accessories,6,215.58,15,1293.48,194.02,1099.46,Apple Pay,Store,2026,9,September,9,Wednesday,False,1099.46,183.24
TXN-0034530,2026-09-09,DXB-003,Dubai,CUST-07394,P007,Office Chair,Furniture,1,605.39,10,605.39,60.54,544.85,Bank Transfer,Store,2026,9,September,9,Wednesday,False,544.85,544.85
TXN-0034549,2026-09-09,DXB-005,Dubai,CUST-01004,P014,Power Bank,Electronics,1,154.01,5,154.01,7.7,146.31,Apple Pay,Store,2026,9,September,9,Wednesday,False,146.31,146.31
TXN-0034625,2026-09-09,DXB-003,Dubai,CUST-07393,P001,Laptop,Electronics,1,2792.44,0,2792.44,0.0,2792.44,Apple Pay,Store,2026,9,September,9,Wednesday,False,2792.44,2792.44
TXN-0034752,2026-09-09,DXB-003,Dubai,CUST-06103,P012,Pen Pack,Stationery,1,14.05,0,14.05,0.0,14.05,Card,Store,2026,9,September,9,Wednesday,False,14.05,14.05
TXN-0034758,2026-09-09,DXB-002,Dubai,CUST-05540,P003,Headphones,Electronics,1,349.33,10,349.33,34.93,314.4,Cash,Store,2026,9,September,9,Wednesday,False,314.4,314.4
TXN-0034820,2026-09-09,DXB-004,Dubai,CUST-04111,P007,Office Chair,Furniture,1,676.13,0,676.13,0.0,676.13,Apple Pay,Store,2026,9,September,9,Wednesday,False,676.13,676.13
TXN-0034822,2026-09-09,DXB-001,Dubai,CUST-04362,P005,Keyboard,Accessories,3,170.91,20,512.73,102.55,410.18,Card,Store,2026,9,September,9,Wednesday,False,410.18,136.73
TXN-0034859,2026-09-09,DXB-001,Dubai,CUST-05173,P008,Desk,Furniture,1,785.69,5,785.69,39.28,746.41,Bank Transfer,Store,2026,9,September,9,Wednesday,False,746.41,746.41
TXN-0034863,2026-09-09,DXB-005,Dubai,CUST-04077,P010,Printer,Office,2,625.48,5,1250.96,62.55,1188.41,Card,Store,2026,9,September,9,Wednesday,False,1188.41,594.21
TXN-0034883,2026-09-09,DXB-001,Dubai,CUST-07500,P011,Notebook,Stationery,5,25.06,0,125.3,0.0,125.3,Card,Store,2026,9,September,9,Wednesday,False,125.3,25.06
TXN-0034914,2026-09-09,DXB-005,Dubai,CUST-03104,P011,Notebook,Stationery,1,24.09,10,24.09,2.41,21.68,Card,Store,2026,9,September,9,Wednesday,False,21.68,21.68
TXN-0034982,2026-09-09,DXB-002,Dubai,CUST-04314,P005,Keyboard,Accessories,2,170.74,5,341.48,17.07,324.41,Card,Store,2026,9,September,9,Wednesday,False,324.41,162.21
TXN-0034984,2026-09-09,DXB-001,Dubai,CUST-00308,P012,Pen Pack,Stationery,1,14.67,10,14.67,1.47,13.2,Card,Store,2026,9,September,9,Wednesday,False,13.2,13.2
TXN-0035019,2026-09-09,DXB-001,Dubai,CUST-00413,P008,Desk,Furniture,1,778.86,10,778.86,77.89,700.97,Card,Store,2026,9,September,9,Wednesday,False,700.97,700.97
TXN-0035061,2026-09-09,DXB-004,Dubai,CUST-06637,P001,Laptop,Electronics,3,2925.19,15,8775.57,1316.34,7459.23,Apple Pay,Online,2026,9,September,9,Wednesday,False,7459.23,2486.41
TXN-0035147,2026-09-09,DXB-001,Dubai,CUST-05963,P011,Notebook,Stationery,4,24.04,15,96.16,14.42,81.74,Bank Transfer,Store,2026,9,September,9,Wednesday,False,81.74,20.43
TXN-0035243,2026-09-09,DXB-005,Dubai,CUST-03969,P012,Pen Pack,Stationery,2,14.81,15,29.62,4.44,25.18,Card,Store,2026,9,September,9,Wednesday,False,25.18,12.59
TXN-0035312,2026-09-09,DXB-002,Dubai,CUST-05307,P014,Power Bank,Electronics,2,151.66,0,303.32,0.0,303.32,Apple Pay,Store,2026,9,September,9,Wednesday,False,303.32,151.66
TXN-0035328,2026-09-09,DXB-003,Dubai,CUST-04298,P010,Printer,Office,2,703.43,0,1406.86,0.0,1406.86,Card,Store,2026,9,September,9,Wednesday,False,1406.86,703.43
TXN-0035379,2026-09-09,DXB-003,Dubai,CUST-03004,P010,Printer,Office,2,737.79,0,1475.58,0.0,1475.58,Card,Store,2026,9,September,9,Wednesday,False,1475.58,737.79
TXN-0035484,2026-09-09,DXB-002,Dubai,CUST-05225,P010,Printer,Office,2,740.6,0,1481.2,0.0,1481.2,Card,Online,2026,9,September,9,Wednesday,False,1481.2,740.6
TXN-0035496,2026-09-09,DXB-003,Dubai,CUST-01198,P004,Monitor,Electronics,1,916.58,5,916.58,45.83,870.75,Card,Store,2026,9,September,9,Wednesday,False,870.75,870.75
TXN-0035608,2026-09-09,DXB-005,Dubai,CUST-02730,P006,Mouse,Accessories,1,104.04,5,104.04,5.2,98.84,Apple Pay,Store,2026,9,September,9,Wednesday,False,98.84,98.84
TXN-0035621,2026-09-09,DXB-001,Dubai,CUST-07702,P003,Headphones,Electronics,5,334.49,5,1672.45,83.62,1588.83,Cash,Online,2026,9,September,9,Wednesday,False,1588.83,317.77
TXN-0035714,2026-09-09,DXB-003,Dubai,CUST-07853,P012,Pen Pack,Stationery,1,16.33,15,16.33,2.45,13.88,Bank Transfer,Store,2026,9,September,9,Wednesday,False,13.88,13.88
TXN-0035824,2026-09-09,DXB-003,Dubai,CUST-07627,P012,Pen Pack,Stationery,1,14.78,15,14.78,2.22,12.56,Card,Online,2026,9,September,9,Wednesday,False,12.56,12.56
TXN-0035825,2026-09-09,DXB-001,Dubai,CUST-06417,P012,Pen Pack,Stationery,3,14.57,5,43.71,2.19,41.52,Bank Transfer,Online,2026,9,September,9,Wednesday,False,41.52,13.84
TXN-0035890,2026-09-09,DXB-003,Dubai,CUST-06536,P004,Monitor,Electronics,1,910.38,0,910.38,0.0,910.38,Card,Store,2026,9,September,9,Wednesday,False,910.38,910.38
TXN-0035899,2026-09-09,DXB-003,Dubai,CUST-03064,P002,Smartphone,Electronics,1,1615.0,15,1615.0,242.25,1372.75,Card,Store,2026,9,September,9,Wednesday,False,1372.75,1372.75
TXN-0036130,2026-09-09,DXB-002,Dubai,CUST-01955,P015,Tablet,Electronics,3,1202.49,15,3607.47,541.12,3066.35,Bank Transfer,Store,2026,9,September,9,Wednesday,False,3066.35,1022.12
TXN-0036132,2026-09-09,DXB-001,Dubai,CUST-03605,P012,Pen Pack,Stationery,3,13.87,0,41.61,0.0,41.61,Card,Store,2026,9,September,9,Wednesday,False,41.61,13.87
TXN-0036163,2026-09-09,DXB-005,Dubai,CUST-07894,P011,Notebook,Stationery,1,26.45,5,26.45,1.32,25.13,Card,Store,2026,9,September,9,Wednesday,False,25.13,25.13
TXN-0036222,2026-09-09,DXB-004,Dubai,CUST-01743,P011,Notebook,Stationery,2,24.18,5,48.36,2.42,45.94,Card,Online,2026,9,September,9,Wednesday,False,45.94,22.97
TXN-0036316,2026-09-09,DXB-001,Dubai,CUST-04450,P006,Mouse,Accessories,1,92.75,5,92.75,4.64,88.11,Card,Store,2026,9,September,9,Wednesday,False,88.11,88.11
TXN-0036321,2026-09-09,DXB-005,Dubai,CUST-00824,P007,Office Chair,Furniture,2,658.58,0,1317.16,0.0,1317.16,Cash,Online,2026,9,September,9,Wednesday,False,1317.16,658.58
TXN-0036342,2026-09-09,DXB-001,Dubai,CUST-07448,P013,USB Drive,Accessories,2,47.38,0,94.76,0.0,94.76,Card,Online,2026,9,September,9,Wednesday,False,94.76,47.38
TXN-0036445,2026-09-09,DXB-003,Dubai,CUST-03129,P013,USB Drive,Accessories,1,46.0,5,46.0,2.3,43.7,Apple Pay,Store,2026,9,September,9,Wednesday,False,43.7,43.7
TXN-0036520,2026-09-09,DXB-004,Dubai,CUST-04701,P010,Printer,Office,3,634.45,0,1903.35,0.0,1903.35,Cash,Store,2026,9,September,9,Wednesday,False,1903.35,634.45
TXN-0036525,2026-09-09,DXB-001,Dubai,CUST-00300,P004,Monitor,Electronics,2,878.27,0,1756.54,0.0,1756.54,Bank Transfer,Online,2026,9,September,9,Wednesday,False,1756.54,878.27
TXN-0036535,2026-09-09,DXB-002,Dubai,CUST-03541,P010,Printer,Office,1,696.33,15,696.33,104.45,591.88,Card,Online,2026,9,September,9,Wednesday,False,591.88,591.88
TXN-0036602,2026-09-09,DXB-002,Dubai,CUST-00877,P012,Pen Pack,Stationery,1,14.67,0,14.67,0.0,14.67,Card,Store,2026,9,September,9,Wednesday,False,14.67,14.67
TXN-0036612,2026-09-09,DXB-005,Dubai,CUST-03675,P006,Mouse,Accessories,1,105.61,0,105.61,0.0,105.61,Cash,Store,2026,9,September,9,Wednesday,False,105.61,105.61
TXN-0036690,2026-09-09,DXB-002,Dubai,CUST-01188,P005,Keyboard,Accessories,5,196.13,5,980.65,49.03,931.62,Apple Pay,Store,2026,9,September,9,Wednesday,False,931.62,186.32
TXN-0036696,2026-09-09,DXB-005,Dubai,CUST-00895,P004,Monitor,Electronics,1,881.54,0,881.54,0.0,881.54,Cash,Store,2026,9,September,9,Wednesday,False,881.54,881.54
TXN-0036812,2026-09-09,DXB-005,Dubai,CUST-00321,P005,Keyboard,Accessories,2,198.48,10,396.96,39.7,357.26,Bank Transfer,Store,2026,9,September,9,Wednesday,False,357.26,178.63
TXN-0037019,2026-09-09,DXB-002,Dubai,CUST-01518,P004,Monitor,Electronics,1,918.23,0,918.23,0.0,918.23,Card,Store,2026,9,September,9,Wednesday,False,918.23,918.23
TXN-0037047,2026-09-09,DXB-005,Dubai,CUST-00680,P013,USB Drive,Accessories,1,43.37,10,43.37,4.34,39.03,Apple Pay,Store,2026,9,September,9,Wednesday,False,39.03,39.03
TXN-0037085,2026-09-09,DXB-005,Dubai,CUST-03663,P013,USB Drive,Accessories,1,45.6,0,45.6,0.0,45.6,Cash,Store,2026,9,September,9,Wednesday,False,45.6,45.6
TXN-0037123,2026-09-09,DXB-004,Dubai,CUST-00224,P004,Monitor,Electronics,1,919.18,15,919.18,137.88,781.3,Cash,Store,2026,9,September,9,Wednesday,False,781.3,781.3
TXN-0037124,2026-09-09,DXB-003,Dubai,CUST-02628,P007,Office Chair,Furniture,4,691.85,0,2767.4,0.0,2767.4,Card,Store,2026,9,September,9,Wednesday,False,2767.4,691.85
TXN-0037247,2026-09-09,DXB-001,Dubai,CUST-00919,P012,Pen Pack,Stationery,1,14.06,5,14.06,0.7,13.36,Card,Store,2026,9,September,9,Wednesday,False,13.36,13.36
TXN-0037264,2026-09-09,DXB-001,Dubai,CUST-00749,P003,Headphones,Electronics,1,364.81,0,364.81,0.0,364.81,Bank Transfer,Store,2026,9,September,9,Wednesday,False,364.81,364.81
TXN-0037387,2026-09-09,DXB-004,Dubai,CUST-06819,P010,Printer,Office,3,680.02,5,2040.06,102.0,1938.06,Apple Pay,Store,2026,9,September,9,Wednesday,False,1938.06,646.02
TXN-0037526,2026-09-09,DXB-002,Dubai,CUST-02103,P008,Desk,Furniture,1,757.34,10,757.34,75.73,681.61,Card,Store,2026,9,September,9,Wednesday,False,681.61,681.61
TXN-0037571,2026-09-09,DXB-002,Dubai,CUST-03918,P006,Mouse,Accessories,4,101.71,15,406.84,61.03,345.81,Card,Online,2026,9,September,9,Wednesday,False,345.81,86.45
TXN-0037591,2026-09-09,DXB-002,Dubai,CUST-00434,P010,Printer,Office,2,644.92,15,1289.84,193.48,1096.36,Bank Transfer,Store,2026,9,September,9,Wednesday,False,1096.36,548.18
TXN-0037672,2026-09-09,DXB-003,Dubai,CUST-00342,P007,Office Chair,Furniture,1,647.29,0,647.29,0.0,647.29,Cash,Online,2026,9,September,9,Wednesday,False,647.29,647.29
TXN-0037794,2026-09-09,DXB-003,Dubai,CUST-05039,P009,Backpack,Accessories,2,205.71,0,411.42,0.0,411.42,Cash,Store,2026,9,September,9,Wednesday,False,411.42,205.71
TXN-0037813,2026-09-09,DXB-001,Dubai,CUST-01149,P001,Laptop,Electronics,2,2950.68,5,5901.36,295.07,5606.29,Card,Store,2026,9,September,9,Wednesday,False,5606.29,2803.14
TXN-0037835,2026-09-09,DXB-003,Dubai,CUST-00163,P009,Backpack,Accessories,5,229.8,0,1149.0,0.0,1149.0,Cash,Store,2026,9,September,9,Wednesday,False,1149.0,229.8
TXN-0037837,2026-09-09,DXB-002,Dubai,CUST-06503,P015,Tablet,Electronics,3,1178.34,10,3535.02,353.5,3181.52,Cash,Store,2026,9,September,9,Wednesday,False,3181.52,1060.51
TXN-0037943,2026-09-09,DXB-005,Dubai,CUST-00300,P006,Mouse,Accessories,3,99.8,5,299.4,14.97,284.43,Card,Store,2026,9,September,9,Wednesday,False,284.43,94.81
TXN-0038156,2026-09-09,DXB-001,Dubai,CUST-00213,P005,Keyboard,Accessories,1,176.09,15,176.09,26.41,149.68,Card,Store,2026,9,September,9,Wednesday,False,149.68,149.68
TXN-0038166,2026-09-09,DXB-005,Dubai,CUST-01397,P015,Tablet,Electronics,1,1196.32,10,1196.32,119.63,1076.69,Apple Pay,Online,2026,9,September,9,Wednesday,False,1076.69,1076.69
TXN-0038209,2026-09-09,DXB-004,Dubai,CUST-06087,P011,Notebook,Stationery,3,25.1,0,75.3,0.0,75.3,Card,Store,2026,9,September,9,Wednesday,False,75.3,25.1
TXN-0038301,2026-09-09,DXB-002,Dubai,CUST-07277,P008,Desk,Furniture,1,770.15,10,770.15,77.02,693.13,Card,Store,2026,9,September,9,Wednesday,False,693.13,693.13
TXN-0038546,2026-09-09,DXB-005,Dubai,CUST-05410,P008,Desk,Furniture,1,830.56,15,830.56,124.58,705.98,Bank Transfer,Online,2026,9,September,9,Wednesday,False,705.98,705.98
TXN-0038593,2026-09-09,DXB-003,Dubai,CUST-03466,P010,Printer,Office,1,692.73,5,692.73,34.64,658.09,Apple Pay,Store,2026,9,September,9,Wednesday,False,658.09,658.09
TXN-0038637,2026-09-09,DXB-003,Dubai,CUST-00232,P007,Office Chair,Furniture,1,673.42,5,673.42,33.67,639.75,Apple Pay,Store,2026,9,September,9,Wednesday,False,639.75,639.75
TXN-0038662,2026-09-09,DXB-001,Dubai,CUST-02588,P012,Pen Pack,Stationery,2,15.28,0,30.56,0.0,30.56,Apple Pay,Online,2026,9,September,9,Wednesday,False,30.56,15.28
TXN-0038666,2026-09-09,DXB-003,Dubai,CUST-04333,P004,Monitor,Electronics,4,894.4,10,3577.6,357.76,3219.84,Card,Online,2026,9,September,9,Wednesday,False,3219.84,804.96
TXN-0038680,2026-09-09,DXB-004,Dubai,CUST-07437,P005,Keyboard,Accessories,2,175.57,5,351.14,17.56,333.58,Card,Store,2026,9,September,9,Wednesday,False,333.58,166.79
TXN-0038699,2026-09-09,DXB-004,Dubai,CUST-03301,P014,Power Bank,Electronics,1,131.32,10,131.32,13.13,118.19,Card,Store,2026,9,September,9,Wednesday,False,118.19,118.19
TXN-0038723,2026-09-09,DXB-004,Dubai,CUST-04303,P013,USB Drive,Accessories,1,47.36,0,47.36,0.0,47.36,Apple Pay,Online,2026,9,September,9,Wednesday,False,47.36,47.36
TXN-0038768,2026-09-09,DXB-003,Dubai,CUST-01532,P012,Pen Pack,Stationery,4,13.99,5,55.96,2.8,53.16,Card,Store,2026,9,September,9,Wednesday,False,53.16,13.29
TXN-0038773,2026-09-09,DXB-002,Dubai,CUST-07804,P006,Mouse,Accessories,3,106.05,5,318.15,15.91,302.24,Card,Store,2026,9,September,9,Wednesday,False,302.24,100.75
TXN-0038906,2026-09-09,DXB-005,Dubai,CUST-03111,P013,USB Drive,Accessories,2,44.6,10,89.2,8.92,80.28,Card,Store,2026,9,September,9,Wednesday,False,80.28,40.14
TXN-0038931,2026-09-09,DXB-004,Dubai,CUST-03738,P009,Backpack,Accessories,1,204.82,10,204.82,20.48,184.34,Card,Online,2026,9,September,9,Wednesday,False,184.34,184.34
TXN-0039068,2026-09-09,DXB-005,Dubai,CUST-06805,P007,Office Chair,Furniture,2,642.2,5,1284.4,64.22,1220.18,Apple Pay,Online,2026,9,September,9,Wednesday,False,1220.18,610.09
TXN-0039086,2026-09-09,DXB-001,Dubai,CUST-01143,P011,Notebook,Stationery,2,26.63,0,53.26,0.0,53.26,Card,Store,2026,9,September,9,Wednesday,False,53.26,26.63
TXN-0039102,2026-09-09,DXB-001,Dubai,CUST-04102,P003,Headphones,Electronics,3,356.44,0,1069.32,0.0,1069.32,Card,Store,2026,9,September,9,Wednesday,False,1069.32,356.44
TXN-0039262,2026-09-09,DXB-004,Dubai,CUST-03631,P007,Office Chair,Furniture,1,650.91,5,650.91,32.55,618.36,Cash,Store,2026,9,September,9,Wednesday,False,618.36,618.36
TXN-0039323,2026-09-09,DXB-002,Dubai,CUST-03871,P013,USB Drive,Accessories,1,49.35,15,49.35,7.4,41.95,Cash,Store,2026,9,September,9,Wednesday,False,41.95,41.95
TXN-0039338,2026-09-09,DXB-002,Dubai,CUST-07487,P007,Office Chair,Furniture,2,633.29,5,1266.58,63.33,1203.25,Bank Transfer,Online,2026,9,September,9,Wednesday,False,1203.25,601.62
TXN-0039350,2026-09-09,DXB-001,Dubai,CUST-06498,P007,Office Chair,Furniture,1,634.32,15,634.32,95.15,539.17,Apple Pay,Store,2026,9,September,9,Wednesday,False,539.17,539.17
TXN-0039460,2026-09-09,DXB-004,Dubai,CUST-05942,P005,Keyboard,Accessories,1,178.1,15,178.1,26.72,151.38,Apple Pay,Store,2026,9,September,9,Wednesday,False,151.38,151.38
TXN-0039504,2026-09-09,DXB-002,Dubai,CUST-07132,P013,USB Drive,Accessories,2,45.98,5,91.96,4.6,87.36,Bank Transfer,Online,2026,9,September,9,Wednesday,False,87.36,43.68
TXN-0039535,2026-09-09,DXB-005,Dubai,CUST-03444,P001,Laptop,Electronics,1,2629.97,15,2629.97,394.5,2235.47,Card,Store,2026,9,September,9,Wednesday,False,2235.47,2235.47
TXN-0039609,2026-09-09,DXB-003,Dubai,CUST-07174,P010,Printer,Office,2,779.85,0,1559.7,0.0,1559.7,Card,Store,2026,9,September,9,Wednesday,False,1559.7,779.85
TXN-0039627,2026-09-09,DXB-004,Dubai,CUST-04753,P011,Notebook,Stationery,2,23.11,0,46.22,0.0,46.22,Apple Pay,Store,2026,9,September,9,Wednesday,False,46.22,23.11
TXN-0039661,2026-09-09,DXB-002,Dubai,CUST-06692,P015,Tablet,Electronics,2,1239.92,5,2479.84,123.99,2355.85,Cash,Online,2026,9,September,9,Wednesday,False,2355.85,1177.92
TXN-0039752,2026-09-09,DXB-003,Dubai,CUST-01575,P002,Smartphone,Electronics,1,1737.73,5,1737.73,86.89,1650.84,Card,Store,2026,9,September,9,Wednesday,False,1650.84,1650.84
TXN-0039927,2026-09-09,DXB-004,Dubai,CUST-00090,P008,Desk,Furniture,6,873.26,5,5239.56,261.98,4977.58,Card,Online,2026,9,September,9,Wednesday,False,4977.58,829.6
TXN-0039971,2026-09-09,DXB-005,Dubai,CUST-01958,P006,Mouse,Accessories,2,91.48,0,182.96,0.0,182.96,Apple Pay,Store,2026,9,September,9,Wednesday,False,182.96,91.48
TXN-0040027,2026-09-09,DXB-004,Dubai,CUST-02572,P010,Printer,Office,3,673.52,10,2020.56,202.06,1818.5,Cash,Store,2026,9,September,9,Wednesday,False,1818.5,606.17
TXN-0040093,2026-09-09,DXB-004,Dubai,CUST-02060,P014,Power Bank,Electronics,1,136.64,0,136.64,0.0,136.64,Apple Pay,Online,2026,9,September,9,Wednesday,False,136.64,136.64
TXN-0040097,2026-09-09,DXB-004,Dubai,CUST-01909,P009,Backpack,Accessories,1,197.05,20,197.05,39.41,157.64,Card,Store,2026,9,September,9,Wednesday,False,157.64,157.64
TXN-0040292,2026-09-09,DXB-003,Dubai,CUST-03059,P010,Printer,Office,1,718.71,10,718.71,71.87,646.84,Card,Store,2026,9,September,9,Wednesday,False,646.84,646.84
TXN-0040310,2026-09-09,DXB-002,Dubai,CUST-07376,P005,Keyboard,Accessories,2,178.64,5,357.28,17.86,339.42,Card,Store,2026,9,September,9,Wednesday,False,339.42,169.71
TXN-0040400,2026-09-09,DXB-003,Dubai,CUST-07149,P004,Monitor,Electronics,1,892.57,10,892.57,89.26,803.31,Card,Store,2026,9,September,9,Wednesday,False,803.31,803.31
TXN-0040435,2026-09-09,DXB-003,Dubai,CUST-05510,P009,Backpack,Accessories,5,205.97,10,1029.85,102.98,926.87,Card,Store,2026,9,September,9,Wednesday,False,926.87,185.37
TXN-0040463,2026-09-09,DXB-003,Dubai,CUST-02969,P014,Power Bank,Electronics,2,137.44,10,274.88,27.49,247.39,Card,Store,2026,9,September,9,Wednesday,False,247.39,123.7
TXN-0040490,2026-09-09,DXB-001,Dubai,CUST-04890,P009,Backpack,Accessories,1,218.46,5,218.46,10.92,207.54,Card,Store,2026,9,September,9,Wednesday,False,207.54,207.54
TXN-0040623,2026-09-09,DXB-002,Dubai,CUST-03107,P001,Laptop,Electronics,2,2853.76,15,5707.52,856.13,4851.39,Cash,Online,2026,9,September,9,Wednesday,False,4851.39,2425.7
TXN-0040719,2026-09-09,DXB-002,Dubai,CUST-06586,P005,Keyboard,Accessories,1,189.61,5,189.61,9.48,180.13,Card,Online,2026,9,September,9,Wednesday,False,180.13,180.13
TXN-0040764,2026-09-09,DXB-002,Dubai,CUST-00034,P002,Smartphone,Electronics,4,1729.21,10,6916.84,691.68,6225.16,Bank Transfer,Store,2026,9,September,9,Wednesday,False,6225.16,1556.29
TXN-0040861,2026-09-09,DXB-003,Dubai,CUST-00423,P006,Mouse,Accessories,1,107.22,0,107.22,0.0,107.22,Card,Online,2026,9,September,9,Wednesday,False,107.22,107.22
TXN-0040931,2026-09-09,DXB-001,Dubai,CUST-00732,P013,USB Drive,Accessories,3,44.2,0,132.6,0.0,132.6,Bank Transfer,Store,2026,9,September,9,Wednesday,False,132.6,44.2
TXN-0040942,2026-09-09,DXB-003,Dubai,CUST-01595,P004,Monitor,Electronics,6,899.26,0,5395.56,0.0,5395.56,Card,Online,2026,9,September,9,Wednesday,False,5395.56,899.26
TXN-0040996,2026-09-09,DXB-002,Dubai,CUST-02080,P015,Tablet,Electronics,2,1148.05,10,2296.1,229.61,2066.49,Apple Pay,Store,2026,9,September,9,Wednesday,False,2066.49,1033.24
TXN-0040997,2026-09-09,DXB-004,Dubai,CUST-02880,P005,Keyboard,Accessories,3,182.18,0,546.54,0.0,546.54,Card,Online,2026,9,September,9,Wednesday,False,546.54,182.18
TXN-0041041,2026-09-09,DXB-004,Dubai,CUST-06563,P015,Tablet,Electronics,1,1239.43,5,1239.43,61.97,1177.46,Cash,Online,2026,9,September,9,Wednesday,False,1177.46,1177.46
TXN-0041087,2026-09-09,DXB-001,Dubai,CUST-05667,P009,Backpack,Accessories,2,216.34,5,432.68,21.63,411.05,Apple Pay,Online,2026,9,September,9,Wednesday,False,411.05,205.52
TXN-0041271,2026-09-09,DXB-001,Dubai,CUST-00567,P015,Tablet,Electronics,2,1251.98,5,2503.96,125.2,2378.76,Card,Store,2026,9,September,9,Wednesday,False,2378.76,1189.38
TXN-0041545,2026-09-09,DXB-002,Dubai,CUST-04371,P007,Office Chair,Furniture,1,699.36,10,699.36,69.94,629.42,Card,Store,2026,9,September,9,Wednesday,False,629.42,629.42
TXN-0041593,2026-09-09,DXB-002,Dubai,CUST-03079,P006,Mouse,Accessories,6,93.07,0,558.42,0.0,558.42,Card,Online,2026,9,September,9,Wednesday,False,558.42,93.07
TXN-0041761,2026-09-09,DXB-003,Dubai,CUST-03613,P015,Tablet,Electronics,1,1146.03,20,1146.03,229.21,916.82,Cash,Store,2026,9,September,9,Wednesday,False,916.82,916.82
TXN-0041930,2026-09-09,DXB-002,Dubai,CUST-07802,P006,Mouse,Accessories,4,97.09,5,388.36,19.42,368.94,Card,Store,2026,9,September,9,Wednesday,False,368.94,92.24
TXN-0041965,2026-09-09,DXB-005,Dubai,CUST-03125,P014,Power Bank,Electronics,3,150.08,0,450.24,0.0,450.24,Apple Pay,Store,2026,9,September,9,Wednesday,False,450.24,150.08
TXN-0042004,2026-09-09,DXB-002,Dubai,CUST-04574,P010,Printer,Office,1,745.94,10,745.94,74.59,671.35,Card,Store,2026,9,September,9,Wednesday,False,671.35,671.35
TXN-0042010,2026-09-09,DXB-002,Dubai,CUST-03908,P006,Mouse,Accessories,2,96.53,5,193.06,9.65,183.41,Card,Store,2026,9,September,9,Wednesday,False,183.41,91.7
TXN-0042103,2026-09-09,DXB-003,Dubai,CUST-07568,P009,Backpack,Accessories,3,227.88,5,683.64,34.18,649.46,Cash,Store,2026,9,September,9,Wednesday,False,649.46,216.49
TXN-0042132,2026-09-09,DXB-005,Dubai,CUST-04088,P014,Power Bank,Electronics,1,145.91,15,145.91,21.89,124.02,Cash,Online,2026,9,September,9,Wednesday,False,124.02,124.02
TXN-0042164,2026-09-09,DXB-005,Dubai,CUST-03545,P012,Pen Pack,Stationery,2,15.7,5,31.4,1.57,29.83,Cash,Store,2026,9,September,9,Wednesday,False,29.83,14.92
TXN-0042188,2026-09-09,DXB-003,Dubai,CUST-05150,P008,Desk,Furniture,2,817.98,5,1635.96,81.8,1554.16,Card,Online,2026,9,September,9,Wednesday,False,1554.16,777.08
TXN-0042213,2026-09-09,DXB-005,Dubai,CUST-00010,P005,Keyboard,Accessories,3,193.43,5,580.29,29.01,551.28,Apple Pay,Online,2026,9,September,9,Wednesday,False,551.28,183.76
TXN-0042432,2026-09-09,DXB-004,Dubai,CUST-04157,P003,Headphones,Electronics,1,384.93,0,384.93,0.0,384.93,Cash,Store,2026,9,September,9,Wednesday,False,384.93,384.93
TXN-0042574,2026-09-09,DXB-003,Dubai,CUST-07947,P014,Power Bank,Electronics,3,142.35,5,427.05,21.35,405.7,Bank Transfer,Store,2026,9,September,9,Wednesday,False,405.7,135.23
TXN-0042611,2026-09-09,DXB-004,Dubai,CUST-07088,P015,Tablet,Electronics,1,1199.56,5,1199.56,59.98,1139.58,Card,Online,2026,9,September,9,Wednesday,False,1139.58,1139.58
TXN-0042667,2026-09-09,DXB-002,Dubai,CUST-00296,P009,Backpack,Accessories,1,241.95,5,241.95,12.1,229.85,Cash,Store,2026,9,September,9,Wednesday,False,229.85,229.85
TXN-0042703,2026-09-09,DXB-004,Dubai,CUST-03703,P011,Notebook,Stationery,1,23.35,0,23.35,0.0,23.35,Bank Transfer,Store,2026,9,September,9,Wednesday,False,23.35,23.35
TXN-0042726,2026-09-09,DXB-001,Dubai,CUST-02033,P009,Backpack,Accessories,4,212.64,0,850.56,0.0,850.56,Apple Pay,Online,2026,9,September,9,Wednesday,False,850.56,212.64
TXN-0042762,2026-09-09,DXB-001,Dubai,CUST-07425,P004,Monitor,Electronics,2,873.24,10,1746.48,174.65,1571.83,Apple Pay,Store,2026,9,September,9,Wednesday,False,1571.83,785.92
TXN-0042849,2026-09-09,DXB-001,Dubai,CUST-04150,P006,Mouse,Accessories,1,99.81,10,99.81,9.98,89.83,Card,Store,2026,9,September,9,Wednesday,False,89.83,89.83
TXN-0042851,2026-09-09,DXB-001,Dubai,CUST-06102,P011,Notebook,Stationery,1,26.38,10,26.38,2.64,23.74,Card,Store,2026,9,September,9,Wednesday,False,23.74,23.74
TXN-0042862,2026-09-09,DXB-002,Dubai,CUST-04221,P014,Power Bank,Electronics,1,141.54,10,141.54,14.15,127.39,Apple Pay,Store,2026,9,September,9,Wednesday,False,127.39,127.39
TXN-0042889,2026-09-09,DXB-002,Dubai,CUST-00168,P003,Headphones,Electronics,1,343.0,20,343.0,68.6,274.4,Card,Store,2026,9,September,9,Wednesday,False,274.4,274.4
TXN-0042890,2026-09-09,DXB-001,Dubai,CUST-05097,P005,Keyboard,Accessories,1,194.1,20,194.1,38.82,155.28,Apple Pay,Online,2026,9,September,9,Wednesday,False,155.28,155.28
TXN-0042914,2026-09-09,DXB-003,Dubai,CUST-02495,P006,Mouse,Accessories,1,99.68,20,99.68,19.94,79.74,Apple Pay,Store,2026,9,September,9,Wednesday,False,79.74,79.74
TXN-0042941,2026-09-09,DXB-002,Dubai,CUST-04971,P004,Monitor,Electronics,2,877.36,15,1754.72,263.21,1491.51,Apple Pay,Store,2026,9,September,9,Wednesday,False,1491.51,745.76
TXN-0042998,2026-09-09,DXB-003,Dubai,CUST-05911,P006,Mouse,Accessories,1,100.48,0,100.48,0.0,100.48,Card,Store,2026,9,September,9,Wednesday,False,100.48,100.48
TXN-0043082,2026-09-09,DXB-001,Dubai,CUST-07982,P006,Mouse,Accessories,2,107.64,5,215.28,10.76,204.52,Bank Transfer,Store,2026,9,September,9,Wednesday,False,204.52,102.26
TXN-0043087,2026-09-09,DXB-005,Dubai,CUST-05214,P009,Backpack,Accessories,1,229.12,0,229.12,0.0,229.12,Card,Store,2026,9,September,9,Wednesday,False,229.12,229.12
TXN-0043130,2026-09-09,DXB-004,Dubai,CUST-00200,P011,Notebook,Stationery,3,22.99,20,68.97,13.79,55.18,Bank Transfer,Store,2026,9,September,9,Wednesday,False,55.18,18.39
TXN-0043156,2026-09-09,DXB-004,Dubai,CUST-02464,P008,Desk,Furniture,1,838.1,0,838.1,0.0,838.1,Cash,Store,2026,9,September,9,Wednesday,False,838.1,838.1
TXN-0043233,2026-09-09,DXB-001,Dubai,CUST-03721,P006,Mouse,Accessories,1,92.23,10,92.23,9.22,83.01,Apple Pay,Store,2026,9,September,9,Wednesday,False,83.01,83.01
TXN-0043376,2026-09-09,DXB-001,Dubai,CUST-04132,P012,Pen Pack,Stationery,1,14.47,5,14.47,0.72,13.75,Cash,Store,2026,9,September,9,Wednesday,False,13.75,13.75
TXN-0043392,2026-09-09,DXB-004,Dubai,CUST-02173,P003,Headphones,Electronics,1,363.36,10,363.36,36.34,327.02,Apple Pay,Store,2026,9,September,9,Wednesday,False,327.02,327.02
TXN-0043445,2026-09-09,DXB-001,Dubai,CUST-03759,P007,Office Chair,Furniture,1,625.99,5,625.99,31.3,594.69,Cash,Store,2026,9,September,9,Wednesday,False,594.69,594.69
TXN-0043535,2026-09-09,DXB-001,Dubai,CUST-05955,P013,USB Drive,Accessories,1,44.22,0,44.22,0.0,44.22,Card,Store,2026,9,September,9,Wednesday,False,44.22,44.22
TXN-0043567,2026-09-09,DXB-002,Dubai,CUST-04983,P015,Tablet,Electronics,3,1233.39,5,3700.17,185.01,3515.16,Card,Store,2026,9,September,9,Wednesday,False,3515.16,1171.72
TXN-0043604,2026-09-09,DXB-004,Dubai,CUST-00378,P005,Keyboard,Accessories,1,171.15,5,171.15,8.56,162.59,Card,Store,2026,9,September,9,Wednesday,False,162.59,162.59
TXN-0043613,2026-09-09,DXB-004,Dubai,CUST-04692,P015,Tablet,Electronics,4,1057.09,5,4228.36,211.42,4016.94,Card,Store,2026,9,September,9,Wednesday,False,4016.94,1004.24
TXN-0043682,2026-09-09,DXB-005,Dubai,CUST-04464,P010,Printer,Office,3,752.59,5,2257.77,112.89,2144.88,Card,Store,2026,9,September,9,Wednesday,False,2144.88,714.96
TXN-0043690,2026-09-09,DXB-005,Dubai,CUST-02397,P009,Backpack,Accessories,1,197.61,10,197.61,19.76,177.85,Card,Store,2026,9,September,9,Wednesday,False,177.85,177.85
TXN-0043704,2026-09-09,DXB-005,Dubai,CUST-00482,P014,Power Bank,Electronics,1,131.29,5,131.29,6.56,124.73,Apple Pay,Store,2026,9,September,9,Wednesday,False,124.73,124.73
TXN-0043758,2026-09-09,DXB-005,Dubai,CUST-01405,P007,Office Chair,Furniture,1,645.57,5,645.57,32.28,613.29,Bank Transfer,Store,2026,9,September,9,Wednesday,False,613.29,613.29
TXN-0043760,2026-09-09,DXB-005,Dubai,CUST-02194,P008,Desk,Furniture,1,874.29,10,874.29,87.43,786.86,Apple Pay,Store,2026,9,September,9,Wednesday,False,786.86,786.86
TXN-0043766,2026-09-09,DXB-003,Dubai,CUST-05951,P007,Office Chair,Furniture,2,669.46,5,1338.92,66.95,1271.97,Cash,Online,2026,9,September,9,Wednesday,False,1271.97,635.98
TXN-0043891,2026-09-09,DXB-001,Dubai,CUST-01639,P013,USB Drive,Accessories,1,46.62,10,46.62,4.66,41.96,Apple Pay,Store,2026,9,September,9,Wednesday,False,41.96,41.96
TXN-0043905,2026-09-09,DXB-003,Dubai,CUST-02137,P012,Pen Pack,Stationery,6,14.35,10,86.1,8.61,77.49,Cash,Store,2026,9,September,9,Wednesday,False,77.49,12.92
TXN-0043952,2026-09-09,DXB-001,Dubai,CUST-03816,P012,Pen Pack,Stationery,1,14.16,0,14.16,0.0,14.16,Card,Store,2026,9,September,9,Wednesday,False,14.16,14.16
TXN-0043997,2026-09-09,DXB-005,Dubai,CUST-06321,P009,Backpack,Accessories,2,225.46,5,450.92,22.55,428.37,Card,Online,2026,9,September,9,Wednesday,False,428.37,214.18
TXN-0044063,2026-09-09,DXB-001,Dubai,CUST-02244,P009,Backpack,Accessories,2,216.36,5,432.72,21.64,411.08,Cash,Store,2026,9,September,9,Wednesday,False,411.08,205.54
TXN-0044148,2026-09-09,DXB-003,Dubai,CUST-07418,P006,Mouse,Accessories,1,101.86,0,101.86,0.0,101.86,Card,Store,2026,9,September,9,Wednesday,False,101.86,101.86
TXN-0044162,2026-09-09,DXB-004,Dubai,CUST-02918,P014,Power Bank,Electronics,2,142.36,20,284.72,56.94,227.78,Apple Pay,Store,2026,9,September,9,Wednesday,False,227.78,113.89
TXN-0044224,2026-09-09,DXB-001,Dubai,CUST-02238,P004,Monitor,Electronics,1,908.61,5,908.61,45.43,863.18,Card,Store,2026,9,September,9,Wednesday,False,863.18,863.18
TXN-0044300,2026-09-09,DXB-004,Dubai,CUST-00892,P014,Power Bank,Electronics,3,133.11,15,399.33,59.9,339.43,Cash,Store,2026,9,September,9,Wednesday,False,339.43,113.14
TXN-0044339,2026-09-09,DXB-003,Dubai,CUST-01274,P009,Backpack,Accessories,1,222.76,0,222.76,0.0,222.76,Bank Transfer,Store,2026,9,September,9,Wednesday,False,222.76,222.76
TXN-0044366,2026-09-09,DXB-001,Dubai,CUST-07759,P008,Desk,Furniture,1,772.74,5,772.74,38.64,734.1,Cash,Store,2026,9,September,9,Wednesday,False,734.1,734.1
TXN-0044534,2026-09-09,DXB-002,Dubai,CUST-07325,P012,Pen Pack,Stationery,1,15.22,10,15.22,1.52,13.7,Bank Transfer,Store,2026,9,September,9,Wednesday,False,13.7,13.7
TXN-0044537,2026-09-09,DXB-001,Dubai,CUST-01233,P003,Headphones,Electronics,2,357.73,0,715.46,0.0,715.46,Card,Online,2026,9,September,9,Wednesday,False,715.46,357.73
TXN-0044595,2026-09-09,DXB-001,Dubai,CUST-03331,P010,Printer,Office,2,696.92,15,1393.84,209.08,1184.76,Cash,Online,2026,9,September,9,Wednesday,False,1184.76,592.38
TXN-0044713,2026-09-09,DXB-003,Dubai,CUST-05764,P011,Notebook,Stationery,2,24.7,20,49.4,9.88,39.52,Card,Store,2026,9,September,9,Wednesday,False,39.52,19.76
TXN-0044721,2026-09-09,DXB-005,Dubai,CUST-06107,P014,Power Bank,Electronics,3,145.72,10,437.16,43.72,393.44,Card,Store,2026,9,September,9,Wednesday,False,393.44,131.15
TXN-0044790,2026-09-09,DXB-003,Dubai,CUST-07477,P013,USB Drive,Accessories,1,42.39,15,42.39,6.36,36.03,Card,Store,2026,9,September,9,Wednesday,False,36.03,36.03
TXN-0044799,2026-09-09,DXB-003,Dubai,CUST-03084,P011,Notebook,Stationery,3,26.96,0,80.88,0.0,80.88,Card,Store,2026,9,September,9,Wednesday,False,80.88,26.96
TXN-0044833,2026-09-09,DXB-004,Dubai,CUST-04018,P005,Keyboard,Accessories,1,171.16,0,171.16,0.0,171.16,Apple Pay,Store,2026,9,September,9,Wednesday,False,171.16,171.16
TXN-0044978,2026-09-09,DXB-004,Dubai,CUST-06564,P015,Tablet,Electronics,1,1191.61,5,1191.61,59.58,1132.03,Bank Transfer,Store,2026,9,September,9,Wednesday,False,1132.03,1132.03
TXN-0045008,2026-09-09,DXB-002,Dubai,CUST-07168,P005,Keyboard,Accessories,1,166.53,10,166.53,16.65,149.88,Card,Store,2026,9,September,9,Wednesday,False,149.88,149.88
TXN-0045018,2026-09-09,DXB-001,Dubai,CUST-03717,P008,Desk,Furniture,1,706.37,5,706.37,35.32,671.05,Card,Store,2026,9,September,9,Wednesday,False,671.05,671.05
TXN-0045027,2026-09-09,DXB-001,Dubai,CUST-03924,P010,Printer,Office,2,710.56,0,1421.12,0.0,1421.12,Cash,Online,2026,9,September,9,Wednesday,False,1421.12,710.56
TXN-0045054,2026-09-09,DXB-002,Dubai,CUST-02705,P002,Smartphone,Electronics,1,1901.05,5,1901.05,95.05,1806.0,Card,Online,2026,9,September,9,Wednesday,False,1806.0,1806.0
TXN-0045092,2026-09-09,DXB-001,Dubai,CUST-06978,P001,Laptop,Electronics,1,2765.04,5,2765.04,138.25,2626.79,Card,Online,2026,9,September,9,Wednesday,False,2626.79,2626.79
TXN-0045193,2026-09-09,DXB-004,Dubai,CUST-05569,P003,Headphones,Electronics,1,354.85,10,354.85,35.48,319.37,Cash,Store,2026,9,September,9,Wednesday,False,319.37,319.37
TXN-0045217,2026-09-09,DXB-005,Dubai,CUST-03895,P006,Mouse,Accessories,1,109.28,0,109.28,0.0,109.28,Card,Online,2026,9,September,9,Wednesday,False,109.28,109.28
TXN-0045289,2026-09-09,DXB-005,Dubai,CUST-07197,P009,Backpack,Accessories,1,224.58,15,224.58,33.69,190.89,Cash,Store,2026,9,September,9,Wednesday,False,190.89,190.89
TXN-0045380,2026-09-09,DXB-002,Dubai,CUST-07329,P006,Mouse,Accessories,1,103.95,0,103.95,0.0,103.95,Cash,Online,2026,9,September,9,Wednesday,False,103.95,103.95
TXN-0045410,2026-09-09,DXB-004,Dubai,CUST-03171,P001,Laptop,Electronics,1,2780.07,5,2780.07,139.0,2641.07,Card,Store,2026,9,September,9,Wednesday,False,2641.07,2641.07
TXN-0045481,2026-09-09,DXB-001,Dubai,CUST-05689,P005,Keyboard,Accessories,1,178.68,0,178.68,0.0,178.68,Card,Store,2026,9,September,9,Wednesday,False,178.68,178.68
TXN-0045578,2026-09-09,DXB-003,Dubai,CUST-04104,P002,Smartphone,Electronics,2,1723.52,5,3447.04,172.35,3274.69,Cash,Online,2026,9,September,9,Wednesday,False,3274.69,1637.34
TXN-0045596,2026-09-09,DXB-001,Dubai,CUST-04357,P006,Mouse,Accessories,3,101.17,0,303.51,0.0,303.51,Card,Store,2026,9,September,9,Wednesday,False,303.51,101.17
TXN-0045625,2026-09-09,DXB-004,Dubai,CUST-02613,P001,Laptop,Electronics,3,2995.43,5,8986.29,449.31,8536.98,Cash,Online,2026,9,September,9,Wednesday,False,8536.98,2845.66
TXN-0045638,2026-09-09,DXB-004,Dubai,CUST-05073,P011,Notebook,Stationery,5,24.92,5,124.6,6.23,118.37,Bank Transfer,Store,2026,9,September,9,Wednesday,False,118.37,23.67
TXN-0045664,2026-09-09,DXB-004,Dubai,CUST-00116,P008,Desk,Furniture,1,823.74,0,823.74,0.0,823.74,Apple Pay,Store,2026,9,September,9,Wednesday,False,823.74,823.74
TXN-0045830,2026-09-09,DXB-004,Dubai,CUST-04159,P002,Smartphone,Electronics,1,1798.04,5,1798.04,89.9,1708.14,Card,Online,2026,9,September,9,Wednesday,False,1708.14,1708.14
TXN-0045861,2026-09-09,DXB-001,Dubai,CUST-05918,P008,Desk,Furniture,1,845.3,15,845.3,126.8,718.5,Cash,Store,2026,9,September,9,Wednesday,False,718.5,718.5
TXN-0045871,2026-09-09,DXB-001,Dubai,CUST-02253,P013,USB Drive,Accessories,1,47.18,0,47.18,0.0,47.18,Card,Online,2026,9,September,9,Wednesday,False,47.18,47.18
TXN-0045911,2026-09-09,DXB-004,Dubai,CUST-00750,P011,Notebook,Stationery,1,23.2,10,23.2,2.32,20.88,Card,Store,2026,9,September,9,Wednesday,False,20.88,20.88
TXN-0045914,2026-09-09,DXB-005,Dubai,CUST-04176,P011,Notebook,Stationery,1,24.09,5,24.09,1.2,22.89,Card,Store,2026,9,September,9,Wednesday,False,22.89,22.89
TXN-0045929,2026-09-09,DXB-004,Dubai,CUST-02766,P004,Monitor,Electronics,1,812.35,5,812.35,40.62,771.73,Bank Transfer,Store,2026,9,September,9,Wednesday,False,771.73,771.73
TXN-0045939,2026-09-09,DXB-003,Dubai,CUST-02009,P009,Backpack,Accessories,2,223.06,0,446.12,0.0,446.12,Bank Transfer,Store,2026,9,September,9,Wednesday,False,446.12,223.06
TXN-0045977,2026-09-09,DXB-003,Dubai,CUST-06494,P008,Desk,Furniture,1,745.65,20,745.65,149.13,596.52,Card,Store,2026,9,September,9,Wednesday,False,596.52,596.52
TXN-0045983,2026-09-09,DXB-001,Dubai,CUST-04515,P015,Tablet,Electronics,1,1354.56,0,1354.56,0.0,1354.56,Apple Pay,Store,2026,9,September,9,Wednesday,False,1354.56,1354.56
TXN-0046000,2026-09-09,DXB-001,Dubai,CUST-07874,P009,Backpack,Accessories,2,225.56,10,451.12,45.11,406.01,Card,Store,2026,9,September,9,Wednesday,False,406.01,203.0
TXN-0046028,2026-09-09,DXB-003,Dubai,CUST-01990,P010,Printer,Office,1,730.62,5,730.62,36.53,694.09,Card,Store,2026,9,September,9,Wednesday,False,694.09,694.09
TXN-0046149,2026-09-09,DXB-004,Dubai,CUST-00011,P013,USB Drive,Accessories,1,45.65,5,45.65,2.28,43.37,Apple Pay,Online,2026,9,September,9,Wednesday,False,43.37,43.37
TXN-0046176,2026-09-09,DXB-001,Dubai,CUST-06665,P002,Smartphone,Electronics,1,1786.45,10,1786.45,178.64,1607.81,Apple Pay,Store,2026,9,September,9,Wednesday,False,1607.81,1607.81
TXN-0046182,2026-09-09,DXB-005,Dubai,CUST-03295,P012,Pen Pack,Stationery,1,13.45,10,13.45,1.34,12.11,Apple Pay,Online,2026,9,September,9,Wednesday,False,12.11,12.11
TXN-0046248,2026-09-09,DXB-003,Dubai,CUST-03282,P008,Desk,Furniture,4,848.24,5,3392.96,169.65,3223.31,Card,Store,2026,9,September,9,Wednesday,False,3223.31,805.83
TXN-0046282,2026-09-09,DXB-004,Dubai,CUST-04968,P010,Printer,Office,3,775.12,15,2325.36,348.8,1976.56,Card,Store,2026,9,September,9,Wednesday,False,1976.56,658.85
TXN-0046303,2026-09-09,DXB-002,Dubai,CUST-05975,P005,Keyboard,Accessories,2,173.14,0,346.28,0.0,346.28,Card,Store,2026,9,September,9,Wednesday,False,346.28,173.14
TXN-0046459,2026-09-09,DXB-001,Dubai,CUST-03766,P014,Power Bank,Electronics,1,158.47,5,158.47,7.92,150.55,Cash,Store,2026,9,September,9,Wednesday,False,150.55,150.55
TXN-0046476,2026-09-09,DXB-005,Dubai,CUST-07777,P015,Tablet,Electronics,1,1207.2,5,1207.2,60.36,1146.84,Apple Pay,Store,2026,9,September,9,Wednesday,False,1146.84,1146.84
TXN-0046486,2026-09-09,DXB-001,Dubai,CUST-07406,P004,Monitor,Electronics,1,923.74,0,923.74,0.0,923.74,Apple Pay,Store,2026,9,September,9,Wednesday,False,923.74,923.74
TXN-0046488,2026-09-09,DXB-001,Dubai,CUST-05796,P005,Keyboard,Accessories,5,202.12,10,1010.6,101.06,909.54,Cash,Store,2026,9,September,9,Wednesday,False,909.54,181.91
TXN-0046543,2026-09-09,DXB-005,Dubai,CUST-03823,P004,Monitor,Electronics,1,964.17,0,964.17,0.0,964.17,Bank Transfer,Store,2026,9,September,9,Wednesday,False,964.17,964.17
TXN-0046688,2026-09-09,DXB-005,Dubai,CUST-05525,P015,Tablet,Electronics,2,1179.91,5,2359.82,117.99,2241.83,Card,Store,2026,9,September,9,Wednesday,False,2241.83,1120.92
TXN-0046730,2026-09-09,DXB-004,Dubai,CUST-02921,P010,Printer,Office,1,753.76,10,753.76,75.38,678.38,Card,Store,2026,9,September,9,Wednesday,False,678.38,678.38
TXN-0046755,2026-09-09,DXB-002,Dubai,CUST-01888,P001,Laptop,Electronics,1,2691.23,0,2691.23,0.0,2691.23,Apple Pay,Online,2026,9,September,9,Wednesday,False,2691.23,2691.23
TXN-0046814,2026-09-09,DXB-005,Dubai,CUST-05632,P007,Office Chair,Furniture,2,670.17,5,1340.34,67.02,1273.32,Cash,Store,2026,9,September,9,Wednesday,False,1273.32,636.66
TXN-0046840,2026-09-09,DXB-003,Dubai,CUST-07215,P009,Backpack,Accessories,3,235.69,5,707.07,35.35,671.72,Card,Store,2026,9,September,9,Wednesday,False,671.72,223.91
TXN-0046928,2026-09-09,DXB-003,Dubai,CUST-06543,P014,Power Bank,Electronics,3,152.1,5,456.3,22.82,433.48,Card,Store,2026,9,September,9,Wednesday,False,433.48,144.49
TXN-0046976,2026-09-09,DXB-001,Dubai,CUST-07375,P008,Desk,Furniture,1,863.57,0,863.57,0.0,863.57,Apple Pay,Store,2026,9,September,9,Wednesday,False,863.57,863.57
TXN-0046999,2026-09-09,DXB-002,Dubai,CUST-00708,P012,Pen Pack,Stationery,1,14.53,15,14.53,2.18,12.35,Apple Pay,Online,2026,9,September,9,Wednesday,False,12.35,12.35
TXN-0047080,2026-09-09,DXB-003,Dubai,CUST-02182,P010,Printer,Office,1,736.83,5,736.83,36.84,699.99,Cash,Store,2026,9,September,9,Wednesday,False,699.99,699.99
TXN-0047107,2026-09-09,DXB-001,Dubai,CUST-03991,P015,Tablet,Electronics,1,1177.34,5,1177.34,58.87,1118.47,Cash,Store,2026,9,September,9,Wednesday,False,1118.47,1118.47
TXN-0047137,2026-09-09,DXB-005,Dubai,CUST-01544,P011,Notebook,Stationery,1,23.72,20,23.72,4.74,18.98,Card,Store,2026,9,September,9,Wednesday,False,18.98,18.98
TXN-0047151,2026-09-09,DXB-005,Dubai,CUST-02725,P009,Backpack,Accessories,1,233.03,0,233.03,0.0,233.03,Card,Online,2026,9,September,9,Wednesday,False,233.03,233.03
TXN-0047232,2026-09-09,DXB-005,Dubai,CUST-05958,P001,Laptop,Electronics,5,2863.08,0,14315.4,0.0,14315.4,Apple Pay,Store,2026,9,September,9,Wednesday,False,14315.4,2863.08
TXN-0047240,2026-09-09,DXB-003,Dubai,CUST-05319,P011,Notebook,Stationery,2,24.82,5,49.64,2.48,47.16,Card,Store,2026,9,September,9,Wednesday,False,47.16,23.58
TXN-0047301,2026-09-09,DXB-004,Dubai,CUST-03799,P006,Mouse,Accessories,1,99.85,0,99.85,0.0,99.85,Bank Transfer,Store,2026,9,September,9,Wednesday,False,99.85,99.85
TXN-0047384,2026-09-09,DXB-005,Dubai,CUST-04157,P003,Headphones,Electronics,1,389.5,5,389.5,19.48,370.02,Card,Store,2026,9,September,9,Wednesday,False,370.02,370.02
TXN-0047396,2026-09-09,DXB-004,Dubai,CUST-00788,P007,Office Chair,Furniture,1,673.08,0,673.08,0.0,673.08,Card,Online,2026,9,September,9,Wednesday,False,673.08,673.08
TXN-0047517,2026-09-09,DXB-005,Dubai,CUST-02796,P007,Office Chair,Furniture,1,694.07,5,694.07,34.7,659.37,Card,Store,2026,9,September,9,Wednesday,False,659.37,659.37
TXN-0047591,2026-09-09,DXB-005,Dubai,CUST-07580,P002,Smartphone,Electronics,2,1992.65,5,3985.3,199.26,3786.04,Card,Store,2026,9,September,9,Wednesday,False,3786.04,1893.02
TXN-0047634,2026-09-09,DXB-001,Dubai,CUST-00232,P007,Office Chair,Furniture,2,697.96,5,1395.92,69.8,1326.12,Cash,Store,2026,9,September,9,Wednesday,False,1326.12,663.06
TXN-0047734,2026-09-09,DXB-004,Dubai,CUST-00522,P010,Printer,Office,1,638.43,0,638.43,0.0,638.43,Card,Store,2026,9,September,9,Wednesday,False,638.43,638.43
TXN-0048124,2026-09-09,DXB-004,Dubai,CUST-01136,P005,Keyboard,Accessories,1,194.57,5,194.57,9.73,184.84,Cash,Online,2026,9,September,9,Wednesday,False,184.84,184.84
TXN-0048140,2026-09-09,DXB-001,Dubai,CUST-01829,P004,Monitor,Electronics,1,813.07,15,813.07,121.96,691.11,Bank Transfer,Online,2026,9,September,9,Wednesday,False,691.11,691.11
TXN-0048169,2026-09-09,DXB-003,Dubai,CUST-07116,P004,Monitor,Electronics,5,827.71,10,4138.55,413.86,3724.69,Card,Store,2026,9,September,9,Wednesday,False,3724.69,744.94
TXN-0048193,2026-09-09,DXB-002,Dubai,CUST-02583,P003,Headphones,Electronics,1,296.59,15,296.59,44.49,252.1,Cash,Store,2026,9,September,9,Wednesday,False,252.1,252.1
TXN-0048314,2026-09-09,DXB-002,Dubai,CUST-01657,P003,Headphones,Electronics,1,348.24,10,348.24,34.82,313.42,Apple Pay,Online,2026,9,September,9,Wednesday,False,313.42,313.42
TXN-0048336,2026-09-09,DXB-004,Dubai,CUST-07439,P015,Tablet,Electronics,1,1173.97,20,1173.97,234.79,939.18,Card,Store,2026,9,September,9,Wednesday,False,939.18,939.18
TXN-0048504,2026-09-09,DXB-003,Dubai,CUST-05280,P003,Headphones,Electronics,3,328.49,5,985.47,49.27,936.2,Card,Online,2026,9,September,9,Wednesday,False,936.2,312.07
TXN-0048535,2026-09-09,DXB-005,Dubai,CUST-03456,P011,Notebook,Stationery,1,25.71,5,25.71,1.29,24.42,Bank Transfer,Online,2026,9,September,9,Wednesday,False,24.42,24.42
TXN-0048622,2026-09-09,DXB-001,Dubai,CUST-07691,P005,Keyboard,Accessories,1,180.1,0,180.1,0.0,180.1,Cash,Store,2026,9,September,9,Wednesday,False,180.1,180.1
TXN-0048633,2026-09-09,DXB-001,Dubai,CUST-01162,P009,Backpack,Accessories,1,218.96,5,218.96,10.95,208.01,Cash,Online,2026,9,September,9,Wednesday,False,208.01,208.01
TXN-0048695,2026-09-09,DXB-001,Dubai,CUST-01271,P009,Backpack,Accessories,1,229.8,0,229.8,0.0,229.8,Cash,Store,2026,9,September,9,Wednesday,False,229.8,229.8
TXN-0048756,2026-09-09,DXB-003,Dubai,CUST-06707,P010,Printer,Office,2,695.69,5,1391.38,69.57,1321.81,Apple Pay,Store,2026,9,September,9,Wednesday,False,1321.81,660.9
TXN-0048761,2026-09-09,DXB-001,Dubai,CUST-05471,P003,Headphones,Electronics,1,349.22,5,349.22,17.46,331.76,Cash,Store,2026,9,September,9,Wednesday,False,331.76,331.76
TXN-0048800,2026-09-09,DXB-005,Dubai,CUST-01785,P006,Mouse,Accessories,1,97.29,20,97.29,19.46,77.83,Apple Pay,Online,2026,9,September,9,Wednesday,False,77.83,77.83
TXN-0048801,2026-09-09,DXB-001,Dubai,CUST-06256,P010,Printer,Office,2,718.53,5,1437.06,71.85,1365.21,Card,Online,2026,9,September,9,Wednesday,False,1365.21,682.6
TXN-0048869,2026-09-09,DXB-002,Dubai,CUST-03418,P014,Power Bank,Electronics,3,124.54,15,373.62,56.04,317.58,Card,Store,2026,9,September,9,Wednesday,False,317.58,105.86
TXN-0048899,2026-09-09,DXB-003,Dubai,CUST-00832,P004,Monitor,Electronics,1,875.67,0,875.67,0.0,875.67,Card,Online,2026,9,September,9,Wednesday,False,875.67,875.67
TXN-0048910,2026-09-09,DXB-001,Dubai,CUST-00910,P014,Power Bank,Electronics,1,155.51,0,155.51,0.0,155.51,Cash,Store,2026,9,September,9,Wednesday,False,155.51,155.51
TXN-0048957,2026-09-09,DXB-004,Dubai,CUST-02653,P010,Printer,Office,1,753.62,0,753.62,0.0,753.62,Bank Transfer,Online,2026,9,September,9,Wednesday,False,753.62,753.62
TXN-0049055,2026-09-09,DXB-001,Dubai,CUST-02621,P005,Keyboard,Accessories,6,186.85,0,1121.1,0.0,1121.1,Cash,Store,2026,9,September,9,Wednesday,False,1121.1,186.85
TXN-0049080,2026-09-09,DXB-002,Dubai,CUST-01619,P007,Office Chair,Furniture,1,680.46,10,680.46,68.05,612.41,Card,Store,2026,9,September,9,Wednesday,False,612.41,612.41
TXN-0049168,2026-09-09,DXB-001,Dubai,CUST-00712,P011,Notebook,Stationery,4,25.17,10,100.68,10.07,90.61,Card,Online,2026,9,September,9,Wednesday,False,90.61,22.65
TXN-0049196,2026-09-09,DXB-003,Dubai,CUST-06939,P009,Backpack,Accessories,2,224.56,20,449.12,89.82,359.3,Card,Store,2026,9,September,9,Wednesday,False,359.3,179.65
TXN-0049281,2026-09-09,DXB-002,Dubai,CUST-04157,P001,Laptop,Electronics,1,2831.08,15,2831.08,424.66,2406.42,Card,Online,2026,9,September,9,Wednesday,False,2406.42,2406.42
TXN-0049296,2026-09-09,DXB-002,Dubai,CUST-00106,P012,Pen Pack,Stationery,2,14.28,0,28.56,0.0,28.56,Apple Pay,Online,2026,9,September,9,Wednesday,False,28.56,14.28
TXN-0049301,2026-09-09,DXB-004,Dubai,CUST-06342,P007,Office Chair,Furniture,2,610.69,15,1221.38,183.21,1038.17,Bank Transfer,Store,2026,9,September,9,Wednesday,False,1038.17,519.08
TXN-0049351,2026-09-09,DXB-004,Dubai,CUST-06105,P009,Backpack,Accessories,1,228.84,0,228.84,0.0,228.84,Apple Pay,Online,2026,9,September,9,Wednesday,False,228.84,228.84
TXN-0049368,2026-09-09,DXB-001,Dubai,CUST-02677,P001,Laptop,Electronics,3,2731.47,15,8194.41,1229.16,6965.25,Apple Pay,Store,2026,9,September,9,Wednesday,False,6965.25,2321.75
TXN-0049400,2026-09-09,DXB-002,Dubai,CUST-03481,P009,Backpack,Accessories,1,209.65,0,209.65,0.0,209.65,Card,Store,2026,9,September,9,Wednesday,False,209.65,209.65
TXN-0049506,2026-09-09,DXB-002,Dubai,CUST-05886,P013,USB Drive,Accessories,3,39.92,10,119.76,11.98,107.78,Cash,Store,2026,9,September,9,Wednesday,False,107.78,35.93
TXN-0049601,2026-09-09,DXB-001,Dubai,CUST-06054,P009,Backpack,Accessories,3,209.32,5,627.96,31.4,596.56,Card,Store,2026,9,September,9,Wednesday,False,596.56,198.85
TXN-0049611,2026-09-09,DXB-003,Dubai,CUST-00655,P008,Desk,Furniture,2,819.22,0,1638.44,0.0,1638.44,Cash,Online,2026,9,September,9,Wednesday,False,1638.44,819.22
TXN-0049673,2026-09-09,DXB-001,Dubai,CUST-00353,P007,Office Chair,Furniture,1,683.7,0,683.7,0.0,683.7,Cash,Online,2026,9,September,9,Wednesday,False,683.7,683.7
TXN-0049679,2026-09-09,DXB-002,Dubai,CUST-06750,P001,Laptop,Electronics,2,2789.46,10,5578.92,557.89,5021.03,Card,Store,2026,9,September,9,Wednesday,False,5021.03,2510.52
TXN-0049714,2026-09-09,DXB-002,Dubai,CUST-00515,P012,Pen Pack,Stationery,1,13.35,5,13.35,0.67,12.68,Card,Store,2026,9,September,9,Wednesday,False,12.68,12.68
TXN-0049746,2026-09-09,DXB-003,Dubai,CUST-05324,P015,Tablet,Electronics,1,1260.91,15,1260.91,189.14,1071.77,Cash,Store,2026,9,September,9,Wednesday,False,1071.77,1071.77
TXN-0049751,2026-09-09,DXB-004,Dubai,CUST-01607,P012,Pen Pack,Stationery,1,14.88,0,14.88,0.0,14.88,Card,Online,2026,9,September,9,Wednesday,False,14.88,14.88
TXN-0049753,2026-09-09,DXB-003,Dubai,CUST-02547,P006,Mouse,Accessories,1,99.09,15,99.09,14.86,84.23,Cash,Store,2026,9,September,9,Wednesday,False,84.23,84.23
TXN-0049878,2026-09-09,DXB-005,Dubai,CUST-05881,P004,Monitor,Electronics,1,970.75,0,970.75,0.0,970.75,Apple Pay,Store,2026,9,September,9,Wednesday,False,970.75,970.75
TXN-0049932,2026-09-09,DXB-005,Dubai,CUST-04697,P010,Printer,Office,2,654.71,15,1309.42,196.41,1113.01,Card,Store,2026,9,September,9,Wednesday,False,1113.01,556.5
TXN-0049984,2026-09-09,DXB-001,Dubai,CUST-00621,P013,USB Drive,Accessories,1,45.99,10,45.99,4.6,41.39,Cash,Online,2026,9,September,9,Wednesday,False,41.39,41.39
TXN-0050130,2026-09-09,DXB-005,Dubai,CUST-06121,P014,Power Bank,Electronics,1,152.87,0,152.87,0.0,152.87,Bank Transfer,Online,2026,9,September,9,Wednesday,False,152.87,152.87
TXN-0050189,2026-09-09,DXB-005,Dubai,CUST-03084,P004,Monitor,Electronics,3,943.54,5,2830.62,141.53,2689.09,Apple Pay,Store,2026,9,September,9,Wednesday,False,2689.09,896.36
TXN-0050193,2026-09-09,DXB-001,Dubai,CUST-05255,P009,Backpack,Accessories,1,220.69,0,220.69,0.0,220.69,Apple Pay,Store,2026,9,September,9,Wednesday,False,220.69,220.69
TXN-0050260,2026-09-09,DXB-005,Dubai,CUST-03076,P015,Tablet,Electronics,4,1104.22,10,4416.88,441.69,3975.19,Card,Store,2026,9,September,9,Wednesday,False,3975.19,993.8
TXN-0050315,2026-09-09,DXB-005,Dubai,CUST-07314,P010,Printer,Office,2,708.86,10,1417.72,141.77,1275.95,Bank Transfer,Store,2026,9,September,9,Wednesday,False,1275.95,637.98
TXN-0050410,2026-09-09,DXB-004,Dubai,CUST-05022,P013,USB Drive,Accessories,5,43.07,0,215.35,0.0,215.35,Apple Pay,Online,2026,9,September,9,Wednesday,False,215.35,43.07
TXN-0050474,2026-09-09,DXB-003,Dubai,CUST-05625,P004,Monitor,Electronics,1,920.24,10,920.24,92.02,828.22,Card,Store,2026,9,September,9,Wednesday,False,828.22,828.22
TXN-0050479,2026-09-09,DXB-002,Dubai,CUST-05618,P015,Tablet,Electronics,4,1187.05,15,4748.2,712.23,4035.97,Card,Store,2026,9,September,9,Wednesday,False,4035.97,1008.99
TXN-0050538,2026-09-09,DXB-003,Dubai,CUST-03634,P003,Headphones,Electronics,6,357.61,15,2145.66,321.85,1823.81,Card,Store,2026,9,September,9,Wednesday,False,1823.81,303.97
TXN-0050552,2026-09-09,DXB-002,Dubai,CUST-03003,P001,Laptop,Electronics,1,2815.11,0,2815.11,0.0,2815.11,Apple Pay,Store,2026,9,September,9,Wednesday,False,2815.11,2815.11
TXN-0050649,2026-09-09,DXB-005,Dubai,CUST-06148,P002,Smartphone,Electronics,2,1760.21,15,3520.42,528.06,2992.36,Apple Pay,Store,2026,9,September,9,Wednesday,False,2992.36,1496.18
TXN-0050699,2026-09-09,DXB-005,Dubai,CUST-04012,P012,Pen Pack,Stationery,2,14.64,0,29.28,0.0,29.28,Card,Online,2026,9,September,9,Wednesday,False,29.28,14.64
TXN-0050808,2026-09-09,DXB-001,Dubai,CUST-07092,P009,Backpack,Accessories,5,233.6,0,1168.0,0.0,1168.0,Card,Online,2026,9,September,9,Wednesday,False,1168.0,233.6
TXN-0050832,2026-09-09,DXB-001,Dubai,CUST-07279,P002,Smartphone,Electronics,4,1877.23,0,7508.92,0.0,7508.92,Cash,Store,2026,9,September,9,Wednesday,False,7508.92,1877.23
TXN-0050844,2026-09-09,DXB-003,Dubai,CUST-00320,P008,Desk,Furniture,1,749.74,0,749.74,0.0,749.74,Cash,Store,2026,9,September,9,Wednesday,False,749.74,749.74
TXN-0050924,2026-09-09,DXB-003,Dubai,CUST-04200,P015,Tablet,Electronics,1,1336.34,20,1336.34,267.27,1069.07,Apple Pay,Online,2026,9,September,9,Wednesday,False,1069.07,1069.07
TXN-0050927,2026-09-09,DXB-003,Dubai,CUST-05344,P003,Headphones,Electronics,2,356.97,5,713.94,35.7,678.24,Card,Online,2026,9,September,9,Wednesday,False,678.24,339.12
TXN-0051007,2026-09-09,DXB-005,Dubai,CUST-03934,P007,Office Chair,Furniture,1,681.62,10,681.62,68.16,613.46,Bank Transfer,Store,2026,9,September,9,Wednesday,False,613.46,613.46
TXN-0051087,2026-09-09,DXB-002,Dubai,CUST-06995,P015,Tablet,Electronics,1,1180.06,5,1180.06,59.0,1121.06,Card,Store,2026,9,September,9,Wednesday,False,1121.06,1121.06
TXN-0051114,2026-09-09,DXB-003,Dubai,CUST-07712,P015,Tablet,Electronics,1,1155.27,0,1155.27,0.0,1155.27,Apple Pay,Store,2026,9,September,9,Wednesday,False,1155.27,1155.27
TXN-0051270,2026-09-09,DXB-004,Dubai,CUST-04554,P010,Printer,Office,3,683.38,15,2050.14,307.52,1742.62,Apple Pay,Store,2026,9,September,9,Wednesday,False,1742.62,580.87
TXN-0051379,2026-09-09,DXB-004,Dubai,CUST-01391,P001,Laptop,Electronics,1,2783.17,5,2783.17,139.16,2644.01,Bank Transfer,Store,2026,9,September,9,Wednesday,False,2644.01,2644.01
TXN-0051396,2026-09-09,DXB-004,Dubai,CUST-02750,P008,Desk,Furniture,2,836.96,0,1673.92,0.0,1673.92,Apple Pay,Store,2026,9,September,9,Wednesday,False,1673.92,836.96
TXN-0051397,2026-09-09,DXB-001,Dubai,CUST-07321,P009,Backpack,Accessories,1,239.3,15,239.3,35.9,203.4,Apple Pay,Online,2026,9,September,9,Wednesday,False,203.4,203.4
TXN-0051400,2026-09-09,DXB-001,Dubai,CUST-00313,P011,Notebook,Stationery,4,26.78,0,107.12,0.0,107.12,Apple Pay,Store,2026,9,September,9,Wednesday,False,107.12,26.78
TXN-0051428,2026-09-09,DXB-001,Dubai,CUST-04186,P008,Desk,Furniture,1,798.34,5,798.34,39.92,758.42,Bank Transfer,Store,2026,9,September,9,Wednesday,False,758.42,758.42
TXN-0051483,2026-09-09,DXB-003,Dubai,CUST-00847,P009,Backpack,Accessories,2,237.8,0,475.6,0.0,475.6,Card,Store,2026,9,September,9,Wednesday,False,475.6,237.8
TXN-0051487,2026-09-09,DXB-001,Dubai,CUST-05443,P011,Notebook,Stationery,3,23.27,15,69.81,10.47,59.34,Card,Store,2026,9,September,9,Wednesday,False,59.34,19.78
TXN-0051553,2026-09-09,DXB-003,Dubai,CUST-05106,P012,Pen Pack,Stationery,4,15.2,15,60.8,9.12,51.68,Card,Store,2026,9,September,9,Wednesday,False,51.68,12.92
TXN-0051570,2026-09-09,DXB-002,Dubai,CUST-06614,P014,Power Bank,Electronics,2,138.85,0,277.7,0.0,277.7,Cash,Store,2026,9,September,9,Wednesday,False,277.7,138.85
TXN-0051656,2026-09-09,DXB-002,Dubai,CUST-06091,P010,Printer,Office,1,710.13,0,710.13,0.0,710.13,Card,Store,2026,9,September,9,Wednesday,False,710.13,710.13
TXN-0051709,2026-09-09,DXB-004,Dubai,CUST-01115,P008,Desk,Furniture,1,786.71,15,786.71,118.01,668.7,Apple Pay,Store,2026,9,September,9,Wednesday,False,668.7,668.7
TXN-0051790,2026-09-09,DXB-005,Dubai,CUST-02768,P004,Monitor,Electronics,1,974.37,0,974.37,0.0,974.37,Cash,Online,2026,9,September,9,Wednesday,False,974.37,974.37
TXN-0051795,2026-09-09,DXB-001,Dubai,CUST-03526,P004,Monitor,Electronics,1,933.4,0,933.4,0.0,933.4,Apple Pay,Store,2026,9,September,9,Wednesday,False,933.4,933.4
TXN-0051806,2026-09-09,DXB-005,Dubai,CUST-02400,P008,Desk,Furniture,2,795.07,15,1590.14,238.52,1351.62,Card,Store,2026,9,September,9,Wednesday,False,1351.62,675.81
TXN-0052093,2026-09-09,DXB-003,Dubai,CUST-01057,P015,Tablet,Electronics,1,1198.03,0,1198.03,0.0,1198.03,Card,Store,2026,9,September,9,Wednesday,False,1198.03,1198.03
TXN-0052106,2026-09-09,DXB-003,Dubai,CUST-04978,P010,Printer,Office,1,667.59,0,667.59,0.0,667.59,Apple Pay,Online,2026,9,September,9,Wednesday,False,667.59,667.59
TXN-0052199,2026-09-09,DXB-004,Dubai,CUST-00707,P015,Tablet,Electronics,1,1207.72,5,1207.72,60.39,1147.33,Apple Pay,Store,2026,9,September,9,Wednesday,False,1147.33,1147.33
TXN-0052205,2026-09-09,DXB-002,Dubai,CUST-06775,P008,Desk,Furniture,3,833.99,10,2501.97,250.2,2251.77,Card,Store,2026,9,September,9,Wednesday,False,2251.77,750.59
TXN-0052229,2026-09-09,DXB-002,Dubai,CUST-03881,P005,Keyboard,Accessories,2,184.64,0,369.28,0.0,369.28,Bank Transfer,Store,2026,9,September,9,Wednesday,False,369.28,184.64
TXN-0052238,2026-09-09,DXB-002,Dubai,CUST-02665,P001,Laptop,Electronics,1,2762.36,0,2762.36,0.0,2762.36,Card,Store,2026,9,September,9,Wednesday,False,2762.36,2762.36
TXN-0052250,2026-09-09,DXB-004,Dubai,CUST-00618,P014,Power Bank,Electronics,2,140.92,15,281.84,42.28,239.56,Card,Store,2026,9,September,9,Wednesday,False,239.56,119.78
TXN-0052268,2026-09-09,DXB-001,Dubai,CUST-06262,P012,Pen Pack,Stationery,1,14.88,0,14.88,0.0,14.88,Card,Store,2026,9,September,9,Wednesday,False,14.88,14.88
TXN-0052275,2026-09-09,DXB-001,Dubai,CUST-03214,P007,Office Chair,Furniture,1,609.19,20,609.19,121.84,487.35,Cash,Store,2026,9,September,9,Wednesday,False,487.35,487.35
TXN-0052325,2026-09-09,DXB-004,Dubai,CUST-05676,P014,Power Bank,Electronics,1,143.43,0,143.43,0.0,143.43,Card,Store,2026,9,September,9,Wednesday,False,143.43,143.43
TXN-0052340,2026-09-09,DXB-002,Dubai,CUST-01784,P006,Mouse,Accessories,1,101.68,5,101.68,5.08,96.6,Apple Pay,Online,2026,9,September,9,Wednesday,False,96.6,96.6
TXN-0052385,2026-09-09,DXB-001,Dubai,CUST-00251,P013,USB Drive,Accessories,1,46.6,15,46.6,6.99,39.61,Cash,Online,2026,9,September,9,Wednesday,False,39.61,39.61
TXN-0052391,2026-09-09,DXB-003,Dubai,CUST-01517,P014,Power Bank,Electronics,2,143.9,0,287.8,0.0,287.8,Card,Store,2026,9,September,9,Wednesday,False,287.8,143.9
TXN-0052495,2026-09-09,DXB-001,Dubai,CUST-02373,P003,Headphones,Electronics,2,330.08,10,660.16,66.02,594.14,Cash,Store,2026,9,September,9,Wednesday,False,594.14,297.07
TXN-0052589,2026-09-09,DXB-001,Dubai,CUST-06240,P003,Headphones,Electronics,1,355.4,15,355.4,53.31,302.09,Card,Store,2026,9,September,9,Wednesday,False,302.09,302.09
TXN-0052616,2026-09-09,DXB-002,Dubai,CUST-02016,P006,Mouse,Accessories,1,110.19,10,110.19,11.02,99.17,Cash,Store,2026,9,September,9,Wednesday,False,99.17,99.17
TXN-0052632,2026-09-09,DXB-001,Dubai,CUST-01956,P002,Smartphone,Electronics,1,1692.92,10,1692.92,169.29,1523.63,Card,Online,2026,9,September,9,Wednesday,False,1523.63,1523.63
TXN-0052774,2026-09-09,DXB-001,Dubai,CUST-04418,P003,Headphones,Electronics,3,329.77,5,989.31,49.47,939.84,Bank Transfer,Store,2026,9,September,9,Wednesday,False,939.84,313.28
TXN-0052838,2026-09-09,DXB-005,Dubai,CUST-02462,P014,Power Bank,Electronics,2,152.18,5,304.36,15.22,289.14,Cash,Store,2026,9,September,9,Wednesday,False,289.14,144.57
TXN-0052867,2026-09-09,DXB-004,Dubai,CUST-02053,P007,Office Chair,Furniture,2,683.92,0,1367.84,0.0,1367.84,Apple Pay,Online,2026,9,September,9,Wednesday,False,1367.84,683.92
TXN-0052974,2026-09-09,DXB-003,Dubai,CUST-02962,P012,Pen Pack,Stationery,1,16.07,10,16.07,1.61,14.46,Bank Transfer,Online,2026,9,September,9,Wednesday,False,14.46,14.46
TXN-0052981,2026-09-09,DXB-002,Dubai,CUST-07780,P003,Headphones,Electronics,2,366.39,0,732.78,0.0,732.78,Cash,Online,2026,9,September,9,Wednesday,False,732.78,366.39
TXN-0053001,2026-09-09,DXB-003,Dubai,CUST-07023,P007,Office Chair,Furniture,1,645.12,5,645.12,32.26,612.86,Card,Store,2026,9,September,9,Wednesday,False,612.86,612.86
TXN-0053042,2026-09-09,DXB-004,Dubai,CUST-05129,P013,USB Drive,Accessories,2,42.83,5,85.66,4.28,81.38,Card,Online,2026,9,September,9,Wednesday,False,81.38,40.69
TXN-0053044,2026-09-09,DXB-001,Dubai,CUST-01190,P005,Keyboard,Accessories,1,179.2,10,179.2,17.92,161.28,Bank Transfer,Online,2026,9,September,9,Wednesday,False,161.28,161.28
TXN-0053156,2026-09-09,DXB-002,Dubai,CUST-02686,P010,Printer,Office,3,684.02,10,2052.06,205.21,1846.85,Card,Store,2026,9,September,9,Wednesday,False,1846.85,615.62
TXN-0053158,2026-09-09,DXB-004,Dubai,CUST-02785,P003,Headphones,Electronics,3,365.54,0,1096.62,0.0,1096.62,Apple Pay,Store,2026,9,September,9,Wednesday,False,1096.62,365.54
TXN-0053379,2026-09-09,DXB-001,Dubai,CUST-04628,P013,USB Drive,Accessories,1,41.6,5,41.6,2.08,39.52,Card,Store,2026,9,September,9,Wednesday,False,39.52,39.52
TXN-0053461,2026-09-09,DXB-002,Dubai,CUST-04305,P014,Power Bank,Electronics,1,167.76,0,167.76,0.0,167.76,Apple Pay,Store,2026,9,September,9,Wednesday,False,167.76,167.76
TXN-0053468,2026-09-09,DXB-004,Dubai,CUST-03265,P001,Laptop,Electronics,1,2871.06,5,2871.06,143.55,2727.51,Card,Online,2026,9,September,9,Wednesday,False,2727.51,2727.51
TXN-0053568,2026-09-09,DXB-005,Dubai,CUST-07181,P008,Desk,Furniture,1,761.49,0,761.49,0.0,761.49,Card,Store,2026,9,September,9,Wednesday,False,761.49,761.49
TXN-0053622,2026-09-09,DXB-003,Dubai,CUST-02914,P002,Smartphone,Electronics,2,1904.84,0,3809.68,0.0,3809.68,Apple Pay,Store,2026,9,September,9,Wednesday,False,3809.68,1904.84
TXN-0053705,2026-09-09,DXB-005,Dubai,CUST-02650,P003,Headphones,Electronics,2,356.81,10,713.62,71.36,642.26,Apple Pay,Store,2026,9,September,9,Wednesday,False,642.26,321.13
TXN-0053812,2026-09-09,DXB-001,Dubai,CUST-02309,P006,Mouse,Accessories,2,103.27,5,206.54,10.33,196.21,Cash,Store,2026,9,September,9,Wednesday,False,196.21,98.1
TXN-0053813,2026-09-09,DXB-004,Dubai,CUST-03205,P003,Headphones,Electronics,2,342.79,0,685.58,0.0,685.58,Cash,Store,2026,9,September,9,Wednesday,False,685.58,342.79
TXN-0053864,2026-09-09,DXB-003,Dubai,CUST-02631,P004,Monitor,Electronics,5,985.01,0,4925.05,0.0,4925.05,Card,Store,2026,9,September,9,Wednesday,False,4925.05,985.01
TXN-0053880,2026-09-09,DXB-003,Dubai,CUST-06799,P009,Backpack,Accessories,2,239.28,0,478.56,0.0,478.56,Cash,Online,2026,9,September,9,Wednesday,False,478.56,239.28
TXN-0053891,2026-09-09,DXB-002,Dubai,CUST-06144,P008,Desk,Furniture,1,871.26,0,871.26,0.0,871.26,Card,Store,2026,9,September,9,Wednesday,False,871.26,871.26
TXN-0053981,2026-09-09,DXB-001,Dubai,CUST-07345,P005,Keyboard,Accessories,1,173.3,5,173.3,8.66,164.64,Apple Pay,Store,2026,9,September,9,Wednesday,False,164.64,164.64
TXN-0053996,2026-09-09,DXB-004,Dubai,CUST-03692,P010,Printer,Office,5,673.78,0,3368.9,0.0,3368.9,Card,Store,2026,9,September,9,Wednesday,False,3368.9,673.78
TXN-0054011,2026-09-09,DXB-004,Dubai,CUST-02722,P005,Keyboard,Accessories,2,179.25,0,358.5,0.0,358.5,Card,Store,2026,9,September,9,Wednesday,False,358.5,179.25
TXN-0054013,2026-09-09,DXB-001,Dubai,CUST-05600,P013,USB Drive,Accessories,2,44.37,10,88.74,8.87,79.87,Apple Pay,Online,2026,9,September,9,Wednesday,False,79.87,39.94
TXN-0054020,2026-09-09,DXB-001,Dubai,CUST-02415,P007,Office Chair,Furniture,4,649.6,0,2598.4,0.0,2598.4,Card,Store,2026,9,September,9,Wednesday,False,2598.4,649.6
TXN-0054115,2026-09-09,DXB-003,Dubai,CUST-05021,P014,Power Bank,Electronics,5,154.79,5,773.95,38.7,735.25,Cash,Store,2026,9,September,9,Wednesday,False,735.25,147.05
TXN-0054167,2026-09-09,DXB-001,Dubai,CUST-01053,P012,Pen Pack,Stationery,2,16.41,10,32.82,3.28,29.54,Bank Transfer,Store,2026,9,September,9,Wednesday,False,29.54,14.77
TXN-0054173,2026-09-09,DXB-001,Dubai,CUST-04128,P009,Backpack,Accessories,1,246.41,10,246.41,24.64,221.77,Bank Transfer,Store,2026,9,September,9,Wednesday,False,221.77,221.77
TXN-0054230,2026-09-09,DXB-004,Dubai,CUST-02816,P013,USB Drive,Accessories,1,45.46,10,45.46,4.55,40.91,Card,Store,2026,9,September,9,Wednesday,False,40.91,40.91
TXN-0054240,2026-09-09,DXB-002,Dubai,CUST-07814,P014,Power Bank,Electronics,2,142.48,0,284.96,0.0,284.96,Bank Transfer,Store,2026,9,September,9,Wednesday,False,284.96,142.48
TXN-0054254,2026-09-09,DXB-005,Dubai,CUST-00786,P012,Pen Pack,Stationery,3,16.07,0,48.21,0.0,48.21,Apple Pay,Store,2026,9,September,9,Wednesday,False,48.21,16.07
TXN-0054266,2026-09-09,DXB-005,Dubai,CUST-03887,P009,Backpack,Accessories,4,226.96,20,907.84,181.57,726.27,Card,Online,2026,9,September,9,Wednesday,False,726.27,181.57
TXN-0054285,2026-09-09,DXB-004,Dubai,CUST-06946,P015,Tablet,Electronics,3,1147.15,0,3441.45,0.0,3441.45,Apple Pay,Store,2026,9,September,9,Wednesday,False,3441.45,1147.15
TXN-0054314,2026-09-09,DXB-002,Dubai,CUST-04016,P002,Smartphone,Electronics,2,1738.01,0,3476.02,0.0,3476.02,Card,Store,2026,9,September,9,Wednesday,False,3476.02,1738.01
TXN-0054329,2026-09-09,DXB-003,Dubai,CUST-07422,P005,Keyboard,Accessories,1,187.88,10,187.88,18.79,169.09,Card,Store,2026,9,September,9,Wednesday,False,169.09,169.09
TXN-0054342,2026-09-09,DXB-001,Dubai,CUST-01507,P005,Keyboard,Accessories,2,181.35,5,362.7,18.14,344.56,Apple Pay,Store,2026,9,September,9,Wednesday,False,344.56,172.28
TXN-0054357,2026-09-09,DXB-003,Dubai,CUST-01632,P013,USB Drive,Accessories,1,45.6,10,45.6,4.56,41.04,Bank Transfer,Store,2026,9,September,9,Wednesday,False,41.04,41.04
TXN-0054358,2026-09-09,DXB-003,Dubai,CUST-07592,P005,Keyboard,Accessories,2,183.65,15,367.3,55.1,312.2,Cash,Online,2026,9,September,9,Wednesday,False,312.2,156.1
TXN-0054428,2026-09-09,DXB-001,Dubai,CUST-02418,P005,Keyboard,Accessories,1,169.23,10,169.23,16.92,152.31,Cash,Store,2026,9,September,9,Wednesday,False,152.31,152.31
TXN-0054505,2026-09-09,DXB-004,Dubai,CUST-01447,P006,Mouse,Accessories,1,91.94,0,91.94,0.0,91.94,Cash,Store,2026,9,September,9,Wednesday,False,91.94,91.94
TXN-0054518,2026-09-09,DXB-001,Dubai,CUST-00607,P007,Office Chair,Furniture,4,688.56,0,2754.24,0.0,2754.24,Cash,Store,2026,9,September,9,Wednesday,False,2754.24,688.56
TXN-0054535,2026-09-09,DXB-004,Dubai,CUST-03563,P014,Power Bank,Electronics,2,160.37,0,320.74,0.0,320.74,Cash,Store,2026,9,September,9,Wednesday,False,320.74,160.37
TXN-0054550,2026-09-09,DXB-004,Dubai,CUST-05569,P004,Monitor,Electronics,1,920.99,20,920.99,184.2,736.79,Cash,Store,2026,9,September,9,Wednesday,False,736.79,736.79
TXN-0054646,2026-09-09,DXB-004,Dubai,CUST-01055,P012,Pen Pack,Stationery,6,14.64,15,87.84,13.18,74.66,Card,Online,2026,9,September,9,Wednesday,False,74.66,12.44
TXN-0054684,2026-09-09,DXB-003,Dubai,CUST-01804,P005,Keyboard,Accessories,1,171.22,10,171.22,17.12,154.1,Card,Store,2026,9,September,9,Wednesday,False,154.1,154.1
TXN-0054710,2026-09-09,DXB-003,Dubai,CUST-05101,P015,Tablet,Electronics,1,1276.02,0,1276.02,0.0,1276.02,Bank Transfer,Store,2026,9,September,9,Wednesday,False,1276.02,1276.02
TXN-0054739,2026-09-09,DXB-005,Dubai,CUST-01564,P008,Desk,Furniture,1,727.69,5,727.69,36.38,691.31,Bank Transfer,Store,2026,9,September,9,Wednesday,False,691.31,691.31
TXN-0054847,2026-09-09,DXB-003,Dubai,CUST-04262,P011,Notebook,Stationery,2,26.38,0,52.76,0.0,52.76,Card,Store,2026,9,September,9,Wednesday,False,52.76,26.38
TXN-0054851,2026-09-09,DXB-002,Dubai,CUST-03119,P014,Power Bank,Electronics,1,138.46,0,138.46,0.0,138.46,Apple Pay,Store,2026,9,September,9,Wednesday,False,138.46,138.46
TXN-0054928,2026-09-09,DXB-001,Dubai,CUST-07223,P003,Headphones,Electronics,4,365.13,10,1460.52,146.05,1314.47,Card,Online,2026,9,September,9,Wednesday,False,1314.47,328.62
TXN-0054946,2026-09-09,DXB-005,Dubai,CUST-00021,P002,Smartphone,Electronics,3,1825.47,10,5476.41,547.64,4928.77,Cash,Store,2026,9,September,9,Wednesday,False,4928.77,1642.92
TXN-0054952,2026-09-09,DXB-001,Dubai,CUST-01478,P014,Power Bank,Electronics,1,160.16,20,160.16,32.03,128.13,Cash,Store,2026,9,September,9,Wednesday,False,128.13,128.13
TXN-0055155,2026-09-09,DXB-004,Dubai,CUST-02881,P005,Keyboard,Accessories,1,175.58,10,175.58,17.56,158.02,Card,Store,2026,9,September,9,Wednesday,False,158.02,158.02
TXN-0055160,2026-09-09,DXB-005,Dubai,CUST-05894,P014,Power Bank,Electronics,2,150.91,0,301.82,0.0,301.82,Apple Pay,Online,2026,9,September,9,Wednesday,False,301.82,150.91
TXN-0055182,2026-09-09,DXB-001,Dubai,CUST-02815,P009,Backpack,Accessories,1,203.06,5,203.06,10.15,192.91,Apple Pay,Store,2026,9,September,9,Wednesday,False,192.91,192.91
TXN-0055185,2026-09-09,DXB-001,Dubai,CUST-04715,P009,Backpack,Accessories,1,233.93,15,233.93,35.09,198.84,Apple Pay,Store,2026,9,September,9,Wednesday,False,198.84,198.84
TXN-0055204,2026-09-09,DXB-002,Dubai,CUST-07779,P014,Power Bank,Electronics,2,155.38,0,310.76,0.0,310.76,Apple Pay,Store,2026,9,September,9,Wednesday,False,310.76,155.38
TXN-0055215,2026-09-09,DXB-001,Dubai,CUST-05594,P015,Tablet,Electronics,6,1168.47,5,7010.82,350.54,6660.28,Apple Pay,Store,2026,9,September,9,Wednesday,False,6660.28,1110.05
TXN-0055234,2026-09-09,DXB-002,Dubai,CUST-02501,P005,Keyboard,Accessories,1,178.3,0,178.3,0.0,178.3,Card,Store,2026,9,September,9,Wednesday,False,178.3,178.3
TXN-0055349,2026-09-09,DXB-003,Dubai,CUST-01792,P012,Pen Pack,Stationery,1,15.12,5,15.12,0.76,14.36,Card,Online,2026,9,September,9,Wednesday,False,14.36,14.36
TXN-0055353,2026-09-09,DXB-001,Dubai,CUST-04566,P010,Printer,Office,4,723.12,10,2892.48,289.25,2603.23,Card,Store,2026,9,September,9,Wednesday,False,2603.23,650.81
TXN-0055436,2026-09-09,DXB-002,Dubai,CUST-05625,P009,Backpack,Accessories,1,209.28,15,209.28,31.39,177.89,Card,Store,2026,9,September,9,Wednesday,False,177.89,177.89
TXN-0055530,2026-09-09,DXB-005,Dubai,CUST-06537,P002,Smartphone,Electronics,1,1743.4,0,1743.4,0.0,1743.4,Card,Store,2026,9,September,9,Wednesday,False,1743.4,1743.4
TXN-0055557,2026-09-09,DXB-003,Dubai,CUST-06418,P014,Power Bank,Electronics,2,145.65,15,291.3,43.7,247.6,Card,Store,2026,9,September,9,Wednesday,False,247.6,123.8
TXN-0055618,2026-09-09,DXB-001,Dubai,CUST-05582,P001,Laptop,Electronics,1,2572.47,0,2572.47,0.0,2572.47,Cash,Store,2026,9,September,9,Wednesday,False,2572.47,2572.47
TXN-0055696,2026-09-09,DXB-003,Dubai,CUST-03349,P009,Backpack,Accessories,3,205.6,10,616.8,61.68,555.12,Card,Store,2026,9,September,9,Wednesday,False,555.12,185.04
TXN-0055788,2026-09-09,DXB-002,Dubai,CUST-04199,P015,Tablet,Electronics,1,1308.64,20,1308.64,261.73,1046.91,Cash,Online,2026,9,September,9,Wednesday,False,1046.91,1046.91
TXN-0055980,2026-09-09,DXB-004,Dubai,CUST-06168,P004,Monitor,Electronics,2,832.11,15,1664.22,249.63,1414.59,Card,Online,2026,9,September,9,Wednesday,False,1414.59,707.3
TXN-0056073,2026-09-09,DXB-005,Dubai,CUST-05734,P007,Office Chair,Furniture,3,657.25,15,1971.75,295.76,1675.99,Card,Online,2026,9,September,9,Wednesday,False,1675.99,558.66
TXN-0056548,2026-09-09,DXB-003,Dubai,CUST-03532,P008,Desk,Furniture,2,756.0,5,1512.0,75.6,1436.4,Card,Store,2026,9,September,9,Wednesday,False,1436.4,718.2
TXN-0056645,2026-09-09,DXB-005,Dubai,CUST-04069,P014,Power Bank,Electronics,1,143.67,0,143.67,0.0,143.67,Card,Store,2026,9,September,9,Wednesday,False,143.67,143.67
TXN-0056743,2026-09-09,DXB-003,Dubai,CUST-02685,P013,USB Drive,Accessories,1,38.84,0,38.84,0.0,38.84,Apple Pay,Online,2026,9,September,9,Wednesday,False,38.84,38.84
TXN-0056768,2026-09-09,DXB-005,Dubai,CUST-04224,P015,Tablet,Electronics,2,1147.47,0,2294.94,0.0,2294.94,Card,Store,2026,9,September,9,Wednesday,False,2294.94,1147.47
TXN-0056790,2026-09-09,DXB-003,Dubai,CUST-01131,P014,Power Bank,Electronics,2,152.6,0,305.2,0.0,305.2,Card,Store,2026,9,September,9,Wednesday,False,305.2,152.6
TXN-0056849,2026-09-09,DXB-001,Dubai,CUST-00379,P011,Notebook,Stationery,2,23.35,10,46.7,4.67,42.03,Card,Online,2026,9,September,9,Wednesday,False,42.03,21.02
TXN-0056858,2026-09-09,DXB-003,Dubai,CUST-04095,P008,Desk,Furniture,1,852.58,5,852.58,42.63,809.95,Cash,Store,2026,9,September,9,Wednesday,False,809.95,809.95
TXN-0056960,2026-09-09,DXB-005,Dubai,CUST-07727,P010,Printer,Office,5,668.61,5,3343.05,167.15,3175.9,Apple Pay,Online,2026,9,September,9,Wednesday,False,3175.9,635.18
TXN-0056967,2026-09-09,DXB-001,Dubai,CUST-00040,P003,Headphones,Electronics,1,314.38,0,314.38,0.0,314.38,Apple Pay,Store,2026,9,September,9,Wednesday,False,314.38,314.38
TXN-0057001,2026-09-09,DXB-002,Dubai,CUST-05604,P012,Pen Pack,Stationery,1,14.66,5,14.66,0.73,13.93,Apple Pay,Store,2026,9,September,9,Wednesday,False,13.93,13.93
TXN-0057006,2026-09-09,DXB-001,Dubai,CUST-06621,P013,USB Drive,Accessories,2,47.77,0,95.54,0.0,95.54,Card,Online,2026,9,September,9,Wednesday,False,95.54,47.77
TXN-0057029,2026-09-09,DXB-005,Dubai,CUST-03728,P008,Desk,Furniture,2,798.44,20,1596.88,319.38,1277.5,Apple Pay,Store,2026,9,September,9,Wednesday,False,1277.5,638.75
TXN-0057081,2026-09-09,DXB-002,Dubai,CUST-05047,P005,Keyboard,Accessories,2,187.97,5,375.94,18.8,357.14,Cash,Store,2026,9,September,9,Wednesday,False,357.14,178.57
TXN-0057170,2026-09-09,DXB-004,Dubai,CUST-04192,P004,Monitor,Electronics,1,943.37,20,943.37,188.67,754.7,Card,Store,2026,9,September,9,Wednesday,False,754.7,754.7
TXN-0057174,2026-09-09,DXB-004,Dubai,CUST-02929,P011,Notebook,Stationery,1,27.03,0,27.03,0.0,27.03,Bank Transfer,Store,2026,9,September,9,Wednesday,False,27.03,27.03
TXN-0057188,2026-09-09,DXB-003,Dubai,CUST-02619,P001,Laptop,Electronics,2,2787.48,5,5574.96,278.75,5296.21,Card,Store,2026,9,September,9,Wednesday,False,5296.21,2648.1
TXN-0057216,2026-09-09,DXB-003,Dubai,CUST-03923,P001,Laptop,Electronics,1,2916.8,0,2916.8,0.0,2916.8,Cash,Store,2026,9,September,9,Wednesday,False,2916.8,2916.8
TXN-0057330,2026-09-09,DXB-005,Dubai,CUST-04782,P009,Backpack,Accessories,2,233.42,10,466.84,46.68,420.16,Card,Store,2026,9,September,9,Wednesday,False,420.16,210.08
TXN-0057433,2026-09-09,DXB-002,Dubai,CUST-02118,P011,Notebook,Stationery,1,25.79,0,25.79,0.0,25.79,Card,Store,2026,9,September,9,Wednesday,False,25.79,25.79
TXN-0057481,2026-09-09,DXB-001,Dubai,CUST-01287,P015,Tablet,Electronics,1,1116.01,0,1116.01,0.0,1116.01,Bank Transfer,Store,2026,9,September,9,Wednesday,False,1116.01,1116.01
TXN-0057504,2026-09-09,DXB-002,Dubai,CUST-00741,P014,Power Bank,Electronics,1,162.27,0,162.27,0.0,162.27,Cash,Store,2026,9,September,9,Wednesday,False,162.27,162.27
TXN-0057507,2026-09-09,DXB-002,Dubai,CUST-04474,P006,Mouse,Accessories,2,93.97,15,187.94,28.19,159.75,Cash,Online,2026,9,September,9,Wednesday,False,159.75,79.88
TXN-0057526,2026-09-09,DXB-005,Dubai,CUST-00107,P010,Printer,Office,2,729.54,0,1459.08,0.0,1459.08,Bank Transfer,Store,2026,9,September,9,Wednesday,False,1459.08,729.54
TXN-0058059,2026-09-09,DXB-005,Dubai,CUST-04300,P013,USB Drive,Accessories,2,47.8,5,95.6,4.78,90.82,Cash,Store,2026,9,September,9,Wednesday,False,90.82,45.41
TXN-0058075,2026-09-09,DXB-005,Dubai,CUST-02184,P010,Printer,Office,1,777.85,5,777.85,38.89,738.96,Apple Pay,Online,2026,9,September,9,Wednesday,False,738.96,738.96
TXN-0058105,2026-09-09,DXB-004,Dubai,CUST-02107,P010,Printer,Office,3,666.28,5,1998.84,99.94,1898.9,Cash,Store,2026,9,September,9,Wednesday,False,1898.9,632.97
TXN-0058202,2026-09-09,DXB-005,Dubai,CUST-04515,P005,Keyboard,Accessories,3,153.22,0,459.66,0.0,459.66,Cash,Online,2026,9,September,9,Wednesday,False,459.66,153.22
TXN-0058271,2026-09-09,DXB-002,Dubai,CUST-01470,P008,Desk,Furniture,2,752.88,0,1505.76,0.0,1505.76,Apple Pay,Store,2026,9,September,9,Wednesday,False,1505.76,752.88
TXN-0058304,2026-09-09,DXB-001,Dubai,CUST-07492,P006,Mouse,Accessories,1,98.91,0,98.91,0.0,98.91,Card,Store,2026,9,September,9,Wednesday,False,98.91,98.91
TXN-0058309,2026-09-09,DXB-002,Dubai,CUST-04043,P013,USB Drive,Accessories,1,42.87,5,42.87,2.14,40.73,Cash,Store,2026,9,September,9,Wednesday,False,40.73,40.73
TXN-0058363,2026-09-09,DXB-001,Dubai,CUST-02185,P005,Keyboard,Accessories,2,186.93,5,373.86,18.69,355.17,Card,Store,2026,9,September,9,Wednesday,False,355.17,177.58
TXN-0058471,2026-09-09,DXB-005,Dubai,CUST-04927,P002,Smartphone,Electronics,3,1859.62,0,5578.86,0.0,5578.86,Cash,Store,2026,9,September,9,Wednesday,False,5578.86,1859.62
TXN-0058487,2026-09-09,DXB-001,Dubai,CUST-03376,P011,Notebook,Stationery,3,25.55,5,76.65,3.83,72.82,Card,Store,2026,9,September,9,Wednesday,False,72.82,24.27
TXN-0058594,2026-09-09,DXB-003,Dubai,CUST-06111,P008,Desk,Furniture,1,854.62,10,854.62,85.46,769.16,Bank Transfer,Online,2026,9,September,9,Wednesday,False,769.16,769.16
TXN-0058653,2026-09-09,DXB-001,Dubai,CUST-01510,P011,Notebook,Stationery,1,26.0,0,26.0,0.0,26.0,Cash,Online,2026,9,September,9,Wednesday,False,26.0,26.0
TXN-0058663,2026-09-09,DXB-005,Dubai,CUST-06948,P008,Desk,Furniture,1,813.5,10,813.5,81.35,732.15,Apple Pay,Store,2026,9,September,9,Wednesday,False,732.15,732.15
TXN-0058668,2026-09-09,DXB-003,Dubai,CUST-01219,P007,Office Chair,Furniture,1,660.27,10,660.27,66.03,594.24,Cash,Store,2026,9,September,9,Wednesday,False,594.24,594.24
TXN-0058715,2026-09-09,DXB-003,Dubai,CUST-00066,P009,Backpack,Accessories,1,225.61,15,225.61,33.84,191.77,Card,Store,2026,9,September,9,Wednesday,False,191.77,191.77
TXN-0058718,2026-09-09,DXB-002,Dubai,CUST-01333,P001,Laptop,Electronics,2,2801.62,5,5603.24,280.16,5323.08,Card,Online,2026,9,September,9,Wednesday,False,5323.08,2661.54
TXN-0058829,2026-09-09,DXB-002,Dubai,CUST-03729,P015,Tablet,Electronics,3,1107.07,0,3321.21,0.0,3321.21,Card,Store,2026,9,September,9,Wednesday,False,3321.21,1107.07
TXN-0058854,2026-09-09,DXB-004,Dubai,CUST-06529,P006,Mouse,Accessories,1,93.77,15,93.77,14.07,79.7,Cash,Store,2026,9,September,9,Wednesday,False,79.7,79.7
TXN-0058887,2026-09-09,DXB-003,Dubai,CUST-01395,P014,Power Bank,Electronics,1,155.09,10,155.09,15.51,139.58,Apple Pay,Store,2026,9,September,9,Wednesday,False,139.58,139.58
TXN-0058904,2026-09-09,DXB-002,Dubai,CUST-02879,P001,Laptop,Electronics,1,2815.94,15,2815.94,422.39,2393.55,Cash,Store,2026,9,September,9,Wednesday,False,2393.55,2393.55
TXN-0059028,2026-09-09,DXB-004,Dubai,CUST-03457,P009,Backpack,Accessories,2,234.31,5,468.62,23.43,445.19,Card,Online,2026,9,September,9,Wednesday,False,445.19,222.6
TXN-0059049,2026-09-09,DXB-003,Dubai,CUST-01545,P012,Pen Pack,Stationery,1,14.31,20,14.31,2.86,11.45,Cash,Online,2026,9,September,9,Wednesday,False,11.45,11.45
TXN-0059059,2026-09-09,DXB-003,Dubai,CUST-02795,P001,Laptop,Electronics,2,2876.93,15,5753.86,863.08,4890.78,Card,Store,2026,9,September,9,Wednesday,False,4890.78,2445.39
TXN-0059091,2026-09-09,DXB-004,Dubai,CUST-06021,P008,Desk,Furniture,1,853.38,0,853.38,0.0,853.38,Bank Transfer,Online,2026,9,September,9,Wednesday,False,853.38,853.38
TXN-0059167,2026-09-09,DXB-005,Dubai,CUST-06702,P008,Desk,Furniture,2,788.43,5,1576.86,78.84,1498.02,Card,Store,2026,9,September,9,Wednesday,False,1498.02,749.01
TXN-0059201,2026-09-09,DXB-003,Dubai,CUST-01890,P015,Tablet,Electronics,4,1360.71,10,5442.84,544.28,4898.56,Card,Store,2026,9,September,9,Wednesday,False,4898.56,1224.64
TXN-0059248,2026-09-09,DXB-002,Dubai,CUST-03881,P001,Laptop,Electronics,1,2989.82,15,2989.82,448.47,2541.35,Cash,Store,2026,9,September,9,Wednesday,False,2541.35,2541.35
TXN-0059296,2026-09-09,DXB-002,Dubai,CUST-05967,P009,Backpack,Accessories,2,218.69,10,437.38,43.74,393.64,Apple Pay,Store,2026,9,September,9,Wednesday,False,393.64,196.82
TXN-0059299,2026-09-09,DXB-003,Dubai,CUST-07477,P010,Printer,Office,1,748.02,10,748.02,74.8,673.22,Card,Online,2026,9,September,9,Wednesday,False,673.22,673.22
TXN-0059314,2026-09-09,DXB-005,Dubai,CUST-05958,P002,Smartphone,Electronics,1,1635.43,0,1635.43,0.0,1635.43,Card,Store,2026,9,September,9,Wednesday,False,1635.43,1635.43
TXN-0059330,2026-09-09,DXB-004,Dubai,CUST-06569,P004,Monitor,Electronics,1,935.03,0,935.03,0.0,935.03,Cash,Online,2026,9,September,9,Wednesday,False,935.03,935.03
TXN-0059459,2026-09-09,DXB-003,Dubai,CUST-04552,P008,Desk,Furniture,1,849.58,10,849.58,84.96,764.62,Cash,Online,2026,9,September,9,Wednesday,False,764.62,764.62
TXN-0059567,2026-09-09,DXB-004,Dubai,CUST-06195,P014,Power Bank,Electronics,6,134.07,10,804.42,80.44,723.98,Cash,Store,2026,9,September,9,Wednesday,False,723.98,120.66
TXN-0059576,2026-09-09,DXB-004,Dubai,CUST-07464,P002,Smartphone,Electronics,2,1895.29,0,3790.58,0.0,3790.58,Card,Online,2026,9,September,9,Wednesday,False,3790.58,1895.29
TXN-0059692,2026-09-09,DXB-004,Dubai,CUST-01775,P006,Mouse,Accessories,1,95.43,5,95.43,4.77,90.66,Card,Store,2026,9,September,9,Wednesday,False,90.66,90.66
TXN-0059718,2026-09-09,DXB-001,Dubai,CUST-07017,P011,Notebook,Stationery,1,24.92,10,24.92,2.49,22.43,Apple Pay,Store,2026,9,September,9,Wednesday,False,22.43,22.43
TXN-0059732,2026-09-09,DXB-003,Dubai,CUST-04678,P013,USB Drive,Accessories,4,42.26,10,169.04,16.9,152.14,Card,Online,2026,9,September,9,Wednesday,False,152.14,38.03
TXN-0059782,2026-09-09,DXB-001,Dubai,CUST-04584,P010,Printer,Office,3,745.57,0,2236.71,0.0,2236.71,Card,Online,2026,9,September,9,Wednesday,False,2236.71,745.57
TXN-0059804,2026-09-09,DXB-002,Dubai,CUST-04714,P007,Office Chair,Furniture,1,713.3,0,713.3,0.0,713.3,Apple Pay,Store,2026,9,September,9,Wednesday,False,713.3,713.3
TXN-0059830,2026-09-09,DXB-002,Dubai,CUST-02298,P011,Notebook,Stationery,3,27.51,0,82.53,0.0,82.53,Card,Store,2026,9,September,9,Wednesday,False,82.53,27.51
TXN-0059833,2026-09-09,DXB-004,Dubai,CUST-02482,P007,Office Chair,Furniture,1,647.2,5,647.2,32.36,614.84,Apple Pay,Store,2026,9,September,9,Wednesday,False,614.84,614.84
TXN-0059844,2026-09-09,DXB-005,Dubai,CUST-05137,P007,Office Chair,Furniture,6,651.72,5,3910.32,195.52,3714.8,Apple Pay,Store,2026,9,September,9,Wednesday,False,3714.8,619.13
TXN-0059851,2026-09-09,DXB-004,Dubai,CUST-07351,P003,Headphones,Electronics,3,309.22,15,927.66,139.15,788.51,Card,Store,2026,9,September,9,Wednesday,False,788.51,262.84
TXN-0059973,2026-09-09,DXB-003,Dubai,CUST-02820,P012,Pen Pack,Stationery,2,14.34,10,28.68,2.87,25.81,Apple Pay,Online,2026,9,September,9,Wednesday,False,25.81,12.9
TXN-0059987,2026-09-09,DXB-004,Dubai,CUST-01546,P014,Power Bank,Electronics,2,152.46,5,304.92,15.25,289.67,Card,Store,2026,9,September,9,Wednesday,False,289.67,144.84
TXN-0059992,2026-09-09,DXB-005,Dubai,CUST-04799,P003,Headphones,Electronics,1,395.86,15,395.86,59.38,336.48,Apple Pay,Online,2026,9,September,9,Wednesday,False,336.48,336.48
TXN-0060082,2026-09-09,DXB-005,Dubai,CUST-04002,P009,Backpack,Accessories,3,232.56,0,697.68,0.0,697.68,Bank Transfer,Store,2026,9,September,9,Wednesday,False,697.68,232.56
TXN-0060110,2026-09-09,DXB-005,Dubai,CUST-03798,P009,Backpack,Accessories,3,216.87,0,650.61,0.0,650.61,Apple Pay,Store,2026,9,September,9,Wednesday,False,650.61,216.87
TXN-0060168,2026-09-09,DXB-004,Dubai,CUST-02955,P008,Desk,Furniture,1,760.5,0,760.5,0.0,760.5,Apple Pay,Store,2026,9,September,9,Wednesday,False,760.5,760.5
TXN-0060253,2026-09-09,DXB-003,Dubai,CUST-03614,P015,Tablet,Electronics,2,1246.66,5,2493.32,124.67,2368.65,Cash,Store,2026,9,September,9,Wednesday,False,2368.65,1184.32
TXN-0060367,2026-09-09,DXB-004,Dubai,CUST-03416,P004,Monitor,Electronics,1,934.12,0,934.12,0.0,934.12,Apple Pay,Store,2026,9,September,9,Wednesday,False,934.12,934.12
TXN-0060382,2026-09-09,DXB-003,Dubai,CUST-03830,P014,Power Bank,Electronics,1,139.21,10,139.21,13.92,125.29,Cash,Store,2026,9,September,9,Wednesday,False,125.29,125.29
TXN-0060412,2026-09-09,DXB-003,Dubai,CUST-06642,P011,Notebook,Stationery,3,24.92,0,74.76,0.0,74.76,Apple Pay,Online,2026,9,September,9,Wednesday,False,74.76,24.92
TXN-0060420,2026-09-09,DXB-001,Dubai,CUST-05271,P015,Tablet,Electronics,1,1356.73,0,1356.73,0.0,1356.73,Card,Online,2026,9,September,9,Wednesday,False,1356.73,1356.73
TXN-0060450,2026-09-09,DXB-003,Dubai,CUST-06874,P009,Backpack,Accessories,1,220.85,0,220.85,0.0,220.85,Cash,Online,2026,9,September,9,Wednesday,False,220.85,220.85
TXN-0060559,2026-09-09,DXB-001,Dubai,CUST-00994,P004,Monitor,Electronics,2,851.05,0,1702.1,0.0,1702.1,Card,Store,2026,9,September,9,Wednesday,False,1702.1,851.05
TXN-0060601,2026-09-09,DXB-002,Dubai,CUST-05889,P012,Pen Pack,Stationery,1,15.09,0,15.09,0.0,15.09,Cash,Store,2026,9,September,9,Wednesday,False,15.09,15.09
TXN-0060640,2026-09-09,DXB-003,Dubai,CUST-07765,P015,Tablet,Electronics,2,1273.3,0,2546.6,0.0,2546.6,Card,Store,2026,9,September,9,Wednesday,False,2546.6,1273.3
TXN-0060653,2026-09-09,DXB-002,Dubai,CUST-01340,P004,Monitor,Electronics,2,798.19,15,1596.38,239.46,1356.92,Card,Store,2026,9,September,9,Wednesday,False,1356.92,678.46
TXN-0060787,2026-09-09,DXB-001,Dubai,CUST-00826,P013,USB Drive,Accessories,3,46.81,5,140.43,7.02,133.41,Card,Store,2026,9,September,9,Wednesday,False,133.41,44.47
TXN-0060867,2026-09-09,DXB-004,Dubai,CUST-04458,P004,Monitor,Electronics,1,787.21,15,787.21,118.08,669.13,Apple Pay,Online,2026,9,September,9,Wednesday,False,669.13,669.13
TXN-0060878,2026-09-09,DXB-001,Dubai,CUST-00494,P005,Keyboard,Accessories,1,173.44,5,173.44,8.67,164.77,Card,Store,2026,9,September,9,Wednesday,False,164.77,164.77
TXN-0060937,2026-09-09,DXB-001,Dubai,CUST-04398,P009,Backpack,Accessories,1,225.97,5,225.97,11.3,214.67,Card,Store,2026,9,September,9,Wednesday,False,214.67,214.67
TXN-0061018,2026-09-09,DXB-004,Dubai,CUST-05461,P003,Headphones,Electronics,6,331.0,15,1986.0,297.9,1688.1,Card,Store,2026,9,September,9,Wednesday,False,1688.1,281.35
TXN-0061036,2026-09-09,DXB-001,Dubai,CUST-00607,P009,Backpack,Accessories,1,238.9,0,238.9,0.0,238.9,Bank Transfer,Online,2026,9,September,9,Wednesday,False,238.9,238.9
TXN-0061054,2026-09-09,DXB-001,Dubai,CUST-06812,P011,Notebook,Stationery,1,26.28,15,26.28,3.94,22.34,Bank Transfer,Store,2026,9,September,9,Wednesday,False,22.34,22.34
TXN-0061152,2026-09-09,DXB-004,Dubai,CUST-00285,P007,Office Chair,Furniture,2,648.51,0,1297.02,0.0,1297.02,Card,Online,2026,9,September,9,Wednesday,False,1297.02,648.51
TXN-0061207,2026-09-09,DXB-003,Dubai,CUST-06930,P007,Office Chair,Furniture,1,668.63,10,668.63,66.86,601.77,Apple Pay,Online,2026,9,September,9,Wednesday,False,601.77,601.77
TXN-0061239,2026-09-09,DXB-002,Dubai,CUST-05762,P009,Backpack,Accessories,1,232.43,0,232.43,0.0,232.43,Card,Store,2026,9,September,9,Wednesday,False,232.43,232.43
TXN-0061247,2026-09-09,DXB-005,Dubai,CUST-07043,P010,Printer,Office,2,623.62,10,1247.24,124.72,1122.52,Cash,Online,2026,9,September,9,Wednesday,False,1122.52,561.26
TXN-0061291,2026-09-09,DXB-003,Dubai,CUST-01102,P003,Headphones,Electronics,5,340.78,0,1703.9,0.0,1703.9,Cash,Store,2026,9,September,9,Wednesday,False,1703.9,340.78
TXN-0061304,2026-09-09,DXB-004,Dubai,CUST-05670,P005,Keyboard,Accessories,4,194.25,20,777.0,155.4,621.6,Card,Store,2026,9,September,9,Wednesday,False,621.6,155.4
TXN-0061332,2026-09-09,DXB-003,Dubai,CUST-05002,P002,Smartphone,Electronics,1,1946.51,10,1946.51,194.65,1751.86,Cash,Store,2026,9,September,9,Wednesday,False,1751.86,1751.86
TXN-0061416,2026-09-09,DXB-002,Dubai,CUST-00258,P014,Power Bank,Electronics,1,156.97,10,156.97,15.7,141.27,Bank Transfer,Store,2026,9,September,9,Wednesday,False,141.27,141.27
TXN-0061436,2026-09-09,DXB-003,Dubai,CUST-03330,P012,Pen Pack,Stationery,1,14.72,20,14.72,2.94,11.78,Card,Store,2026,9,September,9,Wednesday,False,11.78,11.78
TXN-0061448,2026-09-09,DXB-005,Dubai,CUST-03611,P011,Notebook,Stationery,2,27.94,0,55.88,0.0,55.88,Card,Store,2026,9,September,9,Wednesday,False,55.88,27.94
TXN-0061453,2026-09-09,DXB-004,Dubai,CUST-04501,P010,Printer,Office,2,669.22,20,1338.44,267.69,1070.75,Card,Online,2026,9,September,9,Wednesday,False,1070.75,535.38
TXN-0061646,2026-09-09,DXB-004,Dubai,CUST-07919,P004,Monitor,Electronics,1,862.19,15,862.19,129.33,732.86,Card,Store,2026,9,September,9,Wednesday,False,732.86,732.86
TXN-0061648,2026-09-09,DXB-004,Dubai,CUST-04338,P011,Notebook,Stationery,1,23.66,10,23.66,2.37,21.29,Apple Pay,Store,2026,9,September,9,Wednesday,False,21.29,21.29
TXN-0061673,2026-09-09,DXB-005,Dubai,CUST-04108,P002,Smartphone,Electronics,1,1701.16,5,1701.16,85.06,1616.1,Bank Transfer,Store,2026,9,September,9,Wednesday,False,1616.1,1616.1
TXN-0061702,2026-09-09,DXB-001,Dubai,CUST-03866,P015,Tablet,Electronics,1,1332.77,5,1332.77,66.64,1266.13,Bank Transfer,Store,2026,9,September,9,Wednesday,False,1266.13,1266.13
TXN-0061780,2026-09-09,DXB-002,Dubai,CUST-05761,P012,Pen Pack,Stationery,1,16.69,5,16.69,0.83,15.86,Apple Pay,Store,2026,9,September,9,Wednesday,False,15.86,15.86
TXN-0061826,2026-09-09,DXB-005,Dubai,CUST-05239,P012,Pen Pack,Stationery,4,14.58,15,58.32,8.75,49.57,Card,Store,2026,9,September,9,Wednesday,False,49.57,12.39
TXN-0061949,2026-09-09,DXB-004,Dubai,CUST-01724,P007,Office Chair,Furniture,2,632.24,15,1264.48,189.67,1074.81,Cash,Store,2026,9,September,9,Wednesday,False,1074.81,537.4
TXN-0062100,2026-09-09,DXB-003,Dubai,CUST-06592,P011,Notebook,Stationery,2,23.84,10,47.68,4.77,42.91,Card,Store,2026,9,September,9,Wednesday,False,42.91,21.46
TXN-0062156,2026-09-09,DXB-001,Dubai,CUST-06477,P008,Desk,Furniture,1,784.55,10,784.55,78.46,706.09,Bank Transfer,Store,2026,9,September,9,Wednesday,False,706.09,706.09
TXN-0062162,2026-09-09,DXB-001,Dubai,CUST-07677,P013,USB Drive,Accessories,2,43.11,5,86.22,4.31,81.91,Cash,Store,2026,9,September,9,Wednesday,False,81.91,40.96
TXN-0062179,2026-09-09,DXB-003,Dubai,CUST-07595,P005,Keyboard,Accessories,1,166.05,10,166.05,16.6,149.45,Card,Store,2026,9,September,9,Wednesday,False,149.45,149.45
TXN-0062192,2026-09-09,DXB-003,Dubai,CUST-04259,P004,Monitor,Electronics,2,804.67,0,1609.34,0.0,1609.34,Cash,Online,2026,9,September,9,Wednesday,False,1609.34,804.67
TXN-0062197,2026-09-09,DXB-004,Dubai,CUST-05227,P001,Laptop,Electronics,1,2905.24,0,2905.24,0.0,2905.24,Bank Transfer,Online,2026,9,September,9,Wednesday,False,2905.24,2905.24
TXN-0062259,2026-09-09,DXB-002,Dubai,CUST-02034,P003,Headphones,Electronics,1,350.65,10,350.65,35.06,315.59,Apple Pay,Store,2026,9,September,9,Wednesday,False,315.59,315.59
TXN-0062365,2026-09-09,DXB-005,Dubai,CUST-04329,P001,Laptop,Electronics,1,2833.95,0,2833.95,0.0,2833.95,Card,Store,2026,9,September,9,Wednesday,False,2833.95,2833.95
TXN-0062370,2026-09-09,DXB-002,Dubai,CUST-06811,P007,Office Chair,Furniture,1,655.15,10,655.15,65.52,589.63,Apple Pay,Store,2026,9,September,9,Wednesday,False,589.63,589.63
TXN-0062383,2026-09-09,DXB-005,Dubai,CUST-00902,P013,USB Drive,Accessories,4,44.18,5,176.72,8.84,167.88,Card,Store,2026,9,September,9,Wednesday,False,167.88,41.97
TXN-0062427,2026-09-09,DXB-001,Dubai,CUST-05655,P002,Smartphone,Electronics,2,1870.54,15,3741.08,561.16,3179.92,Apple Pay,Store,2026,9,September,9,Wednesday,False,3179.92,1589.96
TXN-0062459,2026-09-09,DXB-002,Dubai,CUST-01684,P006,Mouse,Accessories,1,102.51,5,102.51,5.13,97.38,Cash,Online,2026,9,September,9,Wednesday,False,97.38,97.38
TXN-0062572,2026-09-09,DXB-002,Dubai,CUST-01310,P013,USB Drive,Accessories,1,49.01,15,49.01,7.35,41.66,Bank Transfer,Online,2026,9,September,9,Wednesday,False,41.66,41.66
TXN-0062596,2026-09-09,DXB-002,Dubai,CUST-07960,P007,Office Chair,Furniture,1,675.95,15,675.95,101.39,574.56,Cash,Store,2026,9,September,9,Wednesday,False,574.56,574.56
TXN-0062658,2026-09-09,DXB-001,Dubai,CUST-01896,P006,Mouse,Accessories,3,97.27,10,291.81,29.18,262.63,Bank Transfer,Store,2026,9,September,9,Wednesday,False,262.63,87.54
TXN-0062661,2026-09-09,DXB-001,Dubai,CUST-07747,P007,Office Chair,Furniture,2,652.63,0,1305.26,0.0,1305.26,Card,Online,2026,9,September,9,Wednesday,False,1305.26,652.63
TXN-0062708,2026-09-09,DXB-003,Dubai,CUST-03481,P010,Printer,Office,1,702.56,15,702.56,105.38,597.18,Apple Pay,Online,2026,9,September,9,Wednesday,False,597.18,597.18
TXN-0062724,2026-09-09,DXB-004,Dubai,CUST-01157,P011,Notebook,Stationery,1,25.29,20,25.29,5.06,20.23,Apple Pay,Store,2026,9,September,9,Wednesday,False,20.23,20.23
TXN-0062798,2026-09-09,DXB-002,Dubai,CUST-01492,P015,Tablet,Electronics,1,1239.63,0,1239.63,0.0,1239.63,Card,Store,2026,9,September,9,Wednesday,False,1239.63,1239.63
TXN-0062860,2026-09-09,DXB-002,Dubai,CUST-03686,P007,Office Chair,Furniture,1,652.64,10,652.64,65.26,587.38,Apple Pay,Store,2026,9,September,9,Wednesday,False,587.38,587.38
TXN-0062956,2026-09-09,DXB-001,Dubai,CUST-00116,P011,Notebook,Stationery,1,25.79,0,25.79,0.0,25.79,Bank Transfer,Store,2026,9,September,9,Wednesday,False,25.79,25.79
TXN-0062962,2026-09-09,DXB-002,Dubai,CUST-06394,P010,Printer,Office,2,684.12,15,1368.24,205.24,1163.0,Cash,Store,2026,9,September,9,Wednesday,False,1163.0,581.5
TXN-0063056,2026-09-09,DXB-001,Dubai,CUST-05339,P008,Desk,Furniture,5,794.65,0,3973.25,0.0,3973.25,Cash,Online,2026,9,September,9,Wednesday,False,3973.25,794.65
TXN-0063224,2026-09-09,DXB-005,Dubai,CUST-01978,P001,Laptop,Electronics,1,2963.96,0,2963.96,0.0,2963.96,Cash,Store,2026,9,September,9,Wednesday,False,2963.96,2963.96
TXN-0063262,2026-09-09,DXB-003,Dubai,CUST-05335,P002,Smartphone,Electronics,1,1791.41,0,1791.41,0.0,1791.41,Card,Store,2026,9,September,9,Wednesday,False,1791.41,1791.41
TXN-0063396,2026-09-09,DXB-004,Dubai,CUST-02905,P008,Desk,Furniture,3,858.91,15,2576.73,386.51,2190.22,Card,Store,2026,9,September,9,Wednesday,False,2190.22,730.07
TXN-0063403,2026-09-09,DXB-003,Dubai,CUST-03299,P004,Monitor,Electronics,1,925.55,0,925.55,0.0,925.55,Card,Store,2026,9,September,9,Wednesday,False,925.55,925.55
TXN-0063639,2026-09-09,DXB-001,Dubai,CUST-02329,P013,USB Drive,Accessories,2,48.25,5,96.5,4.82,91.68,Cash,Store,2026,9,September,9,Wednesday,False,91.68,45.84
TXN-0063826,2026-09-09,DXB-003,Dubai,CUST-02949,P005,Keyboard,Accessories,2,190.59,0,381.18,0.0,381.18,Card,Online,2026,9,September,9,Wednesday,False,381.18,190.59
TXN-0063863,2026-09-09,DXB-003,Dubai,CUST-01020,P003,Headphones,Electronics,1,359.81,10,359.81,35.98,323.83,Card,Store,2026,9,September,9,Wednesday,False,323.83,323.83
TXN-0063883,2026-09-09,DXB-005,Dubai,CUST-00767,P012,Pen Pack,Stationery,2,15.53,15,31.06,4.66,26.4,Apple Pay,Store,2026,9,September,9,Wednesday,False,26.4,13.2
TXN-0063884,2026-09-09,DXB-001,Dubai,CUST-07546,P015,Tablet,Electronics,3,1178.55,10,3535.65,353.56,3182.09,Card,Store,2026,9,September,9,Wednesday,False,3182.09,1060.7
TXN-0063935,2026-09-09,DXB-001,Dubai,CUST-01341,P015,Tablet,Electronics,2,1257.98,0,2515.96,0.0,2515.96,Card,Store,2026,9,September,9,Wednesday,False,2515.96,1257.98
TXN-0063938,2026-09-09,DXB-005,Dubai,CUST-02683,P012,Pen Pack,Stationery,5,15.08,15,75.4,11.31,64.09,Card,Store,2026,9,September,9,Wednesday,False,64.09,12.82
TXN-0063942,2026-09-09,DXB-005,Dubai,CUST-03312,P010,Printer,Office,1,647.9,0,647.9,0.0,647.9,Card,Store,2026,9,September,9,Wednesday,False,647.9,647.9
TXN-0063952,2026-09-09,DXB-005,Dubai,CUST-04779,P003,Headphones,Electronics,3,348.72,10,1046.16,104.62,941.54,Card,Store,2026,9,September,9,Wednesday,False,941.54,313.85
TXN-0063989,2026-09-09,DXB-001,Dubai,CUST-02521,P001,Laptop,Electronics,1,3116.72,5,3116.72,155.84,2960.88,Card,Online,2026,9,September,9,Wednesday,False,2960.88,2960.88
TXN-0064007,2026-09-09,DXB-005,Dubai,CUST-06979,P010,Printer,Office,1,696.93,15,696.93,104.54,592.39,Card,Store,2026,9,September,9,Wednesday,False,592.39,592.39
TXN-0064043,2026-09-09,DXB-002,Dubai,CUST-05028,P010,Printer,Office,2,653.79,20,1307.58,261.52,1046.06,Cash,Online,2026,9,September,9,Wednesday,False,1046.06,523.03
TXN-0064177,2026-09-09,DXB-004,Dubai,CUST-01653,P014,Power Bank,Electronics,1,147.48,5,147.48,7.37,140.11,Cash,Store,2026,9,September,9,Wednesday,False,140.11,140.11
TXN-0064302,2026-09-09,DXB-004,Dubai,CUST-07774,P007,Office Chair,Furniture,1,629.8,0,629.8,0.0,629.8,Cash,Store,2026,9,September,9,Wednesday,False,629.8,629.8
TXN-0064365,2026-09-09,DXB-003,Dubai,CUST-04233,P006,Mouse,Accessories,1,106.17,0,106.17,0.0,106.17,Apple Pay,Online,2026,9,September,9,Wednesday,False,106.17,106.17
TXN-0064474,2026-09-09,DXB-003,Dubai,CUST-06905,P009,Backpack,Accessories,1,227.82,10,227.82,22.78,205.04,Cash,Store,2026,9,September,9,Wednesday,False,205.04,205.04
TXN-0064510,2026-09-09,DXB-005,Dubai,CUST-04424,P014,Power Bank,Electronics,1,146.48,0,146.48,0.0,146.48,Card,Store,2026,9,September,9,Wednesday,False,146.48,146.48
TXN-0064526,2026-09-09,DXB-004,Dubai,CUST-03925,P009,Backpack,Accessories,4,218.62,20,874.48,174.9,699.58,Card,Store,2026,9,September,9,Wednesday,False,699.58,174.9
TXN-0064543,2026-09-09,DXB-004,Dubai,CUST-05327,P002,Smartphone,Electronics,2,1895.46,0,3790.92,0.0,3790.92,Card,Store,2026,9,September,9,Wednesday,False,3790.92,1895.46
TXN-0064576,2026-09-09,DXB-003,Dubai,CUST-07083,P015,Tablet,Electronics,1,1137.87,0,1137.87,0.0,1137.87,Card,Store,2026,9,September,9,Wednesday,False,1137.87,1137.87
TXN-0064622,2026-09-09,DXB-002,Dubai,CUST-04414,P014,Power Bank,Electronics,1,154.53,0,154.53,0.0,154.53,Bank Transfer,Online,2026,9,September,9,Wednesday,False,154.53,154.53
TXN-0064645,2026-09-09,DXB-001,Dubai,CUST-02211,P004,Monitor,Electronics,1,807.56,0,807.56,0.0,807.56,Apple Pay,Online,2026,9,September,9,Wednesday,False,807.56,807.56
TXN-0064669,2026-09-09,DXB-005,Dubai,CUST-01674,P014,Power Bank,Electronics,1,142.98,15,142.98,21.45,121.53,Card,Online,2026,9,September,9,Wednesday,False,121.53,121.53
TXN-0064801,2026-09-09,DXB-004,Dubai,CUST-04777,P003,Headphones,Electronics,1,331.9,0,331.9,0.0,331.9,Card,Store,2026,9,September,9,Wednesday,False,331.9,331.9
TXN-0064880,2026-09-09,DXB-004,Dubai,CUST-02763,P008,Desk,Furniture,1,916.4,0,916.4,0.0,916.4,Cash,Online,2026,9,September,9,Wednesday,False,916.4,916.4
TXN-0064916,2026-09-09,DXB-001,Dubai,CUST-05129,P004,Monitor,Electronics,1,936.6,0,936.6,0.0,936.6,Card,Store,2026,9,September,9,Wednesday,False,936.6,936.6
TXN-0064939,2026-09-09,DXB-005,Dubai,CUST-00760,P014,Power Bank,Electronics,5,156.5,0,782.5,0.0,782.5,Card,Online,2026,9,September,9,Wednesday,False,782.5,156.5
TXN-0065082,2026-09-09,DXB-004,Dubai,CUST-05079,P014,Power Bank,Electronics,1,137.91,5,137.91,6.9,131.01,Cash,Store,2026,9,September,9,Wednesday,False,131.01,131.01
TXN-0065111,2026-09-09,DXB-002,Dubai,CUST-00314,P004,Monitor,Electronics,1,900.71,5,900.71,45.04,855.67,Apple Pay,Store,2026,9,September,9,Wednesday,False,855.67,855.67
TXN-0065162,2026-09-09,DXB-004,Dubai,CUST-03105,P010,Printer,Office,2,706.79,15,1413.58,212.04,1201.54,Card,Store,2026,9,September,9,Wednesday,False,1201.54,600.77
TXN-0065206,2026-09-09,DXB-002,Dubai,CUST-07230,P001,Laptop,Electronics,2,2525.94,10,5051.88,505.19,4546.69,Cash,Store,2026,9,September,9,Wednesday,False,4546.69,2273.34
TXN-0065238,2026-09-09,DXB-004,Dubai,CUST-01078,P009,Backpack,Accessories,1,218.58,10,218.58,21.86,196.72,Card,Store,2026,9,September,9,Wednesday,False,196.72,196.72
TXN-0065321,2026-09-09,DXB-002,Dubai,CUST-03020,P010,Printer,Office,2,636.67,15,1273.34,191.0,1082.34,Cash,Online,2026,9,September,9,Wednesday,False,1082.34,541.17
TXN-0065327,2026-09-09,DXB-002,Dubai,CUST-03699,P012,Pen Pack,Stationery,1,15.91,5,15.91,0.8,15.11,Card,Store,2026,9,September,9,Wednesday,False,15.11,15.11
TXN-0065567,2026-09-09,DXB-005,Dubai,CUST-03520,P001,Laptop,Electronics,1,2701.31,0,2701.31,0.0,2701.31,Cash,Store,2026,9,September,9,Wednesday,False,2701.31,2701.31
TXN-0065616,2026-09-09,DXB-001,Dubai,CUST-00779,P012,Pen Pack,Stationery,1,14.26,15,14.26,2.14,12.12,Card,Store,2026,9,September,9,Wednesday,False,12.12,12.12
TXN-0065620,2026-09-09,DXB-005,Dubai,CUST-00738,P013,USB Drive,Accessories,1,47.74,0,47.74,0.0,47.74,Card,Store,2026,9,September,9,Wednesday,False,47.74,47.74
TXN-0065680,2026-09-09,DXB-002,Dubai,CUST-05368,P011,Notebook,Stationery,5,24.35,5,121.75,6.09,115.66,Card,Store,2026,9,September,9,Wednesday,False,115.66,23.13
TXN-0065684,2026-09-09,DXB-004,Dubai,CUST-05956,P003,Headphones,Electronics,1,330.85,10,330.85,33.08,297.77,Card,Store,2026,9,September,9,Wednesday,False,297.77,297.77
TXN-0065686,2026-09-09,DXB-002,Dubai,CUST-00725,P014,Power Bank,Electronics,1,142.67,5,142.67,7.13,135.54,Card,Store,2026,9,September,9,Wednesday,False,135.54,135.54
TXN-0065693,2026-09-09,DXB-002,Dubai,CUST-04676,P005,Keyboard,Accessories,1,188.96,10,188.96,18.9,170.06,Card,Store,2026,9,September,9,Wednesday,False,170.06,170.06
TXN-0065713,2026-09-09,DXB-003,Dubai,CUST-04958,P001,Laptop,Electronics,1,2799.27,15,2799.27,419.89,2379.38,Bank Transfer,Store,2026,9,September,9,Wednesday,False,2379.38,2379.38
TXN-0065719,2026-09-09,DXB-003,Dubai,CUST-04430,P011,Notebook,Stationery,4,24.54,5,98.16,4.91,93.25,Apple Pay,Store,2026,9,September,9,Wednesday,False,93.25,23.31
TXN-0065733,2026-09-09,DXB-002,Dubai,CUST-01306,P001,Laptop,Electronics,1,2729.62,5,2729.62,136.48,2593.14,Apple Pay,Store,2026,9,September,9,Wednesday,False,2593.14,2593.14
TXN-0065740,2026-09-09,DXB-003,Dubai,CUST-05365,P005,Keyboard,Accessories,1,162.63,0,162.63,0.0,162.63,Bank Transfer,Store,2026,9,September,9,Wednesday,False,162.63,162.63
TXN-0065749,2026-09-09,DXB-002,Dubai,CUST-05744,P009,Backpack,Accessories,1,213.09,10,213.09,21.31,191.78,Card,Online,2026,9,September,9,Wednesday,False,191.78,191.78
TXN-0065769,2026-09-09,DXB-002,Dubai,CUST-07502,P002,Smartphone,Electronics,1,1906.87,0,1906.87,0.0,1906.87,Bank Transfer,Online,2026,9,September,9,Wednesday,False,1906.87,1906.87
TXN-0065775,2026-09-09,DXB-004,Dubai,CUST-04728,P005,Keyboard,Accessories,1,190.97,20,190.97,38.19,152.78,Cash,Store,2026,9,September,9,Wednesday,False,152.78,152.78
TXN-0065811,2026-09-09,DXB-003,Dubai,CUST-07573,P003,Headphones,Electronics,1,333.88,15,333.88,50.08,283.8,Bank Transfer,Store,2026,9,September,9,Wednesday,False,283.8,283.8
TXN-0065863,2026-09-09,DXB-004,Dubai,CUST-03968,P011,Notebook,Stationery,3,27.06,0,81.18,0.0,81.18,Card,Store,2026,9,September,9,Wednesday,False,81.18,27.06
TXN-0065910,2026-09-09,DXB-003,Dubai,CUST-03262,P010,Printer,Office,1,663.8,0,663.8,0.0,663.8,Apple Pay,Store,2026,9,September,9,Wednesday,False,663.8,663.8
TXN-0065997,2026-09-09,DXB-005,Dubai,CUST-06986,P002,Smartphone,Electronics,1,1507.99,10,1507.99,150.8,1357.19,Card,Store,2026,9,September,9,Wednesday,False,1357.19,1357.19
TXN-0066047,2026-09-09,DXB-002,Dubai,CUST-02551,P014,Power Bank,Electronics,2,142.54,10,285.08,28.51,256.57,Card,Store,2026,9,September,9,Wednesday,False,256.57,128.28
TXN-0066081,2026-09-09,DXB-005,Dubai,CUST-06549,P010,Printer,Office,1,695.68,5,695.68,34.78,660.9,Cash,Store,2026,9,September,9,Wednesday,False,660.9,660.9
TXN-0066110,2026-09-09,DXB-004,Dubai,CUST-01103,P001,Laptop,Electronics,2,2671.75,15,5343.5,801.52,4541.98,Apple Pay,Store,2026,9,September,9,Wednesday,False,4541.98,2270.99
TXN-0066131,2026-09-09,DXB-003,Dubai,CUST-01469,P011,Notebook,Stationery,1,26.1,5,26.1,1.3,24.8,Card,Online,2026,9,September,9,Wednesday,False,24.8,24.8
TXN-0066325,2026-09-09,DXB-001,Dubai,CUST-07209,P008,Desk,Furniture,3,869.03,0,2607.09,0.0,2607.09,Bank Transfer,Store,2026,9,September,9,Wednesday,False,2607.09,869.03
TXN-0066425,2026-09-09,DXB-005,Dubai,CUST-02663,P007,Office Chair,Furniture,1,748.33,15,748.33,112.25,636.08,Cash,Store,2026,9,September,9,Wednesday,False,636.08,636.08
TXN-0066479,2026-09-09,DXB-003,Dubai,CUST-02399,P011,Notebook,Stationery,1,25.96,5,25.96,1.3,24.66,Card,Store,2026,9,September,9,Wednesday,False,24.66,24.66
TXN-0066493,2026-09-09,DXB-004,Dubai,CUST-02938,P007,Office Chair,Furniture,2,651.0,0,1302.0,0.0,1302.0,Card,Store,2026,9,September,9,Wednesday,False,1302.0,651.0
TXN-0066643,2026-09-09,DXB-003,Dubai,CUST-07370,P003,Headphones,Electronics,5,349.96,10,1749.8,174.98,1574.82,Card,Store,2026,9,September,9,Wednesday,False,1574.82,314.96
TXN-0066752,2026-09-09,DXB-004,Dubai,CUST-02789,P001,Laptop,Electronics,2,2614.15,0,5228.3,0.0,5228.3,Bank Transfer,Store,2026,9,September,9,Wednesday,False,5228.3,2614.15
TXN-0066932,2026-09-09,DXB-003,Dubai,CUST-04801,P006,Mouse,Accessories,1,100.89,20,100.89,20.18,80.71,Card,Store,2026,9,September,9,Wednesday,False,80.71,80.71
TXN-0066960,2026-09-09,DXB-005,Dubai,CUST-00379,P014,Power Bank,Electronics,1,130.55,10,130.55,13.06,117.49,Bank Transfer,Online,2026,9,September,9,Wednesday,False,117.49,117.49
TXN-0066996,2026-09-09,DXB-001,Dubai,CUST-06220,P014,Power Bank,Electronics,1,147.54,0,147.54,0.0,147.54,Apple Pay,Store,2026,9,September,9,Wednesday,False,147.54,147.54
TXN-0067008,2026-09-09,DXB-005,Dubai,CUST-04696,P012,Pen Pack,Stationery,3,15.33,10,45.99,4.6,41.39,Apple Pay,Store,2026,9,September,9,Wednesday,False,41.39,13.8
TXN-0067018,2026-09-09,DXB-001,Dubai,CUST-04511,P015,Tablet,Electronics,1,1083.36,0,1083.36,0.0,1083.36,Card,Online,2026,9,September,9,Wednesday,False,1083.36,1083.36
TXN-0067222,2026-09-09,DXB-005,Dubai,CUST-07547,P011,Notebook,Stationery,1,26.54,20,26.54,5.31,21.23,Card,Online,2026,9,September,9,Wednesday,False,21.23,21.23
TXN-0067244,2026-09-09,DXB-002,Dubai,CUST-02812,P007,Office Chair,Furniture,1,705.6,10,705.6,70.56,635.04,Apple Pay,Store,2026,9,September,9,Wednesday,False,635.04,635.04
TXN-0067376,2026-09-09,DXB-003,Dubai,CUST-00893,P010,Printer,Office,1,727.62,10,727.62,72.76,654.86,Card,Online,2026,9,September,9,Wednesday,False,654.86,654.86
TXN-0067378,2026-09-09,DXB-004,Dubai,CUST-07848,P015,Tablet,Electronics,1,1259.34,0,1259.34,0.0,1259.34,Apple Pay,Store,2026,9,September,9,Wednesday,False,1259.34,1259.34
TXN-0067379,2026-09-09,DXB-001,Dubai,CUST-07999,P005,Keyboard,Accessories,1,191.6,0,191.6,0.0,191.6,Card,Store,2026,9,September,9,Wednesday,False,191.6,191.6
TXN-0067402,2026-09-09,DXB-004,Dubai,CUST-01178,P005,Keyboard,Accessories,2,180.85,5,361.7,18.08,343.62,Card,Store,2026,9,September,9,Wednesday,False,343.62,171.81
TXN-0067476,2026-09-09,DXB-001,Dubai,CUST-06864,P006,Mouse,Accessories,1,93.43,10,93.43,9.34,84.09,Card,Store,2026,9,September,9,Wednesday,False,84.09,84.09
TXN-0067491,2026-09-09,DXB-005,Dubai,CUST-03486,P014,Power Bank,Electronics,4,141.03,0,564.12,0.0,564.12,Card,Store,2026,9,September,9,Wednesday,False,564.12,141.03
TXN-0067553,2026-09-09,DXB-005,Dubai,CUST-00518,P006,Mouse,Accessories,1,98.67,5,98.67,4.93,93.74,Apple Pay,Store,2026,9,September,9,Wednesday,False,93.74,93.74
TXN-0067580,2026-09-09,DXB-002,Dubai,CUST-02332,P006,Mouse,Accessories,3,106.66,15,319.98,48.0,271.98,Apple Pay,Online,2026,9,September,9,Wednesday,False,271.98,90.66
TXN-0067689,2026-09-09,DXB-002,Dubai,CUST-05220,P011,Notebook,Stationery,2,26.45,5,52.9,2.64,50.26,Card,Online,2026,9,September,9,Wednesday,False,50.26,25.13
TXN-0067710,2026-09-09,DXB-004,Dubai,CUST-01533,P013,USB Drive,Accessories,2,45.98,10,91.96,9.2,82.76,Card,Store,2026,9,September,9,Wednesday,False,82.76,41.38
TXN-0067711,2026-09-09,DXB-004,Dubai,CUST-03808,P011,Notebook,Stationery,1,23.83,5,23.83,1.19,22.64,Apple Pay,Store,2026,9,September,9,Wednesday,False,22.64,22.64
TXN-0067715,2026-09-09,DXB-005,Dubai,CUST-03778,P009,Backpack,Accessories,2,224.66,5,449.32,22.47,426.85,Bank Transfer,Store,2026,9,September,9,Wednesday,False,426.85,213.42
TXN-0067736,2026-09-09,DXB-002,Dubai,CUST-00883,P010,Printer,Office,1,642.75,5,642.75,32.14,610.61,Apple Pay,Store,2026,9,September,9,Wednesday,False,610.61,610.61
TXN-0067738,2026-09-09,DXB-003,Dubai,CUST-03409,P014,Power Bank,Electronics,2,157.72,5,315.44,15.77,299.67,Card,Store,2026,9,September,9,Wednesday,False,299.67,149.84
TXN-0067814,2026-09-09,DXB-005,Dubai,CUST-01217,P014,Power Bank,Electronics,2,144.93,5,289.86,14.49,275.37,Card,Online,2026,9,September,9,Wednesday,False,275.37,137.68
TXN-0067874,2026-09-09,DXB-004,Dubai,CUST-07626,P013,USB Drive,Accessories,6,43.2,10,259.2,25.92,233.28,Card,Store,2026,9,September,9,Wednesday,False,233.28,38.88
TXN-0067886,2026-09-09,DXB-001,Dubai,CUST-07994,P011,Notebook,Stationery,1,23.34,0,23.34,0.0,23.34,Card,Store,2026,9,September,9,Wednesday,False,23.34,23.34
TXN-0067912,2026-09-09,DXB-003,Dubai,CUST-05895,P009,Backpack,Accessories,1,199.39,10,199.39,19.94,179.45,Apple Pay,Store,2026,9,September,9,Wednesday,False,179.45,179.45
TXN-0067928,2026-09-09,DXB-005,Dubai,CUST-00757,P009,Backpack,Accessories,3,210.23,0,630.69,0.0,630.69,Apple Pay,Store,2026,9,September,9,Wednesday,False,630.69,210.23
TXN-0067969,2026-09-09,DXB-001,Dubai,CUST-04707,P012,Pen Pack,Stationery,1,14.98,10,14.98,1.5,13.48,Apple Pay,Store,2026,9,September,9,Wednesday,False,13.48,13.48
TXN-0068182,2026-09-09,DXB-002,Dubai,CUST-05326,P005,Keyboard,Accessories,4,187.56,15,750.24,112.54,637.7,Card,Store,2026,9,September,9,Wednesday,False,637.7,159.43
TXN-0068254,2026-09-09,DXB-002,Dubai,CUST-00641,P012,Pen Pack,Stationery,1,15.27,0,15.27,0.0,15.27,Card,Store,2026,9,September,9,Wednesday,False,15.27,15.27
TXN-0068257,2026-09-09,DXB-004,Dubai,CUST-03091,P014,Power Bank,Electronics,5,153.64,0,768.2,0.0,768.2,Bank Transfer,Online,2026,9,September,9,Wednesday,False,768.2,153.64
TXN-0068291,2026-09-09,DXB-001,Dubai,CUST-04740,P002,Smartphone,Electronics,2,1759.68,5,3519.36,175.97,3343.39,Apple Pay,Online,2026,9,September,9,Wednesday,False,3343.39,1671.7
TXN-0068375,2026-09-09,DXB-001,Dubai,CUST-05057,P015,Tablet,Electronics,1,1245.76,15,1245.76,186.86,1058.9,Bank Transfer,Store,2026,9,September,9,Wednesday,False,1058.9,1058.9
TXN-0068404,2026-09-09,DXB-005,Dubai,CUST-01708,P002,Smartphone,Electronics,3,1746.43,0,5239.29,0.0,5239.29,Card,Online,2026,9,September,9,Wednesday,False,5239.29,1746.43
TXN-0068454,2026-09-09,DXB-001,Dubai,CUST-00424,P012,Pen Pack,Stationery,3,14.53,0,43.59,0.0,43.59,Card,Store,2026,9,September,9,Wednesday,False,43.59,14.53
TXN-0068474,2026-09-09,DXB-005,Dubai,CUST-02308,P004,Monitor,Electronics,6,914.69,0,5488.14,0.0,5488.14,Apple Pay,Store,2026,9,September,9,Wednesday,False,5488.14,914.69
TXN-0068483,2026-09-09,DXB-005,Dubai,CUST-06420,P008,Desk,Furniture,1,794.33,0,794.33,0.0,794.33,Card,Store,2026,9,September,9,Wednesday,False,794.33,794.33
TXN-0068563,2026-09-09,DXB-004,Dubai,CUST-06086,P009,Backpack,Accessories,2,228.72,10,457.44,45.74,411.7,Card,Store,2026,9,September,9,Wednesday,False,411.7,205.85
TXN-0068612,2026-09-09,DXB-002,Dubai,CUST-01051,P005,Keyboard,Accessories,1,183.58,5,183.58,9.18,174.4,Card,Online,2026,9,September,9,Wednesday,False,174.4,174.4
TXN-0068666,2026-09-09,DXB-004,Dubai,CUST-00709,P003,Headphones,Electronics,1,354.49,0,354.49,0.0,354.49,Card,Store,2026,9,September,9,Wednesday,False,354.49,354.49
TXN-0068735,2026-09-09,DXB-004,Dubai,CUST-02295,P011,Notebook,Stationery,6,25.75,0,154.5,0.0,154.5,Card,Store,2026,9,September,9,Wednesday,False,154.5,25.75
TXN-0068769,2026-09-09,DXB-002,Dubai,CUST-07023,P001,Laptop,Electronics,1,2792.58,10,2792.58,279.26,2513.32,Card,Online,2026,9,September,9,Wednesday,False,2513.32,2513.32
TXN-0068794,2026-09-09,DXB-001,Dubai,CUST-05403,P008,Desk,Furniture,3,836.41,10,2509.23,250.92,2258.31,Apple Pay,Online,2026,9,September,9,Wednesday,False,2258.31,752.77
TXN-0068862,2026-09-09,DXB-001,Dubai,CUST-04316,P011,Notebook,Stationery,1,26.61,15,26.61,3.99,22.62,Card,Store,2026,9,September,9,Wednesday,False,22.62,22.62
TXN-0068933,2026-09-09,DXB-002,Dubai,CUST-01618,P006,Mouse,Accessories,2,105.37,10,210.74,21.07,189.67,Bank Transfer,Online,2026,9,September,9,Wednesday,False,189.67,94.84
TXN-0068995,2026-09-09,DXB-002,Dubai,CUST-00264,P004,Monitor,Electronics,1,797.54,10,797.54,79.75,717.79,Cash,Store,2026,9,September,9,Wednesday,False,717.79,717.79
TXN-0069145,2026-09-09,DXB-005,Dubai,CUST-01710,P003,Headphones,Electronics,3,349.32,10,1047.96,104.8,943.16,Card,Online,2026,9,September,9,Wednesday,False,943.16,314.39
TXN-0069189,2026-09-09,DXB-004,Dubai,CUST-05171,P002,Smartphone,Electronics,2,1962.35,10,3924.7,392.47,3532.23,Apple Pay,Store,2026,9,September,9,Wednesday,False,3532.23,1766.12
TXN-0069262,2026-09-09,DXB-005,Dubai,CUST-00474,P015,Tablet,Electronics,4,1177.09,0,4708.36,0.0,4708.36,Card,Online,2026,9,September,9,Wednesday,False,4708.36,1177.09
TXN-0069267,2026-09-09,DXB-001,Dubai,CUST-05812,P003,Headphones,Electronics,1,324.8,0,324.8,0.0,324.8,Apple Pay,Store,2026,9,September,9,Wednesday,False,324.8,324.8
TXN-0069288,2026-09-09,DXB-005,Dubai,CUST-05858,P009,Backpack,Accessories,2,234.59,15,469.18,70.38,398.8,Card,Online,2026,9,September,9,Wednesday,False,398.8,199.4
TXN-0069323,2026-09-09,DXB-004,Dubai,CUST-04897,P011,Notebook,Stationery,2,26.55,10,53.1,5.31,47.79,Bank Transfer,Store,2026,9,September,9,Wednesday,False,47.79,23.9
TXN-0069335,2026-09-09,DXB-002,Dubai,CUST-04493,P008,Desk,Furniture,3,807.81,10,2423.43,242.34,2181.09,Apple Pay,Store,2026,9,September,9,Wednesday,False,2181.09,727.03
TXN-0069394,2026-09-09,DXB-001,Dubai,CUST-00880,P014,Power Bank,Electronics,1,150.88,10,150.88,15.09,135.79,Card,Online,2026,9,September,9,Wednesday,False,135.79,135.79
TXN-0069459,2026-09-09,DXB-003,Dubai,CUST-05009,P006,Mouse,Accessories,2,98.68,0,197.36,0.0,197.36,Card,Store,2026,9,September,9,Wednesday,False,197.36,98.68
TXN-0069588,2026-09-09,DXB-001,Dubai,CUST-04381,P006,Mouse,Accessories,1,98.72,5,98.72,4.94,93.78,Apple Pay,Store,2026,9,September,9,Wednesday,False,93.78,93.78
TXN-0069596,2026-09-09,DXB-002,Dubai,CUST-04093,P015,Tablet,Electronics,3,1133.03,0,3399.09,0.0,3399.09,Bank Transfer,Store,2026,9,September,9,Wednesday,False,3399.09,1133.03
TXN-0069605,2026-09-09,DXB-002,Dubai,CUST-06897,P002,Smartphone,Electronics,1,1849.13,10,1849.13,184.91,1664.22,Apple Pay,Online,2026,9,September,9,Wednesday,False,1664.22,1664.22
TXN-0069606,2026-09-09,DXB-001,Dubai,CUST-02642,P001,Laptop,Electronics,2,2814.28,15,5628.56,844.28,4784.28,Apple Pay,Store,2026,9,September,9,Wednesday,False,4784.28,2392.14
TXN-0069652,2026-09-09,DXB-001,Dubai,CUST-02515,P010,Printer,Office,1,651.18,10,651.18,65.12,586.06,Card,Online,2026,9,September,9,Wednesday,False,586.06,586.06
TXN-0069749,2026-09-09,DXB-002,Dubai,CUST-05794,P012,Pen Pack,Stationery,2,13.43,10,26.86,2.69,24.17,Apple Pay,Store,2026,9,September,9,Wednesday,False,24.17,12.08
TXN-0069762,2026-09-09,DXB-001,Dubai,CUST-06963,P006,Mouse,Accessories,4,94.56,0,378.24,0.0,378.24,Cash,Online,2026,9,September,9,Wednesday,False,378.24,94.56
TXN-0069792,2026-09-09,DXB-003,Dubai,CUST-01919,P015,Tablet,Electronics,2,1210.77,5,2421.54,121.08,2300.46,Apple Pay,Store,2026,9,September,9,Wednesday,False,2300.46,1150.23
TXN-0069844,2026-09-09,DXB-004,Dubai,CUST-00677,P015,Tablet,Electronics,1,1286.61,10,1286.61,128.66,1157.95,Apple Pay,Store,2026,9,September,9,Wednesday,False,1157.95,1157.95
TXN-0069888,2026-09-09,DXB-001,Dubai,CUST-02391,P002,Smartphone,Electronics,1,1639.18,10,1639.18,163.92,1475.26,Card,Store,2026,9,September,9,Wednesday,False,1475.26,1475.26
TXN-0069892,2026-09-09,DXB-001,Dubai,CUST-05208,P007,Office Chair,Furniture,1,711.81,0,711.81,0.0,711.81,Card,Online,2026,9,September,9,Wednesday,False,711.81,711.81
TXN-0069957,2026-09-09,DXB-001,Dubai,CUST-00137,P006,Mouse,Accessories,1,88.42,0,88.42,0.0,88.42,Card,Store,2026,9,September,9,Wednesday,False,88.42,88.42
TXN-0070043,2026-09-09,DXB-002,Dubai,CUST-01413,P014,Power Bank,Electronics,3,163.36,0,490.08,0.0,490.08,Apple Pay,Store,2026,9,September,9,Wednesday,False,490.08,163.36
TXN-0070096,2026-09-09,DXB-002,Dubai,CUST-02600,P005,Keyboard,Accessories,1,201.59,0,201.59,0.0,201.59,Card,Online,2026,9,September,9,Wednesday,False,201.59,201.59
TXN-0070134,2026-09-09,DXB-003,Dubai,CUST-07927,P010,Printer,Office,2,689.67,10,1379.34,137.93,1241.41,Card,Store,2026,9,September,9,Wednesday,False,1241.41,620.71
TXN-0070179,2026-09-09,DXB-005,Dubai,CUST-02539,P015,Tablet,Electronics,3,1108.51,0,3325.53,0.0,3325.53,Apple Pay,Online,2026,9,September,9,Wednesday,False,3325.53,1108.51
TXN-0070330,2026-09-09,DXB-001,Dubai,CUST-07926,P009,Backpack,Accessories,2,219.89,20,439.78,87.96,351.82,Card,Store,2026,9,September,9,Wednesday,False,351.82,175.91
TXN-0070359,2026-09-09,DXB-005,Dubai,CUST-00632,P010,Printer,Office,3,781.53,15,2344.59,351.69,1992.9,Cash,Store,2026,9,September,9,Wednesday,False,1992.9,664.3
TXN-0070396,2026-09-09,DXB-001,Dubai,CUST-06616,P007,Office Chair,Furniture,1,642.64,0,642.64,0.0,642.64,Cash,Online,2026,9,September,9,Wednesday,False,642.64,642.64
TXN-0070404,2026-09-09,DXB-001,Dubai,CUST-06435,P014,Power Bank,Electronics,1,142.82,0,142.82,0.0,142.82,Cash,Store,2026,9,September,9,Wednesday,False,142.82,142.82
TXN-0070457,2026-09-09,DXB-001,Dubai,CUST-07325,P015,Tablet,Electronics,3,1174.34,15,3523.02,528.45,2994.57,Card,Online,2026,9,September,9,Wednesday,False,2994.57,998.19
TXN-0070461,2026-09-09,DXB-002,Dubai,CUST-01793,P006,Mouse,Accessories,2,93.95,10,187.9,18.79,169.11,Card,Store,2026,9,September,9,Wednesday,False,169.11,84.56
TXN-0070471,2026-09-09,DXB-005,Dubai,CUST-05877,P013,USB Drive,Accessories,1,47.64,0,47.64,0.0,47.64,Card,Store,2026,9,September,9,Wednesday,False,47.64,47.64
TXN-0070500,2026-09-09,DXB-002,Dubai,CUST-00907,P010,Printer,Office,1,693.84,10,693.84,69.38,624.46,Apple Pay,Store,2026,9,September,9,Wednesday,False,624.46,624.46
TXN-0070563,2026-09-09,DXB-002,Dubai,CUST-05842,P010,Printer,Office,1,721.67,5,721.67,36.08,685.59,Card,Store,2026,9,September,9,Wednesday,False,685.59,685.59
TXN-0070568,2026-09-09,DXB-003,Dubai,CUST-02912,P004,Monitor,Electronics,1,908.82,10,908.82,90.88,817.94,Card,Store,2026,9,September,9,Wednesday,False,817.94,817.94
TXN-0070682,2026-09-09,DXB-003,Dubai,CUST-07501,P005,Keyboard,Accessories,2,166.12,10,332.24,33.22,299.02,Apple Pay,Store,2026,9,September,9,Wednesday,False,299.02,149.51
TXN-0070823,2026-09-09,DXB-001,Dubai,CUST-05803,P009,Backpack,Accessories,1,218.49,0,218.49,0.0,218.49,Card,Online,2026,9,September,9,Wednesday,False,218.49,218.49
TXN-0070845,2026-09-09,DXB-003,Dubai,CUST-00518,P013,USB Drive,Accessories,4,46.98,0,187.92,0.0,187.92,Bank Transfer,Store,2026,9,September,9,Wednesday,False,187.92,46.98
TXN-0070889,2026-09-09,DXB-003,Dubai,CUST-02126,P006,Mouse,Accessories,1,96.55,10,96.55,9.65,86.9,Card,Store,2026,9,September,9,Wednesday,False,86.9,86.9
TXN-0070902,2026-09-09,DXB-003,Dubai,CUST-06737,P012,Pen Pack,Stationery,3,14.67,0,44.01,0.0,44.01,Card,Online,2026,9,September,9,Wednesday,False,44.01,14.67
TXN-0071149,2026-09-09,DXB-002,Dubai,CUST-04604,P010,Printer,Office,2,684.54,0,1369.08,0.0,1369.08,Card,Online,2026,9,September,9,Wednesday,False,1369.08,684.54
TXN-0071150,2026-09-09,DXB-004,Dubai,CUST-00184,P008,Desk,Furniture,1,902.7,5,902.7,45.14,857.56,Cash,Online,2026,9,September,9,Wednesday,False,857.56,857.56
TXN-0071197,2026-09-09,DXB-001,Dubai,CUST-02327,P005,Keyboard,Accessories,3,176.08,0,528.24,0.0,528.24,Apple Pay,Store,2026,9,September,9,Wednesday,False,528.24,176.08
TXN-0071328,2026-09-09,DXB-005,Dubai,CUST-01372,P002,Smartphone,Electronics,3,1659.31,5,4977.93,248.9,4729.03,Apple Pay,Store,2026,9,September,9,Wednesday,False,4729.03,1576.34
TXN-0071391,2026-09-09,DXB-001,Dubai,CUST-01320,P010,Printer,Office,1,696.26,0,696.26,0.0,696.26,Card,Store,2026,9,September,9,Wednesday,False,696.26,696.26
TXN-0071460,2026-09-09,DXB-004,Dubai,CUST-07294,P004,Monitor,Electronics,6,858.61,10,5151.66,515.17,4636.49,Card,Store,2026,9,September,9,Wednesday,False,4636.49,772.75
TXN-0071496,2026-09-09,DXB-003,Dubai,CUST-06130,P006,Mouse,Accessories,1,98.07,15,98.07,14.71,83.36,Cash,Store,2026,9,September,9,Wednesday,False,83.36,83.36
TXN-0071547,2026-09-09,DXB-004,Dubai,CUST-07795,P004,Monitor,Electronics,2,838.1,10,1676.2,167.62,1508.58,Card,Store,2026,9,September,9,Wednesday,False,1508.58,754.29
TXN-0071574,2026-09-09,DXB-004,Dubai,CUST-01995,P001,Laptop,Electronics,2,2771.32,0,5542.64,0.0,5542.64,Apple Pay,Store,2026,9,September,9,Wednesday,False,5542.64,2771.32
TXN-0071743,2026-09-09,DXB-004,Dubai,CUST-04153,P007,Office Chair,Furniture,4,690.83,15,2763.32,414.5,2348.82,Bank Transfer,Store,2026,9,September,9,Wednesday,False,2348.82,587.21
TXN-0071774,2026-09-09,DXB-004,Dubai,CUST-05766,P012,Pen Pack,Stationery,1,16.32,0,16.32,0.0,16.32,Card,Store,2026,9,September,9,Wednesday,False,16.32,16.32
TXN-0071784,2026-09-09,DXB-003,Dubai,CUST-02243,P007,Office Chair,Furniture,1,740.47,10,740.47,74.05,666.42,Card,Online,2026,9,September,9,Wednesday,False,666.42,666.42
TXN-0071871,2026-09-09,DXB-004,Dubai,CUST-01960,P014,Power Bank,Electronics,1,162.52,20,162.52,32.5,130.02,Card,Store,2026,9,September,9,Wednesday,False,130.02,130.02
TXN-0071872,2026-09-09,DXB-003,Dubai,CUST-02134,P002,Smartphone,Electronics,1,1768.02,10,1768.02,176.8,1591.22,Bank Transfer,Store,2026,9,September,9,Wednesday,False,1591.22,1591.22
TXN-0071997,2026-09-09,DXB-004,Dubai,CUST-03404,P012,Pen Pack,Stationery,2,15.21,5,30.42,1.52,28.9,Apple Pay,Store,2026,9,September,9,Wednesday,False,28.9,14.45
TXN-0072020,2026-09-09,DXB-002,Dubai,CUST-07824,P005,Keyboard,Accessories,1,194.95,15,194.95,29.24,165.71,Card,Online,2026,9,September,9,Wednesday,False,165.71,165.71
TXN-0072228,2026-09-09,DXB-003,Dubai,CUST-00082,P007,Office Chair,Furniture,2,688.7,10,1377.4,137.74,1239.66,Card,Store,2026,9,September,9,Wednesday,False,1239.66,619.83
TXN-0072266,2026-09-09,DXB-003,Dubai,CUST-03868,P003,Headphones,Electronics,4,397.35,5,1589.4,79.47,1509.93,Card,Store,2026,9,September,9,Wednesday,False,1509.93,377.48
TXN-0072319,2026-09-09,DXB-003,Dubai,CUST-03194,P003,Headphones,Electronics,1,322.35,0,322.35,0.0,322.35,Card,Store,2026,9,September,9,Wednesday,False,322.35,322.35
TXN-0072356,2026-09-09,DXB-004,Dubai,CUST-02651,P011,Notebook,Stationery,2,25.05,0,50.1,0.0,50.1,Apple Pay,Store,2026,9,September,9,Wednesday,False,50.1,25.05
TXN-0072372,2026-09-09,DXB-001,Dubai,CUST-04023,P008,Desk,Furniture,2,867.03,0,1734.06,0.0,1734.06,Apple Pay,Store,2026,9,September,9,Wednesday,False,1734.06,867.03
TXN-0072430,2026-09-09,DXB-005,Dubai,CUST-00456,P004,Monitor,Electronics,2,783.06,0,1566.12,0.0,1566.12,Card,Store,2026,9,September,9,Wednesday,False,1566.12,783.06
TXN-0072484,2026-09-09,DXB-005,Dubai,CUST-06305,P009,Backpack,Accessories,3,223.62,0,670.86,0.0,670.86,Card,Store,2026,9,September,9,Wednesday,False,670.86,223.62
TXN-0072564,2026-09-09,DXB-004,Dubai,CUST-01306,P015,Tablet,Electronics,1,1195.78,0,1195.78,0.0,1195.78,Card,Store,2026,9,September,9,Wednesday,False,1195.78,1195.78
TXN-0072576,2026-09-09,DXB-001,Dubai,CUST-05453,P012,Pen Pack,Stationery,4,14.84,10,59.36,5.94,53.42,Cash,Online,2026,9,September,9,Wednesday,False,53.42,13.36
TXN-0072617,2026-09-09,DXB-002,Dubai,CUST-02924,P006,Mouse,Accessories,1,94.18,0,94.18,0.0,94.18,Cash,Store,2026,9,September,9,Wednesday,False,94.18,94.18
TXN-0072701,2026-09-09,DXB-005,Dubai,CUST-06145,P001,Laptop,Electronics,2,2932.46,15,5864.92,879.74,4985.18,Apple Pay,Online,2026,9,September,9,Wednesday,False,4985.18,2492.59
TXN-0072722,2026-09-09,DXB-001,Dubai,CUST-07983,P009,Backpack,Accessories,1,218.67,5,218.67,10.93,207.74,Card,Online,2026,9,September,9,Wednesday,False,207.74,207.74
TXN-0072734,2026-09-09,DXB-001,Dubai,CUST-01241,P001,Laptop,Electronics,1,2637.48,10,2637.48,263.75,2373.73,Cash,Store,2026,9,September,9,Wednesday,False,2373.73,2373.73
TXN-0072814,2026-09-09,DXB-003,Dubai,CUST-05586,P003,Headphones,Electronics,1,351.12,10,351.12,35.11,316.01,Card,Store,2026,9,September,9,Wednesday,False,316.01,316.01
TXN-0072834,2026-09-09,DXB-002,Dubai,CUST-02016,P012,Pen Pack,Stationery,1,14.65,0,14.65,0.0,14.65,Apple Pay,Store,2026,9,September,9,Wednesday,False,14.65,14.65
TXN-0072888,2026-09-09,DXB-002,Dubai,CUST-04370,P009,Backpack,Accessories,2,208.48,15,416.96,62.54,354.42,Card,Store,2026,9,September,9,Wednesday,False,354.42,177.21
TXN-0072941,2026-09-09,DXB-001,Dubai,CUST-02423,P009,Backpack,Accessories,1,189.43,10,189.43,18.94,170.49,Cash,Store,2026,9,September,9,Wednesday,False,170.49,170.49
TXN-0072954,2026-09-09,DXB-002,Dubai,CUST-00474,P013,USB Drive,Accessories,2,47.85,15,95.7,14.36,81.34,Apple Pay,Store,2026,9,September,9,Wednesday,False,81.34,40.67
TXN-0073192,2026-09-09,DXB-003,Dubai,CUST-02261,P005,Keyboard,Accessories,2,180.27,10,360.54,36.05,324.49,Bank Transfer,Store,2026,9,September,9,Wednesday,False,324.49,162.24
TXN-0073316,2026-09-09,DXB-001,Dubai,CUST-06979,P008,Desk,Furniture,1,810.13,0,810.13,0.0,810.13,Apple Pay,Online,2026,9,September,9,Wednesday,False,810.13,810.13
TXN-0073338,2026-09-09,DXB-005,Dubai,CUST-02606,P001,Laptop,Electronics,2,2736.36,15,5472.72,820.91,4651.81,Card,Store,2026,9,September,9,Wednesday,False,4651.81,2325.91
TXN-0073358,2026-09-09,DXB-001,Dubai,CUST-06775,P010,Printer,Office,1,794.97,15,794.97,119.25,675.72,Card,Store,2026,9,September,9,Wednesday,False,675.72,675.72
TXN-0073491,2026-09-09,DXB-002,Dubai,CUST-05054,P009,Backpack,Accessories,3,206.61,0,619.83,0.0,619.83,Cash,Store,2026,9,September,9,Wednesday,False,619.83,206.61
TXN-0073539,2026-09-09,DXB-004,Dubai,CUST-02452,P009,Backpack,Accessories,3,209.63,15,628.89,94.33,534.56,Cash,Store,2026,9,September,9,Wednesday,False,534.56,178.19
TXN-0073559,2026-09-09,DXB-004,Dubai,CUST-01166,P014,Power Bank,Electronics,1,153.42,5,153.42,7.67,145.75,Cash,Online,2026,9,September,9,Wednesday,False,145.75,145.75
TXN-0073597,2026-09-09,DXB-001,Dubai,CUST-03109,P003,Headphones,Electronics,2,306.93,5,613.86,30.69,583.17,Card,Online,2026,9,September,9,Wednesday,False,583.17,291.58
TXN-0073639,2026-09-09,DXB-003,Dubai,CUST-02984,P002,Smartphone,Electronics,1,1668.09,20,1668.09,333.62,1334.47,Card,Online,2026,9,September,9,Wednesday,False,1334.47,1334.47
TXN-0073662,2026-09-09,DXB-001,Dubai,CUST-03959,P007,Office Chair,Furniture,2,598.11,10,1196.22,119.62,1076.6,Card,Store,2026,9,September,9,Wednesday,False,1076.6,538.3
TXN-0073672,2026-09-09,DXB-002,Dubai,CUST-05581,P015,Tablet,Electronics,3,1212.12,5,3636.36,181.82,3454.54,Card,Online,2026,9,September,9,Wednesday,False,3454.54,1151.51
TXN-0073675,2026-09-09,DXB-002,Dubai,CUST-05963,P012,Pen Pack,Stationery,2,13.96,0,27.92,0.0,27.92,Card,Store,2026,9,September,9,Wednesday,False,27.92,13.96
TXN-0073707,2026-09-09,DXB-002,Dubai,CUST-03410,P011,Notebook,Stationery,5,22.82,10,114.1,11.41,102.69,Bank Transfer,Store,2026,9,September,9,Wednesday,False,102.69,20.54
TXN-0073971,2026-09-09,DXB-001,Dubai,CUST-03031,P002,Smartphone,Electronics,2,1851.99,15,3703.98,555.6,3148.38,Card,Store,2026,9,September,9,Wednesday,False,3148.38,1574.19
TXN-0073995,2026-09-09,DXB-004,Dubai,CUST-03428,P001,Laptop,Electronics,2,2537.79,0,5075.58,0.0,5075.58,Card,Store,2026,9,September,9,Wednesday,False,5075.58,2537.79
TXN-0074018,2026-09-09,DXB-004,Dubai,CUST-06937,P014,Power Bank,Electronics,1,150.79,0,150.79,0.0,150.79,Card,Store,2026,9,September,9,Wednesday,False,150.79,150.79
TXN-0074058,2026-09-09,DXB-003,Dubai,CUST-06682,P010,Printer,Office,1,672.89,20,672.89,134.58,538.31,Bank Transfer,Store,2026,9,September,9,Wednesday,False,538.31,538.31
TXN-0074113,2026-09-09,DXB-002,Dubai,CUST-01716,P012,Pen Pack,Stationery,2,14.82,0,29.64,0.0,29.64,Card,Online,2026,9,September,9,Wednesday,False,29.64,14.82
TXN-0074117,2026-09-09,DXB-004,Dubai,CUST-02975,P012,Pen Pack,Stationery,1,17.13,0,17.13,0.0,17.13,Cash,Store,2026,9,September,9,Wednesday,False,17.13,17.13
TXN-0074174,2026-09-09,DXB-002,Dubai,CUST-00799,P008,Desk,Furniture,2,751.82,10,1503.64,150.36,1353.28,Card,Online,2026,9,September,9,Wednesday,False,1353.28,676.64
TXN-0074181,2026-09-09,DXB-002,Dubai,CUST-06250,P008,Desk,Furniture,3,771.54,20,2314.62,462.92,1851.7,Cash,Online,2026,9,September,9,Wednesday,False,1851.7,617.23
TXN-0074191,2026-09-09,DXB-001,Dubai,CUST-05701,P008,Desk,Furniture,1,799.56,0,799.56,0.0,799.56,Card,Online,2026,9,September,9,Wednesday,False,799.56,799.56
TXN-0074248,2026-09-09,DXB-002,Dubai,CUST-05639,P012,Pen Pack,Stationery,1,17.55,0,17.55,0.0,17.55,Card,Store,2026,9,September,9,Wednesday,False,17.55,17.55
TXN-0074275,2026-09-09,DXB-002,Dubai,CUST-04070,P011,Notebook,Stationery,1,23.15,20,23.15,4.63,18.52,Card,Store,2026,9,September,9,Wednesday,False,18.52,18.52
TXN-0074328,2026-09-09,DXB-005,Dubai,CUST-06125,P009,Backpack,Accessories,2,233.69,10,467.38,46.74,420.64,Card,Store,2026,9,September,9,Wednesday,False,420.64,210.32
TXN-0074342,2026-09-09,DXB-001,Dubai,CUST-04217,P001,Laptop,Electronics,1,2758.81,0,2758.81,0.0,2758.81,Card,Online,2026,9,September,9,Wednesday,False,2758.81,2758.81
TXN-0074468,2026-09-09,DXB-003,Dubai,CUST-03295,P007,Office Chair,Furniture,4,662.44,0,2649.76,0.0,2649.76,Card,Store,2026,9,September,9,Wednesday,False,2649.76,662.44
TXN-0074508,2026-09-09,DXB-004,Dubai,CUST-00212,P001,Laptop,Electronics,3,2657.35,0,7972.05,0.0,7972.05,Apple Pay,Store,2026,9,September,9,Wednesday,False,7972.05,2657.35
TXN-0074519,2026-09-09,DXB-001,Dubai,CUST-00998,P004,Monitor,Electronics,1,930.69,0,930.69,0.0,930.69,Card,Store,2026,9,September,9,Wednesday,False,930.69,930.69
TXN-0074558,2026-09-09,DXB-002,Dubai,CUST-03556,P014,Power Bank,Electronics,1,144.07,10,144.07,14.41,129.66,Card,Store,2026,9,September,9,Wednesday,False,129.66,129.66
TXN-0074579,2026-09-09,DXB-001,Dubai,CUST-01176,P011,Notebook,Stationery,1,22.42,10,22.42,2.24,20.18,Bank Transfer,Online,2026,9,September,9,Wednesday,False,20.18,20.18
TXN-0074601,2026-09-09,DXB-001,Dubai,CUST-00448,P001,Laptop,Electronics,5,2675.3,5,13376.5,668.82,12707.68,Apple Pay,Online,2026,9,September,9,Wednesday,False,12707.68,2541.54
TXN-0074633,2026-09-09,DXB-002,Dubai,CUST-01370,P010,Printer,Office,2,685.72,15,1371.44,205.72,1165.72,Card,Store,2026,9,September,9,Wednesday,False,1165.72,582.86
TXN-0074634,2026-09-09,DXB-004,Dubai,CUST-03929,P004,Monitor,Electronics,2,914.47,15,1828.94,274.34,1554.6,Card,Store,2026,9,September,9,Wednesday,False,1554.6,777.3
TXN-0074732,2026-09-09,DXB-004,Dubai,CUST-03293,P010,Printer,Office,4,743.33,0,2973.32,0.0,2973.32,Bank Transfer,Online,2026,9,September,9,Wednesday,False,2973.32,743.33
TXN-0074734,2026-09-09,DXB-001,Dubai,CUST-05452,P012,Pen Pack,Stationery,3,15.35,5,46.05,2.3,43.75,Card,Store,2026,9,September,9,Wednesday,False,43.75,14.58
TXN-0074765,2026-09-09,DXB-002,Dubai,CUST-05411,P005,Keyboard,Accessories,2,189.1,5,378.2,18.91,359.29,Apple Pay,Store,2026,9,September,9,Wednesday,False,359.29,179.64
TXN-0074917,2026-09-09,DXB-001,Dubai,CUST-03333,P013,USB Drive,Accessories,1,45.65,5,45.65,2.28,43.37,Card,Store,2026,9,September,9,Wednesday,False,43.37,43.37
TXN-0074949,2026-09-09,DXB-003,Dubai,CUST-04182,P014,Power Bank,Electronics,2,134.23,10,268.46,26.85,241.61,Card,Store,2026,9,September,9,Wednesday,False,241.61,120.8
TXN-0074960,2026-09-09,DXB-001,Dubai,CUST-07753,P013,USB Drive,Accessories,1,39.88,15,39.88,5.98,33.9,Cash,Online,2026,9,September,9,Wednesday,False,33.9,33.9
TXN-0074973,2026-09-09,DXB-001,Dubai,CUST-03878,P002,Smartphone,Electronics,5,1897.46,0,9487.3,0.0,9487.3,Bank Transfer,Store,2026,9,September,9,Wednesday,False,9487.3,1897.46
TXN-0074988,2026-09-09,DXB-001,Dubai,CUST-05804,P007,Office Chair,Furniture,1,636.26,5,636.26,31.81,604.45,Card,Store,2026,9,September,9,Wednesday,False,604.45,604.45
TXN-0075070,2026-09-09,DXB-005,Dubai,CUST-06425,P002,Smartphone,Electronics,1,1665.83,5,1665.83,83.29,1582.54,Card,Online,2026,9,September,9,Wednesday,False,1582.54,1582.54
TXN-0075081,2026-09-09,DXB-005,Dubai,CUST-01149,P002,Smartphone,Electronics,3,1841.8,0,5525.4,0.0,5525.4,Cash,Online,2026,9,September,9,Wednesday,False,5525.4,1841.8
TXN-0075101,2026-09-09,DXB-003,Dubai,CUST-02006,P014,Power Bank,Electronics,1,143.77,15,143.77,21.57,122.2,Apple Pay,Store,2026,9,September,9,Wednesday,False,122.2,122.2
TXN-0075135,2026-09-09,DXB-001,Dubai,CUST-04950,P005,Keyboard,Accessories,1,174.94,0,174.94,0.0,174.94,Apple Pay,Store,2026,9,September,9,Wednesday,False,174.94,174.94
TXN-0075156,2026-09-09,DXB-002,Dubai,CUST-02423,P005,Keyboard,Accessories,1,182.02,10,182.02,18.2,163.82,Card,Store,2026,9,September,9,Wednesday,False,163.82,163.82
TXN-0075231,2026-09-09,DXB-004,Dubai,CUST-04066,P009,Backpack,Accessories,4,216.31,10,865.24,86.52,778.72,Card,Online,2026,9,September,9,Wednesday,False,778.72,194.68
TXN-0075236,2026-09-09,DXB-002,Dubai,CUST-05720,P009,Backpack,Accessories,2,225.87,15,451.74,67.76,383.98,Card,Online,2026,9,September,9,Wednesday,False,383.98,191.99
TXN-0075328,2026-09-09,DXB-004,Dubai,CUST-03380,P008,Desk,Furniture,1,785.94,0,785.94,0.0,785.94,Card,Store,2026,9,September,9,Wednesday,False,785.94,785.94
TXN-0075329,2026-09-09,DXB-005,Dubai,CUST-03006,P012,Pen Pack,Stationery,1,14.56,10,14.56,1.46,13.1,Card,Store,2026,9,September,9,Wednesday,False,13.1,13.1
TXN-0075341,2026-09-09,DXB-003,Dubai,CUST-00834,P003,Headphones,Electronics,5,371.31,10,1856.55,185.66,1670.89,Apple Pay,Online,2026,9,September,9,Wednesday,False,1670.89,334.18
TXN-0075449,2026-09-09,DXB-003,Dubai,CUST-06523,P010,Printer,Office,1,751.99,15,751.99,112.8,639.19,Card,Store,2026,9,September,9,Wednesday,False,639.19,639.19
TXN-0075509,2026-09-09,DXB-005,Dubai,CUST-04019,P004,Monitor,Electronics,1,868.52,15,868.52,130.28,738.24,Apple Pay,Online,2026,9,September,9,Wednesday,False,738.24,738.24
TXN-0075512,2026-09-09,DXB-004,Dubai,CUST-07188,P013,USB Drive,Accessories,2,46.42,10,92.84,9.28,83.56,Card,Store,2026,9,September,9,Wednesday,False,83.56,41.78
TXN-0075532,2026-09-09,DXB-001,Dubai,CUST-00080,P001,Laptop,Electronics,3,3026.65,0,9079.95,0.0,9079.95,Card,Store,2026,9,September,9,Wednesday,False,9079.95,3026.65
TXN-0075536,2026-09-09,DXB-004,Dubai,CUST-04086,P009,Backpack,Accessories,1,212.98,15,212.98,31.95,181.03,Card,Store,2026,9,September,9,Wednesday,False,181.03,181.03
TXN-0075540,2026-09-09,DXB-005,Dubai,CUST-03660,P015,Tablet,Electronics,5,1166.3,20,5831.5,1166.3,4665.2,Cash,Online,2026,9,September,9,Wednesday,False,4665.2,933.04
TXN-0075571,2026-09-09,DXB-004,Dubai,CUST-01621,P011,Notebook,Stationery,1,25.36,20,25.36,5.07,20.29,Cash,Store,2026,9,September,9,Wednesday,False,20.29,20.29
TXN-0075682,2026-09-09,DXB-001,Dubai,CUST-03893,P012,Pen Pack,Stationery,1,14.68,10,14.68,1.47,13.21,Card,Online,2026,9,September,9,Wednesday,False,13.21,13.21
TXN-0075758,2026-09-09,DXB-005,Dubai,CUST-00325,P001,Laptop,Electronics,3,2843.56,10,8530.68,853.07,7677.61,Apple Pay,Online,2026,9,September,9,Wednesday,False,7677.61,2559.2
TXN-0075853,2026-09-09,DXB-002,Dubai,CUST-01459,P014,Power Bank,Electronics,1,138.47,15,138.47,20.77,117.7,Cash,Online,2026,9,September,9,Wednesday,False,117.7,117.7
TXN-0075877,2026-09-09,DXB-001,Dubai,CUST-00645,P002,Smartphone,Electronics,1,1825.36,10,1825.36,182.54,1642.82,Card,Online,2026,9,September,9,Wednesday,False,1642.82,1642.82
TXN-0075966,2026-09-09,DXB-001,Dubai,CUST-06819,P011,Notebook,Stationery,2,27.62,5,55.24,2.76,52.48,Card,Store,2026,9,September,9,Wednesday,False,52.48,26.24
TXN-0075997,2026-09-09,DXB-003,Dubai,CUST-07782,P011,Notebook,Stationery,1,24.57,5,24.57,1.23,23.34,Apple Pay,Online,2026,9,September,9,Wednesday,False,23.34,23.34
TXN-0076092,2026-09-09,DXB-005,Dubai,CUST-01023,P005,Keyboard,Accessories,1,202.7,10,202.7,20.27,182.43,Card,Online,2026,9,September,9,Wednesday,False,182.43,182.43
TXN-0076117,2026-09-09,DXB-005,Dubai,CUST-02324,P008,Desk,Furniture,2,776.53,0,1553.06,0.0,1553.06,Card,Store,2026,9,September,9,Wednesday,False,1553.06,776.53
TXN-0076180,2026-09-09,DXB-001,Dubai,CUST-06165,P002,Smartphone,Electronics,1,1611.95,5,1611.95,80.6,1531.35,Card,Online,2026,9,September,9,Wednesday,False,1531.35,1531.35
TXN-0076185,2026-09-09,DXB-002,Dubai,CUST-04694,P011,Notebook,Stationery,1,28.31,0,28.31,0.0,28.31,Cash,Online,2026,9,September,9,Wednesday,False,28.31,28.31
TXN-0076248,2026-09-09,DXB-003,Dubai,CUST-04891,P003,Headphones,Electronics,3,329.12,10,987.36,98.74,888.62,Cash,Online,2026,9,September,9,Wednesday,False,888.62,296.21
TXN-0076266,2026-09-09,DXB-001,Dubai,CUST-03228,P004,Monitor,Electronics,1,885.41,10,885.41,88.54,796.87,Cash,Store,2026,9,September,9,Wednesday,False,796.87,796.87
TXN-0076299,2026-09-09,DXB-005,Dubai,CUST-07271,P006,Mouse,Accessories,3,109.15,0,327.45,0.0,327.45,Cash,Store,2026,9,September,9,Wednesday,False,327.45,109.15
TXN-0076330,2026-09-09,DXB-001,Dubai,CUST-06979,P015,Tablet,Electronics,3,1166.45,15,3499.35,524.9,2974.45,Apple Pay,Online,2026,9,September,9,Wednesday,False,2974.45,991.48
TXN-0076354,2026-09-09,DXB-003,Dubai,CUST-02850,P010,Printer,Office,1,696.08,5,696.08,34.8,661.28,Apple Pay,Store,2026,9,September,9,Wednesday,False,661.28,661.28
TXN-0076425,2026-09-09,DXB-005,Dubai,CUST-02795,P008,Desk,Furniture,2,726.97,5,1453.94,72.7,1381.24,Card,Online,2026,9,September,9,Wednesday,False,1381.24,690.62
TXN-0076449,2026-09-09,DXB-001,Dubai,CUST-01614,P001,Laptop,Electronics,3,2579.4,0,7738.2,0.0,7738.2,Card,Online,2026,9,September,9,Wednesday,False,7738.2,2579.4
TXN-0076486,2026-09-09,DXB-002,Dubai,CUST-03735,P015,Tablet,Electronics,1,1208.23,10,1208.23,120.82,1087.41,Card,Store,2026,9,September,9,Wednesday,False,1087.41,1087.41
TXN-0076588,2026-09-09,DXB-002,Dubai,CUST-03477,P009,Backpack,Accessories,3,219.27,0,657.81,0.0,657.81,Card,Store,2026,9,September,9,Wednesday,False,657.81,219.27
TXN-0076807,2026-09-09,DXB-002,Dubai,CUST-06365,P008,Desk,Furniture,1,747.54,5,747.54,37.38,710.16,Card,Store,2026,9,September,9,Wednesday,False,710.16,710.16
TXN-0076828,2026-09-09,DXB-004,Dubai,CUST-05867,P004,Monitor,Electronics,3,840.24,0,2520.72,0.0,2520.72,Card,Store,2026,9,September,9,Wednesday,False,2520.72,840.24
TXN-0077011,2026-09-09,DXB-001,Dubai,CUST-04967,P008,Desk,Furniture,2,816.54,10,1633.08,163.31,1469.77,Bank Transfer,Store,2026,9,September,9,Wednesday,False,1469.77,734.88
TXN-0077088,2026-09-09,DXB-005,Dubai,CUST-07584,P012,Pen Pack,Stationery,3,15.96,10,47.88,4.79,43.09,Card,Online,2026,9,September,9,Wednesday,False,43.09,14.36
TXN-0077125,2026-09-09,DXB-004,Dubai,CUST-02372,P004,Monitor,Electronics,5,899.32,5,4496.6,224.83,4271.77,Card,Online,2026,9,September,9,Wednesday,False,4271.77,854.35
TXN-0077144,2026-09-09,DXB-002,Dubai,CUST-05212,P001,Laptop,Electronics,1,2861.67,10,2861.67,286.17,2575.5,Card,Store,2026,9,September,9,Wednesday,False,2575.5,2575.5
TXN-0077200,2026-09-09,DXB-005,Dubai,CUST-07273,P005,Keyboard,Accessories,1,188.59,0,188.59,0.0,188.59,Card,Store,2026,9,September,9,Wednesday,False,188.59,188.59
TXN-0077274,2026-09-09,DXB-005,Dubai,CUST-05385,P003,Headphones,Electronics,1,371.55,15,371.55,55.73,315.82,Card,Store,2026,9,September,9,Wednesday,False,315.82,315.82
TXN-0077364,2026-09-09,DXB-003,Dubai,CUST-00701,P002,Smartphone,Electronics,1,1960.26,0,1960.26,0.0,1960.26,Card,Store,2026,9,September,9,Wednesday,False,1960.26,1960.26
TXN-0077370,2026-09-09,DXB-001,Dubai,CUST-00985,P009,Backpack,Accessories,2,214.95,10,429.9,42.99,386.91,Apple Pay,Store,2026,9,September,9,Wednesday,False,386.91,193.46
TXN-0077441,2026-09-09,DXB-003,Dubai,CUST-06292,P015,Tablet,Electronics,1,1265.09,10,1265.09,126.51,1138.58,Card,Online,2026,9,September,9,Wednesday,False,1138.58,1138.58
TXN-0077457,2026-09-09,DXB-001,Dubai,CUST-05895,P004,Monitor,Electronics,3,915.39,5,2746.17,137.31,2608.86,Apple Pay,Online,2026,9,September,9,Wednesday,False,2608.86,869.62
TXN-0077492,2026-09-09,DXB-004,Dubai,CUST-01713,P011,Notebook,Stationery,4,27.14,5,108.56,5.43,103.13,Cash,Store,2026,9,September,9,Wednesday,False,103.13,25.78
TXN-0077509,2026-09-09,DXB-002,Dubai,CUST-03328,P008,Desk,Furniture,2,820.47,5,1640.94,82.05,1558.89,Card,Online,2026,9,September,9,Wednesday,False,1558.89,779.44
TXN-0077511,2026-09-09,DXB-001,Dubai,CUST-03824,P014,Power Bank,Electronics,3,151.26,10,453.78,45.38,408.4,Card,Store,2026,9,September,9,Wednesday,False,408.4,136.13
TXN-0077615,2026-09-09,DXB-001,Dubai,CUST-04527,P012,Pen Pack,Stationery,3,14.13,10,42.39,4.24,38.15,Card,Store,2026,9,September,9,Wednesday,False,38.15,12.72
TXN-0077628,2026-09-09,DXB-003,Dubai,CUST-02430,P002,Smartphone,Electronics,4,1723.1,5,6892.4,344.62,6547.78,Cash,Online,2026,9,September,9,Wednesday,False,6547.78,1636.94
TXN-0077663,2026-09-09,DXB-001,Dubai,CUST-02522,P010,Printer,Office,2,774.23,5,1548.46,77.42,1471.04,Card,Store,2026,9,September,9,Wednesday,False,1471.04,735.52
TXN-0077726,2026-09-09,DXB-003,Dubai,CUST-06537,P011,Notebook,Stationery,2,26.23,5,52.46,2.62,49.84,Apple Pay,Store,2026,9,September,9,Wednesday,False,49.84,24.92
TXN-0077927,2026-09-09,DXB-001,Dubai,CUST-07216,P012,Pen Pack,Stationery,1,16.17,0,16.17,0.0,16.17,Card,Store,2026,9,September,9,Wednesday,False,16.17,16.17
TXN-0077945,2026-09-09,DXB-004,Dubai,CUST-07970,P001,Laptop,Electronics,1,2927.55,0,2927.55,0.0,2927.55,Apple Pay,Store,2026,9,September,9,Wednesday,False,2927.55,2927.55
TXN-0077996,2026-09-09,DXB-003,Dubai,CUST-07649,P003,Headphones,Electronics,1,326.83,0,326.83,0.0,326.83,Cash,Store,2026,9,September,9,Wednesday,False,326.83,326.83
TXN-0078033,2026-09-09,DXB-005,Dubai,CUST-01984,P006,Mouse,Accessories,2,103.28,0,206.56,0.0,206.56,Cash,Online,2026,9,September,9,Wednesday,False,206.56,103.28
TXN-0078052,2026-09-09,DXB-002,Dubai,CUST-02072,P014,Power Bank,Electronics,2,166.62,15,333.24,49.99,283.25,Card,Online,2026,9,September,9,Wednesday,False,283.25,141.62
TXN-0078100,2026-09-09,DXB-004,Dubai,CUST-03572,P011,Notebook,Stationery,2,23.45,0,46.9,0.0,46.9,Apple Pay,Store,2026,9,September,9,Wednesday,False,46.9,23.45
TXN-0078101,2026-09-09,DXB-001,Dubai,CUST-00482,P012,Pen Pack,Stationery,4,17.53,15,70.12,10.52,59.6,Card,Store,2026,9,September,9,Wednesday,False,59.6,14.9
TXN-0078102,2026-09-09,DXB-002,Dubai,CUST-02921,P001,Laptop,Electronics,2,2800.84,0,5601.68,0.0,5601.68,Apple Pay,Store,2026,9,September,9,Wednesday,False,5601.68,2800.84
TXN-0078123,2026-09-09,DXB-005,Dubai,CUST-01411,P004,Monitor,Electronics,2,944.22,0,1888.44,0.0,1888.44,Card,Store,2026,9,September,9,Wednesday,False,1888.44,944.22
TXN-0078156,2026-09-09,DXB-003,Dubai,CUST-05264,P007,Office Chair,Furniture,2,596.19,0,1192.38,0.0,1192.38,Cash,Store,2026,9,September,9,Wednesday,False,1192.38,596.19
TXN-0078193,2026-09-09,DXB-003,Dubai,CUST-02000,P015,Tablet,Electronics,2,1150.98,0,2301.96,0.0,2301.96,Cash,Store,2026,9,September,9,Wednesday,False,2301.96,1150.98
TXN-0078235,2026-09-09,DXB-001,Dubai,CUST-03036,P005,Keyboard,Accessories,2,173.81,10,347.62,34.76,312.86,Cash,Store,2026,9,September,9,Wednesday,False,312.86,156.43
TXN-0078289,2026-09-09,DXB-001,Dubai,CUST-01614,P014,Power Bank,Electronics,3,157.3,5,471.9,23.6,448.3,Apple Pay,Store,2026,9,September,9,Wednesday,False,448.3,149.43
TXN-0078296,2026-09-09,DXB-002,Dubai,CUST-03234,P011,Notebook,Stationery,3,21.9,0,65.7,0.0,65.7,Cash,Store,2026,9,September,9,Wednesday,False,65.7,21.9
TXN-0078304,2026-09-09,DXB-001,Dubai,CUST-04860,P014,Power Bank,Electronics,1,138.08,10,138.08,13.81,124.27,Card,Online,2026,9,September,9,Wednesday,False,124.27,124.27
TXN-0078503,2026-09-09,DXB-003,Dubai,CUST-03930,P001,Laptop,Electronics,1,2855.57,5,2855.57,142.78,2712.79,Cash,Store,2026,9,September,9,Wednesday,False,2712.79,2712.79
TXN-0078599,2026-09-09,DXB-001,Dubai,CUST-00400,P005,Keyboard,Accessories,2,184.98,10,369.96,37.0,332.96,Card,Store,2026,9,September,9,Wednesday,False,332.96,166.48
TXN-0078606,2026-09-09,DXB-001,Dubai,CUST-04668,P008,Desk,Furniture,1,842.88,10,842.88,84.29,758.59,Apple Pay,Store,2026,9,September,9,Wednesday,False,758.59,758.59
TXN-0078676,2026-09-09,DXB-002,Dubai,CUST-02996,P013,USB Drive,Accessories,2,41.06,15,82.12,12.32,69.8,Bank Transfer,Store,2026,9,September,9,Wednesday,False,69.8,34.9
TXN-0078749,2026-09-09,DXB-004,Dubai,CUST-07927,P009,Backpack,Accessories,4,218.74,0,874.96,0.0,874.96,Bank Transfer,Store,2026,9,September,9,Wednesday,False,874.96,218.74
TXN-0078797,2026-09-09,DXB-004,Dubai,CUST-00229,P002,Smartphone,Electronics,2,1620.33,5,3240.66,162.03,3078.63,Apple Pay,Store,2026,9,September,9,Wednesday,False,3078.63,1539.32
TXN-0078891,2026-09-09,DXB-005,Dubai,CUST-06827,P014,Power Bank,Electronics,4,155.72,0,622.88,0.0,622.88,Bank Transfer,Store,2026,9,September,9,Wednesday,False,622.88,155.72
TXN-0079046,2026-09-09,DXB-005,Dubai,CUST-03338,P004,Monitor,Electronics,2,917.59,0,1835.18,0.0,1835.18,Apple Pay,Online,2026,9,September,9,Wednesday,False,1835.18,917.59
TXN-0079062,2026-09-09,DXB-005,Dubai,CUST-01241,P006,Mouse,Accessories,1,102.32,15,102.32,15.35,86.97,Card,Store,2026,9,September,9,Wednesday,False,86.97,86.97
TXN-0079174,2026-09-09,DXB-002,Dubai,CUST-03367,P010,Printer,Office,2,710.39,15,1420.78,213.12,1207.66,Card,Store,2026,9,September,9,Wednesday,False,1207.66,603.83
TXN-0079235,2026-09-09,DXB-001,Dubai,CUST-03990,P010,Printer,Office,1,705.48,0,705.48,0.0,705.48,Cash,Store,2026,9,September,9,Wednesday,False,705.48,705.48
TXN-0079241,2026-09-09,DXB-003,Dubai,CUST-00144,P011,Notebook,Stationery,2,27.94,10,55.88,5.59,50.29,Apple Pay,Store,2026,9,September,9,Wednesday,False,50.29,25.14
TXN-0079297,2026-09-09,DXB-002,Dubai,CUST-07449,P003,Headphones,Electronics,1,316.54,0,316.54,0.0,316.54,Bank Transfer,Store,2026,9,September,9,Wednesday,False,316.54,316.54
TXN-0079298,2026-09-09,DXB-001,Dubai,CUST-03812,P011,Notebook,Stationery,1,23.63,5,23.63,1.18,22.45,Card,Store,2026,9,September,9,Wednesday,False,22.45,22.45
TXN-0079309,2026-09-09,DXB-001,Dubai,CUST-05940,P001,Laptop,Electronics,2,2713.95,5,5427.9,271.4,5156.5,Card,Store,2026,9,September,9,Wednesday,False,5156.5,2578.25
TXN-0079357,2026-09-09,DXB-003,Dubai,CUST-02190,P015,Tablet,Electronics,1,1113.8,10,1113.8,111.38,1002.42,Card,Store,2026,9,September,9,Wednesday,False,1002.42,1002.42
TXN-0079727,2026-09-09,DXB-002,Dubai,CUST-01544,P004,Monitor,Electronics,1,910.35,0,910.35,0.0,910.35,Apple Pay,Online,2026,9,September,9,Wednesday,False,910.35,910.35
TXN-0079801,2026-09-09,DXB-001,Dubai,CUST-06227,P014,Power Bank,Electronics,2,146.02,10,292.04,29.2,262.84,Card,Store,2026,9,September,9,Wednesday,False,262.84,131.42
TXN-0079820,2026-09-09,DXB-001,Dubai,CUST-06792,P007,Office Chair,Furniture,3,681.8,15,2045.4,306.81,1738.59,Card,Store,2026,9,September,9,Wednesday,False,1738.59,579.53
TXN-0079827,2026-09-09,DXB-002,Dubai,CUST-02637,P007,Office Chair,Furniture,2,679.15,0,1358.3,0.0,1358.3,Card,Store,2026,9,September,9,Wednesday,False,1358.3,679.15
TXN-0079850,2026-09-09,DXB-002,Dubai,CUST-04358,P007,Office Chair,Furniture,1,619.2,0,619.2,0.0,619.2,Cash,Store,2026,9,September,9,Wednesday,False,619.2,619.2
TXN-0079856,2026-09-09,DXB-004,Dubai,CUST-06651,P002,Smartphone,Electronics,1,1867.2,5,1867.2,93.36,1773.84,Cash,Store,2026,9,September,9,Wednesday,False,1773.84,1773.84
TXN-0079863,2026-09-09,DXB-002,Dubai,CUST-03625,P004,Monitor,Electronics,1,895.68,5,895.68,44.78,850.9,Apple Pay,Store,2026,9,September,9,Wednesday,False,850.9,850.9
TXN-0079922,2026-09-09,DXB-002,Dubai,CUST-06739,P007,Office Chair,Furniture,1,647.79,0,647.79,0.0,647.79,Cash,Store,2026,9,September,9,Wednesday,False,647.79,647.79
TXN-0079991,2026-09-09,DXB-001,Dubai,CUST-06911,P012,Pen Pack,Stationery,1,16.22,15,16.22,2.43,13.79,Card,Online,2026,9,September,9,Wednesday,False,13.79,13.79
TXN-0080118,2026-09-09,DXB-004,Dubai,CUST-03343,P004,Monitor,Electronics,1,879.26,20,879.26,175.85,703.41,Card,Store,2026,9,September,9,Wednesday,False,703.41,703.41
TXN-0080142,2026-09-09,DXB-002,Dubai,CUST-02580,P012,Pen Pack,Stationery,2,16.1,5,32.2,1.61,30.59,Card,Store,2026,9,September,9,Wednesday,False,30.59,15.3
TXN-0080296,2026-09-09,DXB-004,Dubai,CUST-00237,P012,Pen Pack,Stationery,2,15.56,0,31.12,0.0,31.12,Card,Store,2026,9,September,9,Wednesday,False,31.12,15.56
TXN-0080320,2026-09-09,DXB-003,Dubai,CUST-06885,P009,Backpack,Accessories,1,223.74,0,223.74,0.0,223.74,Card,Online,2026,9,September,9,Wednesday,False,223.74,223.74
TXN-0080397,2026-09-09,DXB-004,Dubai,CUST-05021,P008,Desk,Furniture,2,736.12,15,1472.24,220.84,1251.4,Apple Pay,Store,2026,9,September,9,Wednesday,False,1251.4,625.7
TXN-0080401,2026-09-09,DXB-001,Dubai,CUST-04060,P003,Headphones,Electronics,1,365.42,0,365.42,0.0,365.42,Apple Pay,Store,2026,9,September,9,Wednesday,False,365.42,365.42
TXN-0080470,2026-09-09,DXB-002,Dubai,CUST-02990,P013,USB Drive,Accessories,1,46.27,5,46.27,2.31,43.96,Apple Pay,Online,2026,9,September,9,Wednesday,False,43.96,43.96
TXN-0080478,2026-09-09,DXB-004,Dubai,CUST-04934,P005,Keyboard,Accessories,3,179.46,15,538.38,80.76,457.62,Bank Transfer,Store,2026,9,September,9,Wednesday,False,457.62,152.54
TXN-0080572,2026-09-09,DXB-003,Dubai,CUST-02048,P001,Laptop,Electronics,1,2957.32,0,2957.32,0.0,2957.32,Cash,Store,2026,9,September,9,Wednesday,False,2957.32,2957.32
TXN-0080606,2026-09-09,DXB-003,Dubai,CUST-03525,P006,Mouse,Accessories,2,91.54,0,183.08,0.0,183.08,Card,Store,2026,9,September,9,Wednesday,False,183.08,91.54
TXN-0080650,2026-09-09,DXB-001,Dubai,CUST-01007,P004,Monitor,Electronics,2,918.5,0,1837.0,0.0,1837.0,Bank Transfer,Store,2026,9,September,9,Wednesday,False,1837.0,918.5
TXN-0080657,2026-09-09,DXB-005,Dubai,CUST-05477,P004,Monitor,Electronics,1,916.82,20,916.82,183.36,733.46,Bank Transfer,Store,2026,9,September,9,Wednesday,False,733.46,733.46
TXN-0080702,2026-09-09,DXB-003,Dubai,CUST-04178,P006,Mouse,Accessories,3,99.75,5,299.25,14.96,284.29,Card,Store,2026,9,September,9,Wednesday,False,284.29,94.76
TXN-0080741,2026-09-09,DXB-002,Dubai,CUST-00807,P005,Keyboard,Accessories,2,187.53,10,375.06,37.51,337.55,Card,Online,2026,9,September,9,Wednesday,False,337.55,168.78
TXN-0080773,2026-09-09,DXB-003,Dubai,CUST-07587,P004,Monitor,Electronics,1,871.88,10,871.88,87.19,784.69,Apple Pay,Store,2026,9,September,9,Wednesday,False,784.69,784.69
TXN-0080986,2026-09-09,DXB-002,Dubai,CUST-05885,P012,Pen Pack,Stationery,1,14.52,0,14.52,0.0,14.52,Apple Pay,Store,2026,9,September,9,Wednesday,False,14.52,14.52
TXN-0081004,2026-09-09,DXB-004,Dubai,CUST-00727,P014,Power Bank,Electronics,4,148.05,0,592.2,0.0,592.2,Card,Online,2026,9,September,9,Wednesday,False,592.2,148.05
TXN-0081022,2026-09-09,DXB-004,Dubai,CUST-07220,P007,Office Chair,Furniture,1,619.42,0,619.42,0.0,619.42,Cash,Store,2026,9,September,9,Wednesday,False,619.42,619.42
TXN-0081065,2026-09-09,DXB-003,Dubai,CUST-05588,P011,Notebook,Stationery,6,26.04,5,156.24,7.81,148.43,Card,Store,2026,9,September,9,Wednesday,False,148.43,24.74
TXN-0081100,2026-09-09,DXB-004,Dubai,CUST-02904,P011,Notebook,Stationery,1,24.18,15,24.18,3.63,20.55,Cash,Store,2026,9,September,9,Wednesday,False,20.55,20.55
TXN-0081135,2026-09-09,DXB-002,Dubai,CUST-05476,P010,Printer,Office,1,648.41,0,648.41,0.0,648.41,Bank Transfer,Online,2026,9,September,9,Wednesday,False,648.41,648.41
TXN-0081137,2026-09-09,DXB-001,Dubai,CUST-06999,P002,Smartphone,Electronics,2,1737.46,15,3474.92,521.24,2953.68,Card,Store,2026,9,September,9,Wednesday,False,2953.68,1476.84
TXN-0081139,2026-09-09,DXB-003,Dubai,CUST-01488,P012,Pen Pack,Stationery,3,14.61,15,43.83,6.57,37.26,Apple Pay,Store,2026,9,September,9,Wednesday,False,37.26,12.42
TXN-0081171,2026-09-09,DXB-005,Dubai,CUST-03051,P013,USB Drive,Accessories,1,42.51,10,42.51,4.25,38.26,Card,Online,2026,9,September,9,Wednesday,False,38.26,38.26
TXN-0081202,2026-09-09,DXB-001,Dubai,CUST-07809,P004,Monitor,Electronics,1,941.36,15,941.36,141.2,800.16,Apple Pay,Online,2026,9,September,9,Wednesday,False,800.16,800.16
TXN-0081251,2026-09-09,DXB-002,Dubai,CUST-01443,P002,Smartphone,Electronics,1,1839.97,0,1839.97,0.0,1839.97,Card,Online,2026,9,September,9,Wednesday,False,1839.97,1839.97
TXN-0081289,2026-09-09,DXB-002,Dubai,CUST-07643,P002,Smartphone,Electronics,1,1799.44,5,1799.44,89.97,1709.47,Card,Store,2026,9,September,9,Wednesday,False,1709.47,1709.47
TXN-0081318,2026-09-09,DXB-005,Dubai,CUST-07942,P015,Tablet,Electronics,2,1127.83,0,2255.66,0.0,2255.66,Card,Store,2026,9,September,9,Wednesday,False,2255.66,1127.83
TXN-0081371,2026-09-09,DXB-004,Dubai,CUST-02476,P001,Laptop,Electronics,1,2973.67,0,2973.67,0.0,2973.67,Apple Pay,Store,2026,9,September,9,Wednesday,False,2973.67,2973.67
TXN-0081400,2026-09-09,DXB-002,Dubai,CUST-06605,P003,Headphones,Electronics,1,359.04,0,359.04,0.0,359.04,Card,Store,2026,9,September,9,Wednesday,False,359.04,359.04
TXN-0081404,2026-09-09,DXB-005,Dubai,CUST-07744,P006,Mouse,Accessories,1,103.16,10,103.16,10.32,92.84,Cash,Online,2026,9,September,9,Wednesday,False,92.84,92.84
TXN-0081419,2026-09-09,DXB-001,Dubai,CUST-06384,P014,Power Bank,Electronics,1,146.78,0,146.78,0.0,146.78,Cash,Store,2026,9,September,9,Wednesday,False,146.78,146.78
TXN-0081456,2026-09-09,DXB-004,Dubai,CUST-01428,P008,Desk,Furniture,1,733.64,15,733.64,110.05,623.59,Cash,Online,2026,9,September,9,Wednesday,False,623.59,623.59
TXN-0081504,2026-09-09,DXB-001,Dubai,CUST-02899,P014,Power Bank,Electronics,1,149.17,0,149.17,0.0,149.17,Card,Store,2026,9,September,9,Wednesday,False,149.17,149.17
TXN-0081558,2026-09-09,DXB-005,Dubai,CUST-04817,P014,Power Bank,Electronics,1,153.26,10,153.26,15.33,137.93,Card,Online,2026,9,September,9,Wednesday,False,137.93,137.93
TXN-0081688,2026-09-09,DXB-001,Dubai,CUST-06008,P006,Mouse,Accessories,3,89.76,0,269.28,0.0,269.28,Card,Store,2026,9,September,9,Wednesday,False,269.28,89.76
TXN-0081693,2026-09-09,DXB-001,Dubai,CUST-00055,P006,Mouse,Accessories,2,100.94,20,201.88,40.38,161.5,Card,Online,2026,9,September,9,Wednesday,False,161.5,80.75
TXN-0081717,2026-09-09,DXB-002,Dubai,CUST-06500,P002,Smartphone,Electronics,1,1725.38,10,1725.38,172.54,1552.84,Card,Online,2026,9,September,9,Wednesday,False,1552.84,1552.84
TXN-0081740,2026-09-09,DXB-001,Dubai,CUST-03053,P013,USB Drive,Accessories,4,43.19,5,172.76,8.64,164.12,Apple Pay,Store,2026,9,September,9,Wednesday,False,164.12,41.03
TXN-0081749,2026-09-09,DXB-001,Dubai,CUST-02914,P008,Desk,Furniture,1,811.3,10,811.3,81.13,730.17,Apple Pay,Store,2026,9,September,9,Wednesday,False,730.17,730.17
TXN-0081772,2026-09-09,DXB-004,Dubai,CUST-06761,P009,Backpack,Accessories,1,214.43,0,214.43,0.0,214.43,Cash,Store,2026,9,September,9,Wednesday,False,214.43,214.43
TXN-0081805,2026-09-09,DXB-001,Dubai,CUST-04417,P013,USB Drive,Accessories,1,45.32,5,45.32,2.27,43.05,Card,Online,2026,9,September,9,Wednesday,False,43.05,43.05
TXN-0081921,2026-09-09,DXB-002,Dubai,CUST-05431,P015,Tablet,Electronics,3,1074.32,0,3222.96,0.0,3222.96,Apple Pay,Store,2026,9,September,9,Wednesday,False,3222.96,1074.32
TXN-0082083,2026-09-09,DXB-002,Dubai,CUST-00186,P014,Power Bank,Electronics,2,145.66,10,291.32,29.13,262.19,Bank Transfer,Store,2026,9,September,9,Wednesday,False,262.19,131.1
TXN-0082099,2026-09-09,DXB-003,Dubai,CUST-04707,P003,Headphones,Electronics,1,335.67,10,335.67,33.57,302.1,Cash,Online,2026,9,September,9,Wednesday,False,302.1,302.1
TXN-0082113,2026-09-09,DXB-001,Dubai,CUST-07855,P003,Headphones,Electronics,1,370.77,0,370.77,0.0,370.77,Bank Transfer,Store,2026,9,September,9,Wednesday,False,370.77,370.77
TXN-0082131,2026-09-09,DXB-005,Dubai,CUST-04398,P013,USB Drive,Accessories,1,46.41,0,46.41,0.0,46.41,Card,Store,2026,9,September,9,Wednesday,False,46.41,46.41
TXN-0082205,2026-09-09,DXB-005,Dubai,CUST-02671,P014,Power Bank,Electronics,2,144.59,15,289.18,43.38,245.8,Apple Pay,Online,2026,9,September,9,Wednesday,False,245.8,122.9
TXN-0082389,2026-09-09,DXB-002,Dubai,CUST-07949,P007,Office Chair,Furniture,1,637.18,5,637.18,31.86,605.32,Apple Pay,Store,2026,9,September,9,Wednesday,False,605.32,605.32
TXN-0082439,2026-09-09,DXB-003,Dubai,CUST-06908,P005,Keyboard,Accessories,1,172.61,10,172.61,17.26,155.35,Card,Store,2026,9,September,9,Wednesday,False,155.35,155.35
TXN-0082481,2026-09-09,DXB-001,Dubai,CUST-06080,P013,USB Drive,Accessories,1,44.85,5,44.85,2.24,42.61,Cash,Store,2026,9,September,9,Wednesday,False,42.61,42.61
TXN-0082499,2026-09-09,DXB-005,Dubai,CUST-06673,P012,Pen Pack,Stationery,1,15.75,5,15.75,0.79,14.96,Apple Pay,Online,2026,9,September,9,Wednesday,False,14.96,14.96
TXN-0082519,2026-09-09,DXB-005,Dubai,CUST-03641,P013,USB Drive,Accessories,1,41.36,0,41.36,0.0,41.36,Bank Transfer,Store,2026,9,September,9,Wednesday,False,41.36,41.36
TXN-0082535,2026-09-09,DXB-001,Dubai,CUST-03490,P014,Power Bank,Electronics,1,167.28,20,167.28,33.46,133.82,Apple Pay,Online,2026,9,September,9,Wednesday,False,133.82,133.82
TXN-0082577,2026-09-09,DXB-001,Dubai,CUST-07756,P001,Laptop,Electronics,2,2719.12,0,5438.24,0.0,5438.24,Card,Store,2026,9,September,9,Wednesday,False,5438.24,2719.12
TXN-0082587,2026-09-09,DXB-004,Dubai,CUST-00605,P013,USB Drive,Accessories,1,39.02,10,39.02,3.9,35.12,Apple Pay,Store,2026,9,September,9,Wednesday,False,35.12,35.12
TXN-0082595,2026-09-09,DXB-005,Dubai,CUST-03861,P008,Desk,Furniture,1,810.75,0,810.75,0.0,810.75,Card,Online,2026,9,September,9,Wednesday,False,810.75,810.75
TXN-0082609,2026-09-09,DXB-001,Dubai,CUST-06685,P012,Pen Pack,Stationery,1,14.82,10,14.82,1.48,13.34,Cash,Store,2026,9,September,9,Wednesday,False,13.34,13.34
TXN-0082626,2026-09-09,DXB-003,Dubai,CUST-02360,P009,Backpack,Accessories,1,237.79,15,237.79,35.67,202.12,Cash,Store,2026,9,September,9,Wednesday,False,202.12,202.12
TXN-0082710,2026-09-09,DXB-004,Dubai,CUST-01754,P002,Smartphone,Electronics,2,1767.88,10,3535.76,353.58,3182.18,Card,Store,2026,9,September,9,Wednesday,False,3182.18,1591.09
TXN-0082734,2026-09-09,DXB-002,Dubai,CUST-04437,P014,Power Bank,Electronics,3,150.5,0,451.5,0.0,451.5,Apple Pay,Online,2026,9,September,9,Wednesday,False,451.5,150.5
TXN-0082741,2026-09-09,DXB-001,Dubai,CUST-01346,P015,Tablet,Electronics,1,1184.27,5,1184.27,59.21,1125.06,Apple Pay,Store,2026,9,September,9,Wednesday,False,1125.06,1125.06
TXN-0082865,2026-09-09,DXB-005,Dubai,CUST-01951,P014,Power Bank,Electronics,1,145.99,0,145.99,0.0,145.99,Bank Transfer,Online,2026,9,September,9,Wednesday,False,145.99,145.99
TXN-0082888,2026-09-09,DXB-002,Dubai,CUST-05931,P001,Laptop,Electronics,2,2857.14,0,5714.28,0.0,5714.28,Apple Pay,Store,2026,9,September,9,Wednesday,False,5714.28,2857.14
TXN-0082895,2026-09-09,DXB-004,Dubai,CUST-01642,P011,Notebook,Stationery,2,26.57,0,53.14,0.0,53.14,Card,Store,2026,9,September,9,Wednesday,False,53.14,26.57
TXN-0082948,2026-09-09,DXB-002,Dubai,CUST-07746,P001,Laptop,Electronics,1,2916.35,5,2916.35,145.82,2770.53,Apple Pay,Online,2026,9,September,9,Wednesday,False,2770.53,2770.53
TXN-0082972,2026-09-09,DXB-003,Dubai,CUST-05708,P009,Backpack,Accessories,3,202.95,5,608.85,30.44,578.41,Card,Online,2026,9,September,9,Wednesday,False,578.41,192.8
TXN-0083000,2026-09-09,DXB-001,Dubai,CUST-05216,P002,Smartphone,Electronics,1,1915.91,5,1915.91,95.8,1820.11,Card,Store,2026,9,September,9,Wednesday,False,1820.11,1820.11
TXN-0083005,2026-09-09,DXB-003,Dubai,CUST-06285,P009,Backpack,Accessories,3,222.08,20,666.24,133.25,532.99,Card,Store,2026,9,September,9,Wednesday,False,532.99,177.66
TXN-0083093,2026-09-09,DXB-002,Dubai,CUST-06828,P006,Mouse,Accessories,1,103.89,5,103.89,5.19,98.7,Apple Pay,Online,2026,9,September,9,Wednesday,False,98.7,98.7
TXN-0083101,2026-09-09,DXB-002,Dubai,CUST-04580,P014,Power Bank,Electronics,1,139.22,5,139.22,6.96,132.26,Apple Pay,Store,2026,9,September,9,Wednesday,False,132.26,132.26
TXN-0083140,2026-09-09,DXB-002,Dubai,CUST-06273,P009,Backpack,Accessories,2,213.02,0,426.04,0.0,426.04,Card,Store,2026,9,September,9,Wednesday,False,426.04,213.02
TXN-0083175,2026-09-09,DXB-005,Dubai,CUST-01602,P015,Tablet,Electronics,1,1187.44,5,1187.44,59.37,1128.07,Cash,Store,2026,9,September,9,Wednesday,False,1128.07,1128.07
TXN-0083221,2026-09-09,DXB-003,Dubai,CUST-06673,P008,Desk,Furniture,2,822.54,5,1645.08,82.25,1562.83,Card,Store,2026,9,September,9,Wednesday,False,1562.83,781.42
TXN-0083231,2026-09-09,DXB-005,Dubai,CUST-05036,P009,Backpack,Accessories,1,244.61,0,244.61,0.0,244.61,Cash,Store,2026,9,September,9,Wednesday,False,244.61,244.61
TXN-0083241,2026-09-09,DXB-003,Dubai,CUST-01567,P004,Monitor,Electronics,3,862.78,10,2588.34,258.83,2329.51,Apple Pay,Store,2026,9,September,9,Wednesday,False,2329.51,776.5
TXN-0083255,2026-09-09,DXB-001,Dubai,CUST-05255,P008,Desk,Furniture,3,826.36,0,2479.08,0.0,2479.08,Apple Pay,Store,2026,9,September,9,Wednesday,False,2479.08,826.36
TXN-0083287,2026-09-09,DXB-003,Dubai,CUST-04631,P015,Tablet,Electronics,3,1192.59,10,3577.77,357.78,3219.99,Card,Store,2026,9,September,9,Wednesday,False,3219.99,1073.33
TXN-0083295,2026-09-09,DXB-005,Dubai,CUST-06759,P008,Desk,Furniture,2,849.85,0,1699.7,0.0,1699.7,Apple Pay,Store,2026,9,September,9,Wednesday,False,1699.7,849.85
TXN-0083300,2026-09-09,DXB-005,Dubai,CUST-01490,P015,Tablet,Electronics,1,1270.55,10,1270.55,127.06,1143.49,Cash,Store,2026,9,September,9,Wednesday,False,1143.49,1143.49
TXN-0083426,2026-09-09,DXB-003,Dubai,CUST-04091,P003,Headphones,Electronics,1,352.51,15,352.51,52.88,299.63,Bank Transfer,Store,2026,9,September,9,Wednesday,False,299.63,299.63
TXN-0083505,2026-09-09,DXB-003,Dubai,CUST-00574,P004,Monitor,Electronics,1,925.55,5,925.55,46.28,879.27,Card,Online,2026,9,September,9,Wednesday,False,879.27,879.27
TXN-0083526,2026-09-09,DXB-001,Dubai,CUST-03689,P008,Desk,Furniture,1,744.49,0,744.49,0.0,744.49,Card,Online,2026,9,September,9,Wednesday,False,744.49,744.49
TXN-0083659,2026-09-09,DXB-004,Dubai,CUST-03161,P001,Laptop,Electronics,1,2633.72,0,2633.72,0.0,2633.72,Card,Store,2026,9,September,9,Wednesday,False,2633.72,2633.72
TXN-0083674,2026-09-09,DXB-005,Dubai,CUST-03475,P015,Tablet,Electronics,1,1089.07,20,1089.07,217.81,871.26,Apple Pay,Store,2026,9,September,9,Wednesday,False,871.26,871.26
TXN-0083688,2026-09-09,DXB-004,Dubai,CUST-00677,P013,USB Drive,Accessories,3,45.6,5,136.8,6.84,129.96,Bank Transfer,Store,2026,9,September,9,Wednesday,False,129.96,43.32
TXN-0083722,2026-09-09,DXB-003,Dubai,CUST-05777,P009,Backpack,Accessories,2,204.72,5,409.44,20.47,388.97,Apple Pay,Store,2026,9,September,9,Wednesday,False,388.97,194.48
TXN-0083764,2026-09-09,DXB-003,Dubai,CUST-02533,P008,Desk,Furniture,4,785.74,15,3142.96,471.44,2671.52,Bank Transfer,Online,2026,9,September,9,Wednesday,False,2671.52,667.88
TXN-0083821,2026-09-09,DXB-002,Dubai,CUST-02513,P013,USB Drive,Accessories,4,45.07,0,180.28,0.0,180.28,Card,Store,2026,9,September,9,Wednesday,False,180.28,45.07
TXN-0083856,2026-09-09,DXB-002,Dubai,CUST-03711,P015,Tablet,Electronics,1,1213.77,0,1213.77,0.0,1213.77,Card,Online,2026,9,September,9,Wednesday,False,1213.77,1213.77
TXN-0083930,2026-09-09,DXB-001,Dubai,CUST-03790,P012,Pen Pack,Stationery,1,16.95,10,16.95,1.7,15.25,Card,Store,2026,9,September,9,Wednesday,False,15.25,15.25
TXN-0083986,2026-09-09,DXB-003,Dubai,CUST-03203,P005,Keyboard,Accessories,3,168.99,10,506.97,50.7,456.27,Card,Store,2026,9,September,9,Wednesday,False,456.27,152.09
TXN-0084019,2026-09-09,DXB-005,Dubai,CUST-01340,P011,Notebook,Stationery,1,22.75,15,22.75,3.41,19.34,Card,Store,2026,9,September,9,Wednesday,False,19.34,19.34
TXN-0084066,2026-09-09,DXB-001,Dubai,CUST-02879,P011,Notebook,Stationery,1,26.1,0,26.1,0.0,26.1,Card,Store,2026,9,September,9,Wednesday,False,26.1,26.1
TXN-0084108,2026-09-09,DXB-001,Dubai,CUST-04608,P008,Desk,Furniture,2,802.75,5,1605.5,80.28,1525.22,Card,Store,2026,9,September,9,Wednesday,False,1525.22,762.61
TXN-0084165,2026-09-09,DXB-004,Dubai,CUST-06738,P006,Mouse,Accessories,2,101.93,5,203.86,10.19,193.67,Apple Pay,Online,2026,9,September,9,Wednesday,False,193.67,96.84
TXN-0084195,2026-09-09,DXB-004,Dubai,CUST-07282,P004,Monitor,Electronics,2,923.41,15,1846.82,277.02,1569.8,Cash,Store,2026,9,September,9,Wednesday,False,1569.8,784.9
TXN-0084234,2026-09-09,DXB-002,Dubai,CUST-01841,P001,Laptop,Electronics,1,2703.41,0,2703.41,0.0,2703.41,Card,Store,2026,9,September,9,Wednesday,False,2703.41,2703.41
TXN-0084261,2026-09-09,DXB-003,Dubai,CUST-01758,P001,Laptop,Electronics,1,2767.84,0,2767.84,0.0,2767.84,Card,Store,2026,9,September,9,Wednesday,False,2767.84,2767.84
TXN-0084283,2026-09-09,DXB-001,Dubai,CUST-02201,P009,Backpack,Accessories,3,176.29,5,528.87,26.44,502.43,Card,Store,2026,9,September,9,Wednesday,False,502.43,167.48
TXN-0084323,2026-09-09,DXB-003,Dubai,CUST-00419,P010,Printer,Office,4,702.56,5,2810.24,140.51,2669.73,Card,Store,2026,9,September,9,Wednesday,False,2669.73,667.43
TXN-0084327,2026-09-09,DXB-003,Dubai,CUST-01137,P008,Desk,Furniture,3,765.45,5,2296.35,114.82,2181.53,Bank Transfer,Store,2026,9,September,9,Wednesday,False,2181.53,727.18
TXN-0084337,2026-09-09,DXB-004,Dubai,CUST-07446,P010,Printer,Office,1,740.9,15,740.9,111.14,629.76,Apple Pay,Store,2026,9,September,9,Wednesday,False,629.76,629.76
TXN-0084367,2026-09-09,DXB-003,Dubai,CUST-02274,P004,Monitor,Electronics,1,831.58,0,831.58,0.0,831.58,Card,Store,2026,9,September,9,Wednesday,False,831.58,831.58
TXN-0084397,2026-09-09,DXB-005,Dubai,CUST-05140,P011,Notebook,Stationery,3,25.68,0,77.04,0.0,77.04,Card,Store,2026,9,September,9,Wednesday,False,77.04,25.68
TXN-0084426,2026-09-09,DXB-004,Dubai,CUST-03233,P015,Tablet,Electronics,1,1163.18,5,1163.18,58.16,1105.02,Bank Transfer,Online,2026,9,September,9,Wednesday,False,1105.02,1105.02
TXN-0084474,2026-09-09,DXB-005,Dubai,CUST-04156,P011,Notebook,Stationery,1,27.51,10,27.51,2.75,24.76,Card,Store,2026,9,September,9,Wednesday,False,24.76,24.76
TXN-0084532,2026-09-09,DXB-005,Dubai,CUST-06345,P015,Tablet,Electronics,3,1271.13,0,3813.39,0.0,3813.39,Apple Pay,Online,2026,9,September,9,Wednesday,False,3813.39,1271.13
TXN-0084715,2026-09-09,DXB-001,Dubai,CUST-03680,P011,Notebook,Stationery,1,26.43,10,26.43,2.64,23.79,Card,Store,2026,9,September,9,Wednesday,False,23.79,23.79
TXN-0084798,2026-09-09,DXB-004,Dubai,CUST-00221,P003,Headphones,Electronics,2,322.35,0,644.7,0.0,644.7,Bank Transfer,Online,2026,9,September,9,Wednesday,False,644.7,322.35
TXN-0084850,2026-09-09,DXB-002,Dubai,CUST-03917,P013,USB Drive,Accessories,1,41.56,10,41.56,4.16,37.4,Cash,Store,2026,9,September,9,Wednesday,False,37.4,37.4
TXN-0084962,2026-09-09,DXB-002,Dubai,CUST-02073,P001,Laptop,Electronics,2,2841.93,0,5683.86,0.0,5683.86,Cash,Store,2026,9,September,9,Wednesday,False,5683.86,2841.93
TXN-0084970,2026-09-09,DXB-003,Dubai,CUST-03138,P012,Pen Pack,Stationery,5,14.64,0,73.2,0.0,73.2,Cash,Online,2026,9,September,9,Wednesday,False,73.2,14.64
TXN-0085095,2026-09-09,DXB-001,Dubai,CUST-07514,P009,Backpack,Accessories,2,208.23,0,416.46,0.0,416.46,Bank Transfer,Online,2026,9,September,9,Wednesday,False,416.46,208.23
TXN-0085108,2026-09-09,DXB-005,Dubai,CUST-06572,P008,Desk,Furniture,1,758.37,10,758.37,75.84,682.53,Card,Online,2026,9,September,9,Wednesday,False,682.53,682.53
TXN-0085152,2026-09-09,DXB-005,Dubai,CUST-00836,P003,Headphones,Electronics,1,348.27,10,348.27,34.83,313.44,Card,Store,2026,9,September,9,Wednesday,False,313.44,313.44
TXN-0085296,2026-09-09,DXB-001,Dubai,CUST-02066,P003,Headphones,Electronics,2,357.74,0,715.48,0.0,715.48,Cash,Store,2026,9,September,9,Wednesday,False,715.48,357.74
TXN-0085298,2026-09-09,DXB-002,Dubai,CUST-01246,P002,Smartphone,Electronics,2,1899.37,0,3798.74,0.0,3798.74,Bank Transfer,Online,2026,9,September,9,Wednesday,False,3798.74,1899.37
TXN-0085319,2026-09-09,DXB-003,Dubai,CUST-05523,P003,Headphones,Electronics,1,350.26,15,350.26,52.54,297.72,Apple Pay,Store,2026,9,September,9,Wednesday,False,297.72,297.72
TXN-0085368,2026-09-09,DXB-002,Dubai,CUST-02522,P006,Mouse,Accessories,1,97.97,10,97.97,9.8,88.17,Bank Transfer,Store,2026,9,September,9,Wednesday,False,88.17,88.17
TXN-0085438,2026-09-09,DXB-002,Dubai,CUST-03739,P010,Printer,Office,1,712.1,5,712.1,35.6,676.5,Card,Store,2026,9,September,9,Wednesday,False,676.5,676.5
TXN-0085485,2026-09-09,DXB-001,Dubai,CUST-07075,P010,Printer,Office,4,730.84,5,2923.36,146.17,2777.19,Card,Online,2026,9,September,9,Wednesday,False,2777.19,694.3
TXN-0085512,2026-09-09,DXB-004,Dubai,CUST-02381,P004,Monitor,Electronics,1,983.16,5,983.16,49.16,934.0,Card,Online,2026,9,September,9,Wednesday,False,934.0,934.0
TXN-0085534,2026-09-09,DXB-003,Dubai,CUST-03642,P006,Mouse,Accessories,1,89.15,5,89.15,4.46,84.69,Card,Online,2026,9,September,9,Wednesday,False,84.69,84.69
TXN-0085592,2026-09-09,DXB-004,Dubai,CUST-01583,P003,Headphones,Electronics,2,383.74,0,767.48,0.0,767.48,Card,Store,2026,9,September,9,Wednesday,False,767.48,383.74
TXN-0085638,2026-09-09,DXB-005,Dubai,CUST-00049,P012,Pen Pack,Stationery,3,18.17,0,54.51,0.0,54.51,Cash,Store,2026,9,September,9,Wednesday,False,54.51,18.17
TXN-0085655,2026-09-09,DXB-001,Dubai,CUST-06836,P004,Monitor,Electronics,2,910.86,5,1821.72,91.09,1730.63,Cash,Online,2026,9,September,9,Wednesday,False,1730.63,865.32
TXN-0085690,2026-09-09,DXB-005,Dubai,CUST-07193,P007,Office Chair,Furniture,1,671.91,15,671.91,100.79,571.12,Card,Store,2026,9,September,9,Wednesday,False,571.12,571.12
TXN-0085698,2026-09-09,DXB-004,Dubai,CUST-01948,P012,Pen Pack,Stationery,2,14.53,0,29.06,0.0,29.06,Card,Store,2026,9,September,9,Wednesday,False,29.06,14.53
TXN-0085712,2026-09-09,DXB-003,Dubai,CUST-04860,P008,Desk,Furniture,1,914.75,15,914.75,137.21,777.54,Bank Transfer,Online,2026,9,September,9,Wednesday,False,777.54,777.54
TXN-0085723,2026-09-09,DXB-001,Dubai,CUST-06694,P013,USB Drive,Accessories,1,43.73,0,43.73,0.0,43.73,Card,Store,2026,9,September,9,Wednesday,False,43.73,43.73
TXN-0085801,2026-09-09,DXB-004,Dubai,CUST-07176,P004,Monitor,Electronics,2,844.06,15,1688.12,253.22,1434.9,Bank Transfer,Store,2026,9,September,9,Wednesday,False,1434.9,717.45
TXN-0085821,2026-09-09,DXB-001,Dubai,CUST-01750,P015,Tablet,Electronics,3,1170.83,10,3512.49,351.25,3161.24,Card,Store,2026,9,September,9,Wednesday,False,3161.24,1053.75
TXN-0085938,2026-09-09,DXB-002,Dubai,CUST-02893,P008,Desk,Furniture,4,763.51,5,3054.04,152.7,2901.34,Apple Pay,Store,2026,9,September,9,Wednesday,False,2901.34,725.34
TXN-0085960,2026-09-09,DXB-005,Dubai,CUST-02231,P013,USB Drive,Accessories,1,45.6,5,45.6,2.28,43.32,Cash,Store,2026,9,September,9,Wednesday,False,43.32,43.32
TXN-0085986,2026-09-09,DXB-005,Dubai,CUST-04164,P007,Office Chair,Furniture,2,626.87,5,1253.74,62.69,1191.05,Cash,Online,2026,9,September,9,Wednesday,False,1191.05,595.52
TXN-0085998,2026-09-09,DXB-001,Dubai,CUST-02091,P001,Laptop,Electronics,2,2855.1,0,5710.2,0.0,5710.2,Cash,Online,2026,9,September,9,Wednesday,False,5710.2,2855.1
TXN-0086003,2026-09-09,DXB-001,Dubai,CUST-01510,P003,Headphones,Electronics,1,350.06,0,350.06,0.0,350.06,Card,Store,2026,9,September,9,Wednesday,False,350.06,350.06
TXN-0086039,2026-09-09,DXB-003,Dubai,CUST-03522,P004,Monitor,Electronics,3,852.67,15,2558.01,383.7,2174.31,Cash,Online,2026,9,September,9,Wednesday,False,2174.31,724.77
TXN-0086049,2026-09-09,DXB-001,Dubai,CUST-02306,P010,Printer,Office,1,730.05,5,730.05,36.5,693.55,Apple Pay,Online,2026,9,September,9,Wednesday,False,693.55,693.55
TXN-0086057,2026-09-09,DXB-002,Dubai,CUST-00768,P015,Tablet,Electronics,1,1183.07,0,1183.07,0.0,1183.07,Card,Online,2026,9,September,9,Wednesday,False,1183.07,1183.07
TXN-0086068,2026-09-09,DXB-005,Dubai,CUST-05314,P013,USB Drive,Accessories,1,45.08,5,45.08,2.25,42.83,Card,Online,2026,9,September,9,Wednesday,False,42.83,42.83
TXN-0086086,2026-09-09,DXB-002,Dubai,CUST-00943,P004,Monitor,Electronics,2,961.16,15,1922.32,288.35,1633.97,Card,Store,2026,9,September,9,Wednesday,False,1633.97,816.98
TXN-0086100,2026-09-09,DXB-005,Dubai,CUST-03423,P011,Notebook,Stationery,4,23.87,5,95.48,4.77,90.71,Cash,Online,2026,9,September,9,Wednesday,False,90.71,22.68
TXN-0086112,2026-09-09,DXB-001,Dubai,CUST-00854,P009,Backpack,Accessories,2,212.84,0,425.68,0.0,425.68,Card,Store,2026,9,September,9,Wednesday,False,425.68,212.84
TXN-0086125,2026-09-09,DXB-002,Dubai,CUST-04203,P007,Office Chair,Furniture,1,594.94,10,594.94,59.49,535.45,Card,Online,2026,9,September,9,Wednesday,False,535.45,535.45
TXN-0086143,2026-09-09,DXB-001,Dubai,CUST-02296,P015,Tablet,Electronics,1,1109.04,5,1109.04,55.45,1053.59,Cash,Online,2026,9,September,9,Wednesday,False,1053.59,1053.59
TXN-0086225,2026-09-09,DXB-002,Dubai,CUST-07298,P007,Office Chair,Furniture,4,672.47,0,2689.88,0.0,2689.88,Card,Store,2026,9,September,9,Wednesday,False,2689.88,672.47
TXN-0086297,2026-09-09,DXB-003,Dubai,CUST-06025,P005,Keyboard,Accessories,6,167.19,10,1003.14,100.31,902.83,Card,Store,2026,9,September,9,Wednesday,False,902.83,150.47
TXN-0086362,2026-09-09,DXB-004,Dubai,CUST-05997,P003,Headphones,Electronics,3,319.41,0,958.23,0.0,958.23,Cash,Store,2026,9,September,9,Wednesday,False,958.23,319.41
TXN-0086365,2026-09-09,DXB-003,Dubai,CUST-00405,P005,Keyboard,Accessories,2,177.65,5,355.3,17.76,337.54,Bank Transfer,Store,2026,9,September,9,Wednesday,False,337.54,168.77
TXN-0086402,2026-09-09,DXB-004,Dubai,CUST-06408,P010,Printer,Office,4,670.21,10,2680.84,268.08,2412.76,Cash,Online,2026,9,September,9,Wednesday,False,2412.76,603.19
TXN-0086411,2026-09-09,DXB-001,Dubai,CUST-06918,P004,Monitor,Electronics,6,898.73,20,5392.38,1078.48,4313.9,Card,Store,2026,9,September,9,Wednesday,False,4313.9,718.98
TXN-0086584,2026-09-09,DXB-004,Dubai,CUST-01014,P009,Backpack,Accessories,1,206.73,0,206.73,0.0,206.73,Apple Pay,Store,2026,9,September,9,Wednesday,False,206.73,206.73
TXN-0086659,2026-09-09,DXB-001,Dubai,CUST-04801,P004,Monitor,Electronics,3,907.89,10,2723.67,272.37,2451.3,Cash,Store,2026,9,September,9,Wednesday,False,2451.3,817.1
TXN-0086733,2026-09-09,DXB-005,Dubai,CUST-00555,P003,Headphones,Electronics,1,358.63,5,358.63,17.93,340.7,Apple Pay,Store,2026,9,September,9,Wednesday,False,340.7,340.7
TXN-0086817,2026-09-09,DXB-003,Dubai,CUST-02617,P011,Notebook,Stationery,1,26.78,15,26.78,4.02,22.76,Card,Store,2026,9,September,9,Wednesday,False,22.76,22.76
TXN-0086875,2026-09-09,DXB-002,Dubai,CUST-04111,P011,Notebook,Stationery,1,22.63,0,22.63,0.0,22.63,Card,Store,2026,9,September,9,Wednesday,False,22.63,22.63
TXN-0086916,2026-09-09,DXB-004,Dubai,CUST-06757,P011,Notebook,Stationery,4,24.56,0,98.24,0.0,98.24,Cash,Store,2026,9,September,9,Wednesday,False,98.24,24.56
TXN-0086939,2026-09-09,DXB-003,Dubai,CUST-04093,P003,Headphones,Electronics,4,389.01,10,1556.04,155.6,1400.44,Cash,Store,2026,9,September,9,Wednesday,False,1400.44,350.11
TXN-0086940,2026-09-09,DXB-003,Dubai,CUST-03722,P004,Monitor,Electronics,2,931.23,20,1862.46,372.49,1489.97,Apple Pay,Store,2026,9,September,9,Wednesday,False,1489.97,744.98
TXN-0086967,2026-09-09,DXB-005,Dubai,CUST-01156,P006,Mouse,Accessories,1,103.99,10,103.99,10.4,93.59,Cash,Store,2026,9,September,9,Wednesday,False,93.59,93.59
TXN-0087082,2026-09-09,DXB-002,Dubai,CUST-03279,P002,Smartphone,Electronics,1,1965.17,5,1965.17,98.26,1866.91,Bank Transfer,Store,2026,9,September,9,Wednesday,False,1866.91,1866.91
TXN-0087084,2026-09-09,DXB-005,Dubai,CUST-02614,P012,Pen Pack,Stationery,1,15.23,0,15.23,0.0,15.23,Apple Pay,Store,2026,9,September,9,Wednesday,False,15.23,15.23
TXN-0087111,2026-09-09,DXB-001,Dubai,CUST-04873,P012,Pen Pack,Stationery,2,13.45,10,26.9,2.69,24.21,Cash,Store,2026,9,September,9,Wednesday,False,24.21,12.1
TXN-0087132,2026-09-09,DXB-002,Dubai,CUST-01958,P002,Smartphone,Electronics,4,1970.41,5,7881.64,394.08,7487.56,Card,Online,2026,9,September,9,Wednesday,False,7487.56,1871.89
TXN-0087139,2026-09-09,DXB-005,Dubai,CUST-04678,P001,Laptop,Electronics,2,2907.74,15,5815.48,872.32,4943.16,Card,Online,2026,9,September,9,Wednesday,False,4943.16,2471.58
TXN-0087155,2026-09-09,DXB-001,Dubai,CUST-02487,P003,Headphones,Electronics,1,355.82,0,355.82,0.0,355.82,Bank Transfer,Store,2026,9,September,9,Wednesday,False,355.82,355.82
TXN-0087171,2026-09-09,DXB-003,Dubai,CUST-05146,P001,Laptop,Electronics,3,2806.63,0,8419.89,0.0,8419.89,Card,Store,2026,9,September,9,Wednesday,False,8419.89,2806.63
TXN-0087192,2026-09-09,DXB-001,Dubai,CUST-04366,P010,Printer,Office,1,738.15,5,738.15,36.91,701.24,Card,Online,2026,9,September,9,Wednesday,False,701.24,701.24
TXN-0087207,2026-09-09,DXB-004,Dubai,CUST-00887,P012,Pen Pack,Stationery,1,14.74,10,14.74,1.47,13.27,Card,Store,2026,9,September,9,Wednesday,False,13.27,13.27
TXN-0087225,2026-09-09,DXB-002,Dubai,CUST-00508,P007,Office Chair,Furniture,2,651.64,15,1303.28,195.49,1107.79,Apple Pay,Store,2026,9,September,9,Wednesday,False,1107.79,553.9
TXN-0087230,2026-09-09,DXB-001,Dubai,CUST-02514,P002,Smartphone,Electronics,4,2027.28,5,8109.12,405.46,7703.66,Bank Transfer,Online,2026,9,September,9,Wednesday,False,7703.66,1925.92
TXN-0087279,2026-09-09,DXB-002,Dubai,CUST-03824,P001,Laptop,Electronics,1,2730.63,10,2730.63,273.06,2457.57,Bank Transfer,Online,2026,9,September,9,Wednesday,False,2457.57,2457.57
TXN-0087310,2026-09-09,DXB-005,Dubai,CUST-07622,P012,Pen Pack,Stationery,1,14.72,0,14.72,0.0,14.72,Apple Pay,Store,2026,9,September,9,Wednesday,False,14.72,14.72
TXN-0087556,2026-09-09,DXB-005,Dubai,CUST-01909,P001,Laptop,Electronics,4,2781.76,10,11127.04,1112.7,10014.34,Card,Store,2026,9,September,9,Wednesday,False,10014.34,2503.58
TXN-0087568,2026-09-09,DXB-005,Dubai,CUST-01107,P009,Backpack,Accessories,1,225.38,5,225.38,11.27,214.11,Card,Store,2026,9,September,9,Wednesday,False,214.11,214.11
TXN-0087588,2026-09-09,DXB-003,Dubai,CUST-06069,P013,USB Drive,Accessories,1,45.71,0,45.71,0.0,45.71,Cash,Store,2026,9,September,9,Wednesday,False,45.71,45.71
TXN-0087687,2026-09-09,DXB-001,Dubai,CUST-04614,P012,Pen Pack,Stationery,2,15.32,10,30.64,3.06,27.58,Cash,Online,2026,9,September,9,Wednesday,False,27.58,13.79
TXN-0087794,2026-09-09,DXB-004,Dubai,CUST-03170,P009,Backpack,Accessories,5,206.46,5,1032.3,51.62,980.68,Card,Store,2026,9,September,9,Wednesday,False,980.68,196.14
TXN-0087830,2026-09-09,DXB-004,Dubai,CUST-07015,P001,Laptop,Electronics,2,2873.07,0,5746.14,0.0,5746.14,Apple Pay,Store,2026,9,September,9,Wednesday,False,5746.14,2873.07
TXN-0087833,2026-09-09,DXB-001,Dubai,CUST-00774,P013,USB Drive,Accessories,2,47.83,0,95.66,0.0,95.66,Apple Pay,Store,2026,9,September,9,Wednesday,False,95.66,47.83
TXN-0087893,2026-09-09,DXB-002,Dubai,CUST-04243,P006,Mouse,Accessories,6,100.46,0,602.76,0.0,602.76,Card,Online,2026,9,September,9,Wednesday,False,602.76,100.46
TXN-0087926,2026-09-09,DXB-004,Dubai,CUST-00120,P012,Pen Pack,Stationery,1,16.91,5,16.91,0.85,16.06,Apple Pay,Store,2026,9,September,9,Wednesday,False,16.06,16.06
TXN-0088107,2026-09-09,DXB-003,Dubai,CUST-04185,P009,Backpack,Accessories,1,220.1,0,220.1,0.0,220.1,Cash,Store,2026,9,September,9,Wednesday,False,220.1,220.1
TXN-0088256,2026-09-09,DXB-001,Dubai,CUST-00603,P009,Backpack,Accessories,2,207.43,5,414.86,20.74,394.12,Cash,Online,2026,9,September,9,Wednesday,False,394.12,197.06
TXN-0088277,2026-09-09,DXB-002,Dubai,CUST-00232,P004,Monitor,Electronics,2,889.22,0,1778.44,0.0,1778.44,Card,Online,2026,9,September,9,Wednesday,False,1778.44,889.22
TXN-0088307,2026-09-09,DXB-004,Dubai,CUST-00212,P012,Pen Pack,Stationery,1,15.1,0,15.1,0.0,15.1,Apple Pay,Online,2026,9,September,9,Wednesday,False,15.1,15.1
TXN-0088376,2026-09-09,DXB-002,Dubai,CUST-05532,P010,Printer,Office,3,731.86,0,2195.58,0.0,2195.58,Card,Online,2026,9,September,9,Wednesday,False,2195.58,731.86
TXN-0088395,2026-09-09,DXB-005,Dubai,CUST-07485,P004,Monitor,Electronics,4,851.98,10,3407.92,340.79,3067.13,Apple Pay,Store,2026,9,September,9,Wednesday,False,3067.13,766.78
TXN-0088412,2026-09-09,DXB-003,Dubai,CUST-07909,P011,Notebook,Stationery,3,22.33,0,66.99,0.0,66.99,Card,Store,2026,9,September,9,Wednesday,False,66.99,22.33
TXN-0088440,2026-09-09,DXB-002,Dubai,CUST-02822,P004,Monitor,Electronics,1,932.52,5,932.52,46.63,885.89,Cash,Store,2026,9,September,9,Wednesday,False,885.89,885.89
TXN-0088472,2026-09-09,DXB-005,Dubai,CUST-06432,P014,Power Bank,Electronics,2,150.48,10,300.96,30.1,270.86,Apple Pay,Online,2026,9,September,9,Wednesday,False,270.86,135.43
TXN-0088678,2026-09-09,DXB-004,Dubai,CUST-06404,P010,Printer,Office,1,665.26,10,665.26,66.53,598.73,Card,Store,2026,9,September,9,Wednesday,False,598.73,598.73
TXN-0088751,2026-09-09,DXB-002,Dubai,CUST-06614,P010,Printer,Office,2,704.72,10,1409.44,140.94,1268.5,Apple Pay,Online,2026,9,September,9,Wednesday,False,1268.5,634.25
TXN-0088816,2026-09-09,DXB-001,Dubai,CUST-06701,P007,Office Chair,Furniture,1,641.64,0,641.64,0.0,641.64,Card,Store,2026,9,September,9,Wednesday,False,641.64,641.64
TXN-0088913,2026-09-09,DXB-004,Dubai,CUST-00816,P015,Tablet,Electronics,1,1238.63,10,1238.63,123.86,1114.77,Card,Store,2026,9,September,9,Wednesday,False,1114.77,1114.77
TXN-0089009,2026-09-09,DXB-003,Dubai,CUST-04347,P007,Office Chair,Furniture,1,638.5,10,638.5,63.85,574.65,Apple Pay,Store,2026,9,September,9,Wednesday,False,574.65,574.65
TXN-0089033,2026-09-09,DXB-004,Dubai,CUST-06557,P012,Pen Pack,Stationery,2,15.92,0,31.84,0.0,31.84,Card,Store,2026,9,September,9,Wednesday,False,31.84,15.92
TXN-0089138,2026-09-09,DXB-004,Dubai,CUST-06574,P003,Headphones,Electronics,1,350.93,5,350.93,17.55,333.38,Bank Transfer,Store,2026,9,September,9,Wednesday,False,333.38,333.38
TXN-0089148,2026-09-09,DXB-005,Dubai,CUST-07649,P015,Tablet,Electronics,1,1290.96,0,1290.96,0.0,1290.96,Card,Store,2026,9,September,9,Wednesday,False,1290.96,1290.96
TXN-0089167,2026-09-09,DXB-001,Dubai,CUST-01435,P010,Printer,Office,2,675.37,0,1350.74,0.0,1350.74,Apple Pay,Store,2026,9,September,9,Wednesday,False,1350.74,675.37
TXN-0089266,2026-09-09,DXB-001,Dubai,CUST-00257,P002,Smartphone,Electronics,1,1724.13,5,1724.13,86.21,1637.92,Apple Pay,Store,2026,9,September,9,Wednesday,False,1637.92,1637.92
TXN-0089278,2026-09-09,DXB-001,Dubai,CUST-01558,P008,Desk,Furniture,1,804.41,5,804.41,40.22,764.19,Apple Pay,Online,2026,9,September,9,Wednesday,False,764.19,764.19
TXN-0089308,2026-09-09,DXB-002,Dubai,CUST-01508,P011,Notebook,Stationery,6,21.52,10,129.12,12.91,116.21,Apple Pay,Store,2026,9,September,9,Wednesday,False,116.21,19.37
TXN-0089329,2026-09-09,DXB-004,Dubai,CUST-04639,P006,Mouse,Accessories,3,93.97,5,281.91,14.1,267.81,Card,Store,2026,9,September,9,Wednesday,False,267.81,89.27
TXN-0089377,2026-09-09,DXB-005,Dubai,CUST-07874,P011,Notebook,Stationery,2,24.84,0,49.68,0.0,49.68,Card,Store,2026,9,September,9,Wednesday,False,49.68,24.84
TXN-0089490,2026-09-09,DXB-004,Dubai,CUST-07041,P006,Mouse,Accessories,1,100.75,0,100.75,0.0,100.75,Bank Transfer,Store,2026,9,September,9,Wednesday,False,100.75,100.75
TXN-0089526,2026-09-09,DXB-004,Dubai,CUST-03780,P011,Notebook,Stationery,2,26.43,0,52.86,0.0,52.86,Card,Store,2026,9,September,9,Wednesday,False,52.86,26.43
TXN-0089612,2026-09-09,DXB-002,Dubai,CUST-06385,P002,Smartphone,Electronics,3,1835.73,0,5507.19,0.0,5507.19,Card,Store,2026,9,September,9,Wednesday,False,5507.19,1835.73
TXN-0089626,2026-09-09,DXB-001,Dubai,CUST-00037,P015,Tablet,Electronics,1,1235.06,0,1235.06,0.0,1235.06,Card,Store,2026,9,September,9,Wednesday,False,1235.06,1235.06
TXN-0089685,2026-09-09,DXB-003,Dubai,CUST-06198,P001,Laptop,Electronics,3,2524.86,15,7574.58,1136.19,6438.39,Apple Pay,Online,2026,9,September,9,Wednesday,False,6438.39,2146.13
TXN-0089706,2026-09-09,DXB-005,Dubai,CUST-06353,P003,Headphones,Electronics,1,350.57,5,350.57,17.53,333.04,Card,Online,2026,9,September,9,Wednesday,False,333.04,333.04
TXN-0089755,2026-09-09,DXB-002,Dubai,CUST-03468,P003,Headphones,Electronics,1,347.69,5,347.69,17.38,330.31,Apple Pay,Online,2026,9,September,9,Wednesday,False,330.31,330.31
TXN-0089757,2026-09-09,DXB-001,Dubai,CUST-01412,P009,Backpack,Accessories,1,231.14,0,231.14,0.0,231.14,Apple Pay,Online,2026,9,September,9,Wednesday,False,231.14,231.14
TXN-0089811,2026-09-09,DXB-002,Dubai,CUST-04693,P005,Keyboard,Accessories,2,179.81,0,359.62,0.0,359.62,Card,Store,2026,9,September,9,Wednesday,False,359.62,179.81
TXN-0089851,2026-09-09,DXB-001,Dubai,CUST-01131,P014,Power Bank,Electronics,1,167.56,15,167.56,25.13,142.43,Card,Store,2026,9,September,9,Wednesday,False,142.43,142.43
TXN-0089886,2026-09-09,DXB-003,Dubai,CUST-07992,P009,Backpack,Accessories,3,235.73,0,707.19,0.0,707.19,Card,Online,2026,9,September,9,Wednesday,False,707.19,235.73
TXN-0089899,2026-09-09,DXB-005,Dubai,CUST-05502,P005,Keyboard,Accessories,1,183.18,10,183.18,18.32,164.86,Apple Pay,Store,2026,9,September,9,Wednesday,False,164.86,164.86
TXN-0090049,2026-09-09,DXB-005,Dubai,CUST-02314,P001,Laptop,Electronics,1,3088.34,0,3088.34,0.0,3088.34,Apple Pay,Online,2026,9,September,9,Wednesday,False,3088.34,3088.34
TXN-0090164,2026-09-09,DXB-003,Dubai,CUST-07344,P004,Monitor,Electronics,3,955.4,10,2866.2,286.62,2579.58,Cash,Store,2026,9,September,9,Wednesday,False,2579.58,859.86
TXN-0090173,2026-09-09,DXB-003,Dubai,CUST-01450,P014,Power Bank,Electronics,3,142.94,0,428.82,0.0,428.82,Bank Transfer,Store,2026,9,September,9,Wednesday,False,428.82,142.94
TXN-0090188,2026-09-09,DXB-004,Dubai,CUST-01711,P010,Printer,Office,5,729.63,0,3648.15,0.0,3648.15,Card,Online,2026,9,September,9,Wednesday,False,3648.15,729.63
TXN-0090229,2026-09-09,DXB-005,Dubai,CUST-02857,P004,Monitor,Electronics,1,968.58,20,968.58,193.72,774.86,Cash,Store,2026,9,September,9,Wednesday,False,774.86,774.86
TXN-0090253,2026-09-09,DXB-001,Dubai,CUST-04275,P003,Headphones,Electronics,1,367.95,10,367.95,36.8,331.15,Card,Store,2026,9,September,9,Wednesday,False,331.15,331.15
TXN-0090269,2026-09-09,DXB-001,Dubai,CUST-02953,P015,Tablet,Electronics,4,1178.97,15,4715.88,707.38,4008.5,Apple Pay,Store,2026,9,September,9,Wednesday,False,4008.5,1002.12
TXN-0090285,2026-09-09,DXB-004,Dubai,CUST-03531,P014,Power Bank,Electronics,1,141.28,5,141.28,7.06,134.22,Card,Online,2026,9,September,9,Wednesday,False,134.22,134.22
TXN-0090293,2026-09-09,DXB-004,Dubai,CUST-00885,P013,USB Drive,Accessories,1,45.67,15,45.67,6.85,38.82,Apple Pay,Store,2026,9,September,9,Wednesday,False,38.82,38.82
TXN-0090351,2026-09-09,DXB-004,Dubai,CUST-04391,P004,Monitor,Electronics,1,967.13,10,967.13,96.71,870.42,Apple Pay,Store,2026,9,September,9,Wednesday,False,870.42,870.42
TXN-0090365,2026-09-09,DXB-002,Dubai,CUST-04078,P011,Notebook,Stationery,1,24.43,10,24.43,2.44,21.99,Cash,Store,2026,9,September,9,Wednesday,False,21.99,21.99
TXN-0090392,2026-09-09,DXB-002,Dubai,CUST-01591,P005,Keyboard,Accessories,6,168.9,15,1013.4,152.01,861.39,Cash,Online,2026,9,September,9,Wednesday,False,861.39,143.56
TXN-0090398,2026-09-09,DXB-005,Dubai,CUST-03599,P001,Laptop,Electronics,1,2919.57,0,2919.57,0.0,2919.57,Card,Store,2026,9,September,9,Wednesday,False,2919.57,2919.57
TXN-0090419,2026-09-09,DXB-002,Dubai,CUST-06250,P015,Tablet,Electronics,1,1188.55,0,1188.55,0.0,1188.55,Card,Store,2026,9,September,9,Wednesday,False,1188.55,1188.55
TXN-0090429,2026-09-09,DXB-003,Dubai,CUST-05596,P007,Office Chair,Furniture,1,650.11,0,650.11,0.0,650.11,Card,Store,2026,9,September,9,Wednesday,False,650.11,650.11
TXN-0090474,2026-09-09,DXB-001,Dubai,CUST-02219,P013,USB Drive,Accessories,2,44.91,10,89.82,8.98,80.84,Card,Online,2026,9,September,9,Wednesday,False,80.84,40.42
TXN-0090534,2026-09-09,DXB-005,Dubai,CUST-03419,P006,Mouse,Accessories,2,119.57,15,239.14,35.87,203.27,Card,Online,2026,9,September,9,Wednesday,False,203.27,101.64
TXN-0090535,2026-09-09,DXB-003,Dubai,CUST-01868,P002,Smartphone,Electronics,2,1854.15,5,3708.3,185.42,3522.88,Cash,Store,2026,9,September,9,Wednesday,False,3522.88,1761.44
TXN-0090578,2026-09-09,DXB-004,Dubai,CUST-01755,P011,Notebook,Stationery,2,22.7,10,45.4,4.54,40.86,Card,Store,2026,9,September,9,Wednesday,False,40.86,20.43
TXN-0090612,2026-09-09,DXB-003,Dubai,CUST-00217,P012,Pen Pack,Stationery,6,14.09,0,84.54,0.0,84.54,Card,Store,2026,9,September,9,Wednesday,False,84.54,14.09
TXN-0090652,2026-09-09,DXB-001,Dubai,CUST-07663,P003,Headphones,Electronics,1,332.32,5,332.32,16.62,315.7,Apple Pay,Store,2026,9,September,9,Wednesday,False,315.7,315.7
TXN-0090747,2026-09-09,DXB-004,Dubai,CUST-06694,P011,Notebook,Stationery,1,21.14,0,21.14,0.0,21.14,Card,Store,2026,9,September,9,Wednesday,False,21.14,21.14
TXN-0090753,2026-09-09,DXB-004,Dubai,CUST-07508,P003,Headphones,Electronics,3,350.1,5,1050.3,52.52,997.78,Apple Pay,Store,2026,9,September,9,Wednesday,False,997.78,332.59
TXN-0090780,2026-09-09,DXB-002,Dubai,CUST-01593,P008,Desk,Furniture,3,830.05,15,2490.15,373.52,2116.63,Bank Transfer,Store,2026,9,September,9,Wednesday,False,2116.63,705.54
TXN-0090783,2026-09-09,DXB-001,Dubai,CUST-04849,P012,Pen Pack,Stationery,1,14.73,5,14.73,0.74,13.99,Card,Store,2026,9,September,9,Wednesday,False,13.99,13.99
TXN-0090785,2026-09-09,DXB-005,Dubai,CUST-01796,P008,Desk,Furniture,4,810.73,0,3242.92,0.0,3242.92,Cash,Store,2026,9,September,9,Wednesday,False,3242.92,810.73
TXN-0090828,2026-09-09,DXB-003,Dubai,CUST-03897,P013,USB Drive,Accessories,1,47.76,0,47.76,0.0,47.76,Cash,Store,2026,9,September,9,Wednesday,False,47.76,47.76
TXN-0090891,2026-09-09,DXB-005,Dubai,CUST-06710,P015,Tablet,Electronics,1,1294.53,5,1294.53,64.73,1229.8,Bank Transfer,Store,2026,9,September,9,Wednesday,False,1229.8,1229.8
TXN-0090978,2026-09-09,DXB-003,Dubai,CUST-05200,P008,Desk,Furniture,1,771.26,20,771.26,154.25,617.01,Card,Store,2026,9,September,9,Wednesday,False,617.01,617.01
TXN-0090994,2026-09-09,DXB-003,Dubai,CUST-00269,P013,USB Drive,Accessories,1,45.36,0,45.36,0.0,45.36,Apple Pay,Store,2026,9,September,9,Wednesday,False,45.36,45.36
TXN-0091102,2026-09-09,DXB-004,Dubai,CUST-04782,P013,USB Drive,Accessories,2,43.35,5,86.7,4.34,82.36,Card,Store,2026,9,September,9,Wednesday,False,82.36,41.18
TXN-0091113,2026-09-09,DXB-004,Dubai,CUST-03683,P007,Office Chair,Furniture,1,593.92,0,593.92,0.0,593.92,Card,Store,2026,9,September,9,Wednesday,False,593.92,593.92
TXN-0091192,2026-09-09,DXB-004,Dubai,CUST-00803,P014,Power Bank,Electronics,1,142.29,5,142.29,7.11,135.18,Apple Pay,Store,2026,9,September,9,Wednesday,False,135.18,135.18
TXN-0091233,2026-09-09,DXB-001,Dubai,CUST-06614,P007,Office Chair,Furniture,5,679.75,5,3398.75,169.94,3228.81,Bank Transfer,Online,2026,9,September,9,Wednesday,False,3228.81,645.76
TXN-0091280,2026-09-09,DXB-003,Dubai,CUST-02677,P008,Desk,Furniture,1,829.08,15,829.08,124.36,704.72,Cash,Online,2026,9,September,9,Wednesday,False,704.72,704.72
TXN-0091294,2026-09-09,DXB-001,Dubai,CUST-04255,P015,Tablet,Electronics,1,1227.37,15,1227.37,184.11,1043.26,Bank Transfer,Store,2026,9,September,9,Wednesday,False,1043.26,1043.26
TXN-0091457,2026-09-09,DXB-005,Dubai,CUST-01015,P014,Power Bank,Electronics,1,144.97,0,144.97,0.0,144.97,Card,Store,2026,9,September,9,Wednesday,False,144.97,144.97
TXN-0091541,2026-09-09,DXB-002,Dubai,CUST-01536,P011,Notebook,Stationery,1,22.66,5,22.66,1.13,21.53,Cash,Store,2026,9,September,9,Wednesday,False,21.53,21.53
TXN-0091563,2026-09-09,DXB-001,Dubai,CUST-05281,P014,Power Bank,Electronics,1,158.92,5,158.92,7.95,150.97,Card,Store,2026,9,September,9,Wednesday,False,150.97,150.97
TXN-0091659,2026-09-09,DXB-005,Dubai,CUST-03563,P004,Monitor,Electronics,1,909.89,0,909.89,0.0,909.89,Apple Pay,Online,2026,9,September,9,Wednesday,False,909.89,909.89
TXN-0091692,2026-09-09,DXB-002,Dubai,CUST-03812,P013,USB Drive,Accessories,5,45.24,5,226.2,11.31,214.89,Card,Store,2026,9,September,9,Wednesday,False,214.89,42.98
TXN-0091860,2026-09-09,DXB-002,Dubai,CUST-05947,P005,Keyboard,Accessories,3,179.67,5,539.01,26.95,512.06,Card,Store,2026,9,September,9,Wednesday,False,512.06,170.69
TXN-0091871,2026-09-09,DXB-003,Dubai,CUST-04686,P002,Smartphone,Electronics,2,1767.59,15,3535.18,530.28,3004.9,Bank Transfer,Online,2026,9,September,9,Wednesday,False,3004.9,1502.45
TXN-0091990,2026-09-09,DXB-003,Dubai,CUST-00774,P007,Office Chair,Furniture,1,640.78,0,640.78,0.0,640.78,Apple Pay,Store,2026,9,September,9,Wednesday,False,640.78,640.78
TXN-0092087,2026-09-09,DXB-002,Dubai,CUST-06652,P002,Smartphone,Electronics,4,1811.73,5,7246.92,362.35,6884.57,Card,Store,2026,9,September,9,Wednesday,False,6884.57,1721.14
TXN-0092092,2026-09-09,DXB-003,Dubai,CUST-01428,P004,Monitor,Electronics,2,880.92,15,1761.84,264.28,1497.56,Cash,Store,2026,9,September,9,Wednesday,False,1497.56,748.78
TXN-0092097,2026-09-09,DXB-005,Dubai,CUST-05777,P002,Smartphone,Electronics,1,1958.33,15,1958.33,293.75,1664.58,Cash,Store,2026,9,September,9,Wednesday,False,1664.58,1664.58
TXN-0092146,2026-09-09,DXB-001,Dubai,CUST-07381,P003,Headphones,Electronics,1,340.37,5,340.37,17.02,323.35,Cash,Store,2026,9,September,9,Wednesday,False,323.35,323.35
TXN-0092177,2026-09-09,DXB-002,Dubai,CUST-04194,P001,Laptop,Electronics,2,2966.42,10,5932.84,593.28,5339.56,Card,Store,2026,9,September,9,Wednesday,False,5339.56,2669.78
TXN-0092338,2026-09-09,DXB-003,Dubai,CUST-07156,P014,Power Bank,Electronics,2,144.43,20,288.86,57.77,231.09,Card,Online,2026,9,September,9,Wednesday,False,231.09,115.54
TXN-0092396,2026-09-09,DXB-002,Dubai,CUST-07844,P007,Office Chair,Furniture,1,625.33,0,625.33,0.0,625.33,Card,Store,2026,9,September,9,Wednesday,False,625.33,625.33
TXN-0092400,2026-09-09,DXB-003,Dubai,CUST-06507,P012,Pen Pack,Stationery,6,13.07,15,78.42,11.76,66.66,Card,Online,2026,9,September,9,Wednesday,False,66.66,11.11
TXN-0092594,2026-09-09,DXB-002,Dubai,CUST-07275,P004,Monitor,Electronics,2,963.54,20,1927.08,385.42,1541.66,Card,Store,2026,9,September,9,Wednesday,False,1541.66,770.83
TXN-0092599,2026-09-09,DXB-001,Dubai,CUST-07352,P001,Laptop,Electronics,2,2849.21,5,5698.42,284.92,5413.5,Card,Store,2026,9,September,9,Wednesday,False,5413.5,2706.75
TXN-0092611,2026-09-09,DXB-004,Dubai,CUST-05509,P001,Laptop,Electronics,4,2731.29,15,10925.16,1638.77,9286.39,Apple Pay,Store,2026,9,September,9,Wednesday,False,9286.39,2321.6
TXN-0092700,2026-09-09,DXB-004,Dubai,CUST-06402,P001,Laptop,Electronics,2,2764.26,0,5528.52,0.0,5528.52,Card,Store,2026,9,September,9,Wednesday,False,5528.52,2764.26
TXN-0092790,2026-09-09,DXB-001,Dubai,CUST-02960,P009,Backpack,Accessories,1,212.36,0,212.36,0.0,212.36,Apple Pay,Store,2026,9,September,9,Wednesday,False,212.36,212.36
TXN-0092959,2026-09-09,DXB-001,Dubai,CUST-05866,P002,Smartphone,Electronics,2,1707.12,0,3414.24,0.0,3414.24,Cash,Store,2026,9,September,9,Wednesday,False,3414.24,1707.12
TXN-0093020,2026-09-09,DXB-003,Dubai,CUST-07676,P009,Backpack,Accessories,3,219.9,5,659.7,32.98,626.72,Card,Store,2026,9,September,9,Wednesday,False,626.72,208.91
TXN-0093042,2026-09-09,DXB-001,Dubai,CUST-04417,P009,Backpack,Accessories,1,223.81,0,223.81,0.0,223.81,Cash,Store,2026,9,September,9,Wednesday,False,223.81,223.81
TXN-0093096,2026-09-09,DXB-004,Dubai,CUST-07540,P004,Monitor,Electronics,1,805.21,15,805.21,120.78,684.43,Card,Store,2026,9,September,9,Wednesday,False,684.43,684.43
TXN-0093102,2026-09-09,DXB-001,Dubai,CUST-02989,P009,Backpack,Accessories,2,223.11,0,446.22,0.0,446.22,Card,Store,2026,9,September,9,Wednesday,False,446.22,223.11
TXN-0093119,2026-09-09,DXB-003,Dubai,CUST-02366,P002,Smartphone,Electronics,1,1839.51,0,1839.51,0.0,1839.51,Cash,Store,2026,9,September,9,Wednesday,False,1839.51,1839.51
TXN-0093218,2026-09-09,DXB-002,Dubai,CUST-07102,P002,Smartphone,Electronics,1,1621.8,0,1621.8,0.0,1621.8,Card,Store,2026,9,September,9,Wednesday,False,1621.8,1621.8
TXN-0093248,2026-09-09,DXB-002,Dubai,CUST-05210,P001,Laptop,Electronics,3,3107.52,10,9322.56,932.26,8390.3,Card,Store,2026,9,September,9,Wednesday,False,8390.3,2796.77
TXN-0093281,2026-09-09,DXB-001,Dubai,CUST-05330,P005,Keyboard,Accessories,3,193.75,15,581.25,87.19,494.06,Card,Store,2026,9,September,9,Wednesday,False,494.06,164.69
TXN-0093293,2026-09-09,DXB-004,Dubai,CUST-01017,P012,Pen Pack,Stationery,3,15.78,5,47.34,2.37,44.97,Card,Online,2026,9,September,9,Wednesday,False,44.97,14.99
TXN-0093323,2026-09-09,DXB-004,Dubai,CUST-05427,P003,Headphones,Electronics,1,355.94,5,355.94,17.8,338.14,Cash,Store,2026,9,September,9,Wednesday,False,338.14,338.14
TXN-0093329,2026-09-09,DXB-003,Dubai,CUST-03571,P009,Backpack,Accessories,3,224.79,5,674.37,33.72,640.65,Card,Store,2026,9,September,9,Wednesday,False,640.65,213.55
TXN-0093330,2026-09-09,DXB-005,Dubai,CUST-06975,P012,Pen Pack,Stationery,3,14.46,0,43.38,0.0,43.38,Apple Pay,Store,2026,9,September,9,Wednesday,False,43.38,14.46
TXN-0093337,2026-09-09,DXB-001,Dubai,CUST-01690,P004,Monitor,Electronics,1,939.41,15,939.41,140.91,798.5,Card,Online,2026,9,September,9,Wednesday,False,798.5,798.5
TXN-0093380,2026-09-09,DXB-001,Dubai,CUST-07657,P011,Notebook,Stationery,1,25.22,10,25.22,2.52,22.7,Card,Store,2026,9,September,9,Wednesday,False,22.7,22.7
TXN-0093411,2026-09-09,DXB-002,Dubai,CUST-03871,P007,Office Chair,Furniture,1,599.64,5,599.64,29.98,569.66,Card,Store,2026,9,September,9,Wednesday,False,569.66,569.66
TXN-0093497,2026-09-09,DXB-001,Dubai,CUST-00078,P004,Monitor,Electronics,2,926.86,5,1853.72,92.69,1761.03,Cash,Store,2026,9,September,9,Wednesday,False,1761.03,880.52
TXN-0093505,2026-09-09,DXB-003,Dubai,CUST-01584,P011,Notebook,Stationery,2,25.03,0,50.06,0.0,50.06,Card,Store,2026,9,September,9,Wednesday,False,50.06,25.03
TXN-0093571,2026-09-09,DXB-004,Dubai,CUST-05592,P005,Keyboard,Accessories,1,168.64,10,168.64,16.86,151.78,Apple Pay,Store,2026,9,September,9,Wednesday,False,151.78,151.78
TXN-0093592,2026-09-09,DXB-003,Dubai,CUST-04895,P011,Notebook,Stationery,2,26.29,10,52.58,5.26,47.32,Apple Pay,Store,2026,9,September,9,Wednesday,False,47.32,23.66
TXN-0093637,2026-09-09,DXB-001,Dubai,CUST-01313,P010,Printer,Office,2,758.07,10,1516.14,151.61,1364.53,Bank Transfer,Online,2026,9,September,9,Wednesday,False,1364.53,682.26
TXN-0093814,2026-09-09,DXB-001,Dubai,CUST-03739,P009,Backpack,Accessories,2,209.06,5,418.12,20.91,397.21,Cash,Store,2026,9,September,9,Wednesday,False,397.21,198.6
TXN-0093850,2026-09-09,DXB-003,Dubai,CUST-06508,P013,USB Drive,Accessories,3,46.14,0,138.42,0.0,138.42,Apple Pay,Store,2026,9,September,9,Wednesday,False,138.42,46.14
TXN-0093855,2026-09-09,DXB-004,Dubai,CUST-01542,P001,Laptop,Electronics,1,3011.19,10,3011.19,301.12,2710.07,Card,Store,2026,9,September,9,Wednesday,False,2710.07,2710.07
TXN-0094016,2026-09-09,DXB-003,Dubai,CUST-06058,P015,Tablet,Electronics,1,1350.34,5,1350.34,67.52,1282.82,Card,Store,2026,9,September,9,Wednesday,False,1282.82,1282.82
TXN-0094059,2026-09-09,DXB-003,Dubai,CUST-03660,P003,Headphones,Electronics,2,334.74,5,669.48,33.47,636.01,Card,Store,2026,9,September,9,Wednesday,False,636.01,318.0
TXN-0094072,2026-09-09,DXB-003,Dubai,CUST-05962,P014,Power Bank,Electronics,1,157.82,5,157.82,7.89,149.93,Card,Store,2026,9,September,9,Wednesday,False,149.93,149.93
TXN-0094114,2026-09-09,DXB-001,Dubai,CUST-02781,P014,Power Bank,Electronics,2,146.77,0,293.54,0.0,293.54,Card,Store,2026,9,September,9,Wednesday,False,293.54,146.77
TXN-0094148,2026-09-09,DXB-003,Dubai,CUST-01899,P003,Headphones,Electronics,1,373.53,0,373.53,0.0,373.53,Card,Store,2026,9,September,9,Wednesday,False,373.53,373.53
TXN-0094180,2026-09-09,DXB-003,Dubai,CUST-05704,P004,Monitor,Electronics,2,922.2,20,1844.4,368.88,1475.52,Cash,Online,2026,9,September,9,Wednesday,False,1475.52,737.76
TXN-0094207,2026-09-09,DXB-004,Dubai,CUST-02017,P014,Power Bank,Electronics,5,154.07,0,770.35,0.0,770.35,Card,Online,2026,9,September,9,Wednesday,False,770.35,154.07
TXN-0094212,2026-09-09,DXB-004,Dubai,CUST-01334,P012,Pen Pack,Stationery,1,14.46,20,14.46,2.89,11.57,Cash,Online,2026,9,September,9,Wednesday,False,11.57,11.57
TXN-0094258,2026-09-09,DXB-002,Dubai,CUST-01262,P003,Headphones,Electronics,4,331.52,0,1326.08,0.0,1326.08,Card,Store,2026,9,September,9,Wednesday,False,1326.08,331.52
TXN-0094261,2026-09-09,DXB-002,Dubai,CUST-02912,P013,USB Drive,Accessories,1,42.83,0,42.83,0.0,42.83,Cash,Online,2026,9,September,9,Wednesday,False,42.83,42.83
TXN-0094264,2026-09-09,DXB-004,Dubai,CUST-00286,P015,Tablet,Electronics,2,1280.65,5,2561.3,128.06,2433.24,Cash,Store,2026,9,September,9,Wednesday,False,2433.24,1216.62
TXN-0094347,2026-09-09,DXB-004,Dubai,CUST-03992,P013,USB Drive,Accessories,1,47.82,0,47.82,0.0,47.82,Apple Pay,Online,2026,9,September,9,Wednesday,False,47.82,47.82
TXN-0094415,2026-09-09,DXB-005,Dubai,CUST-03899,P015,Tablet,Electronics,1,1165.86,10,1165.86,116.59,1049.27,Card,Store,2026,9,September,9,Wednesday,False,1049.27,1049.27
TXN-0094467,2026-09-09,DXB-001,Dubai,CUST-06362,P005,Keyboard,Accessories,1,175.1,10,175.1,17.51,157.59,Bank Transfer,Store,2026,9,September,9,Wednesday,False,157.59,157.59
TXN-0094483,2026-09-09,DXB-001,Dubai,CUST-07349,P012,Pen Pack,Stationery,1,14.25,5,14.25,0.71,13.54,Card,Store,2026,9,September,9,Wednesday,False,13.54,13.54
TXN-0094512,2026-09-09,DXB-005,Dubai,CUST-05186,P004,Monitor,Electronics,1,885.53,0,885.53,0.0,885.53,Card,Online,2026,9,September,9,Wednesday,False,885.53,885.53
TXN-0094605,2026-09-09,DXB-004,Dubai,CUST-04795,P004,Monitor,Electronics,3,905.77,0,2717.31,0.0,2717.31,Card,Store,2026,9,September,9,Wednesday,False,2717.31,905.77
TXN-0094828,2026-09-09,DXB-002,Dubai,CUST-02855,P012,Pen Pack,Stationery,1,14.47,20,14.47,2.89,11.58,Card,Store,2026,9,September,9,Wednesday,False,11.58,11.58
TXN-0094847,2026-09-09,DXB-003,Dubai,CUST-04171,P011,Notebook,Stationery,1,26.34,0,26.34,0.0,26.34,Apple Pay,Store,2026,9,September,9,Wednesday,False,26.34,26.34
TXN-0094939,2026-09-09,DXB-001,Dubai,CUST-02347,P015,Tablet,Electronics,3,1208.72,10,3626.16,362.62,3263.54,Bank Transfer,Store,2026,9,September,9,Wednesday,False,3263.54,1087.85
TXN-0094973,2026-09-09,DXB-003,Dubai,CUST-01178,P011,Notebook,Stationery,1,23.86,15,23.86,3.58,20.28,Card,Store,2026,9,September,9,Wednesday,False,20.28,20.28
TXN-0095117,2026-09-09,DXB-005,Dubai,CUST-05200,P011,Notebook,Stationery,1,25.78,5,25.78,1.29,24.49,Cash,Store,2026,9,September,9,Wednesday,False,24.49,24.49
TXN-0095255,2026-09-09,DXB-004,Dubai,CUST-02325,P011,Notebook,Stationery,1,22.48,0,22.48,0.0,22.48,Bank Transfer,Store,2026,9,September,9,Wednesday,False,22.48,22.48
TXN-0095377,2026-09-09,DXB-005,Dubai,CUST-07481,P008,Desk,Furniture,1,740.94,0,740.94,0.0,740.94,Cash,Store,2026,9,September,9,Wednesday,False,740.94,740.94
TXN-0095424,2026-09-09,DXB-004,Dubai,CUST-02485,P015,Tablet,Electronics,1,1202.11,5,1202.11,60.11,1142.0,Cash,Store,2026,9,September,9,Wednesday,False,1142.0,1142.0
TXN-0095471,2026-09-09,DXB-001,Dubai,CUST-01808,P005,Keyboard,Accessories,2,170.11,5,340.22,17.01,323.21,Card,Online,2026,9,September,9,Wednesday,False,323.21,161.6
TXN-0095511,2026-09-09,DXB-001,Dubai,CUST-00032,P008,Desk,Furniture,1,829.9,0,829.9,0.0,829.9,Card,Store,2026,9,September,9,Wednesday,False,829.9,829.9
TXN-0095584,2026-09-09,DXB-001,Dubai,CUST-06809,P014,Power Bank,Electronics,5,133.21,5,666.05,33.3,632.75,Card,Store,2026,9,September,9,Wednesday,False,632.75,126.55
TXN-0095608,2026-09-09,DXB-003,Dubai,CUST-05122,P003,Headphones,Electronics,1,353.41,10,353.41,35.34,318.07,Apple Pay,Online,2026,9,September,9,Wednesday,False,318.07,318.07
TXN-0095703,2026-09-09,DXB-003,Dubai,CUST-00264,P007,Office Chair,Furniture,4,700.98,10,2803.92,280.39,2523.53,Cash,Online,2026,9,September,9,Wednesday,False,2523.53,630.88
TXN-0095711,2026-09-09,DXB-001,Dubai,CUST-05351,P013,USB Drive,Accessories,2,47.26,10,94.52,9.45,85.07,Card,Store,2026,9,September,9,Wednesday,False,85.07,42.54
TXN-0095712,2026-09-09,DXB-003,Dubai,CUST-02457,P006,Mouse,Accessories,1,108.22,0,108.22,0.0,108.22,Card,Store,2026,9,September,9,Wednesday,False,108.22,108.22
TXN-0095760,2026-09-09,DXB-002,Dubai,CUST-05906,P001,Laptop,Electronics,2,2635.93,5,5271.86,263.59,5008.27,Card,Store,2026,9,September,9,Wednesday,False,5008.27,2504.14
TXN-0095818,2026-09-09,DXB-002,Dubai,CUST-00774,P001,Laptop,Electronics,1,2742.75,0,2742.75,0.0,2742.75,Cash,Store,2026,9,September,9,Wednesday,False,2742.75,2742.75
TXN-0095862,2026-09-09,DXB-002,Dubai,CUST-01143,P009,Backpack,Accessories,1,204.23,0,204.23,0.0,204.23,Apple Pay,Online,2026,9,September,9,Wednesday,False,204.23,204.23
TXN-0095921,2026-09-09,DXB-004,Dubai,CUST-03969,P008,Desk,Furniture,5,816.91,0,4084.55,0.0,4084.55,Card,Online,2026,9,September,9,Wednesday,False,4084.55,816.91
TXN-0095969,2026-09-09,DXB-003,Dubai,CUST-07004,P012,Pen Pack,Stationery,2,15.56,0,31.12,0.0,31.12,Bank Transfer,Store,2026,9,September,9,Wednesday,False,31.12,15.56
TXN-0095982,2026-09-09,DXB-002,Dubai,CUST-00797,P002,Smartphone,Electronics,4,1819.59,15,7278.36,1091.75,6186.61,Cash,Store,2026,9,September,9,Wednesday,False,6186.61,1546.65
TXN-0096008,2026-09-09,DXB-002,Dubai,CUST-00506,P006,Mouse,Accessories,1,101.51,5,101.51,5.08,96.43,Card,Online,2026,9,September,9,Wednesday,False,96.43,96.43
TXN-0096039,2026-09-09,DXB-002,Dubai,CUST-07879,P005,Keyboard,Accessories,1,175.3,0,175.3,0.0,175.3,Card,Store,2026,9,September,9,Wednesday,False,175.3,175.3
TXN-0096166,2026-09-09,DXB-004,Dubai,CUST-02607,P014,Power Bank,Electronics,3,169.96,0,509.88,0.0,509.88,Apple Pay,Store,2026,9,September,9,Wednesday,False,509.88,169.96
TXN-0096282,2026-09-09,DXB-001,Dubai,CUST-07951,P004,Monitor,Electronics,1,879.29,10,879.29,87.93,791.36,Card,Online,2026,9,September,9,Wednesday,False,791.36,791.36
TXN-0096396,2026-09-09,DXB-005,Dubai,CUST-00071,P015,Tablet,Electronics,2,1147.02,0,2294.04,0.0,2294.04,Cash,Online,2026,9,September,9,Wednesday,False,2294.04,1147.02
TXN-0096401,2026-09-09,DXB-003,Dubai,CUST-00817,P006,Mouse,Accessories,1,90.55,10,90.55,9.06,81.49,Card,Store,2026,9,September,9,Wednesday,False,81.49,81.49
TXN-0096526,2026-09-09,DXB-003,Dubai,CUST-06020,P008,Desk,Furniture,1,866.58,5,866.58,43.33,823.25,Card,Store,2026,9,September,9,Wednesday,False,823.25,823.25
TXN-0096653,2026-09-09,DXB-005,Dubai,CUST-05180,P012,Pen Pack,Stationery,1,15.04,10,15.04,1.5,13.54,Card,Store,2026,9,September,9,Wednesday,False,13.54,13.54
TXN-0096663,2026-09-09,DXB-005,Dubai,CUST-01866,P003,Headphones,Electronics,1,323.01,0,323.01,0.0,323.01,Apple Pay,Online,2026,9,September,9,Wednesday,False,323.01,323.01
TXN-0096674,2026-09-09,DXB-002,Dubai,CUST-03538,P010,Printer,Office,2,689.52,0,1379.04,0.0,1379.04,Apple Pay,Store,2026,9,September,9,Wednesday,False,1379.04,689.52
TXN-0096688,2026-09-09,DXB-005,Dubai,CUST-05724,P010,Printer,Office,1,778.91,0,778.91,0.0,778.91,Cash,Store,2026,9,September,9,Wednesday,False,778.91,778.91
TXN-0096749,2026-09-09,DXB-002,Dubai,CUST-01304,P013,USB Drive,Accessories,1,43.29,0,43.29,0.0,43.29,Card,Online,2026,9,September,9,Wednesday,False,43.29,43.29
TXN-0096953,2026-09-09,DXB-003,Dubai,CUST-06172,P012,Pen Pack,Stationery,1,13.92,15,13.92,2.09,11.83,Card,Store,2026,9,September,9,Wednesday,False,11.83,11.83
TXN-0096959,2026-09-09,DXB-002,Dubai,CUST-07782,P003,Headphones,Electronics,2,386.95,0,773.9,0.0,773.9,Card,Online,2026,9,September,9,Wednesday,False,773.9,386.95
TXN-0096969,2026-09-09,DXB-003,Dubai,CUST-05993,P004,Monitor,Electronics,2,956.68,10,1913.36,191.34,1722.02,Card,Online,2026,9,September,9,Wednesday,False,1722.02,861.01
TXN-0096992,2026-09-09,DXB-001,Dubai,CUST-03102,P004,Monitor,Electronics,1,892.29,15,892.29,133.84,758.45,Card,Store,2026,9,September,9,Wednesday,False,758.45,758.45
TXN-0097030,2026-09-09,DXB-004,Dubai,CUST-07029,P014,Power Bank,Electronics,1,140.65,0,140.65,0.0,140.65,Card,Store,2026,9,September,9,Wednesday,False,140.65,140.65
TXN-0097041,2026-09-09,DXB-001,Dubai,CUST-01818,P006,Mouse,Accessories,2,94.96,5,189.92,9.5,180.42,Apple Pay,Store,2026,9,September,9,Wednesday,False,180.42,90.21
TXN-0097051,2026-09-09,DXB-002,Dubai,CUST-01816,P007,Office Chair,Furniture,1,663.54,0,663.54,0.0,663.54,Cash,Store,2026,9,September,9,Wednesday,False,663.54,663.54
TXN-0097056,2026-09-09,DXB-003,Dubai,CUST-02703,P014,Power Bank,Electronics,1,161.41,20,161.41,32.28,129.13,Cash,Store,2026,9,September,9,Wednesday,False,129.13,129.13
TXN-0097173,2026-09-09,DXB-003,Dubai,CUST-00397,P001,Laptop,Electronics,1,2955.7,10,2955.7,295.57,2660.13,Card,Store,2026,9,September,9,Wednesday,False,2660.13,2660.13
TXN-0097177,2026-09-09,DXB-004,Dubai,CUST-06929,P011,Notebook,Stationery,3,26.29,0,78.87,0.0,78.87,Cash,Online,2026,9,September,9,Wednesday,False,78.87,26.29
TXN-0097187,2026-09-09,DXB-004,Dubai,CUST-04629,P015,Tablet,Electronics,3,1187.4,10,3562.2,356.22,3205.98,Card,Store,2026,9,September,9,Wednesday,False,3205.98,1068.66
TXN-0097191,2026-09-09,DXB-001,Dubai,CUST-00843,P007,Office Chair,Furniture,3,582.93,15,1748.79,262.32,1486.47,Cash,Online,2026,9,September,9,Wednesday,False,1486.47,495.49
TXN-0097222,2026-09-09,DXB-001,Dubai,CUST-06332,P006,Mouse,Accessories,2,92.14,5,184.28,9.21,175.07,Card,Store,2026,9,September,9,Wednesday,False,175.07,87.54
TXN-0097226,2026-09-09,DXB-002,Dubai,CUST-06436,P014,Power Bank,Electronics,1,156.02,0,156.02,0.0,156.02,Cash,Store,2026,9,September,9,Wednesday,False,156.02,156.02
TXN-0097368,2026-09-09,DXB-001,Dubai,CUST-06456,P003,Headphones,Electronics,1,336.77,0,336.77,0.0,336.77,Apple Pay,Store,2026,9,September,9,Wednesday,False,336.77,336.77
TXN-0097442,2026-09-09,DXB-001,Dubai,CUST-04707,P002,Smartphone,Electronics,2,1814.28,10,3628.56,362.86,3265.7,Card,Store,2026,9,September,9,Wednesday,False,3265.7,1632.85
TXN-0097454,2026-09-09,DXB-005,Dubai,CUST-06536,P005,Keyboard,Accessories,1,180.68,0,180.68,0.0,180.68,Bank Transfer,Store,2026,9,September,9,Wednesday,False,180.68,180.68
TXN-0097491,2026-09-09,DXB-004,Dubai,CUST-05121,P008,Desk,Furniture,3,769.23,15,2307.69,346.15,1961.54,Apple Pay,Store,2026,9,September,9,Wednesday,False,1961.54,653.85
TXN-0097573,2026-09-09,DXB-003,Dubai,CUST-06779,P008,Desk,Furniture,6,781.22,10,4687.32,468.73,4218.59,Cash,Store,2026,9,September,9,Wednesday,False,4218.59,703.1
TXN-0097613,2026-09-09,DXB-005,Dubai,CUST-04330,P009,Backpack,Accessories,3,236.1,0,708.3,0.0,708.3,Cash,Store,2026,9,September,9,Wednesday,False,708.3,236.1
TXN-0097630,2026-09-09,DXB-001,Dubai,CUST-04034,P004,Monitor,Electronics,2,957.38,5,1914.76,95.74,1819.02,Card,Online,2026,9,September,9,Wednesday,False,1819.02,909.51
TXN-0097645,2026-09-09,DXB-001,Dubai,CUST-03701,P010,Printer,Office,3,683.17,20,2049.51,409.9,1639.61,Cash,Store,2026,9,September,9,Wednesday,False,1639.61,546.54
TXN-0097696,2026-09-09,DXB-003,Dubai,CUST-03726,P002,Smartphone,Electronics,2,1699.67,5,3399.34,169.97,3229.37,Bank Transfer,Store,2026,9,September,9,Wednesday,False,3229.37,1614.68
TXN-0097716,2026-09-09,DXB-004,Dubai,CUST-05716,P003,Headphones,Electronics,2,349.48,10,698.96,69.9,629.06,Card,Online,2026,9,September,9,Wednesday,False,629.06,314.53
TXN-0097747,2026-09-09,DXB-002,Dubai,CUST-00679,P014,Power Bank,Electronics,3,158.05,10,474.15,47.42,426.73,Apple Pay,Store,2026,9,September,9,Wednesday,False,426.73,142.24
TXN-0097751,2026-09-09,DXB-002,Dubai,CUST-00282,P001,Laptop,Electronics,3,3082.61,0,9247.83,0.0,9247.83,Card,Store,2026,9,September,9,Wednesday,False,9247.83,3082.61
TXN-0098059,2026-09-09,DXB-002,Dubai,CUST-05854,P010,Printer,Office,1,698.74,5,698.74,34.94,663.8,Apple Pay,Store,2026,9,September,9,Wednesday,False,663.8,663.8
TXN-0098078,2026-09-09,DXB-005,Dubai,CUST-06556,P015,Tablet,Electronics,2,1165.0,0,2330.0,0.0,2330.0,Card,Store,2026,9,September,9,Wednesday,False,2330.0,1165.0
TXN-0098188,2026-09-09,DXB-003,Dubai,CUST-05620,P009,Backpack,Accessories,2,197.22,0,394.44,0.0,394.44,Card,Store,2026,9,September,9,Wednesday,False,394.44,197.22
TXN-0098208,2026-09-09,DXB-004,Dubai,CUST-02007,P010,Printer,Office,2,710.42,5,1420.84,71.04,1349.8,Bank Transfer,Store,2026,9,September,9,Wednesday,False,1349.8,674.9
TXN-0098231,2026-09-09,DXB-005,Dubai,CUST-02857,P011,Notebook,Stationery,1,24.7,15,24.7,3.7,21.0,Card,Online,2026,9,September,9,Wednesday,False,21.0,21.0
TXN-0098342,2026-09-09,DXB-001,Dubai,CUST-05518,P005,Keyboard,Accessories,1,179.57,0,179.57,0.0,179.57,Apple Pay,Store,2026,9,September,9,Wednesday,False,179.57,179.57
TXN-0098345,2026-09-09,DXB-002,Dubai,CUST-01563,P015,Tablet,Electronics,1,1216.23,10,1216.23,121.62,1094.61,Bank Transfer,Store,2026,9,September,9,Wednesday,False,1094.61,1094.61
TXN-0098374,2026-09-09,DXB-001,Dubai,CUST-01055,P007,Office Chair,Furniture,1,636.16,5,636.16,31.81,604.35,Card,Store,2026,9,September,9,Wednesday,False,604.35,604.35
TXN-0098376,2026-09-09,DXB-004,Dubai,CUST-06834,P009,Backpack,Accessories,1,216.99,10,216.99,21.7,195.29,Apple Pay,Online,2026,9,September,9,Wednesday,False,195.29,195.29
TXN-0098399,2026-09-09,DXB-004,Dubai,CUST-00576,P001,Laptop,Electronics,3,2842.88,0,8528.64,0.0,8528.64,Card,Store,2026,9,September,9,Wednesday,False,8528.64,2842.88
TXN-0098407,2026-09-09,DXB-003,Dubai,CUST-00692,P012,Pen Pack,Stationery,1,13.34,10,13.34,1.33,12.01,Card,Online,2026,9,September,9,Wednesday,False,12.01,12.01
TXN-0098458,2026-09-09,DXB-005,Dubai,CUST-07610,P004,Monitor,Electronics,1,882.85,0,882.85,0.0,882.85,Apple Pay,Store,2026,9,September,9,Wednesday,False,882.85,882.85
TXN-0098492,2026-09-09,DXB-004,Dubai,CUST-03971,P002,Smartphone,Electronics,3,1646.53,20,4939.59,987.92,3951.67,Apple Pay,Store,2026,9,September,9,Wednesday,False,3951.67,1317.22
TXN-0098527,2026-09-09,DXB-002,Dubai,CUST-03323,P012,Pen Pack,Stationery,2,15.18,0,30.36,0.0,30.36,Card,Store,2026,9,September,9,Wednesday,False,30.36,15.18
TXN-0098543,2026-09-09,DXB-003,Dubai,CUST-06173,P009,Backpack,Accessories,1,254.74,5,254.74,12.74,242.0,Card,Store,2026,9,September,9,Wednesday,False,242.0,242.0
TXN-0098734,2026-09-09,DXB-001,Dubai,CUST-07033,P002,Smartphone,Electronics,4,1759.92,10,7039.68,703.97,6335.71,Card,Store,2026,9,September,9,Wednesday,False,6335.71,1583.93
TXN-0098755,2026-09-09,DXB-004,Dubai,CUST-04499,P011,Notebook,Stationery,1,25.76,10,25.76,2.58,23.18,Card,Store,2026,9,September,9,Wednesday,False,23.18,23.18
TXN-0098794,2026-09-09,DXB-002,Dubai,CUST-01927,P001,Laptop,Electronics,1,2639.9,5,2639.9,132.0,2507.9,Bank Transfer,Store,2026,9,September,9,Wednesday,False,2507.9,2507.9
TXN-0098974,2026-09-09,DXB-005,Dubai,CUST-04386,P004,Monitor,Electronics,3,832.16,15,2496.48,374.47,2122.01,Card,Online,2026,9,September,9,Wednesday,False,2122.01,707.34
TXN-0098998,2026-09-09,DXB-002,Dubai,CUST-07655,P006,Mouse,Accessories,3,102.58,15,307.74,46.16,261.58,Cash,Online,2026,9,September,9,Wednesday,False,261.58,87.19
TXN-0099087,2026-09-09,DXB-001,Dubai,CUST-01735,P006,Mouse,Accessories,1,91.05,10,91.05,9.1,81.95,Apple Pay,Store,2026,9,September,9,Wednesday,False,81.95,81.95
TXN-0099166,2026-09-09,DXB-002,Dubai,CUST-01262,P013,USB Drive,Accessories,1,46.8,0,46.8,0.0,46.8,Card,Store,2026,9,September,9,Wednesday,False,46.8,46.8
TXN-0099193,2026-09-09,DXB-003,Dubai,CUST-05647,P015,Tablet,Electronics,1,1250.26,15,1250.26,187.54,1062.72,Bank Transfer,Store,2026,9,September,9,Wednesday,False,1062.72,1062.72
TXN-0099207,2026-09-09,DXB-003,Dubai,CUST-07481,P010,Printer,Office,1,690.79,10,690.79,69.08,621.71,Apple Pay,Store,2026,9,September,9,Wednesday,False,621.71,621.71
TXN-0099244,2026-09-09,DXB-001,Dubai,CUST-01270,P013,USB Drive,Accessories,2,44.92,10,89.84,8.98,80.86,Cash,Store,2026,9,September,9,Wednesday,False,80.86,40.43
TXN-0099284,2026-09-09,DXB-005,Dubai,CUST-02674,P007,Office Chair,Furniture,2,664.27,10,1328.54,132.85,1195.69,Card,Store,2026,9,September,9,Wednesday,False,1195.69,597.84
TXN-0099288,2026-09-09,DXB-003,Dubai,CUST-01644,P011,Notebook,Stationery,3,22.6,0,67.8,0.0,67.8,Card,Store,2026,9,September,9,Wednesday,False,67.8,22.6
TXN-0099322,2026-09-09,DXB-001,Dubai,CUST-00097,P011,Notebook,Stationery,1,25.03,0,25.03,0.0,25.03,Cash,Online,2026,9,September,9,Wednesday,False,25.03,25.03
TXN-0099436,2026-09-09,DXB-005,Dubai,CUST-06046,P014,Power Bank,Electronics,1,147.55,10,147.55,14.76,132.79,Apple Pay,Store,2026,9,September,9,Wednesday,False,132.79,132.79
TXN-0099493,2026-09-09,DXB-005,Dubai,CUST-03454,P005,Keyboard,Accessories,2,181.68,5,363.36,18.17,345.19,Apple Pay,Store,2026,9,September,9,Wednesday,False,345.19,172.6
TXN-0099504,2026-09-09,DXB-002,Dubai,CUST-04030,P009,Backpack,Accessories,4,211.59,10,846.36,84.64,761.72,Card,Online,2026,9,September,9,Wednesday,False,761.72,190.43
TXN-0099558,2026-09-09,DXB-004,Dubai,CUST-01102,P008,Desk,Furniture,1,696.39,10,696.39,69.64,626.75,Card,Store,2026,9,September,9,Wednesday,False,626.75,626.75
TXN-0099574,2026-09-09,DXB-004,Dubai,CUST-07623,P008,Desk,Furniture,2,797.84,10,1595.68,159.57,1436.11,Card,Online,2026,9,September,9,Wednesday,False,1436.11,718.06
TXN-0099614,2026-09-09,DXB-003,Dubai,CUST-02951,P011,Notebook,Stationery,1,24.44,0,24.44,0.0,24.44,Cash,Store,2026,9,September,9,Wednesday,False,24.44,24.44
TXN-0099638,2026-09-09,DXB-003,Dubai,CUST-06266,P003,Headphones,Electronics,3,330.46,10,991.38,99.14,892.24,Bank Transfer,Store,2026,9,September,9,Wednesday,False,892.24,297.41
TXN-0099655,2026-09-09,DXB-002,Dubai,CUST-05573,P010,Printer,Office,1,689.35,5,689.35,34.47,654.88,Card,Online,2026,9,September,9,Wednesday,False,654.88,654.88
TXN-0099708,2026-09-09,DXB-005,Dubai,CUST-00563,P012,Pen Pack,Stationery,1,16.06,20,16.06,3.21,12.85,Cash,Online,2026,9,September,9,Wednesday,False,12.85,12.85
TXN-0099724,2026-09-09,DXB-003,Dubai,CUST-04204,P001,Laptop,Electronics,1,2658.16,0,2658.16,0.0,2658.16,Card,Online,2026,9,September,9,Wednesday,False,2658.16,2658.16
TXN-0099738,2026-09-09,DXB-003,Dubai,CUST-00530,P010,Printer,Office,1,675.4,0,675.4,0.0,675.4,Card,Online,2026,9,September,9,Wednesday,False,675.4,675.4
TXN-0099754,2026-09-09,DXB-001,Dubai,CUST-07287,P001,Laptop,Electronics,1,2793.4,5,2793.4,139.67,2653.73,Card,Online,2026,9,September,9,Wednesday,False,2653.73,2653.73
TXN-0099771,2026-09-09,DXB-005,Dubai,CUST-01828,P009,Backpack,Accessories,1,231.48,5,231.48,11.57,219.91,Card,Store,2026,9,September,9,Wednesday,False,219.91,219.91
TXN-0099843,2026-09-09,DXB-005,Dubai,CUST-02096,P002,Smartphone,Electronics,1,1985.53,5,1985.53,99.28,1886.25,Card,Online,2026,9,September,9,Wednesday,False,1886.25,1886.25
TXN-0099853,2026-09-09,DXB-003,Dubai,CUST-03678,P002,Smartphone,Electronics,1,1702.97,5,1702.97,85.15,1617.82,Card,Store,2026,9,September,9,Wednesday,False,1617.82,1617.82
TXN-0100001,2026-09-09,DXB-003,Dubai,CUST-02893,P014,Power Bank,Electronics,4,156.07,0,624.28,0.0,624.28,Cash,Store,2026,9,September,9,Wednesday,False,624.28,156.07
TXN-0100062,2026-09-09,DXB-001,Dubai,CUST-07162,P006,Mouse,Accessories,3,100.42,15,301.26,45.19,256.07,Card,Store,2026,9,September,9,Wednesday,False,256.07,85.36
TXN-0100120,2026-09-09,DXB-003,Dubai,CUST-01336,P015,Tablet,Electronics,1,1067.52,0,1067.52,0.0,1067.52,Apple Pay,Store,2026,9,September,9,Wednesday,False,1067.52,1067.52
TXN-0100137,2026-09-09,DXB-001,Dubai,CUST-00364,P015,Tablet,Electronics,3,1188.62,5,3565.86,178.29,3387.57,Bank Transfer,Store,2026,9,September,9,Wednesday,False,3387.57,1129.19
TXN-0100200,2026-09-09,DXB-004,Dubai,CUST-06831,P009,Backpack,Accessories,1,204.81,5,204.81,10.24,194.57,Apple Pay,Online,2026,9,September,9,Wednesday,False,194.57,194.57
TXN-0100295,2026-09-09,DXB-002,Dubai,CUST-00909,P009,Backpack,Accessories,1,222.17,15,222.17,33.33,188.84,Card,Store,2026,9,September,9,Wednesday,False,188.84,188.84
TXN-0100308,2026-09-09,DXB-005,Dubai,CUST-00683,P011,Notebook,Stationery,1,22.74,0,22.74,0.0,22.74,Card,Store,2026,9,September,9,Wednesday,False,22.74,22.74
TXN-0100468,2026-09-09,DXB-005,Dubai,CUST-04529,P014,Power Bank,Electronics,3,138.34,0,415.02,0.0,415.02,Bank Transfer,Store,2026,9,September,9,Wednesday,False,415.02,138.34
TXN-0100479,2026-09-09,DXB-002,Dubai,CUST-07918,P015,Tablet,Electronics,1,1224.72,10,1224.72,122.47,1102.25,Cash,Online,2026,9,September,9,Wednesday,False,1102.25,1102.25
TXN-0100635,2026-09-09,DXB-001,Dubai,CUST-03745,P014,Power Bank,Electronics,2,154.37,10,308.74,30.87,277.87,Card,Store,2026,9,September,9,Wednesday,False,277.87,138.94
TXN-0100651,2026-09-09,DXB-001,Dubai,CUST-07922,P005,Keyboard,Accessories,1,178.9,5,178.9,8.94,169.96,Apple Pay,Store,2026,9,September,9,Wednesday,False,169.96,169.96
TXN-0100803,2026-09-09,DXB-003,Dubai,CUST-05053,P001,Laptop,Electronics,2,2987.1,0,5974.2,0.0,5974.2,Card,Store,2026,9,September,9,Wednesday,False,5974.2,2987.1
TXN-0100844,2026-09-09,DXB-003,Dubai,CUST-03333,P007,Office Chair,Furniture,2,670.14,5,1340.28,67.01,1273.27,Card,Online,2026,9,September,9,Wednesday,False,1273.27,636.64
TXN-0100975,2026-09-09,DXB-002,Dubai,CUST-00917,P007,Office Chair,Furniture,2,643.98,10,1287.96,128.8,1159.16,Apple Pay,Online,2026,9,September,9,Wednesday,False,1159.16,579.58
TXN-0101114,2026-09-09,DXB-004,Dubai,CUST-04548,P012,Pen Pack,Stationery,2,17.6,0,35.2,0.0,35.2,Cash,Store,2026,9,September,9,Wednesday,False,35.2,17.6
TXN-0101178,2026-09-09,DXB-003,Dubai,CUST-02431,P005,Keyboard,Accessories,3,159.58,0,478.74,0.0,478.74,Cash,Store,2026,9,September,9,Wednesday,False,478.74,159.58
TXN-0101208,2026-09-09,DXB-003,Dubai,CUST-05295,P001,Laptop,Electronics,1,2911.61,5,2911.61,145.58,2766.03,Card,Store,2026,9,September,9,Wednesday,False,2766.03,2766.03
TXN-0101222,2026-09-09,DXB-002,Dubai,CUST-06311,P009,Backpack,Accessories,2,244.99,5,489.98,24.5,465.48,Cash,Store,2026,9,September,9,Wednesday,False,465.48,232.74
TXN-0101262,2026-09-09,DXB-005,Dubai,CUST-02741,P002,Smartphone,Electronics,1,1882.46,0,1882.46,0.0,1882.46,Bank Transfer,Store,2026,9,September,9,Wednesday,False,1882.46,1882.46
TXN-0101325,2026-09-09,DXB-002,Dubai,CUST-07209,P013,USB Drive,Accessories,1,44.18,0,44.18,0.0,44.18,Bank Transfer,Online,2026,9,September,9,Wednesday,False,44.18,44.18
TXN-0101446,2026-09-09,DXB-001,Dubai,CUST-00743,P002,Smartphone,Electronics,6,1758.96,0,10553.76,0.0,10553.76,Card,Store,2026,9,September,9,Wednesday,False,10553.76,1758.96
TXN-0101453,2026-09-09,DXB-002,Dubai,CUST-04449,P013,USB Drive,Accessories,3,47.22,0,141.66,0.0,141.66,Card,Store,2026,9,September,9,Wednesday,False,141.66,47.22
TXN-0101508,2026-09-09,DXB-001,Dubai,CUST-06597,P006,Mouse,Accessories,1,103.72,10,103.72,10.37,93.35,Card,Store,2026,9,September,9,Wednesday,False,93.35,93.35
TXN-0101534,2026-09-09,DXB-004,Dubai,CUST-06407,P010,Printer,Office,1,631.39,15,631.39,94.71,536.68,Card,Store,2026,9,September,9,Wednesday,False,536.68,536.68
TXN-0101642,2026-09-09,DXB-002,Dubai,CUST-03964,P001,Laptop,Electronics,3,2779.24,5,8337.72,416.89,7920.83,Apple Pay,Store,2026,9,September,9,Wednesday,False,7920.83,2640.28
TXN-0101855,2026-09-09,DXB-001,Dubai,CUST-03678,P007,Office Chair,Furniture,1,687.86,10,687.86,68.79,619.07,Apple Pay,Store,2026,9,September,9,Wednesday,False,619.07,619.07
TXN-0101965,2026-09-09,DXB-003,Dubai,CUST-06613,P013,USB Drive,Accessories,2,51.28,0,102.56,0.0,102.56,Card,Store,2026,9,September,9,Wednesday,False,102.56,51.28
TXN-0102007,2026-09-09,DXB-001,Dubai,CUST-06671,P001,Laptop,Electronics,2,2499.18,0,4998.36,0.0,4998.36,Card,Store,2026,9,September,9,Wednesday,False,4998.36,2499.18
TXN-0102147,2026-09-09,DXB-001,Dubai,CUST-07160,P008,Desk,Furniture,1,844.45,0,844.45,0.0,844.45,Card,Store,2026,9,September,9,Wednesday,False,844.45,844.45
TXN-0102372,2026-09-09,DXB-002,Dubai,CUST-04678,P002,Smartphone,Electronics,1,1821.21,5,1821.21,91.06,1730.15,Card,Store,2026,9,September,9,Wednesday,False,1730.15,1730.15
TXN-0102580,2026-09-09,DXB-003,Dubai,CUST-04623,P006,Mouse,Accessories,3,107.97,0,323.91,0.0,323.91,Card,Store,2026,9,September,9,Wednesday,False,323.91,107.97
TXN-0102586,2026-09-09,DXB-002,Dubai,CUST-01686,P004,Monitor,Electronics,1,916.11,0,916.11,0.0,916.11,Cash,Online,2026,9,September,9,Wednesday,False,916.11,916.11
TXN-0102604,2026-09-09,DXB-001,Dubai,CUST-03488,P015,Tablet,Electronics,1,1131.31,10,1131.31,113.13,1018.18,Cash,Store,2026,9,September,9,Wednesday,False,1018.18,1018.18
TXN-0102616,2026-09-09,DXB-004,Dubai,CUST-02010,P010,Printer,Office,1,655.0,0,655.0,0.0,655.0,Card,Store,2026,9,September,9,Wednesday,False,655.0,655.0
TXN-0102621,2026-09-09,DXB-005,Dubai,CUST-06486,P001,Laptop,Electronics,6,2980.01,10,17880.06,1788.01,16092.05,Apple Pay,Store,2026,9,September,9,Wednesday,False,16092.05,2682.01
TXN-0102642,2026-09-09,DXB-002,Dubai,CUST-05651,P008,Desk,Furniture,1,800.83,5,800.83,40.04,760.79,Cash,Online,2026,9,September,9,Wednesday,False,760.79,760.79
TXN-0102710,2026-09-09,DXB-003,Dubai,CUST-06692,P008,Desk,Furniture,3,873.28,5,2619.84,130.99,2488.85,Cash,Store,2026,9,September,9,Wednesday,False,2488.85,829.62
TXN-0102771,2026-09-09,DXB-001,Dubai,CUST-07548,P014,Power Bank,Electronics,2,155.41,0,310.82,0.0,310.82,Cash,Online,2026,9,September,9,Wednesday,False,310.82,155.41
TXN-0102778,2026-09-09,DXB-002,Dubai,CUST-06824,P002,Smartphone,Electronics,1,1807.72,10,1807.72,180.77,1626.95,Cash,Store,2026,9,September,9,Wednesday,False,1626.95,1626.95
TXN-0102851,2026-09-09,DXB-002,Dubai,CUST-02046,P012,Pen Pack,Stationery,1,13.65,0,13.65,0.0,13.65,Cash,Store,2026,9,September,9,Wednesday,False,13.65,13.65
TXN-0102883,2026-09-09,DXB-004,Dubai,CUST-05932,P002,Smartphone,Electronics,2,1683.06,10,3366.12,336.61,3029.51,Cash,Store,2026,9,September,9,Wednesday,False,3029.51,1514.76
TXN-0102911,2026-09-09,DXB-005,Dubai,CUST-06138,P004,Monitor,Electronics,1,868.79,0,868.79,0.0,868.79,Card,Online,2026,9,September,9,Wednesday,False,868.79,868.79
TXN-0103109,2026-09-09,DXB-003,Dubai,CUST-03594,P015,Tablet,Electronics,1,1162.97,5,1162.97,58.15,1104.82,Bank Transfer,Store,2026,9,September,9,Wednesday,False,1104.82,1104.82
TXN-0103199,2026-09-09,DXB-003,Dubai,CUST-07201,P014,Power Bank,Electronics,1,137.31,0,137.31,0.0,137.31,Card,Store,2026,9,September,9,Wednesday,False,137.31,137.31
TXN-0103307,2026-09-09,DXB-002,Dubai,CUST-01278,P011,Notebook,Stationery,2,24.31,15,48.62,7.29,41.33,Bank Transfer,Online,2026,9,September,9,Wednesday,False,41.33,20.66
TXN-0103309,2026-09-09,DXB-002,Dubai,CUST-02584,P001,Laptop,Electronics,1,2699.65,10,2699.65,269.96,2429.69,Card,Store,2026,9,September,9,Wednesday,False,2429.69,2429.69
TXN-0103399,2026-09-09,DXB-004,Dubai,CUST-06268,P015,Tablet,Electronics,1,1128.07,5,1128.07,56.4,1071.67,Cash,Online,2026,9,September,9,Wednesday,False,1071.67,1071.67
TXN-0103417,2026-09-09,DXB-004,Dubai,CUST-01355,P013,USB Drive,Accessories,1,41.63,0,41.63,0.0,41.63,Cash,Store,2026,9,September,9,Wednesday,False,41.63,41.63
TXN-0103442,2026-09-09,DXB-005,Dubai,CUST-04680,P010,Printer,Office,4,716.92,5,2867.68,143.38,2724.3,Card,Store,2026,9,September,9,Wednesday,False,2724.3,681.08
TXN-0103483,2026-09-09,DXB-004,Dubai,CUST-01415,P011,Notebook,Stationery,1,27.0,5,27.0,1.35,25.65,Cash,Store,2026,9,September,9,Wednesday,False,25.65,25.65
TXN-0103495,2026-09-09,DXB-004,Dubai,CUST-00993,P003,Headphones,Electronics,1,381.27,5,381.27,19.06,362.21,Card,Online,2026,9,September,9,Wednesday,False,362.21,362.21
TXN-0103550,2026-09-09,DXB-002,Dubai,CUST-03507,P005,Keyboard,Accessories,2,180.49,0,360.98,0.0,360.98,Bank Transfer,Online,2026,9,September,9,Wednesday,False,360.98,180.49
TXN-0103557,2026-09-09,DXB-003,Dubai,CUST-00372,P004,Monitor,Electronics,4,958.68,15,3834.72,575.21,3259.51,Apple Pay,Store,2026,9,September,9,Wednesday,False,3259.51,814.88
TXN-0103636,2026-09-09,DXB-003,Dubai,CUST-00342,P007,Office Chair,Furniture,1,674.58,0,674.58,0.0,674.58,Apple Pay,Store,2026,9,September,9,Wednesday,False,674.58,674.58
TXN-0103677,2026-09-09,DXB-002,Dubai,CUST-00937,P007,Office Chair,Furniture,1,631.94,10,631.94,63.19,568.75,Card,Online,2026,9,September,9,Wednesday,False,568.75,568.75
TXN-0103746,2026-09-09,DXB-005,Dubai,CUST-00061,P004,Monitor,Electronics,3,888.94,0,2666.82,0.0,2666.82,Apple Pay,Store,2026,9,September,9,Wednesday,False,2666.82,888.94
TXN-0103785,2026-09-09,DXB-004,Dubai,CUST-00522,P007,Office Chair,Furniture,3,701.7,15,2105.1,315.76,1789.34,Apple Pay,Store,2026,9,September,9,Wednesday,False,1789.34,596.45
TXN-0103835,2026-09-09,DXB-003,Dubai,CUST-03404,P012,Pen Pack,Stationery,1,13.77,10,13.77,1.38,12.39,Card,Store,2026,9,September,9,Wednesday,False,12.39,12.39
TXN-0103847,2026-09-09,DXB-004,Dubai,CUST-04401,P006,Mouse,Accessories,2,103.76,0,207.52,0.0,207.52,Card,Store,2026,9,September,9,Wednesday,False,207.52,103.76
TXN-0103911,2026-09-09,DXB-004,Dubai,CUST-07926,P009,Backpack,Accessories,1,231.66,10,231.66,23.17,208.49,Card,Store,2026,9,September,9,Wednesday,False,208.49,208.49
TXN-0103922,2026-09-09,DXB-005,Dubai,CUST-07788,P012,Pen Pack,Stationery,3,15.02,0,45.06,0.0,45.06,Card,Store,2026,9,September,9,Wednesday,False,45.06,15.02
TXN-0103941,2026-09-09,DXB-001,Dubai,CUST-00220,P009,Backpack,Accessories,1,219.0,15,219.0,32.85,186.15,Card,Online,2026,9,September,9,Wednesday,False,186.15,186.15
TXN-0103993,2026-09-09,DXB-003,Dubai,CUST-04968,P014,Power Bank,Electronics,1,155.59,0,155.59,0.0,155.59,Apple Pay,Store,2026,9,September,9,Wednesday,False,155.59,155.59
TXN-0104001,2026-09-09,DXB-003,Dubai,CUST-06705,P009,Backpack,Accessories,1,229.05,0,229.05,0.0,229.05,Bank Transfer,Online,2026,9,September,9,Wednesday,False,229.05,229.05
TXN-0104027,2026-09-09,DXB-003,Dubai,CUST-04028,P005,Keyboard,Accessories,4,171.68,15,686.72,103.01,583.71,Card,Store,2026,9,September,9,Wednesday,False,583.71,145.93
TXN-0104052,2026-09-09,DXB-001,Dubai,CUST-01218,P004,Monitor,Electronics,2,850.84,5,1701.68,85.08,1616.6,Card,Store,2026,9,September,9,Wednesday,False,1616.6,808.3
TXN-0104075,2026-09-09,DXB-004,Dubai,CUST-02166,P014,Power Bank,Electronics,1,158.73,5,158.73,7.94,150.79,Apple Pay,Online,2026,9,September,9,Wednesday,False,150.79,150.79
TXN-0104154,2026-09-09,DXB-004,Dubai,CUST-02702,P005,Keyboard,Accessories,3,170.04,5,510.12,25.51,484.61,Bank Transfer,Online,2026,9,September,9,Wednesday,False,484.61,161.54
TXN-0104156,2026-09-09,DXB-001,Dubai,CUST-03411,P011,Notebook,Stationery,1,23.18,0,23.18,0.0,23.18,Card,Online,2026,9,September,9,Wednesday,False,23.18,23.18
TXN-0104208,2026-09-09,DXB-003,Dubai,CUST-05120,P008,Desk,Furniture,1,791.67,5,791.67,39.58,752.09,Apple Pay,Store,2026,9,September,9,Wednesday,False,752.09,752.09
TXN-0104246,2026-09-09,DXB-002,Dubai,CUST-03642,P015,Tablet,Electronics,1,1171.67,0,1171.67,0.0,1171.67,Cash,Store,2026,9,September,9,Wednesday,False,1171.67,1171.67
TXN-0104303,2026-09-09,DXB-002,Dubai,CUST-06982,P006,Mouse,Accessories,3,96.05,0,288.15,0.0,288.15,Cash,Online,2026,9,September,9,Wednesday,False,288.15,96.05
TXN-0104308,2026-09-09,DXB-001,Dubai,CUST-01856,P012,Pen Pack,Stationery,1,14.66,10,14.66,1.47,13.19,Card,Online,2026,9,September,9,Wednesday,False,13.19,13.19
TXN-0104378,2026-09-09,DXB-002,Dubai,CUST-04857,P005,Keyboard,Accessories,1,177.09,10,177.09,17.71,159.38,Card,Store,2026,9,September,9,Wednesday,False,159.38,159.38
TXN-0104384,2026-09-09,DXB-001,Dubai,CUST-05007,P007,Office Chair,Furniture,2,666.02,5,1332.04,66.6,1265.44,Card,Online,2026,9,September,9,Wednesday,False,1265.44,632.72
TXN-0104467,2026-09-09,DXB-003,Dubai,CUST-03464,P010,Printer,Office,4,728.85,0,2915.4,0.0,2915.4,Apple Pay,Store,2026,9,September,9,Wednesday,False,2915.4,728.85
TXN-0104475,2026-09-09,DXB-004,Dubai,CUST-02559,P010,Printer,Office,1,714.7,5,714.7,35.74,678.96,Apple Pay,Store,2026,9,September,9,Wednesday,False,678.96,678.96
TXN-0104536,2026-09-09,DXB-005,Dubai,CUST-01782,P005,Keyboard,Accessories,2,165.17,5,330.34,16.52,313.82,Card,Online,2026,9,September,9,Wednesday,False,313.82,156.91
TXN-0104547,2026-09-09,DXB-002,Dubai,CUST-05179,P008,Desk,Furniture,1,735.25,15,735.25,110.29,624.96,Card,Online,2026,9,September,9,Wednesday,False,624.96,624.96
TXN-0104686,2026-09-09,DXB-001,Dubai,CUST-02160,P015,Tablet,Electronics,1,1060.08,10,1060.08,106.01,954.07,Cash,Store,2026,9,September,9,Wednesday,False,954.07,954.07
TXN-0104696,2026-09-09,DXB-001,Dubai,CUST-05830,P013,USB Drive,Accessories,1,41.9,10,41.9,4.19,37.71,Card,Store,2026,9,September,9,Wednesday,False,37.71,37.71
TXN-0104709,2026-09-09,DXB-002,Dubai,CUST-04023,P003,Headphones,Electronics,1,353.67,15,353.67,53.05,300.62,Card,Online,2026,9,September,9,Wednesday,False,300.62,300.62
TXN-0104788,2026-09-09,DXB-004,Dubai,CUST-00116,P013,USB Drive,Accessories,1,47.25,5,47.25,2.36,44.89,Card,Store,2026,9,September,9,Wednesday,False,44.89,44.89
TXN-0104802,2026-09-09,DXB-004,Dubai,CUST-04624,P001,Laptop,Electronics,2,3012.34,15,6024.68,903.7,5120.98,Apple Pay,Online,2026,9,September,9,Wednesday,False,5120.98,2560.49
TXN-0104840,2026-09-09,DXB-001,Dubai,CUST-03308,P011,Notebook,Stationery,2,28.2,15,56.4,8.46,47.94,Card,Store,2026,9,September,9,Wednesday,False,47.94,23.97
TXN-0104879,2026-09-09,DXB-004,Dubai,CUST-02657,P006,Mouse,Accessories,1,96.63,0,96.63,0.0,96.63,Card,Store,2026,9,September,9,Wednesday,False,96.63,96.63
TXN-0104918,2026-09-09,DXB-003,Dubai,CUST-07927,P010,Printer,Office,2,638.3,0,1276.6,0.0,1276.6,Card,Online,2026,9,September,9,Wednesday,False,1276.6,638.3
TXN-0104959,2026-09-09,DXB-003,Dubai,CUST-02014,P013,USB Drive,Accessories,2,43.63,5,87.26,4.36,82.9,Cash,Store,2026,9,September,9,Wednesday,False,82.9,41.45
TXN-0105035,2026-09-09,DXB-001,Dubai,CUST-02715,P014,Power Bank,Electronics,1,152.85,0,152.85,0.0,152.85,Apple Pay,Online,2026,9,September,9,Wednesday,False,152.85,152.85
TXN-0105108,2026-09-09,DXB-002,Dubai,CUST-05577,P014,Power Bank,Electronics,1,146.79,10,146.79,14.68,132.11,Card,Store,2026,9,September,9,Wednesday,False,132.11,132.11
TXN-0105110,2026-09-09,DXB-005,Dubai,CUST-03114,P015,Tablet,Electronics,3,1191.06,10,3573.18,357.32,3215.86,Card,Store,2026,9,September,9,Wednesday,False,3215.86,1071.95
TXN-0105120,2026-09-09,DXB-001,Dubai,CUST-01365,P002,Smartphone,Electronics,1,1765.66,0,1765.66,0.0,1765.66,Apple Pay,Online,2026,9,September,9,Wednesday,False,1765.66,1765.66
TXN-0105133,2026-09-09,DXB-003,Dubai,CUST-06301,P008,Desk,Furniture,1,832.17,20,832.17,166.43,665.74,Card,Store,2026,9,September,9,Wednesday,False,665.74,665.74
TXN-0105180,2026-09-09,DXB-004,Dubai,CUST-03546,P009,Backpack,Accessories,1,214.1,0,214.1,0.0,214.1,Cash,Store,2026,9,September,9,Wednesday,False,214.1,214.1
TXN-0105235,2026-09-09,DXB-004,Dubai,CUST-06104,P003,Headphones,Electronics,1,382.84,5,382.84,19.14,363.7,Cash,Store,2026,9,September,9,Wednesday,False,363.7,363.7
TXN-0105251,2026-09-09,DXB-002,Dubai,CUST-06278,P004,Monitor,Electronics,1,987.57,10,987.57,98.76,888.81,Bank Transfer,Online,2026,9,September,9,Wednesday,False,888.81,888.81
TXN-0105253,2026-09-09,DXB-003,Dubai,CUST-06467,P014,Power Bank,Electronics,2,153.34,0,306.68,0.0,306.68,Card,Online,2026,9,September,9,Wednesday,False,306.68,153.34
TXN-0105268,2026-09-09,DXB-004,Dubai,CUST-00312,P011,Notebook,Stationery,1,22.09,10,22.09,2.21,19.88,Apple Pay,Store,2026,9,September,9,Wednesday,False,19.88,19.88
TXN-0105279,2026-09-09,DXB-001,Dubai,CUST-03279,P006,Mouse,Accessories,2,104.84,5,209.68,10.48,199.2,Cash,Store,2026,9,September,9,Wednesday,False,199.2,99.6
TXN-0105302,2026-09-09,DXB-004,Dubai,CUST-06212,P011,Notebook,Stationery,2,25.93,5,51.86,2.59,49.27,Card,Store,2026,9,September,9,Wednesday,False,49.27,24.64
TXN-0105334,2026-09-09,DXB-004,Dubai,CUST-07477,P002,Smartphone,Electronics,5,1774.76,0,8873.8,0.0,8873.8,Cash,Online,2026,9,September,9,Wednesday,False,8873.8,1774.76
TXN-0105350,2026-09-09,DXB-001,Dubai,CUST-00256,P011,Notebook,Stationery,2,24.05,0,48.1,0.0,48.1,Card,Store,2026,9,September,9,Wednesday,False,48.1,24.05
TXN-0105357,2026-09-09,DXB-003,Dubai,CUST-00585,P013,USB Drive,Accessories,1,45.94,0,45.94,0.0,45.94,Apple Pay,Store,2026,9,September,9,Wednesday,False,45.94,45.94
TXN-0105408,2026-09-09,DXB-002,Dubai,CUST-01591,P007,Office Chair,Furniture,2,660.78,0,1321.56,0.0,1321.56,Apple Pay,Store,2026,9,September,9,Wednesday,False,1321.56,660.78
TXN-0105412,2026-09-09,DXB-002,Dubai,CUST-01101,P004,Monitor,Electronics,2,881.61,10,1763.22,176.32,1586.9,Cash,Online,2026,9,September,9,Wednesday,False,1586.9,793.45
TXN-0105471,2026-09-09,DXB-005,Dubai,CUST-07406,P013,USB Drive,Accessories,1,40.37,5,40.37,2.02,38.35,Bank Transfer,Store,2026,9,September,9,Wednesday,False,38.35,38.35
TXN-0105554,2026-09-09,DXB-003,Dubai,CUST-04555,P007,Office Chair,Furniture,2,605.15,0,1210.3,0.0,1210.3,Bank Transfer,Store,2026,9,September,9,Wednesday,False,1210.3,605.15
TXN-0105564,2026-09-09,DXB-005,Dubai,CUST-00758,P011,Notebook,Stationery,2,25.48,0,50.96,0.0,50.96,Card,Store,2026,9,September,9,Wednesday,False,50.96,25.48
TXN-0105571,2026-09-09,DXB-001,Dubai,CUST-07202,P011,Notebook,Stationery,1,22.43,15,22.43,3.36,19.07,Apple Pay,Store,2026,9,September,9,Wednesday,False,19.07,19.07
TXN-0105578,2026-09-09,DXB-003,Dubai,CUST-00999,P008,Desk,Furniture,1,913.08,20,913.08,182.62,730.46,Bank Transfer,Store,2026,9,September,9,Wednesday,False,730.46,730.46
TXN-0105659,2026-09-09,DXB-004,Dubai,CUST-02408,P015,Tablet,Electronics,1,1184.49,20,1184.49,236.9,947.59,Card,Store,2026,9,September,9,Wednesday,False,947.59,947.59
TXN-0105843,2026-09-09,DXB-002,Dubai,CUST-00970,P002,Smartphone,Electronics,4,1961.47,0,7845.88,0.0,7845.88,Bank Transfer,Store,2026,9,September,9,Wednesday,False,7845.88,1961.47
TXN-0105866,2026-09-09,DXB-004,Dubai,CUST-07224,P003,Headphones,Electronics,1,336.81,0,336.81,0.0,336.81,Cash,Store,2026,9,September,9,Wednesday,False,336.81,336.81
TXN-0105911,2026-09-09,DXB-002,Dubai,CUST-01453,P012,Pen Pack,Stationery,3,14.81,0,44.43,0.0,44.43,Card,Store,2026,9,September,9,Wednesday,False,44.43,14.81
TXN-0105929,2026-09-09,DXB-005,Dubai,CUST-06301,P006,Mouse,Accessories,1,102.42,10,102.42,10.24,92.18,Cash,Online,2026,9,September,9,Wednesday,False,92.18,92.18
TXN-0105991,2026-09-09,DXB-002,Dubai,CUST-07756,P007,Office Chair,Furniture,2,706.81,10,1413.62,141.36,1272.26,Card,Online,2026,9,September,9,Wednesday,False,1272.26,636.13
TXN-0106000,2026-09-09,DXB-005,Dubai,CUST-04322,P014,Power Bank,Electronics,1,153.96,15,153.96,23.09,130.87,Apple Pay,Store,2026,9,September,9,Wednesday,False,130.87,130.87
TXN-0106008,2026-09-09,DXB-002,Dubai,CUST-02945,P003,Headphones,Electronics,3,346.42,5,1039.26,51.96,987.3,Card,Store,2026,9,September,9,Wednesday,False,987.3,329.1
TXN-0106045,2026-09-09,DXB-002,Dubai,CUST-03173,P003,Headphones,Electronics,1,342.13,0,342.13,0.0,342.13,Cash,Store,2026,9,September,9,Wednesday,False,342.13,342.13
TXN-0106076,2026-09-09,DXB-005,Dubai,CUST-02894,P003,Headphones,Electronics,2,368.13,10,736.26,73.63,662.63,Apple Pay,Store,2026,9,September,9,Wednesday,False,662.63,331.32
TXN-0106097,2026-09-09,DXB-003,Dubai,CUST-05684,P009,Backpack,Accessories,1,236.69,0,236.69,0.0,236.69,Card,Store,2026,9,September,9,Wednesday,False,236.69,236.69
TXN-0106105,2026-09-09,DXB-002,Dubai,CUST-05778,P012,Pen Pack,Stationery,2,15.05,0,30.1,0.0,30.1,Apple Pay,Online,2026,9,September,9,Wednesday,False,30.1,15.05
TXN-0106111,2026-09-09,DXB-002,Dubai,CUST-05697,P007,Office Chair,Furniture,3,616.19,5,1848.57,92.43,1756.14,Cash,Store,2026,9,September,9,Wednesday,False,1756.14,585.38
TXN-0106201,2026-09-09,DXB-005,Dubai,CUST-01995,P001,Laptop,Electronics,2,2644.59,0,5289.18,0.0,5289.18,Apple Pay,Store,2026,9,September,9,Wednesday,False,5289.18,2644.59
TXN-0106307,2026-09-09,DXB-005,Dubai,CUST-03556,P007,Office Chair,Furniture,3,688.32,10,2064.96,206.5,1858.46,Card,Online,2026,9,September,9,Wednesday,False,1858.46,619.49
TXN-0106334,2026-09-09,DXB-001,Dubai,CUST-01631,P005,Keyboard,Accessories,1,191.23,10,191.23,19.12,172.11,Card,Store,2026,9,September,9,Wednesday,False,172.11,172.11
TXN-0106352,2026-09-09,DXB-005,Dubai,CUST-05437,P007,Office Chair,Furniture,1,657.95,0,657.95,0.0,657.95,Cash,Store,2026,9,September,9,Wednesday,False,657.95,657.95
TXN-0106442,2026-09-09,DXB-005,Dubai,CUST-06517,P005,Keyboard,Accessories,1,170.17,10,170.17,17.02,153.15,Apple Pay,Store,2026,9,September,9,Wednesday,False,153.15,153.15
TXN-0106464,2026-09-09,DXB-002,Dubai,CUST-05775,P015,Tablet,Electronics,4,1213.0,0,4852.0,0.0,4852.0,Apple Pay,Online,2026,9,September,9,Wednesday,False,4852.0,1213.0
TXN-0106504,2026-09-09,DXB-002,Dubai,CUST-06746,P010,Printer,Office,2,733.45,10,1466.9,146.69,1320.21,Card,Store,2026,9,September,9,Wednesday,False,1320.21,660.1
TXN-0106508,2026-09-09,DXB-001,Dubai,CUST-04861,P014,Power Bank,Electronics,1,144.35,10,144.35,14.44,129.91,Apple Pay,Store,2026,9,September,9,Wednesday,False,129.91,129.91
TXN-0106528,2026-09-09,DXB-004,Dubai,CUST-06339,P004,Monitor,Electronics,1,949.49,0,949.49,0.0,949.49,Cash,Store,2026,9,September,9,Wednesday,False,949.49,949.49
TXN-0106563,2026-09-09,DXB-003,Dubai,CUST-03613,P003,Headphones,Electronics,1,330.22,15,330.22,49.53,280.69,Bank Transfer,Store,2026,9,September,9,Wednesday,False,280.69,280.69
TXN-0106565,2026-09-09,DXB-002,Dubai,CUST-06311,P011,Notebook,Stationery,1,25.96,0,25.96,0.0,25.96,Cash,Online,2026,9,September,9,Wednesday,False,25.96,25.96
TXN-0106645,2026-09-09,DXB-005,Dubai,CUST-03677,P014,Power Bank,Electronics,1,136.46,0,136.46,0.0,136.46,Bank Transfer,Store,2026,9,September,9,Wednesday,False,136.46,136.46
TXN-0106666,2026-09-09,DXB-002,Dubai,CUST-03917,P011,Notebook,Stationery,1,25.65,0,25.65,0.0,25.65,Cash,Online,2026,9,September,9,Wednesday,False,25.65,25.65
TXN-0106667,2026-09-09,DXB-001,Dubai,CUST-07685,P003,Headphones,Electronics,1,361.49,0,361.49,0.0,361.49,Cash,Online,2026,9,September,9,Wednesday,False,361.49,361.49
TXN-0106683,2026-09-09,DXB-003,Dubai,CUST-00709,P001,Laptop,Electronics,1,2784.95,5,2784.95,139.25,2645.7,Card,Store,2026,9,September,9,Wednesday,False,2645.7,2645.7
TXN-0106860,2026-09-09,DXB-002,Dubai,CUST-05503,P015,Tablet,Electronics,2,1183.58,0,2367.16,0.0,2367.16,Card,Online,2026,9,September,9,Wednesday,False,2367.16,1183.58
TXN-0106862,2026-09-09,DXB-004,Dubai,CUST-00955,P013,USB Drive,Accessories,4,45.76,10,183.04,18.3,164.74,Apple Pay,Online,2026,9,September,9,Wednesday,False,164.74,41.18
TXN-0106890,2026-09-09,DXB-002,Dubai,CUST-05793,P005,Keyboard,Accessories,1,179.75,0,179.75,0.0,179.75,Apple Pay,Store,2026,9,September,9,Wednesday,False,179.75,179.75
TXN-0107029,2026-09-09,DXB-004,Dubai,CUST-06451,P004,Monitor,Electronics,1,928.67,10,928.67,92.87,835.8,Cash,Store,2026,9,September,9,Wednesday,False,835.8,835.8
TXN-0107046,2026-09-09,DXB-001,Dubai,CUST-01473,P008,Desk,Furniture,4,737.03,10,2948.12,294.81,2653.31,Card,Online,2026,9,September,9,Wednesday,False,2653.31,663.33
TXN-0107070,2026-09-09,DXB-003,Dubai,CUST-04527,P007,Office Chair,Furniture,1,663.3,15,663.3,99.5,563.8,Card,Online,2026,9,September,9,Wednesday,False,563.8,563.8
TXN-0107166,2026-09-09,DXB-003,Dubai,CUST-06591,P006,Mouse,Accessories,6,90.56,10,543.36,54.34,489.02,Cash,Store,2026,9,September,9,Wednesday,False,489.02,81.5
TXN-0107204,2026-09-09,DXB-004,Dubai,CUST-06056,P009,Backpack,Accessories,2,215.53,10,431.06,43.11,387.95,Bank Transfer,Store,2026,9,September,9,Wednesday,False,387.95,193.98
TXN-0107422,2026-09-09,DXB-002,Dubai,CUST-03978,P006,Mouse,Accessories,1,92.85,15,92.85,13.93,78.92,Apple Pay,Store,2026,9,September,9,Wednesday,False,78.92,78.92
TXN-0107494,2026-09-09,DXB-005,Dubai,CUST-00442,P002,Smartphone,Electronics,1,1815.37,15,1815.37,272.31,1543.06,Card,Store,2026,9,September,9,Wednesday,False,1543.06,1543.06
TXN-0107648,2026-09-09,DXB-001,Dubai,CUST-03744,P006,Mouse,Accessories,3,102.6,5,307.8,15.39,292.41,Cash,Store,2026,9,September,9,Wednesday,False,292.41,97.47
TXN-0107718,2026-09-09,DXB-002,Dubai,CUST-05955,P004,Monitor,Electronics,1,891.03,10,891.03,89.1,801.93,Apple Pay,Store,2026,9,September,9,Wednesday,False,801.93,801.93
TXN-0107834,2026-09-09,DXB-004,Dubai,CUST-06435,P005,Keyboard,Accessories,1,178.61,20,178.61,35.72,142.89,Bank Transfer,Store,2026,9,September,9,Wednesday,False,142.89,142.89
TXN-0107887,2026-09-09,DXB-003,Dubai,CUST-00980,P001,Laptop,Electronics,3,2701.05,0,8103.15,0.0,8103.15,Card,Store,2026,9,September,9,Wednesday,False,8103.15,2701.05
TXN-0107913,2026-09-09,DXB-003,Dubai,CUST-07940,P001,Laptop,Electronics,3,3192.29,10,9576.87,957.69,8619.18,Card,Store,2026,9,September,9,Wednesday,False,8619.18,2873.06
TXN-0107934,2026-09-09,DXB-003,Dubai,CUST-04825,P012,Pen Pack,Stationery,1,14.83,0,14.83,0.0,14.83,Bank Transfer,Online,2026,9,September,9,Wednesday,False,14.83,14.83
TXN-0107962,2026-09-09,DXB-003,Dubai,CUST-04690,P007,Office Chair,Furniture,1,641.9,20,641.9,128.38,513.52,Apple Pay,Online,2026,9,September,9,Wednesday,False,513.52,513.52
TXN-0107964,2026-09-09,DXB-001,Dubai,CUST-07854,P004,Monitor,Electronics,2,900.75,0,1801.5,0.0,1801.5,Apple Pay,Store,2026,9,September,9,Wednesday,False,1801.5,900.75
TXN-0108033,2026-09-09,DXB-002,Dubai,CUST-03142,P015,Tablet,Electronics,3,1210.36,0,3631.08,0.0,3631.08,Card,Online,2026,9,September,9,Wednesday,False,3631.08,1210.36
TXN-0108051,2026-09-09,DXB-003,Dubai,CUST-06266,P015,Tablet,Electronics,1,1102.92,20,1102.92,220.58,882.34,Apple Pay,Online,2026,9,September,9,Wednesday,False,882.34,882.34
TXN-0108167,2026-09-09,DXB-002,Dubai,CUST-04621,P012,Pen Pack,Stationery,1,15.88,0,15.88,0.0,15.88,Cash,Store,2026,9,September,9,Wednesday,False,15.88,15.88
TXN-0108168,2026-09-09,DXB-004,Dubai,CUST-07706,P004,Monitor,Electronics,1,973.74,5,973.74,48.69,925.05,Cash,Store,2026,9,September,9,Wednesday,False,925.05,925.05
TXN-0108189,2026-09-09,DXB-005,Dubai,CUST-07128,P003,Headphones,Electronics,5,383.13,0,1915.65,0.0,1915.65,Apple Pay,Store,2026,9,September,9,Wednesday,False,1915.65,383.13
TXN-0108209,2026-09-09,DXB-002,Dubai,CUST-02057,P006,Mouse,Accessories,2,93.77,15,187.54,28.13,159.41,Apple Pay,Store,2026,9,September,9,Wednesday,False,159.41,79.7
TXN-0108248,2026-09-09,DXB-003,Dubai,CUST-05016,P002,Smartphone,Electronics,2,1851.2,20,3702.4,740.48,2961.92,Card,Store,2026,9,September,9,Wednesday,False,2961.92,1480.96
TXN-0108254,2026-09-09,DXB-005,Dubai,CUST-05937,P005,Keyboard,Accessories,5,182.06,0,910.3,0.0,910.3,Card,Store,2026,9,September,9,Wednesday,False,910.3,182.06
TXN-0108307,2026-09-09,DXB-004,Dubai,CUST-04449,P003,Headphones,Electronics,1,410.23,5,410.23,20.51,389.72,Card,Online,2026,9,September,9,Wednesday,False,389.72,389.72
TXN-0108334,2026-09-09,DXB-001,Dubai,CUST-00952,P014,Power Bank,Electronics,2,155.12,0,310.24,0.0,310.24,Cash,Online,2026,9,September,9,Wednesday,False,310.24,155.12
TXN-0108365,2026-09-09,DXB-001,Dubai,CUST-07669,P012,Pen Pack,Stationery,2,14.13,5,28.26,1.41,26.85,Card,Store,2026,9,September,9,Wednesday,False,26.85,13.42
TXN-0108429,2026-09-09,DXB-003,Dubai,CUST-00885,P006,Mouse,Accessories,3,100.03,0,300.09,0.0,300.09,Apple Pay,Online,2026,9,September,9,Wednesday,False,300.09,100.03
TXN-0108456,2026-09-09,DXB-001,Dubai,CUST-02717,P005,Keyboard,Accessories,1,200.58,5,200.58,10.03,190.55,Cash,Store,2026,9,September,9,Wednesday,False,190.55,190.55
TXN-0108569,2026-09-09,DXB-004,Dubai,CUST-02845,P001,Laptop,Electronics,2,2808.65,0,5617.3,0.0,5617.3,Card,Online,2026,9,September,9,Wednesday,False,5617.3,2808.65
TXN-0108602,2026-09-09,DXB-005,Dubai,CUST-06063,P008,Desk,Furniture,1,832.61,5,832.61,41.63,790.98,Card,Online,2026,9,September,9,Wednesday,False,790.98,790.98
TXN-0108619,2026-09-09,DXB-001,Dubai,CUST-07212,P013,USB Drive,Accessories,1,43.51,15,43.51,6.53,36.98,Card,Store,2026,9,September,9,Wednesday,False,36.98,36.98
TXN-0108643,2026-09-09,DXB-004,Dubai,CUST-02625,P006,Mouse,Accessories,3,99.27,0,297.81,0.0,297.81,Bank Transfer,Store,2026,9,September,9,Wednesday,False,297.81,99.27
TXN-0108694,2026-09-09,DXB-004,Dubai,CUST-00421,P007,Office Chair,Furniture,1,675.25,10,675.25,67.53,607.72,Card,Store,2026,9,September,9,Wednesday,False,607.72,607.72
TXN-0108733,2026-09-09,DXB-004,Dubai,CUST-02850,P005,Keyboard,Accessories,2,164.39,15,328.78,49.32,279.46,Bank Transfer,Store,2026,9,September,9,Wednesday,False,279.46,139.73
TXN-0108780,2026-09-09,DXB-002,Dubai,CUST-02273,P012,Pen Pack,Stationery,1,15.12,0,15.12,0.0,15.12,Apple Pay,Store,2026,9,September,9,Wednesday,False,15.12,15.12
TXN-0108854,2026-09-09,DXB-004,Dubai,CUST-02038,P006,Mouse,Accessories,2,96.74,0,193.48,0.0,193.48,Bank Transfer,Store,2026,9,September,9,Wednesday,False,193.48,96.74
TXN-0109061,2026-09-09,DXB-005,Dubai,CUST-07329,P013,USB Drive,Accessories,2,41.63,0,83.26,0.0,83.26,Card,Store,2026,9,September,9,Wednesday,False,83.26,41.63
TXN-0109088,2026-09-09,DXB-001,Dubai,CUST-04396,P014,Power Bank,Electronics,2,134.52,10,269.04,26.9,242.14,Apple Pay,Store,2026,9,September,9,Wednesday,False,242.14,121.07
TXN-0109120,2026-09-09,DXB-001,Dubai,CUST-06348,P012,Pen Pack,Stationery,2,15.62,5,31.24,1.56,29.68,Apple Pay,Store,2026,9,September,9,Wednesday,False,29.68,14.84
TXN-0109344,2026-09-09,DXB-005,Dubai,CUST-06904,P009,Backpack,Accessories,2,197.59,15,395.18,59.28,335.9,Cash,Store,2026,9,September,9,Wednesday,False,335.9,167.95
TXN-0109385,2026-09-09,DXB-003,Dubai,CUST-07963,P003,Headphones,Electronics,1,356.86,10,356.86,35.69,321.17,Apple Pay,Store,2026,9,September,9,Wednesday,False,321.17,321.17
TXN-0109506,2026-09-09,DXB-001,Dubai,CUST-02130,P002,Smartphone,Electronics,3,1842.14,0,5526.42,0.0,5526.42,Apple Pay,Store,2026,9,September,9,Wednesday,False,5526.42,1842.14
TXN-0109665,2026-09-09,DXB-003,Dubai,CUST-02136,P005,Keyboard,Accessories,2,181.05,5,362.1,18.1,344.0,Apple Pay,Store,2026,9,September,9,Wednesday,False,344.0,172.0
TXN-0109705,2026-09-09,DXB-004,Dubai,CUST-02613,P010,Printer,Office,1,762.15,10,762.15,76.22,685.93,Apple Pay,Store,2026,9,September,9,Wednesday,False,685.93,685.93
TXN-0109755,2026-09-09,DXB-005,Dubai,CUST-01530,P001,Laptop,Electronics,1,3005.12,15,3005.12,450.77,2554.35,Cash,Store,2026,9,September,9,Wednesday,False,2554.35,2554.35
TXN-0109763,2026-09-09,DXB-004,Dubai,CUST-02311,P004,Monitor,Electronics,1,915.02,5,915.02,45.75,869.27,Bank Transfer,Store,2026,9,September,9,Wednesday,False,869.27,869.27
TXN-0109802,2026-09-09,DXB-004,Dubai,CUST-02768,P007,Office Chair,Furniture,1,688.54,5,688.54,34.43,654.11,Cash,Store,2026,9,September,9,Wednesday,False,654.11,654.11
TXN-0109809,2026-09-09,DXB-004,Dubai,CUST-00373,P004,Monitor,Electronics,5,852.28,0,4261.4,0.0,4261.4,Apple Pay,Store,2026,9,September,9,Wednesday,False,4261.4,852.28
TXN-0109903,2026-09-09,DXB-001,Dubai,CUST-07957,P013,USB Drive,Accessories,5,45.74,5,228.7,11.44,217.26,Card,Store,2026,9,September,9,Wednesday,False,217.26,43.45
TXN-0109953,2026-09-09,DXB-001,Dubai,CUST-04824,P010,Printer,Office,1,789.1,15,789.1,118.36,670.74,Card,Store,2026,9,September,9,Wednesday,False,670.74,670.74
TXN-0109974,2026-09-09,DXB-002,Dubai,CUST-02685,P006,Mouse,Accessories,1,105.73,10,105.73,10.57,95.16,Card,Store,2026,9,September,9,Wednesday,False,95.16,95.16
TXN-0109996,2026-09-09,DXB-005,Dubai,CUST-02744,P005,Keyboard,Accessories,1,162.11,0,162.11,0.0,162.11,Cash,Online,2026,9,September,9,Wednesday,False,162.11,162.11
TXN-0110001,2026-09-09,DXB-001,Dubai,CUST-02521,P014,Power Bank,Electronics,2,163.94,5,327.88,16.39,311.49,Card,Store,2026,9,September,9,Wednesday,False,311.49,155.74
TXN-0110005,2026-09-09,DXB-005,Dubai,CUST-06726,P007,Office Chair,Furniture,1,701.05,0,701.05,0.0,701.05,Card,Store,2026,9,September,9,Wednesday,False,701.05,701.05
TXN-0110030,2026-09-09,DXB-001,Dubai,CUST-03353,P001,Laptop,Electronics,6,2850.13,0,17100.78,0.0,17100.78,Bank Transfer,Store,2026,9,September,9,Wednesday,False,17100.78,2850.13
TXN-0110046,2026-09-09,DXB-004,Dubai,CUST-06257,P015,Tablet,Electronics,2,1390.09,5,2780.18,139.01,2641.17,Card,Store,2026,9,September,9,Wednesday,False,2641.17,1320.58
TXN-0110050,2026-09-09,DXB-002,Dubai,CUST-02801,P009,Backpack,Accessories,1,217.05,10,217.05,21.7,195.35,Card,Store,2026,9,September,9,Wednesday,False,195.35,195.35
TXN-0110091,2026-09-09,DXB-003,Dubai,CUST-00321,P013,USB Drive,Accessories,1,46.27,0,46.27,0.0,46.27,Bank Transfer,Store,2026,9,September,9,Wednesday,False,46.27,46.27
TXN-0110103,2026-09-09,DXB-001,Dubai,CUST-07111,P012,Pen Pack,Stationery,1,14.08,0,14.08,0.0,14.08,Apple Pay,Store,2026,9,September,9,Wednesday,False,14.08,14.08
TXN-0110120,2026-09-09,DXB-005,Dubai,CUST-06469,P001,Laptop,Electronics,1,2691.37,10,2691.37,269.14,2422.23,Card,Store,2026,9,September,9,Wednesday,False,2422.23,2422.23
TXN-0110238,2026-09-09,DXB-004,Dubai,CUST-07730,P006,Mouse,Accessories,2,96.15,20,192.3,38.46,153.84,Card,Store,2026,9,September,9,Wednesday,False,153.84,76.92
TXN-0110240,2026-09-09,DXB-001,Dubai,CUST-05231,P006,Mouse,Accessories,1,96.9,15,96.9,14.54,82.36,Apple Pay,Store,2026,9,September,9,Wednesday,False,82.36,82.36
TXN-0110344,2026-09-09,DXB-004,Dubai,CUST-05443,P008,Desk,Furniture,3,813.84,0,2441.52,0.0,2441.52,Cash,Store,2026,9,September,9,Wednesday,False,2441.52,813.84
TXN-0110528,2026-09-09,DXB-005,Dubai,CUST-04200,P006,Mouse,Accessories,1,97.88,0,97.88,0.0,97.88,Card,Online,2026,9,September,9,Wednesday,False,97.88,97.88
TXN-0110554,2026-09-09,DXB-002,Dubai,CUST-06778,P006,Mouse,Accessories,1,96.73,5,96.73,4.84,91.89,Card,Store,2026,9,September,9,Wednesday,False,91.89,91.89
TXN-0110624,2026-09-09,DXB-001,Dubai,CUST-01500,P006,Mouse,Accessories,4,102.86,0,411.44,0.0,411.44,Card,Store,2026,9,September,9,Wednesday,False,411.44,102.86
TXN-0110661,2026-09-09,DXB-004,Dubai,CUST-00368,P012,Pen Pack,Stationery,3,15.56,10,46.68,4.67,42.01,Apple Pay,Store,2026,9,September,9,Wednesday,False,42.01,14.0
TXN-0110732,2026-09-09,DXB-003,Dubai,CUST-04738,P014,Power Bank,Electronics,1,157.96,15,157.96,23.69,134.27,Cash,Store,2026,9,September,9,Wednesday,False,134.27,134.27
TXN-0110769,2026-09-09,DXB-002,Dubai,CUST-03406,P010,Printer,Office,2,697.75,5,1395.5,69.78,1325.72,Card,Store,2026,9,September,9,Wednesday,False,1325.72,662.86
TXN-0110785,2026-09-09,DXB-003,Dubai,CUST-07422,P010,Printer,Office,1,721.84,0,721.84,0.0,721.84,Card,Online,2026,9,September,9,Wednesday,False,721.84,721.84
TXN-0110885,2026-09-09,DXB-004,Dubai,CUST-03741,P009,Backpack,Accessories,1,219.99,10,219.99,22.0,197.99,Card,Store,2026,9,September,9,Wednesday,False,197.99,197.99
TXN-0110944,2026-09-09,DXB-002,Dubai,CUST-01948,P001,Laptop,Electronics,4,2928.81,0,11715.24,0.0,11715.24,Apple Pay,Store,2026,9,September,9,Wednesday,False,11715.24,2928.81
TXN-0111026,2026-09-09,DXB-001,Dubai,CUST-05175,P009,Backpack,Accessories,2,231.15,0,462.3,0.0,462.3,Cash,Store,2026,9,September,9,Wednesday,False,462.3,231.15
TXN-0111037,2026-09-09,DXB-005,Dubai,CUST-07748,P012,Pen Pack,Stationery,1,15.65,10,15.65,1.56,14.09,Card,Online,2026,9,September,9,Wednesday,False,14.09,14.09
TXN-0111085,2026-09-09,DXB-005,Dubai,CUST-00051,P005,Keyboard,Accessories,3,171.61,0,514.83,0.0,514.83,Bank Transfer,Store,2026,9,September,9,Wednesday,False,514.83,171.61
TXN-0111094,2026-09-09,DXB-002,Dubai,CUST-00661,P011,Notebook,Stationery,1,25.38,0,25.38,0.0,25.38,Card,Store,2026,9,September,9,Wednesday,False,25.38,25.38
TXN-0111249,2026-09-09,DXB-001,Dubai,CUST-02271,P003,Headphones,Electronics,1,345.91,0,345.91,0.0,345.91,Apple Pay,Store,2026,9,September,9,Wednesday,False,345.91,345.91
TXN-0111258,2026-09-09,DXB-002,Dubai,CUST-03630,P007,Office Chair,Furniture,3,688.19,5,2064.57,103.23,1961.34,Cash,Store,2026,9,September,9,Wednesday,False,1961.34,653.78
TXN-0111285,2026-09-09,DXB-005,Dubai,CUST-01807,P008,Desk,Furniture,1,695.93,15,695.93,104.39,591.54,Bank Transfer,Online,2026,9,September,9,Wednesday,False,591.54,591.54
TXN-0111289,2026-09-09,DXB-002,Dubai,CUST-04623,P009,Backpack,Accessories,1,222.42,0,222.42,0.0,222.42,Card,Store,2026,9,September,9,Wednesday,False,222.42,222.42
TXN-0111295,2026-09-09,DXB-003,Dubai,CUST-06005,P007,Office Chair,Furniture,2,622.11,5,1244.22,62.21,1182.01,Card,Store,2026,9,September,9,Wednesday,False,1182.01,591.0
TXN-0111406,2026-09-09,DXB-005,Dubai,CUST-01593,P012,Pen Pack,Stationery,1,16.56,15,16.56,2.48,14.08,Card,Online,2026,9,September,9,Wednesday,False,14.08,14.08
TXN-0111442,2026-09-09,DXB-005,Dubai,CUST-06328,P001,Laptop,Electronics,3,2837.95,0,8513.85,0.0,8513.85,Card,Store,2026,9,September,9,Wednesday,False,8513.85,2837.95
TXN-0111471,2026-09-09,DXB-005,Dubai,CUST-05039,P007,Office Chair,Furniture,2,604.35,0,1208.7,0.0,1208.7,Card,Store,2026,9,September,9,Wednesday,False,1208.7,604.35
TXN-0111545,2026-09-09,DXB-001,Dubai,CUST-00062,P007,Office Chair,Furniture,5,674.26,10,3371.3,337.13,3034.17,Cash,Online,2026,9,September,9,Wednesday,False,3034.17,606.83
TXN-0111577,2026-09-09,DXB-002,Dubai,CUST-05266,P004,Monitor,Electronics,2,840.85,10,1681.7,168.17,1513.53,Cash,Store,2026,9,September,9,Wednesday,False,1513.53,756.76
TXN-0111605,2026-09-09,DXB-005,Dubai,CUST-01055,P010,Printer,Office,2,717.68,0,1435.36,0.0,1435.36,Card,Store,2026,9,September,9,Wednesday,False,1435.36,717.68
TXN-0111779,2026-09-09,DXB-004,Dubai,CUST-01605,P015,Tablet,Electronics,2,1206.5,5,2413.0,120.65,2292.35,Bank Transfer,Online,2026,9,September,9,Wednesday,False,2292.35,1146.18
TXN-0111875,2026-09-09,DXB-003,Dubai,CUST-01994,P005,Keyboard,Accessories,1,162.71,5,162.71,8.14,154.57,Card,Online,2026,9,September,9,Wednesday,False,154.57,154.57
TXN-0111902,2026-09-09,DXB-002,Dubai,CUST-02538,P008,Desk,Furniture,1,819.74,0,819.74,0.0,819.74,Card,Online,2026,9,September,9,Wednesday,False,819.74,819.74
TXN-0111919,2026-09-09,DXB-005,Dubai,CUST-00291,P002,Smartphone,Electronics,1,1807.37,5,1807.37,90.37,1717.0,Card,Store,2026,9,September,9,Wednesday,False,1717.0,1717.0
TXN-0111923,2026-09-09,DXB-005,Dubai,CUST-03567,P014,Power Bank,Electronics,3,146.45,10,439.35,43.94,395.41,Cash,Store,2026,9,September,9,Wednesday,False,395.41,131.8
TXN-0111929,2026-09-09,DXB-002,Dubai,CUST-06679,P014,Power Bank,Electronics,3,153.93,15,461.79,69.27,392.52,Apple Pay,Store,2026,9,September,9,Wednesday,False,392.52,130.84
TXN-0111934,2026-09-09,DXB-001,Dubai,CUST-07872,P008,Desk,Furniture,1,725.4,10,725.4,72.54,652.86,Cash,Store,2026,9,September,9,Wednesday,False,652.86,652.86
TXN-0112028,2026-09-09,DXB-002,Dubai,CUST-00872,P011,Notebook,Stationery,2,24.76,10,49.52,4.95,44.57,Bank Transfer,Online,2026,9,September,9,Wednesday,False,44.57,22.28
TXN-0112034,2026-09-09,DXB-002,Dubai,CUST-00686,P012,Pen Pack,Stationery,1,14.2,15,14.2,2.13,12.07,Bank Transfer,Online,2026,9,September,9,Wednesday,False,12.07,12.07
TXN-0112070,2026-09-09,DXB-005,Dubai,CUST-00212,P003,Headphones,Electronics,1,328.13,10,328.13,32.81,295.32,Cash,Store,2026,9,September,9,Wednesday,False,295.32,295.32
TXN-0112098,2026-09-09,DXB-004,Dubai,CUST-06695,P001,Laptop,Electronics,1,2780.6,10,2780.6,278.06,2502.54,Card,Store,2026,9,September,9,Wednesday,False,2502.54,2502.54
TXN-0112133,2026-09-09,DXB-004,Dubai,CUST-02650,P013,USB Drive,Accessories,1,45.19,15,45.19,6.78,38.41,Apple Pay,Store,2026,9,September,9,Wednesday,False,38.41,38.41
TXN-0112140,2026-09-09,DXB-004,Dubai,CUST-07687,P003,Headphones,Electronics,1,304.89,10,304.89,30.49,274.4,Cash,Online,2026,9,September,9,Wednesday,False,274.4,274.4
TXN-0112220,2026-09-09,DXB-005,Dubai,CUST-03312,P012,Pen Pack,Stationery,2,16.27,5,32.54,1.63,30.91,Bank Transfer,Store,2026,9,September,9,Wednesday,False,30.91,15.46
TXN-0112241,2026-09-09,DXB-005,Dubai,CUST-01002,P005,Keyboard,Accessories,1,192.56,15,192.56,28.88,163.68,Cash,Store,2026,9,September,9,Wednesday,False,163.68,163.68
TXN-0112369,2026-09-09,DXB-002,Dubai,CUST-05267,P003,Headphones,Electronics,1,369.71,0,369.71,0.0,369.71,Card,Store,2026,9,September,9,Wednesday,False,369.71,369.71
TXN-0112447,2026-09-09,DXB-002,Dubai,CUST-04758,P001,Laptop,Electronics,1,2695.59,5,2695.59,134.78,2560.81,Card,Online,2026,9,September,9,Wednesday,False,2560.81,2560.81
TXN-0112545,2026-09-09,DXB-004,Dubai,CUST-06795,P010,Printer,Office,1,621.0,10,621.0,62.1,558.9,Card,Store,2026,9,September,9,Wednesday,False,558.9,558.9
TXN-0112573,2026-09-09,DXB-003,Dubai,CUST-05435,P005,Keyboard,Accessories,2,185.47,5,370.94,18.55,352.39,Card,Online,2026,9,September,9,Wednesday,False,352.39,176.2
TXN-0112602,2026-09-09,DXB-001,Dubai,CUST-05743,P010,Printer,Office,1,715.66,0,715.66,0.0,715.66,Bank Transfer,Online,2026,9,September,9,Wednesday,False,715.66,715.66
TXN-0112633,2026-09-09,DXB-001,Dubai,CUST-00869,P014,Power Bank,Electronics,1,144.46,5,144.46,7.22,137.24,Card,Store,2026,9,September,9,Wednesday,False,137.24,137.24
TXN-0112663,2026-09-09,DXB-004,Dubai,CUST-00387,P007,Office Chair,Furniture,1,644.99,0,644.99,0.0,644.99,Cash,Store,2026,9,September,9,Wednesday,False,644.99,644.99
TXN-0112709,2026-09-09,DXB-002,Dubai,CUST-01199,P010,Printer,Office,1,770.87,10,770.87,77.09,693.78,Bank Transfer,Store,2026,9,September,9,Wednesday,False,693.78,693.78
TXN-0112737,2026-09-09,DXB-005,Dubai,CUST-02296,P005,Keyboard,Accessories,1,174.87,15,174.87,26.23,148.64,Cash,Store,2026,9,September,9,Wednesday,False,148.64,148.64
TXN-0112741,2026-09-09,DXB-002,Dubai,CUST-04586,P011,Notebook,Stationery,1,25.07,0,25.07,0.0,25.07,Card,Online,2026,9,September,9,Wednesday,False,25.07,25.07
TXN-0112746,2026-09-09,DXB-003,Dubai,CUST-07870,P002,Smartphone,Electronics,6,2001.03,0,12006.18,0.0,12006.18,Apple Pay,Store,2026,9,September,9,Wednesday,False,12006.18,2001.03
TXN-0112776,2026-09-09,DXB-001,Dubai,CUST-00183,P002,Smartphone,Electronics,1,1809.17,5,1809.17,90.46,1718.71,Apple Pay,Store,2026,9,September,9,Wednesday,False,1718.71,1718.71
TXN-0112842,2026-09-09,DXB-002,Dubai,CUST-00999,P013,USB Drive,Accessories,4,45.2,5,180.8,9.04,171.76,Apple Pay,Store,2026,9,September,9,Wednesday,False,171.76,42.94
TXN-0112845,2026-09-09,DXB-003,Dubai,CUST-07374,P003,Headphones,Electronics,3,291.76,0,875.28,0.0,875.28,Card,Store,2026,9,September,9,Wednesday,False,875.28,291.76
TXN-0112850,2026-09-09,DXB-003,Dubai,CUST-04860,P002,Smartphone,Electronics,1,1799.94,0,1799.94,0.0,1799.94,Apple Pay,Store,2026,9,September,9,Wednesday,False,1799.94,1799.94
TXN-0112875,2026-09-09,DXB-004,Dubai,CUST-00010,P010,Printer,Office,2,724.84,10,1449.68,144.97,1304.71,Apple Pay,Store,2026,9,September,9,Wednesday,False,1304.71,652.36
TXN-0113047,2026-09-09,DXB-003,Dubai,CUST-03317,P004,Monitor,Electronics,1,977.99,5,977.99,48.9,929.09,Bank Transfer,Store,2026,9,September,9,Wednesday,False,929.09,929.09
TXN-0113059,2026-09-09,DXB-003,Dubai,CUST-05039,P007,Office Chair,Furniture,2,624.16,0,1248.32,0.0,1248.32,Apple Pay,Store,2026,9,September,9,Wednesday,False,1248.32,624.16
TXN-0113127,2026-09-09,DXB-002,Dubai,CUST-04722,P007,Office Chair,Furniture,1,654.76,10,654.76,65.48,589.28,Card,Store,2026,9,September,9,Wednesday,False,589.28,589.28
TXN-0113295,2026-09-09,DXB-003,Dubai,CUST-06078,P014,Power Bank,Electronics,1,143.21,5,143.21,7.16,136.05,Apple Pay,Store,2026,9,September,9,Wednesday,False,136.05,136.05
TXN-0113462,2026-09-09,DXB-003,Dubai,CUST-00706,P007,Office Chair,Furniture,1,673.87,5,673.87,33.69,640.18,Card,Store,2026,9,September,9,Wednesday,False,640.18,640.18
TXN-0113520,2026-09-09,DXB-004,Dubai,CUST-06694,P008,Desk,Furniture,1,787.94,0,787.94,0.0,787.94,Card,Online,2026,9,September,9,Wednesday,False,787.94,787.94
TXN-0113549,2026-09-09,DXB-004,Dubai,CUST-05226,P005,Keyboard,Accessories,1,175.03,0,175.03,0.0,175.03,Card,Store,2026,9,September,9,Wednesday,False,175.03,175.03
TXN-0113594,2026-09-09,DXB-001,Dubai,CUST-04609,P006,Mouse,Accessories,1,91.93,0,91.93,0.0,91.93,Card,Online,2026,9,September,9,Wednesday,False,91.93,91.93
TXN-0113675,2026-09-09,DXB-001,Dubai,CUST-04001,P009,Backpack,Accessories,5,229.69,5,1148.45,57.42,1091.03,Card,Online,2026,9,September,9,Wednesday,False,1091.03,218.21
TXN-0113733,2026-09-09,DXB-005,Dubai,CUST-03690,P008,Desk,Furniture,3,816.56,15,2449.68,367.45,2082.23,Card,Online,2026,9,September,9,Wednesday,False,2082.23,694.08
TXN-0113750,2026-09-09,DXB-005,Dubai,CUST-01396,P013,USB Drive,Accessories,4,47.01,10,188.04,18.8,169.24,Card,Store,2026,9,September,9,Wednesday,False,169.24,42.31
TXN-0113821,2026-09-09,DXB-002,Dubai,CUST-01648,P003,Headphones,Electronics,1,317.67,10,317.67,31.77,285.9,Cash,Store,2026,9,September,9,Wednesday,False,285.9,285.9
TXN-0113835,2026-09-09,DXB-001,Dubai,CUST-04476,P003,Headphones,Electronics,2,345.24,10,690.48,69.05,621.43,Bank Transfer,Online,2026,9,September,9,Wednesday,False,621.43,310.71
TXN-0113863,2026-09-09,DXB-003,Dubai,CUST-07318,P001,Laptop,Electronics,2,2691.94,0,5383.88,0.0,5383.88,Cash,Store,2026,9,September,9,Wednesday,False,5383.88,2691.94
TXN-0113864,2026-09-09,DXB-002,Dubai,CUST-04946,P009,Backpack,Accessories,1,230.33,10,230.33,23.03,207.3,Apple Pay,Online,2026,9,September,9,Wednesday,False,207.3,207.3
TXN-0113965,2026-09-09,DXB-001,Dubai,CUST-01842,P007,Office Chair,Furniture,5,643.03,5,3215.15,160.76,3054.39,Apple Pay,Store,2026,9,September,9,Wednesday,False,3054.39,610.88
TXN-0113984,2026-09-09,DXB-004,Dubai,CUST-03969,P005,Keyboard,Accessories,2,186.58,0,373.16,0.0,373.16,Bank Transfer,Online,2026,9,September,9,Wednesday,False,373.16,186.58
TXN-0113989,2026-09-09,DXB-002,Dubai,CUST-00196,P010,Printer,Office,1,786.89,0,786.89,0.0,786.89,Card,Store,2026,9,September,9,Wednesday,False,786.89,786.89
TXN-0114115,2026-09-09,DXB-004,Dubai,CUST-04946,P013,USB Drive,Accessories,1,40.86,0,40.86,0.0,40.86,Cash,Store,2026,9,September,9,Wednesday,False,40.86,40.86
TXN-0114358,2026-09-09,DXB-001,Dubai,CUST-05235,P011,Notebook,Stationery,1,25.29,0,25.29,0.0,25.29,Apple Pay,Store,2026,9,September,9,Wednesday,False,25.29,25.29
TXN-0114589,2026-09-09,DXB-005,Dubai,CUST-02515,P003,Headphones,Electronics,1,353.84,5,353.84,17.69,336.15,Apple Pay,Store,2026,9,September,9,Wednesday,False,336.15,336.15
TXN-0114591,2026-09-09,DXB-004,Dubai,CUST-05865,P013,USB Drive,Accessories,2,45.38,10,90.76,9.08,81.68,Bank Transfer,Store,2026,9,September,9,Wednesday,False,81.68,40.84
TXN-0114620,2026-09-09,DXB-004,Dubai,CUST-07448,P003,Headphones,Electronics,1,346.06,10,346.06,34.61,311.45,Apple Pay,Store,2026,9,September,9,Wednesday,False,311.45,311.45
TXN-0114676,2026-09-09,DXB-001,Dubai,CUST-07121,P014,Power Bank,Electronics,3,139.04,0,417.12,0.0,417.12,Cash,Online,2026,9,September,9,Wednesday,False,417.12,139.04
TXN-0114689,2026-09-09,DXB-002,Dubai,CUST-04566,P002,Smartphone,Electronics,1,1782.35,0,1782.35,0.0,1782.35,Card,Store,2026,9,September,9,Wednesday,False,1782.35,1782.35
TXN-0114766,2026-09-09,DXB-002,Dubai,CUST-03995,P013,USB Drive,Accessories,1,45.51,5,45.51,2.28,43.23,Apple Pay,Store,2026,9,September,9,Wednesday,False,43.23,43.23
TXN-0114774,2026-09-09,DXB-001,Dubai,CUST-04699,P004,Monitor,Electronics,1,1034.09,0,1034.09,0.0,1034.09,Cash,Store,2026,9,September,9,Wednesday,False,1034.09,1034.09
TXN-0114776,2026-09-09,DXB-002,Dubai,CUST-00640,P011,Notebook,Stationery,1,23.13,10,23.13,2.31,20.82,Card,Online,2026,9,September,9,Wednesday,False,20.82,20.82
TXN-0114989,2026-09-09,DXB-002,Dubai,CUST-05755,P004,Monitor,Electronics,1,911.48,0,911.48,0.0,911.48,Apple Pay,Store,2026,9,September,9,Wednesday,False,911.48,911.48
TXN-0115004,2026-09-09,DXB-005,Dubai,CUST-03672,P014,Power Bank,Electronics,4,144.81,0,579.24,0.0,579.24,Card,Store,2026,9,September,9,Wednesday,False,579.24,144.81
TXN-0115033,2026-09-09,DXB-005,Dubai,CUST-07193,P008,Desk,Furniture,1,876.41,10,876.41,87.64,788.77,Cash,Store,2026,9,September,9,Wednesday,False,788.77,788.77
TXN-0115055,2026-09-09,DXB-003,Dubai,CUST-07923,P013,USB Drive,Accessories,1,40.75,10,40.75,4.08,36.67,Card,Store,2026,9,September,9,Wednesday,False,36.67,36.67
TXN-0115116,2026-09-09,DXB-003,Dubai,CUST-02441,P009,Backpack,Accessories,1,229.45,0,229.45,0.0,229.45,Cash,Store,2026,9,September,9,Wednesday,False,229.45,229.45
TXN-0115146,2026-09-09,DXB-002,Dubai,CUST-04660,P008,Desk,Furniture,2,858.18,0,1716.36,0.0,1716.36,Apple Pay,Store,2026,9,September,9,Wednesday,False,1716.36,858.18
TXN-0115186,2026-09-09,DXB-001,Dubai,CUST-07628,P005,Keyboard,Accessories,3,163.32,5,489.96,24.5,465.46,Card,Store,2026,9,September,9,Wednesday,False,465.46,155.15
TXN-0115188,2026-09-09,DXB-002,Dubai,CUST-03667,P011,Notebook,Stationery,1,25.25,0,25.25,0.0,25.25,Cash,Online,2026,9,September,9,Wednesday,False,25.25,25.25
TXN-0115204,2026-09-09,DXB-003,Dubai,CUST-00785,P011,Notebook,Stationery,1,23.96,10,23.96,2.4,21.56,Card,Store,2026,9,September,9,Wednesday,False,21.56,21.56
TXN-0115256,2026-09-09,DXB-003,Dubai,CUST-06232,P003,Headphones,Electronics,1,318.18,10,318.18,31.82,286.36,Cash,Store,2026,9,September,9,Wednesday,False,286.36,286.36
TXN-0115263,2026-09-09,DXB-001,Dubai,CUST-03114,P012,Pen Pack,Stationery,1,14.67,5,14.67,0.73,13.94,Bank Transfer,Store,2026,9,September,9,Wednesday,False,13.94,13.94
TXN-0115315,2026-09-09,DXB-002,Dubai,CUST-05995,P011,Notebook,Stationery,1,24.73,15,24.73,3.71,21.02,Card,Store,2026,9,September,9,Wednesday,False,21.02,21.02
TXN-0115365,2026-09-09,DXB-001,Dubai,CUST-00973,P010,Printer,Office,1,751.19,15,751.19,112.68,638.51,Cash,Store,2026,9,September,9,Wednesday,False,638.51,638.51
TXN-0115391,2026-09-09,DXB-004,Dubai,CUST-00735,P008,Desk,Furniture,1,744.05,10,744.05,74.4,669.65,Cash,Store,2026,9,September,9,Wednesday,False,669.65,669.65
TXN-0115424,2026-09-09,DXB-001,Dubai,CUST-07631,P006,Mouse,Accessories,1,99.14,15,99.14,14.87,84.27,Apple Pay,Store,2026,9,September,9,Wednesday,False,84.27,84.27
TXN-0115448,2026-09-09,DXB-003,Dubai,CUST-01656,P010,Printer,Office,1,679.7,0,679.7,0.0,679.7,Card,Online,2026,9,September,9,Wednesday,False,679.7,679.7
TXN-0115480,2026-09-09,DXB-004,Dubai,CUST-03631,P012,Pen Pack,Stationery,2,15.11,0,30.22,0.0,30.22,Card,Online,2026,9,September,9,Wednesday,False,30.22,15.11
TXN-0115593,2026-09-09,DXB-004,Dubai,CUST-04107,P008,Desk,Furniture,4,865.3,15,3461.2,519.18,2942.02,Card,Store,2026,9,September,9,Wednesday,False,2942.02,735.5
TXN-0115624,2026-09-09,DXB-002,Dubai,CUST-00353,P003,Headphones,Electronics,1,370.89,0,370.89,0.0,370.89,Apple Pay,Store,2026,9,September,9,Wednesday,False,370.89,370.89
TXN-0115674,2026-09-09,DXB-003,Dubai,CUST-00329,P010,Printer,Office,2,714.27,10,1428.54,142.85,1285.69,Cash,Store,2026,9,September,9,Wednesday,False,1285.69,642.84
TXN-0115681,2026-09-09,DXB-004,Dubai,CUST-04815,P010,Printer,Office,4,690.13,15,2760.52,414.08,2346.44,Cash,Store,2026,9,September,9,Wednesday,False,2346.44,586.61
TXN-0115811,2026-09-09,DXB-001,Dubai,CUST-01646,P001,Laptop,Electronics,1,2628.11,15,2628.11,394.22,2233.89,Cash,Online,2026,9,September,9,Wednesday,False,2233.89,2233.89
TXN-0115817,2026-09-09,DXB-004,Dubai,CUST-03894,P007,Office Chair,Furniture,2,640.26,0,1280.52,0.0,1280.52,Bank Transfer,Online,2026,9,September,9,Wednesday,False,1280.52,640.26
TXN-0115858,2026-09-09,DXB-001,Dubai,CUST-06850,P014,Power Bank,Electronics,1,154.87,5,154.87,7.74,147.13,Bank Transfer,Store,2026,9,September,9,Wednesday,False,147.13,147.13
TXN-0115878,2026-09-09,DXB-005,Dubai,CUST-03220,P014,Power Bank,Electronics,1,139.08,5,139.08,6.95,132.13,Apple Pay,Store,2026,9,September,9,Wednesday,False,132.13,132.13
TXN-0115965,2026-09-09,DXB-001,Dubai,CUST-01140,P010,Printer,Office,6,674.63,15,4047.78,607.17,3440.61,Card,Store,2026,9,September,9,Wednesday,False,3440.61,573.44
TXN-0116011,2026-09-09,DXB-001,Dubai,CUST-02520,P003,Headphones,Electronics,1,396.61,5,396.61,19.83,376.78,Bank Transfer,Store,2026,9,September,9,Wednesday,False,376.78,376.78
TXN-0116030,2026-09-09,DXB-004,Dubai,CUST-03828,P010,Printer,Office,1,694.65,15,694.65,104.2,590.45,Cash,Store,2026,9,September,9,Wednesday,False,590.45,590.45
TXN-0116061,2026-09-09,DXB-001,Dubai,CUST-05944,P014,Power Bank,Electronics,1,145.49,5,145.49,7.27,138.22,Apple Pay,Store,2026,9,September,9,Wednesday,False,138.22,138.22
TXN-0116160,2026-09-09,DXB-003,Dubai,CUST-02666,P009,Backpack,Accessories,1,208.85,10,208.85,20.88,187.97,Card,Store,2026,9,September,9,Wednesday,False,187.97,187.97
TXN-0116186,2026-09-09,DXB-001,Dubai,CUST-03179,P012,Pen Pack,Stationery,5,13.24,0,66.2,0.0,66.2,Bank Transfer,Store,2026,9,September,9,Wednesday,False,66.2,13.24
TXN-0116245,2026-09-09,DXB-004,Dubai,CUST-02477,P003,Headphones,Electronics,2,354.11,0,708.22,0.0,708.22,Cash,Store,2026,9,September,9,Wednesday,False,708.22,354.11
TXN-0116316,2026-09-09,DXB-002,Dubai,CUST-06781,P014,Power Bank,Electronics,3,142.77,5,428.31,21.42,406.89,Card,Store,2026,9,September,9,Wednesday,False,406.89,135.63
TXN-0116466,2026-09-09,DXB-003,Dubai,CUST-01898,P014,Power Bank,Electronics,1,132.02,15,132.02,19.8,112.22,Card,Store,2026,9,September,9,Wednesday,False,112.22,112.22
TXN-0116506,2026-09-09,DXB-004,Dubai,CUST-03278,P011,Notebook,Stationery,1,26.33,0,26.33,0.0,26.33,Card,Store,2026,9,September,9,Wednesday,False,26.33,26.33
TXN-0116551,2026-09-09,DXB-004,Dubai,CUST-01200,P007,Office Chair,Furniture,1,622.21,0,622.21,0.0,622.21,Cash,Online,2026,9,September,9,Wednesday,False,622.21,622.21
TXN-0116553,2026-09-09,DXB-002,Dubai,CUST-07606,P007,Office Chair,Furniture,1,641.31,15,641.31,96.2,545.11,Apple Pay,Store,2026,9,September,9,Wednesday,False,545.11,545.11
TXN-0116782,2026-09-09,DXB-002,Dubai,CUST-07246,P007,Office Chair,Furniture,1,643.55,5,643.55,32.18,611.37,Bank Transfer,Online,2026,9,September,9,Wednesday,False,611.37,611.37
TXN-0116827,2026-09-09,DXB-001,Dubai,CUST-04232,P008,Desk,Furniture,4,747.12,0,2988.48,0.0,2988.48,Cash,Store,2026,9,September,9,Wednesday,False,2988.48,747.12
TXN-0116872,2026-09-09,DXB-001,Dubai,CUST-03706,P010,Printer,Office,1,699.41,0,699.41,0.0,699.41,Apple Pay,Store,2026,9,September,9,Wednesday,False,699.41,699.41
TXN-0116902,2026-09-09,DXB-003,Dubai,CUST-03655,P002,Smartphone,Electronics,1,1783.71,5,1783.71,89.19,1694.52,Cash,Store,2026,9,September,9,Wednesday,False,1694.52,1694.52
TXN-0116961,2026-09-09,DXB-003,Dubai,CUST-06684,P007,Office Chair,Furniture,3,664.11,0,1992.33,0.0,1992.33,Card,Store,2026,9,September,9,Wednesday,False,1992.33,664.11
TXN-0116993,2026-09-09,DXB-002,Dubai,CUST-07722,P002,Smartphone,Electronics,1,2001.11,0,2001.11,0.0,2001.11,Bank Transfer,Store,2026,9,September,9,Wednesday,False,2001.11,2001.11
TXN-0116995,2026-09-09,DXB-002,Dubai,CUST-06268,P011,Notebook,Stationery,2,27.15,0,54.3,0.0,54.3,Apple Pay,Store,2026,9,September,9,Wednesday,False,54.3,27.15
TXN-0117048,2026-09-09,DXB-004,Dubai,CUST-03563,P015,Tablet,Electronics,3,1247.31,5,3741.93,187.1,3554.83,Card,Store,2026,9,September,9,Wednesday,False,3554.83,1184.94
TXN-0117173,2026-09-09,DXB-002,Dubai,CUST-03869,P009,Backpack,Accessories,2,213.1,5,426.2,21.31,404.89,Card,Online,2026,9,September,9,Wednesday,False,404.89,202.44
TXN-0117410,2026-09-09,DXB-002,Dubai,CUST-03577,P002,Smartphone,Electronics,1,1824.87,10,1824.87,182.49,1642.38,Cash,Store,2026,9,September,9,Wednesday,False,1642.38,1642.38
TXN-0117575,2026-09-09,DXB-003,Dubai,CUST-01309,P004,Monitor,Electronics,2,941.16,0,1882.32,0.0,1882.32,Cash,Store,2026,9,September,9,Wednesday,False,1882.32,941.16
TXN-0117581,2026-09-09,DXB-001,Dubai,CUST-06040,P006,Mouse,Accessories,1,98.03,10,98.03,9.8,88.23,Cash,Store,2026,9,September,9,Wednesday,False,88.23,88.23
TXN-0117619,2026-09-09,DXB-005,Dubai,CUST-04579,P008,Desk,Furniture,3,720.93,10,2162.79,216.28,1946.51,Apple Pay,Store,2026,9,September,9,Wednesday,False,1946.51,648.84
TXN-0117747,2026-09-09,DXB-003,Dubai,CUST-07527,P010,Printer,Office,2,659.84,5,1319.68,65.98,1253.7,Apple Pay,Online,2026,9,September,9,Wednesday,False,1253.7,626.85
TXN-0117773,2026-09-09,DXB-003,Dubai,CUST-01699,P010,Printer,Office,1,703.05,5,703.05,35.15,667.9,Card,Store,2026,9,September,9,Wednesday,False,667.9,667.9
TXN-0117814,2026-09-09,DXB-005,Dubai,CUST-02530,P015,Tablet,Electronics,1,1185.48,0,1185.48,0.0,1185.48,Apple Pay,Store,2026,9,September,9,Wednesday,False,1185.48,1185.48
TXN-0117822,2026-09-09,DXB-001,Dubai,CUST-05689,P006,Mouse,Accessories,1,106.06,10,106.06,10.61,95.45,Apple Pay,Online,2026,9,September,9,Wednesday,False,95.45,95.45
TXN-0117855,2026-09-09,DXB-005,Dubai,CUST-03966,P009,Backpack,Accessories,1,232.73,20,232.73,46.55,186.18,Card,Store,2026,9,September,9,Wednesday,False,186.18,186.18
TXN-0117955,2026-09-09,DXB-005,Dubai,CUST-06232,P007,Office Chair,Furniture,3,628.21,0,1884.63,0.0,1884.63,Card,Online,2026,9,September,9,Wednesday,False,1884.63,628.21
TXN-0117993,2026-09-09,DXB-001,Dubai,CUST-04826,P001,Laptop,Electronics,2,2778.17,5,5556.34,277.82,5278.52,Cash,Store,2026,9,September,9,Wednesday,False,5278.52,2639.26
TXN-0118077,2026-09-09,DXB-001,Dubai,CUST-00185,P015,Tablet,Electronics,1,1226.41,0,1226.41,0.0,1226.41,Card,Store,2026,9,September,9,Wednesday,False,1226.41,1226.41
TXN-0118250,2026-09-09,DXB-005,Dubai,CUST-00323,P012,Pen Pack,Stationery,1,13.03,0,13.03,0.0,13.03,Apple Pay,Store,2026,9,September,9,Wednesday,False,13.03,13.03
TXN-0118297,2026-09-09,DXB-001,Dubai,CUST-07635,P014,Power Bank,Electronics,1,147.82,5,147.82,7.39,140.43,Cash,Store,2026,9,September,9,Wednesday,False,140.43,140.43
TXN-0118314,2026-09-09,DXB-005,Dubai,CUST-03340,P011,Notebook,Stationery,1,26.98,15,26.98,4.05,22.93,Cash,Store,2026,9,September,9,Wednesday,False,22.93,22.93
TXN-0118331,2026-09-09,DXB-001,Dubai,CUST-00171,P002,Smartphone,Electronics,2,1861.67,0,3723.34,0.0,3723.34,Card,Store,2026,9,September,9,Wednesday,False,3723.34,1861.67
TXN-0118351,2026-09-09,DXB-004,Dubai,CUST-01255,P007,Office Chair,Furniture,1,627.07,0,627.07,0.0,627.07,Cash,Store,2026,9,September,9,Wednesday,False,627.07,627.07
TXN-0118400,2026-09-09,DXB-002,Dubai,CUST-06362,P005,Keyboard,Accessories,1,174.01,10,174.01,17.4,156.61,Card,Store,2026,9,September,9,Wednesday,False,156.61,156.61
TXN-0118401,2026-09-09,DXB-002,Dubai,CUST-03804,P005,Keyboard,Accessories,3,159.59,0,478.77,0.0,478.77,Card,Store,2026,9,September,9,Wednesday,False,478.77,159.59
TXN-0118413,2026-09-09,DXB-003,Dubai,CUST-04598,P009,Backpack,Accessories,1,236.78,10,236.78,23.68,213.1,Card,Store,2026,9,September,9,Wednesday,False,213.1,213.1
TXN-0118483,2026-09-09,DXB-003,Dubai,CUST-04443,P006,Mouse,Accessories,3,96.28,15,288.84,43.33,245.51,Card,Store,2026,9,September,9,Wednesday,False,245.51,81.84
TXN-0118526,2026-09-09,DXB-003,Dubai,CUST-00244,P009,Backpack,Accessories,2,211.73,15,423.46,63.52,359.94,Cash,Store,2026,9,September,9,Wednesday,False,359.94,179.97
TXN-0118542,2026-09-09,DXB-005,Dubai,CUST-07131,P003,Headphones,Electronics,1,361.78,5,361.78,18.09,343.69,Card,Online,2026,9,September,9,Wednesday,False,343.69,343.69
TXN-0118597,2026-09-09,DXB-002,Dubai,CUST-01988,P003,Headphones,Electronics,2,320.18,5,640.36,32.02,608.34,Card,Store,2026,9,September,9,Wednesday,False,608.34,304.17
TXN-0118625,2026-09-09,DXB-003,Dubai,CUST-03065,P012,Pen Pack,Stationery,6,13.81,15,82.86,12.43,70.43,Card,Online,2026,9,September,9,Wednesday,False,70.43,11.74
TXN-0118647,2026-09-09,DXB-002,Dubai,CUST-01278,P012,Pen Pack,Stationery,1,14.88,10,14.88,1.49,13.39,Card,Store,2026,9,September,9,Wednesday,False,13.39,13.39
TXN-0118673,2026-09-09,DXB-001,Dubai,CUST-00370,P012,Pen Pack,Stationery,4,16.24,5,64.96,3.25,61.71,Cash,Store,2026,9,September,9,Wednesday,False,61.71,15.43
TXN-0118677,2026-09-09,DXB-002,Dubai,CUST-05688,P005,Keyboard,Accessories,1,201.06,0,201.06,0.0,201.06,Cash,Online,2026,9,September,9,Wednesday,False,201.06,201.06
TXN-0118828,2026-09-09,DXB-002,Dubai,CUST-07782,P003,Headphones,Electronics,1,360.92,10,360.92,36.09,324.83,Cash,Online,2026,9,September,9,Wednesday,False,324.83,324.83
TXN-0118836,2026-09-09,DXB-003,Dubai,CUST-03945,P015,Tablet,Electronics,4,1240.04,15,4960.16,744.02,4216.14,Cash,Online,2026,9,September,9,Wednesday,False,4216.14,1054.04
TXN-0118862,2026-09-09,DXB-001,Dubai,CUST-07746,P014,Power Bank,Electronics,2,150.71,10,301.42,30.14,271.28,Card,Online,2026,9,September,9,Wednesday,False,271.28,135.64
TXN-0118889,2026-09-09,DXB-001,Dubai,CUST-07006,P013,USB Drive,Accessories,2,49.78,5,99.56,4.98,94.58,Cash,Online,2026,9,September,9,Wednesday,False,94.58,47.29
TXN-0118928,2026-09-09,DXB-005,Dubai,CUST-01835,P013,USB Drive,Accessories,2,42.23,0,84.46,0.0,84.46,Apple Pay,Store,2026,9,September,9,Wednesday,False,84.46,42.23
TXN-0118960,2026-09-09,DXB-005,Dubai,CUST-01155,P001,Laptop,Electronics,2,2735.79,10,5471.58,547.16,4924.42,Cash,Store,2026,9,September,9,Wednesday,False,4924.42,2462.21
TXN-0118964,2026-09-09,DXB-004,Dubai,CUST-01111,P013,USB Drive,Accessories,1,36.52,0,36.52,0.0,36.52,Card,Store,2026,9,September,9,Wednesday,False,36.52,36.52
TXN-0119018,2026-09-09,DXB-004,Dubai,CUST-00237,P004,Monitor,Electronics,1,882.74,5,882.74,44.14,838.6,Cash,Store,2026,9,September,9,Wednesday,False,838.6,838.6
TXN-0119024,2026-09-09,DXB-002,Dubai,CUST-01780,P008,Desk,Furniture,1,814.81,5,814.81,40.74,774.07,Cash,Online,2026,9,September,9,Wednesday,False,774.07,774.07
TXN-0119074,2026-09-09,DXB-001,Dubai,CUST-01520,P003,Headphones,Electronics,2,362.09,15,724.18,108.63,615.55,Apple Pay,Store,2026,9,September,9,Wednesday,False,615.55,307.77
TXN-0119216,2026-09-09,DXB-002,Dubai,CUST-00729,P002,Smartphone,Electronics,2,1923.71,10,3847.42,384.74,3462.68,Apple Pay,Online,2026,9,September,9,Wednesday,False,3462.68,1731.34
TXN-0119250,2026-09-09,DXB-002,Dubai,CUST-04834,P007,Office Chair,Furniture,4,641.02,15,2564.08,384.61,2179.47,Card,Store,2026,9,September,9,Wednesday,False,2179.47,544.87
TXN-0119356,2026-09-09,DXB-002,Dubai,CUST-02075,P009,Backpack,Accessories,3,202.16,5,606.48,30.32,576.16,Bank Transfer,Store,2026,9,September,9,Wednesday,False,576.16,192.05
TXN-0119363,2026-09-09,DXB-002,Dubai,CUST-06811,P009,Backpack,Accessories,2,211.59,5,423.18,21.16,402.02,Card,Store,2026,9,September,9,Wednesday,False,402.02,201.01
TXN-0119379,2026-09-09,DXB-001,Dubai,CUST-06915,P003,Headphones,Electronics,3,366.95,5,1100.85,55.04,1045.81,Cash,Store,2026,9,September,9,Wednesday,False,1045.81,348.6
TXN-0119443,2026-09-09,DXB-003,Dubai,CUST-05858,P005,Keyboard,Accessories,1,187.41,0,187.41,0.0,187.41,Apple Pay,Store,2026,9,September,9,Wednesday,False,187.41,187.41
TXN-0119445,2026-09-09,DXB-005,Dubai,CUST-01560,P011,Notebook,Stationery,1,24.49,5,24.49,1.22,23.27,Card,Online,2026,9,September,9,Wednesday,False,23.27,23.27
TXN-0119475,2026-09-09,DXB-005,Dubai,CUST-01675,P007,Office Chair,Furniture,3,666.36,0,1999.08,0.0,1999.08,Apple Pay,Store,2026,9,September,9,Wednesday,False,1999.08,666.36
TXN-0119527,2026-09-09,DXB-004,Dubai,CUST-01117,P003,Headphones,Electronics,1,379.64,0,379.64,0.0,379.64,Bank Transfer,Store,2026,9,September,9,Wednesday,False,379.64,379.64
TXN-0119609,2026-09-09,DXB-001,Dubai,CUST-00735,P011,Notebook,Stationery,1,25.59,5,25.59,1.28,24.31,Card,Store,2026,9,September,9,Wednesday,False,24.31,24.31
TXN-0119683,2026-09-09,DXB-001,Dubai,CUST-04926,P005,Keyboard,Accessories,1,197.26,10,197.26,19.73,177.53,Cash,Store,2026,9,September,9,Wednesday,False,177.53,177.53
TXN-0119716,2026-09-09,DXB-002,Dubai,CUST-03804,P001,Laptop,Electronics,1,2750.0,10,2750.0,275.0,2475.0,Cash,Store,2026,9,September,9,Wednesday,False,2475.0,2475.0
TXN-0119774,2026-09-09,DXB-002,Dubai,CUST-02532,P004,Monitor,Electronics,1,1043.72,0,1043.72,0.0,1043.72,Card,Online,2026,9,September,9,Wednesday,False,1043.72,1043.72
TXN-0119816,2026-09-09,DXB-001,Dubai,CUST-02659,P008,Desk,Furniture,3,824.66,5,2473.98,123.7,2350.28,Card,Online,2026,9,September,9,Wednesday,False,2350.28,783.43
TXN-0119893,2026-09-09,DXB-003,Dubai,CUST-02445,P015,Tablet,Electronics,6,1142.98,0,6857.88,0.0,6857.88,Cash,Store,2026,9,September,9,Wednesday,False,6857.88,1142.98
TXN-0119976,2026-09-09,DXB-001,Dubai,CUST-04827,P014,Power Bank,Electronics,2,143.15,10,286.3,28.63,257.67,Card,Online,2026,9,September,9,Wednesday,False,257.67,128.84
TXN-0119986,2026-09-09,DXB-004,Dubai,CUST-02694,P010,Printer,Office,1,706.45,0,706.45,0.0,706.45,Apple Pay,Store,2026,9,September,9,Wednesday,False,706.45,706.45
