transaction_id,transaction_date,store_id,region,customer_id,product_id,product_name,category,quantity,unit_price,discount_pct,gross_amount,discount_amount,net_revenue,payment_method,sales_channel,year,month,month_name,day,day_of_week,is_weekend,order_value,revenue_per_unit
TXN-0000044,2026-08-20,DXB-002,Dubai,CUST-01172,P007,Office Chair,Furniture,1,683.9,5,683.9,34.2,649.7,Card,Store,2026,8,August,20,Thursday,False,649.7,649.7
TXN-0000053,2026-08-20,DXB-004,Dubai,CUST-07744,P005,Keyboard,Accessories,1,181.45,0,181.45,0.0,181.45,Card,Store,2026,8,August,20,Thursday,False,181.45,181.45
TXN-0000063,2026-08-20,DXB-001,Dubai,CUST-04824,P013,USB Drive,Accessories,1,48.56,10,48.56,4.86,43.7,Card,Store,2026,8,August,20,Thursday,False,43.7,43.7
TXN-0000194,2026-08-20,DXB-003,Dubai,CUST-02930,P009,Backpack,Accessories,3,218.4,15,655.2,98.28,556.92,Card,Store,2026,8,August,20,Thursday,False,556.92,185.64
TXN-0000201,2026-08-20,DXB-005,Dubai,CUST-04873,P014,Power Bank,Electronics,1,151.64,15,151.64,22.75,128.89,Card,Store,2026,8,August,20,Thursday,False,128.89,128.89
TXN-0000301,2026-08-20,DXB-002,Dubai,CUST-02020,P008,Desk,Furniture,3,804.72,10,2414.16,241.42,2172.74,Cash,Store,2026,8,August,20,Thursday,False,2172.74,724.25
TXN-0000393,2026-08-20,DXB-001,Dubai,CUST-00289,P013,USB Drive,Accessories,2,45.33,5,90.66,4.53,86.13,Apple Pay,Store,2026,8,August,20,Thursday,False,86.13,43.06
TXN-0000521,2026-08-20,DXB-002,Dubai,CUST-02604,P008,Desk,Furniture,3,815.4,15,2446.2,366.93,2079.27,Card,Store,2026,8,August,20,Thursday,False,2079.27,693.09
TXN-0000628,2026-08-20,DXB-004,Dubai,CUST-07050,P003,Headphones,Electronics,1,379.4,5,379.4,18.97,360.43,Card,Store,2026,8,August,20,Thursday,False,360.43,360.43
TXN-0000630,2026-08-20,DXB-002,Dubai,CUST-01097,P015,Tablet,Electronics,4,1193.92,10,4775.68,477.57,4298.11,Card,Store,2026,8,August,20,Thursday,False,4298.11,1074.53
TXN-0000746,2026-08-20,DXB-004,Dubai,CUST-02897,P005,Keyboard,Accessories,1,184.32,0,184.32,0.0,184.32,Bank Transfer,Store,2026,8,August,20,Thursday,False,184.32,184.32
TXN-0000765,2026-08-20,DXB-002,Dubai,CUST-03674,P005,Keyboard,Accessories,2,173.73,5,347.46,17.37,330.09,Bank Transfer,Store,2026,8,August,20,Thursday,False,330.09,165.04
TXN-0000998,2026-08-20,DXB-004,Dubai,CUST-07252,P005,Keyboard,Accessories,1,182.25,10,182.25,18.23,164.02,Card,Store,2026,8,August,20,Thursday,False,164.02,164.02
TXN-0001052,2026-08-20,DXB-005,Dubai,CUST-07833,P014,Power Bank,Electronics,5,147.96,5,739.8,36.99,702.81,Bank Transfer,Store,2026,8,August,20,Thursday,False,702.81,140.56
TXN-0001138,2026-08-20,DXB-004,Dubai,CUST-00685,P001,Laptop,Electronics,1,2749.33,0,2749.33,0.0,2749.33,Apple Pay,Online,2026,8,August,20,Thursday,False,2749.33,2749.33
TXN-0001151,2026-08-20,DXB-004,Dubai,CUST-00186,P002,Smartphone,Electronics,1,1669.17,10,1669.17,166.92,1502.25,Card,Store,2026,8,August,20,Thursday,False,1502.25,1502.25
TXN-0001271,2026-08-20,DXB-003,Dubai,CUST-02995,P014,Power Bank,Electronics,1,144.42,5,144.42,7.22,137.2,Card,Store,2026,8,August,20,Thursday,False,137.2,137.2
TXN-0001360,2026-08-20,DXB-005,Dubai,CUST-05606,P007,Office Chair,Furniture,1,590.04,10,590.04,59.0,531.04,Cash,Store,2026,8,August,20,Thursday,False,531.04,531.04
TXN-0001572,2026-08-20,DXB-001,Dubai,CUST-00093,P007,Office Chair,Furniture,1,686.39,0,686.39,0.0,686.39,Apple Pay,Store,2026,8,August,20,Thursday,False,686.39,686.39
TXN-0001685,2026-08-20,DXB-004,Dubai,CUST-00977,P007,Office Chair,Furniture,2,665.11,0,1330.22,0.0,1330.22,Card,Store,2026,8,August,20,Thursday,False,1330.22,665.11
TXN-0001699,2026-08-20,DXB-001,Dubai,CUST-07548,P012,Pen Pack,Stationery,4,14.95,0,59.8,0.0,59.8,Card,Online,2026,8,August,20,Thursday,False,59.8,14.95
TXN-0001773,2026-08-20,DXB-004,Dubai,CUST-04858,P014,Power Bank,Electronics,1,171.26,0,171.26,0.0,171.26,Card,Store,2026,8,August,20,Thursday,False,171.26,171.26
TXN-0001831,2026-08-20,DXB-003,Dubai,CUST-07672,P012,Pen Pack,Stationery,2,16.21,15,32.42,4.86,27.56,Card,Online,2026,8,August,20,Thursday,False,27.56,13.78
TXN-0001925,2026-08-20,DXB-005,Dubai,CUST-07888,P007,Office Chair,Furniture,1,661.46,20,661.46,132.29,529.17,Card,Store,2026,8,August,20,Thursday,False,529.17,529.17
TXN-0001927,2026-08-20,DXB-004,Dubai,CUST-01711,P011,Notebook,Stationery,3,26.05,0,78.15,0.0,78.15,Card,Store,2026,8,August,20,Thursday,False,78.15,26.05
TXN-0002053,2026-08-20,DXB-004,Dubai,CUST-02293,P007,Office Chair,Furniture,1,721.04,0,721.04,0.0,721.04,Card,Store,2026,8,August,20,Thursday,False,721.04,721.04
TXN-0002056,2026-08-20,DXB-005,Dubai,CUST-00921,P001,Laptop,Electronics,1,2944.99,0,2944.99,0.0,2944.99,Card,Store,2026,8,August,20,Thursday,False,2944.99,2944.99
TXN-0002145,2026-08-20,DXB-002,Dubai,CUST-02469,P010,Printer,Office,1,763.83,15,763.83,114.57,649.26,Card,Online,2026,8,August,20,Thursday,False,649.26,649.26
TXN-0002191,2026-08-20,DXB-002,Dubai,CUST-03372,P007,Office Chair,Furniture,1,677.04,0,677.04,0.0,677.04,Apple Pay,Online,2026,8,August,20,Thursday,False,677.04,677.04
TXN-0002201,2026-08-20,DXB-001,Dubai,CUST-00821,P013,USB Drive,Accessories,1,45.05,0,45.05,0.0,45.05,Apple Pay,Store,2026,8,August,20,Thursday,False,45.05,45.05
TXN-0002279,2026-08-20,DXB-004,Dubai,CUST-04117,P014,Power Bank,Electronics,2,168.73,0,337.46,0.0,337.46,Apple Pay,Online,2026,8,August,20,Thursday,False,337.46,168.73
TXN-0002282,2026-08-20,DXB-005,Dubai,CUST-06612,P008,Desk,Furniture,2,769.0,10,1538.0,153.8,1384.2,Card,Store,2026,8,August,20,Thursday,False,1384.2,692.1
TXN-0002356,2026-08-20,DXB-003,Dubai,CUST-02599,P006,Mouse,Accessories,2,113.86,15,227.72,34.16,193.56,Card,Store,2026,8,August,20,Thursday,False,193.56,96.78
TXN-0002441,2026-08-20,DXB-002,Dubai,CUST-03015,P014,Power Bank,Electronics,1,152.22,0,152.22,0.0,152.22,Card,Store,2026,8,August,20,Thursday,False,152.22,152.22
TXN-0002486,2026-08-20,DXB-001,Dubai,CUST-05789,P009,Backpack,Accessories,1,227.46,15,227.46,34.12,193.34,Cash,Online,2026,8,August,20,Thursday,False,193.34,193.34
TXN-0002490,2026-08-20,DXB-003,Dubai,CUST-06746,P014,Power Bank,Electronics,1,154.16,5,154.16,7.71,146.45,Bank Transfer,Store,2026,8,August,20,Thursday,False,146.45,146.45
TXN-0002562,2026-08-20,DXB-002,Dubai,CUST-00202,P007,Office Chair,Furniture,1,621.21,10,621.21,62.12,559.09,Card,Store,2026,8,August,20,Thursday,False,559.09,559.09
TXN-0002587,2026-08-20,DXB-004,Dubai,CUST-05464,P003,Headphones,Electronics,1,301.94,5,301.94,15.1,286.84,Card,Store,2026,8,August,20,Thursday,False,286.84,286.84
TXN-0002696,2026-08-20,DXB-002,Dubai,CUST-03228,P004,Monitor,Electronics,2,961.47,0,1922.94,0.0,1922.94,Card,Online,2026,8,August,20,Thursday,False,1922.94,961.47
TXN-0002759,2026-08-20,DXB-003,Dubai,CUST-06937,P015,Tablet,Electronics,1,1132.01,5,1132.01,56.6,1075.41,Bank Transfer,Store,2026,8,August,20,Thursday,False,1075.41,1075.41
TXN-0002763,2026-08-20,DXB-004,Dubai,CUST-02624,P010,Printer,Office,2,633.97,20,1267.94,253.59,1014.35,Bank Transfer,Online,2026,8,August,20,Thursday,False,1014.35,507.18
TXN-0002767,2026-08-20,DXB-005,Dubai,CUST-07975,P014,Power Bank,Electronics,1,152.51,0,152.51,0.0,152.51,Card,Online,2026,8,August,20,Thursday,False,152.51,152.51
TXN-0002827,2026-08-20,DXB-002,Dubai,CUST-07034,P010,Printer,Office,1,670.31,10,670.31,67.03,603.28,Card,Store,2026,8,August,20,Thursday,False,603.28,603.28
TXN-0002850,2026-08-20,DXB-002,Dubai,CUST-00116,P008,Desk,Furniture,1,814.08,5,814.08,40.7,773.38,Cash,Store,2026,8,August,20,Thursday,False,773.38,773.38
TXN-0002885,2026-08-20,DXB-001,Dubai,CUST-07690,P009,Backpack,Accessories,1,225.45,5,225.45,11.27,214.18,Cash,Online,2026,8,August,20,Thursday,False,214.18,214.18
TXN-0002893,2026-08-20,DXB-002,Dubai,CUST-04087,P009,Backpack,Accessories,3,214.69,5,644.07,32.2,611.87,Card,Online,2026,8,August,20,Thursday,False,611.87,203.96
TXN-0003011,2026-08-20,DXB-001,Dubai,CUST-07695,P008,Desk,Furniture,1,727.92,15,727.92,109.19,618.73,Cash,Store,2026,8,August,20,Thursday,False,618.73,618.73
TXN-0003054,2026-08-20,DXB-001,Dubai,CUST-01250,P015,Tablet,Electronics,1,1211.1,0,1211.1,0.0,1211.1,Card,Online,2026,8,August,20,Thursday,False,1211.1,1211.1
TXN-0003086,2026-08-20,DXB-005,Dubai,CUST-05126,P010,Printer,Office,2,645.66,0,1291.32,0.0,1291.32,Card,Store,2026,8,August,20,Thursday,False,1291.32,645.66
TXN-0003101,2026-08-20,DXB-002,Dubai,CUST-03381,P002,Smartphone,Electronics,3,1681.08,0,5043.24,0.0,5043.24,Apple Pay,Store,2026,8,August,20,Thursday,False,5043.24,1681.08
TXN-0003108,2026-08-20,DXB-004,Dubai,CUST-00912,P007,Office Chair,Furniture,4,657.47,0,2629.88,0.0,2629.88,Card,Online,2026,8,August,20,Thursday,False,2629.88,657.47
TXN-0003115,2026-08-20,DXB-003,Dubai,CUST-07134,P007,Office Chair,Furniture,3,582.77,5,1748.31,87.42,1660.89,Apple Pay,Store,2026,8,August,20,Thursday,False,1660.89,553.63
TXN-0003131,2026-08-20,DXB-004,Dubai,CUST-01487,P005,Keyboard,Accessories,1,182.36,0,182.36,0.0,182.36,Apple Pay,Online,2026,8,August,20,Thursday,False,182.36,182.36
TXN-0003237,2026-08-20,DXB-001,Dubai,CUST-02693,P002,Smartphone,Electronics,1,1795.16,0,1795.16,0.0,1795.16,Cash,Online,2026,8,August,20,Thursday,False,1795.16,1795.16
TXN-0003406,2026-08-20,DXB-002,Dubai,CUST-05400,P004,Monitor,Electronics,1,878.71,5,878.71,43.94,834.77,Apple Pay,Store,2026,8,August,20,Thursday,False,834.77,834.77
TXN-0003407,2026-08-20,DXB-003,Dubai,CUST-00229,P015,Tablet,Electronics,4,1246.35,15,4985.4,747.81,4237.59,Card,Online,2026,8,August,20,Thursday,False,4237.59,1059.4
TXN-0003465,2026-08-20,DXB-002,Dubai,CUST-02804,P013,USB Drive,Accessories,1,45.75,10,45.75,4.58,41.17,Apple Pay,Online,2026,8,August,20,Thursday,False,41.17,41.17
TXN-0003677,2026-08-20,DXB-004,Dubai,CUST-02367,P009,Backpack,Accessories,5,216.49,0,1082.45,0.0,1082.45,Card,Store,2026,8,August,20,Thursday,False,1082.45,216.49
TXN-0003711,2026-08-20,DXB-005,Dubai,CUST-03766,P007,Office Chair,Furniture,2,612.1,0,1224.2,0.0,1224.2,Card,Store,2026,8,August,20,Thursday,False,1224.2,612.1
TXN-0003848,2026-08-20,DXB-005,Dubai,CUST-06521,P012,Pen Pack,Stationery,1,14.61,0,14.61,0.0,14.61,Card,Store,2026,8,August,20,Thursday,False,14.61,14.61
TXN-0003854,2026-08-20,DXB-003,Dubai,CUST-05719,P005,Keyboard,Accessories,6,182.9,0,1097.4,0.0,1097.4,Apple Pay,Store,2026,8,August,20,Thursday,False,1097.4,182.9
TXN-0003857,2026-08-20,DXB-005,Dubai,CUST-05078,P012,Pen Pack,Stationery,1,13.87,0,13.87,0.0,13.87,Card,Online,2026,8,August,20,Thursday,False,13.87,13.87
TXN-0003948,2026-08-20,DXB-004,Dubai,CUST-01092,P010,Printer,Office,1,734.47,0,734.47,0.0,734.47,Card,Store,2026,8,August,20,Thursday,False,734.47,734.47
TXN-0004011,2026-08-20,DXB-004,Dubai,CUST-05632,P014,Power Bank,Electronics,1,147.18,0,147.18,0.0,147.18,Apple Pay,Store,2026,8,August,20,Thursday,False,147.18,147.18
TXN-0004093,2026-08-20,DXB-005,Dubai,CUST-05543,P011,Notebook,Stationery,1,27.62,0,27.62,0.0,27.62,Card,Store,2026,8,August,20,Thursday,False,27.62,27.62
TXN-0004174,2026-08-20,DXB-003,Dubai,CUST-01621,P015,Tablet,Electronics,2,1119.54,0,2239.08,0.0,2239.08,Apple Pay,Store,2026,8,August,20,Thursday,False,2239.08,1119.54
TXN-0004182,2026-08-20,DXB-001,Dubai,CUST-03870,P007,Office Chair,Furniture,4,639.56,5,2558.24,127.91,2430.33,Apple Pay,Store,2026,8,August,20,Thursday,False,2430.33,607.58
TXN-0004245,2026-08-20,DXB-003,Dubai,CUST-06050,P008,Desk,Furniture,1,780.67,10,780.67,78.07,702.6,Card,Store,2026,8,August,20,Thursday,False,702.6,702.6
TXN-0004350,2026-08-20,DXB-002,Dubai,CUST-00106,P006,Mouse,Accessories,1,103.67,20,103.67,20.73,82.94,Apple Pay,Online,2026,8,August,20,Thursday,False,82.94,82.94
TXN-0004383,2026-08-20,DXB-002,Dubai,CUST-01304,P015,Tablet,Electronics,3,1149.42,10,3448.26,344.83,3103.43,Card,Online,2026,8,August,20,Thursday,False,3103.43,1034.48
TXN-0004442,2026-08-20,DXB-002,Dubai,CUST-03902,P005,Keyboard,Accessories,1,191.47,15,191.47,28.72,162.75,Card,Store,2026,8,August,20,Thursday,False,162.75,162.75
TXN-0004478,2026-08-20,DXB-002,Dubai,CUST-06544,P012,Pen Pack,Stationery,3,15.11,0,45.33,0.0,45.33,Cash,Store,2026,8,August,20,Thursday,False,45.33,15.11
TXN-0004486,2026-08-20,DXB-005,Dubai,CUST-05300,P015,Tablet,Electronics,2,1134.08,10,2268.16,226.82,2041.34,Apple Pay,Store,2026,8,August,20,Thursday,False,2041.34,1020.67
TXN-0004630,2026-08-20,DXB-005,Dubai,CUST-03763,P008,Desk,Furniture,3,816.13,15,2448.39,367.26,2081.13,Card,Online,2026,8,August,20,Thursday,False,2081.13,693.71
TXN-0004676,2026-08-20,DXB-004,Dubai,CUST-04062,P014,Power Bank,Electronics,2,143.16,0,286.32,0.0,286.32,Apple Pay,Store,2026,8,August,20,Thursday,False,286.32,143.16
TXN-0004738,2026-08-20,DXB-005,Dubai,CUST-07777,P008,Desk,Furniture,1,827.75,0,827.75,0.0,827.75,Apple Pay,Store,2026,8,August,20,Thursday,False,827.75,827.75
TXN-0004750,2026-08-20,DXB-001,Dubai,CUST-07390,P001,Laptop,Electronics,1,3032.12,0,3032.12,0.0,3032.12,Cash,Online,2026,8,August,20,Thursday,False,3032.12,3032.12
TXN-0004786,2026-08-20,DXB-001,Dubai,CUST-01163,P009,Backpack,Accessories,2,219.62,10,439.24,43.92,395.32,Apple Pay,Online,2026,8,August,20,Thursday,False,395.32,197.66
TXN-0004947,2026-08-20,DXB-002,Dubai,CUST-03332,P010,Printer,Office,2,671.4,15,1342.8,201.42,1141.38,Card,Online,2026,8,August,20,Thursday,False,1141.38,570.69
TXN-0004950,2026-08-20,DXB-005,Dubai,CUST-01531,P012,Pen Pack,Stationery,2,15.37,0,30.74,0.0,30.74,Card,Store,2026,8,August,20,Thursday,False,30.74,15.37
TXN-0005033,2026-08-20,DXB-005,Dubai,CUST-04765,P014,Power Bank,Electronics,2,165.04,10,330.08,33.01,297.07,Card,Store,2026,8,August,20,Thursday,False,297.07,148.54
TXN-0005046,2026-08-20,DXB-001,Dubai,CUST-05613,P002,Smartphone,Electronics,1,1883.66,0,1883.66,0.0,1883.66,Cash,Online,2026,8,August,20,Thursday,False,1883.66,1883.66
TXN-0005149,2026-08-20,DXB-005,Dubai,CUST-05420,P015,Tablet,Electronics,1,1080.58,10,1080.58,108.06,972.52,Apple Pay,Store,2026,8,August,20,Thursday,False,972.52,972.52
TXN-0005165,2026-08-20,DXB-005,Dubai,CUST-07012,P004,Monitor,Electronics,1,959.25,5,959.25,47.96,911.29,Apple Pay,Store,2026,8,August,20,Thursday,False,911.29,911.29
TXN-0005169,2026-08-20,DXB-002,Dubai,CUST-01810,P010,Printer,Office,5,742.74,5,3713.7,185.68,3528.02,Bank Transfer,Store,2026,8,August,20,Thursday,False,3528.02,705.6
TXN-0005195,2026-08-20,DXB-001,Dubai,CUST-07661,P003,Headphones,Electronics,2,363.51,5,727.02,36.35,690.67,Card,Store,2026,8,August,20,Thursday,False,690.67,345.34
TXN-0005373,2026-08-20,DXB-004,Dubai,CUST-04868,P014,Power Bank,Electronics,2,141.24,5,282.48,14.12,268.36,Cash,Online,2026,8,August,20,Thursday,False,268.36,134.18
TXN-0005417,2026-08-20,DXB-004,Dubai,CUST-05014,P005,Keyboard,Accessories,5,176.83,0,884.15,0.0,884.15,Apple Pay,Store,2026,8,August,20,Thursday,False,884.15,176.83
TXN-0005446,2026-08-20,DXB-002,Dubai,CUST-00466,P004,Monitor,Electronics,6,837.58,5,5025.48,251.27,4774.21,Apple Pay,Store,2026,8,August,20,Thursday,False,4774.21,795.7
TXN-0005490,2026-08-20,DXB-001,Dubai,CUST-04137,P013,USB Drive,Accessories,2,45.42,20,90.84,18.17,72.67,Card,Store,2026,8,August,20,Thursday,False,72.67,36.34
TXN-0005552,2026-08-20,DXB-003,Dubai,CUST-04581,P012,Pen Pack,Stationery,1,15.9,10,15.9,1.59,14.31,Card,Store,2026,8,August,20,Thursday,False,14.31,14.31
TXN-0005596,2026-08-20,DXB-002,Dubai,CUST-00046,P008,Desk,Furniture,1,757.28,0,757.28,0.0,757.28,Apple Pay,Store,2026,8,August,20,Thursday,False,757.28,757.28
TXN-0005671,2026-08-20,DXB-002,Dubai,CUST-04309,P015,Tablet,Electronics,1,1164.27,0,1164.27,0.0,1164.27,Card,Store,2026,8,August,20,Thursday,False,1164.27,1164.27
TXN-0005858,2026-08-20,DXB-003,Dubai,CUST-05298,P006,Mouse,Accessories,2,100.86,0,201.72,0.0,201.72,Apple Pay,Online,2026,8,August,20,Thursday,False,201.72,100.86
TXN-0006306,2026-08-20,DXB-001,Dubai,CUST-03824,P009,Backpack,Accessories,2,220.05,5,440.1,22.0,418.1,Cash,Store,2026,8,August,20,Thursday,False,418.1,209.05
TXN-0006356,2026-08-20,DXB-001,Dubai,CUST-06317,P013,USB Drive,Accessories,3,44.1,0,132.3,0.0,132.3,Card,Store,2026,8,August,20,Thursday,False,132.3,44.1
TXN-0006434,2026-08-20,DXB-001,Dubai,CUST-06608,P002,Smartphone,Electronics,2,1761.71,0,3523.42,0.0,3523.42,Cash,Store,2026,8,August,20,Thursday,False,3523.42,1761.71
TXN-0006467,2026-08-20,DXB-004,Dubai,CUST-04873,P015,Tablet,Electronics,2,1237.45,0,2474.9,0.0,2474.9,Card,Store,2026,8,August,20,Thursday,False,2474.9,1237.45
TXN-0006478,2026-08-20,DXB-004,Dubai,CUST-06110,P009,Backpack,Accessories,1,228.68,10,228.68,22.87,205.81,Card,Store,2026,8,August,20,Thursday,False,205.81,205.81
TXN-0006582,2026-08-20,DXB-001,Dubai,CUST-02898,P008,Desk,Furniture,1,788.53,10,788.53,78.85,709.68,Card,Online,2026,8,August,20,Thursday,False,709.68,709.68
TXN-0006593,2026-08-20,DXB-002,Dubai,CUST-06875,P001,Laptop,Electronics,1,2924.59,5,2924.59,146.23,2778.36,Bank Transfer,Online,2026,8,August,20,Thursday,False,2778.36,2778.36
TXN-0006670,2026-08-20,DXB-005,Dubai,CUST-03948,P008,Desk,Furniture,3,858.89,0,2576.67,0.0,2576.67,Card,Store,2026,8,August,20,Thursday,False,2576.67,858.89
TXN-0006712,2026-08-20,DXB-002,Dubai,CUST-05459,P014,Power Bank,Electronics,1,162.47,5,162.47,8.12,154.35,Cash,Online,2026,8,August,20,Thursday,False,154.35,154.35
TXN-0006749,2026-08-20,DXB-004,Dubai,CUST-04208,P005,Keyboard,Accessories,2,165.77,20,331.54,66.31,265.23,Card,Store,2026,8,August,20,Thursday,False,265.23,132.62
TXN-0006815,2026-08-20,DXB-004,Dubai,CUST-02290,P007,Office Chair,Furniture,1,727.34,5,727.34,36.37,690.97,Card,Online,2026,8,August,20,Thursday,False,690.97,690.97
TXN-0006851,2026-08-20,DXB-001,Dubai,CUST-02885,P003,Headphones,Electronics,2,376.73,5,753.46,37.67,715.79,Bank Transfer,Store,2026,8,August,20,Thursday,False,715.79,357.9
TXN-0006888,2026-08-20,DXB-005,Dubai,CUST-04966,P014,Power Bank,Electronics,4,155.22,5,620.88,31.04,589.84,Cash,Store,2026,8,August,20,Thursday,False,589.84,147.46
TXN-0006989,2026-08-20,DXB-002,Dubai,CUST-01486,P001,Laptop,Electronics,1,2847.43,0,2847.43,0.0,2847.43,Cash,Store,2026,8,August,20,Thursday,False,2847.43,2847.43
TXN-0007221,2026-08-20,DXB-003,Dubai,CUST-01103,P006,Mouse,Accessories,2,97.66,15,195.32,29.3,166.02,Apple Pay,Store,2026,8,August,20,Thursday,False,166.02,83.01
TXN-0007234,2026-08-20,DXB-001,Dubai,CUST-03349,P009,Backpack,Accessories,1,255.91,5,255.91,12.8,243.11,Bank Transfer,Online,2026,8,August,20,Thursday,False,243.11,243.11
TXN-0007235,2026-08-20,DXB-001,Dubai,CUST-01357,P011,Notebook,Stationery,3,24.7,0,74.1,0.0,74.1,Bank Transfer,Online,2026,8,August,20,Thursday,False,74.1,24.7
TXN-0007342,2026-08-20,DXB-004,Dubai,CUST-02901,P010,Printer,Office,1,666.9,10,666.9,66.69,600.21,Card,Online,2026,8,August,20,Thursday,False,600.21,600.21
TXN-0007375,2026-08-20,DXB-005,Dubai,CUST-03562,P014,Power Bank,Electronics,3,140.18,5,420.54,21.03,399.51,Bank Transfer,Online,2026,8,August,20,Thursday,False,399.51,133.17
TXN-0007543,2026-08-20,DXB-001,Dubai,CUST-04117,P013,USB Drive,Accessories,2,49.5,0,99.0,0.0,99.0,Apple Pay,Store,2026,8,August,20,Thursday,False,99.0,49.5
TXN-0007551,2026-08-20,DXB-003,Dubai,CUST-05879,P005,Keyboard,Accessories,1,191.32,0,191.32,0.0,191.32,Bank Transfer,Store,2026,8,August,20,Thursday,False,191.32,191.32
TXN-0007569,2026-08-20,DXB-001,Dubai,CUST-00454,P001,Laptop,Electronics,1,2832.63,0,2832.63,0.0,2832.63,Apple Pay,Store,2026,8,August,20,Thursday,False,2832.63,2832.63
TXN-0007651,2026-08-20,DXB-003,Dubai,CUST-01214,P003,Headphones,Electronics,1,352.28,0,352.28,0.0,352.28,Cash,Store,2026,8,August,20,Thursday,False,352.28,352.28
TXN-0007681,2026-08-20,DXB-002,Dubai,CUST-02635,P001,Laptop,Electronics,3,2847.3,10,8541.9,854.19,7687.71,Cash,Store,2026,8,August,20,Thursday,False,7687.71,2562.57
TXN-0007706,2026-08-20,DXB-004,Dubai,CUST-00929,P007,Office Chair,Furniture,5,610.86,10,3054.3,305.43,2748.87,Card,Store,2026,8,August,20,Thursday,False,2748.87,549.77
TXN-0007761,2026-08-20,DXB-002,Dubai,CUST-04758,P010,Printer,Office,1,712.97,10,712.97,71.3,641.67,Card,Store,2026,8,August,20,Thursday,False,641.67,641.67
TXN-0007881,2026-08-20,DXB-004,Dubai,CUST-00567,P007,Office Chair,Furniture,2,656.11,15,1312.22,196.83,1115.39,Card,Online,2026,8,August,20,Thursday,False,1115.39,557.7
TXN-0008004,2026-08-20,DXB-004,Dubai,CUST-03566,P012,Pen Pack,Stationery,1,16.42,0,16.42,0.0,16.42,Apple Pay,Store,2026,8,August,20,Thursday,False,16.42,16.42
TXN-0008064,2026-08-20,DXB-003,Dubai,CUST-02197,P014,Power Bank,Electronics,3,143.67,0,431.01,0.0,431.01,Card,Store,2026,8,August,20,Thursday,False,431.01,143.67
TXN-0008098,2026-08-20,DXB-002,Dubai,CUST-02515,P010,Printer,Office,2,669.04,10,1338.08,133.81,1204.27,Card,Store,2026,8,August,20,Thursday,False,1204.27,602.14
TXN-0008162,2026-08-20,DXB-005,Dubai,CUST-00981,P004,Monitor,Electronics,1,867.94,20,867.94,173.59,694.35,Card,Store,2026,8,August,20,Thursday,False,694.35,694.35
TXN-0008235,2026-08-20,DXB-001,Dubai,CUST-00145,P015,Tablet,Electronics,1,1254.87,10,1254.87,125.49,1129.38,Cash,Online,2026,8,August,20,Thursday,False,1129.38,1129.38
TXN-0008424,2026-08-20,DXB-002,Dubai,CUST-04427,P007,Office Chair,Furniture,2,657.58,10,1315.16,131.52,1183.64,Card,Store,2026,8,August,20,Thursday,False,1183.64,591.82
TXN-0008564,2026-08-20,DXB-002,Dubai,CUST-02377,P006,Mouse,Accessories,3,104.29,0,312.87,0.0,312.87,Card,Store,2026,8,August,20,Thursday,False,312.87,104.29
TXN-0008790,2026-08-20,DXB-004,Dubai,CUST-04470,P009,Backpack,Accessories,2,243.04,10,486.08,48.61,437.47,Card,Store,2026,8,August,20,Thursday,False,437.47,218.74
TXN-0008849,2026-08-20,DXB-001,Dubai,CUST-04013,P012,Pen Pack,Stationery,2,14.78,15,29.56,4.43,25.13,Cash,Store,2026,8,August,20,Thursday,False,25.13,12.56
TXN-0008925,2026-08-20,DXB-002,Dubai,CUST-04344,P013,USB Drive,Accessories,2,48.64,0,97.28,0.0,97.28,Bank Transfer,Store,2026,8,August,20,Thursday,False,97.28,48.64
TXN-0008935,2026-08-20,DXB-002,Dubai,CUST-06694,P014,Power Bank,Electronics,3,143.22,15,429.66,64.45,365.21,Apple Pay,Store,2026,8,August,20,Thursday,False,365.21,121.74
TXN-0008953,2026-08-20,DXB-002,Dubai,CUST-00535,P005,Keyboard,Accessories,2,176.55,5,353.1,17.66,335.44,Cash,Online,2026,8,August,20,Thursday,False,335.44,167.72
TXN-0008992,2026-08-20,DXB-003,Dubai,CUST-01957,P005,Keyboard,Accessories,3,182.38,5,547.14,27.36,519.78,Apple Pay,Online,2026,8,August,20,Thursday,False,519.78,173.26
TXN-0009080,2026-08-20,DXB-001,Dubai,CUST-01424,P005,Keyboard,Accessories,2,175.73,10,351.46,35.15,316.31,Cash,Store,2026,8,August,20,Thursday,False,316.31,158.16
TXN-0009090,2026-08-20,DXB-003,Dubai,CUST-05890,P012,Pen Pack,Stationery,4,15.29,10,61.16,6.12,55.04,Bank Transfer,Store,2026,8,August,20,Thursday,False,55.04,13.76
TXN-0009119,2026-08-20,DXB-003,Dubai,CUST-05117,P015,Tablet,Electronics,1,1343.84,5,1343.84,67.19,1276.65,Card,Store,2026,8,August,20,Thursday,False,1276.65,1276.65
TXN-0009148,2026-08-20,DXB-003,Dubai,CUST-02198,P015,Tablet,Electronics,1,1191.26,5,1191.26,59.56,1131.7,Card,Online,2026,8,August,20,Thursday,False,1131.7,1131.7
TXN-0009207,2026-08-20,DXB-002,Dubai,CUST-05912,P015,Tablet,Electronics,1,1149.31,5,1149.31,57.47,1091.84,Card,Online,2026,8,August,20,Thursday,False,1091.84,1091.84
TXN-0009209,2026-08-20,DXB-003,Dubai,CUST-07433,P002,Smartphone,Electronics,4,1890.56,0,7562.24,0.0,7562.24,Card,Online,2026,8,August,20,Thursday,False,7562.24,1890.56
TXN-0009261,2026-08-20,DXB-003,Dubai,CUST-05409,P006,Mouse,Accessories,2,95.72,0,191.44,0.0,191.44,Apple Pay,Store,2026,8,August,20,Thursday,False,191.44,95.72
TXN-0009487,2026-08-20,DXB-003,Dubai,CUST-00229,P002,Smartphone,Electronics,3,1648.42,0,4945.26,0.0,4945.26,Card,Store,2026,8,August,20,Thursday,False,4945.26,1648.42
TXN-0009506,2026-08-20,DXB-003,Dubai,CUST-07112,P010,Printer,Office,4,613.76,15,2455.04,368.26,2086.78,Cash,Store,2026,8,August,20,Thursday,False,2086.78,521.7
TXN-0009641,2026-08-20,DXB-002,Dubai,CUST-02287,P004,Monitor,Electronics,2,916.18,0,1832.36,0.0,1832.36,Card,Store,2026,8,August,20,Thursday,False,1832.36,916.18
TXN-0009703,2026-08-20,DXB-005,Dubai,CUST-03752,P009,Backpack,Accessories,2,246.53,0,493.06,0.0,493.06,Apple Pay,Online,2026,8,August,20,Thursday,False,493.06,246.53
TXN-0009760,2026-08-20,DXB-003,Dubai,CUST-02814,P012,Pen Pack,Stationery,1,13.86,10,13.86,1.39,12.47,Card,Online,2026,8,August,20,Thursday,False,12.47,12.47
TXN-0009767,2026-08-20,DXB-005,Dubai,CUST-04621,P005,Keyboard,Accessories,1,190.35,0,190.35,0.0,190.35,Cash,Store,2026,8,August,20,Thursday,False,190.35,190.35
TXN-0009859,2026-08-20,DXB-001,Dubai,CUST-04437,P001,Laptop,Electronics,2,2634.64,0,5269.28,0.0,5269.28,Apple Pay,Store,2026,8,August,20,Thursday,False,5269.28,2634.64
TXN-0009874,2026-08-20,DXB-003,Dubai,CUST-03208,P008,Desk,Furniture,2,857.68,20,1715.36,343.07,1372.29,Card,Store,2026,8,August,20,Thursday,False,1372.29,686.14
TXN-0009918,2026-08-20,DXB-003,Dubai,CUST-07308,P012,Pen Pack,Stationery,2,13.85,0,27.7,0.0,27.7,Cash,Store,2026,8,August,20,Thursday,False,27.7,13.85
TXN-0009988,2026-08-20,DXB-001,Dubai,CUST-04064,P013,USB Drive,Accessories,1,43.51,0,43.51,0.0,43.51,Bank Transfer,Store,2026,8,August,20,Thursday,False,43.51,43.51
TXN-0009998,2026-08-20,DXB-003,Dubai,CUST-04349,P013,USB Drive,Accessories,3,47.13,10,141.39,14.14,127.25,Card,Store,2026,8,August,20,Thursday,False,127.25,42.42
TXN-0010073,2026-08-20,DXB-005,Dubai,CUST-00080,P002,Smartphone,Electronics,2,1770.34,15,3540.68,531.1,3009.58,Card,Online,2026,8,August,20,Thursday,False,3009.58,1504.79
TXN-0010136,2026-08-20,DXB-002,Dubai,CUST-00350,P011,Notebook,Stationery,2,24.99,15,49.98,7.5,42.48,Card,Store,2026,8,August,20,Thursday,False,42.48,21.24
TXN-0010167,2026-08-20,DXB-001,Dubai,CUST-02656,P004,Monitor,Electronics,1,946.26,10,946.26,94.63,851.63,Card,Store,2026,8,August,20,Thursday,False,851.63,851.63
TXN-0010188,2026-08-20,DXB-001,Dubai,CUST-02933,P001,Laptop,Electronics,5,2607.75,5,13038.75,651.94,12386.81,Apple Pay,Online,2026,8,August,20,Thursday,False,12386.81,2477.36
TXN-0010269,2026-08-20,DXB-003,Dubai,CUST-04988,P013,USB Drive,Accessories,2,47.33,0,94.66,0.0,94.66,Apple Pay,Store,2026,8,August,20,Thursday,False,94.66,47.33
TXN-0010311,2026-08-20,DXB-004,Dubai,CUST-04811,P013,USB Drive,Accessories,6,44.66,0,267.96,0.0,267.96,Card,Online,2026,8,August,20,Thursday,False,267.96,44.66
TXN-0010334,2026-08-20,DXB-002,Dubai,CUST-00372,P006,Mouse,Accessories,2,101.36,10,202.72,20.27,182.45,Card,Online,2026,8,August,20,Thursday,False,182.45,91.22
TXN-0010457,2026-08-20,DXB-002,Dubai,CUST-00038,P012,Pen Pack,Stationery,2,13.5,5,27.0,1.35,25.65,Cash,Store,2026,8,August,20,Thursday,False,25.65,12.82
TXN-0010515,2026-08-20,DXB-005,Dubai,CUST-05865,P015,Tablet,Electronics,3,1158.9,10,3476.7,347.67,3129.03,Card,Store,2026,8,August,20,Thursday,False,3129.03,1043.01
TXN-0010530,2026-08-20,DXB-003,Dubai,CUST-06559,P004,Monitor,Electronics,2,828.66,5,1657.32,82.87,1574.45,Bank Transfer,Online,2026,8,August,20,Thursday,False,1574.45,787.22
TXN-0010611,2026-08-20,DXB-004,Dubai,CUST-06174,P003,Headphones,Electronics,2,340.96,10,681.92,68.19,613.73,Apple Pay,Online,2026,8,August,20,Thursday,False,613.73,306.86
TXN-0010670,2026-08-20,DXB-001,Dubai,CUST-03476,P006,Mouse,Accessories,3,105.55,0,316.65,0.0,316.65,Card,Store,2026,8,August,20,Thursday,False,316.65,105.55
TXN-0010718,2026-08-20,DXB-005,Dubai,CUST-07409,P013,USB Drive,Accessories,4,48.08,0,192.32,0.0,192.32,Bank Transfer,Online,2026,8,August,20,Thursday,False,192.32,48.08
TXN-0010814,2026-08-20,DXB-003,Dubai,CUST-00446,P005,Keyboard,Accessories,3,170.25,0,510.75,0.0,510.75,Card,Store,2026,8,August,20,Thursday,False,510.75,170.25
TXN-0010840,2026-08-20,DXB-003,Dubai,CUST-01782,P006,Mouse,Accessories,1,109.07,5,109.07,5.45,103.62,Apple Pay,Store,2026,8,August,20,Thursday,False,103.62,103.62
TXN-0010862,2026-08-20,DXB-001,Dubai,CUST-02879,P004,Monitor,Electronics,1,964.02,0,964.02,0.0,964.02,Card,Store,2026,8,August,20,Thursday,False,964.02,964.02
TXN-0010869,2026-08-20,DXB-002,Dubai,CUST-01917,P004,Monitor,Electronics,1,977.68,15,977.68,146.65,831.03,Apple Pay,Store,2026,8,August,20,Thursday,False,831.03,831.03
TXN-0010896,2026-08-20,DXB-002,Dubai,CUST-04690,P004,Monitor,Electronics,1,857.59,5,857.59,42.88,814.71,Card,Store,2026,8,August,20,Thursday,False,814.71,814.71
TXN-0010968,2026-08-20,DXB-003,Dubai,CUST-06625,P015,Tablet,Electronics,1,1369.87,10,1369.87,136.99,1232.88,Card,Online,2026,8,August,20,Thursday,False,1232.88,1232.88
TXN-0010991,2026-08-20,DXB-001,Dubai,CUST-03392,P015,Tablet,Electronics,1,1095.47,5,1095.47,54.77,1040.7,Apple Pay,Store,2026,8,August,20,Thursday,False,1040.7,1040.7
TXN-0011012,2026-08-20,DXB-001,Dubai,CUST-02319,P014,Power Bank,Electronics,2,146.72,0,293.44,0.0,293.44,Card,Store,2026,8,August,20,Thursday,False,293.44,146.72
TXN-0011029,2026-08-20,DXB-002,Dubai,CUST-01976,P014,Power Bank,Electronics,1,141.59,10,141.59,14.16,127.43,Card,Store,2026,8,August,20,Thursday,False,127.43,127.43
TXN-0011078,2026-08-20,DXB-003,Dubai,CUST-06868,P011,Notebook,Stationery,1,23.67,0,23.67,0.0,23.67,Cash,Online,2026,8,August,20,Thursday,False,23.67,23.67
TXN-0011124,2026-08-20,DXB-002,Dubai,CUST-03347,P004,Monitor,Electronics,1,819.93,5,819.93,41.0,778.93,Card,Online,2026,8,August,20,Thursday,False,778.93,778.93
TXN-0011308,2026-08-20,DXB-002,Dubai,CUST-06305,P004,Monitor,Electronics,1,841.47,0,841.47,0.0,841.47,Card,Online,2026,8,August,20,Thursday,False,841.47,841.47
TXN-0011309,2026-08-20,DXB-001,Dubai,CUST-00122,P008,Desk,Furniture,2,813.67,0,1627.34,0.0,1627.34,Card,Store,2026,8,August,20,Thursday,False,1627.34,813.67
TXN-0011337,2026-08-20,DXB-004,Dubai,CUST-04653,P004,Monitor,Electronics,1,909.35,10,909.35,90.94,818.41,Card,Store,2026,8,August,20,Thursday,False,818.41,818.41
TXN-0011346,2026-08-20,DXB-004,Dubai,CUST-06900,P008,Desk,Furniture,1,791.27,10,791.27,79.13,712.14,Bank Transfer,Store,2026,8,August,20,Thursday,False,712.14,712.14
TXN-0011360,2026-08-20,DXB-004,Dubai,CUST-00147,P001,Laptop,Electronics,3,2752.56,0,8257.68,0.0,8257.68,Card,Store,2026,8,August,20,Thursday,False,8257.68,2752.56
TXN-0011489,2026-08-20,DXB-004,Dubai,CUST-04339,P014,Power Bank,Electronics,1,150.94,5,150.94,7.55,143.39,Cash,Store,2026,8,August,20,Thursday,False,143.39,143.39
TXN-0011534,2026-08-20,DXB-004,Dubai,CUST-07315,P005,Keyboard,Accessories,4,167.07,10,668.28,66.83,601.45,Card,Store,2026,8,August,20,Thursday,False,601.45,150.36
TXN-0011551,2026-08-20,DXB-001,Dubai,CUST-04220,P012,Pen Pack,Stationery,1,15.04,10,15.04,1.5,13.54,Card,Store,2026,8,August,20,Thursday,False,13.54,13.54
TXN-0011557,2026-08-20,DXB-004,Dubai,CUST-01272,P003,Headphones,Electronics,2,380.36,0,760.72,0.0,760.72,Apple Pay,Store,2026,8,August,20,Thursday,False,760.72,380.36
TXN-0011617,2026-08-20,DXB-001,Dubai,CUST-03360,P014,Power Bank,Electronics,3,145.39,5,436.17,21.81,414.36,Card,Store,2026,8,August,20,Thursday,False,414.36,138.12
TXN-0011650,2026-08-20,DXB-004,Dubai,CUST-07355,P008,Desk,Furniture,1,828.81,10,828.81,82.88,745.93,Card,Online,2026,8,August,20,Thursday,False,745.93,745.93
TXN-0011769,2026-08-20,DXB-001,Dubai,CUST-00835,P003,Headphones,Electronics,2,351.79,10,703.58,70.36,633.22,Apple Pay,Online,2026,8,August,20,Thursday,False,633.22,316.61
TXN-0011898,2026-08-20,DXB-001,Dubai,CUST-04322,P005,Keyboard,Accessories,1,197.6,10,197.6,19.76,177.84,Cash,Store,2026,8,August,20,Thursday,False,177.84,177.84
TXN-0011955,2026-08-20,DXB-002,Dubai,CUST-04307,P010,Printer,Office,3,747.25,15,2241.75,336.26,1905.49,Card,Store,2026,8,August,20,Thursday,False,1905.49,635.16
TXN-0011972,2026-08-20,DXB-004,Dubai,CUST-03900,P002,Smartphone,Electronics,2,1836.21,0,3672.42,0.0,3672.42,Card,Online,2026,8,August,20,Thursday,False,3672.42,1836.21
TXN-0011999,2026-08-20,DXB-002,Dubai,CUST-02904,P002,Smartphone,Electronics,1,1963.53,5,1963.53,98.18,1865.35,Card,Store,2026,8,August,20,Thursday,False,1865.35,1865.35
TXN-0012062,2026-08-20,DXB-001,Dubai,CUST-03343,P001,Laptop,Electronics,1,2850.6,5,2850.6,142.53,2708.07,Card,Store,2026,8,August,20,Thursday,False,2708.07,2708.07
TXN-0012071,2026-08-20,DXB-003,Dubai,CUST-02468,P009,Backpack,Accessories,3,216.53,0,649.59,0.0,649.59,Bank Transfer,Online,2026,8,August,20,Thursday,False,649.59,216.53
TXN-0012111,2026-08-20,DXB-004,Dubai,CUST-07246,P013,USB Drive,Accessories,1,47.25,5,47.25,2.36,44.89,Card,Store,2026,8,August,20,Thursday,False,44.89,44.89
TXN-0012156,2026-08-20,DXB-001,Dubai,CUST-05206,P011,Notebook,Stationery,1,26.02,15,26.02,3.9,22.12,Card,Store,2026,8,August,20,Thursday,False,22.12,22.12
TXN-0012218,2026-08-20,DXB-003,Dubai,CUST-02030,P011,Notebook,Stationery,1,25.88,5,25.88,1.29,24.59,Card,Online,2026,8,August,20,Thursday,False,24.59,24.59
TXN-0012244,2026-08-20,DXB-002,Dubai,CUST-01019,P004,Monitor,Electronics,1,864.15,0,864.15,0.0,864.15,Card,Store,2026,8,August,20,Thursday,False,864.15,864.15
TXN-0012306,2026-08-20,DXB-005,Dubai,CUST-04554,P008,Desk,Furniture,1,817.11,0,817.11,0.0,817.11,Cash,Online,2026,8,August,20,Thursday,False,817.11,817.11
TXN-0012356,2026-08-20,DXB-001,Dubai,CUST-05340,P002,Smartphone,Electronics,2,1725.98,10,3451.96,345.2,3106.76,Card,Store,2026,8,August,20,Thursday,False,3106.76,1553.38
TXN-0012470,2026-08-20,DXB-001,Dubai,CUST-00482,P006,Mouse,Accessories,1,109.72,5,109.72,5.49,104.23,Card,Store,2026,8,August,20,Thursday,False,104.23,104.23
TXN-0012497,2026-08-20,DXB-002,Dubai,CUST-00443,P014,Power Bank,Electronics,6,161.25,5,967.5,48.38,919.12,Apple Pay,Online,2026,8,August,20,Thursday,False,919.12,153.19
TXN-0012508,2026-08-20,DXB-002,Dubai,CUST-05588,P003,Headphones,Electronics,1,327.1,10,327.1,32.71,294.39,Card,Online,2026,8,August,20,Thursday,False,294.39,294.39
TXN-0012531,2026-08-20,DXB-005,Dubai,CUST-07850,P011,Notebook,Stationery,2,25.02,5,50.04,2.5,47.54,Apple Pay,Online,2026,8,August,20,Thursday,False,47.54,23.77
TXN-0012732,2026-08-20,DXB-003,Dubai,CUST-01688,P007,Office Chair,Furniture,3,623.39,0,1870.17,0.0,1870.17,Card,Online,2026,8,August,20,Thursday,False,1870.17,623.39
TXN-0012753,2026-08-20,DXB-002,Dubai,CUST-05296,P011,Notebook,Stationery,5,26.08,15,130.4,19.56,110.84,Card,Online,2026,8,August,20,Thursday,False,110.84,22.17
TXN-0012765,2026-08-20,DXB-002,Dubai,CUST-07468,P010,Printer,Office,1,669.06,0,669.06,0.0,669.06,Apple Pay,Store,2026,8,August,20,Thursday,False,669.06,669.06
TXN-0012899,2026-08-20,DXB-001,Dubai,CUST-02909,P008,Desk,Furniture,1,843.8,10,843.8,84.38,759.42,Apple Pay,Store,2026,8,August,20,Thursday,False,759.42,759.42
TXN-0012933,2026-08-20,DXB-005,Dubai,CUST-01503,P003,Headphones,Electronics,2,315.83,5,631.66,31.58,600.08,Apple Pay,Store,2026,8,August,20,Thursday,False,600.08,300.04
TXN-0012981,2026-08-20,DXB-001,Dubai,CUST-06666,P005,Keyboard,Accessories,1,179.78,0,179.78,0.0,179.78,Card,Online,2026,8,August,20,Thursday,False,179.78,179.78
TXN-0013045,2026-08-20,DXB-003,Dubai,CUST-02976,P013,USB Drive,Accessories,2,47.26,10,94.52,9.45,85.07,Bank Transfer,Online,2026,8,August,20,Thursday,False,85.07,42.54
TXN-0013103,2026-08-20,DXB-001,Dubai,CUST-04897,P012,Pen Pack,Stationery,2,13.69,5,27.38,1.37,26.01,Bank Transfer,Online,2026,8,August,20,Thursday,False,26.01,13.0
TXN-0013124,2026-08-20,DXB-003,Dubai,CUST-05776,P014,Power Bank,Electronics,1,152.14,5,152.14,7.61,144.53,Card,Store,2026,8,August,20,Thursday,False,144.53,144.53
TXN-0013149,2026-08-20,DXB-004,Dubai,CUST-05459,P005,Keyboard,Accessories,5,162.48,5,812.4,40.62,771.78,Apple Pay,Store,2026,8,August,20,Thursday,False,771.78,154.36
TXN-0013161,2026-08-20,DXB-004,Dubai,CUST-06992,P012,Pen Pack,Stationery,2,15.78,0,31.56,0.0,31.56,Cash,Store,2026,8,August,20,Thursday,False,31.56,15.78
TXN-0013342,2026-08-20,DXB-004,Dubai,CUST-03636,P006,Mouse,Accessories,1,102.5,10,102.5,10.25,92.25,Bank Transfer,Store,2026,8,August,20,Thursday,False,92.25,92.25
TXN-0013372,2026-08-20,DXB-002,Dubai,CUST-02299,P014,Power Bank,Electronics,3,149.35,10,448.05,44.8,403.25,Bank Transfer,Online,2026,8,August,20,Thursday,False,403.25,134.42
TXN-0013377,2026-08-20,DXB-003,Dubai,CUST-00823,P006,Mouse,Accessories,2,96.21,10,192.42,19.24,173.18,Card,Store,2026,8,August,20,Thursday,False,173.18,86.59
TXN-0013389,2026-08-20,DXB-004,Dubai,CUST-06385,P002,Smartphone,Electronics,5,1935.55,5,9677.75,483.89,9193.86,Card,Store,2026,8,August,20,Thursday,False,9193.86,1838.77
TXN-0013439,2026-08-20,DXB-003,Dubai,CUST-06905,P001,Laptop,Electronics,2,2608.23,5,5216.46,260.82,4955.64,Card,Store,2026,8,August,20,Thursday,False,4955.64,2477.82
TXN-0013484,2026-08-20,DXB-003,Dubai,CUST-04531,P003,Headphones,Electronics,1,368.82,5,368.82,18.44,350.38,Card,Online,2026,8,August,20,Thursday,False,350.38,350.38
TXN-0013491,2026-08-20,DXB-002,Dubai,CUST-05448,P003,Headphones,Electronics,1,372.6,15,372.6,55.89,316.71,Card,Store,2026,8,August,20,Thursday,False,316.71,316.71
TXN-0013493,2026-08-20,DXB-005,Dubai,CUST-04959,P012,Pen Pack,Stationery,1,13.89,10,13.89,1.39,12.5,Bank Transfer,Store,2026,8,August,20,Thursday,False,12.5,12.5
TXN-0013513,2026-08-20,DXB-005,Dubai,CUST-07991,P004,Monitor,Electronics,2,809.65,5,1619.3,80.96,1538.34,Cash,Store,2026,8,August,20,Thursday,False,1538.34,769.17
TXN-0013535,2026-08-20,DXB-002,Dubai,CUST-03718,P006,Mouse,Accessories,1,109.09,5,109.09,5.45,103.64,Bank Transfer,Store,2026,8,August,20,Thursday,False,103.64,103.64
TXN-0013558,2026-08-20,DXB-002,Dubai,CUST-05457,P009,Backpack,Accessories,1,212.56,5,212.56,10.63,201.93,Card,Online,2026,8,August,20,Thursday,False,201.93,201.93
TXN-0013641,2026-08-20,DXB-003,Dubai,CUST-05671,P008,Desk,Furniture,3,796.67,5,2390.01,119.5,2270.51,Apple Pay,Online,2026,8,August,20,Thursday,False,2270.51,756.84
TXN-0013732,2026-08-20,DXB-003,Dubai,CUST-03883,P008,Desk,Furniture,2,834.6,0,1669.2,0.0,1669.2,Card,Store,2026,8,August,20,Thursday,False,1669.2,834.6
TXN-0013802,2026-08-20,DXB-005,Dubai,CUST-02561,P009,Backpack,Accessories,3,242.42,15,727.26,109.09,618.17,Apple Pay,Store,2026,8,August,20,Thursday,False,618.17,206.06
TXN-0013820,2026-08-20,DXB-003,Dubai,CUST-07549,P001,Laptop,Electronics,1,2845.12,10,2845.12,284.51,2560.61,Apple Pay,Online,2026,8,August,20,Thursday,False,2560.61,2560.61
TXN-0013918,2026-08-20,DXB-005,Dubai,CUST-05142,P005,Keyboard,Accessories,1,192.55,10,192.55,19.26,173.29,Apple Pay,Online,2026,8,August,20,Thursday,False,173.29,173.29
TXN-0013922,2026-08-20,DXB-003,Dubai,CUST-05538,P007,Office Chair,Furniture,1,686.85,0,686.85,0.0,686.85,Card,Store,2026,8,August,20,Thursday,False,686.85,686.85
TXN-0013944,2026-08-20,DXB-001,Dubai,CUST-02810,P009,Backpack,Accessories,1,214.98,10,214.98,21.5,193.48,Card,Store,2026,8,August,20,Thursday,False,193.48,193.48
TXN-0014106,2026-08-20,DXB-003,Dubai,CUST-00434,P008,Desk,Furniture,1,774.01,20,774.01,154.8,619.21,Card,Store,2026,8,August,20,Thursday,False,619.21,619.21
TXN-0014211,2026-08-20,DXB-004,Dubai,CUST-06329,P001,Laptop,Electronics,6,2953.9,5,17723.4,886.17,16837.23,Cash,Store,2026,8,August,20,Thursday,False,16837.23,2806.2
TXN-0014297,2026-08-20,DXB-001,Dubai,CUST-07924,P013,USB Drive,Accessories,5,42.03,0,210.15,0.0,210.15,Card,Online,2026,8,August,20,Thursday,False,210.15,42.03
TXN-0014350,2026-08-20,DXB-002,Dubai,CUST-01325,P013,USB Drive,Accessories,2,43.11,0,86.22,0.0,86.22,Apple Pay,Online,2026,8,August,20,Thursday,False,86.22,43.11
TXN-0014353,2026-08-20,DXB-002,Dubai,CUST-04870,P006,Mouse,Accessories,1,103.84,0,103.84,0.0,103.84,Card,Online,2026,8,August,20,Thursday,False,103.84,103.84
TXN-0014368,2026-08-20,DXB-001,Dubai,CUST-06220,P004,Monitor,Electronics,4,838.31,0,3353.24,0.0,3353.24,Card,Store,2026,8,August,20,Thursday,False,3353.24,838.31
TXN-0014419,2026-08-20,DXB-002,Dubai,CUST-00059,P001,Laptop,Electronics,1,2576.93,10,2576.93,257.69,2319.24,Card,Store,2026,8,August,20,Thursday,False,2319.24,2319.24
TXN-0014474,2026-08-20,DXB-001,Dubai,CUST-02856,P004,Monitor,Electronics,2,838.08,20,1676.16,335.23,1340.93,Cash,Store,2026,8,August,20,Thursday,False,1340.93,670.46
TXN-0014507,2026-08-20,DXB-004,Dubai,CUST-03280,P015,Tablet,Electronics,2,1245.85,5,2491.7,124.58,2367.12,Card,Store,2026,8,August,20,Thursday,False,2367.12,1183.56
TXN-0014519,2026-08-20,DXB-005,Dubai,CUST-06821,P012,Pen Pack,Stationery,1,14.93,10,14.93,1.49,13.44,Apple Pay,Online,2026,8,August,20,Thursday,False,13.44,13.44
TXN-0014537,2026-08-20,DXB-004,Dubai,CUST-01713,P004,Monitor,Electronics,3,918.1,15,2754.3,413.14,2341.16,Card,Store,2026,8,August,20,Thursday,False,2341.16,780.39
TXN-0014540,2026-08-20,DXB-002,Dubai,CUST-06868,P011,Notebook,Stationery,4,26.01,0,104.04,0.0,104.04,Apple Pay,Online,2026,8,August,20,Thursday,False,104.04,26.01
TXN-0014555,2026-08-20,DXB-002,Dubai,CUST-02419,P005,Keyboard,Accessories,1,198.46,5,198.46,9.92,188.54,Cash,Store,2026,8,August,20,Thursday,False,188.54,188.54
TXN-0014582,2026-08-20,DXB-003,Dubai,CUST-05431,P003,Headphones,Electronics,1,374.23,0,374.23,0.0,374.23,Card,Store,2026,8,August,20,Thursday,False,374.23,374.23
TXN-0014666,2026-08-20,DXB-003,Dubai,CUST-04524,P002,Smartphone,Electronics,1,1619.59,10,1619.59,161.96,1457.63,Card,Online,2026,8,August,20,Thursday,False,1457.63,1457.63
TXN-0014689,2026-08-20,DXB-003,Dubai,CUST-00077,P003,Headphones,Electronics,1,361.21,10,361.21,36.12,325.09,Cash,Online,2026,8,August,20,Thursday,False,325.09,325.09
TXN-0014727,2026-08-20,DXB-002,Dubai,CUST-01427,P011,Notebook,Stationery,6,22.59,0,135.54,0.0,135.54,Apple Pay,Store,2026,8,August,20,Thursday,False,135.54,22.59
TXN-0014762,2026-08-20,DXB-001,Dubai,CUST-04823,P002,Smartphone,Electronics,5,1668.3,15,8341.5,1251.22,7090.28,Bank Transfer,Store,2026,8,August,20,Thursday,False,7090.28,1418.06
TXN-0014803,2026-08-20,DXB-001,Dubai,CUST-03158,P007,Office Chair,Furniture,2,648.41,10,1296.82,129.68,1167.14,Card,Online,2026,8,August,20,Thursday,False,1167.14,583.57
TXN-0014876,2026-08-20,DXB-001,Dubai,CUST-01379,P013,USB Drive,Accessories,1,47.71,5,47.71,2.39,45.32,Card,Online,2026,8,August,20,Thursday,False,45.32,45.32
TXN-0014895,2026-08-20,DXB-002,Dubai,CUST-02662,P006,Mouse,Accessories,6,88.05,10,528.3,52.83,475.47,Apple Pay,Online,2026,8,August,20,Thursday,False,475.47,79.24
TXN-0014896,2026-08-20,DXB-005,Dubai,CUST-05802,P005,Keyboard,Accessories,1,188.74,5,188.74,9.44,179.3,Card,Store,2026,8,August,20,Thursday,False,179.3,179.3
TXN-0014919,2026-08-20,DXB-003,Dubai,CUST-03460,P005,Keyboard,Accessories,1,170.49,5,170.49,8.52,161.97,Card,Online,2026,8,August,20,Thursday,False,161.97,161.97
TXN-0014931,2026-08-20,DXB-004,Dubai,CUST-02242,P007,Office Chair,Furniture,2,658.25,5,1316.5,65.82,1250.68,Card,Store,2026,8,August,20,Thursday,False,1250.68,625.34
TXN-0014945,2026-08-20,DXB-001,Dubai,CUST-01587,P015,Tablet,Electronics,2,1194.55,10,2389.1,238.91,2150.19,Cash,Store,2026,8,August,20,Thursday,False,2150.19,1075.1
TXN-0014946,2026-08-20,DXB-002,Dubai,CUST-03260,P015,Tablet,Electronics,1,1212.86,0,1212.86,0.0,1212.86,Cash,Online,2026,8,August,20,Thursday,False,1212.86,1212.86
TXN-0014957,2026-08-20,DXB-004,Dubai,CUST-02377,P008,Desk,Furniture,2,840.15,5,1680.3,84.02,1596.28,Card,Store,2026,8,August,20,Thursday,False,1596.28,798.14
TXN-0014959,2026-08-20,DXB-002,Dubai,CUST-07977,P009,Backpack,Accessories,2,206.75,0,413.5,0.0,413.5,Card,Online,2026,8,August,20,Thursday,False,413.5,206.75
TXN-0015007,2026-08-20,DXB-004,Dubai,CUST-03577,P006,Mouse,Accessories,2,101.89,0,203.78,0.0,203.78,Card,Online,2026,8,August,20,Thursday,False,203.78,101.89
TXN-0015013,2026-08-20,DXB-005,Dubai,CUST-04475,P009,Backpack,Accessories,4,215.17,0,860.68,0.0,860.68,Card,Store,2026,8,August,20,Thursday,False,860.68,215.17
TXN-0015038,2026-08-20,DXB-004,Dubai,CUST-06583,P012,Pen Pack,Stationery,1,15.07,15,15.07,2.26,12.81,Card,Store,2026,8,August,20,Thursday,False,12.81,12.81
TXN-0015148,2026-08-20,DXB-003,Dubai,CUST-06536,P014,Power Bank,Electronics,2,131.71,10,263.42,26.34,237.08,Bank Transfer,Store,2026,8,August,20,Thursday,False,237.08,118.54
TXN-0015160,2026-08-20,DXB-001,Dubai,CUST-04122,P015,Tablet,Electronics,1,1227.81,15,1227.81,184.17,1043.64,Apple Pay,Online,2026,8,August,20,Thursday,False,1043.64,1043.64
TXN-0015269,2026-08-20,DXB-003,Dubai,CUST-04267,P014,Power Bank,Electronics,1,145.27,0,145.27,0.0,145.27,Bank Transfer,Store,2026,8,August,20,Thursday,False,145.27,145.27
TXN-0015336,2026-08-20,DXB-001,Dubai,CUST-07213,P006,Mouse,Accessories,1,104.31,15,104.31,15.65,88.66,Card,Store,2026,8,August,20,Thursday,False,88.66,88.66
TXN-0015380,2026-08-20,DXB-002,Dubai,CUST-03485,P004,Monitor,Electronics,1,879.74,5,879.74,43.99,835.75,Card,Store,2026,8,August,20,Thursday,False,835.75,835.75
TXN-0015459,2026-08-20,DXB-001,Dubai,CUST-00777,P010,Printer,Office,1,725.96,15,725.96,108.89,617.07,Cash,Online,2026,8,August,20,Thursday,False,617.07,617.07
TXN-0015581,2026-08-20,DXB-001,Dubai,CUST-00843,P003,Headphones,Electronics,3,338.96,10,1016.88,101.69,915.19,Card,Store,2026,8,August,20,Thursday,False,915.19,305.06
TXN-0015606,2026-08-20,DXB-003,Dubai,CUST-01595,P013,USB Drive,Accessories,1,41.11,10,41.11,4.11,37.0,Apple Pay,Store,2026,8,August,20,Thursday,False,37.0,37.0
TXN-0015637,2026-08-20,DXB-001,Dubai,CUST-07859,P008,Desk,Furniture,1,819.99,0,819.99,0.0,819.99,Card,Online,2026,8,August,20,Thursday,False,819.99,819.99
TXN-0015665,2026-08-20,DXB-005,Dubai,CUST-04245,P006,Mouse,Accessories,1,93.25,10,93.25,9.32,83.93,Card,Store,2026,8,August,20,Thursday,False,83.93,83.93
TXN-0015772,2026-08-20,DXB-004,Dubai,CUST-03200,P007,Office Chair,Furniture,1,659.33,20,659.33,131.87,527.46,Apple Pay,Store,2026,8,August,20,Thursday,False,527.46,527.46
TXN-0015775,2026-08-20,DXB-001,Dubai,CUST-04153,P012,Pen Pack,Stationery,3,14.02,5,42.06,2.1,39.96,Card,Store,2026,8,August,20,Thursday,False,39.96,13.32
TXN-0015801,2026-08-20,DXB-001,Dubai,CUST-06269,P001,Laptop,Electronics,2,2897.24,10,5794.48,579.45,5215.03,Cash,Online,2026,8,August,20,Thursday,False,5215.03,2607.52
TXN-0015802,2026-08-20,DXB-004,Dubai,CUST-01513,P004,Monitor,Electronics,3,885.59,10,2656.77,265.68,2391.09,Card,Online,2026,8,August,20,Thursday,False,2391.09,797.03
TXN-0015811,2026-08-20,DXB-004,Dubai,CUST-05547,P008,Desk,Furniture,1,800.3,0,800.3,0.0,800.3,Card,Store,2026,8,August,20,Thursday,False,800.3,800.3
TXN-0015820,2026-08-20,DXB-004,Dubai,CUST-00065,P008,Desk,Furniture,1,865.76,10,865.76,86.58,779.18,Cash,Online,2026,8,August,20,Thursday,False,779.18,779.18
TXN-0015884,2026-08-20,DXB-002,Dubai,CUST-00811,P001,Laptop,Electronics,3,2326.91,0,6980.73,0.0,6980.73,Card,Store,2026,8,August,20,Thursday,False,6980.73,2326.91
TXN-0015914,2026-08-20,DXB-004,Dubai,CUST-06322,P009,Backpack,Accessories,1,198.14,15,198.14,29.72,168.42,Card,Online,2026,8,August,20,Thursday,False,168.42,168.42
TXN-0016028,2026-08-20,DXB-004,Dubai,CUST-03375,P012,Pen Pack,Stationery,1,14.57,10,14.57,1.46,13.11,Card,Store,2026,8,August,20,Thursday,False,13.11,13.11
TXN-0016064,2026-08-20,DXB-003,Dubai,CUST-01779,P010,Printer,Office,1,707.24,10,707.24,70.72,636.52,Card,Store,2026,8,August,20,Thursday,False,636.52,636.52
TXN-0016147,2026-08-20,DXB-002,Dubai,CUST-03938,P008,Desk,Furniture,1,856.89,5,856.89,42.84,814.05,Apple Pay,Store,2026,8,August,20,Thursday,False,814.05,814.05
TXN-0016219,2026-08-20,DXB-003,Dubai,CUST-02050,P012,Pen Pack,Stationery,3,14.88,0,44.64,0.0,44.64,Cash,Store,2026,8,August,20,Thursday,False,44.64,14.88
TXN-0016252,2026-08-20,DXB-002,Dubai,CUST-00264,P006,Mouse,Accessories,2,92.4,10,184.8,18.48,166.32,Card,Store,2026,8,August,20,Thursday,False,166.32,83.16
TXN-0016488,2026-08-20,DXB-003,Dubai,CUST-07721,P007,Office Chair,Furniture,1,689.6,5,689.6,34.48,655.12,Cash,Store,2026,8,August,20,Thursday,False,655.12,655.12
TXN-0016491,2026-08-20,DXB-004,Dubai,CUST-02287,P005,Keyboard,Accessories,1,190.74,15,190.74,28.61,162.13,Cash,Store,2026,8,August,20,Thursday,False,162.13,162.13
TXN-0016522,2026-08-20,DXB-003,Dubai,CUST-00839,P002,Smartphone,Electronics,1,1839.01,0,1839.01,0.0,1839.01,Cash,Online,2026,8,August,20,Thursday,False,1839.01,1839.01
TXN-0016633,2026-08-20,DXB-001,Dubai,CUST-04745,P009,Backpack,Accessories,2,201.1,0,402.2,0.0,402.2,Card,Store,2026,8,August,20,Thursday,False,402.2,201.1
TXN-0016675,2026-08-20,DXB-001,Dubai,CUST-02781,P005,Keyboard,Accessories,1,186.36,0,186.36,0.0,186.36,Card,Online,2026,8,August,20,Thursday,False,186.36,186.36
TXN-0016688,2026-08-20,DXB-002,Dubai,CUST-05460,P015,Tablet,Electronics,1,1108.07,15,1108.07,166.21,941.86,Bank Transfer,Store,2026,8,August,20,Thursday,False,941.86,941.86
TXN-0016785,2026-08-20,DXB-001,Dubai,CUST-04017,P014,Power Bank,Electronics,2,162.2,5,324.4,16.22,308.18,Cash,Store,2026,8,August,20,Thursday,False,308.18,154.09
TXN-0016825,2026-08-20,DXB-005,Dubai,CUST-01768,P007,Office Chair,Furniture,1,630.47,20,630.47,126.09,504.38,Card,Online,2026,8,August,20,Thursday,False,504.38,504.38
TXN-0016927,2026-08-20,DXB-005,Dubai,CUST-02994,P002,Smartphone,Electronics,3,1593.21,20,4779.63,955.93,3823.7,Card,Store,2026,8,August,20,Thursday,False,3823.7,1274.57
TXN-0016940,2026-08-20,DXB-002,Dubai,CUST-00665,P014,Power Bank,Electronics,1,141.81,10,141.81,14.18,127.63,Bank Transfer,Online,2026,8,August,20,Thursday,False,127.63,127.63
TXN-0016999,2026-08-20,DXB-001,Dubai,CUST-03595,P003,Headphones,Electronics,3,353.61,10,1060.83,106.08,954.75,Cash,Store,2026,8,August,20,Thursday,False,954.75,318.25
TXN-0017044,2026-08-20,DXB-004,Dubai,CUST-03528,P009,Backpack,Accessories,1,239.08,0,239.08,0.0,239.08,Card,Store,2026,8,August,20,Thursday,False,239.08,239.08
TXN-0017049,2026-08-20,DXB-001,Dubai,CUST-00685,P004,Monitor,Electronics,1,820.61,15,820.61,123.09,697.52,Card,Store,2026,8,August,20,Thursday,False,697.52,697.52
TXN-0017103,2026-08-20,DXB-002,Dubai,CUST-06697,P014,Power Bank,Electronics,2,137.09,0,274.18,0.0,274.18,Card,Store,2026,8,August,20,Thursday,False,274.18,137.09
TXN-0017132,2026-08-20,DXB-002,Dubai,CUST-03710,P015,Tablet,Electronics,1,1274.75,5,1274.75,63.74,1211.01,Cash,Online,2026,8,August,20,Thursday,False,1211.01,1211.01
TXN-0017164,2026-08-20,DXB-001,Dubai,CUST-06811,P010,Printer,Office,6,678.92,10,4073.52,407.35,3666.17,Apple Pay,Store,2026,8,August,20,Thursday,False,3666.17,611.03
TXN-0017172,2026-08-20,DXB-001,Dubai,CUST-06857,P009,Backpack,Accessories,2,229.1,10,458.2,45.82,412.38,Cash,Online,2026,8,August,20,Thursday,False,412.38,206.19
TXN-0017187,2026-08-20,DXB-002,Dubai,CUST-06774,P002,Smartphone,Electronics,2,1971.34,5,3942.68,197.13,3745.55,Apple Pay,Store,2026,8,August,20,Thursday,False,3745.55,1872.78
TXN-0017207,2026-08-20,DXB-003,Dubai,CUST-02004,P002,Smartphone,Electronics,4,1869.35,20,7477.4,1495.48,5981.92,Cash,Store,2026,8,August,20,Thursday,False,5981.92,1495.48
TXN-0017349,2026-08-20,DXB-004,Dubai,CUST-06262,P007,Office Chair,Furniture,1,674.95,0,674.95,0.0,674.95,Apple Pay,Store,2026,8,August,20,Thursday,False,674.95,674.95
TXN-0017396,2026-08-20,DXB-001,Dubai,CUST-05764,P010,Printer,Office,1,663.55,15,663.55,99.53,564.02,Apple Pay,Store,2026,8,August,20,Thursday,False,564.02,564.02
TXN-0017433,2026-08-20,DXB-005,Dubai,CUST-04312,P015,Tablet,Electronics,1,1174.99,15,1174.99,176.25,998.74,Card,Store,2026,8,August,20,Thursday,False,998.74,998.74
TXN-0017456,2026-08-20,DXB-003,Dubai,CUST-03353,P015,Tablet,Electronics,1,1204.92,15,1204.92,180.74,1024.18,Card,Online,2026,8,August,20,Thursday,False,1024.18,1024.18
TXN-0017460,2026-08-20,DXB-003,Dubai,CUST-02026,P009,Backpack,Accessories,1,222.04,5,222.04,11.1,210.94,Card,Store,2026,8,August,20,Thursday,False,210.94,210.94
TXN-0017631,2026-08-20,DXB-005,Dubai,CUST-01331,P001,Laptop,Electronics,1,2735.23,0,2735.23,0.0,2735.23,Card,Store,2026,8,August,20,Thursday,False,2735.23,2735.23
TXN-0017685,2026-08-20,DXB-003,Dubai,CUST-03287,P010,Printer,Office,5,698.56,5,3492.8,174.64,3318.16,Bank Transfer,Store,2026,8,August,20,Thursday,False,3318.16,663.63
TXN-0017822,2026-08-20,DXB-002,Dubai,CUST-02743,P006,Mouse,Accessories,1,114.65,15,114.65,17.2,97.45,Cash,Online,2026,8,August,20,Thursday,False,97.45,97.45
TXN-0017930,2026-08-20,DXB-003,Dubai,CUST-06530,P008,Desk,Furniture,2,853.66,0,1707.32,0.0,1707.32,Apple Pay,Store,2026,8,August,20,Thursday,False,1707.32,853.66
TXN-0017988,2026-08-20,DXB-001,Dubai,CUST-02958,P005,Keyboard,Accessories,1,160.89,5,160.89,8.04,152.85,Card,Online,2026,8,August,20,Thursday,False,152.85,152.85
TXN-0018061,2026-08-20,DXB-005,Dubai,CUST-04764,P013,USB Drive,Accessories,6,46.48,10,278.88,27.89,250.99,Card,Online,2026,8,August,20,Thursday,False,250.99,41.83
TXN-0018078,2026-08-20,DXB-003,Dubai,CUST-05524,P014,Power Bank,Electronics,1,141.56,0,141.56,0.0,141.56,Apple Pay,Store,2026,8,August,20,Thursday,False,141.56,141.56
TXN-0018086,2026-08-20,DXB-004,Dubai,CUST-03479,P001,Laptop,Electronics,3,2917.25,0,8751.75,0.0,8751.75,Cash,Store,2026,8,August,20,Thursday,False,8751.75,2917.25
TXN-0018111,2026-08-20,DXB-002,Dubai,CUST-04025,P004,Monitor,Electronics,2,890.37,5,1780.74,89.04,1691.7,Bank Transfer,Online,2026,8,August,20,Thursday,False,1691.7,845.85
TXN-0018131,2026-08-20,DXB-005,Dubai,CUST-07998,P002,Smartphone,Electronics,2,1847.06,0,3694.12,0.0,3694.12,Card,Store,2026,8,August,20,Thursday,False,3694.12,1847.06
TXN-0018134,2026-08-20,DXB-001,Dubai,CUST-07085,P011,Notebook,Stationery,6,29.26,10,175.56,17.56,158.0,Cash,Store,2026,8,August,20,Thursday,False,158.0,26.33
TXN-0018164,2026-08-20,DXB-005,Dubai,CUST-00225,P003,Headphones,Electronics,3,346.55,15,1039.65,155.95,883.7,Card,Online,2026,8,August,20,Thursday,False,883.7,294.57
TXN-0018224,2026-08-20,DXB-004,Dubai,CUST-03951,P002,Smartphone,Electronics,2,2022.75,0,4045.5,0.0,4045.5,Card,Store,2026,8,August,20,Thursday,False,4045.5,2022.75
TXN-0018255,2026-08-20,DXB-002,Dubai,CUST-01985,P002,Smartphone,Electronics,2,1670.62,10,3341.24,334.12,3007.12,Apple Pay,Store,2026,8,August,20,Thursday,False,3007.12,1503.56
TXN-0018298,2026-08-20,DXB-005,Dubai,CUST-05342,P007,Office Chair,Furniture,1,604.49,0,604.49,0.0,604.49,Card,Online,2026,8,August,20,Thursday,False,604.49,604.49
TXN-0018408,2026-08-20,DXB-004,Dubai,CUST-05154,P009,Backpack,Accessories,1,212.23,10,212.23,21.22,191.01,Cash,Store,2026,8,August,20,Thursday,False,191.01,191.01
TXN-0018474,2026-08-20,DXB-001,Dubai,CUST-00725,P008,Desk,Furniture,1,778.06,0,778.06,0.0,778.06,Cash,Online,2026,8,August,20,Thursday,False,778.06,778.06
TXN-0018496,2026-08-20,DXB-004,Dubai,CUST-02834,P012,Pen Pack,Stationery,1,14.9,15,14.9,2.24,12.66,Apple Pay,Store,2026,8,August,20,Thursday,False,12.66,12.66
TXN-0018513,2026-08-20,DXB-005,Dubai,CUST-06073,P004,Monitor,Electronics,2,874.44,15,1748.88,262.33,1486.55,Card,Store,2026,8,August,20,Thursday,False,1486.55,743.28
TXN-0018604,2026-08-20,DXB-003,Dubai,CUST-07764,P014,Power Bank,Electronics,2,152.12,5,304.24,15.21,289.03,Apple Pay,Store,2026,8,August,20,Thursday,False,289.03,144.51
TXN-0018687,2026-08-20,DXB-001,Dubai,CUST-01906,P014,Power Bank,Electronics,2,143.51,0,287.02,0.0,287.02,Card,Online,2026,8,August,20,Thursday,False,287.02,143.51
TXN-0018763,2026-08-20,DXB-002,Dubai,CUST-05809,P008,Desk,Furniture,2,764.11,10,1528.22,152.82,1375.4,Bank Transfer,Store,2026,8,August,20,Thursday,False,1375.4,687.7
TXN-0018781,2026-08-20,DXB-004,Dubai,CUST-02999,P007,Office Chair,Furniture,3,645.42,0,1936.26,0.0,1936.26,Cash,Store,2026,8,August,20,Thursday,False,1936.26,645.42
TXN-0018824,2026-08-20,DXB-004,Dubai,CUST-00947,P008,Desk,Furniture,2,898.17,0,1796.34,0.0,1796.34,Apple Pay,Store,2026,8,August,20,Thursday,False,1796.34,898.17
TXN-0018859,2026-08-20,DXB-005,Dubai,CUST-04166,P009,Backpack,Accessories,3,231.03,0,693.09,0.0,693.09,Card,Online,2026,8,August,20,Thursday,False,693.09,231.03
TXN-0018950,2026-08-20,DXB-003,Dubai,CUST-06323,P013,USB Drive,Accessories,1,42.33,5,42.33,2.12,40.21,Cash,Store,2026,8,August,20,Thursday,False,40.21,40.21
TXN-0018964,2026-08-20,DXB-004,Dubai,CUST-06131,P010,Printer,Office,2,687.9,5,1375.8,68.79,1307.01,Card,Store,2026,8,August,20,Thursday,False,1307.01,653.5
TXN-0019036,2026-08-20,DXB-003,Dubai,CUST-07909,P014,Power Bank,Electronics,2,152.49,0,304.98,0.0,304.98,Cash,Store,2026,8,August,20,Thursday,False,304.98,152.49
TXN-0019072,2026-08-20,DXB-002,Dubai,CUST-06404,P009,Backpack,Accessories,1,230.52,10,230.52,23.05,207.47,Apple Pay,Store,2026,8,August,20,Thursday,False,207.47,207.47
TXN-0019114,2026-08-20,DXB-002,Dubai,CUST-06497,P013,USB Drive,Accessories,1,46.75,5,46.75,2.34,44.41,Cash,Store,2026,8,August,20,Thursday,False,44.41,44.41
TXN-0019220,2026-08-20,DXB-005,Dubai,CUST-05090,P010,Printer,Office,1,666.26,20,666.26,133.25,533.01,Card,Online,2026,8,August,20,Thursday,False,533.01,533.01
TXN-0019256,2026-08-20,DXB-004,Dubai,CUST-07404,P012,Pen Pack,Stationery,1,14.51,15,14.51,2.18,12.33,Card,Store,2026,8,August,20,Thursday,False,12.33,12.33
TXN-0019322,2026-08-20,DXB-004,Dubai,CUST-01065,P015,Tablet,Electronics,3,1136.15,10,3408.45,340.84,3067.61,Apple Pay,Store,2026,8,August,20,Thursday,False,3067.61,1022.54
TXN-0019323,2026-08-20,DXB-004,Dubai,CUST-04432,P011,Notebook,Stationery,1,24.92,20,24.92,4.98,19.94,Cash,Store,2026,8,August,20,Thursday,False,19.94,19.94
TXN-0019457,2026-08-20,DXB-004,Dubai,CUST-01730,P009,Backpack,Accessories,1,218.45,5,218.45,10.92,207.53,Card,Store,2026,8,August,20,Thursday,False,207.53,207.53
TXN-0019547,2026-08-20,DXB-001,Dubai,CUST-00239,P012,Pen Pack,Stationery,1,14.89,5,14.89,0.74,14.15,Cash,Store,2026,8,August,20,Thursday,False,14.15,14.15
TXN-0019706,2026-08-20,DXB-002,Dubai,CUST-00413,P014,Power Bank,Electronics,1,151.33,15,151.33,22.7,128.63,Bank Transfer,Store,2026,8,August,20,Thursday,False,128.63,128.63
TXN-0019745,2026-08-20,DXB-003,Dubai,CUST-02917,P006,Mouse,Accessories,1,96.6,0,96.6,0.0,96.6,Card,Store,2026,8,August,20,Thursday,False,96.6,96.6
TXN-0019751,2026-08-20,DXB-004,Dubai,CUST-04466,P005,Keyboard,Accessories,2,187.43,0,374.86,0.0,374.86,Bank Transfer,Store,2026,8,August,20,Thursday,False,374.86,187.43
TXN-0019752,2026-08-20,DXB-002,Dubai,CUST-04707,P013,USB Drive,Accessories,2,46.17,20,92.34,18.47,73.87,Apple Pay,Store,2026,8,August,20,Thursday,False,73.87,36.94
TXN-0019760,2026-08-20,DXB-003,Dubai,CUST-06613,P015,Tablet,Electronics,1,1089.08,10,1089.08,108.91,980.17,Cash,Online,2026,8,August,20,Thursday,False,980.17,980.17
TXN-0019769,2026-08-20,DXB-005,Dubai,CUST-01553,P012,Pen Pack,Stationery,2,13.29,15,26.58,3.99,22.59,Apple Pay,Store,2026,8,August,20,Thursday,False,22.59,11.3
TXN-0019821,2026-08-20,DXB-004,Dubai,CUST-03652,P010,Printer,Office,2,750.97,10,1501.94,150.19,1351.75,Cash,Online,2026,8,August,20,Thursday,False,1351.75,675.88
TXN-0019837,2026-08-20,DXB-003,Dubai,CUST-01515,P005,Keyboard,Accessories,4,182.11,5,728.44,36.42,692.02,Apple Pay,Store,2026,8,August,20,Thursday,False,692.02,173.0
TXN-0019965,2026-08-20,DXB-004,Dubai,CUST-04193,P009,Backpack,Accessories,1,223.12,0,223.12,0.0,223.12,Card,Store,2026,8,August,20,Thursday,False,223.12,223.12
TXN-0019967,2026-08-20,DXB-001,Dubai,CUST-04314,P009,Backpack,Accessories,3,235.02,0,705.06,0.0,705.06,Card,Online,2026,8,August,20,Thursday,False,705.06,235.02
TXN-0019986,2026-08-20,DXB-003,Dubai,CUST-02708,P011,Notebook,Stationery,2,24.36,10,48.72,4.87,43.85,Bank Transfer,Store,2026,8,August,20,Thursday,False,43.85,21.92
TXN-0019990,2026-08-20,DXB-003,Dubai,CUST-04288,P012,Pen Pack,Stationery,1,15.07,0,15.07,0.0,15.07,Card,Online,2026,8,August,20,Thursday,False,15.07,15.07
TXN-0019999,2026-08-20,DXB-004,Dubai,CUST-02362,P013,USB Drive,Accessories,2,45.94,10,91.88,9.19,82.69,Apple Pay,Store,2026,8,August,20,Thursday,False,82.69,41.34
TXN-0020013,2026-08-20,DXB-004,Dubai,CUST-06766,P010,Printer,Office,1,757.61,15,757.61,113.64,643.97,Cash,Store,2026,8,August,20,Thursday,False,643.97,643.97
TXN-0020087,2026-08-20,DXB-004,Dubai,CUST-03100,P008,Desk,Furniture,3,821.08,10,2463.24,246.32,2216.92,Card,Online,2026,8,August,20,Thursday,False,2216.92,738.97
TXN-0020220,2026-08-20,DXB-001,Dubai,CUST-04145,P007,Office Chair,Furniture,3,694.65,0,2083.95,0.0,2083.95,Card,Store,2026,8,August,20,Thursday,False,2083.95,694.65
TXN-0020278,2026-08-20,DXB-002,Dubai,CUST-05349,P003,Headphones,Electronics,3,354.79,0,1064.37,0.0,1064.37,Cash,Store,2026,8,August,20,Thursday,False,1064.37,354.79
TXN-0020325,2026-08-20,DXB-004,Dubai,CUST-03011,P014,Power Bank,Electronics,3,143.95,0,431.85,0.0,431.85,Card,Store,2026,8,August,20,Thursday,False,431.85,143.95
TXN-0020391,2026-08-20,DXB-003,Dubai,CUST-05536,P004,Monitor,Electronics,1,932.7,0,932.7,0.0,932.7,Apple Pay,Store,2026,8,August,20,Thursday,False,932.7,932.7
TXN-0020420,2026-08-20,DXB-004,Dubai,CUST-03956,P011,Notebook,Stationery,1,23.23,15,23.23,3.48,19.75,Card,Online,2026,8,August,20,Thursday,False,19.75,19.75
TXN-0020460,2026-08-20,DXB-005,Dubai,CUST-00692,P005,Keyboard,Accessories,2,199.78,15,399.56,59.93,339.63,Card,Store,2026,8,August,20,Thursday,False,339.63,169.82
TXN-0020478,2026-08-20,DXB-004,Dubai,CUST-05635,P014,Power Bank,Electronics,5,162.12,5,810.6,40.53,770.07,Apple Pay,Store,2026,8,August,20,Thursday,False,770.07,154.01
TXN-0020483,2026-08-20,DXB-003,Dubai,CUST-03257,P001,Laptop,Electronics,1,2902.52,15,2902.52,435.38,2467.14,Card,Online,2026,8,August,20,Thursday,False,2467.14,2467.14
TXN-0020548,2026-08-20,DXB-001,Dubai,CUST-07616,P006,Mouse,Accessories,2,100.35,10,200.7,20.07,180.63,Card,Store,2026,8,August,20,Thursday,False,180.63,90.32
TXN-0020609,2026-08-20,DXB-003,Dubai,CUST-02037,P013,USB Drive,Accessories,3,38.48,15,115.44,17.32,98.12,Apple Pay,Store,2026,8,August,20,Thursday,False,98.12,32.71
TXN-0020633,2026-08-20,DXB-005,Dubai,CUST-07017,P015,Tablet,Electronics,2,1087.3,10,2174.6,217.46,1957.14,Card,Store,2026,8,August,20,Thursday,False,1957.14,978.57
TXN-0020698,2026-08-20,DXB-001,Dubai,CUST-03074,P005,Keyboard,Accessories,1,173.94,20,173.94,34.79,139.15,Card,Store,2026,8,August,20,Thursday,False,139.15,139.15
TXN-0020735,2026-08-20,DXB-003,Dubai,CUST-01254,P011,Notebook,Stationery,2,25.06,20,50.12,10.02,40.1,Card,Store,2026,8,August,20,Thursday,False,40.1,20.05
TXN-0020943,2026-08-20,DXB-002,Dubai,CUST-00435,P011,Notebook,Stationery,1,27.96,0,27.96,0.0,27.96,Card,Store,2026,8,August,20,Thursday,False,27.96,27.96
TXN-0021002,2026-08-20,DXB-003,Dubai,CUST-05478,P008,Desk,Furniture,3,898.94,5,2696.82,134.84,2561.98,Cash,Store,2026,8,August,20,Thursday,False,2561.98,853.99
TXN-0021017,2026-08-20,DXB-002,Dubai,CUST-01225,P006,Mouse,Accessories,1,99.84,10,99.84,9.98,89.86,Card,Store,2026,8,August,20,Thursday,False,89.86,89.86
TXN-0021474,2026-08-20,DXB-001,Dubai,CUST-02617,P007,Office Chair,Furniture,1,641.23,0,641.23,0.0,641.23,Cash,Store,2026,8,August,20,Thursday,False,641.23,641.23
TXN-0021591,2026-08-20,DXB-001,Dubai,CUST-00099,P013,USB Drive,Accessories,3,41.99,0,125.97,0.0,125.97,Card,Store,2026,8,August,20,Thursday,False,125.97,41.99
TXN-0021640,2026-08-20,DXB-005,Dubai,CUST-00565,P003,Headphones,Electronics,1,325.05,0,325.05,0.0,325.05,Cash,Store,2026,8,August,20,Thursday,False,325.05,325.05
TXN-0021793,2026-08-20,DXB-001,Dubai,CUST-02362,P005,Keyboard,Accessories,4,182.97,0,731.88,0.0,731.88,Cash,Store,2026,8,August,20,Thursday,False,731.88,182.97
TXN-0021807,2026-08-20,DXB-001,Dubai,CUST-07148,P003,Headphones,Electronics,1,310.23,10,310.23,31.02,279.21,Card,Online,2026,8,August,20,Thursday,False,279.21,279.21
TXN-0021848,2026-08-20,DXB-002,Dubai,CUST-03753,P007,Office Chair,Furniture,3,634.47,0,1903.41,0.0,1903.41,Card,Online,2026,8,August,20,Thursday,False,1903.41,634.47
TXN-0021860,2026-08-20,DXB-001,Dubai,CUST-02227,P014,Power Bank,Electronics,3,155.95,0,467.85,0.0,467.85,Apple Pay,Store,2026,8,August,20,Thursday,False,467.85,155.95
TXN-0021906,2026-08-20,DXB-002,Dubai,CUST-02841,P015,Tablet,Electronics,1,1275.24,10,1275.24,127.52,1147.72,Bank Transfer,Store,2026,8,August,20,Thursday,False,1147.72,1147.72
TXN-0021919,2026-08-20,DXB-002,Dubai,CUST-00024,P005,Keyboard,Accessories,1,190.43,5,190.43,9.52,180.91,Apple Pay,Online,2026,8,August,20,Thursday,False,180.91,180.91
TXN-0021969,2026-08-20,DXB-001,Dubai,CUST-04843,P001,Laptop,Electronics,2,3072.93,10,6145.86,614.59,5531.27,Card,Store,2026,8,August,20,Thursday,False,5531.27,2765.64
TXN-0022057,2026-08-20,DXB-005,Dubai,CUST-06050,P012,Pen Pack,Stationery,1,14.74,10,14.74,1.47,13.27,Apple Pay,Online,2026,8,August,20,Thursday,False,13.27,13.27
TXN-0022098,2026-08-20,DXB-002,Dubai,CUST-02045,P004,Monitor,Electronics,1,912.63,15,912.63,136.89,775.74,Cash,Store,2026,8,August,20,Thursday,False,775.74,775.74
TXN-0022104,2026-08-20,DXB-003,Dubai,CUST-07487,P006,Mouse,Accessories,3,93.64,10,280.92,28.09,252.83,Card,Store,2026,8,August,20,Thursday,False,252.83,84.28
TXN-0022129,2026-08-20,DXB-005,Dubai,CUST-01513,P002,Smartphone,Electronics,1,1950.98,0,1950.98,0.0,1950.98,Card,Store,2026,8,August,20,Thursday,False,1950.98,1950.98
TXN-0022220,2026-08-20,DXB-004,Dubai,CUST-04656,P002,Smartphone,Electronics,1,1807.56,10,1807.56,180.76,1626.8,Card,Online,2026,8,August,20,Thursday,False,1626.8,1626.8
TXN-0022236,2026-08-20,DXB-001,Dubai,CUST-04782,P002,Smartphone,Electronics,1,1763.25,0,1763.25,0.0,1763.25,Card,Store,2026,8,August,20,Thursday,False,1763.25,1763.25
TXN-0022254,2026-08-20,DXB-002,Dubai,CUST-00235,P004,Monitor,Electronics,1,926.01,10,926.01,92.6,833.41,Card,Store,2026,8,August,20,Thursday,False,833.41,833.41
TXN-0022269,2026-08-20,DXB-005,Dubai,CUST-04477,P006,Mouse,Accessories,1,112.63,10,112.63,11.26,101.37,Cash,Store,2026,8,August,20,Thursday,False,101.37,101.37
TXN-0022277,2026-08-20,DXB-004,Dubai,CUST-04788,P013,USB Drive,Accessories,1,47.83,0,47.83,0.0,47.83,Card,Online,2026,8,August,20,Thursday,False,47.83,47.83
TXN-0022285,2026-08-20,DXB-005,Dubai,CUST-02707,P004,Monitor,Electronics,1,913.57,5,913.57,45.68,867.89,Card,Online,2026,8,August,20,Thursday,False,867.89,867.89
TXN-0022375,2026-08-20,DXB-002,Dubai,CUST-00845,P013,USB Drive,Accessories,1,44.91,0,44.91,0.0,44.91,Apple Pay,Store,2026,8,August,20,Thursday,False,44.91,44.91
TXN-0022380,2026-08-20,DXB-004,Dubai,CUST-03610,P009,Backpack,Accessories,2,278.3,0,556.6,0.0,556.6,Card,Store,2026,8,August,20,Thursday,False,556.6,278.3
TXN-0022409,2026-08-20,DXB-002,Dubai,CUST-01380,P006,Mouse,Accessories,1,103.27,0,103.27,0.0,103.27,Cash,Online,2026,8,August,20,Thursday,False,103.27,103.27
TXN-0022427,2026-08-20,DXB-002,Dubai,CUST-01478,P001,Laptop,Electronics,1,3069.21,5,3069.21,153.46,2915.75,Apple Pay,Store,2026,8,August,20,Thursday,False,2915.75,2915.75
TXN-0022433,2026-08-20,DXB-003,Dubai,CUST-03362,P004,Monitor,Electronics,1,890.73,0,890.73,0.0,890.73,Bank Transfer,Store,2026,8,August,20,Thursday,False,890.73,890.73
TXN-0022516,2026-08-20,DXB-002,Dubai,CUST-04090,P004,Monitor,Electronics,2,882.64,10,1765.28,176.53,1588.75,Apple Pay,Store,2026,8,August,20,Thursday,False,1588.75,794.38
TXN-0022531,2026-08-20,DXB-005,Dubai,CUST-06701,P015,Tablet,Electronics,1,1177.8,20,1177.8,235.56,942.24,Card,Online,2026,8,August,20,Thursday,False,942.24,942.24
TXN-0022552,2026-08-20,DXB-004,Dubai,CUST-06684,P006,Mouse,Accessories,1,100.59,15,100.59,15.09,85.5,Card,Store,2026,8,August,20,Thursday,False,85.5,85.5
TXN-0022584,2026-08-20,DXB-005,Dubai,CUST-05433,P010,Printer,Office,1,656.65,10,656.65,65.67,590.98,Cash,Online,2026,8,August,20,Thursday,False,590.98,590.98
TXN-0022767,2026-08-20,DXB-004,Dubai,CUST-05250,P005,Keyboard,Accessories,1,181.24,5,181.24,9.06,172.18,Cash,Store,2026,8,August,20,Thursday,False,172.18,172.18
TXN-0022851,2026-08-20,DXB-004,Dubai,CUST-06216,P010,Printer,Office,3,707.37,5,2122.11,106.11,2016.0,Card,Store,2026,8,August,20,Thursday,False,2016.0,672.0
TXN-0022906,2026-08-20,DXB-001,Dubai,CUST-04419,P003,Headphones,Electronics,2,312.32,5,624.64,31.23,593.41,Apple Pay,Store,2026,8,August,20,Thursday,False,593.41,296.7
TXN-0022911,2026-08-20,DXB-003,Dubai,CUST-05577,P001,Laptop,Electronics,2,2819.59,0,5639.18,0.0,5639.18,Cash,Store,2026,8,August,20,Thursday,False,5639.18,2819.59
TXN-0022936,2026-08-20,DXB-002,Dubai,CUST-02178,P002,Smartphone,Electronics,2,1815.94,10,3631.88,363.19,3268.69,Cash,Online,2026,8,August,20,Thursday,False,3268.69,1634.34
TXN-0022992,2026-08-20,DXB-002,Dubai,CUST-01041,P007,Office Chair,Furniture,1,663.53,5,663.53,33.18,630.35,Card,Store,2026,8,August,20,Thursday,False,630.35,630.35
TXN-0023032,2026-08-20,DXB-002,Dubai,CUST-04960,P004,Monitor,Electronics,1,866.55,5,866.55,43.33,823.22,Card,Store,2026,8,August,20,Thursday,False,823.22,823.22
TXN-0023075,2026-08-20,DXB-005,Dubai,CUST-07947,P014,Power Bank,Electronics,1,145.95,10,145.95,14.6,131.35,Card,Store,2026,8,August,20,Thursday,False,131.35,131.35
TXN-0023090,2026-08-20,DXB-003,Dubai,CUST-06208,P014,Power Bank,Electronics,1,154.45,0,154.45,0.0,154.45,Card,Store,2026,8,August,20,Thursday,False,154.45,154.45
TXN-0023219,2026-08-20,DXB-002,Dubai,CUST-06290,P015,Tablet,Electronics,1,1176.22,10,1176.22,117.62,1058.6,Card,Store,2026,8,August,20,Thursday,False,1058.6,1058.6
TXN-0023293,2026-08-20,DXB-001,Dubai,CUST-05484,P006,Mouse,Accessories,2,104.61,5,209.22,10.46,198.76,Card,Store,2026,8,August,20,Thursday,False,198.76,99.38
TXN-0023360,2026-08-20,DXB-004,Dubai,CUST-07333,P011,Notebook,Stationery,1,25.39,10,25.39,2.54,22.85,Card,Store,2026,8,August,20,Thursday,False,22.85,22.85
TXN-0023478,2026-08-20,DXB-001,Dubai,CUST-06730,P003,Headphones,Electronics,2,327.03,10,654.06,65.41,588.65,Cash,Online,2026,8,August,20,Thursday,False,588.65,294.32
TXN-0023558,2026-08-20,DXB-001,Dubai,CUST-04850,P008,Desk,Furniture,1,883.72,0,883.72,0.0,883.72,Card,Online,2026,8,August,20,Thursday,False,883.72,883.72
TXN-0023699,2026-08-20,DXB-005,Dubai,CUST-00034,P010,Printer,Office,1,732.64,5,732.64,36.63,696.01,Card,Store,2026,8,August,20,Thursday,False,696.01,696.01
TXN-0023706,2026-08-20,DXB-002,Dubai,CUST-02082,P005,Keyboard,Accessories,1,186.44,15,186.44,27.97,158.47,Apple Pay,Online,2026,8,August,20,Thursday,False,158.47,158.47
TXN-0023730,2026-08-20,DXB-005,Dubai,CUST-03144,P004,Monitor,Electronics,3,814.57,20,2443.71,488.74,1954.97,Cash,Online,2026,8,August,20,Thursday,False,1954.97,651.66
TXN-0023793,2026-08-20,DXB-002,Dubai,CUST-05420,P015,Tablet,Electronics,2,1105.07,5,2210.14,110.51,2099.63,Card,Store,2026,8,August,20,Thursday,False,2099.63,1049.82
TXN-0023878,2026-08-20,DXB-001,Dubai,CUST-03007,P004,Monitor,Electronics,2,832.78,0,1665.56,0.0,1665.56,Bank Transfer,Store,2026,8,August,20,Thursday,False,1665.56,832.78
TXN-0023988,2026-08-20,DXB-005,Dubai,CUST-03780,P008,Desk,Furniture,1,739.56,0,739.56,0.0,739.56,Card,Online,2026,8,August,20,Thursday,False,739.56,739.56
TXN-0024004,2026-08-20,DXB-002,Dubai,CUST-01180,P013,USB Drive,Accessories,4,45.51,15,182.04,27.31,154.73,Card,Store,2026,8,August,20,Thursday,False,154.73,38.68
TXN-0024114,2026-08-20,DXB-005,Dubai,CUST-05733,P002,Smartphone,Electronics,1,1638.24,0,1638.24,0.0,1638.24,Card,Store,2026,8,August,20,Thursday,False,1638.24,1638.24
TXN-0024146,2026-08-20,DXB-001,Dubai,CUST-04626,P015,Tablet,Electronics,1,1311.1,0,1311.1,0.0,1311.1,Cash,Store,2026,8,August,20,Thursday,False,1311.1,1311.1
TXN-0024189,2026-08-20,DXB-003,Dubai,CUST-00746,P010,Printer,Office,1,669.6,0,669.6,0.0,669.6,Card,Store,2026,8,August,20,Thursday,False,669.6,669.6
TXN-0024457,2026-08-20,DXB-002,Dubai,CUST-06905,P006,Mouse,Accessories,1,98.38,10,98.38,9.84,88.54,Card,Store,2026,8,August,20,Thursday,False,88.54,88.54
TXN-0024473,2026-08-20,DXB-004,Dubai,CUST-00425,P012,Pen Pack,Stationery,1,16.09,10,16.09,1.61,14.48,Card,Store,2026,8,August,20,Thursday,False,14.48,14.48
TXN-0024491,2026-08-20,DXB-005,Dubai,CUST-03847,P008,Desk,Furniture,1,797.19,10,797.19,79.72,717.47,Card,Store,2026,8,August,20,Thursday,False,717.47,717.47
TXN-0024549,2026-08-20,DXB-001,Dubai,CUST-01293,P011,Notebook,Stationery,1,23.23,10,23.23,2.32,20.91,Card,Store,2026,8,August,20,Thursday,False,20.91,20.91
TXN-0024621,2026-08-20,DXB-004,Dubai,CUST-01606,P012,Pen Pack,Stationery,1,15.73,10,15.73,1.57,14.16,Apple Pay,Online,2026,8,August,20,Thursday,False,14.16,14.16
TXN-0024632,2026-08-20,DXB-005,Dubai,CUST-05059,P006,Mouse,Accessories,5,92.34,15,461.7,69.26,392.44,Card,Store,2026,8,August,20,Thursday,False,392.44,78.49
TXN-0024648,2026-08-20,DXB-005,Dubai,CUST-02887,P015,Tablet,Electronics,6,1159.9,0,6959.4,0.0,6959.4,Cash,Store,2026,8,August,20,Thursday,False,6959.4,1159.9
TXN-0024665,2026-08-20,DXB-002,Dubai,CUST-06497,P004,Monitor,Electronics,4,904.55,0,3618.2,0.0,3618.2,Card,Store,2026,8,August,20,Thursday,False,3618.2,904.55
TXN-0024733,2026-08-20,DXB-005,Dubai,CUST-06479,P006,Mouse,Accessories,3,93.52,10,280.56,28.06,252.5,Bank Transfer,Store,2026,8,August,20,Thursday,False,252.5,84.17
TXN-0024773,2026-08-20,DXB-001,Dubai,CUST-01524,P002,Smartphone,Electronics,1,1816.13,10,1816.13,181.61,1634.52,Card,Store,2026,8,August,20,Thursday,False,1634.52,1634.52
TXN-0024782,2026-08-20,DXB-005,Dubai,CUST-07092,P005,Keyboard,Accessories,1,181.38,10,181.38,18.14,163.24,Card,Store,2026,8,August,20,Thursday,False,163.24,163.24
TXN-0024783,2026-08-20,DXB-003,Dubai,CUST-03030,P005,Keyboard,Accessories,1,164.04,5,164.04,8.2,155.84,Card,Online,2026,8,August,20,Thursday,False,155.84,155.84
TXN-0024924,2026-08-20,DXB-001,Dubai,CUST-05466,P012,Pen Pack,Stationery,2,16.44,10,32.88,3.29,29.59,Apple Pay,Store,2026,8,August,20,Thursday,False,29.59,14.8
TXN-0024959,2026-08-20,DXB-002,Dubai,CUST-00405,P009,Backpack,Accessories,1,228.17,15,228.17,34.23,193.94,Card,Store,2026,8,August,20,Thursday,False,193.94,193.94
TXN-0025101,2026-08-20,DXB-001,Dubai,CUST-01651,P011,Notebook,Stationery,1,23.34,20,23.34,4.67,18.67,Card,Store,2026,8,August,20,Thursday,False,18.67,18.67
TXN-0025188,2026-08-20,DXB-005,Dubai,CUST-07263,P001,Laptop,Electronics,3,3130.54,15,9391.62,1408.74,7982.88,Card,Store,2026,8,August,20,Thursday,False,7982.88,2660.96
TXN-0025305,2026-08-20,DXB-001,Dubai,CUST-03139,P006,Mouse,Accessories,1,98.1,0,98.1,0.0,98.1,Card,Store,2026,8,August,20,Thursday,False,98.1,98.1
TXN-0025307,2026-08-20,DXB-004,Dubai,CUST-06378,P009,Backpack,Accessories,1,221.14,5,221.14,11.06,210.08,Cash,Online,2026,8,August,20,Thursday,False,210.08,210.08
TXN-0025657,2026-08-20,DXB-001,Dubai,CUST-03464,P007,Office Chair,Furniture,1,664.27,0,664.27,0.0,664.27,Card,Store,2026,8,August,20,Thursday,False,664.27,664.27
TXN-0025750,2026-08-20,DXB-001,Dubai,CUST-05150,P001,Laptop,Electronics,1,2893.57,5,2893.57,144.68,2748.89,Bank Transfer,Online,2026,8,August,20,Thursday,False,2748.89,2748.89
TXN-0025865,2026-08-20,DXB-003,Dubai,CUST-06129,P004,Monitor,Electronics,2,891.76,5,1783.52,89.18,1694.34,Apple Pay,Online,2026,8,August,20,Thursday,False,1694.34,847.17
TXN-0025875,2026-08-20,DXB-001,Dubai,CUST-04836,P014,Power Bank,Electronics,6,155.39,20,932.34,186.47,745.87,Apple Pay,Online,2026,8,August,20,Thursday,False,745.87,124.31
TXN-0025937,2026-08-20,DXB-001,Dubai,CUST-00164,P006,Mouse,Accessories,2,95.65,0,191.3,0.0,191.3,Card,Store,2026,8,August,20,Thursday,False,191.3,95.65
TXN-0025940,2026-08-20,DXB-004,Dubai,CUST-01895,P007,Office Chair,Furniture,1,636.53,5,636.53,31.83,604.7,Apple Pay,Online,2026,8,August,20,Thursday,False,604.7,604.7
TXN-0025996,2026-08-20,DXB-005,Dubai,CUST-03619,P015,Tablet,Electronics,1,1292.01,15,1292.01,193.8,1098.21,Card,Online,2026,8,August,20,Thursday,False,1098.21,1098.21
TXN-0026054,2026-08-20,DXB-001,Dubai,CUST-05042,P014,Power Bank,Electronics,1,149.93,0,149.93,0.0,149.93,Apple Pay,Store,2026,8,August,20,Thursday,False,149.93,149.93
TXN-0026174,2026-08-20,DXB-003,Dubai,CUST-03817,P014,Power Bank,Electronics,3,145.86,10,437.58,43.76,393.82,Card,Online,2026,8,August,20,Thursday,False,393.82,131.27
TXN-0026210,2026-08-20,DXB-002,Dubai,CUST-05860,P015,Tablet,Electronics,2,1138.86,10,2277.72,227.77,2049.95,Card,Store,2026,8,August,20,Thursday,False,2049.95,1024.97
TXN-0026303,2026-08-20,DXB-002,Dubai,CUST-01894,P006,Mouse,Accessories,2,112.38,5,224.76,11.24,213.52,Card,Store,2026,8,August,20,Thursday,False,213.52,106.76
TXN-0026356,2026-08-20,DXB-004,Dubai,CUST-01856,P007,Office Chair,Furniture,1,648.66,0,648.66,0.0,648.66,Card,Store,2026,8,August,20,Thursday,False,648.66,648.66
TXN-0026388,2026-08-20,DXB-003,Dubai,CUST-07411,P007,Office Chair,Furniture,3,634.04,20,1902.12,380.42,1521.7,Bank Transfer,Online,2026,8,August,20,Thursday,False,1521.7,507.23
TXN-0026437,2026-08-20,DXB-002,Dubai,CUST-02037,P011,Notebook,Stationery,1,21.18,10,21.18,2.12,19.06,Card,Online,2026,8,August,20,Thursday,False,19.06,19.06
TXN-0026452,2026-08-20,DXB-002,Dubai,CUST-03307,P014,Power Bank,Electronics,1,151.87,15,151.87,22.78,129.09,Card,Store,2026,8,August,20,Thursday,False,129.09,129.09
TXN-0026522,2026-08-20,DXB-003,Dubai,CUST-07559,P002,Smartphone,Electronics,1,1780.57,10,1780.57,178.06,1602.51,Cash,Store,2026,8,August,20,Thursday,False,1602.51,1602.51
TXN-0026749,2026-08-20,DXB-003,Dubai,CUST-03853,P010,Printer,Office,2,706.65,0,1413.3,0.0,1413.3,Bank Transfer,Online,2026,8,August,20,Thursday,False,1413.3,706.65
TXN-0026806,2026-08-20,DXB-002,Dubai,CUST-04546,P006,Mouse,Accessories,4,103.15,5,412.6,20.63,391.97,Bank Transfer,Store,2026,8,August,20,Thursday,False,391.97,97.99
TXN-0026906,2026-08-20,DXB-004,Dubai,CUST-05981,P004,Monitor,Electronics,1,974.35,0,974.35,0.0,974.35,Card,Store,2026,8,August,20,Thursday,False,974.35,974.35
TXN-0027022,2026-08-20,DXB-001,Dubai,CUST-05336,P008,Desk,Furniture,1,798.75,0,798.75,0.0,798.75,Card,Store,2026,8,August,20,Thursday,False,798.75,798.75
TXN-0027024,2026-08-20,DXB-002,Dubai,CUST-06660,P003,Headphones,Electronics,1,369.65,10,369.65,36.97,332.68,Cash,Store,2026,8,August,20,Thursday,False,332.68,332.68
TXN-0027025,2026-08-20,DXB-001,Dubai,CUST-01989,P008,Desk,Furniture,1,854.24,10,854.24,85.42,768.82,Card,Online,2026,8,August,20,Thursday,False,768.82,768.82
TXN-0027065,2026-08-20,DXB-001,Dubai,CUST-03913,P008,Desk,Furniture,3,828.98,5,2486.94,124.35,2362.59,Card,Store,2026,8,August,20,Thursday,False,2362.59,787.53
TXN-0027133,2026-08-20,DXB-001,Dubai,CUST-00245,P003,Headphones,Electronics,4,350.57,20,1402.28,280.46,1121.82,Card,Store,2026,8,August,20,Thursday,False,1121.82,280.46
TXN-0027413,2026-08-20,DXB-004,Dubai,CUST-03550,P011,Notebook,Stationery,1,26.72,10,26.72,2.67,24.05,Card,Store,2026,8,August,20,Thursday,False,24.05,24.05
TXN-0027425,2026-08-20,DXB-005,Dubai,CUST-05797,P015,Tablet,Electronics,3,1187.9,5,3563.7,178.18,3385.52,Card,Store,2026,8,August,20,Thursday,False,3385.52,1128.51
TXN-0027477,2026-08-20,DXB-001,Dubai,CUST-04181,P013,USB Drive,Accessories,1,43.64,20,43.64,8.73,34.91,Card,Store,2026,8,August,20,Thursday,False,34.91,34.91
TXN-0027552,2026-08-20,DXB-002,Dubai,CUST-05513,P014,Power Bank,Electronics,1,154.84,5,154.84,7.74,147.1,Cash,Store,2026,8,August,20,Thursday,False,147.1,147.1
TXN-0027605,2026-08-20,DXB-003,Dubai,CUST-03441,P001,Laptop,Electronics,2,3118.15,5,6236.3,311.82,5924.48,Apple Pay,Online,2026,8,August,20,Thursday,False,5924.48,2962.24
TXN-0027619,2026-08-20,DXB-003,Dubai,CUST-06355,P010,Printer,Office,3,676.37,5,2029.11,101.46,1927.65,Card,Store,2026,8,August,20,Thursday,False,1927.65,642.55
TXN-0027627,2026-08-20,DXB-005,Dubai,CUST-07777,P004,Monitor,Electronics,2,941.73,0,1883.46,0.0,1883.46,Cash,Store,2026,8,August,20,Thursday,False,1883.46,941.73
TXN-0027657,2026-08-20,DXB-002,Dubai,CUST-03570,P001,Laptop,Electronics,1,2770.0,10,2770.0,277.0,2493.0,Bank Transfer,Store,2026,8,August,20,Thursday,False,2493.0,2493.0
TXN-0027669,2026-08-20,DXB-004,Dubai,CUST-04840,P012,Pen Pack,Stationery,1,15.37,0,15.37,0.0,15.37,Apple Pay,Online,2026,8,August,20,Thursday,False,15.37,15.37
TXN-0027708,2026-08-20,DXB-003,Dubai,CUST-05458,P015,Tablet,Electronics,1,1267.57,10,1267.57,126.76,1140.81,Card,Store,2026,8,August,20,Thursday,False,1140.81,1140.81
TXN-0027733,2026-08-20,DXB-001,Dubai,CUST-05101,P005,Keyboard,Accessories,1,214.2,10,214.2,21.42,192.78,Card,Store,2026,8,August,20,Thursday,False,192.78,192.78
TXN-0027742,2026-08-20,DXB-002,Dubai,CUST-03976,P010,Printer,Office,1,783.58,10,783.58,78.36,705.22,Card,Store,2026,8,August,20,Thursday,False,705.22,705.22
TXN-0027768,2026-08-20,DXB-001,Dubai,CUST-04181,P013,USB Drive,Accessories,2,45.21,10,90.42,9.04,81.38,Apple Pay,Online,2026,8,August,20,Thursday,False,81.38,40.69
TXN-0027820,2026-08-20,DXB-005,Dubai,CUST-02250,P014,Power Bank,Electronics,2,168.94,20,337.88,67.58,270.3,Card,Store,2026,8,August,20,Thursday,False,270.3,135.15
TXN-0027827,2026-08-20,DXB-001,Dubai,CUST-05016,P007,Office Chair,Furniture,2,629.41,0,1258.82,0.0,1258.82,Card,Store,2026,8,August,20,Thursday,False,1258.82,629.41
TXN-0027911,2026-08-20,DXB-002,Dubai,CUST-07634,P013,USB Drive,Accessories,2,50.86,0,101.72,0.0,101.72,Card,Online,2026,8,August,20,Thursday,False,101.72,50.86
TXN-0027917,2026-08-20,DXB-001,Dubai,CUST-05663,P012,Pen Pack,Stationery,6,14.93,10,89.58,8.96,80.62,Card,Store,2026,8,August,20,Thursday,False,80.62,13.44
TXN-0027988,2026-08-20,DXB-003,Dubai,CUST-03523,P009,Backpack,Accessories,1,203.68,5,203.68,10.18,193.5,Card,Online,2026,8,August,20,Thursday,False,193.5,193.5
TXN-0027999,2026-08-20,DXB-003,Dubai,CUST-02097,P006,Mouse,Accessories,2,91.21,0,182.42,0.0,182.42,Apple Pay,Store,2026,8,August,20,Thursday,False,182.42,91.21
TXN-0028038,2026-08-20,DXB-004,Dubai,CUST-01525,P006,Mouse,Accessories,1,96.71,5,96.71,4.84,91.87,Cash,Store,2026,8,August,20,Thursday,False,91.87,91.87
TXN-0028052,2026-08-20,DXB-001,Dubai,CUST-00694,P002,Smartphone,Electronics,6,1690.99,15,10145.94,1521.89,8624.05,Cash,Online,2026,8,August,20,Thursday,False,8624.05,1437.34
TXN-0028115,2026-08-20,DXB-002,Dubai,CUST-03424,P013,USB Drive,Accessories,1,43.77,15,43.77,6.57,37.2,Card,Store,2026,8,August,20,Thursday,False,37.2,37.2
TXN-0028133,2026-08-20,DXB-003,Dubai,CUST-05593,P006,Mouse,Accessories,2,100.17,20,200.34,40.07,160.27,Cash,Online,2026,8,August,20,Thursday,False,160.27,80.14
TXN-0028156,2026-08-20,DXB-002,Dubai,CUST-03220,P015,Tablet,Electronics,1,1176.89,10,1176.89,117.69,1059.2,Cash,Online,2026,8,August,20,Thursday,False,1059.2,1059.2
TXN-0028294,2026-08-20,DXB-004,Dubai,CUST-07350,P003,Headphones,Electronics,3,361.58,10,1084.74,108.47,976.27,Card,Store,2026,8,August,20,Thursday,False,976.27,325.42
TXN-0028332,2026-08-20,DXB-004,Dubai,CUST-02658,P003,Headphones,Electronics,1,342.98,5,342.98,17.15,325.83,Card,Store,2026,8,August,20,Thursday,False,325.83,325.83
TXN-0028441,2026-08-20,DXB-005,Dubai,CUST-05534,P014,Power Bank,Electronics,1,147.27,10,147.27,14.73,132.54,Cash,Store,2026,8,August,20,Thursday,False,132.54,132.54
TXN-0028460,2026-08-20,DXB-002,Dubai,CUST-03956,P011,Notebook,Stationery,2,26.32,20,52.64,10.53,42.11,Cash,Store,2026,8,August,20,Thursday,False,42.11,21.06
TXN-0028477,2026-08-20,DXB-002,Dubai,CUST-02902,P014,Power Bank,Electronics,5,155.94,0,779.7,0.0,779.7,Card,Online,2026,8,August,20,Thursday,False,779.7,155.94
TXN-0028575,2026-08-20,DXB-003,Dubai,CUST-03307,P005,Keyboard,Accessories,1,178.6,10,178.6,17.86,160.74,Card,Store,2026,8,August,20,Thursday,False,160.74,160.74
TXN-0028596,2026-08-20,DXB-001,Dubai,CUST-05413,P014,Power Bank,Electronics,1,154.33,5,154.33,7.72,146.61,Bank Transfer,Online,2026,8,August,20,Thursday,False,146.61,146.61
TXN-0028771,2026-08-20,DXB-003,Dubai,CUST-02586,P014,Power Bank,Electronics,4,157.98,10,631.92,63.19,568.73,Card,Store,2026,8,August,20,Thursday,False,568.73,142.18
TXN-0028920,2026-08-20,DXB-001,Dubai,CUST-07017,P008,Desk,Furniture,1,729.32,0,729.32,0.0,729.32,Apple Pay,Online,2026,8,August,20,Thursday,False,729.32,729.32
TXN-0029074,2026-08-20,DXB-005,Dubai,CUST-01880,P003,Headphones,Electronics,3,345.07,15,1035.21,155.28,879.93,Cash,Store,2026,8,August,20,Thursday,False,879.93,293.31
TXN-0029205,2026-08-20,DXB-003,Dubai,CUST-05941,P003,Headphones,Electronics,4,372.57,5,1490.28,74.51,1415.77,Cash,Store,2026,8,August,20,Thursday,False,1415.77,353.94
TXN-0029231,2026-08-20,DXB-002,Dubai,CUST-07577,P008,Desk,Furniture,3,746.23,10,2238.69,223.87,2014.82,Card,Online,2026,8,August,20,Thursday,False,2014.82,671.61
TXN-0029234,2026-08-20,DXB-005,Dubai,CUST-05496,P015,Tablet,Electronics,3,1230.2,0,3690.6,0.0,3690.6,Card,Store,2026,8,August,20,Thursday,False,3690.6,1230.2
TXN-0029297,2026-08-20,DXB-002,Dubai,CUST-01812,P004,Monitor,Electronics,2,856.79,10,1713.58,171.36,1542.22,Bank Transfer,Store,2026,8,August,20,Thursday,False,1542.22,771.11
TXN-0029323,2026-08-20,DXB-004,Dubai,CUST-03898,P009,Backpack,Accessories,1,242.89,10,242.89,24.29,218.6,Bank Transfer,Store,2026,8,August,20,Thursday,False,218.6,218.6
TXN-0029461,2026-08-20,DXB-003,Dubai,CUST-00376,P003,Headphones,Electronics,2,328.33,10,656.66,65.67,590.99,Card,Store,2026,8,August,20,Thursday,False,590.99,295.5
TXN-0029494,2026-08-20,DXB-002,Dubai,CUST-01517,P003,Headphones,Electronics,1,336.23,0,336.23,0.0,336.23,Card,Online,2026,8,August,20,Thursday,False,336.23,336.23
TXN-0029506,2026-08-20,DXB-001,Dubai,CUST-01307,P007,Office Chair,Furniture,1,615.86,10,615.86,61.59,554.27,Apple Pay,Online,2026,8,August,20,Thursday,False,554.27,554.27
TXN-0029527,2026-08-20,DXB-003,Dubai,CUST-01140,P004,Monitor,Electronics,3,969.95,0,2909.85,0.0,2909.85,Cash,Store,2026,8,August,20,Thursday,False,2909.85,969.95
TXN-0029555,2026-08-20,DXB-005,Dubai,CUST-02513,P012,Pen Pack,Stationery,1,13.8,10,13.8,1.38,12.42,Card,Store,2026,8,August,20,Thursday,False,12.42,12.42
TXN-0029640,2026-08-20,DXB-001,Dubai,CUST-01248,P009,Backpack,Accessories,1,249.07,0,249.07,0.0,249.07,Apple Pay,Store,2026,8,August,20,Thursday,False,249.07,249.07
TXN-0029651,2026-08-20,DXB-005,Dubai,CUST-01532,P001,Laptop,Electronics,5,2721.86,5,13609.3,680.46,12928.84,Cash,Store,2026,8,August,20,Thursday,False,12928.84,2585.77
TXN-0029784,2026-08-20,DXB-003,Dubai,CUST-07139,P010,Printer,Office,1,683.9,15,683.9,102.58,581.32,Apple Pay,Store,2026,8,August,20,Thursday,False,581.32,581.32
TXN-0029827,2026-08-20,DXB-001,Dubai,CUST-03637,P005,Keyboard,Accessories,1,182.85,10,182.85,18.28,164.57,Cash,Store,2026,8,August,20,Thursday,False,164.57,164.57
TXN-0029912,2026-08-20,DXB-003,Dubai,CUST-04402,P008,Desk,Furniture,2,797.13,0,1594.26,0.0,1594.26,Bank Transfer,Online,2026,8,August,20,Thursday,False,1594.26,797.13
TXN-0029936,2026-08-20,DXB-004,Dubai,CUST-07610,P011,Notebook,Stationery,1,25.09,10,25.09,2.51,22.58,Card,Store,2026,8,August,20,Thursday,False,22.58,22.58
TXN-0029954,2026-08-20,DXB-001,Dubai,CUST-05580,P005,Keyboard,Accessories,2,179.59,5,359.18,17.96,341.22,Cash,Online,2026,8,August,20,Thursday,False,341.22,170.61
TXN-0030061,2026-08-20,DXB-001,Dubai,CUST-07441,P002,Smartphone,Electronics,2,1679.37,10,3358.74,335.87,3022.87,Card,Store,2026,8,August,20,Thursday,False,3022.87,1511.44
TXN-0030115,2026-08-20,DXB-005,Dubai,CUST-01586,P003,Headphones,Electronics,2,379.1,10,758.2,75.82,682.38,Card,Store,2026,8,August,20,Thursday,False,682.38,341.19
TXN-0030162,2026-08-20,DXB-002,Dubai,CUST-01543,P002,Smartphone,Electronics,2,1891.62,0,3783.24,0.0,3783.24,Apple Pay,Online,2026,8,August,20,Thursday,False,3783.24,1891.62
TXN-0030224,2026-08-20,DXB-002,Dubai,CUST-01639,P002,Smartphone,Electronics,1,1592.52,0,1592.52,0.0,1592.52,Card,Store,2026,8,August,20,Thursday,False,1592.52,1592.52
TXN-0030290,2026-08-20,DXB-002,Dubai,CUST-04707,P007,Office Chair,Furniture,1,601.86,5,601.86,30.09,571.77,Card,Online,2026,8,August,20,Thursday,False,571.77,571.77
TXN-0030316,2026-08-20,DXB-002,Dubai,CUST-00994,P006,Mouse,Accessories,1,94.99,10,94.99,9.5,85.49,Apple Pay,Store,2026,8,August,20,Thursday,False,85.49,85.49
TXN-0030328,2026-08-20,DXB-004,Dubai,CUST-01656,P011,Notebook,Stationery,1,24.23,15,24.23,3.63,20.6,Apple Pay,Store,2026,8,August,20,Thursday,False,20.6,20.6
TXN-0030369,2026-08-20,DXB-005,Dubai,CUST-03031,P008,Desk,Furniture,1,812.58,5,812.58,40.63,771.95,Card,Store,2026,8,August,20,Thursday,False,771.95,771.95
TXN-0030459,2026-08-20,DXB-002,Dubai,CUST-07962,P013,USB Drive,Accessories,1,45.48,5,45.48,2.27,43.21,Card,Online,2026,8,August,20,Thursday,False,43.21,43.21
TXN-0030477,2026-08-20,DXB-001,Dubai,CUST-03805,P006,Mouse,Accessories,1,93.79,5,93.79,4.69,89.1,Card,Store,2026,8,August,20,Thursday,False,89.1,89.1
TXN-0030487,2026-08-20,DXB-002,Dubai,CUST-02805,P004,Monitor,Electronics,1,882.27,15,882.27,132.34,749.93,Card,Store,2026,8,August,20,Thursday,False,749.93,749.93
TXN-0030534,2026-08-20,DXB-002,Dubai,CUST-05085,P010,Printer,Office,2,643.64,5,1287.28,64.36,1222.92,Card,Store,2026,8,August,20,Thursday,False,1222.92,611.46
TXN-0030626,2026-08-20,DXB-001,Dubai,CUST-06751,P013,USB Drive,Accessories,1,42.36,0,42.36,0.0,42.36,Apple Pay,Online,2026,8,August,20,Thursday,False,42.36,42.36
TXN-0030758,2026-08-20,DXB-001,Dubai,CUST-05147,P004,Monitor,Electronics,1,959.02,5,959.02,47.95,911.07,Apple Pay,Store,2026,8,August,20,Thursday,False,911.07,911.07
TXN-0030818,2026-08-20,DXB-002,Dubai,CUST-05211,P013,USB Drive,Accessories,4,43.03,10,172.12,17.21,154.91,Bank Transfer,Online,2026,8,August,20,Thursday,False,154.91,38.73
TXN-0030827,2026-08-20,DXB-003,Dubai,CUST-00996,P011,Notebook,Stationery,1,25.52,0,25.52,0.0,25.52,Card,Store,2026,8,August,20,Thursday,False,25.52,25.52
TXN-0030918,2026-08-20,DXB-003,Dubai,CUST-02156,P007,Office Chair,Furniture,1,696.33,0,696.33,0.0,696.33,Apple Pay,Store,2026,8,August,20,Thursday,False,696.33,696.33
TXN-0030977,2026-08-20,DXB-004,Dubai,CUST-03599,P013,USB Drive,Accessories,5,40.77,5,203.85,10.19,193.66,Card,Online,2026,8,August,20,Thursday,False,193.66,38.73
TXN-0030978,2026-08-20,DXB-004,Dubai,CUST-00905,P012,Pen Pack,Stationery,3,15.05,20,45.15,9.03,36.12,Apple Pay,Store,2026,8,August,20,Thursday,False,36.12,12.04
TXN-0031057,2026-08-20,DXB-003,Dubai,CUST-04088,P004,Monitor,Electronics,2,944.07,10,1888.14,188.81,1699.33,Cash,Store,2026,8,August,20,Thursday,False,1699.33,849.66
TXN-0031082,2026-08-20,DXB-005,Dubai,CUST-04044,P006,Mouse,Accessories,4,98.74,5,394.96,19.75,375.21,Card,Online,2026,8,August,20,Thursday,False,375.21,93.8
TXN-0031096,2026-08-20,DXB-004,Dubai,CUST-07841,P006,Mouse,Accessories,1,99.1,0,99.1,0.0,99.1,Apple Pay,Online,2026,8,August,20,Thursday,False,99.1,99.1
TXN-0031123,2026-08-20,DXB-001,Dubai,CUST-07022,P008,Desk,Furniture,1,807.41,5,807.41,40.37,767.04,Card,Store,2026,8,August,20,Thursday,False,767.04,767.04
TXN-0031138,2026-08-20,DXB-002,Dubai,CUST-01331,P003,Headphones,Electronics,2,364.59,0,729.18,0.0,729.18,Cash,Online,2026,8,August,20,Thursday,False,729.18,364.59
TXN-0031139,2026-08-20,DXB-003,Dubai,CUST-02256,P001,Laptop,Electronics,2,2812.64,10,5625.28,562.53,5062.75,Card,Online,2026,8,August,20,Thursday,False,5062.75,2531.38
TXN-0031361,2026-08-20,DXB-001,Dubai,CUST-01622,P002,Smartphone,Electronics,1,1891.03,0,1891.03,0.0,1891.03,Cash,Store,2026,8,August,20,Thursday,False,1891.03,1891.03
TXN-0031493,2026-08-20,DXB-005,Dubai,CUST-03473,P015,Tablet,Electronics,1,1237.04,0,1237.04,0.0,1237.04,Card,Store,2026,8,August,20,Thursday,False,1237.04,1237.04
TXN-0031500,2026-08-20,DXB-002,Dubai,CUST-06879,P014,Power Bank,Electronics,2,147.37,15,294.74,44.21,250.53,Cash,Online,2026,8,August,20,Thursday,False,250.53,125.26
TXN-0031650,2026-08-20,DXB-004,Dubai,CUST-05464,P001,Laptop,Electronics,1,2839.87,15,2839.87,425.98,2413.89,Apple Pay,Store,2026,8,August,20,Thursday,False,2413.89,2413.89
TXN-0031741,2026-08-20,DXB-003,Dubai,CUST-00950,P007,Office Chair,Furniture,2,672.1,0,1344.2,0.0,1344.2,Bank Transfer,Store,2026,8,August,20,Thursday,False,1344.2,672.1
TXN-0031753,2026-08-20,DXB-002,Dubai,CUST-04729,P001,Laptop,Electronics,1,2865.41,5,2865.41,143.27,2722.14,Cash,Store,2026,8,August,20,Thursday,False,2722.14,2722.14
TXN-0031767,2026-08-20,DXB-005,Dubai,CUST-07049,P008,Desk,Furniture,1,832.73,10,832.73,83.27,749.46,Apple Pay,Online,2026,8,August,20,Thursday,False,749.46,749.46
TXN-0031953,2026-08-20,DXB-002,Dubai,CUST-06106,P015,Tablet,Electronics,6,1049.22,0,6295.32,0.0,6295.32,Cash,Store,2026,8,August,20,Thursday,False,6295.32,1049.22
TXN-0032004,2026-08-20,DXB-001,Dubai,CUST-04115,P012,Pen Pack,Stationery,1,15.74,15,15.74,2.36,13.38,Bank Transfer,Online,2026,8,August,20,Thursday,False,13.38,13.38
TXN-0032022,2026-08-20,DXB-004,Dubai,CUST-03468,P010,Printer,Office,2,734.72,0,1469.44,0.0,1469.44,Card,Online,2026,8,August,20,Thursday,False,1469.44,734.72
TXN-0032039,2026-08-20,DXB-001,Dubai,CUST-05913,P014,Power Bank,Electronics,4,138.51,10,554.04,55.4,498.64,Apple Pay,Store,2026,8,August,20,Thursday,False,498.64,124.66
TXN-0032128,2026-08-20,DXB-001,Dubai,CUST-06937,P001,Laptop,Electronics,3,2808.71,10,8426.13,842.61,7583.52,Card,Online,2026,8,August,20,Thursday,False,7583.52,2527.84
TXN-0032165,2026-08-20,DXB-002,Dubai,CUST-06121,P005,Keyboard,Accessories,1,189.31,5,189.31,9.47,179.84,Card,Online,2026,8,August,20,Thursday,False,179.84,179.84
TXN-0032208,2026-08-20,DXB-004,Dubai,CUST-06769,P011,Notebook,Stationery,2,26.2,10,52.4,5.24,47.16,Card,Store,2026,8,August,20,Thursday,False,47.16,23.58
TXN-0032211,2026-08-20,DXB-002,Dubai,CUST-00604,P009,Backpack,Accessories,1,227.1,0,227.1,0.0,227.1,Card,Store,2026,8,August,20,Thursday,False,227.1,227.1
TXN-0032283,2026-08-20,DXB-001,Dubai,CUST-05454,P003,Headphones,Electronics,1,354.59,5,354.59,17.73,336.86,Card,Store,2026,8,August,20,Thursday,False,336.86,336.86
TXN-0032284,2026-08-20,DXB-004,Dubai,CUST-05094,P004,Monitor,Electronics,1,884.4,0,884.4,0.0,884.4,Card,Online,2026,8,August,20,Thursday,False,884.4,884.4
TXN-0032371,2026-08-20,DXB-003,Dubai,CUST-01657,P005,Keyboard,Accessories,1,186.12,0,186.12,0.0,186.12,Card,Store,2026,8,August,20,Thursday,False,186.12,186.12
TXN-0032565,2026-08-20,DXB-004,Dubai,CUST-03882,P012,Pen Pack,Stationery,1,13.43,5,13.43,0.67,12.76,Card,Store,2026,8,August,20,Thursday,False,12.76,12.76
TXN-0032579,2026-08-20,DXB-004,Dubai,CUST-06810,P014,Power Bank,Electronics,2,151.52,10,303.04,30.3,272.74,Card,Online,2026,8,August,20,Thursday,False,272.74,136.37
TXN-0032695,2026-08-20,DXB-003,Dubai,CUST-01481,P012,Pen Pack,Stationery,2,15.28,10,30.56,3.06,27.5,Bank Transfer,Store,2026,8,August,20,Thursday,False,27.5,13.75
TXN-0032700,2026-08-20,DXB-002,Dubai,CUST-02503,P012,Pen Pack,Stationery,3,14.3,0,42.9,0.0,42.9,Cash,Store,2026,8,August,20,Thursday,False,42.9,14.3
TXN-0032725,2026-08-20,DXB-001,Dubai,CUST-06174,P004,Monitor,Electronics,2,890.57,0,1781.14,0.0,1781.14,Card,Store,2026,8,August,20,Thursday,False,1781.14,890.57
TXN-0032742,2026-08-20,DXB-001,Dubai,CUST-02361,P006,Mouse,Accessories,2,87.97,0,175.94,0.0,175.94,Card,Store,2026,8,August,20,Thursday,False,175.94,87.97
TXN-0032855,2026-08-20,DXB-004,Dubai,CUST-06401,P004,Monitor,Electronics,1,956.18,0,956.18,0.0,956.18,Card,Online,2026,8,August,20,Thursday,False,956.18,956.18
TXN-0032875,2026-08-20,DXB-005,Dubai,CUST-02343,P007,Office Chair,Furniture,1,642.65,0,642.65,0.0,642.65,Bank Transfer,Store,2026,8,August,20,Thursday,False,642.65,642.65
TXN-0032891,2026-08-20,DXB-003,Dubai,CUST-00040,P005,Keyboard,Accessories,2,187.78,0,375.56,0.0,375.56,Card,Store,2026,8,August,20,Thursday,False,375.56,187.78
TXN-0032938,2026-08-20,DXB-001,Dubai,CUST-06190,P014,Power Bank,Electronics,2,151.16,0,302.32,0.0,302.32,Card,Online,2026,8,August,20,Thursday,False,302.32,151.16
TXN-0032960,2026-08-20,DXB-004,Dubai,CUST-01310,P010,Printer,Office,1,687.73,10,687.73,68.77,618.96,Card,Store,2026,8,August,20,Thursday,False,618.96,618.96
TXN-0032973,2026-08-20,DXB-001,Dubai,CUST-04245,P003,Headphones,Electronics,3,355.68,15,1067.04,160.06,906.98,Card,Store,2026,8,August,20,Thursday,False,906.98,302.33
TXN-0033001,2026-08-20,DXB-001,Dubai,CUST-04518,P014,Power Bank,Electronics,1,163.98,5,163.98,8.2,155.78,Cash,Store,2026,8,August,20,Thursday,False,155.78,155.78
TXN-0033124,2026-08-20,DXB-001,Dubai,CUST-03016,P005,Keyboard,Accessories,4,174.4,0,697.6,0.0,697.6,Card,Online,2026,8,August,20,Thursday,False,697.6,174.4
TXN-0033159,2026-08-20,DXB-005,Dubai,CUST-07181,P008,Desk,Furniture,1,863.36,10,863.36,86.34,777.02,Apple Pay,Store,2026,8,August,20,Thursday,False,777.02,777.02
TXN-0033165,2026-08-20,DXB-001,Dubai,CUST-01319,P005,Keyboard,Accessories,3,201.35,5,604.05,30.2,573.85,Card,Store,2026,8,August,20,Thursday,False,573.85,191.28
TXN-0033222,2026-08-20,DXB-001,Dubai,CUST-04435,P001,Laptop,Electronics,1,2649.67,20,2649.67,529.93,2119.74,Bank Transfer,Online,2026,8,August,20,Thursday,False,2119.74,2119.74
TXN-0033230,2026-08-20,DXB-005,Dubai,CUST-01618,P001,Laptop,Electronics,1,2685.27,10,2685.27,268.53,2416.74,Bank Transfer,Online,2026,8,August,20,Thursday,False,2416.74,2416.74
TXN-0033284,2026-08-20,DXB-002,Dubai,CUST-03671,P003,Headphones,Electronics,1,347.95,10,347.95,34.8,313.15,Card,Online,2026,8,August,20,Thursday,False,313.15,313.15
TXN-0033292,2026-08-20,DXB-002,Dubai,CUST-06159,P012,Pen Pack,Stationery,1,14.33,0,14.33,0.0,14.33,Cash,Store,2026,8,August,20,Thursday,False,14.33,14.33
TXN-0033348,2026-08-20,DXB-001,Dubai,CUST-04978,P015,Tablet,Electronics,2,1141.06,5,2282.12,114.11,2168.01,Cash,Store,2026,8,August,20,Thursday,False,2168.01,1084.01
TXN-0033366,2026-08-20,DXB-005,Dubai,CUST-04810,P002,Smartphone,Electronics,1,1897.36,15,1897.36,284.6,1612.76,Card,Store,2026,8,August,20,Thursday,False,1612.76,1612.76
TXN-0033549,2026-08-20,DXB-003,Dubai,CUST-02530,P005,Keyboard,Accessories,3,170.8,5,512.4,25.62,486.78,Cash,Online,2026,8,August,20,Thursday,False,486.78,162.26
TXN-0033561,2026-08-20,DXB-002,Dubai,CUST-05998,P007,Office Chair,Furniture,1,647.86,10,647.86,64.79,583.07,Cash,Store,2026,8,August,20,Thursday,False,583.07,583.07
TXN-0033620,2026-08-20,DXB-005,Dubai,CUST-06756,P010,Printer,Office,2,708.34,5,1416.68,70.83,1345.85,Cash,Store,2026,8,August,20,Thursday,False,1345.85,672.92
TXN-0033629,2026-08-20,DXB-005,Dubai,CUST-03720,P004,Monitor,Electronics,1,904.99,10,904.99,90.5,814.49,Card,Online,2026,8,August,20,Thursday,False,814.49,814.49
TXN-0033647,2026-08-20,DXB-005,Dubai,CUST-02029,P011,Notebook,Stationery,1,25.06,0,25.06,0.0,25.06,Apple Pay,Store,2026,8,August,20,Thursday,False,25.06,25.06
TXN-0033786,2026-08-20,DXB-002,Dubai,CUST-00592,P001,Laptop,Electronics,2,2693.77,5,5387.54,269.38,5118.16,Card,Store,2026,8,August,20,Thursday,False,5118.16,2559.08
TXN-0033933,2026-08-20,DXB-001,Dubai,CUST-03476,P011,Notebook,Stationery,2,24.39,0,48.78,0.0,48.78,Card,Store,2026,8,August,20,Thursday,False,48.78,24.39
TXN-0033979,2026-08-20,DXB-004,Dubai,CUST-03030,P001,Laptop,Electronics,1,2887.38,5,2887.38,144.37,2743.01,Card,Store,2026,8,August,20,Thursday,False,2743.01,2743.01
TXN-0034011,2026-08-20,DXB-003,Dubai,CUST-07094,P013,USB Drive,Accessories,1,44.33,0,44.33,0.0,44.33,Card,Online,2026,8,August,20,Thursday,False,44.33,44.33
TXN-0034040,2026-08-20,DXB-002,Dubai,CUST-06988,P012,Pen Pack,Stationery,2,15.31,0,30.62,0.0,30.62,Bank Transfer,Store,2026,8,August,20,Thursday,False,30.62,15.31
TXN-0034133,2026-08-20,DXB-004,Dubai,CUST-02626,P007,Office Chair,Furniture,2,628.99,0,1257.98,0.0,1257.98,Apple Pay,Store,2026,8,August,20,Thursday,False,1257.98,628.99
TXN-0034139,2026-08-20,DXB-001,Dubai,CUST-07379,P012,Pen Pack,Stationery,3,15.49,15,46.47,6.97,39.5,Cash,Store,2026,8,August,20,Thursday,False,39.5,13.17
TXN-0034163,2026-08-20,DXB-003,Dubai,CUST-00171,P012,Pen Pack,Stationery,1,15.64,0,15.64,0.0,15.64,Card,Store,2026,8,August,20,Thursday,False,15.64,15.64
TXN-0034164,2026-08-20,DXB-001,Dubai,CUST-06127,P009,Backpack,Accessories,5,214.05,20,1070.25,214.05,856.2,Cash,Store,2026,8,August,20,Thursday,False,856.2,171.24
TXN-0034308,2026-08-20,DXB-001,Dubai,CUST-07464,P002,Smartphone,Electronics,2,1810.13,5,3620.26,181.01,3439.25,Card,Online,2026,8,August,20,Thursday,False,3439.25,1719.62
TXN-0034346,2026-08-20,DXB-001,Dubai,CUST-03506,P006,Mouse,Accessories,2,94.06,0,188.12,0.0,188.12,Card,Store,2026,8,August,20,Thursday,False,188.12,94.06
TXN-0034352,2026-08-20,DXB-002,Dubai,CUST-00314,P013,USB Drive,Accessories,1,43.89,10,43.89,4.39,39.5,Card,Store,2026,8,August,20,Thursday,False,39.5,39.5
TXN-0034381,2026-08-20,DXB-004,Dubai,CUST-00308,P008,Desk,Furniture,1,797.59,0,797.59,0.0,797.59,Apple Pay,Store,2026,8,August,20,Thursday,False,797.59,797.59
TXN-0034498,2026-08-20,DXB-001,Dubai,CUST-03245,P004,Monitor,Electronics,3,876.31,5,2628.93,131.45,2497.48,Apple Pay,Online,2026,8,August,20,Thursday,False,2497.48,832.49
TXN-0034539,2026-08-20,DXB-005,Dubai,CUST-02562,P007,Office Chair,Furniture,1,693.26,0,693.26,0.0,693.26,Cash,Store,2026,8,August,20,Thursday,False,693.26,693.26
TXN-0034578,2026-08-20,DXB-005,Dubai,CUST-02469,P004,Monitor,Electronics,2,984.14,0,1968.28,0.0,1968.28,Card,Store,2026,8,August,20,Thursday,False,1968.28,984.14
TXN-0034681,2026-08-20,DXB-004,Dubai,CUST-00881,P001,Laptop,Electronics,5,2752.12,15,13760.6,2064.09,11696.51,Apple Pay,Store,2026,8,August,20,Thursday,False,11696.51,2339.3
TXN-0034875,2026-08-20,DXB-003,Dubai,CUST-00824,P013,USB Drive,Accessories,1,50.67,0,50.67,0.0,50.67,Cash,Online,2026,8,August,20,Thursday,False,50.67,50.67
TXN-0034895,2026-08-20,DXB-005,Dubai,CUST-02723,P013,USB Drive,Accessories,1,45.32,5,45.32,2.27,43.05,Apple Pay,Store,2026,8,August,20,Thursday,False,43.05,43.05
TXN-0034923,2026-08-20,DXB-003,Dubai,CUST-02438,P003,Headphones,Electronics,2,324.04,10,648.08,64.81,583.27,Card,Online,2026,8,August,20,Thursday,False,583.27,291.64
TXN-0034936,2026-08-20,DXB-005,Dubai,CUST-07085,P007,Office Chair,Furniture,1,609.65,15,609.65,91.45,518.2,Card,Store,2026,8,August,20,Thursday,False,518.2,518.2
TXN-0034975,2026-08-20,DXB-005,Dubai,CUST-04997,P014,Power Bank,Electronics,3,138.06,0,414.18,0.0,414.18,Card,Store,2026,8,August,20,Thursday,False,414.18,138.06
TXN-0035060,2026-08-20,DXB-004,Dubai,CUST-00493,P012,Pen Pack,Stationery,4,15.39,0,61.56,0.0,61.56,Cash,Store,2026,8,August,20,Thursday,False,61.56,15.39
TXN-0035106,2026-08-20,DXB-001,Dubai,CUST-03077,P007,Office Chair,Furniture,1,656.19,0,656.19,0.0,656.19,Card,Store,2026,8,August,20,Thursday,False,656.19,656.19
TXN-0035115,2026-08-20,DXB-003,Dubai,CUST-07173,P001,Laptop,Electronics,1,3123.82,15,3123.82,468.57,2655.25,Card,Online,2026,8,August,20,Thursday,False,2655.25,2655.25
TXN-0035225,2026-08-20,DXB-005,Dubai,CUST-02288,P005,Keyboard,Accessories,1,165.23,10,165.23,16.52,148.71,Card,Store,2026,8,August,20,Thursday,False,148.71,148.71
TXN-0035277,2026-08-20,DXB-001,Dubai,CUST-07273,P015,Tablet,Electronics,2,1343.01,5,2686.02,134.3,2551.72,Card,Online,2026,8,August,20,Thursday,False,2551.72,1275.86
TXN-0035322,2026-08-20,DXB-002,Dubai,CUST-01982,P003,Headphones,Electronics,2,352.87,5,705.74,35.29,670.45,Card,Store,2026,8,August,20,Thursday,False,670.45,335.22
TXN-0035431,2026-08-20,DXB-001,Dubai,CUST-06625,P012,Pen Pack,Stationery,1,13.67,0,13.67,0.0,13.67,Cash,Store,2026,8,August,20,Thursday,False,13.67,13.67
TXN-0035440,2026-08-20,DXB-004,Dubai,CUST-06480,P002,Smartphone,Electronics,5,1810.18,5,9050.9,452.54,8598.36,Card,Online,2026,8,August,20,Thursday,False,8598.36,1719.67
TXN-0035514,2026-08-20,DXB-002,Dubai,CUST-00610,P007,Office Chair,Furniture,2,620.47,20,1240.94,248.19,992.75,Cash,Store,2026,8,August,20,Thursday,False,992.75,496.38
TXN-0035596,2026-08-20,DXB-001,Dubai,CUST-07158,P011,Notebook,Stationery,4,22.98,5,91.92,4.6,87.32,Cash,Store,2026,8,August,20,Thursday,False,87.32,21.83
TXN-0035601,2026-08-20,DXB-005,Dubai,CUST-06521,P007,Office Chair,Furniture,1,630.08,5,630.08,31.5,598.58,Card,Store,2026,8,August,20,Thursday,False,598.58,598.58
TXN-0035640,2026-08-20,DXB-001,Dubai,CUST-06555,P003,Headphones,Electronics,2,359.72,5,719.44,35.97,683.47,Card,Store,2026,8,August,20,Thursday,False,683.47,341.74
TXN-0035692,2026-08-20,DXB-001,Dubai,CUST-03300,P006,Mouse,Accessories,1,104.18,10,104.18,10.42,93.76,Cash,Store,2026,8,August,20,Thursday,False,93.76,93.76
TXN-0035821,2026-08-20,DXB-002,Dubai,CUST-05499,P011,Notebook,Stationery,5,25.14,0,125.7,0.0,125.7,Card,Store,2026,8,August,20,Thursday,False,125.7,25.14
TXN-0035873,2026-08-20,DXB-003,Dubai,CUST-01190,P011,Notebook,Stationery,1,25.37,0,25.37,0.0,25.37,Bank Transfer,Store,2026,8,August,20,Thursday,False,25.37,25.37
TXN-0035925,2026-08-20,DXB-003,Dubai,CUST-05076,P009,Backpack,Accessories,3,214.05,10,642.15,64.22,577.93,Bank Transfer,Store,2026,8,August,20,Thursday,False,577.93,192.64
TXN-0035957,2026-08-20,DXB-005,Dubai,CUST-05958,P009,Backpack,Accessories,3,201.86,0,605.58,0.0,605.58,Cash,Store,2026,8,August,20,Thursday,False,605.58,201.86
TXN-0035999,2026-08-20,DXB-001,Dubai,CUST-04177,P005,Keyboard,Accessories,3,191.56,15,574.68,86.2,488.48,Card,Online,2026,8,August,20,Thursday,False,488.48,162.83
TXN-0036003,2026-08-20,DXB-005,Dubai,CUST-07802,P001,Laptop,Electronics,2,2605.49,0,5210.98,0.0,5210.98,Apple Pay,Store,2026,8,August,20,Thursday,False,5210.98,2605.49
TXN-0036008,2026-08-20,DXB-001,Dubai,CUST-01456,P004,Monitor,Electronics,3,972.1,5,2916.3,145.82,2770.48,Cash,Online,2026,8,August,20,Thursday,False,2770.48,923.49
TXN-0036087,2026-08-20,DXB-002,Dubai,CUST-06981,P012,Pen Pack,Stationery,1,15.06,0,15.06,0.0,15.06,Card,Online,2026,8,August,20,Thursday,False,15.06,15.06
TXN-0036146,2026-08-20,DXB-001,Dubai,CUST-06686,P009,Backpack,Accessories,3,216.93,15,650.79,97.62,553.17,Bank Transfer,Store,2026,8,August,20,Thursday,False,553.17,184.39
TXN-0036223,2026-08-20,DXB-002,Dubai,CUST-03911,P004,Monitor,Electronics,1,891.2,0,891.2,0.0,891.2,Card,Store,2026,8,August,20,Thursday,False,891.2,891.2
TXN-0036238,2026-08-20,DXB-004,Dubai,CUST-01563,P009,Backpack,Accessories,1,209.85,15,209.85,31.48,178.37,Card,Online,2026,8,August,20,Thursday,False,178.37,178.37
TXN-0036268,2026-08-20,DXB-004,Dubai,CUST-05069,P012,Pen Pack,Stationery,1,14.38,10,14.38,1.44,12.94,Apple Pay,Store,2026,8,August,20,Thursday,False,12.94,12.94
TXN-0036273,2026-08-20,DXB-005,Dubai,CUST-07108,P006,Mouse,Accessories,2,115.1,5,230.2,11.51,218.69,Cash,Online,2026,8,August,20,Thursday,False,218.69,109.34
TXN-0036319,2026-08-20,DXB-005,Dubai,CUST-04670,P004,Monitor,Electronics,1,1008.5,0,1008.5,0.0,1008.5,Apple Pay,Store,2026,8,August,20,Thursday,False,1008.5,1008.5
TXN-0036374,2026-08-20,DXB-005,Dubai,CUST-02051,P014,Power Bank,Electronics,1,158.04,15,158.04,23.71,134.33,Apple Pay,Store,2026,8,August,20,Thursday,False,134.33,134.33
TXN-0036412,2026-08-20,DXB-002,Dubai,CUST-00303,P002,Smartphone,Electronics,3,2075.39,0,6226.17,0.0,6226.17,Apple Pay,Online,2026,8,August,20,Thursday,False,6226.17,2075.39
TXN-0036456,2026-08-20,DXB-002,Dubai,CUST-06742,P006,Mouse,Accessories,1,95.66,0,95.66,0.0,95.66,Apple Pay,Store,2026,8,August,20,Thursday,False,95.66,95.66
TXN-0036537,2026-08-20,DXB-004,Dubai,CUST-04992,P007,Office Chair,Furniture,5,627.07,0,3135.35,0.0,3135.35,Cash,Online,2026,8,August,20,Thursday,False,3135.35,627.07
TXN-0036565,2026-08-20,DXB-001,Dubai,CUST-06033,P009,Backpack,Accessories,1,217.75,10,217.75,21.78,195.97,Apple Pay,Store,2026,8,August,20,Thursday,False,195.97,195.97
TXN-0036581,2026-08-20,DXB-003,Dubai,CUST-06601,P013,USB Drive,Accessories,1,45.3,0,45.3,0.0,45.3,Cash,Store,2026,8,August,20,Thursday,False,45.3,45.3
TXN-0036609,2026-08-20,DXB-004,Dubai,CUST-02005,P012,Pen Pack,Stationery,3,15.54,0,46.62,0.0,46.62,Card,Store,2026,8,August,20,Thursday,False,46.62,15.54
TXN-0036650,2026-08-20,DXB-002,Dubai,CUST-05366,P006,Mouse,Accessories,1,109.16,5,109.16,5.46,103.7,Card,Store,2026,8,August,20,Thursday,False,103.7,103.7
TXN-0036682,2026-08-20,DXB-004,Dubai,CUST-04729,P001,Laptop,Electronics,1,2471.54,5,2471.54,123.58,2347.96,Cash,Store,2026,8,August,20,Thursday,False,2347.96,2347.96
TXN-0036721,2026-08-20,DXB-004,Dubai,CUST-03012,P003,Headphones,Electronics,3,357.06,5,1071.18,53.56,1017.62,Card,Online,2026,8,August,20,Thursday,False,1017.62,339.21
TXN-0036735,2026-08-20,DXB-001,Dubai,CUST-00512,P008,Desk,Furniture,1,751.34,10,751.34,75.13,676.21,Apple Pay,Store,2026,8,August,20,Thursday,False,676.21,676.21
TXN-0036823,2026-08-20,DXB-002,Dubai,CUST-02523,P015,Tablet,Electronics,2,1297.86,10,2595.72,259.57,2336.15,Card,Store,2026,8,August,20,Thursday,False,2336.15,1168.08
TXN-0036837,2026-08-20,DXB-001,Dubai,CUST-00733,P006,Mouse,Accessories,2,101.44,0,202.88,0.0,202.88,Cash,Store,2026,8,August,20,Thursday,False,202.88,101.44
TXN-0036847,2026-08-20,DXB-004,Dubai,CUST-02965,P001,Laptop,Electronics,6,2498.68,5,14992.08,749.6,14242.48,Bank Transfer,Store,2026,8,August,20,Thursday,False,14242.48,2373.75
TXN-0036859,2026-08-20,DXB-004,Dubai,CUST-07879,P009,Backpack,Accessories,1,216.12,5,216.12,10.81,205.31,Card,Online,2026,8,August,20,Thursday,False,205.31,205.31
TXN-0036964,2026-08-20,DXB-002,Dubai,CUST-07423,P002,Smartphone,Electronics,1,1677.83,10,1677.83,167.78,1510.05,Card,Store,2026,8,August,20,Thursday,False,1510.05,1510.05
TXN-0037002,2026-08-20,DXB-003,Dubai,CUST-05285,P010,Printer,Office,2,709.6,10,1419.2,141.92,1277.28,Card,Store,2026,8,August,20,Thursday,False,1277.28,638.64
TXN-0037200,2026-08-20,DXB-005,Dubai,CUST-01239,P015,Tablet,Electronics,2,1208.54,15,2417.08,362.56,2054.52,Card,Online,2026,8,August,20,Thursday,False,2054.52,1027.26
TXN-0037281,2026-08-20,DXB-003,Dubai,CUST-01507,P002,Smartphone,Electronics,2,1874.04,0,3748.08,0.0,3748.08,Card,Store,2026,8,August,20,Thursday,False,3748.08,1874.04
TXN-0037291,2026-08-20,DXB-001,Dubai,CUST-03549,P001,Laptop,Electronics,1,2744.3,20,2744.3,548.86,2195.44,Card,Store,2026,8,August,20,Thursday,False,2195.44,2195.44
TXN-0037318,2026-08-20,DXB-002,Dubai,CUST-04336,P010,Printer,Office,1,591.22,0,591.22,0.0,591.22,Bank Transfer,Store,2026,8,August,20,Thursday,False,591.22,591.22
TXN-0037330,2026-08-20,DXB-002,Dubai,CUST-06854,P013,USB Drive,Accessories,1,44.38,0,44.38,0.0,44.38,Cash,Store,2026,8,August,20,Thursday,False,44.38,44.38
TXN-0037398,2026-08-20,DXB-005,Dubai,CUST-03206,P007,Office Chair,Furniture,2,577.7,0,1155.4,0.0,1155.4,Cash,Online,2026,8,August,20,Thursday,False,1155.4,577.7
TXN-0037443,2026-08-20,DXB-003,Dubai,CUST-07432,P010,Printer,Office,1,655.86,20,655.86,131.17,524.69,Card,Store,2026,8,August,20,Thursday,False,524.69,524.69
TXN-0037500,2026-08-20,DXB-001,Dubai,CUST-03109,P007,Office Chair,Furniture,1,689.66,5,689.66,34.48,655.18,Apple Pay,Store,2026,8,August,20,Thursday,False,655.18,655.18
TXN-0037596,2026-08-20,DXB-005,Dubai,CUST-00813,P015,Tablet,Electronics,4,1220.27,10,4881.08,488.11,4392.97,Card,Store,2026,8,August,20,Thursday,False,4392.97,1098.24
TXN-0037608,2026-08-20,DXB-001,Dubai,CUST-02656,P012,Pen Pack,Stationery,1,15.32,0,15.32,0.0,15.32,Apple Pay,Store,2026,8,August,20,Thursday,False,15.32,15.32
TXN-0037785,2026-08-20,DXB-003,Dubai,CUST-00659,P005,Keyboard,Accessories,1,180.32,5,180.32,9.02,171.3,Apple Pay,Online,2026,8,August,20,Thursday,False,171.3,171.3
TXN-0037817,2026-08-20,DXB-003,Dubai,CUST-04374,P013,USB Drive,Accessories,1,45.27,10,45.27,4.53,40.74,Apple Pay,Online,2026,8,August,20,Thursday,False,40.74,40.74
TXN-0037834,2026-08-20,DXB-002,Dubai,CUST-01117,P015,Tablet,Electronics,3,1208.43,5,3625.29,181.26,3444.03,Card,Online,2026,8,August,20,Thursday,False,3444.03,1148.01
TXN-0037860,2026-08-20,DXB-002,Dubai,CUST-04197,P012,Pen Pack,Stationery,1,15.31,10,15.31,1.53,13.78,Card,Store,2026,8,August,20,Thursday,False,13.78,13.78
TXN-0037875,2026-08-20,DXB-001,Dubai,CUST-04801,P003,Headphones,Electronics,2,332.03,0,664.06,0.0,664.06,Card,Store,2026,8,August,20,Thursday,False,664.06,332.03
TXN-0037905,2026-08-20,DXB-003,Dubai,CUST-03808,P010,Printer,Office,6,690.67,10,4144.02,414.4,3729.62,Apple Pay,Store,2026,8,August,20,Thursday,False,3729.62,621.6
TXN-0038079,2026-08-20,DXB-005,Dubai,CUST-03311,P010,Printer,Office,1,753.37,15,753.37,113.01,640.36,Card,Store,2026,8,August,20,Thursday,False,640.36,640.36
TXN-0038224,2026-08-20,DXB-002,Dubai,CUST-04381,P008,Desk,Furniture,2,716.97,5,1433.94,71.7,1362.24,Cash,Store,2026,8,August,20,Thursday,False,1362.24,681.12
TXN-0038233,2026-08-20,DXB-005,Dubai,CUST-04895,P014,Power Bank,Electronics,4,156.57,0,626.28,0.0,626.28,Apple Pay,Store,2026,8,August,20,Thursday,False,626.28,156.57
TXN-0038291,2026-08-20,DXB-002,Dubai,CUST-00703,P003,Headphones,Electronics,1,342.42,5,342.42,17.12,325.3,Apple Pay,Store,2026,8,August,20,Thursday,False,325.3,325.3
TXN-0038298,2026-08-20,DXB-001,Dubai,CUST-04884,P006,Mouse,Accessories,1,102.39,5,102.39,5.12,97.27,Apple Pay,Online,2026,8,August,20,Thursday,False,97.27,97.27
TXN-0038302,2026-08-20,DXB-001,Dubai,CUST-05593,P010,Printer,Office,2,691.62,0,1383.24,0.0,1383.24,Card,Store,2026,8,August,20,Thursday,False,1383.24,691.62
TXN-0038373,2026-08-20,DXB-001,Dubai,CUST-05081,P013,USB Drive,Accessories,1,48.21,10,48.21,4.82,43.39,Apple Pay,Online,2026,8,August,20,Thursday,False,43.39,43.39
TXN-0038456,2026-08-20,DXB-001,Dubai,CUST-00473,P009,Backpack,Accessories,1,224.48,0,224.48,0.0,224.48,Card,Store,2026,8,August,20,Thursday,False,224.48,224.48
TXN-0038563,2026-08-20,DXB-002,Dubai,CUST-00359,P001,Laptop,Electronics,2,2915.55,10,5831.1,583.11,5247.99,Card,Store,2026,8,August,20,Thursday,False,5247.99,2624.0
TXN-0038631,2026-08-20,DXB-001,Dubai,CUST-01558,P003,Headphones,Electronics,1,337.1,0,337.1,0.0,337.1,Card,Store,2026,8,August,20,Thursday,False,337.1,337.1
TXN-0038648,2026-08-20,DXB-005,Dubai,CUST-04459,P013,USB Drive,Accessories,1,46.27,10,46.27,4.63,41.64,Apple Pay,Store,2026,8,August,20,Thursday,False,41.64,41.64
TXN-0038841,2026-08-20,DXB-003,Dubai,CUST-05937,P003,Headphones,Electronics,6,368.7,15,2212.2,331.83,1880.37,Card,Online,2026,8,August,20,Thursday,False,1880.37,313.4
TXN-0038879,2026-08-20,DXB-002,Dubai,CUST-00600,P002,Smartphone,Electronics,1,1754.71,5,1754.71,87.74,1666.97,Cash,Store,2026,8,August,20,Thursday,False,1666.97,1666.97
TXN-0039045,2026-08-20,DXB-002,Dubai,CUST-07668,P005,Keyboard,Accessories,1,174.81,10,174.81,17.48,157.33,Cash,Online,2026,8,August,20,Thursday,False,157.33,157.33
TXN-0039079,2026-08-20,DXB-001,Dubai,CUST-05347,P010,Printer,Office,2,710.91,5,1421.82,71.09,1350.73,Cash,Store,2026,8,August,20,Thursday,False,1350.73,675.36
TXN-0039181,2026-08-20,DXB-002,Dubai,CUST-01503,P010,Printer,Office,3,717.18,10,2151.54,215.15,1936.39,Apple Pay,Store,2026,8,August,20,Thursday,False,1936.39,645.46
TXN-0039289,2026-08-20,DXB-003,Dubai,CUST-01610,P014,Power Bank,Electronics,1,157.46,20,157.46,31.49,125.97,Cash,Online,2026,8,August,20,Thursday,False,125.97,125.97
TXN-0039422,2026-08-20,DXB-002,Dubai,CUST-01356,P015,Tablet,Electronics,5,1189.62,0,5948.1,0.0,5948.1,Cash,Store,2026,8,August,20,Thursday,False,5948.1,1189.62
TXN-0039455,2026-08-20,DXB-005,Dubai,CUST-02124,P013,USB Drive,Accessories,1,44.89,5,44.89,2.24,42.65,Apple Pay,Store,2026,8,August,20,Thursday,False,42.65,42.65
TXN-0039519,2026-08-20,DXB-003,Dubai,CUST-04410,P005,Keyboard,Accessories,2,190.63,10,381.26,38.13,343.13,Apple Pay,Store,2026,8,August,20,Thursday,False,343.13,171.56
TXN-0039543,2026-08-20,DXB-001,Dubai,CUST-00364,P007,Office Chair,Furniture,1,603.59,15,603.59,90.54,513.05,Cash,Store,2026,8,August,20,Thursday,False,513.05,513.05
TXN-0039692,2026-08-20,DXB-004,Dubai,CUST-01910,P004,Monitor,Electronics,1,920.64,15,920.64,138.1,782.54,Card,Store,2026,8,August,20,Thursday,False,782.54,782.54
TXN-0039787,2026-08-20,DXB-001,Dubai,CUST-04508,P004,Monitor,Electronics,4,943.71,10,3774.84,377.48,3397.36,Card,Store,2026,8,August,20,Thursday,False,3397.36,849.34
TXN-0039878,2026-08-20,DXB-001,Dubai,CUST-06249,P014,Power Bank,Electronics,1,153.55,0,153.55,0.0,153.55,Card,Store,2026,8,August,20,Thursday,False,153.55,153.55
TXN-0039915,2026-08-20,DXB-002,Dubai,CUST-04712,P002,Smartphone,Electronics,4,1927.0,5,7708.0,385.4,7322.6,Card,Online,2026,8,August,20,Thursday,False,7322.6,1830.65
TXN-0039952,2026-08-20,DXB-001,Dubai,CUST-02838,P004,Monitor,Electronics,1,955.58,0,955.58,0.0,955.58,Cash,Store,2026,8,August,20,Thursday,False,955.58,955.58
TXN-0040026,2026-08-20,DXB-001,Dubai,CUST-05873,P009,Backpack,Accessories,1,217.86,0,217.86,0.0,217.86,Card,Store,2026,8,August,20,Thursday,False,217.86,217.86
TXN-0040043,2026-08-20,DXB-001,Dubai,CUST-06220,P011,Notebook,Stationery,1,25.94,0,25.94,0.0,25.94,Cash,Online,2026,8,August,20,Thursday,False,25.94,25.94
TXN-0040076,2026-08-20,DXB-003,Dubai,CUST-02009,P011,Notebook,Stationery,1,24.37,5,24.37,1.22,23.15,Cash,Online,2026,8,August,20,Thursday,False,23.15,23.15
TXN-0040090,2026-08-20,DXB-004,Dubai,CUST-07555,P015,Tablet,Electronics,1,1372.43,0,1372.43,0.0,1372.43,Cash,Store,2026,8,August,20,Thursday,False,1372.43,1372.43
TXN-0040139,2026-08-20,DXB-004,Dubai,CUST-00856,P014,Power Bank,Electronics,1,156.27,15,156.27,23.44,132.83,Apple Pay,Store,2026,8,August,20,Thursday,False,132.83,132.83
TXN-0040171,2026-08-20,DXB-002,Dubai,CUST-03302,P011,Notebook,Stationery,1,24.16,5,24.16,1.21,22.95,Card,Online,2026,8,August,20,Thursday,False,22.95,22.95
TXN-0040200,2026-08-20,DXB-004,Dubai,CUST-07595,P003,Headphones,Electronics,1,370.35,0,370.35,0.0,370.35,Card,Store,2026,8,August,20,Thursday,False,370.35,370.35
TXN-0040224,2026-08-20,DXB-002,Dubai,CUST-04490,P003,Headphones,Electronics,1,333.61,10,333.61,33.36,300.25,Card,Online,2026,8,August,20,Thursday,False,300.25,300.25
TXN-0040226,2026-08-20,DXB-001,Dubai,CUST-01002,P012,Pen Pack,Stationery,4,15.93,5,63.72,3.19,60.53,Cash,Store,2026,8,August,20,Thursday,False,60.53,15.13
TXN-0040239,2026-08-20,DXB-002,Dubai,CUST-06368,P008,Desk,Furniture,1,818.86,5,818.86,40.94,777.92,Apple Pay,Store,2026,8,August,20,Thursday,False,777.92,777.92
TXN-0040262,2026-08-20,DXB-002,Dubai,CUST-02650,P002,Smartphone,Electronics,1,1938.19,10,1938.19,193.82,1744.37,Card,Store,2026,8,August,20,Thursday,False,1744.37,1744.37
TXN-0040293,2026-08-20,DXB-002,Dubai,CUST-04876,P005,Keyboard,Accessories,2,159.37,0,318.74,0.0,318.74,Apple Pay,Store,2026,8,August,20,Thursday,False,318.74,159.37
TXN-0040321,2026-08-20,DXB-002,Dubai,CUST-00173,P005,Keyboard,Accessories,4,184.05,0,736.2,0.0,736.2,Apple Pay,Online,2026,8,August,20,Thursday,False,736.2,184.05
TXN-0040322,2026-08-20,DXB-005,Dubai,CUST-06333,P015,Tablet,Electronics,2,1264.86,0,2529.72,0.0,2529.72,Cash,Online,2026,8,August,20,Thursday,False,2529.72,1264.86
TXN-0040397,2026-08-20,DXB-001,Dubai,CUST-06697,P011,Notebook,Stationery,1,24.3,10,24.3,2.43,21.87,Card,Online,2026,8,August,20,Thursday,False,21.87,21.87
TXN-0040475,2026-08-20,DXB-001,Dubai,CUST-02804,P014,Power Bank,Electronics,1,153.08,5,153.08,7.65,145.43,Bank Transfer,Online,2026,8,August,20,Thursday,False,145.43,145.43
TXN-0040581,2026-08-20,DXB-004,Dubai,CUST-07156,P012,Pen Pack,Stationery,2,15.55,5,31.1,1.56,29.54,Card,Store,2026,8,August,20,Thursday,False,29.54,14.77
TXN-0040669,2026-08-20,DXB-001,Dubai,CUST-01657,P011,Notebook,Stationery,1,25.03,0,25.03,0.0,25.03,Bank Transfer,Store,2026,8,August,20,Thursday,False,25.03,25.03
TXN-0040737,2026-08-20,DXB-004,Dubai,CUST-01015,P010,Printer,Office,3,696.46,10,2089.38,208.94,1880.44,Card,Online,2026,8,August,20,Thursday,False,1880.44,626.81
TXN-0040900,2026-08-20,DXB-005,Dubai,CUST-07714,P012,Pen Pack,Stationery,1,15.71,10,15.71,1.57,14.14,Cash,Store,2026,8,August,20,Thursday,False,14.14,14.14
TXN-0040908,2026-08-20,DXB-004,Dubai,CUST-07002,P008,Desk,Furniture,1,718.04,5,718.04,35.9,682.14,Apple Pay,Online,2026,8,August,20,Thursday,False,682.14,682.14
TXN-0040985,2026-08-20,DXB-003,Dubai,CUST-03750,P013,USB Drive,Accessories,1,45.46,10,45.46,4.55,40.91,Card,Store,2026,8,August,20,Thursday,False,40.91,40.91
TXN-0040986,2026-08-20,DXB-002,Dubai,CUST-02718,P008,Desk,Furniture,1,659.63,10,659.63,65.96,593.67,Card,Online,2026,8,August,20,Thursday,False,593.67,593.67
TXN-0041073,2026-08-20,DXB-001,Dubai,CUST-04943,P009,Backpack,Accessories,2,244.57,0,489.14,0.0,489.14,Apple Pay,Store,2026,8,August,20,Thursday,False,489.14,244.57
TXN-0041150,2026-08-20,DXB-002,Dubai,CUST-03682,P010,Printer,Office,2,678.73,15,1357.46,203.62,1153.84,Bank Transfer,Store,2026,8,August,20,Thursday,False,1153.84,576.92
TXN-0041183,2026-08-20,DXB-005,Dubai,CUST-01786,P012,Pen Pack,Stationery,2,13.77,0,27.54,0.0,27.54,Card,Store,2026,8,August,20,Thursday,False,27.54,13.77
TXN-0041184,2026-08-20,DXB-004,Dubai,CUST-03610,P006,Mouse,Accessories,2,109.13,5,218.26,10.91,207.35,Card,Store,2026,8,August,20,Thursday,False,207.35,103.68
TXN-0041233,2026-08-20,DXB-003,Dubai,CUST-07344,P004,Monitor,Electronics,1,944.57,0,944.57,0.0,944.57,Cash,Store,2026,8,August,20,Thursday,False,944.57,944.57
TXN-0041265,2026-08-20,DXB-005,Dubai,CUST-02712,P007,Office Chair,Furniture,1,711.33,0,711.33,0.0,711.33,Bank Transfer,Store,2026,8,August,20,Thursday,False,711.33,711.33
TXN-0041303,2026-08-20,DXB-001,Dubai,CUST-03327,P006,Mouse,Accessories,1,96.01,0,96.01,0.0,96.01,Card,Store,2026,8,August,20,Thursday,False,96.01,96.01
TXN-0041304,2026-08-20,DXB-005,Dubai,CUST-05866,P009,Backpack,Accessories,2,215.31,0,430.62,0.0,430.62,Card,Store,2026,8,August,20,Thursday,False,430.62,215.31
TXN-0041413,2026-08-20,DXB-001,Dubai,CUST-02013,P002,Smartphone,Electronics,2,1770.08,5,3540.16,177.01,3363.15,Cash,Store,2026,8,August,20,Thursday,False,3363.15,1681.58
TXN-0041419,2026-08-20,DXB-001,Dubai,CUST-00519,P014,Power Bank,Electronics,1,159.71,10,159.71,15.97,143.74,Cash,Store,2026,8,August,20,Thursday,False,143.74,143.74
TXN-0041456,2026-08-20,DXB-001,Dubai,CUST-02689,P005,Keyboard,Accessories,2,187.24,0,374.48,0.0,374.48,Card,Store,2026,8,August,20,Thursday,False,374.48,187.24
TXN-0041471,2026-08-20,DXB-003,Dubai,CUST-04887,P011,Notebook,Stationery,1,25.82,0,25.82,0.0,25.82,Apple Pay,Store,2026,8,August,20,Thursday,False,25.82,25.82
TXN-0041477,2026-08-20,DXB-001,Dubai,CUST-04493,P010,Printer,Office,4,628.96,10,2515.84,251.58,2264.26,Card,Store,2026,8,August,20,Thursday,False,2264.26,566.07
TXN-0041491,2026-08-20,DXB-003,Dubai,CUST-04844,P010,Printer,Office,1,749.76,20,749.76,149.95,599.81,Card,Online,2026,8,August,20,Thursday,False,599.81,599.81
TXN-0041592,2026-08-20,DXB-002,Dubai,CUST-06708,P011,Notebook,Stationery,1,23.82,10,23.82,2.38,21.44,Cash,Store,2026,8,August,20,Thursday,False,21.44,21.44
TXN-0041658,2026-08-20,DXB-001,Dubai,CUST-07266,P010,Printer,Office,1,662.33,15,662.33,99.35,562.98,Apple Pay,Store,2026,8,August,20,Thursday,False,562.98,562.98
TXN-0041662,2026-08-20,DXB-001,Dubai,CUST-05274,P007,Office Chair,Furniture,2,671.72,15,1343.44,201.52,1141.92,Card,Store,2026,8,August,20,Thursday,False,1141.92,570.96
TXN-0041715,2026-08-20,DXB-001,Dubai,CUST-06200,P003,Headphones,Electronics,2,340.48,10,680.96,68.1,612.86,Card,Online,2026,8,August,20,Thursday,False,612.86,306.43
TXN-0041778,2026-08-20,DXB-003,Dubai,CUST-07337,P010,Printer,Office,1,829.17,0,829.17,0.0,829.17,Card,Store,2026,8,August,20,Thursday,False,829.17,829.17
TXN-0041793,2026-08-20,DXB-004,Dubai,CUST-01897,P013,USB Drive,Accessories,2,43.08,0,86.16,0.0,86.16,Apple Pay,Online,2026,8,August,20,Thursday,False,86.16,43.08
TXN-0041851,2026-08-20,DXB-001,Dubai,CUST-05080,P010,Printer,Office,1,688.36,20,688.36,137.67,550.69,Apple Pay,Online,2026,8,August,20,Thursday,False,550.69,550.69
TXN-0041871,2026-08-20,DXB-004,Dubai,CUST-05970,P004,Monitor,Electronics,1,829.98,15,829.98,124.5,705.48,Card,Online,2026,8,August,20,Thursday,False,705.48,705.48
TXN-0042002,2026-08-20,DXB-003,Dubai,CUST-00940,P015,Tablet,Electronics,2,1160.36,0,2320.72,0.0,2320.72,Card,Online,2026,8,August,20,Thursday,False,2320.72,1160.36
TXN-0042112,2026-08-20,DXB-002,Dubai,CUST-00092,P006,Mouse,Accessories,3,90.09,0,270.27,0.0,270.27,Card,Online,2026,8,August,20,Thursday,False,270.27,90.09
TXN-0042130,2026-08-20,DXB-004,Dubai,CUST-00657,P007,Office Chair,Furniture,1,629.6,0,629.6,0.0,629.6,Card,Store,2026,8,August,20,Thursday,False,629.6,629.6
TXN-0042167,2026-08-20,DXB-003,Dubai,CUST-06354,P002,Smartphone,Electronics,1,1815.8,15,1815.8,272.37,1543.43,Card,Online,2026,8,August,20,Thursday,False,1543.43,1543.43
TXN-0042253,2026-08-20,DXB-001,Dubai,CUST-07674,P002,Smartphone,Electronics,6,1822.24,0,10933.44,0.0,10933.44,Card,Store,2026,8,August,20,Thursday,False,10933.44,1822.24
TXN-0042261,2026-08-20,DXB-003,Dubai,CUST-00828,P004,Monitor,Electronics,1,854.01,5,854.01,42.7,811.31,Card,Online,2026,8,August,20,Thursday,False,811.31,811.31
TXN-0042285,2026-08-20,DXB-004,Dubai,CUST-04494,P014,Power Bank,Electronics,1,135.23,0,135.23,0.0,135.23,Card,Online,2026,8,August,20,Thursday,False,135.23,135.23
TXN-0042296,2026-08-20,DXB-002,Dubai,CUST-01418,P007,Office Chair,Furniture,2,651.72,10,1303.44,130.34,1173.1,Card,Store,2026,8,August,20,Thursday,False,1173.1,586.55
TXN-0042397,2026-08-20,DXB-005,Dubai,CUST-00276,P013,USB Drive,Accessories,1,45.64,10,45.64,4.56,41.08,Card,Store,2026,8,August,20,Thursday,False,41.08,41.08
TXN-0042474,2026-08-20,DXB-003,Dubai,CUST-07591,P003,Headphones,Electronics,1,344.01,5,344.01,17.2,326.81,Card,Online,2026,8,August,20,Thursday,False,326.81,326.81
TXN-0042599,2026-08-20,DXB-001,Dubai,CUST-07863,P009,Backpack,Accessories,1,215.76,10,215.76,21.58,194.18,Cash,Store,2026,8,August,20,Thursday,False,194.18,194.18
TXN-0042619,2026-08-20,DXB-004,Dubai,CUST-02204,P004,Monitor,Electronics,2,855.19,10,1710.38,171.04,1539.34,Apple Pay,Online,2026,8,August,20,Thursday,False,1539.34,769.67
TXN-0042725,2026-08-20,DXB-002,Dubai,CUST-01764,P002,Smartphone,Electronics,3,1543.18,0,4629.54,0.0,4629.54,Apple Pay,Online,2026,8,August,20,Thursday,False,4629.54,1543.18
TXN-0042731,2026-08-20,DXB-002,Dubai,CUST-00630,P008,Desk,Furniture,5,863.56,0,4317.8,0.0,4317.8,Card,Store,2026,8,August,20,Thursday,False,4317.8,863.56
TXN-0042789,2026-08-20,DXB-003,Dubai,CUST-00407,P005,Keyboard,Accessories,1,176.46,0,176.46,0.0,176.46,Card,Store,2026,8,August,20,Thursday,False,176.46,176.46
TXN-0042839,2026-08-20,DXB-002,Dubai,CUST-00903,P005,Keyboard,Accessories,1,185.81,15,185.81,27.87,157.94,Apple Pay,Online,2026,8,August,20,Thursday,False,157.94,157.94
TXN-0042857,2026-08-20,DXB-001,Dubai,CUST-06485,P010,Printer,Office,2,680.59,10,1361.18,136.12,1225.06,Cash,Store,2026,8,August,20,Thursday,False,1225.06,612.53
TXN-0042903,2026-08-20,DXB-003,Dubai,CUST-07280,P013,USB Drive,Accessories,1,43.87,0,43.87,0.0,43.87,Cash,Store,2026,8,August,20,Thursday,False,43.87,43.87
TXN-0042926,2026-08-20,DXB-003,Dubai,CUST-05279,P015,Tablet,Electronics,2,1248.47,0,2496.94,0.0,2496.94,Cash,Store,2026,8,August,20,Thursday,False,2496.94,1248.47
TXN-0042945,2026-08-20,DXB-004,Dubai,CUST-05376,P014,Power Bank,Electronics,1,144.67,10,144.67,14.47,130.2,Bank Transfer,Store,2026,8,August,20,Thursday,False,130.2,130.2
TXN-0043010,2026-08-20,DXB-005,Dubai,CUST-02207,P012,Pen Pack,Stationery,1,15.16,15,15.16,2.27,12.89,Card,Store,2026,8,August,20,Thursday,False,12.89,12.89
TXN-0043014,2026-08-20,DXB-004,Dubai,CUST-06720,P011,Notebook,Stationery,2,24.6,20,49.2,9.84,39.36,Card,Store,2026,8,August,20,Thursday,False,39.36,19.68
TXN-0043079,2026-08-20,DXB-002,Dubai,CUST-05484,P009,Backpack,Accessories,3,229.68,0,689.04,0.0,689.04,Card,Online,2026,8,August,20,Thursday,False,689.04,229.68
TXN-0043172,2026-08-20,DXB-001,Dubai,CUST-03667,P015,Tablet,Electronics,1,1244.86,15,1244.86,186.73,1058.13,Apple Pay,Online,2026,8,August,20,Thursday,False,1058.13,1058.13
TXN-0043177,2026-08-20,DXB-004,Dubai,CUST-02171,P011,Notebook,Stationery,1,27.18,0,27.18,0.0,27.18,Apple Pay,Online,2026,8,August,20,Thursday,False,27.18,27.18
TXN-0043181,2026-08-20,DXB-002,Dubai,CUST-07014,P010,Printer,Office,1,737.33,10,737.33,73.73,663.6,Card,Store,2026,8,August,20,Thursday,False,663.6,663.6
TXN-0043193,2026-08-20,DXB-001,Dubai,CUST-05462,P005,Keyboard,Accessories,2,173.57,5,347.14,17.36,329.78,Card,Store,2026,8,August,20,Thursday,False,329.78,164.89
TXN-0043202,2026-08-20,DXB-002,Dubai,CUST-02783,P011,Notebook,Stationery,2,24.61,5,49.22,2.46,46.76,Card,Online,2026,8,August,20,Thursday,False,46.76,23.38
TXN-0043208,2026-08-20,DXB-003,Dubai,CUST-03307,P006,Mouse,Accessories,1,102.31,0,102.31,0.0,102.31,Card,Store,2026,8,August,20,Thursday,False,102.31,102.31
TXN-0043213,2026-08-20,DXB-003,Dubai,CUST-05529,P004,Monitor,Electronics,3,858.2,10,2574.6,257.46,2317.14,Bank Transfer,Store,2026,8,August,20,Thursday,False,2317.14,772.38
TXN-0043279,2026-08-20,DXB-004,Dubai,CUST-02544,P012,Pen Pack,Stationery,3,12.09,5,36.27,1.81,34.46,Cash,Store,2026,8,August,20,Thursday,False,34.46,11.49
TXN-0043317,2026-08-20,DXB-002,Dubai,CUST-01059,P001,Laptop,Electronics,3,2916.67,10,8750.01,875.0,7875.01,Card,Online,2026,8,August,20,Thursday,False,7875.01,2625.0
TXN-0043342,2026-08-20,DXB-002,Dubai,CUST-05039,P012,Pen Pack,Stationery,2,14.33,5,28.66,1.43,27.23,Card,Store,2026,8,August,20,Thursday,False,27.23,13.62
TXN-0043534,2026-08-20,DXB-001,Dubai,CUST-04493,P008,Desk,Furniture,1,748.66,0,748.66,0.0,748.66,Card,Online,2026,8,August,20,Thursday,False,748.66,748.66
TXN-0043699,2026-08-20,DXB-003,Dubai,CUST-01776,P008,Desk,Furniture,3,783.64,0,2350.92,0.0,2350.92,Cash,Online,2026,8,August,20,Thursday,False,2350.92,783.64
TXN-0043705,2026-08-20,DXB-002,Dubai,CUST-00604,P015,Tablet,Electronics,1,1207.59,15,1207.59,181.14,1026.45,Cash,Store,2026,8,August,20,Thursday,False,1026.45,1026.45
TXN-0043726,2026-08-20,DXB-002,Dubai,CUST-07610,P004,Monitor,Electronics,1,869.8,0,869.8,0.0,869.8,Cash,Online,2026,8,August,20,Thursday,False,869.8,869.8
TXN-0043746,2026-08-20,DXB-004,Dubai,CUST-07789,P008,Desk,Furniture,3,872.18,5,2616.54,130.83,2485.71,Card,Store,2026,8,August,20,Thursday,False,2485.71,828.57
TXN-0043761,2026-08-20,DXB-003,Dubai,CUST-07526,P001,Laptop,Electronics,2,2755.54,10,5511.08,551.11,4959.97,Cash,Store,2026,8,August,20,Thursday,False,4959.97,2479.98
TXN-0043801,2026-08-20,DXB-001,Dubai,CUST-05990,P015,Tablet,Electronics,1,1100.35,5,1100.35,55.02,1045.33,Card,Store,2026,8,August,20,Thursday,False,1045.33,1045.33
TXN-0043854,2026-08-20,DXB-001,Dubai,CUST-03913,P003,Headphones,Electronics,2,366.71,5,733.42,36.67,696.75,Card,Store,2026,8,August,20,Thursday,False,696.75,348.38
TXN-0044054,2026-08-20,DXB-003,Dubai,CUST-01476,P002,Smartphone,Electronics,1,1862.89,15,1862.89,279.43,1583.46,Card,Store,2026,8,August,20,Thursday,False,1583.46,1583.46
TXN-0044064,2026-08-20,DXB-004,Dubai,CUST-03111,P009,Backpack,Accessories,1,217.72,15,217.72,32.66,185.06,Apple Pay,Store,2026,8,August,20,Thursday,False,185.06,185.06
TXN-0044297,2026-08-20,DXB-003,Dubai,CUST-07347,P002,Smartphone,Electronics,1,1907.69,5,1907.69,95.38,1812.31,Card,Store,2026,8,August,20,Thursday,False,1812.31,1812.31
TXN-0044305,2026-08-20,DXB-002,Dubai,CUST-06420,P013,USB Drive,Accessories,1,44.91,0,44.91,0.0,44.91,Cash,Store,2026,8,August,20,Thursday,False,44.91,44.91
TXN-0044340,2026-08-20,DXB-002,Dubai,CUST-00159,P010,Printer,Office,1,725.22,10,725.22,72.52,652.7,Apple Pay,Store,2026,8,August,20,Thursday,False,652.7,652.7
TXN-0044459,2026-08-20,DXB-001,Dubai,CUST-00546,P005,Keyboard,Accessories,1,181.47,10,181.47,18.15,163.32,Apple Pay,Store,2026,8,August,20,Thursday,False,163.32,163.32
TXN-0044570,2026-08-20,DXB-002,Dubai,CUST-04096,P005,Keyboard,Accessories,2,178.69,0,357.38,0.0,357.38,Bank Transfer,Online,2026,8,August,20,Thursday,False,357.38,178.69
TXN-0044588,2026-08-20,DXB-003,Dubai,CUST-03949,P009,Backpack,Accessories,2,219.46,15,438.92,65.84,373.08,Bank Transfer,Store,2026,8,August,20,Thursday,False,373.08,186.54
TXN-0044649,2026-08-20,DXB-004,Dubai,CUST-02745,P001,Laptop,Electronics,3,2637.7,15,7913.1,1186.96,6726.14,Bank Transfer,Store,2026,8,August,20,Thursday,False,6726.14,2242.05
TXN-0044659,2026-08-20,DXB-003,Dubai,CUST-05257,P003,Headphones,Electronics,4,337.26,5,1349.04,67.45,1281.59,Cash,Online,2026,8,August,20,Thursday,False,1281.59,320.4
TXN-0044674,2026-08-20,DXB-004,Dubai,CUST-01963,P008,Desk,Furniture,1,788.72,0,788.72,0.0,788.72,Card,Store,2026,8,August,20,Thursday,False,788.72,788.72
TXN-0044699,2026-08-20,DXB-002,Dubai,CUST-06130,P011,Notebook,Stationery,1,25.46,15,25.46,3.82,21.64,Card,Store,2026,8,August,20,Thursday,False,21.64,21.64
TXN-0044735,2026-08-20,DXB-001,Dubai,CUST-03034,P012,Pen Pack,Stationery,2,15.92,0,31.84,0.0,31.84,Card,Store,2026,8,August,20,Thursday,False,31.84,15.92
TXN-0044741,2026-08-20,DXB-002,Dubai,CUST-01438,P008,Desk,Furniture,2,773.96,5,1547.92,77.4,1470.52,Card,Online,2026,8,August,20,Thursday,False,1470.52,735.26
TXN-0044904,2026-08-20,DXB-003,Dubai,CUST-06449,P004,Monitor,Electronics,3,939.79,10,2819.37,281.94,2537.43,Card,Store,2026,8,August,20,Thursday,False,2537.43,845.81
TXN-0044905,2026-08-20,DXB-002,Dubai,CUST-04935,P015,Tablet,Electronics,3,1130.6,5,3391.8,169.59,3222.21,Apple Pay,Store,2026,8,August,20,Thursday,False,3222.21,1074.07
TXN-0045087,2026-08-20,DXB-001,Dubai,CUST-03654,P010,Printer,Office,1,619.27,0,619.27,0.0,619.27,Apple Pay,Online,2026,8,August,20,Thursday,False,619.27,619.27
TXN-0045140,2026-08-20,DXB-001,Dubai,CUST-01670,P008,Desk,Furniture,2,798.62,0,1597.24,0.0,1597.24,Card,Store,2026,8,August,20,Thursday,False,1597.24,798.62
TXN-0045148,2026-08-20,DXB-002,Dubai,CUST-04502,P006,Mouse,Accessories,1,92.13,0,92.13,0.0,92.13,Apple Pay,Online,2026,8,August,20,Thursday,False,92.13,92.13
TXN-0045178,2026-08-20,DXB-003,Dubai,CUST-04361,P002,Smartphone,Electronics,1,1962.55,5,1962.55,98.13,1864.42,Card,Store,2026,8,August,20,Thursday,False,1864.42,1864.42
TXN-0045243,2026-08-20,DXB-003,Dubai,CUST-06665,P003,Headphones,Electronics,1,348.26,15,348.26,52.24,296.02,Card,Store,2026,8,August,20,Thursday,False,296.02,296.02
TXN-0045354,2026-08-20,DXB-001,Dubai,CUST-04652,P005,Keyboard,Accessories,1,181.11,0,181.11,0.0,181.11,Bank Transfer,Online,2026,8,August,20,Thursday,False,181.11,181.11
TXN-0045514,2026-08-20,DXB-002,Dubai,CUST-04741,P008,Desk,Furniture,3,802.83,0,2408.49,0.0,2408.49,Bank Transfer,Online,2026,8,August,20,Thursday,False,2408.49,802.83
TXN-0045530,2026-08-20,DXB-003,Dubai,CUST-02297,P014,Power Bank,Electronics,1,144.93,0,144.93,0.0,144.93,Cash,Online,2026,8,August,20,Thursday,False,144.93,144.93
TXN-0045573,2026-08-20,DXB-001,Dubai,CUST-07579,P014,Power Bank,Electronics,3,166.8,10,500.4,50.04,450.36,Apple Pay,Store,2026,8,August,20,Thursday,False,450.36,150.12
TXN-0045609,2026-08-20,DXB-001,Dubai,CUST-03962,P013,USB Drive,Accessories,1,45.28,15,45.28,6.79,38.49,Cash,Online,2026,8,August,20,Thursday,False,38.49,38.49
TXN-0045650,2026-08-20,DXB-001,Dubai,CUST-03407,P013,USB Drive,Accessories,2,42.68,15,85.36,12.8,72.56,Card,Store,2026,8,August,20,Thursday,False,72.56,36.28
TXN-0045675,2026-08-20,DXB-003,Dubai,CUST-06548,P011,Notebook,Stationery,1,25.95,10,25.95,2.6,23.35,Cash,Store,2026,8,August,20,Thursday,False,23.35,23.35
TXN-0045766,2026-08-20,DXB-003,Dubai,CUST-04754,P001,Laptop,Electronics,6,2675.96,0,16055.76,0.0,16055.76,Card,Store,2026,8,August,20,Thursday,False,16055.76,2675.96
TXN-0045824,2026-08-20,DXB-004,Dubai,CUST-02951,P011,Notebook,Stationery,1,25.49,0,25.49,0.0,25.49,Apple Pay,Store,2026,8,August,20,Thursday,False,25.49,25.49
TXN-0045852,2026-08-20,DXB-003,Dubai,CUST-04985,P002,Smartphone,Electronics,1,1773.1,5,1773.1,88.66,1684.44,Apple Pay,Online,2026,8,August,20,Thursday,False,1684.44,1684.44
TXN-0045918,2026-08-20,DXB-002,Dubai,CUST-01464,P011,Notebook,Stationery,1,25.11,10,25.11,2.51,22.6,Cash,Store,2026,8,August,20,Thursday,False,22.6,22.6
TXN-0045919,2026-08-20,DXB-002,Dubai,CUST-02425,P005,Keyboard,Accessories,2,164.48,10,328.96,32.9,296.06,Cash,Store,2026,8,August,20,Thursday,False,296.06,148.03
TXN-0045930,2026-08-20,DXB-003,Dubai,CUST-06070,P003,Headphones,Electronics,1,357.73,10,357.73,35.77,321.96,Card,Online,2026,8,August,20,Thursday,False,321.96,321.96
TXN-0046016,2026-08-20,DXB-005,Dubai,CUST-05078,P014,Power Bank,Electronics,2,149.51,5,299.02,14.95,284.07,Apple Pay,Store,2026,8,August,20,Thursday,False,284.07,142.04
TXN-0046019,2026-08-20,DXB-001,Dubai,CUST-06690,P009,Backpack,Accessories,1,208.04,15,208.04,31.21,176.83,Card,Store,2026,8,August,20,Thursday,False,176.83,176.83
TXN-0046059,2026-08-20,DXB-002,Dubai,CUST-04398,P011,Notebook,Stationery,2,26.99,0,53.98,0.0,53.98,Apple Pay,Store,2026,8,August,20,Thursday,False,53.98,26.99
TXN-0046137,2026-08-20,DXB-003,Dubai,CUST-03963,P002,Smartphone,Electronics,2,1532.25,20,3064.5,612.9,2451.6,Card,Store,2026,8,August,20,Thursday,False,2451.6,1225.8
TXN-0046146,2026-08-20,DXB-003,Dubai,CUST-06314,P001,Laptop,Electronics,1,2518.82,5,2518.82,125.94,2392.88,Card,Store,2026,8,August,20,Thursday,False,2392.88,2392.88
TXN-0046200,2026-08-20,DXB-005,Dubai,CUST-05175,P005,Keyboard,Accessories,1,179.0,15,179.0,26.85,152.15,Card,Online,2026,8,August,20,Thursday,False,152.15,152.15
TXN-0046224,2026-08-20,DXB-003,Dubai,CUST-00991,P001,Laptop,Electronics,1,2993.36,15,2993.36,449.0,2544.36,Bank Transfer,Store,2026,8,August,20,Thursday,False,2544.36,2544.36
TXN-0046238,2026-08-20,DXB-003,Dubai,CUST-06679,P005,Keyboard,Accessories,1,192.91,5,192.91,9.65,183.26,Card,Store,2026,8,August,20,Thursday,False,183.26,183.26
TXN-0046244,2026-08-20,DXB-002,Dubai,CUST-05595,P009,Backpack,Accessories,2,224.18,15,448.36,67.25,381.11,Card,Store,2026,8,August,20,Thursday,False,381.11,190.56
TXN-0046334,2026-08-20,DXB-002,Dubai,CUST-03455,P010,Printer,Office,2,708.52,0,1417.04,0.0,1417.04,Cash,Store,2026,8,August,20,Thursday,False,1417.04,708.52
TXN-0046357,2026-08-20,DXB-001,Dubai,CUST-02357,P015,Tablet,Electronics,1,1222.61,15,1222.61,183.39,1039.22,Apple Pay,Online,2026,8,August,20,Thursday,False,1039.22,1039.22
TXN-0046485,2026-08-20,DXB-004,Dubai,CUST-01555,P001,Laptop,Electronics,1,2823.69,10,2823.69,282.37,2541.32,Card,Store,2026,8,August,20,Thursday,False,2541.32,2541.32
TXN-0046498,2026-08-20,DXB-001,Dubai,CUST-05544,P012,Pen Pack,Stationery,1,14.84,5,14.84,0.74,14.1,Card,Store,2026,8,August,20,Thursday,False,14.1,14.1
TXN-0046514,2026-08-20,DXB-002,Dubai,CUST-00788,P010,Printer,Office,1,692.28,15,692.28,103.84,588.44,Card,Store,2026,8,August,20,Thursday,False,588.44,588.44
TXN-0046520,2026-08-20,DXB-004,Dubai,CUST-06354,P003,Headphones,Electronics,1,352.27,0,352.27,0.0,352.27,Cash,Online,2026,8,August,20,Thursday,False,352.27,352.27
TXN-0046582,2026-08-20,DXB-003,Dubai,CUST-00895,P010,Printer,Office,1,706.91,5,706.91,35.35,671.56,Card,Store,2026,8,August,20,Thursday,False,671.56,671.56
TXN-0046669,2026-08-20,DXB-001,Dubai,CUST-06833,P013,USB Drive,Accessories,3,49.28,15,147.84,22.18,125.66,Card,Online,2026,8,August,20,Thursday,False,125.66,41.89
TXN-0046672,2026-08-20,DXB-002,Dubai,CUST-01937,P002,Smartphone,Electronics,4,1694.88,5,6779.52,338.98,6440.54,Apple Pay,Store,2026,8,August,20,Thursday,False,6440.54,1610.14
TXN-0046757,2026-08-20,DXB-004,Dubai,CUST-03263,P003,Headphones,Electronics,2,326.26,10,652.52,65.25,587.27,Card,Online,2026,8,August,20,Thursday,False,587.27,293.64
TXN-0046810,2026-08-20,DXB-002,Dubai,CUST-06989,P009,Backpack,Accessories,3,242.84,0,728.52,0.0,728.52,Apple Pay,Store,2026,8,August,20,Thursday,False,728.52,242.84
TXN-0046812,2026-08-20,DXB-005,Dubai,CUST-00468,P014,Power Bank,Electronics,1,170.78,5,170.78,8.54,162.24,Card,Online,2026,8,August,20,Thursday,False,162.24,162.24
TXN-0046876,2026-08-20,DXB-002,Dubai,CUST-06819,P003,Headphones,Electronics,2,370.3,0,740.6,0.0,740.6,Cash,Store,2026,8,August,20,Thursday,False,740.6,370.3
TXN-0046892,2026-08-20,DXB-004,Dubai,CUST-06150,P004,Monitor,Electronics,1,864.25,5,864.25,43.21,821.04,Card,Store,2026,8,August,20,Thursday,False,821.04,821.04
TXN-0046909,2026-08-20,DXB-001,Dubai,CUST-01888,P007,Office Chair,Furniture,3,717.69,15,2153.07,322.96,1830.11,Cash,Store,2026,8,August,20,Thursday,False,1830.11,610.04
TXN-0047002,2026-08-20,DXB-001,Dubai,CUST-04471,P007,Office Chair,Furniture,4,623.7,0,2494.8,0.0,2494.8,Bank Transfer,Store,2026,8,August,20,Thursday,False,2494.8,623.7
TXN-0047034,2026-08-20,DXB-003,Dubai,CUST-05745,P004,Monitor,Electronics,1,956.61,5,956.61,47.83,908.78,Cash,Store,2026,8,August,20,Thursday,False,908.78,908.78
TXN-0047057,2026-08-20,DXB-002,Dubai,CUST-04458,P003,Headphones,Electronics,1,335.97,20,335.97,67.19,268.78,Bank Transfer,Store,2026,8,August,20,Thursday,False,268.78,268.78
TXN-0047205,2026-08-20,DXB-002,Dubai,CUST-07632,P015,Tablet,Electronics,3,1142.16,10,3426.48,342.65,3083.83,Apple Pay,Online,2026,8,August,20,Thursday,False,3083.83,1027.94
TXN-0047400,2026-08-20,DXB-004,Dubai,CUST-01727,P012,Pen Pack,Stationery,2,14.41,5,28.82,1.44,27.38,Cash,Store,2026,8,August,20,Thursday,False,27.38,13.69
TXN-0047546,2026-08-20,DXB-001,Dubai,CUST-02933,P011,Notebook,Stationery,1,25.27,20,25.27,5.05,20.22,Card,Online,2026,8,August,20,Thursday,False,20.22,20.22
TXN-0047581,2026-08-20,DXB-005,Dubai,CUST-03107,P010,Printer,Office,1,656.03,20,656.03,131.21,524.82,Apple Pay,Store,2026,8,August,20,Thursday,False,524.82,524.82
TXN-0047605,2026-08-20,DXB-001,Dubai,CUST-03851,P005,Keyboard,Accessories,1,178.69,20,178.69,35.74,142.95,Card,Store,2026,8,August,20,Thursday,False,142.95,142.95
TXN-0047628,2026-08-20,DXB-005,Dubai,CUST-07183,P015,Tablet,Electronics,2,1237.81,0,2475.62,0.0,2475.62,Cash,Store,2026,8,August,20,Thursday,False,2475.62,1237.81
TXN-0047667,2026-08-20,DXB-002,Dubai,CUST-04021,P004,Monitor,Electronics,1,912.58,15,912.58,136.89,775.69,Card,Store,2026,8,August,20,Thursday,False,775.69,775.69
TXN-0047689,2026-08-20,DXB-004,Dubai,CUST-05687,P014,Power Bank,Electronics,1,139.61,5,139.61,6.98,132.63,Card,Store,2026,8,August,20,Thursday,False,132.63,132.63
TXN-0047762,2026-08-20,DXB-004,Dubai,CUST-00292,P015,Tablet,Electronics,3,1250.96,15,3752.88,562.93,3189.95,Card,Store,2026,8,August,20,Thursday,False,3189.95,1063.32
TXN-0047776,2026-08-20,DXB-003,Dubai,CUST-04365,P008,Desk,Furniture,1,792.72,15,792.72,118.91,673.81,Card,Store,2026,8,August,20,Thursday,False,673.81,673.81
TXN-0047845,2026-08-20,DXB-001,Dubai,CUST-01935,P008,Desk,Furniture,1,740.55,5,740.55,37.03,703.52,Card,Store,2026,8,August,20,Thursday,False,703.52,703.52
TXN-0047850,2026-08-20,DXB-005,Dubai,CUST-07649,P007,Office Chair,Furniture,5,691.78,0,3458.9,0.0,3458.9,Card,Store,2026,8,August,20,Thursday,False,3458.9,691.78
TXN-0047880,2026-08-20,DXB-002,Dubai,CUST-07462,P001,Laptop,Electronics,1,2469.85,0,2469.85,0.0,2469.85,Cash,Store,2026,8,August,20,Thursday,False,2469.85,2469.85
TXN-0047959,2026-08-20,DXB-003,Dubai,CUST-03143,P008,Desk,Furniture,3,710.97,5,2132.91,106.65,2026.26,Cash,Online,2026,8,August,20,Thursday,False,2026.26,675.42
TXN-0047994,2026-08-20,DXB-001,Dubai,CUST-05454,P009,Backpack,Accessories,6,230.42,0,1382.52,0.0,1382.52,Card,Store,2026,8,August,20,Thursday,False,1382.52,230.42
TXN-0048050,2026-08-20,DXB-002,Dubai,CUST-01807,P014,Power Bank,Electronics,1,140.76,0,140.76,0.0,140.76,Cash,Store,2026,8,August,20,Thursday,False,140.76,140.76
TXN-0048064,2026-08-20,DXB-002,Dubai,CUST-03227,P006,Mouse,Accessories,4,98.63,10,394.52,39.45,355.07,Bank Transfer,Store,2026,8,August,20,Thursday,False,355.07,88.77
TXN-0048082,2026-08-20,DXB-001,Dubai,CUST-03699,P012,Pen Pack,Stationery,1,15.18,0,15.18,0.0,15.18,Cash,Store,2026,8,August,20,Thursday,False,15.18,15.18
TXN-0048084,2026-08-20,DXB-001,Dubai,CUST-03761,P014,Power Bank,Electronics,1,152.8,15,152.8,22.92,129.88,Card,Store,2026,8,August,20,Thursday,False,129.88,129.88
TXN-0048216,2026-08-20,DXB-003,Dubai,CUST-05834,P008,Desk,Furniture,1,838.22,10,838.22,83.82,754.4,Card,Store,2026,8,August,20,Thursday,False,754.4,754.4
TXN-0048487,2026-08-20,DXB-002,Dubai,CUST-03181,P011,Notebook,Stationery,1,25.41,5,25.41,1.27,24.14,Apple Pay,Store,2026,8,August,20,Thursday,False,24.14,24.14
TXN-0048525,2026-08-20,DXB-003,Dubai,CUST-01691,P008,Desk,Furniture,1,856.58,5,856.58,42.83,813.75,Card,Store,2026,8,August,20,Thursday,False,813.75,813.75
TXN-0048713,2026-08-20,DXB-002,Dubai,CUST-05848,P010,Printer,Office,1,758.68,15,758.68,113.8,644.88,Cash,Online,2026,8,August,20,Thursday,False,644.88,644.88
TXN-0048737,2026-08-20,DXB-004,Dubai,CUST-05005,P009,Backpack,Accessories,3,223.88,15,671.64,100.75,570.89,Card,Online,2026,8,August,20,Thursday,False,570.89,190.3
TXN-0048739,2026-08-20,DXB-004,Dubai,CUST-02589,P001,Laptop,Electronics,2,2432.74,15,4865.48,729.82,4135.66,Cash,Store,2026,8,August,20,Thursday,False,4135.66,2067.83
TXN-0048743,2026-08-20,DXB-001,Dubai,CUST-01294,P012,Pen Pack,Stationery,2,14.46,15,28.92,4.34,24.58,Bank Transfer,Store,2026,8,August,20,Thursday,False,24.58,12.29
TXN-0048774,2026-08-20,DXB-001,Dubai,CUST-00567,P004,Monitor,Electronics,1,781.2,0,781.2,0.0,781.2,Card,Store,2026,8,August,20,Thursday,False,781.2,781.2
TXN-0048964,2026-08-20,DXB-001,Dubai,CUST-04754,P012,Pen Pack,Stationery,1,14.41,0,14.41,0.0,14.41,Cash,Store,2026,8,August,20,Thursday,False,14.41,14.41
TXN-0048970,2026-08-20,DXB-005,Dubai,CUST-01563,P003,Headphones,Electronics,2,362.82,0,725.64,0.0,725.64,Apple Pay,Store,2026,8,August,20,Thursday,False,725.64,362.82
TXN-0049147,2026-08-20,DXB-002,Dubai,CUST-02312,P002,Smartphone,Electronics,3,1924.32,5,5772.96,288.65,5484.31,Bank Transfer,Store,2026,8,August,20,Thursday,False,5484.31,1828.1
TXN-0049240,2026-08-20,DXB-004,Dubai,CUST-02014,P007,Office Chair,Furniture,1,660.44,5,660.44,33.02,627.42,Card,Store,2026,8,August,20,Thursday,False,627.42,627.42
TXN-0049343,2026-08-20,DXB-002,Dubai,CUST-00723,P015,Tablet,Electronics,1,1254.86,0,1254.86,0.0,1254.86,Card,Store,2026,8,August,20,Thursday,False,1254.86,1254.86
TXN-0049509,2026-08-20,DXB-001,Dubai,CUST-05450,P011,Notebook,Stationery,1,24.75,10,24.75,2.48,22.27,Apple Pay,Online,2026,8,August,20,Thursday,False,22.27,22.27
TXN-0049530,2026-08-20,DXB-003,Dubai,CUST-00694,P007,Office Chair,Furniture,1,592.57,0,592.57,0.0,592.57,Bank Transfer,Store,2026,8,August,20,Thursday,False,592.57,592.57
TXN-0049553,2026-08-20,DXB-002,Dubai,CUST-01769,P013,USB Drive,Accessories,4,42.57,10,170.28,17.03,153.25,Apple Pay,Store,2026,8,August,20,Thursday,False,153.25,38.31
TXN-0049561,2026-08-20,DXB-003,Dubai,CUST-05113,P014,Power Bank,Electronics,1,151.12,5,151.12,7.56,143.56,Cash,Online,2026,8,August,20,Thursday,False,143.56,143.56
TXN-0049578,2026-08-20,DXB-005,Dubai,CUST-03026,P004,Monitor,Electronics,1,956.25,20,956.25,191.25,765.0,Apple Pay,Store,2026,8,August,20,Thursday,False,765.0,765.0
TXN-0049593,2026-08-20,DXB-005,Dubai,CUST-05813,P009,Backpack,Accessories,1,216.04,0,216.04,0.0,216.04,Cash,Store,2026,8,August,20,Thursday,False,216.04,216.04
TXN-0049604,2026-08-20,DXB-002,Dubai,CUST-06322,P005,Keyboard,Accessories,1,181.1,10,181.1,18.11,162.99,Card,Store,2026,8,August,20,Thursday,False,162.99,162.99
TXN-0049608,2026-08-20,DXB-004,Dubai,CUST-06217,P011,Notebook,Stationery,3,24.67,10,74.01,7.4,66.61,Apple Pay,Store,2026,8,August,20,Thursday,False,66.61,22.2
TXN-0049636,2026-08-20,DXB-004,Dubai,CUST-06617,P008,Desk,Furniture,1,825.26,5,825.26,41.26,784.0,Card,Online,2026,8,August,20,Thursday,False,784.0,784.0
TXN-0049647,2026-08-20,DXB-005,Dubai,CUST-05385,P012,Pen Pack,Stationery,2,17.36,0,34.72,0.0,34.72,Card,Store,2026,8,August,20,Thursday,False,34.72,17.36
TXN-0049675,2026-08-20,DXB-003,Dubai,CUST-03713,P012,Pen Pack,Stationery,1,16.78,0,16.78,0.0,16.78,Apple Pay,Store,2026,8,August,20,Thursday,False,16.78,16.78
TXN-0049708,2026-08-20,DXB-005,Dubai,CUST-05923,P005,Keyboard,Accessories,1,179.58,5,179.58,8.98,170.6,Cash,Online,2026,8,August,20,Thursday,False,170.6,170.6
TXN-0049715,2026-08-20,DXB-001,Dubai,CUST-00867,P015,Tablet,Electronics,5,1285.96,5,6429.8,321.49,6108.31,Bank Transfer,Store,2026,8,August,20,Thursday,False,6108.31,1221.66
TXN-0049824,2026-08-20,DXB-004,Dubai,CUST-00102,P004,Monitor,Electronics,2,865.18,5,1730.36,86.52,1643.84,Card,Store,2026,8,August,20,Thursday,False,1643.84,821.92
TXN-0049825,2026-08-20,DXB-004,Dubai,CUST-02981,P001,Laptop,Electronics,1,2503.68,0,2503.68,0.0,2503.68,Cash,Store,2026,8,August,20,Thursday,False,2503.68,2503.68
TXN-0049890,2026-08-20,DXB-002,Dubai,CUST-04142,P012,Pen Pack,Stationery,1,15.44,5,15.44,0.77,14.67,Apple Pay,Store,2026,8,August,20,Thursday,False,14.67,14.67
TXN-0049916,2026-08-20,DXB-002,Dubai,CUST-03887,P008,Desk,Furniture,1,783.68,0,783.68,0.0,783.68,Bank Transfer,Store,2026,8,August,20,Thursday,False,783.68,783.68
TXN-0049935,2026-08-20,DXB-004,Dubai,CUST-04384,P008,Desk,Furniture,2,731.15,10,1462.3,146.23,1316.07,Cash,Online,2026,8,August,20,Thursday,False,1316.07,658.04
TXN-0050088,2026-08-20,DXB-004,Dubai,CUST-00006,P007,Office Chair,Furniture,1,648.44,15,648.44,97.27,551.17,Card,Store,2026,8,August,20,Thursday,False,551.17,551.17
TXN-0050096,2026-08-20,DXB-005,Dubai,CUST-03551,P012,Pen Pack,Stationery,3,12.84,5,38.52,1.93,36.59,Card,Store,2026,8,August,20,Thursday,False,36.59,12.2
TXN-0050115,2026-08-20,DXB-003,Dubai,CUST-07077,P004,Monitor,Electronics,3,830.31,5,2490.93,124.55,2366.38,Cash,Store,2026,8,August,20,Thursday,False,2366.38,788.79
TXN-0050154,2026-08-20,DXB-003,Dubai,CUST-04604,P002,Smartphone,Electronics,1,2008.16,0,2008.16,0.0,2008.16,Bank Transfer,Store,2026,8,August,20,Thursday,False,2008.16,2008.16
TXN-0050157,2026-08-20,DXB-003,Dubai,CUST-00176,P003,Headphones,Electronics,1,348.27,0,348.27,0.0,348.27,Apple Pay,Store,2026,8,August,20,Thursday,False,348.27,348.27
TXN-0050210,2026-08-20,DXB-001,Dubai,CUST-04530,P011,Notebook,Stationery,2,27.31,0,54.62,0.0,54.62,Card,Online,2026,8,August,20,Thursday,False,54.62,27.31
TXN-0050234,2026-08-20,DXB-002,Dubai,CUST-01674,P007,Office Chair,Furniture,1,674.32,10,674.32,67.43,606.89,Cash,Online,2026,8,August,20,Thursday,False,606.89,606.89
TXN-0050259,2026-08-20,DXB-001,Dubai,CUST-03140,P001,Laptop,Electronics,1,2838.73,0,2838.73,0.0,2838.73,Cash,Store,2026,8,August,20,Thursday,False,2838.73,2838.73
TXN-0050284,2026-08-20,DXB-005,Dubai,CUST-00450,P012,Pen Pack,Stationery,2,14.76,10,29.52,2.95,26.57,Apple Pay,Store,2026,8,August,20,Thursday,False,26.57,13.28
TXN-0050287,2026-08-20,DXB-005,Dubai,CUST-07661,P004,Monitor,Electronics,1,859.58,15,859.58,128.94,730.64,Card,Store,2026,8,August,20,Thursday,False,730.64,730.64
TXN-0050454,2026-08-20,DXB-002,Dubai,CUST-02625,P012,Pen Pack,Stationery,1,14.62,0,14.62,0.0,14.62,Apple Pay,Store,2026,8,August,20,Thursday,False,14.62,14.62
TXN-0050483,2026-08-20,DXB-005,Dubai,CUST-06411,P007,Office Chair,Furniture,1,656.11,0,656.11,0.0,656.11,Cash,Store,2026,8,August,20,Thursday,False,656.11,656.11
TXN-0050603,2026-08-20,DXB-005,Dubai,CUST-00102,P001,Laptop,Electronics,1,2468.99,5,2468.99,123.45,2345.54,Card,Store,2026,8,August,20,Thursday,False,2345.54,2345.54
TXN-0050733,2026-08-20,DXB-002,Dubai,CUST-02106,P015,Tablet,Electronics,5,1197.7,0,5988.5,0.0,5988.5,Apple Pay,Store,2026,8,August,20,Thursday,False,5988.5,1197.7
TXN-0050848,2026-08-20,DXB-003,Dubai,CUST-06979,P001,Laptop,Electronics,6,2753.9,10,16523.4,1652.34,14871.06,Card,Online,2026,8,August,20,Thursday,False,14871.06,2478.51
TXN-0050856,2026-08-20,DXB-001,Dubai,CUST-00598,P015,Tablet,Electronics,3,1176.01,5,3528.03,176.4,3351.63,Bank Transfer,Store,2026,8,August,20,Thursday,False,3351.63,1117.21
TXN-0050862,2026-08-20,DXB-005,Dubai,CUST-00310,P015,Tablet,Electronics,1,1294.96,15,1294.96,194.24,1100.72,Card,Store,2026,8,August,20,Thursday,False,1100.72,1100.72
TXN-0050888,2026-08-20,DXB-003,Dubai,CUST-03207,P014,Power Bank,Electronics,1,163.84,20,163.84,32.77,131.07,Card,Store,2026,8,August,20,Thursday,False,131.07,131.07
TXN-0051013,2026-08-20,DXB-001,Dubai,CUST-04622,P009,Backpack,Accessories,1,218.81,5,218.81,10.94,207.87,Card,Store,2026,8,August,20,Thursday,False,207.87,207.87
TXN-0051017,2026-08-20,DXB-004,Dubai,CUST-06538,P003,Headphones,Electronics,1,353.98,0,353.98,0.0,353.98,Apple Pay,Store,2026,8,August,20,Thursday,False,353.98,353.98
TXN-0051101,2026-08-20,DXB-005,Dubai,CUST-05960,P006,Mouse,Accessories,3,103.24,5,309.72,15.49,294.23,Card,Online,2026,8,August,20,Thursday,False,294.23,98.08
TXN-0051235,2026-08-20,DXB-004,Dubai,CUST-03555,P015,Tablet,Electronics,1,1161.09,0,1161.09,0.0,1161.09,Apple Pay,Store,2026,8,August,20,Thursday,False,1161.09,1161.09
TXN-0051296,2026-08-20,DXB-004,Dubai,CUST-06088,P011,Notebook,Stationery,1,25.42,0,25.42,0.0,25.42,Bank Transfer,Store,2026,8,August,20,Thursday,False,25.42,25.42
TXN-0051331,2026-08-20,DXB-002,Dubai,CUST-00840,P007,Office Chair,Furniture,5,622.1,5,3110.5,155.52,2954.98,Card,Store,2026,8,August,20,Thursday,False,2954.98,591.0
TXN-0051355,2026-08-20,DXB-002,Dubai,CUST-00414,P009,Backpack,Accessories,2,217.52,10,435.04,43.5,391.54,Card,Store,2026,8,August,20,Thursday,False,391.54,195.77
TXN-0051369,2026-08-20,DXB-003,Dubai,CUST-01011,P009,Backpack,Accessories,1,221.78,5,221.78,11.09,210.69,Apple Pay,Online,2026,8,August,20,Thursday,False,210.69,210.69
TXN-0051594,2026-08-20,DXB-001,Dubai,CUST-02986,P015,Tablet,Electronics,4,1127.71,5,4510.84,225.54,4285.3,Card,Store,2026,8,August,20,Thursday,False,4285.3,1071.32
TXN-0051659,2026-08-20,DXB-003,Dubai,CUST-07754,P005,Keyboard,Accessories,1,162.39,10,162.39,16.24,146.15,Apple Pay,Store,2026,8,August,20,Thursday,False,146.15,146.15
TXN-0051699,2026-08-20,DXB-004,Dubai,CUST-04119,P015,Tablet,Electronics,1,1194.91,0,1194.91,0.0,1194.91,Cash,Online,2026,8,August,20,Thursday,False,1194.91,1194.91
TXN-0051719,2026-08-20,DXB-001,Dubai,CUST-06073,P005,Keyboard,Accessories,1,193.53,10,193.53,19.35,174.18,Apple Pay,Online,2026,8,August,20,Thursday,False,174.18,174.18
TXN-0051725,2026-08-20,DXB-005,Dubai,CUST-04706,P008,Desk,Furniture,2,792.94,10,1585.88,158.59,1427.29,Apple Pay,Store,2026,8,August,20,Thursday,False,1427.29,713.64
TXN-0051751,2026-08-20,DXB-005,Dubai,CUST-07746,P012,Pen Pack,Stationery,1,15.44,0,15.44,0.0,15.44,Card,Store,2026,8,August,20,Thursday,False,15.44,15.44
TXN-0051759,2026-08-20,DXB-002,Dubai,CUST-03243,P005,Keyboard,Accessories,1,193.06,0,193.06,0.0,193.06,Card,Store,2026,8,August,20,Thursday,False,193.06,193.06
TXN-0051919,2026-08-20,DXB-001,Dubai,CUST-00271,P010,Printer,Office,2,677.03,0,1354.06,0.0,1354.06,Apple Pay,Store,2026,8,August,20,Thursday,False,1354.06,677.03
TXN-0052034,2026-08-20,DXB-001,Dubai,CUST-02659,P015,Tablet,Electronics,3,1206.33,10,3618.99,361.9,3257.09,Card,Online,2026,8,August,20,Thursday,False,3257.09,1085.7
TXN-0052036,2026-08-20,DXB-005,Dubai,CUST-06514,P011,Notebook,Stationery,1,24.43,0,24.43,0.0,24.43,Card,Store,2026,8,August,20,Thursday,False,24.43,24.43
TXN-0052059,2026-08-20,DXB-002,Dubai,CUST-01474,P007,Office Chair,Furniture,1,667.25,5,667.25,33.36,633.89,Card,Store,2026,8,August,20,Thursday,False,633.89,633.89
TXN-0052124,2026-08-20,DXB-003,Dubai,CUST-03552,P004,Monitor,Electronics,2,828.43,15,1656.86,248.53,1408.33,Card,Store,2026,8,August,20,Thursday,False,1408.33,704.16
TXN-0052130,2026-08-20,DXB-001,Dubai,CUST-05416,P010,Printer,Office,6,723.41,10,4340.46,434.05,3906.41,Bank Transfer,Store,2026,8,August,20,Thursday,False,3906.41,651.07
TXN-0052152,2026-08-20,DXB-004,Dubai,CUST-02713,P014,Power Bank,Electronics,1,157.14,15,157.14,23.57,133.57,Bank Transfer,Store,2026,8,August,20,Thursday,False,133.57,133.57
TXN-0052171,2026-08-20,DXB-001,Dubai,CUST-05388,P002,Smartphone,Electronics,1,2012.87,15,2012.87,301.93,1710.94,Apple Pay,Store,2026,8,August,20,Thursday,False,1710.94,1710.94
TXN-0052244,2026-08-20,DXB-004,Dubai,CUST-04579,P005,Keyboard,Accessories,3,177.38,0,532.14,0.0,532.14,Apple Pay,Store,2026,8,August,20,Thursday,False,532.14,177.38
TXN-0052269,2026-08-20,DXB-003,Dubai,CUST-03327,P006,Mouse,Accessories,2,98.56,5,197.12,9.86,187.26,Card,Store,2026,8,August,20,Thursday,False,187.26,93.63
TXN-0052342,2026-08-20,DXB-003,Dubai,CUST-05728,P001,Laptop,Electronics,6,2558.02,0,15348.12,0.0,15348.12,Apple Pay,Store,2026,8,August,20,Thursday,False,15348.12,2558.02
TXN-0052357,2026-08-20,DXB-001,Dubai,CUST-05511,P012,Pen Pack,Stationery,2,15.86,5,31.72,1.59,30.13,Card,Online,2026,8,August,20,Thursday,False,30.13,15.06
TXN-0052392,2026-08-20,DXB-005,Dubai,CUST-02406,P011,Notebook,Stationery,1,24.26,15,24.26,3.64,20.62,Card,Store,2026,8,August,20,Thursday,False,20.62,20.62
TXN-0052601,2026-08-20,DXB-002,Dubai,CUST-05072,P011,Notebook,Stationery,1,27.64,5,27.64,1.38,26.26,Card,Store,2026,8,August,20,Thursday,False,26.26,26.26
TXN-0052622,2026-08-20,DXB-001,Dubai,CUST-06886,P011,Notebook,Stationery,1,23.11,10,23.11,2.31,20.8,Card,Online,2026,8,August,20,Thursday,False,20.8,20.8
TXN-0052623,2026-08-20,DXB-001,Dubai,CUST-05839,P011,Notebook,Stationery,1,25.27,5,25.27,1.26,24.01,Card,Store,2026,8,August,20,Thursday,False,24.01,24.01
TXN-0052672,2026-08-20,DXB-001,Dubai,CUST-01960,P003,Headphones,Electronics,1,360.08,0,360.08,0.0,360.08,Card,Store,2026,8,August,20,Thursday,False,360.08,360.08
TXN-0052710,2026-08-20,DXB-003,Dubai,CUST-03244,P007,Office Chair,Furniture,1,634.2,10,634.2,63.42,570.78,Card,Store,2026,8,August,20,Thursday,False,570.78,570.78
TXN-0052712,2026-08-20,DXB-002,Dubai,CUST-02580,P001,Laptop,Electronics,4,2818.65,0,11274.6,0.0,11274.6,Card,Store,2026,8,August,20,Thursday,False,11274.6,2818.65
TXN-0052722,2026-08-20,DXB-005,Dubai,CUST-02671,P009,Backpack,Accessories,4,220.58,0,882.32,0.0,882.32,Bank Transfer,Store,2026,8,August,20,Thursday,False,882.32,220.58
TXN-0052766,2026-08-20,DXB-001,Dubai,CUST-03386,P011,Notebook,Stationery,2,25.54,0,51.08,0.0,51.08,Card,Store,2026,8,August,20,Thursday,False,51.08,25.54
TXN-0052779,2026-08-20,DXB-001,Dubai,CUST-02771,P009,Backpack,Accessories,1,240.47,0,240.47,0.0,240.47,Card,Store,2026,8,August,20,Thursday,False,240.47,240.47
TXN-0052889,2026-08-20,DXB-002,Dubai,CUST-06564,P005,Keyboard,Accessories,1,205.4,0,205.4,0.0,205.4,Cash,Store,2026,8,August,20,Thursday,False,205.4,205.4
TXN-0052890,2026-08-20,DXB-003,Dubai,CUST-02786,P005,Keyboard,Accessories,1,196.92,15,196.92,29.54,167.38,Apple Pay,Store,2026,8,August,20,Thursday,False,167.38,167.38
TXN-0052948,2026-08-20,DXB-002,Dubai,CUST-01665,P003,Headphones,Electronics,2,367.29,15,734.58,110.19,624.39,Apple Pay,Store,2026,8,August,20,Thursday,False,624.39,312.2
TXN-0052957,2026-08-20,DXB-001,Dubai,CUST-00968,P008,Desk,Furniture,1,831.16,5,831.16,41.56,789.6,Cash,Online,2026,8,August,20,Thursday,False,789.6,789.6
TXN-0053017,2026-08-20,DXB-005,Dubai,CUST-01650,P010,Printer,Office,1,702.35,0,702.35,0.0,702.35,Apple Pay,Store,2026,8,August,20,Thursday,False,702.35,702.35
TXN-0053025,2026-08-20,DXB-002,Dubai,CUST-07123,P014,Power Bank,Electronics,3,159.6,0,478.8,0.0,478.8,Apple Pay,Online,2026,8,August,20,Thursday,False,478.8,159.6
TXN-0053026,2026-08-20,DXB-004,Dubai,CUST-04736,P009,Backpack,Accessories,2,208.95,0,417.9,0.0,417.9,Apple Pay,Store,2026,8,August,20,Thursday,False,417.9,208.95
TXN-0053051,2026-08-20,DXB-005,Dubai,CUST-05360,P009,Backpack,Accessories,2,217.13,0,434.26,0.0,434.26,Bank Transfer,Store,2026,8,August,20,Thursday,False,434.26,217.13
TXN-0053093,2026-08-20,DXB-001,Dubai,CUST-01740,P006,Mouse,Accessories,1,90.95,0,90.95,0.0,90.95,Cash,Online,2026,8,August,20,Thursday,False,90.95,90.95
TXN-0053142,2026-08-20,DXB-003,Dubai,CUST-07702,P010,Printer,Office,1,690.69,10,690.69,69.07,621.62,Bank Transfer,Store,2026,8,August,20,Thursday,False,621.62,621.62
TXN-0053408,2026-08-20,DXB-003,Dubai,CUST-02982,P009,Backpack,Accessories,1,223.79,0,223.79,0.0,223.79,Card,Online,2026,8,August,20,Thursday,False,223.79,223.79
TXN-0053417,2026-08-20,DXB-001,Dubai,CUST-07509,P006,Mouse,Accessories,1,98.88,10,98.88,9.89,88.99,Bank Transfer,Store,2026,8,August,20,Thursday,False,88.99,88.99
TXN-0053452,2026-08-20,DXB-001,Dubai,CUST-07478,P007,Office Chair,Furniture,2,636.33,0,1272.66,0.0,1272.66,Apple Pay,Store,2026,8,August,20,Thursday,False,1272.66,636.33
TXN-0053551,2026-08-20,DXB-005,Dubai,CUST-06453,P013,USB Drive,Accessories,3,45.47,10,136.41,13.64,122.77,Apple Pay,Store,2026,8,August,20,Thursday,False,122.77,40.92
TXN-0053562,2026-08-20,DXB-003,Dubai,CUST-07010,P005,Keyboard,Accessories,3,169.88,0,509.64,0.0,509.64,Apple Pay,Online,2026,8,August,20,Thursday,False,509.64,169.88
TXN-0053609,2026-08-20,DXB-001,Dubai,CUST-05941,P001,Laptop,Electronics,2,2976.81,5,5953.62,297.68,5655.94,Cash,Online,2026,8,August,20,Thursday,False,5655.94,2827.97
TXN-0053618,2026-08-20,DXB-005,Dubai,CUST-03664,P005,Keyboard,Accessories,1,163.58,5,163.58,8.18,155.4,Card,Online,2026,8,August,20,Thursday,False,155.4,155.4
TXN-0053646,2026-08-20,DXB-003,Dubai,CUST-04633,P011,Notebook,Stationery,2,26.75,15,53.5,8.02,45.48,Card,Online,2026,8,August,20,Thursday,False,45.48,22.74
TXN-0053674,2026-08-20,DXB-003,Dubai,CUST-03261,P005,Keyboard,Accessories,1,180.72,0,180.72,0.0,180.72,Apple Pay,Store,2026,8,August,20,Thursday,False,180.72,180.72
TXN-0053678,2026-08-20,DXB-004,Dubai,CUST-01246,P013,USB Drive,Accessories,1,45.77,10,45.77,4.58,41.19,Apple Pay,Store,2026,8,August,20,Thursday,False,41.19,41.19
TXN-0053697,2026-08-20,DXB-003,Dubai,CUST-00984,P009,Backpack,Accessories,1,224.97,0,224.97,0.0,224.97,Card,Store,2026,8,August,20,Thursday,False,224.97,224.97
TXN-0053782,2026-08-20,DXB-005,Dubai,CUST-04656,P011,Notebook,Stationery,2,21.39,5,42.78,2.14,40.64,Card,Store,2026,8,August,20,Thursday,False,40.64,20.32
TXN-0053857,2026-08-20,DXB-001,Dubai,CUST-03020,P011,Notebook,Stationery,1,25.41,0,25.41,0.0,25.41,Apple Pay,Online,2026,8,August,20,Thursday,False,25.41,25.41
TXN-0053881,2026-08-20,DXB-004,Dubai,CUST-02088,P014,Power Bank,Electronics,1,131.65,0,131.65,0.0,131.65,Card,Online,2026,8,August,20,Thursday,False,131.65,131.65
TXN-0053926,2026-08-20,DXB-002,Dubai,CUST-00333,P010,Printer,Office,2,791.21,10,1582.42,158.24,1424.18,Card,Online,2026,8,August,20,Thursday,False,1424.18,712.09
TXN-0053977,2026-08-20,DXB-005,Dubai,CUST-03029,P001,Laptop,Electronics,1,2818.26,0,2818.26,0.0,2818.26,Card,Store,2026,8,August,20,Thursday,False,2818.26,2818.26
TXN-0054004,2026-08-20,DXB-002,Dubai,CUST-05680,P013,USB Drive,Accessories,1,42.1,0,42.1,0.0,42.1,Apple Pay,Online,2026,8,August,20,Thursday,False,42.1,42.1
TXN-0054047,2026-08-20,DXB-002,Dubai,CUST-00075,P006,Mouse,Accessories,5,104.86,10,524.3,52.43,471.87,Cash,Online,2026,8,August,20,Thursday,False,471.87,94.37
TXN-0054076,2026-08-20,DXB-001,Dubai,CUST-07604,P013,USB Drive,Accessories,1,48.73,0,48.73,0.0,48.73,Bank Transfer,Store,2026,8,August,20,Thursday,False,48.73,48.73
TXN-0054110,2026-08-20,DXB-002,Dubai,CUST-03744,P009,Backpack,Accessories,3,234.71,10,704.13,70.41,633.72,Card,Online,2026,8,August,20,Thursday,False,633.72,211.24
TXN-0054164,2026-08-20,DXB-004,Dubai,CUST-02264,P007,Office Chair,Furniture,2,615.21,0,1230.42,0.0,1230.42,Card,Store,2026,8,August,20,Thursday,False,1230.42,615.21
TXN-0054295,2026-08-20,DXB-004,Dubai,CUST-00217,P012,Pen Pack,Stationery,1,14.85,15,14.85,2.23,12.62,Card,Store,2026,8,August,20,Thursday,False,12.62,12.62
TXN-0054334,2026-08-20,DXB-001,Dubai,CUST-05485,P002,Smartphone,Electronics,3,1630.38,10,4891.14,489.11,4402.03,Card,Store,2026,8,August,20,Thursday,False,4402.03,1467.34
TXN-0054352,2026-08-20,DXB-004,Dubai,CUST-01997,P003,Headphones,Electronics,1,373.78,10,373.78,37.38,336.4,Cash,Store,2026,8,August,20,Thursday,False,336.4,336.4
TXN-0054419,2026-08-20,DXB-002,Dubai,CUST-05998,P003,Headphones,Electronics,1,355.31,5,355.31,17.77,337.54,Cash,Store,2026,8,August,20,Thursday,False,337.54,337.54
TXN-0054457,2026-08-20,DXB-005,Dubai,CUST-02560,P011,Notebook,Stationery,1,27.93,0,27.93,0.0,27.93,Apple Pay,Store,2026,8,August,20,Thursday,False,27.93,27.93
TXN-0054625,2026-08-20,DXB-001,Dubai,CUST-02905,P007,Office Chair,Furniture,2,652.26,0,1304.52,0.0,1304.52,Cash,Online,2026,8,August,20,Thursday,False,1304.52,652.26
TXN-0054681,2026-08-20,DXB-004,Dubai,CUST-06495,P008,Desk,Furniture,1,815.18,5,815.18,40.76,774.42,Cash,Online,2026,8,August,20,Thursday,False,774.42,774.42
TXN-0054763,2026-08-20,DXB-005,Dubai,CUST-00727,P005,Keyboard,Accessories,2,204.11,15,408.22,61.23,346.99,Card,Store,2026,8,August,20,Thursday,False,346.99,173.5
TXN-0054765,2026-08-20,DXB-005,Dubai,CUST-05150,P008,Desk,Furniture,2,795.61,20,1591.22,318.24,1272.98,Apple Pay,Store,2026,8,August,20,Thursday,False,1272.98,636.49
TXN-0054779,2026-08-20,DXB-001,Dubai,CUST-00477,P002,Smartphone,Electronics,2,1875.27,5,3750.54,187.53,3563.01,Card,Store,2026,8,August,20,Thursday,False,3563.01,1781.5
TXN-0054814,2026-08-20,DXB-003,Dubai,CUST-02369,P009,Backpack,Accessories,2,234.76,20,469.52,93.9,375.62,Cash,Store,2026,8,August,20,Thursday,False,375.62,187.81
TXN-0054947,2026-08-20,DXB-005,Dubai,CUST-02699,P013,USB Drive,Accessories,1,45.57,5,45.57,2.28,43.29,Card,Online,2026,8,August,20,Thursday,False,43.29,43.29
TXN-0055203,2026-08-20,DXB-003,Dubai,CUST-00681,P013,USB Drive,Accessories,2,46.01,0,92.02,0.0,92.02,Apple Pay,Store,2026,8,August,20,Thursday,False,92.02,46.01
TXN-0055222,2026-08-20,DXB-005,Dubai,CUST-02859,P001,Laptop,Electronics,2,2672.64,15,5345.28,801.79,4543.49,Cash,Online,2026,8,August,20,Thursday,False,4543.49,2271.74
TXN-0055277,2026-08-20,DXB-005,Dubai,CUST-07994,P006,Mouse,Accessories,1,99.95,10,99.95,9.99,89.96,Card,Online,2026,8,August,20,Thursday,False,89.96,89.96
TXN-0055313,2026-08-20,DXB-005,Dubai,CUST-01974,P005,Keyboard,Accessories,3,185.1,5,555.3,27.76,527.54,Cash,Store,2026,8,August,20,Thursday,False,527.54,175.85
TXN-0055328,2026-08-20,DXB-003,Dubai,CUST-06946,P005,Keyboard,Accessories,1,185.08,5,185.08,9.25,175.83,Cash,Store,2026,8,August,20,Thursday,False,175.83,175.83
TXN-0055330,2026-08-20,DXB-002,Dubai,CUST-01290,P005,Keyboard,Accessories,2,175.5,5,351.0,17.55,333.45,Cash,Store,2026,8,August,20,Thursday,False,333.45,166.72
TXN-0055376,2026-08-20,DXB-001,Dubai,CUST-05698,P008,Desk,Furniture,4,877.1,0,3508.4,0.0,3508.4,Card,Store,2026,8,August,20,Thursday,False,3508.4,877.1
TXN-0055424,2026-08-20,DXB-001,Dubai,CUST-03233,P006,Mouse,Accessories,2,102.47,10,204.94,20.49,184.45,Card,Online,2026,8,August,20,Thursday,False,184.45,92.22
TXN-0055433,2026-08-20,DXB-002,Dubai,CUST-02993,P013,USB Drive,Accessories,2,41.21,0,82.42,0.0,82.42,Card,Store,2026,8,August,20,Thursday,False,82.42,41.21
TXN-0055466,2026-08-20,DXB-001,Dubai,CUST-03966,P004,Monitor,Electronics,2,920.54,5,1841.08,92.05,1749.03,Cash,Store,2026,8,August,20,Thursday,False,1749.03,874.52
TXN-0055492,2026-08-20,DXB-004,Dubai,CUST-01094,P008,Desk,Furniture,1,733.2,10,733.2,73.32,659.88,Apple Pay,Store,2026,8,August,20,Thursday,False,659.88,659.88
TXN-0055507,2026-08-20,DXB-005,Dubai,CUST-03215,P010,Printer,Office,2,677.06,0,1354.12,0.0,1354.12,Card,Online,2026,8,August,20,Thursday,False,1354.12,677.06
TXN-0055678,2026-08-20,DXB-004,Dubai,CUST-03747,P004,Monitor,Electronics,1,822.42,15,822.42,123.36,699.06,Apple Pay,Store,2026,8,August,20,Thursday,False,699.06,699.06
TXN-0055764,2026-08-20,DXB-004,Dubai,CUST-03545,P011,Notebook,Stationery,2,25.98,5,51.96,2.6,49.36,Apple Pay,Online,2026,8,August,20,Thursday,False,49.36,24.68
TXN-0055781,2026-08-20,DXB-001,Dubai,CUST-02977,P005,Keyboard,Accessories,2,173.67,0,347.34,0.0,347.34,Card,Store,2026,8,August,20,Thursday,False,347.34,173.67
TXN-0055797,2026-08-20,DXB-001,Dubai,CUST-07202,P014,Power Bank,Electronics,1,143.28,5,143.28,7.16,136.12,Apple Pay,Store,2026,8,August,20,Thursday,False,136.12,136.12
TXN-0055816,2026-08-20,DXB-003,Dubai,CUST-00811,P015,Tablet,Electronics,4,1285.48,5,5141.92,257.1,4884.82,Apple Pay,Store,2026,8,August,20,Thursday,False,4884.82,1221.2
TXN-0055879,2026-08-20,DXB-004,Dubai,CUST-06749,P014,Power Bank,Electronics,4,144.84,15,579.36,86.9,492.46,Bank Transfer,Online,2026,8,August,20,Thursday,False,492.46,123.12
TXN-0055880,2026-08-20,DXB-004,Dubai,CUST-04168,P003,Headphones,Electronics,3,293.99,10,881.97,88.2,793.77,Apple Pay,Store,2026,8,August,20,Thursday,False,793.77,264.59
TXN-0055928,2026-08-20,DXB-005,Dubai,CUST-04995,P005,Keyboard,Accessories,2,195.21,5,390.42,19.52,370.9,Card,Online,2026,8,August,20,Thursday,False,370.9,185.45
TXN-0056007,2026-08-20,DXB-002,Dubai,CUST-07756,P006,Mouse,Accessories,1,98.81,0,98.81,0.0,98.81,Apple Pay,Store,2026,8,August,20,Thursday,False,98.81,98.81
TXN-0056137,2026-08-20,DXB-004,Dubai,CUST-04676,P009,Backpack,Accessories,1,250.84,10,250.84,25.08,225.76,Card,Store,2026,8,August,20,Thursday,False,225.76,225.76
TXN-0056186,2026-08-20,DXB-003,Dubai,CUST-01172,P009,Backpack,Accessories,6,231.38,10,1388.28,138.83,1249.45,Card,Store,2026,8,August,20,Thursday,False,1249.45,208.24
TXN-0056239,2026-08-20,DXB-003,Dubai,CUST-04390,P012,Pen Pack,Stationery,1,15.75,15,15.75,2.36,13.39,Cash,Store,2026,8,August,20,Thursday,False,13.39,13.39
TXN-0056281,2026-08-20,DXB-002,Dubai,CUST-02156,P008,Desk,Furniture,1,883.02,0,883.02,0.0,883.02,Card,Store,2026,8,August,20,Thursday,False,883.02,883.02
TXN-0056385,2026-08-20,DXB-002,Dubai,CUST-04218,P007,Office Chair,Furniture,1,641.0,0,641.0,0.0,641.0,Cash,Store,2026,8,August,20,Thursday,False,641.0,641.0
TXN-0056572,2026-08-20,DXB-005,Dubai,CUST-07083,P009,Backpack,Accessories,1,217.35,5,217.35,10.87,206.48,Card,Online,2026,8,August,20,Thursday,False,206.48,206.48
TXN-0056577,2026-08-20,DXB-004,Dubai,CUST-00763,P006,Mouse,Accessories,4,99.99,0,399.96,0.0,399.96,Cash,Store,2026,8,August,20,Thursday,False,399.96,99.99
TXN-0056599,2026-08-20,DXB-001,Dubai,CUST-02676,P003,Headphones,Electronics,3,364.46,15,1093.38,164.01,929.37,Apple Pay,Store,2026,8,August,20,Thursday,False,929.37,309.79
TXN-0056719,2026-08-20,DXB-001,Dubai,CUST-02676,P012,Pen Pack,Stationery,2,16.04,0,32.08,0.0,32.08,Card,Store,2026,8,August,20,Thursday,False,32.08,16.04
TXN-0056731,2026-08-20,DXB-005,Dubai,CUST-06299,P013,USB Drive,Accessories,3,42.97,5,128.91,6.45,122.46,Card,Store,2026,8,August,20,Thursday,False,122.46,40.82
TXN-0056893,2026-08-20,DXB-002,Dubai,CUST-00319,P004,Monitor,Electronics,1,856.52,10,856.52,85.65,770.87,Card,Store,2026,8,August,20,Thursday,False,770.87,770.87
TXN-0056902,2026-08-20,DXB-005,Dubai,CUST-01961,P010,Printer,Office,1,757.94,0,757.94,0.0,757.94,Card,Store,2026,8,August,20,Thursday,False,757.94,757.94
TXN-0056937,2026-08-20,DXB-002,Dubai,CUST-02051,P006,Mouse,Accessories,1,101.56,0,101.56,0.0,101.56,Apple Pay,Store,2026,8,August,20,Thursday,False,101.56,101.56
TXN-0057078,2026-08-20,DXB-002,Dubai,CUST-01868,P003,Headphones,Electronics,1,371.07,10,371.07,37.11,333.96,Bank Transfer,Online,2026,8,August,20,Thursday,False,333.96,333.96
TXN-0057079,2026-08-20,DXB-003,Dubai,CUST-04750,P006,Mouse,Accessories,2,104.05,0,208.1,0.0,208.1,Card,Store,2026,8,August,20,Thursday,False,208.1,104.05
TXN-0057150,2026-08-20,DXB-001,Dubai,CUST-04176,P014,Power Bank,Electronics,4,143.21,10,572.84,57.28,515.56,Cash,Store,2026,8,August,20,Thursday,False,515.56,128.89
TXN-0057167,2026-08-20,DXB-005,Dubai,CUST-03151,P013,USB Drive,Accessories,1,46.9,0,46.9,0.0,46.9,Card,Store,2026,8,August,20,Thursday,False,46.9,46.9
TXN-0057183,2026-08-20,DXB-001,Dubai,CUST-06029,P008,Desk,Furniture,1,777.52,5,777.52,38.88,738.64,Apple Pay,Online,2026,8,August,20,Thursday,False,738.64,738.64
TXN-0057453,2026-08-20,DXB-001,Dubai,CUST-02702,P004,Monitor,Electronics,5,924.16,15,4620.8,693.12,3927.68,Card,Store,2026,8,August,20,Thursday,False,3927.68,785.54
TXN-0057523,2026-08-20,DXB-004,Dubai,CUST-00059,P011,Notebook,Stationery,1,26.27,10,26.27,2.63,23.64,Cash,Online,2026,8,August,20,Thursday,False,23.64,23.64
TXN-0057602,2026-08-20,DXB-003,Dubai,CUST-07245,P014,Power Bank,Electronics,3,152.19,5,456.57,22.83,433.74,Card,Store,2026,8,August,20,Thursday,False,433.74,144.58
TXN-0057605,2026-08-20,DXB-002,Dubai,CUST-01200,P006,Mouse,Accessories,3,97.6,0,292.8,0.0,292.8,Cash,Store,2026,8,August,20,Thursday,False,292.8,97.6
TXN-0057623,2026-08-20,DXB-005,Dubai,CUST-04797,P004,Monitor,Electronics,2,970.08,0,1940.16,0.0,1940.16,Card,Store,2026,8,August,20,Thursday,False,1940.16,970.08
TXN-0057716,2026-08-20,DXB-001,Dubai,CUST-03861,P013,USB Drive,Accessories,1,50.01,0,50.01,0.0,50.01,Cash,Store,2026,8,August,20,Thursday,False,50.01,50.01
TXN-0057727,2026-08-20,DXB-001,Dubai,CUST-03066,P008,Desk,Furniture,3,828.2,5,2484.6,124.23,2360.37,Apple Pay,Online,2026,8,August,20,Thursday,False,2360.37,786.79
TXN-0057762,2026-08-20,DXB-001,Dubai,CUST-06096,P003,Headphones,Electronics,3,311.48,5,934.44,46.72,887.72,Card,Online,2026,8,August,20,Thursday,False,887.72,295.91
TXN-0057763,2026-08-20,DXB-003,Dubai,CUST-02180,P006,Mouse,Accessories,1,98.68,0,98.68,0.0,98.68,Cash,Store,2026,8,August,20,Thursday,False,98.68,98.68
TXN-0057817,2026-08-20,DXB-005,Dubai,CUST-03799,P015,Tablet,Electronics,1,1177.43,10,1177.43,117.74,1059.69,Bank Transfer,Online,2026,8,August,20,Thursday,False,1059.69,1059.69
TXN-0057901,2026-08-20,DXB-001,Dubai,CUST-03789,P007,Office Chair,Furniture,1,632.79,15,632.79,94.92,537.87,Apple Pay,Online,2026,8,August,20,Thursday,False,537.87,537.87
TXN-0057915,2026-08-20,DXB-005,Dubai,CUST-05089,P005,Keyboard,Accessories,2,154.15,5,308.3,15.42,292.88,Card,Online,2026,8,August,20,Thursday,False,292.88,146.44
TXN-0058056,2026-08-20,DXB-003,Dubai,CUST-03596,P015,Tablet,Electronics,1,1114.19,5,1114.19,55.71,1058.48,Cash,Online,2026,8,August,20,Thursday,False,1058.48,1058.48
TXN-0058060,2026-08-20,DXB-001,Dubai,CUST-07190,P008,Desk,Furniture,6,699.31,10,4195.86,419.59,3776.27,Cash,Store,2026,8,August,20,Thursday,False,3776.27,629.38
TXN-0058062,2026-08-20,DXB-001,Dubai,CUST-04443,P012,Pen Pack,Stationery,1,14.46,15,14.46,2.17,12.29,Bank Transfer,Store,2026,8,August,20,Thursday,False,12.29,12.29
TXN-0058101,2026-08-20,DXB-001,Dubai,CUST-01644,P009,Backpack,Accessories,2,217.36,5,434.72,21.74,412.98,Cash,Online,2026,8,August,20,Thursday,False,412.98,206.49
TXN-0058298,2026-08-20,DXB-001,Dubai,CUST-01131,P007,Office Chair,Furniture,4,664.74,5,2658.96,132.95,2526.01,Cash,Store,2026,8,August,20,Thursday,False,2526.01,631.5
TXN-0058401,2026-08-20,DXB-005,Dubai,CUST-07970,P011,Notebook,Stationery,6,22.06,0,132.36,0.0,132.36,Card,Store,2026,8,August,20,Thursday,False,132.36,22.06
TXN-0058456,2026-08-20,DXB-001,Dubai,CUST-05037,P009,Backpack,Accessories,1,238.49,0,238.49,0.0,238.49,Apple Pay,Store,2026,8,August,20,Thursday,False,238.49,238.49
TXN-0058552,2026-08-20,DXB-001,Dubai,CUST-04343,P007,Office Chair,Furniture,1,678.74,20,678.74,135.75,542.99,Apple Pay,Store,2026,8,August,20,Thursday,False,542.99,542.99
TXN-0058564,2026-08-20,DXB-003,Dubai,CUST-04789,P011,Notebook,Stationery,1,24.29,0,24.29,0.0,24.29,Bank Transfer,Store,2026,8,August,20,Thursday,False,24.29,24.29
TXN-0058601,2026-08-20,DXB-001,Dubai,CUST-00854,P011,Notebook,Stationery,1,26.04,0,26.04,0.0,26.04,Bank Transfer,Online,2026,8,August,20,Thursday,False,26.04,26.04
TXN-0058662,2026-08-20,DXB-003,Dubai,CUST-02086,P010,Printer,Office,5,774.48,0,3872.4,0.0,3872.4,Apple Pay,Store,2026,8,August,20,Thursday,False,3872.4,774.48
TXN-0058702,2026-08-20,DXB-005,Dubai,CUST-00772,P011,Notebook,Stationery,1,23.67,10,23.67,2.37,21.3,Bank Transfer,Store,2026,8,August,20,Thursday,False,21.3,21.3
TXN-0058760,2026-08-20,DXB-001,Dubai,CUST-03301,P014,Power Bank,Electronics,1,140.62,0,140.62,0.0,140.62,Bank Transfer,Online,2026,8,August,20,Thursday,False,140.62,140.62
TXN-0058855,2026-08-20,DXB-002,Dubai,CUST-05470,P001,Laptop,Electronics,1,3393.39,10,3393.39,339.34,3054.05,Apple Pay,Store,2026,8,August,20,Thursday,False,3054.05,3054.05
TXN-0058880,2026-08-20,DXB-005,Dubai,CUST-02861,P005,Keyboard,Accessories,1,188.79,0,188.79,0.0,188.79,Apple Pay,Online,2026,8,August,20,Thursday,False,188.79,188.79
TXN-0058911,2026-08-20,DXB-002,Dubai,CUST-06678,P009,Backpack,Accessories,1,207.62,15,207.62,31.14,176.48,Cash,Store,2026,8,August,20,Thursday,False,176.48,176.48
TXN-0058996,2026-08-20,DXB-003,Dubai,CUST-03575,P011,Notebook,Stationery,1,26.72,0,26.72,0.0,26.72,Cash,Store,2026,8,August,20,Thursday,False,26.72,26.72
TXN-0059067,2026-08-20,DXB-005,Dubai,CUST-05908,P004,Monitor,Electronics,1,937.49,5,937.49,46.87,890.62,Apple Pay,Store,2026,8,August,20,Thursday,False,890.62,890.62
TXN-0059085,2026-08-20,DXB-001,Dubai,CUST-05254,P005,Keyboard,Accessories,4,188.64,20,754.56,150.91,603.65,Cash,Online,2026,8,August,20,Thursday,False,603.65,150.91
TXN-0059172,2026-08-20,DXB-002,Dubai,CUST-01632,P010,Printer,Office,1,669.78,10,669.78,66.98,602.8,Bank Transfer,Online,2026,8,August,20,Thursday,False,602.8,602.8
TXN-0059281,2026-08-20,DXB-004,Dubai,CUST-07574,P013,USB Drive,Accessories,1,49.56,10,49.56,4.96,44.6,Cash,Store,2026,8,August,20,Thursday,False,44.6,44.6
TXN-0059318,2026-08-20,DXB-002,Dubai,CUST-05757,P001,Laptop,Electronics,1,2745.53,20,2745.53,549.11,2196.42,Apple Pay,Online,2026,8,August,20,Thursday,False,2196.42,2196.42
TXN-0059369,2026-08-20,DXB-001,Dubai,CUST-05306,P012,Pen Pack,Stationery,1,14.46,5,14.46,0.72,13.74,Cash,Store,2026,8,August,20,Thursday,False,13.74,13.74
TXN-0059416,2026-08-20,DXB-005,Dubai,CUST-04404,P010,Printer,Office,1,715.92,15,715.92,107.39,608.53,Card,Online,2026,8,August,20,Thursday,False,608.53,608.53
TXN-0059466,2026-08-20,DXB-005,Dubai,CUST-00180,P012,Pen Pack,Stationery,1,16.79,5,16.79,0.84,15.95,Bank Transfer,Store,2026,8,August,20,Thursday,False,15.95,15.95
TXN-0059469,2026-08-20,DXB-003,Dubai,CUST-04311,P005,Keyboard,Accessories,1,184.21,10,184.21,18.42,165.79,Card,Store,2026,8,August,20,Thursday,False,165.79,165.79
TXN-0059531,2026-08-20,DXB-001,Dubai,CUST-04774,P005,Keyboard,Accessories,2,170.65,20,341.3,68.26,273.04,Card,Store,2026,8,August,20,Thursday,False,273.04,136.52
TXN-0059564,2026-08-20,DXB-001,Dubai,CUST-06071,P007,Office Chair,Furniture,1,644.66,0,644.66,0.0,644.66,Bank Transfer,Store,2026,8,August,20,Thursday,False,644.66,644.66
TXN-0059565,2026-08-20,DXB-003,Dubai,CUST-01621,P006,Mouse,Accessories,2,98.62,10,197.24,19.72,177.52,Cash,Store,2026,8,August,20,Thursday,False,177.52,88.76
TXN-0059571,2026-08-20,DXB-004,Dubai,CUST-06212,P006,Mouse,Accessories,4,108.2,10,432.8,43.28,389.52,Bank Transfer,Store,2026,8,August,20,Thursday,False,389.52,97.38
TXN-0059587,2026-08-20,DXB-002,Dubai,CUST-00874,P007,Office Chair,Furniture,2,701.32,10,1402.64,140.26,1262.38,Cash,Store,2026,8,August,20,Thursday,False,1262.38,631.19
TXN-0059610,2026-08-20,DXB-002,Dubai,CUST-07611,P004,Monitor,Electronics,2,946.18,5,1892.36,94.62,1797.74,Cash,Store,2026,8,August,20,Thursday,False,1797.74,898.87
TXN-0059616,2026-08-20,DXB-003,Dubai,CUST-04092,P015,Tablet,Electronics,1,1289.32,0,1289.32,0.0,1289.32,Card,Online,2026,8,August,20,Thursday,False,1289.32,1289.32
TXN-0059641,2026-08-20,DXB-002,Dubai,CUST-01051,P004,Monitor,Electronics,2,923.63,15,1847.26,277.09,1570.17,Cash,Online,2026,8,August,20,Thursday,False,1570.17,785.08
TXN-0059729,2026-08-20,DXB-005,Dubai,CUST-03585,P007,Office Chair,Furniture,1,639.18,0,639.18,0.0,639.18,Card,Store,2026,8,August,20,Thursday,False,639.18,639.18
TXN-0059776,2026-08-20,DXB-001,Dubai,CUST-00764,P006,Mouse,Accessories,2,100.92,0,201.84,0.0,201.84,Cash,Store,2026,8,August,20,Thursday,False,201.84,100.92
TXN-0059817,2026-08-20,DXB-004,Dubai,CUST-02762,P015,Tablet,Electronics,1,1256.87,20,1256.87,251.37,1005.5,Card,Online,2026,8,August,20,Thursday,False,1005.5,1005.5
TXN-0059976,2026-08-20,DXB-001,Dubai,CUST-06868,P015,Tablet,Electronics,4,1280.26,0,5121.04,0.0,5121.04,Apple Pay,Store,2026,8,August,20,Thursday,False,5121.04,1280.26
TXN-0060018,2026-08-20,DXB-004,Dubai,CUST-05579,P010,Printer,Office,6,621.83,10,3730.98,373.1,3357.88,Card,Store,2026,8,August,20,Thursday,False,3357.88,559.65
TXN-0060078,2026-08-20,DXB-003,Dubai,CUST-04643,P014,Power Bank,Electronics,1,126.64,5,126.64,6.33,120.31,Card,Store,2026,8,August,20,Thursday,False,120.31,120.31
TXN-0060125,2026-08-20,DXB-002,Dubai,CUST-06988,P009,Backpack,Accessories,1,205.07,5,205.07,10.25,194.82,Cash,Store,2026,8,August,20,Thursday,False,194.82,194.82
TXN-0060140,2026-08-20,DXB-003,Dubai,CUST-05298,P012,Pen Pack,Stationery,3,16.02,0,48.06,0.0,48.06,Bank Transfer,Online,2026,8,August,20,Thursday,False,48.06,16.02
TXN-0060223,2026-08-20,DXB-005,Dubai,CUST-07713,P004,Monitor,Electronics,1,827.72,15,827.72,124.16,703.56,Card,Store,2026,8,August,20,Thursday,False,703.56,703.56
TXN-0060272,2026-08-20,DXB-002,Dubai,CUST-05651,P003,Headphones,Electronics,2,319.51,0,639.02,0.0,639.02,Bank Transfer,Store,2026,8,August,20,Thursday,False,639.02,319.51
TXN-0060283,2026-08-20,DXB-004,Dubai,CUST-02388,P012,Pen Pack,Stationery,2,15.9,0,31.8,0.0,31.8,Card,Store,2026,8,August,20,Thursday,False,31.8,15.9
TXN-0060322,2026-08-20,DXB-004,Dubai,CUST-01220,P010,Printer,Office,1,695.02,20,695.02,139.0,556.02,Card,Online,2026,8,August,20,Thursday,False,556.02,556.02
TXN-0060325,2026-08-20,DXB-002,Dubai,CUST-05416,P015,Tablet,Electronics,1,1174.41,0,1174.41,0.0,1174.41,Cash,Store,2026,8,August,20,Thursday,False,1174.41,1174.41
TXN-0060365,2026-08-20,DXB-004,Dubai,CUST-07323,P003,Headphones,Electronics,3,341.14,5,1023.42,51.17,972.25,Card,Store,2026,8,August,20,Thursday,False,972.25,324.08
TXN-0060379,2026-08-20,DXB-004,Dubai,CUST-06075,P006,Mouse,Accessories,1,90.71,15,90.71,13.61,77.1,Card,Store,2026,8,August,20,Thursday,False,77.1,77.1
TXN-0060410,2026-08-20,DXB-003,Dubai,CUST-02997,P005,Keyboard,Accessories,1,177.6,5,177.6,8.88,168.72,Card,Online,2026,8,August,20,Thursday,False,168.72,168.72
TXN-0060507,2026-08-20,DXB-003,Dubai,CUST-03328,P006,Mouse,Accessories,2,100.0,10,200.0,20.0,180.0,Card,Store,2026,8,August,20,Thursday,False,180.0,90.0
TXN-0060610,2026-08-20,DXB-004,Dubai,CUST-01519,P004,Monitor,Electronics,1,982.01,5,982.01,49.1,932.91,Card,Store,2026,8,August,20,Thursday,False,932.91,932.91
TXN-0060681,2026-08-20,DXB-003,Dubai,CUST-02260,P015,Tablet,Electronics,3,1152.42,10,3457.26,345.73,3111.53,Cash,Store,2026,8,August,20,Thursday,False,3111.53,1037.18
TXN-0060691,2026-08-20,DXB-001,Dubai,CUST-02891,P002,Smartphone,Electronics,1,1776.09,10,1776.09,177.61,1598.48,Card,Store,2026,8,August,20,Thursday,False,1598.48,1598.48
TXN-0060860,2026-08-20,DXB-002,Dubai,CUST-07332,P009,Backpack,Accessories,1,233.84,10,233.84,23.38,210.46,Bank Transfer,Online,2026,8,August,20,Thursday,False,210.46,210.46
TXN-0060898,2026-08-20,DXB-004,Dubai,CUST-06332,P015,Tablet,Electronics,2,1214.26,5,2428.52,121.43,2307.09,Card,Store,2026,8,August,20,Thursday,False,2307.09,1153.54
TXN-0060954,2026-08-20,DXB-002,Dubai,CUST-07101,P010,Printer,Office,4,625.71,10,2502.84,250.28,2252.56,Card,Online,2026,8,August,20,Thursday,False,2252.56,563.14
TXN-0061000,2026-08-20,DXB-003,Dubai,CUST-01890,P007,Office Chair,Furniture,3,645.07,15,1935.21,290.28,1644.93,Cash,Store,2026,8,August,20,Thursday,False,1644.93,548.31
TXN-0061013,2026-08-20,DXB-002,Dubai,CUST-04280,P006,Mouse,Accessories,1,106.86,0,106.86,0.0,106.86,Cash,Store,2026,8,August,20,Thursday,False,106.86,106.86
TXN-0061015,2026-08-20,DXB-004,Dubai,CUST-00539,P006,Mouse,Accessories,4,95.59,5,382.36,19.12,363.24,Cash,Store,2026,8,August,20,Thursday,False,363.24,90.81
TXN-0061101,2026-08-20,DXB-002,Dubai,CUST-03365,P007,Office Chair,Furniture,2,724.31,10,1448.62,144.86,1303.76,Apple Pay,Store,2026,8,August,20,Thursday,False,1303.76,651.88
TXN-0061161,2026-08-20,DXB-005,Dubai,CUST-01279,P002,Smartphone,Electronics,2,1869.63,10,3739.26,373.93,3365.33,Card,Online,2026,8,August,20,Thursday,False,3365.33,1682.66
TXN-0061268,2026-08-20,DXB-003,Dubai,CUST-02105,P013,USB Drive,Accessories,5,42.63,5,213.15,10.66,202.49,Apple Pay,Store,2026,8,August,20,Thursday,False,202.49,40.5
TXN-0061285,2026-08-20,DXB-001,Dubai,CUST-01932,P003,Headphones,Electronics,1,340.64,20,340.64,68.13,272.51,Cash,Store,2026,8,August,20,Thursday,False,272.51,272.51
TXN-0061350,2026-08-20,DXB-004,Dubai,CUST-02430,P008,Desk,Furniture,1,781.27,10,781.27,78.13,703.14,Card,Store,2026,8,August,20,Thursday,False,703.14,703.14
TXN-0061492,2026-08-20,DXB-001,Dubai,CUST-02887,P010,Printer,Office,1,643.37,5,643.37,32.17,611.2,Cash,Store,2026,8,August,20,Thursday,False,611.2,611.2
TXN-0061704,2026-08-20,DXB-001,Dubai,CUST-06776,P013,USB Drive,Accessories,1,47.89,10,47.89,4.79,43.1,Card,Online,2026,8,August,20,Thursday,False,43.1,43.1
TXN-0061758,2026-08-20,DXB-003,Dubai,CUST-01892,P010,Printer,Office,2,767.44,15,1534.88,230.23,1304.65,Cash,Online,2026,8,August,20,Thursday,False,1304.65,652.33
TXN-0061765,2026-08-20,DXB-005,Dubai,CUST-00369,P013,USB Drive,Accessories,3,43.83,5,131.49,6.57,124.92,Card,Store,2026,8,August,20,Thursday,False,124.92,41.64
TXN-0061820,2026-08-20,DXB-004,Dubai,CUST-01023,P012,Pen Pack,Stationery,1,13.72,5,13.72,0.69,13.03,Card,Store,2026,8,August,20,Thursday,False,13.03,13.03
TXN-0061825,2026-08-20,DXB-001,Dubai,CUST-04454,P004,Monitor,Electronics,2,983.39,0,1966.78,0.0,1966.78,Apple Pay,Store,2026,8,August,20,Thursday,False,1966.78,983.39
TXN-0061886,2026-08-20,DXB-004,Dubai,CUST-07270,P013,USB Drive,Accessories,1,44.04,0,44.04,0.0,44.04,Card,Store,2026,8,August,20,Thursday,False,44.04,44.04
TXN-0062001,2026-08-20,DXB-001,Dubai,CUST-04600,P004,Monitor,Electronics,1,864.72,5,864.72,43.24,821.48,Apple Pay,Store,2026,8,August,20,Thursday,False,821.48,821.48
TXN-0062125,2026-08-20,DXB-001,Dubai,CUST-01070,P010,Printer,Office,1,691.43,20,691.43,138.29,553.14,Card,Store,2026,8,August,20,Thursday,False,553.14,553.14
TXN-0062157,2026-08-20,DXB-005,Dubai,CUST-03106,P007,Office Chair,Furniture,3,724.67,0,2174.01,0.0,2174.01,Card,Online,2026,8,August,20,Thursday,False,2174.01,724.67
TXN-0062263,2026-08-20,DXB-003,Dubai,CUST-06395,P001,Laptop,Electronics,1,2705.98,0,2705.98,0.0,2705.98,Card,Store,2026,8,August,20,Thursday,False,2705.98,2705.98
TXN-0062329,2026-08-20,DXB-002,Dubai,CUST-04340,P012,Pen Pack,Stationery,1,16.45,0,16.45,0.0,16.45,Card,Store,2026,8,August,20,Thursday,False,16.45,16.45
TXN-0062369,2026-08-20,DXB-004,Dubai,CUST-07395,P009,Backpack,Accessories,1,217.82,0,217.82,0.0,217.82,Card,Store,2026,8,August,20,Thursday,False,217.82,217.82
TXN-0062496,2026-08-20,DXB-001,Dubai,CUST-04934,P006,Mouse,Accessories,6,103.72,15,622.32,93.35,528.97,Card,Store,2026,8,August,20,Thursday,False,528.97,88.16
TXN-0062518,2026-08-20,DXB-001,Dubai,CUST-05163,P012,Pen Pack,Stationery,1,14.23,10,14.23,1.42,12.81,Card,Store,2026,8,August,20,Thursday,False,12.81,12.81
TXN-0062522,2026-08-20,DXB-004,Dubai,CUST-02421,P006,Mouse,Accessories,1,89.2,5,89.2,4.46,84.74,Bank Transfer,Online,2026,8,August,20,Thursday,False,84.74,84.74
TXN-0062626,2026-08-20,DXB-001,Dubai,CUST-01051,P005,Keyboard,Accessories,5,165.65,0,828.25,0.0,828.25,Apple Pay,Store,2026,8,August,20,Thursday,False,828.25,165.65
TXN-0062647,2026-08-20,DXB-001,Dubai,CUST-00874,P007,Office Chair,Furniture,3,665.58,10,1996.74,199.67,1797.07,Card,Store,2026,8,August,20,Thursday,False,1797.07,599.02
TXN-0062867,2026-08-20,DXB-005,Dubai,CUST-02663,P007,Office Chair,Furniture,1,594.01,5,594.01,29.7,564.31,Apple Pay,Store,2026,8,August,20,Thursday,False,564.31,564.31
TXN-0062953,2026-08-20,DXB-005,Dubai,CUST-02266,P009,Backpack,Accessories,1,253.85,0,253.85,0.0,253.85,Apple Pay,Store,2026,8,August,20,Thursday,False,253.85,253.85
TXN-0062974,2026-08-20,DXB-005,Dubai,CUST-05714,P004,Monitor,Electronics,1,895.24,5,895.24,44.76,850.48,Bank Transfer,Store,2026,8,August,20,Thursday,False,850.48,850.48
TXN-0062977,2026-08-20,DXB-001,Dubai,CUST-04782,P006,Mouse,Accessories,2,104.78,10,209.56,20.96,188.6,Bank Transfer,Online,2026,8,August,20,Thursday,False,188.6,94.3
TXN-0063027,2026-08-20,DXB-001,Dubai,CUST-02545,P007,Office Chair,Furniture,3,575.0,0,1725.0,0.0,1725.0,Card,Store,2026,8,August,20,Thursday,False,1725.0,575.0
TXN-0063044,2026-08-20,DXB-004,Dubai,CUST-06447,P015,Tablet,Electronics,1,1140.53,5,1140.53,57.03,1083.5,Cash,Store,2026,8,August,20,Thursday,False,1083.5,1083.5
TXN-0063051,2026-08-20,DXB-001,Dubai,CUST-02534,P008,Desk,Furniture,2,827.52,15,1655.04,248.26,1406.78,Card,Store,2026,8,August,20,Thursday,False,1406.78,703.39
TXN-0063076,2026-08-20,DXB-001,Dubai,CUST-00096,P014,Power Bank,Electronics,1,139.25,0,139.25,0.0,139.25,Cash,Store,2026,8,August,20,Thursday,False,139.25,139.25
TXN-0063116,2026-08-20,DXB-003,Dubai,CUST-05709,P007,Office Chair,Furniture,3,667.18,10,2001.54,200.15,1801.39,Card,Store,2026,8,August,20,Thursday,False,1801.39,600.46
TXN-0063153,2026-08-20,DXB-002,Dubai,CUST-04860,P004,Monitor,Electronics,3,972.05,0,2916.15,0.0,2916.15,Apple Pay,Online,2026,8,August,20,Thursday,False,2916.15,972.05
TXN-0063226,2026-08-20,DXB-002,Dubai,CUST-07844,P008,Desk,Furniture,1,847.37,15,847.37,127.11,720.26,Card,Online,2026,8,August,20,Thursday,False,720.26,720.26
TXN-0063289,2026-08-20,DXB-001,Dubai,CUST-01568,P013,USB Drive,Accessories,1,45.15,0,45.15,0.0,45.15,Cash,Online,2026,8,August,20,Thursday,False,45.15,45.15
TXN-0063329,2026-08-20,DXB-003,Dubai,CUST-01465,P012,Pen Pack,Stationery,1,15.98,10,15.98,1.6,14.38,Apple Pay,Store,2026,8,August,20,Thursday,False,14.38,14.38
TXN-0063350,2026-08-20,DXB-001,Dubai,CUST-02286,P004,Monitor,Electronics,2,778.06,0,1556.12,0.0,1556.12,Card,Store,2026,8,August,20,Thursday,False,1556.12,778.06
TXN-0063523,2026-08-20,DXB-003,Dubai,CUST-07386,P009,Backpack,Accessories,1,224.52,0,224.52,0.0,224.52,Card,Store,2026,8,August,20,Thursday,False,224.52,224.52
TXN-0063555,2026-08-20,DXB-002,Dubai,CUST-02356,P008,Desk,Furniture,1,793.92,10,793.92,79.39,714.53,Apple Pay,Online,2026,8,August,20,Thursday,False,714.53,714.53
TXN-0063588,2026-08-20,DXB-005,Dubai,CUST-02043,P011,Notebook,Stationery,1,22.2,10,22.2,2.22,19.98,Apple Pay,Store,2026,8,August,20,Thursday,False,19.98,19.98
TXN-0063589,2026-08-20,DXB-005,Dubai,CUST-05051,P006,Mouse,Accessories,2,106.43,15,212.86,31.93,180.93,Card,Store,2026,8,August,20,Thursday,False,180.93,90.46
TXN-0063635,2026-08-20,DXB-004,Dubai,CUST-02945,P014,Power Bank,Electronics,3,146.31,5,438.93,21.95,416.98,Cash,Store,2026,8,August,20,Thursday,False,416.98,138.99
TXN-0063685,2026-08-20,DXB-003,Dubai,CUST-01012,P012,Pen Pack,Stationery,1,15.54,5,15.54,0.78,14.76,Apple Pay,Online,2026,8,August,20,Thursday,False,14.76,14.76
TXN-0063767,2026-08-20,DXB-001,Dubai,CUST-06034,P004,Monitor,Electronics,3,881.78,10,2645.34,264.53,2380.81,Card,Online,2026,8,August,20,Thursday,False,2380.81,793.6
TXN-0063904,2026-08-20,DXB-002,Dubai,CUST-03527,P012,Pen Pack,Stationery,2,14.81,10,29.62,2.96,26.66,Cash,Online,2026,8,August,20,Thursday,False,26.66,13.33
TXN-0063909,2026-08-20,DXB-003,Dubai,CUST-04742,P009,Backpack,Accessories,4,245.33,5,981.32,49.07,932.25,Card,Online,2026,8,August,20,Thursday,False,932.25,233.06
TXN-0064091,2026-08-20,DXB-001,Dubai,CUST-05982,P013,USB Drive,Accessories,2,41.73,5,83.46,4.17,79.29,Card,Store,2026,8,August,20,Thursday,False,79.29,39.65
TXN-0064105,2026-08-20,DXB-005,Dubai,CUST-00885,P009,Backpack,Accessories,1,235.37,10,235.37,23.54,211.83,Card,Store,2026,8,August,20,Thursday,False,211.83,211.83
TXN-0064207,2026-08-20,DXB-003,Dubai,CUST-04591,P008,Desk,Furniture,2,843.61,5,1687.22,84.36,1602.86,Apple Pay,Online,2026,8,August,20,Thursday,False,1602.86,801.43
TXN-0064295,2026-08-20,DXB-001,Dubai,CUST-02109,P006,Mouse,Accessories,2,107.54,15,215.08,32.26,182.82,Card,Online,2026,8,August,20,Thursday,False,182.82,91.41
TXN-0064368,2026-08-20,DXB-003,Dubai,CUST-00139,P002,Smartphone,Electronics,1,1845.95,15,1845.95,276.89,1569.06,Card,Store,2026,8,August,20,Thursday,False,1569.06,1569.06
TXN-0064497,2026-08-20,DXB-003,Dubai,CUST-02310,P004,Monitor,Electronics,1,980.5,5,980.5,49.02,931.48,Apple Pay,Online,2026,8,August,20,Thursday,False,931.48,931.48
TXN-0064569,2026-08-20,DXB-004,Dubai,CUST-04596,P014,Power Bank,Electronics,1,152.68,5,152.68,7.63,145.05,Card,Store,2026,8,August,20,Thursday,False,145.05,145.05
TXN-0064571,2026-08-20,DXB-003,Dubai,CUST-03518,P001,Laptop,Electronics,1,2835.1,10,2835.1,283.51,2551.59,Card,Store,2026,8,August,20,Thursday,False,2551.59,2551.59
TXN-0064730,2026-08-20,DXB-001,Dubai,CUST-01931,P011,Notebook,Stationery,1,24.61,10,24.61,2.46,22.15,Apple Pay,Store,2026,8,August,20,Thursday,False,22.15,22.15
TXN-0064744,2026-08-20,DXB-001,Dubai,CUST-04840,P014,Power Bank,Electronics,1,165.32,10,165.32,16.53,148.79,Apple Pay,Store,2026,8,August,20,Thursday,False,148.79,148.79
TXN-0064764,2026-08-20,DXB-002,Dubai,CUST-01842,P008,Desk,Furniture,1,796.54,5,796.54,39.83,756.71,Cash,Store,2026,8,August,20,Thursday,False,756.71,756.71
TXN-0064767,2026-08-20,DXB-004,Dubai,CUST-04816,P011,Notebook,Stationery,1,24.95,0,24.95,0.0,24.95,Cash,Online,2026,8,August,20,Thursday,False,24.95,24.95
TXN-0064788,2026-08-20,DXB-002,Dubai,CUST-07477,P001,Laptop,Electronics,1,3004.01,5,3004.01,150.2,2853.81,Apple Pay,Store,2026,8,August,20,Thursday,False,2853.81,2853.81
TXN-0064837,2026-08-20,DXB-001,Dubai,CUST-03773,P008,Desk,Furniture,1,805.56,5,805.56,40.28,765.28,Card,Store,2026,8,August,20,Thursday,False,765.28,765.28
TXN-0064873,2026-08-20,DXB-005,Dubai,CUST-05983,P001,Laptop,Electronics,1,2867.36,10,2867.36,286.74,2580.62,Card,Store,2026,8,August,20,Thursday,False,2580.62,2580.62
TXN-0064875,2026-08-20,DXB-004,Dubai,CUST-06355,P011,Notebook,Stationery,2,25.96,15,51.92,7.79,44.13,Bank Transfer,Store,2026,8,August,20,Thursday,False,44.13,22.06
TXN-0064926,2026-08-20,DXB-003,Dubai,CUST-05551,P004,Monitor,Electronics,4,1000.68,0,4002.72,0.0,4002.72,Card,Online,2026,8,August,20,Thursday,False,4002.72,1000.68
TXN-0065118,2026-08-20,DXB-002,Dubai,CUST-05930,P003,Headphones,Electronics,1,368.46,10,368.46,36.85,331.61,Card,Store,2026,8,August,20,Thursday,False,331.61,331.61
TXN-0065193,2026-08-20,DXB-002,Dubai,CUST-01725,P002,Smartphone,Electronics,3,1983.24,0,5949.72,0.0,5949.72,Cash,Online,2026,8,August,20,Thursday,False,5949.72,1983.24
TXN-0065194,2026-08-20,DXB-002,Dubai,CUST-07186,P013,USB Drive,Accessories,1,43.13,15,43.13,6.47,36.66,Card,Online,2026,8,August,20,Thursday,False,36.66,36.66
TXN-0065300,2026-08-20,DXB-005,Dubai,CUST-01618,P012,Pen Pack,Stationery,2,14.38,0,28.76,0.0,28.76,Apple Pay,Online,2026,8,August,20,Thursday,False,28.76,14.38
TXN-0065311,2026-08-20,DXB-001,Dubai,CUST-06530,P014,Power Bank,Electronics,3,165.91,0,497.73,0.0,497.73,Card,Store,2026,8,August,20,Thursday,False,497.73,165.91
TXN-0065458,2026-08-20,DXB-003,Dubai,CUST-07432,P005,Keyboard,Accessories,1,188.52,5,188.52,9.43,179.09,Bank Transfer,Store,2026,8,August,20,Thursday,False,179.09,179.09
TXN-0065476,2026-08-20,DXB-004,Dubai,CUST-06791,P015,Tablet,Electronics,1,1207.98,5,1207.98,60.4,1147.58,Apple Pay,Store,2026,8,August,20,Thursday,False,1147.58,1147.58
TXN-0065521,2026-08-20,DXB-005,Dubai,CUST-01079,P010,Printer,Office,3,721.24,20,2163.72,432.74,1730.98,Card,Store,2026,8,August,20,Thursday,False,1730.98,576.99
TXN-0065574,2026-08-20,DXB-001,Dubai,CUST-01741,P001,Laptop,Electronics,2,2723.32,15,5446.64,817.0,4629.64,Card,Store,2026,8,August,20,Thursday,False,4629.64,2314.82
TXN-0065589,2026-08-20,DXB-002,Dubai,CUST-02184,P003,Headphones,Electronics,4,366.06,5,1464.24,73.21,1391.03,Card,Store,2026,8,August,20,Thursday,False,1391.03,347.76
TXN-0065671,2026-08-20,DXB-003,Dubai,CUST-02995,P008,Desk,Furniture,1,768.18,10,768.18,76.82,691.36,Card,Store,2026,8,August,20,Thursday,False,691.36,691.36
TXN-0065841,2026-08-20,DXB-003,Dubai,CUST-04201,P010,Printer,Office,4,662.7,0,2650.8,0.0,2650.8,Cash,Online,2026,8,August,20,Thursday,False,2650.8,662.7
TXN-0065845,2026-08-20,DXB-004,Dubai,CUST-03561,P012,Pen Pack,Stationery,1,14.61,10,14.61,1.46,13.15,Apple Pay,Store,2026,8,August,20,Thursday,False,13.15,13.15
TXN-0066052,2026-08-20,DXB-001,Dubai,CUST-02879,P004,Monitor,Electronics,2,880.02,10,1760.04,176.0,1584.04,Bank Transfer,Store,2026,8,August,20,Thursday,False,1584.04,792.02
TXN-0066098,2026-08-20,DXB-003,Dubai,CUST-07290,P013,USB Drive,Accessories,3,45.31,15,135.93,20.39,115.54,Card,Store,2026,8,August,20,Thursday,False,115.54,38.51
TXN-0066103,2026-08-20,DXB-005,Dubai,CUST-04832,P012,Pen Pack,Stationery,1,15.5,0,15.5,0.0,15.5,Cash,Online,2026,8,August,20,Thursday,False,15.5,15.5
TXN-0066167,2026-08-20,DXB-001,Dubai,CUST-00196,P015,Tablet,Electronics,2,1225.19,0,2450.38,0.0,2450.38,Cash,Online,2026,8,August,20,Thursday,False,2450.38,1225.19
TXN-0066171,2026-08-20,DXB-004,Dubai,CUST-06472,P015,Tablet,Electronics,1,1335.69,0,1335.69,0.0,1335.69,Cash,Store,2026,8,August,20,Thursday,False,1335.69,1335.69
TXN-0066194,2026-08-20,DXB-004,Dubai,CUST-01740,P010,Printer,Office,1,643.2,10,643.2,64.32,578.88,Apple Pay,Store,2026,8,August,20,Thursday,False,578.88,578.88
TXN-0066233,2026-08-20,DXB-001,Dubai,CUST-04816,P011,Notebook,Stationery,1,25.85,15,25.85,3.88,21.97,Apple Pay,Store,2026,8,August,20,Thursday,False,21.97,21.97
TXN-0066283,2026-08-20,DXB-001,Dubai,CUST-06705,P001,Laptop,Electronics,2,2661.66,10,5323.32,532.33,4790.99,Card,Store,2026,8,August,20,Thursday,False,4790.99,2395.5
TXN-0066453,2026-08-20,DXB-001,Dubai,CUST-01024,P013,USB Drive,Accessories,1,42.84,10,42.84,4.28,38.56,Card,Store,2026,8,August,20,Thursday,False,38.56,38.56
TXN-0066457,2026-08-20,DXB-001,Dubai,CUST-06317,P014,Power Bank,Electronics,1,151.9,10,151.9,15.19,136.71,Apple Pay,Store,2026,8,August,20,Thursday,False,136.71,136.71
TXN-0066551,2026-08-20,DXB-002,Dubai,CUST-03495,P006,Mouse,Accessories,2,101.27,0,202.54,0.0,202.54,Card,Online,2026,8,August,20,Thursday,False,202.54,101.27
TXN-0066637,2026-08-20,DXB-002,Dubai,CUST-01132,P014,Power Bank,Electronics,1,146.01,5,146.01,7.3,138.71,Bank Transfer,Store,2026,8,August,20,Thursday,False,138.71,138.71
TXN-0066744,2026-08-20,DXB-004,Dubai,CUST-06666,P003,Headphones,Electronics,1,329.06,10,329.06,32.91,296.15,Bank Transfer,Online,2026,8,August,20,Thursday,False,296.15,296.15
TXN-0066771,2026-08-20,DXB-003,Dubai,CUST-06283,P011,Notebook,Stationery,1,24.37,15,24.37,3.66,20.71,Card,Store,2026,8,August,20,Thursday,False,20.71,20.71
TXN-0066841,2026-08-20,DXB-001,Dubai,CUST-02201,P009,Backpack,Accessories,2,216.57,15,433.14,64.97,368.17,Cash,Online,2026,8,August,20,Thursday,False,368.17,184.08
TXN-0066851,2026-08-20,DXB-003,Dubai,CUST-03098,P015,Tablet,Electronics,2,1180.65,20,2361.3,472.26,1889.04,Card,Store,2026,8,August,20,Thursday,False,1889.04,944.52
TXN-0066868,2026-08-20,DXB-003,Dubai,CUST-04731,P006,Mouse,Accessories,1,92.2,0,92.2,0.0,92.2,Apple Pay,Store,2026,8,August,20,Thursday,False,92.2,92.2
TXN-0066905,2026-08-20,DXB-005,Dubai,CUST-04289,P007,Office Chair,Furniture,1,659.67,15,659.67,98.95,560.72,Card,Store,2026,8,August,20,Thursday,False,560.72,560.72
TXN-0066925,2026-08-20,DXB-002,Dubai,CUST-01522,P003,Headphones,Electronics,3,340.11,5,1020.33,51.02,969.31,Cash,Store,2026,8,August,20,Thursday,False,969.31,323.1
TXN-0066949,2026-08-20,DXB-002,Dubai,CUST-00889,P011,Notebook,Stationery,3,24.15,0,72.45,0.0,72.45,Apple Pay,Store,2026,8,August,20,Thursday,False,72.45,24.15
TXN-0067009,2026-08-20,DXB-004,Dubai,CUST-07957,P015,Tablet,Electronics,1,1070.89,5,1070.89,53.54,1017.35,Card,Store,2026,8,August,20,Thursday,False,1017.35,1017.35
TXN-0067017,2026-08-20,DXB-002,Dubai,CUST-03945,P001,Laptop,Electronics,2,2751.75,0,5503.5,0.0,5503.5,Card,Online,2026,8,August,20,Thursday,False,5503.5,2751.75
TXN-0067019,2026-08-20,DXB-003,Dubai,CUST-00259,P003,Headphones,Electronics,1,329.94,5,329.94,16.5,313.44,Apple Pay,Online,2026,8,August,20,Thursday,False,313.44,313.44
TXN-0067093,2026-08-20,DXB-004,Dubai,CUST-04995,P005,Keyboard,Accessories,2,185.17,0,370.34,0.0,370.34,Cash,Store,2026,8,August,20,Thursday,False,370.34,185.17
TXN-0067099,2026-08-20,DXB-001,Dubai,CUST-07838,P002,Smartphone,Electronics,1,1905.49,10,1905.49,190.55,1714.94,Apple Pay,Store,2026,8,August,20,Thursday,False,1714.94,1714.94
TXN-0067173,2026-08-20,DXB-002,Dubai,CUST-02501,P014,Power Bank,Electronics,1,128.72,0,128.72,0.0,128.72,Card,Online,2026,8,August,20,Thursday,False,128.72,128.72
TXN-0067273,2026-08-20,DXB-004,Dubai,CUST-04649,P007,Office Chair,Furniture,1,653.83,15,653.83,98.07,555.76,Bank Transfer,Store,2026,8,August,20,Thursday,False,555.76,555.76
TXN-0067381,2026-08-20,DXB-005,Dubai,CUST-02473,P003,Headphones,Electronics,2,356.33,0,712.66,0.0,712.66,Cash,Online,2026,8,August,20,Thursday,False,712.66,356.33
TXN-0067426,2026-08-20,DXB-003,Dubai,CUST-02032,P007,Office Chair,Furniture,3,718.49,0,2155.47,0.0,2155.47,Apple Pay,Store,2026,8,August,20,Thursday,False,2155.47,718.49
TXN-0067526,2026-08-20,DXB-001,Dubai,CUST-04478,P004,Monitor,Electronics,2,888.02,20,1776.04,355.21,1420.83,Cash,Store,2026,8,August,20,Thursday,False,1420.83,710.42
TXN-0067531,2026-08-20,DXB-002,Dubai,CUST-02333,P003,Headphones,Electronics,5,332.32,0,1661.6,0.0,1661.6,Cash,Store,2026,8,August,20,Thursday,False,1661.6,332.32
TXN-0067564,2026-08-20,DXB-005,Dubai,CUST-01286,P006,Mouse,Accessories,1,100.29,10,100.29,10.03,90.26,Apple Pay,Store,2026,8,August,20,Thursday,False,90.26,90.26
TXN-0067569,2026-08-20,DXB-003,Dubai,CUST-00827,P005,Keyboard,Accessories,1,184.47,15,184.47,27.67,156.8,Card,Store,2026,8,August,20,Thursday,False,156.8,156.8
TXN-0067578,2026-08-20,DXB-002,Dubai,CUST-04869,P005,Keyboard,Accessories,1,177.06,0,177.06,0.0,177.06,Cash,Store,2026,8,August,20,Thursday,False,177.06,177.06
TXN-0067675,2026-08-20,DXB-005,Dubai,CUST-05007,P001,Laptop,Electronics,1,2742.49,0,2742.49,0.0,2742.49,Cash,Store,2026,8,August,20,Thursday,False,2742.49,2742.49
TXN-0067714,2026-08-20,DXB-005,Dubai,CUST-01655,P010,Printer,Office,3,698.33,10,2094.99,209.5,1885.49,Cash,Store,2026,8,August,20,Thursday,False,1885.49,628.5
TXN-0067740,2026-08-20,DXB-001,Dubai,CUST-05103,P007,Office Chair,Furniture,2,667.68,15,1335.36,200.3,1135.06,Card,Store,2026,8,August,20,Thursday,False,1135.06,567.53
TXN-0067741,2026-08-20,DXB-002,Dubai,CUST-04566,P013,USB Drive,Accessories,4,41.53,0,166.12,0.0,166.12,Card,Store,2026,8,August,20,Thursday,False,166.12,41.53
TXN-0067754,2026-08-20,DXB-003,Dubai,CUST-07108,P004,Monitor,Electronics,1,878.16,0,878.16,0.0,878.16,Cash,Store,2026,8,August,20,Thursday,False,878.16,878.16
TXN-0067805,2026-08-20,DXB-004,Dubai,CUST-00735,P011,Notebook,Stationery,1,23.78,15,23.78,3.57,20.21,Apple Pay,Online,2026,8,August,20,Thursday,False,20.21,20.21
TXN-0067929,2026-08-20,DXB-003,Dubai,CUST-03913,P012,Pen Pack,Stationery,1,14.55,20,14.55,2.91,11.64,Apple Pay,Store,2026,8,August,20,Thursday,False,11.64,11.64
TXN-0067959,2026-08-20,DXB-004,Dubai,CUST-01318,P013,USB Drive,Accessories,1,42.96,0,42.96,0.0,42.96,Cash,Store,2026,8,August,20,Thursday,False,42.96,42.96
TXN-0067964,2026-08-20,DXB-001,Dubai,CUST-06661,P008,Desk,Furniture,1,872.55,10,872.55,87.26,785.29,Card,Store,2026,8,August,20,Thursday,False,785.29,785.29
TXN-0068070,2026-08-20,DXB-002,Dubai,CUST-01108,P003,Headphones,Electronics,3,332.36,0,997.08,0.0,997.08,Card,Online,2026,8,August,20,Thursday,False,997.08,332.36
TXN-0068107,2026-08-20,DXB-004,Dubai,CUST-07220,P014,Power Bank,Electronics,3,162.29,5,486.87,24.34,462.53,Cash,Store,2026,8,August,20,Thursday,False,462.53,154.18
TXN-0068152,2026-08-20,DXB-002,Dubai,CUST-01559,P010,Printer,Office,1,678.52,5,678.52,33.93,644.59,Cash,Online,2026,8,August,20,Thursday,False,644.59,644.59
TXN-0068154,2026-08-20,DXB-002,Dubai,CUST-00567,P002,Smartphone,Electronics,1,1945.7,20,1945.7,389.14,1556.56,Card,Store,2026,8,August,20,Thursday,False,1556.56,1556.56
TXN-0068185,2026-08-20,DXB-002,Dubai,CUST-05950,P009,Backpack,Accessories,1,213.1,0,213.1,0.0,213.1,Apple Pay,Store,2026,8,August,20,Thursday,False,213.1,213.1
TXN-0068251,2026-08-20,DXB-004,Dubai,CUST-07846,P006,Mouse,Accessories,2,94.38,5,188.76,9.44,179.32,Bank Transfer,Store,2026,8,August,20,Thursday,False,179.32,89.66
TXN-0068332,2026-08-20,DXB-004,Dubai,CUST-01767,P005,Keyboard,Accessories,6,188.67,10,1132.02,113.2,1018.82,Bank Transfer,Online,2026,8,August,20,Thursday,False,1018.82,169.8
TXN-0068502,2026-08-20,DXB-004,Dubai,CUST-07419,P006,Mouse,Accessories,4,98.45,10,393.8,39.38,354.42,Apple Pay,Store,2026,8,August,20,Thursday,False,354.42,88.6
TXN-0068535,2026-08-20,DXB-001,Dubai,CUST-04069,P003,Headphones,Electronics,2,333.27,20,666.54,133.31,533.23,Cash,Store,2026,8,August,20,Thursday,False,533.23,266.62
TXN-0068567,2026-08-20,DXB-001,Dubai,CUST-00504,P004,Monitor,Electronics,1,977.59,0,977.59,0.0,977.59,Apple Pay,Online,2026,8,August,20,Thursday,False,977.59,977.59
TXN-0068659,2026-08-20,DXB-002,Dubai,CUST-03393,P006,Mouse,Accessories,1,99.53,5,99.53,4.98,94.55,Cash,Store,2026,8,August,20,Thursday,False,94.55,94.55
TXN-0068707,2026-08-20,DXB-003,Dubai,CUST-05121,P001,Laptop,Electronics,2,2653.73,10,5307.46,530.75,4776.71,Cash,Store,2026,8,August,20,Thursday,False,4776.71,2388.36
TXN-0068757,2026-08-20,DXB-002,Dubai,CUST-03335,P013,USB Drive,Accessories,1,42.07,5,42.07,2.1,39.97,Card,Online,2026,8,August,20,Thursday,False,39.97,39.97
TXN-0068773,2026-08-20,DXB-004,Dubai,CUST-04945,P005,Keyboard,Accessories,4,157.34,0,629.36,0.0,629.36,Card,Store,2026,8,August,20,Thursday,False,629.36,157.34
TXN-0069125,2026-08-20,DXB-005,Dubai,CUST-01280,P014,Power Bank,Electronics,3,146.22,10,438.66,43.87,394.79,Cash,Store,2026,8,August,20,Thursday,False,394.79,131.6
TXN-0069131,2026-08-20,DXB-002,Dubai,CUST-00826,P015,Tablet,Electronics,1,1207.46,5,1207.46,60.37,1147.09,Apple Pay,Store,2026,8,August,20,Thursday,False,1147.09,1147.09
TXN-0069214,2026-08-20,DXB-004,Dubai,CUST-05971,P001,Laptop,Electronics,1,3013.45,10,3013.45,301.35,2712.1,Cash,Online,2026,8,August,20,Thursday,False,2712.1,2712.1
TXN-0069251,2026-08-20,DXB-003,Dubai,CUST-01677,P011,Notebook,Stationery,1,23.45,0,23.45,0.0,23.45,Card,Store,2026,8,August,20,Thursday,False,23.45,23.45
TXN-0069279,2026-08-20,DXB-005,Dubai,CUST-06200,P008,Desk,Furniture,2,764.16,20,1528.32,305.66,1222.66,Apple Pay,Store,2026,8,August,20,Thursday,False,1222.66,611.33
TXN-0069399,2026-08-20,DXB-004,Dubai,CUST-07428,P005,Keyboard,Accessories,2,182.18,0,364.36,0.0,364.36,Apple Pay,Store,2026,8,August,20,Thursday,False,364.36,182.18
TXN-0069416,2026-08-20,DXB-003,Dubai,CUST-01928,P002,Smartphone,Electronics,1,1758.24,5,1758.24,87.91,1670.33,Cash,Store,2026,8,August,20,Thursday,False,1670.33,1670.33
TXN-0069631,2026-08-20,DXB-005,Dubai,CUST-03816,P005,Keyboard,Accessories,1,172.89,0,172.89,0.0,172.89,Card,Store,2026,8,August,20,Thursday,False,172.89,172.89
TXN-0069723,2026-08-20,DXB-001,Dubai,CUST-07993,P015,Tablet,Electronics,2,1063.92,5,2127.84,106.39,2021.45,Card,Store,2026,8,August,20,Thursday,False,2021.45,1010.72
TXN-0069747,2026-08-20,DXB-002,Dubai,CUST-02873,P014,Power Bank,Electronics,3,142.61,10,427.83,42.78,385.05,Card,Store,2026,8,August,20,Thursday,False,385.05,128.35
TXN-0069786,2026-08-20,DXB-005,Dubai,CUST-07905,P012,Pen Pack,Stationery,1,14.93,5,14.93,0.75,14.18,Card,Online,2026,8,August,20,Thursday,False,14.18,14.18
TXN-0069797,2026-08-20,DXB-005,Dubai,CUST-06219,P015,Tablet,Electronics,5,1207.62,10,6038.1,603.81,5434.29,Apple Pay,Store,2026,8,August,20,Thursday,False,5434.29,1086.86
TXN-0069825,2026-08-20,DXB-005,Dubai,CUST-02908,P002,Smartphone,Electronics,1,1678.86,0,1678.86,0.0,1678.86,Apple Pay,Store,2026,8,August,20,Thursday,False,1678.86,1678.86
TXN-0070029,2026-08-20,DXB-003,Dubai,CUST-06215,P014,Power Bank,Electronics,3,140.32,0,420.96,0.0,420.96,Card,Store,2026,8,August,20,Thursday,False,420.96,140.32
TXN-0070044,2026-08-20,DXB-004,Dubai,CUST-07860,P002,Smartphone,Electronics,1,1998.22,10,1998.22,199.82,1798.4,Cash,Online,2026,8,August,20,Thursday,False,1798.4,1798.4
TXN-0070074,2026-08-20,DXB-003,Dubai,CUST-00711,P003,Headphones,Electronics,2,332.48,15,664.96,99.74,565.22,Card,Store,2026,8,August,20,Thursday,False,565.22,282.61
TXN-0070186,2026-08-20,DXB-002,Dubai,CUST-03760,P008,Desk,Furniture,3,746.65,20,2239.95,447.99,1791.96,Card,Online,2026,8,August,20,Thursday,False,1791.96,597.32
TXN-0070189,2026-08-20,DXB-004,Dubai,CUST-05874,P001,Laptop,Electronics,1,2842.79,0,2842.79,0.0,2842.79,Apple Pay,Store,2026,8,August,20,Thursday,False,2842.79,2842.79
TXN-0070207,2026-08-20,DXB-004,Dubai,CUST-01500,P008,Desk,Furniture,5,831.05,20,4155.25,831.05,3324.2,Apple Pay,Store,2026,8,August,20,Thursday,False,3324.2,664.84
TXN-0070273,2026-08-20,DXB-004,Dubai,CUST-07321,P004,Monitor,Electronics,1,843.22,15,843.22,126.48,716.74,Cash,Store,2026,8,August,20,Thursday,False,716.74,716.74
TXN-0070290,2026-08-20,DXB-001,Dubai,CUST-06101,P015,Tablet,Electronics,1,1196.05,10,1196.05,119.6,1076.45,Apple Pay,Store,2026,8,August,20,Thursday,False,1076.45,1076.45
TXN-0070342,2026-08-20,DXB-003,Dubai,CUST-06156,P006,Mouse,Accessories,2,100.94,10,201.88,20.19,181.69,Card,Store,2026,8,August,20,Thursday,False,181.69,90.84
TXN-0070599,2026-08-20,DXB-002,Dubai,CUST-05806,P007,Office Chair,Furniture,3,657.47,0,1972.41,0.0,1972.41,Apple Pay,Store,2026,8,August,20,Thursday,False,1972.41,657.47
TXN-0070629,2026-08-20,DXB-004,Dubai,CUST-03840,P003,Headphones,Electronics,1,359.69,15,359.69,53.95,305.74,Cash,Online,2026,8,August,20,Thursday,False,305.74,305.74
TXN-0070703,2026-08-20,DXB-004,Dubai,CUST-03501,P010,Printer,Office,2,734.81,10,1469.62,146.96,1322.66,Cash,Online,2026,8,August,20,Thursday,False,1322.66,661.33
TXN-0070844,2026-08-20,DXB-004,Dubai,CUST-03914,P012,Pen Pack,Stationery,3,14.07,15,42.21,6.33,35.88,Bank Transfer,Store,2026,8,August,20,Thursday,False,35.88,11.96
TXN-0070869,2026-08-20,DXB-002,Dubai,CUST-03819,P007,Office Chair,Furniture,2,578.13,10,1156.26,115.63,1040.63,Bank Transfer,Store,2026,8,August,20,Thursday,False,1040.63,520.32
TXN-0070950,2026-08-20,DXB-001,Dubai,CUST-01665,P002,Smartphone,Electronics,3,1775.46,10,5326.38,532.64,4793.74,Card,Store,2026,8,August,20,Thursday,False,4793.74,1597.91
TXN-0070966,2026-08-20,DXB-004,Dubai,CUST-01547,P015,Tablet,Electronics,1,1170.73,0,1170.73,0.0,1170.73,Cash,Store,2026,8,August,20,Thursday,False,1170.73,1170.73
TXN-0071010,2026-08-20,DXB-005,Dubai,CUST-03390,P012,Pen Pack,Stationery,1,15.51,5,15.51,0.78,14.73,Apple Pay,Store,2026,8,August,20,Thursday,False,14.73,14.73
TXN-0071226,2026-08-20,DXB-002,Dubai,CUST-03794,P005,Keyboard,Accessories,1,180.39,10,180.39,18.04,162.35,Card,Online,2026,8,August,20,Thursday,False,162.35,162.35
TXN-0071305,2026-08-20,DXB-005,Dubai,CUST-01114,P014,Power Bank,Electronics,3,147.12,0,441.36,0.0,441.36,Card,Store,2026,8,August,20,Thursday,False,441.36,147.12
TXN-0071420,2026-08-20,DXB-002,Dubai,CUST-06164,P011,Notebook,Stationery,1,26.67,0,26.67,0.0,26.67,Card,Store,2026,8,August,20,Thursday,False,26.67,26.67
TXN-0071443,2026-08-20,DXB-003,Dubai,CUST-01017,P008,Desk,Furniture,6,763.62,5,4581.72,229.09,4352.63,Card,Store,2026,8,August,20,Thursday,False,4352.63,725.44
TXN-0071444,2026-08-20,DXB-005,Dubai,CUST-04697,P003,Headphones,Electronics,2,366.08,0,732.16,0.0,732.16,Card,Store,2026,8,August,20,Thursday,False,732.16,366.08
TXN-0071463,2026-08-20,DXB-003,Dubai,CUST-06028,P008,Desk,Furniture,1,744.32,0,744.32,0.0,744.32,Cash,Store,2026,8,August,20,Thursday,False,744.32,744.32
TXN-0071466,2026-08-20,DXB-003,Dubai,CUST-04447,P013,USB Drive,Accessories,2,44.41,5,88.82,4.44,84.38,Cash,Online,2026,8,August,20,Thursday,False,84.38,42.19
TXN-0071476,2026-08-20,DXB-003,Dubai,CUST-01238,P015,Tablet,Electronics,4,1244.11,5,4976.44,248.82,4727.62,Cash,Store,2026,8,August,20,Thursday,False,4727.62,1181.9
TXN-0071504,2026-08-20,DXB-002,Dubai,CUST-06631,P005,Keyboard,Accessories,1,170.09,10,170.09,17.01,153.08,Card,Online,2026,8,August,20,Thursday,False,153.08,153.08
TXN-0071549,2026-08-20,DXB-004,Dubai,CUST-06222,P006,Mouse,Accessories,1,95.82,5,95.82,4.79,91.03,Apple Pay,Store,2026,8,August,20,Thursday,False,91.03,91.03
TXN-0071561,2026-08-20,DXB-003,Dubai,CUST-06193,P010,Printer,Office,1,637.66,0,637.66,0.0,637.66,Apple Pay,Online,2026,8,August,20,Thursday,False,637.66,637.66
TXN-0071569,2026-08-20,DXB-002,Dubai,CUST-04832,P003,Headphones,Electronics,1,404.84,0,404.84,0.0,404.84,Bank Transfer,Store,2026,8,August,20,Thursday,False,404.84,404.84
TXN-0071599,2026-08-20,DXB-002,Dubai,CUST-06990,P015,Tablet,Electronics,1,1245.69,0,1245.69,0.0,1245.69,Bank Transfer,Online,2026,8,August,20,Thursday,False,1245.69,1245.69
TXN-0071660,2026-08-20,DXB-005,Dubai,CUST-05538,P001,Laptop,Electronics,1,2833.44,0,2833.44,0.0,2833.44,Apple Pay,Store,2026,8,August,20,Thursday,False,2833.44,2833.44
TXN-0071664,2026-08-20,DXB-002,Dubai,CUST-01957,P013,USB Drive,Accessories,1,42.04,0,42.04,0.0,42.04,Card,Store,2026,8,August,20,Thursday,False,42.04,42.04
TXN-0071689,2026-08-20,DXB-001,Dubai,CUST-04029,P010,Printer,Office,2,687.07,5,1374.14,68.71,1305.43,Bank Transfer,Online,2026,8,August,20,Thursday,False,1305.43,652.72
TXN-0071729,2026-08-20,DXB-005,Dubai,CUST-00424,P005,Keyboard,Accessories,1,182.48,15,182.48,27.37,155.11,Bank Transfer,Store,2026,8,August,20,Thursday,False,155.11,155.11
TXN-0071732,2026-08-20,DXB-005,Dubai,CUST-01277,P008,Desk,Furniture,2,798.02,0,1596.04,0.0,1596.04,Cash,Online,2026,8,August,20,Thursday,False,1596.04,798.02
TXN-0071785,2026-08-20,DXB-001,Dubai,CUST-07345,P012,Pen Pack,Stationery,4,15.29,0,61.16,0.0,61.16,Card,Store,2026,8,August,20,Thursday,False,61.16,15.29
TXN-0071938,2026-08-20,DXB-001,Dubai,CUST-01558,P003,Headphones,Electronics,3,375.7,5,1127.1,56.36,1070.74,Apple Pay,Online,2026,8,August,20,Thursday,False,1070.74,356.91
TXN-0071972,2026-08-20,DXB-002,Dubai,CUST-00170,P010,Printer,Office,4,604.1,0,2416.4,0.0,2416.4,Cash,Store,2026,8,August,20,Thursday,False,2416.4,604.1
TXN-0071978,2026-08-20,DXB-002,Dubai,CUST-01047,P005,Keyboard,Accessories,1,176.91,15,176.91,26.54,150.37,Card,Store,2026,8,August,20,Thursday,False,150.37,150.37
TXN-0071987,2026-08-20,DXB-003,Dubai,CUST-04847,P002,Smartphone,Electronics,5,1724.44,0,8622.2,0.0,8622.2,Card,Store,2026,8,August,20,Thursday,False,8622.2,1724.44
TXN-0072102,2026-08-20,DXB-005,Dubai,CUST-00512,P014,Power Bank,Electronics,1,154.34,0,154.34,0.0,154.34,Apple Pay,Online,2026,8,August,20,Thursday,False,154.34,154.34
TXN-0072104,2026-08-20,DXB-005,Dubai,CUST-07897,P004,Monitor,Electronics,2,871.75,15,1743.5,261.52,1481.98,Card,Store,2026,8,August,20,Thursday,False,1481.98,740.99
TXN-0072135,2026-08-20,DXB-001,Dubai,CUST-02002,P009,Backpack,Accessories,1,212.56,0,212.56,0.0,212.56,Card,Store,2026,8,August,20,Thursday,False,212.56,212.56
TXN-0072270,2026-08-20,DXB-002,Dubai,CUST-03652,P006,Mouse,Accessories,1,102.2,0,102.2,0.0,102.2,Card,Online,2026,8,August,20,Thursday,False,102.2,102.2
TXN-0072272,2026-08-20,DXB-004,Dubai,CUST-05840,P007,Office Chair,Furniture,2,695.77,5,1391.54,69.58,1321.96,Apple Pay,Store,2026,8,August,20,Thursday,False,1321.96,660.98
TXN-0072336,2026-08-20,DXB-005,Dubai,CUST-04897,P014,Power Bank,Electronics,2,138.57,0,277.14,0.0,277.14,Apple Pay,Store,2026,8,August,20,Thursday,False,277.14,138.57
TXN-0072371,2026-08-20,DXB-005,Dubai,CUST-02591,P002,Smartphone,Electronics,1,1788.63,5,1788.63,89.43,1699.2,Apple Pay,Online,2026,8,August,20,Thursday,False,1699.2,1699.2
TXN-0072489,2026-08-20,DXB-003,Dubai,CUST-01294,P009,Backpack,Accessories,4,249.26,10,997.04,99.7,897.34,Card,Store,2026,8,August,20,Thursday,False,897.34,224.34
TXN-0072536,2026-08-20,DXB-003,Dubai,CUST-00990,P005,Keyboard,Accessories,1,173.02,15,173.02,25.95,147.07,Cash,Store,2026,8,August,20,Thursday,False,147.07,147.07
TXN-0072716,2026-08-20,DXB-001,Dubai,CUST-02940,P005,Keyboard,Accessories,1,181.09,10,181.09,18.11,162.98,Cash,Store,2026,8,August,20,Thursday,False,162.98,162.98
TXN-0072720,2026-08-20,DXB-005,Dubai,CUST-05495,P002,Smartphone,Electronics,2,1884.36,10,3768.72,376.87,3391.85,Card,Store,2026,8,August,20,Thursday,False,3391.85,1695.92
TXN-0072737,2026-08-20,DXB-004,Dubai,CUST-05536,P010,Printer,Office,2,633.9,10,1267.8,126.78,1141.02,Card,Online,2026,8,August,20,Thursday,False,1141.02,570.51
TXN-0072762,2026-08-20,DXB-002,Dubai,CUST-03941,P014,Power Bank,Electronics,2,150.51,0,301.02,0.0,301.02,Card,Store,2026,8,August,20,Thursday,False,301.02,150.51
TXN-0072906,2026-08-20,DXB-001,Dubai,CUST-07801,P003,Headphones,Electronics,1,353.76,0,353.76,0.0,353.76,Apple Pay,Store,2026,8,August,20,Thursday,False,353.76,353.76
TXN-0072915,2026-08-20,DXB-003,Dubai,CUST-01086,P006,Mouse,Accessories,5,94.59,5,472.95,23.65,449.3,Apple Pay,Online,2026,8,August,20,Thursday,False,449.3,89.86
TXN-0072986,2026-08-20,DXB-004,Dubai,CUST-00299,P007,Office Chair,Furniture,2,657.81,0,1315.62,0.0,1315.62,Cash,Store,2026,8,August,20,Thursday,False,1315.62,657.81
TXN-0073055,2026-08-20,DXB-001,Dubai,CUST-00459,P004,Monitor,Electronics,1,904.59,0,904.59,0.0,904.59,Apple Pay,Store,2026,8,August,20,Thursday,False,904.59,904.59
TXN-0073080,2026-08-20,DXB-004,Dubai,CUST-02456,P007,Office Chair,Furniture,1,716.26,5,716.26,35.81,680.45,Cash,Store,2026,8,August,20,Thursday,False,680.45,680.45
TXN-0073082,2026-08-20,DXB-005,Dubai,CUST-00071,P010,Printer,Office,1,765.74,5,765.74,38.29,727.45,Card,Store,2026,8,August,20,Thursday,False,727.45,727.45
TXN-0073144,2026-08-20,DXB-001,Dubai,CUST-07353,P009,Backpack,Accessories,1,214.02,10,214.02,21.4,192.62,Card,Store,2026,8,August,20,Thursday,False,192.62,192.62
TXN-0073198,2026-08-20,DXB-001,Dubai,CUST-01119,P002,Smartphone,Electronics,5,1903.27,0,9516.35,0.0,9516.35,Card,Store,2026,8,August,20,Thursday,False,9516.35,1903.27
TXN-0073306,2026-08-20,DXB-002,Dubai,CUST-03361,P008,Desk,Furniture,1,823.74,5,823.74,41.19,782.55,Apple Pay,Online,2026,8,August,20,Thursday,False,782.55,782.55
TXN-0073312,2026-08-20,DXB-002,Dubai,CUST-02487,P009,Backpack,Accessories,1,222.34,0,222.34,0.0,222.34,Cash,Store,2026,8,August,20,Thursday,False,222.34,222.34
TXN-0073334,2026-08-20,DXB-003,Dubai,CUST-01767,P014,Power Bank,Electronics,1,144.25,5,144.25,7.21,137.04,Card,Online,2026,8,August,20,Thursday,False,137.04,137.04
TXN-0073582,2026-08-20,DXB-002,Dubai,CUST-07388,P011,Notebook,Stationery,1,26.62,0,26.62,0.0,26.62,Cash,Store,2026,8,August,20,Thursday,False,26.62,26.62
TXN-0073721,2026-08-20,DXB-001,Dubai,CUST-03888,P013,USB Drive,Accessories,2,47.21,5,94.42,4.72,89.7,Card,Online,2026,8,August,20,Thursday,False,89.7,44.85
TXN-0073815,2026-08-20,DXB-001,Dubai,CUST-04292,P005,Keyboard,Accessories,2,203.36,20,406.72,81.34,325.38,Card,Store,2026,8,August,20,Thursday,False,325.38,162.69
TXN-0073817,2026-08-20,DXB-001,Dubai,CUST-05063,P002,Smartphone,Electronics,2,1660.24,20,3320.48,664.1,2656.38,Bank Transfer,Store,2026,8,August,20,Thursday,False,2656.38,1328.19
TXN-0073872,2026-08-20,DXB-003,Dubai,CUST-06349,P012,Pen Pack,Stationery,1,15.76,20,15.76,3.15,12.61,Card,Store,2026,8,August,20,Thursday,False,12.61,12.61
TXN-0073908,2026-08-20,DXB-003,Dubai,CUST-00185,P004,Monitor,Electronics,4,962.67,0,3850.68,0.0,3850.68,Card,Store,2026,8,August,20,Thursday,False,3850.68,962.67
TXN-0073922,2026-08-20,DXB-002,Dubai,CUST-00209,P015,Tablet,Electronics,3,1260.22,0,3780.66,0.0,3780.66,Card,Store,2026,8,August,20,Thursday,False,3780.66,1260.22
TXN-0073935,2026-08-20,DXB-005,Dubai,CUST-07710,P014,Power Bank,Electronics,2,152.52,0,305.04,0.0,305.04,Apple Pay,Store,2026,8,August,20,Thursday,False,305.04,152.52
TXN-0073977,2026-08-20,DXB-003,Dubai,CUST-06061,P015,Tablet,Electronics,1,1118.59,15,1118.59,167.79,950.8,Cash,Store,2026,8,August,20,Thursday,False,950.8,950.8
TXN-0074039,2026-08-20,DXB-005,Dubai,CUST-04676,P007,Office Chair,Furniture,1,656.35,5,656.35,32.82,623.53,Card,Online,2026,8,August,20,Thursday,False,623.53,623.53
TXN-0074088,2026-08-20,DXB-002,Dubai,CUST-01019,P005,Keyboard,Accessories,3,182.36,5,547.08,27.35,519.73,Card,Store,2026,8,August,20,Thursday,False,519.73,173.24
TXN-0074115,2026-08-20,DXB-001,Dubai,CUST-05438,P010,Printer,Office,4,716.6,5,2866.4,143.32,2723.08,Card,Store,2026,8,August,20,Thursday,False,2723.08,680.77
TXN-0074169,2026-08-20,DXB-003,Dubai,CUST-03404,P013,USB Drive,Accessories,1,48.4,0,48.4,0.0,48.4,Card,Store,2026,8,August,20,Thursday,False,48.4,48.4
TXN-0074195,2026-08-20,DXB-001,Dubai,CUST-05054,P002,Smartphone,Electronics,2,1736.99,10,3473.98,347.4,3126.58,Card,Store,2026,8,August,20,Thursday,False,3126.58,1563.29
TXN-0074211,2026-08-20,DXB-002,Dubai,CUST-07315,P003,Headphones,Electronics,2,373.02,0,746.04,0.0,746.04,Apple Pay,Store,2026,8,August,20,Thursday,False,746.04,373.02
TXN-0074325,2026-08-20,DXB-001,Dubai,CUST-03955,P005,Keyboard,Accessories,4,177.68,0,710.72,0.0,710.72,Bank Transfer,Store,2026,8,August,20,Thursday,False,710.72,177.68
TXN-0074352,2026-08-20,DXB-002,Dubai,CUST-02935,P010,Printer,Office,1,654.99,10,654.99,65.5,589.49,Apple Pay,Store,2026,8,August,20,Thursday,False,589.49,589.49
TXN-0074408,2026-08-20,DXB-003,Dubai,CUST-02992,P013,USB Drive,Accessories,5,45.12,10,225.6,22.56,203.04,Card,Online,2026,8,August,20,Thursday,False,203.04,40.61
TXN-0074444,2026-08-20,DXB-001,Dubai,CUST-02274,P005,Keyboard,Accessories,1,191.86,10,191.86,19.19,172.67,Cash,Store,2026,8,August,20,Thursday,False,172.67,172.67
TXN-0074485,2026-08-20,DXB-003,Dubai,CUST-04858,P002,Smartphone,Electronics,1,1961.27,10,1961.27,196.13,1765.14,Apple Pay,Store,2026,8,August,20,Thursday,False,1765.14,1765.14
TXN-0074615,2026-08-20,DXB-001,Dubai,CUST-01245,P001,Laptop,Electronics,4,2399.88,0,9599.52,0.0,9599.52,Card,Online,2026,8,August,20,Thursday,False,9599.52,2399.88
TXN-0074690,2026-08-20,DXB-001,Dubai,CUST-07545,P015,Tablet,Electronics,1,1236.18,0,1236.18,0.0,1236.18,Cash,Store,2026,8,August,20,Thursday,False,1236.18,1236.18
TXN-0074694,2026-08-20,DXB-005,Dubai,CUST-04642,P011,Notebook,Stationery,4,26.25,5,105.0,5.25,99.75,Card,Store,2026,8,August,20,Thursday,False,99.75,24.94
TXN-0074786,2026-08-20,DXB-001,Dubai,CUST-04198,P012,Pen Pack,Stationery,1,15.77,10,15.77,1.58,14.19,Apple Pay,Store,2026,8,August,20,Thursday,False,14.19,14.19
TXN-0074787,2026-08-20,DXB-005,Dubai,CUST-02218,P002,Smartphone,Electronics,4,1778.97,10,7115.88,711.59,6404.29,Card,Store,2026,8,August,20,Thursday,False,6404.29,1601.07
TXN-0074825,2026-08-20,DXB-003,Dubai,CUST-07270,P005,Keyboard,Accessories,2,199.3,10,398.6,39.86,358.74,Card,Online,2026,8,August,20,Thursday,False,358.74,179.37
TXN-0074887,2026-08-20,DXB-004,Dubai,CUST-06889,P002,Smartphone,Electronics,1,1793.59,5,1793.59,89.68,1703.91,Card,Online,2026,8,August,20,Thursday,False,1703.91,1703.91
TXN-0075052,2026-08-20,DXB-005,Dubai,CUST-02706,P011,Notebook,Stationery,2,25.74,15,51.48,7.72,43.76,Bank Transfer,Store,2026,8,August,20,Thursday,False,43.76,21.88
TXN-0075063,2026-08-20,DXB-002,Dubai,CUST-04205,P014,Power Bank,Electronics,2,165.83,0,331.66,0.0,331.66,Bank Transfer,Store,2026,8,August,20,Thursday,False,331.66,165.83
TXN-0075074,2026-08-20,DXB-001,Dubai,CUST-05416,P002,Smartphone,Electronics,1,1939.63,0,1939.63,0.0,1939.63,Bank Transfer,Store,2026,8,August,20,Thursday,False,1939.63,1939.63
TXN-0075150,2026-08-20,DXB-001,Dubai,CUST-03537,P012,Pen Pack,Stationery,1,15.56,20,15.56,3.11,12.45,Bank Transfer,Online,2026,8,August,20,Thursday,False,12.45,12.45
TXN-0075198,2026-08-20,DXB-001,Dubai,CUST-00302,P005,Keyboard,Accessories,3,184.61,10,553.83,55.38,498.45,Bank Transfer,Store,2026,8,August,20,Thursday,False,498.45,166.15
TXN-0075273,2026-08-20,DXB-001,Dubai,CUST-05793,P002,Smartphone,Electronics,1,1481.22,15,1481.22,222.18,1259.04,Apple Pay,Store,2026,8,August,20,Thursday,False,1259.04,1259.04
TXN-0075404,2026-08-20,DXB-005,Dubai,CUST-03660,P009,Backpack,Accessories,2,219.85,5,439.7,21.98,417.72,Card,Store,2026,8,August,20,Thursday,False,417.72,208.86
TXN-0075491,2026-08-20,DXB-004,Dubai,CUST-02177,P007,Office Chair,Furniture,2,645.99,10,1291.98,129.2,1162.78,Card,Online,2026,8,August,20,Thursday,False,1162.78,581.39
TXN-0075497,2026-08-20,DXB-001,Dubai,CUST-01823,P005,Keyboard,Accessories,2,173.44,0,346.88,0.0,346.88,Card,Online,2026,8,August,20,Thursday,False,346.88,173.44
TXN-0075544,2026-08-20,DXB-002,Dubai,CUST-01013,P007,Office Chair,Furniture,1,690.15,5,690.15,34.51,655.64,Card,Online,2026,8,August,20,Thursday,False,655.64,655.64
TXN-0075767,2026-08-20,DXB-002,Dubai,CUST-06568,P005,Keyboard,Accessories,2,184.8,0,369.6,0.0,369.6,Card,Store,2026,8,August,20,Thursday,False,369.6,184.8
TXN-0075784,2026-08-20,DXB-005,Dubai,CUST-02948,P010,Printer,Office,4,738.06,20,2952.24,590.45,2361.79,Card,Store,2026,8,August,20,Thursday,False,2361.79,590.45
TXN-0075830,2026-08-20,DXB-005,Dubai,CUST-03353,P006,Mouse,Accessories,1,102.57,5,102.57,5.13,97.44,Cash,Store,2026,8,August,20,Thursday,False,97.44,97.44
TXN-0075873,2026-08-20,DXB-005,Dubai,CUST-02877,P007,Office Chair,Furniture,1,607.07,5,607.07,30.35,576.72,Card,Store,2026,8,August,20,Thursday,False,576.72,576.72
TXN-0075882,2026-08-20,DXB-004,Dubai,CUST-00350,P011,Notebook,Stationery,3,26.38,0,79.14,0.0,79.14,Apple Pay,Store,2026,8,August,20,Thursday,False,79.14,26.38
TXN-0075887,2026-08-20,DXB-001,Dubai,CUST-02098,P013,USB Drive,Accessories,1,46.57,5,46.57,2.33,44.24,Card,Online,2026,8,August,20,Thursday,False,44.24,44.24
TXN-0075911,2026-08-20,DXB-004,Dubai,CUST-06450,P006,Mouse,Accessories,1,92.24,15,92.24,13.84,78.4,Apple Pay,Online,2026,8,August,20,Thursday,False,78.4,78.4
TXN-0075956,2026-08-20,DXB-005,Dubai,CUST-03376,P012,Pen Pack,Stationery,1,13.97,0,13.97,0.0,13.97,Card,Store,2026,8,August,20,Thursday,False,13.97,13.97
TXN-0075958,2026-08-20,DXB-002,Dubai,CUST-05697,P002,Smartphone,Electronics,1,1728.46,0,1728.46,0.0,1728.46,Apple Pay,Store,2026,8,August,20,Thursday,False,1728.46,1728.46
TXN-0075993,2026-08-20,DXB-002,Dubai,CUST-01706,P010,Printer,Office,4,684.86,10,2739.44,273.94,2465.5,Bank Transfer,Store,2026,8,August,20,Thursday,False,2465.5,616.38
TXN-0076177,2026-08-20,DXB-004,Dubai,CUST-04929,P006,Mouse,Accessories,1,96.97,5,96.97,4.85,92.12,Cash,Online,2026,8,August,20,Thursday,False,92.12,92.12
TXN-0076223,2026-08-20,DXB-001,Dubai,CUST-00358,P005,Keyboard,Accessories,4,176.82,0,707.28,0.0,707.28,Card,Store,2026,8,August,20,Thursday,False,707.28,176.82
TXN-0076233,2026-08-20,DXB-005,Dubai,CUST-07324,P013,USB Drive,Accessories,6,45.05,20,270.3,54.06,216.24,Card,Store,2026,8,August,20,Thursday,False,216.24,36.04
TXN-0076250,2026-08-20,DXB-005,Dubai,CUST-03602,P001,Laptop,Electronics,2,2742.16,10,5484.32,548.43,4935.89,Cash,Online,2026,8,August,20,Thursday,False,4935.89,2467.95
TXN-0076282,2026-08-20,DXB-003,Dubai,CUST-01523,P005,Keyboard,Accessories,2,163.02,15,326.04,48.91,277.13,Bank Transfer,Store,2026,8,August,20,Thursday,False,277.13,138.56
TXN-0076302,2026-08-20,DXB-001,Dubai,CUST-06221,P008,Desk,Furniture,2,791.41,0,1582.82,0.0,1582.82,Apple Pay,Store,2026,8,August,20,Thursday,False,1582.82,791.41
TXN-0076320,2026-08-20,DXB-005,Dubai,CUST-00770,P012,Pen Pack,Stationery,1,14.11,10,14.11,1.41,12.7,Cash,Online,2026,8,August,20,Thursday,False,12.7,12.7
TXN-0076333,2026-08-20,DXB-005,Dubai,CUST-03744,P004,Monitor,Electronics,2,867.59,10,1735.18,173.52,1561.66,Apple Pay,Store,2026,8,August,20,Thursday,False,1561.66,780.83
TXN-0076372,2026-08-20,DXB-003,Dubai,CUST-02064,P013,USB Drive,Accessories,1,45.98,0,45.98,0.0,45.98,Apple Pay,Store,2026,8,August,20,Thursday,False,45.98,45.98
TXN-0076423,2026-08-20,DXB-004,Dubai,CUST-07023,P012,Pen Pack,Stationery,1,15.46,10,15.46,1.55,13.91,Apple Pay,Store,2026,8,August,20,Thursday,False,13.91,13.91
TXN-0076479,2026-08-20,DXB-003,Dubai,CUST-02015,P007,Office Chair,Furniture,3,594.79,10,1784.37,178.44,1605.93,Card,Store,2026,8,August,20,Thursday,False,1605.93,535.31
TXN-0076507,2026-08-20,DXB-005,Dubai,CUST-02728,P006,Mouse,Accessories,1,98.35,0,98.35,0.0,98.35,Card,Store,2026,8,August,20,Thursday,False,98.35,98.35
TXN-0076518,2026-08-20,DXB-001,Dubai,CUST-07765,P010,Printer,Office,1,630.46,0,630.46,0.0,630.46,Card,Store,2026,8,August,20,Thursday,False,630.46,630.46
TXN-0076520,2026-08-20,DXB-001,Dubai,CUST-00319,P003,Headphones,Electronics,5,323.77,0,1618.85,0.0,1618.85,Bank Transfer,Online,2026,8,August,20,Thursday,False,1618.85,323.77
TXN-0076831,2026-08-20,DXB-002,Dubai,CUST-01140,P002,Smartphone,Electronics,1,1811.74,5,1811.74,90.59,1721.15,Bank Transfer,Store,2026,8,August,20,Thursday,False,1721.15,1721.15
TXN-0076839,2026-08-20,DXB-001,Dubai,CUST-05191,P008,Desk,Furniture,2,786.89,0,1573.78,0.0,1573.78,Card,Store,2026,8,August,20,Thursday,False,1573.78,786.89
TXN-0076860,2026-08-20,DXB-002,Dubai,CUST-02533,P006,Mouse,Accessories,2,92.89,20,185.78,37.16,148.62,Card,Store,2026,8,August,20,Thursday,False,148.62,74.31
TXN-0076868,2026-08-20,DXB-004,Dubai,CUST-07088,P009,Backpack,Accessories,1,236.79,5,236.79,11.84,224.95,Apple Pay,Store,2026,8,August,20,Thursday,False,224.95,224.95
TXN-0076948,2026-08-20,DXB-002,Dubai,CUST-05132,P008,Desk,Furniture,1,853.87,10,853.87,85.39,768.48,Cash,Online,2026,8,August,20,Thursday,False,768.48,768.48
TXN-0076949,2026-08-20,DXB-002,Dubai,CUST-07593,P015,Tablet,Electronics,2,1252.97,0,2505.94,0.0,2505.94,Cash,Store,2026,8,August,20,Thursday,False,2505.94,1252.97
TXN-0076963,2026-08-20,DXB-003,Dubai,CUST-01392,P011,Notebook,Stationery,4,26.76,20,107.04,21.41,85.63,Card,Online,2026,8,August,20,Thursday,False,85.63,21.41
TXN-0077058,2026-08-20,DXB-002,Dubai,CUST-03512,P009,Backpack,Accessories,2,235.88,0,471.76,0.0,471.76,Card,Store,2026,8,August,20,Thursday,False,471.76,235.88
TXN-0077074,2026-08-20,DXB-002,Dubai,CUST-07789,P002,Smartphone,Electronics,2,1832.28,5,3664.56,183.23,3481.33,Apple Pay,Store,2026,8,August,20,Thursday,False,3481.33,1740.66
TXN-0077136,2026-08-20,DXB-001,Dubai,CUST-00216,P014,Power Bank,Electronics,3,149.96,15,449.88,67.48,382.4,Bank Transfer,Store,2026,8,August,20,Thursday,False,382.4,127.47
TXN-0077203,2026-08-20,DXB-002,Dubai,CUST-05522,P009,Backpack,Accessories,1,221.75,5,221.75,11.09,210.66,Cash,Store,2026,8,August,20,Thursday,False,210.66,210.66
TXN-0077303,2026-08-20,DXB-001,Dubai,CUST-00559,P012,Pen Pack,Stationery,1,14.88,0,14.88,0.0,14.88,Card,Online,2026,8,August,20,Thursday,False,14.88,14.88
TXN-0077362,2026-08-20,DXB-001,Dubai,CUST-07233,P013,USB Drive,Accessories,6,46.23,5,277.38,13.87,263.51,Apple Pay,Store,2026,8,August,20,Thursday,False,263.51,43.92
TXN-0077389,2026-08-20,DXB-001,Dubai,CUST-04486,P009,Backpack,Accessories,1,211.51,0,211.51,0.0,211.51,Card,Store,2026,8,August,20,Thursday,False,211.51,211.51
TXN-0077400,2026-08-20,DXB-001,Dubai,CUST-07622,P012,Pen Pack,Stationery,2,15.15,10,30.3,3.03,27.27,Card,Store,2026,8,August,20,Thursday,False,27.27,13.64
TXN-0077431,2026-08-20,DXB-002,Dubai,CUST-03962,P009,Backpack,Accessories,1,215.42,10,215.42,21.54,193.88,Card,Store,2026,8,August,20,Thursday,False,193.88,193.88
TXN-0077438,2026-08-20,DXB-005,Dubai,CUST-01080,P010,Printer,Office,1,734.27,10,734.27,73.43,660.84,Card,Online,2026,8,August,20,Thursday,False,660.84,660.84
TXN-0077574,2026-08-20,DXB-004,Dubai,CUST-05588,P001,Laptop,Electronics,1,2654.13,0,2654.13,0.0,2654.13,Apple Pay,Online,2026,8,August,20,Thursday,False,2654.13,2654.13
TXN-0077649,2026-08-20,DXB-005,Dubai,CUST-05359,P007,Office Chair,Furniture,1,643.56,15,643.56,96.53,547.03,Apple Pay,Store,2026,8,August,20,Thursday,False,547.03,547.03
TXN-0077665,2026-08-20,DXB-004,Dubai,CUST-07830,P013,USB Drive,Accessories,1,41.86,0,41.86,0.0,41.86,Apple Pay,Store,2026,8,August,20,Thursday,False,41.86,41.86
TXN-0077676,2026-08-20,DXB-002,Dubai,CUST-01781,P005,Keyboard,Accessories,2,195.48,10,390.96,39.1,351.86,Cash,Store,2026,8,August,20,Thursday,False,351.86,175.93
TXN-0077735,2026-08-20,DXB-003,Dubai,CUST-05683,P014,Power Bank,Electronics,2,166.39,5,332.78,16.64,316.14,Card,Online,2026,8,August,20,Thursday,False,316.14,158.07
TXN-0077956,2026-08-20,DXB-002,Dubai,CUST-07959,P012,Pen Pack,Stationery,1,14.1,0,14.1,0.0,14.1,Card,Store,2026,8,August,20,Thursday,False,14.1,14.1
TXN-0078069,2026-08-20,DXB-005,Dubai,CUST-06405,P003,Headphones,Electronics,1,317.45,0,317.45,0.0,317.45,Card,Online,2026,8,August,20,Thursday,False,317.45,317.45
TXN-0078075,2026-08-20,DXB-004,Dubai,CUST-06250,P008,Desk,Furniture,3,780.62,15,2341.86,351.28,1990.58,Apple Pay,Store,2026,8,August,20,Thursday,False,1990.58,663.53
TXN-0078113,2026-08-20,DXB-002,Dubai,CUST-01351,P010,Printer,Office,1,720.09,0,720.09,0.0,720.09,Card,Store,2026,8,August,20,Thursday,False,720.09,720.09
TXN-0078152,2026-08-20,DXB-005,Dubai,CUST-00280,P014,Power Bank,Electronics,1,141.69,10,141.69,14.17,127.52,Card,Online,2026,8,August,20,Thursday,False,127.52,127.52
TXN-0078178,2026-08-20,DXB-004,Dubai,CUST-06302,P010,Printer,Office,1,729.92,0,729.92,0.0,729.92,Card,Store,2026,8,August,20,Thursday,False,729.92,729.92
TXN-0078290,2026-08-20,DXB-004,Dubai,CUST-06066,P007,Office Chair,Furniture,1,694.85,5,694.85,34.74,660.11,Card,Store,2026,8,August,20,Thursday,False,660.11,660.11
TXN-0078340,2026-08-20,DXB-003,Dubai,CUST-03232,P003,Headphones,Electronics,1,346.7,5,346.7,17.34,329.36,Card,Store,2026,8,August,20,Thursday,False,329.36,329.36
TXN-0078350,2026-08-20,DXB-004,Dubai,CUST-01332,P015,Tablet,Electronics,2,1250.91,10,2501.82,250.18,2251.64,Cash,Store,2026,8,August,20,Thursday,False,2251.64,1125.82
TXN-0078368,2026-08-20,DXB-002,Dubai,CUST-02324,P014,Power Bank,Electronics,1,148.63,0,148.63,0.0,148.63,Apple Pay,Store,2026,8,August,20,Thursday,False,148.63,148.63
TXN-0078374,2026-08-20,DXB-003,Dubai,CUST-04225,P010,Printer,Office,2,662.71,15,1325.42,198.81,1126.61,Apple Pay,Store,2026,8,August,20,Thursday,False,1126.61,563.3
TXN-0078406,2026-08-20,DXB-001,Dubai,CUST-01235,P002,Smartphone,Electronics,2,1762.78,5,3525.56,176.28,3349.28,Card,Store,2026,8,August,20,Thursday,False,3349.28,1674.64
TXN-0078463,2026-08-20,DXB-002,Dubai,CUST-04535,P010,Printer,Office,3,751.47,0,2254.41,0.0,2254.41,Apple Pay,Store,2026,8,August,20,Thursday,False,2254.41,751.47
TXN-0078702,2026-08-20,DXB-001,Dubai,CUST-02432,P015,Tablet,Electronics,1,1270.26,15,1270.26,190.54,1079.72,Apple Pay,Store,2026,8,August,20,Thursday,False,1079.72,1079.72
TXN-0078707,2026-08-20,DXB-003,Dubai,CUST-05094,P005,Keyboard,Accessories,1,169.66,5,169.66,8.48,161.18,Card,Online,2026,8,August,20,Thursday,False,161.18,161.18
TXN-0078847,2026-08-20,DXB-005,Dubai,CUST-01194,P001,Laptop,Electronics,1,2830.46,10,2830.46,283.05,2547.41,Bank Transfer,Store,2026,8,August,20,Thursday,False,2547.41,2547.41
TXN-0078870,2026-08-20,DXB-001,Dubai,CUST-05924,P011,Notebook,Stationery,2,26.81,15,53.62,8.04,45.58,Bank Transfer,Store,2026,8,August,20,Thursday,False,45.58,22.79
TXN-0078894,2026-08-20,DXB-005,Dubai,CUST-03346,P012,Pen Pack,Stationery,1,14.76,5,14.76,0.74,14.02,Card,Store,2026,8,August,20,Thursday,False,14.02,14.02
TXN-0078942,2026-08-20,DXB-005,Dubai,CUST-06595,P008,Desk,Furniture,2,839.21,20,1678.42,335.68,1342.74,Apple Pay,Online,2026,8,August,20,Thursday,False,1342.74,671.37
TXN-0078948,2026-08-20,DXB-001,Dubai,CUST-06000,P004,Monitor,Electronics,2,918.3,10,1836.6,183.66,1652.94,Bank Transfer,Store,2026,8,August,20,Thursday,False,1652.94,826.47
TXN-0078997,2026-08-20,DXB-005,Dubai,CUST-06005,P003,Headphones,Electronics,3,409.22,0,1227.66,0.0,1227.66,Card,Online,2026,8,August,20,Thursday,False,1227.66,409.22
TXN-0079012,2026-08-20,DXB-001,Dubai,CUST-04065,P010,Printer,Office,1,731.09,0,731.09,0.0,731.09,Bank Transfer,Online,2026,8,August,20,Thursday,False,731.09,731.09
TXN-0079117,2026-08-20,DXB-002,Dubai,CUST-03074,P003,Headphones,Electronics,5,323.08,5,1615.4,80.77,1534.63,Card,Store,2026,8,August,20,Thursday,False,1534.63,306.93
TXN-0079171,2026-08-20,DXB-003,Dubai,CUST-05586,P005,Keyboard,Accessories,1,170.21,10,170.21,17.02,153.19,Bank Transfer,Store,2026,8,August,20,Thursday,False,153.19,153.19
TXN-0079186,2026-08-20,DXB-005,Dubai,CUST-02523,P001,Laptop,Electronics,1,2856.55,0,2856.55,0.0,2856.55,Card,Store,2026,8,August,20,Thursday,False,2856.55,2856.55
TXN-0079240,2026-08-20,DXB-001,Dubai,CUST-02737,P005,Keyboard,Accessories,1,169.96,5,169.96,8.5,161.46,Cash,Store,2026,8,August,20,Thursday,False,161.46,161.46
TXN-0079246,2026-08-20,DXB-002,Dubai,CUST-06473,P010,Printer,Office,3,706.52,10,2119.56,211.96,1907.6,Card,Online,2026,8,August,20,Thursday,False,1907.6,635.87
TXN-0079321,2026-08-20,DXB-004,Dubai,CUST-00950,P002,Smartphone,Electronics,2,1639.33,0,3278.66,0.0,3278.66,Card,Store,2026,8,August,20,Thursday,False,3278.66,1639.33
TXN-0079352,2026-08-20,DXB-002,Dubai,CUST-07145,P004,Monitor,Electronics,4,922.73,15,3690.92,553.64,3137.28,Cash,Online,2026,8,August,20,Thursday,False,3137.28,784.32
TXN-0079373,2026-08-20,DXB-001,Dubai,CUST-02530,P015,Tablet,Electronics,1,1296.35,15,1296.35,194.45,1101.9,Cash,Store,2026,8,August,20,Thursday,False,1101.9,1101.9
TXN-0079417,2026-08-20,DXB-004,Dubai,CUST-06926,P012,Pen Pack,Stationery,1,14.76,5,14.76,0.74,14.02,Apple Pay,Store,2026,8,August,20,Thursday,False,14.02,14.02
TXN-0079464,2026-08-20,DXB-003,Dubai,CUST-06993,P012,Pen Pack,Stationery,1,15.28,5,15.28,0.76,14.52,Card,Store,2026,8,August,20,Thursday,False,14.52,14.52
TXN-0079513,2026-08-20,DXB-005,Dubai,CUST-05137,P005,Keyboard,Accessories,5,171.64,5,858.2,42.91,815.29,Card,Online,2026,8,August,20,Thursday,False,815.29,163.06
TXN-0079703,2026-08-20,DXB-001,Dubai,CUST-02057,P009,Backpack,Accessories,2,242.15,0,484.3,0.0,484.3,Card,Store,2026,8,August,20,Thursday,False,484.3,242.15
TXN-0079773,2026-08-20,DXB-001,Dubai,CUST-04298,P013,USB Drive,Accessories,1,44.12,20,44.12,8.82,35.3,Card,Online,2026,8,August,20,Thursday,False,35.3,35.3
TXN-0079837,2026-08-20,DXB-003,Dubai,CUST-02139,P004,Monitor,Electronics,1,956.81,15,956.81,143.52,813.29,Bank Transfer,Online,2026,8,August,20,Thursday,False,813.29,813.29
TXN-0079926,2026-08-20,DXB-005,Dubai,CUST-01237,P001,Laptop,Electronics,2,2665.92,10,5331.84,533.18,4798.66,Apple Pay,Online,2026,8,August,20,Thursday,False,4798.66,2399.33
TXN-0080001,2026-08-20,DXB-003,Dubai,CUST-04699,P008,Desk,Furniture,2,805.42,0,1610.84,0.0,1610.84,Card,Online,2026,8,August,20,Thursday,False,1610.84,805.42
TXN-0080040,2026-08-20,DXB-001,Dubai,CUST-06105,P014,Power Bank,Electronics,3,151.09,15,453.27,67.99,385.28,Apple Pay,Store,2026,8,August,20,Thursday,False,385.28,128.43
TXN-0080180,2026-08-20,DXB-001,Dubai,CUST-02330,P004,Monitor,Electronics,4,887.99,0,3551.96,0.0,3551.96,Card,Online,2026,8,August,20,Thursday,False,3551.96,887.99
TXN-0080248,2026-08-20,DXB-004,Dubai,CUST-03543,P011,Notebook,Stationery,1,23.67,15,23.67,3.55,20.12,Cash,Online,2026,8,August,20,Thursday,False,20.12,20.12
TXN-0080306,2026-08-20,DXB-005,Dubai,CUST-01273,P009,Backpack,Accessories,1,236.85,0,236.85,0.0,236.85,Apple Pay,Online,2026,8,August,20,Thursday,False,236.85,236.85
TXN-0080350,2026-08-20,DXB-005,Dubai,CUST-06044,P011,Notebook,Stationery,2,26.37,0,52.74,0.0,52.74,Card,Online,2026,8,August,20,Thursday,False,52.74,26.37
TXN-0080368,2026-08-20,DXB-002,Dubai,CUST-07299,P015,Tablet,Electronics,1,1229.7,5,1229.7,61.48,1168.22,Card,Store,2026,8,August,20,Thursday,False,1168.22,1168.22
TXN-0080448,2026-08-20,DXB-001,Dubai,CUST-02690,P012,Pen Pack,Stationery,2,14.84,0,29.68,0.0,29.68,Cash,Store,2026,8,August,20,Thursday,False,29.68,14.84
TXN-0080531,2026-08-20,DXB-004,Dubai,CUST-05561,P011,Notebook,Stationery,1,24.86,20,24.86,4.97,19.89,Apple Pay,Store,2026,8,August,20,Thursday,False,19.89,19.89
TXN-0080631,2026-08-20,DXB-003,Dubai,CUST-02322,P003,Headphones,Electronics,3,358.48,0,1075.44,0.0,1075.44,Card,Store,2026,8,August,20,Thursday,False,1075.44,358.48
TXN-0080648,2026-08-20,DXB-003,Dubai,CUST-01966,P008,Desk,Furniture,2,811.38,15,1622.76,243.41,1379.35,Cash,Store,2026,8,August,20,Thursday,False,1379.35,689.68
TXN-0080758,2026-08-20,DXB-004,Dubai,CUST-01460,P003,Headphones,Electronics,2,319.39,15,638.78,95.82,542.96,Apple Pay,Store,2026,8,August,20,Thursday,False,542.96,271.48
TXN-0080817,2026-08-20,DXB-005,Dubai,CUST-00322,P008,Desk,Furniture,2,796.8,5,1593.6,79.68,1513.92,Apple Pay,Store,2026,8,August,20,Thursday,False,1513.92,756.96
TXN-0080962,2026-08-20,DXB-005,Dubai,CUST-02160,P014,Power Bank,Electronics,2,147.76,5,295.52,14.78,280.74,Card,Store,2026,8,August,20,Thursday,False,280.74,140.37
TXN-0081010,2026-08-20,DXB-001,Dubai,CUST-01832,P006,Mouse,Accessories,2,103.78,0,207.56,0.0,207.56,Cash,Store,2026,8,August,20,Thursday,False,207.56,103.78
TXN-0081052,2026-08-20,DXB-003,Dubai,CUST-07657,P005,Keyboard,Accessories,2,181.96,10,363.92,36.39,327.53,Card,Online,2026,8,August,20,Thursday,False,327.53,163.76
TXN-0081069,2026-08-20,DXB-003,Dubai,CUST-03209,P006,Mouse,Accessories,2,114.0,5,228.0,11.4,216.6,Cash,Store,2026,8,August,20,Thursday,False,216.6,108.3
TXN-0081124,2026-08-20,DXB-003,Dubai,CUST-06777,P011,Notebook,Stationery,3,26.38,5,79.14,3.96,75.18,Card,Store,2026,8,August,20,Thursday,False,75.18,25.06
TXN-0081154,2026-08-20,DXB-005,Dubai,CUST-06047,P002,Smartphone,Electronics,1,1747.16,0,1747.16,0.0,1747.16,Bank Transfer,Store,2026,8,August,20,Thursday,False,1747.16,1747.16
TXN-0081195,2026-08-20,DXB-002,Dubai,CUST-06685,P005,Keyboard,Accessories,5,161.56,5,807.8,40.39,767.41,Card,Online,2026,8,August,20,Thursday,False,767.41,153.48
TXN-0081219,2026-08-20,DXB-001,Dubai,CUST-06489,P008,Desk,Furniture,2,795.17,10,1590.34,159.03,1431.31,Bank Transfer,Store,2026,8,August,20,Thursday,False,1431.31,715.66
TXN-0081220,2026-08-20,DXB-005,Dubai,CUST-00344,P012,Pen Pack,Stationery,5,16.7,5,83.5,4.18,79.32,Cash,Online,2026,8,August,20,Thursday,False,79.32,15.86
TXN-0081303,2026-08-20,DXB-005,Dubai,CUST-05396,P015,Tablet,Electronics,4,1207.62,10,4830.48,483.05,4347.43,Bank Transfer,Store,2026,8,August,20,Thursday,False,4347.43,1086.86
TXN-0081331,2026-08-20,DXB-001,Dubai,CUST-05629,P013,USB Drive,Accessories,2,40.74,0,81.48,0.0,81.48,Card,Store,2026,8,August,20,Thursday,False,81.48,40.74
TXN-0081333,2026-08-20,DXB-003,Dubai,CUST-03133,P002,Smartphone,Electronics,2,1751.4,0,3502.8,0.0,3502.8,Bank Transfer,Online,2026,8,August,20,Thursday,False,3502.8,1751.4
TXN-0081338,2026-08-20,DXB-001,Dubai,CUST-05906,P013,USB Drive,Accessories,4,45.81,10,183.24,18.32,164.92,Apple Pay,Store,2026,8,August,20,Thursday,False,164.92,41.23
TXN-0081386,2026-08-20,DXB-002,Dubai,CUST-02552,P009,Backpack,Accessories,1,236.34,10,236.34,23.63,212.71,Card,Store,2026,8,August,20,Thursday,False,212.71,212.71
TXN-0081402,2026-08-20,DXB-004,Dubai,CUST-01555,P002,Smartphone,Electronics,1,1842.71,15,1842.71,276.41,1566.3,Card,Store,2026,8,August,20,Thursday,False,1566.3,1566.3
TXN-0081448,2026-08-20,DXB-004,Dubai,CUST-00530,P008,Desk,Furniture,3,758.23,0,2274.69,0.0,2274.69,Card,Store,2026,8,August,20,Thursday,False,2274.69,758.23
TXN-0081545,2026-08-20,DXB-004,Dubai,CUST-02956,P013,USB Drive,Accessories,3,41.5,20,124.5,24.9,99.6,Card,Store,2026,8,August,20,Thursday,False,99.6,33.2
TXN-0081713,2026-08-20,DXB-005,Dubai,CUST-06776,P006,Mouse,Accessories,1,101.96,5,101.96,5.1,96.86,Cash,Online,2026,8,August,20,Thursday,False,96.86,96.86
TXN-0081742,2026-08-20,DXB-004,Dubai,CUST-01831,P003,Headphones,Electronics,1,352.86,5,352.86,17.64,335.22,Apple Pay,Store,2026,8,August,20,Thursday,False,335.22,335.22
TXN-0081764,2026-08-20,DXB-004,Dubai,CUST-02433,P006,Mouse,Accessories,1,105.9,10,105.9,10.59,95.31,Apple Pay,Online,2026,8,August,20,Thursday,False,95.31,95.31
TXN-0081782,2026-08-20,DXB-002,Dubai,CUST-07641,P015,Tablet,Electronics,2,1116.81,0,2233.62,0.0,2233.62,Card,Online,2026,8,August,20,Thursday,False,2233.62,1116.81
TXN-0081847,2026-08-20,DXB-002,Dubai,CUST-02676,P013,USB Drive,Accessories,3,45.1,20,135.3,27.06,108.24,Card,Store,2026,8,August,20,Thursday,False,108.24,36.08
TXN-0081853,2026-08-20,DXB-002,Dubai,CUST-05306,P014,Power Bank,Electronics,4,156.28,0,625.12,0.0,625.12,Apple Pay,Store,2026,8,August,20,Thursday,False,625.12,156.28
TXN-0081884,2026-08-20,DXB-003,Dubai,CUST-06789,P006,Mouse,Accessories,3,91.64,15,274.92,41.24,233.68,Card,Store,2026,8,August,20,Thursday,False,233.68,77.89
TXN-0081890,2026-08-20,DXB-005,Dubai,CUST-04392,P006,Mouse,Accessories,1,95.24,10,95.24,9.52,85.72,Card,Store,2026,8,August,20,Thursday,False,85.72,85.72
TXN-0081895,2026-08-20,DXB-005,Dubai,CUST-02892,P005,Keyboard,Accessories,1,180.44,15,180.44,27.07,153.37,Apple Pay,Store,2026,8,August,20,Thursday,False,153.37,153.37
TXN-0081901,2026-08-20,DXB-002,Dubai,CUST-00129,P009,Backpack,Accessories,4,218.49,5,873.96,43.7,830.26,Cash,Store,2026,8,August,20,Thursday,False,830.26,207.56
TXN-0081905,2026-08-20,DXB-003,Dubai,CUST-01161,P005,Keyboard,Accessories,2,177.81,0,355.62,0.0,355.62,Card,Online,2026,8,August,20,Thursday,False,355.62,177.81
TXN-0081906,2026-08-20,DXB-005,Dubai,CUST-04826,P013,USB Drive,Accessories,2,40.33,15,80.66,12.1,68.56,Apple Pay,Online,2026,8,August,20,Thursday,False,68.56,34.28
TXN-0081907,2026-08-20,DXB-003,Dubai,CUST-02883,P015,Tablet,Electronics,2,1196.55,5,2393.1,119.66,2273.44,Cash,Store,2026,8,August,20,Thursday,False,2273.44,1136.72
TXN-0081920,2026-08-20,DXB-003,Dubai,CUST-05032,P010,Printer,Office,1,692.71,10,692.71,69.27,623.44,Card,Store,2026,8,August,20,Thursday,False,623.44,623.44
TXN-0081940,2026-08-20,DXB-002,Dubai,CUST-00096,P011,Notebook,Stationery,1,26.63,0,26.63,0.0,26.63,Card,Online,2026,8,August,20,Thursday,False,26.63,26.63
TXN-0081944,2026-08-20,DXB-001,Dubai,CUST-04236,P004,Monitor,Electronics,1,783.83,5,783.83,39.19,744.64,Apple Pay,Store,2026,8,August,20,Thursday,False,744.64,744.64
TXN-0081946,2026-08-20,DXB-001,Dubai,CUST-05215,P009,Backpack,Accessories,3,198.68,10,596.04,59.6,536.44,Cash,Store,2026,8,August,20,Thursday,False,536.44,178.81
TXN-0081965,2026-08-20,DXB-004,Dubai,CUST-07696,P012,Pen Pack,Stationery,2,15.06,5,30.12,1.51,28.61,Bank Transfer,Store,2026,8,August,20,Thursday,False,28.61,14.3
TXN-0081999,2026-08-20,DXB-001,Dubai,CUST-07291,P009,Backpack,Accessories,1,207.34,0,207.34,0.0,207.34,Bank Transfer,Online,2026,8,August,20,Thursday,False,207.34,207.34
TXN-0082068,2026-08-20,DXB-001,Dubai,CUST-03510,P008,Desk,Furniture,2,843.04,10,1686.08,168.61,1517.47,Card,Store,2026,8,August,20,Thursday,False,1517.47,758.74
TXN-0082151,2026-08-20,DXB-003,Dubai,CUST-02672,P008,Desk,Furniture,3,812.73,0,2438.19,0.0,2438.19,Cash,Store,2026,8,August,20,Thursday,False,2438.19,812.73
TXN-0082152,2026-08-20,DXB-003,Dubai,CUST-04241,P010,Printer,Office,1,652.0,15,652.0,97.8,554.2,Cash,Store,2026,8,August,20,Thursday,False,554.2,554.2
TXN-0082326,2026-08-20,DXB-005,Dubai,CUST-01065,P015,Tablet,Electronics,2,1182.98,0,2365.96,0.0,2365.96,Apple Pay,Store,2026,8,August,20,Thursday,False,2365.96,1182.98
TXN-0082341,2026-08-20,DXB-002,Dubai,CUST-05391,P008,Desk,Furniture,1,776.13,5,776.13,38.81,737.32,Card,Store,2026,8,August,20,Thursday,False,737.32,737.32
TXN-0082473,2026-08-20,DXB-004,Dubai,CUST-07160,P014,Power Bank,Electronics,1,144.45,0,144.45,0.0,144.45,Apple Pay,Store,2026,8,August,20,Thursday,False,144.45,144.45
TXN-0082610,2026-08-20,DXB-001,Dubai,CUST-06919,P004,Monitor,Electronics,1,998.85,15,998.85,149.83,849.02,Card,Store,2026,8,August,20,Thursday,False,849.02,849.02
TXN-0082637,2026-08-20,DXB-001,Dubai,CUST-06068,P014,Power Bank,Electronics,2,134.19,0,268.38,0.0,268.38,Card,Store,2026,8,August,20,Thursday,False,268.38,134.19
TXN-0082670,2026-08-20,DXB-005,Dubai,CUST-00384,P015,Tablet,Electronics,3,1329.13,15,3987.39,598.11,3389.28,Card,Store,2026,8,August,20,Thursday,False,3389.28,1129.76
TXN-0082675,2026-08-20,DXB-002,Dubai,CUST-01042,P002,Smartphone,Electronics,1,1864.39,10,1864.39,186.44,1677.95,Card,Online,2026,8,August,20,Thursday,False,1677.95,1677.95
TXN-0082732,2026-08-20,DXB-001,Dubai,CUST-04572,P008,Desk,Furniture,1,794.24,0,794.24,0.0,794.24,Card,Store,2026,8,August,20,Thursday,False,794.24,794.24
TXN-0082759,2026-08-20,DXB-001,Dubai,CUST-01980,P003,Headphones,Electronics,1,327.08,15,327.08,49.06,278.02,Card,Store,2026,8,August,20,Thursday,False,278.02,278.02
TXN-0082760,2026-08-20,DXB-001,Dubai,CUST-01703,P014,Power Bank,Electronics,2,153.32,10,306.64,30.66,275.98,Cash,Store,2026,8,August,20,Thursday,False,275.98,137.99
TXN-0082830,2026-08-20,DXB-001,Dubai,CUST-04347,P015,Tablet,Electronics,2,1206.26,10,2412.52,241.25,2171.27,Bank Transfer,Store,2026,8,August,20,Thursday,False,2171.27,1085.64
TXN-0082854,2026-08-20,DXB-005,Dubai,CUST-03842,P014,Power Bank,Electronics,3,145.38,10,436.14,43.61,392.53,Card,Online,2026,8,August,20,Thursday,False,392.53,130.84
TXN-0082900,2026-08-20,DXB-003,Dubai,CUST-00256,P003,Headphones,Electronics,1,333.44,5,333.44,16.67,316.77,Card,Store,2026,8,August,20,Thursday,False,316.77,316.77
TXN-0082918,2026-08-20,DXB-005,Dubai,CUST-04437,P001,Laptop,Electronics,1,3144.1,15,3144.1,471.62,2672.48,Card,Store,2026,8,August,20,Thursday,False,2672.48,2672.48
TXN-0083060,2026-08-20,DXB-005,Dubai,CUST-01368,P005,Keyboard,Accessories,1,191.52,5,191.52,9.58,181.94,Apple Pay,Store,2026,8,August,20,Thursday,False,181.94,181.94
TXN-0083103,2026-08-20,DXB-003,Dubai,CUST-02178,P007,Office Chair,Furniture,1,708.39,0,708.39,0.0,708.39,Apple Pay,Store,2026,8,August,20,Thursday,False,708.39,708.39
TXN-0083107,2026-08-20,DXB-004,Dubai,CUST-02858,P003,Headphones,Electronics,2,317.58,10,635.16,63.52,571.64,Card,Store,2026,8,August,20,Thursday,False,571.64,285.82
TXN-0083190,2026-08-20,DXB-005,Dubai,CUST-01679,P015,Tablet,Electronics,1,1063.93,10,1063.93,106.39,957.54,Card,Store,2026,8,August,20,Thursday,False,957.54,957.54
TXN-0083236,2026-08-20,DXB-001,Dubai,CUST-07337,P005,Keyboard,Accessories,1,197.52,10,197.52,19.75,177.77,Cash,Store,2026,8,August,20,Thursday,False,177.77,177.77
TXN-0083238,2026-08-20,DXB-002,Dubai,CUST-04067,P004,Monitor,Electronics,1,960.65,0,960.65,0.0,960.65,Bank Transfer,Store,2026,8,August,20,Thursday,False,960.65,960.65
TXN-0083268,2026-08-20,DXB-001,Dubai,CUST-03630,P014,Power Bank,Electronics,1,136.35,15,136.35,20.45,115.9,Card,Store,2026,8,August,20,Thursday,False,115.9,115.9
TXN-0083294,2026-08-20,DXB-002,Dubai,CUST-07040,P015,Tablet,Electronics,1,1220.1,15,1220.1,183.02,1037.08,Apple Pay,Store,2026,8,August,20,Thursday,False,1037.08,1037.08
TXN-0083374,2026-08-20,DXB-005,Dubai,CUST-07627,P015,Tablet,Electronics,1,1181.92,0,1181.92,0.0,1181.92,Cash,Store,2026,8,August,20,Thursday,False,1181.92,1181.92
TXN-0083437,2026-08-20,DXB-005,Dubai,CUST-00084,P010,Printer,Office,1,704.73,10,704.73,70.47,634.26,Apple Pay,Store,2026,8,August,20,Thursday,False,634.26,634.26
TXN-0083531,2026-08-20,DXB-003,Dubai,CUST-02359,P005,Keyboard,Accessories,3,176.25,10,528.75,52.88,475.87,Card,Store,2026,8,August,20,Thursday,False,475.87,158.62
TXN-0083537,2026-08-20,DXB-003,Dubai,CUST-01571,P006,Mouse,Accessories,1,104.07,10,104.07,10.41,93.66,Apple Pay,Store,2026,8,August,20,Thursday,False,93.66,93.66
TXN-0083553,2026-08-20,DXB-003,Dubai,CUST-06437,P008,Desk,Furniture,4,834.81,5,3339.24,166.96,3172.28,Apple Pay,Store,2026,8,August,20,Thursday,False,3172.28,793.07
TXN-0083613,2026-08-20,DXB-005,Dubai,CUST-06574,P001,Laptop,Electronics,2,2561.88,10,5123.76,512.38,4611.38,Bank Transfer,Store,2026,8,August,20,Thursday,False,4611.38,2305.69
TXN-0083642,2026-08-20,DXB-002,Dubai,CUST-06591,P006,Mouse,Accessories,1,102.97,5,102.97,5.15,97.82,Bank Transfer,Store,2026,8,August,20,Thursday,False,97.82,97.82
TXN-0083706,2026-08-20,DXB-002,Dubai,CUST-00854,P006,Mouse,Accessories,1,94.27,0,94.27,0.0,94.27,Card,Store,2026,8,August,20,Thursday,False,94.27,94.27
TXN-0083731,2026-08-20,DXB-002,Dubai,CUST-07248,P011,Notebook,Stationery,1,26.49,15,26.49,3.97,22.52,Card,Online,2026,8,August,20,Thursday,False,22.52,22.52
TXN-0083745,2026-08-20,DXB-003,Dubai,CUST-00764,P003,Headphones,Electronics,1,351.74,10,351.74,35.17,316.57,Apple Pay,Store,2026,8,August,20,Thursday,False,316.57,316.57
TXN-0083774,2026-08-20,DXB-003,Dubai,CUST-04912,P003,Headphones,Electronics,3,345.84,15,1037.52,155.63,881.89,Card,Store,2026,8,August,20,Thursday,False,881.89,293.96
TXN-0083787,2026-08-20,DXB-001,Dubai,CUST-04137,P004,Monitor,Electronics,1,819.54,20,819.54,163.91,655.63,Bank Transfer,Store,2026,8,August,20,Thursday,False,655.63,655.63
TXN-0083822,2026-08-20,DXB-005,Dubai,CUST-04865,P009,Backpack,Accessories,1,218.34,10,218.34,21.83,196.51,Apple Pay,Online,2026,8,August,20,Thursday,False,196.51,196.51
TXN-0083843,2026-08-20,DXB-002,Dubai,CUST-07798,P002,Smartphone,Electronics,3,1931.43,0,5794.29,0.0,5794.29,Card,Store,2026,8,August,20,Thursday,False,5794.29,1931.43
TXN-0083901,2026-08-20,DXB-001,Dubai,CUST-02180,P003,Headphones,Electronics,2,336.28,5,672.56,33.63,638.93,Apple Pay,Store,2026,8,August,20,Thursday,False,638.93,319.46
TXN-0083973,2026-08-20,DXB-002,Dubai,CUST-05000,P015,Tablet,Electronics,6,1303.2,5,7819.2,390.96,7428.24,Card,Store,2026,8,August,20,Thursday,False,7428.24,1238.04
TXN-0083997,2026-08-20,DXB-003,Dubai,CUST-02071,P001,Laptop,Electronics,2,2837.37,15,5674.74,851.21,4823.53,Card,Store,2026,8,August,20,Thursday,False,4823.53,2411.76
TXN-0084064,2026-08-20,DXB-003,Dubai,CUST-01987,P008,Desk,Furniture,4,786.7,0,3146.8,0.0,3146.8,Cash,Online,2026,8,August,20,Thursday,False,3146.8,786.7
TXN-0084068,2026-08-20,DXB-002,Dubai,CUST-07934,P013,USB Drive,Accessories,1,47.8,5,47.8,2.39,45.41,Cash,Online,2026,8,August,20,Thursday,False,45.41,45.41
TXN-0084084,2026-08-20,DXB-002,Dubai,CUST-04567,P005,Keyboard,Accessories,4,180.99,0,723.96,0.0,723.96,Apple Pay,Store,2026,8,August,20,Thursday,False,723.96,180.99
TXN-0084156,2026-08-20,DXB-003,Dubai,CUST-03558,P011,Notebook,Stationery,1,26.52,5,26.52,1.33,25.19,Apple Pay,Store,2026,8,August,20,Thursday,False,25.19,25.19
TXN-0084175,2026-08-20,DXB-004,Dubai,CUST-07994,P002,Smartphone,Electronics,2,1961.31,15,3922.62,588.39,3334.23,Cash,Store,2026,8,August,20,Thursday,False,3334.23,1667.12
TXN-0084186,2026-08-20,DXB-004,Dubai,CUST-06160,P007,Office Chair,Furniture,1,631.36,10,631.36,63.14,568.22,Card,Online,2026,8,August,20,Thursday,False,568.22,568.22
TXN-0084203,2026-08-20,DXB-004,Dubai,CUST-02120,P013,USB Drive,Accessories,4,44.49,10,177.96,17.8,160.16,Card,Store,2026,8,August,20,Thursday,False,160.16,40.04
TXN-0084328,2026-08-20,DXB-003,Dubai,CUST-07004,P002,Smartphone,Electronics,2,1875.98,0,3751.96,0.0,3751.96,Apple Pay,Store,2026,8,August,20,Thursday,False,3751.96,1875.98
TXN-0084331,2026-08-20,DXB-001,Dubai,CUST-04583,P012,Pen Pack,Stationery,1,16.41,0,16.41,0.0,16.41,Card,Online,2026,8,August,20,Thursday,False,16.41,16.41
TXN-0084610,2026-08-20,DXB-003,Dubai,CUST-01683,P013,USB Drive,Accessories,3,44.98,10,134.94,13.49,121.45,Cash,Online,2026,8,August,20,Thursday,False,121.45,40.48
TXN-0084636,2026-08-20,DXB-004,Dubai,CUST-02968,P003,Headphones,Electronics,1,364.8,5,364.8,18.24,346.56,Card,Store,2026,8,August,20,Thursday,False,346.56,346.56
TXN-0084643,2026-08-20,DXB-004,Dubai,CUST-04975,P008,Desk,Furniture,2,757.69,5,1515.38,75.77,1439.61,Apple Pay,Online,2026,8,August,20,Thursday,False,1439.61,719.8
TXN-0084662,2026-08-20,DXB-004,Dubai,CUST-00147,P011,Notebook,Stationery,3,23.79,5,71.37,3.57,67.8,Card,Store,2026,8,August,20,Thursday,False,67.8,22.6
TXN-0084682,2026-08-20,DXB-001,Dubai,CUST-01824,P013,USB Drive,Accessories,2,45.78,10,91.56,9.16,82.4,Card,Store,2026,8,August,20,Thursday,False,82.4,41.2
TXN-0084721,2026-08-20,DXB-003,Dubai,CUST-00581,P002,Smartphone,Electronics,1,1884.25,10,1884.25,188.42,1695.83,Card,Store,2026,8,August,20,Thursday,False,1695.83,1695.83
TXN-0084748,2026-08-20,DXB-004,Dubai,CUST-06309,P011,Notebook,Stationery,2,23.51,15,47.02,7.05,39.97,Cash,Store,2026,8,August,20,Thursday,False,39.97,19.98
TXN-0084794,2026-08-20,DXB-001,Dubai,CUST-01693,P008,Desk,Furniture,1,704.5,0,704.5,0.0,704.5,Apple Pay,Store,2026,8,August,20,Thursday,False,704.5,704.5
TXN-0084806,2026-08-20,DXB-002,Dubai,CUST-03092,P002,Smartphone,Electronics,1,1903.07,0,1903.07,0.0,1903.07,Apple Pay,Store,2026,8,August,20,Thursday,False,1903.07,1903.07
TXN-0084967,2026-08-20,DXB-002,Dubai,CUST-03932,P004,Monitor,Electronics,1,855.97,10,855.97,85.6,770.37,Apple Pay,Store,2026,8,August,20,Thursday,False,770.37,770.37
TXN-0085189,2026-08-20,DXB-005,Dubai,CUST-03226,P003,Headphones,Electronics,4,368.54,15,1474.16,221.12,1253.04,Apple Pay,Online,2026,8,August,20,Thursday,False,1253.04,313.26
TXN-0085220,2026-08-20,DXB-003,Dubai,CUST-02168,P009,Backpack,Accessories,1,226.58,10,226.58,22.66,203.92,Card,Online,2026,8,August,20,Thursday,False,203.92,203.92
TXN-0085239,2026-08-20,DXB-001,Dubai,CUST-01683,P001,Laptop,Electronics,2,2534.96,0,5069.92,0.0,5069.92,Cash,Online,2026,8,August,20,Thursday,False,5069.92,2534.96
TXN-0085329,2026-08-20,DXB-004,Dubai,CUST-05899,P004,Monitor,Electronics,1,891.71,10,891.71,89.17,802.54,Cash,Store,2026,8,August,20,Thursday,False,802.54,802.54
TXN-0085377,2026-08-20,DXB-001,Dubai,CUST-02833,P006,Mouse,Accessories,1,102.96,10,102.96,10.3,92.66,Apple Pay,Store,2026,8,August,20,Thursday,False,92.66,92.66
TXN-0085515,2026-08-20,DXB-003,Dubai,CUST-06788,P005,Keyboard,Accessories,3,176.28,15,528.84,79.33,449.51,Apple Pay,Online,2026,8,August,20,Thursday,False,449.51,149.84
TXN-0085578,2026-08-20,DXB-002,Dubai,CUST-04200,P007,Office Chair,Furniture,4,632.57,10,2530.28,253.03,2277.25,Card,Store,2026,8,August,20,Thursday,False,2277.25,569.31
TXN-0085704,2026-08-20,DXB-005,Dubai,CUST-06059,P011,Notebook,Stationery,3,25.04,20,75.12,15.02,60.1,Cash,Store,2026,8,August,20,Thursday,False,60.1,20.03
TXN-0085749,2026-08-20,DXB-005,Dubai,CUST-06619,P001,Laptop,Electronics,3,2519.89,10,7559.67,755.97,6803.7,Card,Store,2026,8,August,20,Thursday,False,6803.7,2267.9
TXN-0085758,2026-08-20,DXB-002,Dubai,CUST-06408,P010,Printer,Office,1,700.78,0,700.78,0.0,700.78,Apple Pay,Online,2026,8,August,20,Thursday,False,700.78,700.78
TXN-0085785,2026-08-20,DXB-002,Dubai,CUST-06014,P011,Notebook,Stationery,1,25.24,10,25.24,2.52,22.72,Card,Store,2026,8,August,20,Thursday,False,22.72,22.72
TXN-0085819,2026-08-20,DXB-003,Dubai,CUST-04480,P013,USB Drive,Accessories,3,39.07,10,117.21,11.72,105.49,Cash,Store,2026,8,August,20,Thursday,False,105.49,35.16
TXN-0085834,2026-08-20,DXB-004,Dubai,CUST-07072,P012,Pen Pack,Stationery,4,15.86,0,63.44,0.0,63.44,Apple Pay,Store,2026,8,August,20,Thursday,False,63.44,15.86
TXN-0085947,2026-08-20,DXB-005,Dubai,CUST-02706,P009,Backpack,Accessories,4,217.19,10,868.76,86.88,781.88,Apple Pay,Online,2026,8,August,20,Thursday,False,781.88,195.47
TXN-0086040,2026-08-20,DXB-003,Dubai,CUST-05903,P011,Notebook,Stationery,6,26.68,5,160.08,8.0,152.08,Card,Store,2026,8,August,20,Thursday,False,152.08,25.35
TXN-0086133,2026-08-20,DXB-002,Dubai,CUST-03130,P007,Office Chair,Furniture,1,588.68,10,588.68,58.87,529.81,Cash,Store,2026,8,August,20,Thursday,False,529.81,529.81
TXN-0086268,2026-08-20,DXB-001,Dubai,CUST-02718,P011,Notebook,Stationery,2,23.83,20,47.66,9.53,38.13,Card,Store,2026,8,August,20,Thursday,False,38.13,19.07
TXN-0086338,2026-08-20,DXB-004,Dubai,CUST-03841,P001,Laptop,Electronics,1,2569.65,0,2569.65,0.0,2569.65,Card,Online,2026,8,August,20,Thursday,False,2569.65,2569.65
TXN-0086472,2026-08-20,DXB-005,Dubai,CUST-06459,P007,Office Chair,Furniture,2,541.46,10,1082.92,108.29,974.63,Apple Pay,Store,2026,8,August,20,Thursday,False,974.63,487.32
TXN-0086486,2026-08-20,DXB-005,Dubai,CUST-07478,P002,Smartphone,Electronics,2,1883.8,0,3767.6,0.0,3767.6,Cash,Store,2026,8,August,20,Thursday,False,3767.6,1883.8
TXN-0086500,2026-08-20,DXB-005,Dubai,CUST-03230,P006,Mouse,Accessories,1,90.18,0,90.18,0.0,90.18,Card,Online,2026,8,August,20,Thursday,False,90.18,90.18
TXN-0086554,2026-08-20,DXB-005,Dubai,CUST-07764,P006,Mouse,Accessories,2,107.37,10,214.74,21.47,193.27,Apple Pay,Store,2026,8,August,20,Thursday,False,193.27,96.64
TXN-0086737,2026-08-20,DXB-001,Dubai,CUST-06966,P003,Headphones,Electronics,1,363.21,0,363.21,0.0,363.21,Cash,Online,2026,8,August,20,Thursday,False,363.21,363.21
TXN-0086815,2026-08-20,DXB-003,Dubai,CUST-05087,P015,Tablet,Electronics,1,1215.58,20,1215.58,243.12,972.46,Bank Transfer,Store,2026,8,August,20,Thursday,False,972.46,972.46
TXN-0086822,2026-08-20,DXB-004,Dubai,CUST-03065,P014,Power Bank,Electronics,1,156.72,0,156.72,0.0,156.72,Card,Store,2026,8,August,20,Thursday,False,156.72,156.72
TXN-0086859,2026-08-20,DXB-004,Dubai,CUST-00040,P004,Monitor,Electronics,2,1015.52,5,2031.04,101.55,1929.49,Apple Pay,Online,2026,8,August,20,Thursday,False,1929.49,964.74
TXN-0086880,2026-08-20,DXB-002,Dubai,CUST-04564,P014,Power Bank,Electronics,1,156.73,5,156.73,7.84,148.89,Cash,Online,2026,8,August,20,Thursday,False,148.89,148.89
TXN-0086900,2026-08-20,DXB-003,Dubai,CUST-03064,P004,Monitor,Electronics,5,901.33,15,4506.65,676.0,3830.65,Card,Store,2026,8,August,20,Thursday,False,3830.65,766.13
TXN-0086956,2026-08-20,DXB-001,Dubai,CUST-03408,P011,Notebook,Stationery,1,23.02,5,23.02,1.15,21.87,Card,Store,2026,8,August,20,Thursday,False,21.87,21.87
TXN-0086970,2026-08-20,DXB-003,Dubai,CUST-05507,P006,Mouse,Accessories,1,96.45,15,96.45,14.47,81.98,Card,Online,2026,8,August,20,Thursday,False,81.98,81.98
TXN-0087008,2026-08-20,DXB-003,Dubai,CUST-06929,P007,Office Chair,Furniture,1,662.88,0,662.88,0.0,662.88,Apple Pay,Store,2026,8,August,20,Thursday,False,662.88,662.88
TXN-0087026,2026-08-20,DXB-003,Dubai,CUST-02006,P008,Desk,Furniture,1,785.1,0,785.1,0.0,785.1,Bank Transfer,Store,2026,8,August,20,Thursday,False,785.1,785.1
TXN-0087051,2026-08-20,DXB-005,Dubai,CUST-06064,P010,Printer,Office,1,789.06,5,789.06,39.45,749.61,Card,Store,2026,8,August,20,Thursday,False,749.61,749.61
TXN-0087172,2026-08-20,DXB-003,Dubai,CUST-00208,P006,Mouse,Accessories,1,107.53,10,107.53,10.75,96.78,Card,Online,2026,8,August,20,Thursday,False,96.78,96.78
TXN-0087190,2026-08-20,DXB-003,Dubai,CUST-07461,P015,Tablet,Electronics,4,1145.61,5,4582.44,229.12,4353.32,Apple Pay,Store,2026,8,August,20,Thursday,False,4353.32,1088.33
TXN-0087213,2026-08-20,DXB-003,Dubai,CUST-00050,P007,Office Chair,Furniture,1,643.1,5,643.1,32.16,610.94,Card,Store,2026,8,August,20,Thursday,False,610.94,610.94
TXN-0087231,2026-08-20,DXB-005,Dubai,CUST-03543,P014,Power Bank,Electronics,3,144.69,5,434.07,21.7,412.37,Card,Store,2026,8,August,20,Thursday,False,412.37,137.46
TXN-0087233,2026-08-20,DXB-005,Dubai,CUST-01644,P006,Mouse,Accessories,1,100.71,0,100.71,0.0,100.71,Card,Store,2026,8,August,20,Thursday,False,100.71,100.71
TXN-0087323,2026-08-20,DXB-004,Dubai,CUST-00610,P011,Notebook,Stationery,3,23.34,10,70.02,7.0,63.02,Card,Store,2026,8,August,20,Thursday,False,63.02,21.01
TXN-0087380,2026-08-20,DXB-002,Dubai,CUST-05604,P002,Smartphone,Electronics,2,1769.28,0,3538.56,0.0,3538.56,Card,Store,2026,8,August,20,Thursday,False,3538.56,1769.28
TXN-0087401,2026-08-20,DXB-003,Dubai,CUST-03122,P004,Monitor,Electronics,2,917.11,0,1834.22,0.0,1834.22,Card,Store,2026,8,August,20,Thursday,False,1834.22,917.11
TXN-0087407,2026-08-20,DXB-001,Dubai,CUST-06664,P011,Notebook,Stationery,2,22.86,0,45.72,0.0,45.72,Card,Online,2026,8,August,20,Thursday,False,45.72,22.86
TXN-0087418,2026-08-20,DXB-005,Dubai,CUST-06765,P011,Notebook,Stationery,1,25.47,15,25.47,3.82,21.65,Card,Store,2026,8,August,20,Thursday,False,21.65,21.65
TXN-0087430,2026-08-20,DXB-003,Dubai,CUST-04382,P002,Smartphone,Electronics,2,1716.03,0,3432.06,0.0,3432.06,Card,Store,2026,8,August,20,Thursday,False,3432.06,1716.03
TXN-0087431,2026-08-20,DXB-002,Dubai,CUST-03002,P001,Laptop,Electronics,1,2516.23,5,2516.23,125.81,2390.42,Card,Store,2026,8,August,20,Thursday,False,2390.42,2390.42
TXN-0087465,2026-08-20,DXB-001,Dubai,CUST-07207,P013,USB Drive,Accessories,2,46.3,0,92.6,0.0,92.6,Apple Pay,Store,2026,8,August,20,Thursday,False,92.6,46.3
TXN-0087536,2026-08-20,DXB-001,Dubai,CUST-00734,P004,Monitor,Electronics,1,834.81,5,834.81,41.74,793.07,Bank Transfer,Store,2026,8,August,20,Thursday,False,793.07,793.07
TXN-0087549,2026-08-20,DXB-001,Dubai,CUST-01634,P014,Power Bank,Electronics,2,154.64,20,309.28,61.86,247.42,Card,Online,2026,8,August,20,Thursday,False,247.42,123.71
TXN-0087835,2026-08-20,DXB-005,Dubai,CUST-01744,P003,Headphones,Electronics,1,380.8,15,380.8,57.12,323.68,Apple Pay,Online,2026,8,August,20,Thursday,False,323.68,323.68
TXN-0087973,2026-08-20,DXB-005,Dubai,CUST-07619,P008,Desk,Furniture,1,766.36,10,766.36,76.64,689.72,Apple Pay,Store,2026,8,August,20,Thursday,False,689.72,689.72
TXN-0088021,2026-08-20,DXB-002,Dubai,CUST-04213,P009,Backpack,Accessories,1,234.81,0,234.81,0.0,234.81,Bank Transfer,Online,2026,8,August,20,Thursday,False,234.81,234.81
TXN-0088041,2026-08-20,DXB-002,Dubai,CUST-03940,P004,Monitor,Electronics,1,960.0,5,960.0,48.0,912.0,Apple Pay,Store,2026,8,August,20,Thursday,False,912.0,912.0
TXN-0088132,2026-08-20,DXB-001,Dubai,CUST-05700,P009,Backpack,Accessories,1,209.45,10,209.45,20.94,188.51,Bank Transfer,Store,2026,8,August,20,Thursday,False,188.51,188.51
TXN-0088149,2026-08-20,DXB-002,Dubai,CUST-00534,P010,Printer,Office,2,700.84,0,1401.68,0.0,1401.68,Cash,Store,2026,8,August,20,Thursday,False,1401.68,700.84
TXN-0088272,2026-08-20,DXB-001,Dubai,CUST-04550,P003,Headphones,Electronics,2,383.51,10,767.02,76.7,690.32,Bank Transfer,Store,2026,8,August,20,Thursday,False,690.32,345.16
TXN-0088303,2026-08-20,DXB-001,Dubai,CUST-00809,P008,Desk,Furniture,6,818.66,0,4911.96,0.0,4911.96,Bank Transfer,Store,2026,8,August,20,Thursday,False,4911.96,818.66
TXN-0088367,2026-08-20,DXB-003,Dubai,CUST-07890,P004,Monitor,Electronics,4,910.58,10,3642.32,364.23,3278.09,Cash,Store,2026,8,August,20,Thursday,False,3278.09,819.52
TXN-0088421,2026-08-20,DXB-002,Dubai,CUST-05583,P011,Notebook,Stationery,3,25.77,15,77.31,11.6,65.71,Card,Store,2026,8,August,20,Thursday,False,65.71,21.9
TXN-0088604,2026-08-20,DXB-004,Dubai,CUST-00505,P011,Notebook,Stationery,4,24.5,20,98.0,19.6,78.4,Card,Store,2026,8,August,20,Thursday,False,78.4,19.6
TXN-0088643,2026-08-20,DXB-001,Dubai,CUST-00054,P007,Office Chair,Furniture,2,624.32,0,1248.64,0.0,1248.64,Cash,Store,2026,8,August,20,Thursday,False,1248.64,624.32
TXN-0088721,2026-08-20,DXB-005,Dubai,CUST-05104,P014,Power Bank,Electronics,3,161.88,20,485.64,97.13,388.51,Cash,Online,2026,8,August,20,Thursday,False,388.51,129.5
TXN-0088790,2026-08-20,DXB-001,Dubai,CUST-01562,P005,Keyboard,Accessories,1,173.77,5,173.77,8.69,165.08,Card,Store,2026,8,August,20,Thursday,False,165.08,165.08
TXN-0088821,2026-08-20,DXB-003,Dubai,CUST-02991,P001,Laptop,Electronics,1,2691.09,0,2691.09,0.0,2691.09,Card,Online,2026,8,August,20,Thursday,False,2691.09,2691.09
TXN-0088828,2026-08-20,DXB-002,Dubai,CUST-02793,P005,Keyboard,Accessories,1,183.65,0,183.65,0.0,183.65,Apple Pay,Online,2026,8,August,20,Thursday,False,183.65,183.65
TXN-0088853,2026-08-20,DXB-001,Dubai,CUST-07624,P010,Printer,Office,1,716.91,5,716.91,35.85,681.06,Cash,Online,2026,8,August,20,Thursday,False,681.06,681.06
TXN-0088900,2026-08-20,DXB-005,Dubai,CUST-05722,P010,Printer,Office,3,664.87,15,1994.61,299.19,1695.42,Apple Pay,Store,2026,8,August,20,Thursday,False,1695.42,565.14
TXN-0088918,2026-08-20,DXB-002,Dubai,CUST-02060,P009,Backpack,Accessories,2,229.58,0,459.16,0.0,459.16,Card,Store,2026,8,August,20,Thursday,False,459.16,229.58
TXN-0088929,2026-08-20,DXB-003,Dubai,CUST-05159,P001,Laptop,Electronics,1,2498.12,0,2498.12,0.0,2498.12,Card,Store,2026,8,August,20,Thursday,False,2498.12,2498.12
TXN-0088974,2026-08-20,DXB-001,Dubai,CUST-05875,P014,Power Bank,Electronics,1,141.18,5,141.18,7.06,134.12,Card,Online,2026,8,August,20,Thursday,False,134.12,134.12
TXN-0089002,2026-08-20,DXB-001,Dubai,CUST-07879,P006,Mouse,Accessories,2,103.89,5,207.78,10.39,197.39,Cash,Online,2026,8,August,20,Thursday,False,197.39,98.7
TXN-0089023,2026-08-20,DXB-002,Dubai,CUST-06136,P014,Power Bank,Electronics,1,152.14,10,152.14,15.21,136.93,Card,Store,2026,8,August,20,Thursday,False,136.93,136.93
TXN-0089055,2026-08-20,DXB-003,Dubai,CUST-04899,P003,Headphones,Electronics,1,336.63,15,336.63,50.49,286.14,Card,Online,2026,8,August,20,Thursday,False,286.14,286.14
TXN-0089090,2026-08-20,DXB-004,Dubai,CUST-00369,P003,Headphones,Electronics,1,365.13,5,365.13,18.26,346.87,Cash,Store,2026,8,August,20,Thursday,False,346.87,346.87
TXN-0089168,2026-08-20,DXB-002,Dubai,CUST-00439,P006,Mouse,Accessories,3,98.21,20,294.63,58.93,235.7,Card,Online,2026,8,August,20,Thursday,False,235.7,78.57
TXN-0089240,2026-08-20,DXB-001,Dubai,CUST-00022,P015,Tablet,Electronics,1,1104.0,5,1104.0,55.2,1048.8,Cash,Online,2026,8,August,20,Thursday,False,1048.8,1048.8
TXN-0089272,2026-08-20,DXB-003,Dubai,CUST-05120,P015,Tablet,Electronics,2,1250.82,10,2501.64,250.16,2251.48,Card,Online,2026,8,August,20,Thursday,False,2251.48,1125.74
TXN-0089294,2026-08-20,DXB-004,Dubai,CUST-05214,P010,Printer,Office,2,609.81,0,1219.62,0.0,1219.62,Card,Store,2026,8,August,20,Thursday,False,1219.62,609.81
TXN-0089315,2026-08-20,DXB-003,Dubai,CUST-01179,P002,Smartphone,Electronics,2,1759.86,15,3519.72,527.96,2991.76,Cash,Store,2026,8,August,20,Thursday,False,2991.76,1495.88
TXN-0089392,2026-08-20,DXB-005,Dubai,CUST-01833,P006,Mouse,Accessories,2,102.54,15,205.08,30.76,174.32,Bank Transfer,Online,2026,8,August,20,Thursday,False,174.32,87.16
TXN-0089604,2026-08-20,DXB-005,Dubai,CUST-05827,P009,Backpack,Accessories,1,197.7,15,197.7,29.66,168.04,Cash,Store,2026,8,August,20,Thursday,False,168.04,168.04
TXN-0089658,2026-08-20,DXB-005,Dubai,CUST-07906,P013,USB Drive,Accessories,1,46.4,10,46.4,4.64,41.76,Apple Pay,Online,2026,8,August,20,Thursday,False,41.76,41.76
TXN-0089707,2026-08-20,DXB-005,Dubai,CUST-05966,P010,Printer,Office,2,653.47,15,1306.94,196.04,1110.9,Card,Store,2026,8,August,20,Thursday,False,1110.9,555.45
TXN-0089804,2026-08-20,DXB-004,Dubai,CUST-05335,P011,Notebook,Stationery,4,25.47,5,101.88,5.09,96.79,Cash,Store,2026,8,August,20,Thursday,False,96.79,24.2
TXN-0089901,2026-08-20,DXB-002,Dubai,CUST-03833,P010,Printer,Office,1,751.42,10,751.42,75.14,676.28,Apple Pay,Store,2026,8,August,20,Thursday,False,676.28,676.28
TXN-0089908,2026-08-20,DXB-001,Dubai,CUST-06369,P006,Mouse,Accessories,1,104.21,0,104.21,0.0,104.21,Card,Store,2026,8,August,20,Thursday,False,104.21,104.21
TXN-0089974,2026-08-20,DXB-005,Dubai,CUST-05005,P006,Mouse,Accessories,1,102.83,10,102.83,10.28,92.55,Card,Store,2026,8,August,20,Thursday,False,92.55,92.55
TXN-0090039,2026-08-20,DXB-005,Dubai,CUST-05763,P010,Printer,Office,4,653.68,20,2614.72,522.94,2091.78,Apple Pay,Online,2026,8,August,20,Thursday,False,2091.78,522.95
TXN-0090258,2026-08-20,DXB-004,Dubai,CUST-04615,P015,Tablet,Electronics,1,1174.12,20,1174.12,234.82,939.3,Card,Store,2026,8,August,20,Thursday,False,939.3,939.3
TXN-0090281,2026-08-20,DXB-005,Dubai,CUST-07919,P007,Office Chair,Furniture,1,638.21,20,638.21,127.64,510.57,Card,Store,2026,8,August,20,Thursday,False,510.57,510.57
TXN-0090315,2026-08-20,DXB-004,Dubai,CUST-05335,P008,Desk,Furniture,1,861.16,10,861.16,86.12,775.04,Card,Online,2026,8,August,20,Thursday,False,775.04,775.04
TXN-0090318,2026-08-20,DXB-005,Dubai,CUST-06030,P010,Printer,Office,1,627.36,15,627.36,94.1,533.26,Apple Pay,Store,2026,8,August,20,Thursday,False,533.26,533.26
TXN-0090418,2026-08-20,DXB-003,Dubai,CUST-00882,P014,Power Bank,Electronics,1,149.67,20,149.67,29.93,119.74,Cash,Store,2026,8,August,20,Thursday,False,119.74,119.74
TXN-0090501,2026-08-20,DXB-001,Dubai,CUST-07161,P015,Tablet,Electronics,3,1182.99,15,3548.97,532.35,3016.62,Apple Pay,Store,2026,8,August,20,Thursday,False,3016.62,1005.54
TXN-0090552,2026-08-20,DXB-002,Dubai,CUST-07641,P002,Smartphone,Electronics,1,1798.29,5,1798.29,89.91,1708.38,Card,Online,2026,8,August,20,Thursday,False,1708.38,1708.38
TXN-0090587,2026-08-20,DXB-002,Dubai,CUST-02149,P002,Smartphone,Electronics,3,1883.0,5,5649.0,282.45,5366.55,Cash,Store,2026,8,August,20,Thursday,False,5366.55,1788.85
TXN-0090602,2026-08-20,DXB-001,Dubai,CUST-05234,P010,Printer,Office,4,814.81,10,3259.24,325.92,2933.32,Card,Store,2026,8,August,20,Thursday,False,2933.32,733.33
TXN-0090625,2026-08-20,DXB-005,Dubai,CUST-06386,P001,Laptop,Electronics,1,3136.06,10,3136.06,313.61,2822.45,Apple Pay,Online,2026,8,August,20,Thursday,False,2822.45,2822.45
TXN-0090631,2026-08-20,DXB-005,Dubai,CUST-07605,P007,Office Chair,Furniture,2,724.45,0,1448.9,0.0,1448.9,Card,Online,2026,8,August,20,Thursday,False,1448.9,724.45
TXN-0090733,2026-08-20,DXB-001,Dubai,CUST-07412,P003,Headphones,Electronics,1,363.93,15,363.93,54.59,309.34,Card,Store,2026,8,August,20,Thursday,False,309.34,309.34
TXN-0090739,2026-08-20,DXB-004,Dubai,CUST-05588,P002,Smartphone,Electronics,1,1814.45,5,1814.45,90.72,1723.73,Bank Transfer,Store,2026,8,August,20,Thursday,False,1723.73,1723.73
TXN-0090810,2026-08-20,DXB-004,Dubai,CUST-02126,P008,Desk,Furniture,1,841.99,15,841.99,126.3,715.69,Card,Store,2026,8,August,20,Thursday,False,715.69,715.69
TXN-0090839,2026-08-20,DXB-001,Dubai,CUST-03107,P011,Notebook,Stationery,1,25.69,0,25.69,0.0,25.69,Apple Pay,Store,2026,8,August,20,Thursday,False,25.69,25.69
TXN-0090848,2026-08-20,DXB-004,Dubai,CUST-04689,P014,Power Bank,Electronics,5,141.2,0,706.0,0.0,706.0,Card,Online,2026,8,August,20,Thursday,False,706.0,141.2
TXN-0090870,2026-08-20,DXB-004,Dubai,CUST-07215,P004,Monitor,Electronics,2,952.53,10,1905.06,190.51,1714.55,Bank Transfer,Store,2026,8,August,20,Thursday,False,1714.55,857.28
TXN-0090883,2026-08-20,DXB-001,Dubai,CUST-06989,P002,Smartphone,Electronics,1,1848.0,15,1848.0,277.2,1570.8,Cash,Store,2026,8,August,20,Thursday,False,1570.8,1570.8
TXN-0090926,2026-08-20,DXB-001,Dubai,CUST-02131,P003,Headphones,Electronics,1,328.81,20,328.81,65.76,263.05,Card,Store,2026,8,August,20,Thursday,False,263.05,263.05
TXN-0090943,2026-08-20,DXB-005,Dubai,CUST-03376,P004,Monitor,Electronics,4,858.8,10,3435.2,343.52,3091.68,Apple Pay,Store,2026,8,August,20,Thursday,False,3091.68,772.92
TXN-0091008,2026-08-20,DXB-004,Dubai,CUST-05340,P009,Backpack,Accessories,2,225.55,10,451.1,45.11,405.99,Apple Pay,Store,2026,8,August,20,Thursday,False,405.99,203.0
TXN-0091056,2026-08-20,DXB-003,Dubai,CUST-03829,P008,Desk,Furniture,4,837.74,5,3350.96,167.55,3183.41,Cash,Store,2026,8,August,20,Thursday,False,3183.41,795.85
TXN-0091063,2026-08-20,DXB-003,Dubai,CUST-03819,P008,Desk,Furniture,1,851.41,0,851.41,0.0,851.41,Cash,Store,2026,8,August,20,Thursday,False,851.41,851.41
TXN-0091154,2026-08-20,DXB-002,Dubai,CUST-02966,P002,Smartphone,Electronics,5,1908.99,5,9544.95,477.25,9067.7,Card,Online,2026,8,August,20,Thursday,False,9067.7,1813.54
TXN-0091162,2026-08-20,DXB-002,Dubai,CUST-02207,P014,Power Bank,Electronics,1,149.73,10,149.73,14.97,134.76,Bank Transfer,Store,2026,8,August,20,Thursday,False,134.76,134.76
TXN-0091191,2026-08-20,DXB-003,Dubai,CUST-07272,P012,Pen Pack,Stationery,1,14.6,10,14.6,1.46,13.14,Cash,Store,2026,8,August,20,Thursday,False,13.14,13.14
TXN-0091256,2026-08-20,DXB-004,Dubai,CUST-07462,P014,Power Bank,Electronics,1,147.22,10,147.22,14.72,132.5,Cash,Online,2026,8,August,20,Thursday,False,132.5,132.5
TXN-0091265,2026-08-20,DXB-004,Dubai,CUST-05873,P015,Tablet,Electronics,1,1329.32,5,1329.32,66.47,1262.85,Apple Pay,Store,2026,8,August,20,Thursday,False,1262.85,1262.85
TXN-0091336,2026-08-20,DXB-001,Dubai,CUST-00257,P015,Tablet,Electronics,4,1198.96,10,4795.84,479.58,4316.26,Card,Store,2026,8,August,20,Thursday,False,4316.26,1079.06
TXN-0091456,2026-08-20,DXB-005,Dubai,CUST-05890,P003,Headphones,Electronics,1,348.85,20,348.85,69.77,279.08,Card,Store,2026,8,August,20,Thursday,False,279.08,279.08
TXN-0091719,2026-08-20,DXB-002,Dubai,CUST-02966,P009,Backpack,Accessories,1,219.5,0,219.5,0.0,219.5,Cash,Online,2026,8,August,20,Thursday,False,219.5,219.5
TXN-0091792,2026-08-20,DXB-003,Dubai,CUST-04414,P008,Desk,Furniture,3,782.23,10,2346.69,234.67,2112.02,Cash,Store,2026,8,August,20,Thursday,False,2112.02,704.01
TXN-0091802,2026-08-20,DXB-003,Dubai,CUST-01629,P002,Smartphone,Electronics,1,1692.35,0,1692.35,0.0,1692.35,Card,Online,2026,8,August,20,Thursday,False,1692.35,1692.35
TXN-0091895,2026-08-20,DXB-005,Dubai,CUST-03330,P007,Office Chair,Furniture,5,621.16,10,3105.8,310.58,2795.22,Cash,Online,2026,8,August,20,Thursday,False,2795.22,559.04
TXN-0091972,2026-08-20,DXB-003,Dubai,CUST-05518,P011,Notebook,Stationery,1,24.11,5,24.11,1.21,22.9,Card,Online,2026,8,August,20,Thursday,False,22.9,22.9
TXN-0092023,2026-08-20,DXB-001,Dubai,CUST-02750,P004,Monitor,Electronics,1,889.7,0,889.7,0.0,889.7,Card,Store,2026,8,August,20,Thursday,False,889.7,889.7
TXN-0092109,2026-08-20,DXB-002,Dubai,CUST-06479,P015,Tablet,Electronics,3,1168.49,15,3505.47,525.82,2979.65,Cash,Store,2026,8,August,20,Thursday,False,2979.65,993.22
TXN-0092161,2026-08-20,DXB-002,Dubai,CUST-07693,P004,Monitor,Electronics,1,968.6,5,968.6,48.43,920.17,Cash,Online,2026,8,August,20,Thursday,False,920.17,920.17
TXN-0092202,2026-08-20,DXB-003,Dubai,CUST-01572,P009,Backpack,Accessories,1,200.79,10,200.79,20.08,180.71,Cash,Store,2026,8,August,20,Thursday,False,180.71,180.71
TXN-0092205,2026-08-20,DXB-002,Dubai,CUST-03509,P014,Power Bank,Electronics,2,131.9,10,263.8,26.38,237.42,Card,Store,2026,8,August,20,Thursday,False,237.42,118.71
TXN-0092325,2026-08-20,DXB-004,Dubai,CUST-03402,P005,Keyboard,Accessories,2,189.7,0,379.4,0.0,379.4,Card,Store,2026,8,August,20,Thursday,False,379.4,189.7
TXN-0092337,2026-08-20,DXB-003,Dubai,CUST-06464,P005,Keyboard,Accessories,2,178.47,5,356.94,17.85,339.09,Apple Pay,Store,2026,8,August,20,Thursday,False,339.09,169.54
TXN-0092453,2026-08-20,DXB-005,Dubai,CUST-00474,P005,Keyboard,Accessories,1,183.01,5,183.01,9.15,173.86,Card,Store,2026,8,August,20,Thursday,False,173.86,173.86
TXN-0092506,2026-08-20,DXB-002,Dubai,CUST-07029,P008,Desk,Furniture,2,749.6,5,1499.2,74.96,1424.24,Apple Pay,Online,2026,8,August,20,Thursday,False,1424.24,712.12
TXN-0092589,2026-08-20,DXB-002,Dubai,CUST-05460,P010,Printer,Office,1,694.17,0,694.17,0.0,694.17,Cash,Store,2026,8,August,20,Thursday,False,694.17,694.17
TXN-0092692,2026-08-20,DXB-004,Dubai,CUST-02347,P002,Smartphone,Electronics,1,1645.01,20,1645.01,329.0,1316.01,Card,Online,2026,8,August,20,Thursday,False,1316.01,1316.01
TXN-0092708,2026-08-20,DXB-001,Dubai,CUST-05828,P009,Backpack,Accessories,1,202.34,5,202.34,10.12,192.22,Cash,Store,2026,8,August,20,Thursday,False,192.22,192.22
TXN-0092746,2026-08-20,DXB-005,Dubai,CUST-03533,P009,Backpack,Accessories,2,197.92,5,395.84,19.79,376.05,Cash,Store,2026,8,August,20,Thursday,False,376.05,188.02
TXN-0092786,2026-08-20,DXB-004,Dubai,CUST-04058,P006,Mouse,Accessories,4,105.05,0,420.2,0.0,420.2,Card,Store,2026,8,August,20,Thursday,False,420.2,105.05
TXN-0092879,2026-08-20,DXB-001,Dubai,CUST-02765,P013,USB Drive,Accessories,2,45.48,0,90.96,0.0,90.96,Apple Pay,Store,2026,8,August,20,Thursday,False,90.96,45.48
TXN-0092973,2026-08-20,DXB-004,Dubai,CUST-03843,P002,Smartphone,Electronics,1,1868.93,0,1868.93,0.0,1868.93,Card,Store,2026,8,August,20,Thursday,False,1868.93,1868.93
TXN-0093013,2026-08-20,DXB-002,Dubai,CUST-07505,P008,Desk,Furniture,1,854.53,5,854.53,42.73,811.8,Card,Store,2026,8,August,20,Thursday,False,811.8,811.8
TXN-0093016,2026-08-20,DXB-005,Dubai,CUST-07163,P011,Notebook,Stationery,1,20.49,5,20.49,1.02,19.47,Cash,Online,2026,8,August,20,Thursday,False,19.47,19.47
TXN-0093104,2026-08-20,DXB-004,Dubai,CUST-01650,P006,Mouse,Accessories,1,100.1,15,100.1,15.02,85.08,Apple Pay,Store,2026,8,August,20,Thursday,False,85.08,85.08
TXN-0093246,2026-08-20,DXB-003,Dubai,CUST-00939,P014,Power Bank,Electronics,1,147.98,10,147.98,14.8,133.18,Cash,Store,2026,8,August,20,Thursday,False,133.18,133.18
TXN-0093423,2026-08-20,DXB-002,Dubai,CUST-01713,P011,Notebook,Stationery,1,23.34,10,23.34,2.33,21.01,Card,Store,2026,8,August,20,Thursday,False,21.01,21.01
TXN-0093445,2026-08-20,DXB-004,Dubai,CUST-02006,P004,Monitor,Electronics,1,875.48,0,875.48,0.0,875.48,Bank Transfer,Store,2026,8,August,20,Thursday,False,875.48,875.48
TXN-0093544,2026-08-20,DXB-004,Dubai,CUST-02736,P010,Printer,Office,1,703.28,0,703.28,0.0,703.28,Card,Store,2026,8,August,20,Thursday,False,703.28,703.28
TXN-0093694,2026-08-20,DXB-001,Dubai,CUST-07539,P010,Printer,Office,2,785.1,0,1570.2,0.0,1570.2,Bank Transfer,Store,2026,8,August,20,Thursday,False,1570.2,785.1
TXN-0093743,2026-08-20,DXB-005,Dubai,CUST-05319,P015,Tablet,Electronics,4,1121.75,10,4487.0,448.7,4038.3,Cash,Store,2026,8,August,20,Thursday,False,4038.3,1009.58
TXN-0093753,2026-08-20,DXB-001,Dubai,CUST-06634,P010,Printer,Office,1,665.89,0,665.89,0.0,665.89,Card,Store,2026,8,August,20,Thursday,False,665.89,665.89
TXN-0093769,2026-08-20,DXB-004,Dubai,CUST-05036,P009,Backpack,Accessories,2,188.42,0,376.84,0.0,376.84,Apple Pay,Online,2026,8,August,20,Thursday,False,376.84,188.42
TXN-0093848,2026-08-20,DXB-005,Dubai,CUST-06701,P008,Desk,Furniture,4,813.64,0,3254.56,0.0,3254.56,Card,Online,2026,8,August,20,Thursday,False,3254.56,813.64
TXN-0093875,2026-08-20,DXB-002,Dubai,CUST-07635,P006,Mouse,Accessories,1,92.55,5,92.55,4.63,87.92,Card,Store,2026,8,August,20,Thursday,False,87.92,87.92
TXN-0093914,2026-08-20,DXB-005,Dubai,CUST-00438,P006,Mouse,Accessories,2,98.51,0,197.02,0.0,197.02,Card,Store,2026,8,August,20,Thursday,False,197.02,98.51
TXN-0094035,2026-08-20,DXB-002,Dubai,CUST-07555,P003,Headphones,Electronics,6,365.66,0,2193.96,0.0,2193.96,Bank Transfer,Online,2026,8,August,20,Thursday,False,2193.96,365.66
TXN-0094150,2026-08-20,DXB-004,Dubai,CUST-06081,P014,Power Bank,Electronics,2,142.18,10,284.36,28.44,255.92,Cash,Online,2026,8,August,20,Thursday,False,255.92,127.96
TXN-0094205,2026-08-20,DXB-003,Dubai,CUST-01690,P010,Printer,Office,3,711.4,0,2134.2,0.0,2134.2,Bank Transfer,Store,2026,8,August,20,Thursday,False,2134.2,711.4
TXN-0094226,2026-08-20,DXB-001,Dubai,CUST-01204,P011,Notebook,Stationery,1,25.53,5,25.53,1.28,24.25,Bank Transfer,Store,2026,8,August,20,Thursday,False,24.25,24.25
TXN-0094348,2026-08-20,DXB-003,Dubai,CUST-00599,P004,Monitor,Electronics,1,850.86,5,850.86,42.54,808.32,Card,Store,2026,8,August,20,Thursday,False,808.32,808.32
TXN-0094365,2026-08-20,DXB-003,Dubai,CUST-05506,P013,USB Drive,Accessories,1,42.26,15,42.26,6.34,35.92,Card,Store,2026,8,August,20,Thursday,False,35.92,35.92
TXN-0094424,2026-08-20,DXB-002,Dubai,CUST-07138,P013,USB Drive,Accessories,1,45.02,0,45.02,0.0,45.02,Card,Store,2026,8,August,20,Thursday,False,45.02,45.02
TXN-0094486,2026-08-20,DXB-005,Dubai,CUST-04635,P009,Backpack,Accessories,1,202.36,10,202.36,20.24,182.12,Apple Pay,Store,2026,8,August,20,Thursday,False,182.12,182.12
TXN-0094603,2026-08-20,DXB-004,Dubai,CUST-00053,P011,Notebook,Stationery,1,24.31,15,24.31,3.65,20.66,Cash,Store,2026,8,August,20,Thursday,False,20.66,20.66
TXN-0094635,2026-08-20,DXB-004,Dubai,CUST-04537,P011,Notebook,Stationery,4,22.03,10,88.12,8.81,79.31,Bank Transfer,Store,2026,8,August,20,Thursday,False,79.31,19.83
TXN-0094648,2026-08-20,DXB-002,Dubai,CUST-06326,P015,Tablet,Electronics,3,1199.13,0,3597.39,0.0,3597.39,Cash,Store,2026,8,August,20,Thursday,False,3597.39,1199.13
TXN-0094667,2026-08-20,DXB-003,Dubai,CUST-04616,P012,Pen Pack,Stationery,4,14.58,5,58.32,2.92,55.4,Apple Pay,Online,2026,8,August,20,Thursday,False,55.4,13.85
TXN-0094781,2026-08-20,DXB-002,Dubai,CUST-06344,P003,Headphones,Electronics,2,371.33,10,742.66,74.27,668.39,Card,Online,2026,8,August,20,Thursday,False,668.39,334.2
TXN-0094823,2026-08-20,DXB-003,Dubai,CUST-03043,P015,Tablet,Electronics,2,1221.73,5,2443.46,122.17,2321.29,Cash,Store,2026,8,August,20,Thursday,False,2321.29,1160.64
TXN-0094846,2026-08-20,DXB-004,Dubai,CUST-04222,P004,Monitor,Electronics,1,869.91,10,869.91,86.99,782.92,Apple Pay,Store,2026,8,August,20,Thursday,False,782.92,782.92
TXN-0094933,2026-08-20,DXB-005,Dubai,CUST-06327,P005,Keyboard,Accessories,1,178.38,0,178.38,0.0,178.38,Card,Online,2026,8,August,20,Thursday,False,178.38,178.38
TXN-0094948,2026-08-20,DXB-004,Dubai,CUST-03924,P010,Printer,Office,1,752.22,0,752.22,0.0,752.22,Apple Pay,Store,2026,8,August,20,Thursday,False,752.22,752.22
TXN-0094974,2026-08-20,DXB-005,Dubai,CUST-07665,P006,Mouse,Accessories,2,106.91,10,213.82,21.38,192.44,Cash,Store,2026,8,August,20,Thursday,False,192.44,96.22
TXN-0095063,2026-08-20,DXB-002,Dubai,CUST-00286,P007,Office Chair,Furniture,1,657.0,0,657.0,0.0,657.0,Card,Store,2026,8,August,20,Thursday,False,657.0,657.0
TXN-0095070,2026-08-20,DXB-003,Dubai,CUST-03897,P003,Headphones,Electronics,3,333.01,5,999.03,49.95,949.08,Bank Transfer,Store,2026,8,August,20,Thursday,False,949.08,316.36
TXN-0095144,2026-08-20,DXB-001,Dubai,CUST-02738,P014,Power Bank,Electronics,5,137.17,0,685.85,0.0,685.85,Card,Store,2026,8,August,20,Thursday,False,685.85,137.17
TXN-0095258,2026-08-20,DXB-004,Dubai,CUST-02705,P013,USB Drive,Accessories,1,45.38,5,45.38,2.27,43.11,Cash,Store,2026,8,August,20,Thursday,False,43.11,43.11
TXN-0095342,2026-08-20,DXB-004,Dubai,CUST-04198,P013,USB Drive,Accessories,1,47.66,10,47.66,4.77,42.89,Apple Pay,Store,2026,8,August,20,Thursday,False,42.89,42.89
TXN-0095562,2026-08-20,DXB-002,Dubai,CUST-03470,P007,Office Chair,Furniture,2,686.25,10,1372.5,137.25,1235.25,Card,Store,2026,8,August,20,Thursday,False,1235.25,617.62
TXN-0095654,2026-08-20,DXB-001,Dubai,CUST-03442,P004,Monitor,Electronics,4,903.48,10,3613.92,361.39,3252.53,Card,Store,2026,8,August,20,Thursday,False,3252.53,813.13
TXN-0095714,2026-08-20,DXB-002,Dubai,CUST-03946,P010,Printer,Office,1,690.75,5,690.75,34.54,656.21,Card,Store,2026,8,August,20,Thursday,False,656.21,656.21
TXN-0095724,2026-08-20,DXB-001,Dubai,CUST-01573,P015,Tablet,Electronics,3,1162.82,0,3488.46,0.0,3488.46,Card,Online,2026,8,August,20,Thursday,False,3488.46,1162.82
TXN-0095731,2026-08-20,DXB-004,Dubai,CUST-07704,P014,Power Bank,Electronics,2,158.18,5,316.36,15.82,300.54,Card,Store,2026,8,August,20,Thursday,False,300.54,150.27
TXN-0095735,2026-08-20,DXB-004,Dubai,CUST-03571,P001,Laptop,Electronics,2,3066.4,10,6132.8,613.28,5519.52,Card,Online,2026,8,August,20,Thursday,False,5519.52,2759.76
TXN-0095852,2026-08-20,DXB-001,Dubai,CUST-05350,P012,Pen Pack,Stationery,1,15.8,5,15.8,0.79,15.01,Card,Store,2026,8,August,20,Thursday,False,15.01,15.01
TXN-0095865,2026-08-20,DXB-003,Dubai,CUST-01139,P006,Mouse,Accessories,1,98.29,0,98.29,0.0,98.29,Apple Pay,Store,2026,8,August,20,Thursday,False,98.29,98.29
TXN-0095873,2026-08-20,DXB-001,Dubai,CUST-02859,P002,Smartphone,Electronics,1,1750.19,5,1750.19,87.51,1662.68,Card,Online,2026,8,August,20,Thursday,False,1662.68,1662.68
TXN-0095894,2026-08-20,DXB-004,Dubai,CUST-05432,P013,USB Drive,Accessories,1,43.03,0,43.03,0.0,43.03,Apple Pay,Store,2026,8,August,20,Thursday,False,43.03,43.03
TXN-0095916,2026-08-20,DXB-002,Dubai,CUST-05763,P002,Smartphone,Electronics,3,1782.02,20,5346.06,1069.21,4276.85,Apple Pay,Online,2026,8,August,20,Thursday,False,4276.85,1425.62
TXN-0095919,2026-08-20,DXB-002,Dubai,CUST-06744,P009,Backpack,Accessories,1,205.02,5,205.02,10.25,194.77,Bank Transfer,Store,2026,8,August,20,Thursday,False,194.77,194.77
TXN-0095937,2026-08-20,DXB-003,Dubai,CUST-07364,P014,Power Bank,Electronics,2,137.32,15,274.64,41.2,233.44,Apple Pay,Store,2026,8,August,20,Thursday,False,233.44,116.72
TXN-0095983,2026-08-20,DXB-005,Dubai,CUST-00164,P005,Keyboard,Accessories,6,177.05,5,1062.3,53.12,1009.18,Cash,Online,2026,8,August,20,Thursday,False,1009.18,168.2
TXN-0096005,2026-08-20,DXB-004,Dubai,CUST-05599,P002,Smartphone,Electronics,1,1795.35,0,1795.35,0.0,1795.35,Card,Store,2026,8,August,20,Thursday,False,1795.35,1795.35
TXN-0096006,2026-08-20,DXB-003,Dubai,CUST-02762,P005,Keyboard,Accessories,3,171.87,5,515.61,25.78,489.83,Apple Pay,Store,2026,8,August,20,Thursday,False,489.83,163.28
TXN-0096029,2026-08-20,DXB-001,Dubai,CUST-00736,P014,Power Bank,Electronics,3,140.52,5,421.56,21.08,400.48,Card,Online,2026,8,August,20,Thursday,False,400.48,133.49
TXN-0096100,2026-08-20,DXB-003,Dubai,CUST-01702,P012,Pen Pack,Stationery,2,15.75,15,31.5,4.72,26.78,Card,Store,2026,8,August,20,Thursday,False,26.78,13.39
TXN-0096107,2026-08-20,DXB-002,Dubai,CUST-00358,P013,USB Drive,Accessories,1,42.41,0,42.41,0.0,42.41,Apple Pay,Store,2026,8,August,20,Thursday,False,42.41,42.41
TXN-0096146,2026-08-20,DXB-001,Dubai,CUST-05145,P012,Pen Pack,Stationery,1,15.31,10,15.31,1.53,13.78,Bank Transfer,Store,2026,8,August,20,Thursday,False,13.78,13.78
TXN-0096171,2026-08-20,DXB-003,Dubai,CUST-02277,P002,Smartphone,Electronics,1,1690.16,15,1690.16,253.52,1436.64,Bank Transfer,Online,2026,8,August,20,Thursday,False,1436.64,1436.64
TXN-0096187,2026-08-20,DXB-003,Dubai,CUST-01623,P008,Desk,Furniture,4,808.26,0,3233.04,0.0,3233.04,Cash,Store,2026,8,August,20,Thursday,False,3233.04,808.26
TXN-0096279,2026-08-20,DXB-002,Dubai,CUST-02435,P010,Printer,Office,6,666.04,0,3996.24,0.0,3996.24,Apple Pay,Store,2026,8,August,20,Thursday,False,3996.24,666.04
TXN-0096377,2026-08-20,DXB-001,Dubai,CUST-03737,P014,Power Bank,Electronics,1,154.43,15,154.43,23.16,131.27,Card,Online,2026,8,August,20,Thursday,False,131.27,131.27
TXN-0096389,2026-08-20,DXB-003,Dubai,CUST-04887,P003,Headphones,Electronics,1,343.41,10,343.41,34.34,309.07,Cash,Online,2026,8,August,20,Thursday,False,309.07,309.07
TXN-0096400,2026-08-20,DXB-003,Dubai,CUST-06430,P011,Notebook,Stationery,1,26.38,0,26.38,0.0,26.38,Bank Transfer,Store,2026,8,August,20,Thursday,False,26.38,26.38
TXN-0096501,2026-08-20,DXB-003,Dubai,CUST-06985,P006,Mouse,Accessories,1,93.28,0,93.28,0.0,93.28,Apple Pay,Store,2026,8,August,20,Thursday,False,93.28,93.28
TXN-0096511,2026-08-20,DXB-001,Dubai,CUST-01018,P009,Backpack,Accessories,1,250.67,0,250.67,0.0,250.67,Cash,Online,2026,8,August,20,Thursday,False,250.67,250.67
TXN-0096561,2026-08-20,DXB-004,Dubai,CUST-05552,P007,Office Chair,Furniture,6,622.72,15,3736.32,560.45,3175.87,Card,Store,2026,8,August,20,Thursday,False,3175.87,529.31
TXN-0096588,2026-08-20,DXB-005,Dubai,CUST-02667,P009,Backpack,Accessories,1,230.47,0,230.47,0.0,230.47,Card,Store,2026,8,August,20,Thursday,False,230.47,230.47
TXN-0096695,2026-08-20,DXB-003,Dubai,CUST-05038,P009,Backpack,Accessories,5,226.64,5,1133.2,56.66,1076.54,Cash,Store,2026,8,August,20,Thursday,False,1076.54,215.31
TXN-0096882,2026-08-20,DXB-005,Dubai,CUST-03854,P006,Mouse,Accessories,1,102.54,10,102.54,10.25,92.29,Apple Pay,Store,2026,8,August,20,Thursday,False,92.29,92.29
TXN-0096886,2026-08-20,DXB-002,Dubai,CUST-05164,P004,Monitor,Electronics,2,1009.21,5,2018.42,100.92,1917.5,Card,Store,2026,8,August,20,Thursday,False,1917.5,958.75
TXN-0096928,2026-08-20,DXB-004,Dubai,CUST-06383,P008,Desk,Furniture,1,784.26,0,784.26,0.0,784.26,Card,Store,2026,8,August,20,Thursday,False,784.26,784.26
TXN-0096971,2026-08-20,DXB-001,Dubai,CUST-00692,P015,Tablet,Electronics,2,1207.3,10,2414.6,241.46,2173.14,Apple Pay,Online,2026,8,August,20,Thursday,False,2173.14,1086.57
TXN-0097005,2026-08-20,DXB-005,Dubai,CUST-07256,P006,Mouse,Accessories,1,96.35,10,96.35,9.64,86.71,Card,Store,2026,8,August,20,Thursday,False,86.71,86.71
TXN-0097008,2026-08-20,DXB-003,Dubai,CUST-00336,P007,Office Chair,Furniture,3,743.56,15,2230.68,334.6,1896.08,Card,Online,2026,8,August,20,Thursday,False,1896.08,632.03
TXN-0097019,2026-08-20,DXB-004,Dubai,CUST-07054,P001,Laptop,Electronics,2,2691.37,10,5382.74,538.27,4844.47,Card,Store,2026,8,August,20,Thursday,False,4844.47,2422.24
TXN-0097090,2026-08-20,DXB-002,Dubai,CUST-04314,P009,Backpack,Accessories,3,214.7,5,644.1,32.2,611.9,Apple Pay,Store,2026,8,August,20,Thursday,False,611.9,203.97
TXN-0097093,2026-08-20,DXB-001,Dubai,CUST-02744,P005,Keyboard,Accessories,2,170.42,10,340.84,34.08,306.76,Card,Store,2026,8,August,20,Thursday,False,306.76,153.38
TXN-0097200,2026-08-20,DXB-005,Dubai,CUST-02526,P012,Pen Pack,Stationery,1,16.07,10,16.07,1.61,14.46,Card,Store,2026,8,August,20,Thursday,False,14.46,14.46
TXN-0097280,2026-08-20,DXB-005,Dubai,CUST-06920,P012,Pen Pack,Stationery,1,15.3,20,15.3,3.06,12.24,Card,Store,2026,8,August,20,Thursday,False,12.24,12.24
TXN-0097383,2026-08-20,DXB-005,Dubai,CUST-06386,P001,Laptop,Electronics,1,2587.06,15,2587.06,388.06,2199.0,Apple Pay,Store,2026,8,August,20,Thursday,False,2199.0,2199.0
TXN-0097391,2026-08-20,DXB-001,Dubai,CUST-07616,P015,Tablet,Electronics,1,1234.92,5,1234.92,61.75,1173.17,Card,Store,2026,8,August,20,Thursday,False,1173.17,1173.17
TXN-0097431,2026-08-20,DXB-002,Dubai,CUST-01984,P010,Printer,Office,1,740.95,5,740.95,37.05,703.9,Apple Pay,Store,2026,8,August,20,Thursday,False,703.9,703.9
TXN-0097557,2026-08-20,DXB-004,Dubai,CUST-03864,P014,Power Bank,Electronics,1,142.34,5,142.34,7.12,135.22,Card,Store,2026,8,August,20,Thursday,False,135.22,135.22
TXN-0097650,2026-08-20,DXB-005,Dubai,CUST-05676,P015,Tablet,Electronics,2,1128.64,0,2257.28,0.0,2257.28,Card,Store,2026,8,August,20,Thursday,False,2257.28,1128.64
TXN-0097663,2026-08-20,DXB-001,Dubai,CUST-03548,P015,Tablet,Electronics,1,1333.77,0,1333.77,0.0,1333.77,Cash,Online,2026,8,August,20,Thursday,False,1333.77,1333.77
TXN-0097889,2026-08-20,DXB-005,Dubai,CUST-04401,P003,Headphones,Electronics,1,359.16,15,359.16,53.87,305.29,Apple Pay,Online,2026,8,August,20,Thursday,False,305.29,305.29
TXN-0097901,2026-08-20,DXB-001,Dubai,CUST-02923,P013,USB Drive,Accessories,1,44.25,10,44.25,4.42,39.83,Cash,Store,2026,8,August,20,Thursday,False,39.83,39.83
TXN-0098010,2026-08-20,DXB-001,Dubai,CUST-05357,P001,Laptop,Electronics,5,2825.43,0,14127.15,0.0,14127.15,Apple Pay,Store,2026,8,August,20,Thursday,False,14127.15,2825.43
TXN-0098062,2026-08-20,DXB-001,Dubai,CUST-07908,P014,Power Bank,Electronics,1,155.1,0,155.1,0.0,155.1,Cash,Store,2026,8,August,20,Thursday,False,155.1,155.1
TXN-0098090,2026-08-20,DXB-003,Dubai,CUST-05629,P008,Desk,Furniture,3,793.55,0,2380.65,0.0,2380.65,Cash,Online,2026,8,August,20,Thursday,False,2380.65,793.55
TXN-0098111,2026-08-20,DXB-004,Dubai,CUST-07595,P003,Headphones,Electronics,1,332.34,15,332.34,49.85,282.49,Cash,Store,2026,8,August,20,Thursday,False,282.49,282.49
TXN-0098212,2026-08-20,DXB-004,Dubai,CUST-07114,P007,Office Chair,Furniture,3,700.53,10,2101.59,210.16,1891.43,Cash,Online,2026,8,August,20,Thursday,False,1891.43,630.48
TXN-0098267,2026-08-20,DXB-001,Dubai,CUST-02273,P012,Pen Pack,Stationery,1,16.44,15,16.44,2.47,13.97,Card,Online,2026,8,August,20,Thursday,False,13.97,13.97
TXN-0098282,2026-08-20,DXB-003,Dubai,CUST-05010,P012,Pen Pack,Stationery,2,14.58,10,29.16,2.92,26.24,Card,Store,2026,8,August,20,Thursday,False,26.24,13.12
TXN-0098329,2026-08-20,DXB-002,Dubai,CUST-07457,P008,Desk,Furniture,1,704.07,0,704.07,0.0,704.07,Cash,Store,2026,8,August,20,Thursday,False,704.07,704.07
TXN-0098400,2026-08-20,DXB-001,Dubai,CUST-00029,P007,Office Chair,Furniture,1,629.32,0,629.32,0.0,629.32,Card,Store,2026,8,August,20,Thursday,False,629.32,629.32
TXN-0098419,2026-08-20,DXB-005,Dubai,CUST-01158,P011,Notebook,Stationery,1,27.54,0,27.54,0.0,27.54,Cash,Store,2026,8,August,20,Thursday,False,27.54,27.54
TXN-0098599,2026-08-20,DXB-004,Dubai,CUST-06823,P011,Notebook,Stationery,1,25.32,0,25.32,0.0,25.32,Card,Store,2026,8,August,20,Thursday,False,25.32,25.32
TXN-0098706,2026-08-20,DXB-002,Dubai,CUST-03559,P013,USB Drive,Accessories,1,42.83,5,42.83,2.14,40.69,Card,Store,2026,8,August,20,Thursday,False,40.69,40.69
TXN-0098765,2026-08-20,DXB-003,Dubai,CUST-07041,P012,Pen Pack,Stationery,1,14.28,0,14.28,0.0,14.28,Cash,Store,2026,8,August,20,Thursday,False,14.28,14.28
TXN-0098936,2026-08-20,DXB-005,Dubai,CUST-03583,P008,Desk,Furniture,1,841.55,0,841.55,0.0,841.55,Apple Pay,Store,2026,8,August,20,Thursday,False,841.55,841.55
TXN-0099020,2026-08-20,DXB-003,Dubai,CUST-02854,P002,Smartphone,Electronics,1,1825.38,10,1825.38,182.54,1642.84,Apple Pay,Store,2026,8,August,20,Thursday,False,1642.84,1642.84
TXN-0099025,2026-08-20,DXB-002,Dubai,CUST-06148,P009,Backpack,Accessories,1,235.7,20,235.7,47.14,188.56,Card,Online,2026,8,August,20,Thursday,False,188.56,188.56
TXN-0099161,2026-08-20,DXB-003,Dubai,CUST-05741,P008,Desk,Furniture,1,844.81,0,844.81,0.0,844.81,Cash,Store,2026,8,August,20,Thursday,False,844.81,844.81
TXN-0099211,2026-08-20,DXB-004,Dubai,CUST-03839,P013,USB Drive,Accessories,1,45.44,20,45.44,9.09,36.35,Card,Store,2026,8,August,20,Thursday,False,36.35,36.35
TXN-0099220,2026-08-20,DXB-003,Dubai,CUST-05946,P012,Pen Pack,Stationery,3,14.78,10,44.34,4.43,39.91,Card,Online,2026,8,August,20,Thursday,False,39.91,13.3
TXN-0099240,2026-08-20,DXB-003,Dubai,CUST-05932,P005,Keyboard,Accessories,4,186.7,0,746.8,0.0,746.8,Card,Store,2026,8,August,20,Thursday,False,746.8,186.7
TXN-0099250,2026-08-20,DXB-002,Dubai,CUST-00705,P010,Printer,Office,2,690.04,0,1380.08,0.0,1380.08,Card,Store,2026,8,August,20,Thursday,False,1380.08,690.04
TXN-0099417,2026-08-20,DXB-001,Dubai,CUST-02293,P014,Power Bank,Electronics,1,150.05,0,150.05,0.0,150.05,Card,Online,2026,8,August,20,Thursday,False,150.05,150.05
TXN-0099495,2026-08-20,DXB-001,Dubai,CUST-02542,P007,Office Chair,Furniture,2,633.5,0,1267.0,0.0,1267.0,Bank Transfer,Store,2026,8,August,20,Thursday,False,1267.0,633.5
TXN-0099525,2026-08-20,DXB-001,Dubai,CUST-05160,P008,Desk,Furniture,4,811.08,5,3244.32,162.22,3082.1,Card,Online,2026,8,August,20,Thursday,False,3082.1,770.52
TXN-0099526,2026-08-20,DXB-001,Dubai,CUST-05342,P007,Office Chair,Furniture,1,612.58,0,612.58,0.0,612.58,Bank Transfer,Store,2026,8,August,20,Thursday,False,612.58,612.58
TXN-0099570,2026-08-20,DXB-001,Dubai,CUST-06876,P013,USB Drive,Accessories,2,50.27,5,100.54,5.03,95.51,Card,Store,2026,8,August,20,Thursday,False,95.51,47.76
TXN-0099648,2026-08-20,DXB-003,Dubai,CUST-00641,P006,Mouse,Accessories,3,101.88,10,305.64,30.56,275.08,Cash,Online,2026,8,August,20,Thursday,False,275.08,91.69
TXN-0099692,2026-08-20,DXB-004,Dubai,CUST-05274,P008,Desk,Furniture,1,825.6,0,825.6,0.0,825.6,Card,Online,2026,8,August,20,Thursday,False,825.6,825.6
TXN-0099774,2026-08-20,DXB-005,Dubai,CUST-05990,P003,Headphones,Electronics,1,335.01,5,335.01,16.75,318.26,Card,Store,2026,8,August,20,Thursday,False,318.26,318.26
TXN-0099885,2026-08-20,DXB-002,Dubai,CUST-02779,P012,Pen Pack,Stationery,1,15.56,10,15.56,1.56,14.0,Card,Store,2026,8,August,20,Thursday,False,14.0,14.0
TXN-0099895,2026-08-20,DXB-002,Dubai,CUST-02216,P011,Notebook,Stationery,2,25.35,5,50.7,2.54,48.16,Cash,Store,2026,8,August,20,Thursday,False,48.16,24.08
TXN-0099965,2026-08-20,DXB-003,Dubai,CUST-06102,P013,USB Drive,Accessories,1,49.55,0,49.55,0.0,49.55,Card,Online,2026,8,August,20,Thursday,False,49.55,49.55
TXN-0099984,2026-08-20,DXB-004,Dubai,CUST-03344,P012,Pen Pack,Stationery,1,15.23,20,15.23,3.05,12.18,Card,Online,2026,8,August,20,Thursday,False,12.18,12.18
TXN-0100071,2026-08-20,DXB-004,Dubai,CUST-04505,P015,Tablet,Electronics,3,1356.68,0,4070.04,0.0,4070.04,Card,Store,2026,8,August,20,Thursday,False,4070.04,1356.68
TXN-0100148,2026-08-20,DXB-005,Dubai,CUST-00566,P009,Backpack,Accessories,1,220.28,5,220.28,11.01,209.27,Bank Transfer,Online,2026,8,August,20,Thursday,False,209.27,209.27
TXN-0100179,2026-08-20,DXB-002,Dubai,CUST-01356,P007,Office Chair,Furniture,6,665.91,15,3995.46,599.32,3396.14,Bank Transfer,Store,2026,8,August,20,Thursday,False,3396.14,566.02
TXN-0100206,2026-08-20,DXB-002,Dubai,CUST-00039,P010,Printer,Office,1,681.39,0,681.39,0.0,681.39,Cash,Store,2026,8,August,20,Thursday,False,681.39,681.39
TXN-0100221,2026-08-20,DXB-004,Dubai,CUST-06488,P014,Power Bank,Electronics,3,157.38,5,472.14,23.61,448.53,Card,Store,2026,8,August,20,Thursday,False,448.53,149.51
TXN-0100236,2026-08-20,DXB-002,Dubai,CUST-03579,P007,Office Chair,Furniture,1,634.78,10,634.78,63.48,571.3,Cash,Store,2026,8,August,20,Thursday,False,571.3,571.3
TXN-0100353,2026-08-20,DXB-001,Dubai,CUST-07380,P006,Mouse,Accessories,3,95.51,10,286.53,28.65,257.88,Apple Pay,Online,2026,8,August,20,Thursday,False,257.88,85.96
TXN-0100384,2026-08-20,DXB-004,Dubai,CUST-04286,P015,Tablet,Electronics,1,1178.09,10,1178.09,117.81,1060.28,Apple Pay,Store,2026,8,August,20,Thursday,False,1060.28,1060.28
TXN-0100445,2026-08-20,DXB-005,Dubai,CUST-02323,P015,Tablet,Electronics,1,1221.37,0,1221.37,0.0,1221.37,Card,Store,2026,8,August,20,Thursday,False,1221.37,1221.37
TXN-0100459,2026-08-20,DXB-003,Dubai,CUST-05441,P013,USB Drive,Accessories,1,40.73,0,40.73,0.0,40.73,Card,Store,2026,8,August,20,Thursday,False,40.73,40.73
TXN-0100478,2026-08-20,DXB-001,Dubai,CUST-01193,P002,Smartphone,Electronics,3,1768.49,10,5305.47,530.55,4774.92,Cash,Store,2026,8,August,20,Thursday,False,4774.92,1591.64
TXN-0100610,2026-08-20,DXB-001,Dubai,CUST-00211,P002,Smartphone,Electronics,1,1806.03,0,1806.03,0.0,1806.03,Card,Store,2026,8,August,20,Thursday,False,1806.03,1806.03
TXN-0100632,2026-08-20,DXB-002,Dubai,CUST-03068,P001,Laptop,Electronics,1,2599.91,15,2599.91,389.99,2209.92,Card,Store,2026,8,August,20,Thursday,False,2209.92,2209.92
TXN-0100640,2026-08-20,DXB-003,Dubai,CUST-07454,P015,Tablet,Electronics,2,1130.22,10,2260.44,226.04,2034.4,Cash,Store,2026,8,August,20,Thursday,False,2034.4,1017.2
TXN-0100675,2026-08-20,DXB-002,Dubai,CUST-02349,P008,Desk,Furniture,1,847.61,20,847.61,169.52,678.09,Card,Online,2026,8,August,20,Thursday,False,678.09,678.09
TXN-0100774,2026-08-20,DXB-004,Dubai,CUST-05899,P007,Office Chair,Furniture,3,653.48,10,1960.44,196.04,1764.4,Card,Online,2026,8,August,20,Thursday,False,1764.4,588.13
TXN-0100847,2026-08-20,DXB-003,Dubai,CUST-03847,P001,Laptop,Electronics,2,2607.61,10,5215.22,521.52,4693.7,Card,Online,2026,8,August,20,Thursday,False,4693.7,2346.85
TXN-0100904,2026-08-20,DXB-001,Dubai,CUST-07410,P014,Power Bank,Electronics,1,144.2,15,144.2,21.63,122.57,Bank Transfer,Store,2026,8,August,20,Thursday,False,122.57,122.57
TXN-0100970,2026-08-20,DXB-003,Dubai,CUST-03999,P015,Tablet,Electronics,1,1233.37,5,1233.37,61.67,1171.7,Card,Store,2026,8,August,20,Thursday,False,1171.7,1171.7
TXN-0101050,2026-08-20,DXB-002,Dubai,CUST-05485,P009,Backpack,Accessories,5,220.52,0,1102.6,0.0,1102.6,Cash,Store,2026,8,August,20,Thursday,False,1102.6,220.52
TXN-0101152,2026-08-20,DXB-001,Dubai,CUST-05649,P007,Office Chair,Furniture,1,699.67,10,699.67,69.97,629.7,Card,Online,2026,8,August,20,Thursday,False,629.7,629.7
TXN-0101240,2026-08-20,DXB-003,Dubai,CUST-02825,P005,Keyboard,Accessories,1,188.63,5,188.63,9.43,179.2,Cash,Store,2026,8,August,20,Thursday,False,179.2,179.2
TXN-0101428,2026-08-20,DXB-004,Dubai,CUST-02335,P008,Desk,Furniture,2,782.77,0,1565.54,0.0,1565.54,Apple Pay,Store,2026,8,August,20,Thursday,False,1565.54,782.77
TXN-0101458,2026-08-20,DXB-002,Dubai,CUST-00984,P005,Keyboard,Accessories,1,169.1,5,169.1,8.46,160.64,Card,Store,2026,8,August,20,Thursday,False,160.64,160.64
TXN-0101559,2026-08-20,DXB-002,Dubai,CUST-02079,P009,Backpack,Accessories,1,222.37,0,222.37,0.0,222.37,Card,Store,2026,8,August,20,Thursday,False,222.37,222.37
TXN-0101610,2026-08-20,DXB-003,Dubai,CUST-01449,P006,Mouse,Accessories,1,98.68,5,98.68,4.93,93.75,Bank Transfer,Store,2026,8,August,20,Thursday,False,93.75,93.75
TXN-0101648,2026-08-20,DXB-005,Dubai,CUST-05109,P005,Keyboard,Accessories,6,175.9,5,1055.4,52.77,1002.63,Card,Store,2026,8,August,20,Thursday,False,1002.63,167.1
TXN-0101667,2026-08-20,DXB-005,Dubai,CUST-04283,P005,Keyboard,Accessories,1,190.71,15,190.71,28.61,162.1,Card,Store,2026,8,August,20,Thursday,False,162.1,162.1
TXN-0101699,2026-08-20,DXB-003,Dubai,CUST-07104,P012,Pen Pack,Stationery,1,15.2,15,15.2,2.28,12.92,Bank Transfer,Store,2026,8,August,20,Thursday,False,12.92,12.92
TXN-0101761,2026-08-20,DXB-003,Dubai,CUST-04875,P002,Smartphone,Electronics,1,1716.05,10,1716.05,171.6,1544.45,Apple Pay,Store,2026,8,August,20,Thursday,False,1544.45,1544.45
TXN-0101887,2026-08-20,DXB-002,Dubai,CUST-00645,P013,USB Drive,Accessories,2,44.49,0,88.98,0.0,88.98,Apple Pay,Online,2026,8,August,20,Thursday,False,88.98,44.49
TXN-0101907,2026-08-20,DXB-005,Dubai,CUST-02767,P011,Notebook,Stationery,5,23.72,10,118.6,11.86,106.74,Card,Store,2026,8,August,20,Thursday,False,106.74,21.35
TXN-0101918,2026-08-20,DXB-005,Dubai,CUST-05753,P003,Headphones,Electronics,1,368.69,5,368.69,18.43,350.26,Apple Pay,Store,2026,8,August,20,Thursday,False,350.26,350.26
TXN-0101955,2026-08-20,DXB-002,Dubai,CUST-07237,P006,Mouse,Accessories,2,108.23,0,216.46,0.0,216.46,Card,Store,2026,8,August,20,Thursday,False,216.46,108.23
TXN-0101961,2026-08-20,DXB-001,Dubai,CUST-02001,P015,Tablet,Electronics,3,1184.61,5,3553.83,177.69,3376.14,Cash,Store,2026,8,August,20,Thursday,False,3376.14,1125.38
TXN-0101989,2026-08-20,DXB-003,Dubai,CUST-01176,P004,Monitor,Electronics,1,863.18,0,863.18,0.0,863.18,Card,Store,2026,8,August,20,Thursday,False,863.18,863.18
TXN-0102125,2026-08-20,DXB-003,Dubai,CUST-04487,P007,Office Chair,Furniture,1,641.63,0,641.63,0.0,641.63,Apple Pay,Store,2026,8,August,20,Thursday,False,641.63,641.63
TXN-0102148,2026-08-20,DXB-003,Dubai,CUST-01943,P010,Printer,Office,1,661.81,10,661.81,66.18,595.63,Cash,Store,2026,8,August,20,Thursday,False,595.63,595.63
TXN-0102225,2026-08-20,DXB-002,Dubai,CUST-00957,P005,Keyboard,Accessories,1,177.68,10,177.68,17.77,159.91,Card,Store,2026,8,August,20,Thursday,False,159.91,159.91
TXN-0102245,2026-08-20,DXB-003,Dubai,CUST-01286,P009,Backpack,Accessories,1,202.58,20,202.58,40.52,162.06,Card,Store,2026,8,August,20,Thursday,False,162.06,162.06
TXN-0102252,2026-08-20,DXB-004,Dubai,CUST-04482,P009,Backpack,Accessories,2,195.71,0,391.42,0.0,391.42,Bank Transfer,Online,2026,8,August,20,Thursday,False,391.42,195.71
TXN-0102411,2026-08-20,DXB-002,Dubai,CUST-02371,P003,Headphones,Electronics,1,329.8,5,329.8,16.49,313.31,Card,Store,2026,8,August,20,Thursday,False,313.31,313.31
TXN-0102434,2026-08-20,DXB-004,Dubai,CUST-00769,P014,Power Bank,Electronics,1,165.0,10,165.0,16.5,148.5,Bank Transfer,Online,2026,8,August,20,Thursday,False,148.5,148.5
TXN-0102460,2026-08-20,DXB-002,Dubai,CUST-04167,P011,Notebook,Stationery,1,27.4,20,27.4,5.48,21.92,Card,Store,2026,8,August,20,Thursday,False,21.92,21.92
TXN-0102549,2026-08-20,DXB-002,Dubai,CUST-06917,P015,Tablet,Electronics,2,1088.04,0,2176.08,0.0,2176.08,Apple Pay,Store,2026,8,August,20,Thursday,False,2176.08,1088.04
TXN-0102627,2026-08-20,DXB-003,Dubai,CUST-06381,P012,Pen Pack,Stationery,3,14.95,5,44.85,2.24,42.61,Apple Pay,Online,2026,8,August,20,Thursday,False,42.61,14.2
TXN-0102628,2026-08-20,DXB-002,Dubai,CUST-01668,P012,Pen Pack,Stationery,1,15.72,5,15.72,0.79,14.93,Cash,Online,2026,8,August,20,Thursday,False,14.93,14.93
TXN-0102664,2026-08-20,DXB-003,Dubai,CUST-02670,P008,Desk,Furniture,1,793.62,5,793.62,39.68,753.94,Card,Online,2026,8,August,20,Thursday,False,753.94,753.94
TXN-0102745,2026-08-20,DXB-002,Dubai,CUST-04252,P012,Pen Pack,Stationery,3,13.48,10,40.44,4.04,36.4,Bank Transfer,Store,2026,8,August,20,Thursday,False,36.4,12.13
TXN-0102777,2026-08-20,DXB-004,Dubai,CUST-04664,P003,Headphones,Electronics,1,372.85,5,372.85,18.64,354.21,Apple Pay,Online,2026,8,August,20,Thursday,False,354.21,354.21
TXN-0102821,2026-08-20,DXB-003,Dubai,CUST-03943,P012,Pen Pack,Stationery,1,13.89,0,13.89,0.0,13.89,Card,Store,2026,8,August,20,Thursday,False,13.89,13.89
TXN-0102848,2026-08-20,DXB-005,Dubai,CUST-04137,P010,Printer,Office,2,693.8,0,1387.6,0.0,1387.6,Card,Store,2026,8,August,20,Thursday,False,1387.6,693.8
TXN-0102881,2026-08-20,DXB-001,Dubai,CUST-01273,P015,Tablet,Electronics,1,1196.7,10,1196.7,119.67,1077.03,Card,Online,2026,8,August,20,Thursday,False,1077.03,1077.03
TXN-0102937,2026-08-20,DXB-002,Dubai,CUST-02633,P013,USB Drive,Accessories,1,42.59,15,42.59,6.39,36.2,Card,Store,2026,8,August,20,Thursday,False,36.2,36.2
TXN-0103116,2026-08-20,DXB-005,Dubai,CUST-03212,P007,Office Chair,Furniture,1,601.99,0,601.99,0.0,601.99,Cash,Store,2026,8,August,20,Thursday,False,601.99,601.99
TXN-0103193,2026-08-20,DXB-001,Dubai,CUST-07890,P004,Monitor,Electronics,5,927.23,10,4636.15,463.62,4172.53,Card,Store,2026,8,August,20,Thursday,False,4172.53,834.51
TXN-0103233,2026-08-20,DXB-001,Dubai,CUST-02232,P008,Desk,Furniture,1,856.33,15,856.33,128.45,727.88,Cash,Store,2026,8,August,20,Thursday,False,727.88,727.88
TXN-0103269,2026-08-20,DXB-002,Dubai,CUST-07453,P002,Smartphone,Electronics,2,1989.03,10,3978.06,397.81,3580.25,Card,Store,2026,8,August,20,Thursday,False,3580.25,1790.12
TXN-0103275,2026-08-20,DXB-004,Dubai,CUST-06054,P014,Power Bank,Electronics,1,155.52,10,155.52,15.55,139.97,Card,Store,2026,8,August,20,Thursday,False,139.97,139.97
TXN-0103284,2026-08-20,DXB-001,Dubai,CUST-05634,P008,Desk,Furniture,5,793.72,0,3968.6,0.0,3968.6,Cash,Store,2026,8,August,20,Thursday,False,3968.6,793.72
TXN-0103345,2026-08-20,DXB-002,Dubai,CUST-03339,P010,Printer,Office,2,693.26,5,1386.52,69.33,1317.19,Cash,Store,2026,8,August,20,Thursday,False,1317.19,658.6
TXN-0103373,2026-08-20,DXB-005,Dubai,CUST-02195,P014,Power Bank,Electronics,3,158.62,5,475.86,23.79,452.07,Card,Online,2026,8,August,20,Thursday,False,452.07,150.69
TXN-0103433,2026-08-20,DXB-005,Dubai,CUST-02358,P014,Power Bank,Electronics,1,165.78,5,165.78,8.29,157.49,Apple Pay,Online,2026,8,August,20,Thursday,False,157.49,157.49
TXN-0103482,2026-08-20,DXB-004,Dubai,CUST-06440,P004,Monitor,Electronics,1,937.8,15,937.8,140.67,797.13,Apple Pay,Online,2026,8,August,20,Thursday,False,797.13,797.13
TXN-0103492,2026-08-20,DXB-003,Dubai,CUST-03991,P008,Desk,Furniture,1,766.14,15,766.14,114.92,651.22,Card,Online,2026,8,August,20,Thursday,False,651.22,651.22
TXN-0103500,2026-08-20,DXB-002,Dubai,CUST-06609,P004,Monitor,Electronics,6,858.45,5,5150.7,257.54,4893.16,Apple Pay,Store,2026,8,August,20,Thursday,False,4893.16,815.53
TXN-0103580,2026-08-20,DXB-004,Dubai,CUST-07248,P011,Notebook,Stationery,1,24.34,0,24.34,0.0,24.34,Card,Online,2026,8,August,20,Thursday,False,24.34,24.34
TXN-0103613,2026-08-20,DXB-001,Dubai,CUST-07111,P013,USB Drive,Accessories,5,49.16,15,245.8,36.87,208.93,Bank Transfer,Store,2026,8,August,20,Thursday,False,208.93,41.79
TXN-0103673,2026-08-20,DXB-004,Dubai,CUST-07743,P002,Smartphone,Electronics,3,1963.16,15,5889.48,883.42,5006.06,Cash,Store,2026,8,August,20,Thursday,False,5006.06,1668.69
TXN-0103737,2026-08-20,DXB-003,Dubai,CUST-06346,P014,Power Bank,Electronics,4,150.86,15,603.44,90.52,512.92,Card,Store,2026,8,August,20,Thursday,False,512.92,128.23
TXN-0103768,2026-08-20,DXB-001,Dubai,CUST-02960,P005,Keyboard,Accessories,3,187.51,10,562.53,56.25,506.28,Card,Online,2026,8,August,20,Thursday,False,506.28,168.76
TXN-0103859,2026-08-20,DXB-002,Dubai,CUST-01257,P013,USB Drive,Accessories,2,47.81,0,95.62,0.0,95.62,Card,Store,2026,8,August,20,Thursday,False,95.62,47.81
TXN-0103912,2026-08-20,DXB-004,Dubai,CUST-05265,P007,Office Chair,Furniture,2,634.42,10,1268.84,126.88,1141.96,Apple Pay,Store,2026,8,August,20,Thursday,False,1141.96,570.98
TXN-0103916,2026-08-20,DXB-004,Dubai,CUST-04643,P008,Desk,Furniture,1,758.27,15,758.27,113.74,644.53,Card,Store,2026,8,August,20,Thursday,False,644.53,644.53
TXN-0103973,2026-08-20,DXB-002,Dubai,CUST-02415,P010,Printer,Office,1,683.46,10,683.46,68.35,615.11,Card,Store,2026,8,August,20,Thursday,False,615.11,615.11
TXN-0103974,2026-08-20,DXB-002,Dubai,CUST-02493,P011,Notebook,Stationery,1,24.29,0,24.29,0.0,24.29,Card,Store,2026,8,August,20,Thursday,False,24.29,24.29
TXN-0103998,2026-08-20,DXB-001,Dubai,CUST-01542,P004,Monitor,Electronics,2,940.18,5,1880.36,94.02,1786.34,Apple Pay,Store,2026,8,August,20,Thursday,False,1786.34,893.17
TXN-0104038,2026-08-20,DXB-004,Dubai,CUST-04561,P004,Monitor,Electronics,2,807.46,15,1614.92,242.24,1372.68,Apple Pay,Online,2026,8,August,20,Thursday,False,1372.68,686.34
TXN-0104132,2026-08-20,DXB-003,Dubai,CUST-03397,P004,Monitor,Electronics,1,886.41,15,886.41,132.96,753.45,Card,Store,2026,8,August,20,Thursday,False,753.45,753.45
TXN-0104179,2026-08-20,DXB-005,Dubai,CUST-07622,P003,Headphones,Electronics,3,340.3,5,1020.9,51.04,969.86,Apple Pay,Store,2026,8,August,20,Thursday,False,969.86,323.29
TXN-0104272,2026-08-20,DXB-005,Dubai,CUST-05257,P003,Headphones,Electronics,1,402.85,0,402.85,0.0,402.85,Cash,Online,2026,8,August,20,Thursday,False,402.85,402.85
TXN-0104304,2026-08-20,DXB-001,Dubai,CUST-01565,P014,Power Bank,Electronics,1,141.42,10,141.42,14.14,127.28,Cash,Store,2026,8,August,20,Thursday,False,127.28,127.28
TXN-0104334,2026-08-20,DXB-001,Dubai,CUST-07623,P007,Office Chair,Furniture,1,706.74,0,706.74,0.0,706.74,Cash,Store,2026,8,August,20,Thursday,False,706.74,706.74
TXN-0104337,2026-08-20,DXB-003,Dubai,CUST-07294,P014,Power Bank,Electronics,2,163.71,10,327.42,32.74,294.68,Card,Store,2026,8,August,20,Thursday,False,294.68,147.34
TXN-0104374,2026-08-20,DXB-004,Dubai,CUST-06089,P009,Backpack,Accessories,3,224.2,0,672.6,0.0,672.6,Card,Store,2026,8,August,20,Thursday,False,672.6,224.2
TXN-0104386,2026-08-20,DXB-004,Dubai,CUST-03293,P013,USB Drive,Accessories,2,45.66,15,91.32,13.7,77.62,Cash,Store,2026,8,August,20,Thursday,False,77.62,38.81
TXN-0104390,2026-08-20,DXB-001,Dubai,CUST-01934,P010,Printer,Office,1,706.36,5,706.36,35.32,671.04,Apple Pay,Store,2026,8,August,20,Thursday,False,671.04,671.04
TXN-0104391,2026-08-20,DXB-005,Dubai,CUST-07578,P015,Tablet,Electronics,1,1166.1,0,1166.1,0.0,1166.1,Apple Pay,Online,2026,8,August,20,Thursday,False,1166.1,1166.1
TXN-0104401,2026-08-20,DXB-003,Dubai,CUST-03326,P010,Printer,Office,4,687.62,5,2750.48,137.52,2612.96,Cash,Store,2026,8,August,20,Thursday,False,2612.96,653.24
TXN-0104402,2026-08-20,DXB-001,Dubai,CUST-04549,P008,Desk,Furniture,1,746.68,5,746.68,37.33,709.35,Apple Pay,Store,2026,8,August,20,Thursday,False,709.35,709.35
TXN-0104438,2026-08-20,DXB-002,Dubai,CUST-03119,P004,Monitor,Electronics,2,945.82,0,1891.64,0.0,1891.64,Card,Store,2026,8,August,20,Thursday,False,1891.64,945.82
TXN-0104526,2026-08-20,DXB-002,Dubai,CUST-03216,P014,Power Bank,Electronics,2,143.63,5,287.26,14.36,272.9,Apple Pay,Store,2026,8,August,20,Thursday,False,272.9,136.45
TXN-0104538,2026-08-20,DXB-001,Dubai,CUST-01732,P010,Printer,Office,4,693.72,10,2774.88,277.49,2497.39,Card,Store,2026,8,August,20,Thursday,False,2497.39,624.35
TXN-0104564,2026-08-20,DXB-003,Dubai,CUST-05150,P015,Tablet,Electronics,4,1230.41,5,4921.64,246.08,4675.56,Cash,Store,2026,8,August,20,Thursday,False,4675.56,1168.89
TXN-0104656,2026-08-20,DXB-003,Dubai,CUST-02708,P009,Backpack,Accessories,2,209.5,5,419.0,20.95,398.05,Cash,Store,2026,8,August,20,Thursday,False,398.05,199.02
TXN-0104674,2026-08-20,DXB-001,Dubai,CUST-01659,P010,Printer,Office,2,736.3,10,1472.6,147.26,1325.34,Apple Pay,Online,2026,8,August,20,Thursday,False,1325.34,662.67
TXN-0104717,2026-08-20,DXB-003,Dubai,CUST-02311,P005,Keyboard,Accessories,4,180.98,10,723.92,72.39,651.53,Apple Pay,Online,2026,8,August,20,Thursday,False,651.53,162.88
TXN-0104761,2026-08-20,DXB-001,Dubai,CUST-00886,P001,Laptop,Electronics,2,2773.83,0,5547.66,0.0,5547.66,Apple Pay,Store,2026,8,August,20,Thursday,False,5547.66,2773.83
TXN-0104919,2026-08-20,DXB-005,Dubai,CUST-07548,P005,Keyboard,Accessories,1,190.37,15,190.37,28.56,161.81,Cash,Store,2026,8,August,20,Thursday,False,161.81,161.81
TXN-0105058,2026-08-20,DXB-002,Dubai,CUST-05971,P012,Pen Pack,Stationery,2,15.63,5,31.26,1.56,29.7,Apple Pay,Store,2026,8,August,20,Thursday,False,29.7,14.85
TXN-0105084,2026-08-20,DXB-005,Dubai,CUST-05556,P006,Mouse,Accessories,5,96.53,0,482.65,0.0,482.65,Card,Store,2026,8,August,20,Thursday,False,482.65,96.53
TXN-0105145,2026-08-20,DXB-001,Dubai,CUST-06195,P003,Headphones,Electronics,2,339.96,5,679.92,34.0,645.92,Card,Store,2026,8,August,20,Thursday,False,645.92,322.96
TXN-0105232,2026-08-20,DXB-003,Dubai,CUST-05584,P007,Office Chair,Furniture,1,685.54,10,685.54,68.55,616.99,Apple Pay,Online,2026,8,August,20,Thursday,False,616.99,616.99
TXN-0105264,2026-08-20,DXB-001,Dubai,CUST-07304,P014,Power Bank,Electronics,1,143.43,0,143.43,0.0,143.43,Apple Pay,Online,2026,8,August,20,Thursday,False,143.43,143.43
TXN-0105288,2026-08-20,DXB-002,Dubai,CUST-03981,P011,Notebook,Stationery,3,25.91,0,77.73,0.0,77.73,Card,Online,2026,8,August,20,Thursday,False,77.73,25.91
TXN-0105318,2026-08-20,DXB-001,Dubai,CUST-01908,P012,Pen Pack,Stationery,3,14.74,0,44.22,0.0,44.22,Bank Transfer,Store,2026,8,August,20,Thursday,False,44.22,14.74
TXN-0105409,2026-08-20,DXB-004,Dubai,CUST-07395,P004,Monitor,Electronics,1,908.73,10,908.73,90.87,817.86,Cash,Store,2026,8,August,20,Thursday,False,817.86,817.86
TXN-0105430,2026-08-20,DXB-002,Dubai,CUST-01174,P014,Power Bank,Electronics,1,153.87,15,153.87,23.08,130.79,Card,Online,2026,8,August,20,Thursday,False,130.79,130.79
TXN-0105433,2026-08-20,DXB-004,Dubai,CUST-03646,P006,Mouse,Accessories,1,99.83,0,99.83,0.0,99.83,Apple Pay,Store,2026,8,August,20,Thursday,False,99.83,99.83
TXN-0105464,2026-08-20,DXB-001,Dubai,CUST-05012,P006,Mouse,Accessories,1,99.64,0,99.64,0.0,99.64,Apple Pay,Online,2026,8,August,20,Thursday,False,99.64,99.64
TXN-0105744,2026-08-20,DXB-004,Dubai,CUST-00780,P010,Printer,Office,1,735.43,0,735.43,0.0,735.43,Card,Online,2026,8,August,20,Thursday,False,735.43,735.43
TXN-0105802,2026-08-20,DXB-003,Dubai,CUST-07951,P014,Power Bank,Electronics,1,137.89,5,137.89,6.89,131.0,Cash,Online,2026,8,August,20,Thursday,False,131.0,131.0
TXN-0105821,2026-08-20,DXB-005,Dubai,CUST-00333,P006,Mouse,Accessories,1,96.85,15,96.85,14.53,82.32,Apple Pay,Store,2026,8,August,20,Thursday,False,82.32,82.32
TXN-0105900,2026-08-20,DXB-001,Dubai,CUST-03370,P015,Tablet,Electronics,1,1161.35,15,1161.35,174.2,987.15,Card,Store,2026,8,August,20,Thursday,False,987.15,987.15
TXN-0105944,2026-08-20,DXB-001,Dubai,CUST-02981,P006,Mouse,Accessories,1,94.55,5,94.55,4.73,89.82,Cash,Store,2026,8,August,20,Thursday,False,89.82,89.82
TXN-0105948,2026-08-20,DXB-005,Dubai,CUST-03604,P001,Laptop,Electronics,1,2757.1,15,2757.1,413.56,2343.54,Card,Online,2026,8,August,20,Thursday,False,2343.54,2343.54
TXN-0105954,2026-08-20,DXB-002,Dubai,CUST-04912,P002,Smartphone,Electronics,1,1675.59,0,1675.59,0.0,1675.59,Apple Pay,Store,2026,8,August,20,Thursday,False,1675.59,1675.59
TXN-0106079,2026-08-20,DXB-002,Dubai,CUST-02198,P001,Laptop,Electronics,4,2895.02,0,11580.08,0.0,11580.08,Card,Store,2026,8,August,20,Thursday,False,11580.08,2895.02
TXN-0106117,2026-08-20,DXB-004,Dubai,CUST-03406,P006,Mouse,Accessories,1,105.51,0,105.51,0.0,105.51,Cash,Store,2026,8,August,20,Thursday,False,105.51,105.51
TXN-0106178,2026-08-20,DXB-002,Dubai,CUST-04312,P003,Headphones,Electronics,3,355.52,20,1066.56,213.31,853.25,Card,Store,2026,8,August,20,Thursday,False,853.25,284.42
TXN-0106181,2026-08-20,DXB-004,Dubai,CUST-06415,P005,Keyboard,Accessories,1,168.75,10,168.75,16.88,151.87,Card,Online,2026,8,August,20,Thursday,False,151.87,151.87
TXN-0106223,2026-08-20,DXB-005,Dubai,CUST-01062,P009,Backpack,Accessories,3,212.55,5,637.65,31.88,605.77,Card,Online,2026,8,August,20,Thursday,False,605.77,201.92
TXN-0106309,2026-08-20,DXB-004,Dubai,CUST-00684,P002,Smartphone,Electronics,3,1803.15,0,5409.45,0.0,5409.45,Card,Store,2026,8,August,20,Thursday,False,5409.45,1803.15
TXN-0106447,2026-08-20,DXB-005,Dubai,CUST-00406,P005,Keyboard,Accessories,1,180.64,15,180.64,27.1,153.54,Card,Store,2026,8,August,20,Thursday,False,153.54,153.54
TXN-0106475,2026-08-20,DXB-004,Dubai,CUST-05248,P014,Power Bank,Electronics,3,130.12,15,390.36,58.55,331.81,Card,Online,2026,8,August,20,Thursday,False,331.81,110.6
TXN-0106493,2026-08-20,DXB-005,Dubai,CUST-06333,P002,Smartphone,Electronics,2,1584.64,0,3169.28,0.0,3169.28,Card,Store,2026,8,August,20,Thursday,False,3169.28,1584.64
TXN-0106668,2026-08-20,DXB-002,Dubai,CUST-02371,P011,Notebook,Stationery,4,23.8,0,95.2,0.0,95.2,Apple Pay,Store,2026,8,August,20,Thursday,False,95.2,23.8
TXN-0106688,2026-08-20,DXB-003,Dubai,CUST-02438,P011,Notebook,Stationery,1,24.54,0,24.54,0.0,24.54,Cash,Store,2026,8,August,20,Thursday,False,24.54,24.54
TXN-0106875,2026-08-20,DXB-002,Dubai,CUST-00245,P011,Notebook,Stationery,1,25.02,5,25.02,1.25,23.77,Card,Store,2026,8,August,20,Thursday,False,23.77,23.77
TXN-0106915,2026-08-20,DXB-003,Dubai,CUST-02984,P014,Power Bank,Electronics,2,155.36,5,310.72,15.54,295.18,Cash,Store,2026,8,August,20,Thursday,False,295.18,147.59
TXN-0106939,2026-08-20,DXB-005,Dubai,CUST-06028,P010,Printer,Office,1,720.54,0,720.54,0.0,720.54,Apple Pay,Store,2026,8,August,20,Thursday,False,720.54,720.54
TXN-0106953,2026-08-20,DXB-002,Dubai,CUST-07126,P013,USB Drive,Accessories,1,44.52,10,44.52,4.45,40.07,Card,Online,2026,8,August,20,Thursday,False,40.07,40.07
TXN-0106967,2026-08-20,DXB-004,Dubai,CUST-01565,P010,Printer,Office,1,663.45,0,663.45,0.0,663.45,Card,Store,2026,8,August,20,Thursday,False,663.45,663.45
TXN-0106974,2026-08-20,DXB-004,Dubai,CUST-03564,P001,Laptop,Electronics,1,2901.17,0,2901.17,0.0,2901.17,Card,Store,2026,8,August,20,Thursday,False,2901.17,2901.17
TXN-0107023,2026-08-20,DXB-003,Dubai,CUST-03206,P006,Mouse,Accessories,3,98.0,0,294.0,0.0,294.0,Card,Online,2026,8,August,20,Thursday,False,294.0,98.0
TXN-0107073,2026-08-20,DXB-004,Dubai,CUST-03921,P015,Tablet,Electronics,1,1180.19,5,1180.19,59.01,1121.18,Apple Pay,Store,2026,8,August,20,Thursday,False,1121.18,1121.18
TXN-0107239,2026-08-20,DXB-001,Dubai,CUST-04862,P007,Office Chair,Furniture,1,613.25,0,613.25,0.0,613.25,Cash,Store,2026,8,August,20,Thursday,False,613.25,613.25
TXN-0107325,2026-08-20,DXB-003,Dubai,CUST-02040,P008,Desk,Furniture,1,770.6,5,770.6,38.53,732.07,Cash,Online,2026,8,August,20,Thursday,False,732.07,732.07
TXN-0107361,2026-08-20,DXB-001,Dubai,CUST-00231,P003,Headphones,Electronics,2,330.98,10,661.96,66.2,595.76,Apple Pay,Store,2026,8,August,20,Thursday,False,595.76,297.88
TXN-0107363,2026-08-20,DXB-001,Dubai,CUST-02638,P014,Power Bank,Electronics,2,139.33,5,278.66,13.93,264.73,Card,Store,2026,8,August,20,Thursday,False,264.73,132.36
TXN-0107369,2026-08-20,DXB-004,Dubai,CUST-02548,P002,Smartphone,Electronics,3,1822.06,5,5466.18,273.31,5192.87,Cash,Online,2026,8,August,20,Thursday,False,5192.87,1730.96
TXN-0107393,2026-08-20,DXB-002,Dubai,CUST-00550,P014,Power Bank,Electronics,1,139.74,0,139.74,0.0,139.74,Cash,Online,2026,8,August,20,Thursday,False,139.74,139.74
TXN-0107398,2026-08-20,DXB-001,Dubai,CUST-02107,P013,USB Drive,Accessories,2,44.25,15,88.5,13.28,75.22,Card,Store,2026,8,August,20,Thursday,False,75.22,37.61
TXN-0107444,2026-08-20,DXB-002,Dubai,CUST-02291,P013,USB Drive,Accessories,1,52.19,0,52.19,0.0,52.19,Card,Store,2026,8,August,20,Thursday,False,52.19,52.19
TXN-0107556,2026-08-20,DXB-005,Dubai,CUST-00202,P014,Power Bank,Electronics,1,147.01,5,147.01,7.35,139.66,Card,Store,2026,8,August,20,Thursday,False,139.66,139.66
TXN-0107569,2026-08-20,DXB-005,Dubai,CUST-07271,P011,Notebook,Stationery,2,25.01,5,50.02,2.5,47.52,Bank Transfer,Store,2026,8,August,20,Thursday,False,47.52,23.76
TXN-0107606,2026-08-20,DXB-003,Dubai,CUST-03070,P003,Headphones,Electronics,2,331.55,15,663.1,99.46,563.64,Cash,Store,2026,8,August,20,Thursday,False,563.64,281.82
TXN-0107651,2026-08-20,DXB-003,Dubai,CUST-06694,P006,Mouse,Accessories,2,109.68,0,219.36,0.0,219.36,Card,Store,2026,8,August,20,Thursday,False,219.36,109.68
TXN-0107686,2026-08-20,DXB-005,Dubai,CUST-01762,P002,Smartphone,Electronics,5,1764.1,10,8820.5,882.05,7938.45,Bank Transfer,Store,2026,8,August,20,Thursday,False,7938.45,1587.69
TXN-0107707,2026-08-20,DXB-001,Dubai,CUST-03927,P013,USB Drive,Accessories,1,51.37,0,51.37,0.0,51.37,Card,Store,2026,8,August,20,Thursday,False,51.37,51.37
TXN-0107955,2026-08-20,DXB-002,Dubai,CUST-03123,P004,Monitor,Electronics,1,883.32,0,883.32,0.0,883.32,Card,Store,2026,8,August,20,Thursday,False,883.32,883.32
TXN-0108092,2026-08-20,DXB-001,Dubai,CUST-04396,P001,Laptop,Electronics,4,2567.81,15,10271.24,1540.69,8730.55,Bank Transfer,Online,2026,8,August,20,Thursday,False,8730.55,2182.64
TXN-0108118,2026-08-20,DXB-002,Dubai,CUST-06205,P011,Notebook,Stationery,1,28.45,10,28.45,2.84,25.61,Cash,Store,2026,8,August,20,Thursday,False,25.61,25.61
TXN-0108134,2026-08-20,DXB-004,Dubai,CUST-07204,P005,Keyboard,Accessories,2,167.8,0,335.6,0.0,335.6,Apple Pay,Online,2026,8,August,20,Thursday,False,335.6,167.8
TXN-0108154,2026-08-20,DXB-003,Dubai,CUST-01108,P006,Mouse,Accessories,2,99.47,20,198.94,39.79,159.15,Card,Online,2026,8,August,20,Thursday,False,159.15,79.58
TXN-0108304,2026-08-20,DXB-003,Dubai,CUST-07372,P012,Pen Pack,Stationery,1,14.62,15,14.62,2.19,12.43,Cash,Store,2026,8,August,20,Thursday,False,12.43,12.43
TXN-0108386,2026-08-20,DXB-002,Dubai,CUST-03098,P004,Monitor,Electronics,1,927.28,5,927.28,46.36,880.92,Cash,Store,2026,8,August,20,Thursday,False,880.92,880.92
TXN-0108396,2026-08-20,DXB-001,Dubai,CUST-02045,P009,Backpack,Accessories,1,227.51,0,227.51,0.0,227.51,Card,Online,2026,8,August,20,Thursday,False,227.51,227.51
TXN-0108427,2026-08-20,DXB-004,Dubai,CUST-06926,P008,Desk,Furniture,3,699.38,0,2098.14,0.0,2098.14,Card,Online,2026,8,August,20,Thursday,False,2098.14,699.38
TXN-0108464,2026-08-20,DXB-005,Dubai,CUST-02905,P012,Pen Pack,Stationery,1,14.68,5,14.68,0.73,13.95,Apple Pay,Online,2026,8,August,20,Thursday,False,13.95,13.95
TXN-0108471,2026-08-20,DXB-005,Dubai,CUST-04472,P006,Mouse,Accessories,2,101.9,5,203.8,10.19,193.61,Card,Store,2026,8,August,20,Thursday,False,193.61,96.8
TXN-0108474,2026-08-20,DXB-005,Dubai,CUST-03949,P010,Printer,Office,1,695.2,5,695.2,34.76,660.44,Bank Transfer,Store,2026,8,August,20,Thursday,False,660.44,660.44
TXN-0108559,2026-08-20,DXB-005,Dubai,CUST-04897,P014,Power Bank,Electronics,1,160.54,5,160.54,8.03,152.51,Cash,Store,2026,8,August,20,Thursday,False,152.51,152.51
TXN-0108561,2026-08-20,DXB-002,Dubai,CUST-03406,P011,Notebook,Stationery,3,25.33,0,75.99,0.0,75.99,Card,Store,2026,8,August,20,Thursday,False,75.99,25.33
TXN-0108581,2026-08-20,DXB-002,Dubai,CUST-05450,P003,Headphones,Electronics,1,335.45,5,335.45,16.77,318.68,Apple Pay,Store,2026,8,August,20,Thursday,False,318.68,318.68
TXN-0108856,2026-08-20,DXB-003,Dubai,CUST-02458,P004,Monitor,Electronics,3,957.89,0,2873.67,0.0,2873.67,Card,Online,2026,8,August,20,Thursday,False,2873.67,957.89
TXN-0108986,2026-08-20,DXB-002,Dubai,CUST-01906,P014,Power Bank,Electronics,3,156.28,0,468.84,0.0,468.84,Card,Online,2026,8,August,20,Thursday,False,468.84,156.28
TXN-0109112,2026-08-20,DXB-004,Dubai,CUST-03050,P011,Notebook,Stationery,2,26.51,0,53.02,0.0,53.02,Card,Store,2026,8,August,20,Thursday,False,53.02,26.51
TXN-0109173,2026-08-20,DXB-001,Dubai,CUST-05150,P003,Headphones,Electronics,3,353.42,0,1060.26,0.0,1060.26,Card,Store,2026,8,August,20,Thursday,False,1060.26,353.42
TXN-0109212,2026-08-20,DXB-001,Dubai,CUST-00269,P013,USB Drive,Accessories,4,43.67,0,174.68,0.0,174.68,Card,Store,2026,8,August,20,Thursday,False,174.68,43.67
TXN-0109359,2026-08-20,DXB-003,Dubai,CUST-00661,P013,USB Drive,Accessories,1,45.16,15,45.16,6.77,38.39,Cash,Online,2026,8,August,20,Thursday,False,38.39,38.39
TXN-0109379,2026-08-20,DXB-003,Dubai,CUST-07927,P012,Pen Pack,Stationery,1,14.79,5,14.79,0.74,14.05,Apple Pay,Online,2026,8,August,20,Thursday,False,14.05,14.05
TXN-0109416,2026-08-20,DXB-005,Dubai,CUST-05756,P002,Smartphone,Electronics,2,1725.6,10,3451.2,345.12,3106.08,Card,Online,2026,8,August,20,Thursday,False,3106.08,1553.04
TXN-0109582,2026-08-20,DXB-003,Dubai,CUST-03419,P014,Power Bank,Electronics,3,140.71,0,422.13,0.0,422.13,Card,Store,2026,8,August,20,Thursday,False,422.13,140.71
TXN-0109658,2026-08-20,DXB-002,Dubai,CUST-02181,P001,Laptop,Electronics,3,2867.62,10,8602.86,860.29,7742.57,Card,Store,2026,8,August,20,Thursday,False,7742.57,2580.86
TXN-0109691,2026-08-20,DXB-001,Dubai,CUST-01172,P004,Monitor,Electronics,1,921.35,15,921.35,138.2,783.15,Apple Pay,Store,2026,8,August,20,Thursday,False,783.15,783.15
TXN-0109700,2026-08-20,DXB-005,Dubai,CUST-05902,P015,Tablet,Electronics,1,1235.34,10,1235.34,123.53,1111.81,Cash,Store,2026,8,August,20,Thursday,False,1111.81,1111.81
TXN-0109752,2026-08-20,DXB-003,Dubai,CUST-00585,P008,Desk,Furniture,1,849.16,15,849.16,127.37,721.79,Card,Store,2026,8,August,20,Thursday,False,721.79,721.79
TXN-0109837,2026-08-20,DXB-002,Dubai,CUST-05876,P011,Notebook,Stationery,1,24.67,0,24.67,0.0,24.67,Card,Store,2026,8,August,20,Thursday,False,24.67,24.67
TXN-0109886,2026-08-20,DXB-002,Dubai,CUST-02308,P009,Backpack,Accessories,1,234.71,5,234.71,11.74,222.97,Cash,Store,2026,8,August,20,Thursday,False,222.97,222.97
TXN-0109949,2026-08-20,DXB-005,Dubai,CUST-00728,P006,Mouse,Accessories,3,98.11,10,294.33,29.43,264.9,Cash,Store,2026,8,August,20,Thursday,False,264.9,88.3
TXN-0109967,2026-08-20,DXB-003,Dubai,CUST-03810,P007,Office Chair,Furniture,1,644.29,15,644.29,96.64,547.65,Cash,Store,2026,8,August,20,Thursday,False,547.65,547.65
TXN-0110072,2026-08-20,DXB-004,Dubai,CUST-03867,P012,Pen Pack,Stationery,1,14.77,10,14.77,1.48,13.29,Card,Store,2026,8,August,20,Thursday,False,13.29,13.29
TXN-0110167,2026-08-20,DXB-001,Dubai,CUST-00874,P004,Monitor,Electronics,2,897.06,5,1794.12,89.71,1704.41,Bank Transfer,Store,2026,8,August,20,Thursday,False,1704.41,852.2
TXN-0110170,2026-08-20,DXB-003,Dubai,CUST-00417,P010,Printer,Office,1,597.61,0,597.61,0.0,597.61,Card,Store,2026,8,August,20,Thursday,False,597.61,597.61
TXN-0110194,2026-08-20,DXB-002,Dubai,CUST-06148,P006,Mouse,Accessories,1,109.3,0,109.3,0.0,109.3,Bank Transfer,Store,2026,8,August,20,Thursday,False,109.3,109.3
TXN-0110222,2026-08-20,DXB-001,Dubai,CUST-01929,P015,Tablet,Electronics,1,1165.25,0,1165.25,0.0,1165.25,Cash,Store,2026,8,August,20,Thursday,False,1165.25,1165.25
TXN-0110352,2026-08-20,DXB-001,Dubai,CUST-01467,P002,Smartphone,Electronics,1,1678.87,0,1678.87,0.0,1678.87,Card,Store,2026,8,August,20,Thursday,False,1678.87,1678.87
TXN-0110363,2026-08-20,DXB-001,Dubai,CUST-06708,P013,USB Drive,Accessories,2,45.84,15,91.68,13.75,77.93,Card,Store,2026,8,August,20,Thursday,False,77.93,38.97
TXN-0110370,2026-08-20,DXB-005,Dubai,CUST-05713,P013,USB Drive,Accessories,1,49.73,15,49.73,7.46,42.27,Card,Store,2026,8,August,20,Thursday,False,42.27,42.27
TXN-0110393,2026-08-20,DXB-001,Dubai,CUST-07833,P003,Headphones,Electronics,3,352.22,5,1056.66,52.83,1003.83,Card,Online,2026,8,August,20,Thursday,False,1003.83,334.61
TXN-0110534,2026-08-20,DXB-001,Dubai,CUST-02632,P004,Monitor,Electronics,1,868.79,0,868.79,0.0,868.79,Card,Online,2026,8,August,20,Thursday,False,868.79,868.79
TXN-0110557,2026-08-20,DXB-001,Dubai,CUST-02128,P003,Headphones,Electronics,3,346.84,0,1040.52,0.0,1040.52,Apple Pay,Online,2026,8,August,20,Thursday,False,1040.52,346.84
TXN-0110644,2026-08-20,DXB-004,Dubai,CUST-04792,P002,Smartphone,Electronics,2,1831.49,10,3662.98,366.3,3296.68,Cash,Store,2026,8,August,20,Thursday,False,3296.68,1648.34
TXN-0110647,2026-08-20,DXB-004,Dubai,CUST-05928,P004,Monitor,Electronics,4,952.19,0,3808.76,0.0,3808.76,Cash,Online,2026,8,August,20,Thursday,False,3808.76,952.19
TXN-0110654,2026-08-20,DXB-005,Dubai,CUST-04744,P005,Keyboard,Accessories,4,179.88,5,719.52,35.98,683.54,Cash,Online,2026,8,August,20,Thursday,False,683.54,170.88
TXN-0110656,2026-08-20,DXB-002,Dubai,CUST-03348,P013,USB Drive,Accessories,1,44.4,0,44.4,0.0,44.4,Bank Transfer,Store,2026,8,August,20,Thursday,False,44.4,44.4
TXN-0110698,2026-08-20,DXB-001,Dubai,CUST-00063,P014,Power Bank,Electronics,1,136.36,5,136.36,6.82,129.54,Apple Pay,Online,2026,8,August,20,Thursday,False,129.54,129.54
TXN-0110710,2026-08-20,DXB-001,Dubai,CUST-01147,P009,Backpack,Accessories,3,212.53,0,637.59,0.0,637.59,Card,Store,2026,8,August,20,Thursday,False,637.59,212.53
TXN-0110718,2026-08-20,DXB-001,Dubai,CUST-06767,P008,Desk,Furniture,2,825.84,15,1651.68,247.75,1403.93,Bank Transfer,Store,2026,8,August,20,Thursday,False,1403.93,701.96
TXN-0110857,2026-08-20,DXB-002,Dubai,CUST-01254,P008,Desk,Furniture,2,919.94,5,1839.88,91.99,1747.89,Card,Store,2026,8,August,20,Thursday,False,1747.89,873.94
TXN-0110880,2026-08-20,DXB-005,Dubai,CUST-03207,P008,Desk,Furniture,2,717.47,5,1434.94,71.75,1363.19,Card,Store,2026,8,August,20,Thursday,False,1363.19,681.6
TXN-0111091,2026-08-20,DXB-003,Dubai,CUST-06684,P008,Desk,Furniture,1,731.03,0,731.03,0.0,731.03,Card,Store,2026,8,August,20,Thursday,False,731.03,731.03
TXN-0111130,2026-08-20,DXB-001,Dubai,CUST-04932,P010,Printer,Office,1,680.23,0,680.23,0.0,680.23,Cash,Store,2026,8,August,20,Thursday,False,680.23,680.23
TXN-0111142,2026-08-20,DXB-004,Dubai,CUST-00119,P004,Monitor,Electronics,2,882.27,5,1764.54,88.23,1676.31,Card,Store,2026,8,August,20,Thursday,False,1676.31,838.16
TXN-0111155,2026-08-20,DXB-003,Dubai,CUST-01895,P014,Power Bank,Electronics,4,155.97,5,623.88,31.19,592.69,Card,Store,2026,8,August,20,Thursday,False,592.69,148.17
TXN-0111237,2026-08-20,DXB-003,Dubai,CUST-03496,P011,Notebook,Stationery,1,24.0,0,24.0,0.0,24.0,Cash,Store,2026,8,August,20,Thursday,False,24.0,24.0
TXN-0111243,2026-08-20,DXB-001,Dubai,CUST-01306,P010,Printer,Office,3,729.0,0,2187.0,0.0,2187.0,Card,Online,2026,8,August,20,Thursday,False,2187.0,729.0
TXN-0111305,2026-08-20,DXB-001,Dubai,CUST-00451,P015,Tablet,Electronics,1,1297.55,20,1297.55,259.51,1038.04,Card,Store,2026,8,August,20,Thursday,False,1038.04,1038.04
TXN-0111316,2026-08-20,DXB-002,Dubai,CUST-00619,P005,Keyboard,Accessories,1,175.52,15,175.52,26.33,149.19,Card,Store,2026,8,August,20,Thursday,False,149.19,149.19
TXN-0111324,2026-08-20,DXB-001,Dubai,CUST-03846,P009,Backpack,Accessories,1,200.38,10,200.38,20.04,180.34,Card,Store,2026,8,August,20,Thursday,False,180.34,180.34
TXN-0111332,2026-08-20,DXB-001,Dubai,CUST-04945,P005,Keyboard,Accessories,2,177.02,0,354.04,0.0,354.04,Card,Store,2026,8,August,20,Thursday,False,354.04,177.02
TXN-0111379,2026-08-20,DXB-005,Dubai,CUST-02966,P007,Office Chair,Furniture,2,704.94,15,1409.88,211.48,1198.4,Card,Online,2026,8,August,20,Thursday,False,1198.4,599.2
TXN-0111409,2026-08-20,DXB-002,Dubai,CUST-04531,P008,Desk,Furniture,1,844.44,10,844.44,84.44,760.0,Card,Store,2026,8,August,20,Thursday,False,760.0,760.0
TXN-0111419,2026-08-20,DXB-004,Dubai,CUST-00978,P012,Pen Pack,Stationery,1,15.54,0,15.54,0.0,15.54,Card,Store,2026,8,August,20,Thursday,False,15.54,15.54
TXN-0111450,2026-08-20,DXB-002,Dubai,CUST-02128,P014,Power Bank,Electronics,4,133.01,5,532.04,26.6,505.44,Cash,Store,2026,8,August,20,Thursday,False,505.44,126.36
TXN-0111555,2026-08-20,DXB-005,Dubai,CUST-05114,P005,Keyboard,Accessories,2,178.46,0,356.92,0.0,356.92,Card,Store,2026,8,August,20,Thursday,False,356.92,178.46
TXN-0111599,2026-08-20,DXB-001,Dubai,CUST-01841,P010,Printer,Office,3,769.66,5,2308.98,115.45,2193.53,Apple Pay,Store,2026,8,August,20,Thursday,False,2193.53,731.18
TXN-0111624,2026-08-20,DXB-001,Dubai,CUST-04774,P005,Keyboard,Accessories,1,183.1,5,183.1,9.15,173.95,Cash,Store,2026,8,August,20,Thursday,False,173.95,173.95
TXN-0111666,2026-08-20,DXB-003,Dubai,CUST-07083,P013,USB Drive,Accessories,2,44.96,10,89.92,8.99,80.93,Card,Online,2026,8,August,20,Thursday,False,80.93,40.47
TXN-0111690,2026-08-20,DXB-005,Dubai,CUST-01645,P013,USB Drive,Accessories,1,45.11,10,45.11,4.51,40.6,Bank Transfer,Store,2026,8,August,20,Thursday,False,40.6,40.6
TXN-0111761,2026-08-20,DXB-005,Dubai,CUST-02422,P005,Keyboard,Accessories,1,172.02,5,172.02,8.6,163.42,Cash,Online,2026,8,August,20,Thursday,False,163.42,163.42
TXN-0111762,2026-08-20,DXB-004,Dubai,CUST-04850,P015,Tablet,Electronics,1,1266.85,5,1266.85,63.34,1203.51,Cash,Store,2026,8,August,20,Thursday,False,1203.51,1203.51
TXN-0111764,2026-08-20,DXB-002,Dubai,CUST-06356,P006,Mouse,Accessories,2,102.75,10,205.5,20.55,184.95,Card,Store,2026,8,August,20,Thursday,False,184.95,92.48
TXN-0111766,2026-08-20,DXB-003,Dubai,CUST-01137,P013,USB Drive,Accessories,1,39.45,0,39.45,0.0,39.45,Card,Online,2026,8,August,20,Thursday,False,39.45,39.45
TXN-0111773,2026-08-20,DXB-002,Dubai,CUST-02826,P013,USB Drive,Accessories,3,43.76,10,131.28,13.13,118.15,Card,Online,2026,8,August,20,Thursday,False,118.15,39.38
TXN-0111829,2026-08-20,DXB-001,Dubai,CUST-02903,P004,Monitor,Electronics,2,884.26,5,1768.52,88.43,1680.09,Card,Store,2026,8,August,20,Thursday,False,1680.09,840.04
TXN-0111845,2026-08-20,DXB-003,Dubai,CUST-03428,P005,Keyboard,Accessories,2,183.31,20,366.62,73.32,293.3,Apple Pay,Store,2026,8,August,20,Thursday,False,293.3,146.65
TXN-0111859,2026-08-20,DXB-002,Dubai,CUST-05092,P005,Keyboard,Accessories,1,171.43,5,171.43,8.57,162.86,Cash,Store,2026,8,August,20,Thursday,False,162.86,162.86
TXN-0112094,2026-08-20,DXB-005,Dubai,CUST-02571,P001,Laptop,Electronics,2,2561.99,5,5123.98,256.2,4867.78,Card,Store,2026,8,August,20,Thursday,False,4867.78,2433.89
TXN-0112236,2026-08-20,DXB-001,Dubai,CUST-05115,P010,Printer,Office,2,694.86,5,1389.72,69.49,1320.23,Apple Pay,Online,2026,8,August,20,Thursday,False,1320.23,660.12
TXN-0112263,2026-08-20,DXB-001,Dubai,CUST-03797,P015,Tablet,Electronics,1,1232.39,10,1232.39,123.24,1109.15,Card,Online,2026,8,August,20,Thursday,False,1109.15,1109.15
TXN-0112300,2026-08-20,DXB-002,Dubai,CUST-00207,P009,Backpack,Accessories,1,212.33,0,212.33,0.0,212.33,Card,Store,2026,8,August,20,Thursday,False,212.33,212.33
TXN-0112331,2026-08-20,DXB-003,Dubai,CUST-01049,P004,Monitor,Electronics,1,883.42,0,883.42,0.0,883.42,Card,Store,2026,8,August,20,Thursday,False,883.42,883.42
TXN-0112511,2026-08-20,DXB-001,Dubai,CUST-07220,P009,Backpack,Accessories,1,208.28,0,208.28,0.0,208.28,Bank Transfer,Store,2026,8,August,20,Thursday,False,208.28,208.28
TXN-0112518,2026-08-20,DXB-002,Dubai,CUST-03012,P003,Headphones,Electronics,1,362.04,0,362.04,0.0,362.04,Card,Store,2026,8,August,20,Thursday,False,362.04,362.04
TXN-0112522,2026-08-20,DXB-003,Dubai,CUST-02863,P009,Backpack,Accessories,4,216.43,10,865.72,86.57,779.15,Card,Store,2026,8,August,20,Thursday,False,779.15,194.79
TXN-0112556,2026-08-20,DXB-001,Dubai,CUST-03576,P001,Laptop,Electronics,6,2824.63,15,16947.78,2542.17,14405.61,Card,Online,2026,8,August,20,Thursday,False,14405.61,2400.94
TXN-0112585,2026-08-20,DXB-004,Dubai,CUST-04996,P001,Laptop,Electronics,1,2741.48,5,2741.48,137.07,2604.41,Card,Online,2026,8,August,20,Thursday,False,2604.41,2604.41
TXN-0112598,2026-08-20,DXB-004,Dubai,CUST-02753,P006,Mouse,Accessories,2,105.59,15,211.18,31.68,179.5,Cash,Online,2026,8,August,20,Thursday,False,179.5,89.75
TXN-0112627,2026-08-20,DXB-003,Dubai,CUST-03646,P009,Backpack,Accessories,1,224.31,15,224.31,33.65,190.66,Apple Pay,Store,2026,8,August,20,Thursday,False,190.66,190.66
TXN-0112714,2026-08-20,DXB-002,Dubai,CUST-02730,P001,Laptop,Electronics,1,2930.63,20,2930.63,586.13,2344.5,Card,Store,2026,8,August,20,Thursday,False,2344.5,2344.5
TXN-0112790,2026-08-20,DXB-001,Dubai,CUST-00062,P002,Smartphone,Electronics,4,1922.45,20,7689.8,1537.96,6151.84,Cash,Store,2026,8,August,20,Thursday,False,6151.84,1537.96
TXN-0112831,2026-08-20,DXB-001,Dubai,CUST-04270,P009,Backpack,Accessories,1,227.53,10,227.53,22.75,204.78,Card,Store,2026,8,August,20,Thursday,False,204.78,204.78
TXN-0112851,2026-08-20,DXB-003,Dubai,CUST-01830,P002,Smartphone,Electronics,1,1863.55,0,1863.55,0.0,1863.55,Card,Store,2026,8,August,20,Thursday,False,1863.55,1863.55
TXN-0112858,2026-08-20,DXB-001,Dubai,CUST-01806,P014,Power Bank,Electronics,1,139.06,15,139.06,20.86,118.2,Bank Transfer,Online,2026,8,August,20,Thursday,False,118.2,118.2
TXN-0112880,2026-08-20,DXB-002,Dubai,CUST-03917,P007,Office Chair,Furniture,1,656.43,0,656.43,0.0,656.43,Cash,Online,2026,8,August,20,Thursday,False,656.43,656.43
TXN-0112925,2026-08-20,DXB-005,Dubai,CUST-02741,P011,Notebook,Stationery,3,25.62,5,76.86,3.84,73.02,Apple Pay,Store,2026,8,August,20,Thursday,False,73.02,24.34
TXN-0112949,2026-08-20,DXB-001,Dubai,CUST-06768,P013,USB Drive,Accessories,1,44.38,5,44.38,2.22,42.16,Bank Transfer,Store,2026,8,August,20,Thursday,False,42.16,42.16
TXN-0112957,2026-08-20,DXB-001,Dubai,CUST-07175,P003,Headphones,Electronics,3,358.61,15,1075.83,161.37,914.46,Apple Pay,Store,2026,8,August,20,Thursday,False,914.46,304.82
TXN-0112962,2026-08-20,DXB-004,Dubai,CUST-07071,P015,Tablet,Electronics,3,1259.28,5,3777.84,188.89,3588.95,Cash,Store,2026,8,August,20,Thursday,False,3588.95,1196.32
TXN-0113063,2026-08-20,DXB-002,Dubai,CUST-01189,P011,Notebook,Stationery,1,24.49,5,24.49,1.22,23.27,Cash,Online,2026,8,August,20,Thursday,False,23.27,23.27
TXN-0113071,2026-08-20,DXB-004,Dubai,CUST-02589,P010,Printer,Office,1,760.17,0,760.17,0.0,760.17,Apple Pay,Store,2026,8,August,20,Thursday,False,760.17,760.17
TXN-0113105,2026-08-20,DXB-004,Dubai,CUST-04311,P004,Monitor,Electronics,1,916.37,5,916.37,45.82,870.55,Cash,Store,2026,8,August,20,Thursday,False,870.55,870.55
TXN-0113210,2026-08-20,DXB-001,Dubai,CUST-01647,P010,Printer,Office,3,613.56,15,1840.68,276.1,1564.58,Bank Transfer,Store,2026,8,August,20,Thursday,False,1564.58,521.53
TXN-0113221,2026-08-20,DXB-003,Dubai,CUST-01520,P006,Mouse,Accessories,3,108.32,0,324.96,0.0,324.96,Card,Store,2026,8,August,20,Thursday,False,324.96,108.32
TXN-0113352,2026-08-20,DXB-001,Dubai,CUST-02028,P006,Mouse,Accessories,1,110.46,5,110.46,5.52,104.94,Card,Store,2026,8,August,20,Thursday,False,104.94,104.94
TXN-0113522,2026-08-20,DXB-004,Dubai,CUST-03164,P012,Pen Pack,Stationery,2,14.38,0,28.76,0.0,28.76,Card,Online,2026,8,August,20,Thursday,False,28.76,14.38
TXN-0113627,2026-08-20,DXB-003,Dubai,CUST-04806,P006,Mouse,Accessories,1,108.34,5,108.34,5.42,102.92,Card,Store,2026,8,August,20,Thursday,False,102.92,102.92
TXN-0113660,2026-08-20,DXB-002,Dubai,CUST-06681,P007,Office Chair,Furniture,3,712.11,5,2136.33,106.82,2029.51,Card,Store,2026,8,August,20,Thursday,False,2029.51,676.5
TXN-0113664,2026-08-20,DXB-001,Dubai,CUST-05020,P009,Backpack,Accessories,4,218.21,5,872.84,43.64,829.2,Apple Pay,Store,2026,8,August,20,Thursday,False,829.2,207.3
TXN-0113722,2026-08-20,DXB-004,Dubai,CUST-04844,P004,Monitor,Electronics,4,883.47,0,3533.88,0.0,3533.88,Bank Transfer,Store,2026,8,August,20,Thursday,False,3533.88,883.47
TXN-0113751,2026-08-20,DXB-001,Dubai,CUST-03017,P009,Backpack,Accessories,5,216.24,10,1081.2,108.12,973.08,Bank Transfer,Store,2026,8,August,20,Thursday,False,973.08,194.62
TXN-0113804,2026-08-20,DXB-002,Dubai,CUST-07701,P003,Headphones,Electronics,1,339.32,5,339.32,16.97,322.35,Apple Pay,Online,2026,8,August,20,Thursday,False,322.35,322.35
TXN-0114021,2026-08-20,DXB-002,Dubai,CUST-06546,P003,Headphones,Electronics,2,333.63,0,667.26,0.0,667.26,Card,Store,2026,8,August,20,Thursday,False,667.26,333.63
TXN-0114023,2026-08-20,DXB-005,Dubai,CUST-05250,P004,Monitor,Electronics,1,871.4,0,871.4,0.0,871.4,Apple Pay,Store,2026,8,August,20,Thursday,False,871.4,871.4
TXN-0114074,2026-08-20,DXB-003,Dubai,CUST-05992,P001,Laptop,Electronics,1,2937.61,10,2937.61,293.76,2643.85,Card,Store,2026,8,August,20,Thursday,False,2643.85,2643.85
TXN-0114108,2026-08-20,DXB-001,Dubai,CUST-06494,P002,Smartphone,Electronics,2,1725.81,5,3451.62,172.58,3279.04,Cash,Store,2026,8,August,20,Thursday,False,3279.04,1639.52
TXN-0114242,2026-08-20,DXB-002,Dubai,CUST-07834,P012,Pen Pack,Stationery,2,14.99,10,29.98,3.0,26.98,Cash,Store,2026,8,August,20,Thursday,False,26.98,13.49
TXN-0114251,2026-08-20,DXB-004,Dubai,CUST-04052,P005,Keyboard,Accessories,1,183.4,0,183.4,0.0,183.4,Card,Store,2026,8,August,20,Thursday,False,183.4,183.4
TXN-0114282,2026-08-20,DXB-005,Dubai,CUST-05198,P009,Backpack,Accessories,2,214.89,10,429.78,42.98,386.8,Apple Pay,Online,2026,8,August,20,Thursday,False,386.8,193.4
TXN-0114296,2026-08-20,DXB-004,Dubai,CUST-03460,P009,Backpack,Accessories,2,230.48,5,460.96,23.05,437.91,Card,Online,2026,8,August,20,Thursday,False,437.91,218.96
TXN-0114299,2026-08-20,DXB-003,Dubai,CUST-01632,P015,Tablet,Electronics,2,1248.31,15,2496.62,374.49,2122.13,Card,Online,2026,8,August,20,Thursday,False,2122.13,1061.06
TXN-0114307,2026-08-20,DXB-004,Dubai,CUST-04074,P005,Keyboard,Accessories,1,176.42,20,176.42,35.28,141.14,Card,Store,2026,8,August,20,Thursday,False,141.14,141.14
TXN-0114421,2026-08-20,DXB-001,Dubai,CUST-07733,P002,Smartphone,Electronics,1,1987.83,0,1987.83,0.0,1987.83,Card,Store,2026,8,August,20,Thursday,False,1987.83,1987.83
TXN-0114450,2026-08-20,DXB-002,Dubai,CUST-06224,P003,Headphones,Electronics,1,344.74,0,344.74,0.0,344.74,Card,Store,2026,8,August,20,Thursday,False,344.74,344.74
TXN-0114460,2026-08-20,DXB-001,Dubai,CUST-06053,P011,Notebook,Stationery,4,22.84,10,91.36,9.14,82.22,Card,Online,2026,8,August,20,Thursday,False,82.22,20.56
TXN-0114479,2026-08-20,DXB-002,Dubai,CUST-02655,P007,Office Chair,Furniture,1,606.94,10,606.94,60.69,546.25,Cash,Store,2026,8,August,20,Thursday,False,546.25,546.25
TXN-0114482,2026-08-20,DXB-003,Dubai,CUST-05459,P002,Smartphone,Electronics,2,1866.14,5,3732.28,186.61,3545.67,Card,Store,2026,8,August,20,Thursday,False,3545.67,1772.84
TXN-0114498,2026-08-20,DXB-002,Dubai,CUST-05894,P011,Notebook,Stationery,3,26.48,5,79.44,3.97,75.47,Cash,Store,2026,8,August,20,Thursday,False,75.47,25.16
TXN-0114552,2026-08-20,DXB-002,Dubai,CUST-00523,P014,Power Bank,Electronics,3,154.98,0,464.94,0.0,464.94,Bank Transfer,Store,2026,8,August,20,Thursday,False,464.94,154.98
TXN-0114603,2026-08-20,DXB-002,Dubai,CUST-06196,P010,Printer,Office,1,700.96,5,700.96,35.05,665.91,Card,Store,2026,8,August,20,Thursday,False,665.91,665.91
TXN-0114640,2026-08-20,DXB-004,Dubai,CUST-02864,P008,Desk,Furniture,1,827.4,5,827.4,41.37,786.03,Apple Pay,Online,2026,8,August,20,Thursday,False,786.03,786.03
TXN-0114648,2026-08-20,DXB-002,Dubai,CUST-05134,P015,Tablet,Electronics,2,1236.7,10,2473.4,247.34,2226.06,Card,Store,2026,8,August,20,Thursday,False,2226.06,1113.03
TXN-0114711,2026-08-20,DXB-005,Dubai,CUST-03675,P010,Printer,Office,5,732.48,20,3662.4,732.48,2929.92,Card,Store,2026,8,August,20,Thursday,False,2929.92,585.98
TXN-0114726,2026-08-20,DXB-002,Dubai,CUST-02180,P007,Office Chair,Furniture,1,729.03,10,729.03,72.9,656.13,Apple Pay,Store,2026,8,August,20,Thursday,False,656.13,656.13
TXN-0114816,2026-08-20,DXB-002,Dubai,CUST-04479,P011,Notebook,Stationery,1,25.72,0,25.72,0.0,25.72,Card,Online,2026,8,August,20,Thursday,False,25.72,25.72
TXN-0114865,2026-08-20,DXB-002,Dubai,CUST-03277,P015,Tablet,Electronics,1,1246.36,0,1246.36,0.0,1246.36,Cash,Store,2026,8,August,20,Thursday,False,1246.36,1246.36
TXN-0114867,2026-08-20,DXB-005,Dubai,CUST-05864,P002,Smartphone,Electronics,1,1841.82,0,1841.82,0.0,1841.82,Card,Store,2026,8,August,20,Thursday,False,1841.82,1841.82
TXN-0114874,2026-08-20,DXB-005,Dubai,CUST-07108,P011,Notebook,Stationery,2,23.17,5,46.34,2.32,44.02,Card,Store,2026,8,August,20,Thursday,False,44.02,22.01
TXN-0114918,2026-08-20,DXB-005,Dubai,CUST-02321,P004,Monitor,Electronics,1,889.67,0,889.67,0.0,889.67,Card,Online,2026,8,August,20,Thursday,False,889.67,889.67
TXN-0114959,2026-08-20,DXB-002,Dubai,CUST-03253,P007,Office Chair,Furniture,1,666.43,0,666.43,0.0,666.43,Card,Online,2026,8,August,20,Thursday,False,666.43,666.43
TXN-0115028,2026-08-20,DXB-004,Dubai,CUST-06360,P007,Office Chair,Furniture,4,652.84,5,2611.36,130.57,2480.79,Card,Online,2026,8,August,20,Thursday,False,2480.79,620.2
TXN-0115136,2026-08-20,DXB-004,Dubai,CUST-04082,P004,Monitor,Electronics,2,935.18,0,1870.36,0.0,1870.36,Card,Online,2026,8,August,20,Thursday,False,1870.36,935.18
TXN-0115183,2026-08-20,DXB-002,Dubai,CUST-05284,P002,Smartphone,Electronics,1,1777.95,0,1777.95,0.0,1777.95,Card,Store,2026,8,August,20,Thursday,False,1777.95,1777.95
TXN-0115245,2026-08-20,DXB-005,Dubai,CUST-06842,P010,Printer,Office,1,798.53,10,798.53,79.85,718.68,Bank Transfer,Online,2026,8,August,20,Thursday,False,718.68,718.68
TXN-0115265,2026-08-20,DXB-005,Dubai,CUST-07095,P003,Headphones,Electronics,3,397.62,0,1192.86,0.0,1192.86,Card,Store,2026,8,August,20,Thursday,False,1192.86,397.62
TXN-0115284,2026-08-20,DXB-004,Dubai,CUST-07146,P009,Backpack,Accessories,1,219.42,0,219.42,0.0,219.42,Card,Online,2026,8,August,20,Thursday,False,219.42,219.42
TXN-0115296,2026-08-20,DXB-001,Dubai,CUST-06500,P013,USB Drive,Accessories,1,43.44,0,43.44,0.0,43.44,Cash,Store,2026,8,August,20,Thursday,False,43.44,43.44
TXN-0115304,2026-08-20,DXB-003,Dubai,CUST-03775,P015,Tablet,Electronics,2,1251.79,0,2503.58,0.0,2503.58,Cash,Store,2026,8,August,20,Thursday,False,2503.58,1251.79
TXN-0115312,2026-08-20,DXB-005,Dubai,CUST-01699,P008,Desk,Furniture,3,799.37,0,2398.11,0.0,2398.11,Card,Online,2026,8,August,20,Thursday,False,2398.11,799.37
TXN-0115338,2026-08-20,DXB-001,Dubai,CUST-07186,P012,Pen Pack,Stationery,2,15.32,20,30.64,6.13,24.51,Card,Store,2026,8,August,20,Thursday,False,24.51,12.26
TXN-0115353,2026-08-20,DXB-001,Dubai,CUST-00066,P006,Mouse,Accessories,2,93.1,0,186.2,0.0,186.2,Card,Online,2026,8,August,20,Thursday,False,186.2,93.1
TXN-0115432,2026-08-20,DXB-002,Dubai,CUST-02649,P007,Office Chair,Furniture,1,691.16,15,691.16,103.67,587.49,Apple Pay,Store,2026,8,August,20,Thursday,False,587.49,587.49
TXN-0115443,2026-08-20,DXB-001,Dubai,CUST-04583,P010,Printer,Office,1,737.93,0,737.93,0.0,737.93,Apple Pay,Store,2026,8,August,20,Thursday,False,737.93,737.93
TXN-0115510,2026-08-20,DXB-004,Dubai,CUST-00029,P013,USB Drive,Accessories,2,47.74,10,95.48,9.55,85.93,Bank Transfer,Online,2026,8,August,20,Thursday,False,85.93,42.96
TXN-0115526,2026-08-20,DXB-002,Dubai,CUST-04507,P002,Smartphone,Electronics,3,1943.05,10,5829.15,582.92,5246.23,Apple Pay,Store,2026,8,August,20,Thursday,False,5246.23,1748.74
TXN-0115533,2026-08-20,DXB-003,Dubai,CUST-05004,P009,Backpack,Accessories,1,225.36,15,225.36,33.8,191.56,Apple Pay,Store,2026,8,August,20,Thursday,False,191.56,191.56
TXN-0115541,2026-08-20,DXB-004,Dubai,CUST-05475,P013,USB Drive,Accessories,1,47.2,0,47.2,0.0,47.2,Card,Store,2026,8,August,20,Thursday,False,47.2,47.2
TXN-0115570,2026-08-20,DXB-004,Dubai,CUST-04974,P003,Headphones,Electronics,1,336.5,5,336.5,16.82,319.68,Apple Pay,Store,2026,8,August,20,Thursday,False,319.68,319.68
TXN-0115628,2026-08-20,DXB-005,Dubai,CUST-02198,P001,Laptop,Electronics,4,2815.23,5,11260.92,563.05,10697.87,Bank Transfer,Store,2026,8,August,20,Thursday,False,10697.87,2674.47
TXN-0115694,2026-08-20,DXB-001,Dubai,CUST-04650,P003,Headphones,Electronics,1,332.88,0,332.88,0.0,332.88,Card,Store,2026,8,August,20,Thursday,False,332.88,332.88
TXN-0115777,2026-08-20,DXB-005,Dubai,CUST-04124,P007,Office Chair,Furniture,2,718.7,15,1437.4,215.61,1221.79,Apple Pay,Store,2026,8,August,20,Thursday,False,1221.79,610.9
TXN-0115816,2026-08-20,DXB-004,Dubai,CUST-03441,P011,Notebook,Stationery,1,25.48,0,25.48,0.0,25.48,Card,Store,2026,8,August,20,Thursday,False,25.48,25.48
TXN-0115856,2026-08-20,DXB-002,Dubai,CUST-07072,P008,Desk,Furniture,1,861.5,0,861.5,0.0,861.5,Apple Pay,Store,2026,8,August,20,Thursday,False,861.5,861.5
TXN-0115869,2026-08-20,DXB-003,Dubai,CUST-06538,P013,USB Drive,Accessories,4,45.14,10,180.56,18.06,162.5,Cash,Store,2026,8,August,20,Thursday,False,162.5,40.62
TXN-0115907,2026-08-20,DXB-003,Dubai,CUST-00327,P008,Desk,Furniture,1,789.28,10,789.28,78.93,710.35,Apple Pay,Store,2026,8,August,20,Thursday,False,710.35,710.35
TXN-0115985,2026-08-20,DXB-003,Dubai,CUST-02131,P010,Printer,Office,1,744.89,10,744.89,74.49,670.4,Card,Store,2026,8,August,20,Thursday,False,670.4,670.4
TXN-0116048,2026-08-20,DXB-001,Dubai,CUST-00497,P005,Keyboard,Accessories,3,167.91,5,503.73,25.19,478.54,Card,Store,2026,8,August,20,Thursday,False,478.54,159.51
TXN-0116057,2026-08-20,DXB-002,Dubai,CUST-06763,P010,Printer,Office,2,751.35,10,1502.7,150.27,1352.43,Card,Online,2026,8,August,20,Thursday,False,1352.43,676.22
TXN-0116189,2026-08-20,DXB-002,Dubai,CUST-03710,P015,Tablet,Electronics,5,1238.57,15,6192.85,928.93,5263.92,Card,Online,2026,8,August,20,Thursday,False,5263.92,1052.78
TXN-0116224,2026-08-20,DXB-002,Dubai,CUST-00363,P006,Mouse,Accessories,1,117.19,0,117.19,0.0,117.19,Card,Store,2026,8,August,20,Thursday,False,117.19,117.19
TXN-0116242,2026-08-20,DXB-005,Dubai,CUST-03543,P006,Mouse,Accessories,1,106.3,5,106.3,5.32,100.98,Card,Store,2026,8,August,20,Thursday,False,100.98,100.98
TXN-0116353,2026-08-20,DXB-001,Dubai,CUST-07358,P014,Power Bank,Electronics,1,148.95,10,148.95,14.9,134.05,Card,Store,2026,8,August,20,Thursday,False,134.05,134.05
TXN-0116491,2026-08-20,DXB-003,Dubai,CUST-00620,P002,Smartphone,Electronics,1,1812.77,5,1812.77,90.64,1722.13,Bank Transfer,Store,2026,8,August,20,Thursday,False,1722.13,1722.13
TXN-0116499,2026-08-20,DXB-004,Dubai,CUST-05700,P008,Desk,Furniture,1,796.85,15,796.85,119.53,677.32,Apple Pay,Store,2026,8,August,20,Thursday,False,677.32,677.32
TXN-0116527,2026-08-20,DXB-004,Dubai,CUST-07301,P003,Headphones,Electronics,1,391.59,15,391.59,58.74,332.85,Apple Pay,Store,2026,8,August,20,Thursday,False,332.85,332.85
TXN-0116545,2026-08-20,DXB-001,Dubai,CUST-00408,P002,Smartphone,Electronics,2,1793.35,0,3586.7,0.0,3586.7,Card,Store,2026,8,August,20,Thursday,False,3586.7,1793.35
TXN-0116549,2026-08-20,DXB-004,Dubai,CUST-03911,P011,Notebook,Stationery,1,26.66,5,26.66,1.33,25.33,Apple Pay,Online,2026,8,August,20,Thursday,False,25.33,25.33
TXN-0116607,2026-08-20,DXB-001,Dubai,CUST-07012,P013,USB Drive,Accessories,2,43.77,0,87.54,0.0,87.54,Apple Pay,Store,2026,8,August,20,Thursday,False,87.54,43.77
TXN-0116639,2026-08-20,DXB-003,Dubai,CUST-05168,P014,Power Bank,Electronics,2,154.24,5,308.48,15.42,293.06,Card,Store,2026,8,August,20,Thursday,False,293.06,146.53
TXN-0116652,2026-08-20,DXB-005,Dubai,CUST-02745,P014,Power Bank,Electronics,1,150.29,15,150.29,22.54,127.75,Cash,Store,2026,8,August,20,Thursday,False,127.75,127.75
TXN-0116676,2026-08-20,DXB-004,Dubai,CUST-06264,P007,Office Chair,Furniture,1,665.51,10,665.51,66.55,598.96,Card,Store,2026,8,August,20,Thursday,False,598.96,598.96
TXN-0116819,2026-08-20,DXB-003,Dubai,CUST-04241,P002,Smartphone,Electronics,1,1931.76,5,1931.76,96.59,1835.17,Card,Online,2026,8,August,20,Thursday,False,1835.17,1835.17
TXN-0116820,2026-08-20,DXB-002,Dubai,CUST-04329,P001,Laptop,Electronics,2,2522.24,5,5044.48,252.22,4792.26,Apple Pay,Store,2026,8,August,20,Thursday,False,4792.26,2396.13
TXN-0116836,2026-08-20,DXB-003,Dubai,CUST-06489,P013,USB Drive,Accessories,4,44.79,0,179.16,0.0,179.16,Apple Pay,Online,2026,8,August,20,Thursday,False,179.16,44.79
TXN-0116916,2026-08-20,DXB-002,Dubai,CUST-04122,P002,Smartphone,Electronics,1,1838.88,5,1838.88,91.94,1746.94,Bank Transfer,Store,2026,8,August,20,Thursday,False,1746.94,1746.94
TXN-0116941,2026-08-20,DXB-002,Dubai,CUST-03162,P001,Laptop,Electronics,1,2401.08,5,2401.08,120.05,2281.03,Cash,Store,2026,8,August,20,Thursday,False,2281.03,2281.03
TXN-0116966,2026-08-20,DXB-001,Dubai,CUST-05995,P009,Backpack,Accessories,1,204.21,5,204.21,10.21,194.0,Card,Store,2026,8,August,20,Thursday,False,194.0,194.0
TXN-0117000,2026-08-20,DXB-003,Dubai,CUST-07116,P010,Printer,Office,5,640.28,10,3201.4,320.14,2881.26,Card,Online,2026,8,August,20,Thursday,False,2881.26,576.25
TXN-0117040,2026-08-20,DXB-001,Dubai,CUST-04821,P015,Tablet,Electronics,1,1090.84,15,1090.84,163.63,927.21,Card,Store,2026,8,August,20,Thursday,False,927.21,927.21
TXN-0117154,2026-08-20,DXB-003,Dubai,CUST-00460,P014,Power Bank,Electronics,2,143.91,0,287.82,0.0,287.82,Card,Store,2026,8,August,20,Thursday,False,287.82,143.91
TXN-0117192,2026-08-20,DXB-004,Dubai,CUST-07213,P006,Mouse,Accessories,1,97.9,0,97.9,0.0,97.9,Card,Store,2026,8,August,20,Thursday,False,97.9,97.9
TXN-0117343,2026-08-20,DXB-001,Dubai,CUST-07044,P004,Monitor,Electronics,1,889.27,0,889.27,0.0,889.27,Apple Pay,Store,2026,8,August,20,Thursday,False,889.27,889.27
TXN-0117351,2026-08-20,DXB-004,Dubai,CUST-04710,P010,Printer,Office,1,702.66,5,702.66,35.13,667.53,Cash,Store,2026,8,August,20,Thursday,False,667.53,667.53
TXN-0117518,2026-08-20,DXB-002,Dubai,CUST-03202,P012,Pen Pack,Stationery,1,15.89,10,15.89,1.59,14.3,Bank Transfer,Online,2026,8,August,20,Thursday,False,14.3,14.3
TXN-0117592,2026-08-20,DXB-002,Dubai,CUST-03668,P002,Smartphone,Electronics,1,1854.05,10,1854.05,185.4,1668.65,Card,Store,2026,8,August,20,Thursday,False,1668.65,1668.65
TXN-0117632,2026-08-20,DXB-004,Dubai,CUST-04899,P010,Printer,Office,1,718.6,5,718.6,35.93,682.67,Apple Pay,Store,2026,8,August,20,Thursday,False,682.67,682.67
TXN-0117693,2026-08-20,DXB-001,Dubai,CUST-01479,P003,Headphones,Electronics,3,358.73,5,1076.19,53.81,1022.38,Card,Store,2026,8,August,20,Thursday,False,1022.38,340.79
TXN-0117727,2026-08-20,DXB-001,Dubai,CUST-06788,P015,Tablet,Electronics,1,1091.69,15,1091.69,163.75,927.94,Bank Transfer,Store,2026,8,August,20,Thursday,False,927.94,927.94
TXN-0117779,2026-08-20,DXB-003,Dubai,CUST-02002,P008,Desk,Furniture,5,891.91,5,4459.55,222.98,4236.57,Card,Store,2026,8,August,20,Thursday,False,4236.57,847.31
TXN-0117845,2026-08-20,DXB-005,Dubai,CUST-07000,P008,Desk,Furniture,2,722.52,0,1445.04,0.0,1445.04,Card,Store,2026,8,August,20,Thursday,False,1445.04,722.52
TXN-0117854,2026-08-20,DXB-002,Dubai,CUST-03241,P001,Laptop,Electronics,2,2776.97,10,5553.94,555.39,4998.55,Card,Online,2026,8,August,20,Thursday,False,4998.55,2499.28
TXN-0117869,2026-08-20,DXB-004,Dubai,CUST-00172,P008,Desk,Furniture,1,854.91,15,854.91,128.24,726.67,Card,Online,2026,8,August,20,Thursday,False,726.67,726.67
TXN-0117890,2026-08-20,DXB-001,Dubai,CUST-05624,P014,Power Bank,Electronics,2,162.5,5,325.0,16.25,308.75,Card,Store,2026,8,August,20,Thursday,False,308.75,154.38
TXN-0117892,2026-08-20,DXB-001,Dubai,CUST-00356,P006,Mouse,Accessories,4,101.98,15,407.92,61.19,346.73,Cash,Store,2026,8,August,20,Thursday,False,346.73,86.68
TXN-0117974,2026-08-20,DXB-001,Dubai,CUST-01754,P013,USB Drive,Accessories,1,42.87,20,42.87,8.57,34.3,Apple Pay,Store,2026,8,August,20,Thursday,False,34.3,34.3
TXN-0117979,2026-08-20,DXB-001,Dubai,CUST-07340,P012,Pen Pack,Stationery,1,15.05,20,15.05,3.01,12.04,Cash,Store,2026,8,August,20,Thursday,False,12.04,12.04
TXN-0118050,2026-08-20,DXB-002,Dubai,CUST-06812,P013,USB Drive,Accessories,1,47.25,0,47.25,0.0,47.25,Card,Online,2026,8,August,20,Thursday,False,47.25,47.25
TXN-0118160,2026-08-20,DXB-005,Dubai,CUST-06882,P014,Power Bank,Electronics,1,156.97,10,156.97,15.7,141.27,Cash,Store,2026,8,August,20,Thursday,False,141.27,141.27
TXN-0118187,2026-08-20,DXB-004,Dubai,CUST-02088,P003,Headphones,Electronics,6,335.51,10,2013.06,201.31,1811.75,Cash,Store,2026,8,August,20,Thursday,False,1811.75,301.96
TXN-0118247,2026-08-20,DXB-004,Dubai,CUST-04291,P011,Notebook,Stationery,1,23.17,0,23.17,0.0,23.17,Apple Pay,Store,2026,8,August,20,Thursday,False,23.17,23.17
TXN-0118275,2026-08-20,DXB-002,Dubai,CUST-00766,P003,Headphones,Electronics,1,326.95,5,326.95,16.35,310.6,Card,Store,2026,8,August,20,Thursday,False,310.6,310.6
TXN-0118327,2026-08-20,DXB-001,Dubai,CUST-01561,P014,Power Bank,Electronics,1,147.02,0,147.02,0.0,147.02,Card,Store,2026,8,August,20,Thursday,False,147.02,147.02
TXN-0118346,2026-08-20,DXB-002,Dubai,CUST-00919,P004,Monitor,Electronics,1,946.87,10,946.87,94.69,852.18,Card,Store,2026,8,August,20,Thursday,False,852.18,852.18
TXN-0118403,2026-08-20,DXB-002,Dubai,CUST-03163,P011,Notebook,Stationery,6,23.95,0,143.7,0.0,143.7,Card,Store,2026,8,August,20,Thursday,False,143.7,23.95
TXN-0118434,2026-08-20,DXB-003,Dubai,CUST-05815,P011,Notebook,Stationery,1,23.33,0,23.33,0.0,23.33,Card,Online,2026,8,August,20,Thursday,False,23.33,23.33
TXN-0118601,2026-08-20,DXB-001,Dubai,CUST-03595,P010,Printer,Office,3,666.73,0,2000.19,0.0,2000.19,Cash,Online,2026,8,August,20,Thursday,False,2000.19,666.73
TXN-0118629,2026-08-20,DXB-003,Dubai,CUST-00834,P012,Pen Pack,Stationery,2,14.49,10,28.98,2.9,26.08,Apple Pay,Store,2026,8,August,20,Thursday,False,26.08,13.04
TXN-0118661,2026-08-20,DXB-002,Dubai,CUST-00255,P013,USB Drive,Accessories,1,41.47,10,41.47,4.15,37.32,Card,Online,2026,8,August,20,Thursday,False,37.32,37.32
TXN-0118686,2026-08-20,DXB-002,Dubai,CUST-06327,P003,Headphones,Electronics,4,368.73,10,1474.92,147.49,1327.43,Cash,Store,2026,8,August,20,Thursday,False,1327.43,331.86
TXN-0118732,2026-08-20,DXB-001,Dubai,CUST-02568,P002,Smartphone,Electronics,1,1929.68,20,1929.68,385.94,1543.74,Card,Store,2026,8,August,20,Thursday,False,1543.74,1543.74
TXN-0118939,2026-08-20,DXB-003,Dubai,CUST-03515,P006,Mouse,Accessories,3,101.05,0,303.15,0.0,303.15,Apple Pay,Online,2026,8,August,20,Thursday,False,303.15,101.05
TXN-0118998,2026-08-20,DXB-003,Dubai,CUST-07819,P011,Notebook,Stationery,3,26.13,5,78.39,3.92,74.47,Card,Store,2026,8,August,20,Thursday,False,74.47,24.82
TXN-0119017,2026-08-20,DXB-002,Dubai,CUST-01692,P009,Backpack,Accessories,1,214.1,20,214.1,42.82,171.28,Card,Store,2026,8,August,20,Thursday,False,171.28,171.28
TXN-0119044,2026-08-20,DXB-005,Dubai,CUST-02506,P010,Printer,Office,2,696.36,10,1392.72,139.27,1253.45,Apple Pay,Online,2026,8,August,20,Thursday,False,1253.45,626.72
TXN-0119076,2026-08-20,DXB-004,Dubai,CUST-02701,P002,Smartphone,Electronics,1,1642.66,0,1642.66,0.0,1642.66,Cash,Store,2026,8,August,20,Thursday,False,1642.66,1642.66
TXN-0119089,2026-08-20,DXB-002,Dubai,CUST-07768,P012,Pen Pack,Stationery,1,15.28,20,15.28,3.06,12.22,Apple Pay,Online,2026,8,August,20,Thursday,False,12.22,12.22
TXN-0119141,2026-08-20,DXB-004,Dubai,CUST-05423,P013,USB Drive,Accessories,2,48.21,0,96.42,0.0,96.42,Card,Store,2026,8,August,20,Thursday,False,96.42,48.21
TXN-0119232,2026-08-20,DXB-002,Dubai,CUST-01371,P006,Mouse,Accessories,4,106.23,20,424.92,84.98,339.94,Card,Store,2026,8,August,20,Thursday,False,339.94,84.98
TXN-0119247,2026-08-20,DXB-005,Dubai,CUST-00383,P013,USB Drive,Accessories,2,46.43,10,92.86,9.29,83.57,Apple Pay,Online,2026,8,August,20,Thursday,False,83.57,41.78
TXN-0119372,2026-08-20,DXB-001,Dubai,CUST-00046,P004,Monitor,Electronics,1,910.14,15,910.14,136.52,773.62,Card,Online,2026,8,August,20,Thursday,False,773.62,773.62
TXN-0119632,2026-08-20,DXB-001,Dubai,CUST-00511,P013,USB Drive,Accessories,1,43.94,0,43.94,0.0,43.94,Apple Pay,Store,2026,8,August,20,Thursday,False,43.94,43.94
TXN-0119636,2026-08-20,DXB-002,Dubai,CUST-06298,P008,Desk,Furniture,1,781.38,5,781.38,39.07,742.31,Cash,Online,2026,8,August,20,Thursday,False,742.31,742.31
TXN-0119679,2026-08-20,DXB-001,Dubai,CUST-06542,P010,Printer,Office,1,753.79,15,753.79,113.07,640.72,Cash,Online,2026,8,August,20,Thursday,False,640.72,640.72
TXN-0119720,2026-08-20,DXB-001,Dubai,CUST-06161,P001,Laptop,Electronics,2,2803.96,5,5607.92,280.4,5327.52,Cash,Store,2026,8,August,20,Thursday,False,5327.52,2663.76
TXN-0119776,2026-08-20,DXB-003,Dubai,CUST-03655,P012,Pen Pack,Stationery,2,15.66,10,31.32,3.13,28.19,Bank Transfer,Store,2026,8,August,20,Thursday,False,28.19,14.1
TXN-0119794,2026-08-20,DXB-005,Dubai,CUST-00564,P001,Laptop,Electronics,1,2905.33,5,2905.33,145.27,2760.06,Apple Pay,Store,2026,8,August,20,Thursday,False,2760.06,2760.06
TXN-0119842,2026-08-20,DXB-002,Dubai,CUST-05524,P001,Laptop,Electronics,3,2831.71,10,8495.13,849.51,7645.62,Card,Online,2026,8,August,20,Thursday,False,7645.62,2548.54
TXN-0119855,2026-08-20,DXB-002,Dubai,CUST-06075,P007,Office Chair,Furniture,1,690.95,15,690.95,103.64,587.31,Apple Pay,Store,2026,8,August,20,Thursday,False,587.31,587.31
TXN-0119857,2026-08-20,DXB-003,Dubai,CUST-05897,P003,Headphones,Electronics,2,364.26,0,728.52,0.0,728.52,Apple Pay,Online,2026,8,August,20,Thursday,False,728.52,364.26
TXN-0119876,2026-08-20,DXB-001,Dubai,CUST-05467,P009,Backpack,Accessories,1,216.53,0,216.53,0.0,216.53,Card,Store,2026,8,August,20,Thursday,False,216.53,216.53
TXN-0119918,2026-08-20,DXB-004,Dubai,CUST-02418,P009,Backpack,Accessories,2,187.01,10,374.02,37.4,336.62,Bank Transfer,Store,2026,8,August,20,Thursday,False,336.62,168.31
TXN-0119923,2026-08-20,DXB-001,Dubai,CUST-02782,P005,Keyboard,Accessories,4,176.29,5,705.16,35.26,669.9,Apple Pay,Online,2026,8,August,20,Thursday,False,669.9,167.48
TXN-0119988,2026-08-20,DXB-004,Dubai,CUST-06061,P003,Headphones,Electronics,2,378.63,0,757.26,0.0,757.26,Card,Store,2026,8,August,20,Thursday,False,757.26,378.63
TXN-0119997,2026-08-20,DXB-003,Dubai,CUST-04307,P007,Office Chair,Furniture,2,681.86,20,1363.72,272.74,1090.98,Apple Pay,Store,2026,8,August,20,Thursday,False,1090.98,545.49
