transaction_id,transaction_date,store_id,region,customer_id,product_id,product_name,category,quantity,unit_price,discount_pct,gross_amount,discount_amount,net_revenue,payment_method,sales_channel,year,month,month_name,day,day_of_week,is_weekend,order_value,revenue_per_unit
TXN-0000195,2026-09-21,DXB-004,Dubai,CUST-07787,P003,Headphones,Electronics,3,370.0,10,1110.0,111.0,999.0,Cash,Online,2026,9,September,21,Monday,False,999.0,333.0
TXN-0000200,2026-09-21,DXB-004,Dubai,CUST-02443,P013,USB Drive,Accessories,1,43.52,15,43.52,6.53,36.99,Apple Pay,Store,2026,9,September,21,Monday,False,36.99,36.99
TXN-0000274,2026-09-21,DXB-004,Dubai,CUST-02312,P005,Keyboard,Accessories,1,164.8,10,164.8,16.48,148.32,Card,Online,2026,9,September,21,Monday,False,148.32,148.32
TXN-0000293,2026-09-21,DXB-005,Dubai,CUST-05677,P011,Notebook,Stationery,1,21.67,0,21.67,0.0,21.67,Bank Transfer,Online,2026,9,September,21,Monday,False,21.67,21.67
TXN-0000340,2026-09-21,DXB-005,Dubai,CUST-07174,P002,Smartphone,Electronics,2,1718.67,15,3437.34,515.6,2921.74,Cash,Store,2026,9,September,21,Monday,False,2921.74,1460.87
TXN-0000383,2026-09-21,DXB-001,Dubai,CUST-00457,P010,Printer,Office,2,663.85,0,1327.7,0.0,1327.7,Card,Store,2026,9,September,21,Monday,False,1327.7,663.85
TXN-0000448,2026-09-21,DXB-001,Dubai,CUST-00199,P015,Tablet,Electronics,2,1188.06,5,2376.12,118.81,2257.31,Card,Store,2026,9,September,21,Monday,False,2257.31,1128.66
TXN-0000451,2026-09-21,DXB-002,Dubai,CUST-01983,P015,Tablet,Electronics,2,1170.23,5,2340.46,117.02,2223.44,Card,Store,2026,9,September,21,Monday,False,2223.44,1111.72
TXN-0000503,2026-09-21,DXB-002,Dubai,CUST-06303,P003,Headphones,Electronics,1,374.75,0,374.75,0.0,374.75,Card,Store,2026,9,September,21,Monday,False,374.75,374.75
TXN-0000515,2026-09-21,DXB-004,Dubai,CUST-06482,P012,Pen Pack,Stationery,2,13.82,10,27.64,2.76,24.88,Card,Online,2026,9,September,21,Monday,False,24.88,12.44
TXN-0000571,2026-09-21,DXB-001,Dubai,CUST-05275,P003,Headphones,Electronics,1,323.2,0,323.2,0.0,323.2,Bank Transfer,Store,2026,9,September,21,Monday,False,323.2,323.2
TXN-0000640,2026-09-21,DXB-001,Dubai,CUST-02707,P015,Tablet,Electronics,1,1108.3,15,1108.3,166.24,942.06,Apple Pay,Online,2026,9,September,21,Monday,False,942.06,942.06
TXN-0000649,2026-09-21,DXB-004,Dubai,CUST-04802,P006,Mouse,Accessories,3,111.82,5,335.46,16.77,318.69,Card,Online,2026,9,September,21,Monday,False,318.69,106.23
TXN-0000671,2026-09-21,DXB-003,Dubai,CUST-04253,P001,Laptop,Electronics,1,2528.6,5,2528.6,126.43,2402.17,Apple Pay,Store,2026,9,September,21,Monday,False,2402.17,2402.17
TXN-0000683,2026-09-21,DXB-003,Dubai,CUST-03285,P013,USB Drive,Accessories,5,45.22,5,226.1,11.3,214.8,Cash,Store,2026,9,September,21,Monday,False,214.8,42.96
TXN-0000684,2026-09-21,DXB-003,Dubai,CUST-07554,P001,Laptop,Electronics,1,2609.3,15,2609.3,391.4,2217.9,Apple Pay,Store,2026,9,September,21,Monday,False,2217.9,2217.9
TXN-0000694,2026-09-21,DXB-005,Dubai,CUST-04287,P007,Office Chair,Furniture,1,695.1,5,695.1,34.76,660.34,Apple Pay,Store,2026,9,September,21,Monday,False,660.34,660.34
TXN-0000751,2026-09-21,DXB-003,Dubai,CUST-05289,P014,Power Bank,Electronics,1,172.57,0,172.57,0.0,172.57,Card,Store,2026,9,September,21,Monday,False,172.57,172.57
TXN-0000763,2026-09-21,DXB-004,Dubai,CUST-04571,P012,Pen Pack,Stationery,1,15.43,0,15.43,0.0,15.43,Card,Store,2026,9,September,21,Monday,False,15.43,15.43
TXN-0000776,2026-09-21,DXB-002,Dubai,CUST-02459,P010,Printer,Office,1,659.12,5,659.12,32.96,626.16,Cash,Online,2026,9,September,21,Monday,False,626.16,626.16
TXN-0000926,2026-09-21,DXB-003,Dubai,CUST-01223,P002,Smartphone,Electronics,1,1599.93,10,1599.93,159.99,1439.94,Card,Store,2026,9,September,21,Monday,False,1439.94,1439.94
TXN-0000949,2026-09-21,DXB-002,Dubai,CUST-04139,P004,Monitor,Electronics,6,867.74,10,5206.44,520.64,4685.8,Cash,Store,2026,9,September,21,Monday,False,4685.8,780.97
TXN-0000965,2026-09-21,DXB-004,Dubai,CUST-03348,P012,Pen Pack,Stationery,1,13.44,5,13.44,0.67,12.77,Cash,Store,2026,9,September,21,Monday,False,12.77,12.77
TXN-0000999,2026-09-21,DXB-002,Dubai,CUST-06501,P008,Desk,Furniture,4,796.45,0,3185.8,0.0,3185.8,Cash,Store,2026,9,September,21,Monday,False,3185.8,796.45
TXN-0001054,2026-09-21,DXB-003,Dubai,CUST-02671,P014,Power Bank,Electronics,1,156.86,5,156.86,7.84,149.02,Bank Transfer,Store,2026,9,September,21,Monday,False,149.02,149.02
TXN-0001083,2026-09-21,DXB-002,Dubai,CUST-04335,P011,Notebook,Stationery,1,27.17,0,27.17,0.0,27.17,Apple Pay,Store,2026,9,September,21,Monday,False,27.17,27.17
TXN-0001223,2026-09-21,DXB-001,Dubai,CUST-01162,P004,Monitor,Electronics,1,987.71,5,987.71,49.39,938.32,Card,Store,2026,9,September,21,Monday,False,938.32,938.32
TXN-0001269,2026-09-21,DXB-002,Dubai,CUST-00876,P006,Mouse,Accessories,4,98.76,15,395.04,59.26,335.78,Card,Store,2026,9,September,21,Monday,False,335.78,83.94
TXN-0001295,2026-09-21,DXB-001,Dubai,CUST-03650,P014,Power Bank,Electronics,1,159.15,15,159.15,23.87,135.28,Apple Pay,Online,2026,9,September,21,Monday,False,135.28,135.28
TXN-0001376,2026-09-21,DXB-001,Dubai,CUST-02551,P004,Monitor,Electronics,1,980.13,0,980.13,0.0,980.13,Card,Online,2026,9,September,21,Monday,False,980.13,980.13
TXN-0001377,2026-09-21,DXB-004,Dubai,CUST-04880,P010,Printer,Office,5,709.09,10,3545.45,354.54,3190.91,Bank Transfer,Online,2026,9,September,21,Monday,False,3190.91,638.18
TXN-0001421,2026-09-21,DXB-004,Dubai,CUST-03928,P006,Mouse,Accessories,3,93.55,10,280.65,28.06,252.59,Card,Store,2026,9,September,21,Monday,False,252.59,84.2
TXN-0001440,2026-09-21,DXB-003,Dubai,CUST-06396,P001,Laptop,Electronics,5,2643.74,0,13218.7,0.0,13218.7,Card,Store,2026,9,September,21,Monday,False,13218.7,2643.74
TXN-0001448,2026-09-21,DXB-002,Dubai,CUST-06359,P004,Monitor,Electronics,2,899.14,0,1798.28,0.0,1798.28,Card,Store,2026,9,September,21,Monday,False,1798.28,899.14
TXN-0001700,2026-09-21,DXB-001,Dubai,CUST-01427,P009,Backpack,Accessories,2,225.25,15,450.5,67.58,382.92,Card,Store,2026,9,September,21,Monday,False,382.92,191.46
TXN-0001727,2026-09-21,DXB-004,Dubai,CUST-00400,P007,Office Chair,Furniture,1,651.04,0,651.04,0.0,651.04,Card,Store,2026,9,September,21,Monday,False,651.04,651.04
TXN-0001784,2026-09-21,DXB-004,Dubai,CUST-03631,P015,Tablet,Electronics,3,1245.51,10,3736.53,373.65,3362.88,Card,Online,2026,9,September,21,Monday,False,3362.88,1120.96
TXN-0001810,2026-09-21,DXB-005,Dubai,CUST-07372,P006,Mouse,Accessories,6,112.1,0,672.6,0.0,672.6,Bank Transfer,Store,2026,9,September,21,Monday,False,672.6,112.1
TXN-0001832,2026-09-21,DXB-001,Dubai,CUST-00672,P005,Keyboard,Accessories,1,188.03,0,188.03,0.0,188.03,Cash,Online,2026,9,September,21,Monday,False,188.03,188.03
TXN-0001930,2026-09-21,DXB-003,Dubai,CUST-07723,P001,Laptop,Electronics,1,2625.63,0,2625.63,0.0,2625.63,Card,Online,2026,9,September,21,Monday,False,2625.63,2625.63
TXN-0001934,2026-09-21,DXB-001,Dubai,CUST-05140,P007,Office Chair,Furniture,1,636.29,10,636.29,63.63,572.66,Apple Pay,Store,2026,9,September,21,Monday,False,572.66,572.66
TXN-0001939,2026-09-21,DXB-004,Dubai,CUST-06462,P003,Headphones,Electronics,1,364.98,0,364.98,0.0,364.98,Apple Pay,Online,2026,9,September,21,Monday,False,364.98,364.98
TXN-0002028,2026-09-21,DXB-002,Dubai,CUST-03866,P007,Office Chair,Furniture,1,615.49,10,615.49,61.55,553.94,Card,Store,2026,9,September,21,Monday,False,553.94,553.94
TXN-0002054,2026-09-21,DXB-002,Dubai,CUST-06697,P007,Office Chair,Furniture,1,698.78,15,698.78,104.82,593.96,Bank Transfer,Store,2026,9,September,21,Monday,False,593.96,593.96
TXN-0002117,2026-09-21,DXB-004,Dubai,CUST-07255,P002,Smartphone,Electronics,3,1736.45,20,5209.35,1041.87,4167.48,Cash,Store,2026,9,September,21,Monday,False,4167.48,1389.16
TXN-0002122,2026-09-21,DXB-002,Dubai,CUST-05729,P006,Mouse,Accessories,5,100.97,15,504.85,75.73,429.12,Card,Store,2026,9,September,21,Monday,False,429.12,85.82
TXN-0002143,2026-09-21,DXB-002,Dubai,CUST-05833,P011,Notebook,Stationery,1,23.71,0,23.71,0.0,23.71,Cash,Online,2026,9,September,21,Monday,False,23.71,23.71
TXN-0002165,2026-09-21,DXB-001,Dubai,CUST-06935,P005,Keyboard,Accessories,1,185.26,0,185.26,0.0,185.26,Card,Store,2026,9,September,21,Monday,False,185.26,185.26
TXN-0002221,2026-09-21,DXB-001,Dubai,CUST-01663,P007,Office Chair,Furniture,1,621.63,5,621.63,31.08,590.55,Cash,Online,2026,9,September,21,Monday,False,590.55,590.55
TXN-0002363,2026-09-21,DXB-005,Dubai,CUST-01548,P006,Mouse,Accessories,2,94.87,10,189.74,18.97,170.77,Cash,Online,2026,9,September,21,Monday,False,170.77,85.38
TXN-0002387,2026-09-21,DXB-005,Dubai,CUST-07834,P001,Laptop,Electronics,2,2618.99,0,5237.98,0.0,5237.98,Apple Pay,Store,2026,9,September,21,Monday,False,5237.98,2618.99
TXN-0002389,2026-09-21,DXB-002,Dubai,CUST-05225,P011,Notebook,Stationery,3,26.37,5,79.11,3.96,75.15,Cash,Store,2026,9,September,21,Monday,False,75.15,25.05
TXN-0002397,2026-09-21,DXB-002,Dubai,CUST-06406,P002,Smartphone,Electronics,1,1778.89,0,1778.89,0.0,1778.89,Apple Pay,Store,2026,9,September,21,Monday,False,1778.89,1778.89
TXN-0002513,2026-09-21,DXB-003,Dubai,CUST-06290,P013,USB Drive,Accessories,5,47.32,0,236.6,0.0,236.6,Cash,Store,2026,9,September,21,Monday,False,236.6,47.32
TXN-0002528,2026-09-21,DXB-005,Dubai,CUST-00980,P012,Pen Pack,Stationery,4,15.53,0,62.12,0.0,62.12,Card,Store,2026,9,September,21,Monday,False,62.12,15.53
TXN-0002543,2026-09-21,DXB-003,Dubai,CUST-00588,P012,Pen Pack,Stationery,3,15.46,5,46.38,2.32,44.06,Cash,Store,2026,9,September,21,Monday,False,44.06,14.69
TXN-0002620,2026-09-21,DXB-002,Dubai,CUST-01196,P002,Smartphone,Electronics,1,1771.06,5,1771.06,88.55,1682.51,Apple Pay,Store,2026,9,September,21,Monday,False,1682.51,1682.51
TXN-0002677,2026-09-21,DXB-001,Dubai,CUST-00563,P014,Power Bank,Electronics,1,144.23,15,144.23,21.63,122.6,Card,Store,2026,9,September,21,Monday,False,122.6,122.6
TXN-0002731,2026-09-21,DXB-004,Dubai,CUST-00679,P007,Office Chair,Furniture,2,611.59,15,1223.18,183.48,1039.7,Card,Store,2026,9,September,21,Monday,False,1039.7,519.85
TXN-0002744,2026-09-21,DXB-004,Dubai,CUST-04919,P011,Notebook,Stationery,1,24.19,5,24.19,1.21,22.98,Apple Pay,Online,2026,9,September,21,Monday,False,22.98,22.98
TXN-0002770,2026-09-21,DXB-002,Dubai,CUST-05080,P004,Monitor,Electronics,1,927.21,20,927.21,185.44,741.77,Apple Pay,Store,2026,9,September,21,Monday,False,741.77,741.77
TXN-0002908,2026-09-21,DXB-001,Dubai,CUST-01305,P014,Power Bank,Electronics,1,148.12,0,148.12,0.0,148.12,Cash,Online,2026,9,September,21,Monday,False,148.12,148.12
TXN-0002918,2026-09-21,DXB-001,Dubai,CUST-06482,P002,Smartphone,Electronics,1,1671.07,20,1671.07,334.21,1336.86,Card,Online,2026,9,September,21,Monday,False,1336.86,1336.86
TXN-0003004,2026-09-21,DXB-003,Dubai,CUST-06021,P015,Tablet,Electronics,2,1200.01,0,2400.02,0.0,2400.02,Card,Store,2026,9,September,21,Monday,False,2400.02,1200.01
TXN-0003036,2026-09-21,DXB-003,Dubai,CUST-06384,P003,Headphones,Electronics,1,342.79,0,342.79,0.0,342.79,Card,Store,2026,9,September,21,Monday,False,342.79,342.79
TXN-0003186,2026-09-21,DXB-005,Dubai,CUST-07212,P009,Backpack,Accessories,6,228.61,0,1371.66,0.0,1371.66,Card,Store,2026,9,September,21,Monday,False,1371.66,228.61
TXN-0003211,2026-09-21,DXB-003,Dubai,CUST-02046,P001,Laptop,Electronics,2,2754.28,5,5508.56,275.43,5233.13,Card,Store,2026,9,September,21,Monday,False,5233.13,2616.56
TXN-0003383,2026-09-21,DXB-002,Dubai,CUST-01909,P004,Monitor,Electronics,1,954.79,15,954.79,143.22,811.57,Card,Online,2026,9,September,21,Monday,False,811.57,811.57
TXN-0003398,2026-09-21,DXB-005,Dubai,CUST-01890,P007,Office Chair,Furniture,1,699.2,0,699.2,0.0,699.2,Card,Store,2026,9,September,21,Monday,False,699.2,699.2
TXN-0003441,2026-09-21,DXB-001,Dubai,CUST-00712,P007,Office Chair,Furniture,5,619.85,0,3099.25,0.0,3099.25,Cash,Store,2026,9,September,21,Monday,False,3099.25,619.85
TXN-0003462,2026-09-21,DXB-002,Dubai,CUST-06781,P012,Pen Pack,Stationery,1,14.8,0,14.8,0.0,14.8,Apple Pay,Online,2026,9,September,21,Monday,False,14.8,14.8
TXN-0003488,2026-09-21,DXB-002,Dubai,CUST-02179,P002,Smartphone,Electronics,2,1737.63,5,3475.26,173.76,3301.5,Bank Transfer,Store,2026,9,September,21,Monday,False,3301.5,1650.75
TXN-0003575,2026-09-21,DXB-004,Dubai,CUST-02175,P003,Headphones,Electronics,4,352.81,5,1411.24,70.56,1340.68,Card,Online,2026,9,September,21,Monday,False,1340.68,335.17
TXN-0003635,2026-09-21,DXB-004,Dubai,CUST-06791,P013,USB Drive,Accessories,2,42.4,0,84.8,0.0,84.8,Cash,Store,2026,9,September,21,Monday,False,84.8,42.4
TXN-0003645,2026-09-21,DXB-005,Dubai,CUST-05763,P006,Mouse,Accessories,2,97.54,15,195.08,29.26,165.82,Card,Store,2026,9,September,21,Monday,False,165.82,82.91
TXN-0003664,2026-09-21,DXB-003,Dubai,CUST-06689,P007,Office Chair,Furniture,1,672.06,15,672.06,100.81,571.25,Apple Pay,Store,2026,9,September,21,Monday,False,571.25,571.25
TXN-0003705,2026-09-21,DXB-004,Dubai,CUST-06016,P009,Backpack,Accessories,1,214.01,5,214.01,10.7,203.31,Cash,Online,2026,9,September,21,Monday,False,203.31,203.31
TXN-0003753,2026-09-21,DXB-003,Dubai,CUST-03470,P012,Pen Pack,Stationery,2,15.88,15,31.76,4.76,27.0,Cash,Online,2026,9,September,21,Monday,False,27.0,13.5
TXN-0003839,2026-09-21,DXB-005,Dubai,CUST-05169,P002,Smartphone,Electronics,1,2087.6,20,2087.6,417.52,1670.08,Bank Transfer,Online,2026,9,September,21,Monday,False,1670.08,1670.08
TXN-0003840,2026-09-21,DXB-001,Dubai,CUST-00394,P013,USB Drive,Accessories,1,43.37,0,43.37,0.0,43.37,Apple Pay,Store,2026,9,September,21,Monday,False,43.37,43.37
TXN-0003902,2026-09-21,DXB-005,Dubai,CUST-03208,P010,Printer,Office,1,608.49,5,608.49,30.42,578.07,Cash,Online,2026,9,September,21,Monday,False,578.07,578.07
TXN-0003961,2026-09-21,DXB-003,Dubai,CUST-03185,P014,Power Bank,Electronics,2,143.9,0,287.8,0.0,287.8,Apple Pay,Online,2026,9,September,21,Monday,False,287.8,143.9
TXN-0004006,2026-09-21,DXB-005,Dubai,CUST-07628,P008,Desk,Furniture,1,720.93,10,720.93,72.09,648.84,Card,Online,2026,9,September,21,Monday,False,648.84,648.84
TXN-0004095,2026-09-21,DXB-003,Dubai,CUST-05668,P010,Printer,Office,2,655.44,0,1310.88,0.0,1310.88,Apple Pay,Store,2026,9,September,21,Monday,False,1310.88,655.44
TXN-0004122,2026-09-21,DXB-002,Dubai,CUST-03521,P010,Printer,Office,1,760.52,10,760.52,76.05,684.47,Apple Pay,Store,2026,9,September,21,Monday,False,684.47,684.47
TXN-0004199,2026-09-21,DXB-002,Dubai,CUST-03287,P010,Printer,Office,1,609.04,0,609.04,0.0,609.04,Cash,Store,2026,9,September,21,Monday,False,609.04,609.04
TXN-0004237,2026-09-21,DXB-004,Dubai,CUST-05054,P005,Keyboard,Accessories,3,192.71,0,578.13,0.0,578.13,Apple Pay,Store,2026,9,September,21,Monday,False,578.13,192.71
TXN-0004438,2026-09-21,DXB-001,Dubai,CUST-07305,P010,Printer,Office,1,710.96,0,710.96,0.0,710.96,Card,Store,2026,9,September,21,Monday,False,710.96,710.96
TXN-0004468,2026-09-21,DXB-004,Dubai,CUST-07905,P003,Headphones,Electronics,2,318.57,0,637.14,0.0,637.14,Card,Store,2026,9,September,21,Monday,False,637.14,318.57
TXN-0004599,2026-09-21,DXB-003,Dubai,CUST-01808,P015,Tablet,Electronics,4,1264.12,20,5056.48,1011.3,4045.18,Card,Store,2026,9,September,21,Monday,False,4045.18,1011.3
TXN-0004602,2026-09-21,DXB-001,Dubai,CUST-01622,P011,Notebook,Stationery,1,24.73,0,24.73,0.0,24.73,Bank Transfer,Store,2026,9,September,21,Monday,False,24.73,24.73
TXN-0004643,2026-09-21,DXB-005,Dubai,CUST-04228,P011,Notebook,Stationery,1,26.21,10,26.21,2.62,23.59,Card,Store,2026,9,September,21,Monday,False,23.59,23.59
TXN-0004687,2026-09-21,DXB-005,Dubai,CUST-01713,P007,Office Chair,Furniture,1,688.61,5,688.61,34.43,654.18,Card,Store,2026,9,September,21,Monday,False,654.18,654.18
TXN-0004723,2026-09-21,DXB-002,Dubai,CUST-00617,P010,Printer,Office,1,675.61,0,675.61,0.0,675.61,Card,Store,2026,9,September,21,Monday,False,675.61,675.61
TXN-0004872,2026-09-21,DXB-002,Dubai,CUST-04513,P009,Backpack,Accessories,2,243.57,10,487.14,48.71,438.43,Bank Transfer,Store,2026,9,September,21,Monday,False,438.43,219.22
TXN-0004911,2026-09-21,DXB-005,Dubai,CUST-00527,P003,Headphones,Electronics,2,315.77,5,631.54,31.58,599.96,Bank Transfer,Store,2026,9,September,21,Monday,False,599.96,299.98
TXN-0004937,2026-09-21,DXB-005,Dubai,CUST-07276,P007,Office Chair,Furniture,2,687.87,10,1375.74,137.57,1238.17,Apple Pay,Online,2026,9,September,21,Monday,False,1238.17,619.08
TXN-0004965,2026-09-21,DXB-005,Dubai,CUST-01732,P015,Tablet,Electronics,2,1247.2,0,2494.4,0.0,2494.4,Card,Online,2026,9,September,21,Monday,False,2494.4,1247.2
TXN-0004982,2026-09-21,DXB-005,Dubai,CUST-01823,P013,USB Drive,Accessories,1,48.42,5,48.42,2.42,46.0,Cash,Store,2026,9,September,21,Monday,False,46.0,46.0
TXN-0005006,2026-09-21,DXB-005,Dubai,CUST-05286,P013,USB Drive,Accessories,1,44.79,10,44.79,4.48,40.31,Apple Pay,Store,2026,9,September,21,Monday,False,40.31,40.31
TXN-0005053,2026-09-21,DXB-001,Dubai,CUST-07115,P004,Monitor,Electronics,2,906.76,5,1813.52,90.68,1722.84,Cash,Online,2026,9,September,21,Monday,False,1722.84,861.42
TXN-0005057,2026-09-21,DXB-001,Dubai,CUST-05932,P010,Printer,Office,2,641.37,0,1282.74,0.0,1282.74,Cash,Online,2026,9,September,21,Monday,False,1282.74,641.37
TXN-0005070,2026-09-21,DXB-005,Dubai,CUST-06030,P008,Desk,Furniture,1,683.7,0,683.7,0.0,683.7,Cash,Store,2026,9,September,21,Monday,False,683.7,683.7
TXN-0005108,2026-09-21,DXB-004,Dubai,CUST-03644,P012,Pen Pack,Stationery,3,15.49,0,46.47,0.0,46.47,Card,Store,2026,9,September,21,Monday,False,46.47,15.49
TXN-0005200,2026-09-21,DXB-004,Dubai,CUST-05289,P003,Headphones,Electronics,1,377.86,0,377.86,0.0,377.86,Card,Store,2026,9,September,21,Monday,False,377.86,377.86
TXN-0005244,2026-09-21,DXB-005,Dubai,CUST-04802,P004,Monitor,Electronics,1,940.86,5,940.86,47.04,893.82,Card,Store,2026,9,September,21,Monday,False,893.82,893.82
TXN-0005382,2026-09-21,DXB-004,Dubai,CUST-05092,P006,Mouse,Accessories,4,91.67,5,366.68,18.33,348.35,Cash,Store,2026,9,September,21,Monday,False,348.35,87.09
TXN-0005431,2026-09-21,DXB-001,Dubai,CUST-02728,P002,Smartphone,Electronics,1,1812.32,20,1812.32,362.46,1449.86,Card,Store,2026,9,September,21,Monday,False,1449.86,1449.86
TXN-0005501,2026-09-21,DXB-003,Dubai,CUST-04622,P003,Headphones,Electronics,1,354.79,0,354.79,0.0,354.79,Cash,Store,2026,9,September,21,Monday,False,354.79,354.79
TXN-0005532,2026-09-21,DXB-003,Dubai,CUST-02828,P012,Pen Pack,Stationery,1,14.62,0,14.62,0.0,14.62,Bank Transfer,Store,2026,9,September,21,Monday,False,14.62,14.62
TXN-0005648,2026-09-21,DXB-001,Dubai,CUST-00342,P015,Tablet,Electronics,1,1173.22,0,1173.22,0.0,1173.22,Bank Transfer,Store,2026,9,September,21,Monday,False,1173.22,1173.22
TXN-0005673,2026-09-21,DXB-004,Dubai,CUST-07112,P011,Notebook,Stationery,1,25.97,0,25.97,0.0,25.97,Apple Pay,Online,2026,9,September,21,Monday,False,25.97,25.97
TXN-0005715,2026-09-21,DXB-003,Dubai,CUST-01003,P015,Tablet,Electronics,1,1268.95,0,1268.95,0.0,1268.95,Card,Store,2026,9,September,21,Monday,False,1268.95,1268.95
TXN-0005898,2026-09-21,DXB-003,Dubai,CUST-04661,P014,Power Bank,Electronics,2,142.62,0,285.24,0.0,285.24,Card,Store,2026,9,September,21,Monday,False,285.24,142.62
TXN-0006034,2026-09-21,DXB-005,Dubai,CUST-04804,P013,USB Drive,Accessories,1,44.17,0,44.17,0.0,44.17,Card,Store,2026,9,September,21,Monday,False,44.17,44.17
TXN-0006202,2026-09-21,DXB-003,Dubai,CUST-01575,P011,Notebook,Stationery,3,25.15,10,75.45,7.54,67.91,Cash,Online,2026,9,September,21,Monday,False,67.91,22.64
TXN-0006206,2026-09-21,DXB-002,Dubai,CUST-05625,P013,USB Drive,Accessories,3,42.93,0,128.79,0.0,128.79,Card,Store,2026,9,September,21,Monday,False,128.79,42.93
TXN-0006474,2026-09-21,DXB-002,Dubai,CUST-05101,P012,Pen Pack,Stationery,3,14.29,15,42.87,6.43,36.44,Card,Online,2026,9,September,21,Monday,False,36.44,12.15
TXN-0006483,2026-09-21,DXB-001,Dubai,CUST-03195,P003,Headphones,Electronics,2,327.05,10,654.1,65.41,588.69,Card,Store,2026,9,September,21,Monday,False,588.69,294.35
TXN-0006507,2026-09-21,DXB-005,Dubai,CUST-07503,P003,Headphones,Electronics,3,361.84,10,1085.52,108.55,976.97,Card,Store,2026,9,September,21,Monday,False,976.97,325.66
TXN-0006538,2026-09-21,DXB-005,Dubai,CUST-03517,P007,Office Chair,Furniture,1,641.52,5,641.52,32.08,609.44,Cash,Store,2026,9,September,21,Monday,False,609.44,609.44
TXN-0006542,2026-09-21,DXB-003,Dubai,CUST-04067,P009,Backpack,Accessories,2,220.21,10,440.42,44.04,396.38,Card,Store,2026,9,September,21,Monday,False,396.38,198.19
TXN-0006559,2026-09-21,DXB-004,Dubai,CUST-07142,P013,USB Drive,Accessories,5,50.16,0,250.8,0.0,250.8,Apple Pay,Online,2026,9,September,21,Monday,False,250.8,50.16
TXN-0006595,2026-09-21,DXB-003,Dubai,CUST-02649,P002,Smartphone,Electronics,1,1781.12,0,1781.12,0.0,1781.12,Cash,Online,2026,9,September,21,Monday,False,1781.12,1781.12
TXN-0006760,2026-09-21,DXB-005,Dubai,CUST-01759,P015,Tablet,Electronics,3,1165.59,5,3496.77,174.84,3321.93,Card,Store,2026,9,September,21,Monday,False,3321.93,1107.31
TXN-0006776,2026-09-21,DXB-005,Dubai,CUST-06347,P005,Keyboard,Accessories,1,171.91,5,171.91,8.6,163.31,Card,Online,2026,9,September,21,Monday,False,163.31,163.31
TXN-0006985,2026-09-21,DXB-001,Dubai,CUST-04947,P008,Desk,Furniture,1,820.38,10,820.38,82.04,738.34,Card,Store,2026,9,September,21,Monday,False,738.34,738.34
TXN-0007022,2026-09-21,DXB-002,Dubai,CUST-01968,P007,Office Chair,Furniture,1,735.95,20,735.95,147.19,588.76,Apple Pay,Store,2026,9,September,21,Monday,False,588.76,588.76
TXN-0007198,2026-09-21,DXB-005,Dubai,CUST-07354,P008,Desk,Furniture,1,745.35,0,745.35,0.0,745.35,Cash,Store,2026,9,September,21,Monday,False,745.35,745.35
TXN-0007376,2026-09-21,DXB-005,Dubai,CUST-02208,P002,Smartphone,Electronics,1,1569.64,10,1569.64,156.96,1412.68,Cash,Online,2026,9,September,21,Monday,False,1412.68,1412.68
TXN-0007425,2026-09-21,DXB-004,Dubai,CUST-04727,P005,Keyboard,Accessories,2,175.0,0,350.0,0.0,350.0,Card,Store,2026,9,September,21,Monday,False,350.0,175.0
TXN-0007454,2026-09-21,DXB-003,Dubai,CUST-07834,P011,Notebook,Stationery,1,26.21,0,26.21,0.0,26.21,Cash,Store,2026,9,September,21,Monday,False,26.21,26.21
TXN-0007477,2026-09-21,DXB-002,Dubai,CUST-01430,P008,Desk,Furniture,1,905.55,15,905.55,135.83,769.72,Bank Transfer,Online,2026,9,September,21,Monday,False,769.72,769.72
TXN-0007544,2026-09-21,DXB-001,Dubai,CUST-02350,P003,Headphones,Electronics,3,358.35,5,1075.05,53.75,1021.3,Card,Online,2026,9,September,21,Monday,False,1021.3,340.43
TXN-0007560,2026-09-21,DXB-004,Dubai,CUST-05275,P011,Notebook,Stationery,1,26.03,20,26.03,5.21,20.82,Card,Online,2026,9,September,21,Monday,False,20.82,20.82
TXN-0007574,2026-09-21,DXB-005,Dubai,CUST-06845,P010,Printer,Office,1,697.19,10,697.19,69.72,627.47,Card,Store,2026,9,September,21,Monday,False,627.47,627.47
TXN-0007690,2026-09-21,DXB-005,Dubai,CUST-01469,P002,Smartphone,Electronics,1,1674.78,5,1674.78,83.74,1591.04,Apple Pay,Store,2026,9,September,21,Monday,False,1591.04,1591.04
TXN-0007730,2026-09-21,DXB-005,Dubai,CUST-04102,P008,Desk,Furniture,1,768.21,15,768.21,115.23,652.98,Card,Store,2026,9,September,21,Monday,False,652.98,652.98
TXN-0007756,2026-09-21,DXB-005,Dubai,CUST-00692,P013,USB Drive,Accessories,2,43.17,10,86.34,8.63,77.71,Cash,Store,2026,9,September,21,Monday,False,77.71,38.85
TXN-0007791,2026-09-21,DXB-002,Dubai,CUST-00240,P015,Tablet,Electronics,3,1074.84,10,3224.52,322.45,2902.07,Bank Transfer,Store,2026,9,September,21,Monday,False,2902.07,967.36
TXN-0007904,2026-09-21,DXB-001,Dubai,CUST-00990,P004,Monitor,Electronics,5,777.14,15,3885.7,582.86,3302.84,Card,Online,2026,9,September,21,Monday,False,3302.84,660.57
TXN-0007916,2026-09-21,DXB-001,Dubai,CUST-07450,P014,Power Bank,Electronics,1,160.78,0,160.78,0.0,160.78,Card,Store,2026,9,September,21,Monday,False,160.78,160.78
TXN-0007942,2026-09-21,DXB-002,Dubai,CUST-05142,P007,Office Chair,Furniture,2,622.45,0,1244.9,0.0,1244.9,Apple Pay,Store,2026,9,September,21,Monday,False,1244.9,622.45
TXN-0008005,2026-09-21,DXB-002,Dubai,CUST-01275,P006,Mouse,Accessories,1,99.09,10,99.09,9.91,89.18,Cash,Store,2026,9,September,21,Monday,False,89.18,89.18
TXN-0008052,2026-09-21,DXB-001,Dubai,CUST-05789,P006,Mouse,Accessories,1,98.78,15,98.78,14.82,83.96,Cash,Store,2026,9,September,21,Monday,False,83.96,83.96
TXN-0008102,2026-09-21,DXB-002,Dubai,CUST-02210,P002,Smartphone,Electronics,1,1911.84,10,1911.84,191.18,1720.66,Cash,Store,2026,9,September,21,Monday,False,1720.66,1720.66
TXN-0008116,2026-09-21,DXB-002,Dubai,CUST-04903,P002,Smartphone,Electronics,2,1742.05,5,3484.1,174.2,3309.9,Bank Transfer,Store,2026,9,September,21,Monday,False,3309.9,1654.95
TXN-0008213,2026-09-21,DXB-004,Dubai,CUST-06963,P001,Laptop,Electronics,1,2508.17,10,2508.17,250.82,2257.35,Apple Pay,Store,2026,9,September,21,Monday,False,2257.35,2257.35
TXN-0008237,2026-09-21,DXB-003,Dubai,CUST-00308,P009,Backpack,Accessories,5,207.19,10,1035.95,103.6,932.35,Card,Store,2026,9,September,21,Monday,False,932.35,186.47
TXN-0008242,2026-09-21,DXB-002,Dubai,CUST-04021,P007,Office Chair,Furniture,1,605.1,0,605.1,0.0,605.1,Cash,Store,2026,9,September,21,Monday,False,605.1,605.1
TXN-0008342,2026-09-21,DXB-003,Dubai,CUST-02330,P006,Mouse,Accessories,6,108.52,5,651.12,32.56,618.56,Card,Online,2026,9,September,21,Monday,False,618.56,103.09
TXN-0008379,2026-09-21,DXB-001,Dubai,CUST-06306,P015,Tablet,Electronics,2,1038.73,0,2077.46,0.0,2077.46,Card,Store,2026,9,September,21,Monday,False,2077.46,1038.73
TXN-0008518,2026-09-21,DXB-005,Dubai,CUST-04709,P012,Pen Pack,Stationery,4,14.64,5,58.56,2.93,55.63,Bank Transfer,Store,2026,9,September,21,Monday,False,55.63,13.91
TXN-0008522,2026-09-21,DXB-005,Dubai,CUST-01756,P015,Tablet,Electronics,2,1127.66,15,2255.32,338.3,1917.02,Apple Pay,Store,2026,9,September,21,Monday,False,1917.02,958.51
TXN-0008675,2026-09-21,DXB-003,Dubai,CUST-00583,P005,Keyboard,Accessories,1,172.13,20,172.13,34.43,137.7,Card,Store,2026,9,September,21,Monday,False,137.7,137.7
TXN-0008692,2026-09-21,DXB-002,Dubai,CUST-05134,P009,Backpack,Accessories,1,230.0,10,230.0,23.0,207.0,Card,Store,2026,9,September,21,Monday,False,207.0,207.0
TXN-0008714,2026-09-21,DXB-001,Dubai,CUST-01658,P006,Mouse,Accessories,5,102.45,0,512.25,0.0,512.25,Bank Transfer,Store,2026,9,September,21,Monday,False,512.25,102.45
TXN-0008761,2026-09-21,DXB-002,Dubai,CUST-02339,P011,Notebook,Stationery,5,25.33,10,126.65,12.66,113.99,Card,Online,2026,9,September,21,Monday,False,113.99,22.8
TXN-0008833,2026-09-21,DXB-002,Dubai,CUST-07768,P014,Power Bank,Electronics,4,154.95,15,619.8,92.97,526.83,Card,Store,2026,9,September,21,Monday,False,526.83,131.71
TXN-0008861,2026-09-21,DXB-002,Dubai,CUST-05142,P009,Backpack,Accessories,2,236.0,5,472.0,23.6,448.4,Bank Transfer,Store,2026,9,September,21,Monday,False,448.4,224.2
TXN-0009045,2026-09-21,DXB-001,Dubai,CUST-07115,P003,Headphones,Electronics,2,362.12,0,724.24,0.0,724.24,Cash,Online,2026,9,September,21,Monday,False,724.24,362.12
TXN-0009165,2026-09-21,DXB-005,Dubai,CUST-03246,P011,Notebook,Stationery,4,27.29,0,109.16,0.0,109.16,Card,Store,2026,9,September,21,Monday,False,109.16,27.29
TXN-0009271,2026-09-21,DXB-003,Dubai,CUST-02792,P011,Notebook,Stationery,3,26.39,10,79.17,7.92,71.25,Card,Store,2026,9,September,21,Monday,False,71.25,23.75
TXN-0009549,2026-09-21,DXB-003,Dubai,CUST-02241,P014,Power Bank,Electronics,1,144.57,0,144.57,0.0,144.57,Apple Pay,Online,2026,9,September,21,Monday,False,144.57,144.57
TXN-0009571,2026-09-21,DXB-001,Dubai,CUST-07411,P004,Monitor,Electronics,2,839.79,0,1679.58,0.0,1679.58,Apple Pay,Online,2026,9,September,21,Monday,False,1679.58,839.79
TXN-0009588,2026-09-21,DXB-001,Dubai,CUST-03708,P003,Headphones,Electronics,1,352.74,5,352.74,17.64,335.1,Cash,Store,2026,9,September,21,Monday,False,335.1,335.1
TXN-0009712,2026-09-21,DXB-001,Dubai,CUST-00575,P001,Laptop,Electronics,2,2738.46,15,5476.92,821.54,4655.38,Card,Store,2026,9,September,21,Monday,False,4655.38,2327.69
TXN-0009995,2026-09-21,DXB-004,Dubai,CUST-07479,P015,Tablet,Electronics,1,1197.73,15,1197.73,179.66,1018.07,Cash,Store,2026,9,September,21,Monday,False,1018.07,1018.07
TXN-0010039,2026-09-21,DXB-004,Dubai,CUST-02522,P001,Laptop,Electronics,1,2714.79,20,2714.79,542.96,2171.83,Card,Online,2026,9,September,21,Monday,False,2171.83,2171.83
TXN-0010079,2026-09-21,DXB-001,Dubai,CUST-04364,P007,Office Chair,Furniture,1,696.72,5,696.72,34.84,661.88,Cash,Store,2026,9,September,21,Monday,False,661.88,661.88
TXN-0010237,2026-09-21,DXB-003,Dubai,CUST-00292,P003,Headphones,Electronics,2,354.71,10,709.42,70.94,638.48,Card,Online,2026,9,September,21,Monday,False,638.48,319.24
TXN-0010426,2026-09-21,DXB-002,Dubai,CUST-03743,P008,Desk,Furniture,1,765.91,5,765.91,38.3,727.61,Card,Store,2026,9,September,21,Monday,False,727.61,727.61
TXN-0010542,2026-09-21,DXB-001,Dubai,CUST-05762,P014,Power Bank,Electronics,1,163.42,0,163.42,0.0,163.42,Card,Store,2026,9,September,21,Monday,False,163.42,163.42
TXN-0010562,2026-09-21,DXB-002,Dubai,CUST-03585,P015,Tablet,Electronics,1,1125.98,0,1125.98,0.0,1125.98,Apple Pay,Store,2026,9,September,21,Monday,False,1125.98,1125.98
TXN-0010569,2026-09-21,DXB-003,Dubai,CUST-07271,P005,Keyboard,Accessories,1,186.14,10,186.14,18.61,167.53,Card,Online,2026,9,September,21,Monday,False,167.53,167.53
TXN-0010617,2026-09-21,DXB-005,Dubai,CUST-07828,P011,Notebook,Stationery,3,27.14,10,81.42,8.14,73.28,Card,Online,2026,9,September,21,Monday,False,73.28,24.43
TXN-0010619,2026-09-21,DXB-004,Dubai,CUST-05124,P012,Pen Pack,Stationery,2,13.73,0,27.46,0.0,27.46,Card,Store,2026,9,September,21,Monday,False,27.46,13.73
TXN-0010732,2026-09-21,DXB-004,Dubai,CUST-06356,P014,Power Bank,Electronics,1,156.0,5,156.0,7.8,148.2,Apple Pay,Store,2026,9,September,21,Monday,False,148.2,148.2
TXN-0010767,2026-09-21,DXB-001,Dubai,CUST-00523,P013,USB Drive,Accessories,2,47.12,0,94.24,0.0,94.24,Card,Store,2026,9,September,21,Monday,False,94.24,47.12
TXN-0010836,2026-09-21,DXB-002,Dubai,CUST-02592,P004,Monitor,Electronics,1,872.61,5,872.61,43.63,828.98,Cash,Store,2026,9,September,21,Monday,False,828.98,828.98
TXN-0010854,2026-09-21,DXB-002,Dubai,CUST-02739,P011,Notebook,Stationery,1,27.33,5,27.33,1.37,25.96,Card,Online,2026,9,September,21,Monday,False,25.96,25.96
TXN-0010890,2026-09-21,DXB-005,Dubai,CUST-07969,P003,Headphones,Electronics,1,356.77,0,356.77,0.0,356.77,Card,Store,2026,9,September,21,Monday,False,356.77,356.77
TXN-0010909,2026-09-21,DXB-004,Dubai,CUST-07924,P002,Smartphone,Electronics,1,1841.24,10,1841.24,184.12,1657.12,Apple Pay,Online,2026,9,September,21,Monday,False,1657.12,1657.12
TXN-0010946,2026-09-21,DXB-005,Dubai,CUST-00207,P014,Power Bank,Electronics,3,152.12,15,456.36,68.45,387.91,Card,Store,2026,9,September,21,Monday,False,387.91,129.3
TXN-0011058,2026-09-21,DXB-002,Dubai,CUST-00556,P010,Printer,Office,2,704.68,5,1409.36,70.47,1338.89,Card,Store,2026,9,September,21,Monday,False,1338.89,669.44
TXN-0011082,2026-09-21,DXB-002,Dubai,CUST-04779,P015,Tablet,Electronics,1,1206.59,0,1206.59,0.0,1206.59,Card,Online,2026,9,September,21,Monday,False,1206.59,1206.59
TXN-0011167,2026-09-21,DXB-002,Dubai,CUST-04689,P008,Desk,Furniture,2,768.58,0,1537.16,0.0,1537.16,Apple Pay,Online,2026,9,September,21,Monday,False,1537.16,768.58
TXN-0011172,2026-09-21,DXB-001,Dubai,CUST-01598,P013,USB Drive,Accessories,1,48.49,15,48.49,7.27,41.22,Bank Transfer,Store,2026,9,September,21,Monday,False,41.22,41.22
TXN-0011311,2026-09-21,DXB-003,Dubai,CUST-01488,P013,USB Drive,Accessories,2,50.99,5,101.98,5.1,96.88,Card,Online,2026,9,September,21,Monday,False,96.88,48.44
TXN-0011333,2026-09-21,DXB-002,Dubai,CUST-07314,P002,Smartphone,Electronics,3,1661.86,0,4985.58,0.0,4985.58,Cash,Store,2026,9,September,21,Monday,False,4985.58,1661.86
TXN-0011407,2026-09-21,DXB-004,Dubai,CUST-06670,P013,USB Drive,Accessories,1,49.64,20,49.64,9.93,39.71,Card,Store,2026,9,September,21,Monday,False,39.71,39.71
TXN-0011472,2026-09-21,DXB-004,Dubai,CUST-01854,P002,Smartphone,Electronics,1,1954.3,10,1954.3,195.43,1758.87,Cash,Store,2026,9,September,21,Monday,False,1758.87,1758.87
TXN-0011496,2026-09-21,DXB-005,Dubai,CUST-01997,P003,Headphones,Electronics,4,342.22,15,1368.88,205.33,1163.55,Card,Store,2026,9,September,21,Monday,False,1163.55,290.89
TXN-0011699,2026-09-21,DXB-001,Dubai,CUST-05497,P006,Mouse,Accessories,2,100.42,10,200.84,20.08,180.76,Card,Store,2026,9,September,21,Monday,False,180.76,90.38
TXN-0011707,2026-09-21,DXB-001,Dubai,CUST-06337,P003,Headphones,Electronics,1,320.59,0,320.59,0.0,320.59,Cash,Store,2026,9,September,21,Monday,False,320.59,320.59
TXN-0011768,2026-09-21,DXB-004,Dubai,CUST-04017,P008,Desk,Furniture,3,724.15,10,2172.45,217.24,1955.21,Card,Store,2026,9,September,21,Monday,False,1955.21,651.74
TXN-0011779,2026-09-21,DXB-003,Dubai,CUST-03813,P004,Monitor,Electronics,1,934.84,15,934.84,140.23,794.61,Apple Pay,Online,2026,9,September,21,Monday,False,794.61,794.61
TXN-0011799,2026-09-21,DXB-004,Dubai,CUST-02618,P009,Backpack,Accessories,1,235.87,5,235.87,11.79,224.08,Card,Store,2026,9,September,21,Monday,False,224.08,224.08
TXN-0011822,2026-09-21,DXB-004,Dubai,CUST-01424,P004,Monitor,Electronics,4,871.16,5,3484.64,174.23,3310.41,Cash,Store,2026,9,September,21,Monday,False,3310.41,827.6
TXN-0011978,2026-09-21,DXB-004,Dubai,CUST-05443,P012,Pen Pack,Stationery,1,15.96,5,15.96,0.8,15.16,Card,Online,2026,9,September,21,Monday,False,15.16,15.16
TXN-0011979,2026-09-21,DXB-003,Dubai,CUST-06910,P009,Backpack,Accessories,1,232.87,0,232.87,0.0,232.87,Card,Store,2026,9,September,21,Monday,False,232.87,232.87
TXN-0012040,2026-09-21,DXB-003,Dubai,CUST-07515,P006,Mouse,Accessories,3,88.03,0,264.09,0.0,264.09,Apple Pay,Store,2026,9,September,21,Monday,False,264.09,88.03
TXN-0012131,2026-09-21,DXB-001,Dubai,CUST-06442,P004,Monitor,Electronics,4,945.37,0,3781.48,0.0,3781.48,Apple Pay,Store,2026,9,September,21,Monday,False,3781.48,945.37
TXN-0012228,2026-09-21,DXB-002,Dubai,CUST-03268,P010,Printer,Office,1,635.62,20,635.62,127.12,508.5,Apple Pay,Store,2026,9,September,21,Monday,False,508.5,508.5
TXN-0012257,2026-09-21,DXB-002,Dubai,CUST-07384,P002,Smartphone,Electronics,1,1729.67,10,1729.67,172.97,1556.7,Card,Online,2026,9,September,21,Monday,False,1556.7,1556.7
TXN-0012274,2026-09-21,DXB-003,Dubai,CUST-03893,P011,Notebook,Stationery,1,23.53,10,23.53,2.35,21.18,Cash,Store,2026,9,September,21,Monday,False,21.18,21.18
TXN-0012463,2026-09-21,DXB-004,Dubai,CUST-01118,P011,Notebook,Stationery,1,24.03,10,24.03,2.4,21.63,Cash,Store,2026,9,September,21,Monday,False,21.63,21.63
TXN-0012517,2026-09-21,DXB-001,Dubai,CUST-06186,P008,Desk,Furniture,1,736.49,15,736.49,110.47,626.02,Card,Store,2026,9,September,21,Monday,False,626.02,626.02
TXN-0012587,2026-09-21,DXB-003,Dubai,CUST-03241,P006,Mouse,Accessories,1,103.57,0,103.57,0.0,103.57,Card,Store,2026,9,September,21,Monday,False,103.57,103.57
TXN-0012626,2026-09-21,DXB-004,Dubai,CUST-03070,P004,Monitor,Electronics,2,946.32,10,1892.64,189.26,1703.38,Cash,Store,2026,9,September,21,Monday,False,1703.38,851.69
TXN-0012664,2026-09-21,DXB-004,Dubai,CUST-01582,P015,Tablet,Electronics,1,1228.43,5,1228.43,61.42,1167.01,Apple Pay,Online,2026,9,September,21,Monday,False,1167.01,1167.01
TXN-0012694,2026-09-21,DXB-004,Dubai,CUST-01213,P012,Pen Pack,Stationery,2,14.76,0,29.52,0.0,29.52,Card,Store,2026,9,September,21,Monday,False,29.52,14.76
TXN-0012729,2026-09-21,DXB-001,Dubai,CUST-03592,P011,Notebook,Stationery,1,24.08,15,24.08,3.61,20.47,Card,Store,2026,9,September,21,Monday,False,20.47,20.47
TXN-0012814,2026-09-21,DXB-002,Dubai,CUST-02484,P004,Monitor,Electronics,4,903.09,0,3612.36,0.0,3612.36,Card,Store,2026,9,September,21,Monday,False,3612.36,903.09
TXN-0012828,2026-09-21,DXB-001,Dubai,CUST-06774,P015,Tablet,Electronics,1,1188.63,10,1188.63,118.86,1069.77,Card,Store,2026,9,September,21,Monday,False,1069.77,1069.77
TXN-0012938,2026-09-21,DXB-001,Dubai,CUST-03000,P010,Printer,Office,3,712.04,15,2136.12,320.42,1815.7,Card,Store,2026,9,September,21,Monday,False,1815.7,605.23
TXN-0013075,2026-09-21,DXB-003,Dubai,CUST-01511,P007,Office Chair,Furniture,1,635.49,10,635.49,63.55,571.94,Card,Online,2026,9,September,21,Monday,False,571.94,571.94
TXN-0013099,2026-09-21,DXB-001,Dubai,CUST-00729,P011,Notebook,Stationery,1,23.8,10,23.8,2.38,21.42,Card,Store,2026,9,September,21,Monday,False,21.42,21.42
TXN-0013160,2026-09-21,DXB-003,Dubai,CUST-06321,P003,Headphones,Electronics,3,370.53,20,1111.59,222.32,889.27,Card,Store,2026,9,September,21,Monday,False,889.27,296.42
TXN-0013163,2026-09-21,DXB-005,Dubai,CUST-03652,P012,Pen Pack,Stationery,2,15.13,20,30.26,6.05,24.21,Card,Store,2026,9,September,21,Monday,False,24.21,12.1
TXN-0013316,2026-09-21,DXB-004,Dubai,CUST-02694,P013,USB Drive,Accessories,1,43.25,0,43.25,0.0,43.25,Card,Online,2026,9,September,21,Monday,False,43.25,43.25
TXN-0013335,2026-09-21,DXB-001,Dubai,CUST-01617,P007,Office Chair,Furniture,1,668.81,5,668.81,33.44,635.37,Bank Transfer,Online,2026,9,September,21,Monday,False,635.37,635.37
TXN-0013489,2026-09-21,DXB-005,Dubai,CUST-00985,P010,Printer,Office,1,648.46,10,648.46,64.85,583.61,Card,Store,2026,9,September,21,Monday,False,583.61,583.61
TXN-0013527,2026-09-21,DXB-002,Dubai,CUST-03056,P006,Mouse,Accessories,1,110.63,0,110.63,0.0,110.63,Apple Pay,Store,2026,9,September,21,Monday,False,110.63,110.63
TXN-0013599,2026-09-21,DXB-003,Dubai,CUST-06791,P003,Headphones,Electronics,2,351.91,0,703.82,0.0,703.82,Apple Pay,Store,2026,9,September,21,Monday,False,703.82,351.91
TXN-0013616,2026-09-21,DXB-005,Dubai,CUST-03621,P004,Monitor,Electronics,1,843.11,15,843.11,126.47,716.64,Cash,Online,2026,9,September,21,Monday,False,716.64,716.64
TXN-0013700,2026-09-21,DXB-003,Dubai,CUST-00540,P013,USB Drive,Accessories,2,46.43,10,92.86,9.29,83.57,Card,Online,2026,9,September,21,Monday,False,83.57,41.78
TXN-0013772,2026-09-21,DXB-004,Dubai,CUST-06297,P013,USB Drive,Accessories,3,45.16,0,135.48,0.0,135.48,Card,Store,2026,9,September,21,Monday,False,135.48,45.16
TXN-0013800,2026-09-21,DXB-001,Dubai,CUST-05366,P005,Keyboard,Accessories,1,183.75,5,183.75,9.19,174.56,Card,Store,2026,9,September,21,Monday,False,174.56,174.56
TXN-0013865,2026-09-21,DXB-001,Dubai,CUST-01995,P003,Headphones,Electronics,1,318.96,15,318.96,47.84,271.12,Card,Store,2026,9,September,21,Monday,False,271.12,271.12
TXN-0013889,2026-09-21,DXB-003,Dubai,CUST-01757,P014,Power Bank,Electronics,1,145.46,10,145.46,14.55,130.91,Card,Store,2026,9,September,21,Monday,False,130.91,130.91
TXN-0013948,2026-09-21,DXB-001,Dubai,CUST-05292,P010,Printer,Office,1,669.34,0,669.34,0.0,669.34,Bank Transfer,Store,2026,9,September,21,Monday,False,669.34,669.34
TXN-0014090,2026-09-21,DXB-004,Dubai,CUST-06753,P002,Smartphone,Electronics,1,2041.32,10,2041.32,204.13,1837.19,Card,Store,2026,9,September,21,Monday,False,1837.19,1837.19
TXN-0014092,2026-09-21,DXB-002,Dubai,CUST-03317,P001,Laptop,Electronics,1,2917.5,10,2917.5,291.75,2625.75,Card,Online,2026,9,September,21,Monday,False,2625.75,2625.75
TXN-0014117,2026-09-21,DXB-003,Dubai,CUST-01311,P002,Smartphone,Electronics,5,1920.59,15,9602.95,1440.44,8162.51,Card,Store,2026,9,September,21,Monday,False,8162.51,1632.5
TXN-0014136,2026-09-21,DXB-005,Dubai,CUST-07837,P009,Backpack,Accessories,2,223.05,15,446.1,66.92,379.18,Card,Online,2026,9,September,21,Monday,False,379.18,189.59
TXN-0014160,2026-09-21,DXB-002,Dubai,CUST-01290,P011,Notebook,Stationery,4,27.04,10,108.16,10.82,97.34,Bank Transfer,Store,2026,9,September,21,Monday,False,97.34,24.34
TXN-0014213,2026-09-21,DXB-004,Dubai,CUST-02234,P008,Desk,Furniture,1,706.76,0,706.76,0.0,706.76,Bank Transfer,Online,2026,9,September,21,Monday,False,706.76,706.76
TXN-0014222,2026-09-21,DXB-005,Dubai,CUST-02469,P013,USB Drive,Accessories,2,44.49,0,88.98,0.0,88.98,Card,Store,2026,9,September,21,Monday,False,88.98,44.49
TXN-0014246,2026-09-21,DXB-003,Dubai,CUST-00878,P006,Mouse,Accessories,1,101.26,15,101.26,15.19,86.07,Card,Store,2026,9,September,21,Monday,False,86.07,86.07
TXN-0014316,2026-09-21,DXB-004,Dubai,CUST-07847,P005,Keyboard,Accessories,6,175.08,10,1050.48,105.05,945.43,Apple Pay,Online,2026,9,September,21,Monday,False,945.43,157.57
TXN-0014392,2026-09-21,DXB-004,Dubai,CUST-05117,P014,Power Bank,Electronics,4,148.37,0,593.48,0.0,593.48,Card,Online,2026,9,September,21,Monday,False,593.48,148.37
TXN-0014461,2026-09-21,DXB-003,Dubai,CUST-03752,P011,Notebook,Stationery,1,25.46,0,25.46,0.0,25.46,Card,Online,2026,9,September,21,Monday,False,25.46,25.46
TXN-0014473,2026-09-21,DXB-004,Dubai,CUST-05424,P006,Mouse,Accessories,1,106.29,20,106.29,21.26,85.03,Card,Store,2026,9,September,21,Monday,False,85.03,85.03
TXN-0014481,2026-09-21,DXB-002,Dubai,CUST-04643,P001,Laptop,Electronics,1,2836.3,0,2836.3,0.0,2836.3,Card,Store,2026,9,September,21,Monday,False,2836.3,2836.3
TXN-0014706,2026-09-21,DXB-003,Dubai,CUST-04985,P005,Keyboard,Accessories,4,166.84,0,667.36,0.0,667.36,Bank Transfer,Online,2026,9,September,21,Monday,False,667.36,166.84
TXN-0014733,2026-09-21,DXB-003,Dubai,CUST-02158,P004,Monitor,Electronics,1,879.27,0,879.27,0.0,879.27,Card,Online,2026,9,September,21,Monday,False,879.27,879.27
TXN-0014755,2026-09-21,DXB-005,Dubai,CUST-04708,P013,USB Drive,Accessories,3,45.89,0,137.67,0.0,137.67,Card,Store,2026,9,September,21,Monday,False,137.67,45.89
TXN-0014756,2026-09-21,DXB-004,Dubai,CUST-00827,P001,Laptop,Electronics,3,2863.08,10,8589.24,858.92,7730.32,Card,Store,2026,9,September,21,Monday,False,7730.32,2576.77
TXN-0014766,2026-09-21,DXB-003,Dubai,CUST-02155,P005,Keyboard,Accessories,1,185.78,15,185.78,27.87,157.91,Card,Store,2026,9,September,21,Monday,False,157.91,157.91
TXN-0014791,2026-09-21,DXB-001,Dubai,CUST-00714,P013,USB Drive,Accessories,1,47.5,5,47.5,2.38,45.12,Apple Pay,Store,2026,9,September,21,Monday,False,45.12,45.12
TXN-0014814,2026-09-21,DXB-003,Dubai,CUST-00601,P003,Headphones,Electronics,1,328.66,15,328.66,49.3,279.36,Cash,Store,2026,9,September,21,Monday,False,279.36,279.36
TXN-0014910,2026-09-21,DXB-002,Dubai,CUST-05295,P004,Monitor,Electronics,2,899.0,15,1798.0,269.7,1528.3,Card,Online,2026,9,September,21,Monday,False,1528.3,764.15
TXN-0014930,2026-09-21,DXB-001,Dubai,CUST-02083,P012,Pen Pack,Stationery,2,14.69,10,29.38,2.94,26.44,Card,Store,2026,9,September,21,Monday,False,26.44,13.22
TXN-0014982,2026-09-21,DXB-001,Dubai,CUST-07637,P012,Pen Pack,Stationery,2,15.75,0,31.5,0.0,31.5,Card,Store,2026,9,September,21,Monday,False,31.5,15.75
TXN-0015072,2026-09-21,DXB-001,Dubai,CUST-04329,P009,Backpack,Accessories,3,198.18,15,594.54,89.18,505.36,Apple Pay,Store,2026,9,September,21,Monday,False,505.36,168.45
TXN-0015082,2026-09-21,DXB-001,Dubai,CUST-07314,P013,USB Drive,Accessories,2,45.96,0,91.92,0.0,91.92,Cash,Online,2026,9,September,21,Monday,False,91.92,45.96
TXN-0015144,2026-09-21,DXB-003,Dubai,CUST-03615,P013,USB Drive,Accessories,1,44.86,5,44.86,2.24,42.62,Cash,Store,2026,9,September,21,Monday,False,42.62,42.62
TXN-0015191,2026-09-21,DXB-002,Dubai,CUST-04186,P012,Pen Pack,Stationery,5,14.53,15,72.65,10.9,61.75,Cash,Store,2026,9,September,21,Monday,False,61.75,12.35
TXN-0015239,2026-09-21,DXB-002,Dubai,CUST-01221,P010,Printer,Office,2,660.24,15,1320.48,198.07,1122.41,Card,Store,2026,9,September,21,Monday,False,1122.41,561.21
TXN-0015254,2026-09-21,DXB-003,Dubai,CUST-06999,P007,Office Chair,Furniture,1,710.71,10,710.71,71.07,639.64,Apple Pay,Store,2026,9,September,21,Monday,False,639.64,639.64
TXN-0015257,2026-09-21,DXB-003,Dubai,CUST-05798,P005,Keyboard,Accessories,1,189.93,5,189.93,9.5,180.43,Card,Online,2026,9,September,21,Monday,False,180.43,180.43
TXN-0015276,2026-09-21,DXB-005,Dubai,CUST-00781,P008,Desk,Furniture,2,773.19,5,1546.38,77.32,1469.06,Card,Online,2026,9,September,21,Monday,False,1469.06,734.53
TXN-0015387,2026-09-21,DXB-001,Dubai,CUST-04950,P009,Backpack,Accessories,3,224.16,0,672.48,0.0,672.48,Apple Pay,Store,2026,9,September,21,Monday,False,672.48,224.16
TXN-0015401,2026-09-21,DXB-004,Dubai,CUST-05028,P008,Desk,Furniture,1,765.72,10,765.72,76.57,689.15,Cash,Store,2026,9,September,21,Monday,False,689.15,689.15
TXN-0015451,2026-09-21,DXB-002,Dubai,CUST-03550,P009,Backpack,Accessories,2,220.85,0,441.7,0.0,441.7,Apple Pay,Store,2026,9,September,21,Monday,False,441.7,220.85
TXN-0015548,2026-09-21,DXB-004,Dubai,CUST-04238,P002,Smartphone,Electronics,4,1972.48,0,7889.92,0.0,7889.92,Bank Transfer,Store,2026,9,September,21,Monday,False,7889.92,1972.48
TXN-0015618,2026-09-21,DXB-004,Dubai,CUST-05395,P015,Tablet,Electronics,2,1207.12,10,2414.24,241.42,2172.82,Card,Store,2026,9,September,21,Monday,False,2172.82,1086.41
TXN-0015751,2026-09-21,DXB-002,Dubai,CUST-03679,P006,Mouse,Accessories,4,101.73,0,406.92,0.0,406.92,Bank Transfer,Online,2026,9,September,21,Monday,False,406.92,101.73
TXN-0015760,2026-09-21,DXB-002,Dubai,CUST-04031,P012,Pen Pack,Stationery,1,13.78,20,13.78,2.76,11.02,Card,Store,2026,9,September,21,Monday,False,11.02,11.02
TXN-0015798,2026-09-21,DXB-002,Dubai,CUST-04008,P015,Tablet,Electronics,1,1235.21,10,1235.21,123.52,1111.69,Apple Pay,Store,2026,9,September,21,Monday,False,1111.69,1111.69
TXN-0015806,2026-09-21,DXB-005,Dubai,CUST-05278,P006,Mouse,Accessories,4,100.68,15,402.72,60.41,342.31,Card,Store,2026,9,September,21,Monday,False,342.31,85.58
TXN-0015810,2026-09-21,DXB-005,Dubai,CUST-02898,P008,Desk,Furniture,1,840.08,10,840.08,84.01,756.07,Card,Store,2026,9,September,21,Monday,False,756.07,756.07
TXN-0015815,2026-09-21,DXB-002,Dubai,CUST-01563,P001,Laptop,Electronics,3,2550.02,10,7650.06,765.01,6885.05,Apple Pay,Online,2026,9,September,21,Monday,False,6885.05,2295.02
TXN-0015956,2026-09-21,DXB-002,Dubai,CUST-04526,P010,Printer,Office,1,731.5,15,731.5,109.72,621.78,Card,Store,2026,9,September,21,Monday,False,621.78,621.78
TXN-0015974,2026-09-21,DXB-004,Dubai,CUST-06876,P009,Backpack,Accessories,2,206.67,10,413.34,41.33,372.01,Apple Pay,Store,2026,9,September,21,Monday,False,372.01,186.0
TXN-0015976,2026-09-21,DXB-002,Dubai,CUST-07331,P013,USB Drive,Accessories,4,44.58,5,178.32,8.92,169.4,Apple Pay,Online,2026,9,September,21,Monday,False,169.4,42.35
TXN-0016000,2026-09-21,DXB-001,Dubai,CUST-01576,P005,Keyboard,Accessories,2,190.04,0,380.08,0.0,380.08,Apple Pay,Online,2026,9,September,21,Monday,False,380.08,190.04
TXN-0016005,2026-09-21,DXB-005,Dubai,CUST-05139,P015,Tablet,Electronics,1,1105.3,0,1105.3,0.0,1105.3,Card,Store,2026,9,September,21,Monday,False,1105.3,1105.3
TXN-0016046,2026-09-21,DXB-002,Dubai,CUST-06614,P006,Mouse,Accessories,1,105.75,0,105.75,0.0,105.75,Cash,Store,2026,9,September,21,Monday,False,105.75,105.75
TXN-0016058,2026-09-21,DXB-005,Dubai,CUST-05227,P002,Smartphone,Electronics,2,1830.79,15,3661.58,549.24,3112.34,Card,Store,2026,9,September,21,Monday,False,3112.34,1556.17
TXN-0016105,2026-09-21,DXB-002,Dubai,CUST-04920,P006,Mouse,Accessories,6,97.26,5,583.56,29.18,554.38,Cash,Online,2026,9,September,21,Monday,False,554.38,92.4
TXN-0016215,2026-09-21,DXB-005,Dubai,CUST-00878,P004,Monitor,Electronics,5,883.35,10,4416.75,441.68,3975.07,Card,Store,2026,9,September,21,Monday,False,3975.07,795.01
TXN-0016226,2026-09-21,DXB-002,Dubai,CUST-01706,P013,USB Drive,Accessories,3,48.14,5,144.42,7.22,137.2,Card,Store,2026,9,September,21,Monday,False,137.2,45.73
TXN-0016243,2026-09-21,DXB-005,Dubai,CUST-02138,P004,Monitor,Electronics,1,772.16,15,772.16,115.82,656.34,Cash,Store,2026,9,September,21,Monday,False,656.34,656.34
TXN-0016363,2026-09-21,DXB-003,Dubai,CUST-02438,P008,Desk,Furniture,1,835.08,10,835.08,83.51,751.57,Apple Pay,Store,2026,9,September,21,Monday,False,751.57,751.57
TXN-0016420,2026-09-21,DXB-001,Dubai,CUST-06415,P008,Desk,Furniture,1,820.0,0,820.0,0.0,820.0,Cash,Store,2026,9,September,21,Monday,False,820.0,820.0
TXN-0016441,2026-09-21,DXB-003,Dubai,CUST-07241,P008,Desk,Furniture,5,792.88,0,3964.4,0.0,3964.4,Card,Store,2026,9,September,21,Monday,False,3964.4,792.88
TXN-0016443,2026-09-21,DXB-003,Dubai,CUST-02535,P008,Desk,Furniture,1,772.27,5,772.27,38.61,733.66,Apple Pay,Store,2026,9,September,21,Monday,False,733.66,733.66
TXN-0016458,2026-09-21,DXB-002,Dubai,CUST-06548,P007,Office Chair,Furniture,1,606.93,0,606.93,0.0,606.93,Apple Pay,Store,2026,9,September,21,Monday,False,606.93,606.93
TXN-0016484,2026-09-21,DXB-003,Dubai,CUST-06606,P015,Tablet,Electronics,1,1048.94,0,1048.94,0.0,1048.94,Card,Store,2026,9,September,21,Monday,False,1048.94,1048.94
TXN-0016583,2026-09-21,DXB-005,Dubai,CUST-01371,P014,Power Bank,Electronics,6,142.91,10,857.46,85.75,771.71,Card,Store,2026,9,September,21,Monday,False,771.71,128.62
TXN-0016584,2026-09-21,DXB-004,Dubai,CUST-00630,P009,Backpack,Accessories,1,219.86,0,219.86,0.0,219.86,Card,Store,2026,9,September,21,Monday,False,219.86,219.86
TXN-0016665,2026-09-21,DXB-005,Dubai,CUST-06138,P006,Mouse,Accessories,1,108.1,10,108.1,10.81,97.29,Bank Transfer,Store,2026,9,September,21,Monday,False,97.29,97.29
TXN-0016821,2026-09-21,DXB-003,Dubai,CUST-04769,P002,Smartphone,Electronics,1,1822.38,10,1822.38,182.24,1640.14,Card,Online,2026,9,September,21,Monday,False,1640.14,1640.14
TXN-0016914,2026-09-21,DXB-001,Dubai,CUST-01940,P006,Mouse,Accessories,4,102.98,20,411.92,82.38,329.54,Cash,Store,2026,9,September,21,Monday,False,329.54,82.38
TXN-0017018,2026-09-21,DXB-002,Dubai,CUST-02839,P004,Monitor,Electronics,1,925.29,15,925.29,138.79,786.5,Card,Store,2026,9,September,21,Monday,False,786.5,786.5
TXN-0017028,2026-09-21,DXB-002,Dubai,CUST-03422,P015,Tablet,Electronics,3,1155.15,10,3465.45,346.54,3118.91,Cash,Online,2026,9,September,21,Monday,False,3118.91,1039.64
TXN-0017057,2026-09-21,DXB-003,Dubai,CUST-03626,P010,Printer,Office,3,704.87,5,2114.61,105.73,2008.88,Card,Store,2026,9,September,21,Monday,False,2008.88,669.63
TXN-0017076,2026-09-21,DXB-005,Dubai,CUST-07641,P003,Headphones,Electronics,1,328.65,15,328.65,49.3,279.35,Apple Pay,Store,2026,9,September,21,Monday,False,279.35,279.35
TXN-0017125,2026-09-21,DXB-002,Dubai,CUST-00867,P013,USB Drive,Accessories,3,44.21,5,132.63,6.63,126.0,Cash,Online,2026,9,September,21,Monday,False,126.0,42.0
TXN-0017145,2026-09-21,DXB-001,Dubai,CUST-03120,P005,Keyboard,Accessories,1,171.0,20,171.0,34.2,136.8,Card,Store,2026,9,September,21,Monday,False,136.8,136.8
TXN-0017150,2026-09-21,DXB-001,Dubai,CUST-02376,P013,USB Drive,Accessories,1,43.97,20,43.97,8.79,35.18,Apple Pay,Store,2026,9,September,21,Monday,False,35.18,35.18
TXN-0017179,2026-09-21,DXB-004,Dubai,CUST-00627,P006,Mouse,Accessories,1,102.84,5,102.84,5.14,97.7,Apple Pay,Store,2026,9,September,21,Monday,False,97.7,97.7
TXN-0017231,2026-09-21,DXB-004,Dubai,CUST-02755,P013,USB Drive,Accessories,1,44.41,10,44.41,4.44,39.97,Card,Online,2026,9,September,21,Monday,False,39.97,39.97
TXN-0017304,2026-09-21,DXB-002,Dubai,CUST-06421,P015,Tablet,Electronics,2,1128.04,0,2256.08,0.0,2256.08,Apple Pay,Online,2026,9,September,21,Monday,False,2256.08,1128.04
TXN-0017459,2026-09-21,DXB-002,Dubai,CUST-07874,P004,Monitor,Electronics,1,908.64,0,908.64,0.0,908.64,Card,Store,2026,9,September,21,Monday,False,908.64,908.64
TXN-0017469,2026-09-21,DXB-001,Dubai,CUST-00240,P001,Laptop,Electronics,2,2548.81,5,5097.62,254.88,4842.74,Card,Store,2026,9,September,21,Monday,False,4842.74,2421.37
TXN-0017541,2026-09-21,DXB-003,Dubai,CUST-07348,P002,Smartphone,Electronics,1,1818.92,5,1818.92,90.95,1727.97,Cash,Online,2026,9,September,21,Monday,False,1727.97,1727.97
TXN-0017566,2026-09-21,DXB-003,Dubai,CUST-02759,P007,Office Chair,Furniture,2,658.51,5,1317.02,65.85,1251.17,Apple Pay,Store,2026,9,September,21,Monday,False,1251.17,625.58
TXN-0017603,2026-09-21,DXB-001,Dubai,CUST-01468,P013,USB Drive,Accessories,1,40.67,0,40.67,0.0,40.67,Cash,Store,2026,9,September,21,Monday,False,40.67,40.67
TXN-0017628,2026-09-21,DXB-004,Dubai,CUST-07429,P008,Desk,Furniture,1,712.1,10,712.1,71.21,640.89,Apple Pay,Store,2026,9,September,21,Monday,False,640.89,640.89
TXN-0017630,2026-09-21,DXB-003,Dubai,CUST-06312,P009,Backpack,Accessories,2,236.08,5,472.16,23.61,448.55,Apple Pay,Store,2026,9,September,21,Monday,False,448.55,224.28
TXN-0017656,2026-09-21,DXB-005,Dubai,CUST-05165,P013,USB Drive,Accessories,2,51.64,15,103.28,15.49,87.79,Card,Store,2026,9,September,21,Monday,False,87.79,43.9
TXN-0017660,2026-09-21,DXB-002,Dubai,CUST-05968,P001,Laptop,Electronics,2,2705.84,0,5411.68,0.0,5411.68,Apple Pay,Store,2026,9,September,21,Monday,False,5411.68,2705.84
TXN-0017716,2026-09-21,DXB-002,Dubai,CUST-03881,P005,Keyboard,Accessories,1,183.9,15,183.9,27.58,156.32,Card,Online,2026,9,September,21,Monday,False,156.32,156.32
TXN-0017797,2026-09-21,DXB-002,Dubai,CUST-02379,P014,Power Bank,Electronics,1,150.7,0,150.7,0.0,150.7,Card,Store,2026,9,September,21,Monday,False,150.7,150.7
TXN-0017810,2026-09-21,DXB-003,Dubai,CUST-05279,P012,Pen Pack,Stationery,1,14.75,15,14.75,2.21,12.54,Card,Store,2026,9,September,21,Monday,False,12.54,12.54
TXN-0017856,2026-09-21,DXB-001,Dubai,CUST-07938,P005,Keyboard,Accessories,2,182.72,0,365.44,0.0,365.44,Apple Pay,Store,2026,9,September,21,Monday,False,365.44,182.72
TXN-0017868,2026-09-21,DXB-003,Dubai,CUST-06746,P006,Mouse,Accessories,1,103.84,5,103.84,5.19,98.65,Card,Online,2026,9,September,21,Monday,False,98.65,98.65
TXN-0017872,2026-09-21,DXB-004,Dubai,CUST-07651,P001,Laptop,Electronics,1,3047.1,10,3047.1,304.71,2742.39,Apple Pay,Store,2026,9,September,21,Monday,False,2742.39,2742.39
TXN-0018187,2026-09-21,DXB-005,Dubai,CUST-05554,P009,Backpack,Accessories,1,239.5,10,239.5,23.95,215.55,Cash,Store,2026,9,September,21,Monday,False,215.55,215.55
TXN-0018244,2026-09-21,DXB-001,Dubai,CUST-03456,P012,Pen Pack,Stationery,1,13.57,10,13.57,1.36,12.21,Cash,Store,2026,9,September,21,Monday,False,12.21,12.21
TXN-0018252,2026-09-21,DXB-001,Dubai,CUST-00015,P009,Backpack,Accessories,2,215.23,0,430.46,0.0,430.46,Cash,Store,2026,9,September,21,Monday,False,430.46,215.23
TXN-0018351,2026-09-21,DXB-002,Dubai,CUST-01090,P011,Notebook,Stationery,4,24.5,5,98.0,4.9,93.1,Apple Pay,Store,2026,9,September,21,Monday,False,93.1,23.28
TXN-0018404,2026-09-21,DXB-003,Dubai,CUST-02436,P014,Power Bank,Electronics,2,149.56,15,299.12,44.87,254.25,Apple Pay,Store,2026,9,September,21,Monday,False,254.25,127.12
TXN-0018422,2026-09-21,DXB-001,Dubai,CUST-07398,P006,Mouse,Accessories,1,111.55,0,111.55,0.0,111.55,Card,Store,2026,9,September,21,Monday,False,111.55,111.55
TXN-0018480,2026-09-21,DXB-001,Dubai,CUST-01184,P001,Laptop,Electronics,1,2635.39,0,2635.39,0.0,2635.39,Card,Store,2026,9,September,21,Monday,False,2635.39,2635.39
TXN-0018495,2026-09-21,DXB-002,Dubai,CUST-04168,P006,Mouse,Accessories,4,113.36,5,453.44,22.67,430.77,Cash,Store,2026,9,September,21,Monday,False,430.77,107.69
TXN-0018562,2026-09-21,DXB-001,Dubai,CUST-05342,P014,Power Bank,Electronics,1,152.14,10,152.14,15.21,136.93,Cash,Store,2026,9,September,21,Monday,False,136.93,136.93
TXN-0018577,2026-09-21,DXB-003,Dubai,CUST-01280,P010,Printer,Office,1,624.38,0,624.38,0.0,624.38,Cash,Store,2026,9,September,21,Monday,False,624.38,624.38
TXN-0018637,2026-09-21,DXB-002,Dubai,CUST-04569,P006,Mouse,Accessories,2,97.59,0,195.18,0.0,195.18,Card,Store,2026,9,September,21,Monday,False,195.18,97.59
TXN-0018655,2026-09-21,DXB-001,Dubai,CUST-03835,P001,Laptop,Electronics,2,2604.75,0,5209.5,0.0,5209.5,Card,Store,2026,9,September,21,Monday,False,5209.5,2604.75
TXN-0018799,2026-09-21,DXB-003,Dubai,CUST-06610,P003,Headphones,Electronics,1,353.56,20,353.56,70.71,282.85,Card,Store,2026,9,September,21,Monday,False,282.85,282.85
TXN-0018828,2026-09-21,DXB-003,Dubai,CUST-06681,P013,USB Drive,Accessories,6,41.24,15,247.44,37.12,210.32,Card,Store,2026,9,September,21,Monday,False,210.32,35.05
TXN-0018851,2026-09-21,DXB-003,Dubai,CUST-02050,P002,Smartphone,Electronics,1,1779.62,5,1779.62,88.98,1690.64,Card,Store,2026,9,September,21,Monday,False,1690.64,1690.64
TXN-0018884,2026-09-21,DXB-003,Dubai,CUST-00461,P008,Desk,Furniture,2,819.23,15,1638.46,245.77,1392.69,Bank Transfer,Store,2026,9,September,21,Monday,False,1392.69,696.34
TXN-0018961,2026-09-21,DXB-004,Dubai,CUST-03817,P013,USB Drive,Accessories,4,50.52,0,202.08,0.0,202.08,Cash,Online,2026,9,September,21,Monday,False,202.08,50.52
TXN-0018965,2026-09-21,DXB-003,Dubai,CUST-01526,P006,Mouse,Accessories,1,102.83,5,102.83,5.14,97.69,Cash,Online,2026,9,September,21,Monday,False,97.69,97.69
TXN-0018978,2026-09-21,DXB-001,Dubai,CUST-01924,P002,Smartphone,Electronics,1,1910.01,0,1910.01,0.0,1910.01,Bank Transfer,Online,2026,9,September,21,Monday,False,1910.01,1910.01
TXN-0018984,2026-09-21,DXB-002,Dubai,CUST-00177,P015,Tablet,Electronics,5,1250.93,0,6254.65,0.0,6254.65,Card,Store,2026,9,September,21,Monday,False,6254.65,1250.93
TXN-0019049,2026-09-21,DXB-003,Dubai,CUST-01975,P005,Keyboard,Accessories,1,215.84,5,215.84,10.79,205.05,Card,Store,2026,9,September,21,Monday,False,205.05,205.05
TXN-0019066,2026-09-21,DXB-002,Dubai,CUST-05660,P010,Printer,Office,1,730.78,10,730.78,73.08,657.7,Card,Store,2026,9,September,21,Monday,False,657.7,657.7
TXN-0019084,2026-09-21,DXB-003,Dubai,CUST-03176,P008,Desk,Furniture,1,834.03,10,834.03,83.4,750.63,Bank Transfer,Store,2026,9,September,21,Monday,False,750.63,750.63
TXN-0019101,2026-09-21,DXB-003,Dubai,CUST-04439,P015,Tablet,Electronics,1,1330.54,0,1330.54,0.0,1330.54,Card,Store,2026,9,September,21,Monday,False,1330.54,1330.54
TXN-0019165,2026-09-21,DXB-001,Dubai,CUST-07269,P012,Pen Pack,Stationery,1,14.22,0,14.22,0.0,14.22,Card,Store,2026,9,September,21,Monday,False,14.22,14.22
TXN-0019189,2026-09-21,DXB-001,Dubai,CUST-03990,P001,Laptop,Electronics,1,2957.13,0,2957.13,0.0,2957.13,Card,Store,2026,9,September,21,Monday,False,2957.13,2957.13
TXN-0019246,2026-09-21,DXB-004,Dubai,CUST-00550,P011,Notebook,Stationery,2,25.34,15,50.68,7.6,43.08,Card,Store,2026,9,September,21,Monday,False,43.08,21.54
TXN-0019258,2026-09-21,DXB-002,Dubai,CUST-05793,P013,USB Drive,Accessories,1,43.24,10,43.24,4.32,38.92,Card,Store,2026,9,September,21,Monday,False,38.92,38.92
TXN-0019335,2026-09-21,DXB-003,Dubai,CUST-05556,P004,Monitor,Electronics,3,1045.87,10,3137.61,313.76,2823.85,Bank Transfer,Store,2026,9,September,21,Monday,False,2823.85,941.28
TXN-0019366,2026-09-21,DXB-002,Dubai,CUST-01042,P007,Office Chair,Furniture,2,695.53,0,1391.06,0.0,1391.06,Cash,Online,2026,9,September,21,Monday,False,1391.06,695.53
TXN-0019502,2026-09-21,DXB-004,Dubai,CUST-04596,P004,Monitor,Electronics,2,891.98,10,1783.96,178.4,1605.56,Card,Store,2026,9,September,21,Monday,False,1605.56,802.78
TXN-0019535,2026-09-21,DXB-003,Dubai,CUST-05680,P014,Power Bank,Electronics,2,141.35,10,282.7,28.27,254.43,Card,Store,2026,9,September,21,Monday,False,254.43,127.22
TXN-0019667,2026-09-21,DXB-005,Dubai,CUST-01181,P014,Power Bank,Electronics,2,161.5,15,323.0,48.45,274.55,Card,Online,2026,9,September,21,Monday,False,274.55,137.28
TXN-0019765,2026-09-21,DXB-001,Dubai,CUST-03729,P003,Headphones,Electronics,1,327.88,0,327.88,0.0,327.88,Apple Pay,Store,2026,9,September,21,Monday,False,327.88,327.88
TXN-0019795,2026-09-21,DXB-005,Dubai,CUST-03586,P015,Tablet,Electronics,5,1131.5,10,5657.5,565.75,5091.75,Card,Online,2026,9,September,21,Monday,False,5091.75,1018.35
TXN-0019972,2026-09-21,DXB-001,Dubai,CUST-00527,P012,Pen Pack,Stationery,2,13.54,0,27.08,0.0,27.08,Card,Online,2026,9,September,21,Monday,False,27.08,13.54
TXN-0019991,2026-09-21,DXB-001,Dubai,CUST-03399,P008,Desk,Furniture,2,758.26,10,1516.52,151.65,1364.87,Apple Pay,Online,2026,9,September,21,Monday,False,1364.87,682.44
TXN-0020081,2026-09-21,DXB-005,Dubai,CUST-02168,P004,Monitor,Electronics,5,948.35,10,4741.75,474.18,4267.57,Card,Store,2026,9,September,21,Monday,False,4267.57,853.51
TXN-0020098,2026-09-21,DXB-004,Dubai,CUST-07475,P006,Mouse,Accessories,4,99.01,5,396.04,19.8,376.24,Card,Online,2026,9,September,21,Monday,False,376.24,94.06
TXN-0020125,2026-09-21,DXB-002,Dubai,CUST-07252,P009,Backpack,Accessories,2,224.98,10,449.96,45.0,404.96,Card,Store,2026,9,September,21,Monday,False,404.96,202.48
TXN-0020136,2026-09-21,DXB-003,Dubai,CUST-01099,P015,Tablet,Electronics,4,1138.67,0,4554.68,0.0,4554.68,Card,Store,2026,9,September,21,Monday,False,4554.68,1138.67
TXN-0020168,2026-09-21,DXB-004,Dubai,CUST-04349,P002,Smartphone,Electronics,2,1778.82,0,3557.64,0.0,3557.64,Apple Pay,Store,2026,9,September,21,Monday,False,3557.64,1778.82
TXN-0020197,2026-09-21,DXB-002,Dubai,CUST-07021,P003,Headphones,Electronics,4,339.91,0,1359.64,0.0,1359.64,Cash,Store,2026,9,September,21,Monday,False,1359.64,339.91
TXN-0020216,2026-09-21,DXB-004,Dubai,CUST-01689,P013,USB Drive,Accessories,1,41.86,0,41.86,0.0,41.86,Card,Online,2026,9,September,21,Monday,False,41.86,41.86
TXN-0020256,2026-09-21,DXB-002,Dubai,CUST-05000,P011,Notebook,Stationery,1,25.36,5,25.36,1.27,24.09,Card,Online,2026,9,September,21,Monday,False,24.09,24.09
TXN-0020279,2026-09-21,DXB-003,Dubai,CUST-03346,P008,Desk,Furniture,1,834.87,20,834.87,166.97,667.9,Card,Store,2026,9,September,21,Monday,False,667.9,667.9
TXN-0020332,2026-09-21,DXB-003,Dubai,CUST-05039,P009,Backpack,Accessories,1,204.3,0,204.3,0.0,204.3,Cash,Store,2026,9,September,21,Monday,False,204.3,204.3
TXN-0020343,2026-09-21,DXB-003,Dubai,CUST-06621,P009,Backpack,Accessories,1,225.87,5,225.87,11.29,214.58,Card,Store,2026,9,September,21,Monday,False,214.58,214.58
TXN-0020382,2026-09-21,DXB-003,Dubai,CUST-04941,P010,Printer,Office,3,684.96,5,2054.88,102.74,1952.14,Cash,Store,2026,9,September,21,Monday,False,1952.14,650.71
TXN-0020568,2026-09-21,DXB-004,Dubai,CUST-05968,P007,Office Chair,Furniture,2,684.1,20,1368.2,273.64,1094.56,Card,Store,2026,9,September,21,Monday,False,1094.56,547.28
TXN-0020688,2026-09-21,DXB-001,Dubai,CUST-03335,P009,Backpack,Accessories,2,222.38,20,444.76,88.95,355.81,Bank Transfer,Store,2026,9,September,21,Monday,False,355.81,177.9
TXN-0020757,2026-09-21,DXB-001,Dubai,CUST-00034,P009,Backpack,Accessories,1,211.39,0,211.39,0.0,211.39,Apple Pay,Store,2026,9,September,21,Monday,False,211.39,211.39
TXN-0020837,2026-09-21,DXB-002,Dubai,CUST-03010,P012,Pen Pack,Stationery,1,16.22,5,16.22,0.81,15.41,Bank Transfer,Store,2026,9,September,21,Monday,False,15.41,15.41
TXN-0020879,2026-09-21,DXB-002,Dubai,CUST-06435,P008,Desk,Furniture,1,842.09,20,842.09,168.42,673.67,Card,Store,2026,9,September,21,Monday,False,673.67,673.67
TXN-0020889,2026-09-21,DXB-003,Dubai,CUST-02297,P012,Pen Pack,Stationery,3,15.21,0,45.63,0.0,45.63,Cash,Store,2026,9,September,21,Monday,False,45.63,15.21
TXN-0020935,2026-09-21,DXB-001,Dubai,CUST-00738,P015,Tablet,Electronics,1,1181.13,0,1181.13,0.0,1181.13,Card,Store,2026,9,September,21,Monday,False,1181.13,1181.13
TXN-0020986,2026-09-21,DXB-005,Dubai,CUST-02956,P010,Printer,Office,2,664.2,15,1328.4,199.26,1129.14,Card,Store,2026,9,September,21,Monday,False,1129.14,564.57
TXN-0021040,2026-09-21,DXB-005,Dubai,CUST-03350,P005,Keyboard,Accessories,2,175.85,15,351.7,52.76,298.94,Card,Store,2026,9,September,21,Monday,False,298.94,149.47
TXN-0021054,2026-09-21,DXB-002,Dubai,CUST-05847,P011,Notebook,Stationery,1,24.44,5,24.44,1.22,23.22,Cash,Store,2026,9,September,21,Monday,False,23.22,23.22
TXN-0021080,2026-09-21,DXB-002,Dubai,CUST-06143,P004,Monitor,Electronics,1,770.67,5,770.67,38.53,732.14,Card,Online,2026,9,September,21,Monday,False,732.14,732.14
TXN-0021123,2026-09-21,DXB-001,Dubai,CUST-00224,P004,Monitor,Electronics,1,982.14,0,982.14,0.0,982.14,Card,Store,2026,9,September,21,Monday,False,982.14,982.14
TXN-0021179,2026-09-21,DXB-001,Dubai,CUST-06593,P014,Power Bank,Electronics,2,135.54,5,271.08,13.55,257.53,Cash,Online,2026,9,September,21,Monday,False,257.53,128.76
TXN-0021215,2026-09-21,DXB-004,Dubai,CUST-02181,P006,Mouse,Accessories,1,100.16,0,100.16,0.0,100.16,Card,Store,2026,9,September,21,Monday,False,100.16,100.16
TXN-0021218,2026-09-21,DXB-002,Dubai,CUST-07871,P006,Mouse,Accessories,1,96.12,5,96.12,4.81,91.31,Cash,Online,2026,9,September,21,Monday,False,91.31,91.31
TXN-0021238,2026-09-21,DXB-001,Dubai,CUST-07892,P010,Printer,Office,1,685.69,15,685.69,102.85,582.84,Card,Online,2026,9,September,21,Monday,False,582.84,582.84
TXN-0021263,2026-09-21,DXB-003,Dubai,CUST-06560,P008,Desk,Furniture,1,823.97,20,823.97,164.79,659.18,Apple Pay,Store,2026,9,September,21,Monday,False,659.18,659.18
TXN-0021331,2026-09-21,DXB-001,Dubai,CUST-04738,P011,Notebook,Stationery,1,27.26,10,27.26,2.73,24.53,Card,Store,2026,9,September,21,Monday,False,24.53,24.53
TXN-0021350,2026-09-21,DXB-002,Dubai,CUST-03341,P012,Pen Pack,Stationery,4,16.19,0,64.76,0.0,64.76,Apple Pay,Online,2026,9,September,21,Monday,False,64.76,16.19
TXN-0021369,2026-09-21,DXB-004,Dubai,CUST-00330,P002,Smartphone,Electronics,4,1790.07,5,7160.28,358.01,6802.27,Card,Store,2026,9,September,21,Monday,False,6802.27,1700.57
TXN-0021467,2026-09-21,DXB-004,Dubai,CUST-02092,P011,Notebook,Stationery,2,26.42,5,52.84,2.64,50.2,Card,Store,2026,9,September,21,Monday,False,50.2,25.1
TXN-0021585,2026-09-21,DXB-002,Dubai,CUST-07873,P011,Notebook,Stationery,2,22.85,5,45.7,2.28,43.42,Cash,Store,2026,9,September,21,Monday,False,43.42,21.71
TXN-0021642,2026-09-21,DXB-005,Dubai,CUST-01175,P013,USB Drive,Accessories,1,45.79,10,45.79,4.58,41.21,Cash,Store,2026,9,September,21,Monday,False,41.21,41.21
TXN-0021673,2026-09-21,DXB-003,Dubai,CUST-05609,P014,Power Bank,Electronics,4,145.95,15,583.8,87.57,496.23,Cash,Online,2026,9,September,21,Monday,False,496.23,124.06
TXN-0021679,2026-09-21,DXB-002,Dubai,CUST-01707,P007,Office Chair,Furniture,2,591.26,5,1182.52,59.13,1123.39,Bank Transfer,Store,2026,9,September,21,Monday,False,1123.39,561.7
TXN-0021792,2026-09-21,DXB-005,Dubai,CUST-05298,P012,Pen Pack,Stationery,1,12.28,15,12.28,1.84,10.44,Card,Store,2026,9,September,21,Monday,False,10.44,10.44
TXN-0021799,2026-09-21,DXB-002,Dubai,CUST-02148,P004,Monitor,Electronics,5,917.88,15,4589.4,688.41,3900.99,Card,Online,2026,9,September,21,Monday,False,3900.99,780.2
TXN-0021819,2026-09-21,DXB-005,Dubai,CUST-03403,P008,Desk,Furniture,1,900.57,5,900.57,45.03,855.54,Apple Pay,Store,2026,9,September,21,Monday,False,855.54,855.54
TXN-0021827,2026-09-21,DXB-003,Dubai,CUST-05024,P014,Power Bank,Electronics,4,141.19,5,564.76,28.24,536.52,Card,Online,2026,9,September,21,Monday,False,536.52,134.13
TXN-0021892,2026-09-21,DXB-003,Dubai,CUST-05574,P009,Backpack,Accessories,2,217.13,5,434.26,21.71,412.55,Cash,Store,2026,9,September,21,Monday,False,412.55,206.28
TXN-0021894,2026-09-21,DXB-005,Dubai,CUST-01724,P009,Backpack,Accessories,1,188.41,0,188.41,0.0,188.41,Cash,Store,2026,9,September,21,Monday,False,188.41,188.41
TXN-0021914,2026-09-21,DXB-003,Dubai,CUST-07623,P002,Smartphone,Electronics,4,1593.28,0,6373.12,0.0,6373.12,Apple Pay,Store,2026,9,September,21,Monday,False,6373.12,1593.28
TXN-0021923,2026-09-21,DXB-002,Dubai,CUST-01144,P004,Monitor,Electronics,1,877.61,10,877.61,87.76,789.85,Card,Store,2026,9,September,21,Monday,False,789.85,789.85
TXN-0022055,2026-09-21,DXB-005,Dubai,CUST-06850,P009,Backpack,Accessories,4,205.9,5,823.6,41.18,782.42,Card,Store,2026,9,September,21,Monday,False,782.42,195.6
TXN-0022150,2026-09-21,DXB-001,Dubai,CUST-00893,P003,Headphones,Electronics,1,328.16,0,328.16,0.0,328.16,Card,Store,2026,9,September,21,Monday,False,328.16,328.16
TXN-0022185,2026-09-21,DXB-002,Dubai,CUST-00795,P013,USB Drive,Accessories,1,38.77,5,38.77,1.94,36.83,Card,Store,2026,9,September,21,Monday,False,36.83,36.83
TXN-0022187,2026-09-21,DXB-005,Dubai,CUST-03937,P007,Office Chair,Furniture,3,645.96,5,1937.88,96.89,1840.99,Bank Transfer,Online,2026,9,September,21,Monday,False,1840.99,613.66
TXN-0022235,2026-09-21,DXB-005,Dubai,CUST-04632,P012,Pen Pack,Stationery,1,14.14,5,14.14,0.71,13.43,Card,Store,2026,9,September,21,Monday,False,13.43,13.43
TXN-0022250,2026-09-21,DXB-001,Dubai,CUST-00985,P008,Desk,Furniture,1,796.14,5,796.14,39.81,756.33,Card,Store,2026,9,September,21,Monday,False,756.33,756.33
TXN-0022348,2026-09-21,DXB-001,Dubai,CUST-06318,P011,Notebook,Stationery,6,27.88,5,167.28,8.36,158.92,Apple Pay,Online,2026,9,September,21,Monday,False,158.92,26.49
TXN-0022435,2026-09-21,DXB-003,Dubai,CUST-02383,P009,Backpack,Accessories,3,223.59,0,670.77,0.0,670.77,Apple Pay,Store,2026,9,September,21,Monday,False,670.77,223.59
TXN-0022546,2026-09-21,DXB-003,Dubai,CUST-05406,P005,Keyboard,Accessories,4,184.97,15,739.88,110.98,628.9,Card,Store,2026,9,September,21,Monday,False,628.9,157.22
TXN-0022574,2026-09-21,DXB-003,Dubai,CUST-01057,P001,Laptop,Electronics,1,2627.25,15,2627.25,394.09,2233.16,Cash,Online,2026,9,September,21,Monday,False,2233.16,2233.16
TXN-0022606,2026-09-21,DXB-002,Dubai,CUST-07932,P013,USB Drive,Accessories,6,47.36,0,284.16,0.0,284.16,Bank Transfer,Store,2026,9,September,21,Monday,False,284.16,47.36
TXN-0022625,2026-09-21,DXB-004,Dubai,CUST-07285,P008,Desk,Furniture,1,825.84,15,825.84,123.88,701.96,Card,Store,2026,9,September,21,Monday,False,701.96,701.96
TXN-0022660,2026-09-21,DXB-001,Dubai,CUST-03515,P001,Laptop,Electronics,2,2926.38,5,5852.76,292.64,5560.12,Card,Store,2026,9,September,21,Monday,False,5560.12,2780.06
TXN-0022664,2026-09-21,DXB-002,Dubai,CUST-05534,P012,Pen Pack,Stationery,1,14.18,0,14.18,0.0,14.18,Cash,Store,2026,9,September,21,Monday,False,14.18,14.18
TXN-0022748,2026-09-21,DXB-005,Dubai,CUST-06457,P006,Mouse,Accessories,1,95.93,0,95.93,0.0,95.93,Card,Store,2026,9,September,21,Monday,False,95.93,95.93
TXN-0022801,2026-09-21,DXB-001,Dubai,CUST-06500,P013,USB Drive,Accessories,3,46.17,5,138.51,6.93,131.58,Cash,Store,2026,9,September,21,Monday,False,131.58,43.86
TXN-0022830,2026-09-21,DXB-003,Dubai,CUST-07230,P007,Office Chair,Furniture,1,632.15,15,632.15,94.82,537.33,Apple Pay,Store,2026,9,September,21,Monday,False,537.33,537.33
TXN-0022904,2026-09-21,DXB-001,Dubai,CUST-00989,P008,Desk,Furniture,1,750.0,10,750.0,75.0,675.0,Card,Store,2026,9,September,21,Monday,False,675.0,675.0
TXN-0022974,2026-09-21,DXB-003,Dubai,CUST-03573,P012,Pen Pack,Stationery,4,14.13,5,56.52,2.83,53.69,Card,Store,2026,9,September,21,Monday,False,53.69,13.42
TXN-0023116,2026-09-21,DXB-004,Dubai,CUST-05943,P005,Keyboard,Accessories,1,174.62,0,174.62,0.0,174.62,Cash,Store,2026,9,September,21,Monday,False,174.62,174.62
TXN-0023305,2026-09-21,DXB-005,Dubai,CUST-01728,P002,Smartphone,Electronics,1,1670.86,0,1670.86,0.0,1670.86,Cash,Online,2026,9,September,21,Monday,False,1670.86,1670.86
TXN-0023356,2026-09-21,DXB-003,Dubai,CUST-00746,P006,Mouse,Accessories,1,87.11,0,87.11,0.0,87.11,Card,Online,2026,9,September,21,Monday,False,87.11,87.11
TXN-0023363,2026-09-21,DXB-001,Dubai,CUST-01970,P004,Monitor,Electronics,3,954.94,20,2864.82,572.96,2291.86,Cash,Store,2026,9,September,21,Monday,False,2291.86,763.95
TXN-0023368,2026-09-21,DXB-003,Dubai,CUST-05770,P011,Notebook,Stationery,2,25.31,0,50.62,0.0,50.62,Bank Transfer,Store,2026,9,September,21,Monday,False,50.62,25.31
TXN-0023407,2026-09-21,DXB-002,Dubai,CUST-05232,P013,USB Drive,Accessories,2,44.14,0,88.28,0.0,88.28,Card,Store,2026,9,September,21,Monday,False,88.28,44.14
TXN-0023514,2026-09-21,DXB-003,Dubai,CUST-04957,P014,Power Bank,Electronics,1,154.97,0,154.97,0.0,154.97,Card,Store,2026,9,September,21,Monday,False,154.97,154.97
TXN-0023560,2026-09-21,DXB-004,Dubai,CUST-04679,P001,Laptop,Electronics,1,3001.98,15,3001.98,450.3,2551.68,Card,Store,2026,9,September,21,Monday,False,2551.68,2551.68
TXN-0023565,2026-09-21,DXB-003,Dubai,CUST-07354,P010,Printer,Office,1,706.37,15,706.37,105.96,600.41,Bank Transfer,Online,2026,9,September,21,Monday,False,600.41,600.41
TXN-0023585,2026-09-21,DXB-001,Dubai,CUST-07872,P003,Headphones,Electronics,1,318.85,0,318.85,0.0,318.85,Card,Store,2026,9,September,21,Monday,False,318.85,318.85
TXN-0023639,2026-09-21,DXB-003,Dubai,CUST-03128,P015,Tablet,Electronics,2,1205.06,5,2410.12,120.51,2289.61,Card,Store,2026,9,September,21,Monday,False,2289.61,1144.8
TXN-0023722,2026-09-21,DXB-003,Dubai,CUST-01119,P002,Smartphone,Electronics,3,1681.37,15,5044.11,756.62,4287.49,Cash,Store,2026,9,September,21,Monday,False,4287.49,1429.16
TXN-0023768,2026-09-21,DXB-002,Dubai,CUST-01781,P011,Notebook,Stationery,1,26.03,0,26.03,0.0,26.03,Card,Store,2026,9,September,21,Monday,False,26.03,26.03
TXN-0023800,2026-09-21,DXB-001,Dubai,CUST-04443,P003,Headphones,Electronics,1,352.67,0,352.67,0.0,352.67,Bank Transfer,Store,2026,9,September,21,Monday,False,352.67,352.67
TXN-0023845,2026-09-21,DXB-003,Dubai,CUST-01524,P006,Mouse,Accessories,1,105.2,20,105.2,21.04,84.16,Card,Store,2026,9,September,21,Monday,False,84.16,84.16
TXN-0023847,2026-09-21,DXB-005,Dubai,CUST-03816,P010,Printer,Office,5,765.04,0,3825.2,0.0,3825.2,Card,Store,2026,9,September,21,Monday,False,3825.2,765.04
TXN-0023933,2026-09-21,DXB-001,Dubai,CUST-03592,P011,Notebook,Stationery,1,23.73,0,23.73,0.0,23.73,Card,Store,2026,9,September,21,Monday,False,23.73,23.73
TXN-0024022,2026-09-21,DXB-001,Dubai,CUST-01225,P014,Power Bank,Electronics,1,146.51,5,146.51,7.33,139.18,Apple Pay,Store,2026,9,September,21,Monday,False,139.18,139.18
TXN-0024117,2026-09-21,DXB-005,Dubai,CUST-03724,P007,Office Chair,Furniture,1,683.11,5,683.11,34.16,648.95,Cash,Online,2026,9,September,21,Monday,False,648.95,648.95
TXN-0024139,2026-09-21,DXB-001,Dubai,CUST-01379,P014,Power Bank,Electronics,1,144.53,15,144.53,21.68,122.85,Card,Online,2026,9,September,21,Monday,False,122.85,122.85
TXN-0024229,2026-09-21,DXB-004,Dubai,CUST-02965,P004,Monitor,Electronics,2,906.23,10,1812.46,181.25,1631.21,Card,Store,2026,9,September,21,Monday,False,1631.21,815.6
TXN-0024248,2026-09-21,DXB-001,Dubai,CUST-00580,P013,USB Drive,Accessories,2,45.88,0,91.76,0.0,91.76,Card,Store,2026,9,September,21,Monday,False,91.76,45.88
TXN-0024289,2026-09-21,DXB-002,Dubai,CUST-04971,P008,Desk,Furniture,2,815.96,10,1631.92,163.19,1468.73,Apple Pay,Store,2026,9,September,21,Monday,False,1468.73,734.36
TXN-0024350,2026-09-21,DXB-001,Dubai,CUST-01469,P010,Printer,Office,1,681.34,10,681.34,68.13,613.21,Card,Online,2026,9,September,21,Monday,False,613.21,613.21
TXN-0024507,2026-09-21,DXB-005,Dubai,CUST-03448,P002,Smartphone,Electronics,3,1713.88,0,5141.64,0.0,5141.64,Cash,Online,2026,9,September,21,Monday,False,5141.64,1713.88
TXN-0024564,2026-09-21,DXB-002,Dubai,CUST-01731,P015,Tablet,Electronics,4,1136.61,10,4546.44,454.64,4091.8,Apple Pay,Store,2026,9,September,21,Monday,False,4091.8,1022.95
TXN-0024566,2026-09-21,DXB-002,Dubai,CUST-02855,P008,Desk,Furniture,1,769.0,5,769.0,38.45,730.55,Bank Transfer,Store,2026,9,September,21,Monday,False,730.55,730.55
TXN-0024684,2026-09-21,DXB-004,Dubai,CUST-04602,P008,Desk,Furniture,1,816.03,5,816.03,40.8,775.23,Card,Store,2026,9,September,21,Monday,False,775.23,775.23
TXN-0024693,2026-09-21,DXB-002,Dubai,CUST-00214,P004,Monitor,Electronics,1,953.5,0,953.5,0.0,953.5,Cash,Store,2026,9,September,21,Monday,False,953.5,953.5
TXN-0024817,2026-09-21,DXB-003,Dubai,CUST-00733,P009,Backpack,Accessories,1,227.77,5,227.77,11.39,216.38,Apple Pay,Store,2026,9,September,21,Monday,False,216.38,216.38
TXN-0024828,2026-09-21,DXB-002,Dubai,CUST-00083,P005,Keyboard,Accessories,1,176.0,15,176.0,26.4,149.6,Cash,Store,2026,9,September,21,Monday,False,149.6,149.6
TXN-0024873,2026-09-21,DXB-003,Dubai,CUST-02093,P015,Tablet,Electronics,1,1348.64,10,1348.64,134.86,1213.78,Apple Pay,Store,2026,9,September,21,Monday,False,1213.78,1213.78
TXN-0024915,2026-09-21,DXB-001,Dubai,CUST-07549,P009,Backpack,Accessories,1,213.73,0,213.73,0.0,213.73,Card,Store,2026,9,September,21,Monday,False,213.73,213.73
TXN-0024963,2026-09-21,DXB-001,Dubai,CUST-03544,P009,Backpack,Accessories,1,220.72,0,220.72,0.0,220.72,Card,Store,2026,9,September,21,Monday,False,220.72,220.72
TXN-0025015,2026-09-21,DXB-001,Dubai,CUST-02600,P010,Printer,Office,2,696.28,0,1392.56,0.0,1392.56,Cash,Store,2026,9,September,21,Monday,False,1392.56,696.28
TXN-0025072,2026-09-21,DXB-005,Dubai,CUST-06076,P001,Laptop,Electronics,1,2537.52,10,2537.52,253.75,2283.77,Card,Online,2026,9,September,21,Monday,False,2283.77,2283.77
TXN-0025145,2026-09-21,DXB-003,Dubai,CUST-03811,P008,Desk,Furniture,1,798.54,0,798.54,0.0,798.54,Bank Transfer,Store,2026,9,September,21,Monday,False,798.54,798.54
TXN-0025194,2026-09-21,DXB-005,Dubai,CUST-05773,P005,Keyboard,Accessories,1,192.27,5,192.27,9.61,182.66,Card,Store,2026,9,September,21,Monday,False,182.66,182.66
TXN-0025203,2026-09-21,DXB-002,Dubai,CUST-04580,P014,Power Bank,Electronics,1,153.91,5,153.91,7.7,146.21,Apple Pay,Store,2026,9,September,21,Monday,False,146.21,146.21
TXN-0025231,2026-09-21,DXB-003,Dubai,CUST-07054,P013,USB Drive,Accessories,1,39.35,0,39.35,0.0,39.35,Cash,Online,2026,9,September,21,Monday,False,39.35,39.35
TXN-0025266,2026-09-21,DXB-005,Dubai,CUST-04401,P009,Backpack,Accessories,2,235.97,10,471.94,47.19,424.75,Card,Store,2026,9,September,21,Monday,False,424.75,212.38
TXN-0025318,2026-09-21,DXB-002,Dubai,CUST-07329,P015,Tablet,Electronics,1,1145.93,0,1145.93,0.0,1145.93,Card,Store,2026,9,September,21,Monday,False,1145.93,1145.93
TXN-0025322,2026-09-21,DXB-005,Dubai,CUST-05654,P003,Headphones,Electronics,1,337.62,5,337.62,16.88,320.74,Card,Store,2026,9,September,21,Monday,False,320.74,320.74
TXN-0025367,2026-09-21,DXB-001,Dubai,CUST-07192,P013,USB Drive,Accessories,2,42.0,0,84.0,0.0,84.0,Bank Transfer,Store,2026,9,September,21,Monday,False,84.0,42.0
TXN-0025476,2026-09-21,DXB-003,Dubai,CUST-01044,P014,Power Bank,Electronics,1,150.42,15,150.42,22.56,127.86,Apple Pay,Online,2026,9,September,21,Monday,False,127.86,127.86
TXN-0025618,2026-09-21,DXB-004,Dubai,CUST-06189,P006,Mouse,Accessories,1,99.16,5,99.16,4.96,94.2,Card,Store,2026,9,September,21,Monday,False,94.2,94.2
TXN-0025634,2026-09-21,DXB-003,Dubai,CUST-07771,P004,Monitor,Electronics,2,984.02,10,1968.04,196.8,1771.24,Card,Store,2026,9,September,21,Monday,False,1771.24,885.62
TXN-0025655,2026-09-21,DXB-001,Dubai,CUST-04791,P006,Mouse,Accessories,1,104.79,5,104.79,5.24,99.55,Card,Store,2026,9,September,21,Monday,False,99.55,99.55
TXN-0025808,2026-09-21,DXB-005,Dubai,CUST-06583,P011,Notebook,Stationery,1,25.09,5,25.09,1.25,23.84,Bank Transfer,Store,2026,9,September,21,Monday,False,23.84,23.84
TXN-0025850,2026-09-21,DXB-005,Dubai,CUST-00517,P001,Laptop,Electronics,3,2716.3,5,8148.9,407.44,7741.46,Card,Online,2026,9,September,21,Monday,False,7741.46,2580.49
TXN-0025901,2026-09-21,DXB-003,Dubai,CUST-07709,P008,Desk,Furniture,1,799.38,5,799.38,39.97,759.41,Apple Pay,Store,2026,9,September,21,Monday,False,759.41,759.41
TXN-0026009,2026-09-21,DXB-004,Dubai,CUST-00843,P002,Smartphone,Electronics,2,1696.28,5,3392.56,169.63,3222.93,Bank Transfer,Store,2026,9,September,21,Monday,False,3222.93,1611.46
TXN-0026023,2026-09-21,DXB-002,Dubai,CUST-02177,P005,Keyboard,Accessories,2,174.79,0,349.58,0.0,349.58,Card,Online,2026,9,September,21,Monday,False,349.58,174.79
TXN-0026090,2026-09-21,DXB-004,Dubai,CUST-06243,P001,Laptop,Electronics,1,2704.66,5,2704.66,135.23,2569.43,Apple Pay,Store,2026,9,September,21,Monday,False,2569.43,2569.43
TXN-0026128,2026-09-21,DXB-002,Dubai,CUST-07172,P013,USB Drive,Accessories,1,45.68,20,45.68,9.14,36.54,Card,Store,2026,9,September,21,Monday,False,36.54,36.54
TXN-0026129,2026-09-21,DXB-004,Dubai,CUST-07613,P013,USB Drive,Accessories,1,41.66,0,41.66,0.0,41.66,Bank Transfer,Online,2026,9,September,21,Monday,False,41.66,41.66
TXN-0026165,2026-09-21,DXB-002,Dubai,CUST-00842,P014,Power Bank,Electronics,2,149.58,20,299.16,59.83,239.33,Cash,Online,2026,9,September,21,Monday,False,239.33,119.66
TXN-0026236,2026-09-21,DXB-004,Dubai,CUST-05241,P002,Smartphone,Electronics,1,1872.95,0,1872.95,0.0,1872.95,Card,Store,2026,9,September,21,Monday,False,1872.95,1872.95
TXN-0026267,2026-09-21,DXB-003,Dubai,CUST-04866,P009,Backpack,Accessories,1,230.5,10,230.5,23.05,207.45,Apple Pay,Store,2026,9,September,21,Monday,False,207.45,207.45
TXN-0026360,2026-09-21,DXB-001,Dubai,CUST-00826,P001,Laptop,Electronics,2,3092.09,0,6184.18,0.0,6184.18,Bank Transfer,Online,2026,9,September,21,Monday,False,6184.18,3092.09
TXN-0026413,2026-09-21,DXB-004,Dubai,CUST-05579,P012,Pen Pack,Stationery,1,16.37,15,16.37,2.46,13.91,Card,Store,2026,9,September,21,Monday,False,13.91,13.91
TXN-0026552,2026-09-21,DXB-001,Dubai,CUST-06796,P001,Laptop,Electronics,1,2848.79,0,2848.79,0.0,2848.79,Card,Store,2026,9,September,21,Monday,False,2848.79,2848.79
TXN-0026577,2026-09-21,DXB-002,Dubai,CUST-06027,P011,Notebook,Stationery,1,24.01,5,24.01,1.2,22.81,Cash,Store,2026,9,September,21,Monday,False,22.81,22.81
TXN-0026635,2026-09-21,DXB-003,Dubai,CUST-04636,P012,Pen Pack,Stationery,3,15.25,15,45.75,6.86,38.89,Apple Pay,Store,2026,9,September,21,Monday,False,38.89,12.96
TXN-0026835,2026-09-21,DXB-003,Dubai,CUST-00472,P013,USB Drive,Accessories,1,47.74,0,47.74,0.0,47.74,Card,Online,2026,9,September,21,Monday,False,47.74,47.74
TXN-0026862,2026-09-21,DXB-005,Dubai,CUST-04422,P008,Desk,Furniture,1,736.88,0,736.88,0.0,736.88,Bank Transfer,Store,2026,9,September,21,Monday,False,736.88,736.88
TXN-0026894,2026-09-21,DXB-004,Dubai,CUST-04547,P014,Power Bank,Electronics,1,141.06,5,141.06,7.05,134.01,Card,Store,2026,9,September,21,Monday,False,134.01,134.01
TXN-0026960,2026-09-21,DXB-001,Dubai,CUST-03369,P002,Smartphone,Electronics,1,1831.71,5,1831.71,91.59,1740.12,Card,Store,2026,9,September,21,Monday,False,1740.12,1740.12
TXN-0026975,2026-09-21,DXB-004,Dubai,CUST-06669,P012,Pen Pack,Stationery,2,13.64,0,27.28,0.0,27.28,Card,Store,2026,9,September,21,Monday,False,27.28,13.64
TXN-0027131,2026-09-21,DXB-005,Dubai,CUST-07384,P005,Keyboard,Accessories,1,185.66,10,185.66,18.57,167.09,Card,Store,2026,9,September,21,Monday,False,167.09,167.09
TXN-0027146,2026-09-21,DXB-003,Dubai,CUST-04746,P001,Laptop,Electronics,1,2727.86,10,2727.86,272.79,2455.07,Apple Pay,Online,2026,9,September,21,Monday,False,2455.07,2455.07
TXN-0027165,2026-09-21,DXB-002,Dubai,CUST-05843,P009,Backpack,Accessories,2,208.27,15,416.54,62.48,354.06,Bank Transfer,Store,2026,9,September,21,Monday,False,354.06,177.03
TXN-0027171,2026-09-21,DXB-002,Dubai,CUST-07153,P009,Backpack,Accessories,3,228.12,5,684.36,34.22,650.14,Apple Pay,Online,2026,9,September,21,Monday,False,650.14,216.71
TXN-0027245,2026-09-21,DXB-001,Dubai,CUST-03276,P002,Smartphone,Electronics,3,1758.85,0,5276.55,0.0,5276.55,Cash,Store,2026,9,September,21,Monday,False,5276.55,1758.85
TXN-0027249,2026-09-21,DXB-001,Dubai,CUST-07571,P011,Notebook,Stationery,3,25.48,5,76.44,3.82,72.62,Card,Store,2026,9,September,21,Monday,False,72.62,24.21
TXN-0027314,2026-09-21,DXB-004,Dubai,CUST-04878,P004,Monitor,Electronics,3,965.64,5,2896.92,144.85,2752.07,Card,Online,2026,9,September,21,Monday,False,2752.07,917.36
TXN-0027417,2026-09-21,DXB-001,Dubai,CUST-06096,P011,Notebook,Stationery,3,24.95,0,74.85,0.0,74.85,Cash,Online,2026,9,September,21,Monday,False,74.85,24.95
TXN-0027478,2026-09-21,DXB-004,Dubai,CUST-04568,P004,Monitor,Electronics,2,851.6,0,1703.2,0.0,1703.2,Apple Pay,Store,2026,9,September,21,Monday,False,1703.2,851.6
TXN-0027542,2026-09-21,DXB-002,Dubai,CUST-07824,P004,Monitor,Electronics,2,868.0,15,1736.0,260.4,1475.6,Card,Store,2026,9,September,21,Monday,False,1475.6,737.8
TXN-0027620,2026-09-21,DXB-001,Dubai,CUST-04108,P004,Monitor,Electronics,1,927.75,5,927.75,46.39,881.36,Card,Store,2026,9,September,21,Monday,False,881.36,881.36
TXN-0027673,2026-09-21,DXB-005,Dubai,CUST-02576,P007,Office Chair,Furniture,1,623.27,5,623.27,31.16,592.11,Card,Store,2026,9,September,21,Monday,False,592.11,592.11
TXN-0027695,2026-09-21,DXB-005,Dubai,CUST-06215,P012,Pen Pack,Stationery,1,14.4,5,14.4,0.72,13.68,Card,Online,2026,9,September,21,Monday,False,13.68,13.68
TXN-0027715,2026-09-21,DXB-003,Dubai,CUST-04480,P015,Tablet,Electronics,2,1188.68,15,2377.36,356.6,2020.76,Apple Pay,Store,2026,9,September,21,Monday,False,2020.76,1010.38
TXN-0027755,2026-09-21,DXB-001,Dubai,CUST-02710,P001,Laptop,Electronics,3,2659.81,10,7979.43,797.94,7181.49,Apple Pay,Online,2026,9,September,21,Monday,False,7181.49,2393.83
TXN-0027809,2026-09-21,DXB-005,Dubai,CUST-04748,P015,Tablet,Electronics,3,1258.34,10,3775.02,377.5,3397.52,Apple Pay,Store,2026,9,September,21,Monday,False,3397.52,1132.51
TXN-0027840,2026-09-21,DXB-003,Dubai,CUST-07513,P009,Backpack,Accessories,2,227.91,5,455.82,22.79,433.03,Apple Pay,Online,2026,9,September,21,Monday,False,433.03,216.52
TXN-0027853,2026-09-21,DXB-003,Dubai,CUST-01732,P003,Headphones,Electronics,1,335.68,10,335.68,33.57,302.11,Apple Pay,Store,2026,9,September,21,Monday,False,302.11,302.11
TXN-0027898,2026-09-21,DXB-003,Dubai,CUST-05374,P010,Printer,Office,2,736.44,5,1472.88,73.64,1399.24,Apple Pay,Online,2026,9,September,21,Monday,False,1399.24,699.62
TXN-0027932,2026-09-21,DXB-002,Dubai,CUST-07001,P004,Monitor,Electronics,2,944.32,20,1888.64,377.73,1510.91,Apple Pay,Store,2026,9,September,21,Monday,False,1510.91,755.46
TXN-0027961,2026-09-21,DXB-005,Dubai,CUST-01530,P008,Desk,Furniture,3,872.48,10,2617.44,261.74,2355.7,Card,Store,2026,9,September,21,Monday,False,2355.7,785.23
TXN-0028018,2026-09-21,DXB-004,Dubai,CUST-02900,P004,Monitor,Electronics,2,898.05,20,1796.1,359.22,1436.88,Cash,Store,2026,9,September,21,Monday,False,1436.88,718.44
TXN-0028028,2026-09-21,DXB-002,Dubai,CUST-02645,P013,USB Drive,Accessories,1,44.16,10,44.16,4.42,39.74,Card,Online,2026,9,September,21,Monday,False,39.74,39.74
TXN-0028106,2026-09-21,DXB-003,Dubai,CUST-03299,P005,Keyboard,Accessories,2,184.55,10,369.1,36.91,332.19,Card,Store,2026,9,September,21,Monday,False,332.19,166.1
TXN-0028134,2026-09-21,DXB-003,Dubai,CUST-01792,P001,Laptop,Electronics,1,2856.22,10,2856.22,285.62,2570.6,Apple Pay,Store,2026,9,September,21,Monday,False,2570.6,2570.6
TXN-0028264,2026-09-21,DXB-004,Dubai,CUST-06504,P001,Laptop,Electronics,1,3088.42,10,3088.42,308.84,2779.58,Card,Store,2026,9,September,21,Monday,False,2779.58,2779.58
TXN-0028285,2026-09-21,DXB-001,Dubai,CUST-02053,P007,Office Chair,Furniture,1,641.21,5,641.21,32.06,609.15,Cash,Store,2026,9,September,21,Monday,False,609.15,609.15
TXN-0028320,2026-09-21,DXB-003,Dubai,CUST-01507,P013,USB Drive,Accessories,1,46.89,0,46.89,0.0,46.89,Card,Online,2026,9,September,21,Monday,False,46.89,46.89
TXN-0028419,2026-09-21,DXB-003,Dubai,CUST-00350,P006,Mouse,Accessories,2,103.48,5,206.96,10.35,196.61,Cash,Online,2026,9,September,21,Monday,False,196.61,98.3
TXN-0028448,2026-09-21,DXB-004,Dubai,CUST-02324,P007,Office Chair,Furniture,2,599.58,5,1199.16,59.96,1139.2,Cash,Store,2026,9,September,21,Monday,False,1139.2,569.6
TXN-0028474,2026-09-21,DXB-005,Dubai,CUST-05508,P009,Backpack,Accessories,3,203.17,0,609.51,0.0,609.51,Card,Online,2026,9,September,21,Monday,False,609.51,203.17
TXN-0028479,2026-09-21,DXB-001,Dubai,CUST-05586,P010,Printer,Office,1,790.11,5,790.11,39.51,750.6,Cash,Store,2026,9,September,21,Monday,False,750.6,750.6
TXN-0028512,2026-09-21,DXB-001,Dubai,CUST-04246,P004,Monitor,Electronics,1,876.26,0,876.26,0.0,876.26,Card,Store,2026,9,September,21,Monday,False,876.26,876.26
TXN-0028561,2026-09-21,DXB-002,Dubai,CUST-00231,P009,Backpack,Accessories,1,205.88,5,205.88,10.29,195.59,Card,Online,2026,9,September,21,Monday,False,195.59,195.59
TXN-0028602,2026-09-21,DXB-001,Dubai,CUST-03091,P011,Notebook,Stationery,2,25.38,20,50.76,10.15,40.61,Card,Store,2026,9,September,21,Monday,False,40.61,20.3
TXN-0028619,2026-09-21,DXB-004,Dubai,CUST-04237,P004,Monitor,Electronics,2,937.67,0,1875.34,0.0,1875.34,Card,Store,2026,9,September,21,Monday,False,1875.34,937.67
TXN-0028630,2026-09-21,DXB-003,Dubai,CUST-02150,P010,Printer,Office,1,699.01,5,699.01,34.95,664.06,Apple Pay,Store,2026,9,September,21,Monday,False,664.06,664.06
TXN-0028737,2026-09-21,DXB-001,Dubai,CUST-05019,P007,Office Chair,Furniture,2,581.69,15,1163.38,174.51,988.87,Card,Online,2026,9,September,21,Monday,False,988.87,494.44
TXN-0028761,2026-09-21,DXB-005,Dubai,CUST-01390,P002,Smartphone,Electronics,2,1714.71,20,3429.42,685.88,2743.54,Bank Transfer,Online,2026,9,September,21,Monday,False,2743.54,1371.77
TXN-0028861,2026-09-21,DXB-004,Dubai,CUST-06786,P011,Notebook,Stationery,1,23.45,0,23.45,0.0,23.45,Card,Store,2026,9,September,21,Monday,False,23.45,23.45
TXN-0029022,2026-09-21,DXB-001,Dubai,CUST-02890,P014,Power Bank,Electronics,3,139.83,0,419.49,0.0,419.49,Card,Store,2026,9,September,21,Monday,False,419.49,139.83
TXN-0029054,2026-09-21,DXB-002,Dubai,CUST-05422,P004,Monitor,Electronics,3,842.39,0,2527.17,0.0,2527.17,Apple Pay,Store,2026,9,September,21,Monday,False,2527.17,842.39
TXN-0029078,2026-09-21,DXB-003,Dubai,CUST-02128,P011,Notebook,Stationery,3,26.63,5,79.89,3.99,75.9,Card,Store,2026,9,September,21,Monday,False,75.9,25.3
TXN-0029139,2026-09-21,DXB-004,Dubai,CUST-01263,P006,Mouse,Accessories,1,101.26,15,101.26,15.19,86.07,Card,Store,2026,9,September,21,Monday,False,86.07,86.07
TXN-0029335,2026-09-21,DXB-005,Dubai,CUST-02782,P004,Monitor,Electronics,1,863.77,10,863.77,86.38,777.39,Bank Transfer,Store,2026,9,September,21,Monday,False,777.39,777.39
TXN-0029350,2026-09-21,DXB-003,Dubai,CUST-06192,P008,Desk,Furniture,1,730.99,0,730.99,0.0,730.99,Cash,Store,2026,9,September,21,Monday,False,730.99,730.99
TXN-0029458,2026-09-21,DXB-002,Dubai,CUST-00568,P007,Office Chair,Furniture,1,556.92,5,556.92,27.85,529.07,Card,Store,2026,9,September,21,Monday,False,529.07,529.07
TXN-0029465,2026-09-21,DXB-002,Dubai,CUST-01733,P009,Backpack,Accessories,1,203.47,15,203.47,30.52,172.95,Bank Transfer,Online,2026,9,September,21,Monday,False,172.95,172.95
TXN-0029498,2026-09-21,DXB-001,Dubai,CUST-03243,P006,Mouse,Accessories,1,108.43,20,108.43,21.69,86.74,Card,Store,2026,9,September,21,Monday,False,86.74,86.74
TXN-0029535,2026-09-21,DXB-001,Dubai,CUST-05396,P003,Headphones,Electronics,3,357.46,0,1072.38,0.0,1072.38,Bank Transfer,Store,2026,9,September,21,Monday,False,1072.38,357.46
TXN-0029781,2026-09-21,DXB-004,Dubai,CUST-01917,P014,Power Bank,Electronics,1,155.22,0,155.22,0.0,155.22,Apple Pay,Store,2026,9,September,21,Monday,False,155.22,155.22
TXN-0029909,2026-09-21,DXB-005,Dubai,CUST-04053,P010,Printer,Office,2,697.91,10,1395.82,139.58,1256.24,Card,Store,2026,9,September,21,Monday,False,1256.24,628.12
TXN-0029940,2026-09-21,DXB-005,Dubai,CUST-00115,P002,Smartphone,Electronics,2,1950.67,15,3901.34,585.2,3316.14,Cash,Store,2026,9,September,21,Monday,False,3316.14,1658.07
TXN-0030016,2026-09-21,DXB-003,Dubai,CUST-07229,P008,Desk,Furniture,3,761.69,10,2285.07,228.51,2056.56,Card,Store,2026,9,September,21,Monday,False,2056.56,685.52
TXN-0030031,2026-09-21,DXB-002,Dubai,CUST-06811,P012,Pen Pack,Stationery,4,13.53,0,54.12,0.0,54.12,Card,Store,2026,9,September,21,Monday,False,54.12,13.53
TXN-0030045,2026-09-21,DXB-001,Dubai,CUST-01496,P004,Monitor,Electronics,1,822.09,10,822.09,82.21,739.88,Apple Pay,Online,2026,9,September,21,Monday,False,739.88,739.88
TXN-0030099,2026-09-21,DXB-004,Dubai,CUST-04962,P009,Backpack,Accessories,1,229.33,0,229.33,0.0,229.33,Bank Transfer,Store,2026,9,September,21,Monday,False,229.33,229.33
TXN-0030192,2026-09-21,DXB-002,Dubai,CUST-03330,P003,Headphones,Electronics,1,380.23,0,380.23,0.0,380.23,Card,Online,2026,9,September,21,Monday,False,380.23,380.23
TXN-0030193,2026-09-21,DXB-001,Dubai,CUST-06707,P005,Keyboard,Accessories,1,187.89,5,187.89,9.39,178.5,Card,Store,2026,9,September,21,Monday,False,178.5,178.5
TXN-0030284,2026-09-21,DXB-005,Dubai,CUST-06070,P010,Printer,Office,1,704.25,10,704.25,70.42,633.83,Card,Store,2026,9,September,21,Monday,False,633.83,633.83
TXN-0030294,2026-09-21,DXB-002,Dubai,CUST-00468,P004,Monitor,Electronics,1,948.23,5,948.23,47.41,900.82,Card,Online,2026,9,September,21,Monday,False,900.82,900.82
TXN-0030296,2026-09-21,DXB-002,Dubai,CUST-07127,P009,Backpack,Accessories,1,216.38,5,216.38,10.82,205.56,Bank Transfer,Store,2026,9,September,21,Monday,False,205.56,205.56
TXN-0030300,2026-09-21,DXB-005,Dubai,CUST-04021,P009,Backpack,Accessories,1,233.8,15,233.8,35.07,198.73,Cash,Online,2026,9,September,21,Monday,False,198.73,198.73
TXN-0030375,2026-09-21,DXB-001,Dubai,CUST-07862,P012,Pen Pack,Stationery,1,14.48,10,14.48,1.45,13.03,Card,Store,2026,9,September,21,Monday,False,13.03,13.03
TXN-0030387,2026-09-21,DXB-001,Dubai,CUST-05716,P007,Office Chair,Furniture,4,698.12,0,2792.48,0.0,2792.48,Card,Store,2026,9,September,21,Monday,False,2792.48,698.12
TXN-0030457,2026-09-21,DXB-004,Dubai,CUST-05362,P008,Desk,Furniture,1,779.44,5,779.44,38.97,740.47,Card,Store,2026,9,September,21,Monday,False,740.47,740.47
TXN-0030488,2026-09-21,DXB-001,Dubai,CUST-00582,P004,Monitor,Electronics,1,1001.84,0,1001.84,0.0,1001.84,Cash,Store,2026,9,September,21,Monday,False,1001.84,1001.84
TXN-0030566,2026-09-21,DXB-005,Dubai,CUST-07699,P003,Headphones,Electronics,1,375.45,0,375.45,0.0,375.45,Card,Online,2026,9,September,21,Monday,False,375.45,375.45
TXN-0030671,2026-09-21,DXB-001,Dubai,CUST-03360,P015,Tablet,Electronics,3,1349.93,5,4049.79,202.49,3847.3,Cash,Store,2026,9,September,21,Monday,False,3847.3,1282.43
TXN-0030692,2026-09-21,DXB-003,Dubai,CUST-00508,P015,Tablet,Electronics,1,1253.79,5,1253.79,62.69,1191.1,Card,Online,2026,9,September,21,Monday,False,1191.1,1191.1
TXN-0030754,2026-09-21,DXB-001,Dubai,CUST-01544,P002,Smartphone,Electronics,1,1612.62,15,1612.62,241.89,1370.73,Card,Store,2026,9,September,21,Monday,False,1370.73,1370.73
TXN-0030798,2026-09-21,DXB-001,Dubai,CUST-05533,P014,Power Bank,Electronics,1,152.96,10,152.96,15.3,137.66,Card,Online,2026,9,September,21,Monday,False,137.66,137.66
TXN-0030822,2026-09-21,DXB-002,Dubai,CUST-07307,P011,Notebook,Stationery,1,27.44,0,27.44,0.0,27.44,Card,Store,2026,9,September,21,Monday,False,27.44,27.44
TXN-0030863,2026-09-21,DXB-005,Dubai,CUST-03795,P015,Tablet,Electronics,1,1266.49,0,1266.49,0.0,1266.49,Card,Online,2026,9,September,21,Monday,False,1266.49,1266.49
TXN-0030878,2026-09-21,DXB-005,Dubai,CUST-06794,P001,Laptop,Electronics,2,2395.66,5,4791.32,239.57,4551.75,Card,Store,2026,9,September,21,Monday,False,4551.75,2275.88
TXN-0030879,2026-09-21,DXB-004,Dubai,CUST-07280,P015,Tablet,Electronics,1,1224.19,5,1224.19,61.21,1162.98,Card,Store,2026,9,September,21,Monday,False,1162.98,1162.98
TXN-0030912,2026-09-21,DXB-004,Dubai,CUST-01532,P001,Laptop,Electronics,3,2840.51,5,8521.53,426.08,8095.45,Apple Pay,Online,2026,9,September,21,Monday,False,8095.45,2698.48
TXN-0030991,2026-09-21,DXB-002,Dubai,CUST-05484,P015,Tablet,Electronics,4,1194.14,10,4776.56,477.66,4298.9,Apple Pay,Store,2026,9,September,21,Monday,False,4298.9,1074.72
TXN-0031004,2026-09-21,DXB-002,Dubai,CUST-03202,P001,Laptop,Electronics,2,2919.58,0,5839.16,0.0,5839.16,Card,Store,2026,9,September,21,Monday,False,5839.16,2919.58
TXN-0031011,2026-09-21,DXB-001,Dubai,CUST-01125,P013,USB Drive,Accessories,2,39.39,0,78.78,0.0,78.78,Card,Online,2026,9,September,21,Monday,False,78.78,39.39
TXN-0031062,2026-09-21,DXB-003,Dubai,CUST-00747,P008,Desk,Furniture,3,772.93,15,2318.79,347.82,1970.97,Apple Pay,Online,2026,9,September,21,Monday,False,1970.97,656.99
TXN-0031068,2026-09-21,DXB-005,Dubai,CUST-03088,P004,Monitor,Electronics,1,914.35,10,914.35,91.44,822.91,Card,Store,2026,9,September,21,Monday,False,822.91,822.91
TXN-0031120,2026-09-21,DXB-004,Dubai,CUST-05686,P013,USB Drive,Accessories,4,43.31,0,173.24,0.0,173.24,Card,Store,2026,9,September,21,Monday,False,173.24,43.31
TXN-0031144,2026-09-21,DXB-003,Dubai,CUST-06901,P003,Headphones,Electronics,1,354.02,10,354.02,35.4,318.62,Card,Store,2026,9,September,21,Monday,False,318.62,318.62
TXN-0031161,2026-09-21,DXB-005,Dubai,CUST-00753,P005,Keyboard,Accessories,2,194.76,0,389.52,0.0,389.52,Cash,Store,2026,9,September,21,Monday,False,389.52,194.76
TXN-0031234,2026-09-21,DXB-002,Dubai,CUST-02383,P006,Mouse,Accessories,3,99.99,0,299.97,0.0,299.97,Cash,Store,2026,9,September,21,Monday,False,299.97,99.99
TXN-0031374,2026-09-21,DXB-005,Dubai,CUST-00546,P012,Pen Pack,Stationery,1,14.77,10,14.77,1.48,13.29,Card,Online,2026,9,September,21,Monday,False,13.29,13.29
TXN-0031450,2026-09-21,DXB-005,Dubai,CUST-01899,P005,Keyboard,Accessories,3,179.11,10,537.33,53.73,483.6,Bank Transfer,Online,2026,9,September,21,Monday,False,483.6,161.2
TXN-0031469,2026-09-21,DXB-001,Dubai,CUST-02336,P013,USB Drive,Accessories,1,44.12,10,44.12,4.41,39.71,Card,Store,2026,9,September,21,Monday,False,39.71,39.71
TXN-0031542,2026-09-21,DXB-002,Dubai,CUST-03161,P006,Mouse,Accessories,2,102.27,0,204.54,0.0,204.54,Card,Store,2026,9,September,21,Monday,False,204.54,102.27
TXN-0031621,2026-09-21,DXB-003,Dubai,CUST-03696,P013,USB Drive,Accessories,1,43.64,0,43.64,0.0,43.64,Cash,Store,2026,9,September,21,Monday,False,43.64,43.64
TXN-0031655,2026-09-21,DXB-002,Dubai,CUST-07492,P006,Mouse,Accessories,2,102.12,15,204.24,30.64,173.6,Card,Store,2026,9,September,21,Monday,False,173.6,86.8
TXN-0031678,2026-09-21,DXB-004,Dubai,CUST-07972,P003,Headphones,Electronics,1,366.5,10,366.5,36.65,329.85,Card,Store,2026,9,September,21,Monday,False,329.85,329.85
TXN-0031744,2026-09-21,DXB-002,Dubai,CUST-07683,P001,Laptop,Electronics,4,2805.53,5,11222.12,561.11,10661.01,Card,Store,2026,9,September,21,Monday,False,10661.01,2665.25
TXN-0031757,2026-09-21,DXB-004,Dubai,CUST-07115,P005,Keyboard,Accessories,1,189.0,0,189.0,0.0,189.0,Apple Pay,Store,2026,9,September,21,Monday,False,189.0,189.0
TXN-0031759,2026-09-21,DXB-004,Dubai,CUST-03248,P004,Monitor,Electronics,3,914.28,5,2742.84,137.14,2605.7,Card,Store,2026,9,September,21,Monday,False,2605.7,868.57
TXN-0031778,2026-09-21,DXB-004,Dubai,CUST-07687,P009,Backpack,Accessories,3,213.16,0,639.48,0.0,639.48,Card,Online,2026,9,September,21,Monday,False,639.48,213.16
TXN-0031808,2026-09-21,DXB-005,Dubai,CUST-04371,P001,Laptop,Electronics,1,2705.11,20,2705.11,541.02,2164.09,Apple Pay,Store,2026,9,September,21,Monday,False,2164.09,2164.09
TXN-0031830,2026-09-21,DXB-002,Dubai,CUST-02934,P001,Laptop,Electronics,5,2675.09,0,13375.45,0.0,13375.45,Card,Store,2026,9,September,21,Monday,False,13375.45,2675.09
TXN-0031868,2026-09-21,DXB-003,Dubai,CUST-03556,P007,Office Chair,Furniture,1,620.22,0,620.22,0.0,620.22,Cash,Store,2026,9,September,21,Monday,False,620.22,620.22
TXN-0031981,2026-09-21,DXB-003,Dubai,CUST-04173,P011,Notebook,Stationery,1,23.05,0,23.05,0.0,23.05,Card,Store,2026,9,September,21,Monday,False,23.05,23.05
TXN-0031994,2026-09-21,DXB-001,Dubai,CUST-02211,P001,Laptop,Electronics,1,2706.71,0,2706.71,0.0,2706.71,Apple Pay,Online,2026,9,September,21,Monday,False,2706.71,2706.71
TXN-0032012,2026-09-21,DXB-001,Dubai,CUST-00888,P011,Notebook,Stationery,1,23.83,0,23.83,0.0,23.83,Bank Transfer,Online,2026,9,September,21,Monday,False,23.83,23.83
TXN-0032046,2026-09-21,DXB-005,Dubai,CUST-01431,P011,Notebook,Stationery,1,24.71,15,24.71,3.71,21.0,Cash,Store,2026,9,September,21,Monday,False,21.0,21.0
TXN-0032082,2026-09-21,DXB-004,Dubai,CUST-00412,P007,Office Chair,Furniture,1,654.93,10,654.93,65.49,589.44,Card,Store,2026,9,September,21,Monday,False,589.44,589.44
TXN-0032112,2026-09-21,DXB-002,Dubai,CUST-02092,P004,Monitor,Electronics,1,892.71,5,892.71,44.64,848.07,Apple Pay,Online,2026,9,September,21,Monday,False,848.07,848.07
TXN-0032132,2026-09-21,DXB-002,Dubai,CUST-06645,P001,Laptop,Electronics,4,2622.54,5,10490.16,524.51,9965.65,Card,Store,2026,9,September,21,Monday,False,9965.65,2491.41
TXN-0032190,2026-09-21,DXB-002,Dubai,CUST-07892,P009,Backpack,Accessories,5,191.89,0,959.45,0.0,959.45,Apple Pay,Store,2026,9,September,21,Monday,False,959.45,191.89
TXN-0032225,2026-09-21,DXB-002,Dubai,CUST-00706,P008,Desk,Furniture,1,862.68,0,862.68,0.0,862.68,Card,Store,2026,9,September,21,Monday,False,862.68,862.68
TXN-0032244,2026-09-21,DXB-001,Dubai,CUST-00860,P013,USB Drive,Accessories,2,42.78,0,85.56,0.0,85.56,Cash,Online,2026,9,September,21,Monday,False,85.56,42.78
TXN-0032285,2026-09-21,DXB-001,Dubai,CUST-04218,P008,Desk,Furniture,5,757.47,0,3787.35,0.0,3787.35,Apple Pay,Store,2026,9,September,21,Monday,False,3787.35,757.47
TXN-0032320,2026-09-21,DXB-004,Dubai,CUST-07985,P004,Monitor,Electronics,2,849.48,15,1698.96,254.84,1444.12,Apple Pay,Store,2026,9,September,21,Monday,False,1444.12,722.06
TXN-0032378,2026-09-21,DXB-001,Dubai,CUST-07914,P010,Printer,Office,2,645.26,10,1290.52,129.05,1161.47,Apple Pay,Store,2026,9,September,21,Monday,False,1161.47,580.74
TXN-0032385,2026-09-21,DXB-001,Dubai,CUST-03198,P014,Power Bank,Electronics,1,142.19,10,142.19,14.22,127.97,Apple Pay,Store,2026,9,September,21,Monday,False,127.97,127.97
TXN-0032414,2026-09-21,DXB-004,Dubai,CUST-04727,P006,Mouse,Accessories,3,85.84,10,257.52,25.75,231.77,Card,Store,2026,9,September,21,Monday,False,231.77,77.26
TXN-0032461,2026-09-21,DXB-005,Dubai,CUST-07981,P009,Backpack,Accessories,2,238.7,15,477.4,71.61,405.79,Card,Store,2026,9,September,21,Monday,False,405.79,202.9
TXN-0032480,2026-09-21,DXB-002,Dubai,CUST-07079,P009,Backpack,Accessories,1,224.18,0,224.18,0.0,224.18,Apple Pay,Store,2026,9,September,21,Monday,False,224.18,224.18
TXN-0032495,2026-09-21,DXB-005,Dubai,CUST-01603,P006,Mouse,Accessories,1,105.81,5,105.81,5.29,100.52,Cash,Online,2026,9,September,21,Monday,False,100.52,100.52
TXN-0032526,2026-09-21,DXB-001,Dubai,CUST-06009,P004,Monitor,Electronics,1,960.57,5,960.57,48.03,912.54,Cash,Online,2026,9,September,21,Monday,False,912.54,912.54
TXN-0032530,2026-09-21,DXB-002,Dubai,CUST-00564,P009,Backpack,Accessories,1,218.74,5,218.74,10.94,207.8,Apple Pay,Store,2026,9,September,21,Monday,False,207.8,207.8
TXN-0032555,2026-09-21,DXB-003,Dubai,CUST-04537,P006,Mouse,Accessories,1,101.41,10,101.41,10.14,91.27,Card,Store,2026,9,September,21,Monday,False,91.27,91.27
TXN-0032596,2026-09-21,DXB-004,Dubai,CUST-02766,P006,Mouse,Accessories,2,99.44,5,198.88,9.94,188.94,Card,Online,2026,9,September,21,Monday,False,188.94,94.47
TXN-0032599,2026-09-21,DXB-002,Dubai,CUST-00169,P006,Mouse,Accessories,1,91.85,0,91.85,0.0,91.85,Cash,Online,2026,9,September,21,Monday,False,91.85,91.85
TXN-0032618,2026-09-21,DXB-004,Dubai,CUST-03146,P008,Desk,Furniture,1,824.72,10,824.72,82.47,742.25,Cash,Store,2026,9,September,21,Monday,False,742.25,742.25
TXN-0032620,2026-09-21,DXB-004,Dubai,CUST-07347,P015,Tablet,Electronics,1,1123.78,10,1123.78,112.38,1011.4,Bank Transfer,Store,2026,9,September,21,Monday,False,1011.4,1011.4
TXN-0032647,2026-09-21,DXB-001,Dubai,CUST-01946,P013,USB Drive,Accessories,1,48.87,10,48.87,4.89,43.98,Apple Pay,Store,2026,9,September,21,Monday,False,43.98,43.98
TXN-0032671,2026-09-21,DXB-005,Dubai,CUST-03684,P011,Notebook,Stationery,4,25.51,10,102.04,10.2,91.84,Card,Store,2026,9,September,21,Monday,False,91.84,22.96
TXN-0032803,2026-09-21,DXB-001,Dubai,CUST-02904,P002,Smartphone,Electronics,1,1793.42,10,1793.42,179.34,1614.08,Card,Store,2026,9,September,21,Monday,False,1614.08,1614.08
TXN-0032828,2026-09-21,DXB-002,Dubai,CUST-05078,P004,Monitor,Electronics,1,872.97,10,872.97,87.3,785.67,Card,Store,2026,9,September,21,Monday,False,785.67,785.67
TXN-0032907,2026-09-21,DXB-003,Dubai,CUST-05895,P002,Smartphone,Electronics,2,1927.56,10,3855.12,385.51,3469.61,Cash,Online,2026,9,September,21,Monday,False,3469.61,1734.8
TXN-0032948,2026-09-21,DXB-004,Dubai,CUST-03032,P008,Desk,Furniture,1,851.1,5,851.1,42.56,808.54,Card,Store,2026,9,September,21,Monday,False,808.54,808.54
TXN-0032972,2026-09-21,DXB-004,Dubai,CUST-02907,P005,Keyboard,Accessories,2,182.39,0,364.78,0.0,364.78,Apple Pay,Store,2026,9,September,21,Monday,False,364.78,182.39
TXN-0033013,2026-09-21,DXB-001,Dubai,CUST-05705,P004,Monitor,Electronics,4,846.89,0,3387.56,0.0,3387.56,Apple Pay,Online,2026,9,September,21,Monday,False,3387.56,846.89
TXN-0033047,2026-09-21,DXB-001,Dubai,CUST-00767,P013,USB Drive,Accessories,2,43.66,0,87.32,0.0,87.32,Cash,Store,2026,9,September,21,Monday,False,87.32,43.66
TXN-0033155,2026-09-21,DXB-004,Dubai,CUST-03447,P009,Backpack,Accessories,1,248.9,0,248.9,0.0,248.9,Card,Online,2026,9,September,21,Monday,False,248.9,248.9
TXN-0033214,2026-09-21,DXB-005,Dubai,CUST-02199,P008,Desk,Furniture,2,814.03,15,1628.06,244.21,1383.85,Card,Store,2026,9,September,21,Monday,False,1383.85,691.92
TXN-0033342,2026-09-21,DXB-002,Dubai,CUST-07660,P003,Headphones,Electronics,2,351.31,0,702.62,0.0,702.62,Card,Store,2026,9,September,21,Monday,False,702.62,351.31
TXN-0033349,2026-09-21,DXB-005,Dubai,CUST-05162,P008,Desk,Furniture,6,837.64,10,5025.84,502.58,4523.26,Card,Store,2026,9,September,21,Monday,False,4523.26,753.88
TXN-0033374,2026-09-21,DXB-005,Dubai,CUST-03342,P014,Power Bank,Electronics,2,154.74,0,309.48,0.0,309.48,Card,Store,2026,9,September,21,Monday,False,309.48,154.74
TXN-0033415,2026-09-21,DXB-004,Dubai,CUST-07756,P012,Pen Pack,Stationery,4,16.72,15,66.88,10.03,56.85,Bank Transfer,Store,2026,9,September,21,Monday,False,56.85,14.21
TXN-0033473,2026-09-21,DXB-001,Dubai,CUST-01970,P015,Tablet,Electronics,2,1253.53,0,2507.06,0.0,2507.06,Cash,Store,2026,9,September,21,Monday,False,2507.06,1253.53
TXN-0033496,2026-09-21,DXB-002,Dubai,CUST-06997,P012,Pen Pack,Stationery,5,14.26,10,71.3,7.13,64.17,Cash,Store,2026,9,September,21,Monday,False,64.17,12.83
TXN-0033601,2026-09-21,DXB-004,Dubai,CUST-01969,P007,Office Chair,Furniture,1,685.8,20,685.8,137.16,548.64,Card,Online,2026,9,September,21,Monday,False,548.64,548.64
TXN-0033673,2026-09-21,DXB-004,Dubai,CUST-01382,P015,Tablet,Electronics,3,1208.78,15,3626.34,543.95,3082.39,Cash,Store,2026,9,September,21,Monday,False,3082.39,1027.46
TXN-0033742,2026-09-21,DXB-004,Dubai,CUST-05041,P014,Power Bank,Electronics,5,142.11,5,710.55,35.53,675.02,Card,Online,2026,9,September,21,Monday,False,675.02,135.0
TXN-0033748,2026-09-21,DXB-003,Dubai,CUST-01577,P009,Backpack,Accessories,3,205.78,0,617.34,0.0,617.34,Bank Transfer,Store,2026,9,September,21,Monday,False,617.34,205.78
TXN-0033854,2026-09-21,DXB-002,Dubai,CUST-01488,P001,Laptop,Electronics,1,2537.51,5,2537.51,126.88,2410.63,Card,Store,2026,9,September,21,Monday,False,2410.63,2410.63
TXN-0033941,2026-09-21,DXB-002,Dubai,CUST-05898,P010,Printer,Office,1,705.18,0,705.18,0.0,705.18,Card,Store,2026,9,September,21,Monday,False,705.18,705.18
TXN-0033960,2026-09-21,DXB-005,Dubai,CUST-03989,P010,Printer,Office,3,723.91,0,2171.73,0.0,2171.73,Cash,Store,2026,9,September,21,Monday,False,2171.73,723.91
TXN-0033994,2026-09-21,DXB-005,Dubai,CUST-04383,P005,Keyboard,Accessories,3,181.69,5,545.07,27.25,517.82,Apple Pay,Store,2026,9,September,21,Monday,False,517.82,172.61
TXN-0034008,2026-09-21,DXB-002,Dubai,CUST-03128,P011,Notebook,Stationery,1,24.18,5,24.18,1.21,22.97,Card,Online,2026,9,September,21,Monday,False,22.97,22.97
TXN-0034013,2026-09-21,DXB-004,Dubai,CUST-04770,P003,Headphones,Electronics,2,348.32,0,696.64,0.0,696.64,Cash,Store,2026,9,September,21,Monday,False,696.64,348.32
TXN-0034099,2026-09-21,DXB-002,Dubai,CUST-06825,P006,Mouse,Accessories,1,96.75,5,96.75,4.84,91.91,Apple Pay,Online,2026,9,September,21,Monday,False,91.91,91.91
TXN-0034103,2026-09-21,DXB-002,Dubai,CUST-01061,P006,Mouse,Accessories,5,100.4,20,502.0,100.4,401.6,Card,Online,2026,9,September,21,Monday,False,401.6,80.32
TXN-0034155,2026-09-21,DXB-005,Dubai,CUST-03887,P007,Office Chair,Furniture,1,650.29,0,650.29,0.0,650.29,Cash,Store,2026,9,September,21,Monday,False,650.29,650.29
TXN-0034209,2026-09-21,DXB-003,Dubai,CUST-03934,P008,Desk,Furniture,1,760.4,10,760.4,76.04,684.36,Cash,Store,2026,9,September,21,Monday,False,684.36,684.36
TXN-0034252,2026-09-21,DXB-002,Dubai,CUST-00157,P008,Desk,Furniture,2,799.84,20,1599.68,319.94,1279.74,Card,Store,2026,9,September,21,Monday,False,1279.74,639.87
TXN-0034266,2026-09-21,DXB-003,Dubai,CUST-02095,P014,Power Bank,Electronics,3,150.67,15,452.01,67.8,384.21,Card,Store,2026,9,September,21,Monday,False,384.21,128.07
TXN-0034428,2026-09-21,DXB-005,Dubai,CUST-01892,P009,Backpack,Accessories,2,213.76,0,427.52,0.0,427.52,Cash,Store,2026,9,September,21,Monday,False,427.52,213.76
TXN-0034437,2026-09-21,DXB-002,Dubai,CUST-07733,P003,Headphones,Electronics,1,308.5,20,308.5,61.7,246.8,Card,Store,2026,9,September,21,Monday,False,246.8,246.8
TXN-0034547,2026-09-21,DXB-003,Dubai,CUST-00090,P011,Notebook,Stationery,1,24.18,0,24.18,0.0,24.18,Apple Pay,Online,2026,9,September,21,Monday,False,24.18,24.18
TXN-0034554,2026-09-21,DXB-004,Dubai,CUST-07087,P010,Printer,Office,2,754.05,15,1508.1,226.22,1281.88,Card,Online,2026,9,September,21,Monday,False,1281.88,640.94
TXN-0034573,2026-09-21,DXB-004,Dubai,CUST-01496,P002,Smartphone,Electronics,1,1636.58,5,1636.58,81.83,1554.75,Bank Transfer,Store,2026,9,September,21,Monday,False,1554.75,1554.75
TXN-0034616,2026-09-21,DXB-005,Dubai,CUST-02464,P013,USB Drive,Accessories,2,45.77,0,91.54,0.0,91.54,Apple Pay,Store,2026,9,September,21,Monday,False,91.54,45.77
TXN-0034722,2026-09-21,DXB-003,Dubai,CUST-01735,P008,Desk,Furniture,2,844.3,5,1688.6,84.43,1604.17,Card,Online,2026,9,September,21,Monday,False,1604.17,802.08
TXN-0034727,2026-09-21,DXB-003,Dubai,CUST-03593,P013,USB Drive,Accessories,1,44.69,0,44.69,0.0,44.69,Card,Store,2026,9,September,21,Monday,False,44.69,44.69
TXN-0034745,2026-09-21,DXB-002,Dubai,CUST-01459,P014,Power Bank,Electronics,2,161.67,20,323.34,64.67,258.67,Card,Store,2026,9,September,21,Monday,False,258.67,129.34
TXN-0034761,2026-09-21,DXB-001,Dubai,CUST-04363,P011,Notebook,Stationery,4,22.96,0,91.84,0.0,91.84,Cash,Store,2026,9,September,21,Monday,False,91.84,22.96
TXN-0034807,2026-09-21,DXB-003,Dubai,CUST-00933,P013,USB Drive,Accessories,1,44.33,0,44.33,0.0,44.33,Card,Online,2026,9,September,21,Monday,False,44.33,44.33
TXN-0034824,2026-09-21,DXB-004,Dubai,CUST-02139,P015,Tablet,Electronics,3,1289.36,0,3868.08,0.0,3868.08,Cash,Store,2026,9,September,21,Monday,False,3868.08,1289.36
TXN-0034845,2026-09-21,DXB-001,Dubai,CUST-01745,P002,Smartphone,Electronics,3,1720.9,0,5162.7,0.0,5162.7,Card,Online,2026,9,September,21,Monday,False,5162.7,1720.9
TXN-0034871,2026-09-21,DXB-004,Dubai,CUST-04989,P006,Mouse,Accessories,4,104.05,0,416.2,0.0,416.2,Bank Transfer,Online,2026,9,September,21,Monday,False,416.2,104.05
TXN-0034906,2026-09-21,DXB-003,Dubai,CUST-06149,P002,Smartphone,Electronics,1,1989.58,0,1989.58,0.0,1989.58,Card,Store,2026,9,September,21,Monday,False,1989.58,1989.58
TXN-0034926,2026-09-21,DXB-003,Dubai,CUST-00786,P003,Headphones,Electronics,3,337.07,0,1011.21,0.0,1011.21,Cash,Store,2026,9,September,21,Monday,False,1011.21,337.07
TXN-0034941,2026-09-21,DXB-002,Dubai,CUST-03010,P001,Laptop,Electronics,1,2791.28,10,2791.28,279.13,2512.15,Cash,Store,2026,9,September,21,Monday,False,2512.15,2512.15
TXN-0034942,2026-09-21,DXB-004,Dubai,CUST-06195,P011,Notebook,Stationery,1,24.51,15,24.51,3.68,20.83,Bank Transfer,Store,2026,9,September,21,Monday,False,20.83,20.83
TXN-0035004,2026-09-21,DXB-005,Dubai,CUST-04525,P015,Tablet,Electronics,2,1069.9,15,2139.8,320.97,1818.83,Card,Store,2026,9,September,21,Monday,False,1818.83,909.42
TXN-0035082,2026-09-21,DXB-005,Dubai,CUST-00277,P013,USB Drive,Accessories,3,44.92,0,134.76,0.0,134.76,Cash,Store,2026,9,September,21,Monday,False,134.76,44.92
TXN-0035196,2026-09-21,DXB-001,Dubai,CUST-05052,P007,Office Chair,Furniture,1,693.23,0,693.23,0.0,693.23,Bank Transfer,Store,2026,9,September,21,Monday,False,693.23,693.23
TXN-0035258,2026-09-21,DXB-003,Dubai,CUST-02863,P015,Tablet,Electronics,3,1258.07,5,3774.21,188.71,3585.5,Card,Store,2026,9,September,21,Monday,False,3585.5,1195.17
TXN-0035278,2026-09-21,DXB-001,Dubai,CUST-04171,P004,Monitor,Electronics,2,885.08,10,1770.16,177.02,1593.14,Bank Transfer,Store,2026,9,September,21,Monday,False,1593.14,796.57
TXN-0035284,2026-09-21,DXB-005,Dubai,CUST-03198,P002,Smartphone,Electronics,4,1745.24,0,6980.96,0.0,6980.96,Card,Store,2026,9,September,21,Monday,False,6980.96,1745.24
TXN-0035411,2026-09-21,DXB-002,Dubai,CUST-03950,P008,Desk,Furniture,1,817.05,5,817.05,40.85,776.2,Bank Transfer,Store,2026,9,September,21,Monday,False,776.2,776.2
TXN-0035422,2026-09-21,DXB-002,Dubai,CUST-07270,P010,Printer,Office,1,627.99,15,627.99,94.2,533.79,Apple Pay,Store,2026,9,September,21,Monday,False,533.79,533.79
TXN-0035439,2026-09-21,DXB-001,Dubai,CUST-00021,P009,Backpack,Accessories,1,224.55,10,224.55,22.46,202.09,Apple Pay,Store,2026,9,September,21,Monday,False,202.09,202.09
TXN-0035445,2026-09-21,DXB-004,Dubai,CUST-03145,P009,Backpack,Accessories,1,207.4,10,207.4,20.74,186.66,Card,Store,2026,9,September,21,Monday,False,186.66,186.66
TXN-0035456,2026-09-21,DXB-002,Dubai,CUST-06663,P003,Headphones,Electronics,1,336.21,10,336.21,33.62,302.59,Cash,Online,2026,9,September,21,Monday,False,302.59,302.59
TXN-0035503,2026-09-21,DXB-002,Dubai,CUST-01567,P012,Pen Pack,Stationery,1,15.26,10,15.26,1.53,13.73,Card,Store,2026,9,September,21,Monday,False,13.73,13.73
TXN-0035506,2026-09-21,DXB-003,Dubai,CUST-00457,P007,Office Chair,Furniture,1,587.46,0,587.46,0.0,587.46,Apple Pay,Store,2026,9,September,21,Monday,False,587.46,587.46
TXN-0035631,2026-09-21,DXB-001,Dubai,CUST-07002,P001,Laptop,Electronics,1,2653.37,0,2653.37,0.0,2653.37,Card,Store,2026,9,September,21,Monday,False,2653.37,2653.37
TXN-0035731,2026-09-21,DXB-004,Dubai,CUST-01372,P012,Pen Pack,Stationery,1,16.57,10,16.57,1.66,14.91,Cash,Store,2026,9,September,21,Monday,False,14.91,14.91
TXN-0035794,2026-09-21,DXB-005,Dubai,CUST-04403,P009,Backpack,Accessories,1,230.68,10,230.68,23.07,207.61,Card,Store,2026,9,September,21,Monday,False,207.61,207.61
TXN-0035850,2026-09-21,DXB-001,Dubai,CUST-02345,P009,Backpack,Accessories,1,209.96,10,209.96,21.0,188.96,Apple Pay,Store,2026,9,September,21,Monday,False,188.96,188.96
TXN-0035915,2026-09-21,DXB-002,Dubai,CUST-06815,P003,Headphones,Electronics,3,332.17,5,996.51,49.83,946.68,Cash,Store,2026,9,September,21,Monday,False,946.68,315.56
TXN-0036047,2026-09-21,DXB-003,Dubai,CUST-02348,P002,Smartphone,Electronics,2,1891.72,10,3783.44,378.34,3405.1,Card,Store,2026,9,September,21,Monday,False,3405.1,1702.55
TXN-0036067,2026-09-21,DXB-001,Dubai,CUST-05993,P009,Backpack,Accessories,1,224.21,10,224.21,22.42,201.79,Apple Pay,Online,2026,9,September,21,Monday,False,201.79,201.79
TXN-0036144,2026-09-21,DXB-003,Dubai,CUST-01471,P011,Notebook,Stationery,1,24.19,0,24.19,0.0,24.19,Card,Online,2026,9,September,21,Monday,False,24.19,24.19
TXN-0036166,2026-09-21,DXB-004,Dubai,CUST-03767,P008,Desk,Furniture,1,895.55,5,895.55,44.78,850.77,Card,Store,2026,9,September,21,Monday,False,850.77,850.77
TXN-0036170,2026-09-21,DXB-003,Dubai,CUST-06240,P013,USB Drive,Accessories,2,40.51,5,81.02,4.05,76.97,Bank Transfer,Store,2026,9,September,21,Monday,False,76.97,38.48
TXN-0036286,2026-09-21,DXB-005,Dubai,CUST-01886,P002,Smartphone,Electronics,1,1622.28,0,1622.28,0.0,1622.28,Cash,Online,2026,9,September,21,Monday,False,1622.28,1622.28
TXN-0036295,2026-09-21,DXB-004,Dubai,CUST-02675,P013,USB Drive,Accessories,1,46.13,15,46.13,6.92,39.21,Card,Store,2026,9,September,21,Monday,False,39.21,39.21
TXN-0036303,2026-09-21,DXB-002,Dubai,CUST-06538,P002,Smartphone,Electronics,1,1823.02,10,1823.02,182.3,1640.72,Cash,Store,2026,9,September,21,Monday,False,1640.72,1640.72
TXN-0036363,2026-09-21,DXB-002,Dubai,CUST-02951,P011,Notebook,Stationery,2,23.96,10,47.92,4.79,43.13,Cash,Store,2026,9,September,21,Monday,False,43.13,21.56
TXN-0036381,2026-09-21,DXB-004,Dubai,CUST-03161,P010,Printer,Office,3,681.57,15,2044.71,306.71,1738.0,Cash,Store,2026,9,September,21,Monday,False,1738.0,579.33
TXN-0036517,2026-09-21,DXB-005,Dubai,CUST-00314,P005,Keyboard,Accessories,2,180.01,10,360.02,36.0,324.02,Card,Store,2026,9,September,21,Monday,False,324.02,162.01
TXN-0036774,2026-09-21,DXB-005,Dubai,CUST-05252,P010,Printer,Office,2,675.2,20,1350.4,270.08,1080.32,Cash,Store,2026,9,September,21,Monday,False,1080.32,540.16
TXN-0036791,2026-09-21,DXB-003,Dubai,CUST-05933,P009,Backpack,Accessories,1,238.86,0,238.86,0.0,238.86,Apple Pay,Store,2026,9,September,21,Monday,False,238.86,238.86
TXN-0036807,2026-09-21,DXB-005,Dubai,CUST-07570,P005,Keyboard,Accessories,1,173.95,5,173.95,8.7,165.25,Card,Store,2026,9,September,21,Monday,False,165.25,165.25
TXN-0036895,2026-09-21,DXB-001,Dubai,CUST-02639,P007,Office Chair,Furniture,1,641.2,0,641.2,0.0,641.2,Cash,Store,2026,9,September,21,Monday,False,641.2,641.2
TXN-0037020,2026-09-21,DXB-004,Dubai,CUST-04416,P005,Keyboard,Accessories,1,162.98,10,162.98,16.3,146.68,Card,Store,2026,9,September,21,Monday,False,146.68,146.68
TXN-0037141,2026-09-21,DXB-002,Dubai,CUST-07934,P005,Keyboard,Accessories,1,163.98,10,163.98,16.4,147.58,Card,Online,2026,9,September,21,Monday,False,147.58,147.58
TXN-0037155,2026-09-21,DXB-005,Dubai,CUST-05240,P006,Mouse,Accessories,1,102.13,0,102.13,0.0,102.13,Bank Transfer,Online,2026,9,September,21,Monday,False,102.13,102.13
TXN-0037350,2026-09-21,DXB-004,Dubai,CUST-03520,P015,Tablet,Electronics,1,1221.89,10,1221.89,122.19,1099.7,Cash,Store,2026,9,September,21,Monday,False,1099.7,1099.7
TXN-0037406,2026-09-21,DXB-001,Dubai,CUST-04401,P013,USB Drive,Accessories,1,44.63,0,44.63,0.0,44.63,Cash,Store,2026,9,September,21,Monday,False,44.63,44.63
TXN-0037488,2026-09-21,DXB-002,Dubai,CUST-00386,P002,Smartphone,Electronics,5,1813.83,0,9069.15,0.0,9069.15,Apple Pay,Online,2026,9,September,21,Monday,False,9069.15,1813.83
TXN-0037529,2026-09-21,DXB-001,Dubai,CUST-03837,P004,Monitor,Electronics,1,866.08,15,866.08,129.91,736.17,Apple Pay,Online,2026,9,September,21,Monday,False,736.17,736.17
TXN-0037553,2026-09-21,DXB-004,Dubai,CUST-07526,P008,Desk,Furniture,5,837.47,15,4187.35,628.1,3559.25,Card,Store,2026,9,September,21,Monday,False,3559.25,711.85
TXN-0037555,2026-09-21,DXB-005,Dubai,CUST-07408,P006,Mouse,Accessories,4,105.27,10,421.08,42.11,378.97,Cash,Store,2026,9,September,21,Monday,False,378.97,94.74
TXN-0037564,2026-09-21,DXB-005,Dubai,CUST-04719,P006,Mouse,Accessories,3,97.65,0,292.95,0.0,292.95,Card,Online,2026,9,September,21,Monday,False,292.95,97.65
TXN-0037599,2026-09-21,DXB-002,Dubai,CUST-02159,P014,Power Bank,Electronics,1,156.57,0,156.57,0.0,156.57,Card,Store,2026,9,September,21,Monday,False,156.57,156.57
TXN-0037607,2026-09-21,DXB-005,Dubai,CUST-06859,P001,Laptop,Electronics,2,2996.64,0,5993.28,0.0,5993.28,Card,Store,2026,9,September,21,Monday,False,5993.28,2996.64
TXN-0037685,2026-09-21,DXB-003,Dubai,CUST-06344,P014,Power Bank,Electronics,1,149.62,10,149.62,14.96,134.66,Card,Store,2026,9,September,21,Monday,False,134.66,134.66
TXN-0037698,2026-09-21,DXB-005,Dubai,CUST-05943,P001,Laptop,Electronics,1,2979.89,15,2979.89,446.98,2532.91,Card,Store,2026,9,September,21,Monday,False,2532.91,2532.91
TXN-0037716,2026-09-21,DXB-003,Dubai,CUST-02323,P011,Notebook,Stationery,2,25.92,20,51.84,10.37,41.47,Apple Pay,Store,2026,9,September,21,Monday,False,41.47,20.74
TXN-0037893,2026-09-21,DXB-005,Dubai,CUST-07597,P014,Power Bank,Electronics,1,139.12,20,139.12,27.82,111.3,Card,Online,2026,9,September,21,Monday,False,111.3,111.3
TXN-0038420,2026-09-21,DXB-001,Dubai,CUST-02045,P007,Office Chair,Furniture,2,610.92,10,1221.84,122.18,1099.66,Apple Pay,Online,2026,9,September,21,Monday,False,1099.66,549.83
TXN-0038470,2026-09-21,DXB-004,Dubai,CUST-05422,P013,USB Drive,Accessories,1,43.77,5,43.77,2.19,41.58,Apple Pay,Store,2026,9,September,21,Monday,False,41.58,41.58
TXN-0038477,2026-09-21,DXB-005,Dubai,CUST-06293,P006,Mouse,Accessories,2,95.39,0,190.78,0.0,190.78,Card,Store,2026,9,September,21,Monday,False,190.78,95.39
TXN-0038534,2026-09-21,DXB-003,Dubai,CUST-01812,P006,Mouse,Accessories,1,102.23,15,102.23,15.33,86.9,Apple Pay,Store,2026,9,September,21,Monday,False,86.9,86.9
TXN-0038565,2026-09-21,DXB-002,Dubai,CUST-01254,P012,Pen Pack,Stationery,2,14.65,10,29.3,2.93,26.37,Apple Pay,Store,2026,9,September,21,Monday,False,26.37,13.18
TXN-0038724,2026-09-21,DXB-004,Dubai,CUST-03795,P007,Office Chair,Furniture,1,735.36,0,735.36,0.0,735.36,Apple Pay,Store,2026,9,September,21,Monday,False,735.36,735.36
TXN-0038744,2026-09-21,DXB-005,Dubai,CUST-05954,P004,Monitor,Electronics,1,969.22,5,969.22,48.46,920.76,Card,Online,2026,9,September,21,Monday,False,920.76,920.76
TXN-0038756,2026-09-21,DXB-003,Dubai,CUST-06952,P003,Headphones,Electronics,2,400.1,0,800.2,0.0,800.2,Card,Store,2026,9,September,21,Monday,False,800.2,400.1
TXN-0038763,2026-09-21,DXB-004,Dubai,CUST-06842,P012,Pen Pack,Stationery,4,15.24,10,60.96,6.1,54.86,Cash,Store,2026,9,September,21,Monday,False,54.86,13.72
TXN-0038848,2026-09-21,DXB-005,Dubai,CUST-00741,P009,Backpack,Accessories,2,203.58,0,407.16,0.0,407.16,Apple Pay,Online,2026,9,September,21,Monday,False,407.16,203.58
TXN-0038898,2026-09-21,DXB-003,Dubai,CUST-02509,P009,Backpack,Accessories,3,219.11,15,657.33,98.6,558.73,Card,Store,2026,9,September,21,Monday,False,558.73,186.24
TXN-0039025,2026-09-21,DXB-001,Dubai,CUST-02338,P009,Backpack,Accessories,3,236.47,10,709.41,70.94,638.47,Card,Store,2026,9,September,21,Monday,False,638.47,212.82
TXN-0039138,2026-09-21,DXB-003,Dubai,CUST-02944,P009,Backpack,Accessories,3,213.81,5,641.43,32.07,609.36,Card,Store,2026,9,September,21,Monday,False,609.36,203.12
TXN-0039214,2026-09-21,DXB-001,Dubai,CUST-03793,P003,Headphones,Electronics,2,369.83,0,739.66,0.0,739.66,Bank Transfer,Online,2026,9,September,21,Monday,False,739.66,369.83
TXN-0039241,2026-09-21,DXB-004,Dubai,CUST-06972,P001,Laptop,Electronics,1,2681.24,0,2681.24,0.0,2681.24,Cash,Store,2026,9,September,21,Monday,False,2681.24,2681.24
TXN-0039299,2026-09-21,DXB-001,Dubai,CUST-05105,P001,Laptop,Electronics,2,2745.29,5,5490.58,274.53,5216.05,Bank Transfer,Store,2026,9,September,21,Monday,False,5216.05,2608.02
TXN-0039343,2026-09-21,DXB-001,Dubai,CUST-02092,P006,Mouse,Accessories,1,89.42,20,89.42,17.88,71.54,Card,Store,2026,9,September,21,Monday,False,71.54,71.54
TXN-0039369,2026-09-21,DXB-005,Dubai,CUST-00472,P007,Office Chair,Furniture,4,654.83,0,2619.32,0.0,2619.32,Card,Store,2026,9,September,21,Monday,False,2619.32,654.83
TXN-0039371,2026-09-21,DXB-001,Dubai,CUST-03144,P002,Smartphone,Electronics,1,1672.99,10,1672.99,167.3,1505.69,Card,Store,2026,9,September,21,Monday,False,1505.69,1505.69
TXN-0039413,2026-09-21,DXB-005,Dubai,CUST-03139,P013,USB Drive,Accessories,1,43.87,20,43.87,8.77,35.1,Card,Store,2026,9,September,21,Monday,False,35.1,35.1
TXN-0039438,2026-09-21,DXB-003,Dubai,CUST-03031,P008,Desk,Furniture,1,756.76,5,756.76,37.84,718.92,Cash,Store,2026,9,September,21,Monday,False,718.92,718.92
TXN-0039468,2026-09-21,DXB-003,Dubai,CUST-01573,P012,Pen Pack,Stationery,3,14.38,0,43.14,0.0,43.14,Card,Store,2026,9,September,21,Monday,False,43.14,14.38
TXN-0039473,2026-09-21,DXB-004,Dubai,CUST-03862,P012,Pen Pack,Stationery,1,14.56,0,14.56,0.0,14.56,Card,Store,2026,9,September,21,Monday,False,14.56,14.56
TXN-0039476,2026-09-21,DXB-004,Dubai,CUST-05886,P006,Mouse,Accessories,1,101.06,0,101.06,0.0,101.06,Apple Pay,Online,2026,9,September,21,Monday,False,101.06,101.06
TXN-0039509,2026-09-21,DXB-005,Dubai,CUST-03586,P010,Printer,Office,1,716.27,10,716.27,71.63,644.64,Card,Store,2026,9,September,21,Monday,False,644.64,644.64
TXN-0039690,2026-09-21,DXB-004,Dubai,CUST-03269,P002,Smartphone,Electronics,1,1902.55,10,1902.55,190.26,1712.29,Bank Transfer,Online,2026,9,September,21,Monday,False,1712.29,1712.29
TXN-0039754,2026-09-21,DXB-005,Dubai,CUST-07961,P012,Pen Pack,Stationery,2,14.84,10,29.68,2.97,26.71,Apple Pay,Online,2026,9,September,21,Monday,False,26.71,13.36
TXN-0039789,2026-09-21,DXB-001,Dubai,CUST-00374,P010,Printer,Office,3,757.06,0,2271.18,0.0,2271.18,Card,Store,2026,9,September,21,Monday,False,2271.18,757.06
TXN-0039795,2026-09-21,DXB-002,Dubai,CUST-01631,P003,Headphones,Electronics,1,353.32,20,353.32,70.66,282.66,Card,Online,2026,9,September,21,Monday,False,282.66,282.66
TXN-0039806,2026-09-21,DXB-003,Dubai,CUST-03588,P001,Laptop,Electronics,1,2696.05,0,2696.05,0.0,2696.05,Card,Store,2026,9,September,21,Monday,False,2696.05,2696.05
TXN-0039818,2026-09-21,DXB-003,Dubai,CUST-02674,P001,Laptop,Electronics,1,3152.12,0,3152.12,0.0,3152.12,Card,Online,2026,9,September,21,Monday,False,3152.12,3152.12
TXN-0039857,2026-09-21,DXB-002,Dubai,CUST-00496,P013,USB Drive,Accessories,1,47.32,20,47.32,9.46,37.86,Cash,Store,2026,9,September,21,Monday,False,37.86,37.86
TXN-0039859,2026-09-21,DXB-001,Dubai,CUST-07881,P003,Headphones,Electronics,1,337.41,10,337.41,33.74,303.67,Cash,Store,2026,9,September,21,Monday,False,303.67,303.67
TXN-0039912,2026-09-21,DXB-003,Dubai,CUST-00370,P005,Keyboard,Accessories,2,186.5,15,373.0,55.95,317.05,Bank Transfer,Online,2026,9,September,21,Monday,False,317.05,158.52
TXN-0039928,2026-09-21,DXB-005,Dubai,CUST-03586,P010,Printer,Office,1,776.88,5,776.88,38.84,738.04,Card,Store,2026,9,September,21,Monday,False,738.04,738.04
TXN-0039963,2026-09-21,DXB-005,Dubai,CUST-01355,P014,Power Bank,Electronics,1,161.33,0,161.33,0.0,161.33,Card,Store,2026,9,September,21,Monday,False,161.33,161.33
TXN-0039985,2026-09-21,DXB-001,Dubai,CUST-00251,P006,Mouse,Accessories,1,97.51,15,97.51,14.63,82.88,Card,Store,2026,9,September,21,Monday,False,82.88,82.88
TXN-0040086,2026-09-21,DXB-002,Dubai,CUST-02996,P001,Laptop,Electronics,6,2877.05,5,17262.3,863.12,16399.18,Card,Store,2026,9,September,21,Monday,False,16399.18,2733.2
TXN-0040151,2026-09-21,DXB-001,Dubai,CUST-04644,P013,USB Drive,Accessories,2,47.62,20,95.24,19.05,76.19,Card,Store,2026,9,September,21,Monday,False,76.19,38.1
TXN-0040197,2026-09-21,DXB-002,Dubai,CUST-06494,P006,Mouse,Accessories,1,99.66,5,99.66,4.98,94.68,Apple Pay,Online,2026,9,September,21,Monday,False,94.68,94.68
TXN-0040246,2026-09-21,DXB-005,Dubai,CUST-00062,P011,Notebook,Stationery,2,22.81,0,45.62,0.0,45.62,Apple Pay,Online,2026,9,September,21,Monday,False,45.62,22.81
TXN-0040252,2026-09-21,DXB-001,Dubai,CUST-00126,P012,Pen Pack,Stationery,1,15.17,0,15.17,0.0,15.17,Cash,Store,2026,9,September,21,Monday,False,15.17,15.17
TXN-0040344,2026-09-21,DXB-005,Dubai,CUST-04086,P010,Printer,Office,1,730.01,10,730.01,73.0,657.01,Card,Online,2026,9,September,21,Monday,False,657.01,657.01
TXN-0040411,2026-09-21,DXB-003,Dubai,CUST-02409,P007,Office Chair,Furniture,1,598.56,10,598.56,59.86,538.7,Apple Pay,Store,2026,9,September,21,Monday,False,538.7,538.7
TXN-0040532,2026-09-21,DXB-004,Dubai,CUST-07628,P015,Tablet,Electronics,4,1261.48,5,5045.92,252.3,4793.62,Card,Store,2026,9,September,21,Monday,False,4793.62,1198.4
TXN-0040608,2026-09-21,DXB-003,Dubai,CUST-00937,P010,Printer,Office,1,695.86,15,695.86,104.38,591.48,Card,Store,2026,9,September,21,Monday,False,591.48,591.48
TXN-0040774,2026-09-21,DXB-001,Dubai,CUST-04803,P002,Smartphone,Electronics,1,1792.11,0,1792.11,0.0,1792.11,Apple Pay,Online,2026,9,September,21,Monday,False,1792.11,1792.11
TXN-0040817,2026-09-21,DXB-003,Dubai,CUST-00606,P007,Office Chair,Furniture,2,686.67,15,1373.34,206.0,1167.34,Apple Pay,Store,2026,9,September,21,Monday,False,1167.34,583.67
TXN-0040831,2026-09-21,DXB-005,Dubai,CUST-07952,P001,Laptop,Electronics,1,2541.39,5,2541.39,127.07,2414.32,Card,Online,2026,9,September,21,Monday,False,2414.32,2414.32
TXN-0040938,2026-09-21,DXB-002,Dubai,CUST-04855,P007,Office Chair,Furniture,2,678.42,5,1356.84,67.84,1289.0,Apple Pay,Store,2026,9,September,21,Monday,False,1289.0,644.5
TXN-0040954,2026-09-21,DXB-003,Dubai,CUST-02948,P005,Keyboard,Accessories,1,187.0,5,187.0,9.35,177.65,Card,Store,2026,9,September,21,Monday,False,177.65,177.65
TXN-0040972,2026-09-21,DXB-004,Dubai,CUST-01762,P006,Mouse,Accessories,1,106.1,0,106.1,0.0,106.1,Card,Store,2026,9,September,21,Monday,False,106.1,106.1
TXN-0041036,2026-09-21,DXB-002,Dubai,CUST-04283,P005,Keyboard,Accessories,1,180.3,10,180.3,18.03,162.27,Bank Transfer,Store,2026,9,September,21,Monday,False,162.27,162.27
TXN-0041133,2026-09-21,DXB-003,Dubai,CUST-04927,P013,USB Drive,Accessories,1,46.73,10,46.73,4.67,42.06,Bank Transfer,Store,2026,9,September,21,Monday,False,42.06,42.06
TXN-0041220,2026-09-21,DXB-004,Dubai,CUST-07653,P005,Keyboard,Accessories,2,187.83,0,375.66,0.0,375.66,Cash,Online,2026,9,September,21,Monday,False,375.66,187.83
TXN-0041260,2026-09-21,DXB-003,Dubai,CUST-04614,P015,Tablet,Electronics,4,1213.31,0,4853.24,0.0,4853.24,Cash,Store,2026,9,September,21,Monday,False,4853.24,1213.31
TXN-0041367,2026-09-21,DXB-002,Dubai,CUST-03320,P008,Desk,Furniture,1,695.48,10,695.48,69.55,625.93,Card,Store,2026,9,September,21,Monday,False,625.93,625.93
TXN-0041374,2026-09-21,DXB-003,Dubai,CUST-05954,P003,Headphones,Electronics,3,377.45,5,1132.35,56.62,1075.73,Apple Pay,Store,2026,9,September,21,Monday,False,1075.73,358.58
TXN-0041407,2026-09-21,DXB-004,Dubai,CUST-00235,P012,Pen Pack,Stationery,1,15.01,10,15.01,1.5,13.51,Apple Pay,Online,2026,9,September,21,Monday,False,13.51,13.51
TXN-0041499,2026-09-21,DXB-001,Dubai,CUST-04142,P007,Office Chair,Furniture,6,669.97,0,4019.82,0.0,4019.82,Card,Store,2026,9,September,21,Monday,False,4019.82,669.97
TXN-0041529,2026-09-21,DXB-002,Dubai,CUST-06419,P004,Monitor,Electronics,3,1031.41,10,3094.23,309.42,2784.81,Card,Online,2026,9,September,21,Monday,False,2784.81,928.27
TXN-0041605,2026-09-21,DXB-001,Dubai,CUST-03338,P014,Power Bank,Electronics,2,139.97,0,279.94,0.0,279.94,Bank Transfer,Store,2026,9,September,21,Monday,False,279.94,139.97
TXN-0041680,2026-09-21,DXB-003,Dubai,CUST-01903,P014,Power Bank,Electronics,1,144.61,0,144.61,0.0,144.61,Card,Online,2026,9,September,21,Monday,False,144.61,144.61
TXN-0041709,2026-09-21,DXB-004,Dubai,CUST-04303,P003,Headphones,Electronics,1,340.77,0,340.77,0.0,340.77,Card,Store,2026,9,September,21,Monday,False,340.77,340.77
TXN-0041765,2026-09-21,DXB-003,Dubai,CUST-07543,P006,Mouse,Accessories,1,101.52,10,101.52,10.15,91.37,Bank Transfer,Store,2026,9,September,21,Monday,False,91.37,91.37
TXN-0041795,2026-09-21,DXB-002,Dubai,CUST-06140,P008,Desk,Furniture,1,781.91,20,781.91,156.38,625.53,Card,Store,2026,9,September,21,Monday,False,625.53,625.53
TXN-0041868,2026-09-21,DXB-004,Dubai,CUST-04610,P008,Desk,Furniture,1,776.72,0,776.72,0.0,776.72,Card,Online,2026,9,September,21,Monday,False,776.72,776.72
TXN-0041886,2026-09-21,DXB-004,Dubai,CUST-01386,P011,Notebook,Stationery,1,29.07,5,29.07,1.45,27.62,Apple Pay,Online,2026,9,September,21,Monday,False,27.62,27.62
TXN-0041906,2026-09-21,DXB-002,Dubai,CUST-02241,P015,Tablet,Electronics,4,1089.76,20,4359.04,871.81,3487.23,Card,Store,2026,9,September,21,Monday,False,3487.23,871.81
TXN-0041942,2026-09-21,DXB-003,Dubai,CUST-03940,P009,Backpack,Accessories,1,218.35,5,218.35,10.92,207.43,Apple Pay,Online,2026,9,September,21,Monday,False,207.43,207.43
TXN-0041997,2026-09-21,DXB-003,Dubai,CUST-06133,P004,Monitor,Electronics,1,932.9,10,932.9,93.29,839.61,Card,Store,2026,9,September,21,Monday,False,839.61,839.61
TXN-0042161,2026-09-21,DXB-005,Dubai,CUST-06479,P004,Monitor,Electronics,1,887.87,0,887.87,0.0,887.87,Cash,Store,2026,9,September,21,Monday,False,887.87,887.87
TXN-0042194,2026-09-21,DXB-003,Dubai,CUST-03541,P001,Laptop,Electronics,1,2907.72,10,2907.72,290.77,2616.95,Card,Store,2026,9,September,21,Monday,False,2616.95,2616.95
TXN-0042249,2026-09-21,DXB-004,Dubai,CUST-07083,P008,Desk,Furniture,3,739.95,15,2219.85,332.98,1886.87,Card,Store,2026,9,September,21,Monday,False,1886.87,628.96
TXN-0042284,2026-09-21,DXB-003,Dubai,CUST-02232,P012,Pen Pack,Stationery,1,15.89,10,15.89,1.59,14.3,Cash,Store,2026,9,September,21,Monday,False,14.3,14.3
TXN-0042329,2026-09-21,DXB-003,Dubai,CUST-00493,P011,Notebook,Stationery,1,21.29,5,21.29,1.06,20.23,Apple Pay,Store,2026,9,September,21,Monday,False,20.23,20.23
TXN-0042393,2026-09-21,DXB-005,Dubai,CUST-03236,P004,Monitor,Electronics,1,902.01,10,902.01,90.2,811.81,Apple Pay,Store,2026,9,September,21,Monday,False,811.81,811.81
TXN-0042425,2026-09-21,DXB-004,Dubai,CUST-07341,P004,Monitor,Electronics,1,854.1,0,854.1,0.0,854.1,Apple Pay,Online,2026,9,September,21,Monday,False,854.1,854.1
TXN-0042448,2026-09-21,DXB-004,Dubai,CUST-02729,P001,Laptop,Electronics,2,2868.12,0,5736.24,0.0,5736.24,Card,Store,2026,9,September,21,Monday,False,5736.24,2868.12
TXN-0042544,2026-09-21,DXB-001,Dubai,CUST-05751,P008,Desk,Furniture,1,829.44,5,829.44,41.47,787.97,Bank Transfer,Store,2026,9,September,21,Monday,False,787.97,787.97
TXN-0042566,2026-09-21,DXB-005,Dubai,CUST-05170,P011,Notebook,Stationery,2,22.92,5,45.84,2.29,43.55,Card,Store,2026,9,September,21,Monday,False,43.55,21.78
TXN-0042618,2026-09-21,DXB-005,Dubai,CUST-07841,P004,Monitor,Electronics,4,833.09,10,3332.36,333.24,2999.12,Card,Store,2026,9,September,21,Monday,False,2999.12,749.78
TXN-0042641,2026-09-21,DXB-003,Dubai,CUST-04173,P013,USB Drive,Accessories,1,49.11,5,49.11,2.46,46.65,Card,Online,2026,9,September,21,Monday,False,46.65,46.65
TXN-0042668,2026-09-21,DXB-001,Dubai,CUST-06254,P004,Monitor,Electronics,1,897.06,10,897.06,89.71,807.35,Apple Pay,Online,2026,9,September,21,Monday,False,807.35,807.35
TXN-0042685,2026-09-21,DXB-002,Dubai,CUST-04933,P011,Notebook,Stationery,1,24.14,10,24.14,2.41,21.73,Card,Store,2026,9,September,21,Monday,False,21.73,21.73
TXN-0042781,2026-09-21,DXB-004,Dubai,CUST-00797,P001,Laptop,Electronics,1,2730.52,0,2730.52,0.0,2730.52,Apple Pay,Store,2026,9,September,21,Monday,False,2730.52,2730.52
TXN-0042840,2026-09-21,DXB-003,Dubai,CUST-04572,P014,Power Bank,Electronics,2,146.5,15,293.0,43.95,249.05,Card,Online,2026,9,September,21,Monday,False,249.05,124.52
TXN-0042858,2026-09-21,DXB-002,Dubai,CUST-03165,P002,Smartphone,Electronics,2,1847.12,0,3694.24,0.0,3694.24,Cash,Store,2026,9,September,21,Monday,False,3694.24,1847.12
TXN-0042995,2026-09-21,DXB-003,Dubai,CUST-04213,P013,USB Drive,Accessories,2,41.5,0,83.0,0.0,83.0,Cash,Store,2026,9,September,21,Monday,False,83.0,41.5
TXN-0043021,2026-09-21,DXB-005,Dubai,CUST-05587,P013,USB Drive,Accessories,2,44.97,15,89.94,13.49,76.45,Card,Store,2026,9,September,21,Monday,False,76.45,38.22
TXN-0043022,2026-09-21,DXB-005,Dubai,CUST-06546,P011,Notebook,Stationery,1,25.16,0,25.16,0.0,25.16,Apple Pay,Store,2026,9,September,21,Monday,False,25.16,25.16
TXN-0043044,2026-09-21,DXB-005,Dubai,CUST-05449,P013,USB Drive,Accessories,1,44.23,0,44.23,0.0,44.23,Card,Online,2026,9,September,21,Monday,False,44.23,44.23
TXN-0043069,2026-09-21,DXB-002,Dubai,CUST-07091,P013,USB Drive,Accessories,1,48.67,10,48.67,4.87,43.8,Apple Pay,Store,2026,9,September,21,Monday,False,43.8,43.8
TXN-0043094,2026-09-21,DXB-001,Dubai,CUST-00854,P014,Power Bank,Electronics,2,135.37,0,270.74,0.0,270.74,Apple Pay,Store,2026,9,September,21,Monday,False,270.74,135.37
TXN-0043117,2026-09-21,DXB-005,Dubai,CUST-03571,P003,Headphones,Electronics,1,344.58,0,344.58,0.0,344.58,Bank Transfer,Online,2026,9,September,21,Monday,False,344.58,344.58
TXN-0043179,2026-09-21,DXB-003,Dubai,CUST-05285,P003,Headphones,Electronics,1,331.5,10,331.5,33.15,298.35,Apple Pay,Store,2026,9,September,21,Monday,False,298.35,298.35
TXN-0043185,2026-09-21,DXB-003,Dubai,CUST-04800,P006,Mouse,Accessories,2,104.95,0,209.9,0.0,209.9,Apple Pay,Store,2026,9,September,21,Monday,False,209.9,104.95
TXN-0043255,2026-09-21,DXB-002,Dubai,CUST-07062,P001,Laptop,Electronics,1,2543.62,5,2543.62,127.18,2416.44,Apple Pay,Store,2026,9,September,21,Monday,False,2416.44,2416.44
TXN-0043448,2026-09-21,DXB-002,Dubai,CUST-02171,P010,Printer,Office,3,679.32,0,2037.96,0.0,2037.96,Card,Online,2026,9,September,21,Monday,False,2037.96,679.32
TXN-0043456,2026-09-21,DXB-002,Dubai,CUST-03445,P011,Notebook,Stationery,1,27.05,5,27.05,1.35,25.7,Apple Pay,Store,2026,9,September,21,Monday,False,25.7,25.7
TXN-0043457,2026-09-21,DXB-001,Dubai,CUST-05270,P005,Keyboard,Accessories,4,181.86,0,727.44,0.0,727.44,Card,Online,2026,9,September,21,Monday,False,727.44,181.86
TXN-0043461,2026-09-21,DXB-002,Dubai,CUST-02036,P008,Desk,Furniture,2,656.62,15,1313.24,196.99,1116.25,Apple Pay,Store,2026,9,September,21,Monday,False,1116.25,558.12
TXN-0043465,2026-09-21,DXB-005,Dubai,CUST-02029,P007,Office Chair,Furniture,2,715.4,5,1430.8,71.54,1359.26,Card,Online,2026,9,September,21,Monday,False,1359.26,679.63
TXN-0043480,2026-09-21,DXB-002,Dubai,CUST-04088,P014,Power Bank,Electronics,1,144.89,0,144.89,0.0,144.89,Card,Store,2026,9,September,21,Monday,False,144.89,144.89
TXN-0043502,2026-09-21,DXB-003,Dubai,CUST-02552,P013,USB Drive,Accessories,1,45.8,0,45.8,0.0,45.8,Apple Pay,Store,2026,9,September,21,Monday,False,45.8,45.8
TXN-0043503,2026-09-21,DXB-001,Dubai,CUST-02990,P009,Backpack,Accessories,1,233.15,0,233.15,0.0,233.15,Apple Pay,Store,2026,9,September,21,Monday,False,233.15,233.15
TXN-0043551,2026-09-21,DXB-005,Dubai,CUST-01615,P013,USB Drive,Accessories,1,47.15,15,47.15,7.07,40.08,Card,Store,2026,9,September,21,Monday,False,40.08,40.08
TXN-0043649,2026-09-21,DXB-001,Dubai,CUST-00466,P011,Notebook,Stationery,2,24.43,10,48.86,4.89,43.97,Card,Store,2026,9,September,21,Monday,False,43.97,21.98
TXN-0043720,2026-09-21,DXB-002,Dubai,CUST-01711,P007,Office Chair,Furniture,5,637.49,5,3187.45,159.37,3028.08,Card,Online,2026,9,September,21,Monday,False,3028.08,605.62
TXN-0043757,2026-09-21,DXB-005,Dubai,CUST-03649,P014,Power Bank,Electronics,2,139.66,15,279.32,41.9,237.42,Card,Store,2026,9,September,21,Monday,False,237.42,118.71
TXN-0043840,2026-09-21,DXB-005,Dubai,CUST-03946,P001,Laptop,Electronics,2,2842.12,10,5684.24,568.42,5115.82,Cash,Store,2026,9,September,21,Monday,False,5115.82,2557.91
TXN-0043845,2026-09-21,DXB-002,Dubai,CUST-05352,P008,Desk,Furniture,3,792.1,20,2376.3,475.26,1901.04,Apple Pay,Store,2026,9,September,21,Monday,False,1901.04,633.68
TXN-0043924,2026-09-21,DXB-002,Dubai,CUST-05475,P007,Office Chair,Furniture,1,640.16,0,640.16,0.0,640.16,Cash,Store,2026,9,September,21,Monday,False,640.16,640.16
TXN-0044015,2026-09-21,DXB-001,Dubai,CUST-05032,P009,Backpack,Accessories,3,213.69,15,641.07,96.16,544.91,Apple Pay,Store,2026,9,September,21,Monday,False,544.91,181.64
TXN-0044041,2026-09-21,DXB-004,Dubai,CUST-00467,P014,Power Bank,Electronics,3,137.03,10,411.09,41.11,369.98,Card,Store,2026,9,September,21,Monday,False,369.98,123.33
TXN-0044048,2026-09-21,DXB-001,Dubai,CUST-02865,P014,Power Bank,Electronics,1,152.25,0,152.25,0.0,152.25,Cash,Store,2026,9,September,21,Monday,False,152.25,152.25
TXN-0044114,2026-09-21,DXB-003,Dubai,CUST-06128,P011,Notebook,Stationery,1,26.54,5,26.54,1.33,25.21,Card,Online,2026,9,September,21,Monday,False,25.21,25.21
TXN-0044129,2026-09-21,DXB-002,Dubai,CUST-02795,P008,Desk,Furniture,1,794.21,10,794.21,79.42,714.79,Card,Store,2026,9,September,21,Monday,False,714.79,714.79
TXN-0044151,2026-09-21,DXB-003,Dubai,CUST-01441,P009,Backpack,Accessories,1,188.12,5,188.12,9.41,178.71,Card,Store,2026,9,September,21,Monday,False,178.71,178.71
TXN-0044213,2026-09-21,DXB-004,Dubai,CUST-05566,P006,Mouse,Accessories,1,92.45,10,92.45,9.24,83.21,Card,Store,2026,9,September,21,Monday,False,83.21,83.21
TXN-0044227,2026-09-21,DXB-002,Dubai,CUST-04493,P004,Monitor,Electronics,4,883.67,0,3534.68,0.0,3534.68,Apple Pay,Store,2026,9,September,21,Monday,False,3534.68,883.67
TXN-0044269,2026-09-21,DXB-005,Dubai,CUST-07111,P004,Monitor,Electronics,2,903.78,5,1807.56,90.38,1717.18,Card,Store,2026,9,September,21,Monday,False,1717.18,858.59
TXN-0044342,2026-09-21,DXB-005,Dubai,CUST-01957,P006,Mouse,Accessories,1,107.46,5,107.46,5.37,102.09,Apple Pay,Store,2026,9,September,21,Monday,False,102.09,102.09
TXN-0044357,2026-09-21,DXB-001,Dubai,CUST-01932,P003,Headphones,Electronics,2,395.71,0,791.42,0.0,791.42,Card,Store,2026,9,September,21,Monday,False,791.42,395.71
TXN-0044362,2026-09-21,DXB-001,Dubai,CUST-05078,P013,USB Drive,Accessories,3,46.78,0,140.34,0.0,140.34,Card,Store,2026,9,September,21,Monday,False,140.34,46.78
TXN-0044511,2026-09-21,DXB-002,Dubai,CUST-05759,P004,Monitor,Electronics,1,966.34,0,966.34,0.0,966.34,Card,Store,2026,9,September,21,Monday,False,966.34,966.34
TXN-0044770,2026-09-21,DXB-001,Dubai,CUST-03862,P006,Mouse,Accessories,2,100.12,20,200.24,40.05,160.19,Apple Pay,Store,2026,9,September,21,Monday,False,160.19,80.1
TXN-0044795,2026-09-21,DXB-001,Dubai,CUST-03610,P008,Desk,Furniture,4,734.21,0,2936.84,0.0,2936.84,Card,Store,2026,9,September,21,Monday,False,2936.84,734.21
TXN-0044807,2026-09-21,DXB-003,Dubai,CUST-07737,P012,Pen Pack,Stationery,3,14.75,5,44.25,2.21,42.04,Card,Online,2026,9,September,21,Monday,False,42.04,14.01
TXN-0044835,2026-09-21,DXB-005,Dubai,CUST-07187,P013,USB Drive,Accessories,4,43.16,10,172.64,17.26,155.38,Bank Transfer,Store,2026,9,September,21,Monday,False,155.38,38.84
TXN-0045024,2026-09-21,DXB-002,Dubai,CUST-05310,P003,Headphones,Electronics,1,355.79,0,355.79,0.0,355.79,Bank Transfer,Store,2026,9,September,21,Monday,False,355.79,355.79
TXN-0045138,2026-09-21,DXB-001,Dubai,CUST-01514,P010,Printer,Office,4,705.91,10,2823.64,282.36,2541.28,Apple Pay,Online,2026,9,September,21,Monday,False,2541.28,635.32
TXN-0045166,2026-09-21,DXB-002,Dubai,CUST-01006,P012,Pen Pack,Stationery,6,15.35,0,92.1,0.0,92.1,Apple Pay,Store,2026,9,September,21,Monday,False,92.1,15.35
TXN-0045211,2026-09-21,DXB-005,Dubai,CUST-01197,P015,Tablet,Electronics,4,1064.93,15,4259.72,638.96,3620.76,Card,Online,2026,9,September,21,Monday,False,3620.76,905.19
TXN-0045267,2026-09-21,DXB-004,Dubai,CUST-06378,P011,Notebook,Stationery,1,24.58,10,24.58,2.46,22.12,Card,Store,2026,9,September,21,Monday,False,22.12,22.12
TXN-0045288,2026-09-21,DXB-001,Dubai,CUST-00338,P006,Mouse,Accessories,1,95.79,5,95.79,4.79,91.0,Card,Store,2026,9,September,21,Monday,False,91.0,91.0
TXN-0045450,2026-09-21,DXB-002,Dubai,CUST-01491,P004,Monitor,Electronics,2,859.66,0,1719.32,0.0,1719.32,Apple Pay,Store,2026,9,September,21,Monday,False,1719.32,859.66
TXN-0045483,2026-09-21,DXB-002,Dubai,CUST-05506,P011,Notebook,Stationery,6,24.91,0,149.46,0.0,149.46,Cash,Store,2026,9,September,21,Monday,False,149.46,24.91
TXN-0045611,2026-09-21,DXB-002,Dubai,CUST-06889,P011,Notebook,Stationery,2,25.53,0,51.06,0.0,51.06,Card,Online,2026,9,September,21,Monday,False,51.06,25.53
TXN-0045635,2026-09-21,DXB-003,Dubai,CUST-01016,P006,Mouse,Accessories,1,92.93,15,92.93,13.94,78.99,Apple Pay,Online,2026,9,September,21,Monday,False,78.99,78.99
TXN-0045648,2026-09-21,DXB-003,Dubai,CUST-00690,P007,Office Chair,Furniture,6,588.82,0,3532.92,0.0,3532.92,Card,Store,2026,9,September,21,Monday,False,3532.92,588.82
TXN-0045670,2026-09-21,DXB-003,Dubai,CUST-02287,P010,Printer,Office,1,683.44,0,683.44,0.0,683.44,Cash,Store,2026,9,September,21,Monday,False,683.44,683.44
TXN-0045707,2026-09-21,DXB-003,Dubai,CUST-00799,P006,Mouse,Accessories,3,100.77,15,302.31,45.35,256.96,Bank Transfer,Online,2026,9,September,21,Monday,False,256.96,85.65
TXN-0045713,2026-09-21,DXB-002,Dubai,CUST-01704,P013,USB Drive,Accessories,1,42.87,5,42.87,2.14,40.73,Apple Pay,Store,2026,9,September,21,Monday,False,40.73,40.73
TXN-0045722,2026-09-21,DXB-001,Dubai,CUST-02374,P009,Backpack,Accessories,4,211.56,5,846.24,42.31,803.93,Cash,Store,2026,9,September,21,Monday,False,803.93,200.98
TXN-0045724,2026-09-21,DXB-002,Dubai,CUST-04493,P014,Power Bank,Electronics,2,153.75,0,307.5,0.0,307.5,Card,Store,2026,9,September,21,Monday,False,307.5,153.75
TXN-0045742,2026-09-21,DXB-003,Dubai,CUST-05359,P003,Headphones,Electronics,2,353.05,0,706.1,0.0,706.1,Bank Transfer,Store,2026,9,September,21,Monday,False,706.1,353.05
TXN-0045763,2026-09-21,DXB-002,Dubai,CUST-01251,P007,Office Chair,Furniture,2,706.38,5,1412.76,70.64,1342.12,Card,Store,2026,9,September,21,Monday,False,1342.12,671.06
TXN-0045764,2026-09-21,DXB-005,Dubai,CUST-06436,P008,Desk,Furniture,1,841.97,0,841.97,0.0,841.97,Card,Store,2026,9,September,21,Monday,False,841.97,841.97
TXN-0046012,2026-09-21,DXB-001,Dubai,CUST-03798,P003,Headphones,Electronics,1,374.18,15,374.18,56.13,318.05,Cash,Online,2026,9,September,21,Monday,False,318.05,318.05
TXN-0046103,2026-09-21,DXB-002,Dubai,CUST-05387,P001,Laptop,Electronics,1,2542.57,0,2542.57,0.0,2542.57,Card,Store,2026,9,September,21,Monday,False,2542.57,2542.57
TXN-0046156,2026-09-21,DXB-001,Dubai,CUST-06047,P011,Notebook,Stationery,1,24.23,10,24.23,2.42,21.81,Apple Pay,Store,2026,9,September,21,Monday,False,21.81,21.81
TXN-0046199,2026-09-21,DXB-001,Dubai,CUST-06963,P004,Monitor,Electronics,1,910.13,0,910.13,0.0,910.13,Bank Transfer,Store,2026,9,September,21,Monday,False,910.13,910.13
TXN-0046232,2026-09-21,DXB-003,Dubai,CUST-02834,P004,Monitor,Electronics,1,843.03,15,843.03,126.45,716.58,Card,Store,2026,9,September,21,Monday,False,716.58,716.58
TXN-0046242,2026-09-21,DXB-004,Dubai,CUST-00512,P012,Pen Pack,Stationery,2,14.62,15,29.24,4.39,24.85,Cash,Online,2026,9,September,21,Monday,False,24.85,12.42
TXN-0046255,2026-09-21,DXB-001,Dubai,CUST-07641,P003,Headphones,Electronics,2,350.08,10,700.16,70.02,630.14,Bank Transfer,Store,2026,9,September,21,Monday,False,630.14,315.07
TXN-0046304,2026-09-21,DXB-004,Dubai,CUST-03373,P009,Backpack,Accessories,3,200.73,5,602.19,30.11,572.08,Card,Online,2026,9,September,21,Monday,False,572.08,190.69
TXN-0046399,2026-09-21,DXB-004,Dubai,CUST-05416,P001,Laptop,Electronics,2,2610.8,15,5221.6,783.24,4438.36,Apple Pay,Online,2026,9,September,21,Monday,False,4438.36,2219.18
TXN-0046418,2026-09-21,DXB-003,Dubai,CUST-01900,P008,Desk,Furniture,1,848.68,0,848.68,0.0,848.68,Apple Pay,Online,2026,9,September,21,Monday,False,848.68,848.68
TXN-0046444,2026-09-21,DXB-003,Dubai,CUST-03387,P008,Desk,Furniture,2,817.63,10,1635.26,163.53,1471.73,Apple Pay,Online,2026,9,September,21,Monday,False,1471.73,735.86
TXN-0046466,2026-09-21,DXB-004,Dubai,CUST-07414,P003,Headphones,Electronics,1,338.53,10,338.53,33.85,304.68,Cash,Store,2026,9,September,21,Monday,False,304.68,304.68
TXN-0046540,2026-09-21,DXB-003,Dubai,CUST-07356,P009,Backpack,Accessories,2,222.17,5,444.34,22.22,422.12,Apple Pay,Store,2026,9,September,21,Monday,False,422.12,211.06
TXN-0046604,2026-09-21,DXB-003,Dubai,CUST-02877,P011,Notebook,Stationery,2,24.61,0,49.22,0.0,49.22,Apple Pay,Store,2026,9,September,21,Monday,False,49.22,24.61
TXN-0046627,2026-09-21,DXB-003,Dubai,CUST-06369,P005,Keyboard,Accessories,1,173.32,10,173.32,17.33,155.99,Card,Store,2026,9,September,21,Monday,False,155.99,155.99
TXN-0046696,2026-09-21,DXB-004,Dubai,CUST-05929,P009,Backpack,Accessories,1,229.82,15,229.82,34.47,195.35,Cash,Online,2026,9,September,21,Monday,False,195.35,195.35
TXN-0046724,2026-09-21,DXB-005,Dubai,CUST-07961,P011,Notebook,Stationery,1,23.03,0,23.03,0.0,23.03,Card,Store,2026,9,September,21,Monday,False,23.03,23.03
TXN-0046779,2026-09-21,DXB-002,Dubai,CUST-03522,P001,Laptop,Electronics,2,2866.55,10,5733.1,573.31,5159.79,Apple Pay,Store,2026,9,September,21,Monday,False,5159.79,2579.9
TXN-0046835,2026-09-21,DXB-004,Dubai,CUST-00847,P001,Laptop,Electronics,1,2897.92,0,2897.92,0.0,2897.92,Card,Store,2026,9,September,21,Monday,False,2897.92,2897.92
TXN-0046850,2026-09-21,DXB-004,Dubai,CUST-01181,P013,USB Drive,Accessories,1,49.37,5,49.37,2.47,46.9,Cash,Online,2026,9,September,21,Monday,False,46.9,46.9
TXN-0046881,2026-09-21,DXB-004,Dubai,CUST-02656,P011,Notebook,Stationery,1,23.03,0,23.03,0.0,23.03,Card,Online,2026,9,September,21,Monday,False,23.03,23.03
TXN-0046899,2026-09-21,DXB-002,Dubai,CUST-02851,P011,Notebook,Stationery,1,23.19,0,23.19,0.0,23.19,Cash,Store,2026,9,September,21,Monday,False,23.19,23.19
TXN-0046915,2026-09-21,DXB-004,Dubai,CUST-07074,P001,Laptop,Electronics,3,2829.2,15,8487.6,1273.14,7214.46,Apple Pay,Store,2026,9,September,21,Monday,False,7214.46,2404.82
TXN-0046977,2026-09-21,DXB-003,Dubai,CUST-01552,P006,Mouse,Accessories,1,102.39,15,102.39,15.36,87.03,Cash,Store,2026,9,September,21,Monday,False,87.03,87.03
TXN-0047010,2026-09-21,DXB-001,Dubai,CUST-01688,P015,Tablet,Electronics,2,1259.93,5,2519.86,125.99,2393.87,Cash,Store,2026,9,September,21,Monday,False,2393.87,1196.94
TXN-0047082,2026-09-21,DXB-001,Dubai,CUST-01453,P004,Monitor,Electronics,1,843.84,5,843.84,42.19,801.65,Apple Pay,Store,2026,9,September,21,Monday,False,801.65,801.65
TXN-0047121,2026-09-21,DXB-001,Dubai,CUST-07377,P013,USB Drive,Accessories,1,43.04,15,43.04,6.46,36.58,Card,Store,2026,9,September,21,Monday,False,36.58,36.58
TXN-0047193,2026-09-21,DXB-003,Dubai,CUST-04643,P010,Printer,Office,1,640.21,0,640.21,0.0,640.21,Apple Pay,Online,2026,9,September,21,Monday,False,640.21,640.21
TXN-0047277,2026-09-21,DXB-001,Dubai,CUST-01708,P015,Tablet,Electronics,2,1113.79,5,2227.58,111.38,2116.2,Apple Pay,Store,2026,9,September,21,Monday,False,2116.2,1058.1
TXN-0047285,2026-09-21,DXB-001,Dubai,CUST-07311,P004,Monitor,Electronics,2,881.46,5,1762.92,88.15,1674.77,Cash,Store,2026,9,September,21,Monday,False,1674.77,837.38
TXN-0047374,2026-09-21,DXB-004,Dubai,CUST-01375,P007,Office Chair,Furniture,3,612.77,5,1838.31,91.92,1746.39,Card,Store,2026,9,September,21,Monday,False,1746.39,582.13
TXN-0047389,2026-09-21,DXB-002,Dubai,CUST-05658,P003,Headphones,Electronics,1,351.3,15,351.3,52.7,298.6,Card,Store,2026,9,September,21,Monday,False,298.6,298.6
TXN-0047444,2026-09-21,DXB-003,Dubai,CUST-06918,P014,Power Bank,Electronics,1,142.09,5,142.09,7.1,134.99,Card,Store,2026,9,September,21,Monday,False,134.99,134.99
TXN-0047450,2026-09-21,DXB-003,Dubai,CUST-00123,P014,Power Bank,Electronics,4,140.45,15,561.8,84.27,477.53,Bank Transfer,Store,2026,9,September,21,Monday,False,477.53,119.38
TXN-0047469,2026-09-21,DXB-003,Dubai,CUST-01539,P009,Backpack,Accessories,1,208.23,15,208.23,31.23,177.0,Card,Store,2026,9,September,21,Monday,False,177.0,177.0
TXN-0047474,2026-09-21,DXB-001,Dubai,CUST-00755,P006,Mouse,Accessories,1,101.35,5,101.35,5.07,96.28,Cash,Online,2026,9,September,21,Monday,False,96.28,96.28
TXN-0047481,2026-09-21,DXB-003,Dubai,CUST-04938,P008,Desk,Furniture,1,722.03,5,722.03,36.1,685.93,Cash,Store,2026,9,September,21,Monday,False,685.93,685.93
TXN-0047501,2026-09-21,DXB-003,Dubai,CUST-01978,P011,Notebook,Stationery,2,21.31,0,42.62,0.0,42.62,Card,Store,2026,9,September,21,Monday,False,42.62,21.31
TXN-0047620,2026-09-21,DXB-001,Dubai,CUST-03211,P015,Tablet,Electronics,1,1220.6,10,1220.6,122.06,1098.54,Card,Store,2026,9,September,21,Monday,False,1098.54,1098.54
TXN-0047771,2026-09-21,DXB-003,Dubai,CUST-02411,P004,Monitor,Electronics,2,889.37,10,1778.74,177.87,1600.87,Cash,Online,2026,9,September,21,Monday,False,1600.87,800.44
TXN-0047775,2026-09-21,DXB-001,Dubai,CUST-01233,P003,Headphones,Electronics,1,391.56,0,391.56,0.0,391.56,Card,Store,2026,9,September,21,Monday,False,391.56,391.56
TXN-0047849,2026-09-21,DXB-002,Dubai,CUST-01393,P012,Pen Pack,Stationery,2,13.52,0,27.04,0.0,27.04,Apple Pay,Store,2026,9,September,21,Monday,False,27.04,13.52
TXN-0047971,2026-09-21,DXB-001,Dubai,CUST-00322,P007,Office Chair,Furniture,1,572.41,0,572.41,0.0,572.41,Card,Store,2026,9,September,21,Monday,False,572.41,572.41
TXN-0048191,2026-09-21,DXB-004,Dubai,CUST-07145,P010,Printer,Office,1,707.72,0,707.72,0.0,707.72,Cash,Store,2026,9,September,21,Monday,False,707.72,707.72
TXN-0048217,2026-09-21,DXB-003,Dubai,CUST-02420,P009,Backpack,Accessories,5,211.97,10,1059.85,105.98,953.87,Apple Pay,Online,2026,9,September,21,Monday,False,953.87,190.77
TXN-0048235,2026-09-21,DXB-005,Dubai,CUST-07026,P011,Notebook,Stationery,2,23.23,15,46.46,6.97,39.49,Card,Online,2026,9,September,21,Monday,False,39.49,19.74
TXN-0048334,2026-09-21,DXB-001,Dubai,CUST-06836,P002,Smartphone,Electronics,3,1523.37,10,4570.11,457.01,4113.1,Apple Pay,Online,2026,9,September,21,Monday,False,4113.1,1371.03
TXN-0048353,2026-09-21,DXB-004,Dubai,CUST-04608,P002,Smartphone,Electronics,2,1785.31,10,3570.62,357.06,3213.56,Card,Store,2026,9,September,21,Monday,False,3213.56,1606.78
TXN-0048374,2026-09-21,DXB-003,Dubai,CUST-04776,P002,Smartphone,Electronics,1,2005.5,0,2005.5,0.0,2005.5,Card,Store,2026,9,September,21,Monday,False,2005.5,2005.5
TXN-0048379,2026-09-21,DXB-004,Dubai,CUST-07456,P013,USB Drive,Accessories,2,45.03,0,90.06,0.0,90.06,Card,Store,2026,9,September,21,Monday,False,90.06,45.03
TXN-0048412,2026-09-21,DXB-002,Dubai,CUST-00997,P011,Notebook,Stationery,1,25.98,20,25.98,5.2,20.78,Cash,Store,2026,9,September,21,Monday,False,20.78,20.78
TXN-0048439,2026-09-21,DXB-002,Dubai,CUST-03438,P012,Pen Pack,Stationery,2,16.21,0,32.42,0.0,32.42,Card,Online,2026,9,September,21,Monday,False,32.42,16.21
TXN-0048485,2026-09-21,DXB-001,Dubai,CUST-04702,P014,Power Bank,Electronics,4,142.87,15,571.48,85.72,485.76,Apple Pay,Online,2026,9,September,21,Monday,False,485.76,121.44
TXN-0048554,2026-09-21,DXB-005,Dubai,CUST-05366,P012,Pen Pack,Stationery,1,15.68,5,15.68,0.78,14.9,Card,Store,2026,9,September,21,Monday,False,14.9,14.9
TXN-0048649,2026-09-21,DXB-002,Dubai,CUST-04594,P012,Pen Pack,Stationery,1,15.11,5,15.11,0.76,14.35,Apple Pay,Store,2026,9,September,21,Monday,False,14.35,14.35
TXN-0048664,2026-09-21,DXB-003,Dubai,CUST-07318,P012,Pen Pack,Stationery,1,15.86,5,15.86,0.79,15.07,Card,Store,2026,9,September,21,Monday,False,15.07,15.07
TXN-0048683,2026-09-21,DXB-003,Dubai,CUST-06792,P005,Keyboard,Accessories,1,189.31,0,189.31,0.0,189.31,Cash,Store,2026,9,September,21,Monday,False,189.31,189.31
TXN-0048714,2026-09-21,DXB-004,Dubai,CUST-07510,P010,Printer,Office,2,722.01,5,1444.02,72.2,1371.82,Card,Store,2026,9,September,21,Monday,False,1371.82,685.91
TXN-0048717,2026-09-21,DXB-005,Dubai,CUST-03752,P006,Mouse,Accessories,2,95.19,0,190.38,0.0,190.38,Bank Transfer,Store,2026,9,September,21,Monday,False,190.38,95.19
TXN-0048738,2026-09-21,DXB-003,Dubai,CUST-05721,P015,Tablet,Electronics,5,1168.46,15,5842.3,876.34,4965.96,Bank Transfer,Online,2026,9,September,21,Monday,False,4965.96,993.19
TXN-0048825,2026-09-21,DXB-003,Dubai,CUST-07011,P008,Desk,Furniture,1,762.33,5,762.33,38.12,724.21,Card,Store,2026,9,September,21,Monday,False,724.21,724.21
TXN-0048834,2026-09-21,DXB-003,Dubai,CUST-03186,P015,Tablet,Electronics,5,1350.62,0,6753.1,0.0,6753.1,Bank Transfer,Online,2026,9,September,21,Monday,False,6753.1,1350.62
TXN-0048844,2026-09-21,DXB-002,Dubai,CUST-05392,P003,Headphones,Electronics,1,323.43,10,323.43,32.34,291.09,Apple Pay,Store,2026,9,September,21,Monday,False,291.09,291.09
TXN-0048863,2026-09-21,DXB-005,Dubai,CUST-01072,P011,Notebook,Stationery,2,24.76,10,49.52,4.95,44.57,Card,Store,2026,9,September,21,Monday,False,44.57,22.28
TXN-0048883,2026-09-21,DXB-004,Dubai,CUST-06028,P012,Pen Pack,Stationery,1,14.74,10,14.74,1.47,13.27,Card,Store,2026,9,September,21,Monday,False,13.27,13.27
TXN-0048900,2026-09-21,DXB-004,Dubai,CUST-01078,P002,Smartphone,Electronics,1,1673.79,10,1673.79,167.38,1506.41,Card,Online,2026,9,September,21,Monday,False,1506.41,1506.41
TXN-0048945,2026-09-21,DXB-005,Dubai,CUST-03426,P008,Desk,Furniture,1,855.08,15,855.08,128.26,726.82,Card,Store,2026,9,September,21,Monday,False,726.82,726.82
TXN-0049003,2026-09-21,DXB-003,Dubai,CUST-07159,P010,Printer,Office,1,647.53,0,647.53,0.0,647.53,Apple Pay,Store,2026,9,September,21,Monday,False,647.53,647.53
TXN-0049043,2026-09-21,DXB-001,Dubai,CUST-00282,P001,Laptop,Electronics,4,2716.21,0,10864.84,0.0,10864.84,Apple Pay,Store,2026,9,September,21,Monday,False,10864.84,2716.21
TXN-0049071,2026-09-21,DXB-004,Dubai,CUST-01763,P014,Power Bank,Electronics,2,143.98,15,287.96,43.19,244.77,Card,Online,2026,9,September,21,Monday,False,244.77,122.38
TXN-0049146,2026-09-21,DXB-001,Dubai,CUST-07444,P015,Tablet,Electronics,2,1144.14,15,2288.28,343.24,1945.04,Card,Store,2026,9,September,21,Monday,False,1945.04,972.52
TXN-0049149,2026-09-21,DXB-001,Dubai,CUST-01689,P012,Pen Pack,Stationery,1,15.52,10,15.52,1.55,13.97,Apple Pay,Store,2026,9,September,21,Monday,False,13.97,13.97
TXN-0049292,2026-09-21,DXB-002,Dubai,CUST-03134,P006,Mouse,Accessories,1,103.78,0,103.78,0.0,103.78,Cash,Store,2026,9,September,21,Monday,False,103.78,103.78
TXN-0049348,2026-09-21,DXB-001,Dubai,CUST-00887,P006,Mouse,Accessories,5,105.42,0,527.1,0.0,527.1,Card,Online,2026,9,September,21,Monday,False,527.1,105.42
TXN-0049396,2026-09-21,DXB-005,Dubai,CUST-03506,P002,Smartphone,Electronics,2,1721.41,5,3442.82,172.14,3270.68,Cash,Store,2026,9,September,21,Monday,False,3270.68,1635.34
TXN-0049465,2026-09-21,DXB-002,Dubai,CUST-04617,P001,Laptop,Electronics,1,3033.44,0,3033.44,0.0,3033.44,Card,Online,2026,9,September,21,Monday,False,3033.44,3033.44
TXN-0049517,2026-09-21,DXB-001,Dubai,CUST-02338,P007,Office Chair,Furniture,1,589.09,10,589.09,58.91,530.18,Card,Store,2026,9,September,21,Monday,False,530.18,530.18
TXN-0049524,2026-09-21,DXB-001,Dubai,CUST-03276,P010,Printer,Office,1,665.46,10,665.46,66.55,598.91,Cash,Store,2026,9,September,21,Monday,False,598.91,598.91
TXN-0049711,2026-09-21,DXB-002,Dubai,CUST-06574,P014,Power Bank,Electronics,2,142.33,10,284.66,28.47,256.19,Card,Store,2026,9,September,21,Monday,False,256.19,128.1
TXN-0049764,2026-09-21,DXB-001,Dubai,CUST-00722,P009,Backpack,Accessories,2,214.5,0,429.0,0.0,429.0,Bank Transfer,Store,2026,9,September,21,Monday,False,429.0,214.5
TXN-0049765,2026-09-21,DXB-001,Dubai,CUST-01377,P005,Keyboard,Accessories,2,175.75,10,351.5,35.15,316.35,Apple Pay,Store,2026,9,September,21,Monday,False,316.35,158.18
TXN-0049873,2026-09-21,DXB-003,Dubai,CUST-07231,P006,Mouse,Accessories,1,99.76,10,99.76,9.98,89.78,Card,Online,2026,9,September,21,Monday,False,89.78,89.78
TXN-0049891,2026-09-21,DXB-005,Dubai,CUST-02939,P011,Notebook,Stationery,1,27.42,5,27.42,1.37,26.05,Cash,Store,2026,9,September,21,Monday,False,26.05,26.05
TXN-0049947,2026-09-21,DXB-004,Dubai,CUST-07318,P007,Office Chair,Furniture,2,585.03,5,1170.06,58.5,1111.56,Card,Store,2026,9,September,21,Monday,False,1111.56,555.78
TXN-0050002,2026-09-21,DXB-003,Dubai,CUST-02446,P012,Pen Pack,Stationery,1,15.61,0,15.61,0.0,15.61,Apple Pay,Store,2026,9,September,21,Monday,False,15.61,15.61
TXN-0050138,2026-09-21,DXB-004,Dubai,CUST-00421,P006,Mouse,Accessories,3,96.1,0,288.3,0.0,288.3,Cash,Store,2026,9,September,21,Monday,False,288.3,96.1
TXN-0050239,2026-09-21,DXB-004,Dubai,CUST-00312,P003,Headphones,Electronics,5,358.13,0,1790.65,0.0,1790.65,Card,Online,2026,9,September,21,Monday,False,1790.65,358.13
TXN-0050381,2026-09-21,DXB-003,Dubai,CUST-01250,P005,Keyboard,Accessories,3,160.96,15,482.88,72.43,410.45,Card,Store,2026,9,September,21,Monday,False,410.45,136.82
TXN-0050477,2026-09-21,DXB-002,Dubai,CUST-06713,P012,Pen Pack,Stationery,1,13.97,5,13.97,0.7,13.27,Apple Pay,Store,2026,9,September,21,Monday,False,13.27,13.27
TXN-0050480,2026-09-21,DXB-004,Dubai,CUST-06548,P013,USB Drive,Accessories,1,47.01,10,47.01,4.7,42.31,Cash,Store,2026,9,September,21,Monday,False,42.31,42.31
TXN-0050491,2026-09-21,DXB-005,Dubai,CUST-02359,P011,Notebook,Stationery,2,26.28,15,52.56,7.88,44.68,Card,Online,2026,9,September,21,Monday,False,44.68,22.34
TXN-0050584,2026-09-21,DXB-001,Dubai,CUST-07366,P010,Printer,Office,1,756.91,0,756.91,0.0,756.91,Apple Pay,Store,2026,9,September,21,Monday,False,756.91,756.91
TXN-0050666,2026-09-21,DXB-003,Dubai,CUST-03125,P015,Tablet,Electronics,1,1110.96,20,1110.96,222.19,888.77,Card,Online,2026,9,September,21,Monday,False,888.77,888.77
TXN-0050696,2026-09-21,DXB-003,Dubai,CUST-07047,P007,Office Chair,Furniture,1,648.81,10,648.81,64.88,583.93,Card,Online,2026,9,September,21,Monday,False,583.93,583.93
TXN-0050743,2026-09-21,DXB-004,Dubai,CUST-02501,P013,USB Drive,Accessories,1,42.97,10,42.97,4.3,38.67,Card,Store,2026,9,September,21,Monday,False,38.67,38.67
TXN-0050745,2026-09-21,DXB-005,Dubai,CUST-02588,P001,Laptop,Electronics,1,2818.13,5,2818.13,140.91,2677.22,Cash,Online,2026,9,September,21,Monday,False,2677.22,2677.22
TXN-0050801,2026-09-21,DXB-005,Dubai,CUST-04088,P014,Power Bank,Electronics,1,152.22,5,152.22,7.61,144.61,Card,Store,2026,9,September,21,Monday,False,144.61,144.61
TXN-0050820,2026-09-21,DXB-001,Dubai,CUST-00014,P012,Pen Pack,Stationery,1,14.53,10,14.53,1.45,13.08,Cash,Store,2026,9,September,21,Monday,False,13.08,13.08
TXN-0050872,2026-09-21,DXB-001,Dubai,CUST-04633,P002,Smartphone,Electronics,1,1780.23,0,1780.23,0.0,1780.23,Cash,Store,2026,9,September,21,Monday,False,1780.23,1780.23
TXN-0051158,2026-09-21,DXB-002,Dubai,CUST-02722,P004,Monitor,Electronics,1,904.5,5,904.5,45.22,859.28,Cash,Store,2026,9,September,21,Monday,False,859.28,859.28
TXN-0051348,2026-09-21,DXB-003,Dubai,CUST-04700,P015,Tablet,Electronics,6,1133.01,0,6798.06,0.0,6798.06,Cash,Store,2026,9,September,21,Monday,False,6798.06,1133.01
TXN-0051354,2026-09-21,DXB-003,Dubai,CUST-06456,P007,Office Chair,Furniture,2,627.13,5,1254.26,62.71,1191.55,Apple Pay,Store,2026,9,September,21,Monday,False,1191.55,595.78
TXN-0051394,2026-09-21,DXB-005,Dubai,CUST-03953,P011,Notebook,Stationery,3,23.92,15,71.76,10.76,61.0,Apple Pay,Store,2026,9,September,21,Monday,False,61.0,20.33
TXN-0051545,2026-09-21,DXB-004,Dubai,CUST-01558,P007,Office Chair,Furniture,1,619.2,15,619.2,92.88,526.32,Bank Transfer,Store,2026,9,September,21,Monday,False,526.32,526.32
TXN-0051629,2026-09-21,DXB-005,Dubai,CUST-00890,P010,Printer,Office,3,684.68,20,2054.04,410.81,1643.23,Bank Transfer,Store,2026,9,September,21,Monday,False,1643.23,547.74
TXN-0051715,2026-09-21,DXB-002,Dubai,CUST-03801,P012,Pen Pack,Stationery,1,14.27,0,14.27,0.0,14.27,Cash,Store,2026,9,September,21,Monday,False,14.27,14.27
TXN-0051742,2026-09-21,DXB-003,Dubai,CUST-02957,P009,Backpack,Accessories,1,221.22,0,221.22,0.0,221.22,Apple Pay,Store,2026,9,September,21,Monday,False,221.22,221.22
TXN-0051820,2026-09-21,DXB-004,Dubai,CUST-00659,P003,Headphones,Electronics,4,374.43,15,1497.72,224.66,1273.06,Bank Transfer,Store,2026,9,September,21,Monday,False,1273.06,318.26
TXN-0051848,2026-09-21,DXB-003,Dubai,CUST-06169,P002,Smartphone,Electronics,4,1679.26,0,6717.04,0.0,6717.04,Card,Store,2026,9,September,21,Monday,False,6717.04,1679.26
TXN-0051940,2026-09-21,DXB-004,Dubai,CUST-04640,P006,Mouse,Accessories,1,113.13,0,113.13,0.0,113.13,Apple Pay,Store,2026,9,September,21,Monday,False,113.13,113.13
TXN-0052028,2026-09-21,DXB-002,Dubai,CUST-05410,P006,Mouse,Accessories,2,102.18,0,204.36,0.0,204.36,Bank Transfer,Online,2026,9,September,21,Monday,False,204.36,102.18
TXN-0052057,2026-09-21,DXB-005,Dubai,CUST-05592,P005,Keyboard,Accessories,4,182.6,10,730.4,73.04,657.36,Card,Online,2026,9,September,21,Monday,False,657.36,164.34
TXN-0052073,2026-09-21,DXB-001,Dubai,CUST-04167,P009,Backpack,Accessories,2,226.84,5,453.68,22.68,431.0,Card,Store,2026,9,September,21,Monday,False,431.0,215.5
TXN-0052080,2026-09-21,DXB-005,Dubai,CUST-01202,P004,Monitor,Electronics,1,833.65,5,833.65,41.68,791.97,Card,Store,2026,9,September,21,Monday,False,791.97,791.97
TXN-0052226,2026-09-21,DXB-001,Dubai,CUST-05885,P004,Monitor,Electronics,1,847.54,0,847.54,0.0,847.54,Apple Pay,Online,2026,9,September,21,Monday,False,847.54,847.54
TXN-0052264,2026-09-21,DXB-001,Dubai,CUST-00025,P003,Headphones,Electronics,2,382.58,0,765.16,0.0,765.16,Card,Store,2026,9,September,21,Monday,False,765.16,382.58
TXN-0052346,2026-09-21,DXB-003,Dubai,CUST-05939,P006,Mouse,Accessories,1,101.84,15,101.84,15.28,86.56,Cash,Store,2026,9,September,21,Monday,False,86.56,86.56
TXN-0052499,2026-09-21,DXB-002,Dubai,CUST-04398,P004,Monitor,Electronics,4,920.54,5,3682.16,184.11,3498.05,Card,Store,2026,9,September,21,Monday,False,3498.05,874.51
TXN-0052705,2026-09-21,DXB-005,Dubai,CUST-03967,P010,Printer,Office,2,732.9,5,1465.8,73.29,1392.51,Card,Store,2026,9,September,21,Monday,False,1392.51,696.26
TXN-0052731,2026-09-21,DXB-004,Dubai,CUST-05989,P015,Tablet,Electronics,6,1225.77,15,7354.62,1103.19,6251.43,Apple Pay,Store,2026,9,September,21,Monday,False,6251.43,1041.9
TXN-0052780,2026-09-21,DXB-002,Dubai,CUST-04277,P008,Desk,Furniture,1,831.49,0,831.49,0.0,831.49,Cash,Online,2026,9,September,21,Monday,False,831.49,831.49
TXN-0052944,2026-09-21,DXB-001,Dubai,CUST-02997,P013,USB Drive,Accessories,1,42.45,0,42.45,0.0,42.45,Apple Pay,Store,2026,9,September,21,Monday,False,42.45,42.45
TXN-0052990,2026-09-21,DXB-004,Dubai,CUST-00267,P014,Power Bank,Electronics,1,159.39,15,159.39,23.91,135.48,Cash,Online,2026,9,September,21,Monday,False,135.48,135.48
TXN-0053075,2026-09-21,DXB-003,Dubai,CUST-00374,P013,USB Drive,Accessories,1,51.1,0,51.1,0.0,51.1,Bank Transfer,Store,2026,9,September,21,Monday,False,51.1,51.1
TXN-0053103,2026-09-21,DXB-005,Dubai,CUST-04011,P005,Keyboard,Accessories,3,176.56,10,529.68,52.97,476.71,Card,Store,2026,9,September,21,Monday,False,476.71,158.9
TXN-0053106,2026-09-21,DXB-003,Dubai,CUST-01694,P003,Headphones,Electronics,1,358.83,0,358.83,0.0,358.83,Apple Pay,Store,2026,9,September,21,Monday,False,358.83,358.83
TXN-0053209,2026-09-21,DXB-003,Dubai,CUST-05114,P001,Laptop,Electronics,2,2498.01,5,4996.02,249.8,4746.22,Card,Store,2026,9,September,21,Monday,False,4746.22,2373.11
TXN-0053268,2026-09-21,DXB-002,Dubai,CUST-01548,P003,Headphones,Electronics,1,332.57,5,332.57,16.63,315.94,Apple Pay,Store,2026,9,September,21,Monday,False,315.94,315.94
TXN-0053287,2026-09-21,DXB-004,Dubai,CUST-03515,P014,Power Bank,Electronics,2,152.68,15,305.36,45.8,259.56,Cash,Online,2026,9,September,21,Monday,False,259.56,129.78
TXN-0053318,2026-09-21,DXB-004,Dubai,CUST-04889,P011,Notebook,Stationery,1,25.82,0,25.82,0.0,25.82,Card,Store,2026,9,September,21,Monday,False,25.82,25.82
TXN-0053357,2026-09-21,DXB-002,Dubai,CUST-07450,P005,Keyboard,Accessories,1,171.18,10,171.18,17.12,154.06,Card,Store,2026,9,September,21,Monday,False,154.06,154.06
TXN-0053587,2026-09-21,DXB-004,Dubai,CUST-01294,P004,Monitor,Electronics,5,951.18,15,4755.9,713.38,4042.52,Card,Store,2026,9,September,21,Monday,False,4042.52,808.5
TXN-0053592,2026-09-21,DXB-002,Dubai,CUST-03999,P007,Office Chair,Furniture,2,559.48,5,1118.96,55.95,1063.01,Apple Pay,Store,2026,9,September,21,Monday,False,1063.01,531.5
TXN-0053595,2026-09-21,DXB-004,Dubai,CUST-02397,P010,Printer,Office,1,630.33,5,630.33,31.52,598.81,Card,Online,2026,9,September,21,Monday,False,598.81,598.81
TXN-0053681,2026-09-21,DXB-004,Dubai,CUST-00454,P007,Office Chair,Furniture,3,592.84,10,1778.52,177.85,1600.67,Bank Transfer,Online,2026,9,September,21,Monday,False,1600.67,533.56
TXN-0053718,2026-09-21,DXB-003,Dubai,CUST-04904,P014,Power Bank,Electronics,1,145.82,15,145.82,21.87,123.95,Card,Store,2026,9,September,21,Monday,False,123.95,123.95
TXN-0053830,2026-09-21,DXB-002,Dubai,CUST-06267,P003,Headphones,Electronics,1,337.58,5,337.58,16.88,320.7,Cash,Online,2026,9,September,21,Monday,False,320.7,320.7
TXN-0053983,2026-09-21,DXB-005,Dubai,CUST-06632,P015,Tablet,Electronics,1,1256.4,5,1256.4,62.82,1193.58,Card,Online,2026,9,September,21,Monday,False,1193.58,1193.58
TXN-0054082,2026-09-21,DXB-004,Dubai,CUST-04732,P009,Backpack,Accessories,1,236.56,5,236.56,11.83,224.73,Card,Store,2026,9,September,21,Monday,False,224.73,224.73
TXN-0054125,2026-09-21,DXB-003,Dubai,CUST-04238,P009,Backpack,Accessories,2,224.62,0,449.24,0.0,449.24,Card,Online,2026,9,September,21,Monday,False,449.24,224.62
TXN-0054147,2026-09-21,DXB-003,Dubai,CUST-02862,P002,Smartphone,Electronics,1,2002.38,5,2002.38,100.12,1902.26,Apple Pay,Online,2026,9,September,21,Monday,False,1902.26,1902.26
TXN-0054159,2026-09-21,DXB-002,Dubai,CUST-05860,P005,Keyboard,Accessories,4,181.22,5,724.88,36.24,688.64,Card,Store,2026,9,September,21,Monday,False,688.64,172.16
TXN-0054299,2026-09-21,DXB-003,Dubai,CUST-06553,P005,Keyboard,Accessories,6,184.06,5,1104.36,55.22,1049.14,Card,Store,2026,9,September,21,Monday,False,1049.14,174.86
TXN-0054398,2026-09-21,DXB-001,Dubai,CUST-06982,P003,Headphones,Electronics,1,373.33,0,373.33,0.0,373.33,Cash,Store,2026,9,September,21,Monday,False,373.33,373.33
TXN-0054409,2026-09-21,DXB-004,Dubai,CUST-00058,P015,Tablet,Electronics,4,1308.47,15,5233.88,785.08,4448.8,Cash,Store,2026,9,September,21,Monday,False,4448.8,1112.2
TXN-0054520,2026-09-21,DXB-001,Dubai,CUST-00446,P012,Pen Pack,Stationery,5,14.76,0,73.8,0.0,73.8,Card,Online,2026,9,September,21,Monday,False,73.8,14.76
TXN-0054617,2026-09-21,DXB-002,Dubai,CUST-02292,P013,USB Drive,Accessories,1,43.9,0,43.9,0.0,43.9,Apple Pay,Store,2026,9,September,21,Monday,False,43.9,43.9
TXN-0054628,2026-09-21,DXB-002,Dubai,CUST-03086,P011,Notebook,Stationery,1,25.77,10,25.77,2.58,23.19,Card,Online,2026,9,September,21,Monday,False,23.19,23.19
TXN-0054668,2026-09-21,DXB-003,Dubai,CUST-01441,P007,Office Chair,Furniture,1,679.5,15,679.5,101.92,577.58,Cash,Store,2026,9,September,21,Monday,False,577.58,577.58
TXN-0054774,2026-09-21,DXB-004,Dubai,CUST-05551,P012,Pen Pack,Stationery,1,15.04,0,15.04,0.0,15.04,Cash,Store,2026,9,September,21,Monday,False,15.04,15.04
TXN-0054831,2026-09-21,DXB-002,Dubai,CUST-04627,P006,Mouse,Accessories,1,105.46,0,105.46,0.0,105.46,Card,Store,2026,9,September,21,Monday,False,105.46,105.46
TXN-0054901,2026-09-21,DXB-004,Dubai,CUST-02255,P003,Headphones,Electronics,4,374.6,15,1498.4,224.76,1273.64,Apple Pay,Online,2026,9,September,21,Monday,False,1273.64,318.41
TXN-0054959,2026-09-21,DXB-002,Dubai,CUST-04442,P014,Power Bank,Electronics,4,157.82,0,631.28,0.0,631.28,Apple Pay,Online,2026,9,September,21,Monday,False,631.28,157.82
TXN-0055047,2026-09-21,DXB-004,Dubai,CUST-01080,P010,Printer,Office,1,742.31,0,742.31,0.0,742.31,Card,Store,2026,9,September,21,Monday,False,742.31,742.31
TXN-0055060,2026-09-21,DXB-005,Dubai,CUST-04035,P010,Printer,Office,4,731.5,10,2926.0,292.6,2633.4,Apple Pay,Store,2026,9,September,21,Monday,False,2633.4,658.35
TXN-0055117,2026-09-21,DXB-003,Dubai,CUST-07442,P004,Monitor,Electronics,2,853.8,5,1707.6,85.38,1622.22,Apple Pay,Store,2026,9,September,21,Monday,False,1622.22,811.11
TXN-0055121,2026-09-21,DXB-001,Dubai,CUST-04390,P004,Monitor,Electronics,1,914.39,0,914.39,0.0,914.39,Cash,Store,2026,9,September,21,Monday,False,914.39,914.39
TXN-0055129,2026-09-21,DXB-001,Dubai,CUST-00879,P002,Smartphone,Electronics,1,1589.87,10,1589.87,158.99,1430.88,Card,Store,2026,9,September,21,Monday,False,1430.88,1430.88
TXN-0055147,2026-09-21,DXB-003,Dubai,CUST-03347,P014,Power Bank,Electronics,2,155.25,5,310.5,15.52,294.98,Apple Pay,Store,2026,9,September,21,Monday,False,294.98,147.49
TXN-0055169,2026-09-21,DXB-002,Dubai,CUST-03594,P007,Office Chair,Furniture,1,597.69,0,597.69,0.0,597.69,Card,Store,2026,9,September,21,Monday,False,597.69,597.69
TXN-0055190,2026-09-21,DXB-002,Dubai,CUST-03833,P012,Pen Pack,Stationery,2,15.98,0,31.96,0.0,31.96,Card,Store,2026,9,September,21,Monday,False,31.96,15.98
TXN-0055195,2026-09-21,DXB-001,Dubai,CUST-01104,P001,Laptop,Electronics,4,2862.51,5,11450.04,572.5,10877.54,Card,Store,2026,9,September,21,Monday,False,10877.54,2719.38
TXN-0055200,2026-09-21,DXB-005,Dubai,CUST-02739,P010,Printer,Office,1,750.84,0,750.84,0.0,750.84,Cash,Store,2026,9,September,21,Monday,False,750.84,750.84
TXN-0055298,2026-09-21,DXB-003,Dubai,CUST-03545,P008,Desk,Furniture,1,804.93,0,804.93,0.0,804.93,Card,Store,2026,9,September,21,Monday,False,804.93,804.93
TXN-0055332,2026-09-21,DXB-001,Dubai,CUST-06739,P012,Pen Pack,Stationery,1,14.16,0,14.16,0.0,14.16,Card,Online,2026,9,September,21,Monday,False,14.16,14.16
TXN-0055387,2026-09-21,DXB-003,Dubai,CUST-00445,P008,Desk,Furniture,1,775.2,0,775.2,0.0,775.2,Card,Online,2026,9,September,21,Monday,False,775.2,775.2
TXN-0055449,2026-09-21,DXB-002,Dubai,CUST-05267,P015,Tablet,Electronics,2,1076.93,0,2153.86,0.0,2153.86,Card,Store,2026,9,September,21,Monday,False,2153.86,1076.93
TXN-0055454,2026-09-21,DXB-002,Dubai,CUST-03492,P012,Pen Pack,Stationery,1,14.7,0,14.7,0.0,14.7,Apple Pay,Online,2026,9,September,21,Monday,False,14.7,14.7
TXN-0055471,2026-09-21,DXB-001,Dubai,CUST-06438,P002,Smartphone,Electronics,2,1962.89,10,3925.78,392.58,3533.2,Bank Transfer,Online,2026,9,September,21,Monday,False,3533.2,1766.6
TXN-0055477,2026-09-21,DXB-001,Dubai,CUST-06757,P001,Laptop,Electronics,2,2596.9,0,5193.8,0.0,5193.8,Card,Store,2026,9,September,21,Monday,False,5193.8,2596.9
TXN-0055500,2026-09-21,DXB-004,Dubai,CUST-06868,P013,USB Drive,Accessories,1,44.54,0,44.54,0.0,44.54,Bank Transfer,Online,2026,9,September,21,Monday,False,44.54,44.54
TXN-0055516,2026-09-21,DXB-002,Dubai,CUST-03236,P004,Monitor,Electronics,2,832.8,10,1665.6,166.56,1499.04,Apple Pay,Store,2026,9,September,21,Monday,False,1499.04,749.52
TXN-0055531,2026-09-21,DXB-003,Dubai,CUST-01984,P007,Office Chair,Furniture,1,549.42,15,549.42,82.41,467.01,Card,Online,2026,9,September,21,Monday,False,467.01,467.01
TXN-0055554,2026-09-21,DXB-004,Dubai,CUST-07020,P009,Backpack,Accessories,2,230.51,10,461.02,46.1,414.92,Cash,Store,2026,9,September,21,Monday,False,414.92,207.46
TXN-0055650,2026-09-21,DXB-003,Dubai,CUST-00250,P006,Mouse,Accessories,4,95.56,0,382.24,0.0,382.24,Bank Transfer,Online,2026,9,September,21,Monday,False,382.24,95.56
TXN-0055674,2026-09-21,DXB-002,Dubai,CUST-00844,P013,USB Drive,Accessories,1,41.38,15,41.38,6.21,35.17,Card,Store,2026,9,September,21,Monday,False,35.17,35.17
TXN-0055791,2026-09-21,DXB-002,Dubai,CUST-03272,P006,Mouse,Accessories,2,102.18,15,204.36,30.65,173.71,Card,Store,2026,9,September,21,Monday,False,173.71,86.86
TXN-0055829,2026-09-21,DXB-003,Dubai,CUST-05438,P006,Mouse,Accessories,2,102.18,10,204.36,20.44,183.92,Cash,Store,2026,9,September,21,Monday,False,183.92,91.96
TXN-0055861,2026-09-21,DXB-001,Dubai,CUST-02077,P006,Mouse,Accessories,1,112.51,10,112.51,11.25,101.26,Cash,Store,2026,9,September,21,Monday,False,101.26,101.26
TXN-0055985,2026-09-21,DXB-003,Dubai,CUST-07454,P012,Pen Pack,Stationery,1,14.63,0,14.63,0.0,14.63,Cash,Online,2026,9,September,21,Monday,False,14.63,14.63
TXN-0056077,2026-09-21,DXB-004,Dubai,CUST-04015,P007,Office Chair,Furniture,4,674.92,5,2699.68,134.98,2564.7,Cash,Store,2026,9,September,21,Monday,False,2564.7,641.17
TXN-0056083,2026-09-21,DXB-004,Dubai,CUST-05983,P004,Monitor,Electronics,1,925.79,5,925.79,46.29,879.5,Apple Pay,Store,2026,9,September,21,Monday,False,879.5,879.5
TXN-0056211,2026-09-21,DXB-005,Dubai,CUST-06607,P011,Notebook,Stationery,1,27.92,5,27.92,1.4,26.52,Card,Store,2026,9,September,21,Monday,False,26.52,26.52
TXN-0056247,2026-09-21,DXB-004,Dubai,CUST-04095,P014,Power Bank,Electronics,3,149.02,15,447.06,67.06,380.0,Bank Transfer,Store,2026,9,September,21,Monday,False,380.0,126.67
TXN-0056267,2026-09-21,DXB-002,Dubai,CUST-00575,P015,Tablet,Electronics,2,1213.52,5,2427.04,121.35,2305.69,Apple Pay,Store,2026,9,September,21,Monday,False,2305.69,1152.84
TXN-0056387,2026-09-21,DXB-002,Dubai,CUST-02247,P007,Office Chair,Furniture,1,654.0,0,654.0,0.0,654.0,Apple Pay,Store,2026,9,September,21,Monday,False,654.0,654.0
TXN-0056398,2026-09-21,DXB-003,Dubai,CUST-05384,P010,Printer,Office,1,647.89,5,647.89,32.39,615.5,Cash,Store,2026,9,September,21,Monday,False,615.5,615.5
TXN-0056478,2026-09-21,DXB-005,Dubai,CUST-00487,P012,Pen Pack,Stationery,2,15.15,0,30.3,0.0,30.3,Card,Store,2026,9,September,21,Monday,False,30.3,15.15
TXN-0056483,2026-09-21,DXB-004,Dubai,CUST-04284,P010,Printer,Office,1,746.85,15,746.85,112.03,634.82,Card,Store,2026,9,September,21,Monday,False,634.82,634.82
TXN-0056547,2026-09-21,DXB-002,Dubai,CUST-05386,P006,Mouse,Accessories,2,99.88,10,199.76,19.98,179.78,Bank Transfer,Store,2026,9,September,21,Monday,False,179.78,89.89
TXN-0056558,2026-09-21,DXB-004,Dubai,CUST-03543,P001,Laptop,Electronics,6,2496.15,10,14976.9,1497.69,13479.21,Card,Online,2026,9,September,21,Monday,False,13479.21,2246.54
TXN-0056609,2026-09-21,DXB-003,Dubai,CUST-05895,P012,Pen Pack,Stationery,3,15.2,10,45.6,4.56,41.04,Card,Store,2026,9,September,21,Monday,False,41.04,13.68
TXN-0056614,2026-09-21,DXB-002,Dubai,CUST-07378,P010,Printer,Office,3,734.17,0,2202.51,0.0,2202.51,Apple Pay,Store,2026,9,September,21,Monday,False,2202.51,734.17
TXN-0056654,2026-09-21,DXB-002,Dubai,CUST-04401,P003,Headphones,Electronics,1,356.24,5,356.24,17.81,338.43,Cash,Store,2026,9,September,21,Monday,False,338.43,338.43
TXN-0056666,2026-09-21,DXB-004,Dubai,CUST-03176,P009,Backpack,Accessories,1,226.82,0,226.82,0.0,226.82,Cash,Online,2026,9,September,21,Monday,False,226.82,226.82
TXN-0056679,2026-09-21,DXB-004,Dubai,CUST-01597,P012,Pen Pack,Stationery,1,17.63,0,17.63,0.0,17.63,Apple Pay,Online,2026,9,September,21,Monday,False,17.63,17.63
TXN-0056681,2026-09-21,DXB-003,Dubai,CUST-05453,P004,Monitor,Electronics,4,893.33,15,3573.32,536.0,3037.32,Card,Store,2026,9,September,21,Monday,False,3037.32,759.33
TXN-0056865,2026-09-21,DXB-002,Dubai,CUST-04150,P011,Notebook,Stationery,2,26.34,5,52.68,2.63,50.05,Cash,Store,2026,9,September,21,Monday,False,50.05,25.02
TXN-0056953,2026-09-21,DXB-004,Dubai,CUST-04230,P010,Printer,Office,1,678.83,0,678.83,0.0,678.83,Card,Store,2026,9,September,21,Monday,False,678.83,678.83
TXN-0056954,2026-09-21,DXB-002,Dubai,CUST-07062,P003,Headphones,Electronics,2,367.52,5,735.04,36.75,698.29,Card,Online,2026,9,September,21,Monday,False,698.29,349.14
TXN-0057038,2026-09-21,DXB-004,Dubai,CUST-04804,P010,Printer,Office,1,637.45,5,637.45,31.87,605.58,Card,Store,2026,9,September,21,Monday,False,605.58,605.58
TXN-0057047,2026-09-21,DXB-001,Dubai,CUST-03949,P009,Backpack,Accessories,3,219.42,15,658.26,98.74,559.52,Card,Store,2026,9,September,21,Monday,False,559.52,186.51
TXN-0057088,2026-09-21,DXB-005,Dubai,CUST-00736,P015,Tablet,Electronics,1,1214.63,15,1214.63,182.19,1032.44,Card,Online,2026,9,September,21,Monday,False,1032.44,1032.44
TXN-0057229,2026-09-21,DXB-001,Dubai,CUST-07803,P012,Pen Pack,Stationery,2,16.41,5,32.82,1.64,31.18,Card,Online,2026,9,September,21,Monday,False,31.18,15.59
TXN-0057359,2026-09-21,DXB-002,Dubai,CUST-07436,P007,Office Chair,Furniture,1,720.04,20,720.04,144.01,576.03,Card,Store,2026,9,September,21,Monday,False,576.03,576.03
TXN-0057439,2026-09-21,DXB-003,Dubai,CUST-01175,P008,Desk,Furniture,3,766.2,5,2298.6,114.93,2183.67,Apple Pay,Store,2026,9,September,21,Monday,False,2183.67,727.89
TXN-0057445,2026-09-21,DXB-001,Dubai,CUST-02476,P013,USB Drive,Accessories,1,49.77,5,49.77,2.49,47.28,Bank Transfer,Store,2026,9,September,21,Monday,False,47.28,47.28
TXN-0057448,2026-09-21,DXB-001,Dubai,CUST-00858,P015,Tablet,Electronics,1,1306.9,10,1306.9,130.69,1176.21,Card,Store,2026,9,September,21,Monday,False,1176.21,1176.21
TXN-0057485,2026-09-21,DXB-004,Dubai,CUST-03285,P008,Desk,Furniture,2,778.16,0,1556.32,0.0,1556.32,Cash,Store,2026,9,September,21,Monday,False,1556.32,778.16
TXN-0057494,2026-09-21,DXB-004,Dubai,CUST-05260,P014,Power Bank,Electronics,2,158.67,5,317.34,15.87,301.47,Cash,Store,2026,9,September,21,Monday,False,301.47,150.74
TXN-0057531,2026-09-21,DXB-001,Dubai,CUST-07247,P006,Mouse,Accessories,3,110.77,10,332.31,33.23,299.08,Apple Pay,Store,2026,9,September,21,Monday,False,299.08,99.69
TXN-0057696,2026-09-21,DXB-004,Dubai,CUST-04566,P009,Backpack,Accessories,1,230.24,5,230.24,11.51,218.73,Apple Pay,Store,2026,9,September,21,Monday,False,218.73,218.73
TXN-0057811,2026-09-21,DXB-003,Dubai,CUST-00748,P008,Desk,Furniture,2,725.95,5,1451.9,72.6,1379.3,Cash,Store,2026,9,September,21,Monday,False,1379.3,689.65
TXN-0057973,2026-09-21,DXB-002,Dubai,CUST-06162,P007,Office Chair,Furniture,1,645.44,10,645.44,64.54,580.9,Card,Store,2026,9,September,21,Monday,False,580.9,580.9
TXN-0057975,2026-09-21,DXB-005,Dubai,CUST-03504,P003,Headphones,Electronics,3,358.08,5,1074.24,53.71,1020.53,Apple Pay,Store,2026,9,September,21,Monday,False,1020.53,340.18
TXN-0058031,2026-09-21,DXB-002,Dubai,CUST-00015,P005,Keyboard,Accessories,4,181.55,5,726.2,36.31,689.89,Cash,Online,2026,9,September,21,Monday,False,689.89,172.47
TXN-0058092,2026-09-21,DXB-005,Dubai,CUST-00883,P011,Notebook,Stationery,2,25.02,0,50.04,0.0,50.04,Cash,Store,2026,9,September,21,Monday,False,50.04,25.02
TXN-0058107,2026-09-21,DXB-002,Dubai,CUST-02399,P003,Headphones,Electronics,1,322.25,5,322.25,16.11,306.14,Cash,Store,2026,9,September,21,Monday,False,306.14,306.14
TXN-0058123,2026-09-21,DXB-001,Dubai,CUST-07622,P012,Pen Pack,Stationery,2,15.62,0,31.24,0.0,31.24,Card,Store,2026,9,September,21,Monday,False,31.24,15.62
TXN-0058138,2026-09-21,DXB-004,Dubai,CUST-07822,P013,USB Drive,Accessories,1,45.73,0,45.73,0.0,45.73,Cash,Store,2026,9,September,21,Monday,False,45.73,45.73
TXN-0058180,2026-09-21,DXB-001,Dubai,CUST-06059,P008,Desk,Furniture,6,806.67,15,4840.02,726.0,4114.02,Apple Pay,Store,2026,9,September,21,Monday,False,4114.02,685.67
TXN-0058302,2026-09-21,DXB-001,Dubai,CUST-07891,P005,Keyboard,Accessories,1,180.48,15,180.48,27.07,153.41,Cash,Online,2026,9,September,21,Monday,False,153.41,153.41
TXN-0058395,2026-09-21,DXB-001,Dubai,CUST-06113,P015,Tablet,Electronics,1,1069.07,5,1069.07,53.45,1015.62,Cash,Store,2026,9,September,21,Monday,False,1015.62,1015.62
TXN-0058452,2026-09-21,DXB-002,Dubai,CUST-02131,P014,Power Bank,Electronics,2,157.41,0,314.82,0.0,314.82,Card,Store,2026,9,September,21,Monday,False,314.82,157.41
TXN-0058644,2026-09-21,DXB-002,Dubai,CUST-07517,P009,Backpack,Accessories,3,241.49,10,724.47,72.45,652.02,Card,Online,2026,9,September,21,Monday,False,652.02,217.34
TXN-0058731,2026-09-21,DXB-004,Dubai,CUST-00556,P009,Backpack,Accessories,2,205.33,5,410.66,20.53,390.13,Apple Pay,Store,2026,9,September,21,Monday,False,390.13,195.06
TXN-0058745,2026-09-21,DXB-002,Dubai,CUST-01581,P010,Printer,Office,1,740.01,10,740.01,74.0,666.01,Card,Store,2026,9,September,21,Monday,False,666.01,666.01
TXN-0058794,2026-09-21,DXB-004,Dubai,CUST-03997,P002,Smartphone,Electronics,1,1878.47,10,1878.47,187.85,1690.62,Bank Transfer,Online,2026,9,September,21,Monday,False,1690.62,1690.62
TXN-0058858,2026-09-21,DXB-004,Dubai,CUST-03355,P002,Smartphone,Electronics,2,2021.98,0,4043.96,0.0,4043.96,Apple Pay,Store,2026,9,September,21,Monday,False,4043.96,2021.98
TXN-0058902,2026-09-21,DXB-001,Dubai,CUST-07330,P012,Pen Pack,Stationery,1,14.48,0,14.48,0.0,14.48,Card,Store,2026,9,September,21,Monday,False,14.48,14.48
TXN-0058916,2026-09-21,DXB-003,Dubai,CUST-00133,P013,USB Drive,Accessories,2,40.67,5,81.34,4.07,77.27,Card,Store,2026,9,September,21,Monday,False,77.27,38.64
TXN-0059040,2026-09-21,DXB-001,Dubai,CUST-00607,P001,Laptop,Electronics,1,2888.56,15,2888.56,433.28,2455.28,Apple Pay,Online,2026,9,September,21,Monday,False,2455.28,2455.28
TXN-0059058,2026-09-21,DXB-005,Dubai,CUST-07685,P013,USB Drive,Accessories,2,45.52,15,91.04,13.66,77.38,Card,Store,2026,9,September,21,Monday,False,77.38,38.69
TXN-0059087,2026-09-21,DXB-005,Dubai,CUST-05151,P011,Notebook,Stationery,2,22.87,0,45.74,0.0,45.74,Card,Store,2026,9,September,21,Monday,False,45.74,22.87
TXN-0059120,2026-09-21,DXB-004,Dubai,CUST-01447,P006,Mouse,Accessories,1,93.66,10,93.66,9.37,84.29,Apple Pay,Store,2026,9,September,21,Monday,False,84.29,84.29
TXN-0059132,2026-09-21,DXB-003,Dubai,CUST-01963,P007,Office Chair,Furniture,4,605.63,15,2422.52,363.38,2059.14,Apple Pay,Store,2026,9,September,21,Monday,False,2059.14,514.78
TXN-0059137,2026-09-21,DXB-004,Dubai,CUST-04836,P012,Pen Pack,Stationery,1,13.3,20,13.3,2.66,10.64,Card,Store,2026,9,September,21,Monday,False,10.64,10.64
TXN-0059154,2026-09-21,DXB-004,Dubai,CUST-05823,P005,Keyboard,Accessories,1,185.22,20,185.22,37.04,148.18,Card,Online,2026,9,September,21,Monday,False,148.18,148.18
TXN-0059156,2026-09-21,DXB-002,Dubai,CUST-06929,P015,Tablet,Electronics,2,1353.58,15,2707.16,406.07,2301.09,Card,Online,2026,9,September,21,Monday,False,2301.09,1150.54
TXN-0059166,2026-09-21,DXB-001,Dubai,CUST-05385,P008,Desk,Furniture,1,773.64,5,773.64,38.68,734.96,Apple Pay,Online,2026,9,September,21,Monday,False,734.96,734.96
TXN-0059196,2026-09-21,DXB-001,Dubai,CUST-01797,P001,Laptop,Electronics,2,2731.25,0,5462.5,0.0,5462.5,Cash,Store,2026,9,September,21,Monday,False,5462.5,2731.25
TXN-0059340,2026-09-21,DXB-001,Dubai,CUST-06527,P004,Monitor,Electronics,1,869.7,5,869.7,43.48,826.22,Apple Pay,Store,2026,9,September,21,Monday,False,826.22,826.22
TXN-0059389,2026-09-21,DXB-003,Dubai,CUST-07584,P015,Tablet,Electronics,4,1135.08,5,4540.32,227.02,4313.3,Cash,Store,2026,9,September,21,Monday,False,4313.3,1078.32
TXN-0059455,2026-09-21,DXB-003,Dubai,CUST-00629,P014,Power Bank,Electronics,1,165.27,5,165.27,8.26,157.01,Card,Store,2026,9,September,21,Monday,False,157.01,157.01
TXN-0059487,2026-09-21,DXB-004,Dubai,CUST-05132,P010,Printer,Office,1,750.03,5,750.03,37.5,712.53,Card,Store,2026,9,September,21,Monday,False,712.53,712.53
TXN-0059498,2026-09-21,DXB-001,Dubai,CUST-00751,P001,Laptop,Electronics,1,2613.05,15,2613.05,391.96,2221.09,Cash,Store,2026,9,September,21,Monday,False,2221.09,2221.09
TXN-0059500,2026-09-21,DXB-003,Dubai,CUST-06448,P013,USB Drive,Accessories,1,44.77,10,44.77,4.48,40.29,Card,Store,2026,9,September,21,Monday,False,40.29,40.29
TXN-0059502,2026-09-21,DXB-004,Dubai,CUST-02463,P009,Backpack,Accessories,1,187.08,0,187.08,0.0,187.08,Apple Pay,Online,2026,9,September,21,Monday,False,187.08,187.08
TXN-0059549,2026-09-21,DXB-001,Dubai,CUST-06693,P011,Notebook,Stationery,5,25.84,10,129.2,12.92,116.28,Card,Store,2026,9,September,21,Monday,False,116.28,23.26
TXN-0059631,2026-09-21,DXB-003,Dubai,CUST-00007,P003,Headphones,Electronics,1,315.13,5,315.13,15.76,299.37,Card,Store,2026,9,September,21,Monday,False,299.37,299.37
TXN-0059637,2026-09-21,DXB-003,Dubai,CUST-00051,P014,Power Bank,Electronics,1,140.96,5,140.96,7.05,133.91,Card,Store,2026,9,September,21,Monday,False,133.91,133.91
TXN-0059671,2026-09-21,DXB-004,Dubai,CUST-06006,P002,Smartphone,Electronics,1,1874.04,5,1874.04,93.7,1780.34,Card,Store,2026,9,September,21,Monday,False,1780.34,1780.34
TXN-0059859,2026-09-21,DXB-002,Dubai,CUST-06884,P003,Headphones,Electronics,1,348.32,0,348.32,0.0,348.32,Cash,Online,2026,9,September,21,Monday,False,348.32,348.32
TXN-0059883,2026-09-21,DXB-003,Dubai,CUST-07086,P009,Backpack,Accessories,1,249.4,15,249.4,37.41,211.99,Card,Online,2026,9,September,21,Monday,False,211.99,211.99
TXN-0059887,2026-09-21,DXB-003,Dubai,CUST-00661,P009,Backpack,Accessories,1,201.54,5,201.54,10.08,191.46,Card,Store,2026,9,September,21,Monday,False,191.46,191.46
TXN-0059959,2026-09-21,DXB-004,Dubai,CUST-00081,P002,Smartphone,Electronics,1,1888.75,0,1888.75,0.0,1888.75,Card,Store,2026,9,September,21,Monday,False,1888.75,1888.75
TXN-0060121,2026-09-21,DXB-005,Dubai,CUST-06858,P010,Printer,Office,4,733.14,0,2932.56,0.0,2932.56,Card,Store,2026,9,September,21,Monday,False,2932.56,733.14
TXN-0060129,2026-09-21,DXB-002,Dubai,CUST-05550,P003,Headphones,Electronics,6,299.39,5,1796.34,89.82,1706.52,Apple Pay,Store,2026,9,September,21,Monday,False,1706.52,284.42
TXN-0060145,2026-09-21,DXB-004,Dubai,CUST-01153,P005,Keyboard,Accessories,1,172.56,0,172.56,0.0,172.56,Card,Store,2026,9,September,21,Monday,False,172.56,172.56
TXN-0060224,2026-09-21,DXB-003,Dubai,CUST-05054,P009,Backpack,Accessories,3,201.41,5,604.23,30.21,574.02,Apple Pay,Store,2026,9,September,21,Monday,False,574.02,191.34
TXN-0060240,2026-09-21,DXB-005,Dubai,CUST-07069,P005,Keyboard,Accessories,1,184.92,10,184.92,18.49,166.43,Card,Store,2026,9,September,21,Monday,False,166.43,166.43
TXN-0060284,2026-09-21,DXB-005,Dubai,CUST-02152,P008,Desk,Furniture,1,802.01,5,802.01,40.1,761.91,Card,Store,2026,9,September,21,Monday,False,761.91,761.91
TXN-0060288,2026-09-21,DXB-005,Dubai,CUST-03933,P007,Office Chair,Furniture,1,626.11,10,626.11,62.61,563.5,Card,Store,2026,9,September,21,Monday,False,563.5,563.5
TXN-0060446,2026-09-21,DXB-005,Dubai,CUST-05718,P010,Printer,Office,1,708.13,0,708.13,0.0,708.13,Apple Pay,Store,2026,9,September,21,Monday,False,708.13,708.13
TXN-0060463,2026-09-21,DXB-001,Dubai,CUST-06605,P014,Power Bank,Electronics,1,127.3,0,127.3,0.0,127.3,Apple Pay,Store,2026,9,September,21,Monday,False,127.3,127.3
TXN-0060470,2026-09-21,DXB-004,Dubai,CUST-02627,P001,Laptop,Electronics,2,2573.98,10,5147.96,514.8,4633.16,Cash,Online,2026,9,September,21,Monday,False,4633.16,2316.58
TXN-0060479,2026-09-21,DXB-002,Dubai,CUST-02009,P012,Pen Pack,Stationery,1,13.86,10,13.86,1.39,12.47,Bank Transfer,Store,2026,9,September,21,Monday,False,12.47,12.47
TXN-0060515,2026-09-21,DXB-003,Dubai,CUST-01609,P002,Smartphone,Electronics,3,1702.87,0,5108.61,0.0,5108.61,Card,Online,2026,9,September,21,Monday,False,5108.61,1702.87
TXN-0060590,2026-09-21,DXB-001,Dubai,CUST-06633,P014,Power Bank,Electronics,1,156.66,0,156.66,0.0,156.66,Apple Pay,Store,2026,9,September,21,Monday,False,156.66,156.66
TXN-0060602,2026-09-21,DXB-004,Dubai,CUST-03964,P002,Smartphone,Electronics,1,1868.7,5,1868.7,93.44,1775.26,Card,Store,2026,9,September,21,Monday,False,1775.26,1775.26
TXN-0060609,2026-09-21,DXB-004,Dubai,CUST-06353,P002,Smartphone,Electronics,1,1741.23,0,1741.23,0.0,1741.23,Cash,Store,2026,9,September,21,Monday,False,1741.23,1741.23
TXN-0060638,2026-09-21,DXB-001,Dubai,CUST-02051,P007,Office Chair,Furniture,1,663.06,5,663.06,33.15,629.91,Card,Store,2026,9,September,21,Monday,False,629.91,629.91
TXN-0060743,2026-09-21,DXB-005,Dubai,CUST-00383,P001,Laptop,Electronics,2,2767.04,15,5534.08,830.11,4703.97,Apple Pay,Online,2026,9,September,21,Monday,False,4703.97,2351.98
TXN-0060772,2026-09-21,DXB-004,Dubai,CUST-04698,P013,USB Drive,Accessories,3,43.38,5,130.14,6.51,123.63,Apple Pay,Store,2026,9,September,21,Monday,False,123.63,41.21
TXN-0060779,2026-09-21,DXB-002,Dubai,CUST-00214,P009,Backpack,Accessories,2,232.07,0,464.14,0.0,464.14,Cash,Store,2026,9,September,21,Monday,False,464.14,232.07
TXN-0060801,2026-09-21,DXB-003,Dubai,CUST-07279,P008,Desk,Furniture,4,807.42,10,3229.68,322.97,2906.71,Card,Store,2026,9,September,21,Monday,False,2906.71,726.68
TXN-0060805,2026-09-21,DXB-005,Dubai,CUST-00334,P003,Headphones,Electronics,1,391.04,0,391.04,0.0,391.04,Card,Online,2026,9,September,21,Monday,False,391.04,391.04
TXN-0060880,2026-09-21,DXB-001,Dubai,CUST-04275,P010,Printer,Office,2,653.09,10,1306.18,130.62,1175.56,Bank Transfer,Store,2026,9,September,21,Monday,False,1175.56,587.78
TXN-0060889,2026-09-21,DXB-003,Dubai,CUST-04738,P014,Power Bank,Electronics,1,136.71,5,136.71,6.84,129.87,Card,Store,2026,9,September,21,Monday,False,129.87,129.87
TXN-0060933,2026-09-21,DXB-003,Dubai,CUST-01686,P007,Office Chair,Furniture,1,626.63,5,626.63,31.33,595.3,Card,Online,2026,9,September,21,Monday,False,595.3,595.3
TXN-0061182,2026-09-21,DXB-004,Dubai,CUST-06207,P002,Smartphone,Electronics,2,1679.57,20,3359.14,671.83,2687.31,Apple Pay,Store,2026,9,September,21,Monday,False,2687.31,1343.66
TXN-0061189,2026-09-21,DXB-004,Dubai,CUST-04159,P005,Keyboard,Accessories,2,176.59,10,353.18,35.32,317.86,Apple Pay,Store,2026,9,September,21,Monday,False,317.86,158.93
TXN-0061294,2026-09-21,DXB-003,Dubai,CUST-03304,P001,Laptop,Electronics,1,2776.46,5,2776.46,138.82,2637.64,Cash,Store,2026,9,September,21,Monday,False,2637.64,2637.64
TXN-0061337,2026-09-21,DXB-004,Dubai,CUST-03575,P013,USB Drive,Accessories,1,43.1,5,43.1,2.15,40.95,Apple Pay,Store,2026,9,September,21,Monday,False,40.95,40.95
TXN-0061343,2026-09-21,DXB-005,Dubai,CUST-04807,P001,Laptop,Electronics,2,2681.71,0,5363.42,0.0,5363.42,Cash,Store,2026,9,September,21,Monday,False,5363.42,2681.71
TXN-0061596,2026-09-21,DXB-004,Dubai,CUST-03204,P003,Headphones,Electronics,1,345.37,20,345.37,69.07,276.3,Card,Store,2026,9,September,21,Monday,False,276.3,276.3
TXN-0061599,2026-09-21,DXB-002,Dubai,CUST-00507,P012,Pen Pack,Stationery,3,15.44,15,46.32,6.95,39.37,Card,Store,2026,9,September,21,Monday,False,39.37,13.12
TXN-0061618,2026-09-21,DXB-003,Dubai,CUST-03879,P002,Smartphone,Electronics,2,1624.42,20,3248.84,649.77,2599.07,Card,Store,2026,9,September,21,Monday,False,2599.07,1299.54
TXN-0061630,2026-09-21,DXB-004,Dubai,CUST-03355,P008,Desk,Furniture,2,808.99,5,1617.98,80.9,1537.08,Card,Store,2026,9,September,21,Monday,False,1537.08,768.54
TXN-0061690,2026-09-21,DXB-002,Dubai,CUST-05772,P004,Monitor,Electronics,1,976.83,0,976.83,0.0,976.83,Card,Store,2026,9,September,21,Monday,False,976.83,976.83
TXN-0061857,2026-09-21,DXB-002,Dubai,CUST-07850,P013,USB Drive,Accessories,3,41.07,0,123.21,0.0,123.21,Apple Pay,Online,2026,9,September,21,Monday,False,123.21,41.07
TXN-0061877,2026-09-21,DXB-002,Dubai,CUST-02564,P011,Notebook,Stationery,1,24.19,0,24.19,0.0,24.19,Card,Store,2026,9,September,21,Monday,False,24.19,24.19
TXN-0062022,2026-09-21,DXB-001,Dubai,CUST-05696,P014,Power Bank,Electronics,1,150.95,5,150.95,7.55,143.4,Apple Pay,Store,2026,9,September,21,Monday,False,143.4,143.4
TXN-0062035,2026-09-21,DXB-004,Dubai,CUST-02120,P003,Headphones,Electronics,1,372.67,5,372.67,18.63,354.04,Card,Store,2026,9,September,21,Monday,False,354.04,354.04
TXN-0062041,2026-09-21,DXB-002,Dubai,CUST-00718,P009,Backpack,Accessories,2,223.82,0,447.64,0.0,447.64,Card,Store,2026,9,September,21,Monday,False,447.64,223.82
TXN-0062227,2026-09-21,DXB-003,Dubai,CUST-05854,P012,Pen Pack,Stationery,1,15.23,10,15.23,1.52,13.71,Card,Store,2026,9,September,21,Monday,False,13.71,13.71
TXN-0062285,2026-09-21,DXB-001,Dubai,CUST-00905,P010,Printer,Office,1,699.3,10,699.3,69.93,629.37,Card,Online,2026,9,September,21,Monday,False,629.37,629.37
TXN-0062345,2026-09-21,DXB-004,Dubai,CUST-06813,P015,Tablet,Electronics,5,1128.33,0,5641.65,0.0,5641.65,Apple Pay,Online,2026,9,September,21,Monday,False,5641.65,1128.33
TXN-0062422,2026-09-21,DXB-004,Dubai,CUST-05799,P010,Printer,Office,1,693.05,0,693.05,0.0,693.05,Cash,Store,2026,9,September,21,Monday,False,693.05,693.05
TXN-0062536,2026-09-21,DXB-005,Dubai,CUST-06087,P001,Laptop,Electronics,3,2886.8,10,8660.4,866.04,7794.36,Card,Store,2026,9,September,21,Monday,False,7794.36,2598.12
TXN-0062546,2026-09-21,DXB-003,Dubai,CUST-00785,P002,Smartphone,Electronics,2,1855.7,15,3711.4,556.71,3154.69,Apple Pay,Store,2026,9,September,21,Monday,False,3154.69,1577.34
TXN-0062663,2026-09-21,DXB-005,Dubai,CUST-04748,P001,Laptop,Electronics,4,2750.01,0,11000.04,0.0,11000.04,Apple Pay,Store,2026,9,September,21,Monday,False,11000.04,2750.01
TXN-0062754,2026-09-21,DXB-004,Dubai,CUST-00930,P011,Notebook,Stationery,1,24.48,0,24.48,0.0,24.48,Card,Store,2026,9,September,21,Monday,False,24.48,24.48
TXN-0062831,2026-09-21,DXB-004,Dubai,CUST-07440,P003,Headphones,Electronics,3,341.65,0,1024.95,0.0,1024.95,Card,Online,2026,9,September,21,Monday,False,1024.95,341.65
TXN-0062884,2026-09-21,DXB-005,Dubai,CUST-06369,P005,Keyboard,Accessories,1,179.29,10,179.29,17.93,161.36,Bank Transfer,Store,2026,9,September,21,Monday,False,161.36,161.36
TXN-0062914,2026-09-21,DXB-001,Dubai,CUST-02265,P010,Printer,Office,6,690.26,5,4141.56,207.08,3934.48,Card,Store,2026,9,September,21,Monday,False,3934.48,655.75
TXN-0062936,2026-09-21,DXB-004,Dubai,CUST-02653,P004,Monitor,Electronics,3,876.91,0,2630.73,0.0,2630.73,Card,Store,2026,9,September,21,Monday,False,2630.73,876.91
TXN-0062947,2026-09-21,DXB-004,Dubai,CUST-02747,P003,Headphones,Electronics,3,339.46,15,1018.38,152.76,865.62,Apple Pay,Online,2026,9,September,21,Monday,False,865.62,288.54
TXN-0062983,2026-09-21,DXB-005,Dubai,CUST-05507,P008,Desk,Furniture,6,732.7,20,4396.2,879.24,3516.96,Card,Store,2026,9,September,21,Monday,False,3516.96,586.16
TXN-0063088,2026-09-21,DXB-005,Dubai,CUST-04217,P012,Pen Pack,Stationery,1,14.43,5,14.43,0.72,13.71,Apple Pay,Online,2026,9,September,21,Monday,False,13.71,13.71
TXN-0063123,2026-09-21,DXB-003,Dubai,CUST-07075,P014,Power Bank,Electronics,1,153.57,15,153.57,23.04,130.53,Card,Store,2026,9,September,21,Monday,False,130.53,130.53
TXN-0063140,2026-09-21,DXB-004,Dubai,CUST-06629,P001,Laptop,Electronics,1,2859.64,5,2859.64,142.98,2716.66,Card,Store,2026,9,September,21,Monday,False,2716.66,2716.66
TXN-0063157,2026-09-21,DXB-001,Dubai,CUST-03095,P004,Monitor,Electronics,3,960.75,5,2882.25,144.11,2738.14,Card,Store,2026,9,September,21,Monday,False,2738.14,912.71
TXN-0063158,2026-09-21,DXB-005,Dubai,CUST-06926,P005,Keyboard,Accessories,1,172.91,10,172.91,17.29,155.62,Cash,Store,2026,9,September,21,Monday,False,155.62,155.62
TXN-0063187,2026-09-21,DXB-004,Dubai,CUST-00366,P014,Power Bank,Electronics,2,146.73,10,293.46,29.35,264.11,Apple Pay,Store,2026,9,September,21,Monday,False,264.11,132.06
TXN-0063227,2026-09-21,DXB-004,Dubai,CUST-01834,P004,Monitor,Electronics,2,882.02,10,1764.04,176.4,1587.64,Card,Store,2026,9,September,21,Monday,False,1587.64,793.82
TXN-0063276,2026-09-21,DXB-002,Dubai,CUST-01279,P007,Office Chair,Furniture,1,650.81,0,650.81,0.0,650.81,Card,Store,2026,9,September,21,Monday,False,650.81,650.81
TXN-0063281,2026-09-21,DXB-001,Dubai,CUST-00998,P006,Mouse,Accessories,2,98.86,0,197.72,0.0,197.72,Card,Online,2026,9,September,21,Monday,False,197.72,98.86
TXN-0063390,2026-09-21,DXB-001,Dubai,CUST-01326,P003,Headphones,Electronics,1,343.4,0,343.4,0.0,343.4,Card,Online,2026,9,September,21,Monday,False,343.4,343.4
TXN-0063465,2026-09-21,DXB-002,Dubai,CUST-05863,P007,Office Chair,Furniture,3,656.35,0,1969.05,0.0,1969.05,Bank Transfer,Store,2026,9,September,21,Monday,False,1969.05,656.35
TXN-0063614,2026-09-21,DXB-001,Dubai,CUST-02130,P010,Printer,Office,1,643.97,0,643.97,0.0,643.97,Apple Pay,Online,2026,9,September,21,Monday,False,643.97,643.97
TXN-0063658,2026-09-21,DXB-003,Dubai,CUST-02899,P014,Power Bank,Electronics,2,158.26,5,316.52,15.83,300.69,Apple Pay,Online,2026,9,September,21,Monday,False,300.69,150.34
TXN-0063729,2026-09-21,DXB-005,Dubai,CUST-05704,P004,Monitor,Electronics,1,918.28,0,918.28,0.0,918.28,Bank Transfer,Store,2026,9,September,21,Monday,False,918.28,918.28
TXN-0063805,2026-09-21,DXB-003,Dubai,CUST-01322,P002,Smartphone,Electronics,1,1759.59,0,1759.59,0.0,1759.59,Apple Pay,Store,2026,9,September,21,Monday,False,1759.59,1759.59
TXN-0063811,2026-09-21,DXB-002,Dubai,CUST-00483,P010,Printer,Office,1,695.6,0,695.6,0.0,695.6,Card,Online,2026,9,September,21,Monday,False,695.6,695.6
TXN-0063813,2026-09-21,DXB-005,Dubai,CUST-01703,P002,Smartphone,Electronics,3,1798.01,15,5394.03,809.1,4584.93,Apple Pay,Store,2026,9,September,21,Monday,False,4584.93,1528.31
TXN-0063846,2026-09-21,DXB-004,Dubai,CUST-03045,P004,Monitor,Electronics,4,922.7,5,3690.8,184.54,3506.26,Card,Online,2026,9,September,21,Monday,False,3506.26,876.56
TXN-0063893,2026-09-21,DXB-004,Dubai,CUST-07472,P008,Desk,Furniture,1,747.43,15,747.43,112.11,635.32,Apple Pay,Store,2026,9,September,21,Monday,False,635.32,635.32
TXN-0063900,2026-09-21,DXB-002,Dubai,CUST-02890,P007,Office Chair,Furniture,1,681.4,0,681.4,0.0,681.4,Bank Transfer,Online,2026,9,September,21,Monday,False,681.4,681.4
TXN-0063953,2026-09-21,DXB-002,Dubai,CUST-03871,P001,Laptop,Electronics,3,2782.93,5,8348.79,417.44,7931.35,Card,Online,2026,9,September,21,Monday,False,7931.35,2643.78
TXN-0063994,2026-09-21,DXB-001,Dubai,CUST-04886,P009,Backpack,Accessories,1,236.79,0,236.79,0.0,236.79,Apple Pay,Online,2026,9,September,21,Monday,False,236.79,236.79
TXN-0064039,2026-09-21,DXB-001,Dubai,CUST-02920,P003,Headphones,Electronics,1,357.72,10,357.72,35.77,321.95,Card,Store,2026,9,September,21,Monday,False,321.95,321.95
TXN-0064046,2026-09-21,DXB-004,Dubai,CUST-06635,P004,Monitor,Electronics,1,879.02,5,879.02,43.95,835.07,Cash,Store,2026,9,September,21,Monday,False,835.07,835.07
TXN-0064053,2026-09-21,DXB-003,Dubai,CUST-06703,P009,Backpack,Accessories,3,229.79,15,689.37,103.41,585.96,Card,Store,2026,9,September,21,Monday,False,585.96,195.32
TXN-0064083,2026-09-21,DXB-003,Dubai,CUST-05928,P004,Monitor,Electronics,3,923.95,0,2771.85,0.0,2771.85,Apple Pay,Online,2026,9,September,21,Monday,False,2771.85,923.95
TXN-0064102,2026-09-21,DXB-004,Dubai,CUST-00913,P014,Power Bank,Electronics,1,158.84,0,158.84,0.0,158.84,Card,Store,2026,9,September,21,Monday,False,158.84,158.84
TXN-0064119,2026-09-21,DXB-004,Dubai,CUST-02549,P006,Mouse,Accessories,1,103.38,15,103.38,15.51,87.87,Card,Store,2026,9,September,21,Monday,False,87.87,87.87
TXN-0064135,2026-09-21,DXB-004,Dubai,CUST-01363,P004,Monitor,Electronics,1,895.67,15,895.67,134.35,761.32,Card,Store,2026,9,September,21,Monday,False,761.32,761.32
TXN-0064186,2026-09-21,DXB-002,Dubai,CUST-03693,P006,Mouse,Accessories,1,99.02,0,99.02,0.0,99.02,Apple Pay,Store,2026,9,September,21,Monday,False,99.02,99.02
TXN-0064201,2026-09-21,DXB-004,Dubai,CUST-03194,P003,Headphones,Electronics,1,386.95,0,386.95,0.0,386.95,Cash,Store,2026,9,September,21,Monday,False,386.95,386.95
TXN-0064236,2026-09-21,DXB-005,Dubai,CUST-02782,P007,Office Chair,Furniture,1,736.55,15,736.55,110.48,626.07,Card,Store,2026,9,September,21,Monday,False,626.07,626.07
TXN-0064252,2026-09-21,DXB-002,Dubai,CUST-01507,P015,Tablet,Electronics,1,1302.65,5,1302.65,65.13,1237.52,Card,Store,2026,9,September,21,Monday,False,1237.52,1237.52
TXN-0064257,2026-09-21,DXB-001,Dubai,CUST-05067,P014,Power Bank,Electronics,3,144.37,5,433.11,21.66,411.45,Apple Pay,Store,2026,9,September,21,Monday,False,411.45,137.15
TXN-0064476,2026-09-21,DXB-001,Dubai,CUST-00224,P014,Power Bank,Electronics,2,147.11,10,294.22,29.42,264.8,Bank Transfer,Online,2026,9,September,21,Monday,False,264.8,132.4
TXN-0064489,2026-09-21,DXB-002,Dubai,CUST-00764,P015,Tablet,Electronics,1,1206.13,15,1206.13,180.92,1025.21,Card,Online,2026,9,September,21,Monday,False,1025.21,1025.21
TXN-0064492,2026-09-21,DXB-001,Dubai,CUST-00368,P001,Laptop,Electronics,2,2902.09,0,5804.18,0.0,5804.18,Card,Store,2026,9,September,21,Monday,False,5804.18,2902.09
TXN-0064563,2026-09-21,DXB-005,Dubai,CUST-07124,P006,Mouse,Accessories,1,90.04,20,90.04,18.01,72.03,Card,Store,2026,9,September,21,Monday,False,72.03,72.03
TXN-0064652,2026-09-21,DXB-005,Dubai,CUST-07255,P004,Monitor,Electronics,1,908.53,15,908.53,136.28,772.25,Card,Store,2026,9,September,21,Monday,False,772.25,772.25
TXN-0064688,2026-09-21,DXB-003,Dubai,CUST-04597,P012,Pen Pack,Stationery,2,14.31,15,28.62,4.29,24.33,Card,Store,2026,9,September,21,Monday,False,24.33,12.16
TXN-0064779,2026-09-21,DXB-005,Dubai,CUST-07373,P001,Laptop,Electronics,1,2994.0,15,2994.0,449.1,2544.9,Apple Pay,Store,2026,9,September,21,Monday,False,2544.9,2544.9
TXN-0064806,2026-09-21,DXB-004,Dubai,CUST-02764,P015,Tablet,Electronics,4,1158.2,0,4632.8,0.0,4632.8,Apple Pay,Store,2026,9,September,21,Monday,False,4632.8,1158.2
TXN-0064812,2026-09-21,DXB-002,Dubai,CUST-04478,P010,Printer,Office,1,675.58,10,675.58,67.56,608.02,Card,Online,2026,9,September,21,Monday,False,608.02,608.02
TXN-0064822,2026-09-21,DXB-005,Dubai,CUST-00570,P010,Printer,Office,2,750.67,5,1501.34,75.07,1426.27,Card,Store,2026,9,September,21,Monday,False,1426.27,713.14
TXN-0064897,2026-09-21,DXB-001,Dubai,CUST-06834,P001,Laptop,Electronics,1,2809.14,10,2809.14,280.91,2528.23,Card,Online,2026,9,September,21,Monday,False,2528.23,2528.23
TXN-0064946,2026-09-21,DXB-002,Dubai,CUST-00859,P009,Backpack,Accessories,3,199.05,0,597.15,0.0,597.15,Card,Store,2026,9,September,21,Monday,False,597.15,199.05
TXN-0064995,2026-09-21,DXB-001,Dubai,CUST-07236,P001,Laptop,Electronics,2,2947.52,0,5895.04,0.0,5895.04,Cash,Store,2026,9,September,21,Monday,False,5895.04,2947.52
TXN-0065036,2026-09-21,DXB-002,Dubai,CUST-00727,P003,Headphones,Electronics,4,354.81,0,1419.24,0.0,1419.24,Cash,Online,2026,9,September,21,Monday,False,1419.24,354.81
TXN-0065040,2026-09-21,DXB-005,Dubai,CUST-01484,P013,USB Drive,Accessories,1,43.45,10,43.45,4.34,39.11,Card,Online,2026,9,September,21,Monday,False,39.11,39.11
TXN-0065099,2026-09-21,DXB-002,Dubai,CUST-00886,P012,Pen Pack,Stationery,1,14.18,0,14.18,0.0,14.18,Cash,Store,2026,9,September,21,Monday,False,14.18,14.18
TXN-0065103,2026-09-21,DXB-003,Dubai,CUST-07929,P001,Laptop,Electronics,1,2792.38,0,2792.38,0.0,2792.38,Cash,Online,2026,9,September,21,Monday,False,2792.38,2792.38
TXN-0065148,2026-09-21,DXB-005,Dubai,CUST-07729,P002,Smartphone,Electronics,2,1799.57,5,3599.14,179.96,3419.18,Card,Store,2026,9,September,21,Monday,False,3419.18,1709.59
TXN-0065166,2026-09-21,DXB-004,Dubai,CUST-04272,P011,Notebook,Stationery,1,25.8,10,25.8,2.58,23.22,Cash,Store,2026,9,September,21,Monday,False,23.22,23.22
TXN-0065179,2026-09-21,DXB-001,Dubai,CUST-07577,P001,Laptop,Electronics,2,2853.65,5,5707.3,285.36,5421.94,Card,Store,2026,9,September,21,Monday,False,5421.94,2710.97
TXN-0065211,2026-09-21,DXB-002,Dubai,CUST-01559,P008,Desk,Furniture,3,802.48,5,2407.44,120.37,2287.07,Bank Transfer,Online,2026,9,September,21,Monday,False,2287.07,762.36
TXN-0065250,2026-09-21,DXB-004,Dubai,CUST-01816,P009,Backpack,Accessories,1,219.85,15,219.85,32.98,186.87,Apple Pay,Store,2026,9,September,21,Monday,False,186.87,186.87
TXN-0065292,2026-09-21,DXB-001,Dubai,CUST-03916,P013,USB Drive,Accessories,1,42.63,5,42.63,2.13,40.5,Apple Pay,Store,2026,9,September,21,Monday,False,40.5,40.5
TXN-0065363,2026-09-21,DXB-005,Dubai,CUST-01475,P014,Power Bank,Electronics,6,143.39,5,860.34,43.02,817.32,Bank Transfer,Store,2026,9,September,21,Monday,False,817.32,136.22
TXN-0065409,2026-09-21,DXB-001,Dubai,CUST-04479,P015,Tablet,Electronics,1,1185.29,0,1185.29,0.0,1185.29,Cash,Online,2026,9,September,21,Monday,False,1185.29,1185.29
TXN-0065440,2026-09-21,DXB-001,Dubai,CUST-07996,P014,Power Bank,Electronics,2,143.28,5,286.56,14.33,272.23,Card,Online,2026,9,September,21,Monday,False,272.23,136.12
TXN-0065499,2026-09-21,DXB-005,Dubai,CUST-05523,P008,Desk,Furniture,2,782.76,0,1565.52,0.0,1565.52,Card,Store,2026,9,September,21,Monday,False,1565.52,782.76
TXN-0065538,2026-09-21,DXB-005,Dubai,CUST-01387,P004,Monitor,Electronics,2,983.59,15,1967.18,295.08,1672.1,Card,Store,2026,9,September,21,Monday,False,1672.1,836.05
TXN-0065613,2026-09-21,DXB-003,Dubai,CUST-02925,P015,Tablet,Electronics,1,1104.06,5,1104.06,55.2,1048.86,Apple Pay,Store,2026,9,September,21,Monday,False,1048.86,1048.86
TXN-0065664,2026-09-21,DXB-002,Dubai,CUST-06757,P012,Pen Pack,Stationery,2,14.49,15,28.98,4.35,24.63,Card,Store,2026,9,September,21,Monday,False,24.63,12.32
TXN-0065687,2026-09-21,DXB-005,Dubai,CUST-05448,P005,Keyboard,Accessories,4,178.92,5,715.68,35.78,679.9,Card,Store,2026,9,September,21,Monday,False,679.9,169.98
TXN-0065894,2026-09-21,DXB-003,Dubai,CUST-03213,P007,Office Chair,Furniture,2,680.71,5,1361.42,68.07,1293.35,Cash,Store,2026,9,September,21,Monday,False,1293.35,646.67
TXN-0065971,2026-09-21,DXB-002,Dubai,CUST-04899,P013,USB Drive,Accessories,4,46.66,5,186.64,9.33,177.31,Card,Store,2026,9,September,21,Monday,False,177.31,44.33
TXN-0066001,2026-09-21,DXB-001,Dubai,CUST-04219,P008,Desk,Furniture,3,798.95,15,2396.85,359.53,2037.32,Card,Online,2026,9,September,21,Monday,False,2037.32,679.11
TXN-0066120,2026-09-21,DXB-001,Dubai,CUST-04774,P013,USB Drive,Accessories,2,39.81,5,79.62,3.98,75.64,Card,Online,2026,9,September,21,Monday,False,75.64,37.82
TXN-0066169,2026-09-21,DXB-002,Dubai,CUST-01742,P010,Printer,Office,1,707.76,10,707.76,70.78,636.98,Card,Store,2026,9,September,21,Monday,False,636.98,636.98
TXN-0066178,2026-09-21,DXB-004,Dubai,CUST-07918,P008,Desk,Furniture,1,733.38,10,733.38,73.34,660.04,Cash,Store,2026,9,September,21,Monday,False,660.04,660.04
TXN-0066195,2026-09-21,DXB-004,Dubai,CUST-05242,P014,Power Bank,Electronics,2,137.72,0,275.44,0.0,275.44,Card,Store,2026,9,September,21,Monday,False,275.44,137.72
TXN-0066222,2026-09-21,DXB-002,Dubai,CUST-06103,P002,Smartphone,Electronics,1,1790.12,5,1790.12,89.51,1700.61,Cash,Store,2026,9,September,21,Monday,False,1700.61,1700.61
TXN-0066376,2026-09-21,DXB-005,Dubai,CUST-03955,P015,Tablet,Electronics,3,1340.01,5,4020.03,201.0,3819.03,Cash,Store,2026,9,September,21,Monday,False,3819.03,1273.01
TXN-0066409,2026-09-21,DXB-004,Dubai,CUST-01481,P001,Laptop,Electronics,1,2557.0,0,2557.0,0.0,2557.0,Bank Transfer,Store,2026,9,September,21,Monday,False,2557.0,2557.0
TXN-0066500,2026-09-21,DXB-004,Dubai,CUST-05916,P014,Power Bank,Electronics,1,152.65,5,152.65,7.63,145.02,Card,Store,2026,9,September,21,Monday,False,145.02,145.02
TXN-0066577,2026-09-21,DXB-002,Dubai,CUST-05068,P005,Keyboard,Accessories,2,190.37,10,380.74,38.07,342.67,Card,Store,2026,9,September,21,Monday,False,342.67,171.34
TXN-0066602,2026-09-21,DXB-001,Dubai,CUST-01852,P008,Desk,Furniture,3,886.01,0,2658.03,0.0,2658.03,Cash,Store,2026,9,September,21,Monday,False,2658.03,886.01
TXN-0066621,2026-09-21,DXB-001,Dubai,CUST-06578,P007,Office Chair,Furniture,2,701.24,10,1402.48,140.25,1262.23,Apple Pay,Store,2026,9,September,21,Monday,False,1262.23,631.12
TXN-0066625,2026-09-21,DXB-001,Dubai,CUST-03344,P003,Headphones,Electronics,3,368.59,5,1105.77,55.29,1050.48,Card,Online,2026,9,September,21,Monday,False,1050.48,350.16
TXN-0066642,2026-09-21,DXB-003,Dubai,CUST-06012,P015,Tablet,Electronics,1,1255.17,10,1255.17,125.52,1129.65,Card,Store,2026,9,September,21,Monday,False,1129.65,1129.65
TXN-0066645,2026-09-21,DXB-004,Dubai,CUST-00540,P007,Office Chair,Furniture,3,600.2,0,1800.6,0.0,1800.6,Apple Pay,Store,2026,9,September,21,Monday,False,1800.6,600.2
TXN-0066671,2026-09-21,DXB-001,Dubai,CUST-04965,P001,Laptop,Electronics,6,2683.97,0,16103.82,0.0,16103.82,Bank Transfer,Online,2026,9,September,21,Monday,False,16103.82,2683.97
TXN-0066674,2026-09-21,DXB-001,Dubai,CUST-06793,P005,Keyboard,Accessories,1,184.23,10,184.23,18.42,165.81,Card,Online,2026,9,September,21,Monday,False,165.81,165.81
TXN-0066712,2026-09-21,DXB-001,Dubai,CUST-03106,P002,Smartphone,Electronics,2,1746.0,0,3492.0,0.0,3492.0,Apple Pay,Store,2026,9,September,21,Monday,False,3492.0,1746.0
TXN-0066716,2026-09-21,DXB-001,Dubai,CUST-05971,P006,Mouse,Accessories,1,101.57,5,101.57,5.08,96.49,Card,Store,2026,9,September,21,Monday,False,96.49,96.49
TXN-0066776,2026-09-21,DXB-005,Dubai,CUST-07353,P003,Headphones,Electronics,1,371.29,0,371.29,0.0,371.29,Card,Online,2026,9,September,21,Monday,False,371.29,371.29
TXN-0066805,2026-09-21,DXB-005,Dubai,CUST-02240,P015,Tablet,Electronics,1,1166.59,5,1166.59,58.33,1108.26,Apple Pay,Online,2026,9,September,21,Monday,False,1108.26,1108.26
TXN-0066848,2026-09-21,DXB-004,Dubai,CUST-07437,P011,Notebook,Stationery,3,25.66,10,76.98,7.7,69.28,Bank Transfer,Store,2026,9,September,21,Monday,False,69.28,23.09
TXN-0066874,2026-09-21,DXB-002,Dubai,CUST-01972,P005,Keyboard,Accessories,1,163.98,15,163.98,24.6,139.38,Card,Online,2026,9,September,21,Monday,False,139.38,139.38
TXN-0066911,2026-09-21,DXB-004,Dubai,CUST-01405,P002,Smartphone,Electronics,2,1845.99,15,3691.98,553.8,3138.18,Card,Store,2026,9,September,21,Monday,False,3138.18,1569.09
TXN-0066968,2026-09-21,DXB-002,Dubai,CUST-02731,P012,Pen Pack,Stationery,3,14.68,0,44.04,0.0,44.04,Card,Online,2026,9,September,21,Monday,False,44.04,14.68
TXN-0067082,2026-09-21,DXB-002,Dubai,CUST-04095,P006,Mouse,Accessories,1,92.3,0,92.3,0.0,92.3,Cash,Store,2026,9,September,21,Monday,False,92.3,92.3
TXN-0067100,2026-09-21,DXB-004,Dubai,CUST-04449,P015,Tablet,Electronics,2,996.6,5,1993.2,99.66,1893.54,Card,Store,2026,9,September,21,Monday,False,1893.54,946.77
TXN-0067227,2026-09-21,DXB-005,Dubai,CUST-00076,P013,USB Drive,Accessories,1,39.99,0,39.99,0.0,39.99,Bank Transfer,Store,2026,9,September,21,Monday,False,39.99,39.99
TXN-0067295,2026-09-21,DXB-001,Dubai,CUST-00445,P015,Tablet,Electronics,1,1260.99,0,1260.99,0.0,1260.99,Card,Store,2026,9,September,21,Monday,False,1260.99,1260.99
TXN-0067441,2026-09-21,DXB-002,Dubai,CUST-04334,P007,Office Chair,Furniture,3,691.88,0,2075.64,0.0,2075.64,Card,Online,2026,9,September,21,Monday,False,2075.64,691.88
TXN-0067488,2026-09-21,DXB-004,Dubai,CUST-05188,P010,Printer,Office,2,773.58,0,1547.16,0.0,1547.16,Card,Store,2026,9,September,21,Monday,False,1547.16,773.58
TXN-0067497,2026-09-21,DXB-003,Dubai,CUST-03603,P010,Printer,Office,1,664.8,0,664.8,0.0,664.8,Card,Store,2026,9,September,21,Monday,False,664.8,664.8
TXN-0067509,2026-09-21,DXB-005,Dubai,CUST-07723,P008,Desk,Furniture,1,786.43,10,786.43,78.64,707.79,Cash,Store,2026,9,September,21,Monday,False,707.79,707.79
TXN-0067533,2026-09-21,DXB-004,Dubai,CUST-07379,P015,Tablet,Electronics,1,1214.93,10,1214.93,121.49,1093.44,Apple Pay,Store,2026,9,September,21,Monday,False,1093.44,1093.44
TXN-0067665,2026-09-21,DXB-001,Dubai,CUST-01789,P010,Printer,Office,1,635.35,15,635.35,95.3,540.05,Card,Store,2026,9,September,21,Monday,False,540.05,540.05
TXN-0067685,2026-09-21,DXB-004,Dubai,CUST-06678,P009,Backpack,Accessories,4,232.11,0,928.44,0.0,928.44,Card,Store,2026,9,September,21,Monday,False,928.44,232.11
TXN-0067695,2026-09-21,DXB-001,Dubai,CUST-03384,P007,Office Chair,Furniture,6,738.48,20,4430.88,886.18,3544.7,Apple Pay,Store,2026,9,September,21,Monday,False,3544.7,590.78
TXN-0067701,2026-09-21,DXB-001,Dubai,CUST-01740,P012,Pen Pack,Stationery,1,15.95,5,15.95,0.8,15.15,Card,Store,2026,9,September,21,Monday,False,15.15,15.15
TXN-0067772,2026-09-21,DXB-004,Dubai,CUST-01474,P004,Monitor,Electronics,2,1020.23,5,2040.46,102.02,1938.44,Apple Pay,Store,2026,9,September,21,Monday,False,1938.44,969.22
TXN-0067777,2026-09-21,DXB-005,Dubai,CUST-06825,P012,Pen Pack,Stationery,2,14.29,0,28.58,0.0,28.58,Card,Online,2026,9,September,21,Monday,False,28.58,14.29
TXN-0067800,2026-09-21,DXB-003,Dubai,CUST-02613,P015,Tablet,Electronics,1,1207.71,10,1207.71,120.77,1086.94,Apple Pay,Online,2026,9,September,21,Monday,False,1086.94,1086.94
TXN-0067877,2026-09-21,DXB-003,Dubai,CUST-02296,P012,Pen Pack,Stationery,4,13.89,15,55.56,8.33,47.23,Apple Pay,Store,2026,9,September,21,Monday,False,47.23,11.81
TXN-0067913,2026-09-21,DXB-003,Dubai,CUST-03437,P013,USB Drive,Accessories,6,46.02,0,276.12,0.0,276.12,Bank Transfer,Store,2026,9,September,21,Monday,False,276.12,46.02
TXN-0067979,2026-09-21,DXB-001,Dubai,CUST-00402,P012,Pen Pack,Stationery,3,15.72,10,47.16,4.72,42.44,Card,Store,2026,9,September,21,Monday,False,42.44,14.15
TXN-0068097,2026-09-21,DXB-001,Dubai,CUST-00778,P001,Laptop,Electronics,1,2683.02,10,2683.02,268.3,2414.72,Bank Transfer,Store,2026,9,September,21,Monday,False,2414.72,2414.72
TXN-0068253,2026-09-21,DXB-002,Dubai,CUST-06676,P004,Monitor,Electronics,1,893.02,20,893.02,178.6,714.42,Card,Store,2026,9,September,21,Monday,False,714.42,714.42
TXN-0068365,2026-09-21,DXB-001,Dubai,CUST-06200,P006,Mouse,Accessories,1,97.31,5,97.31,4.87,92.44,Cash,Store,2026,9,September,21,Monday,False,92.44,92.44
TXN-0068392,2026-09-21,DXB-003,Dubai,CUST-03881,P011,Notebook,Stationery,4,26.52,10,106.08,10.61,95.47,Card,Store,2026,9,September,21,Monday,False,95.47,23.87
TXN-0068596,2026-09-21,DXB-001,Dubai,CUST-01067,P011,Notebook,Stationery,1,24.0,0,24.0,0.0,24.0,Card,Store,2026,9,September,21,Monday,False,24.0,24.0
TXN-0068643,2026-09-21,DXB-001,Dubai,CUST-02020,P005,Keyboard,Accessories,1,189.19,0,189.19,0.0,189.19,Card,Online,2026,9,September,21,Monday,False,189.19,189.19
TXN-0068675,2026-09-21,DXB-001,Dubai,CUST-00814,P002,Smartphone,Electronics,1,1929.52,20,1929.52,385.9,1543.62,Card,Store,2026,9,September,21,Monday,False,1543.62,1543.62
TXN-0068716,2026-09-21,DXB-002,Dubai,CUST-00781,P008,Desk,Furniture,1,808.78,10,808.78,80.88,727.9,Card,Store,2026,9,September,21,Monday,False,727.9,727.9
TXN-0068731,2026-09-21,DXB-001,Dubai,CUST-05601,P006,Mouse,Accessories,3,89.87,0,269.61,0.0,269.61,Bank Transfer,Store,2026,9,September,21,Monday,False,269.61,89.87
TXN-0068765,2026-09-21,DXB-003,Dubai,CUST-07066,P005,Keyboard,Accessories,1,191.06,5,191.06,9.55,181.51,Apple Pay,Online,2026,9,September,21,Monday,False,181.51,181.51
TXN-0068924,2026-09-21,DXB-002,Dubai,CUST-06926,P004,Monitor,Electronics,3,956.88,0,2870.64,0.0,2870.64,Card,Store,2026,9,September,21,Monday,False,2870.64,956.88
TXN-0068936,2026-09-21,DXB-005,Dubai,CUST-04855,P010,Printer,Office,2,647.87,0,1295.74,0.0,1295.74,Card,Online,2026,9,September,21,Monday,False,1295.74,647.87
TXN-0068938,2026-09-21,DXB-004,Dubai,CUST-07112,P014,Power Bank,Electronics,1,158.37,15,158.37,23.76,134.61,Cash,Online,2026,9,September,21,Monday,False,134.61,134.61
TXN-0069022,2026-09-21,DXB-001,Dubai,CUST-05214,P015,Tablet,Electronics,3,1081.25,0,3243.75,0.0,3243.75,Cash,Store,2026,9,September,21,Monday,False,3243.75,1081.25
TXN-0069028,2026-09-21,DXB-003,Dubai,CUST-04367,P006,Mouse,Accessories,3,99.78,5,299.34,14.97,284.37,Cash,Store,2026,9,September,21,Monday,False,284.37,94.79
TXN-0069044,2026-09-21,DXB-005,Dubai,CUST-04916,P004,Monitor,Electronics,6,939.41,15,5636.46,845.47,4790.99,Cash,Online,2026,9,September,21,Monday,False,4790.99,798.5
TXN-0069076,2026-09-21,DXB-002,Dubai,CUST-03811,P004,Monitor,Electronics,3,897.41,0,2692.23,0.0,2692.23,Apple Pay,Store,2026,9,September,21,Monday,False,2692.23,897.41
TXN-0069109,2026-09-21,DXB-002,Dubai,CUST-06370,P011,Notebook,Stationery,2,25.53,0,51.06,0.0,51.06,Apple Pay,Store,2026,9,September,21,Monday,False,51.06,25.53
TXN-0069204,2026-09-21,DXB-005,Dubai,CUST-06714,P010,Printer,Office,1,595.65,0,595.65,0.0,595.65,Card,Store,2026,9,September,21,Monday,False,595.65,595.65
TXN-0069278,2026-09-21,DXB-001,Dubai,CUST-02904,P006,Mouse,Accessories,1,106.04,5,106.04,5.3,100.74,Card,Store,2026,9,September,21,Monday,False,100.74,100.74
TXN-0069290,2026-09-21,DXB-001,Dubai,CUST-05113,P005,Keyboard,Accessories,5,170.46,0,852.3,0.0,852.3,Card,Online,2026,9,September,21,Monday,False,852.3,170.46
TXN-0069354,2026-09-21,DXB-004,Dubai,CUST-04153,P006,Mouse,Accessories,1,97.92,10,97.92,9.79,88.13,Card,Online,2026,9,September,21,Monday,False,88.13,88.13
TXN-0069424,2026-09-21,DXB-005,Dubai,CUST-04233,P006,Mouse,Accessories,5,100.69,5,503.45,25.17,478.28,Card,Online,2026,9,September,21,Monday,False,478.28,95.66
TXN-0069586,2026-09-21,DXB-001,Dubai,CUST-04442,P002,Smartphone,Electronics,1,1732.16,10,1732.16,173.22,1558.94,Bank Transfer,Store,2026,9,September,21,Monday,False,1558.94,1558.94
TXN-0069599,2026-09-21,DXB-001,Dubai,CUST-04297,P015,Tablet,Electronics,2,1287.35,10,2574.7,257.47,2317.23,Card,Store,2026,9,September,21,Monday,False,2317.23,1158.62
TXN-0069741,2026-09-21,DXB-001,Dubai,CUST-06023,P001,Laptop,Electronics,2,2658.28,0,5316.56,0.0,5316.56,Apple Pay,Store,2026,9,September,21,Monday,False,5316.56,2658.28
TXN-0069837,2026-09-21,DXB-001,Dubai,CUST-05659,P003,Headphones,Electronics,4,377.61,0,1510.44,0.0,1510.44,Card,Online,2026,9,September,21,Monday,False,1510.44,377.61
TXN-0069871,2026-09-21,DXB-004,Dubai,CUST-02966,P008,Desk,Furniture,1,810.12,0,810.12,0.0,810.12,Card,Store,2026,9,September,21,Monday,False,810.12,810.12
TXN-0069877,2026-09-21,DXB-001,Dubai,CUST-00293,P005,Keyboard,Accessories,1,207.18,5,207.18,10.36,196.82,Card,Store,2026,9,September,21,Monday,False,196.82,196.82
TXN-0069966,2026-09-21,DXB-004,Dubai,CUST-03632,P008,Desk,Furniture,1,742.72,0,742.72,0.0,742.72,Card,Store,2026,9,September,21,Monday,False,742.72,742.72
TXN-0070014,2026-09-21,DXB-004,Dubai,CUST-01531,P001,Laptop,Electronics,4,2847.48,10,11389.92,1138.99,10250.93,Apple Pay,Store,2026,9,September,21,Monday,False,10250.93,2562.73
TXN-0070067,2026-09-21,DXB-003,Dubai,CUST-03101,P006,Mouse,Accessories,1,93.74,0,93.74,0.0,93.74,Card,Online,2026,9,September,21,Monday,False,93.74,93.74
TXN-0070092,2026-09-21,DXB-004,Dubai,CUST-02522,P004,Monitor,Electronics,3,901.04,10,2703.12,270.31,2432.81,Bank Transfer,Store,2026,9,September,21,Monday,False,2432.81,810.94
TXN-0070128,2026-09-21,DXB-001,Dubai,CUST-06721,P015,Tablet,Electronics,2,1286.04,5,2572.08,128.6,2443.48,Apple Pay,Online,2026,9,September,21,Monday,False,2443.48,1221.74
TXN-0070135,2026-09-21,DXB-002,Dubai,CUST-00276,P007,Office Chair,Furniture,3,703.48,5,2110.44,105.52,2004.92,Apple Pay,Online,2026,9,September,21,Monday,False,2004.92,668.31
TXN-0070369,2026-09-21,DXB-005,Dubai,CUST-00837,P015,Tablet,Electronics,1,1175.72,10,1175.72,117.57,1058.15,Card,Store,2026,9,September,21,Monday,False,1058.15,1058.15
TXN-0070464,2026-09-21,DXB-002,Dubai,CUST-07665,P010,Printer,Office,2,750.07,0,1500.14,0.0,1500.14,Card,Store,2026,9,September,21,Monday,False,1500.14,750.07
TXN-0070479,2026-09-21,DXB-001,Dubai,CUST-00724,P008,Desk,Furniture,1,746.35,0,746.35,0.0,746.35,Card,Store,2026,9,September,21,Monday,False,746.35,746.35
TXN-0070491,2026-09-21,DXB-001,Dubai,CUST-01740,P008,Desk,Furniture,2,845.44,20,1690.88,338.18,1352.7,Bank Transfer,Store,2026,9,September,21,Monday,False,1352.7,676.35
TXN-0070576,2026-09-21,DXB-005,Dubai,CUST-05354,P015,Tablet,Electronics,1,1221.56,20,1221.56,244.31,977.25,Apple Pay,Store,2026,9,September,21,Monday,False,977.25,977.25
TXN-0070643,2026-09-21,DXB-001,Dubai,CUST-06905,P010,Printer,Office,2,665.47,5,1330.94,66.55,1264.39,Cash,Store,2026,9,September,21,Monday,False,1264.39,632.2
TXN-0070655,2026-09-21,DXB-002,Dubai,CUST-06724,P006,Mouse,Accessories,1,95.94,0,95.94,0.0,95.94,Card,Store,2026,9,September,21,Monday,False,95.94,95.94
TXN-0070665,2026-09-21,DXB-005,Dubai,CUST-01296,P006,Mouse,Accessories,2,99.53,10,199.06,19.91,179.15,Apple Pay,Online,2026,9,September,21,Monday,False,179.15,89.58
TXN-0070708,2026-09-21,DXB-004,Dubai,CUST-07757,P001,Laptop,Electronics,1,2906.62,5,2906.62,145.33,2761.29,Card,Store,2026,9,September,21,Monday,False,2761.29,2761.29
TXN-0070768,2026-09-21,DXB-002,Dubai,CUST-00369,P011,Notebook,Stationery,2,25.1,10,50.2,5.02,45.18,Apple Pay,Store,2026,9,September,21,Monday,False,45.18,22.59
TXN-0070857,2026-09-21,DXB-005,Dubai,CUST-01421,P003,Headphones,Electronics,1,388.8,5,388.8,19.44,369.36,Card,Online,2026,9,September,21,Monday,False,369.36,369.36
TXN-0070962,2026-09-21,DXB-001,Dubai,CUST-02396,P004,Monitor,Electronics,1,865.7,15,865.7,129.85,735.85,Card,Store,2026,9,September,21,Monday,False,735.85,735.85
TXN-0071041,2026-09-21,DXB-005,Dubai,CUST-00392,P003,Headphones,Electronics,2,362.57,10,725.14,72.51,652.63,Card,Store,2026,9,September,21,Monday,False,652.63,326.32
TXN-0071062,2026-09-21,DXB-001,Dubai,CUST-07571,P013,USB Drive,Accessories,1,43.77,10,43.77,4.38,39.39,Card,Store,2026,9,September,21,Monday,False,39.39,39.39
TXN-0071120,2026-09-21,DXB-003,Dubai,CUST-00820,P011,Notebook,Stationery,1,26.95,5,26.95,1.35,25.6,Card,Store,2026,9,September,21,Monday,False,25.6,25.6
TXN-0071133,2026-09-21,DXB-004,Dubai,CUST-07457,P002,Smartphone,Electronics,1,1711.81,20,1711.81,342.36,1369.45,Bank Transfer,Online,2026,9,September,21,Monday,False,1369.45,1369.45
TXN-0071172,2026-09-21,DXB-001,Dubai,CUST-03519,P007,Office Chair,Furniture,1,696.6,5,696.6,34.83,661.77,Card,Store,2026,9,September,21,Monday,False,661.77,661.77
TXN-0071178,2026-09-21,DXB-001,Dubai,CUST-07039,P004,Monitor,Electronics,2,772.11,0,1544.22,0.0,1544.22,Cash,Store,2026,9,September,21,Monday,False,1544.22,772.11
TXN-0071196,2026-09-21,DXB-004,Dubai,CUST-06482,P009,Backpack,Accessories,4,201.68,5,806.72,40.34,766.38,Card,Store,2026,9,September,21,Monday,False,766.38,191.6
TXN-0071255,2026-09-21,DXB-002,Dubai,CUST-00249,P004,Monitor,Electronics,1,866.03,10,866.03,86.6,779.43,Bank Transfer,Store,2026,9,September,21,Monday,False,779.43,779.43
TXN-0071270,2026-09-21,DXB-001,Dubai,CUST-04740,P008,Desk,Furniture,1,817.7,5,817.7,40.88,776.82,Card,Store,2026,9,September,21,Monday,False,776.82,776.82
TXN-0071311,2026-09-21,DXB-003,Dubai,CUST-01242,P008,Desk,Furniture,1,779.48,5,779.48,38.97,740.51,Card,Store,2026,9,September,21,Monday,False,740.51,740.51
TXN-0071329,2026-09-21,DXB-003,Dubai,CUST-01809,P007,Office Chair,Furniture,1,708.0,15,708.0,106.2,601.8,Card,Online,2026,9,September,21,Monday,False,601.8,601.8
TXN-0071392,2026-09-21,DXB-001,Dubai,CUST-00123,P006,Mouse,Accessories,1,103.61,5,103.61,5.18,98.43,Apple Pay,Online,2026,9,September,21,Monday,False,98.43,98.43
TXN-0071433,2026-09-21,DXB-003,Dubai,CUST-05616,P001,Laptop,Electronics,1,3091.27,0,3091.27,0.0,3091.27,Card,Online,2026,9,September,21,Monday,False,3091.27,3091.27
TXN-0071441,2026-09-21,DXB-002,Dubai,CUST-04200,P014,Power Bank,Electronics,1,161.25,10,161.25,16.12,145.13,Apple Pay,Store,2026,9,September,21,Monday,False,145.13,145.13
TXN-0071501,2026-09-21,DXB-002,Dubai,CUST-04167,P009,Backpack,Accessories,4,199.91,10,799.64,79.96,719.68,Apple Pay,Store,2026,9,September,21,Monday,False,719.68,179.92
TXN-0071612,2026-09-21,DXB-004,Dubai,CUST-07832,P011,Notebook,Stationery,1,28.17,0,28.17,0.0,28.17,Card,Store,2026,9,September,21,Monday,False,28.17,28.17
TXN-0071617,2026-09-21,DXB-002,Dubai,CUST-07993,P001,Laptop,Electronics,1,2788.47,5,2788.47,139.42,2649.05,Cash,Store,2026,9,September,21,Monday,False,2649.05,2649.05
TXN-0071641,2026-09-21,DXB-003,Dubai,CUST-02722,P009,Backpack,Accessories,5,214.44,10,1072.2,107.22,964.98,Cash,Store,2026,9,September,21,Monday,False,964.98,193.0
TXN-0071654,2026-09-21,DXB-005,Dubai,CUST-03256,P006,Mouse,Accessories,1,103.44,10,103.44,10.34,93.1,Card,Online,2026,9,September,21,Monday,False,93.1,93.1
TXN-0071793,2026-09-21,DXB-002,Dubai,CUST-01062,P008,Desk,Furniture,1,766.3,10,766.3,76.63,689.67,Card,Online,2026,9,September,21,Monday,False,689.67,689.67
TXN-0071860,2026-09-21,DXB-003,Dubai,CUST-05902,P013,USB Drive,Accessories,2,45.48,15,90.96,13.64,77.32,Card,Store,2026,9,September,21,Monday,False,77.32,38.66
TXN-0071890,2026-09-21,DXB-005,Dubai,CUST-03082,P011,Notebook,Stationery,1,23.63,5,23.63,1.18,22.45,Card,Online,2026,9,September,21,Monday,False,22.45,22.45
TXN-0071906,2026-09-21,DXB-001,Dubai,CUST-00940,P015,Tablet,Electronics,2,1100.87,5,2201.74,110.09,2091.65,Card,Store,2026,9,September,21,Monday,False,2091.65,1045.82
TXN-0071927,2026-09-21,DXB-003,Dubai,CUST-05755,P009,Backpack,Accessories,1,228.69,10,228.69,22.87,205.82,Cash,Store,2026,9,September,21,Monday,False,205.82,205.82
TXN-0071947,2026-09-21,DXB-003,Dubai,CUST-00132,P009,Backpack,Accessories,3,227.01,5,681.03,34.05,646.98,Cash,Store,2026,9,September,21,Monday,False,646.98,215.66
TXN-0071957,2026-09-21,DXB-003,Dubai,CUST-04724,P001,Laptop,Electronics,2,2972.63,0,5945.26,0.0,5945.26,Card,Online,2026,9,September,21,Monday,False,5945.26,2972.63
TXN-0071998,2026-09-21,DXB-001,Dubai,CUST-02285,P006,Mouse,Accessories,2,97.47,10,194.94,19.49,175.45,Apple Pay,Online,2026,9,September,21,Monday,False,175.45,87.72
TXN-0072017,2026-09-21,DXB-003,Dubai,CUST-03898,P004,Monitor,Electronics,2,801.55,5,1603.1,80.16,1522.94,Card,Store,2026,9,September,21,Monday,False,1522.94,761.47
TXN-0072127,2026-09-21,DXB-003,Dubai,CUST-03185,P010,Printer,Office,5,737.52,5,3687.6,184.38,3503.22,Apple Pay,Online,2026,9,September,21,Monday,False,3503.22,700.64
TXN-0072167,2026-09-21,DXB-001,Dubai,CUST-07265,P011,Notebook,Stationery,3,25.45,0,76.35,0.0,76.35,Apple Pay,Store,2026,9,September,21,Monday,False,76.35,25.45
TXN-0072267,2026-09-21,DXB-002,Dubai,CUST-04122,P014,Power Bank,Electronics,2,142.21,5,284.42,14.22,270.2,Card,Store,2026,9,September,21,Monday,False,270.2,135.1
TXN-0072283,2026-09-21,DXB-003,Dubai,CUST-00079,P013,USB Drive,Accessories,1,46.41,15,46.41,6.96,39.45,Card,Online,2026,9,September,21,Monday,False,39.45,39.45
TXN-0072330,2026-09-21,DXB-002,Dubai,CUST-07060,P008,Desk,Furniture,2,857.27,5,1714.54,85.73,1628.81,Cash,Store,2026,9,September,21,Monday,False,1628.81,814.4
TXN-0072377,2026-09-21,DXB-005,Dubai,CUST-02573,P004,Monitor,Electronics,4,890.65,0,3562.6,0.0,3562.6,Card,Store,2026,9,September,21,Monday,False,3562.6,890.65
TXN-0072394,2026-09-21,DXB-001,Dubai,CUST-07548,P015,Tablet,Electronics,2,1086.26,10,2172.52,217.25,1955.27,Card,Online,2026,9,September,21,Monday,False,1955.27,977.64
TXN-0072599,2026-09-21,DXB-001,Dubai,CUST-01821,P001,Laptop,Electronics,2,2798.51,0,5597.02,0.0,5597.02,Card,Store,2026,9,September,21,Monday,False,5597.02,2798.51
TXN-0072797,2026-09-21,DXB-005,Dubai,CUST-06657,P010,Printer,Office,3,673.94,5,2021.82,101.09,1920.73,Apple Pay,Online,2026,9,September,21,Monday,False,1920.73,640.24
TXN-0072840,2026-09-21,DXB-002,Dubai,CUST-05713,P005,Keyboard,Accessories,1,181.5,5,181.5,9.07,172.43,Cash,Online,2026,9,September,21,Monday,False,172.43,172.43
TXN-0072848,2026-09-21,DXB-004,Dubai,CUST-03238,P008,Desk,Furniture,1,792.86,0,792.86,0.0,792.86,Card,Online,2026,9,September,21,Monday,False,792.86,792.86
TXN-0072909,2026-09-21,DXB-004,Dubai,CUST-04953,P004,Monitor,Electronics,6,920.31,0,5521.86,0.0,5521.86,Card,Online,2026,9,September,21,Monday,False,5521.86,920.31
TXN-0072957,2026-09-21,DXB-003,Dubai,CUST-06415,P010,Printer,Office,1,693.43,0,693.43,0.0,693.43,Apple Pay,Online,2026,9,September,21,Monday,False,693.43,693.43
TXN-0073104,2026-09-21,DXB-003,Dubai,CUST-06080,P011,Notebook,Stationery,1,24.47,0,24.47,0.0,24.47,Card,Store,2026,9,September,21,Monday,False,24.47,24.47
TXN-0073196,2026-09-21,DXB-003,Dubai,CUST-03034,P006,Mouse,Accessories,3,95.61,5,286.83,14.34,272.49,Apple Pay,Store,2026,9,September,21,Monday,False,272.49,90.83
TXN-0073200,2026-09-21,DXB-004,Dubai,CUST-07425,P009,Backpack,Accessories,1,219.44,10,219.44,21.94,197.5,Bank Transfer,Online,2026,9,September,21,Monday,False,197.5,197.5
TXN-0073218,2026-09-21,DXB-001,Dubai,CUST-02756,P005,Keyboard,Accessories,1,183.65,5,183.65,9.18,174.47,Bank Transfer,Store,2026,9,September,21,Monday,False,174.47,174.47
TXN-0073227,2026-09-21,DXB-002,Dubai,CUST-07216,P015,Tablet,Electronics,1,1182.19,0,1182.19,0.0,1182.19,Bank Transfer,Store,2026,9,September,21,Monday,False,1182.19,1182.19
TXN-0073257,2026-09-21,DXB-002,Dubai,CUST-07333,P007,Office Chair,Furniture,3,677.25,10,2031.75,203.18,1828.57,Card,Store,2026,9,September,21,Monday,False,1828.57,609.52
TXN-0073304,2026-09-21,DXB-002,Dubai,CUST-00651,P006,Mouse,Accessories,1,90.77,15,90.77,13.62,77.15,Bank Transfer,Online,2026,9,September,21,Monday,False,77.15,77.15
TXN-0073372,2026-09-21,DXB-005,Dubai,CUST-04048,P003,Headphones,Electronics,3,326.62,15,979.86,146.98,832.88,Card,Online,2026,9,September,21,Monday,False,832.88,277.63
TXN-0073384,2026-09-21,DXB-004,Dubai,CUST-05087,P010,Printer,Office,4,683.35,10,2733.4,273.34,2460.06,Bank Transfer,Online,2026,9,September,21,Monday,False,2460.06,615.02
TXN-0073388,2026-09-21,DXB-002,Dubai,CUST-05609,P014,Power Bank,Electronics,1,178.79,0,178.79,0.0,178.79,Card,Store,2026,9,September,21,Monday,False,178.79,178.79
TXN-0073402,2026-09-21,DXB-001,Dubai,CUST-02907,P012,Pen Pack,Stationery,1,15.92,5,15.92,0.8,15.12,Apple Pay,Online,2026,9,September,21,Monday,False,15.12,15.12
TXN-0073420,2026-09-21,DXB-005,Dubai,CUST-07245,P015,Tablet,Electronics,2,1196.13,0,2392.26,0.0,2392.26,Card,Store,2026,9,September,21,Monday,False,2392.26,1196.13
TXN-0073436,2026-09-21,DXB-001,Dubai,CUST-02301,P014,Power Bank,Electronics,2,152.98,0,305.96,0.0,305.96,Bank Transfer,Store,2026,9,September,21,Monday,False,305.96,152.98
TXN-0073437,2026-09-21,DXB-003,Dubai,CUST-00551,P005,Keyboard,Accessories,2,174.0,5,348.0,17.4,330.6,Card,Store,2026,9,September,21,Monday,False,330.6,165.3
TXN-0073667,2026-09-21,DXB-001,Dubai,CUST-07852,P003,Headphones,Electronics,4,358.15,0,1432.6,0.0,1432.6,Card,Store,2026,9,September,21,Monday,False,1432.6,358.15
TXN-0073670,2026-09-21,DXB-001,Dubai,CUST-03228,P006,Mouse,Accessories,2,98.01,10,196.02,19.6,176.42,Apple Pay,Store,2026,9,September,21,Monday,False,176.42,88.21
TXN-0073731,2026-09-21,DXB-002,Dubai,CUST-04969,P012,Pen Pack,Stationery,1,14.48,15,14.48,2.17,12.31,Cash,Store,2026,9,September,21,Monday,False,12.31,12.31
TXN-0073779,2026-09-21,DXB-004,Dubai,CUST-07950,P009,Backpack,Accessories,1,232.39,0,232.39,0.0,232.39,Card,Store,2026,9,September,21,Monday,False,232.39,232.39
TXN-0073807,2026-09-21,DXB-004,Dubai,CUST-00988,P012,Pen Pack,Stationery,1,16.02,5,16.02,0.8,15.22,Card,Online,2026,9,September,21,Monday,False,15.22,15.22
TXN-0073870,2026-09-21,DXB-003,Dubai,CUST-02912,P015,Tablet,Electronics,1,1173.02,0,1173.02,0.0,1173.02,Apple Pay,Store,2026,9,September,21,Monday,False,1173.02,1173.02
TXN-0074032,2026-09-21,DXB-002,Dubai,CUST-06742,P001,Laptop,Electronics,4,2826.07,10,11304.28,1130.43,10173.85,Apple Pay,Store,2026,9,September,21,Monday,False,10173.85,2543.46
TXN-0074057,2026-09-21,DXB-005,Dubai,CUST-03819,P008,Desk,Furniture,1,835.11,5,835.11,41.76,793.35,Card,Online,2026,9,September,21,Monday,False,793.35,793.35
TXN-0074067,2026-09-21,DXB-003,Dubai,CUST-06007,P015,Tablet,Electronics,1,1192.77,10,1192.77,119.28,1073.49,Apple Pay,Store,2026,9,September,21,Monday,False,1073.49,1073.49
TXN-0074132,2026-09-21,DXB-003,Dubai,CUST-07391,P003,Headphones,Electronics,5,336.45,5,1682.25,84.11,1598.14,Cash,Online,2026,9,September,21,Monday,False,1598.14,319.63
TXN-0074166,2026-09-21,DXB-005,Dubai,CUST-00932,P009,Backpack,Accessories,1,219.47,0,219.47,0.0,219.47,Card,Store,2026,9,September,21,Monday,False,219.47,219.47
TXN-0074222,2026-09-21,DXB-002,Dubai,CUST-04747,P009,Backpack,Accessories,1,218.67,0,218.67,0.0,218.67,Card,Store,2026,9,September,21,Monday,False,218.67,218.67
TXN-0074276,2026-09-21,DXB-002,Dubai,CUST-02702,P005,Keyboard,Accessories,2,193.09,0,386.18,0.0,386.18,Cash,Online,2026,9,September,21,Monday,False,386.18,193.09
TXN-0074302,2026-09-21,DXB-001,Dubai,CUST-01700,P001,Laptop,Electronics,1,2697.53,5,2697.53,134.88,2562.65,Bank Transfer,Store,2026,9,September,21,Monday,False,2562.65,2562.65
TXN-0074384,2026-09-21,DXB-002,Dubai,CUST-07454,P013,USB Drive,Accessories,2,46.63,5,93.26,4.66,88.6,Card,Store,2026,9,September,21,Monday,False,88.6,44.3
TXN-0074396,2026-09-21,DXB-004,Dubai,CUST-00200,P001,Laptop,Electronics,1,2814.17,5,2814.17,140.71,2673.46,Card,Store,2026,9,September,21,Monday,False,2673.46,2673.46
TXN-0074470,2026-09-21,DXB-003,Dubai,CUST-06041,P003,Headphones,Electronics,1,345.4,0,345.4,0.0,345.4,Apple Pay,Online,2026,9,September,21,Monday,False,345.4,345.4
TXN-0074471,2026-09-21,DXB-004,Dubai,CUST-05644,P003,Headphones,Electronics,3,353.34,15,1060.02,159.0,901.02,Card,Online,2026,9,September,21,Monday,False,901.02,300.34
TXN-0074568,2026-09-21,DXB-001,Dubai,CUST-06080,P012,Pen Pack,Stationery,1,14.5,10,14.5,1.45,13.05,Card,Store,2026,9,September,21,Monday,False,13.05,13.05
TXN-0074639,2026-09-21,DXB-005,Dubai,CUST-01997,P007,Office Chair,Furniture,2,613.93,0,1227.86,0.0,1227.86,Apple Pay,Store,2026,9,September,21,Monday,False,1227.86,613.93
TXN-0074750,2026-09-21,DXB-001,Dubai,CUST-02613,P002,Smartphone,Electronics,1,1788.19,15,1788.19,268.23,1519.96,Apple Pay,Store,2026,9,September,21,Monday,False,1519.96,1519.96
TXN-0074898,2026-09-21,DXB-001,Dubai,CUST-01250,P005,Keyboard,Accessories,1,174.62,20,174.62,34.92,139.7,Card,Store,2026,9,September,21,Monday,False,139.7,139.7
TXN-0074954,2026-09-21,DXB-002,Dubai,CUST-07204,P003,Headphones,Electronics,2,322.38,0,644.76,0.0,644.76,Card,Store,2026,9,September,21,Monday,False,644.76,322.38
TXN-0075026,2026-09-21,DXB-004,Dubai,CUST-05227,P015,Tablet,Electronics,1,1231.51,10,1231.51,123.15,1108.36,Card,Online,2026,9,September,21,Monday,False,1108.36,1108.36
TXN-0075085,2026-09-21,DXB-004,Dubai,CUST-07484,P015,Tablet,Electronics,1,1260.81,10,1260.81,126.08,1134.73,Cash,Store,2026,9,September,21,Monday,False,1134.73,1134.73
TXN-0075108,2026-09-21,DXB-005,Dubai,CUST-04704,P003,Headphones,Electronics,1,321.6,0,321.6,0.0,321.6,Card,Store,2026,9,September,21,Monday,False,321.6,321.6
TXN-0075258,2026-09-21,DXB-001,Dubai,CUST-03217,P011,Notebook,Stationery,4,26.38,5,105.52,5.28,100.24,Card,Store,2026,9,September,21,Monday,False,100.24,25.06
TXN-0075319,2026-09-21,DXB-001,Dubai,CUST-01839,P006,Mouse,Accessories,1,95.0,5,95.0,4.75,90.25,Card,Store,2026,9,September,21,Monday,False,90.25,90.25
TXN-0075396,2026-09-21,DXB-002,Dubai,CUST-04191,P005,Keyboard,Accessories,1,209.34,20,209.34,41.87,167.47,Apple Pay,Store,2026,9,September,21,Monday,False,167.47,167.47
TXN-0075443,2026-09-21,DXB-005,Dubai,CUST-00190,P014,Power Bank,Electronics,4,145.33,10,581.32,58.13,523.19,Apple Pay,Store,2026,9,September,21,Monday,False,523.19,130.8
TXN-0075459,2026-09-21,DXB-003,Dubai,CUST-02516,P012,Pen Pack,Stationery,1,15.69,5,15.69,0.78,14.91,Cash,Store,2026,9,September,21,Monday,False,14.91,14.91
TXN-0075537,2026-09-21,DXB-005,Dubai,CUST-05413,P007,Office Chair,Furniture,1,727.86,5,727.86,36.39,691.47,Apple Pay,Store,2026,9,September,21,Monday,False,691.47,691.47
TXN-0075542,2026-09-21,DXB-001,Dubai,CUST-02409,P015,Tablet,Electronics,1,1268.82,5,1268.82,63.44,1205.38,Card,Store,2026,9,September,21,Monday,False,1205.38,1205.38
TXN-0075558,2026-09-21,DXB-001,Dubai,CUST-05560,P004,Monitor,Electronics,1,959.46,0,959.46,0.0,959.46,Card,Store,2026,9,September,21,Monday,False,959.46,959.46
TXN-0075595,2026-09-21,DXB-002,Dubai,CUST-05666,P012,Pen Pack,Stationery,1,14.5,5,14.5,0.72,13.78,Apple Pay,Store,2026,9,September,21,Monday,False,13.78,13.78
TXN-0075602,2026-09-21,DXB-002,Dubai,CUST-00197,P003,Headphones,Electronics,5,343.7,0,1718.5,0.0,1718.5,Apple Pay,Store,2026,9,September,21,Monday,False,1718.5,343.7
TXN-0075742,2026-09-21,DXB-001,Dubai,CUST-03467,P014,Power Bank,Electronics,1,141.92,10,141.92,14.19,127.73,Card,Store,2026,9,September,21,Monday,False,127.73,127.73
TXN-0075834,2026-09-21,DXB-003,Dubai,CUST-07305,P001,Laptop,Electronics,1,3015.76,5,3015.76,150.79,2864.97,Bank Transfer,Store,2026,9,September,21,Monday,False,2864.97,2864.97
TXN-0075849,2026-09-21,DXB-002,Dubai,CUST-05806,P013,USB Drive,Accessories,1,44.87,10,44.87,4.49,40.38,Card,Online,2026,9,September,21,Monday,False,40.38,40.38
TXN-0075906,2026-09-21,DXB-005,Dubai,CUST-07326,P010,Printer,Office,1,756.92,10,756.92,75.69,681.23,Apple Pay,Store,2026,9,September,21,Monday,False,681.23,681.23
TXN-0076008,2026-09-21,DXB-001,Dubai,CUST-03176,P010,Printer,Office,3,662.44,5,1987.32,99.37,1887.95,Card,Store,2026,9,September,21,Monday,False,1887.95,629.32
TXN-0076210,2026-09-21,DXB-002,Dubai,CUST-02670,P013,USB Drive,Accessories,3,44.3,20,132.9,26.58,106.32,Cash,Store,2026,9,September,21,Monday,False,106.32,35.44
TXN-0076252,2026-09-21,DXB-005,Dubai,CUST-05234,P015,Tablet,Electronics,1,1203.54,15,1203.54,180.53,1023.01,Card,Store,2026,9,September,21,Monday,False,1023.01,1023.01
TXN-0076377,2026-09-21,DXB-004,Dubai,CUST-02338,P008,Desk,Furniture,1,898.89,5,898.89,44.94,853.95,Apple Pay,Store,2026,9,September,21,Monday,False,853.95,853.95
TXN-0076409,2026-09-21,DXB-003,Dubai,CUST-04862,P015,Tablet,Electronics,3,1216.63,0,3649.89,0.0,3649.89,Card,Store,2026,9,September,21,Monday,False,3649.89,1216.63
TXN-0076413,2026-09-21,DXB-001,Dubai,CUST-00708,P011,Notebook,Stationery,1,25.61,10,25.61,2.56,23.05,Card,Store,2026,9,September,21,Monday,False,23.05,23.05
TXN-0076431,2026-09-21,DXB-003,Dubai,CUST-01515,P014,Power Bank,Electronics,1,137.81,5,137.81,6.89,130.92,Card,Online,2026,9,September,21,Monday,False,130.92,130.92
TXN-0076477,2026-09-21,DXB-005,Dubai,CUST-00698,P012,Pen Pack,Stationery,2,16.05,15,32.1,4.82,27.28,Apple Pay,Store,2026,9,September,21,Monday,False,27.28,13.64
TXN-0076550,2026-09-21,DXB-002,Dubai,CUST-06567,P005,Keyboard,Accessories,1,196.74,5,196.74,9.84,186.9,Card,Store,2026,9,September,21,Monday,False,186.9,186.9
TXN-0076649,2026-09-21,DXB-002,Dubai,CUST-02789,P004,Monitor,Electronics,1,917.15,10,917.15,91.72,825.43,Apple Pay,Store,2026,9,September,21,Monday,False,825.43,825.43
TXN-0076699,2026-09-21,DXB-003,Dubai,CUST-01353,P001,Laptop,Electronics,2,2943.92,10,5887.84,588.78,5299.06,Bank Transfer,Store,2026,9,September,21,Monday,False,5299.06,2649.53
TXN-0076716,2026-09-21,DXB-001,Dubai,CUST-05031,P009,Backpack,Accessories,1,205.2,10,205.2,20.52,184.68,Card,Store,2026,9,September,21,Monday,False,184.68,184.68
TXN-0076857,2026-09-21,DXB-003,Dubai,CUST-06830,P004,Monitor,Electronics,3,919.4,0,2758.2,0.0,2758.2,Cash,Store,2026,9,September,21,Monday,False,2758.2,919.4
TXN-0076876,2026-09-21,DXB-003,Dubai,CUST-05533,P004,Monitor,Electronics,3,965.13,0,2895.39,0.0,2895.39,Cash,Store,2026,9,September,21,Monday,False,2895.39,965.13
TXN-0076909,2026-09-21,DXB-002,Dubai,CUST-03026,P010,Printer,Office,1,729.02,15,729.02,109.35,619.67,Card,Online,2026,9,September,21,Monday,False,619.67,619.67
TXN-0076913,2026-09-21,DXB-004,Dubai,CUST-01817,P004,Monitor,Electronics,1,820.72,10,820.72,82.07,738.65,Cash,Store,2026,9,September,21,Monday,False,738.65,738.65
TXN-0076978,2026-09-21,DXB-004,Dubai,CUST-02775,P005,Keyboard,Accessories,4,166.48,0,665.92,0.0,665.92,Bank Transfer,Store,2026,9,September,21,Monday,False,665.92,166.48
TXN-0077044,2026-09-21,DXB-004,Dubai,CUST-00692,P006,Mouse,Accessories,2,96.99,5,193.98,9.7,184.28,Cash,Store,2026,9,September,21,Monday,False,184.28,92.14
TXN-0077110,2026-09-21,DXB-003,Dubai,CUST-03341,P006,Mouse,Accessories,1,83.54,5,83.54,4.18,79.36,Card,Store,2026,9,September,21,Monday,False,79.36,79.36
TXN-0077182,2026-09-21,DXB-004,Dubai,CUST-02012,P004,Monitor,Electronics,1,859.32,15,859.32,128.9,730.42,Card,Store,2026,9,September,21,Monday,False,730.42,730.42
TXN-0077257,2026-09-21,DXB-002,Dubai,CUST-04611,P007,Office Chair,Furniture,1,613.63,15,613.63,92.04,521.59,Card,Online,2026,9,September,21,Monday,False,521.59,521.59
TXN-0077300,2026-09-21,DXB-001,Dubai,CUST-03532,P005,Keyboard,Accessories,3,191.96,0,575.88,0.0,575.88,Bank Transfer,Online,2026,9,September,21,Monday,False,575.88,191.96
TXN-0077305,2026-09-21,DXB-003,Dubai,CUST-02812,P014,Power Bank,Electronics,1,166.21,0,166.21,0.0,166.21,Card,Store,2026,9,September,21,Monday,False,166.21,166.21
TXN-0077348,2026-09-21,DXB-001,Dubai,CUST-04095,P007,Office Chair,Furniture,1,664.92,15,664.92,99.74,565.18,Cash,Online,2026,9,September,21,Monday,False,565.18,565.18
TXN-0077359,2026-09-21,DXB-001,Dubai,CUST-03812,P014,Power Bank,Electronics,1,167.39,0,167.39,0.0,167.39,Cash,Store,2026,9,September,21,Monday,False,167.39,167.39
TXN-0077442,2026-09-21,DXB-003,Dubai,CUST-03891,P008,Desk,Furniture,1,813.71,15,813.71,122.06,691.65,Apple Pay,Store,2026,9,September,21,Monday,False,691.65,691.65
TXN-0077486,2026-09-21,DXB-003,Dubai,CUST-07162,P005,Keyboard,Accessories,1,197.23,5,197.23,9.86,187.37,Card,Store,2026,9,September,21,Monday,False,187.37,187.37
TXN-0077556,2026-09-21,DXB-004,Dubai,CUST-04086,P004,Monitor,Electronics,1,944.93,5,944.93,47.25,897.68,Bank Transfer,Store,2026,9,September,21,Monday,False,897.68,897.68
TXN-0077566,2026-09-21,DXB-001,Dubai,CUST-02855,P014,Power Bank,Electronics,1,138.74,5,138.74,6.94,131.8,Card,Online,2026,9,September,21,Monday,False,131.8,131.8
TXN-0077596,2026-09-21,DXB-004,Dubai,CUST-01085,P011,Notebook,Stationery,2,21.74,10,43.48,4.35,39.13,Cash,Store,2026,9,September,21,Monday,False,39.13,19.57
TXN-0077603,2026-09-21,DXB-005,Dubai,CUST-00250,P015,Tablet,Electronics,1,1199.14,0,1199.14,0.0,1199.14,Card,Store,2026,9,September,21,Monday,False,1199.14,1199.14
TXN-0077662,2026-09-21,DXB-004,Dubai,CUST-06591,P003,Headphones,Electronics,2,369.93,20,739.86,147.97,591.89,Card,Store,2026,9,September,21,Monday,False,591.89,295.94
TXN-0077690,2026-09-21,DXB-002,Dubai,CUST-05235,P003,Headphones,Electronics,1,336.61,20,336.61,67.32,269.29,Cash,Store,2026,9,September,21,Monday,False,269.29,269.29
TXN-0077694,2026-09-21,DXB-003,Dubai,CUST-07810,P013,USB Drive,Accessories,2,40.54,5,81.08,4.05,77.03,Apple Pay,Store,2026,9,September,21,Monday,False,77.03,38.52
TXN-0077944,2026-09-21,DXB-003,Dubai,CUST-05631,P015,Tablet,Electronics,2,1043.36,0,2086.72,0.0,2086.72,Card,Store,2026,9,September,21,Monday,False,2086.72,1043.36
TXN-0077949,2026-09-21,DXB-001,Dubai,CUST-07612,P001,Laptop,Electronics,4,3203.49,5,12813.96,640.7,12173.26,Apple Pay,Online,2026,9,September,21,Monday,False,12173.26,3043.32
TXN-0077976,2026-09-21,DXB-001,Dubai,CUST-02997,P010,Printer,Office,4,714.49,0,2857.96,0.0,2857.96,Card,Online,2026,9,September,21,Monday,False,2857.96,714.49
TXN-0078035,2026-09-21,DXB-004,Dubai,CUST-06817,P011,Notebook,Stationery,4,27.24,15,108.96,16.34,92.62,Card,Store,2026,9,September,21,Monday,False,92.62,23.16
TXN-0078051,2026-09-21,DXB-002,Dubai,CUST-00866,P006,Mouse,Accessories,2,105.32,0,210.64,0.0,210.64,Apple Pay,Store,2026,9,September,21,Monday,False,210.64,105.32
TXN-0078058,2026-09-21,DXB-002,Dubai,CUST-02539,P008,Desk,Furniture,1,784.05,20,784.05,156.81,627.24,Card,Online,2026,9,September,21,Monday,False,627.24,627.24
TXN-0078060,2026-09-21,DXB-001,Dubai,CUST-05741,P011,Notebook,Stationery,2,24.49,10,48.98,4.9,44.08,Card,Store,2026,9,September,21,Monday,False,44.08,22.04
TXN-0078204,2026-09-21,DXB-003,Dubai,CUST-07293,P011,Notebook,Stationery,1,24.73,10,24.73,2.47,22.26,Card,Online,2026,9,September,21,Monday,False,22.26,22.26
TXN-0078278,2026-09-21,DXB-001,Dubai,CUST-00784,P012,Pen Pack,Stationery,1,15.68,15,15.68,2.35,13.33,Apple Pay,Store,2026,9,September,21,Monday,False,13.33,13.33
TXN-0078308,2026-09-21,DXB-001,Dubai,CUST-03093,P001,Laptop,Electronics,2,2771.53,0,5543.06,0.0,5543.06,Card,Store,2026,9,September,21,Monday,False,5543.06,2771.53
TXN-0078384,2026-09-21,DXB-003,Dubai,CUST-07260,P002,Smartphone,Electronics,1,1717.93,15,1717.93,257.69,1460.24,Bank Transfer,Online,2026,9,September,21,Monday,False,1460.24,1460.24
TXN-0078498,2026-09-21,DXB-002,Dubai,CUST-07861,P009,Backpack,Accessories,1,227.37,0,227.37,0.0,227.37,Bank Transfer,Store,2026,9,September,21,Monday,False,227.37,227.37
TXN-0078578,2026-09-21,DXB-001,Dubai,CUST-05524,P011,Notebook,Stationery,1,23.13,15,23.13,3.47,19.66,Card,Store,2026,9,September,21,Monday,False,19.66,19.66
TXN-0078598,2026-09-21,DXB-002,Dubai,CUST-05706,P008,Desk,Furniture,2,806.82,15,1613.64,242.05,1371.59,Bank Transfer,Store,2026,9,September,21,Monday,False,1371.59,685.8
TXN-0078613,2026-09-21,DXB-001,Dubai,CUST-05618,P012,Pen Pack,Stationery,1,14.69,5,14.69,0.73,13.96,Card,Online,2026,9,September,21,Monday,False,13.96,13.96
TXN-0078671,2026-09-21,DXB-002,Dubai,CUST-05102,P009,Backpack,Accessories,5,224.16,10,1120.8,112.08,1008.72,Card,Store,2026,9,September,21,Monday,False,1008.72,201.74
TXN-0078771,2026-09-21,DXB-004,Dubai,CUST-01893,P010,Printer,Office,4,645.62,15,2582.48,387.37,2195.11,Cash,Store,2026,9,September,21,Monday,False,2195.11,548.78
TXN-0078804,2026-09-21,DXB-002,Dubai,CUST-02414,P007,Office Chair,Furniture,1,650.02,10,650.02,65.0,585.02,Apple Pay,Store,2026,9,September,21,Monday,False,585.02,585.02
TXN-0078895,2026-09-21,DXB-003,Dubai,CUST-06952,P002,Smartphone,Electronics,4,1665.81,15,6663.24,999.49,5663.75,Card,Online,2026,9,September,21,Monday,False,5663.75,1415.94
TXN-0079039,2026-09-21,DXB-004,Dubai,CUST-03260,P014,Power Bank,Electronics,3,133.31,0,399.93,0.0,399.93,Apple Pay,Store,2026,9,September,21,Monday,False,399.93,133.31
TXN-0079077,2026-09-21,DXB-001,Dubai,CUST-02110,P005,Keyboard,Accessories,3,172.16,5,516.48,25.82,490.66,Cash,Store,2026,9,September,21,Monday,False,490.66,163.55
TXN-0079194,2026-09-21,DXB-005,Dubai,CUST-04989,P006,Mouse,Accessories,2,113.36,0,226.72,0.0,226.72,Card,Store,2026,9,September,21,Monday,False,226.72,113.36
TXN-0079222,2026-09-21,DXB-002,Dubai,CUST-03243,P004,Monitor,Electronics,2,955.17,0,1910.34,0.0,1910.34,Card,Store,2026,9,September,21,Monday,False,1910.34,955.17
TXN-0079253,2026-09-21,DXB-002,Dubai,CUST-01085,P009,Backpack,Accessories,4,184.72,0,738.88,0.0,738.88,Apple Pay,Store,2026,9,September,21,Monday,False,738.88,184.72
TXN-0079420,2026-09-21,DXB-002,Dubai,CUST-02692,P014,Power Bank,Electronics,1,156.1,10,156.1,15.61,140.49,Apple Pay,Store,2026,9,September,21,Monday,False,140.49,140.49
TXN-0079432,2026-09-21,DXB-003,Dubai,CUST-04050,P009,Backpack,Accessories,1,204.04,15,204.04,30.61,173.43,Cash,Online,2026,9,September,21,Monday,False,173.43,173.43
TXN-0079458,2026-09-21,DXB-002,Dubai,CUST-02498,P001,Laptop,Electronics,1,2666.26,0,2666.26,0.0,2666.26,Apple Pay,Store,2026,9,September,21,Monday,False,2666.26,2666.26
TXN-0079498,2026-09-21,DXB-004,Dubai,CUST-04049,P008,Desk,Furniture,3,744.54,10,2233.62,223.36,2010.26,Card,Store,2026,9,September,21,Monday,False,2010.26,670.09
TXN-0079500,2026-09-21,DXB-001,Dubai,CUST-05400,P008,Desk,Furniture,1,815.27,0,815.27,0.0,815.27,Card,Store,2026,9,September,21,Monday,False,815.27,815.27
TXN-0079515,2026-09-21,DXB-002,Dubai,CUST-01369,P010,Printer,Office,1,679.97,0,679.97,0.0,679.97,Card,Store,2026,9,September,21,Monday,False,679.97,679.97
TXN-0079528,2026-09-21,DXB-004,Dubai,CUST-01201,P002,Smartphone,Electronics,1,1721.36,0,1721.36,0.0,1721.36,Card,Online,2026,9,September,21,Monday,False,1721.36,1721.36
TXN-0079556,2026-09-21,DXB-001,Dubai,CUST-02917,P011,Notebook,Stationery,4,23.79,10,95.16,9.52,85.64,Card,Online,2026,9,September,21,Monday,False,85.64,21.41
TXN-0079570,2026-09-21,DXB-005,Dubai,CUST-05898,P006,Mouse,Accessories,3,102.13,20,306.39,61.28,245.11,Cash,Store,2026,9,September,21,Monday,False,245.11,81.7
TXN-0079613,2026-09-21,DXB-001,Dubai,CUST-05597,P004,Monitor,Electronics,1,967.29,10,967.29,96.73,870.56,Card,Store,2026,9,September,21,Monday,False,870.56,870.56
TXN-0079631,2026-09-21,DXB-004,Dubai,CUST-06914,P005,Keyboard,Accessories,1,163.24,10,163.24,16.32,146.92,Apple Pay,Online,2026,9,September,21,Monday,False,146.92,146.92
TXN-0079635,2026-09-21,DXB-004,Dubai,CUST-07085,P003,Headphones,Electronics,3,330.5,0,991.5,0.0,991.5,Card,Store,2026,9,September,21,Monday,False,991.5,330.5
TXN-0079815,2026-09-21,DXB-002,Dubai,CUST-03543,P002,Smartphone,Electronics,1,1706.11,15,1706.11,255.92,1450.19,Cash,Store,2026,9,September,21,Monday,False,1450.19,1450.19
TXN-0079834,2026-09-21,DXB-005,Dubai,CUST-00247,P009,Backpack,Accessories,1,243.68,0,243.68,0.0,243.68,Card,Store,2026,9,September,21,Monday,False,243.68,243.68
TXN-0079844,2026-09-21,DXB-001,Dubai,CUST-02953,P003,Headphones,Electronics,2,352.77,10,705.54,70.55,634.99,Apple Pay,Online,2026,9,September,21,Monday,False,634.99,317.5
TXN-0079895,2026-09-21,DXB-004,Dubai,CUST-07199,P001,Laptop,Electronics,3,2604.61,15,7813.83,1172.07,6641.76,Cash,Store,2026,9,September,21,Monday,False,6641.76,2213.92
TXN-0079939,2026-09-21,DXB-002,Dubai,CUST-07673,P007,Office Chair,Furniture,1,629.4,5,629.4,31.47,597.93,Card,Online,2026,9,September,21,Monday,False,597.93,597.93
TXN-0079944,2026-09-21,DXB-005,Dubai,CUST-06289,P005,Keyboard,Accessories,1,175.98,0,175.98,0.0,175.98,Apple Pay,Store,2026,9,September,21,Monday,False,175.98,175.98
TXN-0079969,2026-09-21,DXB-001,Dubai,CUST-06094,P007,Office Chair,Furniture,1,678.5,5,678.5,33.92,644.58,Apple Pay,Store,2026,9,September,21,Monday,False,644.58,644.58
TXN-0079993,2026-09-21,DXB-002,Dubai,CUST-05916,P009,Backpack,Accessories,1,216.79,15,216.79,32.52,184.27,Card,Store,2026,9,September,21,Monday,False,184.27,184.27
TXN-0079994,2026-09-21,DXB-005,Dubai,CUST-02025,P012,Pen Pack,Stationery,1,15.0,15,15.0,2.25,12.75,Cash,Store,2026,9,September,21,Monday,False,12.75,12.75
TXN-0080007,2026-09-21,DXB-001,Dubai,CUST-07872,P013,USB Drive,Accessories,1,43.29,0,43.29,0.0,43.29,Card,Store,2026,9,September,21,Monday,False,43.29,43.29
TXN-0080109,2026-09-21,DXB-004,Dubai,CUST-03607,P006,Mouse,Accessories,1,94.06,0,94.06,0.0,94.06,Cash,Online,2026,9,September,21,Monday,False,94.06,94.06
TXN-0080115,2026-09-21,DXB-005,Dubai,CUST-01026,P013,USB Drive,Accessories,2,43.54,20,87.08,17.42,69.66,Apple Pay,Store,2026,9,September,21,Monday,False,69.66,34.83
TXN-0080267,2026-09-21,DXB-005,Dubai,CUST-00431,P007,Office Chair,Furniture,3,600.36,0,1801.08,0.0,1801.08,Apple Pay,Store,2026,9,September,21,Monday,False,1801.08,600.36
TXN-0080349,2026-09-21,DXB-002,Dubai,CUST-02363,P012,Pen Pack,Stationery,5,15.2,10,76.0,7.6,68.4,Cash,Store,2026,9,September,21,Monday,False,68.4,13.68
TXN-0080476,2026-09-21,DXB-003,Dubai,CUST-04626,P011,Notebook,Stationery,1,26.45,5,26.45,1.32,25.13,Card,Store,2026,9,September,21,Monday,False,25.13,25.13
TXN-0080635,2026-09-21,DXB-004,Dubai,CUST-02120,P011,Notebook,Stationery,2,27.08,0,54.16,0.0,54.16,Apple Pay,Store,2026,9,September,21,Monday,False,54.16,27.08
TXN-0080668,2026-09-21,DXB-002,Dubai,CUST-07561,P008,Desk,Furniture,1,804.0,0,804.0,0.0,804.0,Card,Online,2026,9,September,21,Monday,False,804.0,804.0
TXN-0080757,2026-09-21,DXB-005,Dubai,CUST-01667,P001,Laptop,Electronics,1,2942.48,0,2942.48,0.0,2942.48,Card,Store,2026,9,September,21,Monday,False,2942.48,2942.48
TXN-0080876,2026-09-21,DXB-004,Dubai,CUST-00315,P013,USB Drive,Accessories,1,48.47,5,48.47,2.42,46.05,Card,Store,2026,9,September,21,Monday,False,46.05,46.05
TXN-0080909,2026-09-21,DXB-003,Dubai,CUST-05456,P002,Smartphone,Electronics,3,1954.01,5,5862.03,293.1,5568.93,Cash,Store,2026,9,September,21,Monday,False,5568.93,1856.31
TXN-0081049,2026-09-21,DXB-001,Dubai,CUST-07122,P014,Power Bank,Electronics,4,135.25,10,541.0,54.1,486.9,Card,Store,2026,9,September,21,Monday,False,486.9,121.72
TXN-0081136,2026-09-21,DXB-003,Dubai,CUST-03684,P002,Smartphone,Electronics,3,1775.35,10,5326.05,532.6,4793.45,Card,Store,2026,9,September,21,Monday,False,4793.45,1597.82
TXN-0081144,2026-09-21,DXB-004,Dubai,CUST-01422,P015,Tablet,Electronics,2,1235.02,15,2470.04,370.51,2099.53,Card,Store,2026,9,September,21,Monday,False,2099.53,1049.77
TXN-0081196,2026-09-21,DXB-005,Dubai,CUST-07265,P001,Laptop,Electronics,1,2655.01,0,2655.01,0.0,2655.01,Apple Pay,Online,2026,9,September,21,Monday,False,2655.01,2655.01
TXN-0081316,2026-09-21,DXB-005,Dubai,CUST-03207,P014,Power Bank,Electronics,1,164.53,5,164.53,8.23,156.3,Card,Store,2026,9,September,21,Monday,False,156.3,156.3
TXN-0081366,2026-09-21,DXB-004,Dubai,CUST-00338,P002,Smartphone,Electronics,3,1797.81,20,5393.43,1078.69,4314.74,Cash,Store,2026,9,September,21,Monday,False,4314.74,1438.25
TXN-0081401,2026-09-21,DXB-001,Dubai,CUST-00894,P002,Smartphone,Electronics,3,1927.8,15,5783.4,867.51,4915.89,Card,Store,2026,9,September,21,Monday,False,4915.89,1638.63
TXN-0081469,2026-09-21,DXB-005,Dubai,CUST-03218,P008,Desk,Furniture,1,792.45,0,792.45,0.0,792.45,Apple Pay,Store,2026,9,September,21,Monday,False,792.45,792.45
TXN-0081586,2026-09-21,DXB-004,Dubai,CUST-07939,P015,Tablet,Electronics,1,1197.33,0,1197.33,0.0,1197.33,Card,Store,2026,9,September,21,Monday,False,1197.33,1197.33
TXN-0081689,2026-09-21,DXB-005,Dubai,CUST-06931,P015,Tablet,Electronics,4,1245.23,0,4980.92,0.0,4980.92,Apple Pay,Online,2026,9,September,21,Monday,False,4980.92,1245.23
TXN-0081777,2026-09-21,DXB-001,Dubai,CUST-02260,P002,Smartphone,Electronics,3,1877.46,15,5632.38,844.86,4787.52,Card,Store,2026,9,September,21,Monday,False,4787.52,1595.84
TXN-0081904,2026-09-21,DXB-002,Dubai,CUST-05155,P008,Desk,Furniture,4,803.75,5,3215.0,160.75,3054.25,Card,Store,2026,9,September,21,Monday,False,3054.25,763.56
TXN-0081927,2026-09-21,DXB-005,Dubai,CUST-03828,P009,Backpack,Accessories,2,229.5,5,459.0,22.95,436.05,Card,Online,2026,9,September,21,Monday,False,436.05,218.02
TXN-0081943,2026-09-21,DXB-001,Dubai,CUST-07230,P008,Desk,Furniture,4,861.75,0,3447.0,0.0,3447.0,Cash,Store,2026,9,September,21,Monday,False,3447.0,861.75
TXN-0081958,2026-09-21,DXB-002,Dubai,CUST-05247,P011,Notebook,Stationery,1,25.86,0,25.86,0.0,25.86,Bank Transfer,Store,2026,9,September,21,Monday,False,25.86,25.86
TXN-0082022,2026-09-21,DXB-004,Dubai,CUST-07887,P009,Backpack,Accessories,2,196.98,15,393.96,59.09,334.87,Card,Online,2026,9,September,21,Monday,False,334.87,167.44
TXN-0082165,2026-09-21,DXB-001,Dubai,CUST-03753,P006,Mouse,Accessories,1,103.71,15,103.71,15.56,88.15,Cash,Online,2026,9,September,21,Monday,False,88.15,88.15
TXN-0082371,2026-09-21,DXB-001,Dubai,CUST-05163,P013,USB Drive,Accessories,1,48.54,20,48.54,9.71,38.83,Card,Online,2026,9,September,21,Monday,False,38.83,38.83
TXN-0082421,2026-09-21,DXB-005,Dubai,CUST-05215,P006,Mouse,Accessories,3,103.13,15,309.39,46.41,262.98,Cash,Store,2026,9,September,21,Monday,False,262.98,87.66
TXN-0082497,2026-09-21,DXB-003,Dubai,CUST-06993,P013,USB Drive,Accessories,1,40.91,0,40.91,0.0,40.91,Card,Store,2026,9,September,21,Monday,False,40.91,40.91
TXN-0082530,2026-09-21,DXB-002,Dubai,CUST-04516,P003,Headphones,Electronics,1,322.94,5,322.94,16.15,306.79,Card,Store,2026,9,September,21,Monday,False,306.79,306.79
TXN-0082543,2026-09-21,DXB-002,Dubai,CUST-07636,P014,Power Bank,Electronics,4,153.51,15,614.04,92.11,521.93,Cash,Store,2026,9,September,21,Monday,False,521.93,130.48
TXN-0082564,2026-09-21,DXB-003,Dubai,CUST-05347,P003,Headphones,Electronics,2,343.88,10,687.76,68.78,618.98,Cash,Store,2026,9,September,21,Monday,False,618.98,309.49
TXN-0082585,2026-09-21,DXB-005,Dubai,CUST-02525,P011,Notebook,Stationery,2,24.84,15,49.68,7.45,42.23,Card,Store,2026,9,September,21,Monday,False,42.23,21.12
TXN-0082628,2026-09-21,DXB-004,Dubai,CUST-04060,P005,Keyboard,Accessories,4,172.02,10,688.08,68.81,619.27,Apple Pay,Store,2026,9,September,21,Monday,False,619.27,154.82
TXN-0082632,2026-09-21,DXB-005,Dubai,CUST-07943,P006,Mouse,Accessories,3,97.96,5,293.88,14.69,279.19,Card,Store,2026,9,September,21,Monday,False,279.19,93.06
TXN-0082725,2026-09-21,DXB-003,Dubai,CUST-00764,P006,Mouse,Accessories,1,100.06,5,100.06,5.0,95.06,Card,Store,2026,9,September,21,Monday,False,95.06,95.06
TXN-0082800,2026-09-21,DXB-005,Dubai,CUST-05295,P013,USB Drive,Accessories,3,44.93,15,134.79,20.22,114.57,Card,Store,2026,9,September,21,Monday,False,114.57,38.19
TXN-0082852,2026-09-21,DXB-004,Dubai,CUST-01921,P014,Power Bank,Electronics,1,153.52,0,153.52,0.0,153.52,Card,Store,2026,9,September,21,Monday,False,153.52,153.52
TXN-0082869,2026-09-21,DXB-002,Dubai,CUST-07598,P008,Desk,Furniture,5,690.27,15,3451.35,517.7,2933.65,Card,Store,2026,9,September,21,Monday,False,2933.65,586.73
TXN-0082914,2026-09-21,DXB-002,Dubai,CUST-03431,P004,Monitor,Electronics,1,995.51,0,995.51,0.0,995.51,Apple Pay,Store,2026,9,September,21,Monday,False,995.51,995.51
TXN-0082924,2026-09-21,DXB-003,Dubai,CUST-04751,P006,Mouse,Accessories,1,98.89,0,98.89,0.0,98.89,Card,Store,2026,9,September,21,Monday,False,98.89,98.89
TXN-0082953,2026-09-21,DXB-004,Dubai,CUST-05647,P005,Keyboard,Accessories,1,183.97,5,183.97,9.2,174.77,Cash,Store,2026,9,September,21,Monday,False,174.77,174.77
TXN-0082986,2026-09-21,DXB-002,Dubai,CUST-00616,P005,Keyboard,Accessories,1,188.57,0,188.57,0.0,188.57,Card,Store,2026,9,September,21,Monday,False,188.57,188.57
TXN-0082995,2026-09-21,DXB-002,Dubai,CUST-06338,P014,Power Bank,Electronics,2,146.76,20,293.52,58.7,234.82,Bank Transfer,Store,2026,9,September,21,Monday,False,234.82,117.41
TXN-0083109,2026-09-21,DXB-004,Dubai,CUST-01049,P013,USB Drive,Accessories,1,47.99,0,47.99,0.0,47.99,Card,Store,2026,9,September,21,Monday,False,47.99,47.99
TXN-0083258,2026-09-21,DXB-002,Dubai,CUST-05799,P009,Backpack,Accessories,1,225.9,5,225.9,11.3,214.6,Card,Online,2026,9,September,21,Monday,False,214.6,214.6
TXN-0083271,2026-09-21,DXB-004,Dubai,CUST-07026,P001,Laptop,Electronics,1,2990.95,0,2990.95,0.0,2990.95,Card,Store,2026,9,September,21,Monday,False,2990.95,2990.95
TXN-0083275,2026-09-21,DXB-002,Dubai,CUST-01204,P014,Power Bank,Electronics,2,163.76,0,327.52,0.0,327.52,Card,Store,2026,9,September,21,Monday,False,327.52,163.76
TXN-0083396,2026-09-21,DXB-002,Dubai,CUST-03672,P012,Pen Pack,Stationery,1,14.87,5,14.87,0.74,14.13,Card,Store,2026,9,September,21,Monday,False,14.13,14.13
TXN-0083457,2026-09-21,DXB-002,Dubai,CUST-04474,P006,Mouse,Accessories,3,98.55,0,295.65,0.0,295.65,Card,Store,2026,9,September,21,Monday,False,295.65,98.55
TXN-0083509,2026-09-21,DXB-003,Dubai,CUST-04681,P003,Headphones,Electronics,3,358.32,0,1074.96,0.0,1074.96,Apple Pay,Store,2026,9,September,21,Monday,False,1074.96,358.32
TXN-0083692,2026-09-21,DXB-003,Dubai,CUST-03935,P009,Backpack,Accessories,1,211.81,5,211.81,10.59,201.22,Apple Pay,Store,2026,9,September,21,Monday,False,201.22,201.22
TXN-0083695,2026-09-21,DXB-003,Dubai,CUST-01206,P008,Desk,Furniture,2,764.55,5,1529.1,76.46,1452.64,Apple Pay,Store,2026,9,September,21,Monday,False,1452.64,726.32
TXN-0083701,2026-09-21,DXB-004,Dubai,CUST-02389,P001,Laptop,Electronics,5,2839.16,10,14195.8,1419.58,12776.22,Card,Store,2026,9,September,21,Monday,False,12776.22,2555.24
TXN-0083772,2026-09-21,DXB-001,Dubai,CUST-06334,P003,Headphones,Electronics,1,358.33,5,358.33,17.92,340.41,Bank Transfer,Online,2026,9,September,21,Monday,False,340.41,340.41
TXN-0083809,2026-09-21,DXB-002,Dubai,CUST-01157,P009,Backpack,Accessories,2,231.39,0,462.78,0.0,462.78,Card,Store,2026,9,September,21,Monday,False,462.78,231.39
TXN-0083814,2026-09-21,DXB-002,Dubai,CUST-07873,P006,Mouse,Accessories,5,94.4,10,472.0,47.2,424.8,Card,Store,2026,9,September,21,Monday,False,424.8,84.96
TXN-0083828,2026-09-21,DXB-002,Dubai,CUST-03959,P007,Office Chair,Furniture,2,627.64,15,1255.28,188.29,1066.99,Apple Pay,Store,2026,9,September,21,Monday,False,1066.99,533.5
TXN-0083944,2026-09-21,DXB-003,Dubai,CUST-06413,P009,Backpack,Accessories,1,244.71,0,244.71,0.0,244.71,Card,Store,2026,9,September,21,Monday,False,244.71,244.71
TXN-0084014,2026-09-21,DXB-003,Dubai,CUST-04165,P001,Laptop,Electronics,2,2877.7,10,5755.4,575.54,5179.86,Card,Store,2026,9,September,21,Monday,False,5179.86,2589.93
TXN-0084067,2026-09-21,DXB-001,Dubai,CUST-01320,P009,Backpack,Accessories,3,241.49,0,724.47,0.0,724.47,Card,Online,2026,9,September,21,Monday,False,724.47,241.49
TXN-0084106,2026-09-21,DXB-005,Dubai,CUST-05704,P008,Desk,Furniture,1,755.68,5,755.68,37.78,717.9,Bank Transfer,Store,2026,9,September,21,Monday,False,717.9,717.9
TXN-0084114,2026-09-21,DXB-002,Dubai,CUST-02503,P014,Power Bank,Electronics,4,141.11,5,564.44,28.22,536.22,Card,Online,2026,9,September,21,Monday,False,536.22,134.06
TXN-0084180,2026-09-21,DXB-002,Dubai,CUST-07403,P001,Laptop,Electronics,1,2501.1,15,2501.1,375.16,2125.94,Card,Store,2026,9,September,21,Monday,False,2125.94,2125.94
TXN-0084233,2026-09-21,DXB-001,Dubai,CUST-00340,P003,Headphones,Electronics,3,391.72,0,1175.16,0.0,1175.16,Cash,Store,2026,9,September,21,Monday,False,1175.16,391.72
TXN-0084290,2026-09-21,DXB-005,Dubai,CUST-05700,P008,Desk,Furniture,1,798.02,10,798.02,79.8,718.22,Bank Transfer,Store,2026,9,September,21,Monday,False,718.22,718.22
TXN-0084318,2026-09-21,DXB-003,Dubai,CUST-04704,P002,Smartphone,Electronics,6,1693.61,0,10161.66,0.0,10161.66,Apple Pay,Store,2026,9,September,21,Monday,False,10161.66,1693.61
TXN-0084358,2026-09-21,DXB-001,Dubai,CUST-04253,P007,Office Chair,Furniture,1,623.89,5,623.89,31.19,592.7,Card,Store,2026,9,September,21,Monday,False,592.7,592.7
TXN-0084369,2026-09-21,DXB-002,Dubai,CUST-01180,P004,Monitor,Electronics,4,864.29,0,3457.16,0.0,3457.16,Card,Store,2026,9,September,21,Monday,False,3457.16,864.29
TXN-0084467,2026-09-21,DXB-004,Dubai,CUST-03222,P001,Laptop,Electronics,2,2988.28,10,5976.56,597.66,5378.9,Cash,Store,2026,9,September,21,Monday,False,5378.9,2689.45
TXN-0084604,2026-09-21,DXB-001,Dubai,CUST-00646,P011,Notebook,Stationery,1,23.99,10,23.99,2.4,21.59,Apple Pay,Online,2026,9,September,21,Monday,False,21.59,21.59
TXN-0084739,2026-09-21,DXB-004,Dubai,CUST-05536,P002,Smartphone,Electronics,1,1786.06,10,1786.06,178.61,1607.45,Cash,Store,2026,9,September,21,Monday,False,1607.45,1607.45
TXN-0084804,2026-09-21,DXB-003,Dubai,CUST-03252,P009,Backpack,Accessories,3,222.21,10,666.63,66.66,599.97,Cash,Store,2026,9,September,21,Monday,False,599.97,199.99
TXN-0084814,2026-09-21,DXB-005,Dubai,CUST-07570,P003,Headphones,Electronics,4,363.81,5,1455.24,72.76,1382.48,Card,Store,2026,9,September,21,Monday,False,1382.48,345.62
TXN-0084825,2026-09-21,DXB-003,Dubai,CUST-01385,P001,Laptop,Electronics,1,2707.95,10,2707.95,270.8,2437.15,Cash,Online,2026,9,September,21,Monday,False,2437.15,2437.15
TXN-0084839,2026-09-21,DXB-004,Dubai,CUST-07588,P013,USB Drive,Accessories,2,52.06,10,104.12,10.41,93.71,Cash,Online,2026,9,September,21,Monday,False,93.71,46.86
TXN-0084888,2026-09-21,DXB-001,Dubai,CUST-06244,P013,USB Drive,Accessories,3,44.67,0,134.01,0.0,134.01,Card,Online,2026,9,September,21,Monday,False,134.01,44.67
TXN-0084890,2026-09-21,DXB-001,Dubai,CUST-02920,P010,Printer,Office,1,724.57,5,724.57,36.23,688.34,Bank Transfer,Online,2026,9,September,21,Monday,False,688.34,688.34
TXN-0085029,2026-09-21,DXB-001,Dubai,CUST-02942,P014,Power Bank,Electronics,6,162.68,0,976.08,0.0,976.08,Apple Pay,Store,2026,9,September,21,Monday,False,976.08,162.68
TXN-0085043,2026-09-21,DXB-003,Dubai,CUST-07832,P002,Smartphone,Electronics,1,1767.19,10,1767.19,176.72,1590.47,Cash,Store,2026,9,September,21,Monday,False,1590.47,1590.47
TXN-0085109,2026-09-21,DXB-003,Dubai,CUST-07884,P010,Printer,Office,4,727.92,10,2911.68,291.17,2620.51,Card,Online,2026,9,September,21,Monday,False,2620.51,655.13
TXN-0085244,2026-09-21,DXB-001,Dubai,CUST-03047,P010,Printer,Office,1,606.94,0,606.94,0.0,606.94,Cash,Store,2026,9,September,21,Monday,False,606.94,606.94
TXN-0085315,2026-09-21,DXB-001,Dubai,CUST-00753,P012,Pen Pack,Stationery,2,14.1,10,28.2,2.82,25.38,Cash,Store,2026,9,September,21,Monday,False,25.38,12.69
TXN-0085453,2026-09-21,DXB-005,Dubai,CUST-03100,P001,Laptop,Electronics,3,2840.05,0,8520.15,0.0,8520.15,Cash,Store,2026,9,September,21,Monday,False,8520.15,2840.05
TXN-0085490,2026-09-21,DXB-005,Dubai,CUST-03523,P014,Power Bank,Electronics,1,137.32,0,137.32,0.0,137.32,Cash,Store,2026,9,September,21,Monday,False,137.32,137.32
TXN-0085548,2026-09-21,DXB-004,Dubai,CUST-05873,P001,Laptop,Electronics,3,2778.13,0,8334.39,0.0,8334.39,Card,Online,2026,9,September,21,Monday,False,8334.39,2778.13
TXN-0085627,2026-09-21,DXB-005,Dubai,CUST-00357,P001,Laptop,Electronics,3,2699.78,5,8099.34,404.97,7694.37,Apple Pay,Store,2026,9,September,21,Monday,False,7694.37,2564.79
TXN-0085682,2026-09-21,DXB-004,Dubai,CUST-01928,P002,Smartphone,Electronics,5,1716.8,0,8584.0,0.0,8584.0,Apple Pay,Store,2026,9,September,21,Monday,False,8584.0,1716.8
TXN-0085685,2026-09-21,DXB-005,Dubai,CUST-05796,P010,Printer,Office,4,735.17,0,2940.68,0.0,2940.68,Cash,Store,2026,9,September,21,Monday,False,2940.68,735.17
TXN-0085779,2026-09-21,DXB-004,Dubai,CUST-01927,P005,Keyboard,Accessories,2,163.24,5,326.48,16.32,310.16,Card,Store,2026,9,September,21,Monday,False,310.16,155.08
TXN-0085846,2026-09-21,DXB-004,Dubai,CUST-06514,P015,Tablet,Electronics,2,1137.13,15,2274.26,341.14,1933.12,Apple Pay,Store,2026,9,September,21,Monday,False,1933.12,966.56
TXN-0085973,2026-09-21,DXB-003,Dubai,CUST-06621,P014,Power Bank,Electronics,1,145.21,0,145.21,0.0,145.21,Card,Store,2026,9,September,21,Monday,False,145.21,145.21
TXN-0085976,2026-09-21,DXB-002,Dubai,CUST-01602,P002,Smartphone,Electronics,1,1817.05,10,1817.05,181.7,1635.35,Bank Transfer,Store,2026,9,September,21,Monday,False,1635.35,1635.35
TXN-0086066,2026-09-21,DXB-003,Dubai,CUST-00024,P002,Smartphone,Electronics,1,1786.47,5,1786.47,89.32,1697.15,Cash,Online,2026,9,September,21,Monday,False,1697.15,1697.15
TXN-0086210,2026-09-21,DXB-003,Dubai,CUST-00508,P009,Backpack,Accessories,1,218.2,20,218.2,43.64,174.56,Bank Transfer,Online,2026,9,September,21,Monday,False,174.56,174.56
TXN-0086409,2026-09-21,DXB-004,Dubai,CUST-04838,P015,Tablet,Electronics,1,1170.17,5,1170.17,58.51,1111.66,Card,Store,2026,9,September,21,Monday,False,1111.66,1111.66
TXN-0086474,2026-09-21,DXB-001,Dubai,CUST-01053,P009,Backpack,Accessories,2,224.86,0,449.72,0.0,449.72,Card,Online,2026,9,September,21,Monday,False,449.72,224.86
TXN-0086509,2026-09-21,DXB-002,Dubai,CUST-01015,P002,Smartphone,Electronics,1,1897.12,10,1897.12,189.71,1707.41,Card,Online,2026,9,September,21,Monday,False,1707.41,1707.41
TXN-0086532,2026-09-21,DXB-003,Dubai,CUST-06046,P015,Tablet,Electronics,6,1076.83,0,6460.98,0.0,6460.98,Card,Online,2026,9,September,21,Monday,False,6460.98,1076.83
TXN-0086570,2026-09-21,DXB-001,Dubai,CUST-04574,P006,Mouse,Accessories,1,94.56,10,94.56,9.46,85.1,Bank Transfer,Store,2026,9,September,21,Monday,False,85.1,85.1
TXN-0086581,2026-09-21,DXB-001,Dubai,CUST-07680,P007,Office Chair,Furniture,1,641.37,15,641.37,96.21,545.16,Card,Store,2026,9,September,21,Monday,False,545.16,545.16
TXN-0086619,2026-09-21,DXB-003,Dubai,CUST-01521,P008,Desk,Furniture,1,874.3,10,874.3,87.43,786.87,Cash,Online,2026,9,September,21,Monday,False,786.87,786.87
TXN-0086690,2026-09-21,DXB-001,Dubai,CUST-07066,P011,Notebook,Stationery,1,25.43,5,25.43,1.27,24.16,Card,Store,2026,9,September,21,Monday,False,24.16,24.16
TXN-0086704,2026-09-21,DXB-001,Dubai,CUST-05891,P012,Pen Pack,Stationery,3,15.72,5,47.16,2.36,44.8,Cash,Store,2026,9,September,21,Monday,False,44.8,14.93
TXN-0086794,2026-09-21,DXB-001,Dubai,CUST-06747,P002,Smartphone,Electronics,1,1862.55,10,1862.55,186.26,1676.29,Card,Online,2026,9,September,21,Monday,False,1676.29,1676.29
TXN-0086798,2026-09-21,DXB-001,Dubai,CUST-03398,P013,USB Drive,Accessories,1,42.12,10,42.12,4.21,37.91,Card,Store,2026,9,September,21,Monday,False,37.91,37.91
TXN-0086823,2026-09-21,DXB-001,Dubai,CUST-06195,P008,Desk,Furniture,2,805.33,5,1610.66,80.53,1530.13,Cash,Store,2026,9,September,21,Monday,False,1530.13,765.06
TXN-0086889,2026-09-21,DXB-001,Dubai,CUST-00454,P014,Power Bank,Electronics,1,156.67,10,156.67,15.67,141.0,Cash,Store,2026,9,September,21,Monday,False,141.0,141.0
TXN-0086978,2026-09-21,DXB-002,Dubai,CUST-00372,P011,Notebook,Stationery,1,24.86,0,24.86,0.0,24.86,Card,Online,2026,9,September,21,Monday,False,24.86,24.86
TXN-0086988,2026-09-21,DXB-001,Dubai,CUST-03033,P014,Power Bank,Electronics,1,152.2,0,152.2,0.0,152.2,Card,Store,2026,9,September,21,Monday,False,152.2,152.2
TXN-0087004,2026-09-21,DXB-002,Dubai,CUST-06065,P009,Backpack,Accessories,2,215.81,15,431.62,64.74,366.88,Apple Pay,Store,2026,9,September,21,Monday,False,366.88,183.44
TXN-0087029,2026-09-21,DXB-001,Dubai,CUST-05214,P012,Pen Pack,Stationery,4,15.14,15,60.56,9.08,51.48,Card,Online,2026,9,September,21,Monday,False,51.48,12.87
TXN-0087042,2026-09-21,DXB-003,Dubai,CUST-03207,P013,USB Drive,Accessories,1,43.6,15,43.6,6.54,37.06,Cash,Store,2026,9,September,21,Monday,False,37.06,37.06
TXN-0087048,2026-09-21,DXB-002,Dubai,CUST-00095,P008,Desk,Furniture,1,836.92,10,836.92,83.69,753.23,Cash,Online,2026,9,September,21,Monday,False,753.23,753.23
TXN-0087216,2026-09-21,DXB-004,Dubai,CUST-03973,P009,Backpack,Accessories,1,220.15,5,220.15,11.01,209.14,Card,Store,2026,9,September,21,Monday,False,209.14,209.14
TXN-0087354,2026-09-21,DXB-001,Dubai,CUST-02946,P008,Desk,Furniture,1,845.76,5,845.76,42.29,803.47,Card,Online,2026,9,September,21,Monday,False,803.47,803.47
TXN-0087357,2026-09-21,DXB-003,Dubai,CUST-06996,P010,Printer,Office,2,755.13,10,1510.26,151.03,1359.23,Bank Transfer,Store,2026,9,September,21,Monday,False,1359.23,679.62
TXN-0087389,2026-09-21,DXB-002,Dubai,CUST-02940,P007,Office Chair,Furniture,1,675.71,10,675.71,67.57,608.14,Bank Transfer,Online,2026,9,September,21,Monday,False,608.14,608.14
TXN-0087443,2026-09-21,DXB-002,Dubai,CUST-06456,P005,Keyboard,Accessories,2,184.3,5,368.6,18.43,350.17,Card,Online,2026,9,September,21,Monday,False,350.17,175.08
TXN-0087461,2026-09-21,DXB-001,Dubai,CUST-06790,P001,Laptop,Electronics,1,2912.69,5,2912.69,145.63,2767.06,Cash,Online,2026,9,September,21,Monday,False,2767.06,2767.06
TXN-0087565,2026-09-21,DXB-003,Dubai,CUST-06033,P001,Laptop,Electronics,3,2790.2,5,8370.6,418.53,7952.07,Card,Store,2026,9,September,21,Monday,False,7952.07,2650.69
TXN-0087621,2026-09-21,DXB-001,Dubai,CUST-07157,P006,Mouse,Accessories,6,97.21,15,583.26,87.49,495.77,Apple Pay,Store,2026,9,September,21,Monday,False,495.77,82.63
TXN-0087625,2026-09-21,DXB-001,Dubai,CUST-00456,P004,Monitor,Electronics,1,792.7,10,792.7,79.27,713.43,Apple Pay,Online,2026,9,September,21,Monday,False,713.43,713.43
TXN-0087709,2026-09-21,DXB-003,Dubai,CUST-04260,P004,Monitor,Electronics,1,879.24,5,879.24,43.96,835.28,Apple Pay,Online,2026,9,September,21,Monday,False,835.28,835.28
TXN-0087712,2026-09-21,DXB-003,Dubai,CUST-04836,P015,Tablet,Electronics,1,1148.04,10,1148.04,114.8,1033.24,Card,Store,2026,9,September,21,Monday,False,1033.24,1033.24
TXN-0087884,2026-09-21,DXB-002,Dubai,CUST-06532,P012,Pen Pack,Stationery,3,13.88,0,41.64,0.0,41.64,Apple Pay,Store,2026,9,September,21,Monday,False,41.64,13.88
TXN-0087992,2026-09-21,DXB-004,Dubai,CUST-04532,P014,Power Bank,Electronics,2,124.79,0,249.58,0.0,249.58,Cash,Online,2026,9,September,21,Monday,False,249.58,124.79
TXN-0088015,2026-09-21,DXB-003,Dubai,CUST-05109,P009,Backpack,Accessories,2,220.23,0,440.46,0.0,440.46,Cash,Store,2026,9,September,21,Monday,False,440.46,220.23
TXN-0088065,2026-09-21,DXB-004,Dubai,CUST-07999,P008,Desk,Furniture,1,928.17,20,928.17,185.63,742.54,Cash,Store,2026,9,September,21,Monday,False,742.54,742.54
TXN-0088090,2026-09-21,DXB-001,Dubai,CUST-02011,P004,Monitor,Electronics,3,925.28,15,2775.84,416.38,2359.46,Cash,Store,2026,9,September,21,Monday,False,2359.46,786.49
TXN-0088172,2026-09-21,DXB-001,Dubai,CUST-02102,P004,Monitor,Electronics,1,894.11,15,894.11,134.12,759.99,Apple Pay,Store,2026,9,September,21,Monday,False,759.99,759.99
TXN-0088270,2026-09-21,DXB-005,Dubai,CUST-01540,P008,Desk,Furniture,2,797.76,15,1595.52,239.33,1356.19,Card,Online,2026,9,September,21,Monday,False,1356.19,678.1
TXN-0088314,2026-09-21,DXB-001,Dubai,CUST-04246,P002,Smartphone,Electronics,2,1681.35,5,3362.7,168.14,3194.56,Cash,Online,2026,9,September,21,Monday,False,3194.56,1597.28
TXN-0088316,2026-09-21,DXB-001,Dubai,CUST-03574,P013,USB Drive,Accessories,1,47.07,10,47.07,4.71,42.36,Card,Store,2026,9,September,21,Monday,False,42.36,42.36
TXN-0088349,2026-09-21,DXB-002,Dubai,CUST-03887,P010,Printer,Office,1,686.01,15,686.01,102.9,583.11,Card,Online,2026,9,September,21,Monday,False,583.11,583.11
TXN-0088544,2026-09-21,DXB-002,Dubai,CUST-00646,P014,Power Bank,Electronics,1,143.19,0,143.19,0.0,143.19,Card,Store,2026,9,September,21,Monday,False,143.19,143.19
TXN-0088591,2026-09-21,DXB-005,Dubai,CUST-06471,P015,Tablet,Electronics,1,1329.19,10,1329.19,132.92,1196.27,Card,Online,2026,9,September,21,Monday,False,1196.27,1196.27
TXN-0088624,2026-09-21,DXB-002,Dubai,CUST-07361,P011,Notebook,Stationery,1,25.83,5,25.83,1.29,24.54,Cash,Store,2026,9,September,21,Monday,False,24.54,24.54
TXN-0088716,2026-09-21,DXB-002,Dubai,CUST-03721,P010,Printer,Office,1,690.43,15,690.43,103.56,586.87,Apple Pay,Store,2026,9,September,21,Monday,False,586.87,586.87
TXN-0088758,2026-09-21,DXB-002,Dubai,CUST-06778,P004,Monitor,Electronics,5,888.45,0,4442.25,0.0,4442.25,Cash,Store,2026,9,September,21,Monday,False,4442.25,888.45
TXN-0088773,2026-09-21,DXB-001,Dubai,CUST-06945,P002,Smartphone,Electronics,2,1795.86,5,3591.72,179.59,3412.13,Cash,Store,2026,9,September,21,Monday,False,3412.13,1706.06
TXN-0088776,2026-09-21,DXB-002,Dubai,CUST-06874,P006,Mouse,Accessories,1,97.95,15,97.95,14.69,83.26,Cash,Store,2026,9,September,21,Monday,False,83.26,83.26
TXN-0088786,2026-09-21,DXB-003,Dubai,CUST-03316,P009,Backpack,Accessories,1,221.83,10,221.83,22.18,199.65,Card,Online,2026,9,September,21,Monday,False,199.65,199.65
TXN-0088864,2026-09-21,DXB-005,Dubai,CUST-05949,P008,Desk,Furniture,2,855.09,0,1710.18,0.0,1710.18,Card,Store,2026,9,September,21,Monday,False,1710.18,855.09
TXN-0088927,2026-09-21,DXB-001,Dubai,CUST-00150,P013,USB Drive,Accessories,2,42.39,15,84.78,12.72,72.06,Card,Online,2026,9,September,21,Monday,False,72.06,36.03
TXN-0088933,2026-09-21,DXB-001,Dubai,CUST-06249,P015,Tablet,Electronics,1,1223.61,20,1223.61,244.72,978.89,Card,Store,2026,9,September,21,Monday,False,978.89,978.89
TXN-0089083,2026-09-21,DXB-003,Dubai,CUST-05225,P014,Power Bank,Electronics,4,155.43,5,621.72,31.09,590.63,Card,Online,2026,9,September,21,Monday,False,590.63,147.66
TXN-0089193,2026-09-21,DXB-001,Dubai,CUST-06950,P011,Notebook,Stationery,2,24.99,15,49.98,7.5,42.48,Card,Store,2026,9,September,21,Monday,False,42.48,21.24
TXN-0089224,2026-09-21,DXB-001,Dubai,CUST-05207,P006,Mouse,Accessories,2,98.66,5,197.32,9.87,187.45,Card,Store,2026,9,September,21,Monday,False,187.45,93.72
TXN-0089293,2026-09-21,DXB-003,Dubai,CUST-02856,P005,Keyboard,Accessories,1,170.05,15,170.05,25.51,144.54,Card,Store,2026,9,September,21,Monday,False,144.54,144.54
TXN-0089320,2026-09-21,DXB-003,Dubai,CUST-04574,P015,Tablet,Electronics,2,1206.62,15,2413.24,361.99,2051.25,Card,Store,2026,9,September,21,Monday,False,2051.25,1025.62
TXN-0089416,2026-09-21,DXB-005,Dubai,CUST-04829,P010,Printer,Office,2,765.53,0,1531.06,0.0,1531.06,Card,Online,2026,9,September,21,Monday,False,1531.06,765.53
TXN-0089482,2026-09-21,DXB-003,Dubai,CUST-05404,P012,Pen Pack,Stationery,5,14.02,10,70.1,7.01,63.09,Bank Transfer,Store,2026,9,September,21,Monday,False,63.09,12.62
TXN-0089499,2026-09-21,DXB-003,Dubai,CUST-00791,P013,USB Drive,Accessories,1,46.53,0,46.53,0.0,46.53,Card,Store,2026,9,September,21,Monday,False,46.53,46.53
TXN-0089512,2026-09-21,DXB-001,Dubai,CUST-05191,P001,Laptop,Electronics,1,2761.55,15,2761.55,414.23,2347.32,Card,Online,2026,9,September,21,Monday,False,2347.32,2347.32
TXN-0089595,2026-09-21,DXB-004,Dubai,CUST-01271,P014,Power Bank,Electronics,1,155.71,10,155.71,15.57,140.14,Card,Store,2026,9,September,21,Monday,False,140.14,140.14
TXN-0089649,2026-09-21,DXB-002,Dubai,CUST-05146,P007,Office Chair,Furniture,1,602.13,5,602.13,30.11,572.02,Cash,Store,2026,9,September,21,Monday,False,572.02,572.02
TXN-0089704,2026-09-21,DXB-005,Dubai,CUST-03983,P001,Laptop,Electronics,1,2804.69,15,2804.69,420.7,2383.99,Card,Store,2026,9,September,21,Monday,False,2383.99,2383.99
TXN-0089731,2026-09-21,DXB-004,Dubai,CUST-07465,P002,Smartphone,Electronics,1,1556.52,5,1556.52,77.83,1478.69,Card,Online,2026,9,September,21,Monday,False,1478.69,1478.69
TXN-0089744,2026-09-21,DXB-001,Dubai,CUST-04362,P003,Headphones,Electronics,2,316.16,0,632.32,0.0,632.32,Bank Transfer,Store,2026,9,September,21,Monday,False,632.32,316.16
TXN-0089792,2026-09-21,DXB-005,Dubai,CUST-03660,P013,USB Drive,Accessories,2,49.93,10,99.86,9.99,89.87,Card,Store,2026,9,September,21,Monday,False,89.87,44.94
TXN-0089812,2026-09-21,DXB-003,Dubai,CUST-04452,P014,Power Bank,Electronics,2,139.12,0,278.24,0.0,278.24,Apple Pay,Store,2026,9,September,21,Monday,False,278.24,139.12
TXN-0089921,2026-09-21,DXB-005,Dubai,CUST-04317,P011,Notebook,Stationery,1,26.49,0,26.49,0.0,26.49,Apple Pay,Store,2026,9,September,21,Monday,False,26.49,26.49
TXN-0089928,2026-09-21,DXB-003,Dubai,CUST-05452,P001,Laptop,Electronics,2,2677.21,5,5354.42,267.72,5086.7,Apple Pay,Store,2026,9,September,21,Monday,False,5086.7,2543.35
TXN-0090044,2026-09-21,DXB-001,Dubai,CUST-02035,P010,Printer,Office,1,649.68,0,649.68,0.0,649.68,Cash,Store,2026,9,September,21,Monday,False,649.68,649.68
TXN-0090148,2026-09-21,DXB-001,Dubai,CUST-03948,P014,Power Bank,Electronics,2,129.69,5,259.38,12.97,246.41,Card,Store,2026,9,September,21,Monday,False,246.41,123.2
TXN-0090155,2026-09-21,DXB-001,Dubai,CUST-04936,P011,Notebook,Stationery,1,23.2,0,23.2,0.0,23.2,Card,Store,2026,9,September,21,Monday,False,23.2,23.2
TXN-0090238,2026-09-21,DXB-002,Dubai,CUST-07611,P004,Monitor,Electronics,2,736.99,5,1473.98,73.7,1400.28,Card,Store,2026,9,September,21,Monday,False,1400.28,700.14
TXN-0090301,2026-09-21,DXB-005,Dubai,CUST-04743,P004,Monitor,Electronics,1,950.26,20,950.26,190.05,760.21,Cash,Store,2026,9,September,21,Monday,False,760.21,760.21
TXN-0090337,2026-09-21,DXB-002,Dubai,CUST-00610,P001,Laptop,Electronics,2,2751.66,0,5503.32,0.0,5503.32,Card,Store,2026,9,September,21,Monday,False,5503.32,2751.66
TXN-0090430,2026-09-21,DXB-004,Dubai,CUST-02926,P009,Backpack,Accessories,1,215.72,10,215.72,21.57,194.15,Apple Pay,Store,2026,9,September,21,Monday,False,194.15,194.15
TXN-0090464,2026-09-21,DXB-002,Dubai,CUST-06062,P006,Mouse,Accessories,2,108.91,0,217.82,0.0,217.82,Card,Store,2026,9,September,21,Monday,False,217.82,108.91
TXN-0090470,2026-09-21,DXB-005,Dubai,CUST-04590,P002,Smartphone,Electronics,5,1744.27,5,8721.35,436.07,8285.28,Card,Online,2026,9,September,21,Monday,False,8285.28,1657.06
TXN-0090544,2026-09-21,DXB-001,Dubai,CUST-06087,P006,Mouse,Accessories,1,100.04,5,100.04,5.0,95.04,Bank Transfer,Store,2026,9,September,21,Monday,False,95.04,95.04
TXN-0090546,2026-09-21,DXB-002,Dubai,CUST-01167,P012,Pen Pack,Stationery,2,15.95,0,31.9,0.0,31.9,Card,Online,2026,9,September,21,Monday,False,31.9,15.95
TXN-0090609,2026-09-21,DXB-003,Dubai,CUST-00787,P011,Notebook,Stationery,1,22.91,5,22.91,1.15,21.76,Apple Pay,Store,2026,9,September,21,Monday,False,21.76,21.76
TXN-0090610,2026-09-21,DXB-001,Dubai,CUST-05557,P005,Keyboard,Accessories,4,180.96,0,723.84,0.0,723.84,Apple Pay,Store,2026,9,September,21,Monday,False,723.84,180.96
TXN-0090620,2026-09-21,DXB-005,Dubai,CUST-02703,P002,Smartphone,Electronics,2,1547.49,5,3094.98,154.75,2940.23,Card,Store,2026,9,September,21,Monday,False,2940.23,1470.12
TXN-0090685,2026-09-21,DXB-001,Dubai,CUST-04152,P012,Pen Pack,Stationery,1,13.78,10,13.78,1.38,12.4,Cash,Online,2026,9,September,21,Monday,False,12.4,12.4
TXN-0090691,2026-09-21,DXB-004,Dubai,CUST-04636,P004,Monitor,Electronics,1,983.13,5,983.13,49.16,933.97,Card,Store,2026,9,September,21,Monday,False,933.97,933.97
TXN-0090721,2026-09-21,DXB-001,Dubai,CUST-05305,P006,Mouse,Accessories,1,97.1,10,97.1,9.71,87.39,Apple Pay,Online,2026,9,September,21,Monday,False,87.39,87.39
TXN-0090730,2026-09-21,DXB-002,Dubai,CUST-02011,P007,Office Chair,Furniture,1,614.1,5,614.1,30.7,583.4,Apple Pay,Store,2026,9,September,21,Monday,False,583.4,583.4
TXN-0090907,2026-09-21,DXB-002,Dubai,CUST-01636,P005,Keyboard,Accessories,1,189.9,10,189.9,18.99,170.91,Cash,Online,2026,9,September,21,Monday,False,170.91,170.91
TXN-0090988,2026-09-21,DXB-004,Dubai,CUST-02501,P013,USB Drive,Accessories,2,44.6,0,89.2,0.0,89.2,Apple Pay,Store,2026,9,September,21,Monday,False,89.2,44.6
TXN-0091018,2026-09-21,DXB-001,Dubai,CUST-06727,P006,Mouse,Accessories,1,104.19,5,104.19,5.21,98.98,Card,Store,2026,9,September,21,Monday,False,98.98,98.98
TXN-0091091,2026-09-21,DXB-004,Dubai,CUST-07485,P014,Power Bank,Electronics,4,137.51,10,550.04,55.0,495.04,Cash,Store,2026,9,September,21,Monday,False,495.04,123.76
TXN-0091133,2026-09-21,DXB-005,Dubai,CUST-01540,P004,Monitor,Electronics,1,719.94,10,719.94,71.99,647.95,Card,Online,2026,9,September,21,Monday,False,647.95,647.95
TXN-0091272,2026-09-21,DXB-001,Dubai,CUST-02807,P012,Pen Pack,Stationery,2,14.52,5,29.04,1.45,27.59,Apple Pay,Online,2026,9,September,21,Monday,False,27.59,13.8
TXN-0091361,2026-09-21,DXB-003,Dubai,CUST-06328,P006,Mouse,Accessories,3,95.76,20,287.28,57.46,229.82,Card,Store,2026,9,September,21,Monday,False,229.82,76.61
TXN-0091387,2026-09-21,DXB-005,Dubai,CUST-00483,P009,Backpack,Accessories,4,247.5,10,990.0,99.0,891.0,Apple Pay,Store,2026,9,September,21,Monday,False,891.0,222.75
TXN-0091422,2026-09-21,DXB-001,Dubai,CUST-07372,P008,Desk,Furniture,1,835.66,5,835.66,41.78,793.88,Apple Pay,Online,2026,9,September,21,Monday,False,793.88,793.88
TXN-0091434,2026-09-21,DXB-003,Dubai,CUST-03533,P013,USB Drive,Accessories,3,47.24,0,141.72,0.0,141.72,Card,Store,2026,9,September,21,Monday,False,141.72,47.24
TXN-0091437,2026-09-21,DXB-005,Dubai,CUST-03665,P011,Notebook,Stationery,1,24.61,5,24.61,1.23,23.38,Card,Store,2026,9,September,21,Monday,False,23.38,23.38
TXN-0091453,2026-09-21,DXB-001,Dubai,CUST-01103,P011,Notebook,Stationery,2,25.67,15,51.34,7.7,43.64,Bank Transfer,Store,2026,9,September,21,Monday,False,43.64,21.82
TXN-0091498,2026-09-21,DXB-001,Dubai,CUST-03190,P010,Printer,Office,1,769.97,5,769.97,38.5,731.47,Cash,Store,2026,9,September,21,Monday,False,731.47,731.47
TXN-0091635,2026-09-21,DXB-003,Dubai,CUST-04067,P012,Pen Pack,Stationery,1,13.53,15,13.53,2.03,11.5,Card,Online,2026,9,September,21,Monday,False,11.5,11.5
TXN-0091640,2026-09-21,DXB-003,Dubai,CUST-04233,P005,Keyboard,Accessories,1,199.89,0,199.89,0.0,199.89,Card,Store,2026,9,September,21,Monday,False,199.89,199.89
TXN-0091644,2026-09-21,DXB-002,Dubai,CUST-06765,P004,Monitor,Electronics,2,908.16,0,1816.32,0.0,1816.32,Cash,Store,2026,9,September,21,Monday,False,1816.32,908.16
TXN-0091657,2026-09-21,DXB-003,Dubai,CUST-07431,P001,Laptop,Electronics,2,2922.05,15,5844.1,876.62,4967.48,Card,Store,2026,9,September,21,Monday,False,4967.48,2483.74
TXN-0091661,2026-09-21,DXB-005,Dubai,CUST-00573,P002,Smartphone,Electronics,2,1906.4,10,3812.8,381.28,3431.52,Cash,Store,2026,9,September,21,Monday,False,3431.52,1715.76
TXN-0091851,2026-09-21,DXB-005,Dubai,CUST-00232,P012,Pen Pack,Stationery,1,16.05,15,16.05,2.41,13.64,Card,Online,2026,9,September,21,Monday,False,13.64,13.64
TXN-0091858,2026-09-21,DXB-002,Dubai,CUST-07638,P005,Keyboard,Accessories,1,174.74,10,174.74,17.47,157.27,Card,Online,2026,9,September,21,Monday,False,157.27,157.27
TXN-0091931,2026-09-21,DXB-002,Dubai,CUST-05460,P013,USB Drive,Accessories,2,45.28,10,90.56,9.06,81.5,Card,Store,2026,9,September,21,Monday,False,81.5,40.75
TXN-0091935,2026-09-21,DXB-002,Dubai,CUST-05933,P009,Backpack,Accessories,1,226.89,5,226.89,11.34,215.55,Apple Pay,Store,2026,9,September,21,Monday,False,215.55,215.55
TXN-0092080,2026-09-21,DXB-003,Dubai,CUST-01323,P011,Notebook,Stationery,3,23.94,0,71.82,0.0,71.82,Cash,Store,2026,9,September,21,Monday,False,71.82,23.94
TXN-0092126,2026-09-21,DXB-001,Dubai,CUST-05304,P012,Pen Pack,Stationery,1,13.86,5,13.86,0.69,13.17,Card,Store,2026,9,September,21,Monday,False,13.17,13.17
TXN-0092185,2026-09-21,DXB-005,Dubai,CUST-02888,P011,Notebook,Stationery,1,24.3,10,24.3,2.43,21.87,Apple Pay,Store,2026,9,September,21,Monday,False,21.87,21.87
TXN-0092195,2026-09-21,DXB-003,Dubai,CUST-06292,P011,Notebook,Stationery,1,26.14,15,26.14,3.92,22.22,Card,Store,2026,9,September,21,Monday,False,22.22,22.22
TXN-0092270,2026-09-21,DXB-004,Dubai,CUST-05677,P005,Keyboard,Accessories,3,175.11,5,525.33,26.27,499.06,Card,Store,2026,9,September,21,Monday,False,499.06,166.35
TXN-0092408,2026-09-21,DXB-004,Dubai,CUST-05007,P006,Mouse,Accessories,1,103.04,15,103.04,15.46,87.58,Card,Store,2026,9,September,21,Monday,False,87.58,87.58
TXN-0092447,2026-09-21,DXB-002,Dubai,CUST-02339,P004,Monitor,Electronics,1,826.33,0,826.33,0.0,826.33,Apple Pay,Store,2026,9,September,21,Monday,False,826.33,826.33
TXN-0092459,2026-09-21,DXB-001,Dubai,CUST-06042,P006,Mouse,Accessories,1,100.16,0,100.16,0.0,100.16,Apple Pay,Store,2026,9,September,21,Monday,False,100.16,100.16
TXN-0092473,2026-09-21,DXB-003,Dubai,CUST-04984,P008,Desk,Furniture,3,817.61,0,2452.83,0.0,2452.83,Card,Online,2026,9,September,21,Monday,False,2452.83,817.61
TXN-0092554,2026-09-21,DXB-005,Dubai,CUST-02066,P011,Notebook,Stationery,1,23.37,5,23.37,1.17,22.2,Cash,Online,2026,9,September,21,Monday,False,22.2,22.2
TXN-0092711,2026-09-21,DXB-002,Dubai,CUST-01458,P008,Desk,Furniture,1,810.78,0,810.78,0.0,810.78,Apple Pay,Store,2026,9,September,21,Monday,False,810.78,810.78
TXN-0092734,2026-09-21,DXB-002,Dubai,CUST-02164,P004,Monitor,Electronics,2,865.09,10,1730.18,173.02,1557.16,Apple Pay,Store,2026,9,September,21,Monday,False,1557.16,778.58
TXN-0092743,2026-09-21,DXB-001,Dubai,CUST-04203,P001,Laptop,Electronics,3,3206.07,10,9618.21,961.82,8656.39,Apple Pay,Store,2026,9,September,21,Monday,False,8656.39,2885.46
TXN-0092765,2026-09-21,DXB-004,Dubai,CUST-06276,P012,Pen Pack,Stationery,1,15.73,0,15.73,0.0,15.73,Apple Pay,Store,2026,9,September,21,Monday,False,15.73,15.73
TXN-0092770,2026-09-21,DXB-005,Dubai,CUST-02630,P003,Headphones,Electronics,3,351.76,10,1055.28,105.53,949.75,Bank Transfer,Store,2026,9,September,21,Monday,False,949.75,316.58
TXN-0092776,2026-09-21,DXB-005,Dubai,CUST-02495,P004,Monitor,Electronics,1,920.5,0,920.5,0.0,920.5,Apple Pay,Store,2026,9,September,21,Monday,False,920.5,920.5
TXN-0092892,2026-09-21,DXB-001,Dubai,CUST-00246,P014,Power Bank,Electronics,2,145.92,5,291.84,14.59,277.25,Card,Store,2026,9,September,21,Monday,False,277.25,138.62
TXN-0092896,2026-09-21,DXB-003,Dubai,CUST-06530,P005,Keyboard,Accessories,3,198.15,0,594.45,0.0,594.45,Apple Pay,Store,2026,9,September,21,Monday,False,594.45,198.15
TXN-0092923,2026-09-21,DXB-004,Dubai,CUST-07538,P011,Notebook,Stationery,2,25.52,0,51.04,0.0,51.04,Card,Store,2026,9,September,21,Monday,False,51.04,25.52
TXN-0092948,2026-09-21,DXB-002,Dubai,CUST-00820,P006,Mouse,Accessories,2,89.35,10,178.7,17.87,160.83,Apple Pay,Store,2026,9,September,21,Monday,False,160.83,80.42
TXN-0092993,2026-09-21,DXB-003,Dubai,CUST-02083,P008,Desk,Furniture,1,785.31,10,785.31,78.53,706.78,Card,Store,2026,9,September,21,Monday,False,706.78,706.78
TXN-0093085,2026-09-21,DXB-001,Dubai,CUST-06065,P014,Power Bank,Electronics,1,158.57,0,158.57,0.0,158.57,Apple Pay,Online,2026,9,September,21,Monday,False,158.57,158.57
TXN-0093090,2026-09-21,DXB-003,Dubai,CUST-05721,P010,Printer,Office,6,664.53,5,3987.18,199.36,3787.82,Cash,Store,2026,9,September,21,Monday,False,3787.82,631.3
TXN-0093235,2026-09-21,DXB-005,Dubai,CUST-07248,P010,Printer,Office,5,753.3,10,3766.5,376.65,3389.85,Bank Transfer,Online,2026,9,September,21,Monday,False,3389.85,677.97
TXN-0093275,2026-09-21,DXB-004,Dubai,CUST-01354,P012,Pen Pack,Stationery,1,15.55,0,15.55,0.0,15.55,Card,Store,2026,9,September,21,Monday,False,15.55,15.55
TXN-0093438,2026-09-21,DXB-003,Dubai,CUST-05441,P003,Headphones,Electronics,1,343.52,20,343.52,68.7,274.82,Apple Pay,Online,2026,9,September,21,Monday,False,274.82,274.82
TXN-0093472,2026-09-21,DXB-001,Dubai,CUST-00755,P007,Office Chair,Furniture,1,621.31,0,621.31,0.0,621.31,Card,Store,2026,9,September,21,Monday,False,621.31,621.31
TXN-0093515,2026-09-21,DXB-001,Dubai,CUST-02139,P015,Tablet,Electronics,1,1121.16,0,1121.16,0.0,1121.16,Card,Store,2026,9,September,21,Monday,False,1121.16,1121.16
TXN-0093546,2026-09-21,DXB-001,Dubai,CUST-00421,P004,Monitor,Electronics,2,945.77,15,1891.54,283.73,1607.81,Card,Store,2026,9,September,21,Monday,False,1607.81,803.9
TXN-0093589,2026-09-21,DXB-005,Dubai,CUST-03885,P003,Headphones,Electronics,1,336.69,10,336.69,33.67,303.02,Card,Store,2026,9,September,21,Monday,False,303.02,303.02
TXN-0093614,2026-09-21,DXB-001,Dubai,CUST-01862,P011,Notebook,Stationery,1,24.71,0,24.71,0.0,24.71,Card,Store,2026,9,September,21,Monday,False,24.71,24.71
TXN-0093744,2026-09-21,DXB-002,Dubai,CUST-02878,P007,Office Chair,Furniture,1,625.23,10,625.23,62.52,562.71,Bank Transfer,Store,2026,9,September,21,Monday,False,562.71,562.71
TXN-0093790,2026-09-21,DXB-004,Dubai,CUST-03488,P014,Power Bank,Electronics,1,140.99,15,140.99,21.15,119.84,Apple Pay,Online,2026,9,September,21,Monday,False,119.84,119.84
TXN-0093798,2026-09-21,DXB-003,Dubai,CUST-04939,P006,Mouse,Accessories,2,102.02,5,204.04,10.2,193.84,Cash,Store,2026,9,September,21,Monday,False,193.84,96.92
TXN-0093838,2026-09-21,DXB-001,Dubai,CUST-01203,P015,Tablet,Electronics,1,1133.71,5,1133.71,56.69,1077.02,Cash,Store,2026,9,September,21,Monday,False,1077.02,1077.02
TXN-0093885,2026-09-21,DXB-001,Dubai,CUST-00079,P011,Notebook,Stationery,4,21.85,10,87.4,8.74,78.66,Apple Pay,Store,2026,9,September,21,Monday,False,78.66,19.66
TXN-0093938,2026-09-21,DXB-003,Dubai,CUST-07002,P001,Laptop,Electronics,1,2899.37,0,2899.37,0.0,2899.37,Card,Store,2026,9,September,21,Monday,False,2899.37,2899.37
TXN-0094237,2026-09-21,DXB-005,Dubai,CUST-05508,P009,Backpack,Accessories,4,225.22,5,900.88,45.04,855.84,Apple Pay,Online,2026,9,September,21,Monday,False,855.84,213.96
TXN-0094243,2026-09-21,DXB-002,Dubai,CUST-04126,P007,Office Chair,Furniture,1,665.54,15,665.54,99.83,565.71,Card,Online,2026,9,September,21,Monday,False,565.71,565.71
TXN-0094272,2026-09-21,DXB-002,Dubai,CUST-05110,P012,Pen Pack,Stationery,4,15.57,0,62.28,0.0,62.28,Cash,Online,2026,9,September,21,Monday,False,62.28,15.57
TXN-0094282,2026-09-21,DXB-004,Dubai,CUST-02418,P010,Printer,Office,1,739.77,0,739.77,0.0,739.77,Apple Pay,Online,2026,9,September,21,Monday,False,739.77,739.77
TXN-0094288,2026-09-21,DXB-004,Dubai,CUST-02544,P005,Keyboard,Accessories,5,160.06,0,800.3,0.0,800.3,Apple Pay,Store,2026,9,September,21,Monday,False,800.3,160.06
TXN-0094299,2026-09-21,DXB-003,Dubai,CUST-00529,P008,Desk,Furniture,1,776.65,5,776.65,38.83,737.82,Apple Pay,Store,2026,9,September,21,Monday,False,737.82,737.82
TXN-0094316,2026-09-21,DXB-005,Dubai,CUST-00307,P008,Desk,Furniture,4,796.92,0,3187.68,0.0,3187.68,Apple Pay,Store,2026,9,September,21,Monday,False,3187.68,796.92
TXN-0094373,2026-09-21,DXB-004,Dubai,CUST-05168,P001,Laptop,Electronics,3,2602.32,5,7806.96,390.35,7416.61,Card,Store,2026,9,September,21,Monday,False,7416.61,2472.2
TXN-0094444,2026-09-21,DXB-001,Dubai,CUST-03561,P007,Office Chair,Furniture,2,645.94,0,1291.88,0.0,1291.88,Apple Pay,Online,2026,9,September,21,Monday,False,1291.88,645.94
TXN-0094506,2026-09-21,DXB-003,Dubai,CUST-01290,P008,Desk,Furniture,1,756.87,0,756.87,0.0,756.87,Card,Store,2026,9,September,21,Monday,False,756.87,756.87
TXN-0094526,2026-09-21,DXB-005,Dubai,CUST-00234,P004,Monitor,Electronics,3,835.5,5,2506.5,125.32,2381.18,Bank Transfer,Online,2026,9,September,21,Monday,False,2381.18,793.73
TXN-0094527,2026-09-21,DXB-004,Dubai,CUST-01863,P012,Pen Pack,Stationery,1,15.06,20,15.06,3.01,12.05,Cash,Store,2026,9,September,21,Monday,False,12.05,12.05
TXN-0094536,2026-09-21,DXB-001,Dubai,CUST-06377,P003,Headphones,Electronics,1,337.17,15,337.17,50.58,286.59,Card,Online,2026,9,September,21,Monday,False,286.59,286.59
TXN-0094539,2026-09-21,DXB-001,Dubai,CUST-00086,P015,Tablet,Electronics,1,1241.25,5,1241.25,62.06,1179.19,Bank Transfer,Store,2026,9,September,21,Monday,False,1179.19,1179.19
TXN-0094545,2026-09-21,DXB-003,Dubai,CUST-05335,P013,USB Drive,Accessories,1,48.91,10,48.91,4.89,44.02,Card,Store,2026,9,September,21,Monday,False,44.02,44.02
TXN-0094573,2026-09-21,DXB-003,Dubai,CUST-03890,P015,Tablet,Electronics,1,1149.29,10,1149.29,114.93,1034.36,Card,Store,2026,9,September,21,Monday,False,1034.36,1034.36
TXN-0094592,2026-09-21,DXB-005,Dubai,CUST-07638,P006,Mouse,Accessories,2,91.68,0,183.36,0.0,183.36,Card,Store,2026,9,September,21,Monday,False,183.36,91.68
TXN-0094652,2026-09-21,DXB-002,Dubai,CUST-03957,P003,Headphones,Electronics,5,364.17,10,1820.85,182.08,1638.77,Cash,Online,2026,9,September,21,Monday,False,1638.77,327.75
TXN-0094669,2026-09-21,DXB-001,Dubai,CUST-01666,P006,Mouse,Accessories,2,93.92,0,187.84,0.0,187.84,Card,Store,2026,9,September,21,Monday,False,187.84,93.92
TXN-0094687,2026-09-21,DXB-002,Dubai,CUST-05629,P004,Monitor,Electronics,3,872.6,0,2617.8,0.0,2617.8,Card,Store,2026,9,September,21,Monday,False,2617.8,872.6
TXN-0094749,2026-09-21,DXB-005,Dubai,CUST-02337,P009,Backpack,Accessories,2,215.22,15,430.44,64.57,365.87,Cash,Online,2026,9,September,21,Monday,False,365.87,182.94
TXN-0094897,2026-09-21,DXB-004,Dubai,CUST-06301,P006,Mouse,Accessories,2,106.04,10,212.08,21.21,190.87,Apple Pay,Online,2026,9,September,21,Monday,False,190.87,95.44
TXN-0094907,2026-09-21,DXB-002,Dubai,CUST-01893,P003,Headphones,Electronics,1,325.71,0,325.71,0.0,325.71,Cash,Online,2026,9,September,21,Monday,False,325.71,325.71
TXN-0094911,2026-09-21,DXB-002,Dubai,CUST-01060,P013,USB Drive,Accessories,2,47.51,10,95.02,9.5,85.52,Apple Pay,Online,2026,9,September,21,Monday,False,85.52,42.76
TXN-0094966,2026-09-21,DXB-003,Dubai,CUST-02259,P003,Headphones,Electronics,1,381.27,5,381.27,19.06,362.21,Cash,Online,2026,9,September,21,Monday,False,362.21,362.21
TXN-0095025,2026-09-21,DXB-005,Dubai,CUST-02677,P011,Notebook,Stationery,1,26.19,15,26.19,3.93,22.26,Apple Pay,Store,2026,9,September,21,Monday,False,22.26,22.26
TXN-0095125,2026-09-21,DXB-005,Dubai,CUST-07092,P007,Office Chair,Furniture,3,659.38,0,1978.14,0.0,1978.14,Card,Online,2026,9,September,21,Monday,False,1978.14,659.38
TXN-0095264,2026-09-21,DXB-002,Dubai,CUST-00521,P007,Office Chair,Furniture,1,651.3,0,651.3,0.0,651.3,Cash,Store,2026,9,September,21,Monday,False,651.3,651.3
TXN-0095294,2026-09-21,DXB-002,Dubai,CUST-02173,P014,Power Bank,Electronics,2,154.89,15,309.78,46.47,263.31,Apple Pay,Store,2026,9,September,21,Monday,False,263.31,131.66
TXN-0095328,2026-09-21,DXB-005,Dubai,CUST-04282,P005,Keyboard,Accessories,1,167.49,0,167.49,0.0,167.49,Card,Store,2026,9,September,21,Monday,False,167.49,167.49
TXN-0095348,2026-09-21,DXB-001,Dubai,CUST-03280,P014,Power Bank,Electronics,3,163.31,5,489.93,24.5,465.43,Card,Store,2026,9,September,21,Monday,False,465.43,155.14
TXN-0095427,2026-09-21,DXB-001,Dubai,CUST-04978,P014,Power Bank,Electronics,3,162.04,15,486.12,72.92,413.2,Cash,Store,2026,9,September,21,Monday,False,413.2,137.73
TXN-0095550,2026-09-21,DXB-001,Dubai,CUST-02964,P009,Backpack,Accessories,1,220.27,5,220.27,11.01,209.26,Apple Pay,Online,2026,9,September,21,Monday,False,209.26,209.26
TXN-0095599,2026-09-21,DXB-003,Dubai,CUST-01833,P013,USB Drive,Accessories,1,42.77,5,42.77,2.14,40.63,Cash,Store,2026,9,September,21,Monday,False,40.63,40.63
TXN-0095605,2026-09-21,DXB-003,Dubai,CUST-02727,P011,Notebook,Stationery,2,23.64,5,47.28,2.36,44.92,Apple Pay,Store,2026,9,September,21,Monday,False,44.92,22.46
TXN-0095732,2026-09-21,DXB-005,Dubai,CUST-06976,P011,Notebook,Stationery,5,19.91,5,99.55,4.98,94.57,Cash,Store,2026,9,September,21,Monday,False,94.57,18.91
TXN-0095739,2026-09-21,DXB-005,Dubai,CUST-03081,P002,Smartphone,Electronics,2,1907.84,5,3815.68,190.78,3624.9,Apple Pay,Store,2026,9,September,21,Monday,False,3624.9,1812.45
TXN-0096052,2026-09-21,DXB-001,Dubai,CUST-03994,P006,Mouse,Accessories,3,77.52,0,232.56,0.0,232.56,Card,Store,2026,9,September,21,Monday,False,232.56,77.52
TXN-0096197,2026-09-21,DXB-003,Dubai,CUST-04378,P008,Desk,Furniture,4,734.8,0,2939.2,0.0,2939.2,Card,Online,2026,9,September,21,Monday,False,2939.2,734.8
TXN-0096233,2026-09-21,DXB-004,Dubai,CUST-03391,P004,Monitor,Electronics,2,933.28,5,1866.56,93.33,1773.23,Card,Store,2026,9,September,21,Monday,False,1773.23,886.62
TXN-0096273,2026-09-21,DXB-003,Dubai,CUST-03223,P003,Headphones,Electronics,1,387.07,10,387.07,38.71,348.36,Card,Store,2026,9,September,21,Monday,False,348.36,348.36
TXN-0096293,2026-09-21,DXB-002,Dubai,CUST-02479,P011,Notebook,Stationery,1,24.56,10,24.56,2.46,22.1,Bank Transfer,Online,2026,9,September,21,Monday,False,22.1,22.1
TXN-0096345,2026-09-21,DXB-001,Dubai,CUST-07804,P009,Backpack,Accessories,1,225.04,20,225.04,45.01,180.03,Apple Pay,Store,2026,9,September,21,Monday,False,180.03,180.03
TXN-0096410,2026-09-21,DXB-001,Dubai,CUST-06992,P005,Keyboard,Accessories,1,174.25,5,174.25,8.71,165.54,Card,Store,2026,9,September,21,Monday,False,165.54,165.54
TXN-0096447,2026-09-21,DXB-004,Dubai,CUST-04475,P002,Smartphone,Electronics,1,1879.7,10,1879.7,187.97,1691.73,Cash,Store,2026,9,September,21,Monday,False,1691.73,1691.73
TXN-0096452,2026-09-21,DXB-003,Dubai,CUST-03953,P009,Backpack,Accessories,1,229.63,15,229.63,34.44,195.19,Cash,Online,2026,9,September,21,Monday,False,195.19,195.19
TXN-0096593,2026-09-21,DXB-003,Dubai,CUST-07505,P006,Mouse,Accessories,2,94.08,5,188.16,9.41,178.75,Card,Store,2026,9,September,21,Monday,False,178.75,89.38
TXN-0096610,2026-09-21,DXB-003,Dubai,CUST-02426,P004,Monitor,Electronics,1,888.89,0,888.89,0.0,888.89,Bank Transfer,Store,2026,9,September,21,Monday,False,888.89,888.89
TXN-0096647,2026-09-21,DXB-003,Dubai,CUST-02698,P008,Desk,Furniture,1,805.89,5,805.89,40.29,765.6,Card,Store,2026,9,September,21,Monday,False,765.6,765.6
TXN-0096667,2026-09-21,DXB-003,Dubai,CUST-05798,P003,Headphones,Electronics,3,320.74,10,962.22,96.22,866.0,Card,Online,2026,9,September,21,Monday,False,866.0,288.67
TXN-0096727,2026-09-21,DXB-004,Dubai,CUST-02191,P004,Monitor,Electronics,2,872.59,5,1745.18,87.26,1657.92,Apple Pay,Store,2026,9,September,21,Monday,False,1657.92,828.96
TXN-0096740,2026-09-21,DXB-002,Dubai,CUST-02048,P009,Backpack,Accessories,4,209.79,5,839.16,41.96,797.2,Apple Pay,Store,2026,9,September,21,Monday,False,797.2,199.3
TXN-0096755,2026-09-21,DXB-001,Dubai,CUST-00092,P015,Tablet,Electronics,3,1248.91,5,3746.73,187.34,3559.39,Card,Online,2026,9,September,21,Monday,False,3559.39,1186.46
TXN-0096766,2026-09-21,DXB-003,Dubai,CUST-04039,P012,Pen Pack,Stationery,4,14.09,5,56.36,2.82,53.54,Cash,Online,2026,9,September,21,Monday,False,53.54,13.38
TXN-0096784,2026-09-21,DXB-001,Dubai,CUST-00055,P013,USB Drive,Accessories,1,41.92,5,41.92,2.1,39.82,Cash,Store,2026,9,September,21,Monday,False,39.82,39.82
TXN-0096791,2026-09-21,DXB-001,Dubai,CUST-01365,P006,Mouse,Accessories,1,107.66,15,107.66,16.15,91.51,Cash,Online,2026,9,September,21,Monday,False,91.51,91.51
TXN-0096799,2026-09-21,DXB-001,Dubai,CUST-03805,P012,Pen Pack,Stationery,1,15.96,0,15.96,0.0,15.96,Apple Pay,Store,2026,9,September,21,Monday,False,15.96,15.96
TXN-0096801,2026-09-21,DXB-001,Dubai,CUST-03494,P014,Power Bank,Electronics,3,146.47,5,439.41,21.97,417.44,Card,Store,2026,9,September,21,Monday,False,417.44,139.15
TXN-0096845,2026-09-21,DXB-002,Dubai,CUST-04221,P006,Mouse,Accessories,1,100.15,0,100.15,0.0,100.15,Card,Store,2026,9,September,21,Monday,False,100.15,100.15
TXN-0096885,2026-09-21,DXB-001,Dubai,CUST-07059,P015,Tablet,Electronics,2,1296.49,5,2592.98,129.65,2463.33,Card,Store,2026,9,September,21,Monday,False,2463.33,1231.66
TXN-0096934,2026-09-21,DXB-005,Dubai,CUST-07449,P003,Headphones,Electronics,1,360.19,5,360.19,18.01,342.18,Card,Store,2026,9,September,21,Monday,False,342.18,342.18
TXN-0096936,2026-09-21,DXB-003,Dubai,CUST-01866,P008,Desk,Furniture,2,820.76,0,1641.52,0.0,1641.52,Apple Pay,Store,2026,9,September,21,Monday,False,1641.52,820.76
TXN-0096941,2026-09-21,DXB-001,Dubai,CUST-03213,P012,Pen Pack,Stationery,1,14.43,0,14.43,0.0,14.43,Cash,Store,2026,9,September,21,Monday,False,14.43,14.43
TXN-0096968,2026-09-21,DXB-003,Dubai,CUST-05541,P006,Mouse,Accessories,2,100.9,5,201.8,10.09,191.71,Apple Pay,Store,2026,9,September,21,Monday,False,191.71,95.86
TXN-0097044,2026-09-21,DXB-002,Dubai,CUST-02802,P013,USB Drive,Accessories,1,43.39,15,43.39,6.51,36.88,Apple Pay,Store,2026,9,September,21,Monday,False,36.88,36.88
TXN-0097077,2026-09-21,DXB-001,Dubai,CUST-03890,P005,Keyboard,Accessories,2,186.45,20,372.9,74.58,298.32,Card,Online,2026,9,September,21,Monday,False,298.32,149.16
TXN-0097123,2026-09-21,DXB-001,Dubai,CUST-07891,P015,Tablet,Electronics,2,1124.42,10,2248.84,224.88,2023.96,Card,Store,2026,9,September,21,Monday,False,2023.96,1011.98
TXN-0097179,2026-09-21,DXB-005,Dubai,CUST-01565,P011,Notebook,Stationery,2,24.04,0,48.08,0.0,48.08,Cash,Store,2026,9,September,21,Monday,False,48.08,24.04
TXN-0097182,2026-09-21,DXB-003,Dubai,CUST-05014,P010,Printer,Office,1,736.22,0,736.22,0.0,736.22,Cash,Store,2026,9,September,21,Monday,False,736.22,736.22
TXN-0097265,2026-09-21,DXB-001,Dubai,CUST-07171,P010,Printer,Office,1,699.53,0,699.53,0.0,699.53,Cash,Store,2026,9,September,21,Monday,False,699.53,699.53
TXN-0097329,2026-09-21,DXB-002,Dubai,CUST-00904,P002,Smartphone,Electronics,3,1888.29,0,5664.87,0.0,5664.87,Apple Pay,Online,2026,9,September,21,Monday,False,5664.87,1888.29
TXN-0097349,2026-09-21,DXB-004,Dubai,CUST-02374,P002,Smartphone,Electronics,1,1808.2,0,1808.2,0.0,1808.2,Apple Pay,Store,2026,9,September,21,Monday,False,1808.2,1808.2
TXN-0097386,2026-09-21,DXB-005,Dubai,CUST-00996,P014,Power Bank,Electronics,1,157.73,5,157.73,7.89,149.84,Cash,Store,2026,9,September,21,Monday,False,149.84,149.84
TXN-0097419,2026-09-21,DXB-005,Dubai,CUST-06948,P011,Notebook,Stationery,1,23.56,0,23.56,0.0,23.56,Cash,Store,2026,9,September,21,Monday,False,23.56,23.56
TXN-0097481,2026-09-21,DXB-003,Dubai,CUST-00414,P004,Monitor,Electronics,2,940.57,15,1881.14,282.17,1598.97,Card,Online,2026,9,September,21,Monday,False,1598.97,799.48
TXN-0097538,2026-09-21,DXB-001,Dubai,CUST-00402,P002,Smartphone,Electronics,1,1756.76,15,1756.76,263.51,1493.25,Bank Transfer,Online,2026,9,September,21,Monday,False,1493.25,1493.25
TXN-0097652,2026-09-21,DXB-001,Dubai,CUST-02269,P003,Headphones,Electronics,1,374.32,0,374.32,0.0,374.32,Card,Online,2026,9,September,21,Monday,False,374.32,374.32
TXN-0097815,2026-09-21,DXB-004,Dubai,CUST-01565,P013,USB Drive,Accessories,1,49.78,5,49.78,2.49,47.29,Card,Online,2026,9,September,21,Monday,False,47.29,47.29
TXN-0097913,2026-09-21,DXB-004,Dubai,CUST-07993,P012,Pen Pack,Stationery,3,14.76,5,44.28,2.21,42.07,Card,Online,2026,9,September,21,Monday,False,42.07,14.02
TXN-0097937,2026-09-21,DXB-002,Dubai,CUST-07182,P006,Mouse,Accessories,1,95.1,10,95.1,9.51,85.59,Card,Online,2026,9,September,21,Monday,False,85.59,85.59
TXN-0098051,2026-09-21,DXB-001,Dubai,CUST-03438,P007,Office Chair,Furniture,1,646.28,0,646.28,0.0,646.28,Card,Online,2026,9,September,21,Monday,False,646.28,646.28
TXN-0098105,2026-09-21,DXB-004,Dubai,CUST-04516,P013,USB Drive,Accessories,1,46.21,20,46.21,9.24,36.97,Card,Store,2026,9,September,21,Monday,False,36.97,36.97
TXN-0098175,2026-09-21,DXB-002,Dubai,CUST-05109,P012,Pen Pack,Stationery,1,14.86,0,14.86,0.0,14.86,Card,Store,2026,9,September,21,Monday,False,14.86,14.86
TXN-0098296,2026-09-21,DXB-002,Dubai,CUST-00468,P010,Printer,Office,2,676.87,20,1353.74,270.75,1082.99,Cash,Store,2026,9,September,21,Monday,False,1082.99,541.5
TXN-0098334,2026-09-21,DXB-003,Dubai,CUST-01676,P006,Mouse,Accessories,3,91.15,5,273.45,13.67,259.78,Card,Store,2026,9,September,21,Monday,False,259.78,86.59
TXN-0098358,2026-09-21,DXB-004,Dubai,CUST-04385,P006,Mouse,Accessories,2,99.91,5,199.82,9.99,189.83,Bank Transfer,Store,2026,9,September,21,Monday,False,189.83,94.92
TXN-0098372,2026-09-21,DXB-004,Dubai,CUST-02102,P013,USB Drive,Accessories,2,46.66,15,93.32,14.0,79.32,Card,Online,2026,9,September,21,Monday,False,79.32,39.66
TXN-0098460,2026-09-21,DXB-004,Dubai,CUST-01171,P013,USB Drive,Accessories,4,44.37,10,177.48,17.75,159.73,Cash,Store,2026,9,September,21,Monday,False,159.73,39.93
TXN-0098698,2026-09-21,DXB-001,Dubai,CUST-00791,P010,Printer,Office,1,674.94,0,674.94,0.0,674.94,Card,Online,2026,9,September,21,Monday,False,674.94,674.94
TXN-0098808,2026-09-21,DXB-003,Dubai,CUST-03463,P013,USB Drive,Accessories,2,47.98,10,95.96,9.6,86.36,Card,Store,2026,9,September,21,Monday,False,86.36,43.18
TXN-0098873,2026-09-21,DXB-004,Dubai,CUST-00389,P015,Tablet,Electronics,1,1235.0,5,1235.0,61.75,1173.25,Bank Transfer,Store,2026,9,September,21,Monday,False,1173.25,1173.25
TXN-0098890,2026-09-21,DXB-001,Dubai,CUST-05404,P005,Keyboard,Accessories,4,184.71,15,738.84,110.83,628.01,Card,Store,2026,9,September,21,Monday,False,628.01,157.0
TXN-0098940,2026-09-21,DXB-004,Dubai,CUST-03813,P002,Smartphone,Electronics,1,1919.55,5,1919.55,95.98,1823.57,Apple Pay,Store,2026,9,September,21,Monday,False,1823.57,1823.57
TXN-0098996,2026-09-21,DXB-003,Dubai,CUST-07396,P004,Monitor,Electronics,1,926.81,0,926.81,0.0,926.81,Card,Online,2026,9,September,21,Monday,False,926.81,926.81
TXN-0099171,2026-09-21,DXB-005,Dubai,CUST-04335,P010,Printer,Office,1,700.46,0,700.46,0.0,700.46,Card,Store,2026,9,September,21,Monday,False,700.46,700.46
TXN-0099339,2026-09-21,DXB-003,Dubai,CUST-07749,P012,Pen Pack,Stationery,2,14.72,10,29.44,2.94,26.5,Card,Store,2026,9,September,21,Monday,False,26.5,13.25
TXN-0099428,2026-09-21,DXB-005,Dubai,CUST-04159,P004,Monitor,Electronics,2,886.48,5,1772.96,88.65,1684.31,Apple Pay,Online,2026,9,September,21,Monday,False,1684.31,842.16
TXN-0099490,2026-09-21,DXB-001,Dubai,CUST-01908,P007,Office Chair,Furniture,1,716.61,0,716.61,0.0,716.61,Card,Store,2026,9,September,21,Monday,False,716.61,716.61
TXN-0099494,2026-09-21,DXB-004,Dubai,CUST-04477,P010,Printer,Office,1,739.85,0,739.85,0.0,739.85,Card,Store,2026,9,September,21,Monday,False,739.85,739.85
TXN-0099545,2026-09-21,DXB-005,Dubai,CUST-04877,P008,Desk,Furniture,3,824.93,0,2474.79,0.0,2474.79,Bank Transfer,Online,2026,9,September,21,Monday,False,2474.79,824.93
TXN-0099601,2026-09-21,DXB-002,Dubai,CUST-01247,P003,Headphones,Electronics,1,301.27,0,301.27,0.0,301.27,Card,Store,2026,9,September,21,Monday,False,301.27,301.27
TXN-0099741,2026-09-21,DXB-001,Dubai,CUST-00858,P004,Monitor,Electronics,3,954.21,10,2862.63,286.26,2576.37,Card,Store,2026,9,September,21,Monday,False,2576.37,858.79
TXN-0099815,2026-09-21,DXB-002,Dubai,CUST-00082,P006,Mouse,Accessories,1,95.06,0,95.06,0.0,95.06,Apple Pay,Online,2026,9,September,21,Monday,False,95.06,95.06
TXN-0099872,2026-09-21,DXB-001,Dubai,CUST-02886,P006,Mouse,Accessories,1,97.79,10,97.79,9.78,88.01,Cash,Store,2026,9,September,21,Monday,False,88.01,88.01
TXN-0100070,2026-09-21,DXB-003,Dubai,CUST-04225,P010,Printer,Office,1,783.7,15,783.7,117.56,666.14,Card,Online,2026,9,September,21,Monday,False,666.14,666.14
TXN-0100228,2026-09-21,DXB-005,Dubai,CUST-05610,P006,Mouse,Accessories,3,93.55,10,280.65,28.06,252.59,Cash,Online,2026,9,September,21,Monday,False,252.59,84.2
TXN-0100258,2026-09-21,DXB-001,Dubai,CUST-03325,P001,Laptop,Electronics,2,2231.74,5,4463.48,223.17,4240.31,Card,Store,2026,9,September,21,Monday,False,4240.31,2120.16
TXN-0100287,2026-09-21,DXB-004,Dubai,CUST-07028,P004,Monitor,Electronics,2,770.8,10,1541.6,154.16,1387.44,Card,Store,2026,9,September,21,Monday,False,1387.44,693.72
TXN-0100329,2026-09-21,DXB-005,Dubai,CUST-06231,P007,Office Chair,Furniture,1,625.62,0,625.62,0.0,625.62,Card,Store,2026,9,September,21,Monday,False,625.62,625.62
TXN-0100399,2026-09-21,DXB-005,Dubai,CUST-07236,P003,Headphones,Electronics,2,331.78,10,663.56,66.36,597.2,Card,Store,2026,9,September,21,Monday,False,597.2,298.6
TXN-0100505,2026-09-21,DXB-004,Dubai,CUST-04272,P009,Backpack,Accessories,5,203.25,0,1016.25,0.0,1016.25,Cash,Store,2026,9,September,21,Monday,False,1016.25,203.25
TXN-0100513,2026-09-21,DXB-003,Dubai,CUST-05523,P005,Keyboard,Accessories,1,203.17,10,203.17,20.32,182.85,Bank Transfer,Store,2026,9,September,21,Monday,False,182.85,182.85
TXN-0100517,2026-09-21,DXB-004,Dubai,CUST-03733,P009,Backpack,Accessories,2,210.97,15,421.94,63.29,358.65,Card,Online,2026,9,September,21,Monday,False,358.65,179.32
TXN-0100555,2026-09-21,DXB-004,Dubai,CUST-03127,P005,Keyboard,Accessories,2,186.74,15,373.48,56.02,317.46,Cash,Store,2026,9,September,21,Monday,False,317.46,158.73
TXN-0100560,2026-09-21,DXB-001,Dubai,CUST-03174,P009,Backpack,Accessories,3,207.74,5,623.22,31.16,592.06,Card,Store,2026,9,September,21,Monday,False,592.06,197.35
TXN-0100659,2026-09-21,DXB-001,Dubai,CUST-05319,P002,Smartphone,Electronics,3,1813.1,5,5439.3,271.96,5167.34,Apple Pay,Store,2026,9,September,21,Monday,False,5167.34,1722.45
TXN-0100678,2026-09-21,DXB-001,Dubai,CUST-03390,P009,Backpack,Accessories,1,233.25,5,233.25,11.66,221.59,Card,Store,2026,9,September,21,Monday,False,221.59,221.59
TXN-0100870,2026-09-21,DXB-004,Dubai,CUST-06558,P002,Smartphone,Electronics,1,1677.91,0,1677.91,0.0,1677.91,Card,Store,2026,9,September,21,Monday,False,1677.91,1677.91
TXN-0100958,2026-09-21,DXB-003,Dubai,CUST-01535,P013,USB Drive,Accessories,1,44.27,0,44.27,0.0,44.27,Card,Store,2026,9,September,21,Monday,False,44.27,44.27
TXN-0100969,2026-09-21,DXB-001,Dubai,CUST-01928,P014,Power Bank,Electronics,1,148.6,0,148.6,0.0,148.6,Card,Store,2026,9,September,21,Monday,False,148.6,148.6
TXN-0100991,2026-09-21,DXB-002,Dubai,CUST-04379,P014,Power Bank,Electronics,1,151.84,5,151.84,7.59,144.25,Card,Online,2026,9,September,21,Monday,False,144.25,144.25
TXN-0100997,2026-09-21,DXB-003,Dubai,CUST-01637,P015,Tablet,Electronics,5,1240.15,0,6200.75,0.0,6200.75,Card,Store,2026,9,September,21,Monday,False,6200.75,1240.15
TXN-0101025,2026-09-21,DXB-001,Dubai,CUST-02367,P008,Desk,Furniture,1,790.77,5,790.77,39.54,751.23,Card,Store,2026,9,September,21,Monday,False,751.23,751.23
TXN-0101219,2026-09-21,DXB-003,Dubai,CUST-07706,P004,Monitor,Electronics,1,947.03,10,947.03,94.7,852.33,Card,Store,2026,9,September,21,Monday,False,852.33,852.33
TXN-0101249,2026-09-21,DXB-005,Dubai,CUST-01169,P008,Desk,Furniture,2,738.17,5,1476.34,73.82,1402.52,Card,Store,2026,9,September,21,Monday,False,1402.52,701.26
TXN-0101302,2026-09-21,DXB-003,Dubai,CUST-02075,P014,Power Bank,Electronics,1,146.96,5,146.96,7.35,139.61,Apple Pay,Store,2026,9,September,21,Monday,False,139.61,139.61
TXN-0101306,2026-09-21,DXB-001,Dubai,CUST-06247,P011,Notebook,Stationery,6,24.41,20,146.46,29.29,117.17,Cash,Store,2026,9,September,21,Monday,False,117.17,19.53
TXN-0101335,2026-09-21,DXB-001,Dubai,CUST-06428,P007,Office Chair,Furniture,5,630.62,15,3153.1,472.96,2680.14,Card,Store,2026,9,September,21,Monday,False,2680.14,536.03
TXN-0101422,2026-09-21,DXB-005,Dubai,CUST-05264,P013,USB Drive,Accessories,3,47.09,0,141.27,0.0,141.27,Bank Transfer,Store,2026,9,September,21,Monday,False,141.27,47.09
TXN-0101463,2026-09-21,DXB-003,Dubai,CUST-01802,P011,Notebook,Stationery,3,23.74,10,71.22,7.12,64.1,Card,Store,2026,9,September,21,Monday,False,64.1,21.37
TXN-0101481,2026-09-21,DXB-003,Dubai,CUST-01679,P008,Desk,Furniture,3,787.19,10,2361.57,236.16,2125.41,Apple Pay,Store,2026,9,September,21,Monday,False,2125.41,708.47
TXN-0101482,2026-09-21,DXB-002,Dubai,CUST-04247,P011,Notebook,Stationery,2,24.98,0,49.96,0.0,49.96,Apple Pay,Store,2026,9,September,21,Monday,False,49.96,24.98
TXN-0101485,2026-09-21,DXB-002,Dubai,CUST-05392,P001,Laptop,Electronics,2,2652.86,0,5305.72,0.0,5305.72,Card,Store,2026,9,September,21,Monday,False,5305.72,2652.86
TXN-0101628,2026-09-21,DXB-002,Dubai,CUST-05063,P014,Power Bank,Electronics,2,159.32,20,318.64,63.73,254.91,Card,Store,2026,9,September,21,Monday,False,254.91,127.46
TXN-0101756,2026-09-21,DXB-002,Dubai,CUST-04348,P001,Laptop,Electronics,3,3159.73,10,9479.19,947.92,8531.27,Bank Transfer,Store,2026,9,September,21,Monday,False,8531.27,2843.76
TXN-0101790,2026-09-21,DXB-003,Dubai,CUST-04493,P013,USB Drive,Accessories,1,45.74,10,45.74,4.57,41.17,Card,Store,2026,9,September,21,Monday,False,41.17,41.17
TXN-0101836,2026-09-21,DXB-004,Dubai,CUST-04230,P005,Keyboard,Accessories,1,180.26,20,180.26,36.05,144.21,Card,Store,2026,9,September,21,Monday,False,144.21,144.21
TXN-0101845,2026-09-21,DXB-004,Dubai,CUST-00013,P009,Backpack,Accessories,2,225.26,5,450.52,22.53,427.99,Bank Transfer,Online,2026,9,September,21,Monday,False,427.99,214.0
TXN-0101865,2026-09-21,DXB-001,Dubai,CUST-02976,P014,Power Bank,Electronics,2,140.88,15,281.76,42.26,239.5,Card,Online,2026,9,September,21,Monday,False,239.5,119.75
TXN-0102068,2026-09-21,DXB-004,Dubai,CUST-05612,P013,USB Drive,Accessories,5,45.86,5,229.3,11.46,217.84,Apple Pay,Online,2026,9,September,21,Monday,False,217.84,43.57
TXN-0102248,2026-09-21,DXB-002,Dubai,CUST-03222,P001,Laptop,Electronics,3,2540.71,0,7622.13,0.0,7622.13,Card,Online,2026,9,September,21,Monday,False,7622.13,2540.71
TXN-0102291,2026-09-21,DXB-005,Dubai,CUST-03386,P004,Monitor,Electronics,2,912.02,0,1824.04,0.0,1824.04,Apple Pay,Store,2026,9,September,21,Monday,False,1824.04,912.02
TXN-0102326,2026-09-21,DXB-005,Dubai,CUST-04428,P013,USB Drive,Accessories,1,43.62,0,43.62,0.0,43.62,Bank Transfer,Online,2026,9,September,21,Monday,False,43.62,43.62
TXN-0102497,2026-09-21,DXB-004,Dubai,CUST-06601,P008,Desk,Furniture,3,803.66,0,2410.98,0.0,2410.98,Card,Store,2026,9,September,21,Monday,False,2410.98,803.66
TXN-0102534,2026-09-21,DXB-001,Dubai,CUST-02244,P006,Mouse,Accessories,1,104.82,20,104.82,20.96,83.86,Card,Online,2026,9,September,21,Monday,False,83.86,83.86
TXN-0102587,2026-09-21,DXB-005,Dubai,CUST-04805,P015,Tablet,Electronics,2,1207.7,10,2415.4,241.54,2173.86,Card,Online,2026,9,September,21,Monday,False,2173.86,1086.93
TXN-0102700,2026-09-21,DXB-001,Dubai,CUST-01939,P003,Headphones,Electronics,2,307.62,0,615.24,0.0,615.24,Bank Transfer,Store,2026,9,September,21,Monday,False,615.24,307.62
TXN-0102701,2026-09-21,DXB-001,Dubai,CUST-03134,P008,Desk,Furniture,1,871.77,5,871.77,43.59,828.18,Cash,Store,2026,9,September,21,Monday,False,828.18,828.18
TXN-0102753,2026-09-21,DXB-002,Dubai,CUST-03758,P005,Keyboard,Accessories,1,181.5,10,181.5,18.15,163.35,Apple Pay,Store,2026,9,September,21,Monday,False,163.35,163.35
TXN-0102773,2026-09-21,DXB-001,Dubai,CUST-01881,P010,Printer,Office,1,739.76,15,739.76,110.96,628.8,Apple Pay,Store,2026,9,September,21,Monday,False,628.8,628.8
TXN-0102784,2026-09-21,DXB-003,Dubai,CUST-00910,P005,Keyboard,Accessories,3,163.53,20,490.59,98.12,392.47,Apple Pay,Store,2026,9,September,21,Monday,False,392.47,130.82
TXN-0102805,2026-09-21,DXB-003,Dubai,CUST-00964,P004,Monitor,Electronics,1,891.46,10,891.46,89.15,802.31,Card,Store,2026,9,September,21,Monday,False,802.31,802.31
TXN-0102846,2026-09-21,DXB-002,Dubai,CUST-02033,P002,Smartphone,Electronics,3,1841.16,10,5523.48,552.35,4971.13,Cash,Store,2026,9,September,21,Monday,False,4971.13,1657.04
TXN-0102870,2026-09-21,DXB-004,Dubai,CUST-01719,P015,Tablet,Electronics,1,1194.58,10,1194.58,119.46,1075.12,Card,Store,2026,9,September,21,Monday,False,1075.12,1075.12
TXN-0102893,2026-09-21,DXB-001,Dubai,CUST-06361,P012,Pen Pack,Stationery,2,15.87,0,31.74,0.0,31.74,Apple Pay,Store,2026,9,September,21,Monday,False,31.74,15.87
TXN-0102915,2026-09-21,DXB-002,Dubai,CUST-05055,P010,Printer,Office,4,665.71,15,2662.84,399.43,2263.41,Card,Store,2026,9,September,21,Monday,False,2263.41,565.85
TXN-0102967,2026-09-21,DXB-001,Dubai,CUST-01122,P010,Printer,Office,1,617.98,0,617.98,0.0,617.98,Card,Store,2026,9,September,21,Monday,False,617.98,617.98
TXN-0103008,2026-09-21,DXB-003,Dubai,CUST-04563,P010,Printer,Office,3,674.57,10,2023.71,202.37,1821.34,Card,Store,2026,9,September,21,Monday,False,1821.34,607.11
TXN-0103027,2026-09-21,DXB-004,Dubai,CUST-07648,P010,Printer,Office,1,686.43,20,686.43,137.29,549.14,Card,Store,2026,9,September,21,Monday,False,549.14,549.14
TXN-0103081,2026-09-21,DXB-005,Dubai,CUST-03383,P005,Keyboard,Accessories,1,179.32,0,179.32,0.0,179.32,Card,Online,2026,9,September,21,Monday,False,179.32,179.32
TXN-0103083,2026-09-21,DXB-001,Dubai,CUST-02532,P007,Office Chair,Furniture,1,691.3,5,691.3,34.56,656.74,Bank Transfer,Store,2026,9,September,21,Monday,False,656.74,656.74
TXN-0103091,2026-09-21,DXB-001,Dubai,CUST-05045,P005,Keyboard,Accessories,4,186.23,5,744.92,37.25,707.67,Apple Pay,Store,2026,9,September,21,Monday,False,707.67,176.92
TXN-0103100,2026-09-21,DXB-001,Dubai,CUST-00907,P002,Smartphone,Electronics,1,1771.58,10,1771.58,177.16,1594.42,Card,Online,2026,9,September,21,Monday,False,1594.42,1594.42
TXN-0103326,2026-09-21,DXB-003,Dubai,CUST-00527,P003,Headphones,Electronics,3,379.97,10,1139.91,113.99,1025.92,Card,Store,2026,9,September,21,Monday,False,1025.92,341.97
TXN-0103387,2026-09-21,DXB-004,Dubai,CUST-07895,P006,Mouse,Accessories,2,103.42,15,206.84,31.03,175.81,Card,Store,2026,9,September,21,Monday,False,175.81,87.9
TXN-0103416,2026-09-21,DXB-002,Dubai,CUST-06917,P009,Backpack,Accessories,1,223.61,0,223.61,0.0,223.61,Card,Store,2026,9,September,21,Monday,False,223.61,223.61
TXN-0103505,2026-09-21,DXB-003,Dubai,CUST-03315,P015,Tablet,Electronics,2,1278.65,0,2557.3,0.0,2557.3,Cash,Store,2026,9,September,21,Monday,False,2557.3,1278.65
TXN-0103533,2026-09-21,DXB-001,Dubai,CUST-03345,P007,Office Chair,Furniture,1,635.71,0,635.71,0.0,635.71,Card,Store,2026,9,September,21,Monday,False,635.71,635.71
TXN-0103536,2026-09-21,DXB-001,Dubai,CUST-05137,P009,Backpack,Accessories,1,205.81,10,205.81,20.58,185.23,Apple Pay,Online,2026,9,September,21,Monday,False,185.23,185.23
TXN-0103575,2026-09-21,DXB-003,Dubai,CUST-02645,P005,Keyboard,Accessories,1,175.57,10,175.57,17.56,158.01,Card,Online,2026,9,September,21,Monday,False,158.01,158.01
TXN-0103713,2026-09-21,DXB-002,Dubai,CUST-06003,P015,Tablet,Electronics,2,1273.35,10,2546.7,254.67,2292.03,Cash,Store,2026,9,September,21,Monday,False,2292.03,1146.02
TXN-0103770,2026-09-21,DXB-004,Dubai,CUST-03614,P006,Mouse,Accessories,1,100.49,10,100.49,10.05,90.44,Cash,Store,2026,9,September,21,Monday,False,90.44,90.44
TXN-0103798,2026-09-21,DXB-003,Dubai,CUST-04074,P011,Notebook,Stationery,1,26.1,5,26.1,1.3,24.8,Card,Store,2026,9,September,21,Monday,False,24.8,24.8
TXN-0103845,2026-09-21,DXB-001,Dubai,CUST-02377,P012,Pen Pack,Stationery,1,14.64,0,14.64,0.0,14.64,Card,Store,2026,9,September,21,Monday,False,14.64,14.64
TXN-0103846,2026-09-21,DXB-002,Dubai,CUST-04478,P005,Keyboard,Accessories,3,198.05,0,594.15,0.0,594.15,Cash,Online,2026,9,September,21,Monday,False,594.15,198.05
TXN-0103956,2026-09-21,DXB-003,Dubai,CUST-02264,P012,Pen Pack,Stationery,1,16.63,0,16.63,0.0,16.63,Bank Transfer,Store,2026,9,September,21,Monday,False,16.63,16.63
TXN-0104017,2026-09-21,DXB-004,Dubai,CUST-00913,P014,Power Bank,Electronics,1,149.53,5,149.53,7.48,142.05,Card,Online,2026,9,September,21,Monday,False,142.05,142.05
TXN-0104177,2026-09-21,DXB-004,Dubai,CUST-02312,P010,Printer,Office,1,617.02,0,617.02,0.0,617.02,Apple Pay,Store,2026,9,September,21,Monday,False,617.02,617.02
TXN-0104248,2026-09-21,DXB-003,Dubai,CUST-07625,P002,Smartphone,Electronics,2,1901.69,0,3803.38,0.0,3803.38,Apple Pay,Online,2026,9,September,21,Monday,False,3803.38,1901.69
TXN-0104299,2026-09-21,DXB-003,Dubai,CUST-06726,P007,Office Chair,Furniture,3,638.66,10,1915.98,191.6,1724.38,Bank Transfer,Online,2026,9,September,21,Monday,False,1724.38,574.79
TXN-0104301,2026-09-21,DXB-002,Dubai,CUST-06866,P010,Printer,Office,1,677.99,5,677.99,33.9,644.09,Card,Online,2026,9,September,21,Monday,False,644.09,644.09
TXN-0104394,2026-09-21,DXB-005,Dubai,CUST-03016,P005,Keyboard,Accessories,5,185.27,15,926.35,138.95,787.4,Bank Transfer,Store,2026,9,September,21,Monday,False,787.4,157.48
TXN-0104464,2026-09-21,DXB-005,Dubai,CUST-05720,P015,Tablet,Electronics,4,1179.01,0,4716.04,0.0,4716.04,Cash,Online,2026,9,September,21,Monday,False,4716.04,1179.01
TXN-0104575,2026-09-21,DXB-004,Dubai,CUST-03074,P011,Notebook,Stationery,2,24.69,5,49.38,2.47,46.91,Bank Transfer,Online,2026,9,September,21,Monday,False,46.91,23.46
TXN-0104609,2026-09-21,DXB-005,Dubai,CUST-00737,P001,Laptop,Electronics,1,2680.45,0,2680.45,0.0,2680.45,Apple Pay,Online,2026,9,September,21,Monday,False,2680.45,2680.45
TXN-0104693,2026-09-21,DXB-003,Dubai,CUST-04660,P003,Headphones,Electronics,1,339.15,10,339.15,33.92,305.23,Card,Store,2026,9,September,21,Monday,False,305.23,305.23
TXN-0104718,2026-09-21,DXB-004,Dubai,CUST-01901,P012,Pen Pack,Stationery,1,15.63,10,15.63,1.56,14.07,Cash,Store,2026,9,September,21,Monday,False,14.07,14.07
TXN-0105134,2026-09-21,DXB-003,Dubai,CUST-02910,P007,Office Chair,Furniture,2,582.86,0,1165.72,0.0,1165.72,Card,Store,2026,9,September,21,Monday,False,1165.72,582.86
TXN-0105140,2026-09-21,DXB-005,Dubai,CUST-04797,P001,Laptop,Electronics,2,3073.69,10,6147.38,614.74,5532.64,Apple Pay,Online,2026,9,September,21,Monday,False,5532.64,2766.32
TXN-0105189,2026-09-21,DXB-003,Dubai,CUST-00005,P014,Power Bank,Electronics,2,170.17,5,340.34,17.02,323.32,Card,Store,2026,9,September,21,Monday,False,323.32,161.66
TXN-0105298,2026-09-21,DXB-001,Dubai,CUST-01200,P011,Notebook,Stationery,6,21.71,20,130.26,26.05,104.21,Bank Transfer,Store,2026,9,September,21,Monday,False,104.21,17.37
TXN-0105299,2026-09-21,DXB-004,Dubai,CUST-03329,P004,Monitor,Electronics,1,920.74,15,920.74,138.11,782.63,Card,Store,2026,9,September,21,Monday,False,782.63,782.63
TXN-0105362,2026-09-21,DXB-003,Dubai,CUST-07263,P012,Pen Pack,Stationery,1,14.06,0,14.06,0.0,14.06,Cash,Store,2026,9,September,21,Monday,False,14.06,14.06
TXN-0105384,2026-09-21,DXB-003,Dubai,CUST-07897,P009,Backpack,Accessories,1,190.19,15,190.19,28.53,161.66,Card,Store,2026,9,September,21,Monday,False,161.66,161.66
TXN-0105428,2026-09-21,DXB-002,Dubai,CUST-07267,P008,Desk,Furniture,3,833.62,10,2500.86,250.09,2250.77,Apple Pay,Online,2026,9,September,21,Monday,False,2250.77,750.26
TXN-0105594,2026-09-21,DXB-001,Dubai,CUST-06812,P007,Office Chair,Furniture,2,659.25,5,1318.5,65.92,1252.58,Cash,Store,2026,9,September,21,Monday,False,1252.58,626.29
TXN-0105612,2026-09-21,DXB-003,Dubai,CUST-06121,P015,Tablet,Electronics,1,1174.83,5,1174.83,58.74,1116.09,Cash,Online,2026,9,September,21,Monday,False,1116.09,1116.09
TXN-0105687,2026-09-21,DXB-001,Dubai,CUST-05281,P008,Desk,Furniture,2,804.37,15,1608.74,241.31,1367.43,Cash,Online,2026,9,September,21,Monday,False,1367.43,683.72
TXN-0105717,2026-09-21,DXB-001,Dubai,CUST-02212,P005,Keyboard,Accessories,1,180.33,10,180.33,18.03,162.3,Apple Pay,Store,2026,9,September,21,Monday,False,162.3,162.3
TXN-0105723,2026-09-21,DXB-005,Dubai,CUST-06482,P010,Printer,Office,1,710.89,10,710.89,71.09,639.8,Apple Pay,Online,2026,9,September,21,Monday,False,639.8,639.8
TXN-0105761,2026-09-21,DXB-004,Dubai,CUST-07310,P013,USB Drive,Accessories,1,43.68,0,43.68,0.0,43.68,Apple Pay,Online,2026,9,September,21,Monday,False,43.68,43.68
TXN-0105852,2026-09-21,DXB-003,Dubai,CUST-03474,P014,Power Bank,Electronics,1,159.83,5,159.83,7.99,151.84,Apple Pay,Online,2026,9,September,21,Monday,False,151.84,151.84
TXN-0105863,2026-09-21,DXB-005,Dubai,CUST-03108,P006,Mouse,Accessories,1,103.48,10,103.48,10.35,93.13,Card,Store,2026,9,September,21,Monday,False,93.13,93.13
TXN-0105994,2026-09-21,DXB-002,Dubai,CUST-01601,P010,Printer,Office,2,668.86,5,1337.72,66.89,1270.83,Apple Pay,Online,2026,9,September,21,Monday,False,1270.83,635.42
TXN-0106208,2026-09-21,DXB-002,Dubai,CUST-01414,P007,Office Chair,Furniture,4,676.77,0,2707.08,0.0,2707.08,Card,Store,2026,9,September,21,Monday,False,2707.08,676.77
TXN-0106263,2026-09-21,DXB-003,Dubai,CUST-07333,P006,Mouse,Accessories,2,96.88,0,193.76,0.0,193.76,Apple Pay,Online,2026,9,September,21,Monday,False,193.76,96.88
TXN-0106293,2026-09-21,DXB-002,Dubai,CUST-07053,P002,Smartphone,Electronics,2,1831.4,10,3662.8,366.28,3296.52,Bank Transfer,Store,2026,9,September,21,Monday,False,3296.52,1648.26
TXN-0106430,2026-09-21,DXB-002,Dubai,CUST-03824,P009,Backpack,Accessories,3,193.59,10,580.77,58.08,522.69,Cash,Store,2026,9,September,21,Monday,False,522.69,174.23
TXN-0106462,2026-09-21,DXB-003,Dubai,CUST-03687,P003,Headphones,Electronics,4,334.0,0,1336.0,0.0,1336.0,Card,Online,2026,9,September,21,Monday,False,1336.0,334.0
TXN-0106481,2026-09-21,DXB-005,Dubai,CUST-01302,P014,Power Bank,Electronics,1,154.51,10,154.51,15.45,139.06,Card,Store,2026,9,September,21,Monday,False,139.06,139.06
TXN-0106484,2026-09-21,DXB-001,Dubai,CUST-05543,P002,Smartphone,Electronics,1,1744.2,10,1744.2,174.42,1569.78,Cash,Store,2026,9,September,21,Monday,False,1569.78,1569.78
TXN-0106530,2026-09-21,DXB-003,Dubai,CUST-06160,P014,Power Bank,Electronics,1,145.79,0,145.79,0.0,145.79,Card,Online,2026,9,September,21,Monday,False,145.79,145.79
TXN-0106673,2026-09-21,DXB-001,Dubai,CUST-01871,P011,Notebook,Stationery,2,24.52,10,49.04,4.9,44.14,Card,Online,2026,9,September,21,Monday,False,44.14,22.07
TXN-0106732,2026-09-21,DXB-001,Dubai,CUST-05313,P002,Smartphone,Electronics,1,1612.03,10,1612.03,161.2,1450.83,Cash,Store,2026,9,September,21,Monday,False,1450.83,1450.83
TXN-0106845,2026-09-21,DXB-003,Dubai,CUST-05574,P013,USB Drive,Accessories,2,44.64,5,89.28,4.46,84.82,Card,Online,2026,9,September,21,Monday,False,84.82,42.41
TXN-0107201,2026-09-21,DXB-004,Dubai,CUST-04127,P001,Laptop,Electronics,2,3283.76,0,6567.52,0.0,6567.52,Card,Store,2026,9,September,21,Monday,False,6567.52,3283.76
TXN-0107213,2026-09-21,DXB-003,Dubai,CUST-06195,P013,USB Drive,Accessories,1,45.55,10,45.55,4.56,40.99,Bank Transfer,Store,2026,9,September,21,Monday,False,40.99,40.99
TXN-0107243,2026-09-21,DXB-003,Dubai,CUST-02151,P014,Power Bank,Electronics,1,150.59,0,150.59,0.0,150.59,Cash,Store,2026,9,September,21,Monday,False,150.59,150.59
TXN-0107271,2026-09-21,DXB-002,Dubai,CUST-03426,P008,Desk,Furniture,2,721.49,0,1442.98,0.0,1442.98,Card,Store,2026,9,September,21,Monday,False,1442.98,721.49
TXN-0107293,2026-09-21,DXB-003,Dubai,CUST-05091,P002,Smartphone,Electronics,1,1743.43,0,1743.43,0.0,1743.43,Card,Online,2026,9,September,21,Monday,False,1743.43,1743.43
TXN-0107306,2026-09-21,DXB-003,Dubai,CUST-01019,P012,Pen Pack,Stationery,2,15.58,0,31.16,0.0,31.16,Bank Transfer,Store,2026,9,September,21,Monday,False,31.16,15.58
TXN-0107334,2026-09-21,DXB-002,Dubai,CUST-04931,P009,Backpack,Accessories,1,215.99,15,215.99,32.4,183.59,Apple Pay,Store,2026,9,September,21,Monday,False,183.59,183.59
TXN-0107390,2026-09-21,DXB-001,Dubai,CUST-02643,P007,Office Chair,Furniture,3,592.35,0,1777.05,0.0,1777.05,Bank Transfer,Store,2026,9,September,21,Monday,False,1777.05,592.35
TXN-0107429,2026-09-21,DXB-001,Dubai,CUST-03192,P005,Keyboard,Accessories,6,184.93,5,1109.58,55.48,1054.1,Card,Store,2026,9,September,21,Monday,False,1054.1,175.68
TXN-0107542,2026-09-21,DXB-001,Dubai,CUST-04821,P006,Mouse,Accessories,2,97.68,0,195.36,0.0,195.36,Card,Online,2026,9,September,21,Monday,False,195.36,97.68
TXN-0107586,2026-09-21,DXB-001,Dubai,CUST-04477,P014,Power Bank,Electronics,3,157.85,0,473.55,0.0,473.55,Card,Online,2026,9,September,21,Monday,False,473.55,157.85
TXN-0107641,2026-09-21,DXB-003,Dubai,CUST-04026,P011,Notebook,Stationery,1,24.92,0,24.92,0.0,24.92,Apple Pay,Store,2026,9,September,21,Monday,False,24.92,24.92
TXN-0107725,2026-09-21,DXB-005,Dubai,CUST-05697,P008,Desk,Furniture,1,854.8,0,854.8,0.0,854.8,Cash,Online,2026,9,September,21,Monday,False,854.8,854.8
TXN-0107740,2026-09-21,DXB-001,Dubai,CUST-03374,P004,Monitor,Electronics,2,909.16,15,1818.32,272.75,1545.57,Apple Pay,Store,2026,9,September,21,Monday,False,1545.57,772.78
TXN-0107742,2026-09-21,DXB-004,Dubai,CUST-06079,P002,Smartphone,Electronics,4,1816.83,5,7267.32,363.37,6903.95,Card,Store,2026,9,September,21,Monday,False,6903.95,1725.99
TXN-0107770,2026-09-21,DXB-001,Dubai,CUST-05242,P014,Power Bank,Electronics,3,148.73,0,446.19,0.0,446.19,Card,Store,2026,9,September,21,Monday,False,446.19,148.73
TXN-0107822,2026-09-21,DXB-002,Dubai,CUST-03936,P008,Desk,Furniture,2,736.01,0,1472.02,0.0,1472.02,Cash,Online,2026,9,September,21,Monday,False,1472.02,736.01
TXN-0107903,2026-09-21,DXB-002,Dubai,CUST-00032,P013,USB Drive,Accessories,2,45.79,5,91.58,4.58,87.0,Card,Online,2026,9,September,21,Monday,False,87.0,43.5
TXN-0107926,2026-09-21,DXB-002,Dubai,CUST-06885,P001,Laptop,Electronics,1,2875.11,15,2875.11,431.27,2443.84,Cash,Store,2026,9,September,21,Monday,False,2443.84,2443.84
TXN-0107954,2026-09-21,DXB-003,Dubai,CUST-05816,P002,Smartphone,Electronics,2,1593.34,10,3186.68,318.67,2868.01,Card,Online,2026,9,September,21,Monday,False,2868.01,1434.0
TXN-0108028,2026-09-21,DXB-001,Dubai,CUST-04959,P006,Mouse,Accessories,3,102.79,0,308.37,0.0,308.37,Cash,Store,2026,9,September,21,Monday,False,308.37,102.79
TXN-0108032,2026-09-21,DXB-001,Dubai,CUST-01084,P007,Office Chair,Furniture,4,580.41,0,2321.64,0.0,2321.64,Card,Online,2026,9,September,21,Monday,False,2321.64,580.41
TXN-0108198,2026-09-21,DXB-003,Dubai,CUST-07141,P003,Headphones,Electronics,2,345.09,10,690.18,69.02,621.16,Card,Store,2026,9,September,21,Monday,False,621.16,310.58
TXN-0108199,2026-09-21,DXB-004,Dubai,CUST-00008,P011,Notebook,Stationery,1,25.0,0,25.0,0.0,25.0,Card,Online,2026,9,September,21,Monday,False,25.0,25.0
TXN-0108234,2026-09-21,DXB-005,Dubai,CUST-04325,P011,Notebook,Stationery,2,23.65,0,47.3,0.0,47.3,Cash,Store,2026,9,September,21,Monday,False,47.3,23.65
TXN-0108265,2026-09-21,DXB-002,Dubai,CUST-04706,P011,Notebook,Stationery,1,25.57,5,25.57,1.28,24.29,Card,Store,2026,9,September,21,Monday,False,24.29,24.29
TXN-0108385,2026-09-21,DXB-005,Dubai,CUST-06058,P012,Pen Pack,Stationery,1,13.6,5,13.6,0.68,12.92,Cash,Store,2026,9,September,21,Monday,False,12.92,12.92
TXN-0108530,2026-09-21,DXB-004,Dubai,CUST-00982,P001,Laptop,Electronics,1,2722.85,0,2722.85,0.0,2722.85,Card,Online,2026,9,September,21,Monday,False,2722.85,2722.85
TXN-0108616,2026-09-21,DXB-003,Dubai,CUST-00552,P015,Tablet,Electronics,1,1337.07,5,1337.07,66.85,1270.22,Apple Pay,Store,2026,9,September,21,Monday,False,1270.22,1270.22
TXN-0108721,2026-09-21,DXB-003,Dubai,CUST-02433,P008,Desk,Furniture,1,792.2,10,792.2,79.22,712.98,Card,Store,2026,9,September,21,Monday,False,712.98,712.98
TXN-0108748,2026-09-21,DXB-004,Dubai,CUST-03295,P006,Mouse,Accessories,1,99.18,5,99.18,4.96,94.22,Cash,Store,2026,9,September,21,Monday,False,94.22,94.22
TXN-0108796,2026-09-21,DXB-005,Dubai,CUST-00532,P004,Monitor,Electronics,1,937.66,5,937.66,46.88,890.78,Card,Store,2026,9,September,21,Monday,False,890.78,890.78
TXN-0108867,2026-09-21,DXB-002,Dubai,CUST-06732,P007,Office Chair,Furniture,1,597.84,5,597.84,29.89,567.95,Apple Pay,Online,2026,9,September,21,Monday,False,567.95,567.95
TXN-0108926,2026-09-21,DXB-004,Dubai,CUST-01161,P013,USB Drive,Accessories,1,48.0,10,48.0,4.8,43.2,Cash,Store,2026,9,September,21,Monday,False,43.2,43.2
TXN-0108982,2026-09-21,DXB-001,Dubai,CUST-05961,P014,Power Bank,Electronics,1,151.87,10,151.87,15.19,136.68,Apple Pay,Store,2026,9,September,21,Monday,False,136.68,136.68
TXN-0109004,2026-09-21,DXB-002,Dubai,CUST-01046,P012,Pen Pack,Stationery,1,16.29,5,16.29,0.81,15.48,Card,Online,2026,9,September,21,Monday,False,15.48,15.48
TXN-0109012,2026-09-21,DXB-005,Dubai,CUST-01707,P007,Office Chair,Furniture,1,670.22,0,670.22,0.0,670.22,Apple Pay,Store,2026,9,September,21,Monday,False,670.22,670.22
TXN-0109066,2026-09-21,DXB-005,Dubai,CUST-00518,P006,Mouse,Accessories,2,101.09,10,202.18,20.22,181.96,Card,Store,2026,9,September,21,Monday,False,181.96,90.98
TXN-0109103,2026-09-21,DXB-001,Dubai,CUST-00932,P011,Notebook,Stationery,2,25.6,20,51.2,10.24,40.96,Apple Pay,Store,2026,9,September,21,Monday,False,40.96,20.48
TXN-0109145,2026-09-21,DXB-002,Dubai,CUST-01572,P013,USB Drive,Accessories,1,44.48,5,44.48,2.22,42.26,Apple Pay,Store,2026,9,September,21,Monday,False,42.26,42.26
TXN-0109159,2026-09-21,DXB-003,Dubai,CUST-04878,P007,Office Chair,Furniture,1,627.54,15,627.54,94.13,533.41,Apple Pay,Store,2026,9,September,21,Monday,False,533.41,533.41
TXN-0109186,2026-09-21,DXB-002,Dubai,CUST-01729,P007,Office Chair,Furniture,1,603.9,0,603.9,0.0,603.9,Apple Pay,Store,2026,9,September,21,Monday,False,603.9,603.9
TXN-0109204,2026-09-21,DXB-003,Dubai,CUST-01398,P001,Laptop,Electronics,3,2780.5,0,8341.5,0.0,8341.5,Cash,Store,2026,9,September,21,Monday,False,8341.5,2780.5
TXN-0109211,2026-09-21,DXB-003,Dubai,CUST-01515,P004,Monitor,Electronics,4,868.17,20,3472.68,694.54,2778.14,Card,Store,2026,9,September,21,Monday,False,2778.14,694.54
TXN-0109234,2026-09-21,DXB-005,Dubai,CUST-06654,P010,Printer,Office,6,645.81,10,3874.86,387.49,3487.37,Card,Store,2026,9,September,21,Monday,False,3487.37,581.23
TXN-0109337,2026-09-21,DXB-002,Dubai,CUST-00108,P001,Laptop,Electronics,1,2665.27,0,2665.27,0.0,2665.27,Apple Pay,Store,2026,9,September,21,Monday,False,2665.27,2665.27
TXN-0109373,2026-09-21,DXB-005,Dubai,CUST-05430,P011,Notebook,Stationery,1,23.65,5,23.65,1.18,22.47,Apple Pay,Store,2026,9,September,21,Monday,False,22.47,22.47
TXN-0109410,2026-09-21,DXB-004,Dubai,CUST-03715,P014,Power Bank,Electronics,1,155.75,15,155.75,23.36,132.39,Card,Store,2026,9,September,21,Monday,False,132.39,132.39
TXN-0109412,2026-09-21,DXB-001,Dubai,CUST-07009,P014,Power Bank,Electronics,3,153.69,5,461.07,23.05,438.02,Card,Store,2026,9,September,21,Monday,False,438.02,146.01
TXN-0109430,2026-09-21,DXB-001,Dubai,CUST-03935,P009,Backpack,Accessories,1,217.54,0,217.54,0.0,217.54,Card,Store,2026,9,September,21,Monday,False,217.54,217.54
TXN-0109513,2026-09-21,DXB-005,Dubai,CUST-06019,P002,Smartphone,Electronics,5,1825.95,10,9129.75,912.98,8216.77,Card,Store,2026,9,September,21,Monday,False,8216.77,1643.35
TXN-0109566,2026-09-21,DXB-001,Dubai,CUST-04379,P003,Headphones,Electronics,1,334.72,5,334.72,16.74,317.98,Card,Store,2026,9,September,21,Monday,False,317.98,317.98
TXN-0109633,2026-09-21,DXB-003,Dubai,CUST-05596,P009,Backpack,Accessories,1,219.16,0,219.16,0.0,219.16,Cash,Online,2026,9,September,21,Monday,False,219.16,219.16
TXN-0109674,2026-09-21,DXB-002,Dubai,CUST-07601,P003,Headphones,Electronics,3,347.92,0,1043.76,0.0,1043.76,Bank Transfer,Store,2026,9,September,21,Monday,False,1043.76,347.92
TXN-0109746,2026-09-21,DXB-004,Dubai,CUST-01094,P004,Monitor,Electronics,2,967.36,5,1934.72,96.74,1837.98,Apple Pay,Store,2026,9,September,21,Monday,False,1837.98,918.99
TXN-0109846,2026-09-21,DXB-004,Dubai,CUST-05169,P012,Pen Pack,Stationery,4,14.87,0,59.48,0.0,59.48,Card,Store,2026,9,September,21,Monday,False,59.48,14.87
TXN-0109880,2026-09-21,DXB-004,Dubai,CUST-04920,P012,Pen Pack,Stationery,1,14.5,5,14.5,0.72,13.78,Card,Online,2026,9,September,21,Monday,False,13.78,13.78
TXN-0109940,2026-09-21,DXB-005,Dubai,CUST-05585,P005,Keyboard,Accessories,1,179.59,5,179.59,8.98,170.61,Card,Online,2026,9,September,21,Monday,False,170.61,170.61
TXN-0109946,2026-09-21,DXB-001,Dubai,CUST-03353,P004,Monitor,Electronics,2,840.73,5,1681.46,84.07,1597.39,Card,Store,2026,9,September,21,Monday,False,1597.39,798.7
TXN-0110054,2026-09-21,DXB-005,Dubai,CUST-00969,P005,Keyboard,Accessories,1,189.69,0,189.69,0.0,189.69,Card,Store,2026,9,September,21,Monday,False,189.69,189.69
TXN-0110056,2026-09-21,DXB-005,Dubai,CUST-02518,P009,Backpack,Accessories,1,217.21,15,217.21,32.58,184.63,Card,Store,2026,9,September,21,Monday,False,184.63,184.63
TXN-0110100,2026-09-21,DXB-004,Dubai,CUST-00968,P013,USB Drive,Accessories,1,39.79,0,39.79,0.0,39.79,Card,Store,2026,9,September,21,Monday,False,39.79,39.79
TXN-0110217,2026-09-21,DXB-002,Dubai,CUST-03034,P006,Mouse,Accessories,1,101.83,5,101.83,5.09,96.74,Card,Online,2026,9,September,21,Monday,False,96.74,96.74
TXN-0110252,2026-09-21,DXB-002,Dubai,CUST-02773,P005,Keyboard,Accessories,1,174.57,10,174.57,17.46,157.11,Cash,Store,2026,9,September,21,Monday,False,157.11,157.11
TXN-0110266,2026-09-21,DXB-003,Dubai,CUST-02681,P011,Notebook,Stationery,3,25.01,0,75.03,0.0,75.03,Apple Pay,Online,2026,9,September,21,Monday,False,75.03,25.01
TXN-0110270,2026-09-21,DXB-002,Dubai,CUST-03860,P013,USB Drive,Accessories,1,44.44,5,44.44,2.22,42.22,Card,Store,2026,9,September,21,Monday,False,42.22,42.22
TXN-0110271,2026-09-21,DXB-005,Dubai,CUST-07096,P007,Office Chair,Furniture,1,655.47,0,655.47,0.0,655.47,Apple Pay,Online,2026,9,September,21,Monday,False,655.47,655.47
TXN-0110296,2026-09-21,DXB-002,Dubai,CUST-07555,P005,Keyboard,Accessories,1,171.48,0,171.48,0.0,171.48,Card,Store,2026,9,September,21,Monday,False,171.48,171.48
TXN-0110329,2026-09-21,DXB-003,Dubai,CUST-05524,P012,Pen Pack,Stationery,2,16.95,0,33.9,0.0,33.9,Cash,Store,2026,9,September,21,Monday,False,33.9,16.95
TXN-0110377,2026-09-21,DXB-005,Dubai,CUST-03414,P004,Monitor,Electronics,2,899.92,0,1799.84,0.0,1799.84,Bank Transfer,Store,2026,9,September,21,Monday,False,1799.84,899.92
TXN-0110579,2026-09-21,DXB-002,Dubai,CUST-02955,P003,Headphones,Electronics,1,332.72,10,332.72,33.27,299.45,Apple Pay,Online,2026,9,September,21,Monday,False,299.45,299.45
TXN-0110617,2026-09-21,DXB-003,Dubai,CUST-02935,P003,Headphones,Electronics,1,354.02,0,354.02,0.0,354.02,Card,Online,2026,9,September,21,Monday,False,354.02,354.02
TXN-0110630,2026-09-21,DXB-005,Dubai,CUST-06844,P002,Smartphone,Electronics,1,1848.76,5,1848.76,92.44,1756.32,Card,Store,2026,9,September,21,Monday,False,1756.32,1756.32
TXN-0110643,2026-09-21,DXB-001,Dubai,CUST-03494,P013,USB Drive,Accessories,3,44.06,0,132.18,0.0,132.18,Cash,Store,2026,9,September,21,Monday,False,132.18,44.06
TXN-0110780,2026-09-21,DXB-005,Dubai,CUST-05092,P003,Headphones,Electronics,2,344.44,0,688.88,0.0,688.88,Card,Store,2026,9,September,21,Monday,False,688.88,344.44
TXN-0110848,2026-09-21,DXB-001,Dubai,CUST-06114,P006,Mouse,Accessories,1,103.47,5,103.47,5.17,98.3,Cash,Store,2026,9,September,21,Monday,False,98.3,98.3
TXN-0110855,2026-09-21,DXB-005,Dubai,CUST-05976,P005,Keyboard,Accessories,1,185.06,10,185.06,18.51,166.55,Card,Online,2026,9,September,21,Monday,False,166.55,166.55
TXN-0110868,2026-09-21,DXB-005,Dubai,CUST-05855,P002,Smartphone,Electronics,4,1942.14,5,7768.56,388.43,7380.13,Cash,Store,2026,9,September,21,Monday,False,7380.13,1845.03
TXN-0110873,2026-09-21,DXB-002,Dubai,CUST-06370,P011,Notebook,Stationery,1,24.11,0,24.11,0.0,24.11,Card,Store,2026,9,September,21,Monday,False,24.11,24.11
TXN-0110887,2026-09-21,DXB-002,Dubai,CUST-05265,P006,Mouse,Accessories,1,91.92,0,91.92,0.0,91.92,Bank Transfer,Store,2026,9,September,21,Monday,False,91.92,91.92
TXN-0110888,2026-09-21,DXB-002,Dubai,CUST-04063,P005,Keyboard,Accessories,2,168.55,10,337.1,33.71,303.39,Card,Store,2026,9,September,21,Monday,False,303.39,151.7
TXN-0110891,2026-09-21,DXB-003,Dubai,CUST-00203,P005,Keyboard,Accessories,2,167.2,10,334.4,33.44,300.96,Apple Pay,Store,2026,9,September,21,Monday,False,300.96,150.48
TXN-0110925,2026-09-21,DXB-004,Dubai,CUST-07378,P007,Office Chair,Furniture,1,717.2,0,717.2,0.0,717.2,Bank Transfer,Store,2026,9,September,21,Monday,False,717.2,717.2
TXN-0110942,2026-09-21,DXB-001,Dubai,CUST-04379,P008,Desk,Furniture,1,825.43,0,825.43,0.0,825.43,Cash,Store,2026,9,September,21,Monday,False,825.43,825.43
TXN-0111016,2026-09-21,DXB-005,Dubai,CUST-02349,P008,Desk,Furniture,1,868.89,5,868.89,43.44,825.45,Card,Online,2026,9,September,21,Monday,False,825.45,825.45
TXN-0111131,2026-09-21,DXB-004,Dubai,CUST-04495,P001,Laptop,Electronics,1,2804.36,5,2804.36,140.22,2664.14,Card,Store,2026,9,September,21,Monday,False,2664.14,2664.14
TXN-0111132,2026-09-21,DXB-002,Dubai,CUST-01927,P007,Office Chair,Furniture,2,661.93,15,1323.86,198.58,1125.28,Cash,Store,2026,9,September,21,Monday,False,1125.28,562.64
TXN-0111141,2026-09-21,DXB-001,Dubai,CUST-05575,P009,Backpack,Accessories,1,214.18,10,214.18,21.42,192.76,Bank Transfer,Store,2026,9,September,21,Monday,False,192.76,192.76
TXN-0111161,2026-09-21,DXB-005,Dubai,CUST-07483,P004,Monitor,Electronics,2,879.43,10,1758.86,175.89,1582.97,Card,Store,2026,9,September,21,Monday,False,1582.97,791.48
TXN-0111215,2026-09-21,DXB-003,Dubai,CUST-06128,P015,Tablet,Electronics,2,1229.95,10,2459.9,245.99,2213.91,Apple Pay,Online,2026,9,September,21,Monday,False,2213.91,1106.96
TXN-0111228,2026-09-21,DXB-005,Dubai,CUST-00556,P002,Smartphone,Electronics,1,1764.41,10,1764.41,176.44,1587.97,Card,Store,2026,9,September,21,Monday,False,1587.97,1587.97
TXN-0111304,2026-09-21,DXB-004,Dubai,CUST-05470,P015,Tablet,Electronics,2,1261.13,15,2522.26,378.34,2143.92,Card,Store,2026,9,September,21,Monday,False,2143.92,1071.96
TXN-0111318,2026-09-21,DXB-003,Dubai,CUST-06939,P013,USB Drive,Accessories,1,42.31,0,42.31,0.0,42.31,Card,Store,2026,9,September,21,Monday,False,42.31,42.31
TXN-0111384,2026-09-21,DXB-003,Dubai,CUST-04547,P002,Smartphone,Electronics,4,1991.98,10,7967.92,796.79,7171.13,Cash,Online,2026,9,September,21,Monday,False,7171.13,1792.78
TXN-0111495,2026-09-21,DXB-002,Dubai,CUST-07893,P011,Notebook,Stationery,1,26.95,5,26.95,1.35,25.6,Card,Store,2026,9,September,21,Monday,False,25.6,25.6
TXN-0111560,2026-09-21,DXB-003,Dubai,CUST-07961,P006,Mouse,Accessories,3,100.21,0,300.63,0.0,300.63,Card,Online,2026,9,September,21,Monday,False,300.63,100.21
TXN-0111576,2026-09-21,DXB-004,Dubai,CUST-04080,P006,Mouse,Accessories,3,97.86,10,293.58,29.36,264.22,Bank Transfer,Store,2026,9,September,21,Monday,False,264.22,88.07
TXN-0111675,2026-09-21,DXB-001,Dubai,CUST-01136,P011,Notebook,Stationery,3,24.7,15,74.1,11.12,62.98,Card,Online,2026,9,September,21,Monday,False,62.98,20.99
TXN-0111686,2026-09-21,DXB-003,Dubai,CUST-07509,P006,Mouse,Accessories,1,97.43,15,97.43,14.61,82.82,Cash,Store,2026,9,September,21,Monday,False,82.82,82.82
TXN-0111703,2026-09-21,DXB-001,Dubai,CUST-07437,P010,Printer,Office,1,823.49,10,823.49,82.35,741.14,Card,Store,2026,9,September,21,Monday,False,741.14,741.14
TXN-0111735,2026-09-21,DXB-003,Dubai,CUST-02134,P013,USB Drive,Accessories,1,44.7,5,44.7,2.24,42.46,Card,Store,2026,9,September,21,Monday,False,42.46,42.46
TXN-0111977,2026-09-21,DXB-005,Dubai,CUST-06179,P015,Tablet,Electronics,1,1216.57,10,1216.57,121.66,1094.91,Card,Online,2026,9,September,21,Monday,False,1094.91,1094.91
TXN-0111987,2026-09-21,DXB-001,Dubai,CUST-03115,P013,USB Drive,Accessories,1,40.31,0,40.31,0.0,40.31,Apple Pay,Store,2026,9,September,21,Monday,False,40.31,40.31
TXN-0112104,2026-09-21,DXB-004,Dubai,CUST-04561,P015,Tablet,Electronics,3,1192.47,5,3577.41,178.87,3398.54,Apple Pay,Store,2026,9,September,21,Monday,False,3398.54,1132.85
TXN-0112116,2026-09-21,DXB-001,Dubai,CUST-05654,P004,Monitor,Electronics,3,909.99,0,2729.97,0.0,2729.97,Card,Online,2026,9,September,21,Monday,False,2729.97,909.99
TXN-0112123,2026-09-21,DXB-001,Dubai,CUST-00973,P011,Notebook,Stationery,1,25.49,0,25.49,0.0,25.49,Cash,Store,2026,9,September,21,Monday,False,25.49,25.49
TXN-0112192,2026-09-21,DXB-001,Dubai,CUST-07092,P008,Desk,Furniture,1,803.36,0,803.36,0.0,803.36,Card,Store,2026,9,September,21,Monday,False,803.36,803.36
TXN-0112313,2026-09-21,DXB-003,Dubai,CUST-01459,P007,Office Chair,Furniture,1,672.95,15,672.95,100.94,572.01,Apple Pay,Online,2026,9,September,21,Monday,False,572.01,572.01
TXN-0112337,2026-09-21,DXB-005,Dubai,CUST-01341,P007,Office Chair,Furniture,3,660.52,0,1981.56,0.0,1981.56,Card,Store,2026,9,September,21,Monday,False,1981.56,660.52
TXN-0112338,2026-09-21,DXB-005,Dubai,CUST-03325,P014,Power Bank,Electronics,1,147.95,10,147.95,14.8,133.15,Apple Pay,Store,2026,9,September,21,Monday,False,133.15,133.15
TXN-0112421,2026-09-21,DXB-002,Dubai,CUST-07593,P008,Desk,Furniture,1,753.21,5,753.21,37.66,715.55,Apple Pay,Store,2026,9,September,21,Monday,False,715.55,715.55
TXN-0112434,2026-09-21,DXB-001,Dubai,CUST-06360,P014,Power Bank,Electronics,1,141.02,5,141.02,7.05,133.97,Card,Store,2026,9,September,21,Monday,False,133.97,133.97
TXN-0112436,2026-09-21,DXB-001,Dubai,CUST-05232,P007,Office Chair,Furniture,1,648.1,10,648.1,64.81,583.29,Bank Transfer,Store,2026,9,September,21,Monday,False,583.29,583.29
TXN-0112444,2026-09-21,DXB-005,Dubai,CUST-05242,P007,Office Chair,Furniture,3,658.24,10,1974.72,197.47,1777.25,Card,Store,2026,9,September,21,Monday,False,1777.25,592.42
TXN-0112530,2026-09-21,DXB-003,Dubai,CUST-06766,P007,Office Chair,Furniture,4,673.14,0,2692.56,0.0,2692.56,Bank Transfer,Online,2026,9,September,21,Monday,False,2692.56,673.14
TXN-0112619,2026-09-21,DXB-003,Dubai,CUST-05244,P007,Office Chair,Furniture,2,632.29,0,1264.58,0.0,1264.58,Apple Pay,Store,2026,9,September,21,Monday,False,1264.58,632.29
TXN-0112721,2026-09-21,DXB-002,Dubai,CUST-07297,P013,USB Drive,Accessories,1,43.37,0,43.37,0.0,43.37,Card,Store,2026,9,September,21,Monday,False,43.37,43.37
TXN-0112766,2026-09-21,DXB-004,Dubai,CUST-02593,P013,USB Drive,Accessories,6,48.68,5,292.08,14.6,277.48,Card,Store,2026,9,September,21,Monday,False,277.48,46.25
TXN-0112838,2026-09-21,DXB-005,Dubai,CUST-06314,P003,Headphones,Electronics,1,322.36,5,322.36,16.12,306.24,Card,Store,2026,9,September,21,Monday,False,306.24,306.24
TXN-0112839,2026-09-21,DXB-005,Dubai,CUST-05952,P014,Power Bank,Electronics,2,148.69,0,297.38,0.0,297.38,Apple Pay,Store,2026,9,September,21,Monday,False,297.38,148.69
TXN-0113101,2026-09-21,DXB-004,Dubai,CUST-04422,P010,Printer,Office,4,730.07,10,2920.28,292.03,2628.25,Bank Transfer,Store,2026,9,September,21,Monday,False,2628.25,657.06
TXN-0113114,2026-09-21,DXB-004,Dubai,CUST-00007,P010,Printer,Office,1,692.2,0,692.2,0.0,692.2,Card,Store,2026,9,September,21,Monday,False,692.2,692.2
TXN-0113196,2026-09-21,DXB-005,Dubai,CUST-00642,P009,Backpack,Accessories,1,227.17,10,227.17,22.72,204.45,Apple Pay,Store,2026,9,September,21,Monday,False,204.45,204.45
TXN-0113199,2026-09-21,DXB-004,Dubai,CUST-01008,P008,Desk,Furniture,2,818.16,10,1636.32,163.63,1472.69,Card,Online,2026,9,September,21,Monday,False,1472.69,736.34
TXN-0113213,2026-09-21,DXB-005,Dubai,CUST-06450,P015,Tablet,Electronics,4,1183.0,5,4732.0,236.6,4495.4,Apple Pay,Store,2026,9,September,21,Monday,False,4495.4,1123.85
TXN-0113378,2026-09-21,DXB-003,Dubai,CUST-06254,P009,Backpack,Accessories,1,199.8,0,199.8,0.0,199.8,Apple Pay,Store,2026,9,September,21,Monday,False,199.8,199.8
TXN-0113489,2026-09-21,DXB-001,Dubai,CUST-03736,P010,Printer,Office,2,755.17,15,1510.34,226.55,1283.79,Cash,Store,2026,9,September,21,Monday,False,1283.79,641.9
TXN-0113547,2026-09-21,DXB-004,Dubai,CUST-05401,P004,Monitor,Electronics,1,980.71,15,980.71,147.11,833.6,Apple Pay,Store,2026,9,September,21,Monday,False,833.6,833.6
TXN-0113568,2026-09-21,DXB-002,Dubai,CUST-01593,P007,Office Chair,Furniture,1,684.0,0,684.0,0.0,684.0,Apple Pay,Store,2026,9,September,21,Monday,False,684.0,684.0
TXN-0113569,2026-09-21,DXB-002,Dubai,CUST-02877,P010,Printer,Office,1,726.69,5,726.69,36.33,690.36,Card,Online,2026,9,September,21,Monday,False,690.36,690.36
TXN-0113623,2026-09-21,DXB-004,Dubai,CUST-05197,P015,Tablet,Electronics,1,1097.06,5,1097.06,54.85,1042.21,Apple Pay,Store,2026,9,September,21,Monday,False,1042.21,1042.21
TXN-0113686,2026-09-21,DXB-003,Dubai,CUST-01026,P012,Pen Pack,Stationery,1,15.68,0,15.68,0.0,15.68,Cash,Online,2026,9,September,21,Monday,False,15.68,15.68
TXN-0113705,2026-09-21,DXB-001,Dubai,CUST-06114,P005,Keyboard,Accessories,3,175.24,0,525.72,0.0,525.72,Card,Online,2026,9,September,21,Monday,False,525.72,175.24
TXN-0113740,2026-09-21,DXB-001,Dubai,CUST-00898,P007,Office Chair,Furniture,1,610.72,10,610.72,61.07,549.65,Cash,Online,2026,9,September,21,Monday,False,549.65,549.65
TXN-0113760,2026-09-21,DXB-002,Dubai,CUST-05010,P013,USB Drive,Accessories,1,47.78,0,47.78,0.0,47.78,Bank Transfer,Store,2026,9,September,21,Monday,False,47.78,47.78
TXN-0113947,2026-09-21,DXB-001,Dubai,CUST-03530,P012,Pen Pack,Stationery,1,14.78,5,14.78,0.74,14.04,Card,Store,2026,9,September,21,Monday,False,14.04,14.04
TXN-0113950,2026-09-21,DXB-003,Dubai,CUST-07975,P014,Power Bank,Electronics,1,159.86,10,159.86,15.99,143.87,Card,Online,2026,9,September,21,Monday,False,143.87,143.87
TXN-0114003,2026-09-21,DXB-005,Dubai,CUST-01599,P009,Backpack,Accessories,2,222.59,20,445.18,89.04,356.14,Cash,Store,2026,9,September,21,Monday,False,356.14,178.07
TXN-0114029,2026-09-21,DXB-004,Dubai,CUST-02206,P012,Pen Pack,Stationery,5,14.11,0,70.55,0.0,70.55,Apple Pay,Store,2026,9,September,21,Monday,False,70.55,14.11
TXN-0114051,2026-09-21,DXB-001,Dubai,CUST-01197,P004,Monitor,Electronics,3,974.66,10,2923.98,292.4,2631.58,Card,Online,2026,9,September,21,Monday,False,2631.58,877.19
TXN-0114149,2026-09-21,DXB-005,Dubai,CUST-05962,P006,Mouse,Accessories,1,103.41,5,103.41,5.17,98.24,Bank Transfer,Store,2026,9,September,21,Monday,False,98.24,98.24
TXN-0114197,2026-09-21,DXB-001,Dubai,CUST-03417,P009,Backpack,Accessories,2,205.1,0,410.2,0.0,410.2,Card,Store,2026,9,September,21,Monday,False,410.2,205.1
TXN-0114217,2026-09-21,DXB-002,Dubai,CUST-06231,P013,USB Drive,Accessories,1,49.62,15,49.62,7.44,42.18,Card,Store,2026,9,September,21,Monday,False,42.18,42.18
TXN-0114314,2026-09-21,DXB-002,Dubai,CUST-05366,P013,USB Drive,Accessories,1,38.91,0,38.91,0.0,38.91,Cash,Store,2026,9,September,21,Monday,False,38.91,38.91
TXN-0114375,2026-09-21,DXB-003,Dubai,CUST-00629,P001,Laptop,Electronics,5,2649.36,5,13246.8,662.34,12584.46,Cash,Store,2026,9,September,21,Monday,False,12584.46,2516.89
TXN-0114487,2026-09-21,DXB-001,Dubai,CUST-06743,P009,Backpack,Accessories,1,208.67,0,208.67,0.0,208.67,Card,Online,2026,9,September,21,Monday,False,208.67,208.67
TXN-0114532,2026-09-21,DXB-001,Dubai,CUST-05156,P011,Notebook,Stationery,2,25.38,10,50.76,5.08,45.68,Cash,Online,2026,9,September,21,Monday,False,45.68,22.84
TXN-0114601,2026-09-21,DXB-003,Dubai,CUST-06724,P009,Backpack,Accessories,2,215.53,0,431.06,0.0,431.06,Apple Pay,Store,2026,9,September,21,Monday,False,431.06,215.53
TXN-0114605,2026-09-21,DXB-003,Dubai,CUST-02727,P007,Office Chair,Furniture,1,703.3,10,703.3,70.33,632.97,Card,Store,2026,9,September,21,Monday,False,632.97,632.97
TXN-0114617,2026-09-21,DXB-005,Dubai,CUST-05892,P006,Mouse,Accessories,1,95.74,15,95.74,14.36,81.38,Bank Transfer,Store,2026,9,September,21,Monday,False,81.38,81.38
TXN-0114626,2026-09-21,DXB-001,Dubai,CUST-00098,P015,Tablet,Electronics,1,1239.87,10,1239.87,123.99,1115.88,Card,Store,2026,9,September,21,Monday,False,1115.88,1115.88
TXN-0114639,2026-09-21,DXB-003,Dubai,CUST-06679,P014,Power Bank,Electronics,2,164.29,5,328.58,16.43,312.15,Apple Pay,Store,2026,9,September,21,Monday,False,312.15,156.07
TXN-0114684,2026-09-21,DXB-005,Dubai,CUST-06543,P001,Laptop,Electronics,1,2862.02,0,2862.02,0.0,2862.02,Cash,Store,2026,9,September,21,Monday,False,2862.02,2862.02
TXN-0114792,2026-09-21,DXB-003,Dubai,CUST-00650,P009,Backpack,Accessories,1,204.98,15,204.98,30.75,174.23,Apple Pay,Store,2026,9,September,21,Monday,False,174.23,174.23
TXN-0114864,2026-09-21,DXB-003,Dubai,CUST-04214,P007,Office Chair,Furniture,1,611.62,5,611.62,30.58,581.04,Apple Pay,Online,2026,9,September,21,Monday,False,581.04,581.04
TXN-0114922,2026-09-21,DXB-003,Dubai,CUST-05799,P011,Notebook,Stationery,1,24.9,15,24.9,3.74,21.16,Bank Transfer,Store,2026,9,September,21,Monday,False,21.16,21.16
TXN-0114923,2026-09-21,DXB-005,Dubai,CUST-06825,P001,Laptop,Electronics,2,2862.56,0,5725.12,0.0,5725.12,Card,Store,2026,9,September,21,Monday,False,5725.12,2862.56
TXN-0114952,2026-09-21,DXB-002,Dubai,CUST-06928,P008,Desk,Furniture,2,783.11,5,1566.22,78.31,1487.91,Card,Store,2026,9,September,21,Monday,False,1487.91,743.96
TXN-0115027,2026-09-21,DXB-005,Dubai,CUST-00277,P013,USB Drive,Accessories,1,44.2,0,44.2,0.0,44.2,Card,Store,2026,9,September,21,Monday,False,44.2,44.2
TXN-0115036,2026-09-21,DXB-004,Dubai,CUST-02456,P015,Tablet,Electronics,1,1215.47,10,1215.47,121.55,1093.92,Card,Online,2026,9,September,21,Monday,False,1093.92,1093.92
TXN-0115073,2026-09-21,DXB-001,Dubai,CUST-04983,P014,Power Bank,Electronics,2,149.41,0,298.82,0.0,298.82,Cash,Store,2026,9,September,21,Monday,False,298.82,149.41
TXN-0115084,2026-09-21,DXB-004,Dubai,CUST-04296,P007,Office Chair,Furniture,4,642.64,0,2570.56,0.0,2570.56,Card,Online,2026,9,September,21,Monday,False,2570.56,642.64
TXN-0115209,2026-09-21,DXB-004,Dubai,CUST-02302,P014,Power Bank,Electronics,1,148.31,15,148.31,22.25,126.06,Bank Transfer,Store,2026,9,September,21,Monday,False,126.06,126.06
TXN-0115232,2026-09-21,DXB-002,Dubai,CUST-04784,P003,Headphones,Electronics,1,371.77,5,371.77,18.59,353.18,Cash,Store,2026,9,September,21,Monday,False,353.18,353.18
TXN-0115476,2026-09-21,DXB-002,Dubai,CUST-05159,P003,Headphones,Electronics,2,344.91,5,689.82,34.49,655.33,Card,Store,2026,9,September,21,Monday,False,655.33,327.67
TXN-0115478,2026-09-21,DXB-004,Dubai,CUST-05551,P013,USB Drive,Accessories,2,47.9,15,95.8,14.37,81.43,Cash,Store,2026,9,September,21,Monday,False,81.43,40.72
TXN-0115494,2026-09-21,DXB-002,Dubai,CUST-07682,P011,Notebook,Stationery,1,25.75,15,25.75,3.86,21.89,Card,Store,2026,9,September,21,Monday,False,21.89,21.89
TXN-0115511,2026-09-21,DXB-004,Dubai,CUST-01956,P010,Printer,Office,2,683.88,20,1367.76,273.55,1094.21,Apple Pay,Store,2026,9,September,21,Monday,False,1094.21,547.1
TXN-0115559,2026-09-21,DXB-002,Dubai,CUST-00933,P009,Backpack,Accessories,1,229.95,5,229.95,11.5,218.45,Card,Store,2026,9,September,21,Monday,False,218.45,218.45
TXN-0115594,2026-09-21,DXB-001,Dubai,CUST-05487,P009,Backpack,Accessories,5,219.07,10,1095.35,109.54,985.81,Card,Store,2026,9,September,21,Monday,False,985.81,197.16
TXN-0115672,2026-09-21,DXB-002,Dubai,CUST-03921,P008,Desk,Furniture,1,805.04,0,805.04,0.0,805.04,Apple Pay,Store,2026,9,September,21,Monday,False,805.04,805.04
TXN-0115713,2026-09-21,DXB-001,Dubai,CUST-02023,P003,Headphones,Electronics,1,329.7,0,329.7,0.0,329.7,Cash,Online,2026,9,September,21,Monday,False,329.7,329.7
TXN-0115752,2026-09-21,DXB-005,Dubai,CUST-03905,P004,Monitor,Electronics,3,966.87,0,2900.61,0.0,2900.61,Card,Online,2026,9,September,21,Monday,False,2900.61,966.87
TXN-0115765,2026-09-21,DXB-001,Dubai,CUST-07885,P003,Headphones,Electronics,3,366.08,5,1098.24,54.91,1043.33,Bank Transfer,Store,2026,9,September,21,Monday,False,1043.33,347.78
TXN-0115838,2026-09-21,DXB-004,Dubai,CUST-00650,P008,Desk,Furniture,1,836.26,0,836.26,0.0,836.26,Card,Store,2026,9,September,21,Monday,False,836.26,836.26
TXN-0115842,2026-09-21,DXB-004,Dubai,CUST-07963,P015,Tablet,Electronics,3,1255.36,10,3766.08,376.61,3389.47,Apple Pay,Store,2026,9,September,21,Monday,False,3389.47,1129.82
TXN-0115851,2026-09-21,DXB-005,Dubai,CUST-02972,P012,Pen Pack,Stationery,1,14.9,5,14.9,0.74,14.16,Cash,Online,2026,9,September,21,Monday,False,14.16,14.16
TXN-0115854,2026-09-21,DXB-001,Dubai,CUST-00181,P012,Pen Pack,Stationery,1,14.21,0,14.21,0.0,14.21,Cash,Store,2026,9,September,21,Monday,False,14.21,14.21
TXN-0115906,2026-09-21,DXB-004,Dubai,CUST-05639,P001,Laptop,Electronics,1,2782.52,10,2782.52,278.25,2504.27,Card,Store,2026,9,September,21,Monday,False,2504.27,2504.27
TXN-0115980,2026-09-21,DXB-001,Dubai,CUST-02031,P007,Office Chair,Furniture,3,660.98,5,1982.94,99.15,1883.79,Card,Store,2026,9,September,21,Monday,False,1883.79,627.93
TXN-0116032,2026-09-21,DXB-001,Dubai,CUST-02540,P013,USB Drive,Accessories,3,49.03,5,147.09,7.35,139.74,Cash,Store,2026,9,September,21,Monday,False,139.74,46.58
TXN-0116071,2026-09-21,DXB-002,Dubai,CUST-06077,P007,Office Chair,Furniture,1,619.59,0,619.59,0.0,619.59,Apple Pay,Store,2026,9,September,21,Monday,False,619.59,619.59
TXN-0116109,2026-09-21,DXB-005,Dubai,CUST-07644,P013,USB Drive,Accessories,2,44.2,0,88.4,0.0,88.4,Bank Transfer,Online,2026,9,September,21,Monday,False,88.4,44.2
TXN-0116139,2026-09-21,DXB-003,Dubai,CUST-01868,P005,Keyboard,Accessories,1,161.4,5,161.4,8.07,153.33,Card,Online,2026,9,September,21,Monday,False,153.33,153.33
TXN-0116148,2026-09-21,DXB-004,Dubai,CUST-03987,P010,Printer,Office,1,719.35,5,719.35,35.97,683.38,Cash,Online,2026,9,September,21,Monday,False,683.38,683.38
TXN-0116243,2026-09-21,DXB-001,Dubai,CUST-04435,P005,Keyboard,Accessories,1,185.48,0,185.48,0.0,185.48,Card,Store,2026,9,September,21,Monday,False,185.48,185.48
TXN-0116268,2026-09-21,DXB-003,Dubai,CUST-04619,P014,Power Bank,Electronics,2,148.37,5,296.74,14.84,281.9,Cash,Store,2026,9,September,21,Monday,False,281.9,140.95
TXN-0116269,2026-09-21,DXB-002,Dubai,CUST-01499,P002,Smartphone,Electronics,3,1789.32,10,5367.96,536.8,4831.16,Apple Pay,Online,2026,9,September,21,Monday,False,4831.16,1610.39
TXN-0116345,2026-09-21,DXB-005,Dubai,CUST-06274,P007,Office Chair,Furniture,2,568.01,5,1136.02,56.8,1079.22,Cash,Online,2026,9,September,21,Monday,False,1079.22,539.61
TXN-0116362,2026-09-21,DXB-001,Dubai,CUST-04565,P007,Office Chair,Furniture,2,666.83,0,1333.66,0.0,1333.66,Card,Store,2026,9,September,21,Monday,False,1333.66,666.83
TXN-0116451,2026-09-21,DXB-004,Dubai,CUST-02091,P002,Smartphone,Electronics,1,1635.02,0,1635.02,0.0,1635.02,Card,Store,2026,9,September,21,Monday,False,1635.02,1635.02
TXN-0116516,2026-09-21,DXB-004,Dubai,CUST-05519,P001,Laptop,Electronics,1,2683.82,0,2683.82,0.0,2683.82,Cash,Online,2026,9,September,21,Monday,False,2683.82,2683.82
TXN-0116564,2026-09-21,DXB-005,Dubai,CUST-05614,P005,Keyboard,Accessories,2,170.15,0,340.3,0.0,340.3,Bank Transfer,Online,2026,9,September,21,Monday,False,340.3,170.15
TXN-0116636,2026-09-21,DXB-004,Dubai,CUST-03213,P010,Printer,Office,3,693.66,10,2080.98,208.1,1872.88,Bank Transfer,Store,2026,9,September,21,Monday,False,1872.88,624.29
TXN-0116661,2026-09-21,DXB-005,Dubai,CUST-03338,P014,Power Bank,Electronics,1,149.76,15,149.76,22.46,127.3,Cash,Store,2026,9,September,21,Monday,False,127.3,127.3
TXN-0116699,2026-09-21,DXB-003,Dubai,CUST-01507,P001,Laptop,Electronics,6,2489.76,0,14938.56,0.0,14938.56,Apple Pay,Store,2026,9,September,21,Monday,False,14938.56,2489.76
TXN-0116719,2026-09-21,DXB-002,Dubai,CUST-07503,P006,Mouse,Accessories,1,100.78,20,100.78,20.16,80.62,Bank Transfer,Store,2026,9,September,21,Monday,False,80.62,80.62
TXN-0116763,2026-09-21,DXB-004,Dubai,CUST-06827,P002,Smartphone,Electronics,1,1908.01,10,1908.01,190.8,1717.21,Card,Store,2026,9,September,21,Monday,False,1717.21,1717.21
TXN-0116768,2026-09-21,DXB-001,Dubai,CUST-03891,P015,Tablet,Electronics,2,1177.84,0,2355.68,0.0,2355.68,Card,Store,2026,9,September,21,Monday,False,2355.68,1177.84
TXN-0116930,2026-09-21,DXB-003,Dubai,CUST-03517,P007,Office Chair,Furniture,3,664.48,5,1993.44,99.67,1893.77,Card,Store,2026,9,September,21,Monday,False,1893.77,631.26
TXN-0117006,2026-09-21,DXB-002,Dubai,CUST-04811,P015,Tablet,Electronics,1,1188.89,5,1188.89,59.44,1129.45,Apple Pay,Store,2026,9,September,21,Monday,False,1129.45,1129.45
TXN-0117072,2026-09-21,DXB-004,Dubai,CUST-03007,P015,Tablet,Electronics,3,1223.8,10,3671.4,367.14,3304.26,Card,Store,2026,9,September,21,Monday,False,3304.26,1101.42
TXN-0117097,2026-09-21,DXB-002,Dubai,CUST-01591,P012,Pen Pack,Stationery,1,16.57,10,16.57,1.66,14.91,Cash,Online,2026,9,September,21,Monday,False,14.91,14.91
TXN-0117190,2026-09-21,DXB-001,Dubai,CUST-00424,P011,Notebook,Stationery,1,24.11,10,24.11,2.41,21.7,Card,Online,2026,9,September,21,Monday,False,21.7,21.7
TXN-0117214,2026-09-21,DXB-005,Dubai,CUST-00626,P015,Tablet,Electronics,2,1158.48,10,2316.96,231.7,2085.26,Apple Pay,Store,2026,9,September,21,Monday,False,2085.26,1042.63
TXN-0117225,2026-09-21,DXB-004,Dubai,CUST-03972,P006,Mouse,Accessories,1,113.66,0,113.66,0.0,113.66,Card,Store,2026,9,September,21,Monday,False,113.66,113.66
TXN-0117268,2026-09-21,DXB-001,Dubai,CUST-07981,P012,Pen Pack,Stationery,1,15.29,10,15.29,1.53,13.76,Card,Store,2026,9,September,21,Monday,False,13.76,13.76
TXN-0117310,2026-09-21,DXB-005,Dubai,CUST-00380,P011,Notebook,Stationery,3,22.21,10,66.63,6.66,59.97,Apple Pay,Online,2026,9,September,21,Monday,False,59.97,19.99
TXN-0117317,2026-09-21,DXB-001,Dubai,CUST-00282,P015,Tablet,Electronics,1,1250.94,15,1250.94,187.64,1063.3,Cash,Store,2026,9,September,21,Monday,False,1063.3,1063.3
TXN-0117322,2026-09-21,DXB-005,Dubai,CUST-03640,P008,Desk,Furniture,3,829.13,15,2487.39,373.11,2114.28,Cash,Store,2026,9,September,21,Monday,False,2114.28,704.76
TXN-0117326,2026-09-21,DXB-001,Dubai,CUST-05742,P015,Tablet,Electronics,1,1115.04,5,1115.04,55.75,1059.29,Cash,Store,2026,9,September,21,Monday,False,1059.29,1059.29
TXN-0117371,2026-09-21,DXB-003,Dubai,CUST-06240,P014,Power Bank,Electronics,2,147.06,10,294.12,29.41,264.71,Cash,Store,2026,9,September,21,Monday,False,264.71,132.35
TXN-0117389,2026-09-21,DXB-001,Dubai,CUST-07062,P010,Printer,Office,3,670.14,15,2010.42,301.56,1708.86,Card,Store,2026,9,September,21,Monday,False,1708.86,569.62
TXN-0117393,2026-09-21,DXB-001,Dubai,CUST-04989,P006,Mouse,Accessories,2,96.95,15,193.9,29.08,164.82,Card,Store,2026,9,September,21,Monday,False,164.82,82.41
TXN-0117394,2026-09-21,DXB-002,Dubai,CUST-06760,P011,Notebook,Stationery,4,23.55,10,94.2,9.42,84.78,Card,Store,2026,9,September,21,Monday,False,84.78,21.2
TXN-0117456,2026-09-21,DXB-005,Dubai,CUST-07172,P015,Tablet,Electronics,4,1313.06,0,5252.24,0.0,5252.24,Cash,Online,2026,9,September,21,Monday,False,5252.24,1313.06
TXN-0117587,2026-09-21,DXB-005,Dubai,CUST-06413,P010,Printer,Office,1,726.84,15,726.84,109.03,617.81,Cash,Store,2026,9,September,21,Monday,False,617.81,617.81
TXN-0117653,2026-09-21,DXB-001,Dubai,CUST-00421,P001,Laptop,Electronics,3,2716.22,0,8148.66,0.0,8148.66,Card,Store,2026,9,September,21,Monday,False,8148.66,2716.22
TXN-0117665,2026-09-21,DXB-003,Dubai,CUST-07891,P009,Backpack,Accessories,1,239.23,10,239.23,23.92,215.31,Card,Store,2026,9,September,21,Monday,False,215.31,215.31
TXN-0117703,2026-09-21,DXB-005,Dubai,CUST-04167,P010,Printer,Office,4,715.99,15,2863.96,429.59,2434.37,Card,Store,2026,9,September,21,Monday,False,2434.37,608.59
TXN-0117707,2026-09-21,DXB-004,Dubai,CUST-06326,P014,Power Bank,Electronics,2,142.03,10,284.06,28.41,255.65,Card,Store,2026,9,September,21,Monday,False,255.65,127.82
TXN-0117725,2026-09-21,DXB-003,Dubai,CUST-03488,P008,Desk,Furniture,4,750.38,0,3001.52,0.0,3001.52,Card,Online,2026,9,September,21,Monday,False,3001.52,750.38
TXN-0117730,2026-09-21,DXB-001,Dubai,CUST-02551,P006,Mouse,Accessories,2,105.08,0,210.16,0.0,210.16,Cash,Online,2026,9,September,21,Monday,False,210.16,105.08
TXN-0117859,2026-09-21,DXB-004,Dubai,CUST-01410,P006,Mouse,Accessories,1,98.23,10,98.23,9.82,88.41,Cash,Online,2026,9,September,21,Monday,False,88.41,88.41
TXN-0117876,2026-09-21,DXB-001,Dubai,CUST-03292,P007,Office Chair,Furniture,1,586.79,0,586.79,0.0,586.79,Cash,Store,2026,9,September,21,Monday,False,586.79,586.79
TXN-0117881,2026-09-21,DXB-003,Dubai,CUST-02816,P001,Laptop,Electronics,3,2845.73,0,8537.19,0.0,8537.19,Card,Online,2026,9,September,21,Monday,False,8537.19,2845.73
TXN-0117896,2026-09-21,DXB-001,Dubai,CUST-00843,P010,Printer,Office,3,685.43,0,2056.29,0.0,2056.29,Bank Transfer,Online,2026,9,September,21,Monday,False,2056.29,685.43
TXN-0117981,2026-09-21,DXB-003,Dubai,CUST-05575,P012,Pen Pack,Stationery,3,15.51,10,46.53,4.65,41.88,Cash,Online,2026,9,September,21,Monday,False,41.88,13.96
TXN-0118009,2026-09-21,DXB-001,Dubai,CUST-04617,P001,Laptop,Electronics,6,2734.59,5,16407.54,820.38,15587.16,Cash,Store,2026,9,September,21,Monday,False,15587.16,2597.86
TXN-0118041,2026-09-21,DXB-001,Dubai,CUST-03337,P014,Power Bank,Electronics,3,162.23,10,486.69,48.67,438.02,Card,Store,2026,9,September,21,Monday,False,438.02,146.01
TXN-0118068,2026-09-21,DXB-005,Dubai,CUST-00754,P003,Headphones,Electronics,3,363.42,10,1090.26,109.03,981.23,Apple Pay,Store,2026,9,September,21,Monday,False,981.23,327.08
TXN-0118119,2026-09-21,DXB-004,Dubai,CUST-07395,P007,Office Chair,Furniture,1,619.73,15,619.73,92.96,526.77,Card,Store,2026,9,September,21,Monday,False,526.77,526.77
TXN-0118259,2026-09-21,DXB-003,Dubai,CUST-04022,P013,USB Drive,Accessories,1,47.97,15,47.97,7.2,40.77,Card,Store,2026,9,September,21,Monday,False,40.77,40.77
TXN-0118278,2026-09-21,DXB-005,Dubai,CUST-03267,P002,Smartphone,Electronics,1,1936.69,5,1936.69,96.83,1839.86,Cash,Online,2026,9,September,21,Monday,False,1839.86,1839.86
TXN-0118281,2026-09-21,DXB-004,Dubai,CUST-03497,P005,Keyboard,Accessories,3,181.34,0,544.02,0.0,544.02,Apple Pay,Store,2026,9,September,21,Monday,False,544.02,181.34
TXN-0118285,2026-09-21,DXB-002,Dubai,CUST-05343,P008,Desk,Furniture,1,713.49,0,713.49,0.0,713.49,Card,Store,2026,9,September,21,Monday,False,713.49,713.49
TXN-0118318,2026-09-21,DXB-003,Dubai,CUST-03426,P010,Printer,Office,2,692.0,0,1384.0,0.0,1384.0,Cash,Online,2026,9,September,21,Monday,False,1384.0,692.0
TXN-0118332,2026-09-21,DXB-004,Dubai,CUST-05899,P014,Power Bank,Electronics,3,147.1,20,441.3,88.26,353.04,Card,Store,2026,9,September,21,Monday,False,353.04,117.68
TXN-0118419,2026-09-21,DXB-001,Dubai,CUST-06927,P013,USB Drive,Accessories,5,41.85,0,209.25,0.0,209.25,Card,Online,2026,9,September,21,Monday,False,209.25,41.85
TXN-0118442,2026-09-21,DXB-003,Dubai,CUST-02006,P009,Backpack,Accessories,1,258.09,0,258.09,0.0,258.09,Card,Store,2026,9,September,21,Monday,False,258.09,258.09
TXN-0118458,2026-09-21,DXB-003,Dubai,CUST-02532,P001,Laptop,Electronics,1,2730.0,0,2730.0,0.0,2730.0,Card,Store,2026,9,September,21,Monday,False,2730.0,2730.0
TXN-0118469,2026-09-21,DXB-005,Dubai,CUST-07071,P002,Smartphone,Electronics,1,1891.0,0,1891.0,0.0,1891.0,Card,Store,2026,9,September,21,Monday,False,1891.0,1891.0
TXN-0118563,2026-09-21,DXB-005,Dubai,CUST-01994,P002,Smartphone,Electronics,3,1689.14,10,5067.42,506.74,4560.68,Apple Pay,Store,2026,9,September,21,Monday,False,4560.68,1520.23
TXN-0118575,2026-09-21,DXB-002,Dubai,CUST-07849,P003,Headphones,Electronics,2,384.43,15,768.86,115.33,653.53,Card,Online,2026,9,September,21,Monday,False,653.53,326.76
TXN-0118676,2026-09-21,DXB-004,Dubai,CUST-00179,P013,USB Drive,Accessories,4,47.26,0,189.04,0.0,189.04,Card,Store,2026,9,September,21,Monday,False,189.04,47.26
TXN-0118716,2026-09-21,DXB-001,Dubai,CUST-03604,P006,Mouse,Accessories,2,90.4,0,180.8,0.0,180.8,Apple Pay,Store,2026,9,September,21,Monday,False,180.8,90.4
TXN-0118787,2026-09-21,DXB-005,Dubai,CUST-01961,P010,Printer,Office,2,680.46,5,1360.92,68.05,1292.87,Card,Store,2026,9,September,21,Monday,False,1292.87,646.43
TXN-0119010,2026-09-21,DXB-005,Dubai,CUST-05407,P002,Smartphone,Electronics,1,1847.67,10,1847.67,184.77,1662.9,Bank Transfer,Store,2026,9,September,21,Monday,False,1662.9,1662.9
TXN-0119059,2026-09-21,DXB-005,Dubai,CUST-02341,P003,Headphones,Electronics,2,346.03,10,692.06,69.21,622.85,Card,Online,2026,9,September,21,Monday,False,622.85,311.42
TXN-0119190,2026-09-21,DXB-002,Dubai,CUST-01473,P003,Headphones,Electronics,4,362.85,20,1451.4,290.28,1161.12,Bank Transfer,Online,2026,9,September,21,Monday,False,1161.12,290.28
TXN-0119215,2026-09-21,DXB-002,Dubai,CUST-07654,P004,Monitor,Electronics,1,959.98,0,959.98,0.0,959.98,Cash,Store,2026,9,September,21,Monday,False,959.98,959.98
TXN-0119427,2026-09-21,DXB-005,Dubai,CUST-07515,P010,Printer,Office,1,731.28,0,731.28,0.0,731.28,Card,Store,2026,9,September,21,Monday,False,731.28,731.28
TXN-0119454,2026-09-21,DXB-004,Dubai,CUST-01124,P003,Headphones,Electronics,2,351.9,0,703.8,0.0,703.8,Card,Store,2026,9,September,21,Monday,False,703.8,351.9
TXN-0119463,2026-09-21,DXB-005,Dubai,CUST-03974,P001,Laptop,Electronics,3,3109.34,0,9328.02,0.0,9328.02,Card,Store,2026,9,September,21,Monday,False,9328.02,3109.34
TXN-0119491,2026-09-21,DXB-001,Dubai,CUST-02224,P015,Tablet,Electronics,5,1145.79,0,5728.95,0.0,5728.95,Apple Pay,Store,2026,9,September,21,Monday,False,5728.95,1145.79
TXN-0119500,2026-09-21,DXB-001,Dubai,CUST-00244,P013,USB Drive,Accessories,1,42.65,15,42.65,6.4,36.25,Card,Store,2026,9,September,21,Monday,False,36.25,36.25
TXN-0119516,2026-09-21,DXB-002,Dubai,CUST-00735,P011,Notebook,Stationery,1,26.1,0,26.1,0.0,26.1,Apple Pay,Online,2026,9,September,21,Monday,False,26.1,26.1
TXN-0119643,2026-09-21,DXB-001,Dubai,CUST-05187,P004,Monitor,Electronics,2,936.59,0,1873.18,0.0,1873.18,Apple Pay,Store,2026,9,September,21,Monday,False,1873.18,936.59
TXN-0119782,2026-09-21,DXB-003,Dubai,CUST-00660,P003,Headphones,Electronics,2,364.08,10,728.16,72.82,655.34,Cash,Store,2026,9,September,21,Monday,False,655.34,327.67
TXN-0119914,2026-09-21,DXB-003,Dubai,CUST-07740,P007,Office Chair,Furniture,1,649.05,0,649.05,0.0,649.05,Card,Online,2026,9,September,21,Monday,False,649.05,649.05
