transaction_id,transaction_date,store_id,region,customer_id,product_id,product_name,category,quantity,unit_price,discount_pct,gross_amount,discount_amount,net_revenue,payment_method,sales_channel,year,month,month_name,day,day_of_week,is_weekend,order_value,revenue_per_unit
TXN-0000104,2026-08-01,DXB-001,Dubai,CUST-03091,P007,Office Chair,Furniture,1,774.62,10,774.62,77.46,697.16,Cash,Store,2026,8,August,1,Saturday,True,697.16,697.16
TXN-0000303,2026-08-01,DXB-001,Dubai,CUST-01770,P005,Keyboard,Accessories,2,159.35,10,318.7,31.87,286.83,Card,Store,2026,8,August,1,Saturday,True,286.83,143.42
TXN-0000381,2026-08-01,DXB-003,Dubai,CUST-02518,P011,Notebook,Stationery,4,24.28,0,97.12,0.0,97.12,Card,Online,2026,8,August,1,Saturday,True,97.12,24.28
TXN-0000410,2026-08-01,DXB-003,Dubai,CUST-03560,P008,Desk,Furniture,1,817.26,0,817.26,0.0,817.26,Card,Online,2026,8,August,1,Saturday,True,817.26,817.26
TXN-0000415,2026-08-01,DXB-004,Dubai,CUST-02432,P005,Keyboard,Accessories,1,190.07,5,190.07,9.5,180.57,Card,Online,2026,8,August,1,Saturday,True,180.57,180.57
TXN-0000465,2026-08-01,DXB-001,Dubai,CUST-06223,P004,Monitor,Electronics,2,879.08,0,1758.16,0.0,1758.16,Cash,Online,2026,8,August,1,Saturday,True,1758.16,879.08
TXN-0000478,2026-08-01,DXB-005,Dubai,CUST-03597,P015,Tablet,Electronics,2,991.68,0,1983.36,0.0,1983.36,Card,Store,2026,8,August,1,Saturday,True,1983.36,991.68
TXN-0000575,2026-08-01,DXB-005,Dubai,CUST-01031,P003,Headphones,Electronics,4,375.97,5,1503.88,75.19,1428.69,Card,Store,2026,8,August,1,Saturday,True,1428.69,357.17
TXN-0000707,2026-08-01,DXB-004,Dubai,CUST-07279,P007,Office Chair,Furniture,2,654.56,5,1309.12,65.46,1243.66,Bank Transfer,Online,2026,8,August,1,Saturday,True,1243.66,621.83
TXN-0000773,2026-08-01,DXB-005,Dubai,CUST-03826,P008,Desk,Furniture,1,763.76,0,763.76,0.0,763.76,Apple Pay,Store,2026,8,August,1,Saturday,True,763.76,763.76
TXN-0000790,2026-08-01,DXB-004,Dubai,CUST-03810,P003,Headphones,Electronics,1,362.95,5,362.95,18.15,344.8,Card,Online,2026,8,August,1,Saturday,True,344.8,344.8
TXN-0000801,2026-08-01,DXB-001,Dubai,CUST-01717,P008,Desk,Furniture,1,897.02,15,897.02,134.55,762.47,Cash,Online,2026,8,August,1,Saturday,True,762.47,762.47
TXN-0000839,2026-08-01,DXB-001,Dubai,CUST-03972,P010,Printer,Office,1,607.57,20,607.57,121.51,486.06,Cash,Store,2026,8,August,1,Saturday,True,486.06,486.06
TXN-0000845,2026-08-01,DXB-002,Dubai,CUST-01924,P010,Printer,Office,2,719.33,10,1438.66,143.87,1294.79,Cash,Online,2026,8,August,1,Saturday,True,1294.79,647.4
TXN-0000846,2026-08-01,DXB-003,Dubai,CUST-02359,P014,Power Bank,Electronics,5,156.15,10,780.75,78.08,702.67,Card,Store,2026,8,August,1,Saturday,True,702.67,140.53
TXN-0000889,2026-08-01,DXB-002,Dubai,CUST-03707,P002,Smartphone,Electronics,4,1850.39,10,7401.56,740.16,6661.4,Card,Store,2026,8,August,1,Saturday,True,6661.4,1665.35
TXN-0000901,2026-08-01,DXB-002,Dubai,CUST-01588,P001,Laptop,Electronics,1,2590.49,20,2590.49,518.1,2072.39,Cash,Online,2026,8,August,1,Saturday,True,2072.39,2072.39
TXN-0001038,2026-08-01,DXB-005,Dubai,CUST-07166,P011,Notebook,Stationery,1,23.12,0,23.12,0.0,23.12,Cash,Store,2026,8,August,1,Saturday,True,23.12,23.12
TXN-0001070,2026-08-01,DXB-002,Dubai,CUST-01679,P006,Mouse,Accessories,1,97.13,15,97.13,14.57,82.56,Cash,Store,2026,8,August,1,Saturday,True,82.56,82.56
TXN-0001121,2026-08-01,DXB-001,Dubai,CUST-00670,P012,Pen Pack,Stationery,6,16.0,5,96.0,4.8,91.2,Bank Transfer,Store,2026,8,August,1,Saturday,True,91.2,15.2
TXN-0001175,2026-08-01,DXB-005,Dubai,CUST-01890,P010,Printer,Office,1,750.0,15,750.0,112.5,637.5,Cash,Store,2026,8,August,1,Saturday,True,637.5,637.5
TXN-0001190,2026-08-01,DXB-002,Dubai,CUST-06139,P008,Desk,Furniture,4,808.08,10,3232.32,323.23,2909.09,Cash,Online,2026,8,August,1,Saturday,True,2909.09,727.27
TXN-0001237,2026-08-01,DXB-001,Dubai,CUST-04465,P005,Keyboard,Accessories,1,176.16,0,176.16,0.0,176.16,Card,Store,2026,8,August,1,Saturday,True,176.16,176.16
TXN-0001279,2026-08-01,DXB-003,Dubai,CUST-06648,P014,Power Bank,Electronics,1,170.05,10,170.05,17.0,153.05,Bank Transfer,Store,2026,8,August,1,Saturday,True,153.05,153.05
TXN-0001294,2026-08-01,DXB-004,Dubai,CUST-06496,P014,Power Bank,Electronics,1,149.68,10,149.68,14.97,134.71,Card,Store,2026,8,August,1,Saturday,True,134.71,134.71
TXN-0001366,2026-08-01,DXB-001,Dubai,CUST-00796,P008,Desk,Furniture,1,764.45,10,764.45,76.44,688.01,Apple Pay,Online,2026,8,August,1,Saturday,True,688.01,688.01
TXN-0001409,2026-08-01,DXB-001,Dubai,CUST-05504,P005,Keyboard,Accessories,1,166.69,0,166.69,0.0,166.69,Apple Pay,Online,2026,8,August,1,Saturday,True,166.69,166.69
TXN-0001482,2026-08-01,DXB-005,Dubai,CUST-03331,P003,Headphones,Electronics,4,370.28,5,1481.12,74.06,1407.06,Card,Online,2026,8,August,1,Saturday,True,1407.06,351.76
TXN-0001488,2026-08-01,DXB-001,Dubai,CUST-02899,P014,Power Bank,Electronics,3,153.75,10,461.25,46.12,415.13,Card,Store,2026,8,August,1,Saturday,True,415.13,138.38
TXN-0001532,2026-08-01,DXB-005,Dubai,CUST-02921,P015,Tablet,Electronics,1,1207.39,20,1207.39,241.48,965.91,Apple Pay,Online,2026,8,August,1,Saturday,True,965.91,965.91
TXN-0001550,2026-08-01,DXB-001,Dubai,CUST-03750,P005,Keyboard,Accessories,3,181.1,15,543.3,81.49,461.81,Cash,Store,2026,8,August,1,Saturday,True,461.81,153.94
TXN-0001622,2026-08-01,DXB-001,Dubai,CUST-04638,P013,USB Drive,Accessories,1,41.07,0,41.07,0.0,41.07,Cash,Store,2026,8,August,1,Saturday,True,41.07,41.07
TXN-0001624,2026-08-01,DXB-005,Dubai,CUST-07313,P002,Smartphone,Electronics,2,1934.8,0,3869.6,0.0,3869.6,Card,Store,2026,8,August,1,Saturday,True,3869.6,1934.8
TXN-0001652,2026-08-01,DXB-002,Dubai,CUST-03739,P004,Monitor,Electronics,1,863.49,15,863.49,129.52,733.97,Bank Transfer,Online,2026,8,August,1,Saturday,True,733.97,733.97
TXN-0001682,2026-08-01,DXB-001,Dubai,CUST-05018,P014,Power Bank,Electronics,1,140.33,0,140.33,0.0,140.33,Bank Transfer,Store,2026,8,August,1,Saturday,True,140.33,140.33
TXN-0001739,2026-08-01,DXB-004,Dubai,CUST-05815,P014,Power Bank,Electronics,1,157.61,10,157.61,15.76,141.85,Card,Store,2026,8,August,1,Saturday,True,141.85,141.85
TXN-0001763,2026-08-01,DXB-001,Dubai,CUST-02000,P007,Office Chair,Furniture,1,574.07,0,574.07,0.0,574.07,Apple Pay,Online,2026,8,August,1,Saturday,True,574.07,574.07
TXN-0001807,2026-08-01,DXB-004,Dubai,CUST-07401,P001,Laptop,Electronics,2,2827.13,0,5654.26,0.0,5654.26,Apple Pay,Store,2026,8,August,1,Saturday,True,5654.26,2827.13
TXN-0001913,2026-08-01,DXB-001,Dubai,CUST-03768,P009,Backpack,Accessories,2,239.82,5,479.64,23.98,455.66,Card,Online,2026,8,August,1,Saturday,True,455.66,227.83
TXN-0001949,2026-08-01,DXB-002,Dubai,CUST-00635,P006,Mouse,Accessories,1,95.45,5,95.45,4.77,90.68,Card,Store,2026,8,August,1,Saturday,True,90.68,90.68
TXN-0001996,2026-08-01,DXB-002,Dubai,CUST-04363,P012,Pen Pack,Stationery,2,15.76,5,31.52,1.58,29.94,Apple Pay,Online,2026,8,August,1,Saturday,True,29.94,14.97
TXN-0002202,2026-08-01,DXB-001,Dubai,CUST-04916,P008,Desk,Furniture,1,802.01,15,802.01,120.3,681.71,Card,Store,2026,8,August,1,Saturday,True,681.71,681.71
TXN-0002259,2026-08-01,DXB-002,Dubai,CUST-01206,P010,Printer,Office,3,701.73,10,2105.19,210.52,1894.67,Cash,Store,2026,8,August,1,Saturday,True,1894.67,631.56
TXN-0002316,2026-08-01,DXB-003,Dubai,CUST-05151,P013,USB Drive,Accessories,1,41.96,5,41.96,2.1,39.86,Cash,Store,2026,8,August,1,Saturday,True,39.86,39.86
TXN-0002401,2026-08-01,DXB-002,Dubai,CUST-04925,P011,Notebook,Stationery,1,25.77,0,25.77,0.0,25.77,Cash,Store,2026,8,August,1,Saturday,True,25.77,25.77
TXN-0002442,2026-08-01,DXB-005,Dubai,CUST-04672,P005,Keyboard,Accessories,1,176.92,0,176.92,0.0,176.92,Apple Pay,Store,2026,8,August,1,Saturday,True,176.92,176.92
TXN-0002443,2026-08-01,DXB-003,Dubai,CUST-04881,P006,Mouse,Accessories,1,103.48,10,103.48,10.35,93.13,Card,Online,2026,8,August,1,Saturday,True,93.13,93.13
TXN-0002628,2026-08-01,DXB-002,Dubai,CUST-03635,P001,Laptop,Electronics,1,2587.95,10,2587.95,258.8,2329.15,Apple Pay,Online,2026,8,August,1,Saturday,True,2329.15,2329.15
TXN-0002646,2026-08-01,DXB-004,Dubai,CUST-05912,P015,Tablet,Electronics,5,1239.33,0,6196.65,0.0,6196.65,Card,Online,2026,8,August,1,Saturday,True,6196.65,1239.33
TXN-0002789,2026-08-01,DXB-004,Dubai,CUST-07402,P012,Pen Pack,Stationery,3,15.25,5,45.75,2.29,43.46,Card,Store,2026,8,August,1,Saturday,True,43.46,14.49
TXN-0002975,2026-08-01,DXB-001,Dubai,CUST-06502,P013,USB Drive,Accessories,1,45.21,0,45.21,0.0,45.21,Apple Pay,Store,2026,8,August,1,Saturday,True,45.21,45.21
TXN-0003103,2026-08-01,DXB-001,Dubai,CUST-00452,P003,Headphones,Electronics,3,340.93,0,1022.79,0.0,1022.79,Cash,Store,2026,8,August,1,Saturday,True,1022.79,340.93
TXN-0003136,2026-08-01,DXB-001,Dubai,CUST-02430,P011,Notebook,Stationery,1,24.79,0,24.79,0.0,24.79,Cash,Online,2026,8,August,1,Saturday,True,24.79,24.79
TXN-0003191,2026-08-01,DXB-005,Dubai,CUST-01433,P014,Power Bank,Electronics,1,152.63,5,152.63,7.63,145.0,Apple Pay,Online,2026,8,August,1,Saturday,True,145.0,145.0
TXN-0003217,2026-08-01,DXB-004,Dubai,CUST-05987,P006,Mouse,Accessories,1,93.46,0,93.46,0.0,93.46,Bank Transfer,Store,2026,8,August,1,Saturday,True,93.46,93.46
TXN-0003234,2026-08-01,DXB-005,Dubai,CUST-05034,P009,Backpack,Accessories,1,212.8,0,212.8,0.0,212.8,Card,Store,2026,8,August,1,Saturday,True,212.8,212.8
TXN-0003399,2026-08-01,DXB-001,Dubai,CUST-06308,P015,Tablet,Electronics,2,1152.97,0,2305.94,0.0,2305.94,Card,Online,2026,8,August,1,Saturday,True,2305.94,1152.97
TXN-0003505,2026-08-01,DXB-004,Dubai,CUST-07385,P010,Printer,Office,3,646.91,20,1940.73,388.15,1552.58,Card,Online,2026,8,August,1,Saturday,True,1552.58,517.53
TXN-0003674,2026-08-01,DXB-001,Dubai,CUST-02416,P001,Laptop,Electronics,1,2780.55,20,2780.55,556.11,2224.44,Card,Online,2026,8,August,1,Saturday,True,2224.44,2224.44
TXN-0003725,2026-08-01,DXB-002,Dubai,CUST-00216,P001,Laptop,Electronics,4,2756.0,10,11024.0,1102.4,9921.6,Card,Online,2026,8,August,1,Saturday,True,9921.6,2480.4
TXN-0003799,2026-08-01,DXB-004,Dubai,CUST-06112,P006,Mouse,Accessories,1,100.05,0,100.05,0.0,100.05,Card,Store,2026,8,August,1,Saturday,True,100.05,100.05
TXN-0003822,2026-08-01,DXB-004,Dubai,CUST-01347,P008,Desk,Furniture,5,833.05,0,4165.25,0.0,4165.25,Apple Pay,Store,2026,8,August,1,Saturday,True,4165.25,833.05
TXN-0003858,2026-08-01,DXB-002,Dubai,CUST-07488,P003,Headphones,Electronics,2,381.47,15,762.94,114.44,648.5,Card,Store,2026,8,August,1,Saturday,True,648.5,324.25
TXN-0003898,2026-08-01,DXB-005,Dubai,CUST-07277,P009,Backpack,Accessories,1,211.91,5,211.91,10.6,201.31,Card,Online,2026,8,August,1,Saturday,True,201.31,201.31
TXN-0003904,2026-08-01,DXB-001,Dubai,CUST-03696,P003,Headphones,Electronics,1,348.65,10,348.65,34.86,313.79,Apple Pay,Store,2026,8,August,1,Saturday,True,313.79,313.79
TXN-0004046,2026-08-01,DXB-003,Dubai,CUST-00626,P004,Monitor,Electronics,5,897.51,5,4487.55,224.38,4263.17,Card,Store,2026,8,August,1,Saturday,True,4263.17,852.63
TXN-0004055,2026-08-01,DXB-005,Dubai,CUST-00646,P014,Power Bank,Electronics,1,152.02,5,152.02,7.6,144.42,Card,Store,2026,8,August,1,Saturday,True,144.42,144.42
TXN-0004104,2026-08-01,DXB-002,Dubai,CUST-02818,P015,Tablet,Electronics,1,1220.67,0,1220.67,0.0,1220.67,Apple Pay,Store,2026,8,August,1,Saturday,True,1220.67,1220.67
TXN-0004111,2026-08-01,DXB-002,Dubai,CUST-06043,P007,Office Chair,Furniture,1,660.97,10,660.97,66.1,594.87,Card,Online,2026,8,August,1,Saturday,True,594.87,594.87
TXN-0004131,2026-08-01,DXB-001,Dubai,CUST-00386,P006,Mouse,Accessories,4,100.99,0,403.96,0.0,403.96,Card,Store,2026,8,August,1,Saturday,True,403.96,100.99
TXN-0004230,2026-08-01,DXB-003,Dubai,CUST-00878,P011,Notebook,Stationery,4,24.98,0,99.92,0.0,99.92,Bank Transfer,Store,2026,8,August,1,Saturday,True,99.92,24.98
TXN-0004361,2026-08-01,DXB-001,Dubai,CUST-03622,P009,Backpack,Accessories,1,223.64,5,223.64,11.18,212.46,Cash,Online,2026,8,August,1,Saturday,True,212.46,212.46
TXN-0004393,2026-08-01,DXB-001,Dubai,CUST-03936,P014,Power Bank,Electronics,3,145.34,0,436.02,0.0,436.02,Cash,Store,2026,8,August,1,Saturday,True,436.02,145.34
TXN-0004505,2026-08-01,DXB-003,Dubai,CUST-01248,P014,Power Bank,Electronics,2,124.93,15,249.86,37.48,212.38,Cash,Store,2026,8,August,1,Saturday,True,212.38,106.19
TXN-0004598,2026-08-01,DXB-001,Dubai,CUST-02908,P005,Keyboard,Accessories,1,186.17,5,186.17,9.31,176.86,Apple Pay,Store,2026,8,August,1,Saturday,True,176.86,176.86
TXN-0004627,2026-08-01,DXB-001,Dubai,CUST-05403,P010,Printer,Office,1,635.72,5,635.72,31.79,603.93,Bank Transfer,Online,2026,8,August,1,Saturday,True,603.93,603.93
TXN-0004689,2026-08-01,DXB-004,Dubai,CUST-03696,P001,Laptop,Electronics,6,3048.42,5,18290.52,914.53,17375.99,Card,Online,2026,8,August,1,Saturday,True,17375.99,2896.0
TXN-0004691,2026-08-01,DXB-001,Dubai,CUST-01600,P004,Monitor,Electronics,1,902.14,10,902.14,90.21,811.93,Apple Pay,Store,2026,8,August,1,Saturday,True,811.93,811.93
TXN-0004768,2026-08-01,DXB-002,Dubai,CUST-06803,P009,Backpack,Accessories,1,216.62,15,216.62,32.49,184.13,Card,Store,2026,8,August,1,Saturday,True,184.13,184.13
TXN-0004788,2026-08-01,DXB-001,Dubai,CUST-05621,P008,Desk,Furniture,1,847.13,5,847.13,42.36,804.77,Card,Store,2026,8,August,1,Saturday,True,804.77,804.77
TXN-0004885,2026-08-01,DXB-004,Dubai,CUST-06941,P013,USB Drive,Accessories,1,50.38,0,50.38,0.0,50.38,Apple Pay,Store,2026,8,August,1,Saturday,True,50.38,50.38
TXN-0004931,2026-08-01,DXB-002,Dubai,CUST-01847,P003,Headphones,Electronics,1,387.52,5,387.52,19.38,368.14,Card,Online,2026,8,August,1,Saturday,True,368.14,368.14
TXN-0005068,2026-08-01,DXB-002,Dubai,CUST-06751,P012,Pen Pack,Stationery,1,14.49,0,14.49,0.0,14.49,Apple Pay,Store,2026,8,August,1,Saturday,True,14.49,14.49
TXN-0005078,2026-08-01,DXB-002,Dubai,CUST-04105,P004,Monitor,Electronics,3,914.46,0,2743.38,0.0,2743.38,Apple Pay,Store,2026,8,August,1,Saturday,True,2743.38,914.46
TXN-0005083,2026-08-01,DXB-002,Dubai,CUST-06564,P012,Pen Pack,Stationery,1,15.51,0,15.51,0.0,15.51,Card,Store,2026,8,August,1,Saturday,True,15.51,15.51
TXN-0005142,2026-08-01,DXB-002,Dubai,CUST-02327,P014,Power Bank,Electronics,2,140.34,0,280.68,0.0,280.68,Card,Online,2026,8,August,1,Saturday,True,280.68,140.34
TXN-0005170,2026-08-01,DXB-002,Dubai,CUST-01450,P011,Notebook,Stationery,1,27.24,10,27.24,2.72,24.52,Bank Transfer,Store,2026,8,August,1,Saturday,True,24.52,24.52
TXN-0005297,2026-08-01,DXB-005,Dubai,CUST-04343,P010,Printer,Office,3,781.82,0,2345.46,0.0,2345.46,Apple Pay,Online,2026,8,August,1,Saturday,True,2345.46,781.82
TXN-0005438,2026-08-01,DXB-003,Dubai,CUST-06711,P015,Tablet,Electronics,1,1193.46,5,1193.46,59.67,1133.79,Card,Online,2026,8,August,1,Saturday,True,1133.79,1133.79
TXN-0005462,2026-08-01,DXB-001,Dubai,CUST-07680,P008,Desk,Furniture,1,770.72,15,770.72,115.61,655.11,Card,Store,2026,8,August,1,Saturday,True,655.11,655.11
TXN-0005603,2026-08-01,DXB-004,Dubai,CUST-06215,P012,Pen Pack,Stationery,1,14.86,5,14.86,0.74,14.12,Card,Store,2026,8,August,1,Saturday,True,14.12,14.12
TXN-0005719,2026-08-01,DXB-003,Dubai,CUST-07981,P008,Desk,Furniture,2,831.0,5,1662.0,83.1,1578.9,Apple Pay,Store,2026,8,August,1,Saturday,True,1578.9,789.45
TXN-0005745,2026-08-01,DXB-001,Dubai,CUST-04188,P002,Smartphone,Electronics,1,1852.15,15,1852.15,277.82,1574.33,Card,Store,2026,8,August,1,Saturday,True,1574.33,1574.33
TXN-0005760,2026-08-01,DXB-004,Dubai,CUST-02856,P005,Keyboard,Accessories,4,158.98,5,635.92,31.8,604.12,Bank Transfer,Store,2026,8,August,1,Saturday,True,604.12,151.03
TXN-0005844,2026-08-01,DXB-004,Dubai,CUST-02496,P008,Desk,Furniture,4,847.99,10,3391.96,339.2,3052.76,Cash,Online,2026,8,August,1,Saturday,True,3052.76,763.19
TXN-0005880,2026-08-01,DXB-002,Dubai,CUST-07258,P007,Office Chair,Furniture,3,615.59,15,1846.77,277.02,1569.75,Card,Store,2026,8,August,1,Saturday,True,1569.75,523.25
TXN-0005916,2026-08-01,DXB-005,Dubai,CUST-06993,P006,Mouse,Accessories,3,98.55,5,295.65,14.78,280.87,Apple Pay,Store,2026,8,August,1,Saturday,True,280.87,93.62
TXN-0006057,2026-08-01,DXB-005,Dubai,CUST-07683,P013,USB Drive,Accessories,1,50.36,15,50.36,7.55,42.81,Card,Store,2026,8,August,1,Saturday,True,42.81,42.81
TXN-0006076,2026-08-01,DXB-001,Dubai,CUST-07241,P008,Desk,Furniture,2,825.69,0,1651.38,0.0,1651.38,Card,Online,2026,8,August,1,Saturday,True,1651.38,825.69
TXN-0006142,2026-08-01,DXB-003,Dubai,CUST-02215,P004,Monitor,Electronics,1,906.97,10,906.97,90.7,816.27,Bank Transfer,Store,2026,8,August,1,Saturday,True,816.27,816.27
TXN-0006151,2026-08-01,DXB-002,Dubai,CUST-03438,P006,Mouse,Accessories,1,99.27,5,99.27,4.96,94.31,Card,Store,2026,8,August,1,Saturday,True,94.31,94.31
TXN-0006155,2026-08-01,DXB-005,Dubai,CUST-03140,P002,Smartphone,Electronics,4,1809.54,5,7238.16,361.91,6876.25,Cash,Store,2026,8,August,1,Saturday,True,6876.25,1719.06
TXN-0006229,2026-08-01,DXB-005,Dubai,CUST-04271,P006,Mouse,Accessories,1,103.97,0,103.97,0.0,103.97,Card,Store,2026,8,August,1,Saturday,True,103.97,103.97
TXN-0006281,2026-08-01,DXB-005,Dubai,CUST-06212,P003,Headphones,Electronics,1,353.32,10,353.32,35.33,317.99,Apple Pay,Store,2026,8,August,1,Saturday,True,317.99,317.99
TXN-0006302,2026-08-01,DXB-004,Dubai,CUST-07145,P012,Pen Pack,Stationery,1,16.32,15,16.32,2.45,13.87,Card,Store,2026,8,August,1,Saturday,True,13.87,13.87
TXN-0006358,2026-08-01,DXB-001,Dubai,CUST-02150,P001,Laptop,Electronics,2,3028.14,10,6056.28,605.63,5450.65,Card,Store,2026,8,August,1,Saturday,True,5450.65,2725.32
TXN-0006414,2026-08-01,DXB-004,Dubai,CUST-00499,P012,Pen Pack,Stationery,1,14.83,5,14.83,0.74,14.09,Card,Store,2026,8,August,1,Saturday,True,14.09,14.09
TXN-0006436,2026-08-01,DXB-001,Dubai,CUST-01889,P006,Mouse,Accessories,3,100.64,0,301.92,0.0,301.92,Apple Pay,Store,2026,8,August,1,Saturday,True,301.92,100.64
TXN-0006471,2026-08-01,DXB-003,Dubai,CUST-03948,P003,Headphones,Electronics,3,324.06,15,972.18,145.83,826.35,Card,Store,2026,8,August,1,Saturday,True,826.35,275.45
TXN-0006521,2026-08-01,DXB-005,Dubai,CUST-05983,P015,Tablet,Electronics,1,1267.13,15,1267.13,190.07,1077.06,Cash,Online,2026,8,August,1,Saturday,True,1077.06,1077.06
TXN-0006527,2026-08-01,DXB-003,Dubai,CUST-01224,P015,Tablet,Electronics,1,1195.31,0,1195.31,0.0,1195.31,Card,Online,2026,8,August,1,Saturday,True,1195.31,1195.31
TXN-0006591,2026-08-01,DXB-001,Dubai,CUST-02004,P004,Monitor,Electronics,1,957.42,10,957.42,95.74,861.68,Apple Pay,Store,2026,8,August,1,Saturday,True,861.68,861.68
TXN-0006642,2026-08-01,DXB-002,Dubai,CUST-02212,P003,Headphones,Electronics,3,351.5,15,1054.5,158.18,896.32,Apple Pay,Store,2026,8,August,1,Saturday,True,896.32,298.77
TXN-0006741,2026-08-01,DXB-001,Dubai,CUST-00002,P009,Backpack,Accessories,1,193.91,5,193.91,9.7,184.21,Card,Online,2026,8,August,1,Saturday,True,184.21,184.21
TXN-0006747,2026-08-01,DXB-002,Dubai,CUST-03896,P007,Office Chair,Furniture,4,691.04,10,2764.16,276.42,2487.74,Bank Transfer,Store,2026,8,August,1,Saturday,True,2487.74,621.93
TXN-0006754,2026-08-01,DXB-001,Dubai,CUST-02256,P008,Desk,Furniture,2,775.92,0,1551.84,0.0,1551.84,Card,Online,2026,8,August,1,Saturday,True,1551.84,775.92
TXN-0006878,2026-08-01,DXB-005,Dubai,CUST-02613,P002,Smartphone,Electronics,2,1710.11,20,3420.22,684.04,2736.18,Card,Online,2026,8,August,1,Saturday,True,2736.18,1368.09
TXN-0006906,2026-08-01,DXB-003,Dubai,CUST-00454,P001,Laptop,Electronics,1,3036.44,5,3036.44,151.82,2884.62,Apple Pay,Store,2026,8,August,1,Saturday,True,2884.62,2884.62
TXN-0006926,2026-08-01,DXB-005,Dubai,CUST-06265,P002,Smartphone,Electronics,3,1846.35,5,5539.05,276.95,5262.1,Cash,Online,2026,8,August,1,Saturday,True,5262.1,1754.03
TXN-0006984,2026-08-01,DXB-002,Dubai,CUST-03495,P005,Keyboard,Accessories,1,161.15,5,161.15,8.06,153.09,Cash,Online,2026,8,August,1,Saturday,True,153.09,153.09
TXN-0007006,2026-08-01,DXB-001,Dubai,CUST-04940,P006,Mouse,Accessories,1,97.0,5,97.0,4.85,92.15,Bank Transfer,Store,2026,8,August,1,Saturday,True,92.15,92.15
TXN-0007064,2026-08-01,DXB-002,Dubai,CUST-07391,P007,Office Chair,Furniture,1,648.37,20,648.37,129.67,518.7,Bank Transfer,Store,2026,8,August,1,Saturday,True,518.7,518.7
TXN-0007067,2026-08-01,DXB-005,Dubai,CUST-01847,P010,Printer,Office,2,682.13,5,1364.26,68.21,1296.05,Card,Store,2026,8,August,1,Saturday,True,1296.05,648.02
TXN-0007135,2026-08-01,DXB-002,Dubai,CUST-00084,P003,Headphones,Electronics,3,335.48,0,1006.44,0.0,1006.44,Card,Store,2026,8,August,1,Saturday,True,1006.44,335.48
TXN-0007205,2026-08-01,DXB-003,Dubai,CUST-01504,P006,Mouse,Accessories,1,95.16,15,95.16,14.27,80.89,Card,Store,2026,8,August,1,Saturday,True,80.89,80.89
TXN-0007212,2026-08-01,DXB-002,Dubai,CUST-07099,P003,Headphones,Electronics,2,381.68,10,763.36,76.34,687.02,Apple Pay,Store,2026,8,August,1,Saturday,True,687.02,343.51
TXN-0007227,2026-08-01,DXB-005,Dubai,CUST-07644,P010,Printer,Office,3,766.38,20,2299.14,459.83,1839.31,Card,Store,2026,8,August,1,Saturday,True,1839.31,613.1
TXN-0007363,2026-08-01,DXB-003,Dubai,CUST-07844,P011,Notebook,Stationery,3,25.03,5,75.09,3.75,71.34,Card,Online,2026,8,August,1,Saturday,True,71.34,23.78
TXN-0007489,2026-08-01,DXB-001,Dubai,CUST-02085,P011,Notebook,Stationery,1,25.49,0,25.49,0.0,25.49,Card,Store,2026,8,August,1,Saturday,True,25.49,25.49
TXN-0007517,2026-08-01,DXB-001,Dubai,CUST-06372,P015,Tablet,Electronics,2,1134.31,20,2268.62,453.72,1814.9,Apple Pay,Store,2026,8,August,1,Saturday,True,1814.9,907.45
TXN-0007581,2026-08-01,DXB-002,Dubai,CUST-07691,P013,USB Drive,Accessories,1,45.18,5,45.18,2.26,42.92,Card,Store,2026,8,August,1,Saturday,True,42.92,42.92
TXN-0007585,2026-08-01,DXB-005,Dubai,CUST-03565,P012,Pen Pack,Stationery,1,16.74,0,16.74,0.0,16.74,Card,Online,2026,8,August,1,Saturday,True,16.74,16.74
TXN-0007599,2026-08-01,DXB-001,Dubai,CUST-02499,P011,Notebook,Stationery,1,24.14,0,24.14,0.0,24.14,Cash,Online,2026,8,August,1,Saturday,True,24.14,24.14
TXN-0007602,2026-08-01,DXB-002,Dubai,CUST-03225,P002,Smartphone,Electronics,3,1631.95,5,4895.85,244.79,4651.06,Apple Pay,Store,2026,8,August,1,Saturday,True,4651.06,1550.35
TXN-0007721,2026-08-01,DXB-001,Dubai,CUST-06723,P004,Monitor,Electronics,1,834.81,0,834.81,0.0,834.81,Cash,Online,2026,8,August,1,Saturday,True,834.81,834.81
TXN-0007727,2026-08-01,DXB-003,Dubai,CUST-07038,P006,Mouse,Accessories,4,103.96,0,415.84,0.0,415.84,Card,Store,2026,8,August,1,Saturday,True,415.84,103.96
TXN-0007735,2026-08-01,DXB-001,Dubai,CUST-06730,P015,Tablet,Electronics,2,1253.63,0,2507.26,0.0,2507.26,Card,Online,2026,8,August,1,Saturday,True,2507.26,1253.63
TXN-0007754,2026-08-01,DXB-003,Dubai,CUST-02715,P013,USB Drive,Accessories,1,44.17,0,44.17,0.0,44.17,Apple Pay,Store,2026,8,August,1,Saturday,True,44.17,44.17
TXN-0007969,2026-08-01,DXB-002,Dubai,CUST-00142,P014,Power Bank,Electronics,1,152.3,15,152.3,22.84,129.46,Cash,Store,2026,8,August,1,Saturday,True,129.46,129.46
TXN-0007989,2026-08-01,DXB-005,Dubai,CUST-01133,P013,USB Drive,Accessories,2,51.86,15,103.72,15.56,88.16,Apple Pay,Online,2026,8,August,1,Saturday,True,88.16,44.08
TXN-0007992,2026-08-01,DXB-005,Dubai,CUST-06263,P006,Mouse,Accessories,1,100.91,5,100.91,5.05,95.86,Card,Online,2026,8,August,1,Saturday,True,95.86,95.86
TXN-0008283,2026-08-01,DXB-005,Dubai,CUST-06983,P008,Desk,Furniture,1,725.67,15,725.67,108.85,616.82,Card,Store,2026,8,August,1,Saturday,True,616.82,616.82
TXN-0008312,2026-08-01,DXB-002,Dubai,CUST-01667,P002,Smartphone,Electronics,4,1919.18,0,7676.72,0.0,7676.72,Apple Pay,Store,2026,8,August,1,Saturday,True,7676.72,1919.18
TXN-0008444,2026-08-01,DXB-005,Dubai,CUST-05721,P008,Desk,Furniture,1,795.9,15,795.9,119.38,676.52,Apple Pay,Store,2026,8,August,1,Saturday,True,676.52,676.52
TXN-0008509,2026-08-01,DXB-003,Dubai,CUST-03528,P015,Tablet,Electronics,2,1199.65,20,2399.3,479.86,1919.44,Card,Store,2026,8,August,1,Saturday,True,1919.44,959.72
TXN-0008562,2026-08-01,DXB-005,Dubai,CUST-04124,P007,Office Chair,Furniture,3,623.98,0,1871.94,0.0,1871.94,Card,Store,2026,8,August,1,Saturday,True,1871.94,623.98
TXN-0008610,2026-08-01,DXB-002,Dubai,CUST-03687,P012,Pen Pack,Stationery,1,14.77,0,14.77,0.0,14.77,Cash,Store,2026,8,August,1,Saturday,True,14.77,14.77
TXN-0008619,2026-08-01,DXB-002,Dubai,CUST-03657,P002,Smartphone,Electronics,1,1836.83,5,1836.83,91.84,1744.99,Card,Store,2026,8,August,1,Saturday,True,1744.99,1744.99
TXN-0008630,2026-08-01,DXB-001,Dubai,CUST-07076,P001,Laptop,Electronics,3,3026.24,15,9078.72,1361.81,7716.91,Card,Store,2026,8,August,1,Saturday,True,7716.91,2572.3
TXN-0008655,2026-08-01,DXB-003,Dubai,CUST-07297,P015,Tablet,Electronics,1,1184.67,0,1184.67,0.0,1184.67,Cash,Online,2026,8,August,1,Saturday,True,1184.67,1184.67
TXN-0008674,2026-08-01,DXB-001,Dubai,CUST-07085,P007,Office Chair,Furniture,1,656.32,10,656.32,65.63,590.69,Card,Store,2026,8,August,1,Saturday,True,590.69,590.69
TXN-0008683,2026-08-01,DXB-005,Dubai,CUST-02040,P014,Power Bank,Electronics,2,148.65,5,297.3,14.86,282.44,Card,Online,2026,8,August,1,Saturday,True,282.44,141.22
TXN-0008836,2026-08-01,DXB-002,Dubai,CUST-03593,P011,Notebook,Stationery,1,26.17,0,26.17,0.0,26.17,Cash,Store,2026,8,August,1,Saturday,True,26.17,26.17
TXN-0008838,2026-08-01,DXB-003,Dubai,CUST-07543,P003,Headphones,Electronics,1,356.8,0,356.8,0.0,356.8,Bank Transfer,Online,2026,8,August,1,Saturday,True,356.8,356.8
TXN-0008871,2026-08-01,DXB-004,Dubai,CUST-00356,P012,Pen Pack,Stationery,1,16.68,5,16.68,0.83,15.85,Card,Store,2026,8,August,1,Saturday,True,15.85,15.85
TXN-0008989,2026-08-01,DXB-003,Dubai,CUST-01497,P002,Smartphone,Electronics,1,1929.26,0,1929.26,0.0,1929.26,Apple Pay,Store,2026,8,August,1,Saturday,True,1929.26,1929.26
TXN-0008991,2026-08-01,DXB-002,Dubai,CUST-04080,P004,Monitor,Electronics,2,907.02,15,1814.04,272.11,1541.93,Apple Pay,Online,2026,8,August,1,Saturday,True,1541.93,770.96
TXN-0009009,2026-08-01,DXB-001,Dubai,CUST-05715,P013,USB Drive,Accessories,1,46.04,15,46.04,6.91,39.13,Card,Store,2026,8,August,1,Saturday,True,39.13,39.13
TXN-0009106,2026-08-01,DXB-004,Dubai,CUST-00600,P012,Pen Pack,Stationery,2,17.02,0,34.04,0.0,34.04,Cash,Store,2026,8,August,1,Saturday,True,34.04,17.02
TXN-0009125,2026-08-01,DXB-001,Dubai,CUST-06011,P010,Printer,Office,2,708.9,5,1417.8,70.89,1346.91,Card,Store,2026,8,August,1,Saturday,True,1346.91,673.46
TXN-0009199,2026-08-01,DXB-005,Dubai,CUST-07842,P006,Mouse,Accessories,2,92.89,5,185.78,9.29,176.49,Card,Online,2026,8,August,1,Saturday,True,176.49,88.24
TXN-0009284,2026-08-01,DXB-004,Dubai,CUST-00651,P003,Headphones,Electronics,5,346.53,20,1732.65,346.53,1386.12,Card,Store,2026,8,August,1,Saturday,True,1386.12,277.22
TXN-0009285,2026-08-01,DXB-004,Dubai,CUST-00599,P014,Power Bank,Electronics,4,144.48,10,577.92,57.79,520.13,Card,Store,2026,8,August,1,Saturday,True,520.13,130.03
TXN-0009381,2026-08-01,DXB-001,Dubai,CUST-06839,P001,Laptop,Electronics,2,2931.51,0,5863.02,0.0,5863.02,Card,Store,2026,8,August,1,Saturday,True,5863.02,2931.51
TXN-0009483,2026-08-01,DXB-005,Dubai,CUST-04756,P011,Notebook,Stationery,4,24.05,10,96.2,9.62,86.58,Card,Store,2026,8,August,1,Saturday,True,86.58,21.64
TXN-0009546,2026-08-01,DXB-003,Dubai,CUST-01307,P010,Printer,Office,2,714.92,5,1429.84,71.49,1358.35,Card,Online,2026,8,August,1,Saturday,True,1358.35,679.18
TXN-0009547,2026-08-01,DXB-003,Dubai,CUST-04486,P014,Power Bank,Electronics,2,145.03,5,290.06,14.5,275.56,Apple Pay,Store,2026,8,August,1,Saturday,True,275.56,137.78
TXN-0009550,2026-08-01,DXB-003,Dubai,CUST-05074,P010,Printer,Office,2,625.0,5,1250.0,62.5,1187.5,Cash,Store,2026,8,August,1,Saturday,True,1187.5,593.75
TXN-0009584,2026-08-01,DXB-001,Dubai,CUST-05051,P004,Monitor,Electronics,3,864.13,0,2592.39,0.0,2592.39,Card,Store,2026,8,August,1,Saturday,True,2592.39,864.13
TXN-0009632,2026-08-01,DXB-005,Dubai,CUST-06715,P010,Printer,Office,1,633.67,15,633.67,95.05,538.62,Bank Transfer,Store,2026,8,August,1,Saturday,True,538.62,538.62
TXN-0009676,2026-08-01,DXB-002,Dubai,CUST-02939,P012,Pen Pack,Stationery,1,15.79,0,15.79,0.0,15.79,Cash,Store,2026,8,August,1,Saturday,True,15.79,15.79
TXN-0009681,2026-08-01,DXB-002,Dubai,CUST-05263,P003,Headphones,Electronics,5,378.26,15,1891.3,283.7,1607.6,Cash,Store,2026,8,August,1,Saturday,True,1607.6,321.52
TXN-0009691,2026-08-01,DXB-001,Dubai,CUST-05372,P012,Pen Pack,Stationery,1,14.67,10,14.67,1.47,13.2,Card,Store,2026,8,August,1,Saturday,True,13.2,13.2
TXN-0009932,2026-08-01,DXB-002,Dubai,CUST-03107,P012,Pen Pack,Stationery,1,16.13,5,16.13,0.81,15.32,Card,Store,2026,8,August,1,Saturday,True,15.32,15.32
TXN-0009933,2026-08-01,DXB-001,Dubai,CUST-04884,P009,Backpack,Accessories,4,232.97,0,931.88,0.0,931.88,Card,Store,2026,8,August,1,Saturday,True,931.88,232.97
TXN-0009982,2026-08-01,DXB-005,Dubai,CUST-01673,P012,Pen Pack,Stationery,2,15.72,5,31.44,1.57,29.87,Apple Pay,Store,2026,8,August,1,Saturday,True,29.87,14.94
TXN-0010062,2026-08-01,DXB-002,Dubai,CUST-02518,P006,Mouse,Accessories,1,105.08,5,105.08,5.25,99.83,Card,Store,2026,8,August,1,Saturday,True,99.83,99.83
TXN-0010183,2026-08-01,DXB-003,Dubai,CUST-01133,P013,USB Drive,Accessories,3,47.75,10,143.25,14.32,128.93,Card,Online,2026,8,August,1,Saturday,True,128.93,42.98
TXN-0010193,2026-08-01,DXB-001,Dubai,CUST-02639,P002,Smartphone,Electronics,5,1720.86,0,8604.3,0.0,8604.3,Cash,Store,2026,8,August,1,Saturday,True,8604.3,1720.86
TXN-0010312,2026-08-01,DXB-001,Dubai,CUST-04825,P012,Pen Pack,Stationery,1,14.91,5,14.91,0.75,14.16,Card,Online,2026,8,August,1,Saturday,True,14.16,14.16
TXN-0010356,2026-08-01,DXB-002,Dubai,CUST-01519,P004,Monitor,Electronics,2,860.86,0,1721.72,0.0,1721.72,Card,Store,2026,8,August,1,Saturday,True,1721.72,860.86
TXN-0010357,2026-08-01,DXB-005,Dubai,CUST-03294,P007,Office Chair,Furniture,1,633.05,15,633.05,94.96,538.09,Card,Store,2026,8,August,1,Saturday,True,538.09,538.09
TXN-0010366,2026-08-01,DXB-001,Dubai,CUST-04694,P013,USB Drive,Accessories,2,48.09,20,96.18,19.24,76.94,Card,Online,2026,8,August,1,Saturday,True,76.94,38.47
TXN-0010456,2026-08-01,DXB-005,Dubai,CUST-04669,P006,Mouse,Accessories,1,102.47,5,102.47,5.12,97.35,Card,Store,2026,8,August,1,Saturday,True,97.35,97.35
TXN-0010610,2026-08-01,DXB-003,Dubai,CUST-06236,P009,Backpack,Accessories,6,232.42,15,1394.52,209.18,1185.34,Card,Store,2026,8,August,1,Saturday,True,1185.34,197.56
TXN-0010787,2026-08-01,DXB-001,Dubai,CUST-07622,P005,Keyboard,Accessories,3,193.88,0,581.64,0.0,581.64,Card,Store,2026,8,August,1,Saturday,True,581.64,193.88
TXN-0010848,2026-08-01,DXB-003,Dubai,CUST-06439,P003,Headphones,Electronics,1,369.85,5,369.85,18.49,351.36,Cash,Store,2026,8,August,1,Saturday,True,351.36,351.36
TXN-0010863,2026-08-01,DXB-003,Dubai,CUST-06796,P015,Tablet,Electronics,1,1162.5,0,1162.5,0.0,1162.5,Card,Online,2026,8,August,1,Saturday,True,1162.5,1162.5
TXN-0010887,2026-08-01,DXB-003,Dubai,CUST-02800,P002,Smartphone,Electronics,6,1772.75,0,10636.5,0.0,10636.5,Bank Transfer,Online,2026,8,August,1,Saturday,True,10636.5,1772.75
TXN-0010902,2026-08-01,DXB-002,Dubai,CUST-06744,P014,Power Bank,Electronics,2,143.61,15,287.22,43.08,244.14,Cash,Store,2026,8,August,1,Saturday,True,244.14,122.07
TXN-0010964,2026-08-01,DXB-001,Dubai,CUST-04526,P006,Mouse,Accessories,1,89.4,15,89.4,13.41,75.99,Bank Transfer,Store,2026,8,August,1,Saturday,True,75.99,75.99
TXN-0011080,2026-08-01,DXB-002,Dubai,CUST-05120,P003,Headphones,Electronics,1,351.74,20,351.74,70.35,281.39,Card,Store,2026,8,August,1,Saturday,True,281.39,281.39
TXN-0011085,2026-08-01,DXB-005,Dubai,CUST-07852,P003,Headphones,Electronics,2,333.08,15,666.16,99.92,566.24,Cash,Store,2026,8,August,1,Saturday,True,566.24,283.12
TXN-0011151,2026-08-01,DXB-001,Dubai,CUST-03455,P013,USB Drive,Accessories,1,41.59,0,41.59,0.0,41.59,Card,Store,2026,8,August,1,Saturday,True,41.59,41.59
TXN-0011188,2026-08-01,DXB-003,Dubai,CUST-02201,P012,Pen Pack,Stationery,1,17.07,5,17.07,0.85,16.22,Card,Store,2026,8,August,1,Saturday,True,16.22,16.22
TXN-0011250,2026-08-01,DXB-004,Dubai,CUST-01594,P003,Headphones,Electronics,1,343.64,5,343.64,17.18,326.46,Card,Store,2026,8,August,1,Saturday,True,326.46,326.46
TXN-0011324,2026-08-01,DXB-005,Dubai,CUST-03931,P009,Backpack,Accessories,2,227.8,10,455.6,45.56,410.04,Cash,Store,2026,8,August,1,Saturday,True,410.04,205.02
TXN-0011372,2026-08-01,DXB-003,Dubai,CUST-00212,P003,Headphones,Electronics,6,332.11,15,1992.66,298.9,1693.76,Card,Online,2026,8,August,1,Saturday,True,1693.76,282.29
TXN-0011391,2026-08-01,DXB-004,Dubai,CUST-00770,P002,Smartphone,Electronics,2,1607.99,5,3215.98,160.8,3055.18,Card,Online,2026,8,August,1,Saturday,True,3055.18,1527.59
TXN-0011493,2026-08-01,DXB-003,Dubai,CUST-07982,P010,Printer,Office,3,725.15,5,2175.45,108.77,2066.68,Card,Store,2026,8,August,1,Saturday,True,2066.68,688.89
TXN-0011519,2026-08-01,DXB-004,Dubai,CUST-01645,P007,Office Chair,Furniture,1,647.16,20,647.16,129.43,517.73,Bank Transfer,Store,2026,8,August,1,Saturday,True,517.73,517.73
TXN-0011844,2026-08-01,DXB-005,Dubai,CUST-06927,P014,Power Bank,Electronics,2,136.77,0,273.54,0.0,273.54,Card,Store,2026,8,August,1,Saturday,True,273.54,136.77
TXN-0011922,2026-08-01,DXB-005,Dubai,CUST-00544,P013,USB Drive,Accessories,1,45.74,0,45.74,0.0,45.74,Cash,Store,2026,8,August,1,Saturday,True,45.74,45.74
TXN-0011959,2026-08-01,DXB-005,Dubai,CUST-05286,P001,Laptop,Electronics,5,2834.29,0,14171.45,0.0,14171.45,Cash,Store,2026,8,August,1,Saturday,True,14171.45,2834.29
TXN-0012026,2026-08-01,DXB-002,Dubai,CUST-05795,P014,Power Bank,Electronics,2,150.21,5,300.42,15.02,285.4,Card,Online,2026,8,August,1,Saturday,True,285.4,142.7
TXN-0012084,2026-08-01,DXB-004,Dubai,CUST-07430,P011,Notebook,Stationery,1,27.09,15,27.09,4.06,23.03,Card,Store,2026,8,August,1,Saturday,True,23.03,23.03
TXN-0012146,2026-08-01,DXB-004,Dubai,CUST-01658,P003,Headphones,Electronics,1,328.12,15,328.12,49.22,278.9,Cash,Store,2026,8,August,1,Saturday,True,278.9,278.9
TXN-0012215,2026-08-01,DXB-001,Dubai,CUST-01426,P004,Monitor,Electronics,1,950.65,5,950.65,47.53,903.12,Card,Store,2026,8,August,1,Saturday,True,903.12,903.12
TXN-0012240,2026-08-01,DXB-005,Dubai,CUST-00678,P014,Power Bank,Electronics,1,146.46,5,146.46,7.32,139.14,Card,Store,2026,8,August,1,Saturday,True,139.14,139.14
TXN-0012256,2026-08-01,DXB-005,Dubai,CUST-07513,P006,Mouse,Accessories,1,103.5,0,103.5,0.0,103.5,Cash,Online,2026,8,August,1,Saturday,True,103.5,103.5
TXN-0012318,2026-08-01,DXB-002,Dubai,CUST-03637,P014,Power Bank,Electronics,2,169.36,0,338.72,0.0,338.72,Apple Pay,Online,2026,8,August,1,Saturday,True,338.72,169.36
TXN-0012323,2026-08-01,DXB-002,Dubai,CUST-04390,P011,Notebook,Stationery,1,24.55,10,24.55,2.46,22.09,Card,Store,2026,8,August,1,Saturday,True,22.09,22.09
TXN-0012339,2026-08-01,DXB-005,Dubai,CUST-06640,P010,Printer,Office,1,680.3,5,680.3,34.02,646.28,Apple Pay,Store,2026,8,August,1,Saturday,True,646.28,646.28
TXN-0012631,2026-08-01,DXB-002,Dubai,CUST-07805,P009,Backpack,Accessories,3,198.92,15,596.76,89.51,507.25,Cash,Store,2026,8,August,1,Saturday,True,507.25,169.08
TXN-0012806,2026-08-01,DXB-001,Dubai,CUST-07817,P014,Power Bank,Electronics,3,149.11,5,447.33,22.37,424.96,Card,Online,2026,8,August,1,Saturday,True,424.96,141.65
TXN-0012822,2026-08-01,DXB-005,Dubai,CUST-02515,P005,Keyboard,Accessories,1,196.29,5,196.29,9.81,186.48,Card,Store,2026,8,August,1,Saturday,True,186.48,186.48
TXN-0012891,2026-08-01,DXB-003,Dubai,CUST-02888,P007,Office Chair,Furniture,2,624.45,0,1248.9,0.0,1248.9,Bank Transfer,Online,2026,8,August,1,Saturday,True,1248.9,624.45
TXN-0012897,2026-08-01,DXB-003,Dubai,CUST-04851,P009,Backpack,Accessories,2,232.02,0,464.04,0.0,464.04,Cash,Store,2026,8,August,1,Saturday,True,464.04,232.02
TXN-0012951,2026-08-01,DXB-002,Dubai,CUST-02635,P006,Mouse,Accessories,1,103.56,10,103.56,10.36,93.2,Card,Online,2026,8,August,1,Saturday,True,93.2,93.2
TXN-0012969,2026-08-01,DXB-005,Dubai,CUST-02868,P002,Smartphone,Electronics,2,1860.05,5,3720.1,186.0,3534.1,Cash,Store,2026,8,August,1,Saturday,True,3534.1,1767.05
TXN-0012975,2026-08-01,DXB-005,Dubai,CUST-06101,P013,USB Drive,Accessories,1,49.16,0,49.16,0.0,49.16,Apple Pay,Online,2026,8,August,1,Saturday,True,49.16,49.16
TXN-0012992,2026-08-01,DXB-002,Dubai,CUST-00902,P001,Laptop,Electronics,1,2777.58,10,2777.58,277.76,2499.82,Card,Store,2026,8,August,1,Saturday,True,2499.82,2499.82
TXN-0013023,2026-08-01,DXB-001,Dubai,CUST-04118,P014,Power Bank,Electronics,1,152.3,0,152.3,0.0,152.3,Apple Pay,Store,2026,8,August,1,Saturday,True,152.3,152.3
TXN-0013031,2026-08-01,DXB-004,Dubai,CUST-06621,P002,Smartphone,Electronics,2,1876.13,10,3752.26,375.23,3377.03,Cash,Store,2026,8,August,1,Saturday,True,3377.03,1688.52
TXN-0013057,2026-08-01,DXB-003,Dubai,CUST-06625,P013,USB Drive,Accessories,5,49.13,10,245.65,24.56,221.09,Cash,Store,2026,8,August,1,Saturday,True,221.09,44.22
TXN-0013159,2026-08-01,DXB-003,Dubai,CUST-01906,P003,Headphones,Electronics,2,350.27,10,700.54,70.05,630.49,Apple Pay,Online,2026,8,August,1,Saturday,True,630.49,315.24
TXN-0013174,2026-08-01,DXB-003,Dubai,CUST-05187,P007,Office Chair,Furniture,1,682.09,10,682.09,68.21,613.88,Apple Pay,Store,2026,8,August,1,Saturday,True,613.88,613.88
TXN-0013202,2026-08-01,DXB-003,Dubai,CUST-06558,P009,Backpack,Accessories,3,232.2,0,696.6,0.0,696.6,Apple Pay,Store,2026,8,August,1,Saturday,True,696.6,232.2
TXN-0013220,2026-08-01,DXB-005,Dubai,CUST-04829,P006,Mouse,Accessories,2,103.91,0,207.82,0.0,207.82,Card,Store,2026,8,August,1,Saturday,True,207.82,103.91
TXN-0013239,2026-08-01,DXB-001,Dubai,CUST-06202,P005,Keyboard,Accessories,1,172.73,15,172.73,25.91,146.82,Card,Store,2026,8,August,1,Saturday,True,146.82,146.82
TXN-0013246,2026-08-01,DXB-004,Dubai,CUST-05136,P005,Keyboard,Accessories,1,193.52,20,193.52,38.7,154.82,Card,Store,2026,8,August,1,Saturday,True,154.82,154.82
TXN-0013247,2026-08-01,DXB-004,Dubai,CUST-02178,P007,Office Chair,Furniture,1,715.61,0,715.61,0.0,715.61,Card,Store,2026,8,August,1,Saturday,True,715.61,715.61
TXN-0013250,2026-08-01,DXB-004,Dubai,CUST-04114,P006,Mouse,Accessories,2,94.65,10,189.3,18.93,170.37,Card,Online,2026,8,August,1,Saturday,True,170.37,85.18
TXN-0013293,2026-08-01,DXB-001,Dubai,CUST-05738,P006,Mouse,Accessories,1,102.54,20,102.54,20.51,82.03,Card,Store,2026,8,August,1,Saturday,True,82.03,82.03
TXN-0013341,2026-08-01,DXB-003,Dubai,CUST-06313,P015,Tablet,Electronics,2,1172.0,10,2344.0,234.4,2109.6,Card,Store,2026,8,August,1,Saturday,True,2109.6,1054.8
TXN-0013474,2026-08-01,DXB-005,Dubai,CUST-02694,P015,Tablet,Electronics,1,1160.58,5,1160.58,58.03,1102.55,Card,Store,2026,8,August,1,Saturday,True,1102.55,1102.55
TXN-0013488,2026-08-01,DXB-005,Dubai,CUST-05254,P002,Smartphone,Electronics,2,1832.09,0,3664.18,0.0,3664.18,Cash,Online,2026,8,August,1,Saturday,True,3664.18,1832.09
TXN-0013502,2026-08-01,DXB-002,Dubai,CUST-06006,P006,Mouse,Accessories,1,96.66,0,96.66,0.0,96.66,Apple Pay,Store,2026,8,August,1,Saturday,True,96.66,96.66
TXN-0013654,2026-08-01,DXB-001,Dubai,CUST-02652,P012,Pen Pack,Stationery,2,14.6,10,29.2,2.92,26.28,Apple Pay,Store,2026,8,August,1,Saturday,True,26.28,13.14
TXN-0013796,2026-08-01,DXB-005,Dubai,CUST-03084,P012,Pen Pack,Stationery,1,15.42,5,15.42,0.77,14.65,Cash,Store,2026,8,August,1,Saturday,True,14.65,14.65
TXN-0013959,2026-08-01,DXB-001,Dubai,CUST-05919,P014,Power Bank,Electronics,1,162.59,0,162.59,0.0,162.59,Card,Store,2026,8,August,1,Saturday,True,162.59,162.59
TXN-0013978,2026-08-01,DXB-003,Dubai,CUST-05754,P014,Power Bank,Electronics,1,162.98,5,162.98,8.15,154.83,Apple Pay,Online,2026,8,August,1,Saturday,True,154.83,154.83
TXN-0014009,2026-08-01,DXB-004,Dubai,CUST-07646,P004,Monitor,Electronics,1,980.08,10,980.08,98.01,882.07,Card,Store,2026,8,August,1,Saturday,True,882.07,882.07
TXN-0014018,2026-08-01,DXB-001,Dubai,CUST-00738,P010,Printer,Office,4,710.12,10,2840.48,284.05,2556.43,Apple Pay,Store,2026,8,August,1,Saturday,True,2556.43,639.11
TXN-0014026,2026-08-01,DXB-001,Dubai,CUST-02922,P004,Monitor,Electronics,3,852.75,0,2558.25,0.0,2558.25,Cash,Online,2026,8,August,1,Saturday,True,2558.25,852.75
TXN-0014062,2026-08-01,DXB-002,Dubai,CUST-07831,P004,Monitor,Electronics,4,960.81,5,3843.24,192.16,3651.08,Card,Store,2026,8,August,1,Saturday,True,3651.08,912.77
TXN-0014124,2026-08-01,DXB-002,Dubai,CUST-05241,P015,Tablet,Electronics,1,1036.74,0,1036.74,0.0,1036.74,Cash,Store,2026,8,August,1,Saturday,True,1036.74,1036.74
TXN-0014139,2026-08-01,DXB-005,Dubai,CUST-05857,P008,Desk,Furniture,1,750.75,5,750.75,37.54,713.21,Card,Store,2026,8,August,1,Saturday,True,713.21,713.21
TXN-0014200,2026-08-01,DXB-004,Dubai,CUST-07610,P015,Tablet,Electronics,1,1216.62,15,1216.62,182.49,1034.13,Cash,Store,2026,8,August,1,Saturday,True,1034.13,1034.13
TXN-0014244,2026-08-01,DXB-004,Dubai,CUST-02721,P010,Printer,Office,1,707.34,5,707.34,35.37,671.97,Cash,Store,2026,8,August,1,Saturday,True,671.97,671.97
TXN-0014352,2026-08-01,DXB-003,Dubai,CUST-03948,P004,Monitor,Electronics,1,806.99,0,806.99,0.0,806.99,Bank Transfer,Store,2026,8,August,1,Saturday,True,806.99,806.99
TXN-0014406,2026-08-01,DXB-004,Dubai,CUST-02164,P015,Tablet,Electronics,1,1220.43,5,1220.43,61.02,1159.41,Card,Online,2026,8,August,1,Saturday,True,1159.41,1159.41
TXN-0014495,2026-08-01,DXB-001,Dubai,CUST-02662,P011,Notebook,Stationery,1,26.23,0,26.23,0.0,26.23,Card,Store,2026,8,August,1,Saturday,True,26.23,26.23
TXN-0014693,2026-08-01,DXB-001,Dubai,CUST-00969,P008,Desk,Furniture,1,767.78,0,767.78,0.0,767.78,Apple Pay,Online,2026,8,August,1,Saturday,True,767.78,767.78
TXN-0014717,2026-08-01,DXB-001,Dubai,CUST-01973,P007,Office Chair,Furniture,4,655.3,0,2621.2,0.0,2621.2,Cash,Store,2026,8,August,1,Saturday,True,2621.2,655.3
TXN-0014784,2026-08-01,DXB-002,Dubai,CUST-05932,P015,Tablet,Electronics,1,1240.41,5,1240.41,62.02,1178.39,Bank Transfer,Online,2026,8,August,1,Saturday,True,1178.39,1178.39
TXN-0014812,2026-08-01,DXB-001,Dubai,CUST-01822,P015,Tablet,Electronics,3,1123.22,0,3369.66,0.0,3369.66,Card,Store,2026,8,August,1,Saturday,True,3369.66,1123.22
TXN-0014870,2026-08-01,DXB-003,Dubai,CUST-01883,P011,Notebook,Stationery,1,26.4,0,26.4,0.0,26.4,Card,Store,2026,8,August,1,Saturday,True,26.4,26.4
TXN-0014932,2026-08-01,DXB-002,Dubai,CUST-06437,P011,Notebook,Stationery,1,23.7,0,23.7,0.0,23.7,Bank Transfer,Store,2026,8,August,1,Saturday,True,23.7,23.7
TXN-0014935,2026-08-01,DXB-001,Dubai,CUST-05549,P013,USB Drive,Accessories,2,42.75,15,85.5,12.82,72.68,Card,Store,2026,8,August,1,Saturday,True,72.68,36.34
TXN-0014989,2026-08-01,DXB-001,Dubai,CUST-05534,P012,Pen Pack,Stationery,3,15.53,5,46.59,2.33,44.26,Apple Pay,Store,2026,8,August,1,Saturday,True,44.26,14.75
TXN-0015100,2026-08-01,DXB-002,Dubai,CUST-05362,P008,Desk,Furniture,1,781.93,10,781.93,78.19,703.74,Cash,Store,2026,8,August,1,Saturday,True,703.74,703.74
TXN-0015149,2026-08-01,DXB-005,Dubai,CUST-05810,P005,Keyboard,Accessories,1,186.5,5,186.5,9.32,177.18,Bank Transfer,Online,2026,8,August,1,Saturday,True,177.18,177.18
TXN-0015150,2026-08-01,DXB-004,Dubai,CUST-02548,P011,Notebook,Stationery,1,26.75,0,26.75,0.0,26.75,Card,Store,2026,8,August,1,Saturday,True,26.75,26.75
TXN-0015158,2026-08-01,DXB-003,Dubai,CUST-05962,P006,Mouse,Accessories,1,96.86,5,96.86,4.84,92.02,Card,Store,2026,8,August,1,Saturday,True,92.02,92.02
TXN-0015211,2026-08-01,DXB-005,Dubai,CUST-02960,P013,USB Drive,Accessories,4,48.01,10,192.04,19.2,172.84,Cash,Store,2026,8,August,1,Saturday,True,172.84,43.21
TXN-0015272,2026-08-01,DXB-003,Dubai,CUST-01249,P003,Headphones,Electronics,1,342.18,5,342.18,17.11,325.07,Card,Online,2026,8,August,1,Saturday,True,325.07,325.07
TXN-0015421,2026-08-01,DXB-002,Dubai,CUST-00400,P003,Headphones,Electronics,1,335.42,10,335.42,33.54,301.88,Bank Transfer,Online,2026,8,August,1,Saturday,True,301.88,301.88
TXN-0015475,2026-08-01,DXB-003,Dubai,CUST-06116,P011,Notebook,Stationery,1,24.68,0,24.68,0.0,24.68,Card,Online,2026,8,August,1,Saturday,True,24.68,24.68
TXN-0015493,2026-08-01,DXB-002,Dubai,CUST-06416,P004,Monitor,Electronics,2,848.51,10,1697.02,169.7,1527.32,Card,Store,2026,8,August,1,Saturday,True,1527.32,763.66
TXN-0015497,2026-08-01,DXB-002,Dubai,CUST-07434,P006,Mouse,Accessories,1,92.74,10,92.74,9.27,83.47,Card,Store,2026,8,August,1,Saturday,True,83.47,83.47
TXN-0015532,2026-08-01,DXB-004,Dubai,CUST-01881,P013,USB Drive,Accessories,4,47.69,0,190.76,0.0,190.76,Card,Store,2026,8,August,1,Saturday,True,190.76,47.69
TXN-0015633,2026-08-01,DXB-003,Dubai,CUST-04078,P013,USB Drive,Accessories,3,42.25,0,126.75,0.0,126.75,Cash,Online,2026,8,August,1,Saturday,True,126.75,42.25
TXN-0015691,2026-08-01,DXB-005,Dubai,CUST-04063,P009,Backpack,Accessories,2,230.42,5,460.84,23.04,437.8,Card,Store,2026,8,August,1,Saturday,True,437.8,218.9
TXN-0015734,2026-08-01,DXB-001,Dubai,CUST-02160,P006,Mouse,Accessories,2,94.77,10,189.54,18.95,170.59,Apple Pay,Store,2026,8,August,1,Saturday,True,170.59,85.3
TXN-0015817,2026-08-01,DXB-005,Dubai,CUST-05168,P011,Notebook,Stationery,1,26.47,15,26.47,3.97,22.5,Card,Online,2026,8,August,1,Saturday,True,22.5,22.5
TXN-0015858,2026-08-01,DXB-002,Dubai,CUST-07892,P015,Tablet,Electronics,1,1166.5,0,1166.5,0.0,1166.5,Cash,Store,2026,8,August,1,Saturday,True,1166.5,1166.5
TXN-0015895,2026-08-01,DXB-005,Dubai,CUST-05294,P013,USB Drive,Accessories,2,48.21,10,96.42,9.64,86.78,Card,Store,2026,8,August,1,Saturday,True,86.78,43.39
TXN-0015948,2026-08-01,DXB-001,Dubai,CUST-00415,P011,Notebook,Stationery,1,27.57,10,27.57,2.76,24.81,Bank Transfer,Store,2026,8,August,1,Saturday,True,24.81,24.81
TXN-0016030,2026-08-01,DXB-004,Dubai,CUST-04618,P002,Smartphone,Electronics,2,1704.49,5,3408.98,170.45,3238.53,Card,Online,2026,8,August,1,Saturday,True,3238.53,1619.26
TXN-0016061,2026-08-01,DXB-001,Dubai,CUST-03778,P010,Printer,Office,1,682.66,0,682.66,0.0,682.66,Apple Pay,Online,2026,8,August,1,Saturday,True,682.66,682.66
TXN-0016070,2026-08-01,DXB-003,Dubai,CUST-07762,P013,USB Drive,Accessories,2,44.51,0,89.02,0.0,89.02,Cash,Online,2026,8,August,1,Saturday,True,89.02,44.51
TXN-0016111,2026-08-01,DXB-004,Dubai,CUST-04705,P002,Smartphone,Electronics,1,1778.57,5,1778.57,88.93,1689.64,Card,Store,2026,8,August,1,Saturday,True,1689.64,1689.64
TXN-0016154,2026-08-01,DXB-001,Dubai,CUST-06074,P014,Power Bank,Electronics,2,152.4,0,304.8,0.0,304.8,Card,Online,2026,8,August,1,Saturday,True,304.8,152.4
TXN-0016191,2026-08-01,DXB-003,Dubai,CUST-05756,P013,USB Drive,Accessories,4,47.85,0,191.4,0.0,191.4,Cash,Online,2026,8,August,1,Saturday,True,191.4,47.85
TXN-0016265,2026-08-01,DXB-002,Dubai,CUST-01790,P013,USB Drive,Accessories,1,46.53,10,46.53,4.65,41.88,Card,Store,2026,8,August,1,Saturday,True,41.88,41.88
TXN-0016471,2026-08-01,DXB-002,Dubai,CUST-01406,P003,Headphones,Electronics,2,312.95,0,625.9,0.0,625.9,Card,Store,2026,8,August,1,Saturday,True,625.9,312.95
TXN-0016519,2026-08-01,DXB-002,Dubai,CUST-01101,P006,Mouse,Accessories,1,101.45,5,101.45,5.07,96.38,Apple Pay,Store,2026,8,August,1,Saturday,True,96.38,96.38
TXN-0016588,2026-08-01,DXB-004,Dubai,CUST-03270,P001,Laptop,Electronics,1,2417.25,0,2417.25,0.0,2417.25,Card,Store,2026,8,August,1,Saturday,True,2417.25,2417.25
TXN-0016598,2026-08-01,DXB-002,Dubai,CUST-05922,P002,Smartphone,Electronics,6,1815.07,0,10890.42,0.0,10890.42,Cash,Store,2026,8,August,1,Saturday,True,10890.42,1815.07
TXN-0016655,2026-08-01,DXB-004,Dubai,CUST-06804,P005,Keyboard,Accessories,1,190.87,5,190.87,9.54,181.33,Apple Pay,Online,2026,8,August,1,Saturday,True,181.33,181.33
TXN-0016699,2026-08-01,DXB-005,Dubai,CUST-00002,P014,Power Bank,Electronics,3,157.19,5,471.57,23.58,447.99,Card,Online,2026,8,August,1,Saturday,True,447.99,149.33
TXN-0016791,2026-08-01,DXB-002,Dubai,CUST-07270,P003,Headphones,Electronics,5,367.95,0,1839.75,0.0,1839.75,Bank Transfer,Online,2026,8,August,1,Saturday,True,1839.75,367.95
TXN-0016843,2026-08-01,DXB-001,Dubai,CUST-05896,P013,USB Drive,Accessories,1,46.91,0,46.91,0.0,46.91,Bank Transfer,Store,2026,8,August,1,Saturday,True,46.91,46.91
TXN-0016862,2026-08-01,DXB-002,Dubai,CUST-04020,P006,Mouse,Accessories,1,95.87,0,95.87,0.0,95.87,Cash,Store,2026,8,August,1,Saturday,True,95.87,95.87
TXN-0016885,2026-08-01,DXB-003,Dubai,CUST-05544,P009,Backpack,Accessories,3,231.09,0,693.27,0.0,693.27,Card,Store,2026,8,August,1,Saturday,True,693.27,231.09
TXN-0016987,2026-08-01,DXB-004,Dubai,CUST-05724,P006,Mouse,Accessories,1,105.43,20,105.43,21.09,84.34,Card,Online,2026,8,August,1,Saturday,True,84.34,84.34
TXN-0016993,2026-08-01,DXB-001,Dubai,CUST-01525,P015,Tablet,Electronics,3,1271.97,15,3815.91,572.39,3243.52,Apple Pay,Store,2026,8,August,1,Saturday,True,3243.52,1081.17
TXN-0017000,2026-08-01,DXB-002,Dubai,CUST-06757,P001,Laptop,Electronics,2,2612.11,20,5224.22,1044.84,4179.38,Bank Transfer,Online,2026,8,August,1,Saturday,True,4179.38,2089.69
TXN-0017002,2026-08-01,DXB-001,Dubai,CUST-02652,P006,Mouse,Accessories,1,97.35,15,97.35,14.6,82.75,Card,Store,2026,8,August,1,Saturday,True,82.75,82.75
TXN-0017031,2026-08-01,DXB-003,Dubai,CUST-07820,P013,USB Drive,Accessories,2,44.35,0,88.7,0.0,88.7,Apple Pay,Store,2026,8,August,1,Saturday,True,88.7,44.35
TXN-0017084,2026-08-01,DXB-002,Dubai,CUST-02588,P009,Backpack,Accessories,5,237.64,5,1188.2,59.41,1128.79,Card,Store,2026,8,August,1,Saturday,True,1128.79,225.76
TXN-0017159,2026-08-01,DXB-003,Dubai,CUST-01763,P003,Headphones,Electronics,1,352.62,5,352.62,17.63,334.99,Bank Transfer,Store,2026,8,August,1,Saturday,True,334.99,334.99
TXN-0017168,2026-08-01,DXB-002,Dubai,CUST-00190,P004,Monitor,Electronics,1,909.96,0,909.96,0.0,909.96,Bank Transfer,Store,2026,8,August,1,Saturday,True,909.96,909.96
TXN-0017266,2026-08-01,DXB-002,Dubai,CUST-01001,P001,Laptop,Electronics,3,2537.01,15,7611.03,1141.65,6469.38,Card,Store,2026,8,August,1,Saturday,True,6469.38,2156.46
TXN-0017277,2026-08-01,DXB-005,Dubai,CUST-06853,P001,Laptop,Electronics,1,2735.88,20,2735.88,547.18,2188.7,Card,Store,2026,8,August,1,Saturday,True,2188.7,2188.7
TXN-0017280,2026-08-01,DXB-002,Dubai,CUST-02641,P006,Mouse,Accessories,1,100.17,0,100.17,0.0,100.17,Apple Pay,Online,2026,8,August,1,Saturday,True,100.17,100.17
TXN-0017299,2026-08-01,DXB-004,Dubai,CUST-00161,P010,Printer,Office,2,694.39,5,1388.78,69.44,1319.34,Apple Pay,Store,2026,8,August,1,Saturday,True,1319.34,659.67
TXN-0017386,2026-08-01,DXB-002,Dubai,CUST-07701,P005,Keyboard,Accessories,1,185.89,5,185.89,9.29,176.6,Card,Store,2026,8,August,1,Saturday,True,176.6,176.6
TXN-0017430,2026-08-01,DXB-003,Dubai,CUST-05736,P014,Power Bank,Electronics,3,166.72,0,500.16,0.0,500.16,Bank Transfer,Store,2026,8,August,1,Saturday,True,500.16,166.72
TXN-0017482,2026-08-01,DXB-002,Dubai,CUST-00018,P005,Keyboard,Accessories,1,187.02,5,187.02,9.35,177.67,Card,Store,2026,8,August,1,Saturday,True,177.67,177.67
TXN-0017497,2026-08-01,DXB-004,Dubai,CUST-03745,P004,Monitor,Electronics,2,950.79,0,1901.58,0.0,1901.58,Card,Store,2026,8,August,1,Saturday,True,1901.58,950.79
TXN-0017523,2026-08-01,DXB-001,Dubai,CUST-05172,P013,USB Drive,Accessories,1,50.16,10,50.16,5.02,45.14,Card,Online,2026,8,August,1,Saturday,True,45.14,45.14
TXN-0017559,2026-08-01,DXB-002,Dubai,CUST-01115,P013,USB Drive,Accessories,1,48.08,0,48.08,0.0,48.08,Apple Pay,Store,2026,8,August,1,Saturday,True,48.08,48.08
TXN-0017627,2026-08-01,DXB-003,Dubai,CUST-05078,P009,Backpack,Accessories,1,205.44,5,205.44,10.27,195.17,Cash,Online,2026,8,August,1,Saturday,True,195.17,195.17
TXN-0017661,2026-08-01,DXB-001,Dubai,CUST-00449,P001,Laptop,Electronics,2,2605.1,0,5210.2,0.0,5210.2,Card,Store,2026,8,August,1,Saturday,True,5210.2,2605.1
TXN-0017681,2026-08-01,DXB-003,Dubai,CUST-06337,P008,Desk,Furniture,1,811.95,5,811.95,40.6,771.35,Card,Store,2026,8,August,1,Saturday,True,771.35,771.35
TXN-0017691,2026-08-01,DXB-004,Dubai,CUST-02068,P006,Mouse,Accessories,1,108.89,0,108.89,0.0,108.89,Card,Online,2026,8,August,1,Saturday,True,108.89,108.89
TXN-0017715,2026-08-01,DXB-004,Dubai,CUST-06687,P007,Office Chair,Furniture,1,642.6,0,642.6,0.0,642.6,Apple Pay,Store,2026,8,August,1,Saturday,True,642.6,642.6
TXN-0017746,2026-08-01,DXB-003,Dubai,CUST-01888,P006,Mouse,Accessories,5,90.8,5,454.0,22.7,431.3,Apple Pay,Store,2026,8,August,1,Saturday,True,431.3,86.26
TXN-0017846,2026-08-01,DXB-001,Dubai,CUST-07933,P004,Monitor,Electronics,2,962.5,0,1925.0,0.0,1925.0,Apple Pay,Store,2026,8,August,1,Saturday,True,1925.0,962.5
TXN-0017865,2026-08-01,DXB-004,Dubai,CUST-07041,P007,Office Chair,Furniture,3,637.32,0,1911.96,0.0,1911.96,Cash,Online,2026,8,August,1,Saturday,True,1911.96,637.32
TXN-0017876,2026-08-01,DXB-003,Dubai,CUST-07363,P002,Smartphone,Electronics,2,1897.55,15,3795.1,569.26,3225.84,Bank Transfer,Store,2026,8,August,1,Saturday,True,3225.84,1612.92
TXN-0017903,2026-08-01,DXB-001,Dubai,CUST-07974,P011,Notebook,Stationery,3,24.81,0,74.43,0.0,74.43,Card,Store,2026,8,August,1,Saturday,True,74.43,24.81
TXN-0017918,2026-08-01,DXB-002,Dubai,CUST-04272,P002,Smartphone,Electronics,1,1780.53,15,1780.53,267.08,1513.45,Card,Online,2026,8,August,1,Saturday,True,1513.45,1513.45
TXN-0018010,2026-08-01,DXB-005,Dubai,CUST-00241,P007,Office Chair,Furniture,1,679.05,5,679.05,33.95,645.1,Card,Store,2026,8,August,1,Saturday,True,645.1,645.1
TXN-0018089,2026-08-01,DXB-002,Dubai,CUST-01435,P011,Notebook,Stationery,1,24.21,0,24.21,0.0,24.21,Card,Online,2026,8,August,1,Saturday,True,24.21,24.21
TXN-0018091,2026-08-01,DXB-005,Dubai,CUST-02065,P001,Laptop,Electronics,1,2640.52,10,2640.52,264.05,2376.47,Card,Store,2026,8,August,1,Saturday,True,2376.47,2376.47
TXN-0018171,2026-08-01,DXB-005,Dubai,CUST-06295,P003,Headphones,Electronics,4,334.06,5,1336.24,66.81,1269.43,Card,Store,2026,8,August,1,Saturday,True,1269.43,317.36
TXN-0018223,2026-08-01,DXB-001,Dubai,CUST-02859,P014,Power Bank,Electronics,1,144.81,15,144.81,21.72,123.09,Card,Store,2026,8,August,1,Saturday,True,123.09,123.09
TXN-0018325,2026-08-01,DXB-001,Dubai,CUST-04361,P012,Pen Pack,Stationery,3,15.3,10,45.9,4.59,41.31,Card,Store,2026,8,August,1,Saturday,True,41.31,13.77
TXN-0018421,2026-08-01,DXB-003,Dubai,CUST-07347,P013,USB Drive,Accessories,4,45.27,10,181.08,18.11,162.97,Card,Online,2026,8,August,1,Saturday,True,162.97,40.74
TXN-0018430,2026-08-01,DXB-005,Dubai,CUST-03156,P004,Monitor,Electronics,1,924.62,15,924.62,138.69,785.93,Card,Online,2026,8,August,1,Saturday,True,785.93,785.93
TXN-0018437,2026-08-01,DXB-004,Dubai,CUST-01651,P011,Notebook,Stationery,1,22.28,15,22.28,3.34,18.94,Apple Pay,Online,2026,8,August,1,Saturday,True,18.94,18.94
TXN-0018447,2026-08-01,DXB-001,Dubai,CUST-07412,P002,Smartphone,Electronics,2,1753.91,0,3507.82,0.0,3507.82,Bank Transfer,Store,2026,8,August,1,Saturday,True,3507.82,1753.91
TXN-0018455,2026-08-01,DXB-002,Dubai,CUST-07652,P011,Notebook,Stationery,1,25.14,10,25.14,2.51,22.63,Apple Pay,Online,2026,8,August,1,Saturday,True,22.63,22.63
TXN-0018481,2026-08-01,DXB-004,Dubai,CUST-07285,P008,Desk,Furniture,1,785.09,5,785.09,39.25,745.84,Bank Transfer,Online,2026,8,August,1,Saturday,True,745.84,745.84
TXN-0018503,2026-08-01,DXB-001,Dubai,CUST-02892,P010,Printer,Office,3,734.63,15,2203.89,330.58,1873.31,Card,Store,2026,8,August,1,Saturday,True,1873.31,624.44
TXN-0018610,2026-08-01,DXB-003,Dubai,CUST-02085,P013,USB Drive,Accessories,2,45.62,5,91.24,4.56,86.68,Card,Store,2026,8,August,1,Saturday,True,86.68,43.34
TXN-0018677,2026-08-01,DXB-002,Dubai,CUST-01156,P010,Printer,Office,2,647.0,0,1294.0,0.0,1294.0,Card,Store,2026,8,August,1,Saturday,True,1294.0,647.0
TXN-0018684,2026-08-01,DXB-001,Dubai,CUST-05081,P003,Headphones,Electronics,3,343.34,5,1030.02,51.5,978.52,Card,Online,2026,8,August,1,Saturday,True,978.52,326.17
TXN-0018691,2026-08-01,DXB-002,Dubai,CUST-07271,P006,Mouse,Accessories,4,103.85,10,415.4,41.54,373.86,Bank Transfer,Store,2026,8,August,1,Saturday,True,373.86,93.46
TXN-0018693,2026-08-01,DXB-005,Dubai,CUST-06787,P002,Smartphone,Electronics,1,1771.22,10,1771.22,177.12,1594.1,Apple Pay,Online,2026,8,August,1,Saturday,True,1594.1,1594.1
TXN-0018780,2026-08-01,DXB-005,Dubai,CUST-04609,P004,Monitor,Electronics,3,995.31,0,2985.93,0.0,2985.93,Card,Store,2026,8,August,1,Saturday,True,2985.93,995.31
TXN-0018797,2026-08-01,DXB-002,Dubai,CUST-00479,P006,Mouse,Accessories,1,100.74,5,100.74,5.04,95.7,Card,Store,2026,8,August,1,Saturday,True,95.7,95.7
TXN-0019027,2026-08-01,DXB-005,Dubai,CUST-04053,P015,Tablet,Electronics,1,1259.86,10,1259.86,125.99,1133.87,Card,Store,2026,8,August,1,Saturday,True,1133.87,1133.87
TXN-0019063,2026-08-01,DXB-002,Dubai,CUST-04070,P002,Smartphone,Electronics,2,1763.24,10,3526.48,352.65,3173.83,Bank Transfer,Store,2026,8,August,1,Saturday,True,3173.83,1586.92
TXN-0019139,2026-08-01,DXB-003,Dubai,CUST-06296,P012,Pen Pack,Stationery,4,14.72,5,58.88,2.94,55.94,Apple Pay,Store,2026,8,August,1,Saturday,True,55.94,13.98
TXN-0019173,2026-08-01,DXB-005,Dubai,CUST-00058,P010,Printer,Office,2,663.28,0,1326.56,0.0,1326.56,Bank Transfer,Store,2026,8,August,1,Saturday,True,1326.56,663.28
TXN-0019234,2026-08-01,DXB-005,Dubai,CUST-03423,P001,Laptop,Electronics,1,2838.86,0,2838.86,0.0,2838.86,Apple Pay,Store,2026,8,August,1,Saturday,True,2838.86,2838.86
TXN-0019255,2026-08-01,DXB-001,Dubai,CUST-01227,P005,Keyboard,Accessories,1,171.41,5,171.41,8.57,162.84,Card,Online,2026,8,August,1,Saturday,True,162.84,162.84
TXN-0019372,2026-08-01,DXB-002,Dubai,CUST-03941,P006,Mouse,Accessories,2,100.82,10,201.64,20.16,181.48,Card,Store,2026,8,August,1,Saturday,True,181.48,90.74
TXN-0019379,2026-08-01,DXB-004,Dubai,CUST-07735,P012,Pen Pack,Stationery,2,15.04,15,30.08,4.51,25.57,Card,Store,2026,8,August,1,Saturday,True,25.57,12.78
TXN-0019407,2026-08-01,DXB-002,Dubai,CUST-01170,P015,Tablet,Electronics,1,1162.55,0,1162.55,0.0,1162.55,Card,Store,2026,8,August,1,Saturday,True,1162.55,1162.55
TXN-0019430,2026-08-01,DXB-001,Dubai,CUST-05038,P009,Backpack,Accessories,1,233.48,10,233.48,23.35,210.13,Bank Transfer,Store,2026,8,August,1,Saturday,True,210.13,210.13
TXN-0019440,2026-08-01,DXB-003,Dubai,CUST-00851,P012,Pen Pack,Stationery,2,15.75,5,31.5,1.58,29.92,Cash,Store,2026,8,August,1,Saturday,True,29.92,14.96
TXN-0019469,2026-08-01,DXB-002,Dubai,CUST-07075,P001,Laptop,Electronics,1,2848.56,5,2848.56,142.43,2706.13,Cash,Store,2026,8,August,1,Saturday,True,2706.13,2706.13
TXN-0019594,2026-08-01,DXB-005,Dubai,CUST-00131,P004,Monitor,Electronics,1,878.67,0,878.67,0.0,878.67,Card,Store,2026,8,August,1,Saturday,True,878.67,878.67
TXN-0019636,2026-08-01,DXB-001,Dubai,CUST-04516,P002,Smartphone,Electronics,1,1737.19,0,1737.19,0.0,1737.19,Bank Transfer,Store,2026,8,August,1,Saturday,True,1737.19,1737.19
TXN-0019672,2026-08-01,DXB-002,Dubai,CUST-00817,P010,Printer,Office,5,642.54,5,3212.7,160.64,3052.06,Bank Transfer,Store,2026,8,August,1,Saturday,True,3052.06,610.41
TXN-0019699,2026-08-01,DXB-003,Dubai,CUST-02085,P002,Smartphone,Electronics,2,1802.68,15,3605.36,540.8,3064.56,Cash,Store,2026,8,August,1,Saturday,True,3064.56,1532.28
TXN-0019734,2026-08-01,DXB-004,Dubai,CUST-03159,P004,Monitor,Electronics,1,981.87,0,981.87,0.0,981.87,Card,Store,2026,8,August,1,Saturday,True,981.87,981.87
TXN-0019785,2026-08-01,DXB-001,Dubai,CUST-04600,P012,Pen Pack,Stationery,2,13.85,0,27.7,0.0,27.7,Bank Transfer,Store,2026,8,August,1,Saturday,True,27.7,13.85
TXN-0019786,2026-08-01,DXB-005,Dubai,CUST-02471,P010,Printer,Office,2,685.29,0,1370.58,0.0,1370.58,Card,Online,2026,8,August,1,Saturday,True,1370.58,685.29
TXN-0019811,2026-08-01,DXB-004,Dubai,CUST-01992,P015,Tablet,Electronics,1,1229.86,10,1229.86,122.99,1106.87,Cash,Store,2026,8,August,1,Saturday,True,1106.87,1106.87
TXN-0019875,2026-08-01,DXB-001,Dubai,CUST-04094,P010,Printer,Office,1,749.57,5,749.57,37.48,712.09,Card,Store,2026,8,August,1,Saturday,True,712.09,712.09
TXN-0019902,2026-08-01,DXB-003,Dubai,CUST-02300,P007,Office Chair,Furniture,3,720.0,5,2160.0,108.0,2052.0,Cash,Store,2026,8,August,1,Saturday,True,2052.0,684.0
TXN-0019930,2026-08-01,DXB-001,Dubai,CUST-05527,P011,Notebook,Stationery,2,23.65,0,47.3,0.0,47.3,Card,Store,2026,8,August,1,Saturday,True,47.3,23.65
TXN-0019932,2026-08-01,DXB-003,Dubai,CUST-02370,P007,Office Chair,Furniture,1,667.43,5,667.43,33.37,634.06,Cash,Store,2026,8,August,1,Saturday,True,634.06,634.06
TXN-0019964,2026-08-01,DXB-005,Dubai,CUST-05663,P004,Monitor,Electronics,2,876.59,5,1753.18,87.66,1665.52,Apple Pay,Store,2026,8,August,1,Saturday,True,1665.52,832.76
TXN-0020051,2026-08-01,DXB-001,Dubai,CUST-07051,P004,Monitor,Electronics,1,868.65,20,868.65,173.73,694.92,Card,Online,2026,8,August,1,Saturday,True,694.92,694.92
TXN-0020082,2026-08-01,DXB-004,Dubai,CUST-00488,P010,Printer,Office,1,643.69,5,643.69,32.18,611.51,Apple Pay,Online,2026,8,August,1,Saturday,True,611.51,611.51
TXN-0020102,2026-08-01,DXB-001,Dubai,CUST-05677,P011,Notebook,Stationery,2,23.68,0,47.36,0.0,47.36,Card,Store,2026,8,August,1,Saturday,True,47.36,23.68
TXN-0020114,2026-08-01,DXB-003,Dubai,CUST-02837,P015,Tablet,Electronics,3,1144.1,10,3432.3,343.23,3089.07,Card,Store,2026,8,August,1,Saturday,True,3089.07,1029.69
TXN-0020157,2026-08-01,DXB-001,Dubai,CUST-02966,P008,Desk,Furniture,1,817.83,20,817.83,163.57,654.26,Card,Store,2026,8,August,1,Saturday,True,654.26,654.26
TXN-0020230,2026-08-01,DXB-001,Dubai,CUST-04936,P015,Tablet,Electronics,3,1233.45,5,3700.35,185.02,3515.33,Card,Store,2026,8,August,1,Saturday,True,3515.33,1171.78
TXN-0020231,2026-08-01,DXB-002,Dubai,CUST-04015,P013,USB Drive,Accessories,2,43.04,10,86.08,8.61,77.47,Card,Online,2026,8,August,1,Saturday,True,77.47,38.74
TXN-0020241,2026-08-01,DXB-005,Dubai,CUST-00482,P009,Backpack,Accessories,1,228.83,5,228.83,11.44,217.39,Cash,Store,2026,8,August,1,Saturday,True,217.39,217.39
TXN-0020254,2026-08-01,DXB-004,Dubai,CUST-04914,P002,Smartphone,Electronics,5,1747.81,10,8739.05,873.9,7865.15,Card,Store,2026,8,August,1,Saturday,True,7865.15,1573.03
TXN-0020282,2026-08-01,DXB-001,Dubai,CUST-02655,P015,Tablet,Electronics,2,1259.16,10,2518.32,251.83,2266.49,Cash,Store,2026,8,August,1,Saturday,True,2266.49,1133.24
TXN-0020294,2026-08-01,DXB-003,Dubai,CUST-03941,P014,Power Bank,Electronics,1,155.6,0,155.6,0.0,155.6,Cash,Store,2026,8,August,1,Saturday,True,155.6,155.6
TXN-0020301,2026-08-01,DXB-003,Dubai,CUST-06400,P002,Smartphone,Electronics,1,1709.24,15,1709.24,256.39,1452.85,Cash,Store,2026,8,August,1,Saturday,True,1452.85,1452.85
TXN-0020323,2026-08-01,DXB-001,Dubai,CUST-01231,P011,Notebook,Stationery,1,23.56,10,23.56,2.36,21.2,Card,Store,2026,8,August,1,Saturday,True,21.2,21.2
TXN-0020329,2026-08-01,DXB-003,Dubai,CUST-07452,P003,Headphones,Electronics,2,363.01,5,726.02,36.3,689.72,Card,Store,2026,8,August,1,Saturday,True,689.72,344.86
TXN-0020390,2026-08-01,DXB-005,Dubai,CUST-07583,P003,Headphones,Electronics,1,377.93,0,377.93,0.0,377.93,Cash,Store,2026,8,August,1,Saturday,True,377.93,377.93
TXN-0020422,2026-08-01,DXB-002,Dubai,CUST-00798,P008,Desk,Furniture,1,820.46,5,820.46,41.02,779.44,Card,Store,2026,8,August,1,Saturday,True,779.44,779.44
TXN-0020426,2026-08-01,DXB-002,Dubai,CUST-06682,P003,Headphones,Electronics,1,322.21,5,322.21,16.11,306.1,Cash,Store,2026,8,August,1,Saturday,True,306.1,306.1
TXN-0020427,2026-08-01,DXB-001,Dubai,CUST-04503,P007,Office Chair,Furniture,1,621.28,0,621.28,0.0,621.28,Card,Store,2026,8,August,1,Saturday,True,621.28,621.28
TXN-0020436,2026-08-01,DXB-005,Dubai,CUST-01446,P008,Desk,Furniture,2,809.9,5,1619.8,80.99,1538.81,Cash,Store,2026,8,August,1,Saturday,True,1538.81,769.4
TXN-0020484,2026-08-01,DXB-001,Dubai,CUST-02951,P003,Headphones,Electronics,2,365.9,15,731.8,109.77,622.03,Apple Pay,Store,2026,8,August,1,Saturday,True,622.03,311.02
TXN-0020652,2026-08-01,DXB-004,Dubai,CUST-03189,P002,Smartphone,Electronics,2,1593.66,10,3187.32,318.73,2868.59,Card,Store,2026,8,August,1,Saturday,True,2868.59,1434.3
TXN-0020668,2026-08-01,DXB-003,Dubai,CUST-07642,P009,Backpack,Accessories,1,231.95,0,231.95,0.0,231.95,Apple Pay,Store,2026,8,August,1,Saturday,True,231.95,231.95
TXN-0020686,2026-08-01,DXB-005,Dubai,CUST-06946,P005,Keyboard,Accessories,1,196.02,0,196.02,0.0,196.02,Card,Store,2026,8,August,1,Saturday,True,196.02,196.02
TXN-0020760,2026-08-01,DXB-003,Dubai,CUST-06321,P005,Keyboard,Accessories,1,166.95,0,166.95,0.0,166.95,Bank Transfer,Store,2026,8,August,1,Saturday,True,166.95,166.95
TXN-0020809,2026-08-01,DXB-002,Dubai,CUST-00670,P011,Notebook,Stationery,2,24.15,0,48.3,0.0,48.3,Cash,Store,2026,8,August,1,Saturday,True,48.3,24.15
TXN-0020838,2026-08-01,DXB-005,Dubai,CUST-04500,P004,Monitor,Electronics,2,841.86,10,1683.72,168.37,1515.35,Card,Online,2026,8,August,1,Saturday,True,1515.35,757.68
TXN-0020862,2026-08-01,DXB-002,Dubai,CUST-07633,P008,Desk,Furniture,2,765.5,5,1531.0,76.55,1454.45,Cash,Online,2026,8,August,1,Saturday,True,1454.45,727.22
TXN-0020885,2026-08-01,DXB-003,Dubai,CUST-02602,P003,Headphones,Electronics,2,349.39,5,698.78,34.94,663.84,Bank Transfer,Store,2026,8,August,1,Saturday,True,663.84,331.92
TXN-0020926,2026-08-01,DXB-004,Dubai,CUST-04271,P001,Laptop,Electronics,2,2684.15,0,5368.3,0.0,5368.3,Card,Online,2026,8,August,1,Saturday,True,5368.3,2684.15
TXN-0020945,2026-08-01,DXB-004,Dubai,CUST-04158,P013,USB Drive,Accessories,2,38.51,10,77.02,7.7,69.32,Card,Store,2026,8,August,1,Saturday,True,69.32,34.66
TXN-0021018,2026-08-01,DXB-003,Dubai,CUST-00792,P011,Notebook,Stationery,1,24.61,15,24.61,3.69,20.92,Card,Store,2026,8,August,1,Saturday,True,20.92,20.92
TXN-0021239,2026-08-01,DXB-001,Dubai,CUST-07919,P005,Keyboard,Accessories,1,164.3,0,164.3,0.0,164.3,Apple Pay,Store,2026,8,August,1,Saturday,True,164.3,164.3
TXN-0021299,2026-08-01,DXB-001,Dubai,CUST-05382,P009,Backpack,Accessories,4,238.3,15,953.2,142.98,810.22,Card,Store,2026,8,August,1,Saturday,True,810.22,202.56
TXN-0021355,2026-08-01,DXB-002,Dubai,CUST-02979,P007,Office Chair,Furniture,4,552.78,10,2211.12,221.11,1990.01,Cash,Store,2026,8,August,1,Saturday,True,1990.01,497.5
TXN-0021395,2026-08-01,DXB-005,Dubai,CUST-07725,P015,Tablet,Electronics,1,1353.26,5,1353.26,67.66,1285.6,Card,Store,2026,8,August,1,Saturday,True,1285.6,1285.6
TXN-0021401,2026-08-01,DXB-005,Dubai,CUST-02715,P006,Mouse,Accessories,3,111.56,20,334.68,66.94,267.74,Apple Pay,Store,2026,8,August,1,Saturday,True,267.74,89.25
TXN-0021411,2026-08-01,DXB-001,Dubai,CUST-03754,P014,Power Bank,Electronics,2,141.69,0,283.38,0.0,283.38,Cash,Store,2026,8,August,1,Saturday,True,283.38,141.69
TXN-0021437,2026-08-01,DXB-002,Dubai,CUST-06452,P010,Printer,Office,1,701.89,5,701.89,35.09,666.8,Card,Store,2026,8,August,1,Saturday,True,666.8,666.8
TXN-0021438,2026-08-01,DXB-001,Dubai,CUST-01633,P006,Mouse,Accessories,1,105.27,10,105.27,10.53,94.74,Card,Online,2026,8,August,1,Saturday,True,94.74,94.74
TXN-0021441,2026-08-01,DXB-002,Dubai,CUST-02935,P003,Headphones,Electronics,1,298.37,5,298.37,14.92,283.45,Apple Pay,Store,2026,8,August,1,Saturday,True,283.45,283.45
TXN-0021581,2026-08-01,DXB-004,Dubai,CUST-00968,P005,Keyboard,Accessories,1,168.17,20,168.17,33.63,134.54,Card,Store,2026,8,August,1,Saturday,True,134.54,134.54
TXN-0021635,2026-08-01,DXB-001,Dubai,CUST-04797,P003,Headphones,Electronics,1,338.99,0,338.99,0.0,338.99,Cash,Store,2026,8,August,1,Saturday,True,338.99,338.99
TXN-0021689,2026-08-01,DXB-002,Dubai,CUST-02199,P014,Power Bank,Electronics,1,131.81,0,131.81,0.0,131.81,Apple Pay,Online,2026,8,August,1,Saturday,True,131.81,131.81
TXN-0021840,2026-08-01,DXB-001,Dubai,CUST-01069,P004,Monitor,Electronics,1,925.31,0,925.31,0.0,925.31,Card,Store,2026,8,August,1,Saturday,True,925.31,925.31
TXN-0021909,2026-08-01,DXB-004,Dubai,CUST-03945,P005,Keyboard,Accessories,1,179.72,0,179.72,0.0,179.72,Cash,Store,2026,8,August,1,Saturday,True,179.72,179.72
TXN-0021997,2026-08-01,DXB-001,Dubai,CUST-00411,P006,Mouse,Accessories,1,101.88,5,101.88,5.09,96.79,Cash,Store,2026,8,August,1,Saturday,True,96.79,96.79
TXN-0022255,2026-08-01,DXB-003,Dubai,CUST-03730,P011,Notebook,Stationery,3,25.91,5,77.73,3.89,73.84,Bank Transfer,Store,2026,8,August,1,Saturday,True,73.84,24.61
TXN-0022311,2026-08-01,DXB-003,Dubai,CUST-02646,P006,Mouse,Accessories,4,100.22,15,400.88,60.13,340.75,Card,Store,2026,8,August,1,Saturday,True,340.75,85.19
TXN-0022334,2026-08-01,DXB-002,Dubai,CUST-06594,P006,Mouse,Accessories,6,107.79,0,646.74,0.0,646.74,Card,Online,2026,8,August,1,Saturday,True,646.74,107.79
TXN-0022364,2026-08-01,DXB-002,Dubai,CUST-04152,P013,USB Drive,Accessories,1,43.6,0,43.6,0.0,43.6,Card,Online,2026,8,August,1,Saturday,True,43.6,43.6
TXN-0022381,2026-08-01,DXB-001,Dubai,CUST-02670,P007,Office Chair,Furniture,1,624.26,0,624.26,0.0,624.26,Card,Store,2026,8,August,1,Saturday,True,624.26,624.26
TXN-0022394,2026-08-01,DXB-002,Dubai,CUST-01236,P014,Power Bank,Electronics,1,143.17,5,143.17,7.16,136.01,Card,Store,2026,8,August,1,Saturday,True,136.01,136.01
TXN-0022413,2026-08-01,DXB-004,Dubai,CUST-00466,P003,Headphones,Electronics,3,360.13,0,1080.39,0.0,1080.39,Apple Pay,Online,2026,8,August,1,Saturday,True,1080.39,360.13
TXN-0022517,2026-08-01,DXB-003,Dubai,CUST-02104,P009,Backpack,Accessories,1,217.12,5,217.12,10.86,206.26,Card,Store,2026,8,August,1,Saturday,True,206.26,206.26
TXN-0022618,2026-08-01,DXB-004,Dubai,CUST-06079,P003,Headphones,Electronics,2,350.52,5,701.04,35.05,665.99,Card,Store,2026,8,August,1,Saturday,True,665.99,333.0
TXN-0022635,2026-08-01,DXB-001,Dubai,CUST-00123,P004,Monitor,Electronics,1,948.02,10,948.02,94.8,853.22,Card,Store,2026,8,August,1,Saturday,True,853.22,853.22
TXN-0022636,2026-08-01,DXB-004,Dubai,CUST-02660,P006,Mouse,Accessories,1,102.66,10,102.66,10.27,92.39,Apple Pay,Online,2026,8,August,1,Saturday,True,92.39,92.39
TXN-0022920,2026-08-01,DXB-002,Dubai,CUST-06779,P015,Tablet,Electronics,3,1118.87,15,3356.61,503.49,2853.12,Card,Online,2026,8,August,1,Saturday,True,2853.12,951.04
TXN-0022947,2026-08-01,DXB-003,Dubai,CUST-06042,P002,Smartphone,Electronics,1,1829.81,5,1829.81,91.49,1738.32,Card,Online,2026,8,August,1,Saturday,True,1738.32,1738.32
TXN-0022979,2026-08-01,DXB-002,Dubai,CUST-06016,P005,Keyboard,Accessories,1,177.66,20,177.66,35.53,142.13,Cash,Store,2026,8,August,1,Saturday,True,142.13,142.13
TXN-0022994,2026-08-01,DXB-002,Dubai,CUST-05724,P009,Backpack,Accessories,2,225.68,10,451.36,45.14,406.22,Card,Online,2026,8,August,1,Saturday,True,406.22,203.11
TXN-0023016,2026-08-01,DXB-001,Dubai,CUST-07655,P008,Desk,Furniture,5,820.82,0,4104.1,0.0,4104.1,Card,Store,2026,8,August,1,Saturday,True,4104.1,820.82
TXN-0023048,2026-08-01,DXB-001,Dubai,CUST-00984,P003,Headphones,Electronics,1,338.02,5,338.02,16.9,321.12,Cash,Online,2026,8,August,1,Saturday,True,321.12,321.12
TXN-0023220,2026-08-01,DXB-004,Dubai,CUST-00530,P009,Backpack,Accessories,2,223.47,5,446.94,22.35,424.59,Card,Store,2026,8,August,1,Saturday,True,424.59,212.3
TXN-0023350,2026-08-01,DXB-003,Dubai,CUST-01906,P003,Headphones,Electronics,3,388.55,5,1165.65,58.28,1107.37,Card,Store,2026,8,August,1,Saturday,True,1107.37,369.12
TXN-0023365,2026-08-01,DXB-003,Dubai,CUST-06480,P004,Monitor,Electronics,1,933.19,20,933.19,186.64,746.55,Cash,Store,2026,8,August,1,Saturday,True,746.55,746.55
TXN-0023473,2026-08-01,DXB-004,Dubai,CUST-07914,P002,Smartphone,Electronics,2,1812.2,5,3624.4,181.22,3443.18,Cash,Store,2026,8,August,1,Saturday,True,3443.18,1721.59
TXN-0023501,2026-08-01,DXB-005,Dubai,CUST-01405,P004,Monitor,Electronics,5,931.63,10,4658.15,465.82,4192.33,Card,Store,2026,8,August,1,Saturday,True,4192.33,838.47
TXN-0023535,2026-08-01,DXB-005,Dubai,CUST-04016,P008,Desk,Furniture,1,813.94,0,813.94,0.0,813.94,Bank Transfer,Store,2026,8,August,1,Saturday,True,813.94,813.94
TXN-0023538,2026-08-01,DXB-002,Dubai,CUST-01394,P009,Backpack,Accessories,4,222.81,0,891.24,0.0,891.24,Card,Online,2026,8,August,1,Saturday,True,891.24,222.81
TXN-0023554,2026-08-01,DXB-003,Dubai,CUST-05476,P011,Notebook,Stationery,3,23.67,10,71.01,7.1,63.91,Apple Pay,Store,2026,8,August,1,Saturday,True,63.91,21.3
TXN-0023567,2026-08-01,DXB-005,Dubai,CUST-02677,P012,Pen Pack,Stationery,1,14.2,0,14.2,0.0,14.2,Card,Store,2026,8,August,1,Saturday,True,14.2,14.2
TXN-0023572,2026-08-01,DXB-004,Dubai,CUST-04111,P002,Smartphone,Electronics,1,1666.06,0,1666.06,0.0,1666.06,Card,Store,2026,8,August,1,Saturday,True,1666.06,1666.06
TXN-0023573,2026-08-01,DXB-004,Dubai,CUST-01472,P014,Power Bank,Electronics,4,143.01,0,572.04,0.0,572.04,Card,Store,2026,8,August,1,Saturday,True,572.04,143.01
TXN-0023629,2026-08-01,DXB-002,Dubai,CUST-06232,P004,Monitor,Electronics,1,938.92,5,938.92,46.95,891.97,Apple Pay,Store,2026,8,August,1,Saturday,True,891.97,891.97
TXN-0023680,2026-08-01,DXB-003,Dubai,CUST-02052,P011,Notebook,Stationery,3,28.27,10,84.81,8.48,76.33,Bank Transfer,Store,2026,8,August,1,Saturday,True,76.33,25.44
TXN-0023725,2026-08-01,DXB-002,Dubai,CUST-02548,P009,Backpack,Accessories,6,200.92,5,1205.52,60.28,1145.24,Card,Store,2026,8,August,1,Saturday,True,1145.24,190.87
TXN-0023748,2026-08-01,DXB-005,Dubai,CUST-06506,P014,Power Bank,Electronics,1,139.28,5,139.28,6.96,132.32,Apple Pay,Store,2026,8,August,1,Saturday,True,132.32,132.32
TXN-0023780,2026-08-01,DXB-001,Dubai,CUST-05343,P008,Desk,Furniture,2,787.92,10,1575.84,157.58,1418.26,Bank Transfer,Store,2026,8,August,1,Saturday,True,1418.26,709.13
TXN-0023819,2026-08-01,DXB-003,Dubai,CUST-07009,P002,Smartphone,Electronics,1,2026.69,5,2026.69,101.33,1925.36,Card,Store,2026,8,August,1,Saturday,True,1925.36,1925.36
TXN-0024149,2026-08-01,DXB-002,Dubai,CUST-03687,P013,USB Drive,Accessories,1,41.53,5,41.53,2.08,39.45,Card,Store,2026,8,August,1,Saturday,True,39.45,39.45
TXN-0024167,2026-08-01,DXB-001,Dubai,CUST-02953,P008,Desk,Furniture,1,824.8,5,824.8,41.24,783.56,Card,Store,2026,8,August,1,Saturday,True,783.56,783.56
TXN-0024219,2026-08-01,DXB-005,Dubai,CUST-01509,P003,Headphones,Electronics,1,360.65,15,360.65,54.1,306.55,Cash,Store,2026,8,August,1,Saturday,True,306.55,306.55
TXN-0024220,2026-08-01,DXB-001,Dubai,CUST-00580,P001,Laptop,Electronics,2,2870.04,5,5740.08,287.0,5453.08,Cash,Store,2026,8,August,1,Saturday,True,5453.08,2726.54
TXN-0024277,2026-08-01,DXB-003,Dubai,CUST-05349,P004,Monitor,Electronics,1,753.42,15,753.42,113.01,640.41,Card,Store,2026,8,August,1,Saturday,True,640.41,640.41
TXN-0024323,2026-08-01,DXB-001,Dubai,CUST-03263,P015,Tablet,Electronics,2,1219.88,0,2439.76,0.0,2439.76,Card,Store,2026,8,August,1,Saturday,True,2439.76,1219.88
TXN-0024367,2026-08-01,DXB-001,Dubai,CUST-05257,P014,Power Bank,Electronics,3,157.53,0,472.59,0.0,472.59,Apple Pay,Online,2026,8,August,1,Saturday,True,472.59,157.53
TXN-0024374,2026-08-01,DXB-001,Dubai,CUST-06359,P004,Monitor,Electronics,1,922.25,10,922.25,92.22,830.03,Card,Online,2026,8,August,1,Saturday,True,830.03,830.03
TXN-0024415,2026-08-01,DXB-004,Dubai,CUST-00397,P012,Pen Pack,Stationery,2,13.88,0,27.76,0.0,27.76,Card,Store,2026,8,August,1,Saturday,True,27.76,13.88
TXN-0024454,2026-08-01,DXB-002,Dubai,CUST-03704,P012,Pen Pack,Stationery,1,14.32,0,14.32,0.0,14.32,Cash,Store,2026,8,August,1,Saturday,True,14.32,14.32
TXN-0024516,2026-08-01,DXB-004,Dubai,CUST-01730,P002,Smartphone,Electronics,1,1741.6,5,1741.6,87.08,1654.52,Cash,Store,2026,8,August,1,Saturday,True,1654.52,1654.52
TXN-0024615,2026-08-01,DXB-002,Dubai,CUST-02723,P004,Monitor,Electronics,1,931.61,0,931.61,0.0,931.61,Bank Transfer,Store,2026,8,August,1,Saturday,True,931.61,931.61
TXN-0024627,2026-08-01,DXB-002,Dubai,CUST-05942,P002,Smartphone,Electronics,1,1736.38,0,1736.38,0.0,1736.38,Apple Pay,Store,2026,8,August,1,Saturday,True,1736.38,1736.38
TXN-0024645,2026-08-01,DXB-005,Dubai,CUST-05269,P003,Headphones,Electronics,2,357.55,5,715.1,35.76,679.34,Cash,Store,2026,8,August,1,Saturday,True,679.34,339.67
TXN-0024715,2026-08-01,DXB-001,Dubai,CUST-07458,P012,Pen Pack,Stationery,2,14.68,20,29.36,5.87,23.49,Card,Store,2026,8,August,1,Saturday,True,23.49,11.74
TXN-0024725,2026-08-01,DXB-001,Dubai,CUST-07942,P014,Power Bank,Electronics,2,148.42,0,296.84,0.0,296.84,Apple Pay,Store,2026,8,August,1,Saturday,True,296.84,148.42
TXN-0024748,2026-08-01,DXB-001,Dubai,CUST-02150,P010,Printer,Office,2,705.73,10,1411.46,141.15,1270.31,Cash,Store,2026,8,August,1,Saturday,True,1270.31,635.16
TXN-0024793,2026-08-01,DXB-004,Dubai,CUST-00798,P013,USB Drive,Accessories,2,46.26,5,92.52,4.63,87.89,Card,Store,2026,8,August,1,Saturday,True,87.89,43.94
TXN-0024836,2026-08-01,DXB-002,Dubai,CUST-06770,P009,Backpack,Accessories,1,230.13,0,230.13,0.0,230.13,Card,Online,2026,8,August,1,Saturday,True,230.13,230.13
TXN-0024848,2026-08-01,DXB-001,Dubai,CUST-03258,P012,Pen Pack,Stationery,1,14.04,0,14.04,0.0,14.04,Card,Online,2026,8,August,1,Saturday,True,14.04,14.04
TXN-0024876,2026-08-01,DXB-005,Dubai,CUST-06593,P011,Notebook,Stationery,1,24.76,0,24.76,0.0,24.76,Cash,Store,2026,8,August,1,Saturday,True,24.76,24.76
TXN-0024982,2026-08-01,DXB-003,Dubai,CUST-01964,P003,Headphones,Electronics,2,350.27,20,700.54,140.11,560.43,Cash,Store,2026,8,August,1,Saturday,True,560.43,280.21
TXN-0025022,2026-08-01,DXB-004,Dubai,CUST-05772,P002,Smartphone,Electronics,1,1585.64,10,1585.64,158.56,1427.08,Card,Store,2026,8,August,1,Saturday,True,1427.08,1427.08
TXN-0025051,2026-08-01,DXB-005,Dubai,CUST-01614,P013,USB Drive,Accessories,2,46.34,10,92.68,9.27,83.41,Card,Online,2026,8,August,1,Saturday,True,83.41,41.7
TXN-0025056,2026-08-01,DXB-003,Dubai,CUST-02791,P008,Desk,Furniture,1,745.96,15,745.96,111.89,634.07,Apple Pay,Store,2026,8,August,1,Saturday,True,634.07,634.07
TXN-0025181,2026-08-01,DXB-005,Dubai,CUST-03709,P014,Power Bank,Electronics,2,145.68,10,291.36,29.14,262.22,Card,Store,2026,8,August,1,Saturday,True,262.22,131.11
TXN-0025209,2026-08-01,DXB-002,Dubai,CUST-06677,P012,Pen Pack,Stationery,1,15.68,10,15.68,1.57,14.11,Card,Online,2026,8,August,1,Saturday,True,14.11,14.11
TXN-0025274,2026-08-01,DXB-005,Dubai,CUST-07530,P013,USB Drive,Accessories,5,38.52,15,192.6,28.89,163.71,Card,Online,2026,8,August,1,Saturday,True,163.71,32.74
TXN-0025279,2026-08-01,DXB-003,Dubai,CUST-05154,P008,Desk,Furniture,4,803.32,5,3213.28,160.66,3052.62,Bank Transfer,Online,2026,8,August,1,Saturday,True,3052.62,763.16
TXN-0025311,2026-08-01,DXB-003,Dubai,CUST-00723,P005,Keyboard,Accessories,1,181.73,0,181.73,0.0,181.73,Apple Pay,Online,2026,8,August,1,Saturday,True,181.73,181.73
TXN-0025375,2026-08-01,DXB-002,Dubai,CUST-01871,P010,Printer,Office,1,696.04,15,696.04,104.41,591.63,Card,Online,2026,8,August,1,Saturday,True,591.63,591.63
TXN-0025556,2026-08-01,DXB-002,Dubai,CUST-05551,P006,Mouse,Accessories,1,91.32,10,91.32,9.13,82.19,Card,Store,2026,8,August,1,Saturday,True,82.19,82.19
TXN-0025588,2026-08-01,DXB-003,Dubai,CUST-04472,P013,USB Drive,Accessories,1,40.37,0,40.37,0.0,40.37,Card,Online,2026,8,August,1,Saturday,True,40.37,40.37
TXN-0025595,2026-08-01,DXB-004,Dubai,CUST-02074,P009,Backpack,Accessories,2,208.65,10,417.3,41.73,375.57,Card,Store,2026,8,August,1,Saturday,True,375.57,187.78
TXN-0025787,2026-08-01,DXB-001,Dubai,CUST-06749,P010,Printer,Office,1,653.02,0,653.02,0.0,653.02,Cash,Store,2026,8,August,1,Saturday,True,653.02,653.02
TXN-0025803,2026-08-01,DXB-003,Dubai,CUST-03065,P008,Desk,Furniture,2,803.32,5,1606.64,80.33,1526.31,Card,Store,2026,8,August,1,Saturday,True,1526.31,763.16
TXN-0025833,2026-08-01,DXB-002,Dubai,CUST-07409,P007,Office Chair,Furniture,1,648.85,5,648.85,32.44,616.41,Cash,Store,2026,8,August,1,Saturday,True,616.41,616.41
TXN-0026062,2026-08-01,DXB-002,Dubai,CUST-01199,P010,Printer,Office,3,652.29,5,1956.87,97.84,1859.03,Card,Store,2026,8,August,1,Saturday,True,1859.03,619.68
TXN-0026070,2026-08-01,DXB-003,Dubai,CUST-01762,P002,Smartphone,Electronics,4,1920.14,10,7680.56,768.06,6912.5,Bank Transfer,Store,2026,8,August,1,Saturday,True,6912.5,1728.12
TXN-0026132,2026-08-01,DXB-003,Dubai,CUST-06834,P007,Office Chair,Furniture,2,642.06,0,1284.12,0.0,1284.12,Card,Store,2026,8,August,1,Saturday,True,1284.12,642.06
TXN-0026133,2026-08-01,DXB-001,Dubai,CUST-04581,P009,Backpack,Accessories,2,230.09,0,460.18,0.0,460.18,Apple Pay,Online,2026,8,August,1,Saturday,True,460.18,230.09
TXN-0026141,2026-08-01,DXB-005,Dubai,CUST-03881,P008,Desk,Furniture,1,848.9,0,848.9,0.0,848.9,Card,Store,2026,8,August,1,Saturday,True,848.9,848.9
TXN-0026150,2026-08-01,DXB-001,Dubai,CUST-01853,P006,Mouse,Accessories,2,105.94,0,211.88,0.0,211.88,Cash,Store,2026,8,August,1,Saturday,True,211.88,105.94
TXN-0026207,2026-08-01,DXB-001,Dubai,CUST-01826,P006,Mouse,Accessories,2,91.38,0,182.76,0.0,182.76,Card,Store,2026,8,August,1,Saturday,True,182.76,91.38
TXN-0026284,2026-08-01,DXB-004,Dubai,CUST-04383,P007,Office Chair,Furniture,1,612.33,5,612.33,30.62,581.71,Card,Store,2026,8,August,1,Saturday,True,581.71,581.71
TXN-0026365,2026-08-01,DXB-001,Dubai,CUST-06315,P011,Notebook,Stationery,2,25.57,10,51.14,5.11,46.03,Apple Pay,Store,2026,8,August,1,Saturday,True,46.03,23.02
TXN-0026398,2026-08-01,DXB-002,Dubai,CUST-03007,P015,Tablet,Electronics,2,1133.61,0,2267.22,0.0,2267.22,Card,Store,2026,8,August,1,Saturday,True,2267.22,1133.61
TXN-0026404,2026-08-01,DXB-004,Dubai,CUST-03593,P011,Notebook,Stationery,5,24.81,10,124.05,12.4,111.65,Card,Store,2026,8,August,1,Saturday,True,111.65,22.33
TXN-0026417,2026-08-01,DXB-005,Dubai,CUST-07110,P006,Mouse,Accessories,1,104.95,0,104.95,0.0,104.95,Bank Transfer,Online,2026,8,August,1,Saturday,True,104.95,104.95
TXN-0026504,2026-08-01,DXB-002,Dubai,CUST-00606,P015,Tablet,Electronics,1,1175.15,15,1175.15,176.27,998.88,Cash,Store,2026,8,August,1,Saturday,True,998.88,998.88
TXN-0026507,2026-08-01,DXB-001,Dubai,CUST-05876,P010,Printer,Office,1,651.36,20,651.36,130.27,521.09,Card,Online,2026,8,August,1,Saturday,True,521.09,521.09
TXN-0026512,2026-08-01,DXB-003,Dubai,CUST-04111,P008,Desk,Furniture,2,808.88,20,1617.76,323.55,1294.21,Card,Store,2026,8,August,1,Saturday,True,1294.21,647.1
TXN-0026564,2026-08-01,DXB-002,Dubai,CUST-01356,P015,Tablet,Electronics,2,1304.12,10,2608.24,260.82,2347.42,Card,Store,2026,8,August,1,Saturday,True,2347.42,1173.71
TXN-0026590,2026-08-01,DXB-004,Dubai,CUST-02888,P003,Headphones,Electronics,1,317.65,0,317.65,0.0,317.65,Bank Transfer,Store,2026,8,August,1,Saturday,True,317.65,317.65
TXN-0026613,2026-08-01,DXB-002,Dubai,CUST-01055,P010,Printer,Office,1,663.79,5,663.79,33.19,630.6,Card,Store,2026,8,August,1,Saturday,True,630.6,630.6
TXN-0026626,2026-08-01,DXB-003,Dubai,CUST-07176,P014,Power Bank,Electronics,2,141.84,0,283.68,0.0,283.68,Card,Store,2026,8,August,1,Saturday,True,283.68,141.84
TXN-0026631,2026-08-01,DXB-002,Dubai,CUST-05542,P009,Backpack,Accessories,3,223.09,20,669.27,133.85,535.42,Apple Pay,Online,2026,8,August,1,Saturday,True,535.42,178.47
TXN-0026737,2026-08-01,DXB-001,Dubai,CUST-03608,P003,Headphones,Electronics,4,337.57,5,1350.28,67.51,1282.77,Bank Transfer,Online,2026,8,August,1,Saturday,True,1282.77,320.69
TXN-0026801,2026-08-01,DXB-002,Dubai,CUST-01052,P003,Headphones,Electronics,5,362.77,10,1813.85,181.38,1632.47,Bank Transfer,Store,2026,8,August,1,Saturday,True,1632.47,326.49
TXN-0027071,2026-08-01,DXB-004,Dubai,CUST-02861,P005,Keyboard,Accessories,1,159.69,15,159.69,23.95,135.74,Card,Store,2026,8,August,1,Saturday,True,135.74,135.74
TXN-0027214,2026-08-01,DXB-001,Dubai,CUST-03396,P001,Laptop,Electronics,4,2558.91,0,10235.64,0.0,10235.64,Card,Online,2026,8,August,1,Saturday,True,10235.64,2558.91
TXN-0027238,2026-08-01,DXB-003,Dubai,CUST-06641,P015,Tablet,Electronics,1,1342.02,0,1342.02,0.0,1342.02,Card,Store,2026,8,August,1,Saturday,True,1342.02,1342.02
TXN-0027274,2026-08-01,DXB-005,Dubai,CUST-00481,P003,Headphones,Electronics,1,328.87,10,328.87,32.89,295.98,Card,Online,2026,8,August,1,Saturday,True,295.98,295.98
TXN-0027382,2026-08-01,DXB-003,Dubai,CUST-03965,P012,Pen Pack,Stationery,1,15.16,0,15.16,0.0,15.16,Card,Store,2026,8,August,1,Saturday,True,15.16,15.16
TXN-0027411,2026-08-01,DXB-002,Dubai,CUST-01258,P012,Pen Pack,Stationery,5,15.31,20,76.55,15.31,61.24,Card,Store,2026,8,August,1,Saturday,True,61.24,12.25
TXN-0027458,2026-08-01,DXB-001,Dubai,CUST-04444,P011,Notebook,Stationery,2,23.64,15,47.28,7.09,40.19,Apple Pay,Store,2026,8,August,1,Saturday,True,40.19,20.1
TXN-0027568,2026-08-01,DXB-003,Dubai,CUST-06688,P011,Notebook,Stationery,1,25.3,5,25.3,1.26,24.04,Apple Pay,Online,2026,8,August,1,Saturday,True,24.04,24.04
TXN-0027639,2026-08-01,DXB-003,Dubai,CUST-06946,P007,Office Chair,Furniture,2,592.06,10,1184.12,118.41,1065.71,Apple Pay,Online,2026,8,August,1,Saturday,True,1065.71,532.86
TXN-0027660,2026-08-01,DXB-004,Dubai,CUST-03663,P011,Notebook,Stationery,2,19.88,15,39.76,5.96,33.8,Card,Store,2026,8,August,1,Saturday,True,33.8,16.9
TXN-0027687,2026-08-01,DXB-004,Dubai,CUST-03825,P009,Backpack,Accessories,1,213.2,15,213.2,31.98,181.22,Card,Online,2026,8,August,1,Saturday,True,181.22,181.22
TXN-0027711,2026-08-01,DXB-001,Dubai,CUST-05457,P008,Desk,Furniture,3,820.66,0,2461.98,0.0,2461.98,Apple Pay,Store,2026,8,August,1,Saturday,True,2461.98,820.66
TXN-0027771,2026-08-01,DXB-001,Dubai,CUST-05819,P001,Laptop,Electronics,1,2663.04,5,2663.04,133.15,2529.89,Card,Store,2026,8,August,1,Saturday,True,2529.89,2529.89
TXN-0027824,2026-08-01,DXB-003,Dubai,CUST-06731,P013,USB Drive,Accessories,2,45.88,0,91.76,0.0,91.76,Card,Online,2026,8,August,1,Saturday,True,91.76,45.88
TXN-0027839,2026-08-01,DXB-002,Dubai,CUST-01266,P015,Tablet,Electronics,1,1237.67,0,1237.67,0.0,1237.67,Bank Transfer,Online,2026,8,August,1,Saturday,True,1237.67,1237.67
TXN-0027851,2026-08-01,DXB-004,Dubai,CUST-04196,P004,Monitor,Electronics,1,957.71,10,957.71,95.77,861.94,Cash,Online,2026,8,August,1,Saturday,True,861.94,861.94
TXN-0027889,2026-08-01,DXB-003,Dubai,CUST-04526,P015,Tablet,Electronics,5,1075.39,10,5376.95,537.7,4839.25,Apple Pay,Store,2026,8,August,1,Saturday,True,4839.25,967.85
TXN-0027984,2026-08-01,DXB-003,Dubai,CUST-03075,P012,Pen Pack,Stationery,6,14.9,0,89.4,0.0,89.4,Card,Store,2026,8,August,1,Saturday,True,89.4,14.9
TXN-0028059,2026-08-01,DXB-003,Dubai,CUST-05332,P008,Desk,Furniture,1,720.23,15,720.23,108.03,612.2,Cash,Store,2026,8,August,1,Saturday,True,612.2,612.2
TXN-0028093,2026-08-01,DXB-001,Dubai,CUST-07907,P012,Pen Pack,Stationery,4,14.06,5,56.24,2.81,53.43,Apple Pay,Online,2026,8,August,1,Saturday,True,53.43,13.36
TXN-0028174,2026-08-01,DXB-001,Dubai,CUST-02802,P010,Printer,Office,1,735.99,15,735.99,110.4,625.59,Card,Store,2026,8,August,1,Saturday,True,625.59,625.59
TXN-0028440,2026-08-01,DXB-001,Dubai,CUST-04280,P002,Smartphone,Electronics,1,1880.44,0,1880.44,0.0,1880.44,Card,Store,2026,8,August,1,Saturday,True,1880.44,1880.44
TXN-0028454,2026-08-01,DXB-003,Dubai,CUST-05755,P012,Pen Pack,Stationery,6,15.2,0,91.2,0.0,91.2,Bank Transfer,Online,2026,8,August,1,Saturday,True,91.2,15.2
TXN-0028480,2026-08-01,DXB-001,Dubai,CUST-06694,P005,Keyboard,Accessories,2,180.36,5,360.72,18.04,342.68,Card,Store,2026,8,August,1,Saturday,True,342.68,171.34
TXN-0028498,2026-08-01,DXB-005,Dubai,CUST-02051,P015,Tablet,Electronics,2,1084.93,0,2169.86,0.0,2169.86,Apple Pay,Store,2026,8,August,1,Saturday,True,2169.86,1084.93
TXN-0028508,2026-08-01,DXB-005,Dubai,CUST-02128,P013,USB Drive,Accessories,1,43.77,0,43.77,0.0,43.77,Apple Pay,Store,2026,8,August,1,Saturday,True,43.77,43.77
TXN-0028514,2026-08-01,DXB-004,Dubai,CUST-03047,P003,Headphones,Electronics,1,341.75,0,341.75,0.0,341.75,Card,Store,2026,8,August,1,Saturday,True,341.75,341.75
TXN-0028694,2026-08-01,DXB-004,Dubai,CUST-01241,P009,Backpack,Accessories,1,227.91,0,227.91,0.0,227.91,Card,Store,2026,8,August,1,Saturday,True,227.91,227.91
TXN-0028702,2026-08-01,DXB-002,Dubai,CUST-07888,P015,Tablet,Electronics,1,1177.17,10,1177.17,117.72,1059.45,Bank Transfer,Online,2026,8,August,1,Saturday,True,1059.45,1059.45
TXN-0028733,2026-08-01,DXB-001,Dubai,CUST-03964,P015,Tablet,Electronics,1,1277.23,15,1277.23,191.58,1085.65,Card,Online,2026,8,August,1,Saturday,True,1085.65,1085.65
TXN-0028824,2026-08-01,DXB-001,Dubai,CUST-06933,P010,Printer,Office,2,750.38,0,1500.76,0.0,1500.76,Card,Online,2026,8,August,1,Saturday,True,1500.76,750.38
TXN-0028825,2026-08-01,DXB-001,Dubai,CUST-05092,P002,Smartphone,Electronics,2,1798.67,15,3597.34,539.6,3057.74,Card,Store,2026,8,August,1,Saturday,True,3057.74,1528.87
TXN-0028899,2026-08-01,DXB-003,Dubai,CUST-02461,P004,Monitor,Electronics,1,982.2,10,982.2,98.22,883.98,Card,Online,2026,8,August,1,Saturday,True,883.98,883.98
TXN-0029005,2026-08-01,DXB-001,Dubai,CUST-05750,P007,Office Chair,Furniture,1,636.46,15,636.46,95.47,540.99,Apple Pay,Store,2026,8,August,1,Saturday,True,540.99,540.99
TXN-0029023,2026-08-01,DXB-005,Dubai,CUST-05914,P001,Laptop,Electronics,1,2683.98,5,2683.98,134.2,2549.78,Card,Store,2026,8,August,1,Saturday,True,2549.78,2549.78
TXN-0029222,2026-08-01,DXB-003,Dubai,CUST-00105,P013,USB Drive,Accessories,3,44.6,0,133.8,0.0,133.8,Apple Pay,Store,2026,8,August,1,Saturday,True,133.8,44.6
TXN-0029330,2026-08-01,DXB-002,Dubai,CUST-03634,P008,Desk,Furniture,4,766.23,10,3064.92,306.49,2758.43,Apple Pay,Online,2026,8,August,1,Saturday,True,2758.43,689.61
TXN-0029339,2026-08-01,DXB-004,Dubai,CUST-05292,P003,Headphones,Electronics,2,326.86,5,653.72,32.69,621.03,Card,Store,2026,8,August,1,Saturday,True,621.03,310.52
TXN-0029408,2026-08-01,DXB-003,Dubai,CUST-01107,P012,Pen Pack,Stationery,3,15.53,0,46.59,0.0,46.59,Apple Pay,Store,2026,8,August,1,Saturday,True,46.59,15.53
TXN-0029547,2026-08-01,DXB-005,Dubai,CUST-04080,P001,Laptop,Electronics,1,2991.92,5,2991.92,149.6,2842.32,Card,Online,2026,8,August,1,Saturday,True,2842.32,2842.32
TXN-0029560,2026-08-01,DXB-002,Dubai,CUST-02964,P013,USB Drive,Accessories,1,47.05,5,47.05,2.35,44.7,Card,Store,2026,8,August,1,Saturday,True,44.7,44.7
TXN-0029616,2026-08-01,DXB-003,Dubai,CUST-01809,P001,Laptop,Electronics,6,2789.55,5,16737.3,836.86,15900.44,Card,Store,2026,8,August,1,Saturday,True,15900.44,2650.07
TXN-0029620,2026-08-01,DXB-004,Dubai,CUST-02139,P007,Office Chair,Furniture,2,545.31,10,1090.62,109.06,981.56,Apple Pay,Online,2026,8,August,1,Saturday,True,981.56,490.78
TXN-0029628,2026-08-01,DXB-001,Dubai,CUST-06891,P006,Mouse,Accessories,2,99.53,5,199.06,9.95,189.11,Cash,Store,2026,8,August,1,Saturday,True,189.11,94.56
TXN-0029736,2026-08-01,DXB-003,Dubai,CUST-06131,P007,Office Chair,Furniture,1,652.5,5,652.5,32.62,619.88,Cash,Store,2026,8,August,1,Saturday,True,619.88,619.88
TXN-0029762,2026-08-01,DXB-002,Dubai,CUST-04691,P005,Keyboard,Accessories,1,190.85,10,190.85,19.08,171.77,Card,Store,2026,8,August,1,Saturday,True,171.77,171.77
TXN-0029817,2026-08-01,DXB-003,Dubai,CUST-07073,P004,Monitor,Electronics,3,957.93,15,2873.79,431.07,2442.72,Card,Online,2026,8,August,1,Saturday,True,2442.72,814.24
TXN-0029851,2026-08-01,DXB-002,Dubai,CUST-01995,P003,Headphones,Electronics,1,379.83,10,379.83,37.98,341.85,Cash,Store,2026,8,August,1,Saturday,True,341.85,341.85
TXN-0029881,2026-08-01,DXB-003,Dubai,CUST-00315,P002,Smartphone,Electronics,3,1693.98,0,5081.94,0.0,5081.94,Card,Store,2026,8,August,1,Saturday,True,5081.94,1693.98
TXN-0029894,2026-08-01,DXB-001,Dubai,CUST-06148,P003,Headphones,Electronics,1,341.19,20,341.19,68.24,272.95,Card,Store,2026,8,August,1,Saturday,True,272.95,272.95
TXN-0029921,2026-08-01,DXB-001,Dubai,CUST-02152,P007,Office Chair,Furniture,1,681.09,10,681.09,68.11,612.98,Card,Store,2026,8,August,1,Saturday,True,612.98,612.98
TXN-0029979,2026-08-01,DXB-002,Dubai,CUST-02869,P011,Notebook,Stationery,1,22.17,10,22.17,2.22,19.95,Cash,Store,2026,8,August,1,Saturday,True,19.95,19.95
TXN-0029983,2026-08-01,DXB-001,Dubai,CUST-00937,P001,Laptop,Electronics,1,2869.79,15,2869.79,430.47,2439.32,Cash,Online,2026,8,August,1,Saturday,True,2439.32,2439.32
TXN-0030072,2026-08-01,DXB-005,Dubai,CUST-02010,P003,Headphones,Electronics,4,376.0,5,1504.0,75.2,1428.8,Cash,Store,2026,8,August,1,Saturday,True,1428.8,357.2
TXN-0030277,2026-08-01,DXB-001,Dubai,CUST-04971,P001,Laptop,Electronics,2,2728.94,10,5457.88,545.79,4912.09,Bank Transfer,Store,2026,8,August,1,Saturday,True,4912.09,2456.04
TXN-0030438,2026-08-01,DXB-001,Dubai,CUST-05865,P008,Desk,Furniture,2,810.02,0,1620.04,0.0,1620.04,Card,Store,2026,8,August,1,Saturday,True,1620.04,810.02
TXN-0030485,2026-08-01,DXB-003,Dubai,CUST-04249,P001,Laptop,Electronics,2,2957.99,5,5915.98,295.8,5620.18,Bank Transfer,Store,2026,8,August,1,Saturday,True,5620.18,2810.09
TXN-0030666,2026-08-01,DXB-002,Dubai,CUST-01162,P009,Backpack,Accessories,1,238.66,10,238.66,23.87,214.79,Cash,Store,2026,8,August,1,Saturday,True,214.79,214.79
TXN-0030672,2026-08-01,DXB-004,Dubai,CUST-07048,P005,Keyboard,Accessories,1,177.37,15,177.37,26.61,150.76,Apple Pay,Store,2026,8,August,1,Saturday,True,150.76,150.76
TXN-0030714,2026-08-01,DXB-001,Dubai,CUST-06955,P009,Backpack,Accessories,1,227.14,10,227.14,22.71,204.43,Bank Transfer,Store,2026,8,August,1,Saturday,True,204.43,204.43
TXN-0030767,2026-08-01,DXB-005,Dubai,CUST-06305,P002,Smartphone,Electronics,1,1864.67,0,1864.67,0.0,1864.67,Card,Online,2026,8,August,1,Saturday,True,1864.67,1864.67
TXN-0030773,2026-08-01,DXB-003,Dubai,CUST-00309,P007,Office Chair,Furniture,1,584.12,20,584.12,116.82,467.3,Card,Store,2026,8,August,1,Saturday,True,467.3,467.3
TXN-0030840,2026-08-01,DXB-001,Dubai,CUST-04557,P010,Printer,Office,3,685.97,0,2057.91,0.0,2057.91,Apple Pay,Store,2026,8,August,1,Saturday,True,2057.91,685.97
TXN-0030848,2026-08-01,DXB-002,Dubai,CUST-05823,P003,Headphones,Electronics,3,334.15,5,1002.45,50.12,952.33,Card,Store,2026,8,August,1,Saturday,True,952.33,317.44
TXN-0031140,2026-08-01,DXB-005,Dubai,CUST-03575,P011,Notebook,Stationery,1,24.12,10,24.12,2.41,21.71,Card,Online,2026,8,August,1,Saturday,True,21.71,21.71
TXN-0031181,2026-08-01,DXB-005,Dubai,CUST-01034,P004,Monitor,Electronics,1,850.28,0,850.28,0.0,850.28,Bank Transfer,Online,2026,8,August,1,Saturday,True,850.28,850.28
TXN-0031184,2026-08-01,DXB-005,Dubai,CUST-00096,P009,Backpack,Accessories,1,215.85,10,215.85,21.58,194.27,Cash,Online,2026,8,August,1,Saturday,True,194.27,194.27
TXN-0031288,2026-08-01,DXB-001,Dubai,CUST-05345,P003,Headphones,Electronics,2,363.44,10,726.88,72.69,654.19,Cash,Store,2026,8,August,1,Saturday,True,654.19,327.1
TXN-0031356,2026-08-01,DXB-004,Dubai,CUST-04389,P014,Power Bank,Electronics,1,159.13,5,159.13,7.96,151.17,Cash,Online,2026,8,August,1,Saturday,True,151.17,151.17
TXN-0031367,2026-08-01,DXB-003,Dubai,CUST-01557,P012,Pen Pack,Stationery,1,14.83,0,14.83,0.0,14.83,Cash,Store,2026,8,August,1,Saturday,True,14.83,14.83
TXN-0031387,2026-08-01,DXB-005,Dubai,CUST-01860,P001,Laptop,Electronics,2,2813.52,0,5627.04,0.0,5627.04,Card,Store,2026,8,August,1,Saturday,True,5627.04,2813.52
TXN-0031396,2026-08-01,DXB-003,Dubai,CUST-07137,P011,Notebook,Stationery,1,22.52,0,22.52,0.0,22.52,Card,Store,2026,8,August,1,Saturday,True,22.52,22.52
TXN-0031420,2026-08-01,DXB-003,Dubai,CUST-05821,P015,Tablet,Electronics,1,1228.37,0,1228.37,0.0,1228.37,Card,Online,2026,8,August,1,Saturday,True,1228.37,1228.37
TXN-0031444,2026-08-01,DXB-005,Dubai,CUST-02212,P011,Notebook,Stationery,1,27.01,5,27.01,1.35,25.66,Card,Online,2026,8,August,1,Saturday,True,25.66,25.66
TXN-0031465,2026-08-01,DXB-002,Dubai,CUST-06120,P004,Monitor,Electronics,1,879.13,10,879.13,87.91,791.22,Card,Store,2026,8,August,1,Saturday,True,791.22,791.22
TXN-0031534,2026-08-01,DXB-002,Dubai,CUST-00601,P010,Printer,Office,2,755.41,15,1510.82,226.62,1284.2,Card,Online,2026,8,August,1,Saturday,True,1284.2,642.1
TXN-0031544,2026-08-01,DXB-002,Dubai,CUST-01605,P002,Smartphone,Electronics,1,1856.48,10,1856.48,185.65,1670.83,Card,Store,2026,8,August,1,Saturday,True,1670.83,1670.83
TXN-0031565,2026-08-01,DXB-005,Dubai,CUST-04979,P007,Office Chair,Furniture,2,606.56,0,1213.12,0.0,1213.12,Card,Store,2026,8,August,1,Saturday,True,1213.12,606.56
TXN-0031572,2026-08-01,DXB-004,Dubai,CUST-02788,P009,Backpack,Accessories,5,224.87,10,1124.35,112.44,1011.91,Card,Store,2026,8,August,1,Saturday,True,1011.91,202.38
TXN-0031598,2026-08-01,DXB-005,Dubai,CUST-01779,P005,Keyboard,Accessories,5,175.56,0,877.8,0.0,877.8,Card,Store,2026,8,August,1,Saturday,True,877.8,175.56
TXN-0031685,2026-08-01,DXB-002,Dubai,CUST-07336,P012,Pen Pack,Stationery,1,15.67,5,15.67,0.78,14.89,Apple Pay,Store,2026,8,August,1,Saturday,True,14.89,14.89
TXN-0031721,2026-08-01,DXB-003,Dubai,CUST-07696,P015,Tablet,Electronics,2,1291.28,10,2582.56,258.26,2324.3,Card,Store,2026,8,August,1,Saturday,True,2324.3,1162.15
TXN-0031812,2026-08-01,DXB-003,Dubai,CUST-01033,P004,Monitor,Electronics,1,853.06,5,853.06,42.65,810.41,Cash,Online,2026,8,August,1,Saturday,True,810.41,810.41
TXN-0031842,2026-08-01,DXB-003,Dubai,CUST-02060,P009,Backpack,Accessories,1,196.33,0,196.33,0.0,196.33,Apple Pay,Store,2026,8,August,1,Saturday,True,196.33,196.33
TXN-0031872,2026-08-01,DXB-003,Dubai,CUST-07912,P010,Printer,Office,3,674.65,0,2023.95,0.0,2023.95,Apple Pay,Store,2026,8,August,1,Saturday,True,2023.95,674.65
TXN-0031885,2026-08-01,DXB-004,Dubai,CUST-01036,P010,Printer,Office,1,737.17,10,737.17,73.72,663.45,Bank Transfer,Store,2026,8,August,1,Saturday,True,663.45,663.45
TXN-0031894,2026-08-01,DXB-004,Dubai,CUST-02418,P012,Pen Pack,Stationery,2,15.23,0,30.46,0.0,30.46,Card,Store,2026,8,August,1,Saturday,True,30.46,15.23
TXN-0032034,2026-08-01,DXB-002,Dubai,CUST-01355,P013,USB Drive,Accessories,1,46.86,10,46.86,4.69,42.17,Card,Online,2026,8,August,1,Saturday,True,42.17,42.17
TXN-0032176,2026-08-01,DXB-002,Dubai,CUST-07861,P008,Desk,Furniture,5,774.41,10,3872.05,387.2,3484.85,Apple Pay,Online,2026,8,August,1,Saturday,True,3484.85,696.97
TXN-0032193,2026-08-01,DXB-004,Dubai,CUST-05305,P014,Power Bank,Electronics,1,149.64,0,149.64,0.0,149.64,Cash,Store,2026,8,August,1,Saturday,True,149.64,149.64
TXN-0032207,2026-08-01,DXB-001,Dubai,CUST-03684,P015,Tablet,Electronics,6,1193.33,15,7159.98,1074.0,6085.98,Card,Store,2026,8,August,1,Saturday,True,6085.98,1014.33
TXN-0032295,2026-08-01,DXB-001,Dubai,CUST-03907,P004,Monitor,Electronics,2,916.6,10,1833.2,183.32,1649.88,Cash,Store,2026,8,August,1,Saturday,True,1649.88,824.94
TXN-0032420,2026-08-01,DXB-005,Dubai,CUST-07046,P005,Keyboard,Accessories,2,195.83,0,391.66,0.0,391.66,Card,Store,2026,8,August,1,Saturday,True,391.66,195.83
TXN-0032428,2026-08-01,DXB-005,Dubai,CUST-06695,P009,Backpack,Accessories,1,234.12,10,234.12,23.41,210.71,Cash,Store,2026,8,August,1,Saturday,True,210.71,210.71
TXN-0032488,2026-08-01,DXB-004,Dubai,CUST-06913,P004,Monitor,Electronics,1,838.63,10,838.63,83.86,754.77,Card,Online,2026,8,August,1,Saturday,True,754.77,754.77
TXN-0032688,2026-08-01,DXB-003,Dubai,CUST-07974,P013,USB Drive,Accessories,1,46.69,20,46.69,9.34,37.35,Bank Transfer,Store,2026,8,August,1,Saturday,True,37.35,37.35
TXN-0032739,2026-08-01,DXB-005,Dubai,CUST-04777,P015,Tablet,Electronics,1,1196.9,5,1196.9,59.84,1137.06,Cash,Store,2026,8,August,1,Saturday,True,1137.06,1137.06
TXN-0032759,2026-08-01,DXB-002,Dubai,CUST-06031,P012,Pen Pack,Stationery,4,14.26,5,57.04,2.85,54.19,Apple Pay,Store,2026,8,August,1,Saturday,True,54.19,13.55
TXN-0032773,2026-08-01,DXB-002,Dubai,CUST-04525,P014,Power Bank,Electronics,2,144.5,5,289.0,14.45,274.55,Cash,Online,2026,8,August,1,Saturday,True,274.55,137.28
TXN-0032815,2026-08-01,DXB-004,Dubai,CUST-07178,P013,USB Drive,Accessories,5,40.27,5,201.35,10.07,191.28,Apple Pay,Store,2026,8,August,1,Saturday,True,191.28,38.26
TXN-0033120,2026-08-01,DXB-005,Dubai,CUST-02351,P001,Laptop,Electronics,1,2830.47,5,2830.47,141.52,2688.95,Card,Online,2026,8,August,1,Saturday,True,2688.95,2688.95
TXN-0033123,2026-08-01,DXB-001,Dubai,CUST-04206,P003,Headphones,Electronics,1,317.0,5,317.0,15.85,301.15,Cash,Store,2026,8,August,1,Saturday,True,301.15,301.15
TXN-0033166,2026-08-01,DXB-001,Dubai,CUST-00748,P010,Printer,Office,1,711.52,5,711.52,35.58,675.94,Apple Pay,Store,2026,8,August,1,Saturday,True,675.94,675.94
TXN-0033250,2026-08-01,DXB-005,Dubai,CUST-03322,P003,Headphones,Electronics,2,320.93,10,641.86,64.19,577.67,Bank Transfer,Store,2026,8,August,1,Saturday,True,577.67,288.83
TXN-0033262,2026-08-01,DXB-001,Dubai,CUST-07989,P010,Printer,Office,1,737.28,10,737.28,73.73,663.55,Card,Store,2026,8,August,1,Saturday,True,663.55,663.55
TXN-0033369,2026-08-01,DXB-001,Dubai,CUST-07768,P008,Desk,Furniture,2,828.76,0,1657.52,0.0,1657.52,Cash,Store,2026,8,August,1,Saturday,True,1657.52,828.76
TXN-0033566,2026-08-01,DXB-004,Dubai,CUST-05394,P009,Backpack,Accessories,1,206.76,5,206.76,10.34,196.42,Card,Online,2026,8,August,1,Saturday,True,196.42,196.42
TXN-0033567,2026-08-01,DXB-003,Dubai,CUST-04391,P007,Office Chair,Furniture,2,646.23,10,1292.46,129.25,1163.21,Bank Transfer,Store,2026,8,August,1,Saturday,True,1163.21,581.6
TXN-0033575,2026-08-01,DXB-004,Dubai,CUST-00436,P011,Notebook,Stationery,2,24.41,10,48.82,4.88,43.94,Card,Store,2026,8,August,1,Saturday,True,43.94,21.97
TXN-0033650,2026-08-01,DXB-003,Dubai,CUST-02090,P010,Printer,Office,2,695.15,10,1390.3,139.03,1251.27,Card,Store,2026,8,August,1,Saturday,True,1251.27,625.64
TXN-0033656,2026-08-01,DXB-001,Dubai,CUST-04386,P015,Tablet,Electronics,2,1157.84,0,2315.68,0.0,2315.68,Card,Store,2026,8,August,1,Saturday,True,2315.68,1157.84
TXN-0033713,2026-08-01,DXB-001,Dubai,CUST-07476,P012,Pen Pack,Stationery,3,13.98,0,41.94,0.0,41.94,Card,Online,2026,8,August,1,Saturday,True,41.94,13.98
TXN-0033759,2026-08-01,DXB-002,Dubai,CUST-04544,P007,Office Chair,Furniture,2,617.95,5,1235.9,61.8,1174.1,Cash,Store,2026,8,August,1,Saturday,True,1174.1,587.05
TXN-0033761,2026-08-01,DXB-003,Dubai,CUST-07318,P003,Headphones,Electronics,2,359.59,0,719.18,0.0,719.18,Card,Store,2026,8,August,1,Saturday,True,719.18,359.59
TXN-0033775,2026-08-01,DXB-005,Dubai,CUST-01600,P006,Mouse,Accessories,1,112.71,0,112.71,0.0,112.71,Apple Pay,Store,2026,8,August,1,Saturday,True,112.71,112.71
TXN-0033804,2026-08-01,DXB-003,Dubai,CUST-00455,P007,Office Chair,Furniture,3,675.83,10,2027.49,202.75,1824.74,Apple Pay,Online,2026,8,August,1,Saturday,True,1824.74,608.25
TXN-0033838,2026-08-01,DXB-002,Dubai,CUST-04929,P010,Printer,Office,1,707.08,0,707.08,0.0,707.08,Bank Transfer,Store,2026,8,August,1,Saturday,True,707.08,707.08
TXN-0033919,2026-08-01,DXB-003,Dubai,CUST-06093,P001,Laptop,Electronics,6,2910.0,0,17460.0,0.0,17460.0,Bank Transfer,Online,2026,8,August,1,Saturday,True,17460.0,2910.0
TXN-0033938,2026-08-01,DXB-001,Dubai,CUST-07669,P001,Laptop,Electronics,5,2706.24,5,13531.2,676.56,12854.64,Card,Store,2026,8,August,1,Saturday,True,12854.64,2570.93
TXN-0033949,2026-08-01,DXB-004,Dubai,CUST-00749,P010,Printer,Office,3,770.73,15,2312.19,346.83,1965.36,Card,Store,2026,8,August,1,Saturday,True,1965.36,655.12
TXN-0034052,2026-08-01,DXB-001,Dubai,CUST-02673,P007,Office Chair,Furniture,1,615.71,15,615.71,92.36,523.35,Cash,Store,2026,8,August,1,Saturday,True,523.35,523.35
TXN-0034053,2026-08-01,DXB-001,Dubai,CUST-07780,P012,Pen Pack,Stationery,1,14.57,10,14.57,1.46,13.11,Cash,Store,2026,8,August,1,Saturday,True,13.11,13.11
TXN-0034100,2026-08-01,DXB-003,Dubai,CUST-03071,P011,Notebook,Stationery,2,22.83,0,45.66,0.0,45.66,Card,Store,2026,8,August,1,Saturday,True,45.66,22.83
TXN-0034138,2026-08-01,DXB-004,Dubai,CUST-05384,P008,Desk,Furniture,1,854.67,10,854.67,85.47,769.2,Card,Store,2026,8,August,1,Saturday,True,769.2,769.2
TXN-0034161,2026-08-01,DXB-005,Dubai,CUST-07475,P005,Keyboard,Accessories,1,165.69,10,165.69,16.57,149.12,Cash,Store,2026,8,August,1,Saturday,True,149.12,149.12
TXN-0034216,2026-08-01,DXB-002,Dubai,CUST-07976,P005,Keyboard,Accessories,1,175.6,15,175.6,26.34,149.26,Cash,Store,2026,8,August,1,Saturday,True,149.26,149.26
TXN-0034271,2026-08-01,DXB-004,Dubai,CUST-01665,P012,Pen Pack,Stationery,1,14.27,0,14.27,0.0,14.27,Card,Online,2026,8,August,1,Saturday,True,14.27,14.27
TXN-0034311,2026-08-01,DXB-001,Dubai,CUST-05426,P013,USB Drive,Accessories,3,41.51,0,124.53,0.0,124.53,Cash,Store,2026,8,August,1,Saturday,True,124.53,41.51
TXN-0034315,2026-08-01,DXB-003,Dubai,CUST-02769,P007,Office Chair,Furniture,3,652.33,0,1956.99,0.0,1956.99,Bank Transfer,Store,2026,8,August,1,Saturday,True,1956.99,652.33
TXN-0034323,2026-08-01,DXB-002,Dubai,CUST-04740,P010,Printer,Office,1,721.11,0,721.11,0.0,721.11,Apple Pay,Store,2026,8,August,1,Saturday,True,721.11,721.11
TXN-0034399,2026-08-01,DXB-002,Dubai,CUST-05096,P002,Smartphone,Electronics,1,1657.46,0,1657.46,0.0,1657.46,Apple Pay,Store,2026,8,August,1,Saturday,True,1657.46,1657.46
TXN-0034480,2026-08-01,DXB-001,Dubai,CUST-01498,P004,Monitor,Electronics,6,857.99,10,5147.94,514.79,4633.15,Card,Store,2026,8,August,1,Saturday,True,4633.15,772.19
TXN-0034505,2026-08-01,DXB-002,Dubai,CUST-00273,P007,Office Chair,Furniture,1,608.4,0,608.4,0.0,608.4,Card,Store,2026,8,August,1,Saturday,True,608.4,608.4
TXN-0034534,2026-08-01,DXB-001,Dubai,CUST-01158,P010,Printer,Office,1,713.78,10,713.78,71.38,642.4,Apple Pay,Store,2026,8,August,1,Saturday,True,642.4,642.4
TXN-0034542,2026-08-01,DXB-001,Dubai,CUST-03145,P004,Monitor,Electronics,6,848.55,0,5091.3,0.0,5091.3,Apple Pay,Store,2026,8,August,1,Saturday,True,5091.3,848.55
TXN-0034568,2026-08-01,DXB-001,Dubai,CUST-04195,P003,Headphones,Electronics,2,336.66,5,673.32,33.67,639.65,Card,Online,2026,8,August,1,Saturday,True,639.65,319.82
TXN-0034569,2026-08-01,DXB-005,Dubai,CUST-06599,P013,USB Drive,Accessories,2,48.04,10,96.08,9.61,86.47,Apple Pay,Online,2026,8,August,1,Saturday,True,86.47,43.24
TXN-0034590,2026-08-01,DXB-003,Dubai,CUST-04177,P014,Power Bank,Electronics,2,147.69,20,295.38,59.08,236.3,Card,Store,2026,8,August,1,Saturday,True,236.3,118.15
TXN-0034621,2026-08-01,DXB-003,Dubai,CUST-02753,P003,Headphones,Electronics,2,409.62,0,819.24,0.0,819.24,Apple Pay,Online,2026,8,August,1,Saturday,True,819.24,409.62
TXN-0034629,2026-08-01,DXB-005,Dubai,CUST-02261,P012,Pen Pack,Stationery,3,14.19,0,42.57,0.0,42.57,Card,Store,2026,8,August,1,Saturday,True,42.57,14.19
TXN-0034690,2026-08-01,DXB-002,Dubai,CUST-06820,P007,Office Chair,Furniture,1,635.11,20,635.11,127.02,508.09,Card,Store,2026,8,August,1,Saturday,True,508.09,508.09
TXN-0034700,2026-08-01,DXB-001,Dubai,CUST-05305,P009,Backpack,Accessories,2,237.6,0,475.2,0.0,475.2,Apple Pay,Online,2026,8,August,1,Saturday,True,475.2,237.6
TXN-0034735,2026-08-01,DXB-001,Dubai,CUST-07737,P004,Monitor,Electronics,2,975.69,10,1951.38,195.14,1756.24,Card,Store,2026,8,August,1,Saturday,True,1756.24,878.12
TXN-0034759,2026-08-01,DXB-003,Dubai,CUST-02139,P013,USB Drive,Accessories,3,45.54,5,136.62,6.83,129.79,Cash,Store,2026,8,August,1,Saturday,True,129.79,43.26
TXN-0034794,2026-08-01,DXB-005,Dubai,CUST-04104,P009,Backpack,Accessories,1,227.67,5,227.67,11.38,216.29,Bank Transfer,Store,2026,8,August,1,Saturday,True,216.29,216.29
TXN-0034826,2026-08-01,DXB-002,Dubai,CUST-05999,P007,Office Chair,Furniture,2,698.46,0,1396.92,0.0,1396.92,Card,Store,2026,8,August,1,Saturday,True,1396.92,698.46
TXN-0034904,2026-08-01,DXB-001,Dubai,CUST-04892,P004,Monitor,Electronics,3,925.11,0,2775.33,0.0,2775.33,Card,Store,2026,8,August,1,Saturday,True,2775.33,925.11
TXN-0035015,2026-08-01,DXB-004,Dubai,CUST-07771,P011,Notebook,Stationery,6,25.76,15,154.56,23.18,131.38,Card,Store,2026,8,August,1,Saturday,True,131.38,21.9
TXN-0035036,2026-08-01,DXB-001,Dubai,CUST-03812,P003,Headphones,Electronics,1,330.34,15,330.34,49.55,280.79,Card,Store,2026,8,August,1,Saturday,True,280.79,280.79
TXN-0035063,2026-08-01,DXB-005,Dubai,CUST-00640,P005,Keyboard,Accessories,2,188.15,0,376.3,0.0,376.3,Card,Store,2026,8,August,1,Saturday,True,376.3,188.15
TXN-0035118,2026-08-01,DXB-003,Dubai,CUST-01849,P012,Pen Pack,Stationery,4,14.92,0,59.68,0.0,59.68,Cash,Store,2026,8,August,1,Saturday,True,59.68,14.92
TXN-0035151,2026-08-01,DXB-004,Dubai,CUST-06905,P005,Keyboard,Accessories,3,184.34,5,553.02,27.65,525.37,Bank Transfer,Store,2026,8,August,1,Saturday,True,525.37,175.12
TXN-0035156,2026-08-01,DXB-003,Dubai,CUST-04452,P008,Desk,Furniture,1,803.58,0,803.58,0.0,803.58,Card,Store,2026,8,August,1,Saturday,True,803.58,803.58
TXN-0035163,2026-08-01,DXB-002,Dubai,CUST-03248,P015,Tablet,Electronics,2,1159.12,0,2318.24,0.0,2318.24,Card,Store,2026,8,August,1,Saturday,True,2318.24,1159.12
TXN-0035167,2026-08-01,DXB-001,Dubai,CUST-05300,P005,Keyboard,Accessories,1,196.32,0,196.32,0.0,196.32,Bank Transfer,Store,2026,8,August,1,Saturday,True,196.32,196.32
TXN-0035297,2026-08-01,DXB-001,Dubai,CUST-06126,P009,Backpack,Accessories,1,207.54,15,207.54,31.13,176.41,Card,Store,2026,8,August,1,Saturday,True,176.41,176.41
TXN-0035382,2026-08-01,DXB-002,Dubai,CUST-06836,P011,Notebook,Stationery,2,27.6,10,55.2,5.52,49.68,Bank Transfer,Store,2026,8,August,1,Saturday,True,49.68,24.84
TXN-0035408,2026-08-01,DXB-002,Dubai,CUST-02600,P005,Keyboard,Accessories,3,186.39,15,559.17,83.88,475.29,Cash,Store,2026,8,August,1,Saturday,True,475.29,158.43
TXN-0035459,2026-08-01,DXB-004,Dubai,CUST-03891,P013,USB Drive,Accessories,1,39.76,0,39.76,0.0,39.76,Card,Store,2026,8,August,1,Saturday,True,39.76,39.76
TXN-0035633,2026-08-01,DXB-001,Dubai,CUST-00424,P014,Power Bank,Electronics,1,149.52,0,149.52,0.0,149.52,Cash,Store,2026,8,August,1,Saturday,True,149.52,149.52
TXN-0035657,2026-08-01,DXB-001,Dubai,CUST-03594,P008,Desk,Furniture,1,802.88,0,802.88,0.0,802.88,Card,Online,2026,8,August,1,Saturday,True,802.88,802.88
TXN-0035726,2026-08-01,DXB-004,Dubai,CUST-03791,P012,Pen Pack,Stationery,3,15.13,15,45.39,6.81,38.58,Card,Online,2026,8,August,1,Saturday,True,38.58,12.86
TXN-0035735,2026-08-01,DXB-004,Dubai,CUST-01951,P004,Monitor,Electronics,2,954.22,0,1908.44,0.0,1908.44,Card,Online,2026,8,August,1,Saturday,True,1908.44,954.22
TXN-0035768,2026-08-01,DXB-001,Dubai,CUST-02212,P005,Keyboard,Accessories,2,175.04,0,350.08,0.0,350.08,Apple Pay,Online,2026,8,August,1,Saturday,True,350.08,175.04
TXN-0035779,2026-08-01,DXB-004,Dubai,CUST-01717,P007,Office Chair,Furniture,1,685.55,0,685.55,0.0,685.55,Cash,Store,2026,8,August,1,Saturday,True,685.55,685.55
TXN-0035812,2026-08-01,DXB-004,Dubai,CUST-03136,P013,USB Drive,Accessories,1,48.39,10,48.39,4.84,43.55,Card,Store,2026,8,August,1,Saturday,True,43.55,43.55
TXN-0035831,2026-08-01,DXB-005,Dubai,CUST-06844,P011,Notebook,Stationery,1,25.23,10,25.23,2.52,22.71,Cash,Online,2026,8,August,1,Saturday,True,22.71,22.71
TXN-0035839,2026-08-01,DXB-005,Dubai,CUST-01815,P009,Backpack,Accessories,1,240.73,15,240.73,36.11,204.62,Cash,Store,2026,8,August,1,Saturday,True,204.62,204.62
TXN-0035886,2026-08-01,DXB-001,Dubai,CUST-04718,P004,Monitor,Electronics,3,850.47,5,2551.41,127.57,2423.84,Card,Online,2026,8,August,1,Saturday,True,2423.84,807.95
TXN-0035982,2026-08-01,DXB-003,Dubai,CUST-02635,P014,Power Bank,Electronics,1,145.47,15,145.47,21.82,123.65,Apple Pay,Store,2026,8,August,1,Saturday,True,123.65,123.65
TXN-0036051,2026-08-01,DXB-005,Dubai,CUST-05611,P004,Monitor,Electronics,1,854.22,5,854.22,42.71,811.51,Card,Store,2026,8,August,1,Saturday,True,811.51,811.51
TXN-0036055,2026-08-01,DXB-004,Dubai,CUST-07636,P011,Notebook,Stationery,3,26.17,20,78.51,15.7,62.81,Bank Transfer,Store,2026,8,August,1,Saturday,True,62.81,20.94
TXN-0036072,2026-08-01,DXB-001,Dubai,CUST-03328,P003,Headphones,Electronics,1,392.2,20,392.2,78.44,313.76,Card,Store,2026,8,August,1,Saturday,True,313.76,313.76
TXN-0036124,2026-08-01,DXB-001,Dubai,CUST-01672,P005,Keyboard,Accessories,2,190.95,0,381.9,0.0,381.9,Card,Store,2026,8,August,1,Saturday,True,381.9,190.95
TXN-0036247,2026-08-01,DXB-002,Dubai,CUST-04073,P007,Office Chair,Furniture,1,624.69,0,624.69,0.0,624.69,Cash,Store,2026,8,August,1,Saturday,True,624.69,624.69
TXN-0036264,2026-08-01,DXB-001,Dubai,CUST-00760,P011,Notebook,Stationery,1,23.77,0,23.77,0.0,23.77,Bank Transfer,Store,2026,8,August,1,Saturday,True,23.77,23.77
TXN-0036332,2026-08-01,DXB-005,Dubai,CUST-06425,P002,Smartphone,Electronics,1,1737.06,5,1737.06,86.85,1650.21,Apple Pay,Store,2026,8,August,1,Saturday,True,1650.21,1650.21
TXN-0036339,2026-08-01,DXB-002,Dubai,CUST-03991,P007,Office Chair,Furniture,1,644.74,10,644.74,64.47,580.27,Card,Store,2026,8,August,1,Saturday,True,580.27,580.27
TXN-0036367,2026-08-01,DXB-004,Dubai,CUST-02349,P007,Office Chair,Furniture,2,711.6,15,1423.2,213.48,1209.72,Card,Store,2026,8,August,1,Saturday,True,1209.72,604.86
TXN-0036410,2026-08-01,DXB-003,Dubai,CUST-03594,P006,Mouse,Accessories,1,113.62,5,113.62,5.68,107.94,Apple Pay,Store,2026,8,August,1,Saturday,True,107.94,107.94
TXN-0036458,2026-08-01,DXB-005,Dubai,CUST-01305,P003,Headphones,Electronics,1,384.55,0,384.55,0.0,384.55,Card,Store,2026,8,August,1,Saturday,True,384.55,384.55
TXN-0036597,2026-08-01,DXB-002,Dubai,CUST-07891,P010,Printer,Office,2,722.75,0,1445.5,0.0,1445.5,Card,Online,2026,8,August,1,Saturday,True,1445.5,722.75
TXN-0036640,2026-08-01,DXB-004,Dubai,CUST-06657,P015,Tablet,Electronics,1,1146.66,0,1146.66,0.0,1146.66,Card,Online,2026,8,August,1,Saturday,True,1146.66,1146.66
TXN-0036712,2026-08-01,DXB-002,Dubai,CUST-00256,P013,USB Drive,Accessories,2,46.28,15,92.56,13.88,78.68,Cash,Store,2026,8,August,1,Saturday,True,78.68,39.34
TXN-0036828,2026-08-01,DXB-005,Dubai,CUST-07779,P004,Monitor,Electronics,3,836.07,0,2508.21,0.0,2508.21,Card,Store,2026,8,August,1,Saturday,True,2508.21,836.07
TXN-0036830,2026-08-01,DXB-004,Dubai,CUST-02013,P005,Keyboard,Accessories,1,184.58,0,184.58,0.0,184.58,Card,Store,2026,8,August,1,Saturday,True,184.58,184.58
TXN-0036971,2026-08-01,DXB-001,Dubai,CUST-04529,P006,Mouse,Accessories,2,101.54,10,203.08,20.31,182.77,Apple Pay,Online,2026,8,August,1,Saturday,True,182.77,91.38
TXN-0036973,2026-08-01,DXB-005,Dubai,CUST-04823,P013,USB Drive,Accessories,2,43.91,20,87.82,17.56,70.26,Card,Store,2026,8,August,1,Saturday,True,70.26,35.13
TXN-0036986,2026-08-01,DXB-005,Dubai,CUST-06255,P015,Tablet,Electronics,1,1081.52,10,1081.52,108.15,973.37,Card,Store,2026,8,August,1,Saturday,True,973.37,973.37
TXN-0037051,2026-08-01,DXB-005,Dubai,CUST-01643,P015,Tablet,Electronics,3,1126.55,0,3379.65,0.0,3379.65,Bank Transfer,Store,2026,8,August,1,Saturday,True,3379.65,1126.55
TXN-0037091,2026-08-01,DXB-004,Dubai,CUST-02387,P005,Keyboard,Accessories,2,190.84,0,381.68,0.0,381.68,Apple Pay,Store,2026,8,August,1,Saturday,True,381.68,190.84
TXN-0037109,2026-08-01,DXB-002,Dubai,CUST-00545,P006,Mouse,Accessories,2,88.18,10,176.36,17.64,158.72,Card,Store,2026,8,August,1,Saturday,True,158.72,79.36
TXN-0037128,2026-08-01,DXB-002,Dubai,CUST-01643,P004,Monitor,Electronics,1,874.93,10,874.93,87.49,787.44,Card,Store,2026,8,August,1,Saturday,True,787.44,787.44
TXN-0037149,2026-08-01,DXB-001,Dubai,CUST-06128,P003,Headphones,Electronics,1,323.1,20,323.1,64.62,258.48,Bank Transfer,Store,2026,8,August,1,Saturday,True,258.48,258.48
TXN-0037180,2026-08-01,DXB-003,Dubai,CUST-03684,P005,Keyboard,Accessories,1,196.4,0,196.4,0.0,196.4,Card,Online,2026,8,August,1,Saturday,True,196.4,196.4
TXN-0037234,2026-08-01,DXB-001,Dubai,CUST-00513,P014,Power Bank,Electronics,3,144.86,5,434.58,21.73,412.85,Cash,Store,2026,8,August,1,Saturday,True,412.85,137.62
TXN-0037246,2026-08-01,DXB-002,Dubai,CUST-02280,P014,Power Bank,Electronics,3,134.06,20,402.18,80.44,321.74,Card,Store,2026,8,August,1,Saturday,True,321.74,107.25
TXN-0037301,2026-08-01,DXB-005,Dubai,CUST-01409,P007,Office Chair,Furniture,1,614.91,10,614.91,61.49,553.42,Bank Transfer,Store,2026,8,August,1,Saturday,True,553.42,553.42
TXN-0037331,2026-08-01,DXB-005,Dubai,CUST-07101,P007,Office Chair,Furniture,2,711.73,0,1423.46,0.0,1423.46,Cash,Online,2026,8,August,1,Saturday,True,1423.46,711.73
TXN-0037366,2026-08-01,DXB-004,Dubai,CUST-07065,P008,Desk,Furniture,5,756.34,15,3781.7,567.26,3214.44,Bank Transfer,Store,2026,8,August,1,Saturday,True,3214.44,642.89
TXN-0037472,2026-08-01,DXB-001,Dubai,CUST-03332,P010,Printer,Office,5,745.79,0,3728.95,0.0,3728.95,Card,Online,2026,8,August,1,Saturday,True,3728.95,745.79
TXN-0037511,2026-08-01,DXB-001,Dubai,CUST-00154,P014,Power Bank,Electronics,1,150.45,15,150.45,22.57,127.88,Card,Store,2026,8,August,1,Saturday,True,127.88,127.88
TXN-0037524,2026-08-01,DXB-004,Dubai,CUST-00739,P003,Headphones,Electronics,1,350.49,10,350.49,35.05,315.44,Cash,Store,2026,8,August,1,Saturday,True,315.44,315.44
TXN-0037527,2026-08-01,DXB-004,Dubai,CUST-07426,P006,Mouse,Accessories,1,97.7,0,97.7,0.0,97.7,Card,Online,2026,8,August,1,Saturday,True,97.7,97.7
TXN-0037531,2026-08-01,DXB-002,Dubai,CUST-04154,P003,Headphones,Electronics,2,340.19,0,680.38,0.0,680.38,Card,Store,2026,8,August,1,Saturday,True,680.38,340.19
TXN-0037539,2026-08-01,DXB-004,Dubai,CUST-04700,P001,Laptop,Electronics,1,2995.46,15,2995.46,449.32,2546.14,Card,Online,2026,8,August,1,Saturday,True,2546.14,2546.14
TXN-0037558,2026-08-01,DXB-004,Dubai,CUST-03907,P012,Pen Pack,Stationery,1,15.77,5,15.77,0.79,14.98,Apple Pay,Store,2026,8,August,1,Saturday,True,14.98,14.98
TXN-0037576,2026-08-01,DXB-003,Dubai,CUST-06377,P015,Tablet,Electronics,2,1201.5,5,2403.0,120.15,2282.85,Bank Transfer,Store,2026,8,August,1,Saturday,True,2282.85,1141.42
TXN-0037611,2026-08-01,DXB-002,Dubai,CUST-05405,P002,Smartphone,Electronics,2,2092.59,0,4185.18,0.0,4185.18,Card,Online,2026,8,August,1,Saturday,True,4185.18,2092.59
TXN-0037616,2026-08-01,DXB-004,Dubai,CUST-05150,P010,Printer,Office,1,635.72,15,635.72,95.36,540.36,Apple Pay,Store,2026,8,August,1,Saturday,True,540.36,540.36
TXN-0037675,2026-08-01,DXB-002,Dubai,CUST-01838,P004,Monitor,Electronics,1,847.06,10,847.06,84.71,762.35,Bank Transfer,Store,2026,8,August,1,Saturday,True,762.35,762.35
TXN-0037681,2026-08-01,DXB-002,Dubai,CUST-03422,P012,Pen Pack,Stationery,2,13.36,10,26.72,2.67,24.05,Apple Pay,Online,2026,8,August,1,Saturday,True,24.05,12.02
TXN-0037695,2026-08-01,DXB-002,Dubai,CUST-02968,P015,Tablet,Electronics,2,1295.26,5,2590.52,129.53,2460.99,Card,Store,2026,8,August,1,Saturday,True,2460.99,1230.49
TXN-0037744,2026-08-01,DXB-003,Dubai,CUST-04046,P007,Office Chair,Furniture,1,683.09,20,683.09,136.62,546.47,Apple Pay,Store,2026,8,August,1,Saturday,True,546.47,546.47
TXN-0037757,2026-08-01,DXB-004,Dubai,CUST-00047,P014,Power Bank,Electronics,1,147.57,0,147.57,0.0,147.57,Cash,Store,2026,8,August,1,Saturday,True,147.57,147.57
TXN-0037809,2026-08-01,DXB-003,Dubai,CUST-01236,P004,Monitor,Electronics,1,891.76,15,891.76,133.76,758.0,Card,Store,2026,8,August,1,Saturday,True,758.0,758.0
TXN-0037901,2026-08-01,DXB-003,Dubai,CUST-04550,P007,Office Chair,Furniture,1,627.42,10,627.42,62.74,564.68,Bank Transfer,Store,2026,8,August,1,Saturday,True,564.68,564.68
TXN-0037916,2026-08-01,DXB-002,Dubai,CUST-02680,P005,Keyboard,Accessories,1,198.3,15,198.3,29.74,168.56,Card,Store,2026,8,August,1,Saturday,True,168.56,168.56
TXN-0037951,2026-08-01,DXB-001,Dubai,CUST-05049,P004,Monitor,Electronics,3,865.84,10,2597.52,259.75,2337.77,Cash,Store,2026,8,August,1,Saturday,True,2337.77,779.26
TXN-0037968,2026-08-01,DXB-004,Dubai,CUST-04329,P014,Power Bank,Electronics,1,150.92,10,150.92,15.09,135.83,Card,Store,2026,8,August,1,Saturday,True,135.83,135.83
TXN-0037993,2026-08-01,DXB-005,Dubai,CUST-01015,P006,Mouse,Accessories,2,96.39,0,192.78,0.0,192.78,Card,Store,2026,8,August,1,Saturday,True,192.78,96.39
TXN-0038001,2026-08-01,DXB-005,Dubai,CUST-07866,P007,Office Chair,Furniture,4,619.45,10,2477.8,247.78,2230.02,Card,Store,2026,8,August,1,Saturday,True,2230.02,557.5
TXN-0038002,2026-08-01,DXB-005,Dubai,CUST-06149,P011,Notebook,Stationery,2,23.87,0,47.74,0.0,47.74,Card,Store,2026,8,August,1,Saturday,True,47.74,23.87
TXN-0038037,2026-08-01,DXB-002,Dubai,CUST-06641,P004,Monitor,Electronics,1,843.85,10,843.85,84.38,759.47,Apple Pay,Online,2026,8,August,1,Saturday,True,759.47,759.47
TXN-0038058,2026-08-01,DXB-003,Dubai,CUST-02624,P013,USB Drive,Accessories,1,44.0,0,44.0,0.0,44.0,Card,Store,2026,8,August,1,Saturday,True,44.0,44.0
TXN-0038110,2026-08-01,DXB-001,Dubai,CUST-05577,P008,Desk,Furniture,2,870.51,5,1741.02,87.05,1653.97,Card,Store,2026,8,August,1,Saturday,True,1653.97,826.98
TXN-0038152,2026-08-01,DXB-005,Dubai,CUST-03383,P010,Printer,Office,2,741.26,5,1482.52,74.13,1408.39,Card,Online,2026,8,August,1,Saturday,True,1408.39,704.2
TXN-0038169,2026-08-01,DXB-001,Dubai,CUST-03100,P012,Pen Pack,Stationery,1,16.87,0,16.87,0.0,16.87,Cash,Store,2026,8,August,1,Saturday,True,16.87,16.87
TXN-0038203,2026-08-01,DXB-004,Dubai,CUST-05128,P001,Laptop,Electronics,4,2841.52,20,11366.08,2273.22,9092.86,Card,Store,2026,8,August,1,Saturday,True,9092.86,2273.22
TXN-0038248,2026-08-01,DXB-004,Dubai,CUST-03912,P010,Printer,Office,5,721.77,0,3608.85,0.0,3608.85,Card,Online,2026,8,August,1,Saturday,True,3608.85,721.77
TXN-0038414,2026-08-01,DXB-002,Dubai,CUST-04187,P007,Office Chair,Furniture,1,665.83,0,665.83,0.0,665.83,Card,Store,2026,8,August,1,Saturday,True,665.83,665.83
TXN-0038447,2026-08-01,DXB-003,Dubai,CUST-05854,P006,Mouse,Accessories,4,101.17,5,404.68,20.23,384.45,Cash,Store,2026,8,August,1,Saturday,True,384.45,96.11
TXN-0038499,2026-08-01,DXB-005,Dubai,CUST-01223,P010,Printer,Office,4,664.91,0,2659.64,0.0,2659.64,Card,Store,2026,8,August,1,Saturday,True,2659.64,664.91
TXN-0038512,2026-08-01,DXB-003,Dubai,CUST-07533,P002,Smartphone,Electronics,1,1874.1,0,1874.1,0.0,1874.1,Card,Online,2026,8,August,1,Saturday,True,1874.1,1874.1
TXN-0038533,2026-08-01,DXB-001,Dubai,CUST-02918,P013,USB Drive,Accessories,6,43.55,10,261.3,26.13,235.17,Card,Store,2026,8,August,1,Saturday,True,235.17,39.2
TXN-0038552,2026-08-01,DXB-001,Dubai,CUST-04773,P013,USB Drive,Accessories,1,49.35,15,49.35,7.4,41.95,Card,Store,2026,8,August,1,Saturday,True,41.95,41.95
TXN-0038567,2026-08-01,DXB-001,Dubai,CUST-05104,P015,Tablet,Electronics,1,1251.76,5,1251.76,62.59,1189.17,Card,Store,2026,8,August,1,Saturday,True,1189.17,1189.17
TXN-0038652,2026-08-01,DXB-003,Dubai,CUST-00883,P010,Printer,Office,1,681.19,15,681.19,102.18,579.01,Card,Store,2026,8,August,1,Saturday,True,579.01,579.01
TXN-0038656,2026-08-01,DXB-002,Dubai,CUST-07773,P004,Monitor,Electronics,2,902.67,0,1805.34,0.0,1805.34,Apple Pay,Store,2026,8,August,1,Saturday,True,1805.34,902.67
TXN-0038711,2026-08-01,DXB-002,Dubai,CUST-05802,P012,Pen Pack,Stationery,1,16.74,5,16.74,0.84,15.9,Cash,Store,2026,8,August,1,Saturday,True,15.9,15.9
TXN-0038712,2026-08-01,DXB-004,Dubai,CUST-01653,P011,Notebook,Stationery,6,25.94,10,155.64,15.56,140.08,Card,Store,2026,8,August,1,Saturday,True,140.08,23.35
TXN-0038791,2026-08-01,DXB-002,Dubai,CUST-05797,P015,Tablet,Electronics,3,1143.7,10,3431.1,343.11,3087.99,Card,Store,2026,8,August,1,Saturday,True,3087.99,1029.33
TXN-0038827,2026-08-01,DXB-003,Dubai,CUST-06129,P015,Tablet,Electronics,1,1204.61,0,1204.61,0.0,1204.61,Apple Pay,Online,2026,8,August,1,Saturday,True,1204.61,1204.61
TXN-0038921,2026-08-01,DXB-003,Dubai,CUST-02065,P011,Notebook,Stationery,2,25.56,0,51.12,0.0,51.12,Cash,Store,2026,8,August,1,Saturday,True,51.12,25.56
TXN-0038957,2026-08-01,DXB-003,Dubai,CUST-02835,P012,Pen Pack,Stationery,1,14.45,10,14.45,1.44,13.01,Card,Online,2026,8,August,1,Saturday,True,13.01,13.01
TXN-0039034,2026-08-01,DXB-001,Dubai,CUST-05371,P011,Notebook,Stationery,2,25.96,5,51.92,2.6,49.32,Apple Pay,Store,2026,8,August,1,Saturday,True,49.32,24.66
TXN-0039114,2026-08-01,DXB-005,Dubai,CUST-00917,P012,Pen Pack,Stationery,2,14.67,0,29.34,0.0,29.34,Bank Transfer,Store,2026,8,August,1,Saturday,True,29.34,14.67
TXN-0039126,2026-08-01,DXB-001,Dubai,CUST-04475,P012,Pen Pack,Stationery,1,15.37,5,15.37,0.77,14.6,Bank Transfer,Store,2026,8,August,1,Saturday,True,14.6,14.6
TXN-0039225,2026-08-01,DXB-002,Dubai,CUST-07776,P004,Monitor,Electronics,2,932.69,0,1865.38,0.0,1865.38,Card,Online,2026,8,August,1,Saturday,True,1865.38,932.69
TXN-0039250,2026-08-01,DXB-005,Dubai,CUST-04981,P011,Notebook,Stationery,1,23.74,5,23.74,1.19,22.55,Apple Pay,Online,2026,8,August,1,Saturday,True,22.55,22.55
TXN-0039300,2026-08-01,DXB-001,Dubai,CUST-01479,P009,Backpack,Accessories,3,230.98,10,692.94,69.29,623.65,Apple Pay,Store,2026,8,August,1,Saturday,True,623.65,207.88
TXN-0039396,2026-08-01,DXB-002,Dubai,CUST-04433,P007,Office Chair,Furniture,3,640.56,15,1921.68,288.25,1633.43,Card,Store,2026,8,August,1,Saturday,True,1633.43,544.48
TXN-0039424,2026-08-01,DXB-001,Dubai,CUST-02250,P004,Monitor,Electronics,4,1016.32,10,4065.28,406.53,3658.75,Cash,Store,2026,8,August,1,Saturday,True,3658.75,914.69
TXN-0039497,2026-08-01,DXB-001,Dubai,CUST-01270,P014,Power Bank,Electronics,1,141.32,10,141.32,14.13,127.19,Card,Store,2026,8,August,1,Saturday,True,127.19,127.19
TXN-0039540,2026-08-01,DXB-003,Dubai,CUST-00845,P006,Mouse,Accessories,1,94.64,0,94.64,0.0,94.64,Cash,Online,2026,8,August,1,Saturday,True,94.64,94.64
TXN-0039550,2026-08-01,DXB-003,Dubai,CUST-01849,P006,Mouse,Accessories,1,103.13,5,103.13,5.16,97.97,Cash,Store,2026,8,August,1,Saturday,True,97.97,97.97
TXN-0039585,2026-08-01,DXB-002,Dubai,CUST-07083,P001,Laptop,Electronics,1,2630.62,0,2630.62,0.0,2630.62,Apple Pay,Online,2026,8,August,1,Saturday,True,2630.62,2630.62
TXN-0039749,2026-08-01,DXB-001,Dubai,CUST-07138,P008,Desk,Furniture,1,779.07,0,779.07,0.0,779.07,Cash,Store,2026,8,August,1,Saturday,True,779.07,779.07
TXN-0039831,2026-08-01,DXB-004,Dubai,CUST-02886,P012,Pen Pack,Stationery,1,15.72,15,15.72,2.36,13.36,Cash,Store,2026,8,August,1,Saturday,True,13.36,13.36
TXN-0039843,2026-08-01,DXB-002,Dubai,CUST-00997,P010,Printer,Office,1,691.5,10,691.5,69.15,622.35,Bank Transfer,Store,2026,8,August,1,Saturday,True,622.35,622.35
TXN-0039936,2026-08-01,DXB-002,Dubai,CUST-06815,P014,Power Bank,Electronics,2,145.82,10,291.64,29.16,262.48,Card,Online,2026,8,August,1,Saturday,True,262.48,131.24
TXN-0040031,2026-08-01,DXB-002,Dubai,CUST-04717,P009,Backpack,Accessories,1,219.47,10,219.47,21.95,197.52,Apple Pay,Store,2026,8,August,1,Saturday,True,197.52,197.52
TXN-0040039,2026-08-01,DXB-005,Dubai,CUST-04266,P013,USB Drive,Accessories,1,41.47,0,41.47,0.0,41.47,Card,Online,2026,8,August,1,Saturday,True,41.47,41.47
TXN-0040048,2026-08-01,DXB-002,Dubai,CUST-01714,P005,Keyboard,Accessories,2,185.24,0,370.48,0.0,370.48,Card,Online,2026,8,August,1,Saturday,True,370.48,185.24
TXN-0040081,2026-08-01,DXB-001,Dubai,CUST-01612,P014,Power Bank,Electronics,1,153.76,0,153.76,0.0,153.76,Bank Transfer,Online,2026,8,August,1,Saturday,True,153.76,153.76
TXN-0040126,2026-08-01,DXB-003,Dubai,CUST-04016,P002,Smartphone,Electronics,1,1849.82,5,1849.82,92.49,1757.33,Apple Pay,Store,2026,8,August,1,Saturday,True,1757.33,1757.33
TXN-0040187,2026-08-01,DXB-001,Dubai,CUST-06426,P014,Power Bank,Electronics,1,144.36,10,144.36,14.44,129.92,Apple Pay,Store,2026,8,August,1,Saturday,True,129.92,129.92
TXN-0040188,2026-08-01,DXB-004,Dubai,CUST-03189,P005,Keyboard,Accessories,4,186.23,10,744.92,74.49,670.43,Cash,Online,2026,8,August,1,Saturday,True,670.43,167.61
TXN-0040189,2026-08-01,DXB-004,Dubai,CUST-06068,P010,Printer,Office,2,730.56,10,1461.12,146.11,1315.01,Apple Pay,Online,2026,8,August,1,Saturday,True,1315.01,657.5
TXN-0040220,2026-08-01,DXB-004,Dubai,CUST-07325,P004,Monitor,Electronics,1,902.24,10,902.24,90.22,812.02,Card,Store,2026,8,August,1,Saturday,True,812.02,812.02
TXN-0040274,2026-08-01,DXB-005,Dubai,CUST-06087,P015,Tablet,Electronics,1,1220.41,15,1220.41,183.06,1037.35,Apple Pay,Online,2026,8,August,1,Saturday,True,1037.35,1037.35
TXN-0040284,2026-08-01,DXB-003,Dubai,CUST-00350,P012,Pen Pack,Stationery,2,13.65,5,27.3,1.36,25.94,Cash,Store,2026,8,August,1,Saturday,True,25.94,12.97
TXN-0040327,2026-08-01,DXB-001,Dubai,CUST-06804,P009,Backpack,Accessories,2,227.47,10,454.94,45.49,409.45,Apple Pay,Online,2026,8,August,1,Saturday,True,409.45,204.72
TXN-0040387,2026-08-01,DXB-001,Dubai,CUST-01146,P010,Printer,Office,3,657.61,0,1972.83,0.0,1972.83,Card,Store,2026,8,August,1,Saturday,True,1972.83,657.61
TXN-0040407,2026-08-01,DXB-003,Dubai,CUST-05669,P007,Office Chair,Furniture,3,668.86,10,2006.58,200.66,1805.92,Cash,Store,2026,8,August,1,Saturday,True,1805.92,601.97
TXN-0040510,2026-08-01,DXB-005,Dubai,CUST-01553,P010,Printer,Office,3,720.75,5,2162.25,108.11,2054.14,Bank Transfer,Online,2026,8,August,1,Saturday,True,2054.14,684.71
TXN-0040546,2026-08-01,DXB-001,Dubai,CUST-07030,P005,Keyboard,Accessories,2,180.46,5,360.92,18.05,342.87,Apple Pay,Store,2026,8,August,1,Saturday,True,342.87,171.44
TXN-0040561,2026-08-01,DXB-001,Dubai,CUST-05368,P010,Printer,Office,3,670.45,10,2011.35,201.14,1810.21,Apple Pay,Store,2026,8,August,1,Saturday,True,1810.21,603.4
TXN-0040794,2026-08-01,DXB-002,Dubai,CUST-03810,P003,Headphones,Electronics,1,366.62,0,366.62,0.0,366.62,Card,Store,2026,8,August,1,Saturday,True,366.62,366.62
TXN-0040811,2026-08-01,DXB-005,Dubai,CUST-00684,P002,Smartphone,Electronics,3,2013.87,5,6041.61,302.08,5739.53,Card,Store,2026,8,August,1,Saturday,True,5739.53,1913.18
TXN-0040822,2026-08-01,DXB-003,Dubai,CUST-06331,P001,Laptop,Electronics,1,2645.89,10,2645.89,264.59,2381.3,Card,Store,2026,8,August,1,Saturday,True,2381.3,2381.3
TXN-0040887,2026-08-01,DXB-003,Dubai,CUST-01613,P009,Backpack,Accessories,1,235.76,0,235.76,0.0,235.76,Bank Transfer,Store,2026,8,August,1,Saturday,True,235.76,235.76
TXN-0040987,2026-08-01,DXB-005,Dubai,CUST-07057,P009,Backpack,Accessories,3,249.76,10,749.28,74.93,674.35,Apple Pay,Store,2026,8,August,1,Saturday,True,674.35,224.78
TXN-0041007,2026-08-01,DXB-002,Dubai,CUST-07794,P012,Pen Pack,Stationery,1,14.4,15,14.4,2.16,12.24,Card,Store,2026,8,August,1,Saturday,True,12.24,12.24
TXN-0041024,2026-08-01,DXB-004,Dubai,CUST-01335,P010,Printer,Office,1,697.67,10,697.67,69.77,627.9,Apple Pay,Store,2026,8,August,1,Saturday,True,627.9,627.9
TXN-0041056,2026-08-01,DXB-002,Dubai,CUST-07139,P007,Office Chair,Furniture,2,609.9,10,1219.8,121.98,1097.82,Card,Store,2026,8,August,1,Saturday,True,1097.82,548.91
TXN-0041121,2026-08-01,DXB-005,Dubai,CUST-01460,P012,Pen Pack,Stationery,2,14.37,5,28.74,1.44,27.3,Cash,Online,2026,8,August,1,Saturday,True,27.3,13.65
TXN-0041206,2026-08-01,DXB-002,Dubai,CUST-07110,P012,Pen Pack,Stationery,1,15.93,0,15.93,0.0,15.93,Card,Store,2026,8,August,1,Saturday,True,15.93,15.93
TXN-0041239,2026-08-01,DXB-001,Dubai,CUST-00985,P014,Power Bank,Electronics,2,138.26,10,276.52,27.65,248.87,Bank Transfer,Store,2026,8,August,1,Saturday,True,248.87,124.44
TXN-0041245,2026-08-01,DXB-003,Dubai,CUST-04839,P011,Notebook,Stationery,3,24.18,20,72.54,14.51,58.03,Card,Store,2026,8,August,1,Saturday,True,58.03,19.34
TXN-0041285,2026-08-01,DXB-003,Dubai,CUST-02009,P003,Headphones,Electronics,3,376.83,0,1130.49,0.0,1130.49,Card,Store,2026,8,August,1,Saturday,True,1130.49,376.83
TXN-0041325,2026-08-01,DXB-001,Dubai,CUST-04356,P004,Monitor,Electronics,1,986.82,5,986.82,49.34,937.48,Apple Pay,Store,2026,8,August,1,Saturday,True,937.48,937.48
TXN-0041344,2026-08-01,DXB-004,Dubai,CUST-00981,P014,Power Bank,Electronics,4,150.26,10,601.04,60.1,540.94,Apple Pay,Store,2026,8,August,1,Saturday,True,540.94,135.24
TXN-0041348,2026-08-01,DXB-005,Dubai,CUST-04186,P004,Monitor,Electronics,2,1011.94,15,2023.88,303.58,1720.3,Cash,Store,2026,8,August,1,Saturday,True,1720.3,860.15
TXN-0041425,2026-08-01,DXB-004,Dubai,CUST-07015,P008,Desk,Furniture,1,743.71,0,743.71,0.0,743.71,Card,Online,2026,8,August,1,Saturday,True,743.71,743.71
TXN-0041440,2026-08-01,DXB-003,Dubai,CUST-04599,P010,Printer,Office,1,627.28,20,627.28,125.46,501.82,Apple Pay,Store,2026,8,August,1,Saturday,True,501.82,501.82
TXN-0041445,2026-08-01,DXB-003,Dubai,CUST-07799,P010,Printer,Office,1,768.67,0,768.67,0.0,768.67,Bank Transfer,Store,2026,8,August,1,Saturday,True,768.67,768.67
TXN-0041535,2026-08-01,DXB-002,Dubai,CUST-00741,P010,Printer,Office,2,728.31,10,1456.62,145.66,1310.96,Card,Store,2026,8,August,1,Saturday,True,1310.96,655.48
TXN-0041736,2026-08-01,DXB-003,Dubai,CUST-04044,P010,Printer,Office,1,671.74,0,671.74,0.0,671.74,Apple Pay,Store,2026,8,August,1,Saturday,True,671.74,671.74
TXN-0041800,2026-08-01,DXB-003,Dubai,CUST-04981,P005,Keyboard,Accessories,1,193.76,20,193.76,38.75,155.01,Apple Pay,Store,2026,8,August,1,Saturday,True,155.01,155.01
TXN-0041822,2026-08-01,DXB-004,Dubai,CUST-03977,P006,Mouse,Accessories,2,96.52,0,193.04,0.0,193.04,Apple Pay,Online,2026,8,August,1,Saturday,True,193.04,96.52
TXN-0041844,2026-08-01,DXB-001,Dubai,CUST-01978,P009,Backpack,Accessories,4,205.19,0,820.76,0.0,820.76,Card,Store,2026,8,August,1,Saturday,True,820.76,205.19
TXN-0041973,2026-08-01,DXB-001,Dubai,CUST-03823,P008,Desk,Furniture,1,822.08,0,822.08,0.0,822.08,Apple Pay,Store,2026,8,August,1,Saturday,True,822.08,822.08
TXN-0042067,2026-08-01,DXB-002,Dubai,CUST-03116,P003,Headphones,Electronics,2,363.29,5,726.58,36.33,690.25,Cash,Store,2026,8,August,1,Saturday,True,690.25,345.12
TXN-0042134,2026-08-01,DXB-005,Dubai,CUST-01240,P003,Headphones,Electronics,1,371.09,10,371.09,37.11,333.98,Bank Transfer,Online,2026,8,August,1,Saturday,True,333.98,333.98
TXN-0042242,2026-08-01,DXB-001,Dubai,CUST-02303,P006,Mouse,Accessories,3,98.5,10,295.5,29.55,265.95,Card,Store,2026,8,August,1,Saturday,True,265.95,88.65
TXN-0042300,2026-08-01,DXB-003,Dubai,CUST-05447,P010,Printer,Office,2,655.43,5,1310.86,65.54,1245.32,Card,Store,2026,8,August,1,Saturday,True,1245.32,622.66
TXN-0042358,2026-08-01,DXB-004,Dubai,CUST-01701,P010,Printer,Office,2,701.35,0,1402.7,0.0,1402.7,Apple Pay,Store,2026,8,August,1,Saturday,True,1402.7,701.35
TXN-0042404,2026-08-01,DXB-001,Dubai,CUST-07050,P006,Mouse,Accessories,2,95.25,15,190.5,28.58,161.92,Card,Online,2026,8,August,1,Saturday,True,161.92,80.96
TXN-0042586,2026-08-01,DXB-001,Dubai,CUST-04370,P012,Pen Pack,Stationery,4,15.36,5,61.44,3.07,58.37,Cash,Online,2026,8,August,1,Saturday,True,58.37,14.59
TXN-0042623,2026-08-01,DXB-004,Dubai,CUST-05119,P015,Tablet,Electronics,1,1234.28,0,1234.28,0.0,1234.28,Card,Store,2026,8,August,1,Saturday,True,1234.28,1234.28
TXN-0042663,2026-08-01,DXB-003,Dubai,CUST-00809,P009,Backpack,Accessories,1,244.88,0,244.88,0.0,244.88,Card,Online,2026,8,August,1,Saturday,True,244.88,244.88
TXN-0042810,2026-08-01,DXB-002,Dubai,CUST-05827,P009,Backpack,Accessories,6,238.09,10,1428.54,142.85,1285.69,Card,Store,2026,8,August,1,Saturday,True,1285.69,214.28
TXN-0042847,2026-08-01,DXB-001,Dubai,CUST-07979,P014,Power Bank,Electronics,1,144.63,0,144.63,0.0,144.63,Cash,Store,2026,8,August,1,Saturday,True,144.63,144.63
TXN-0042939,2026-08-01,DXB-002,Dubai,CUST-07338,P002,Smartphone,Electronics,2,1828.22,0,3656.44,0.0,3656.44,Card,Store,2026,8,August,1,Saturday,True,3656.44,1828.22
TXN-0043283,2026-08-01,DXB-004,Dubai,CUST-00464,P007,Office Chair,Furniture,2,706.36,0,1412.72,0.0,1412.72,Card,Store,2026,8,August,1,Saturday,True,1412.72,706.36
TXN-0043452,2026-08-01,DXB-004,Dubai,CUST-04419,P014,Power Bank,Electronics,1,147.07,5,147.07,7.35,139.72,Apple Pay,Store,2026,8,August,1,Saturday,True,139.72,139.72
TXN-0043486,2026-08-01,DXB-003,Dubai,CUST-06285,P001,Laptop,Electronics,1,2832.77,0,2832.77,0.0,2832.77,Card,Store,2026,8,August,1,Saturday,True,2832.77,2832.77
TXN-0043554,2026-08-01,DXB-003,Dubai,CUST-02422,P004,Monitor,Electronics,2,869.19,0,1738.38,0.0,1738.38,Card,Store,2026,8,August,1,Saturday,True,1738.38,869.19
TXN-0043601,2026-08-01,DXB-005,Dubai,CUST-00432,P002,Smartphone,Electronics,1,2081.56,5,2081.56,104.08,1977.48,Card,Store,2026,8,August,1,Saturday,True,1977.48,1977.48
TXN-0043656,2026-08-01,DXB-002,Dubai,CUST-04045,P010,Printer,Office,1,747.08,0,747.08,0.0,747.08,Apple Pay,Online,2026,8,August,1,Saturday,True,747.08,747.08
TXN-0043765,2026-08-01,DXB-001,Dubai,CUST-03961,P006,Mouse,Accessories,1,92.36,0,92.36,0.0,92.36,Cash,Store,2026,8,August,1,Saturday,True,92.36,92.36
TXN-0043839,2026-08-01,DXB-004,Dubai,CUST-06830,P004,Monitor,Electronics,2,920.94,0,1841.88,0.0,1841.88,Card,Online,2026,8,August,1,Saturday,True,1841.88,920.94
TXN-0043878,2026-08-01,DXB-002,Dubai,CUST-06488,P010,Printer,Office,1,819.37,0,819.37,0.0,819.37,Card,Online,2026,8,August,1,Saturday,True,819.37,819.37
TXN-0043928,2026-08-01,DXB-002,Dubai,CUST-04294,P009,Backpack,Accessories,1,192.99,5,192.99,9.65,183.34,Apple Pay,Online,2026,8,August,1,Saturday,True,183.34,183.34
TXN-0044183,2026-08-01,DXB-005,Dubai,CUST-07004,P008,Desk,Furniture,2,780.91,0,1561.82,0.0,1561.82,Bank Transfer,Store,2026,8,August,1,Saturday,True,1561.82,780.91
TXN-0044296,2026-08-01,DXB-001,Dubai,CUST-00917,P002,Smartphone,Electronics,3,1667.27,5,5001.81,250.09,4751.72,Card,Store,2026,8,August,1,Saturday,True,4751.72,1583.91
TXN-0044314,2026-08-01,DXB-003,Dubai,CUST-04035,P001,Laptop,Electronics,3,2951.39,5,8854.17,442.71,8411.46,Cash,Store,2026,8,August,1,Saturday,True,8411.46,2803.82
TXN-0044325,2026-08-01,DXB-001,Dubai,CUST-06745,P003,Headphones,Electronics,4,347.71,5,1390.84,69.54,1321.3,Cash,Store,2026,8,August,1,Saturday,True,1321.3,330.32
TXN-0044386,2026-08-01,DXB-005,Dubai,CUST-05216,P007,Office Chair,Furniture,1,600.56,0,600.56,0.0,600.56,Card,Online,2026,8,August,1,Saturday,True,600.56,600.56
TXN-0044390,2026-08-01,DXB-005,Dubai,CUST-07439,P008,Desk,Furniture,4,816.36,10,3265.44,326.54,2938.9,Cash,Store,2026,8,August,1,Saturday,True,2938.9,734.72
TXN-0044473,2026-08-01,DXB-005,Dubai,CUST-01128,P003,Headphones,Electronics,6,371.1,10,2226.6,222.66,2003.94,Card,Store,2026,8,August,1,Saturday,True,2003.94,333.99
TXN-0044531,2026-08-01,DXB-002,Dubai,CUST-01105,P014,Power Bank,Electronics,1,151.64,5,151.64,7.58,144.06,Card,Online,2026,8,August,1,Saturday,True,144.06,144.06
TXN-0044789,2026-08-01,DXB-004,Dubai,CUST-05277,P014,Power Bank,Electronics,1,143.2,15,143.2,21.48,121.72,Apple Pay,Store,2026,8,August,1,Saturday,True,121.72,121.72
TXN-0044823,2026-08-01,DXB-001,Dubai,CUST-07408,P009,Backpack,Accessories,2,197.51,20,395.02,79.0,316.02,Apple Pay,Store,2026,8,August,1,Saturday,True,316.02,158.01
TXN-0044861,2026-08-01,DXB-001,Dubai,CUST-04775,P010,Printer,Office,2,685.73,15,1371.46,205.72,1165.74,Card,Store,2026,8,August,1,Saturday,True,1165.74,582.87
TXN-0044906,2026-08-01,DXB-005,Dubai,CUST-04349,P013,USB Drive,Accessories,2,44.16,5,88.32,4.42,83.9,Card,Store,2026,8,August,1,Saturday,True,83.9,41.95
TXN-0044918,2026-08-01,DXB-002,Dubai,CUST-00909,P009,Backpack,Accessories,2,214.22,5,428.44,21.42,407.02,Card,Store,2026,8,August,1,Saturday,True,407.02,203.51
TXN-0044984,2026-08-01,DXB-001,Dubai,CUST-05549,P013,USB Drive,Accessories,4,48.08,0,192.32,0.0,192.32,Card,Store,2026,8,August,1,Saturday,True,192.32,48.08
TXN-0044993,2026-08-01,DXB-003,Dubai,CUST-02046,P011,Notebook,Stationery,1,22.85,0,22.85,0.0,22.85,Bank Transfer,Store,2026,8,August,1,Saturday,True,22.85,22.85
TXN-0045025,2026-08-01,DXB-001,Dubai,CUST-07193,P001,Laptop,Electronics,6,2587.21,0,15523.26,0.0,15523.26,Card,Online,2026,8,August,1,Saturday,True,15523.26,2587.21
TXN-0045068,2026-08-01,DXB-003,Dubai,CUST-04474,P009,Backpack,Accessories,1,231.7,15,231.7,34.76,196.94,Apple Pay,Store,2026,8,August,1,Saturday,True,196.94,196.94
TXN-0045073,2026-08-01,DXB-005,Dubai,CUST-04386,P002,Smartphone,Electronics,4,1789.57,5,7158.28,357.91,6800.37,Bank Transfer,Store,2026,8,August,1,Saturday,True,6800.37,1700.09
TXN-0045158,2026-08-01,DXB-005,Dubai,CUST-06821,P005,Keyboard,Accessories,2,170.81,0,341.62,0.0,341.62,Card,Store,2026,8,August,1,Saturday,True,341.62,170.81
TXN-0045194,2026-08-01,DXB-005,Dubai,CUST-00420,P012,Pen Pack,Stationery,4,14.62,10,58.48,5.85,52.63,Card,Store,2026,8,August,1,Saturday,True,52.63,13.16
TXN-0045238,2026-08-01,DXB-004,Dubai,CUST-00241,P013,USB Drive,Accessories,1,44.87,15,44.87,6.73,38.14,Apple Pay,Online,2026,8,August,1,Saturday,True,38.14,38.14
TXN-0045239,2026-08-01,DXB-002,Dubai,CUST-01401,P013,USB Drive,Accessories,1,42.1,10,42.1,4.21,37.89,Card,Store,2026,8,August,1,Saturday,True,37.89,37.89
TXN-0045244,2026-08-01,DXB-001,Dubai,CUST-07126,P003,Headphones,Electronics,1,371.78,0,371.78,0.0,371.78,Card,Online,2026,8,August,1,Saturday,True,371.78,371.78
TXN-0045248,2026-08-01,DXB-001,Dubai,CUST-01558,P006,Mouse,Accessories,2,90.4,0,180.8,0.0,180.8,Card,Store,2026,8,August,1,Saturday,True,180.8,90.4
TXN-0045252,2026-08-01,DXB-001,Dubai,CUST-04017,P003,Headphones,Electronics,2,352.89,10,705.78,70.58,635.2,Cash,Store,2026,8,August,1,Saturday,True,635.2,317.6
TXN-0045283,2026-08-01,DXB-001,Dubai,CUST-03776,P012,Pen Pack,Stationery,2,15.32,5,30.64,1.53,29.11,Apple Pay,Online,2026,8,August,1,Saturday,True,29.11,14.56
TXN-0045381,2026-08-01,DXB-002,Dubai,CUST-06235,P005,Keyboard,Accessories,1,163.95,10,163.95,16.4,147.55,Card,Store,2026,8,August,1,Saturday,True,147.55,147.55
TXN-0045476,2026-08-01,DXB-001,Dubai,CUST-01050,P005,Keyboard,Accessories,6,192.56,0,1155.36,0.0,1155.36,Cash,Store,2026,8,August,1,Saturday,True,1155.36,192.56
TXN-0045478,2026-08-01,DXB-001,Dubai,CUST-01954,P003,Headphones,Electronics,1,315.53,0,315.53,0.0,315.53,Card,Store,2026,8,August,1,Saturday,True,315.53,315.53
TXN-0045539,2026-08-01,DXB-002,Dubai,CUST-05425,P001,Laptop,Electronics,3,2909.51,5,8728.53,436.43,8292.1,Card,Store,2026,8,August,1,Saturday,True,8292.1,2764.03
TXN-0045548,2026-08-01,DXB-003,Dubai,CUST-07887,P015,Tablet,Electronics,2,1166.14,5,2332.28,116.61,2215.67,Card,Store,2026,8,August,1,Saturday,True,2215.67,1107.84
TXN-0045564,2026-08-01,DXB-004,Dubai,CUST-02875,P005,Keyboard,Accessories,3,191.93,20,575.79,115.16,460.63,Card,Store,2026,8,August,1,Saturday,True,460.63,153.54
TXN-0045665,2026-08-01,DXB-004,Dubai,CUST-05136,P003,Headphones,Electronics,4,352.98,0,1411.92,0.0,1411.92,Card,Online,2026,8,August,1,Saturday,True,1411.92,352.98
TXN-0045678,2026-08-01,DXB-003,Dubai,CUST-02117,P008,Desk,Furniture,1,759.28,0,759.28,0.0,759.28,Apple Pay,Online,2026,8,August,1,Saturday,True,759.28,759.28
TXN-0045689,2026-08-01,DXB-005,Dubai,CUST-07754,P008,Desk,Furniture,1,723.62,10,723.62,72.36,651.26,Apple Pay,Store,2026,8,August,1,Saturday,True,651.26,651.26
TXN-0045882,2026-08-01,DXB-003,Dubai,CUST-04330,P012,Pen Pack,Stationery,1,14.11,5,14.11,0.71,13.4,Apple Pay,Store,2026,8,August,1,Saturday,True,13.4,13.4
TXN-0045938,2026-08-01,DXB-004,Dubai,CUST-03685,P009,Backpack,Accessories,3,203.46,10,610.38,61.04,549.34,Card,Store,2026,8,August,1,Saturday,True,549.34,183.11
TXN-0045971,2026-08-01,DXB-002,Dubai,CUST-01366,P015,Tablet,Electronics,2,1155.06,15,2310.12,346.52,1963.6,Card,Store,2026,8,August,1,Saturday,True,1963.6,981.8
TXN-0045973,2026-08-01,DXB-005,Dubai,CUST-04134,P009,Backpack,Accessories,2,207.81,0,415.62,0.0,415.62,Apple Pay,Store,2026,8,August,1,Saturday,True,415.62,207.81
TXN-0045988,2026-08-01,DXB-001,Dubai,CUST-03234,P013,USB Drive,Accessories,2,40.58,0,81.16,0.0,81.16,Cash,Online,2026,8,August,1,Saturday,True,81.16,40.58
TXN-0045994,2026-08-01,DXB-005,Dubai,CUST-07329,P007,Office Chair,Furniture,1,632.12,0,632.12,0.0,632.12,Card,Store,2026,8,August,1,Saturday,True,632.12,632.12
TXN-0046007,2026-08-01,DXB-004,Dubai,CUST-05408,P002,Smartphone,Electronics,3,1802.48,5,5407.44,270.37,5137.07,Card,Store,2026,8,August,1,Saturday,True,5137.07,1712.36
TXN-0046024,2026-08-01,DXB-003,Dubai,CUST-01295,P011,Notebook,Stationery,1,24.93,5,24.93,1.25,23.68,Apple Pay,Online,2026,8,August,1,Saturday,True,23.68,23.68
TXN-0046173,2026-08-01,DXB-001,Dubai,CUST-04520,P013,USB Drive,Accessories,1,46.02,10,46.02,4.6,41.42,Cash,Store,2026,8,August,1,Saturday,True,41.42,41.42
TXN-0046249,2026-08-01,DXB-004,Dubai,CUST-00632,P009,Backpack,Accessories,1,212.57,0,212.57,0.0,212.57,Card,Store,2026,8,August,1,Saturday,True,212.57,212.57
TXN-0046314,2026-08-01,DXB-003,Dubai,CUST-01383,P012,Pen Pack,Stationery,1,15.05,10,15.05,1.5,13.55,Cash,Store,2026,8,August,1,Saturday,True,13.55,13.55
TXN-0046338,2026-08-01,DXB-005,Dubai,CUST-00862,P012,Pen Pack,Stationery,2,15.57,15,31.14,4.67,26.47,Cash,Online,2026,8,August,1,Saturday,True,26.47,13.24
TXN-0046349,2026-08-01,DXB-004,Dubai,CUST-07769,P014,Power Bank,Electronics,2,154.96,10,309.92,30.99,278.93,Cash,Online,2026,8,August,1,Saturday,True,278.93,139.46
TXN-0046451,2026-08-01,DXB-001,Dubai,CUST-02117,P008,Desk,Furniture,1,781.66,10,781.66,78.17,703.49,Card,Online,2026,8,August,1,Saturday,True,703.49,703.49
TXN-0046542,2026-08-01,DXB-003,Dubai,CUST-01732,P009,Backpack,Accessories,2,238.92,10,477.84,47.78,430.06,Card,Store,2026,8,August,1,Saturday,True,430.06,215.03
TXN-0046559,2026-08-01,DXB-004,Dubai,CUST-04653,P002,Smartphone,Electronics,1,1956.12,0,1956.12,0.0,1956.12,Cash,Store,2026,8,August,1,Saturday,True,1956.12,1956.12
TXN-0046690,2026-08-01,DXB-005,Dubai,CUST-07647,P005,Keyboard,Accessories,3,178.89,0,536.67,0.0,536.67,Card,Store,2026,8,August,1,Saturday,True,536.67,178.89
TXN-0046708,2026-08-01,DXB-004,Dubai,CUST-02363,P009,Backpack,Accessories,2,223.66,0,447.32,0.0,447.32,Apple Pay,Store,2026,8,August,1,Saturday,True,447.32,223.66
TXN-0046719,2026-08-01,DXB-001,Dubai,CUST-06159,P007,Office Chair,Furniture,2,697.92,0,1395.84,0.0,1395.84,Apple Pay,Store,2026,8,August,1,Saturday,True,1395.84,697.92
TXN-0046768,2026-08-01,DXB-005,Dubai,CUST-04338,P002,Smartphone,Electronics,3,1702.57,0,5107.71,0.0,5107.71,Apple Pay,Store,2026,8,August,1,Saturday,True,5107.71,1702.57
TXN-0046806,2026-08-01,DXB-002,Dubai,CUST-02569,P015,Tablet,Electronics,1,1238.37,5,1238.37,61.92,1176.45,Card,Store,2026,8,August,1,Saturday,True,1176.45,1176.45
TXN-0046844,2026-08-01,DXB-004,Dubai,CUST-06720,P006,Mouse,Accessories,5,97.84,15,489.2,73.38,415.82,Apple Pay,Store,2026,8,August,1,Saturday,True,415.82,83.16
TXN-0046851,2026-08-01,DXB-001,Dubai,CUST-06293,P011,Notebook,Stationery,1,23.17,10,23.17,2.32,20.85,Card,Store,2026,8,August,1,Saturday,True,20.85,20.85
TXN-0047006,2026-08-01,DXB-001,Dubai,CUST-03589,P006,Mouse,Accessories,1,104.36,5,104.36,5.22,99.14,Card,Online,2026,8,August,1,Saturday,True,99.14,99.14
TXN-0047021,2026-08-01,DXB-005,Dubai,CUST-00792,P014,Power Bank,Electronics,1,160.74,10,160.74,16.07,144.67,Card,Store,2026,8,August,1,Saturday,True,144.67,144.67
TXN-0047032,2026-08-01,DXB-002,Dubai,CUST-03592,P005,Keyboard,Accessories,5,178.45,10,892.25,89.22,803.03,Cash,Store,2026,8,August,1,Saturday,True,803.03,160.61
TXN-0047076,2026-08-01,DXB-001,Dubai,CUST-01039,P014,Power Bank,Electronics,1,144.45,20,144.45,28.89,115.56,Cash,Store,2026,8,August,1,Saturday,True,115.56,115.56
TXN-0047109,2026-08-01,DXB-002,Dubai,CUST-01983,P006,Mouse,Accessories,2,113.95,0,227.9,0.0,227.9,Card,Store,2026,8,August,1,Saturday,True,227.9,113.95
TXN-0047132,2026-08-01,DXB-002,Dubai,CUST-03799,P002,Smartphone,Electronics,1,1823.67,0,1823.67,0.0,1823.67,Bank Transfer,Store,2026,8,August,1,Saturday,True,1823.67,1823.67
TXN-0047134,2026-08-01,DXB-002,Dubai,CUST-07828,P014,Power Bank,Electronics,1,148.43,5,148.43,7.42,141.01,Cash,Store,2026,8,August,1,Saturday,True,141.01,141.01
TXN-0047162,2026-08-01,DXB-002,Dubai,CUST-05808,P009,Backpack,Accessories,1,218.59,10,218.59,21.86,196.73,Card,Online,2026,8,August,1,Saturday,True,196.73,196.73
TXN-0047170,2026-08-01,DXB-001,Dubai,CUST-02282,P009,Backpack,Accessories,1,251.13,10,251.13,25.11,226.02,Card,Store,2026,8,August,1,Saturday,True,226.02,226.02
TXN-0047254,2026-08-01,DXB-002,Dubai,CUST-02457,P010,Printer,Office,1,715.65,0,715.65,0.0,715.65,Apple Pay,Online,2026,8,August,1,Saturday,True,715.65,715.65
TXN-0047302,2026-08-01,DXB-001,Dubai,CUST-05071,P003,Headphones,Electronics,5,295.73,20,1478.65,295.73,1182.92,Card,Store,2026,8,August,1,Saturday,True,1182.92,236.58
TXN-0047333,2026-08-01,DXB-001,Dubai,CUST-00619,P014,Power Bank,Electronics,1,138.89,5,138.89,6.94,131.95,Cash,Store,2026,8,August,1,Saturday,True,131.95,131.95
TXN-0047335,2026-08-01,DXB-005,Dubai,CUST-02957,P014,Power Bank,Electronics,2,174.72,0,349.44,0.0,349.44,Card,Store,2026,8,August,1,Saturday,True,349.44,174.72
TXN-0047364,2026-08-01,DXB-003,Dubai,CUST-07189,P008,Desk,Furniture,3,775.48,5,2326.44,116.32,2210.12,Card,Store,2026,8,August,1,Saturday,True,2210.12,736.71
TXN-0047519,2026-08-01,DXB-002,Dubai,CUST-01917,P008,Desk,Furniture,1,783.76,0,783.76,0.0,783.76,Card,Online,2026,8,August,1,Saturday,True,783.76,783.76
TXN-0047552,2026-08-01,DXB-002,Dubai,CUST-05548,P011,Notebook,Stationery,1,27.06,0,27.06,0.0,27.06,Card,Store,2026,8,August,1,Saturday,True,27.06,27.06
TXN-0047584,2026-08-01,DXB-001,Dubai,CUST-01893,P014,Power Bank,Electronics,2,136.23,10,272.46,27.25,245.21,Card,Store,2026,8,August,1,Saturday,True,245.21,122.6
TXN-0047588,2026-08-01,DXB-005,Dubai,CUST-02571,P006,Mouse,Accessories,1,99.7,15,99.7,14.96,84.74,Card,Store,2026,8,August,1,Saturday,True,84.74,84.74
TXN-0047626,2026-08-01,DXB-001,Dubai,CUST-03415,P006,Mouse,Accessories,2,95.52,10,191.04,19.1,171.94,Bank Transfer,Store,2026,8,August,1,Saturday,True,171.94,85.97
TXN-0047680,2026-08-01,DXB-003,Dubai,CUST-04819,P015,Tablet,Electronics,2,1315.38,0,2630.76,0.0,2630.76,Bank Transfer,Store,2026,8,August,1,Saturday,True,2630.76,1315.38
TXN-0047702,2026-08-01,DXB-005,Dubai,CUST-07701,P011,Notebook,Stationery,4,23.67,0,94.68,0.0,94.68,Bank Transfer,Store,2026,8,August,1,Saturday,True,94.68,23.67
TXN-0047710,2026-08-01,DXB-003,Dubai,CUST-04083,P011,Notebook,Stationery,1,21.76,0,21.76,0.0,21.76,Apple Pay,Store,2026,8,August,1,Saturday,True,21.76,21.76
TXN-0047781,2026-08-01,DXB-002,Dubai,CUST-06273,P008,Desk,Furniture,1,749.56,5,749.56,37.48,712.08,Bank Transfer,Online,2026,8,August,1,Saturday,True,712.08,712.08
TXN-0047889,2026-08-01,DXB-003,Dubai,CUST-03214,P015,Tablet,Electronics,1,1119.91,15,1119.91,167.99,951.92,Card,Store,2026,8,August,1,Saturday,True,951.92,951.92
TXN-0048061,2026-08-01,DXB-002,Dubai,CUST-07532,P014,Power Bank,Electronics,2,150.58,5,301.16,15.06,286.1,Apple Pay,Store,2026,8,August,1,Saturday,True,286.1,143.05
TXN-0048122,2026-08-01,DXB-005,Dubai,CUST-02866,P013,USB Drive,Accessories,1,40.34,0,40.34,0.0,40.34,Cash,Store,2026,8,August,1,Saturday,True,40.34,40.34
TXN-0048138,2026-08-01,DXB-001,Dubai,CUST-05651,P001,Laptop,Electronics,2,2804.24,5,5608.48,280.42,5328.06,Cash,Store,2026,8,August,1,Saturday,True,5328.06,2664.03
TXN-0048221,2026-08-01,DXB-001,Dubai,CUST-05651,P008,Desk,Furniture,1,732.36,0,732.36,0.0,732.36,Card,Store,2026,8,August,1,Saturday,True,732.36,732.36
TXN-0048224,2026-08-01,DXB-002,Dubai,CUST-00886,P009,Backpack,Accessories,3,205.31,20,615.93,123.19,492.74,Apple Pay,Store,2026,8,August,1,Saturday,True,492.74,164.25
TXN-0048329,2026-08-01,DXB-001,Dubai,CUST-00375,P014,Power Bank,Electronics,3,158.13,10,474.39,47.44,426.95,Card,Store,2026,8,August,1,Saturday,True,426.95,142.32
TXN-0048373,2026-08-01,DXB-004,Dubai,CUST-05177,P003,Headphones,Electronics,3,366.04,0,1098.12,0.0,1098.12,Apple Pay,Online,2026,8,August,1,Saturday,True,1098.12,366.04
TXN-0048398,2026-08-01,DXB-001,Dubai,CUST-00902,P006,Mouse,Accessories,5,103.25,0,516.25,0.0,516.25,Card,Online,2026,8,August,1,Saturday,True,516.25,103.25
TXN-0048411,2026-08-01,DXB-002,Dubai,CUST-01830,P002,Smartphone,Electronics,2,1904.75,5,3809.5,190.48,3619.02,Card,Store,2026,8,August,1,Saturday,True,3619.02,1809.51
TXN-0048438,2026-08-01,DXB-003,Dubai,CUST-01798,P012,Pen Pack,Stationery,2,16.12,0,32.24,0.0,32.24,Cash,Store,2026,8,August,1,Saturday,True,32.24,16.12
TXN-0048479,2026-08-01,DXB-003,Dubai,CUST-06152,P004,Monitor,Electronics,1,946.35,0,946.35,0.0,946.35,Card,Store,2026,8,August,1,Saturday,True,946.35,946.35
TXN-0048728,2026-08-01,DXB-001,Dubai,CUST-07242,P002,Smartphone,Electronics,1,2017.58,10,2017.58,201.76,1815.82,Cash,Store,2026,8,August,1,Saturday,True,1815.82,1815.82
TXN-0048741,2026-08-01,DXB-003,Dubai,CUST-07769,P001,Laptop,Electronics,6,2815.84,0,16895.04,0.0,16895.04,Apple Pay,Online,2026,8,August,1,Saturday,True,16895.04,2815.84
TXN-0048796,2026-08-01,DXB-001,Dubai,CUST-05375,P009,Backpack,Accessories,2,221.03,15,442.06,66.31,375.75,Card,Online,2026,8,August,1,Saturday,True,375.75,187.88
TXN-0048967,2026-08-01,DXB-002,Dubai,CUST-02402,P013,USB Drive,Accessories,3,38.75,10,116.25,11.62,104.63,Card,Store,2026,8,August,1,Saturday,True,104.63,34.88
TXN-0048991,2026-08-01,DXB-004,Dubai,CUST-04978,P001,Laptop,Electronics,4,2652.04,15,10608.16,1591.22,9016.94,Bank Transfer,Store,2026,8,August,1,Saturday,True,9016.94,2254.24
TXN-0048993,2026-08-01,DXB-002,Dubai,CUST-04121,P009,Backpack,Accessories,2,207.69,0,415.38,0.0,415.38,Cash,Online,2026,8,August,1,Saturday,True,415.38,207.69
TXN-0049057,2026-08-01,DXB-004,Dubai,CUST-02301,P011,Notebook,Stationery,1,24.01,15,24.01,3.6,20.41,Cash,Store,2026,8,August,1,Saturday,True,20.41,20.41
TXN-0049075,2026-08-01,DXB-002,Dubai,CUST-02934,P011,Notebook,Stationery,3,25.58,5,76.74,3.84,72.9,Card,Store,2026,8,August,1,Saturday,True,72.9,24.3
TXN-0049144,2026-08-01,DXB-001,Dubai,CUST-00838,P014,Power Bank,Electronics,3,153.65,15,460.95,69.14,391.81,Apple Pay,Online,2026,8,August,1,Saturday,True,391.81,130.6
TXN-0049201,2026-08-01,DXB-001,Dubai,CUST-04051,P005,Keyboard,Accessories,2,179.74,15,359.48,53.92,305.56,Cash,Store,2026,8,August,1,Saturday,True,305.56,152.78
TXN-0049297,2026-08-01,DXB-002,Dubai,CUST-00686,P003,Headphones,Electronics,3,307.85,0,923.55,0.0,923.55,Card,Store,2026,8,August,1,Saturday,True,923.55,307.85
TXN-0049447,2026-08-01,DXB-001,Dubai,CUST-01803,P007,Office Chair,Furniture,1,648.57,0,648.57,0.0,648.57,Cash,Online,2026,8,August,1,Saturday,True,648.57,648.57
TXN-0049476,2026-08-01,DXB-001,Dubai,CUST-03128,P010,Printer,Office,2,772.72,20,1545.44,309.09,1236.35,Cash,Store,2026,8,August,1,Saturday,True,1236.35,618.17
TXN-0049489,2026-08-01,DXB-004,Dubai,CUST-06540,P013,USB Drive,Accessories,1,44.14,10,44.14,4.41,39.73,Card,Store,2026,8,August,1,Saturday,True,39.73,39.73
TXN-0049573,2026-08-01,DXB-002,Dubai,CUST-04600,P015,Tablet,Electronics,2,1224.61,0,2449.22,0.0,2449.22,Card,Store,2026,8,August,1,Saturday,True,2449.22,1224.61
TXN-0049610,2026-08-01,DXB-001,Dubai,CUST-01803,P008,Desk,Furniture,1,848.89,5,848.89,42.44,806.45,Apple Pay,Store,2026,8,August,1,Saturday,True,806.45,806.45
TXN-0049632,2026-08-01,DXB-004,Dubai,CUST-01518,P008,Desk,Furniture,1,848.22,0,848.22,0.0,848.22,Cash,Online,2026,8,August,1,Saturday,True,848.22,848.22
TXN-0049674,2026-08-01,DXB-004,Dubai,CUST-03372,P011,Notebook,Stationery,1,24.01,0,24.01,0.0,24.01,Apple Pay,Online,2026,8,August,1,Saturday,True,24.01,24.01
TXN-0049783,2026-08-01,DXB-004,Dubai,CUST-03558,P010,Printer,Office,1,641.93,5,641.93,32.1,609.83,Apple Pay,Store,2026,8,August,1,Saturday,True,609.83,609.83
TXN-0049839,2026-08-01,DXB-005,Dubai,CUST-04228,P012,Pen Pack,Stationery,1,16.08,5,16.08,0.8,15.28,Cash,Store,2026,8,August,1,Saturday,True,15.28,15.28
TXN-0049842,2026-08-01,DXB-003,Dubai,CUST-01465,P009,Backpack,Accessories,1,211.54,0,211.54,0.0,211.54,Apple Pay,Store,2026,8,August,1,Saturday,True,211.54,211.54
TXN-0049854,2026-08-01,DXB-004,Dubai,CUST-00764,P003,Headphones,Electronics,1,337.79,5,337.79,16.89,320.9,Card,Store,2026,8,August,1,Saturday,True,320.9,320.9
TXN-0049858,2026-08-01,DXB-001,Dubai,CUST-04554,P015,Tablet,Electronics,1,1295.44,5,1295.44,64.77,1230.67,Cash,Store,2026,8,August,1,Saturday,True,1230.67,1230.67
TXN-0049863,2026-08-01,DXB-003,Dubai,CUST-03162,P007,Office Chair,Furniture,1,725.08,0,725.08,0.0,725.08,Card,Store,2026,8,August,1,Saturday,True,725.08,725.08
TXN-0049888,2026-08-01,DXB-001,Dubai,CUST-01510,P005,Keyboard,Accessories,3,161.18,0,483.54,0.0,483.54,Cash,Store,2026,8,August,1,Saturday,True,483.54,161.18
TXN-0049988,2026-08-01,DXB-002,Dubai,CUST-00208,P011,Notebook,Stationery,1,26.05,0,26.05,0.0,26.05,Apple Pay,Online,2026,8,August,1,Saturday,True,26.05,26.05
TXN-0049992,2026-08-01,DXB-001,Dubai,CUST-04718,P002,Smartphone,Electronics,2,1801.77,10,3603.54,360.35,3243.19,Card,Online,2026,8,August,1,Saturday,True,3243.19,1621.6
TXN-0050065,2026-08-01,DXB-002,Dubai,CUST-07144,P014,Power Bank,Electronics,2,159.74,0,319.48,0.0,319.48,Cash,Store,2026,8,August,1,Saturday,True,319.48,159.74
TXN-0050080,2026-08-01,DXB-003,Dubai,CUST-02699,P010,Printer,Office,1,733.0,0,733.0,0.0,733.0,Apple Pay,Store,2026,8,August,1,Saturday,True,733.0,733.0
TXN-0050108,2026-08-01,DXB-001,Dubai,CUST-05325,P013,USB Drive,Accessories,3,46.07,0,138.21,0.0,138.21,Card,Store,2026,8,August,1,Saturday,True,138.21,46.07
TXN-0050110,2026-08-01,DXB-003,Dubai,CUST-00112,P015,Tablet,Electronics,1,1216.07,0,1216.07,0.0,1216.07,Card,Online,2026,8,August,1,Saturday,True,1216.07,1216.07
TXN-0050164,2026-08-01,DXB-005,Dubai,CUST-03869,P006,Mouse,Accessories,1,92.23,10,92.23,9.22,83.01,Card,Store,2026,8,August,1,Saturday,True,83.01,83.01
TXN-0050184,2026-08-01,DXB-005,Dubai,CUST-06687,P010,Printer,Office,3,752.21,5,2256.63,112.83,2143.8,Apple Pay,Online,2026,8,August,1,Saturday,True,2143.8,714.6
TXN-0050379,2026-08-01,DXB-004,Dubai,CUST-04255,P003,Headphones,Electronics,1,352.87,5,352.87,17.64,335.23,Card,Store,2026,8,August,1,Saturday,True,335.23,335.23
TXN-0050432,2026-08-01,DXB-001,Dubai,CUST-07826,P003,Headphones,Electronics,5,324.65,10,1623.25,162.32,1460.93,Card,Store,2026,8,August,1,Saturday,True,1460.93,292.19
TXN-0050469,2026-08-01,DXB-003,Dubai,CUST-06364,P011,Notebook,Stationery,1,24.0,0,24.0,0.0,24.0,Apple Pay,Online,2026,8,August,1,Saturday,True,24.0,24.0
TXN-0050605,2026-08-01,DXB-004,Dubai,CUST-04970,P014,Power Bank,Electronics,1,146.04,15,146.04,21.91,124.13,Card,Online,2026,8,August,1,Saturday,True,124.13,124.13
TXN-0050628,2026-08-01,DXB-005,Dubai,CUST-03361,P007,Office Chair,Furniture,1,680.49,0,680.49,0.0,680.49,Apple Pay,Store,2026,8,August,1,Saturday,True,680.49,680.49
TXN-0050799,2026-08-01,DXB-001,Dubai,CUST-01015,P008,Desk,Furniture,3,786.49,0,2359.47,0.0,2359.47,Card,Online,2026,8,August,1,Saturday,True,2359.47,786.49
TXN-0050882,2026-08-01,DXB-005,Dubai,CUST-03840,P006,Mouse,Accessories,2,83.16,20,166.32,33.26,133.06,Card,Online,2026,8,August,1,Saturday,True,133.06,66.53
TXN-0050910,2026-08-01,DXB-004,Dubai,CUST-03604,P004,Monitor,Electronics,2,936.39,0,1872.78,0.0,1872.78,Card,Online,2026,8,August,1,Saturday,True,1872.78,936.39
TXN-0050930,2026-08-01,DXB-001,Dubai,CUST-00961,P001,Laptop,Electronics,2,2789.63,5,5579.26,278.96,5300.3,Card,Store,2026,8,August,1,Saturday,True,5300.3,2650.15
TXN-0050965,2026-08-01,DXB-004,Dubai,CUST-07696,P002,Smartphone,Electronics,2,1928.53,0,3857.06,0.0,3857.06,Card,Online,2026,8,August,1,Saturday,True,3857.06,1928.53
TXN-0050976,2026-08-01,DXB-005,Dubai,CUST-06688,P003,Headphones,Electronics,1,347.83,5,347.83,17.39,330.44,Card,Store,2026,8,August,1,Saturday,True,330.44,330.44
TXN-0050990,2026-08-01,DXB-005,Dubai,CUST-02641,P004,Monitor,Electronics,2,790.29,0,1580.58,0.0,1580.58,Apple Pay,Store,2026,8,August,1,Saturday,True,1580.58,790.29
TXN-0050993,2026-08-01,DXB-005,Dubai,CUST-00141,P012,Pen Pack,Stationery,5,14.24,10,71.2,7.12,64.08,Card,Store,2026,8,August,1,Saturday,True,64.08,12.82
TXN-0051009,2026-08-01,DXB-002,Dubai,CUST-07882,P002,Smartphone,Electronics,3,1823.93,15,5471.79,820.77,4651.02,Card,Store,2026,8,August,1,Saturday,True,4651.02,1550.34
TXN-0051061,2026-08-01,DXB-003,Dubai,CUST-04908,P005,Keyboard,Accessories,1,179.91,10,179.91,17.99,161.92,Apple Pay,Store,2026,8,August,1,Saturday,True,161.92,161.92
TXN-0051102,2026-08-01,DXB-005,Dubai,CUST-02996,P012,Pen Pack,Stationery,1,14.58,5,14.58,0.73,13.85,Bank Transfer,Store,2026,8,August,1,Saturday,True,13.85,13.85
TXN-0051134,2026-08-01,DXB-002,Dubai,CUST-02307,P007,Office Chair,Furniture,1,682.38,0,682.38,0.0,682.38,Card,Store,2026,8,August,1,Saturday,True,682.38,682.38
TXN-0051174,2026-08-01,DXB-001,Dubai,CUST-00718,P005,Keyboard,Accessories,3,155.15,0,465.45,0.0,465.45,Card,Store,2026,8,August,1,Saturday,True,465.45,155.15
TXN-0051242,2026-08-01,DXB-001,Dubai,CUST-04645,P011,Notebook,Stationery,1,24.13,0,24.13,0.0,24.13,Card,Store,2026,8,August,1,Saturday,True,24.13,24.13
TXN-0051314,2026-08-01,DXB-002,Dubai,CUST-07365,P003,Headphones,Electronics,2,348.91,5,697.82,34.89,662.93,Cash,Online,2026,8,August,1,Saturday,True,662.93,331.46
TXN-0051480,2026-08-01,DXB-002,Dubai,CUST-06238,P005,Keyboard,Accessories,1,179.67,10,179.67,17.97,161.7,Cash,Store,2026,8,August,1,Saturday,True,161.7,161.7
TXN-0051537,2026-08-01,DXB-005,Dubai,CUST-07182,P004,Monitor,Electronics,1,885.26,0,885.26,0.0,885.26,Bank Transfer,Online,2026,8,August,1,Saturday,True,885.26,885.26
TXN-0051564,2026-08-01,DXB-001,Dubai,CUST-03385,P003,Headphones,Electronics,2,350.63,10,701.26,70.13,631.13,Apple Pay,Store,2026,8,August,1,Saturday,True,631.13,315.56
TXN-0051622,2026-08-01,DXB-004,Dubai,CUST-04890,P014,Power Bank,Electronics,4,153.41,10,613.64,61.36,552.28,Card,Online,2026,8,August,1,Saturday,True,552.28,138.07
TXN-0051712,2026-08-01,DXB-002,Dubai,CUST-02245,P005,Keyboard,Accessories,3,172.77,0,518.31,0.0,518.31,Card,Store,2026,8,August,1,Saturday,True,518.31,172.77
TXN-0051733,2026-08-01,DXB-001,Dubai,CUST-00618,P001,Laptop,Electronics,1,2740.76,5,2740.76,137.04,2603.72,Card,Online,2026,8,August,1,Saturday,True,2603.72,2603.72
TXN-0051937,2026-08-01,DXB-002,Dubai,CUST-07135,P015,Tablet,Electronics,2,1228.1,5,2456.2,122.81,2333.39,Cash,Store,2026,8,August,1,Saturday,True,2333.39,1166.7
TXN-0051973,2026-08-01,DXB-001,Dubai,CUST-07738,P012,Pen Pack,Stationery,4,15.21,15,60.84,9.13,51.71,Card,Store,2026,8,August,1,Saturday,True,51.71,12.93
TXN-0051991,2026-08-01,DXB-004,Dubai,CUST-00856,P008,Desk,Furniture,2,812.75,0,1625.5,0.0,1625.5,Card,Store,2026,8,August,1,Saturday,True,1625.5,812.75
TXN-0051992,2026-08-01,DXB-003,Dubai,CUST-02833,P010,Printer,Office,2,703.61,15,1407.22,211.08,1196.14,Card,Store,2026,8,August,1,Saturday,True,1196.14,598.07
TXN-0052046,2026-08-01,DXB-001,Dubai,CUST-06705,P001,Laptop,Electronics,2,3048.06,5,6096.12,304.81,5791.31,Card,Store,2026,8,August,1,Saturday,True,5791.31,2895.66
TXN-0052155,2026-08-01,DXB-003,Dubai,CUST-00563,P011,Notebook,Stationery,5,22.93,10,114.65,11.46,103.19,Cash,Store,2026,8,August,1,Saturday,True,103.19,20.64
TXN-0052202,2026-08-01,DXB-004,Dubai,CUST-07548,P005,Keyboard,Accessories,2,172.14,15,344.28,51.64,292.64,Bank Transfer,Online,2026,8,August,1,Saturday,True,292.64,146.32
TXN-0052258,2026-08-01,DXB-004,Dubai,CUST-03230,P008,Desk,Furniture,1,852.61,0,852.61,0.0,852.61,Apple Pay,Online,2026,8,August,1,Saturday,True,852.61,852.61
TXN-0052284,2026-08-01,DXB-004,Dubai,CUST-07709,P014,Power Bank,Electronics,4,139.66,10,558.64,55.86,502.78,Cash,Store,2026,8,August,1,Saturday,True,502.78,125.7
TXN-0052287,2026-08-01,DXB-002,Dubai,CUST-01525,P004,Monitor,Electronics,3,967.66,5,2902.98,145.15,2757.83,Apple Pay,Online,2026,8,August,1,Saturday,True,2757.83,919.28
TXN-0052439,2026-08-01,DXB-004,Dubai,CUST-07683,P004,Monitor,Electronics,2,942.88,0,1885.76,0.0,1885.76,Cash,Store,2026,8,August,1,Saturday,True,1885.76,942.88
TXN-0052449,2026-08-01,DXB-004,Dubai,CUST-05445,P010,Printer,Office,2,753.18,5,1506.36,75.32,1431.04,Cash,Store,2026,8,August,1,Saturday,True,1431.04,715.52
TXN-0052459,2026-08-01,DXB-001,Dubai,CUST-00234,P007,Office Chair,Furniture,1,669.61,5,669.61,33.48,636.13,Card,Store,2026,8,August,1,Saturday,True,636.13,636.13
TXN-0052516,2026-08-01,DXB-005,Dubai,CUST-05866,P008,Desk,Furniture,1,919.74,5,919.74,45.99,873.75,Cash,Store,2026,8,August,1,Saturday,True,873.75,873.75
TXN-0052606,2026-08-01,DXB-003,Dubai,CUST-02320,P010,Printer,Office,1,678.96,15,678.96,101.84,577.12,Card,Online,2026,8,August,1,Saturday,True,577.12,577.12
TXN-0052609,2026-08-01,DXB-004,Dubai,CUST-00113,P005,Keyboard,Accessories,3,159.75,0,479.25,0.0,479.25,Card,Store,2026,8,August,1,Saturday,True,479.25,159.75
TXN-0052627,2026-08-01,DXB-002,Dubai,CUST-04613,P004,Monitor,Electronics,4,870.05,0,3480.2,0.0,3480.2,Card,Store,2026,8,August,1,Saturday,True,3480.2,870.05
TXN-0052628,2026-08-01,DXB-005,Dubai,CUST-03783,P011,Notebook,Stationery,3,24.73,10,74.19,7.42,66.77,Card,Online,2026,8,August,1,Saturday,True,66.77,22.26
TXN-0052663,2026-08-01,DXB-003,Dubai,CUST-05823,P012,Pen Pack,Stationery,1,14.49,0,14.49,0.0,14.49,Apple Pay,Store,2026,8,August,1,Saturday,True,14.49,14.49
TXN-0052744,2026-08-01,DXB-001,Dubai,CUST-02646,P001,Laptop,Electronics,1,2979.76,15,2979.76,446.96,2532.8,Card,Store,2026,8,August,1,Saturday,True,2532.8,2532.8
TXN-0052938,2026-08-01,DXB-005,Dubai,CUST-02575,P013,USB Drive,Accessories,2,44.68,15,89.36,13.4,75.96,Apple Pay,Store,2026,8,August,1,Saturday,True,75.96,37.98
TXN-0052972,2026-08-01,DXB-001,Dubai,CUST-03579,P007,Office Chair,Furniture,2,689.84,0,1379.68,0.0,1379.68,Card,Store,2026,8,August,1,Saturday,True,1379.68,689.84
TXN-0053072,2026-08-01,DXB-005,Dubai,CUST-04434,P005,Keyboard,Accessories,1,173.74,0,173.74,0.0,173.74,Cash,Online,2026,8,August,1,Saturday,True,173.74,173.74
TXN-0053197,2026-08-01,DXB-001,Dubai,CUST-05210,P005,Keyboard,Accessories,1,182.21,0,182.21,0.0,182.21,Apple Pay,Store,2026,8,August,1,Saturday,True,182.21,182.21
TXN-0053208,2026-08-01,DXB-003,Dubai,CUST-02794,P005,Keyboard,Accessories,1,179.92,5,179.92,9.0,170.92,Apple Pay,Store,2026,8,August,1,Saturday,True,170.92,170.92
TXN-0053225,2026-08-01,DXB-001,Dubai,CUST-02378,P009,Backpack,Accessories,3,227.59,5,682.77,34.14,648.63,Bank Transfer,Store,2026,8,August,1,Saturday,True,648.63,216.21
TXN-0053363,2026-08-01,DXB-001,Dubai,CUST-07552,P007,Office Chair,Furniture,1,653.54,15,653.54,98.03,555.51,Bank Transfer,Store,2026,8,August,1,Saturday,True,555.51,555.51
TXN-0053436,2026-08-01,DXB-005,Dubai,CUST-07544,P011,Notebook,Stationery,1,24.76,0,24.76,0.0,24.76,Card,Store,2026,8,August,1,Saturday,True,24.76,24.76
TXN-0053486,2026-08-01,DXB-002,Dubai,CUST-05310,P004,Monitor,Electronics,4,944.69,0,3778.76,0.0,3778.76,Bank Transfer,Online,2026,8,August,1,Saturday,True,3778.76,944.69
TXN-0053606,2026-08-01,DXB-002,Dubai,CUST-05377,P011,Notebook,Stationery,1,24.88,0,24.88,0.0,24.88,Apple Pay,Store,2026,8,August,1,Saturday,True,24.88,24.88
TXN-0053611,2026-08-01,DXB-001,Dubai,CUST-07948,P009,Backpack,Accessories,1,206.8,0,206.8,0.0,206.8,Card,Store,2026,8,August,1,Saturday,True,206.8,206.8
TXN-0053626,2026-08-01,DXB-001,Dubai,CUST-01643,P013,USB Drive,Accessories,2,48.04,5,96.08,4.8,91.28,Cash,Store,2026,8,August,1,Saturday,True,91.28,45.64
TXN-0053751,2026-08-01,DXB-004,Dubai,CUST-07588,P012,Pen Pack,Stationery,1,16.21,0,16.21,0.0,16.21,Card,Store,2026,8,August,1,Saturday,True,16.21,16.21
TXN-0053760,2026-08-01,DXB-005,Dubai,CUST-03661,P004,Monitor,Electronics,3,851.22,0,2553.66,0.0,2553.66,Card,Store,2026,8,August,1,Saturday,True,2553.66,851.22
TXN-0053796,2026-08-01,DXB-001,Dubai,CUST-04606,P008,Desk,Furniture,1,809.98,20,809.98,162.0,647.98,Cash,Store,2026,8,August,1,Saturday,True,647.98,647.98
TXN-0053856,2026-08-01,DXB-002,Dubai,CUST-00044,P001,Laptop,Electronics,2,2958.15,0,5916.3,0.0,5916.3,Card,Online,2026,8,August,1,Saturday,True,5916.3,2958.15
TXN-0053938,2026-08-01,DXB-005,Dubai,CUST-00392,P007,Office Chair,Furniture,1,560.09,0,560.09,0.0,560.09,Bank Transfer,Store,2026,8,August,1,Saturday,True,560.09,560.09
TXN-0053979,2026-08-01,DXB-002,Dubai,CUST-05120,P005,Keyboard,Accessories,2,176.9,5,353.8,17.69,336.11,Apple Pay,Online,2026,8,August,1,Saturday,True,336.11,168.06
TXN-0054141,2026-08-01,DXB-004,Dubai,CUST-07069,P003,Headphones,Electronics,1,346.87,0,346.87,0.0,346.87,Card,Store,2026,8,August,1,Saturday,True,346.87,346.87
TXN-0054155,2026-08-01,DXB-002,Dubai,CUST-00977,P009,Backpack,Accessories,1,212.7,5,212.7,10.64,202.06,Card,Store,2026,8,August,1,Saturday,True,202.06,202.06
TXN-0054178,2026-08-01,DXB-004,Dubai,CUST-03405,P015,Tablet,Electronics,2,1154.42,0,2308.84,0.0,2308.84,Apple Pay,Store,2026,8,August,1,Saturday,True,2308.84,1154.42
TXN-0054257,2026-08-01,DXB-002,Dubai,CUST-05858,P011,Notebook,Stationery,3,23.25,0,69.75,0.0,69.75,Card,Online,2026,8,August,1,Saturday,True,69.75,23.25
TXN-0054362,2026-08-01,DXB-003,Dubai,CUST-04886,P014,Power Bank,Electronics,1,135.89,15,135.89,20.38,115.51,Cash,Store,2026,8,August,1,Saturday,True,115.51,115.51
TXN-0054442,2026-08-01,DXB-003,Dubai,CUST-00129,P012,Pen Pack,Stationery,1,15.48,0,15.48,0.0,15.48,Card,Store,2026,8,August,1,Saturday,True,15.48,15.48
TXN-0054616,2026-08-01,DXB-001,Dubai,CUST-02065,P006,Mouse,Accessories,1,109.6,5,109.6,5.48,104.12,Apple Pay,Store,2026,8,August,1,Saturday,True,104.12,104.12
TXN-0054624,2026-08-01,DXB-002,Dubai,CUST-00482,P013,USB Drive,Accessories,2,43.43,5,86.86,4.34,82.52,Bank Transfer,Online,2026,8,August,1,Saturday,True,82.52,41.26
TXN-0054733,2026-08-01,DXB-004,Dubai,CUST-01267,P001,Laptop,Electronics,1,2625.55,10,2625.55,262.56,2362.99,Bank Transfer,Store,2026,8,August,1,Saturday,True,2362.99,2362.99
TXN-0054861,2026-08-01,DXB-002,Dubai,CUST-03457,P003,Headphones,Electronics,1,377.35,0,377.35,0.0,377.35,Card,Online,2026,8,August,1,Saturday,True,377.35,377.35
TXN-0055064,2026-08-01,DXB-002,Dubai,CUST-05617,P006,Mouse,Accessories,1,97.26,0,97.26,0.0,97.26,Cash,Store,2026,8,August,1,Saturday,True,97.26,97.26
TXN-0055102,2026-08-01,DXB-002,Dubai,CUST-06703,P006,Mouse,Accessories,1,101.3,0,101.3,0.0,101.3,Cash,Store,2026,8,August,1,Saturday,True,101.3,101.3
TXN-0055136,2026-08-01,DXB-002,Dubai,CUST-01026,P001,Laptop,Electronics,2,2965.06,10,5930.12,593.01,5337.11,Card,Store,2026,8,August,1,Saturday,True,5337.11,2668.56
TXN-0055427,2026-08-01,DXB-004,Dubai,CUST-07788,P007,Office Chair,Furniture,1,680.65,10,680.65,68.06,612.59,Card,Store,2026,8,August,1,Saturday,True,612.59,612.59
TXN-0055544,2026-08-01,DXB-005,Dubai,CUST-05022,P012,Pen Pack,Stationery,3,14.59,5,43.77,2.19,41.58,Apple Pay,Store,2026,8,August,1,Saturday,True,41.58,13.86
TXN-0055633,2026-08-01,DXB-001,Dubai,CUST-01915,P011,Notebook,Stationery,1,26.0,15,26.0,3.9,22.1,Card,Store,2026,8,August,1,Saturday,True,22.1,22.1
TXN-0055636,2026-08-01,DXB-002,Dubai,CUST-06903,P002,Smartphone,Electronics,2,1698.84,0,3397.68,0.0,3397.68,Card,Store,2026,8,August,1,Saturday,True,3397.68,1698.84
TXN-0055647,2026-08-01,DXB-003,Dubai,CUST-00925,P013,USB Drive,Accessories,2,41.85,10,83.7,8.37,75.33,Apple Pay,Store,2026,8,August,1,Saturday,True,75.33,37.66
TXN-0055679,2026-08-01,DXB-005,Dubai,CUST-06754,P010,Printer,Office,2,694.19,10,1388.38,138.84,1249.54,Card,Online,2026,8,August,1,Saturday,True,1249.54,624.77
TXN-0055763,2026-08-01,DXB-004,Dubai,CUST-03459,P012,Pen Pack,Stationery,1,15.72,0,15.72,0.0,15.72,Apple Pay,Store,2026,8,August,1,Saturday,True,15.72,15.72
TXN-0055948,2026-08-01,DXB-001,Dubai,CUST-02850,P011,Notebook,Stationery,2,27.12,15,54.24,8.14,46.1,Cash,Store,2026,8,August,1,Saturday,True,46.1,23.05
TXN-0056038,2026-08-01,DXB-002,Dubai,CUST-01595,P012,Pen Pack,Stationery,1,14.98,0,14.98,0.0,14.98,Cash,Online,2026,8,August,1,Saturday,True,14.98,14.98
TXN-0056113,2026-08-01,DXB-001,Dubai,CUST-01647,P001,Laptop,Electronics,3,2641.82,10,7925.46,792.55,7132.91,Cash,Store,2026,8,August,1,Saturday,True,7132.91,2377.64
TXN-0056181,2026-08-01,DXB-002,Dubai,CUST-01550,P009,Backpack,Accessories,1,210.18,10,210.18,21.02,189.16,Card,Store,2026,8,August,1,Saturday,True,189.16,189.16
TXN-0056207,2026-08-01,DXB-002,Dubai,CUST-02691,P010,Printer,Office,1,656.31,15,656.31,98.45,557.86,Card,Online,2026,8,August,1,Saturday,True,557.86,557.86
TXN-0056350,2026-08-01,DXB-001,Dubai,CUST-00987,P004,Monitor,Electronics,3,954.56,15,2863.68,429.55,2434.13,Card,Store,2026,8,August,1,Saturday,True,2434.13,811.38
TXN-0056523,2026-08-01,DXB-003,Dubai,CUST-07047,P004,Monitor,Electronics,1,951.57,20,951.57,190.31,761.26,Cash,Store,2026,8,August,1,Saturday,True,761.26,761.26
TXN-0056584,2026-08-01,DXB-005,Dubai,CUST-05177,P005,Keyboard,Accessories,1,172.89,0,172.89,0.0,172.89,Apple Pay,Store,2026,8,August,1,Saturday,True,172.89,172.89
TXN-0056618,2026-08-01,DXB-001,Dubai,CUST-00488,P013,USB Drive,Accessories,4,41.92,0,167.68,0.0,167.68,Apple Pay,Store,2026,8,August,1,Saturday,True,167.68,41.92
TXN-0056678,2026-08-01,DXB-002,Dubai,CUST-01081,P009,Backpack,Accessories,2,233.56,0,467.12,0.0,467.12,Card,Online,2026,8,August,1,Saturday,True,467.12,233.56
TXN-0056703,2026-08-01,DXB-003,Dubai,CUST-03930,P012,Pen Pack,Stationery,2,14.87,10,29.74,2.97,26.77,Card,Store,2026,8,August,1,Saturday,True,26.77,13.38
TXN-0056714,2026-08-01,DXB-004,Dubai,CUST-07535,P008,Desk,Furniture,1,770.91,10,770.91,77.09,693.82,Card,Store,2026,8,August,1,Saturday,True,693.82,693.82
TXN-0056926,2026-08-01,DXB-004,Dubai,CUST-04381,P013,USB Drive,Accessories,1,41.03,5,41.03,2.05,38.98,Card,Store,2026,8,August,1,Saturday,True,38.98,38.98
TXN-0056999,2026-08-01,DXB-002,Dubai,CUST-00247,P007,Office Chair,Furniture,4,739.95,10,2959.8,295.98,2663.82,Card,Store,2026,8,August,1,Saturday,True,2663.82,665.96
TXN-0057144,2026-08-01,DXB-002,Dubai,CUST-05185,P007,Office Chair,Furniture,2,653.64,10,1307.28,130.73,1176.55,Card,Store,2026,8,August,1,Saturday,True,1176.55,588.28
TXN-0057308,2026-08-01,DXB-003,Dubai,CUST-05006,P014,Power Bank,Electronics,2,152.18,5,304.36,15.22,289.14,Card,Online,2026,8,August,1,Saturday,True,289.14,144.57
TXN-0057312,2026-08-01,DXB-005,Dubai,CUST-04857,P002,Smartphone,Electronics,2,1805.27,10,3610.54,361.05,3249.49,Bank Transfer,Store,2026,8,August,1,Saturday,True,3249.49,1624.74
TXN-0057339,2026-08-01,DXB-002,Dubai,CUST-03851,P002,Smartphone,Electronics,1,1862.2,0,1862.2,0.0,1862.2,Apple Pay,Store,2026,8,August,1,Saturday,True,1862.2,1862.2
TXN-0057454,2026-08-01,DXB-002,Dubai,CUST-04960,P005,Keyboard,Accessories,1,176.94,5,176.94,8.85,168.09,Cash,Store,2026,8,August,1,Saturday,True,168.09,168.09
TXN-0057465,2026-08-01,DXB-004,Dubai,CUST-02649,P005,Keyboard,Accessories,1,173.74,5,173.74,8.69,165.05,Card,Online,2026,8,August,1,Saturday,True,165.05,165.05
TXN-0057558,2026-08-01,DXB-001,Dubai,CUST-05294,P001,Laptop,Electronics,1,2576.59,5,2576.59,128.83,2447.76,Card,Store,2026,8,August,1,Saturday,True,2447.76,2447.76
TXN-0057579,2026-08-01,DXB-001,Dubai,CUST-06652,P003,Headphones,Electronics,5,340.18,10,1700.9,170.09,1530.81,Cash,Store,2026,8,August,1,Saturday,True,1530.81,306.16
TXN-0057610,2026-08-01,DXB-004,Dubai,CUST-04768,P001,Laptop,Electronics,3,2959.82,10,8879.46,887.95,7991.51,Cash,Store,2026,8,August,1,Saturday,True,7991.51,2663.84
TXN-0057706,2026-08-01,DXB-003,Dubai,CUST-06698,P013,USB Drive,Accessories,5,49.01,0,245.05,0.0,245.05,Apple Pay,Store,2026,8,August,1,Saturday,True,245.05,49.01
TXN-0057750,2026-08-01,DXB-005,Dubai,CUST-01992,P015,Tablet,Electronics,3,1193.48,0,3580.44,0.0,3580.44,Card,Store,2026,8,August,1,Saturday,True,3580.44,1193.48
TXN-0057751,2026-08-01,DXB-004,Dubai,CUST-06560,P015,Tablet,Electronics,1,1213.9,10,1213.9,121.39,1092.51,Card,Online,2026,8,August,1,Saturday,True,1092.51,1092.51
TXN-0057796,2026-08-01,DXB-002,Dubai,CUST-06786,P015,Tablet,Electronics,2,1087.87,0,2175.74,0.0,2175.74,Apple Pay,Store,2026,8,August,1,Saturday,True,2175.74,1087.87
TXN-0057912,2026-08-01,DXB-001,Dubai,CUST-04259,P011,Notebook,Stationery,2,26.12,10,52.24,5.22,47.02,Card,Store,2026,8,August,1,Saturday,True,47.02,23.51
TXN-0057918,2026-08-01,DXB-001,Dubai,CUST-04959,P013,USB Drive,Accessories,1,45.31,5,45.31,2.27,43.04,Cash,Online,2026,8,August,1,Saturday,True,43.04,43.04
TXN-0057947,2026-08-01,DXB-001,Dubai,CUST-05011,P006,Mouse,Accessories,3,106.61,10,319.83,31.98,287.85,Apple Pay,Store,2026,8,August,1,Saturday,True,287.85,95.95
TXN-0058015,2026-08-01,DXB-005,Dubai,CUST-06891,P009,Backpack,Accessories,1,218.72,15,218.72,32.81,185.91,Bank Transfer,Store,2026,8,August,1,Saturday,True,185.91,185.91
TXN-0058027,2026-08-01,DXB-001,Dubai,CUST-03757,P002,Smartphone,Electronics,2,1883.47,0,3766.94,0.0,3766.94,Bank Transfer,Store,2026,8,August,1,Saturday,True,3766.94,1883.47
TXN-0058218,2026-08-01,DXB-005,Dubai,CUST-05459,P012,Pen Pack,Stationery,3,14.38,15,43.14,6.47,36.67,Cash,Store,2026,8,August,1,Saturday,True,36.67,12.22
TXN-0058225,2026-08-01,DXB-005,Dubai,CUST-01438,P009,Backpack,Accessories,1,208.89,15,208.89,31.33,177.56,Card,Online,2026,8,August,1,Saturday,True,177.56,177.56
TXN-0058257,2026-08-01,DXB-002,Dubai,CUST-03809,P002,Smartphone,Electronics,1,1787.73,0,1787.73,0.0,1787.73,Card,Store,2026,8,August,1,Saturday,True,1787.73,1787.73
TXN-0058314,2026-08-01,DXB-004,Dubai,CUST-04600,P001,Laptop,Electronics,3,2450.26,10,7350.78,735.08,6615.7,Cash,Online,2026,8,August,1,Saturday,True,6615.7,2205.23
TXN-0058376,2026-08-01,DXB-003,Dubai,CUST-07952,P002,Smartphone,Electronics,3,1761.87,0,5285.61,0.0,5285.61,Card,Store,2026,8,August,1,Saturday,True,5285.61,1761.87
TXN-0058446,2026-08-01,DXB-005,Dubai,CUST-07342,P004,Monitor,Electronics,4,928.26,5,3713.04,185.65,3527.39,Cash,Store,2026,8,August,1,Saturday,True,3527.39,881.85
TXN-0058477,2026-08-01,DXB-002,Dubai,CUST-02029,P004,Monitor,Electronics,1,887.97,0,887.97,0.0,887.97,Card,Store,2026,8,August,1,Saturday,True,887.97,887.97
TXN-0058486,2026-08-01,DXB-002,Dubai,CUST-06006,P009,Backpack,Accessories,1,240.85,5,240.85,12.04,228.81,Card,Online,2026,8,August,1,Saturday,True,228.81,228.81
TXN-0058559,2026-08-01,DXB-001,Dubai,CUST-04309,P006,Mouse,Accessories,1,102.44,5,102.44,5.12,97.32,Cash,Store,2026,8,August,1,Saturday,True,97.32,97.32
TXN-0058610,2026-08-01,DXB-002,Dubai,CUST-03285,P011,Notebook,Stationery,1,25.93,20,25.93,5.19,20.74,Card,Store,2026,8,August,1,Saturday,True,20.74,20.74
TXN-0058616,2026-08-01,DXB-003,Dubai,CUST-00795,P012,Pen Pack,Stationery,5,15.35,10,76.75,7.68,69.07,Card,Store,2026,8,August,1,Saturday,True,69.07,13.81
TXN-0058629,2026-08-01,DXB-001,Dubai,CUST-05890,P011,Notebook,Stationery,1,25.01,0,25.01,0.0,25.01,Cash,Online,2026,8,August,1,Saturday,True,25.01,25.01
TXN-0058641,2026-08-01,DXB-001,Dubai,CUST-06656,P008,Desk,Furniture,5,805.78,5,4028.9,201.44,3827.46,Card,Online,2026,8,August,1,Saturday,True,3827.46,765.49
TXN-0058657,2026-08-01,DXB-005,Dubai,CUST-07192,P013,USB Drive,Accessories,3,43.51,0,130.53,0.0,130.53,Card,Store,2026,8,August,1,Saturday,True,130.53,43.51
TXN-0058678,2026-08-01,DXB-003,Dubai,CUST-00575,P015,Tablet,Electronics,2,1056.93,10,2113.86,211.39,1902.47,Card,Store,2026,8,August,1,Saturday,True,1902.47,951.24
TXN-0058755,2026-08-01,DXB-004,Dubai,CUST-07518,P009,Backpack,Accessories,2,210.21,0,420.42,0.0,420.42,Apple Pay,Store,2026,8,August,1,Saturday,True,420.42,210.21
TXN-0058852,2026-08-01,DXB-002,Dubai,CUST-05736,P009,Backpack,Accessories,1,194.38,10,194.38,19.44,174.94,Card,Store,2026,8,August,1,Saturday,True,174.94,174.94
TXN-0058908,2026-08-01,DXB-003,Dubai,CUST-01665,P009,Backpack,Accessories,4,200.36,10,801.44,80.14,721.3,Card,Store,2026,8,August,1,Saturday,True,721.3,180.32
TXN-0059001,2026-08-01,DXB-003,Dubai,CUST-05407,P003,Headphones,Electronics,1,369.45,15,369.45,55.42,314.03,Card,Store,2026,8,August,1,Saturday,True,314.03,314.03
TXN-0059036,2026-08-01,DXB-005,Dubai,CUST-06907,P002,Smartphone,Electronics,6,1648.33,10,9889.98,989.0,8900.98,Card,Store,2026,8,August,1,Saturday,True,8900.98,1483.5
TXN-0059073,2026-08-01,DXB-004,Dubai,CUST-02447,P004,Monitor,Electronics,2,936.08,15,1872.16,280.82,1591.34,Card,Store,2026,8,August,1,Saturday,True,1591.34,795.67
TXN-0059179,2026-08-01,DXB-001,Dubai,CUST-01501,P013,USB Drive,Accessories,1,44.81,0,44.81,0.0,44.81,Bank Transfer,Store,2026,8,August,1,Saturday,True,44.81,44.81
TXN-0059216,2026-08-01,DXB-004,Dubai,CUST-05668,P014,Power Bank,Electronics,1,147.81,0,147.81,0.0,147.81,Card,Online,2026,8,August,1,Saturday,True,147.81,147.81
TXN-0059244,2026-08-01,DXB-001,Dubai,CUST-04623,P011,Notebook,Stationery,2,24.88,0,49.76,0.0,49.76,Cash,Online,2026,8,August,1,Saturday,True,49.76,24.88
TXN-0059252,2026-08-01,DXB-003,Dubai,CUST-07113,P008,Desk,Furniture,5,797.72,0,3988.6,0.0,3988.6,Cash,Online,2026,8,August,1,Saturday,True,3988.6,797.72
TXN-0059303,2026-08-01,DXB-002,Dubai,CUST-05804,P003,Headphones,Electronics,3,376.08,5,1128.24,56.41,1071.83,Apple Pay,Store,2026,8,August,1,Saturday,True,1071.83,357.28
TXN-0059382,2026-08-01,DXB-003,Dubai,CUST-04827,P002,Smartphone,Electronics,1,1902.74,5,1902.74,95.14,1807.6,Apple Pay,Online,2026,8,August,1,Saturday,True,1807.6,1807.6
TXN-0059386,2026-08-01,DXB-001,Dubai,CUST-05911,P003,Headphones,Electronics,5,364.86,5,1824.3,91.22,1733.08,Card,Store,2026,8,August,1,Saturday,True,1733.08,346.62
TXN-0059388,2026-08-01,DXB-004,Dubai,CUST-07345,P001,Laptop,Electronics,2,2641.23,0,5282.46,0.0,5282.46,Cash,Store,2026,8,August,1,Saturday,True,5282.46,2641.23
TXN-0059401,2026-08-01,DXB-001,Dubai,CUST-05170,P006,Mouse,Accessories,5,94.07,5,470.35,23.52,446.83,Card,Store,2026,8,August,1,Saturday,True,446.83,89.37
TXN-0059437,2026-08-01,DXB-003,Dubai,CUST-06536,P002,Smartphone,Electronics,3,1791.76,10,5375.28,537.53,4837.75,Bank Transfer,Store,2026,8,August,1,Saturday,True,4837.75,1612.58
TXN-0059453,2026-08-01,DXB-004,Dubai,CUST-00810,P006,Mouse,Accessories,1,90.52,0,90.52,0.0,90.52,Cash,Online,2026,8,August,1,Saturday,True,90.52,90.52
TXN-0059560,2026-08-01,DXB-001,Dubai,CUST-03084,P013,USB Drive,Accessories,1,44.9,10,44.9,4.49,40.41,Card,Store,2026,8,August,1,Saturday,True,40.41,40.41
TXN-0059581,2026-08-01,DXB-005,Dubai,CUST-03343,P003,Headphones,Electronics,3,323.88,15,971.64,145.75,825.89,Cash,Online,2026,8,August,1,Saturday,True,825.89,275.3
TXN-0059652,2026-08-01,DXB-004,Dubai,CUST-07210,P005,Keyboard,Accessories,2,174.4,10,348.8,34.88,313.92,Apple Pay,Store,2026,8,August,1,Saturday,True,313.92,156.96
TXN-0059722,2026-08-01,DXB-001,Dubai,CUST-00161,P006,Mouse,Accessories,3,106.36,0,319.08,0.0,319.08,Bank Transfer,Online,2026,8,August,1,Saturday,True,319.08,106.36
TXN-0059764,2026-08-01,DXB-003,Dubai,CUST-05608,P004,Monitor,Electronics,3,919.13,0,2757.39,0.0,2757.39,Apple Pay,Store,2026,8,August,1,Saturday,True,2757.39,919.13
TXN-0059812,2026-08-01,DXB-001,Dubai,CUST-02612,P010,Printer,Office,3,703.95,0,2111.85,0.0,2111.85,Cash,Store,2026,8,August,1,Saturday,True,2111.85,703.95
TXN-0059853,2026-08-01,DXB-001,Dubai,CUST-06793,P015,Tablet,Electronics,1,1229.12,0,1229.12,0.0,1229.12,Card,Store,2026,8,August,1,Saturday,True,1229.12,1229.12
TXN-0059864,2026-08-01,DXB-001,Dubai,CUST-07603,P006,Mouse,Accessories,2,99.08,0,198.16,0.0,198.16,Card,Store,2026,8,August,1,Saturday,True,198.16,99.08
TXN-0059867,2026-08-01,DXB-001,Dubai,CUST-06642,P012,Pen Pack,Stationery,1,14.95,5,14.95,0.75,14.2,Card,Store,2026,8,August,1,Saturday,True,14.2,14.2
TXN-0059882,2026-08-01,DXB-003,Dubai,CUST-04551,P001,Laptop,Electronics,1,2986.89,0,2986.89,0.0,2986.89,Card,Store,2026,8,August,1,Saturday,True,2986.89,2986.89
TXN-0059896,2026-08-01,DXB-003,Dubai,CUST-06913,P003,Headphones,Electronics,2,374.18,15,748.36,112.25,636.11,Cash,Store,2026,8,August,1,Saturday,True,636.11,318.06
TXN-0059898,2026-08-01,DXB-001,Dubai,CUST-06457,P003,Headphones,Electronics,5,362.77,0,1813.85,0.0,1813.85,Apple Pay,Store,2026,8,August,1,Saturday,True,1813.85,362.77
TXN-0059960,2026-08-01,DXB-001,Dubai,CUST-01368,P009,Backpack,Accessories,1,241.91,0,241.91,0.0,241.91,Cash,Store,2026,8,August,1,Saturday,True,241.91,241.91
TXN-0060027,2026-08-01,DXB-001,Dubai,CUST-00263,P015,Tablet,Electronics,4,1092.91,5,4371.64,218.58,4153.06,Card,Store,2026,8,August,1,Saturday,True,4153.06,1038.27
TXN-0060074,2026-08-01,DXB-004,Dubai,CUST-03879,P011,Notebook,Stationery,1,25.08,10,25.08,2.51,22.57,Card,Store,2026,8,August,1,Saturday,True,22.57,22.57
TXN-0060132,2026-08-01,DXB-003,Dubai,CUST-07527,P003,Headphones,Electronics,1,376.84,15,376.84,56.53,320.31,Card,Store,2026,8,August,1,Saturday,True,320.31,320.31
TXN-0060142,2026-08-01,DXB-005,Dubai,CUST-07647,P013,USB Drive,Accessories,1,42.91,0,42.91,0.0,42.91,Card,Store,2026,8,August,1,Saturday,True,42.91,42.91
TXN-0060163,2026-08-01,DXB-001,Dubai,CUST-03633,P005,Keyboard,Accessories,1,167.8,10,167.8,16.78,151.02,Card,Online,2026,8,August,1,Saturday,True,151.02,151.02
TXN-0060232,2026-08-01,DXB-001,Dubai,CUST-03140,P009,Backpack,Accessories,4,226.81,5,907.24,45.36,861.88,Bank Transfer,Store,2026,8,August,1,Saturday,True,861.88,215.47
TXN-0060251,2026-08-01,DXB-002,Dubai,CUST-01779,P002,Smartphone,Electronics,1,1811.43,15,1811.43,271.71,1539.72,Card,Store,2026,8,August,1,Saturday,True,1539.72,1539.72
TXN-0060326,2026-08-01,DXB-004,Dubai,CUST-04178,P008,Desk,Furniture,1,734.65,20,734.65,146.93,587.72,Card,Store,2026,8,August,1,Saturday,True,587.72,587.72
TXN-0060343,2026-08-01,DXB-003,Dubai,CUST-03970,P009,Backpack,Accessories,1,222.19,0,222.19,0.0,222.19,Card,Online,2026,8,August,1,Saturday,True,222.19,222.19
TXN-0060389,2026-08-01,DXB-004,Dubai,CUST-05793,P014,Power Bank,Electronics,4,151.09,0,604.36,0.0,604.36,Bank Transfer,Online,2026,8,August,1,Saturday,True,604.36,151.09
TXN-0060433,2026-08-01,DXB-002,Dubai,CUST-05648,P011,Notebook,Stationery,1,23.32,0,23.32,0.0,23.32,Apple Pay,Store,2026,8,August,1,Saturday,True,23.32,23.32
TXN-0060482,2026-08-01,DXB-003,Dubai,CUST-01213,P013,USB Drive,Accessories,3,45.75,5,137.25,6.86,130.39,Card,Store,2026,8,August,1,Saturday,True,130.39,43.46
TXN-0060484,2026-08-01,DXB-003,Dubai,CUST-04926,P013,USB Drive,Accessories,2,42.67,10,85.34,8.53,76.81,Cash,Store,2026,8,August,1,Saturday,True,76.81,38.4
TXN-0060485,2026-08-01,DXB-003,Dubai,CUST-05132,P006,Mouse,Accessories,1,105.18,10,105.18,10.52,94.66,Apple Pay,Online,2026,8,August,1,Saturday,True,94.66,94.66
TXN-0060543,2026-08-01,DXB-004,Dubai,CUST-06652,P001,Laptop,Electronics,2,2681.42,15,5362.84,804.43,4558.41,Card,Store,2026,8,August,1,Saturday,True,4558.41,2279.2
TXN-0060580,2026-08-01,DXB-001,Dubai,CUST-05486,P009,Backpack,Accessories,1,228.52,10,228.52,22.85,205.67,Cash,Online,2026,8,August,1,Saturday,True,205.67,205.67
TXN-0060629,2026-08-01,DXB-001,Dubai,CUST-00572,P006,Mouse,Accessories,4,110.94,5,443.76,22.19,421.57,Apple Pay,Store,2026,8,August,1,Saturday,True,421.57,105.39
TXN-0060630,2026-08-01,DXB-002,Dubai,CUST-05693,P015,Tablet,Electronics,2,1207.7,10,2415.4,241.54,2173.86,Apple Pay,Store,2026,8,August,1,Saturday,True,2173.86,1086.93
TXN-0060641,2026-08-01,DXB-004,Dubai,CUST-02290,P010,Printer,Office,3,735.23,0,2205.69,0.0,2205.69,Card,Store,2026,8,August,1,Saturday,True,2205.69,735.23
TXN-0060649,2026-08-01,DXB-003,Dubai,CUST-00031,P007,Office Chair,Furniture,1,703.67,0,703.67,0.0,703.67,Cash,Store,2026,8,August,1,Saturday,True,703.67,703.67
TXN-0060693,2026-08-01,DXB-004,Dubai,CUST-07708,P013,USB Drive,Accessories,2,50.37,10,100.74,10.07,90.67,Card,Store,2026,8,August,1,Saturday,True,90.67,45.34
TXN-0060721,2026-08-01,DXB-002,Dubai,CUST-00259,P008,Desk,Furniture,1,823.91,5,823.91,41.2,782.71,Card,Store,2026,8,August,1,Saturday,True,782.71,782.71
TXN-0060724,2026-08-01,DXB-005,Dubai,CUST-01017,P008,Desk,Furniture,1,805.85,5,805.85,40.29,765.56,Bank Transfer,Store,2026,8,August,1,Saturday,True,765.56,765.56
TXN-0060753,2026-08-01,DXB-002,Dubai,CUST-03316,P015,Tablet,Electronics,1,1097.15,5,1097.15,54.86,1042.29,Cash,Store,2026,8,August,1,Saturday,True,1042.29,1042.29
TXN-0060773,2026-08-01,DXB-003,Dubai,CUST-04543,P014,Power Bank,Electronics,1,152.04,10,152.04,15.2,136.84,Card,Store,2026,8,August,1,Saturday,True,136.84,136.84
TXN-0060865,2026-08-01,DXB-001,Dubai,CUST-07516,P003,Headphones,Electronics,3,358.86,0,1076.58,0.0,1076.58,Bank Transfer,Online,2026,8,August,1,Saturday,True,1076.58,358.86
TXN-0060899,2026-08-01,DXB-003,Dubai,CUST-05934,P004,Monitor,Electronics,3,996.89,5,2990.67,149.53,2841.14,Card,Store,2026,8,August,1,Saturday,True,2841.14,947.05
TXN-0060956,2026-08-01,DXB-004,Dubai,CUST-00598,P014,Power Bank,Electronics,6,139.91,5,839.46,41.97,797.49,Apple Pay,Store,2026,8,August,1,Saturday,True,797.49,132.92
TXN-0060961,2026-08-01,DXB-002,Dubai,CUST-02372,P003,Headphones,Electronics,1,376.9,0,376.9,0.0,376.9,Apple Pay,Store,2026,8,August,1,Saturday,True,376.9,376.9
TXN-0061114,2026-08-01,DXB-003,Dubai,CUST-03434,P013,USB Drive,Accessories,1,46.98,0,46.98,0.0,46.98,Card,Online,2026,8,August,1,Saturday,True,46.98,46.98
TXN-0061242,2026-08-01,DXB-003,Dubai,CUST-01299,P014,Power Bank,Electronics,2,151.36,0,302.72,0.0,302.72,Card,Store,2026,8,August,1,Saturday,True,302.72,151.36
TXN-0061290,2026-08-01,DXB-002,Dubai,CUST-05403,P010,Printer,Office,4,803.75,10,3215.0,321.5,2893.5,Card,Store,2026,8,August,1,Saturday,True,2893.5,723.38
TXN-0061493,2026-08-01,DXB-005,Dubai,CUST-01326,P014,Power Bank,Electronics,2,159.63,5,319.26,15.96,303.3,Card,Store,2026,8,August,1,Saturday,True,303.3,151.65
TXN-0061513,2026-08-01,DXB-001,Dubai,CUST-00581,P011,Notebook,Stationery,1,24.45,5,24.45,1.22,23.23,Apple Pay,Online,2026,8,August,1,Saturday,True,23.23,23.23
TXN-0061588,2026-08-01,DXB-003,Dubai,CUST-01291,P008,Desk,Furniture,1,808.81,5,808.81,40.44,768.37,Card,Store,2026,8,August,1,Saturday,True,768.37,768.37
TXN-0061658,2026-08-01,DXB-003,Dubai,CUST-01761,P008,Desk,Furniture,1,854.02,10,854.02,85.4,768.62,Card,Store,2026,8,August,1,Saturday,True,768.62,768.62
TXN-0061679,2026-08-01,DXB-005,Dubai,CUST-07138,P004,Monitor,Electronics,2,892.35,5,1784.7,89.24,1695.46,Cash,Store,2026,8,August,1,Saturday,True,1695.46,847.73
TXN-0061705,2026-08-01,DXB-001,Dubai,CUST-03093,P008,Desk,Furniture,5,759.75,0,3798.75,0.0,3798.75,Bank Transfer,Store,2026,8,August,1,Saturday,True,3798.75,759.75
TXN-0061788,2026-08-01,DXB-001,Dubai,CUST-07968,P006,Mouse,Accessories,1,102.18,0,102.18,0.0,102.18,Cash,Store,2026,8,August,1,Saturday,True,102.18,102.18
TXN-0061812,2026-08-01,DXB-003,Dubai,CUST-03224,P013,USB Drive,Accessories,2,48.54,10,97.08,9.71,87.37,Apple Pay,Store,2026,8,August,1,Saturday,True,87.37,43.68
TXN-0061835,2026-08-01,DXB-002,Dubai,CUST-01933,P015,Tablet,Electronics,3,1098.54,0,3295.62,0.0,3295.62,Card,Store,2026,8,August,1,Saturday,True,3295.62,1098.54
TXN-0062032,2026-08-01,DXB-001,Dubai,CUST-07656,P014,Power Bank,Electronics,1,147.26,5,147.26,7.36,139.9,Card,Store,2026,8,August,1,Saturday,True,139.9,139.9
TXN-0062067,2026-08-01,DXB-001,Dubai,CUST-04290,P015,Tablet,Electronics,4,1140.37,15,4561.48,684.22,3877.26,Apple Pay,Online,2026,8,August,1,Saturday,True,3877.26,969.32
TXN-0062069,2026-08-01,DXB-002,Dubai,CUST-07684,P011,Notebook,Stationery,2,26.76,0,53.52,0.0,53.52,Cash,Store,2026,8,August,1,Saturday,True,53.52,26.76
TXN-0062086,2026-08-01,DXB-004,Dubai,CUST-06767,P007,Office Chair,Furniture,2,595.29,15,1190.58,178.59,1011.99,Card,Store,2026,8,August,1,Saturday,True,1011.99,506.0
TXN-0062097,2026-08-01,DXB-005,Dubai,CUST-04398,P006,Mouse,Accessories,1,96.25,5,96.25,4.81,91.44,Cash,Store,2026,8,August,1,Saturday,True,91.44,91.44
TXN-0062245,2026-08-01,DXB-005,Dubai,CUST-06200,P011,Notebook,Stationery,2,25.22,20,50.44,10.09,40.35,Card,Online,2026,8,August,1,Saturday,True,40.35,20.18
TXN-0062246,2026-08-01,DXB-002,Dubai,CUST-00883,P013,USB Drive,Accessories,1,45.68,20,45.68,9.14,36.54,Apple Pay,Store,2026,8,August,1,Saturday,True,36.54,36.54
TXN-0062257,2026-08-01,DXB-005,Dubai,CUST-03513,P011,Notebook,Stationery,2,25.56,0,51.12,0.0,51.12,Card,Online,2026,8,August,1,Saturday,True,51.12,25.56
TXN-0062274,2026-08-01,DXB-005,Dubai,CUST-01921,P012,Pen Pack,Stationery,1,12.51,5,12.51,0.63,11.88,Cash,Store,2026,8,August,1,Saturday,True,11.88,11.88
TXN-0062282,2026-08-01,DXB-002,Dubai,CUST-03332,P010,Printer,Office,5,651.36,0,3256.8,0.0,3256.8,Apple Pay,Store,2026,8,August,1,Saturday,True,3256.8,651.36
TXN-0062306,2026-08-01,DXB-003,Dubai,CUST-07542,P003,Headphones,Electronics,2,331.86,5,663.72,33.19,630.53,Card,Online,2026,8,August,1,Saturday,True,630.53,315.26
TXN-0062344,2026-08-01,DXB-002,Dubai,CUST-07597,P004,Monitor,Electronics,2,816.39,0,1632.78,0.0,1632.78,Cash,Online,2026,8,August,1,Saturday,True,1632.78,816.39
TXN-0062412,2026-08-01,DXB-001,Dubai,CUST-01274,P010,Printer,Office,1,739.42,5,739.42,36.97,702.45,Card,Store,2026,8,August,1,Saturday,True,702.45,702.45
TXN-0062481,2026-08-01,DXB-001,Dubai,CUST-01404,P001,Laptop,Electronics,1,2687.74,0,2687.74,0.0,2687.74,Card,Online,2026,8,August,1,Saturday,True,2687.74,2687.74
TXN-0062560,2026-08-01,DXB-004,Dubai,CUST-01732,P009,Backpack,Accessories,4,208.26,10,833.04,83.3,749.74,Card,Store,2026,8,August,1,Saturday,True,749.74,187.44
TXN-0062649,2026-08-01,DXB-005,Dubai,CUST-03024,P014,Power Bank,Electronics,6,157.7,5,946.2,47.31,898.89,Card,Store,2026,8,August,1,Saturday,True,898.89,149.82
TXN-0062832,2026-08-01,DXB-004,Dubai,CUST-01933,P004,Monitor,Electronics,1,919.58,0,919.58,0.0,919.58,Apple Pay,Store,2026,8,August,1,Saturday,True,919.58,919.58
TXN-0062933,2026-08-01,DXB-002,Dubai,CUST-02572,P010,Printer,Office,1,729.19,20,729.19,145.84,583.35,Apple Pay,Store,2026,8,August,1,Saturday,True,583.35,583.35
TXN-0063041,2026-08-01,DXB-004,Dubai,CUST-06414,P001,Laptop,Electronics,2,2599.47,15,5198.94,779.84,4419.1,Cash,Store,2026,8,August,1,Saturday,True,4419.1,2209.55
TXN-0063061,2026-08-01,DXB-001,Dubai,CUST-01112,P014,Power Bank,Electronics,2,131.99,5,263.98,13.2,250.78,Cash,Store,2026,8,August,1,Saturday,True,250.78,125.39
TXN-0063156,2026-08-01,DXB-005,Dubai,CUST-02458,P010,Printer,Office,1,684.62,15,684.62,102.69,581.93,Cash,Store,2026,8,August,1,Saturday,True,581.93,581.93
TXN-0063162,2026-08-01,DXB-004,Dubai,CUST-04282,P015,Tablet,Electronics,5,1261.93,10,6309.65,630.96,5678.69,Card,Store,2026,8,August,1,Saturday,True,5678.69,1135.74
TXN-0063203,2026-08-01,DXB-005,Dubai,CUST-00477,P004,Monitor,Electronics,6,795.73,15,4774.38,716.16,4058.22,Card,Store,2026,8,August,1,Saturday,True,4058.22,676.37
TXN-0063318,2026-08-01,DXB-005,Dubai,CUST-00906,P002,Smartphone,Electronics,1,1699.19,0,1699.19,0.0,1699.19,Cash,Store,2026,8,August,1,Saturday,True,1699.19,1699.19
TXN-0063322,2026-08-01,DXB-005,Dubai,CUST-03988,P005,Keyboard,Accessories,2,188.14,0,376.28,0.0,376.28,Cash,Online,2026,8,August,1,Saturday,True,376.28,188.14
TXN-0063365,2026-08-01,DXB-004,Dubai,CUST-01468,P007,Office Chair,Furniture,1,668.42,20,668.42,133.68,534.74,Cash,Online,2026,8,August,1,Saturday,True,534.74,534.74
TXN-0063379,2026-08-01,DXB-005,Dubai,CUST-05066,P012,Pen Pack,Stationery,1,14.41,15,14.41,2.16,12.25,Card,Store,2026,8,August,1,Saturday,True,12.25,12.25
TXN-0063432,2026-08-01,DXB-003,Dubai,CUST-00069,P007,Office Chair,Furniture,4,637.76,0,2551.04,0.0,2551.04,Apple Pay,Store,2026,8,August,1,Saturday,True,2551.04,637.76
TXN-0063458,2026-08-01,DXB-004,Dubai,CUST-06344,P009,Backpack,Accessories,1,246.86,5,246.86,12.34,234.52,Card,Store,2026,8,August,1,Saturday,True,234.52,234.52
TXN-0063466,2026-08-01,DXB-005,Dubai,CUST-03241,P003,Headphones,Electronics,1,397.07,10,397.07,39.71,357.36,Bank Transfer,Online,2026,8,August,1,Saturday,True,357.36,357.36
TXN-0063470,2026-08-01,DXB-002,Dubai,CUST-06724,P013,USB Drive,Accessories,4,47.48,20,189.92,37.98,151.94,Card,Store,2026,8,August,1,Saturday,True,151.94,37.98
TXN-0063499,2026-08-01,DXB-003,Dubai,CUST-05338,P012,Pen Pack,Stationery,1,14.8,10,14.8,1.48,13.32,Bank Transfer,Store,2026,8,August,1,Saturday,True,13.32,13.32
TXN-0063527,2026-08-01,DXB-001,Dubai,CUST-01814,P005,Keyboard,Accessories,3,170.28,5,510.84,25.54,485.3,Cash,Online,2026,8,August,1,Saturday,True,485.3,161.77
TXN-0063559,2026-08-01,DXB-001,Dubai,CUST-06829,P004,Monitor,Electronics,1,843.88,15,843.88,126.58,717.3,Card,Store,2026,8,August,1,Saturday,True,717.3,717.3
TXN-0063569,2026-08-01,DXB-004,Dubai,CUST-01453,P006,Mouse,Accessories,3,98.53,15,295.59,44.34,251.25,Cash,Store,2026,8,August,1,Saturday,True,251.25,83.75
TXN-0063594,2026-08-01,DXB-001,Dubai,CUST-02740,P005,Keyboard,Accessories,1,173.02,10,173.02,17.3,155.72,Apple Pay,Store,2026,8,August,1,Saturday,True,155.72,155.72
TXN-0063641,2026-08-01,DXB-004,Dubai,CUST-05983,P013,USB Drive,Accessories,2,43.1,5,86.2,4.31,81.89,Apple Pay,Store,2026,8,August,1,Saturday,True,81.89,40.94
TXN-0063710,2026-08-01,DXB-003,Dubai,CUST-07980,P008,Desk,Furniture,4,759.01,10,3036.04,303.6,2732.44,Card,Online,2026,8,August,1,Saturday,True,2732.44,683.11
TXN-0063713,2026-08-01,DXB-001,Dubai,CUST-00136,P004,Monitor,Electronics,3,871.12,20,2613.36,522.67,2090.69,Cash,Store,2026,8,August,1,Saturday,True,2090.69,696.9
TXN-0063748,2026-08-01,DXB-001,Dubai,CUST-05664,P001,Laptop,Electronics,4,3063.41,0,12253.64,0.0,12253.64,Apple Pay,Store,2026,8,August,1,Saturday,True,12253.64,3063.41
TXN-0063795,2026-08-01,DXB-002,Dubai,CUST-02864,P011,Notebook,Stationery,1,26.86,5,26.86,1.34,25.52,Apple Pay,Online,2026,8,August,1,Saturday,True,25.52,25.52
TXN-0063814,2026-08-01,DXB-005,Dubai,CUST-06163,P005,Keyboard,Accessories,1,162.39,5,162.39,8.12,154.27,Card,Online,2026,8,August,1,Saturday,True,154.27,154.27
TXN-0063869,2026-08-01,DXB-002,Dubai,CUST-07427,P007,Office Chair,Furniture,4,640.25,5,2561.0,128.05,2432.95,Card,Store,2026,8,August,1,Saturday,True,2432.95,608.24
TXN-0064110,2026-08-01,DXB-002,Dubai,CUST-00013,P015,Tablet,Electronics,1,1294.89,0,1294.89,0.0,1294.89,Card,Store,2026,8,August,1,Saturday,True,1294.89,1294.89
TXN-0064261,2026-08-01,DXB-003,Dubai,CUST-03211,P004,Monitor,Electronics,1,918.25,0,918.25,0.0,918.25,Apple Pay,Online,2026,8,August,1,Saturday,True,918.25,918.25
TXN-0064467,2026-08-01,DXB-002,Dubai,CUST-05088,P001,Laptop,Electronics,1,2745.95,0,2745.95,0.0,2745.95,Cash,Online,2026,8,August,1,Saturday,True,2745.95,2745.95
TXN-0064488,2026-08-01,DXB-004,Dubai,CUST-02470,P015,Tablet,Electronics,1,1187.79,0,1187.79,0.0,1187.79,Card,Online,2026,8,August,1,Saturday,True,1187.79,1187.79
TXN-0064496,2026-08-01,DXB-003,Dubai,CUST-04403,P007,Office Chair,Furniture,1,645.42,10,645.42,64.54,580.88,Card,Online,2026,8,August,1,Saturday,True,580.88,580.88
TXN-0064621,2026-08-01,DXB-001,Dubai,CUST-07109,P003,Headphones,Electronics,1,341.78,10,341.78,34.18,307.6,Bank Transfer,Online,2026,8,August,1,Saturday,True,307.6,307.6
TXN-0064657,2026-08-01,DXB-001,Dubai,CUST-05604,P001,Laptop,Electronics,5,2698.38,5,13491.9,674.6,12817.3,Card,Store,2026,8,August,1,Saturday,True,12817.3,2563.46
TXN-0064680,2026-08-01,DXB-005,Dubai,CUST-03340,P005,Keyboard,Accessories,1,178.01,10,178.01,17.8,160.21,Card,Store,2026,8,August,1,Saturday,True,160.21,160.21
TXN-0064690,2026-08-01,DXB-002,Dubai,CUST-00153,P015,Tablet,Electronics,1,1277.36,10,1277.36,127.74,1149.62,Bank Transfer,Online,2026,8,August,1,Saturday,True,1149.62,1149.62
TXN-0064736,2026-08-01,DXB-001,Dubai,CUST-04575,P009,Backpack,Accessories,1,213.93,15,213.93,32.09,181.84,Apple Pay,Store,2026,8,August,1,Saturday,True,181.84,181.84
TXN-0064752,2026-08-01,DXB-004,Dubai,CUST-04872,P010,Printer,Office,1,716.48,10,716.48,71.65,644.83,Cash,Online,2026,8,August,1,Saturday,True,644.83,644.83
TXN-0064850,2026-08-01,DXB-002,Dubai,CUST-00305,P003,Headphones,Electronics,4,347.6,15,1390.4,208.56,1181.84,Apple Pay,Store,2026,8,August,1,Saturday,True,1181.84,295.46
TXN-0064906,2026-08-01,DXB-003,Dubai,CUST-01570,P004,Monitor,Electronics,3,929.06,10,2787.18,278.72,2508.46,Card,Store,2026,8,August,1,Saturday,True,2508.46,836.15
TXN-0064999,2026-08-01,DXB-001,Dubai,CUST-01711,P014,Power Bank,Electronics,1,147.1,10,147.1,14.71,132.39,Card,Store,2026,8,August,1,Saturday,True,132.39,132.39
TXN-0065087,2026-08-01,DXB-003,Dubai,CUST-07154,P009,Backpack,Accessories,1,217.88,5,217.88,10.89,206.99,Bank Transfer,Store,2026,8,August,1,Saturday,True,206.99,206.99
TXN-0065093,2026-08-01,DXB-002,Dubai,CUST-03111,P007,Office Chair,Furniture,2,652.92,0,1305.84,0.0,1305.84,Apple Pay,Online,2026,8,August,1,Saturday,True,1305.84,652.92
TXN-0065178,2026-08-01,DXB-005,Dubai,CUST-06427,P011,Notebook,Stationery,1,28.21,0,28.21,0.0,28.21,Card,Online,2026,8,August,1,Saturday,True,28.21,28.21
TXN-0065237,2026-08-01,DXB-003,Dubai,CUST-00433,P003,Headphones,Electronics,1,343.66,15,343.66,51.55,292.11,Apple Pay,Store,2026,8,August,1,Saturday,True,292.11,292.11
TXN-0065270,2026-08-01,DXB-004,Dubai,CUST-03876,P006,Mouse,Accessories,3,96.89,10,290.67,29.07,261.6,Bank Transfer,Store,2026,8,August,1,Saturday,True,261.6,87.2
TXN-0065282,2026-08-01,DXB-002,Dubai,CUST-02982,P007,Office Chair,Furniture,1,692.29,15,692.29,103.84,588.45,Card,Store,2026,8,August,1,Saturday,True,588.45,588.45
TXN-0065382,2026-08-01,DXB-003,Dubai,CUST-07018,P015,Tablet,Electronics,1,1173.97,5,1173.97,58.7,1115.27,Cash,Store,2026,8,August,1,Saturday,True,1115.27,1115.27
TXN-0065461,2026-08-01,DXB-005,Dubai,CUST-01356,P001,Laptop,Electronics,1,2668.79,5,2668.79,133.44,2535.35,Card,Store,2026,8,August,1,Saturday,True,2535.35,2535.35
TXN-0065553,2026-08-01,DXB-003,Dubai,CUST-01232,P012,Pen Pack,Stationery,1,14.92,10,14.92,1.49,13.43,Cash,Store,2026,8,August,1,Saturday,True,13.43,13.43
TXN-0065561,2026-08-01,DXB-002,Dubai,CUST-04613,P004,Monitor,Electronics,1,905.71,0,905.71,0.0,905.71,Card,Online,2026,8,August,1,Saturday,True,905.71,905.71
TXN-0065563,2026-08-01,DXB-003,Dubai,CUST-05328,P009,Backpack,Accessories,1,247.82,0,247.82,0.0,247.82,Card,Store,2026,8,August,1,Saturday,True,247.82,247.82
TXN-0065584,2026-08-01,DXB-005,Dubai,CUST-07175,P010,Printer,Office,2,726.61,5,1453.22,72.66,1380.56,Apple Pay,Store,2026,8,August,1,Saturday,True,1380.56,690.28
TXN-0065592,2026-08-01,DXB-003,Dubai,CUST-05613,P004,Monitor,Electronics,1,854.55,15,854.55,128.18,726.37,Apple Pay,Store,2026,8,August,1,Saturday,True,726.37,726.37
TXN-0065847,2026-08-01,DXB-005,Dubai,CUST-00587,P011,Notebook,Stationery,4,23.86,5,95.44,4.77,90.67,Apple Pay,Online,2026,8,August,1,Saturday,True,90.67,22.67
TXN-0065861,2026-08-01,DXB-001,Dubai,CUST-06448,P001,Laptop,Electronics,1,2842.65,5,2842.65,142.13,2700.52,Card,Store,2026,8,August,1,Saturday,True,2700.52,2700.52
TXN-0065893,2026-08-01,DXB-005,Dubai,CUST-07292,P003,Headphones,Electronics,1,368.52,15,368.52,55.28,313.24,Card,Store,2026,8,August,1,Saturday,True,313.24,313.24
TXN-0065905,2026-08-01,DXB-002,Dubai,CUST-06877,P007,Office Chair,Furniture,1,639.04,20,639.04,127.81,511.23,Cash,Store,2026,8,August,1,Saturday,True,511.23,511.23
TXN-0065958,2026-08-01,DXB-002,Dubai,CUST-03383,P015,Tablet,Electronics,4,1219.82,5,4879.28,243.96,4635.32,Apple Pay,Store,2026,8,August,1,Saturday,True,4635.32,1158.83
TXN-0065996,2026-08-01,DXB-001,Dubai,CUST-06622,P008,Desk,Furniture,2,860.89,0,1721.78,0.0,1721.78,Card,Store,2026,8,August,1,Saturday,True,1721.78,860.89
TXN-0066094,2026-08-01,DXB-001,Dubai,CUST-03319,P013,USB Drive,Accessories,1,44.46,0,44.46,0.0,44.46,Cash,Store,2026,8,August,1,Saturday,True,44.46,44.46
TXN-0066108,2026-08-01,DXB-001,Dubai,CUST-03533,P009,Backpack,Accessories,1,200.95,5,200.95,10.05,190.9,Apple Pay,Store,2026,8,August,1,Saturday,True,190.9,190.9
TXN-0066118,2026-08-01,DXB-003,Dubai,CUST-07061,P010,Printer,Office,1,709.04,5,709.04,35.45,673.59,Card,Online,2026,8,August,1,Saturday,True,673.59,673.59
TXN-0066127,2026-08-01,DXB-004,Dubai,CUST-05861,P015,Tablet,Electronics,1,1194.29,0,1194.29,0.0,1194.29,Card,Store,2026,8,August,1,Saturday,True,1194.29,1194.29
TXN-0066190,2026-08-01,DXB-003,Dubai,CUST-00051,P008,Desk,Furniture,5,788.52,5,3942.6,197.13,3745.47,Card,Store,2026,8,August,1,Saturday,True,3745.47,749.09
TXN-0066220,2026-08-01,DXB-004,Dubai,CUST-01344,P015,Tablet,Electronics,1,1210.02,10,1210.02,121.0,1089.02,Card,Store,2026,8,August,1,Saturday,True,1089.02,1089.02
TXN-0066289,2026-08-01,DXB-002,Dubai,CUST-04996,P014,Power Bank,Electronics,1,144.37,10,144.37,14.44,129.93,Cash,Online,2026,8,August,1,Saturday,True,129.93,129.93
TXN-0066301,2026-08-01,DXB-001,Dubai,CUST-05263,P013,USB Drive,Accessories,1,45.31,10,45.31,4.53,40.78,Apple Pay,Online,2026,8,August,1,Saturday,True,40.78,40.78
TXN-0066344,2026-08-01,DXB-002,Dubai,CUST-02576,P005,Keyboard,Accessories,1,170.14,5,170.14,8.51,161.63,Card,Store,2026,8,August,1,Saturday,True,161.63,161.63
TXN-0066358,2026-08-01,DXB-004,Dubai,CUST-04429,P006,Mouse,Accessories,3,102.74,10,308.22,30.82,277.4,Bank Transfer,Online,2026,8,August,1,Saturday,True,277.4,92.47
TXN-0066427,2026-08-01,DXB-002,Dubai,CUST-05388,P002,Smartphone,Electronics,2,1816.22,0,3632.44,0.0,3632.44,Card,Store,2026,8,August,1,Saturday,True,3632.44,1816.22
TXN-0066541,2026-08-01,DXB-001,Dubai,CUST-06647,P003,Headphones,Electronics,1,353.64,5,353.64,17.68,335.96,Bank Transfer,Store,2026,8,August,1,Saturday,True,335.96,335.96
TXN-0066548,2026-08-01,DXB-001,Dubai,CUST-07346,P001,Laptop,Electronics,6,2688.55,10,16131.3,1613.13,14518.17,Card,Store,2026,8,August,1,Saturday,True,14518.17,2419.7
TXN-0066594,2026-08-01,DXB-002,Dubai,CUST-05466,P002,Smartphone,Electronics,1,1836.25,10,1836.25,183.62,1652.63,Bank Transfer,Online,2026,8,August,1,Saturday,True,1652.63,1652.63
TXN-0066793,2026-08-01,DXB-002,Dubai,CUST-04061,P001,Laptop,Electronics,2,2908.28,15,5816.56,872.48,4944.08,Bank Transfer,Store,2026,8,August,1,Saturday,True,4944.08,2472.04
TXN-0066800,2026-08-01,DXB-004,Dubai,CUST-04865,P010,Printer,Office,2,758.21,15,1516.42,227.46,1288.96,Cash,Store,2026,8,August,1,Saturday,True,1288.96,644.48
TXN-0066810,2026-08-01,DXB-001,Dubai,CUST-02066,P001,Laptop,Electronics,2,2654.59,10,5309.18,530.92,4778.26,Card,Online,2026,8,August,1,Saturday,True,4778.26,2389.13
TXN-0066837,2026-08-01,DXB-004,Dubai,CUST-06759,P001,Laptop,Electronics,1,3045.75,10,3045.75,304.58,2741.17,Apple Pay,Store,2026,8,August,1,Saturday,True,2741.17,2741.17
TXN-0067124,2026-08-01,DXB-003,Dubai,CUST-02246,P004,Monitor,Electronics,1,781.78,0,781.78,0.0,781.78,Cash,Store,2026,8,August,1,Saturday,True,781.78,781.78
TXN-0067205,2026-08-01,DXB-005,Dubai,CUST-02320,P011,Notebook,Stationery,1,24.73,5,24.73,1.24,23.49,Card,Online,2026,8,August,1,Saturday,True,23.49,23.49
TXN-0067220,2026-08-01,DXB-002,Dubai,CUST-06042,P006,Mouse,Accessories,1,112.25,5,112.25,5.61,106.64,Cash,Store,2026,8,August,1,Saturday,True,106.64,106.64
TXN-0067274,2026-08-01,DXB-004,Dubai,CUST-01731,P007,Office Chair,Furniture,1,674.4,20,674.4,134.88,539.52,Apple Pay,Store,2026,8,August,1,Saturday,True,539.52,539.52
TXN-0067330,2026-08-01,DXB-004,Dubai,CUST-01816,P004,Monitor,Electronics,3,796.6,5,2389.8,119.49,2270.31,Apple Pay,Store,2026,8,August,1,Saturday,True,2270.31,756.77
TXN-0067347,2026-08-01,DXB-003,Dubai,CUST-03968,P004,Monitor,Electronics,6,835.95,5,5015.7,250.78,4764.92,Card,Store,2026,8,August,1,Saturday,True,4764.92,794.15
TXN-0067370,2026-08-01,DXB-001,Dubai,CUST-05905,P001,Laptop,Electronics,1,2630.48,5,2630.48,131.52,2498.96,Bank Transfer,Store,2026,8,August,1,Saturday,True,2498.96,2498.96
TXN-0067412,2026-08-01,DXB-002,Dubai,CUST-04952,P002,Smartphone,Electronics,1,1708.79,15,1708.79,256.32,1452.47,Apple Pay,Store,2026,8,August,1,Saturday,True,1452.47,1452.47
TXN-0067451,2026-08-01,DXB-005,Dubai,CUST-04163,P015,Tablet,Electronics,1,1163.01,10,1163.01,116.3,1046.71,Card,Store,2026,8,August,1,Saturday,True,1046.71,1046.71
TXN-0067482,2026-08-01,DXB-004,Dubai,CUST-04247,P009,Backpack,Accessories,3,224.94,10,674.82,67.48,607.34,Card,Online,2026,8,August,1,Saturday,True,607.34,202.45
TXN-0067511,2026-08-01,DXB-003,Dubai,CUST-07377,P008,Desk,Furniture,2,735.16,10,1470.32,147.03,1323.29,Bank Transfer,Store,2026,8,August,1,Saturday,True,1323.29,661.64
TXN-0067576,2026-08-01,DXB-002,Dubai,CUST-07958,P011,Notebook,Stationery,4,26.04,5,104.16,5.21,98.95,Cash,Store,2026,8,August,1,Saturday,True,98.95,24.74
TXN-0067628,2026-08-01,DXB-001,Dubai,CUST-02568,P013,USB Drive,Accessories,6,43.64,5,261.84,13.09,248.75,Bank Transfer,Store,2026,8,August,1,Saturday,True,248.75,41.46
TXN-0067678,2026-08-01,DXB-004,Dubai,CUST-01955,P003,Headphones,Electronics,3,384.5,15,1153.5,173.02,980.48,Card,Store,2026,8,August,1,Saturday,True,980.48,326.83
TXN-0067905,2026-08-01,DXB-001,Dubai,CUST-07363,P004,Monitor,Electronics,1,955.91,10,955.91,95.59,860.32,Card,Store,2026,8,August,1,Saturday,True,860.32,860.32
TXN-0067922,2026-08-01,DXB-002,Dubai,CUST-01993,P005,Keyboard,Accessories,1,169.52,0,169.52,0.0,169.52,Card,Store,2026,8,August,1,Saturday,True,169.52,169.52
TXN-0067962,2026-08-01,DXB-002,Dubai,CUST-01143,P009,Backpack,Accessories,1,200.81,0,200.81,0.0,200.81,Apple Pay,Store,2026,8,August,1,Saturday,True,200.81,200.81
TXN-0068007,2026-08-01,DXB-002,Dubai,CUST-04316,P005,Keyboard,Accessories,3,195.53,5,586.59,29.33,557.26,Cash,Store,2026,8,August,1,Saturday,True,557.26,185.75
TXN-0068100,2026-08-01,DXB-003,Dubai,CUST-00208,P002,Smartphone,Electronics,1,1985.16,15,1985.16,297.77,1687.39,Apple Pay,Store,2026,8,August,1,Saturday,True,1687.39,1687.39
TXN-0068103,2026-08-01,DXB-005,Dubai,CUST-01331,P007,Office Chair,Furniture,1,638.98,5,638.98,31.95,607.03,Card,Online,2026,8,August,1,Saturday,True,607.03,607.03
TXN-0068127,2026-08-01,DXB-002,Dubai,CUST-04791,P003,Headphones,Electronics,3,345.57,0,1036.71,0.0,1036.71,Cash,Store,2026,8,August,1,Saturday,True,1036.71,345.57
TXN-0068214,2026-08-01,DXB-004,Dubai,CUST-00584,P006,Mouse,Accessories,3,90.04,10,270.12,27.01,243.11,Cash,Store,2026,8,August,1,Saturday,True,243.11,81.04
TXN-0068223,2026-08-01,DXB-003,Dubai,CUST-06393,P007,Office Chair,Furniture,4,682.85,0,2731.4,0.0,2731.4,Bank Transfer,Store,2026,8,August,1,Saturday,True,2731.4,682.85
TXN-0068236,2026-08-01,DXB-005,Dubai,CUST-05437,P004,Monitor,Electronics,2,928.48,5,1856.96,92.85,1764.11,Card,Online,2026,8,August,1,Saturday,True,1764.11,882.06
TXN-0068238,2026-08-01,DXB-003,Dubai,CUST-03435,P005,Keyboard,Accessories,2,185.51,5,371.02,18.55,352.47,Apple Pay,Store,2026,8,August,1,Saturday,True,352.47,176.24
TXN-0068262,2026-08-01,DXB-002,Dubai,CUST-00242,P014,Power Bank,Electronics,2,153.14,0,306.28,0.0,306.28,Cash,Store,2026,8,August,1,Saturday,True,306.28,153.14
TXN-0068346,2026-08-01,DXB-002,Dubai,CUST-03272,P005,Keyboard,Accessories,1,183.33,5,183.33,9.17,174.16,Card,Store,2026,8,August,1,Saturday,True,174.16,174.16
TXN-0068424,2026-08-01,DXB-001,Dubai,CUST-00066,P010,Printer,Office,1,613.56,5,613.56,30.68,582.88,Card,Store,2026,8,August,1,Saturday,True,582.88,582.88
TXN-0068459,2026-08-01,DXB-003,Dubai,CUST-07741,P015,Tablet,Electronics,1,1252.39,0,1252.39,0.0,1252.39,Apple Pay,Store,2026,8,August,1,Saturday,True,1252.39,1252.39
TXN-0068557,2026-08-01,DXB-005,Dubai,CUST-02408,P004,Monitor,Electronics,2,795.87,5,1591.74,79.59,1512.15,Card,Online,2026,8,August,1,Saturday,True,1512.15,756.08
TXN-0068584,2026-08-01,DXB-001,Dubai,CUST-07808,P015,Tablet,Electronics,4,1190.3,10,4761.2,476.12,4285.08,Card,Store,2026,8,August,1,Saturday,True,4285.08,1071.27
TXN-0068600,2026-08-01,DXB-003,Dubai,CUST-03178,P015,Tablet,Electronics,2,1157.02,15,2314.04,347.11,1966.93,Apple Pay,Store,2026,8,August,1,Saturday,True,1966.93,983.46
TXN-0068639,2026-08-01,DXB-004,Dubai,CUST-00314,P002,Smartphone,Electronics,2,1800.89,0,3601.78,0.0,3601.78,Cash,Store,2026,8,August,1,Saturday,True,3601.78,1800.89
TXN-0068784,2026-08-01,DXB-004,Dubai,CUST-05255,P012,Pen Pack,Stationery,3,14.84,0,44.52,0.0,44.52,Apple Pay,Store,2026,8,August,1,Saturday,True,44.52,14.84
TXN-0068789,2026-08-01,DXB-001,Dubai,CUST-03088,P012,Pen Pack,Stationery,3,15.48,10,46.44,4.64,41.8,Card,Online,2026,8,August,1,Saturday,True,41.8,13.93
TXN-0068906,2026-08-01,DXB-004,Dubai,CUST-03712,P003,Headphones,Electronics,2,341.08,5,682.16,34.11,648.05,Cash,Store,2026,8,August,1,Saturday,True,648.05,324.02
TXN-0068911,2026-08-01,DXB-005,Dubai,CUST-00869,P010,Printer,Office,1,713.53,5,713.53,35.68,677.85,Cash,Store,2026,8,August,1,Saturday,True,677.85,677.85
TXN-0068944,2026-08-01,DXB-004,Dubai,CUST-01752,P007,Office Chair,Furniture,3,708.22,0,2124.66,0.0,2124.66,Card,Online,2026,8,August,1,Saturday,True,2124.66,708.22
TXN-0068961,2026-08-01,DXB-005,Dubai,CUST-02705,P007,Office Chair,Furniture,2,640.24,5,1280.48,64.02,1216.46,Cash,Store,2026,8,August,1,Saturday,True,1216.46,608.23
TXN-0069059,2026-08-01,DXB-001,Dubai,CUST-07363,P005,Keyboard,Accessories,2,193.15,5,386.3,19.32,366.98,Card,Store,2026,8,August,1,Saturday,True,366.98,183.49
TXN-0069063,2026-08-01,DXB-002,Dubai,CUST-05588,P002,Smartphone,Electronics,1,1750.45,10,1750.45,175.04,1575.41,Bank Transfer,Online,2026,8,August,1,Saturday,True,1575.41,1575.41
TXN-0069075,2026-08-01,DXB-005,Dubai,CUST-05853,P005,Keyboard,Accessories,2,163.76,0,327.52,0.0,327.52,Card,Store,2026,8,August,1,Saturday,True,327.52,163.76
TXN-0069082,2026-08-01,DXB-005,Dubai,CUST-07795,P013,USB Drive,Accessories,1,45.89,0,45.89,0.0,45.89,Card,Store,2026,8,August,1,Saturday,True,45.89,45.89
TXN-0069108,2026-08-01,DXB-004,Dubai,CUST-03218,P002,Smartphone,Electronics,4,1777.75,10,7111.0,711.1,6399.9,Card,Online,2026,8,August,1,Saturday,True,6399.9,1599.98
TXN-0069116,2026-08-01,DXB-005,Dubai,CUST-00454,P002,Smartphone,Electronics,3,1825.2,10,5475.6,547.56,4928.04,Card,Store,2026,8,August,1,Saturday,True,4928.04,1642.68
TXN-0069157,2026-08-01,DXB-002,Dubai,CUST-04179,P013,USB Drive,Accessories,1,45.78,15,45.78,6.87,38.91,Bank Transfer,Store,2026,8,August,1,Saturday,True,38.91,38.91
TXN-0069240,2026-08-01,DXB-002,Dubai,CUST-05501,P004,Monitor,Electronics,1,794.76,10,794.76,79.48,715.28,Bank Transfer,Store,2026,8,August,1,Saturday,True,715.28,715.28
TXN-0069358,2026-08-01,DXB-001,Dubai,CUST-04947,P014,Power Bank,Electronics,1,157.21,5,157.21,7.86,149.35,Cash,Store,2026,8,August,1,Saturday,True,149.35,149.35
TXN-0069414,2026-08-01,DXB-001,Dubai,CUST-05657,P004,Monitor,Electronics,2,928.01,5,1856.02,92.8,1763.22,Card,Store,2026,8,August,1,Saturday,True,1763.22,881.61
TXN-0069560,2026-08-01,DXB-004,Dubai,CUST-05355,P007,Office Chair,Furniture,2,638.43,0,1276.86,0.0,1276.86,Apple Pay,Store,2026,8,August,1,Saturday,True,1276.86,638.43
TXN-0069567,2026-08-01,DXB-004,Dubai,CUST-01829,P012,Pen Pack,Stationery,2,15.89,10,31.78,3.18,28.6,Apple Pay,Online,2026,8,August,1,Saturday,True,28.6,14.3
TXN-0069573,2026-08-01,DXB-002,Dubai,CUST-02466,P015,Tablet,Electronics,3,1190.94,0,3572.82,0.0,3572.82,Card,Store,2026,8,August,1,Saturday,True,3572.82,1190.94
TXN-0069713,2026-08-01,DXB-004,Dubai,CUST-06389,P009,Backpack,Accessories,2,221.73,10,443.46,44.35,399.11,Card,Online,2026,8,August,1,Saturday,True,399.11,199.56
TXN-0069801,2026-08-01,DXB-002,Dubai,CUST-06623,P002,Smartphone,Electronics,1,1766.09,0,1766.09,0.0,1766.09,Bank Transfer,Store,2026,8,August,1,Saturday,True,1766.09,1766.09
TXN-0069891,2026-08-01,DXB-001,Dubai,CUST-02432,P002,Smartphone,Electronics,1,1746.51,0,1746.51,0.0,1746.51,Card,Store,2026,8,August,1,Saturday,True,1746.51,1746.51
TXN-0070149,2026-08-01,DXB-001,Dubai,CUST-03459,P002,Smartphone,Electronics,3,1872.41,20,5617.23,1123.45,4493.78,Cash,Store,2026,8,August,1,Saturday,True,4493.78,1497.93
TXN-0070294,2026-08-01,DXB-001,Dubai,CUST-04949,P006,Mouse,Accessories,4,94.06,5,376.24,18.81,357.43,Apple Pay,Store,2026,8,August,1,Saturday,True,357.43,89.36
TXN-0070307,2026-08-01,DXB-002,Dubai,CUST-03526,P008,Desk,Furniture,1,770.75,0,770.75,0.0,770.75,Card,Store,2026,8,August,1,Saturday,True,770.75,770.75
TXN-0070338,2026-08-01,DXB-002,Dubai,CUST-04473,P005,Keyboard,Accessories,1,199.45,0,199.45,0.0,199.45,Cash,Online,2026,8,August,1,Saturday,True,199.45,199.45
TXN-0070410,2026-08-01,DXB-001,Dubai,CUST-00056,P002,Smartphone,Electronics,5,1935.12,0,9675.6,0.0,9675.6,Card,Store,2026,8,August,1,Saturday,True,9675.6,1935.12
TXN-0070440,2026-08-01,DXB-001,Dubai,CUST-05393,P012,Pen Pack,Stationery,5,14.99,0,74.95,0.0,74.95,Bank Transfer,Online,2026,8,August,1,Saturday,True,74.95,14.99
TXN-0070489,2026-08-01,DXB-001,Dubai,CUST-00076,P007,Office Chair,Furniture,2,664.38,15,1328.76,199.31,1129.45,Card,Store,2026,8,August,1,Saturday,True,1129.45,564.72
TXN-0070571,2026-08-01,DXB-003,Dubai,CUST-00868,P004,Monitor,Electronics,6,900.64,10,5403.84,540.38,4863.46,Apple Pay,Store,2026,8,August,1,Saturday,True,4863.46,810.58
TXN-0070651,2026-08-01,DXB-001,Dubai,CUST-03997,P003,Headphones,Electronics,2,346.32,10,692.64,69.26,623.38,Apple Pay,Store,2026,8,August,1,Saturday,True,623.38,311.69
TXN-0070715,2026-08-01,DXB-004,Dubai,CUST-05803,P013,USB Drive,Accessories,4,43.39,10,173.56,17.36,156.2,Apple Pay,Store,2026,8,August,1,Saturday,True,156.2,39.05
TXN-0070763,2026-08-01,DXB-002,Dubai,CUST-07715,P006,Mouse,Accessories,2,97.77,0,195.54,0.0,195.54,Card,Store,2026,8,August,1,Saturday,True,195.54,97.77
TXN-0070824,2026-08-01,DXB-002,Dubai,CUST-02765,P003,Headphones,Electronics,5,350.8,10,1754.0,175.4,1578.6,Apple Pay,Store,2026,8,August,1,Saturday,True,1578.6,315.72
TXN-0070830,2026-08-01,DXB-004,Dubai,CUST-07895,P007,Office Chair,Furniture,1,605.74,10,605.74,60.57,545.17,Card,Store,2026,8,August,1,Saturday,True,545.17,545.17
TXN-0070927,2026-08-01,DXB-001,Dubai,CUST-04067,P003,Headphones,Electronics,5,352.33,0,1761.65,0.0,1761.65,Card,Store,2026,8,August,1,Saturday,True,1761.65,352.33
TXN-0070991,2026-08-01,DXB-004,Dubai,CUST-05108,P009,Backpack,Accessories,2,206.19,0,412.38,0.0,412.38,Cash,Store,2026,8,August,1,Saturday,True,412.38,206.19
TXN-0071040,2026-08-01,DXB-004,Dubai,CUST-01538,P014,Power Bank,Electronics,6,151.96,10,911.76,91.18,820.58,Cash,Online,2026,8,August,1,Saturday,True,820.58,136.76
TXN-0071192,2026-08-01,DXB-005,Dubai,CUST-06142,P006,Mouse,Accessories,1,108.31,0,108.31,0.0,108.31,Card,Store,2026,8,August,1,Saturday,True,108.31,108.31
TXN-0071217,2026-08-01,DXB-003,Dubai,CUST-07072,P012,Pen Pack,Stationery,1,13.56,5,13.56,0.68,12.88,Card,Online,2026,8,August,1,Saturday,True,12.88,12.88
TXN-0071235,2026-08-01,DXB-001,Dubai,CUST-06746,P006,Mouse,Accessories,1,102.7,5,102.7,5.14,97.56,Apple Pay,Store,2026,8,August,1,Saturday,True,97.56,97.56
TXN-0071280,2026-08-01,DXB-001,Dubai,CUST-00327,P010,Printer,Office,3,619.18,5,1857.54,92.88,1764.66,Cash,Online,2026,8,August,1,Saturday,True,1764.66,588.22
TXN-0071301,2026-08-01,DXB-002,Dubai,CUST-01849,P004,Monitor,Electronics,4,914.04,10,3656.16,365.62,3290.54,Card,Store,2026,8,August,1,Saturday,True,3290.54,822.64
TXN-0071331,2026-08-01,DXB-003,Dubai,CUST-00685,P014,Power Bank,Electronics,3,149.67,10,449.01,44.9,404.11,Card,Store,2026,8,August,1,Saturday,True,404.11,134.7
TXN-0071337,2026-08-01,DXB-002,Dubai,CUST-05686,P002,Smartphone,Electronics,2,1786.88,5,3573.76,178.69,3395.07,Card,Store,2026,8,August,1,Saturday,True,3395.07,1697.54
TXN-0071375,2026-08-01,DXB-001,Dubai,CUST-07850,P009,Backpack,Accessories,2,225.93,10,451.86,45.19,406.67,Apple Pay,Store,2026,8,August,1,Saturday,True,406.67,203.34
TXN-0071385,2026-08-01,DXB-004,Dubai,CUST-06332,P015,Tablet,Electronics,1,1125.54,5,1125.54,56.28,1069.26,Apple Pay,Store,2026,8,August,1,Saturday,True,1069.26,1069.26
TXN-0071408,2026-08-01,DXB-004,Dubai,CUST-05995,P015,Tablet,Electronics,2,1226.68,0,2453.36,0.0,2453.36,Card,Store,2026,8,August,1,Saturday,True,2453.36,1226.68
TXN-0071513,2026-08-01,DXB-002,Dubai,CUST-06741,P010,Printer,Office,3,732.1,0,2196.3,0.0,2196.3,Cash,Store,2026,8,August,1,Saturday,True,2196.3,732.1
TXN-0071541,2026-08-01,DXB-003,Dubai,CUST-06388,P004,Monitor,Electronics,1,900.41,5,900.41,45.02,855.39,Apple Pay,Store,2026,8,August,1,Saturday,True,855.39,855.39
TXN-0071620,2026-08-01,DXB-001,Dubai,CUST-01530,P007,Office Chair,Furniture,3,639.7,10,1919.1,191.91,1727.19,Card,Store,2026,8,August,1,Saturday,True,1727.19,575.73
TXN-0071680,2026-08-01,DXB-001,Dubai,CUST-07263,P003,Headphones,Electronics,1,337.94,10,337.94,33.79,304.15,Card,Store,2026,8,August,1,Saturday,True,304.15,304.15
TXN-0071754,2026-08-01,DXB-003,Dubai,CUST-02945,P010,Printer,Office,2,691.14,15,1382.28,207.34,1174.94,Apple Pay,Online,2026,8,August,1,Saturday,True,1174.94,587.47
TXN-0071838,2026-08-01,DXB-004,Dubai,CUST-00969,P011,Notebook,Stationery,5,22.23,10,111.15,11.12,100.03,Card,Store,2026,8,August,1,Saturday,True,100.03,20.01
TXN-0071894,2026-08-01,DXB-001,Dubai,CUST-06091,P014,Power Bank,Electronics,5,149.98,10,749.9,74.99,674.91,Cash,Store,2026,8,August,1,Saturday,True,674.91,134.98
TXN-0071926,2026-08-01,DXB-003,Dubai,CUST-07446,P014,Power Bank,Electronics,1,147.22,10,147.22,14.72,132.5,Cash,Store,2026,8,August,1,Saturday,True,132.5,132.5
TXN-0071945,2026-08-01,DXB-003,Dubai,CUST-01123,P014,Power Bank,Electronics,2,154.91,5,309.82,15.49,294.33,Card,Online,2026,8,August,1,Saturday,True,294.33,147.16
TXN-0072015,2026-08-01,DXB-002,Dubai,CUST-01152,P014,Power Bank,Electronics,3,147.71,20,443.13,88.63,354.5,Cash,Online,2026,8,August,1,Saturday,True,354.5,118.17
TXN-0072033,2026-08-01,DXB-002,Dubai,CUST-01391,P008,Desk,Furniture,2,749.6,20,1499.2,299.84,1199.36,Card,Online,2026,8,August,1,Saturday,True,1199.36,599.68
TXN-0072069,2026-08-01,DXB-004,Dubai,CUST-03245,P011,Notebook,Stationery,1,22.72,15,22.72,3.41,19.31,Apple Pay,Store,2026,8,August,1,Saturday,True,19.31,19.31
TXN-0072073,2026-08-01,DXB-004,Dubai,CUST-07033,P003,Headphones,Electronics,1,294.61,0,294.61,0.0,294.61,Cash,Online,2026,8,August,1,Saturday,True,294.61,294.61
TXN-0072184,2026-08-01,DXB-005,Dubai,CUST-00891,P013,USB Drive,Accessories,1,42.2,10,42.2,4.22,37.98,Cash,Online,2026,8,August,1,Saturday,True,37.98,37.98
TXN-0072195,2026-08-01,DXB-003,Dubai,CUST-04630,P007,Office Chair,Furniture,1,645.83,15,645.83,96.87,548.96,Card,Store,2026,8,August,1,Saturday,True,548.96,548.96
TXN-0072236,2026-08-01,DXB-003,Dubai,CUST-02635,P006,Mouse,Accessories,2,96.13,0,192.26,0.0,192.26,Card,Store,2026,8,August,1,Saturday,True,192.26,96.13
TXN-0072351,2026-08-01,DXB-001,Dubai,CUST-03597,P011,Notebook,Stationery,1,24.55,20,24.55,4.91,19.64,Card,Store,2026,8,August,1,Saturday,True,19.64,19.64
TXN-0072439,2026-08-01,DXB-004,Dubai,CUST-01624,P005,Keyboard,Accessories,3,192.71,15,578.13,86.72,491.41,Card,Store,2026,8,August,1,Saturday,True,491.41,163.8
TXN-0072508,2026-08-01,DXB-004,Dubai,CUST-04513,P005,Keyboard,Accessories,1,196.69,0,196.69,0.0,196.69,Card,Online,2026,8,August,1,Saturday,True,196.69,196.69
TXN-0072523,2026-08-01,DXB-003,Dubai,CUST-00501,P013,USB Drive,Accessories,1,44.71,0,44.71,0.0,44.71,Bank Transfer,Store,2026,8,August,1,Saturday,True,44.71,44.71
TXN-0072591,2026-08-01,DXB-001,Dubai,CUST-00104,P013,USB Drive,Accessories,1,42.12,5,42.12,2.11,40.01,Card,Store,2026,8,August,1,Saturday,True,40.01,40.01
TXN-0072656,2026-08-01,DXB-001,Dubai,CUST-07003,P009,Backpack,Accessories,1,207.71,10,207.71,20.77,186.94,Card,Store,2026,8,August,1,Saturday,True,186.94,186.94
TXN-0072673,2026-08-01,DXB-001,Dubai,CUST-02053,P014,Power Bank,Electronics,3,135.72,5,407.16,20.36,386.8,Card,Store,2026,8,August,1,Saturday,True,386.8,128.93
TXN-0072812,2026-08-01,DXB-005,Dubai,CUST-01469,P004,Monitor,Electronics,1,917.46,10,917.46,91.75,825.71,Bank Transfer,Online,2026,8,August,1,Saturday,True,825.71,825.71
TXN-0072899,2026-08-01,DXB-005,Dubai,CUST-01740,P014,Power Bank,Electronics,2,153.11,10,306.22,30.62,275.6,Apple Pay,Store,2026,8,August,1,Saturday,True,275.6,137.8
TXN-0072959,2026-08-01,DXB-002,Dubai,CUST-01975,P010,Printer,Office,3,721.88,10,2165.64,216.56,1949.08,Bank Transfer,Online,2026,8,August,1,Saturday,True,1949.08,649.69
TXN-0073093,2026-08-01,DXB-003,Dubai,CUST-03953,P009,Backpack,Accessories,2,200.43,5,400.86,20.04,380.82,Apple Pay,Online,2026,8,August,1,Saturday,True,380.82,190.41
TXN-0073106,2026-08-01,DXB-004,Dubai,CUST-02662,P012,Pen Pack,Stationery,1,15.33,15,15.33,2.3,13.03,Bank Transfer,Store,2026,8,August,1,Saturday,True,13.03,13.03
TXN-0073125,2026-08-01,DXB-003,Dubai,CUST-04655,P006,Mouse,Accessories,1,102.02,15,102.02,15.3,86.72,Apple Pay,Online,2026,8,August,1,Saturday,True,86.72,86.72
TXN-0073130,2026-08-01,DXB-003,Dubai,CUST-07550,P007,Office Chair,Furniture,2,642.65,5,1285.3,64.26,1221.04,Card,Store,2026,8,August,1,Saturday,True,1221.04,610.52
TXN-0073147,2026-08-01,DXB-001,Dubai,CUST-05454,P010,Printer,Office,1,690.15,5,690.15,34.51,655.64,Card,Online,2026,8,August,1,Saturday,True,655.64,655.64
TXN-0073209,2026-08-01,DXB-001,Dubai,CUST-00068,P013,USB Drive,Accessories,4,48.67,5,194.68,9.73,184.95,Card,Store,2026,8,August,1,Saturday,True,184.95,46.24
TXN-0073251,2026-08-01,DXB-003,Dubai,CUST-07506,P001,Laptop,Electronics,2,2757.54,10,5515.08,551.51,4963.57,Cash,Store,2026,8,August,1,Saturday,True,4963.57,2481.78
TXN-0073287,2026-08-01,DXB-005,Dubai,CUST-04351,P001,Laptop,Electronics,3,2825.86,5,8477.58,423.88,8053.7,Cash,Online,2026,8,August,1,Saturday,True,8053.7,2684.57
TXN-0073307,2026-08-01,DXB-005,Dubai,CUST-05361,P012,Pen Pack,Stationery,2,15.73,10,31.46,3.15,28.31,Card,Store,2026,8,August,1,Saturday,True,28.31,14.16
TXN-0073322,2026-08-01,DXB-004,Dubai,CUST-02621,P011,Notebook,Stationery,1,24.56,15,24.56,3.68,20.88,Card,Store,2026,8,August,1,Saturday,True,20.88,20.88
TXN-0073422,2026-08-01,DXB-002,Dubai,CUST-00463,P012,Pen Pack,Stationery,1,13.48,5,13.48,0.67,12.81,Card,Online,2026,8,August,1,Saturday,True,12.81,12.81
TXN-0073484,2026-08-01,DXB-003,Dubai,CUST-05726,P004,Monitor,Electronics,1,888.15,10,888.15,88.82,799.33,Cash,Online,2026,8,August,1,Saturday,True,799.33,799.33
TXN-0073567,2026-08-01,DXB-005,Dubai,CUST-03577,P010,Printer,Office,3,710.84,0,2132.52,0.0,2132.52,Cash,Store,2026,8,August,1,Saturday,True,2132.52,710.84
TXN-0073692,2026-08-01,DXB-002,Dubai,CUST-00379,P008,Desk,Furniture,1,774.7,5,774.7,38.74,735.96,Apple Pay,Store,2026,8,August,1,Saturday,True,735.96,735.96
TXN-0073759,2026-08-01,DXB-004,Dubai,CUST-01173,P008,Desk,Furniture,1,818.32,5,818.32,40.92,777.4,Card,Store,2026,8,August,1,Saturday,True,777.4,777.4
TXN-0073762,2026-08-01,DXB-004,Dubai,CUST-05750,P015,Tablet,Electronics,1,1144.55,5,1144.55,57.23,1087.32,Cash,Store,2026,8,August,1,Saturday,True,1087.32,1087.32
TXN-0073891,2026-08-01,DXB-004,Dubai,CUST-05910,P010,Printer,Office,1,651.14,0,651.14,0.0,651.14,Apple Pay,Online,2026,8,August,1,Saturday,True,651.14,651.14
TXN-0073898,2026-08-01,DXB-002,Dubai,CUST-00316,P009,Backpack,Accessories,3,193.15,0,579.45,0.0,579.45,Card,Store,2026,8,August,1,Saturday,True,579.45,193.15
TXN-0073956,2026-08-01,DXB-001,Dubai,CUST-07667,P012,Pen Pack,Stationery,1,15.98,10,15.98,1.6,14.38,Card,Store,2026,8,August,1,Saturday,True,14.38,14.38
TXN-0074053,2026-08-01,DXB-004,Dubai,CUST-02133,P001,Laptop,Electronics,1,2834.9,10,2834.9,283.49,2551.41,Apple Pay,Store,2026,8,August,1,Saturday,True,2551.41,2551.41
TXN-0074062,2026-08-01,DXB-003,Dubai,CUST-05014,P001,Laptop,Electronics,3,2953.95,0,8861.85,0.0,8861.85,Apple Pay,Online,2026,8,August,1,Saturday,True,8861.85,2953.95
TXN-0074072,2026-08-01,DXB-003,Dubai,CUST-05678,P007,Office Chair,Furniture,1,650.27,5,650.27,32.51,617.76,Cash,Store,2026,8,August,1,Saturday,True,617.76,617.76
TXN-0074100,2026-08-01,DXB-003,Dubai,CUST-00565,P008,Desk,Furniture,2,796.6,0,1593.2,0.0,1593.2,Bank Transfer,Store,2026,8,August,1,Saturday,True,1593.2,796.6
TXN-0074114,2026-08-01,DXB-005,Dubai,CUST-00636,P013,USB Drive,Accessories,1,46.24,20,46.24,9.25,36.99,Card,Online,2026,8,August,1,Saturday,True,36.99,36.99
TXN-0074119,2026-08-01,DXB-001,Dubai,CUST-04664,P006,Mouse,Accessories,1,111.93,5,111.93,5.6,106.33,Bank Transfer,Store,2026,8,August,1,Saturday,True,106.33,106.33
TXN-0074217,2026-08-01,DXB-003,Dubai,CUST-03372,P010,Printer,Office,3,622.6,10,1867.8,186.78,1681.02,Bank Transfer,Online,2026,8,August,1,Saturday,True,1681.02,560.34
TXN-0074284,2026-08-01,DXB-003,Dubai,CUST-06624,P011,Notebook,Stationery,2,25.7,0,51.4,0.0,51.4,Card,Store,2026,8,August,1,Saturday,True,51.4,25.7
TXN-0074463,2026-08-01,DXB-005,Dubai,CUST-01609,P008,Desk,Furniture,1,821.22,0,821.22,0.0,821.22,Apple Pay,Store,2026,8,August,1,Saturday,True,821.22,821.22
TXN-0074496,2026-08-01,DXB-003,Dubai,CUST-05247,P015,Tablet,Electronics,2,1199.97,5,2399.94,120.0,2279.94,Card,Store,2026,8,August,1,Saturday,True,2279.94,1139.97
TXN-0074600,2026-08-01,DXB-003,Dubai,CUST-06611,P012,Pen Pack,Stationery,1,15.6,5,15.6,0.78,14.82,Apple Pay,Store,2026,8,August,1,Saturday,True,14.82,14.82
TXN-0074609,2026-08-01,DXB-003,Dubai,CUST-01787,P010,Printer,Office,1,686.61,0,686.61,0.0,686.61,Card,Online,2026,8,August,1,Saturday,True,686.61,686.61
TXN-0074637,2026-08-01,DXB-003,Dubai,CUST-00334,P010,Printer,Office,2,716.17,5,1432.34,71.62,1360.72,Bank Transfer,Store,2026,8,August,1,Saturday,True,1360.72,680.36
TXN-0074865,2026-08-01,DXB-001,Dubai,CUST-05313,P005,Keyboard,Accessories,1,175.78,0,175.78,0.0,175.78,Card,Store,2026,8,August,1,Saturday,True,175.78,175.78
TXN-0074888,2026-08-01,DXB-001,Dubai,CUST-03985,P006,Mouse,Accessories,2,100.95,20,201.9,40.38,161.52,Cash,Online,2026,8,August,1,Saturday,True,161.52,80.76
TXN-0074893,2026-08-01,DXB-001,Dubai,CUST-07674,P006,Mouse,Accessories,1,95.22,5,95.22,4.76,90.46,Card,Store,2026,8,August,1,Saturday,True,90.46,90.46
TXN-0074932,2026-08-01,DXB-001,Dubai,CUST-01759,P007,Office Chair,Furniture,4,656.15,0,2624.6,0.0,2624.6,Card,Online,2026,8,August,1,Saturday,True,2624.6,656.15
TXN-0075028,2026-08-01,DXB-005,Dubai,CUST-00987,P007,Office Chair,Furniture,1,635.01,15,635.01,95.25,539.76,Cash,Store,2026,8,August,1,Saturday,True,539.76,539.76
TXN-0075066,2026-08-01,DXB-005,Dubai,CUST-04088,P005,Keyboard,Accessories,1,176.09,0,176.09,0.0,176.09,Bank Transfer,Store,2026,8,August,1,Saturday,True,176.09,176.09
TXN-0075127,2026-08-01,DXB-003,Dubai,CUST-06651,P011,Notebook,Stationery,3,25.91,5,77.73,3.89,73.84,Card,Online,2026,8,August,1,Saturday,True,73.84,24.61
TXN-0075221,2026-08-01,DXB-001,Dubai,CUST-05170,P009,Backpack,Accessories,1,221.31,5,221.31,11.07,210.24,Apple Pay,Store,2026,8,August,1,Saturday,True,210.24,210.24
TXN-0075322,2026-08-01,DXB-001,Dubai,CUST-05718,P004,Monitor,Electronics,1,841.44,5,841.44,42.07,799.37,Card,Store,2026,8,August,1,Saturday,True,799.37,799.37
TXN-0075332,2026-08-01,DXB-001,Dubai,CUST-07992,P005,Keyboard,Accessories,2,158.38,0,316.76,0.0,316.76,Apple Pay,Store,2026,8,August,1,Saturday,True,316.76,158.38
TXN-0075342,2026-08-01,DXB-001,Dubai,CUST-02360,P003,Headphones,Electronics,2,355.19,5,710.38,35.52,674.86,Apple Pay,Store,2026,8,August,1,Saturday,True,674.86,337.43
TXN-0075360,2026-08-01,DXB-004,Dubai,CUST-06305,P013,USB Drive,Accessories,2,50.26,20,100.52,20.1,80.42,Card,Store,2026,8,August,1,Saturday,True,80.42,40.21
TXN-0075389,2026-08-01,DXB-004,Dubai,CUST-06535,P015,Tablet,Electronics,3,1307.34,10,3922.02,392.2,3529.82,Apple Pay,Store,2026,8,August,1,Saturday,True,3529.82,1176.61
TXN-0075400,2026-08-01,DXB-001,Dubai,CUST-02304,P011,Notebook,Stationery,1,24.16,15,24.16,3.62,20.54,Cash,Store,2026,8,August,1,Saturday,True,20.54,20.54
TXN-0075419,2026-08-01,DXB-002,Dubai,CUST-05407,P008,Desk,Furniture,3,813.35,0,2440.05,0.0,2440.05,Apple Pay,Store,2026,8,August,1,Saturday,True,2440.05,813.35
TXN-0075481,2026-08-01,DXB-003,Dubai,CUST-06567,P006,Mouse,Accessories,6,96.13,0,576.78,0.0,576.78,Apple Pay,Store,2026,8,August,1,Saturday,True,576.78,96.13
TXN-0075495,2026-08-01,DXB-005,Dubai,CUST-00146,P002,Smartphone,Electronics,1,1831.87,5,1831.87,91.59,1740.28,Card,Online,2026,8,August,1,Saturday,True,1740.28,1740.28
TXN-0075524,2026-08-01,DXB-004,Dubai,CUST-05352,P002,Smartphone,Electronics,2,1931.63,5,3863.26,193.16,3670.1,Card,Store,2026,8,August,1,Saturday,True,3670.1,1835.05
TXN-0075581,2026-08-01,DXB-001,Dubai,CUST-03287,P005,Keyboard,Accessories,3,177.82,10,533.46,53.35,480.11,Card,Store,2026,8,August,1,Saturday,True,480.11,160.04
TXN-0075817,2026-08-01,DXB-004,Dubai,CUST-04961,P007,Office Chair,Furniture,1,700.66,15,700.66,105.1,595.56,Card,Store,2026,8,August,1,Saturday,True,595.56,595.56
TXN-0075936,2026-08-01,DXB-001,Dubai,CUST-06027,P009,Backpack,Accessories,2,221.12,15,442.24,66.34,375.9,Cash,Store,2026,8,August,1,Saturday,True,375.9,187.95
TXN-0075940,2026-08-01,DXB-001,Dubai,CUST-02228,P013,USB Drive,Accessories,5,41.95,10,209.75,20.98,188.77,Card,Store,2026,8,August,1,Saturday,True,188.77,37.75
TXN-0076048,2026-08-01,DXB-002,Dubai,CUST-02250,P012,Pen Pack,Stationery,3,14.85,10,44.55,4.46,40.09,Apple Pay,Store,2026,8,August,1,Saturday,True,40.09,13.36
TXN-0076084,2026-08-01,DXB-002,Dubai,CUST-03024,P005,Keyboard,Accessories,3,177.87,5,533.61,26.68,506.93,Cash,Store,2026,8,August,1,Saturday,True,506.93,168.98
TXN-0076290,2026-08-01,DXB-004,Dubai,CUST-07503,P009,Backpack,Accessories,4,203.57,20,814.28,162.86,651.42,Apple Pay,Store,2026,8,August,1,Saturday,True,651.42,162.85
TXN-0076291,2026-08-01,DXB-005,Dubai,CUST-01126,P003,Headphones,Electronics,1,363.9,0,363.9,0.0,363.9,Card,Store,2026,8,August,1,Saturday,True,363.9,363.9
TXN-0076378,2026-08-01,DXB-001,Dubai,CUST-06753,P001,Laptop,Electronics,4,2705.56,5,10822.24,541.11,10281.13,Card,Store,2026,8,August,1,Saturday,True,10281.13,2570.28
TXN-0076406,2026-08-01,DXB-004,Dubai,CUST-01641,P009,Backpack,Accessories,1,205.12,10,205.12,20.51,184.61,Bank Transfer,Store,2026,8,August,1,Saturday,True,184.61,184.61
TXN-0076564,2026-08-01,DXB-005,Dubai,CUST-03776,P001,Laptop,Electronics,1,2965.59,10,2965.59,296.56,2669.03,Card,Store,2026,8,August,1,Saturday,True,2669.03,2669.03
TXN-0076608,2026-08-01,DXB-002,Dubai,CUST-07152,P014,Power Bank,Electronics,1,153.09,5,153.09,7.65,145.44,Card,Store,2026,8,August,1,Saturday,True,145.44,145.44
TXN-0076646,2026-08-01,DXB-002,Dubai,CUST-04314,P006,Mouse,Accessories,1,90.95,0,90.95,0.0,90.95,Card,Store,2026,8,August,1,Saturday,True,90.95,90.95
TXN-0076704,2026-08-01,DXB-002,Dubai,CUST-01501,P008,Desk,Furniture,2,767.69,5,1535.38,76.77,1458.61,Card,Store,2026,8,August,1,Saturday,True,1458.61,729.3
TXN-0076730,2026-08-01,DXB-004,Dubai,CUST-05888,P009,Backpack,Accessories,1,222.05,5,222.05,11.1,210.95,Card,Store,2026,8,August,1,Saturday,True,210.95,210.95
TXN-0076761,2026-08-01,DXB-003,Dubai,CUST-03231,P011,Notebook,Stationery,1,26.23,5,26.23,1.31,24.92,Cash,Store,2026,8,August,1,Saturday,True,24.92,24.92
TXN-0076783,2026-08-01,DXB-001,Dubai,CUST-04506,P002,Smartphone,Electronics,3,1763.62,5,5290.86,264.54,5026.32,Bank Transfer,Store,2026,8,August,1,Saturday,True,5026.32,1675.44
TXN-0076793,2026-08-01,DXB-002,Dubai,CUST-07142,P011,Notebook,Stationery,1,26.58,10,26.58,2.66,23.92,Bank Transfer,Store,2026,8,August,1,Saturday,True,23.92,23.92
TXN-0076845,2026-08-01,DXB-005,Dubai,CUST-04431,P012,Pen Pack,Stationery,2,15.59,10,31.18,3.12,28.06,Cash,Store,2026,8,August,1,Saturday,True,28.06,14.03
TXN-0076882,2026-08-01,DXB-004,Dubai,CUST-07287,P009,Backpack,Accessories,1,243.93,0,243.93,0.0,243.93,Apple Pay,Store,2026,8,August,1,Saturday,True,243.93,243.93
TXN-0077036,2026-08-01,DXB-001,Dubai,CUST-06498,P001,Laptop,Electronics,4,2884.93,10,11539.72,1153.97,10385.75,Apple Pay,Store,2026,8,August,1,Saturday,True,10385.75,2596.44
TXN-0077077,2026-08-01,DXB-004,Dubai,CUST-02429,P008,Desk,Furniture,1,906.43,20,906.43,181.29,725.14,Card,Store,2026,8,August,1,Saturday,True,725.14,725.14
TXN-0077095,2026-08-01,DXB-001,Dubai,CUST-02404,P003,Headphones,Electronics,2,345.3,15,690.6,103.59,587.01,Card,Online,2026,8,August,1,Saturday,True,587.01,293.5
TXN-0077163,2026-08-01,DXB-004,Dubai,CUST-06030,P012,Pen Pack,Stationery,2,14.98,0,29.96,0.0,29.96,Card,Store,2026,8,August,1,Saturday,True,29.96,14.98
TXN-0077164,2026-08-01,DXB-004,Dubai,CUST-02015,P007,Office Chair,Furniture,5,629.44,0,3147.2,0.0,3147.2,Card,Store,2026,8,August,1,Saturday,True,3147.2,629.44
TXN-0077192,2026-08-01,DXB-001,Dubai,CUST-03668,P001,Laptop,Electronics,1,2807.66,5,2807.66,140.38,2667.28,Apple Pay,Store,2026,8,August,1,Saturday,True,2667.28,2667.28
TXN-0077213,2026-08-01,DXB-004,Dubai,CUST-00521,P010,Printer,Office,3,679.26,0,2037.78,0.0,2037.78,Cash,Store,2026,8,August,1,Saturday,True,2037.78,679.26
TXN-0077238,2026-08-01,DXB-002,Dubai,CUST-04428,P008,Desk,Furniture,2,874.36,20,1748.72,349.74,1398.98,Card,Store,2026,8,August,1,Saturday,True,1398.98,699.49
TXN-0077262,2026-08-01,DXB-002,Dubai,CUST-06252,P001,Laptop,Electronics,2,2951.53,0,5903.06,0.0,5903.06,Card,Store,2026,8,August,1,Saturday,True,5903.06,2951.53
TXN-0077275,2026-08-01,DXB-001,Dubai,CUST-01738,P009,Backpack,Accessories,1,265.92,0,265.92,0.0,265.92,Card,Store,2026,8,August,1,Saturday,True,265.92,265.92
TXN-0077297,2026-08-01,DXB-005,Dubai,CUST-05212,P003,Headphones,Electronics,1,334.27,0,334.27,0.0,334.27,Cash,Store,2026,8,August,1,Saturday,True,334.27,334.27
TXN-0077326,2026-08-01,DXB-001,Dubai,CUST-01290,P004,Monitor,Electronics,2,899.83,20,1799.66,359.93,1439.73,Apple Pay,Online,2026,8,August,1,Saturday,True,1439.73,719.86
TXN-0077337,2026-08-01,DXB-002,Dubai,CUST-03993,P007,Office Chair,Furniture,1,611.72,5,611.72,30.59,581.13,Card,Store,2026,8,August,1,Saturday,True,581.13,581.13
TXN-0077405,2026-08-01,DXB-004,Dubai,CUST-01650,P005,Keyboard,Accessories,1,172.1,10,172.1,17.21,154.89,Card,Online,2026,8,August,1,Saturday,True,154.89,154.89
TXN-0077433,2026-08-01,DXB-001,Dubai,CUST-05854,P012,Pen Pack,Stationery,3,13.65,10,40.95,4.1,36.85,Apple Pay,Store,2026,8,August,1,Saturday,True,36.85,12.28
TXN-0077482,2026-08-01,DXB-003,Dubai,CUST-00658,P006,Mouse,Accessories,3,93.92,15,281.76,42.26,239.5,Apple Pay,Online,2026,8,August,1,Saturday,True,239.5,79.83
TXN-0077573,2026-08-01,DXB-004,Dubai,CUST-05060,P011,Notebook,Stationery,1,23.6,10,23.6,2.36,21.24,Apple Pay,Online,2026,8,August,1,Saturday,True,21.24,21.24
TXN-0077610,2026-08-01,DXB-003,Dubai,CUST-00357,P013,USB Drive,Accessories,1,46.2,5,46.2,2.31,43.89,Card,Online,2026,8,August,1,Saturday,True,43.89,43.89
TXN-0077652,2026-08-01,DXB-002,Dubai,CUST-07237,P009,Backpack,Accessories,2,243.81,5,487.62,24.38,463.24,Apple Pay,Store,2026,8,August,1,Saturday,True,463.24,231.62
TXN-0077709,2026-08-01,DXB-002,Dubai,CUST-01517,P010,Printer,Office,2,771.71,10,1543.42,154.34,1389.08,Card,Online,2026,8,August,1,Saturday,True,1389.08,694.54
TXN-0077760,2026-08-01,DXB-005,Dubai,CUST-05307,P008,Desk,Furniture,2,720.04,5,1440.08,72.0,1368.08,Apple Pay,Store,2026,8,August,1,Saturday,True,1368.08,684.04
TXN-0077768,2026-08-01,DXB-001,Dubai,CUST-01902,P006,Mouse,Accessories,3,99.57,0,298.71,0.0,298.71,Cash,Store,2026,8,August,1,Saturday,True,298.71,99.57
TXN-0077776,2026-08-01,DXB-003,Dubai,CUST-02823,P005,Keyboard,Accessories,3,201.76,0,605.28,0.0,605.28,Cash,Store,2026,8,August,1,Saturday,True,605.28,201.76
TXN-0077885,2026-08-01,DXB-001,Dubai,CUST-01332,P003,Headphones,Electronics,6,343.07,5,2058.42,102.92,1955.5,Card,Store,2026,8,August,1,Saturday,True,1955.5,325.92
TXN-0077913,2026-08-01,DXB-005,Dubai,CUST-03193,P005,Keyboard,Accessories,1,186.45,15,186.45,27.97,158.48,Card,Online,2026,8,August,1,Saturday,True,158.48,158.48
TXN-0078093,2026-08-01,DXB-001,Dubai,CUST-00374,P007,Office Chair,Furniture,2,591.61,10,1183.22,118.32,1064.9,Card,Store,2026,8,August,1,Saturday,True,1064.9,532.45
TXN-0078114,2026-08-01,DXB-002,Dubai,CUST-06115,P005,Keyboard,Accessories,1,162.7,0,162.7,0.0,162.7,Cash,Online,2026,8,August,1,Saturday,True,162.7,162.7
TXN-0078116,2026-08-01,DXB-001,Dubai,CUST-06560,P006,Mouse,Accessories,2,109.0,0,218.0,0.0,218.0,Card,Online,2026,8,August,1,Saturday,True,218.0,109.0
TXN-0078243,2026-08-01,DXB-001,Dubai,CUST-01176,P002,Smartphone,Electronics,1,1869.58,0,1869.58,0.0,1869.58,Card,Store,2026,8,August,1,Saturday,True,1869.58,1869.58
TXN-0078271,2026-08-01,DXB-001,Dubai,CUST-01814,P014,Power Bank,Electronics,3,161.7,15,485.1,72.76,412.34,Card,Store,2026,8,August,1,Saturday,True,412.34,137.45
TXN-0078338,2026-08-01,DXB-004,Dubai,CUST-00196,P015,Tablet,Electronics,2,1385.26,10,2770.52,277.05,2493.47,Card,Online,2026,8,August,1,Saturday,True,2493.47,1246.73
TXN-0078346,2026-08-01,DXB-001,Dubai,CUST-03620,P015,Tablet,Electronics,1,1193.22,10,1193.22,119.32,1073.9,Cash,Store,2026,8,August,1,Saturday,True,1073.9,1073.9
TXN-0078361,2026-08-01,DXB-002,Dubai,CUST-06568,P008,Desk,Furniture,2,798.91,0,1597.82,0.0,1597.82,Card,Store,2026,8,August,1,Saturday,True,1597.82,798.91
TXN-0078399,2026-08-01,DXB-003,Dubai,CUST-03682,P003,Headphones,Electronics,2,333.37,10,666.74,66.67,600.07,Card,Store,2026,8,August,1,Saturday,True,600.07,300.04
TXN-0078417,2026-08-01,DXB-003,Dubai,CUST-02900,P001,Laptop,Electronics,1,2503.27,10,2503.27,250.33,2252.94,Card,Store,2026,8,August,1,Saturday,True,2252.94,2252.94
TXN-0078472,2026-08-01,DXB-001,Dubai,CUST-01116,P010,Printer,Office,1,680.74,10,680.74,68.07,612.67,Card,Online,2026,8,August,1,Saturday,True,612.67,612.67
TXN-0078495,2026-08-01,DXB-005,Dubai,CUST-03049,P015,Tablet,Electronics,1,1112.64,15,1112.64,166.9,945.74,Card,Store,2026,8,August,1,Saturday,True,945.74,945.74
TXN-0078497,2026-08-01,DXB-002,Dubai,CUST-02068,P012,Pen Pack,Stationery,1,16.24,20,16.24,3.25,12.99,Bank Transfer,Store,2026,8,August,1,Saturday,True,12.99,12.99
TXN-0078545,2026-08-01,DXB-001,Dubai,CUST-02178,P007,Office Chair,Furniture,3,618.29,5,1854.87,92.74,1762.13,Card,Store,2026,8,August,1,Saturday,True,1762.13,587.38
TXN-0078672,2026-08-01,DXB-001,Dubai,CUST-03529,P006,Mouse,Accessories,1,92.81,20,92.81,18.56,74.25,Card,Store,2026,8,August,1,Saturday,True,74.25,74.25
TXN-0078689,2026-08-01,DXB-004,Dubai,CUST-06585,P013,USB Drive,Accessories,3,53.18,5,159.54,7.98,151.56,Apple Pay,Store,2026,8,August,1,Saturday,True,151.56,50.52
TXN-0078747,2026-08-01,DXB-002,Dubai,CUST-07534,P003,Headphones,Electronics,1,364.92,0,364.92,0.0,364.92,Apple Pay,Store,2026,8,August,1,Saturday,True,364.92,364.92
TXN-0078750,2026-08-01,DXB-005,Dubai,CUST-00853,P010,Printer,Office,2,668.05,15,1336.1,200.42,1135.68,Apple Pay,Store,2026,8,August,1,Saturday,True,1135.68,567.84
TXN-0078793,2026-08-01,DXB-003,Dubai,CUST-01620,P011,Notebook,Stationery,5,24.22,5,121.1,6.06,115.04,Card,Store,2026,8,August,1,Saturday,True,115.04,23.01
TXN-0078822,2026-08-01,DXB-004,Dubai,CUST-05226,P009,Backpack,Accessories,1,224.16,0,224.16,0.0,224.16,Cash,Store,2026,8,August,1,Saturday,True,224.16,224.16
TXN-0078866,2026-08-01,DXB-003,Dubai,CUST-07881,P006,Mouse,Accessories,1,109.58,5,109.58,5.48,104.1,Cash,Store,2026,8,August,1,Saturday,True,104.1,104.1
TXN-0078880,2026-08-01,DXB-003,Dubai,CUST-06172,P005,Keyboard,Accessories,1,197.58,0,197.58,0.0,197.58,Card,Store,2026,8,August,1,Saturday,True,197.58,197.58
TXN-0078998,2026-08-01,DXB-004,Dubai,CUST-06472,P002,Smartphone,Electronics,1,1842.9,5,1842.9,92.14,1750.76,Card,Online,2026,8,August,1,Saturday,True,1750.76,1750.76
TXN-0079078,2026-08-01,DXB-003,Dubai,CUST-06889,P003,Headphones,Electronics,3,359.78,20,1079.34,215.87,863.47,Cash,Online,2026,8,August,1,Saturday,True,863.47,287.82
TXN-0079084,2026-08-01,DXB-001,Dubai,CUST-01841,P015,Tablet,Electronics,1,1255.06,15,1255.06,188.26,1066.8,Apple Pay,Store,2026,8,August,1,Saturday,True,1066.8,1066.8
TXN-0079089,2026-08-01,DXB-005,Dubai,CUST-03986,P014,Power Bank,Electronics,1,146.84,0,146.84,0.0,146.84,Apple Pay,Store,2026,8,August,1,Saturday,True,146.84,146.84
TXN-0079092,2026-08-01,DXB-005,Dubai,CUST-05134,P001,Laptop,Electronics,1,2767.16,5,2767.16,138.36,2628.8,Card,Online,2026,8,August,1,Saturday,True,2628.8,2628.8
TXN-0079120,2026-08-01,DXB-003,Dubai,CUST-02386,P004,Monitor,Electronics,6,994.33,0,5965.98,0.0,5965.98,Card,Online,2026,8,August,1,Saturday,True,5965.98,994.33
TXN-0079220,2026-08-01,DXB-005,Dubai,CUST-03101,P006,Mouse,Accessories,2,101.79,0,203.58,0.0,203.58,Apple Pay,Store,2026,8,August,1,Saturday,True,203.58,101.79
TXN-0079227,2026-08-01,DXB-003,Dubai,CUST-06162,P009,Backpack,Accessories,1,232.84,5,232.84,11.64,221.2,Bank Transfer,Store,2026,8,August,1,Saturday,True,221.2,221.2
TXN-0079247,2026-08-01,DXB-004,Dubai,CUST-01570,P011,Notebook,Stationery,1,23.23,10,23.23,2.32,20.91,Card,Store,2026,8,August,1,Saturday,True,20.91,20.91
TXN-0079315,2026-08-01,DXB-004,Dubai,CUST-05824,P012,Pen Pack,Stationery,4,14.08,10,56.32,5.63,50.69,Card,Store,2026,8,August,1,Saturday,True,50.69,12.67
TXN-0079392,2026-08-01,DXB-002,Dubai,CUST-03367,P010,Printer,Office,1,695.22,0,695.22,0.0,695.22,Cash,Store,2026,8,August,1,Saturday,True,695.22,695.22
TXN-0079423,2026-08-01,DXB-002,Dubai,CUST-01112,P011,Notebook,Stationery,4,26.04,10,104.16,10.42,93.74,Cash,Store,2026,8,August,1,Saturday,True,93.74,23.44
TXN-0079552,2026-08-01,DXB-004,Dubai,CUST-00444,P008,Desk,Furniture,1,694.92,5,694.92,34.75,660.17,Apple Pay,Online,2026,8,August,1,Saturday,True,660.17,660.17
TXN-0079632,2026-08-01,DXB-002,Dubai,CUST-03584,P011,Notebook,Stationery,1,24.44,5,24.44,1.22,23.22,Cash,Online,2026,8,August,1,Saturday,True,23.22,23.22
TXN-0079633,2026-08-01,DXB-004,Dubai,CUST-02949,P012,Pen Pack,Stationery,1,15.08,15,15.08,2.26,12.82,Card,Online,2026,8,August,1,Saturday,True,12.82,12.82
TXN-0079643,2026-08-01,DXB-003,Dubai,CUST-01799,P011,Notebook,Stationery,4,26.6,15,106.4,15.96,90.44,Card,Store,2026,8,August,1,Saturday,True,90.44,22.61
TXN-0079781,2026-08-01,DXB-002,Dubai,CUST-00134,P003,Headphones,Electronics,1,334.12,5,334.12,16.71,317.41,Apple Pay,Store,2026,8,August,1,Saturday,True,317.41,317.41
TXN-0079786,2026-08-01,DXB-001,Dubai,CUST-00965,P005,Keyboard,Accessories,3,182.42,15,547.26,82.09,465.17,Card,Store,2026,8,August,1,Saturday,True,465.17,155.06
TXN-0079999,2026-08-01,DXB-002,Dubai,CUST-07579,P009,Backpack,Accessories,2,219.91,0,439.82,0.0,439.82,Card,Store,2026,8,August,1,Saturday,True,439.82,219.91
TXN-0080003,2026-08-01,DXB-002,Dubai,CUST-03265,P004,Monitor,Electronics,4,893.24,5,3572.96,178.65,3394.31,Cash,Store,2026,8,August,1,Saturday,True,3394.31,848.58
TXN-0080008,2026-08-01,DXB-005,Dubai,CUST-07868,P006,Mouse,Accessories,1,90.5,10,90.5,9.05,81.45,Apple Pay,Online,2026,8,August,1,Saturday,True,81.45,81.45
TXN-0080120,2026-08-01,DXB-004,Dubai,CUST-06667,P002,Smartphone,Electronics,1,1790.18,5,1790.18,89.51,1700.67,Card,Store,2026,8,August,1,Saturday,True,1700.67,1700.67
TXN-0080177,2026-08-01,DXB-005,Dubai,CUST-07401,P005,Keyboard,Accessories,1,175.22,10,175.22,17.52,157.7,Cash,Store,2026,8,August,1,Saturday,True,157.7,157.7
TXN-0080193,2026-08-01,DXB-003,Dubai,CUST-02710,P002,Smartphone,Electronics,2,1716.01,5,3432.02,171.6,3260.42,Card,Online,2026,8,August,1,Saturday,True,3260.42,1630.21
TXN-0080217,2026-08-01,DXB-005,Dubai,CUST-04891,P003,Headphones,Electronics,2,328.11,15,656.22,98.43,557.79,Card,Store,2026,8,August,1,Saturday,True,557.79,278.9
TXN-0080233,2026-08-01,DXB-002,Dubai,CUST-03794,P010,Printer,Office,2,584.25,5,1168.5,58.42,1110.08,Apple Pay,Store,2026,8,August,1,Saturday,True,1110.08,555.04
TXN-0080290,2026-08-01,DXB-004,Dubai,CUST-00452,P012,Pen Pack,Stationery,3,15.85,0,47.55,0.0,47.55,Bank Transfer,Online,2026,8,August,1,Saturday,True,47.55,15.85
TXN-0080390,2026-08-01,DXB-004,Dubai,CUST-01650,P007,Office Chair,Furniture,1,715.38,0,715.38,0.0,715.38,Card,Store,2026,8,August,1,Saturday,True,715.38,715.38
TXN-0080575,2026-08-01,DXB-004,Dubai,CUST-04161,P003,Headphones,Electronics,1,354.42,20,354.42,70.88,283.54,Cash,Store,2026,8,August,1,Saturday,True,283.54,283.54
TXN-0080699,2026-08-01,DXB-001,Dubai,CUST-03428,P008,Desk,Furniture,1,746.92,5,746.92,37.35,709.57,Card,Store,2026,8,August,1,Saturday,True,709.57,709.57
TXN-0080701,2026-08-01,DXB-003,Dubai,CUST-01137,P009,Backpack,Accessories,1,212.32,0,212.32,0.0,212.32,Card,Store,2026,8,August,1,Saturday,True,212.32,212.32
TXN-0080760,2026-08-01,DXB-001,Dubai,CUST-00717,P010,Printer,Office,3,668.73,15,2006.19,300.93,1705.26,Cash,Store,2026,8,August,1,Saturday,True,1705.26,568.42
TXN-0080802,2026-08-01,DXB-004,Dubai,CUST-05988,P012,Pen Pack,Stationery,1,14.58,0,14.58,0.0,14.58,Cash,Store,2026,8,August,1,Saturday,True,14.58,14.58
TXN-0080883,2026-08-01,DXB-001,Dubai,CUST-06713,P002,Smartphone,Electronics,1,1779.74,10,1779.74,177.97,1601.77,Bank Transfer,Store,2026,8,August,1,Saturday,True,1601.77,1601.77
TXN-0080892,2026-08-01,DXB-002,Dubai,CUST-01165,P002,Smartphone,Electronics,1,1789.54,5,1789.54,89.48,1700.06,Card,Online,2026,8,August,1,Saturday,True,1700.06,1700.06
TXN-0080917,2026-08-01,DXB-001,Dubai,CUST-00563,P004,Monitor,Electronics,1,957.87,15,957.87,143.68,814.19,Apple Pay,Store,2026,8,August,1,Saturday,True,814.19,814.19
TXN-0080923,2026-08-01,DXB-004,Dubai,CUST-06191,P001,Laptop,Electronics,1,2817.43,10,2817.43,281.74,2535.69,Card,Store,2026,8,August,1,Saturday,True,2535.69,2535.69
TXN-0080979,2026-08-01,DXB-004,Dubai,CUST-05141,P011,Notebook,Stationery,1,23.08,10,23.08,2.31,20.77,Apple Pay,Store,2026,8,August,1,Saturday,True,20.77,20.77
TXN-0080983,2026-08-01,DXB-004,Dubai,CUST-03873,P004,Monitor,Electronics,1,916.47,5,916.47,45.82,870.65,Card,Store,2026,8,August,1,Saturday,True,870.65,870.65
TXN-0080992,2026-08-01,DXB-001,Dubai,CUST-00860,P002,Smartphone,Electronics,6,1898.08,0,11388.48,0.0,11388.48,Apple Pay,Store,2026,8,August,1,Saturday,True,11388.48,1898.08
TXN-0081126,2026-08-01,DXB-002,Dubai,CUST-05874,P003,Headphones,Electronics,3,324.81,0,974.43,0.0,974.43,Card,Store,2026,8,August,1,Saturday,True,974.43,324.81
TXN-0081198,2026-08-01,DXB-004,Dubai,CUST-06736,P006,Mouse,Accessories,1,102.99,0,102.99,0.0,102.99,Card,Store,2026,8,August,1,Saturday,True,102.99,102.99
TXN-0081236,2026-08-01,DXB-003,Dubai,CUST-00243,P008,Desk,Furniture,1,759.62,5,759.62,37.98,721.64,Apple Pay,Online,2026,8,August,1,Saturday,True,721.64,721.64
TXN-0081247,2026-08-01,DXB-001,Dubai,CUST-05149,P007,Office Chair,Furniture,1,622.29,10,622.29,62.23,560.06,Bank Transfer,Store,2026,8,August,1,Saturday,True,560.06,560.06
TXN-0081385,2026-08-01,DXB-005,Dubai,CUST-01879,P005,Keyboard,Accessories,2,184.6,0,369.2,0.0,369.2,Bank Transfer,Store,2026,8,August,1,Saturday,True,369.2,184.6
TXN-0081537,2026-08-01,DXB-004,Dubai,CUST-07777,P003,Headphones,Electronics,3,372.89,15,1118.67,167.8,950.87,Card,Online,2026,8,August,1,Saturday,True,950.87,316.96
TXN-0081552,2026-08-01,DXB-004,Dubai,CUST-03176,P002,Smartphone,Electronics,1,1826.96,10,1826.96,182.7,1644.26,Card,Store,2026,8,August,1,Saturday,True,1644.26,1644.26
TXN-0081554,2026-08-01,DXB-002,Dubai,CUST-02761,P004,Monitor,Electronics,3,878.65,20,2635.95,527.19,2108.76,Card,Online,2026,8,August,1,Saturday,True,2108.76,702.92
TXN-0081648,2026-08-01,DXB-003,Dubai,CUST-07345,P004,Monitor,Electronics,2,842.57,0,1685.14,0.0,1685.14,Card,Store,2026,8,August,1,Saturday,True,1685.14,842.57
TXN-0081674,2026-08-01,DXB-004,Dubai,CUST-04812,P007,Office Chair,Furniture,1,710.5,5,710.5,35.52,674.98,Cash,Store,2026,8,August,1,Saturday,True,674.98,674.98
TXN-0081766,2026-08-01,DXB-001,Dubai,CUST-04870,P007,Office Chair,Furniture,1,658.41,5,658.41,32.92,625.49,Cash,Online,2026,8,August,1,Saturday,True,625.49,625.49
TXN-0081792,2026-08-01,DXB-001,Dubai,CUST-03740,P006,Mouse,Accessories,1,103.11,5,103.11,5.16,97.95,Apple Pay,Store,2026,8,August,1,Saturday,True,97.95,97.95
TXN-0081809,2026-08-01,DXB-002,Dubai,CUST-07148,P012,Pen Pack,Stationery,1,14.63,15,14.63,2.19,12.44,Cash,Online,2026,8,August,1,Saturday,True,12.44,12.44
TXN-0082008,2026-08-01,DXB-001,Dubai,CUST-02371,P009,Backpack,Accessories,1,215.34,5,215.34,10.77,204.57,Card,Store,2026,8,August,1,Saturday,True,204.57,204.57
TXN-0082010,2026-08-01,DXB-001,Dubai,CUST-07791,P008,Desk,Furniture,6,825.3,15,4951.8,742.77,4209.03,Cash,Online,2026,8,August,1,Saturday,True,4209.03,701.5
TXN-0082077,2026-08-01,DXB-005,Dubai,CUST-01650,P007,Office Chair,Furniture,1,647.65,0,647.65,0.0,647.65,Card,Store,2026,8,August,1,Saturday,True,647.65,647.65
TXN-0082078,2026-08-01,DXB-004,Dubai,CUST-04625,P014,Power Bank,Electronics,1,156.59,5,156.59,7.83,148.76,Apple Pay,Store,2026,8,August,1,Saturday,True,148.76,148.76
TXN-0082166,2026-08-01,DXB-001,Dubai,CUST-00431,P010,Printer,Office,1,767.59,0,767.59,0.0,767.59,Card,Store,2026,8,August,1,Saturday,True,767.59,767.59
TXN-0082198,2026-08-01,DXB-001,Dubai,CUST-04061,P010,Printer,Office,2,704.08,0,1408.16,0.0,1408.16,Bank Transfer,Store,2026,8,August,1,Saturday,True,1408.16,704.08
TXN-0082209,2026-08-01,DXB-005,Dubai,CUST-00764,P006,Mouse,Accessories,2,105.44,0,210.88,0.0,210.88,Card,Store,2026,8,August,1,Saturday,True,210.88,105.44
TXN-0082274,2026-08-01,DXB-001,Dubai,CUST-01108,P013,USB Drive,Accessories,2,49.58,0,99.16,0.0,99.16,Card,Store,2026,8,August,1,Saturday,True,99.16,49.58
TXN-0082279,2026-08-01,DXB-003,Dubai,CUST-01860,P006,Mouse,Accessories,1,107.72,10,107.72,10.77,96.95,Card,Store,2026,8,August,1,Saturday,True,96.95,96.95
TXN-0082320,2026-08-01,DXB-003,Dubai,CUST-00005,P002,Smartphone,Electronics,2,1555.78,10,3111.56,311.16,2800.4,Apple Pay,Store,2026,8,August,1,Saturday,True,2800.4,1400.2
TXN-0082381,2026-08-01,DXB-002,Dubai,CUST-00391,P012,Pen Pack,Stationery,1,16.08,0,16.08,0.0,16.08,Card,Store,2026,8,August,1,Saturday,True,16.08,16.08
TXN-0082388,2026-08-01,DXB-001,Dubai,CUST-06823,P013,USB Drive,Accessories,5,47.46,0,237.3,0.0,237.3,Apple Pay,Store,2026,8,August,1,Saturday,True,237.3,47.46
TXN-0082423,2026-08-01,DXB-001,Dubai,CUST-03997,P007,Office Chair,Furniture,1,677.12,15,677.12,101.57,575.55,Card,Online,2026,8,August,1,Saturday,True,575.55,575.55
TXN-0082474,2026-08-01,DXB-005,Dubai,CUST-04338,P011,Notebook,Stationery,2,22.78,0,45.56,0.0,45.56,Cash,Online,2026,8,August,1,Saturday,True,45.56,22.78
TXN-0082495,2026-08-01,DXB-005,Dubai,CUST-02040,P010,Printer,Office,1,681.85,0,681.85,0.0,681.85,Apple Pay,Store,2026,8,August,1,Saturday,True,681.85,681.85
TXN-0082505,2026-08-01,DXB-002,Dubai,CUST-07606,P005,Keyboard,Accessories,2,186.49,0,372.98,0.0,372.98,Apple Pay,Store,2026,8,August,1,Saturday,True,372.98,186.49
TXN-0082572,2026-08-01,DXB-001,Dubai,CUST-07225,P005,Keyboard,Accessories,1,194.24,10,194.24,19.42,174.82,Cash,Online,2026,8,August,1,Saturday,True,174.82,174.82
TXN-0082602,2026-08-01,DXB-004,Dubai,CUST-04101,P005,Keyboard,Accessories,1,166.81,15,166.81,25.02,141.79,Cash,Store,2026,8,August,1,Saturday,True,141.79,141.79
TXN-0082677,2026-08-01,DXB-005,Dubai,CUST-06684,P014,Power Bank,Electronics,3,146.35,0,439.05,0.0,439.05,Card,Store,2026,8,August,1,Saturday,True,439.05,146.35
TXN-0082682,2026-08-01,DXB-005,Dubai,CUST-05012,P015,Tablet,Electronics,3,1234.63,5,3703.89,185.19,3518.7,Apple Pay,Store,2026,8,August,1,Saturday,True,3518.7,1172.9
TXN-0082698,2026-08-01,DXB-001,Dubai,CUST-04511,P013,USB Drive,Accessories,1,42.38,15,42.38,6.36,36.02,Card,Store,2026,8,August,1,Saturday,True,36.02,36.02
TXN-0082699,2026-08-01,DXB-001,Dubai,CUST-02115,P001,Laptop,Electronics,3,3006.02,5,9018.06,450.9,8567.16,Bank Transfer,Online,2026,8,August,1,Saturday,True,8567.16,2855.72
TXN-0082705,2026-08-01,DXB-005,Dubai,CUST-03145,P009,Backpack,Accessories,2,219.23,5,438.46,21.92,416.54,Card,Online,2026,8,August,1,Saturday,True,416.54,208.27
TXN-0082801,2026-08-01,DXB-003,Dubai,CUST-04849,P013,USB Drive,Accessories,1,43.54,0,43.54,0.0,43.54,Bank Transfer,Store,2026,8,August,1,Saturday,True,43.54,43.54
TXN-0082812,2026-08-01,DXB-002,Dubai,CUST-00640,P010,Printer,Office,1,742.62,20,742.62,148.52,594.1,Card,Store,2026,8,August,1,Saturday,True,594.1,594.1
TXN-0082963,2026-08-01,DXB-001,Dubai,CUST-01337,P012,Pen Pack,Stationery,2,13.65,20,27.3,5.46,21.84,Cash,Store,2026,8,August,1,Saturday,True,21.84,10.92
TXN-0083029,2026-08-01,DXB-002,Dubai,CUST-02864,P004,Monitor,Electronics,1,815.45,10,815.45,81.54,733.91,Cash,Online,2026,8,August,1,Saturday,True,733.91,733.91
TXN-0083033,2026-08-01,DXB-003,Dubai,CUST-02353,P010,Printer,Office,6,657.19,20,3943.14,788.63,3154.51,Card,Online,2026,8,August,1,Saturday,True,3154.51,525.75
TXN-0083116,2026-08-01,DXB-001,Dubai,CUST-02759,P006,Mouse,Accessories,2,107.26,0,214.52,0.0,214.52,Card,Store,2026,8,August,1,Saturday,True,214.52,107.26
TXN-0083127,2026-08-01,DXB-001,Dubai,CUST-06910,P002,Smartphone,Electronics,1,1604.72,10,1604.72,160.47,1444.25,Cash,Store,2026,8,August,1,Saturday,True,1444.25,1444.25
TXN-0083139,2026-08-01,DXB-005,Dubai,CUST-00245,P009,Backpack,Accessories,2,220.22,10,440.44,44.04,396.4,Card,Online,2026,8,August,1,Saturday,True,396.4,198.2
TXN-0083187,2026-08-01,DXB-001,Dubai,CUST-01137,P007,Office Chair,Furniture,4,580.05,5,2320.2,116.01,2204.19,Card,Store,2026,8,August,1,Saturday,True,2204.19,551.05
TXN-0083200,2026-08-01,DXB-004,Dubai,CUST-00401,P010,Printer,Office,3,637.78,10,1913.34,191.33,1722.01,Card,Online,2026,8,August,1,Saturday,True,1722.01,574.0
TXN-0083284,2026-08-01,DXB-001,Dubai,CUST-04737,P006,Mouse,Accessories,1,101.57,0,101.57,0.0,101.57,Cash,Store,2026,8,August,1,Saturday,True,101.57,101.57
TXN-0083335,2026-08-01,DXB-002,Dubai,CUST-01288,P001,Laptop,Electronics,1,2871.26,10,2871.26,287.13,2584.13,Apple Pay,Store,2026,8,August,1,Saturday,True,2584.13,2584.13
TXN-0083360,2026-08-01,DXB-004,Dubai,CUST-05253,P003,Headphones,Electronics,3,351.74,10,1055.22,105.52,949.7,Apple Pay,Store,2026,8,August,1,Saturday,True,949.7,316.57
TXN-0083372,2026-08-01,DXB-002,Dubai,CUST-07237,P011,Notebook,Stationery,1,26.48,20,26.48,5.3,21.18,Cash,Store,2026,8,August,1,Saturday,True,21.18,21.18
TXN-0083658,2026-08-01,DXB-001,Dubai,CUST-03565,P011,Notebook,Stationery,6,26.52,20,159.12,31.82,127.3,Card,Store,2026,8,August,1,Saturday,True,127.3,21.22
TXN-0083663,2026-08-01,DXB-002,Dubai,CUST-00471,P004,Monitor,Electronics,4,949.5,15,3798.0,569.7,3228.3,Cash,Online,2026,8,August,1,Saturday,True,3228.3,807.08
TXN-0083670,2026-08-01,DXB-001,Dubai,CUST-03198,P005,Keyboard,Accessories,2,173.2,15,346.4,51.96,294.44,Cash,Store,2026,8,August,1,Saturday,True,294.44,147.22
TXN-0083705,2026-08-01,DXB-003,Dubai,CUST-05209,P009,Backpack,Accessories,3,208.18,0,624.54,0.0,624.54,Card,Store,2026,8,August,1,Saturday,True,624.54,208.18
TXN-0083937,2026-08-01,DXB-001,Dubai,CUST-00631,P003,Headphones,Electronics,1,301.36,15,301.36,45.2,256.16,Cash,Store,2026,8,August,1,Saturday,True,256.16,256.16
TXN-0083941,2026-08-01,DXB-002,Dubai,CUST-07653,P012,Pen Pack,Stationery,2,15.66,0,31.32,0.0,31.32,Card,Store,2026,8,August,1,Saturday,True,31.32,15.66
TXN-0083965,2026-08-01,DXB-003,Dubai,CUST-05940,P013,USB Drive,Accessories,1,44.4,5,44.4,2.22,42.18,Card,Store,2026,8,August,1,Saturday,True,42.18,42.18
TXN-0084012,2026-08-01,DXB-001,Dubai,CUST-07411,P007,Office Chair,Furniture,1,639.41,0,639.41,0.0,639.41,Apple Pay,Store,2026,8,August,1,Saturday,True,639.41,639.41
TXN-0084035,2026-08-01,DXB-002,Dubai,CUST-06455,P011,Notebook,Stationery,1,25.93,5,25.93,1.3,24.63,Apple Pay,Store,2026,8,August,1,Saturday,True,24.63,24.63
TXN-0084055,2026-08-01,DXB-004,Dubai,CUST-01735,P010,Printer,Office,2,657.86,20,1315.72,263.14,1052.58,Apple Pay,Store,2026,8,August,1,Saturday,True,1052.58,526.29
TXN-0084056,2026-08-01,DXB-001,Dubai,CUST-04819,P009,Backpack,Accessories,1,188.65,0,188.65,0.0,188.65,Apple Pay,Store,2026,8,August,1,Saturday,True,188.65,188.65
TXN-0084083,2026-08-01,DXB-001,Dubai,CUST-07511,P010,Printer,Office,3,664.67,10,1994.01,199.4,1794.61,Apple Pay,Online,2026,8,August,1,Saturday,True,1794.61,598.2
TXN-0084197,2026-08-01,DXB-005,Dubai,CUST-05055,P005,Keyboard,Accessories,1,175.32,0,175.32,0.0,175.32,Card,Store,2026,8,August,1,Saturday,True,175.32,175.32
TXN-0084238,2026-08-01,DXB-005,Dubai,CUST-00335,P010,Printer,Office,2,793.68,20,1587.36,317.47,1269.89,Apple Pay,Store,2026,8,August,1,Saturday,True,1269.89,634.95
TXN-0084245,2026-08-01,DXB-004,Dubai,CUST-06678,P006,Mouse,Accessories,3,102.08,10,306.24,30.62,275.62,Card,Online,2026,8,August,1,Saturday,True,275.62,91.87
TXN-0084343,2026-08-01,DXB-002,Dubai,CUST-05610,P006,Mouse,Accessories,3,97.78,5,293.34,14.67,278.67,Cash,Store,2026,8,August,1,Saturday,True,278.67,92.89
TXN-0084439,2026-08-01,DXB-005,Dubai,CUST-06695,P011,Notebook,Stationery,1,24.49,5,24.49,1.22,23.27,Card,Online,2026,8,August,1,Saturday,True,23.27,23.27
TXN-0084510,2026-08-01,DXB-002,Dubai,CUST-06732,P007,Office Chair,Furniture,3,701.89,15,2105.67,315.85,1789.82,Apple Pay,Store,2026,8,August,1,Saturday,True,1789.82,596.61
TXN-0084529,2026-08-01,DXB-001,Dubai,CUST-01928,P004,Monitor,Electronics,1,907.48,15,907.48,136.12,771.36,Apple Pay,Store,2026,8,August,1,Saturday,True,771.36,771.36
TXN-0084681,2026-08-01,DXB-002,Dubai,CUST-04509,P002,Smartphone,Electronics,4,1598.66,5,6394.64,319.73,6074.91,Apple Pay,Store,2026,8,August,1,Saturday,True,6074.91,1518.73
TXN-0084855,2026-08-01,DXB-005,Dubai,CUST-06692,P010,Printer,Office,3,705.34,10,2116.02,211.6,1904.42,Bank Transfer,Online,2026,8,August,1,Saturday,True,1904.42,634.81
TXN-0084881,2026-08-01,DXB-004,Dubai,CUST-06541,P015,Tablet,Electronics,1,1284.01,10,1284.01,128.4,1155.61,Card,Online,2026,8,August,1,Saturday,True,1155.61,1155.61
TXN-0084887,2026-08-01,DXB-003,Dubai,CUST-00345,P001,Laptop,Electronics,2,2929.59,0,5859.18,0.0,5859.18,Apple Pay,Online,2026,8,August,1,Saturday,True,5859.18,2929.59
TXN-0084900,2026-08-01,DXB-002,Dubai,CUST-06860,P006,Mouse,Accessories,1,101.36,15,101.36,15.2,86.16,Apple Pay,Store,2026,8,August,1,Saturday,True,86.16,86.16
TXN-0084908,2026-08-01,DXB-002,Dubai,CUST-03353,P006,Mouse,Accessories,3,87.24,0,261.72,0.0,261.72,Cash,Store,2026,8,August,1,Saturday,True,261.72,87.24
TXN-0084922,2026-08-01,DXB-003,Dubai,CUST-00119,P009,Backpack,Accessories,4,217.41,0,869.64,0.0,869.64,Cash,Store,2026,8,August,1,Saturday,True,869.64,217.41
TXN-0084968,2026-08-01,DXB-003,Dubai,CUST-04984,P005,Keyboard,Accessories,2,171.91,15,343.82,51.57,292.25,Card,Store,2026,8,August,1,Saturday,True,292.25,146.12
TXN-0085013,2026-08-01,DXB-003,Dubai,CUST-05913,P005,Keyboard,Accessories,1,157.95,20,157.95,31.59,126.36,Card,Store,2026,8,August,1,Saturday,True,126.36,126.36
TXN-0085040,2026-08-01,DXB-005,Dubai,CUST-07029,P010,Printer,Office,3,682.9,0,2048.7,0.0,2048.7,Cash,Store,2026,8,August,1,Saturday,True,2048.7,682.9
TXN-0085107,2026-08-01,DXB-002,Dubai,CUST-01306,P015,Tablet,Electronics,1,1294.35,5,1294.35,64.72,1229.63,Card,Online,2026,8,August,1,Saturday,True,1229.63,1229.63
TXN-0085193,2026-08-01,DXB-003,Dubai,CUST-03941,P011,Notebook,Stationery,1,25.6,15,25.6,3.84,21.76,Card,Store,2026,8,August,1,Saturday,True,21.76,21.76
TXN-0085359,2026-08-01,DXB-005,Dubai,CUST-00107,P013,USB Drive,Accessories,3,44.73,10,134.19,13.42,120.77,Card,Store,2026,8,August,1,Saturday,True,120.77,40.26
TXN-0085372,2026-08-01,DXB-001,Dubai,CUST-03830,P012,Pen Pack,Stationery,1,14.63,0,14.63,0.0,14.63,Cash,Store,2026,8,August,1,Saturday,True,14.63,14.63
TXN-0085437,2026-08-01,DXB-001,Dubai,CUST-01368,P009,Backpack,Accessories,2,212.22,10,424.44,42.44,382.0,Cash,Store,2026,8,August,1,Saturday,True,382.0,191.0
TXN-0085484,2026-08-01,DXB-001,Dubai,CUST-07195,P009,Backpack,Accessories,3,223.59,15,670.77,100.62,570.15,Card,Online,2026,8,August,1,Saturday,True,570.15,190.05
TXN-0085494,2026-08-01,DXB-003,Dubai,CUST-03336,P009,Backpack,Accessories,1,231.63,15,231.63,34.74,196.89,Card,Online,2026,8,August,1,Saturday,True,196.89,196.89
TXN-0085689,2026-08-01,DXB-001,Dubai,CUST-04840,P014,Power Bank,Electronics,1,138.65,0,138.65,0.0,138.65,Card,Store,2026,8,August,1,Saturday,True,138.65,138.65
TXN-0085691,2026-08-01,DXB-005,Dubai,CUST-01919,P008,Desk,Furniture,3,833.68,0,2501.04,0.0,2501.04,Bank Transfer,Store,2026,8,August,1,Saturday,True,2501.04,833.68
TXN-0085700,2026-08-01,DXB-001,Dubai,CUST-04741,P001,Laptop,Electronics,3,2934.42,5,8803.26,440.16,8363.1,Apple Pay,Store,2026,8,August,1,Saturday,True,8363.1,2787.7
TXN-0085711,2026-08-01,DXB-002,Dubai,CUST-01935,P013,USB Drive,Accessories,1,46.1,15,46.1,6.92,39.18,Card,Store,2026,8,August,1,Saturday,True,39.18,39.18
TXN-0085890,2026-08-01,DXB-002,Dubai,CUST-02408,P014,Power Bank,Electronics,1,149.91,5,149.91,7.5,142.41,Bank Transfer,Store,2026,8,August,1,Saturday,True,142.41,142.41
TXN-0085913,2026-08-01,DXB-002,Dubai,CUST-05542,P003,Headphones,Electronics,1,297.46,10,297.46,29.75,267.71,Cash,Store,2026,8,August,1,Saturday,True,267.71,267.71
TXN-0086023,2026-08-01,DXB-002,Dubai,CUST-02418,P003,Headphones,Electronics,3,384.68,0,1154.04,0.0,1154.04,Cash,Store,2026,8,August,1,Saturday,True,1154.04,384.68
TXN-0086060,2026-08-01,DXB-004,Dubai,CUST-01939,P008,Desk,Furniture,1,805.53,5,805.53,40.28,765.25,Card,Store,2026,8,August,1,Saturday,True,765.25,765.25
TXN-0086228,2026-08-01,DXB-001,Dubai,CUST-01509,P001,Laptop,Electronics,1,2812.18,5,2812.18,140.61,2671.57,Apple Pay,Store,2026,8,August,1,Saturday,True,2671.57,2671.57
TXN-0086249,2026-08-01,DXB-001,Dubai,CUST-06280,P002,Smartphone,Electronics,1,1645.96,10,1645.96,164.6,1481.36,Card,Online,2026,8,August,1,Saturday,True,1481.36,1481.36
TXN-0086405,2026-08-01,DXB-004,Dubai,CUST-05323,P013,USB Drive,Accessories,5,44.16,10,220.8,22.08,198.72,Cash,Store,2026,8,August,1,Saturday,True,198.72,39.74
TXN-0086458,2026-08-01,DXB-002,Dubai,CUST-04112,P013,USB Drive,Accessories,1,46.55,0,46.55,0.0,46.55,Card,Online,2026,8,August,1,Saturday,True,46.55,46.55
TXN-0086496,2026-08-01,DXB-001,Dubai,CUST-04804,P007,Office Chair,Furniture,4,582.13,10,2328.52,232.85,2095.67,Card,Online,2026,8,August,1,Saturday,True,2095.67,523.92
TXN-0086505,2026-08-01,DXB-004,Dubai,CUST-02219,P006,Mouse,Accessories,1,94.91,0,94.91,0.0,94.91,Cash,Store,2026,8,August,1,Saturday,True,94.91,94.91
TXN-0086602,2026-08-01,DXB-004,Dubai,CUST-01133,P013,USB Drive,Accessories,1,43.58,0,43.58,0.0,43.58,Bank Transfer,Store,2026,8,August,1,Saturday,True,43.58,43.58
TXN-0086668,2026-08-01,DXB-001,Dubai,CUST-07681,P011,Notebook,Stationery,1,23.68,0,23.68,0.0,23.68,Card,Online,2026,8,August,1,Saturday,True,23.68,23.68
TXN-0086780,2026-08-01,DXB-005,Dubai,CUST-04922,P003,Headphones,Electronics,3,383.78,5,1151.34,57.57,1093.77,Card,Online,2026,8,August,1,Saturday,True,1093.77,364.59
TXN-0086790,2026-08-01,DXB-005,Dubai,CUST-01727,P006,Mouse,Accessories,1,111.51,5,111.51,5.58,105.93,Bank Transfer,Store,2026,8,August,1,Saturday,True,105.93,105.93
TXN-0086993,2026-08-01,DXB-001,Dubai,CUST-06472,P014,Power Bank,Electronics,3,140.74,0,422.22,0.0,422.22,Cash,Online,2026,8,August,1,Saturday,True,422.22,140.74
TXN-0087013,2026-08-01,DXB-002,Dubai,CUST-04526,P008,Desk,Furniture,1,754.97,0,754.97,0.0,754.97,Card,Online,2026,8,August,1,Saturday,True,754.97,754.97
TXN-0087046,2026-08-01,DXB-001,Dubai,CUST-01104,P007,Office Chair,Furniture,2,578.15,0,1156.3,0.0,1156.3,Bank Transfer,Online,2026,8,August,1,Saturday,True,1156.3,578.15
TXN-0087076,2026-08-01,DXB-003,Dubai,CUST-04457,P006,Mouse,Accessories,1,104.31,5,104.31,5.22,99.09,Card,Store,2026,8,August,1,Saturday,True,99.09,99.09
TXN-0087272,2026-08-01,DXB-003,Dubai,CUST-06253,P006,Mouse,Accessories,1,87.35,5,87.35,4.37,82.98,Card,Online,2026,8,August,1,Saturday,True,82.98,82.98
TXN-0087314,2026-08-01,DXB-003,Dubai,CUST-03819,P012,Pen Pack,Stationery,2,15.52,10,31.04,3.1,27.94,Card,Online,2026,8,August,1,Saturday,True,27.94,13.97
TXN-0087320,2026-08-01,DXB-001,Dubai,CUST-05166,P010,Printer,Office,1,771.25,10,771.25,77.12,694.13,Card,Online,2026,8,August,1,Saturday,True,694.13,694.13
TXN-0087344,2026-08-01,DXB-005,Dubai,CUST-01849,P013,USB Drive,Accessories,1,49.07,20,49.07,9.81,39.26,Apple Pay,Store,2026,8,August,1,Saturday,True,39.26,39.26
TXN-0087503,2026-08-01,DXB-001,Dubai,CUST-06942,P012,Pen Pack,Stationery,4,14.14,5,56.56,2.83,53.73,Card,Store,2026,8,August,1,Saturday,True,53.73,13.43
TXN-0087537,2026-08-01,DXB-005,Dubai,CUST-04251,P010,Printer,Office,4,728.75,0,2915.0,0.0,2915.0,Card,Store,2026,8,August,1,Saturday,True,2915.0,728.75
TXN-0087586,2026-08-01,DXB-001,Dubai,CUST-07239,P007,Office Chair,Furniture,2,623.92,10,1247.84,124.78,1123.06,Apple Pay,Store,2026,8,August,1,Saturday,True,1123.06,561.53
TXN-0087704,2026-08-01,DXB-002,Dubai,CUST-05847,P012,Pen Pack,Stationery,6,14.69,10,88.14,8.81,79.33,Bank Transfer,Store,2026,8,August,1,Saturday,True,79.33,13.22
TXN-0087759,2026-08-01,DXB-005,Dubai,CUST-04350,P013,USB Drive,Accessories,1,39.4,5,39.4,1.97,37.43,Card,Store,2026,8,August,1,Saturday,True,37.43,37.43
TXN-0087761,2026-08-01,DXB-002,Dubai,CUST-06921,P015,Tablet,Electronics,1,1165.07,15,1165.07,174.76,990.31,Cash,Store,2026,8,August,1,Saturday,True,990.31,990.31
TXN-0087848,2026-08-01,DXB-004,Dubai,CUST-05480,P012,Pen Pack,Stationery,1,15.3,5,15.3,0.76,14.54,Apple Pay,Store,2026,8,August,1,Saturday,True,14.54,14.54
TXN-0087959,2026-08-01,DXB-005,Dubai,CUST-00457,P007,Office Chair,Furniture,1,639.25,10,639.25,63.92,575.33,Apple Pay,Online,2026,8,August,1,Saturday,True,575.33,575.33
TXN-0088002,2026-08-01,DXB-001,Dubai,CUST-04129,P011,Notebook,Stationery,2,25.39,10,50.78,5.08,45.7,Cash,Online,2026,8,August,1,Saturday,True,45.7,22.85
TXN-0088190,2026-08-01,DXB-003,Dubai,CUST-07066,P001,Laptop,Electronics,3,3078.42,0,9235.26,0.0,9235.26,Cash,Online,2026,8,August,1,Saturday,True,9235.26,3078.42
TXN-0088226,2026-08-01,DXB-005,Dubai,CUST-02247,P015,Tablet,Electronics,1,1120.6,5,1120.6,56.03,1064.57,Bank Transfer,Store,2026,8,August,1,Saturday,True,1064.57,1064.57
TXN-0088262,2026-08-01,DXB-003,Dubai,CUST-01632,P006,Mouse,Accessories,2,94.8,15,189.6,28.44,161.16,Card,Online,2026,8,August,1,Saturday,True,161.16,80.58
TXN-0088499,2026-08-01,DXB-004,Dubai,CUST-07916,P007,Office Chair,Furniture,1,631.52,5,631.52,31.58,599.94,Card,Online,2026,8,August,1,Saturday,True,599.94,599.94
TXN-0088556,2026-08-01,DXB-003,Dubai,CUST-03612,P002,Smartphone,Electronics,3,1901.75,0,5705.25,0.0,5705.25,Card,Store,2026,8,August,1,Saturday,True,5705.25,1901.75
TXN-0088563,2026-08-01,DXB-004,Dubai,CUST-01522,P007,Office Chair,Furniture,2,710.45,5,1420.9,71.04,1349.86,Card,Store,2026,8,August,1,Saturday,True,1349.86,674.93
TXN-0088581,2026-08-01,DXB-005,Dubai,CUST-02965,P011,Notebook,Stationery,1,26.77,10,26.77,2.68,24.09,Card,Store,2026,8,August,1,Saturday,True,24.09,24.09
TXN-0088684,2026-08-01,DXB-002,Dubai,CUST-04669,P009,Backpack,Accessories,1,222.41,15,222.41,33.36,189.05,Card,Store,2026,8,August,1,Saturday,True,189.05,189.05
TXN-0088713,2026-08-01,DXB-001,Dubai,CUST-01778,P009,Backpack,Accessories,3,224.5,0,673.5,0.0,673.5,Card,Store,2026,8,August,1,Saturday,True,673.5,224.5
TXN-0088819,2026-08-01,DXB-005,Dubai,CUST-06619,P007,Office Chair,Furniture,1,635.98,10,635.98,63.6,572.38,Card,Online,2026,8,August,1,Saturday,True,572.38,572.38
TXN-0088859,2026-08-01,DXB-001,Dubai,CUST-00691,P006,Mouse,Accessories,1,118.04,15,118.04,17.71,100.33,Apple Pay,Store,2026,8,August,1,Saturday,True,100.33,100.33
TXN-0088896,2026-08-01,DXB-001,Dubai,CUST-05846,P011,Notebook,Stationery,1,23.79,0,23.79,0.0,23.79,Bank Transfer,Store,2026,8,August,1,Saturday,True,23.79,23.79
TXN-0089127,2026-08-01,DXB-005,Dubai,CUST-05236,P002,Smartphone,Electronics,1,1691.22,15,1691.22,253.68,1437.54,Card,Store,2026,8,August,1,Saturday,True,1437.54,1437.54
TXN-0089200,2026-08-01,DXB-004,Dubai,CUST-07570,P004,Monitor,Electronics,5,876.34,10,4381.7,438.17,3943.53,Cash,Store,2026,8,August,1,Saturday,True,3943.53,788.71
TXN-0089218,2026-08-01,DXB-004,Dubai,CUST-00732,P002,Smartphone,Electronics,6,1710.07,20,10260.42,2052.08,8208.34,Apple Pay,Store,2026,8,August,1,Saturday,True,8208.34,1368.06
TXN-0089756,2026-08-01,DXB-001,Dubai,CUST-01045,P015,Tablet,Electronics,1,1198.12,5,1198.12,59.91,1138.21,Apple Pay,Store,2026,8,August,1,Saturday,True,1138.21,1138.21
TXN-0089872,2026-08-01,DXB-002,Dubai,CUST-05427,P005,Keyboard,Accessories,1,192.14,0,192.14,0.0,192.14,Cash,Store,2026,8,August,1,Saturday,True,192.14,192.14
TXN-0089953,2026-08-01,DXB-002,Dubai,CUST-05786,P008,Desk,Furniture,1,789.7,0,789.7,0.0,789.7,Card,Store,2026,8,August,1,Saturday,True,789.7,789.7
TXN-0089971,2026-08-01,DXB-003,Dubai,CUST-01257,P008,Desk,Furniture,3,815.98,5,2447.94,122.4,2325.54,Apple Pay,Store,2026,8,August,1,Saturday,True,2325.54,775.18
TXN-0090072,2026-08-01,DXB-003,Dubai,CUST-06367,P015,Tablet,Electronics,1,1181.65,10,1181.65,118.16,1063.49,Cash,Online,2026,8,August,1,Saturday,True,1063.49,1063.49
TXN-0090150,2026-08-01,DXB-003,Dubai,CUST-00523,P011,Notebook,Stationery,3,23.32,0,69.96,0.0,69.96,Card,Online,2026,8,August,1,Saturday,True,69.96,23.32
TXN-0090181,2026-08-01,DXB-001,Dubai,CUST-01545,P001,Laptop,Electronics,2,2590.63,10,5181.26,518.13,4663.13,Card,Online,2026,8,August,1,Saturday,True,4663.13,2331.56
TXN-0090182,2026-08-01,DXB-003,Dubai,CUST-04119,P006,Mouse,Accessories,4,100.89,10,403.56,40.36,363.2,Card,Store,2026,8,August,1,Saturday,True,363.2,90.8
TXN-0090236,2026-08-01,DXB-005,Dubai,CUST-03287,P011,Notebook,Stationery,4,22.72,10,90.88,9.09,81.79,Bank Transfer,Store,2026,8,August,1,Saturday,True,81.79,20.45
TXN-0090442,2026-08-01,DXB-002,Dubai,CUST-04337,P010,Printer,Office,3,717.71,0,2153.13,0.0,2153.13,Apple Pay,Store,2026,8,August,1,Saturday,True,2153.13,717.71
TXN-0090459,2026-08-01,DXB-002,Dubai,CUST-00346,P002,Smartphone,Electronics,1,1690.95,0,1690.95,0.0,1690.95,Cash,Online,2026,8,August,1,Saturday,True,1690.95,1690.95
TXN-0090491,2026-08-01,DXB-003,Dubai,CUST-07957,P005,Keyboard,Accessories,2,189.49,10,378.98,37.9,341.08,Bank Transfer,Store,2026,8,August,1,Saturday,True,341.08,170.54
TXN-0090680,2026-08-01,DXB-002,Dubai,CUST-00534,P006,Mouse,Accessories,2,95.89,5,191.78,9.59,182.19,Cash,Online,2026,8,August,1,Saturday,True,182.19,91.1
TXN-0090732,2026-08-01,DXB-005,Dubai,CUST-05774,P003,Headphones,Electronics,1,335.22,10,335.22,33.52,301.7,Apple Pay,Store,2026,8,August,1,Saturday,True,301.7,301.7
TXN-0090738,2026-08-01,DXB-002,Dubai,CUST-01245,P015,Tablet,Electronics,1,1219.53,5,1219.53,60.98,1158.55,Card,Online,2026,8,August,1,Saturday,True,1158.55,1158.55
TXN-0090815,2026-08-01,DXB-002,Dubai,CUST-00567,P002,Smartphone,Electronics,1,1837.42,5,1837.42,91.87,1745.55,Card,Online,2026,8,August,1,Saturday,True,1745.55,1745.55
TXN-0090850,2026-08-01,DXB-003,Dubai,CUST-00290,P004,Monitor,Electronics,1,773.1,10,773.1,77.31,695.79,Card,Store,2026,8,August,1,Saturday,True,695.79,695.79
TXN-0090858,2026-08-01,DXB-001,Dubai,CUST-07946,P005,Keyboard,Accessories,2,182.02,0,364.04,0.0,364.04,Apple Pay,Store,2026,8,August,1,Saturday,True,364.04,182.02
TXN-0090861,2026-08-01,DXB-004,Dubai,CUST-07127,P010,Printer,Office,1,650.13,15,650.13,97.52,552.61,Apple Pay,Store,2026,8,August,1,Saturday,True,552.61,552.61
TXN-0090991,2026-08-01,DXB-003,Dubai,CUST-01834,P009,Backpack,Accessories,1,222.37,15,222.37,33.36,189.01,Apple Pay,Online,2026,8,August,1,Saturday,True,189.01,189.01
TXN-0091005,2026-08-01,DXB-001,Dubai,CUST-02545,P005,Keyboard,Accessories,4,195.81,0,783.24,0.0,783.24,Card,Online,2026,8,August,1,Saturday,True,783.24,195.81
TXN-0091011,2026-08-01,DXB-001,Dubai,CUST-00549,P004,Monitor,Electronics,2,874.69,0,1749.38,0.0,1749.38,Apple Pay,Store,2026,8,August,1,Saturday,True,1749.38,874.69
TXN-0091043,2026-08-01,DXB-001,Dubai,CUST-00530,P005,Keyboard,Accessories,5,192.78,10,963.9,96.39,867.51,Card,Online,2026,8,August,1,Saturday,True,867.51,173.5
TXN-0091112,2026-08-01,DXB-003,Dubai,CUST-01166,P003,Headphones,Electronics,2,352.12,15,704.24,105.64,598.6,Card,Online,2026,8,August,1,Saturday,True,598.6,299.3
TXN-0091114,2026-08-01,DXB-002,Dubai,CUST-06760,P014,Power Bank,Electronics,4,155.56,10,622.24,62.22,560.02,Card,Store,2026,8,August,1,Saturday,True,560.02,140.0
TXN-0091160,2026-08-01,DXB-003,Dubai,CUST-04922,P010,Printer,Office,1,693.56,10,693.56,69.36,624.2,Cash,Online,2026,8,August,1,Saturday,True,624.2,624.2
TXN-0091185,2026-08-01,DXB-001,Dubai,CUST-02614,P014,Power Bank,Electronics,1,153.07,0,153.07,0.0,153.07,Bank Transfer,Store,2026,8,August,1,Saturday,True,153.07,153.07
TXN-0091199,2026-08-01,DXB-004,Dubai,CUST-00052,P004,Monitor,Electronics,3,880.3,5,2640.9,132.04,2508.86,Apple Pay,Store,2026,8,August,1,Saturday,True,2508.86,836.29
TXN-0091322,2026-08-01,DXB-003,Dubai,CUST-02094,P007,Office Chair,Furniture,2,621.43,0,1242.86,0.0,1242.86,Card,Store,2026,8,August,1,Saturday,True,1242.86,621.43
TXN-0091462,2026-08-01,DXB-004,Dubai,CUST-03133,P011,Notebook,Stationery,1,25.54,0,25.54,0.0,25.54,Card,Store,2026,8,August,1,Saturday,True,25.54,25.54
TXN-0091500,2026-08-01,DXB-002,Dubai,CUST-00584,P007,Office Chair,Furniture,2,597.16,5,1194.32,59.72,1134.6,Apple Pay,Store,2026,8,August,1,Saturday,True,1134.6,567.3
TXN-0091524,2026-08-01,DXB-001,Dubai,CUST-01078,P003,Headphones,Electronics,5,388.2,5,1941.0,97.05,1843.95,Apple Pay,Online,2026,8,August,1,Saturday,True,1843.95,368.79
TXN-0091557,2026-08-01,DXB-005,Dubai,CUST-00983,P007,Office Chair,Furniture,1,554.65,10,554.65,55.46,499.19,Bank Transfer,Store,2026,8,August,1,Saturday,True,499.19,499.19
TXN-0091737,2026-08-01,DXB-001,Dubai,CUST-01576,P005,Keyboard,Accessories,3,200.37,15,601.11,90.17,510.94,Cash,Store,2026,8,August,1,Saturday,True,510.94,170.31
TXN-0091857,2026-08-01,DXB-004,Dubai,CUST-00504,P004,Monitor,Electronics,3,967.04,10,2901.12,290.11,2611.01,Apple Pay,Store,2026,8,August,1,Saturday,True,2611.01,870.34
TXN-0092044,2026-08-01,DXB-004,Dubai,CUST-05091,P009,Backpack,Accessories,1,199.59,0,199.59,0.0,199.59,Apple Pay,Store,2026,8,August,1,Saturday,True,199.59,199.59
TXN-0092091,2026-08-01,DXB-001,Dubai,CUST-04729,P010,Printer,Office,2,703.98,5,1407.96,70.4,1337.56,Card,Store,2026,8,August,1,Saturday,True,1337.56,668.78
TXN-0092098,2026-08-01,DXB-004,Dubai,CUST-03442,P014,Power Bank,Electronics,2,134.79,0,269.58,0.0,269.58,Apple Pay,Online,2026,8,August,1,Saturday,True,269.58,134.79
TXN-0092112,2026-08-01,DXB-004,Dubai,CUST-04860,P015,Tablet,Electronics,2,1139.3,0,2278.6,0.0,2278.6,Bank Transfer,Store,2026,8,August,1,Saturday,True,2278.6,1139.3
TXN-0092160,2026-08-01,DXB-003,Dubai,CUST-01406,P008,Desk,Furniture,3,709.84,0,2129.52,0.0,2129.52,Card,Store,2026,8,August,1,Saturday,True,2129.52,709.84
TXN-0092179,2026-08-01,DXB-001,Dubai,CUST-03501,P005,Keyboard,Accessories,4,190.09,5,760.36,38.02,722.34,Card,Store,2026,8,August,1,Saturday,True,722.34,180.58
TXN-0092186,2026-08-01,DXB-003,Dubai,CUST-05532,P007,Office Chair,Furniture,1,701.99,0,701.99,0.0,701.99,Apple Pay,Store,2026,8,August,1,Saturday,True,701.99,701.99
TXN-0092223,2026-08-01,DXB-005,Dubai,CUST-06959,P001,Laptop,Electronics,1,3080.3,5,3080.3,154.01,2926.29,Apple Pay,Online,2026,8,August,1,Saturday,True,2926.29,2926.29
TXN-0092261,2026-08-01,DXB-005,Dubai,CUST-07731,P015,Tablet,Electronics,3,1174.24,5,3522.72,176.14,3346.58,Card,Store,2026,8,August,1,Saturday,True,3346.58,1115.53
TXN-0092395,2026-08-01,DXB-001,Dubai,CUST-01992,P008,Desk,Furniture,3,766.22,0,2298.66,0.0,2298.66,Card,Store,2026,8,August,1,Saturday,True,2298.66,766.22
TXN-0092410,2026-08-01,DXB-003,Dubai,CUST-06381,P006,Mouse,Accessories,2,93.31,10,186.62,18.66,167.96,Cash,Store,2026,8,August,1,Saturday,True,167.96,83.98
TXN-0092457,2026-08-01,DXB-003,Dubai,CUST-05331,P007,Office Chair,Furniture,1,594.15,10,594.15,59.42,534.73,Apple Pay,Store,2026,8,August,1,Saturday,True,534.73,534.73
TXN-0092540,2026-08-01,DXB-001,Dubai,CUST-06912,P011,Notebook,Stationery,1,24.64,0,24.64,0.0,24.64,Apple Pay,Online,2026,8,August,1,Saturday,True,24.64,24.64
TXN-0092639,2026-08-01,DXB-003,Dubai,CUST-03923,P002,Smartphone,Electronics,1,1803.34,10,1803.34,180.33,1623.01,Apple Pay,Store,2026,8,August,1,Saturday,True,1623.01,1623.01
TXN-0092651,2026-08-01,DXB-001,Dubai,CUST-00261,P012,Pen Pack,Stationery,2,12.89,5,25.78,1.29,24.49,Apple Pay,Online,2026,8,August,1,Saturday,True,24.49,12.24
TXN-0092688,2026-08-01,DXB-004,Dubai,CUST-07022,P006,Mouse,Accessories,1,104.19,10,104.19,10.42,93.77,Card,Store,2026,8,August,1,Saturday,True,93.77,93.77
TXN-0092712,2026-08-01,DXB-005,Dubai,CUST-01142,P008,Desk,Furniture,4,835.76,5,3343.04,167.15,3175.89,Card,Store,2026,8,August,1,Saturday,True,3175.89,793.97
TXN-0092713,2026-08-01,DXB-005,Dubai,CUST-07551,P003,Headphones,Electronics,4,362.58,15,1450.32,217.55,1232.77,Bank Transfer,Store,2026,8,August,1,Saturday,True,1232.77,308.19
TXN-0092714,2026-08-01,DXB-003,Dubai,CUST-05090,P009,Backpack,Accessories,2,207.49,0,414.98,0.0,414.98,Card,Store,2026,8,August,1,Saturday,True,414.98,207.49
TXN-0092778,2026-08-01,DXB-001,Dubai,CUST-07486,P013,USB Drive,Accessories,1,48.03,5,48.03,2.4,45.63,Card,Store,2026,8,August,1,Saturday,True,45.63,45.63
TXN-0092828,2026-08-01,DXB-005,Dubai,CUST-02796,P009,Backpack,Accessories,1,217.11,0,217.11,0.0,217.11,Card,Store,2026,8,August,1,Saturday,True,217.11,217.11
TXN-0093025,2026-08-01,DXB-003,Dubai,CUST-01052,P008,Desk,Furniture,3,869.09,5,2607.27,130.36,2476.91,Card,Online,2026,8,August,1,Saturday,True,2476.91,825.64
TXN-0093170,2026-08-01,DXB-002,Dubai,CUST-02685,P001,Laptop,Electronics,3,2973.07,0,8919.21,0.0,8919.21,Card,Store,2026,8,August,1,Saturday,True,8919.21,2973.07
TXN-0093184,2026-08-01,DXB-003,Dubai,CUST-05715,P003,Headphones,Electronics,2,367.42,10,734.84,73.48,661.36,Cash,Store,2026,8,August,1,Saturday,True,661.36,330.68
TXN-0093210,2026-08-01,DXB-001,Dubai,CUST-05701,P011,Notebook,Stationery,2,24.44,20,48.88,9.78,39.1,Apple Pay,Store,2026,8,August,1,Saturday,True,39.1,19.55
TXN-0093276,2026-08-01,DXB-002,Dubai,CUST-03763,P004,Monitor,Electronics,1,837.09,0,837.09,0.0,837.09,Card,Store,2026,8,August,1,Saturday,True,837.09,837.09
TXN-0093304,2026-08-01,DXB-002,Dubai,CUST-06602,P015,Tablet,Electronics,2,1351.54,20,2703.08,540.62,2162.46,Cash,Store,2026,8,August,1,Saturday,True,2162.46,1081.23
TXN-0093339,2026-08-01,DXB-005,Dubai,CUST-00463,P010,Printer,Office,1,722.29,0,722.29,0.0,722.29,Card,Online,2026,8,August,1,Saturday,True,722.29,722.29
TXN-0093459,2026-08-01,DXB-002,Dubai,CUST-05324,P010,Printer,Office,1,740.85,0,740.85,0.0,740.85,Card,Store,2026,8,August,1,Saturday,True,740.85,740.85
TXN-0093502,2026-08-01,DXB-001,Dubai,CUST-07858,P005,Keyboard,Accessories,2,182.3,0,364.6,0.0,364.6,Apple Pay,Store,2026,8,August,1,Saturday,True,364.6,182.3
TXN-0093577,2026-08-01,DXB-003,Dubai,CUST-02827,P013,USB Drive,Accessories,3,46.56,0,139.68,0.0,139.68,Bank Transfer,Store,2026,8,August,1,Saturday,True,139.68,46.56
TXN-0093597,2026-08-01,DXB-002,Dubai,CUST-00949,P015,Tablet,Electronics,1,1182.69,10,1182.69,118.27,1064.42,Apple Pay,Store,2026,8,August,1,Saturday,True,1064.42,1064.42
TXN-0093603,2026-08-01,DXB-004,Dubai,CUST-01624,P001,Laptop,Electronics,1,2465.46,0,2465.46,0.0,2465.46,Apple Pay,Store,2026,8,August,1,Saturday,True,2465.46,2465.46
TXN-0093642,2026-08-01,DXB-002,Dubai,CUST-00996,P007,Office Chair,Furniture,1,724.29,0,724.29,0.0,724.29,Card,Online,2026,8,August,1,Saturday,True,724.29,724.29
TXN-0093661,2026-08-01,DXB-003,Dubai,CUST-06637,P011,Notebook,Stationery,1,21.93,5,21.93,1.1,20.83,Apple Pay,Store,2026,8,August,1,Saturday,True,20.83,20.83
TXN-0093662,2026-08-01,DXB-002,Dubai,CUST-07287,P011,Notebook,Stationery,1,25.48,10,25.48,2.55,22.93,Cash,Online,2026,8,August,1,Saturday,True,22.93,22.93
TXN-0093705,2026-08-01,DXB-002,Dubai,CUST-05231,P008,Desk,Furniture,1,823.03,15,823.03,123.45,699.58,Apple Pay,Store,2026,8,August,1,Saturday,True,699.58,699.58
TXN-0093709,2026-08-01,DXB-002,Dubai,CUST-06610,P010,Printer,Office,1,705.49,0,705.49,0.0,705.49,Bank Transfer,Store,2026,8,August,1,Saturday,True,705.49,705.49
TXN-0093843,2026-08-01,DXB-003,Dubai,CUST-02779,P015,Tablet,Electronics,2,1111.4,0,2222.8,0.0,2222.8,Card,Store,2026,8,August,1,Saturday,True,2222.8,1111.4
TXN-0093876,2026-08-01,DXB-002,Dubai,CUST-04619,P003,Headphones,Electronics,1,335.52,10,335.52,33.55,301.97,Cash,Store,2026,8,August,1,Saturday,True,301.97,301.97
TXN-0093899,2026-08-01,DXB-002,Dubai,CUST-05304,P008,Desk,Furniture,2,763.35,10,1526.7,152.67,1374.03,Apple Pay,Store,2026,8,August,1,Saturday,True,1374.03,687.02
TXN-0093915,2026-08-01,DXB-003,Dubai,CUST-01451,P004,Monitor,Electronics,1,911.65,10,911.65,91.16,820.49,Apple Pay,Store,2026,8,August,1,Saturday,True,820.49,820.49
TXN-0093964,2026-08-01,DXB-003,Dubai,CUST-04370,P003,Headphones,Electronics,1,328.14,0,328.14,0.0,328.14,Apple Pay,Online,2026,8,August,1,Saturday,True,328.14,328.14
TXN-0094104,2026-08-01,DXB-002,Dubai,CUST-04166,P005,Keyboard,Accessories,3,184.74,0,554.22,0.0,554.22,Card,Store,2026,8,August,1,Saturday,True,554.22,184.74
TXN-0094109,2026-08-01,DXB-004,Dubai,CUST-01764,P010,Printer,Office,1,739.48,0,739.48,0.0,739.48,Card,Store,2026,8,August,1,Saturday,True,739.48,739.48
TXN-0094142,2026-08-01,DXB-001,Dubai,CUST-05768,P009,Backpack,Accessories,1,220.3,0,220.3,0.0,220.3,Cash,Online,2026,8,August,1,Saturday,True,220.3,220.3
TXN-0094166,2026-08-01,DXB-001,Dubai,CUST-00630,P007,Office Chair,Furniture,1,680.78,20,680.78,136.16,544.62,Card,Store,2026,8,August,1,Saturday,True,544.62,544.62
TXN-0094191,2026-08-01,DXB-001,Dubai,CUST-04444,P010,Printer,Office,1,628.71,20,628.71,125.74,502.97,Apple Pay,Store,2026,8,August,1,Saturday,True,502.97,502.97
TXN-0094387,2026-08-01,DXB-004,Dubai,CUST-04860,P010,Printer,Office,2,676.36,5,1352.72,67.64,1285.08,Bank Transfer,Store,2026,8,August,1,Saturday,True,1285.08,642.54
TXN-0094414,2026-08-01,DXB-005,Dubai,CUST-07481,P003,Headphones,Electronics,1,374.07,10,374.07,37.41,336.66,Bank Transfer,Online,2026,8,August,1,Saturday,True,336.66,336.66
TXN-0094450,2026-08-01,DXB-003,Dubai,CUST-01606,P003,Headphones,Electronics,1,353.91,0,353.91,0.0,353.91,Card,Online,2026,8,August,1,Saturday,True,353.91,353.91
TXN-0094466,2026-08-01,DXB-002,Dubai,CUST-00138,P011,Notebook,Stationery,2,23.49,0,46.98,0.0,46.98,Card,Store,2026,8,August,1,Saturday,True,46.98,23.49
TXN-0094554,2026-08-01,DXB-002,Dubai,CUST-05599,P008,Desk,Furniture,6,818.81,5,4912.86,245.64,4667.22,Bank Transfer,Store,2026,8,August,1,Saturday,True,4667.22,777.87
TXN-0094586,2026-08-01,DXB-001,Dubai,CUST-06860,P001,Laptop,Electronics,3,3074.63,10,9223.89,922.39,8301.5,Apple Pay,Store,2026,8,August,1,Saturday,True,8301.5,2767.17
TXN-0094634,2026-08-01,DXB-005,Dubai,CUST-04956,P012,Pen Pack,Stationery,1,14.5,5,14.5,0.72,13.78,Card,Store,2026,8,August,1,Saturday,True,13.78,13.78
TXN-0094671,2026-08-01,DXB-002,Dubai,CUST-06147,P010,Printer,Office,1,694.54,10,694.54,69.45,625.09,Card,Online,2026,8,August,1,Saturday,True,625.09,625.09
TXN-0094675,2026-08-01,DXB-003,Dubai,CUST-06349,P014,Power Bank,Electronics,2,146.37,20,292.74,58.55,234.19,Bank Transfer,Store,2026,8,August,1,Saturday,True,234.19,117.1
TXN-0094856,2026-08-01,DXB-004,Dubai,CUST-00372,P005,Keyboard,Accessories,1,158.31,10,158.31,15.83,142.48,Card,Store,2026,8,August,1,Saturday,True,142.48,142.48
TXN-0094867,2026-08-01,DXB-003,Dubai,CUST-05526,P007,Office Chair,Furniture,1,689.0,20,689.0,137.8,551.2,Card,Store,2026,8,August,1,Saturday,True,551.2,551.2
TXN-0094876,2026-08-01,DXB-002,Dubai,CUST-07673,P011,Notebook,Stationery,1,26.6,5,26.6,1.33,25.27,Apple Pay,Online,2026,8,August,1,Saturday,True,25.27,25.27
TXN-0094912,2026-08-01,DXB-001,Dubai,CUST-05686,P008,Desk,Furniture,1,942.05,0,942.05,0.0,942.05,Card,Store,2026,8,August,1,Saturday,True,942.05,942.05
TXN-0094926,2026-08-01,DXB-005,Dubai,CUST-01800,P012,Pen Pack,Stationery,3,14.44,0,43.32,0.0,43.32,Card,Store,2026,8,August,1,Saturday,True,43.32,14.44
TXN-0094969,2026-08-01,DXB-002,Dubai,CUST-05649,P012,Pen Pack,Stationery,2,15.98,15,31.96,4.79,27.17,Card,Store,2026,8,August,1,Saturday,True,27.17,13.58
TXN-0095067,2026-08-01,DXB-003,Dubai,CUST-01139,P005,Keyboard,Accessories,1,181.25,0,181.25,0.0,181.25,Card,Store,2026,8,August,1,Saturday,True,181.25,181.25
TXN-0095160,2026-08-01,DXB-002,Dubai,CUST-02283,P014,Power Bank,Electronics,1,159.37,0,159.37,0.0,159.37,Cash,Store,2026,8,August,1,Saturday,True,159.37,159.37
TXN-0095185,2026-08-01,DXB-002,Dubai,CUST-05784,P014,Power Bank,Electronics,2,160.2,15,320.4,48.06,272.34,Card,Online,2026,8,August,1,Saturday,True,272.34,136.17
TXN-0095205,2026-08-01,DXB-005,Dubai,CUST-03280,P002,Smartphone,Electronics,2,1885.3,5,3770.6,188.53,3582.07,Apple Pay,Online,2026,8,August,1,Saturday,True,3582.07,1791.04
TXN-0095221,2026-08-01,DXB-003,Dubai,CUST-01090,P004,Monitor,Electronics,1,917.31,5,917.31,45.87,871.44,Bank Transfer,Store,2026,8,August,1,Saturday,True,871.44,871.44
TXN-0095380,2026-08-01,DXB-001,Dubai,CUST-05026,P005,Keyboard,Accessories,2,176.95,5,353.9,17.7,336.2,Card,Store,2026,8,August,1,Saturday,True,336.2,168.1
TXN-0095404,2026-08-01,DXB-004,Dubai,CUST-05121,P011,Notebook,Stationery,1,22.67,0,22.67,0.0,22.67,Apple Pay,Store,2026,8,August,1,Saturday,True,22.67,22.67
TXN-0095412,2026-08-01,DXB-001,Dubai,CUST-02011,P003,Headphones,Electronics,1,332.22,0,332.22,0.0,332.22,Bank Transfer,Store,2026,8,August,1,Saturday,True,332.22,332.22
TXN-0095506,2026-08-01,DXB-005,Dubai,CUST-00106,P005,Keyboard,Accessories,1,165.21,0,165.21,0.0,165.21,Card,Store,2026,8,August,1,Saturday,True,165.21,165.21
TXN-0095619,2026-08-01,DXB-002,Dubai,CUST-00255,P012,Pen Pack,Stationery,2,15.34,5,30.68,1.53,29.15,Card,Store,2026,8,August,1,Saturday,True,29.15,14.58
TXN-0095661,2026-08-01,DXB-004,Dubai,CUST-02644,P007,Office Chair,Furniture,6,662.33,10,3973.98,397.4,3576.58,Card,Store,2026,8,August,1,Saturday,True,3576.58,596.1
TXN-0095673,2026-08-01,DXB-004,Dubai,CUST-02784,P003,Headphones,Electronics,1,326.4,0,326.4,0.0,326.4,Cash,Store,2026,8,August,1,Saturday,True,326.4,326.4
TXN-0095718,2026-08-01,DXB-005,Dubai,CUST-04101,P009,Backpack,Accessories,1,243.39,0,243.39,0.0,243.39,Apple Pay,Online,2026,8,August,1,Saturday,True,243.39,243.39
TXN-0095756,2026-08-01,DXB-001,Dubai,CUST-07706,P008,Desk,Furniture,1,799.46,5,799.46,39.97,759.49,Card,Store,2026,8,August,1,Saturday,True,759.49,759.49
TXN-0095791,2026-08-01,DXB-002,Dubai,CUST-05375,P005,Keyboard,Accessories,2,174.63,0,349.26,0.0,349.26,Card,Online,2026,8,August,1,Saturday,True,349.26,174.63
TXN-0095889,2026-08-01,DXB-003,Dubai,CUST-04234,P006,Mouse,Accessories,2,102.48,10,204.96,20.5,184.46,Card,Online,2026,8,August,1,Saturday,True,184.46,92.23
TXN-0095927,2026-08-01,DXB-003,Dubai,CUST-01904,P001,Laptop,Electronics,1,2917.83,5,2917.83,145.89,2771.94,Cash,Store,2026,8,August,1,Saturday,True,2771.94,2771.94
TXN-0095986,2026-08-01,DXB-003,Dubai,CUST-06573,P008,Desk,Furniture,1,816.81,10,816.81,81.68,735.13,Card,Online,2026,8,August,1,Saturday,True,735.13,735.13
TXN-0096069,2026-08-01,DXB-003,Dubai,CUST-04821,P004,Monitor,Electronics,2,956.08,5,1912.16,95.61,1816.55,Card,Online,2026,8,August,1,Saturday,True,1816.55,908.28
TXN-0096070,2026-08-01,DXB-005,Dubai,CUST-07131,P003,Headphones,Electronics,1,355.99,5,355.99,17.8,338.19,Card,Online,2026,8,August,1,Saturday,True,338.19,338.19
TXN-0096129,2026-08-01,DXB-002,Dubai,CUST-00035,P004,Monitor,Electronics,2,883.67,0,1767.34,0.0,1767.34,Card,Store,2026,8,August,1,Saturday,True,1767.34,883.67
TXN-0096697,2026-08-01,DXB-001,Dubai,CUST-04926,P008,Desk,Furniture,1,790.77,5,790.77,39.54,751.23,Cash,Store,2026,8,August,1,Saturday,True,751.23,751.23
TXN-0096714,2026-08-01,DXB-002,Dubai,CUST-07057,P012,Pen Pack,Stationery,3,14.02,5,42.06,2.1,39.96,Card,Store,2026,8,August,1,Saturday,True,39.96,13.32
TXN-0096758,2026-08-01,DXB-001,Dubai,CUST-07924,P012,Pen Pack,Stationery,1,14.23,0,14.23,0.0,14.23,Apple Pay,Online,2026,8,August,1,Saturday,True,14.23,14.23
TXN-0096873,2026-08-01,DXB-005,Dubai,CUST-06323,P006,Mouse,Accessories,1,92.82,5,92.82,4.64,88.18,Bank Transfer,Store,2026,8,August,1,Saturday,True,88.18,88.18
TXN-0096884,2026-08-01,DXB-001,Dubai,CUST-01121,P012,Pen Pack,Stationery,2,13.83,20,27.66,5.53,22.13,Apple Pay,Store,2026,8,August,1,Saturday,True,22.13,11.06
TXN-0096965,2026-08-01,DXB-003,Dubai,CUST-04667,P004,Monitor,Electronics,2,924.75,0,1849.5,0.0,1849.5,Bank Transfer,Store,2026,8,August,1,Saturday,True,1849.5,924.75
TXN-0097011,2026-08-01,DXB-003,Dubai,CUST-05360,P006,Mouse,Accessories,1,104.46,10,104.46,10.45,94.01,Card,Store,2026,8,August,1,Saturday,True,94.01,94.01
TXN-0097117,2026-08-01,DXB-003,Dubai,CUST-04239,P006,Mouse,Accessories,4,95.17,0,380.68,0.0,380.68,Card,Store,2026,8,August,1,Saturday,True,380.68,95.17
TXN-0097147,2026-08-01,DXB-001,Dubai,CUST-07794,P012,Pen Pack,Stationery,6,13.87,0,83.22,0.0,83.22,Card,Store,2026,8,August,1,Saturday,True,83.22,13.87
TXN-0097160,2026-08-01,DXB-003,Dubai,CUST-01456,P009,Backpack,Accessories,4,200.37,15,801.48,120.22,681.26,Card,Store,2026,8,August,1,Saturday,True,681.26,170.32
TXN-0097193,2026-08-01,DXB-003,Dubai,CUST-07257,P007,Office Chair,Furniture,2,679.53,5,1359.06,67.95,1291.11,Cash,Store,2026,8,August,1,Saturday,True,1291.11,645.55
TXN-0097211,2026-08-01,DXB-004,Dubai,CUST-04996,P002,Smartphone,Electronics,2,1766.9,10,3533.8,353.38,3180.42,Cash,Store,2026,8,August,1,Saturday,True,3180.42,1590.21
TXN-0097218,2026-08-01,DXB-003,Dubai,CUST-04134,P003,Headphones,Electronics,2,324.52,5,649.04,32.45,616.59,Card,Online,2026,8,August,1,Saturday,True,616.59,308.3
TXN-0097312,2026-08-01,DXB-002,Dubai,CUST-00465,P013,USB Drive,Accessories,1,49.46,5,49.46,2.47,46.99,Card,Store,2026,8,August,1,Saturday,True,46.99,46.99
TXN-0097362,2026-08-01,DXB-002,Dubai,CUST-00193,P009,Backpack,Accessories,1,228.21,5,228.21,11.41,216.8,Card,Store,2026,8,August,1,Saturday,True,216.8,216.8
TXN-0097535,2026-08-01,DXB-001,Dubai,CUST-03114,P013,USB Drive,Accessories,1,47.51,0,47.51,0.0,47.51,Apple Pay,Store,2026,8,August,1,Saturday,True,47.51,47.51
TXN-0097544,2026-08-01,DXB-003,Dubai,CUST-04278,P012,Pen Pack,Stationery,3,15.29,5,45.87,2.29,43.58,Card,Store,2026,8,August,1,Saturday,True,43.58,14.53
TXN-0097582,2026-08-01,DXB-003,Dubai,CUST-05575,P006,Mouse,Accessories,4,99.47,20,397.88,79.58,318.3,Card,Store,2026,8,August,1,Saturday,True,318.3,79.58
TXN-0097593,2026-08-01,DXB-004,Dubai,CUST-02434,P015,Tablet,Electronics,4,1156.15,0,4624.6,0.0,4624.6,Apple Pay,Store,2026,8,August,1,Saturday,True,4624.6,1156.15
TXN-0097604,2026-08-01,DXB-003,Dubai,CUST-01923,P010,Printer,Office,1,742.63,15,742.63,111.39,631.24,Card,Store,2026,8,August,1,Saturday,True,631.24,631.24
TXN-0097804,2026-08-01,DXB-004,Dubai,CUST-06926,P004,Monitor,Electronics,1,939.15,5,939.15,46.96,892.19,Apple Pay,Store,2026,8,August,1,Saturday,True,892.19,892.19
TXN-0097827,2026-08-01,DXB-005,Dubai,CUST-06478,P008,Desk,Furniture,1,696.3,0,696.3,0.0,696.3,Card,Store,2026,8,August,1,Saturday,True,696.3,696.3
TXN-0097885,2026-08-01,DXB-003,Dubai,CUST-02676,P011,Notebook,Stationery,2,27.52,0,55.04,0.0,55.04,Card,Online,2026,8,August,1,Saturday,True,55.04,27.52
TXN-0097886,2026-08-01,DXB-002,Dubai,CUST-04615,P006,Mouse,Accessories,2,104.07,0,208.14,0.0,208.14,Card,Online,2026,8,August,1,Saturday,True,208.14,104.07
TXN-0097905,2026-08-01,DXB-003,Dubai,CUST-02798,P009,Backpack,Accessories,1,226.28,20,226.28,45.26,181.02,Apple Pay,Store,2026,8,August,1,Saturday,True,181.02,181.02
TXN-0097982,2026-08-01,DXB-005,Dubai,CUST-04784,P001,Laptop,Electronics,1,2521.49,5,2521.49,126.07,2395.42,Apple Pay,Store,2026,8,August,1,Saturday,True,2395.42,2395.42
TXN-0097996,2026-08-01,DXB-003,Dubai,CUST-00621,P008,Desk,Furniture,1,750.85,5,750.85,37.54,713.31,Apple Pay,Online,2026,8,August,1,Saturday,True,713.31,713.31
TXN-0098024,2026-08-01,DXB-003,Dubai,CUST-02306,P013,USB Drive,Accessories,1,47.94,15,47.94,7.19,40.75,Cash,Store,2026,8,August,1,Saturday,True,40.75,40.75
TXN-0098053,2026-08-01,DXB-001,Dubai,CUST-01288,P010,Printer,Office,6,694.83,15,4168.98,625.35,3543.63,Apple Pay,Online,2026,8,August,1,Saturday,True,3543.63,590.6
TXN-0098058,2026-08-01,DXB-004,Dubai,CUST-06892,P015,Tablet,Electronics,1,1266.87,15,1266.87,190.03,1076.84,Card,Store,2026,8,August,1,Saturday,True,1076.84,1076.84
TXN-0098080,2026-08-01,DXB-004,Dubai,CUST-07474,P011,Notebook,Stationery,2,25.44,10,50.88,5.09,45.79,Card,Online,2026,8,August,1,Saturday,True,45.79,22.9
TXN-0098082,2026-08-01,DXB-002,Dubai,CUST-07263,P011,Notebook,Stationery,4,26.23,0,104.92,0.0,104.92,Card,Online,2026,8,August,1,Saturday,True,104.92,26.23
TXN-0098196,2026-08-01,DXB-004,Dubai,CUST-01419,P011,Notebook,Stationery,1,25.93,0,25.93,0.0,25.93,Card,Store,2026,8,August,1,Saturday,True,25.93,25.93
TXN-0098214,2026-08-01,DXB-003,Dubai,CUST-06161,P010,Printer,Office,1,682.0,10,682.0,68.2,613.8,Card,Store,2026,8,August,1,Saturday,True,613.8,613.8
TXN-0098318,2026-08-01,DXB-001,Dubai,CUST-03582,P012,Pen Pack,Stationery,2,14.1,0,28.2,0.0,28.2,Apple Pay,Store,2026,8,August,1,Saturday,True,28.2,14.1
TXN-0098340,2026-08-01,DXB-003,Dubai,CUST-01756,P009,Backpack,Accessories,2,233.81,5,467.62,23.38,444.24,Card,Store,2026,8,August,1,Saturday,True,444.24,222.12
TXN-0098361,2026-08-01,DXB-005,Dubai,CUST-03285,P013,USB Drive,Accessories,3,43.8,10,131.4,13.14,118.26,Bank Transfer,Store,2026,8,August,1,Saturday,True,118.26,39.42
TXN-0098380,2026-08-01,DXB-001,Dubai,CUST-03191,P009,Backpack,Accessories,1,241.43,0,241.43,0.0,241.43,Card,Online,2026,8,August,1,Saturday,True,241.43,241.43
TXN-0098403,2026-08-01,DXB-005,Dubai,CUST-01540,P009,Backpack,Accessories,4,216.63,10,866.52,86.65,779.87,Bank Transfer,Store,2026,8,August,1,Saturday,True,779.87,194.97
TXN-0098428,2026-08-01,DXB-004,Dubai,CUST-07434,P004,Monitor,Electronics,2,858.74,0,1717.48,0.0,1717.48,Cash,Store,2026,8,August,1,Saturday,True,1717.48,858.74
TXN-0098441,2026-08-01,DXB-005,Dubai,CUST-07386,P004,Monitor,Electronics,3,845.06,10,2535.18,253.52,2281.66,Card,Store,2026,8,August,1,Saturday,True,2281.66,760.55
TXN-0098523,2026-08-01,DXB-001,Dubai,CUST-05354,P012,Pen Pack,Stationery,1,15.91,0,15.91,0.0,15.91,Bank Transfer,Store,2026,8,August,1,Saturday,True,15.91,15.91
TXN-0098654,2026-08-01,DXB-002,Dubai,CUST-06580,P011,Notebook,Stationery,1,26.04,0,26.04,0.0,26.04,Cash,Online,2026,8,August,1,Saturday,True,26.04,26.04
TXN-0098707,2026-08-01,DXB-001,Dubai,CUST-07188,P006,Mouse,Accessories,4,87.27,5,349.08,17.45,331.63,Card,Online,2026,8,August,1,Saturday,True,331.63,82.91
TXN-0098763,2026-08-01,DXB-002,Dubai,CUST-05567,P001,Laptop,Electronics,1,2582.89,15,2582.89,387.43,2195.46,Bank Transfer,Store,2026,8,August,1,Saturday,True,2195.46,2195.46
TXN-0098783,2026-08-01,DXB-003,Dubai,CUST-04885,P005,Keyboard,Accessories,3,192.61,0,577.83,0.0,577.83,Bank Transfer,Store,2026,8,August,1,Saturday,True,577.83,192.61
TXN-0098831,2026-08-01,DXB-003,Dubai,CUST-01060,P011,Notebook,Stationery,5,24.54,0,122.7,0.0,122.7,Card,Store,2026,8,August,1,Saturday,True,122.7,24.54
TXN-0098929,2026-08-01,DXB-002,Dubai,CUST-06903,P009,Backpack,Accessories,4,215.71,0,862.84,0.0,862.84,Cash,Store,2026,8,August,1,Saturday,True,862.84,215.71
TXN-0099041,2026-08-01,DXB-003,Dubai,CUST-03526,P008,Desk,Furniture,1,829.87,10,829.87,82.99,746.88,Bank Transfer,Store,2026,8,August,1,Saturday,True,746.88,746.88
TXN-0099075,2026-08-01,DXB-003,Dubai,CUST-05620,P004,Monitor,Electronics,1,932.5,10,932.5,93.25,839.25,Card,Store,2026,8,August,1,Saturday,True,839.25,839.25
TXN-0099097,2026-08-01,DXB-002,Dubai,CUST-02706,P003,Headphones,Electronics,5,383.07,0,1915.35,0.0,1915.35,Card,Store,2026,8,August,1,Saturday,True,1915.35,383.07
TXN-0099159,2026-08-01,DXB-003,Dubai,CUST-07766,P009,Backpack,Accessories,2,198.34,20,396.68,79.34,317.34,Cash,Store,2026,8,August,1,Saturday,True,317.34,158.67
TXN-0099199,2026-08-01,DXB-004,Dubai,CUST-02439,P009,Backpack,Accessories,2,201.99,5,403.98,20.2,383.78,Cash,Store,2026,8,August,1,Saturday,True,383.78,191.89
TXN-0099200,2026-08-01,DXB-001,Dubai,CUST-07996,P015,Tablet,Electronics,3,1141.21,10,3423.63,342.36,3081.27,Card,Store,2026,8,August,1,Saturday,True,3081.27,1027.09
TXN-0099340,2026-08-01,DXB-004,Dubai,CUST-03245,P004,Monitor,Electronics,1,904.97,10,904.97,90.5,814.47,Card,Store,2026,8,August,1,Saturday,True,814.47,814.47
TXN-0099387,2026-08-01,DXB-004,Dubai,CUST-00340,P010,Printer,Office,2,753.86,5,1507.72,75.39,1432.33,Apple Pay,Store,2026,8,August,1,Saturday,True,1432.33,716.16
TXN-0099422,2026-08-01,DXB-004,Dubai,CUST-06748,P014,Power Bank,Electronics,1,139.09,0,139.09,0.0,139.09,Bank Transfer,Store,2026,8,August,1,Saturday,True,139.09,139.09
TXN-0099441,2026-08-01,DXB-002,Dubai,CUST-02058,P004,Monitor,Electronics,1,817.93,5,817.93,40.9,777.03,Card,Store,2026,8,August,1,Saturday,True,777.03,777.03
TXN-0099443,2026-08-01,DXB-002,Dubai,CUST-04638,P014,Power Bank,Electronics,1,150.82,15,150.82,22.62,128.2,Apple Pay,Store,2026,8,August,1,Saturday,True,128.2,128.2
TXN-0099523,2026-08-01,DXB-002,Dubai,CUST-03051,P007,Office Chair,Furniture,1,646.53,0,646.53,0.0,646.53,Apple Pay,Online,2026,8,August,1,Saturday,True,646.53,646.53
TXN-0099534,2026-08-01,DXB-001,Dubai,CUST-00273,P008,Desk,Furniture,1,798.15,0,798.15,0.0,798.15,Card,Store,2026,8,August,1,Saturday,True,798.15,798.15
TXN-0099547,2026-08-01,DXB-001,Dubai,CUST-00954,P003,Headphones,Electronics,2,367.32,0,734.64,0.0,734.64,Card,Store,2026,8,August,1,Saturday,True,734.64,367.32
TXN-0099593,2026-08-01,DXB-003,Dubai,CUST-02002,P014,Power Bank,Electronics,2,158.26,5,316.52,15.83,300.69,Card,Store,2026,8,August,1,Saturday,True,300.69,150.34
TXN-0099649,2026-08-01,DXB-003,Dubai,CUST-01051,P004,Monitor,Electronics,4,870.03,5,3480.12,174.01,3306.11,Card,Online,2026,8,August,1,Saturday,True,3306.11,826.53
TXN-0099876,2026-08-01,DXB-005,Dubai,CUST-07219,P011,Notebook,Stationery,5,22.79,10,113.95,11.4,102.55,Card,Store,2026,8,August,1,Saturday,True,102.55,20.51
TXN-0099928,2026-08-01,DXB-003,Dubai,CUST-02144,P015,Tablet,Electronics,3,1195.35,0,3586.05,0.0,3586.05,Apple Pay,Online,2026,8,August,1,Saturday,True,3586.05,1195.35
TXN-0099930,2026-08-01,DXB-004,Dubai,CUST-07580,P002,Smartphone,Electronics,1,1894.15,0,1894.15,0.0,1894.15,Card,Online,2026,8,August,1,Saturday,True,1894.15,1894.15
TXN-0099997,2026-08-01,DXB-003,Dubai,CUST-01133,P006,Mouse,Accessories,1,106.86,0,106.86,0.0,106.86,Card,Online,2026,8,August,1,Saturday,True,106.86,106.86
TXN-0099999,2026-08-01,DXB-003,Dubai,CUST-04185,P014,Power Bank,Electronics,2,160.19,0,320.38,0.0,320.38,Card,Store,2026,8,August,1,Saturday,True,320.38,160.19
TXN-0100005,2026-08-01,DXB-002,Dubai,CUST-05696,P002,Smartphone,Electronics,2,1719.74,10,3439.48,343.95,3095.53,Cash,Online,2026,8,August,1,Saturday,True,3095.53,1547.76
TXN-0100052,2026-08-01,DXB-004,Dubai,CUST-07214,P003,Headphones,Electronics,3,311.05,15,933.15,139.97,793.18,Cash,Online,2026,8,August,1,Saturday,True,793.18,264.39
TXN-0100131,2026-08-01,DXB-003,Dubai,CUST-01600,P015,Tablet,Electronics,1,1240.57,15,1240.57,186.09,1054.48,Card,Online,2026,8,August,1,Saturday,True,1054.48,1054.48
TXN-0100140,2026-08-01,DXB-003,Dubai,CUST-04268,P015,Tablet,Electronics,1,1188.23,0,1188.23,0.0,1188.23,Apple Pay,Store,2026,8,August,1,Saturday,True,1188.23,1188.23
TXN-0100149,2026-08-01,DXB-005,Dubai,CUST-05873,P012,Pen Pack,Stationery,1,13.94,0,13.94,0.0,13.94,Card,Store,2026,8,August,1,Saturday,True,13.94,13.94
TXN-0100336,2026-08-01,DXB-004,Dubai,CUST-03556,P011,Notebook,Stationery,3,24.83,0,74.49,0.0,74.49,Card,Store,2026,8,August,1,Saturday,True,74.49,24.83
TXN-0100455,2026-08-01,DXB-003,Dubai,CUST-00622,P001,Laptop,Electronics,1,2966.17,10,2966.17,296.62,2669.55,Card,Store,2026,8,August,1,Saturday,True,2669.55,2669.55
TXN-0100526,2026-08-01,DXB-005,Dubai,CUST-04607,P013,USB Drive,Accessories,1,47.04,5,47.04,2.35,44.69,Cash,Store,2026,8,August,1,Saturday,True,44.69,44.69
TXN-0100533,2026-08-01,DXB-002,Dubai,CUST-02592,P014,Power Bank,Electronics,1,161.97,5,161.97,8.1,153.87,Cash,Store,2026,8,August,1,Saturday,True,153.87,153.87
TXN-0100564,2026-08-01,DXB-001,Dubai,CUST-01037,P001,Laptop,Electronics,3,2744.72,0,8234.16,0.0,8234.16,Apple Pay,Store,2026,8,August,1,Saturday,True,8234.16,2744.72
TXN-0100661,2026-08-01,DXB-001,Dubai,CUST-03658,P001,Laptop,Electronics,1,2972.75,10,2972.75,297.27,2675.48,Card,Store,2026,8,August,1,Saturday,True,2675.48,2675.48
TXN-0100708,2026-08-01,DXB-001,Dubai,CUST-00885,P009,Backpack,Accessories,1,218.93,15,218.93,32.84,186.09,Bank Transfer,Store,2026,8,August,1,Saturday,True,186.09,186.09
TXN-0100840,2026-08-01,DXB-001,Dubai,CUST-04790,P009,Backpack,Accessories,1,213.22,0,213.22,0.0,213.22,Card,Store,2026,8,August,1,Saturday,True,213.22,213.22
TXN-0100858,2026-08-01,DXB-003,Dubai,CUST-00672,P013,USB Drive,Accessories,1,47.26,0,47.26,0.0,47.26,Card,Online,2026,8,August,1,Saturday,True,47.26,47.26
TXN-0100873,2026-08-01,DXB-001,Dubai,CUST-03656,P006,Mouse,Accessories,2,101.21,20,202.42,40.48,161.94,Card,Online,2026,8,August,1,Saturday,True,161.94,80.97
TXN-0100968,2026-08-01,DXB-005,Dubai,CUST-01699,P003,Headphones,Electronics,1,380.76,0,380.76,0.0,380.76,Card,Store,2026,8,August,1,Saturday,True,380.76,380.76
TXN-0101040,2026-08-01,DXB-001,Dubai,CUST-03334,P004,Monitor,Electronics,1,865.47,10,865.47,86.55,778.92,Cash,Store,2026,8,August,1,Saturday,True,778.92,778.92
TXN-0101077,2026-08-01,DXB-002,Dubai,CUST-00105,P010,Printer,Office,2,679.98,5,1359.96,68.0,1291.96,Card,Store,2026,8,August,1,Saturday,True,1291.96,645.98
TXN-0101111,2026-08-01,DXB-004,Dubai,CUST-06246,P010,Printer,Office,3,668.53,0,2005.59,0.0,2005.59,Apple Pay,Store,2026,8,August,1,Saturday,True,2005.59,668.53
TXN-0101136,2026-08-01,DXB-004,Dubai,CUST-03851,P002,Smartphone,Electronics,2,1752.33,15,3504.66,525.7,2978.96,Cash,Store,2026,8,August,1,Saturday,True,2978.96,1489.48
TXN-0101140,2026-08-01,DXB-003,Dubai,CUST-04089,P004,Monitor,Electronics,1,817.65,10,817.65,81.76,735.89,Cash,Store,2026,8,August,1,Saturday,True,735.89,735.89
TXN-0101161,2026-08-01,DXB-004,Dubai,CUST-01229,P001,Laptop,Electronics,1,2837.07,0,2837.07,0.0,2837.07,Apple Pay,Store,2026,8,August,1,Saturday,True,2837.07,2837.07
TXN-0101195,2026-08-01,DXB-003,Dubai,CUST-02728,P006,Mouse,Accessories,1,103.58,10,103.58,10.36,93.22,Card,Store,2026,8,August,1,Saturday,True,93.22,93.22
TXN-0101217,2026-08-01,DXB-002,Dubai,CUST-04302,P013,USB Drive,Accessories,2,44.36,0,88.72,0.0,88.72,Card,Store,2026,8,August,1,Saturday,True,88.72,44.36
TXN-0101223,2026-08-01,DXB-001,Dubai,CUST-07847,P008,Desk,Furniture,1,864.18,0,864.18,0.0,864.18,Card,Store,2026,8,August,1,Saturday,True,864.18,864.18
TXN-0101239,2026-08-01,DXB-003,Dubai,CUST-03027,P015,Tablet,Electronics,1,1248.23,5,1248.23,62.41,1185.82,Cash,Store,2026,8,August,1,Saturday,True,1185.82,1185.82
TXN-0101292,2026-08-01,DXB-003,Dubai,CUST-04455,P014,Power Bank,Electronics,2,141.18,10,282.36,28.24,254.12,Card,Store,2026,8,August,1,Saturday,True,254.12,127.06
TXN-0101421,2026-08-01,DXB-001,Dubai,CUST-05361,P005,Keyboard,Accessories,1,188.26,15,188.26,28.24,160.02,Card,Store,2026,8,August,1,Saturday,True,160.02,160.02
TXN-0101506,2026-08-01,DXB-001,Dubai,CUST-00550,P014,Power Bank,Electronics,2,166.77,0,333.54,0.0,333.54,Cash,Store,2026,8,August,1,Saturday,True,333.54,166.77
TXN-0101612,2026-08-01,DXB-001,Dubai,CUST-06746,P006,Mouse,Accessories,1,95.87,5,95.87,4.79,91.08,Bank Transfer,Store,2026,8,August,1,Saturday,True,91.08,91.08
TXN-0101623,2026-08-01,DXB-004,Dubai,CUST-01598,P014,Power Bank,Electronics,6,145.52,0,873.12,0.0,873.12,Bank Transfer,Store,2026,8,August,1,Saturday,True,873.12,145.52
TXN-0101627,2026-08-01,DXB-004,Dubai,CUST-05541,P010,Printer,Office,1,686.97,10,686.97,68.7,618.27,Card,Store,2026,8,August,1,Saturday,True,618.27,618.27
TXN-0101634,2026-08-01,DXB-003,Dubai,CUST-01580,P014,Power Bank,Electronics,6,165.58,5,993.48,49.67,943.81,Card,Online,2026,8,August,1,Saturday,True,943.81,157.3
TXN-0101674,2026-08-01,DXB-003,Dubai,CUST-04770,P011,Notebook,Stationery,3,25.15,20,75.45,15.09,60.36,Cash,Store,2026,8,August,1,Saturday,True,60.36,20.12
TXN-0101730,2026-08-01,DXB-001,Dubai,CUST-00664,P015,Tablet,Electronics,1,1236.52,10,1236.52,123.65,1112.87,Apple Pay,Store,2026,8,August,1,Saturday,True,1112.87,1112.87
TXN-0101763,2026-08-01,DXB-001,Dubai,CUST-07706,P008,Desk,Furniture,1,844.11,5,844.11,42.21,801.9,Bank Transfer,Store,2026,8,August,1,Saturday,True,801.9,801.9
TXN-0101821,2026-08-01,DXB-001,Dubai,CUST-07852,P005,Keyboard,Accessories,1,175.03,0,175.03,0.0,175.03,Card,Online,2026,8,August,1,Saturday,True,175.03,175.03
TXN-0101942,2026-08-01,DXB-002,Dubai,CUST-00755,P001,Laptop,Electronics,2,2973.85,0,5947.7,0.0,5947.7,Card,Store,2026,8,August,1,Saturday,True,5947.7,2973.85
TXN-0102010,2026-08-01,DXB-004,Dubai,CUST-02856,P015,Tablet,Electronics,2,1203.0,5,2406.0,120.3,2285.7,Card,Store,2026,8,August,1,Saturday,True,2285.7,1142.85
TXN-0102033,2026-08-01,DXB-002,Dubai,CUST-03031,P007,Office Chair,Furniture,1,634.07,0,634.07,0.0,634.07,Cash,Store,2026,8,August,1,Saturday,True,634.07,634.07
TXN-0102144,2026-08-01,DXB-001,Dubai,CUST-04790,P013,USB Drive,Accessories,1,47.42,0,47.42,0.0,47.42,Cash,Store,2026,8,August,1,Saturday,True,47.42,47.42
TXN-0102166,2026-08-01,DXB-001,Dubai,CUST-04983,P015,Tablet,Electronics,1,1237.95,5,1237.95,61.9,1176.05,Apple Pay,Store,2026,8,August,1,Saturday,True,1176.05,1176.05
TXN-0102263,2026-08-01,DXB-005,Dubai,CUST-03569,P003,Headphones,Electronics,1,328.21,20,328.21,65.64,262.57,Bank Transfer,Store,2026,8,August,1,Saturday,True,262.57,262.57
TXN-0102281,2026-08-01,DXB-001,Dubai,CUST-04235,P005,Keyboard,Accessories,2,178.35,5,356.7,17.84,338.86,Card,Store,2026,8,August,1,Saturday,True,338.86,169.43
TXN-0102339,2026-08-01,DXB-004,Dubai,CUST-02977,P012,Pen Pack,Stationery,1,14.79,0,14.79,0.0,14.79,Cash,Store,2026,8,August,1,Saturday,True,14.79,14.79
TXN-0102385,2026-08-01,DXB-001,Dubai,CUST-02932,P014,Power Bank,Electronics,1,147.4,0,147.4,0.0,147.4,Card,Store,2026,8,August,1,Saturday,True,147.4,147.4
TXN-0102442,2026-08-01,DXB-004,Dubai,CUST-06335,P003,Headphones,Electronics,2,351.72,10,703.44,70.34,633.1,Card,Store,2026,8,August,1,Saturday,True,633.1,316.55
TXN-0102551,2026-08-01,DXB-003,Dubai,CUST-01085,P003,Headphones,Electronics,1,324.99,10,324.99,32.5,292.49,Apple Pay,Store,2026,8,August,1,Saturday,True,292.49,292.49
TXN-0102738,2026-08-01,DXB-001,Dubai,CUST-07025,P001,Laptop,Electronics,1,2644.09,0,2644.09,0.0,2644.09,Card,Store,2026,8,August,1,Saturday,True,2644.09,2644.09
TXN-0102819,2026-08-01,DXB-004,Dubai,CUST-02341,P014,Power Bank,Electronics,1,147.58,10,147.58,14.76,132.82,Apple Pay,Store,2026,8,August,1,Saturday,True,132.82,132.82
TXN-0102840,2026-08-01,DXB-003,Dubai,CUST-06993,P002,Smartphone,Electronics,1,1694.63,0,1694.63,0.0,1694.63,Apple Pay,Store,2026,8,August,1,Saturday,True,1694.63,1694.63
TXN-0102845,2026-08-01,DXB-003,Dubai,CUST-03804,P011,Notebook,Stationery,2,27.38,10,54.76,5.48,49.28,Apple Pay,Store,2026,8,August,1,Saturday,True,49.28,24.64
TXN-0102963,2026-08-01,DXB-003,Dubai,CUST-05418,P006,Mouse,Accessories,3,94.16,10,282.48,28.25,254.23,Apple Pay,Online,2026,8,August,1,Saturday,True,254.23,84.74
TXN-0103078,2026-08-01,DXB-004,Dubai,CUST-03252,P014,Power Bank,Electronics,3,156.49,0,469.47,0.0,469.47,Card,Store,2026,8,August,1,Saturday,True,469.47,156.49
TXN-0103198,2026-08-01,DXB-005,Dubai,CUST-02170,P009,Backpack,Accessories,1,213.8,0,213.8,0.0,213.8,Card,Online,2026,8,August,1,Saturday,True,213.8,213.8
TXN-0103236,2026-08-01,DXB-003,Dubai,CUST-02960,P013,USB Drive,Accessories,1,50.3,15,50.3,7.54,42.76,Apple Pay,Store,2026,8,August,1,Saturday,True,42.76,42.76
TXN-0103287,2026-08-01,DXB-001,Dubai,CUST-03825,P008,Desk,Furniture,6,709.27,15,4255.62,638.34,3617.28,Card,Store,2026,8,August,1,Saturday,True,3617.28,602.88
TXN-0103414,2026-08-01,DXB-005,Dubai,CUST-01028,P015,Tablet,Electronics,2,1144.14,5,2288.28,114.41,2173.87,Card,Online,2026,8,August,1,Saturday,True,2173.87,1086.94
TXN-0103520,2026-08-01,DXB-003,Dubai,CUST-01733,P011,Notebook,Stationery,2,25.77,0,51.54,0.0,51.54,Cash,Online,2026,8,August,1,Saturday,True,51.54,25.77
TXN-0103551,2026-08-01,DXB-001,Dubai,CUST-01954,P002,Smartphone,Electronics,1,1848.53,0,1848.53,0.0,1848.53,Card,Online,2026,8,August,1,Saturday,True,1848.53,1848.53
TXN-0103567,2026-08-01,DXB-001,Dubai,CUST-05616,P013,USB Drive,Accessories,2,45.64,5,91.28,4.56,86.72,Card,Online,2026,8,August,1,Saturday,True,86.72,43.36
TXN-0103717,2026-08-01,DXB-005,Dubai,CUST-01989,P014,Power Bank,Electronics,2,148.81,5,297.62,14.88,282.74,Card,Store,2026,8,August,1,Saturday,True,282.74,141.37
TXN-0103772,2026-08-01,DXB-005,Dubai,CUST-00396,P011,Notebook,Stationery,4,26.34,5,105.36,5.27,100.09,Apple Pay,Store,2026,8,August,1,Saturday,True,100.09,25.02
TXN-0103792,2026-08-01,DXB-003,Dubai,CUST-04415,P006,Mouse,Accessories,2,109.3,5,218.6,10.93,207.67,Card,Store,2026,8,August,1,Saturday,True,207.67,103.84
TXN-0103812,2026-08-01,DXB-005,Dubai,CUST-06007,P012,Pen Pack,Stationery,1,16.14,0,16.14,0.0,16.14,Bank Transfer,Online,2026,8,August,1,Saturday,True,16.14,16.14
TXN-0103931,2026-08-01,DXB-004,Dubai,CUST-05005,P012,Pen Pack,Stationery,1,15.05,10,15.05,1.5,13.55,Apple Pay,Store,2026,8,August,1,Saturday,True,13.55,13.55
TXN-0103945,2026-08-01,DXB-004,Dubai,CUST-05005,P006,Mouse,Accessories,2,93.75,0,187.5,0.0,187.5,Card,Store,2026,8,August,1,Saturday,True,187.5,93.75
TXN-0103989,2026-08-01,DXB-005,Dubai,CUST-00778,P001,Laptop,Electronics,3,2769.78,10,8309.34,830.93,7478.41,Bank Transfer,Online,2026,8,August,1,Saturday,True,7478.41,2492.8
TXN-0104219,2026-08-01,DXB-001,Dubai,CUST-05170,P014,Power Bank,Electronics,3,145.25,0,435.75,0.0,435.75,Card,Store,2026,8,August,1,Saturday,True,435.75,145.25
TXN-0104242,2026-08-01,DXB-001,Dubai,CUST-06490,P007,Office Chair,Furniture,5,620.91,5,3104.55,155.23,2949.32,Cash,Online,2026,8,August,1,Saturday,True,2949.32,589.86
TXN-0104256,2026-08-01,DXB-005,Dubai,CUST-06838,P008,Desk,Furniture,1,739.1,5,739.1,36.96,702.14,Cash,Store,2026,8,August,1,Saturday,True,702.14,702.14
TXN-0104258,2026-08-01,DXB-005,Dubai,CUST-05723,P014,Power Bank,Electronics,2,155.96,0,311.92,0.0,311.92,Bank Transfer,Store,2026,8,August,1,Saturday,True,311.92,155.96
TXN-0104356,2026-08-01,DXB-002,Dubai,CUST-05719,P010,Printer,Office,1,649.62,15,649.62,97.44,552.18,Card,Store,2026,8,August,1,Saturday,True,552.18,552.18
TXN-0104522,2026-08-01,DXB-001,Dubai,CUST-02664,P001,Laptop,Electronics,3,2874.86,0,8624.58,0.0,8624.58,Apple Pay,Online,2026,8,August,1,Saturday,True,8624.58,2874.86
TXN-0104540,2026-08-01,DXB-001,Dubai,CUST-06026,P010,Printer,Office,3,822.47,0,2467.41,0.0,2467.41,Card,Store,2026,8,August,1,Saturday,True,2467.41,822.47
TXN-0104622,2026-08-01,DXB-001,Dubai,CUST-00671,P004,Monitor,Electronics,1,921.09,20,921.09,184.22,736.87,Apple Pay,Online,2026,8,August,1,Saturday,True,736.87,736.87
TXN-0104800,2026-08-01,DXB-002,Dubai,CUST-00499,P009,Backpack,Accessories,1,228.4,0,228.4,0.0,228.4,Card,Store,2026,8,August,1,Saturday,True,228.4,228.4
TXN-0104801,2026-08-01,DXB-001,Dubai,CUST-04141,P008,Desk,Furniture,1,738.07,0,738.07,0.0,738.07,Apple Pay,Store,2026,8,August,1,Saturday,True,738.07,738.07
TXN-0104844,2026-08-01,DXB-002,Dubai,CUST-04987,P004,Monitor,Electronics,2,869.91,15,1739.82,260.97,1478.85,Apple Pay,Online,2026,8,August,1,Saturday,True,1478.85,739.42
TXN-0104846,2026-08-01,DXB-001,Dubai,CUST-01789,P014,Power Bank,Electronics,1,136.79,10,136.79,13.68,123.11,Cash,Online,2026,8,August,1,Saturday,True,123.11,123.11
TXN-0104885,2026-08-01,DXB-005,Dubai,CUST-03578,P003,Headphones,Electronics,1,342.59,5,342.59,17.13,325.46,Card,Store,2026,8,August,1,Saturday,True,325.46,325.46
TXN-0104948,2026-08-01,DXB-004,Dubai,CUST-04270,P013,USB Drive,Accessories,3,44.34,0,133.02,0.0,133.02,Card,Online,2026,8,August,1,Saturday,True,133.02,44.34
TXN-0105099,2026-08-01,DXB-002,Dubai,CUST-06549,P009,Backpack,Accessories,3,223.9,0,671.7,0.0,671.7,Cash,Store,2026,8,August,1,Saturday,True,671.7,223.9
TXN-0105200,2026-08-01,DXB-001,Dubai,CUST-00329,P008,Desk,Furniture,1,829.24,10,829.24,82.92,746.32,Apple Pay,Store,2026,8,August,1,Saturday,True,746.32,746.32
TXN-0105204,2026-08-01,DXB-005,Dubai,CUST-04486,P002,Smartphone,Electronics,1,1814.37,0,1814.37,0.0,1814.37,Apple Pay,Store,2026,8,August,1,Saturday,True,1814.37,1814.37
TXN-0105283,2026-08-01,DXB-005,Dubai,CUST-06812,P008,Desk,Furniture,5,777.53,0,3887.65,0.0,3887.65,Apple Pay,Store,2026,8,August,1,Saturday,True,3887.65,777.53
TXN-0105304,2026-08-01,DXB-004,Dubai,CUST-00319,P003,Headphones,Electronics,5,391.4,15,1957.0,293.55,1663.45,Bank Transfer,Store,2026,8,August,1,Saturday,True,1663.45,332.69
TXN-0105391,2026-08-01,DXB-002,Dubai,CUST-00399,P010,Printer,Office,2,707.39,15,1414.78,212.22,1202.56,Card,Online,2026,8,August,1,Saturday,True,1202.56,601.28
TXN-0105469,2026-08-01,DXB-002,Dubai,CUST-01695,P005,Keyboard,Accessories,2,172.08,5,344.16,17.21,326.95,Card,Online,2026,8,August,1,Saturday,True,326.95,163.48
TXN-0105517,2026-08-01,DXB-001,Dubai,CUST-00083,P007,Office Chair,Furniture,1,672.51,10,672.51,67.25,605.26,Cash,Online,2026,8,August,1,Saturday,True,605.26,605.26
TXN-0105553,2026-08-01,DXB-002,Dubai,CUST-03082,P002,Smartphone,Electronics,2,1652.41,10,3304.82,330.48,2974.34,Card,Store,2026,8,August,1,Saturday,True,2974.34,1487.17
TXN-0105556,2026-08-01,DXB-004,Dubai,CUST-06125,P001,Laptop,Electronics,1,2777.99,0,2777.99,0.0,2777.99,Bank Transfer,Store,2026,8,August,1,Saturday,True,2777.99,2777.99
TXN-0105598,2026-08-01,DXB-001,Dubai,CUST-03913,P008,Desk,Furniture,3,789.3,0,2367.9,0.0,2367.9,Cash,Store,2026,8,August,1,Saturday,True,2367.9,789.3
TXN-0105714,2026-08-01,DXB-002,Dubai,CUST-04008,P004,Monitor,Electronics,1,804.59,0,804.59,0.0,804.59,Apple Pay,Store,2026,8,August,1,Saturday,True,804.59,804.59
TXN-0105726,2026-08-01,DXB-005,Dubai,CUST-02864,P008,Desk,Furniture,4,815.43,0,3261.72,0.0,3261.72,Cash,Store,2026,8,August,1,Saturday,True,3261.72,815.43
TXN-0105770,2026-08-01,DXB-004,Dubai,CUST-05351,P001,Laptop,Electronics,1,2769.37,20,2769.37,553.87,2215.5,Card,Store,2026,8,August,1,Saturday,True,2215.5,2215.5
TXN-0105795,2026-08-01,DXB-001,Dubai,CUST-03919,P014,Power Bank,Electronics,2,148.42,5,296.84,14.84,282.0,Apple Pay,Online,2026,8,August,1,Saturday,True,282.0,141.0
TXN-0105805,2026-08-01,DXB-004,Dubai,CUST-05369,P009,Backpack,Accessories,4,218.83,10,875.32,87.53,787.79,Card,Store,2026,8,August,1,Saturday,True,787.79,196.95
TXN-0105840,2026-08-01,DXB-002,Dubai,CUST-04231,P004,Monitor,Electronics,1,916.62,5,916.62,45.83,870.79,Bank Transfer,Store,2026,8,August,1,Saturday,True,870.79,870.79
TXN-0105950,2026-08-01,DXB-001,Dubai,CUST-05026,P013,USB Drive,Accessories,1,39.38,20,39.38,7.88,31.5,Card,Store,2026,8,August,1,Saturday,True,31.5,31.5
TXN-0105980,2026-08-01,DXB-005,Dubai,CUST-05375,P001,Laptop,Electronics,2,3005.14,0,6010.28,0.0,6010.28,Apple Pay,Online,2026,8,August,1,Saturday,True,6010.28,3005.14
TXN-0106029,2026-08-01,DXB-001,Dubai,CUST-04597,P012,Pen Pack,Stationery,3,15.0,10,45.0,4.5,40.5,Cash,Store,2026,8,August,1,Saturday,True,40.5,13.5
TXN-0106033,2026-08-01,DXB-005,Dubai,CUST-04279,P001,Laptop,Electronics,2,2810.33,5,5620.66,281.03,5339.63,Apple Pay,Store,2026,8,August,1,Saturday,True,5339.63,2669.82
TXN-0106039,2026-08-01,DXB-005,Dubai,CUST-07001,P003,Headphones,Electronics,3,337.03,10,1011.09,101.11,909.98,Apple Pay,Online,2026,8,August,1,Saturday,True,909.98,303.33
TXN-0106099,2026-08-01,DXB-001,Dubai,CUST-06841,P004,Monitor,Electronics,5,911.79,15,4558.95,683.84,3875.11,Card,Store,2026,8,August,1,Saturday,True,3875.11,775.02
TXN-0106125,2026-08-01,DXB-004,Dubai,CUST-07678,P014,Power Bank,Electronics,2,137.72,10,275.44,27.54,247.9,Apple Pay,Store,2026,8,August,1,Saturday,True,247.9,123.95
TXN-0106167,2026-08-01,DXB-005,Dubai,CUST-01790,P010,Printer,Office,2,712.82,0,1425.64,0.0,1425.64,Card,Online,2026,8,August,1,Saturday,True,1425.64,712.82
TXN-0106404,2026-08-01,DXB-005,Dubai,CUST-06261,P003,Headphones,Electronics,4,367.91,15,1471.64,220.75,1250.89,Bank Transfer,Store,2026,8,August,1,Saturday,True,1250.89,312.72
TXN-0106435,2026-08-01,DXB-003,Dubai,CUST-06968,P011,Notebook,Stationery,6,27.16,5,162.96,8.15,154.81,Card,Store,2026,8,August,1,Saturday,True,154.81,25.8
TXN-0106514,2026-08-01,DXB-005,Dubai,CUST-02010,P003,Headphones,Electronics,2,357.9,5,715.8,35.79,680.01,Card,Store,2026,8,August,1,Saturday,True,680.01,340.0
TXN-0106628,2026-08-01,DXB-005,Dubai,CUST-04295,P001,Laptop,Electronics,2,2634.91,0,5269.82,0.0,5269.82,Cash,Store,2026,8,August,1,Saturday,True,5269.82,2634.91
TXN-0106698,2026-08-01,DXB-003,Dubai,CUST-00707,P001,Laptop,Electronics,2,2930.04,5,5860.08,293.0,5567.08,Card,Store,2026,8,August,1,Saturday,True,5567.08,2783.54
TXN-0106731,2026-08-01,DXB-002,Dubai,CUST-06495,P005,Keyboard,Accessories,1,164.72,10,164.72,16.47,148.25,Apple Pay,Online,2026,8,August,1,Saturday,True,148.25,148.25
TXN-0106774,2026-08-01,DXB-002,Dubai,CUST-03853,P005,Keyboard,Accessories,2,181.12,0,362.24,0.0,362.24,Card,Online,2026,8,August,1,Saturday,True,362.24,181.12
TXN-0106833,2026-08-01,DXB-002,Dubai,CUST-01540,P007,Office Chair,Furniture,2,657.53,0,1315.06,0.0,1315.06,Card,Store,2026,8,August,1,Saturday,True,1315.06,657.53
TXN-0106834,2026-08-01,DXB-003,Dubai,CUST-01619,P015,Tablet,Electronics,2,1053.76,0,2107.52,0.0,2107.52,Cash,Online,2026,8,August,1,Saturday,True,2107.52,1053.76
TXN-0106841,2026-08-01,DXB-001,Dubai,CUST-05042,P014,Power Bank,Electronics,1,143.75,15,143.75,21.56,122.19,Card,Store,2026,8,August,1,Saturday,True,122.19,122.19
TXN-0106937,2026-08-01,DXB-002,Dubai,CUST-02969,P014,Power Bank,Electronics,1,149.31,15,149.31,22.4,126.91,Bank Transfer,Store,2026,8,August,1,Saturday,True,126.91,126.91
TXN-0106940,2026-08-01,DXB-001,Dubai,CUST-07689,P003,Headphones,Electronics,4,354.48,5,1417.92,70.9,1347.02,Apple Pay,Online,2026,8,August,1,Saturday,True,1347.02,336.76
TXN-0106951,2026-08-01,DXB-004,Dubai,CUST-07581,P011,Notebook,Stationery,1,23.59,0,23.59,0.0,23.59,Cash,Store,2026,8,August,1,Saturday,True,23.59,23.59
TXN-0106971,2026-08-01,DXB-001,Dubai,CUST-00693,P010,Printer,Office,2,669.02,0,1338.04,0.0,1338.04,Apple Pay,Store,2026,8,August,1,Saturday,True,1338.04,669.02
TXN-0107019,2026-08-01,DXB-003,Dubai,CUST-05161,P003,Headphones,Electronics,2,366.19,15,732.38,109.86,622.52,Apple Pay,Store,2026,8,August,1,Saturday,True,622.52,311.26
TXN-0107020,2026-08-01,DXB-005,Dubai,CUST-07473,P007,Office Chair,Furniture,1,617.36,5,617.36,30.87,586.49,Card,Store,2026,8,August,1,Saturday,True,586.49,586.49
TXN-0107084,2026-08-01,DXB-005,Dubai,CUST-04600,P005,Keyboard,Accessories,1,168.9,5,168.9,8.44,160.46,Apple Pay,Store,2026,8,August,1,Saturday,True,160.46,160.46
TXN-0107265,2026-08-01,DXB-004,Dubai,CUST-05407,P006,Mouse,Accessories,1,99.76,10,99.76,9.98,89.78,Apple Pay,Store,2026,8,August,1,Saturday,True,89.78,89.78
TXN-0107277,2026-08-01,DXB-003,Dubai,CUST-05933,P003,Headphones,Electronics,1,370.38,10,370.38,37.04,333.34,Card,Store,2026,8,August,1,Saturday,True,333.34,333.34
TXN-0107354,2026-08-01,DXB-005,Dubai,CUST-06169,P002,Smartphone,Electronics,3,1840.69,10,5522.07,552.21,4969.86,Cash,Store,2026,8,August,1,Saturday,True,4969.86,1656.62
TXN-0107397,2026-08-01,DXB-004,Dubai,CUST-01957,P002,Smartphone,Electronics,1,1686.91,10,1686.91,168.69,1518.22,Apple Pay,Store,2026,8,August,1,Saturday,True,1518.22,1518.22
TXN-0107424,2026-08-01,DXB-001,Dubai,CUST-03199,P009,Backpack,Accessories,1,197.17,5,197.17,9.86,187.31,Apple Pay,Store,2026,8,August,1,Saturday,True,187.31,187.31
TXN-0107426,2026-08-01,DXB-004,Dubai,CUST-03584,P012,Pen Pack,Stationery,1,15.25,0,15.25,0.0,15.25,Bank Transfer,Online,2026,8,August,1,Saturday,True,15.25,15.25
TXN-0107500,2026-08-01,DXB-001,Dubai,CUST-03929,P008,Desk,Furniture,2,774.88,5,1549.76,77.49,1472.27,Cash,Store,2026,8,August,1,Saturday,True,1472.27,736.14
TXN-0107552,2026-08-01,DXB-004,Dubai,CUST-02291,P007,Office Chair,Furniture,1,617.28,10,617.28,61.73,555.55,Card,Online,2026,8,August,1,Saturday,True,555.55,555.55
TXN-0107584,2026-08-01,DXB-001,Dubai,CUST-06748,P007,Office Chair,Furniture,3,710.58,0,2131.74,0.0,2131.74,Cash,Store,2026,8,August,1,Saturday,True,2131.74,710.58
TXN-0107588,2026-08-01,DXB-001,Dubai,CUST-06794,P012,Pen Pack,Stationery,2,15.64,0,31.28,0.0,31.28,Cash,Store,2026,8,August,1,Saturday,True,31.28,15.64
TXN-0107612,2026-08-01,DXB-002,Dubai,CUST-07003,P015,Tablet,Electronics,1,1194.06,15,1194.06,179.11,1014.95,Cash,Store,2026,8,August,1,Saturday,True,1014.95,1014.95
TXN-0107616,2026-08-01,DXB-001,Dubai,CUST-01297,P005,Keyboard,Accessories,1,170.01,10,170.01,17.0,153.01,Card,Store,2026,8,August,1,Saturday,True,153.01,153.01
TXN-0107675,2026-08-01,DXB-004,Dubai,CUST-00027,P009,Backpack,Accessories,1,232.48,0,232.48,0.0,232.48,Apple Pay,Store,2026,8,August,1,Saturday,True,232.48,232.48
TXN-0107838,2026-08-01,DXB-004,Dubai,CUST-03690,P002,Smartphone,Electronics,1,1917.11,10,1917.11,191.71,1725.4,Bank Transfer,Store,2026,8,August,1,Saturday,True,1725.4,1725.4
TXN-0107862,2026-08-01,DXB-002,Dubai,CUST-06400,P001,Laptop,Electronics,4,2737.11,5,10948.44,547.42,10401.02,Cash,Online,2026,8,August,1,Saturday,True,10401.02,2600.26
TXN-0107863,2026-08-01,DXB-001,Dubai,CUST-06154,P008,Desk,Furniture,2,918.48,15,1836.96,275.54,1561.42,Cash,Store,2026,8,August,1,Saturday,True,1561.42,780.71
TXN-0107968,2026-08-01,DXB-003,Dubai,CUST-02732,P001,Laptop,Electronics,1,2694.08,5,2694.08,134.7,2559.38,Card,Online,2026,8,August,1,Saturday,True,2559.38,2559.38
TXN-0108065,2026-08-01,DXB-002,Dubai,CUST-06237,P004,Monitor,Electronics,3,948.4,10,2845.2,284.52,2560.68,Card,Store,2026,8,August,1,Saturday,True,2560.68,853.56
TXN-0108124,2026-08-01,DXB-001,Dubai,CUST-03186,P005,Keyboard,Accessories,4,169.28,0,677.12,0.0,677.12,Cash,Online,2026,8,August,1,Saturday,True,677.12,169.28
TXN-0108132,2026-08-01,DXB-003,Dubai,CUST-01980,P005,Keyboard,Accessories,1,183.56,0,183.56,0.0,183.56,Card,Online,2026,8,August,1,Saturday,True,183.56,183.56
TXN-0108144,2026-08-01,DXB-005,Dubai,CUST-00653,P010,Printer,Office,2,717.33,0,1434.66,0.0,1434.66,Cash,Store,2026,8,August,1,Saturday,True,1434.66,717.33
TXN-0108148,2026-08-01,DXB-005,Dubai,CUST-02257,P012,Pen Pack,Stationery,2,14.36,20,28.72,5.74,22.98,Apple Pay,Online,2026,8,August,1,Saturday,True,22.98,11.49
TXN-0108173,2026-08-01,DXB-004,Dubai,CUST-07215,P015,Tablet,Electronics,3,1078.13,0,3234.39,0.0,3234.39,Apple Pay,Store,2026,8,August,1,Saturday,True,3234.39,1078.13
TXN-0108232,2026-08-01,DXB-004,Dubai,CUST-05554,P007,Office Chair,Furniture,2,670.1,5,1340.2,67.01,1273.19,Card,Store,2026,8,August,1,Saturday,True,1273.19,636.6
TXN-0108246,2026-08-01,DXB-004,Dubai,CUST-01393,P010,Printer,Office,1,727.93,0,727.93,0.0,727.93,Cash,Online,2026,8,August,1,Saturday,True,727.93,727.93
TXN-0108256,2026-08-01,DXB-002,Dubai,CUST-05239,P004,Monitor,Electronics,1,890.52,10,890.52,89.05,801.47,Card,Store,2026,8,August,1,Saturday,True,801.47,801.47
TXN-0108280,2026-08-01,DXB-004,Dubai,CUST-01278,P001,Laptop,Electronics,1,2886.39,5,2886.39,144.32,2742.07,Cash,Online,2026,8,August,1,Saturday,True,2742.07,2742.07
TXN-0108380,2026-08-01,DXB-001,Dubai,CUST-07556,P007,Office Chair,Furniture,1,694.72,0,694.72,0.0,694.72,Card,Store,2026,8,August,1,Saturday,True,694.72,694.72
TXN-0108486,2026-08-01,DXB-002,Dubai,CUST-06952,P002,Smartphone,Electronics,1,1910.22,5,1910.22,95.51,1814.71,Apple Pay,Store,2026,8,August,1,Saturday,True,1814.71,1814.71
TXN-0108499,2026-08-01,DXB-002,Dubai,CUST-07339,P004,Monitor,Electronics,1,979.36,5,979.36,48.97,930.39,Apple Pay,Online,2026,8,August,1,Saturday,True,930.39,930.39
TXN-0108522,2026-08-01,DXB-001,Dubai,CUST-03497,P011,Notebook,Stationery,2,27.27,0,54.54,0.0,54.54,Cash,Store,2026,8,August,1,Saturday,True,54.54,27.27
TXN-0108547,2026-08-01,DXB-002,Dubai,CUST-07540,P005,Keyboard,Accessories,1,180.54,0,180.54,0.0,180.54,Cash,Store,2026,8,August,1,Saturday,True,180.54,180.54
TXN-0108555,2026-08-01,DXB-001,Dubai,CUST-02202,P004,Monitor,Electronics,1,884.22,5,884.22,44.21,840.01,Card,Online,2026,8,August,1,Saturday,True,840.01,840.01
TXN-0108720,2026-08-01,DXB-001,Dubai,CUST-01392,P011,Notebook,Stationery,1,24.15,0,24.15,0.0,24.15,Cash,Store,2026,8,August,1,Saturday,True,24.15,24.15
TXN-0108876,2026-08-01,DXB-002,Dubai,CUST-06460,P013,USB Drive,Accessories,2,47.22,0,94.44,0.0,94.44,Card,Store,2026,8,August,1,Saturday,True,94.44,47.22
TXN-0108882,2026-08-01,DXB-002,Dubai,CUST-04086,P011,Notebook,Stationery,1,23.74,0,23.74,0.0,23.74,Card,Store,2026,8,August,1,Saturday,True,23.74,23.74
TXN-0108968,2026-08-01,DXB-004,Dubai,CUST-01246,P012,Pen Pack,Stationery,2,15.62,20,31.24,6.25,24.99,Cash,Store,2026,8,August,1,Saturday,True,24.99,12.5
TXN-0108971,2026-08-01,DXB-002,Dubai,CUST-00837,P002,Smartphone,Electronics,1,1949.7,15,1949.7,292.46,1657.24,Card,Online,2026,8,August,1,Saturday,True,1657.24,1657.24
TXN-0108974,2026-08-01,DXB-005,Dubai,CUST-04833,P005,Keyboard,Accessories,1,201.54,0,201.54,0.0,201.54,Card,Online,2026,8,August,1,Saturday,True,201.54,201.54
TXN-0109050,2026-08-01,DXB-005,Dubai,CUST-07871,P015,Tablet,Electronics,3,1031.59,0,3094.77,0.0,3094.77,Card,Store,2026,8,August,1,Saturday,True,3094.77,1031.59
TXN-0109055,2026-08-01,DXB-003,Dubai,CUST-03332,P011,Notebook,Stationery,2,25.54,0,51.08,0.0,51.08,Card,Store,2026,8,August,1,Saturday,True,51.08,25.54
TXN-0109319,2026-08-01,DXB-002,Dubai,CUST-00723,P008,Desk,Furniture,1,831.08,15,831.08,124.66,706.42,Card,Store,2026,8,August,1,Saturday,True,706.42,706.42
TXN-0109475,2026-08-01,DXB-002,Dubai,CUST-07185,P013,USB Drive,Accessories,1,43.63,0,43.63,0.0,43.63,Apple Pay,Store,2026,8,August,1,Saturday,True,43.63,43.63
TXN-0109482,2026-08-01,DXB-004,Dubai,CUST-01489,P008,Desk,Furniture,3,814.46,0,2443.38,0.0,2443.38,Cash,Online,2026,8,August,1,Saturday,True,2443.38,814.46
TXN-0109530,2026-08-01,DXB-004,Dubai,CUST-07262,P006,Mouse,Accessories,3,96.23,0,288.69,0.0,288.69,Cash,Store,2026,8,August,1,Saturday,True,288.69,96.23
TXN-0109536,2026-08-01,DXB-004,Dubai,CUST-07634,P014,Power Bank,Electronics,1,156.53,10,156.53,15.65,140.88,Apple Pay,Store,2026,8,August,1,Saturday,True,140.88,140.88
TXN-0109639,2026-08-01,DXB-004,Dubai,CUST-04275,P009,Backpack,Accessories,1,238.33,10,238.33,23.83,214.5,Card,Online,2026,8,August,1,Saturday,True,214.5,214.5
TXN-0109790,2026-08-01,DXB-005,Dubai,CUST-06117,P007,Office Chair,Furniture,3,642.58,20,1927.74,385.55,1542.19,Cash,Online,2026,8,August,1,Saturday,True,1542.19,514.06
TXN-0109878,2026-08-01,DXB-004,Dubai,CUST-03480,P010,Printer,Office,1,649.21,10,649.21,64.92,584.29,Card,Store,2026,8,August,1,Saturday,True,584.29,584.29
TXN-0109976,2026-08-01,DXB-001,Dubai,CUST-02094,P005,Keyboard,Accessories,1,164.85,0,164.85,0.0,164.85,Card,Store,2026,8,August,1,Saturday,True,164.85,164.85
TXN-0110026,2026-08-01,DXB-002,Dubai,CUST-04472,P012,Pen Pack,Stationery,4,14.27,15,57.08,8.56,48.52,Cash,Online,2026,8,August,1,Saturday,True,48.52,12.13
TXN-0110044,2026-08-01,DXB-005,Dubai,CUST-03934,P011,Notebook,Stationery,3,25.55,5,76.65,3.83,72.82,Card,Store,2026,8,August,1,Saturday,True,72.82,24.27
TXN-0110110,2026-08-01,DXB-001,Dubai,CUST-05495,P004,Monitor,Electronics,1,884.49,15,884.49,132.67,751.82,Card,Online,2026,8,August,1,Saturday,True,751.82,751.82
TXN-0110145,2026-08-01,DXB-005,Dubai,CUST-07301,P001,Laptop,Electronics,1,2600.01,0,2600.01,0.0,2600.01,Card,Store,2026,8,August,1,Saturday,True,2600.01,2600.01
TXN-0110280,2026-08-01,DXB-005,Dubai,CUST-06574,P011,Notebook,Stationery,1,22.1,10,22.1,2.21,19.89,Apple Pay,Store,2026,8,August,1,Saturday,True,19.89,19.89
TXN-0110325,2026-08-01,DXB-003,Dubai,CUST-00662,P015,Tablet,Electronics,1,1201.14,0,1201.14,0.0,1201.14,Bank Transfer,Store,2026,8,August,1,Saturday,True,1201.14,1201.14
TXN-0110342,2026-08-01,DXB-002,Dubai,CUST-05262,P001,Laptop,Electronics,1,2969.52,5,2969.52,148.48,2821.04,Card,Store,2026,8,August,1,Saturday,True,2821.04,2821.04
TXN-0110402,2026-08-01,DXB-003,Dubai,CUST-00922,P008,Desk,Furniture,1,810.14,0,810.14,0.0,810.14,Card,Online,2026,8,August,1,Saturday,True,810.14,810.14
TXN-0110425,2026-08-01,DXB-004,Dubai,CUST-03038,P005,Keyboard,Accessories,1,179.71,0,179.71,0.0,179.71,Cash,Store,2026,8,August,1,Saturday,True,179.71,179.71
TXN-0110466,2026-08-01,DXB-004,Dubai,CUST-04938,P012,Pen Pack,Stationery,2,15.49,10,30.98,3.1,27.88,Apple Pay,Online,2026,8,August,1,Saturday,True,27.88,13.94
TXN-0110539,2026-08-01,DXB-004,Dubai,CUST-00906,P013,USB Drive,Accessories,6,42.21,20,253.26,50.65,202.61,Card,Store,2026,8,August,1,Saturday,True,202.61,33.77
TXN-0110589,2026-08-01,DXB-001,Dubai,CUST-06149,P001,Laptop,Electronics,3,2588.2,0,7764.6,0.0,7764.6,Cash,Store,2026,8,August,1,Saturday,True,7764.6,2588.2
TXN-0110609,2026-08-01,DXB-002,Dubai,CUST-07278,P002,Smartphone,Electronics,3,1668.79,10,5006.37,500.64,4505.73,Card,Store,2026,8,August,1,Saturday,True,4505.73,1501.91
TXN-0110706,2026-08-01,DXB-003,Dubai,CUST-05269,P012,Pen Pack,Stationery,1,13.84,0,13.84,0.0,13.84,Cash,Store,2026,8,August,1,Saturday,True,13.84,13.84
TXN-0110744,2026-08-01,DXB-001,Dubai,CUST-03321,P002,Smartphone,Electronics,1,1824.18,0,1824.18,0.0,1824.18,Cash,Store,2026,8,August,1,Saturday,True,1824.18,1824.18
TXN-0110757,2026-08-01,DXB-002,Dubai,CUST-00485,P002,Smartphone,Electronics,2,1875.94,10,3751.88,375.19,3376.69,Card,Store,2026,8,August,1,Saturday,True,3376.69,1688.34
TXN-0110776,2026-08-01,DXB-003,Dubai,CUST-03474,P003,Headphones,Electronics,1,363.91,5,363.91,18.2,345.71,Apple Pay,Store,2026,8,August,1,Saturday,True,345.71,345.71
TXN-0110797,2026-08-01,DXB-001,Dubai,CUST-04965,P004,Monitor,Electronics,1,992.09,0,992.09,0.0,992.09,Card,Store,2026,8,August,1,Saturday,True,992.09,992.09
TXN-0110917,2026-08-01,DXB-003,Dubai,CUST-03549,P006,Mouse,Accessories,5,92.17,5,460.85,23.04,437.81,Card,Store,2026,8,August,1,Saturday,True,437.81,87.56
TXN-0110990,2026-08-01,DXB-001,Dubai,CUST-05389,P003,Headphones,Electronics,2,365.63,0,731.26,0.0,731.26,Card,Store,2026,8,August,1,Saturday,True,731.26,365.63
TXN-0111001,2026-08-01,DXB-004,Dubai,CUST-06578,P008,Desk,Furniture,2,809.05,5,1618.1,80.9,1537.2,Card,Store,2026,8,August,1,Saturday,True,1537.2,768.6
TXN-0111109,2026-08-01,DXB-002,Dubai,CUST-04489,P006,Mouse,Accessories,3,102.46,5,307.38,15.37,292.01,Apple Pay,Store,2026,8,August,1,Saturday,True,292.01,97.34
TXN-0111252,2026-08-01,DXB-005,Dubai,CUST-04765,P014,Power Bank,Electronics,2,156.36,10,312.72,31.27,281.45,Apple Pay,Store,2026,8,August,1,Saturday,True,281.45,140.72
TXN-0111459,2026-08-01,DXB-001,Dubai,CUST-02532,P008,Desk,Furniture,1,741.24,0,741.24,0.0,741.24,Card,Store,2026,8,August,1,Saturday,True,741.24,741.24
TXN-0111501,2026-08-01,DXB-004,Dubai,CUST-01341,P005,Keyboard,Accessories,1,186.84,15,186.84,28.03,158.81,Card,Store,2026,8,August,1,Saturday,True,158.81,158.81
TXN-0111511,2026-08-01,DXB-003,Dubai,CUST-05143,P012,Pen Pack,Stationery,2,15.41,5,30.82,1.54,29.28,Apple Pay,Store,2026,8,August,1,Saturday,True,29.28,14.64
TXN-0111572,2026-08-01,DXB-002,Dubai,CUST-06761,P011,Notebook,Stationery,2,24.79,0,49.58,0.0,49.58,Card,Store,2026,8,August,1,Saturday,True,49.58,24.79
TXN-0111580,2026-08-01,DXB-005,Dubai,CUST-00096,P012,Pen Pack,Stationery,2,16.96,10,33.92,3.39,30.53,Card,Store,2026,8,August,1,Saturday,True,30.53,15.26
TXN-0111584,2026-08-01,DXB-002,Dubai,CUST-01933,P008,Desk,Furniture,3,851.33,5,2553.99,127.7,2426.29,Card,Online,2026,8,August,1,Saturday,True,2426.29,808.76
TXN-0111608,2026-08-01,DXB-005,Dubai,CUST-02118,P011,Notebook,Stationery,2,26.48,20,52.96,10.59,42.37,Apple Pay,Store,2026,8,August,1,Saturday,True,42.37,21.18
TXN-0111665,2026-08-01,DXB-004,Dubai,CUST-02320,P009,Backpack,Accessories,3,237.29,5,711.87,35.59,676.28,Cash,Store,2026,8,August,1,Saturday,True,676.28,225.43
TXN-0111695,2026-08-01,DXB-001,Dubai,CUST-07213,P003,Headphones,Electronics,1,387.99,0,387.99,0.0,387.99,Bank Transfer,Store,2026,8,August,1,Saturday,True,387.99,387.99
TXN-0111752,2026-08-01,DXB-003,Dubai,CUST-03399,P014,Power Bank,Electronics,1,156.39,10,156.39,15.64,140.75,Cash,Store,2026,8,August,1,Saturday,True,140.75,140.75
TXN-0111810,2026-08-01,DXB-002,Dubai,CUST-00518,P013,USB Drive,Accessories,1,44.51,10,44.51,4.45,40.06,Cash,Store,2026,8,August,1,Saturday,True,40.06,40.06
TXN-0112040,2026-08-01,DXB-004,Dubai,CUST-02422,P010,Printer,Office,1,745.33,5,745.33,37.27,708.06,Bank Transfer,Online,2026,8,August,1,Saturday,True,708.06,708.06
TXN-0112078,2026-08-01,DXB-003,Dubai,CUST-04245,P009,Backpack,Accessories,5,227.71,0,1138.55,0.0,1138.55,Card,Store,2026,8,August,1,Saturday,True,1138.55,227.71
TXN-0112154,2026-08-01,DXB-003,Dubai,CUST-00299,P002,Smartphone,Electronics,1,1830.14,10,1830.14,183.01,1647.13,Card,Online,2026,8,August,1,Saturday,True,1647.13,1647.13
TXN-0112167,2026-08-01,DXB-003,Dubai,CUST-00976,P014,Power Bank,Electronics,1,148.56,10,148.56,14.86,133.7,Card,Store,2026,8,August,1,Saturday,True,133.7,133.7
TXN-0112214,2026-08-01,DXB-001,Dubai,CUST-00378,P007,Office Chair,Furniture,5,581.82,10,2909.1,290.91,2618.19,Card,Store,2026,8,August,1,Saturday,True,2618.19,523.64
TXN-0112288,2026-08-01,DXB-004,Dubai,CUST-03460,P005,Keyboard,Accessories,1,184.01,10,184.01,18.4,165.61,Card,Store,2026,8,August,1,Saturday,True,165.61,165.61
TXN-0112334,2026-08-01,DXB-005,Dubai,CUST-07377,P003,Headphones,Electronics,1,369.65,10,369.65,36.97,332.68,Card,Store,2026,8,August,1,Saturday,True,332.68,332.68
TXN-0112343,2026-08-01,DXB-002,Dubai,CUST-02092,P013,USB Drive,Accessories,4,48.01,0,192.04,0.0,192.04,Card,Online,2026,8,August,1,Saturday,True,192.04,48.01
TXN-0112412,2026-08-01,DXB-001,Dubai,CUST-06267,P002,Smartphone,Electronics,2,1900.5,15,3801.0,570.15,3230.85,Card,Store,2026,8,August,1,Saturday,True,3230.85,1615.42
TXN-0112589,2026-08-01,DXB-002,Dubai,CUST-04272,P006,Mouse,Accessories,2,101.4,5,202.8,10.14,192.66,Card,Store,2026,8,August,1,Saturday,True,192.66,96.33
TXN-0112609,2026-08-01,DXB-005,Dubai,CUST-06849,P007,Office Chair,Furniture,2,562.86,0,1125.72,0.0,1125.72,Card,Store,2026,8,August,1,Saturday,True,1125.72,562.86
TXN-0112651,2026-08-01,DXB-001,Dubai,CUST-00722,P004,Monitor,Electronics,2,903.24,0,1806.48,0.0,1806.48,Apple Pay,Online,2026,8,August,1,Saturday,True,1806.48,903.24
TXN-0112707,2026-08-01,DXB-004,Dubai,CUST-01640,P009,Backpack,Accessories,5,219.48,0,1097.4,0.0,1097.4,Apple Pay,Store,2026,8,August,1,Saturday,True,1097.4,219.48
TXN-0112755,2026-08-01,DXB-005,Dubai,CUST-00501,P001,Laptop,Electronics,4,2610.64,0,10442.56,0.0,10442.56,Apple Pay,Online,2026,8,August,1,Saturday,True,10442.56,2610.64
TXN-0112804,2026-08-01,DXB-004,Dubai,CUST-01145,P004,Monitor,Electronics,1,820.35,5,820.35,41.02,779.33,Bank Transfer,Online,2026,8,August,1,Saturday,True,779.33,779.33
TXN-0112812,2026-08-01,DXB-003,Dubai,CUST-04704,P004,Monitor,Electronics,2,872.5,0,1745.0,0.0,1745.0,Card,Store,2026,8,August,1,Saturday,True,1745.0,872.5
TXN-0112852,2026-08-01,DXB-001,Dubai,CUST-03423,P007,Office Chair,Furniture,2,615.36,0,1230.72,0.0,1230.72,Card,Store,2026,8,August,1,Saturday,True,1230.72,615.36
TXN-0112870,2026-08-01,DXB-001,Dubai,CUST-06222,P004,Monitor,Electronics,2,998.81,5,1997.62,99.88,1897.74,Card,Store,2026,8,August,1,Saturday,True,1897.74,948.87
TXN-0112989,2026-08-01,DXB-002,Dubai,CUST-05213,P008,Desk,Furniture,1,857.2,5,857.2,42.86,814.34,Card,Store,2026,8,August,1,Saturday,True,814.34,814.34
TXN-0112999,2026-08-01,DXB-002,Dubai,CUST-00413,P004,Monitor,Electronics,1,899.8,10,899.8,89.98,809.82,Apple Pay,Online,2026,8,August,1,Saturday,True,809.82,809.82
TXN-0113010,2026-08-01,DXB-005,Dubai,CUST-06628,P005,Keyboard,Accessories,1,172.34,0,172.34,0.0,172.34,Bank Transfer,Online,2026,8,August,1,Saturday,True,172.34,172.34
TXN-0113060,2026-08-01,DXB-002,Dubai,CUST-05542,P002,Smartphone,Electronics,1,1573.85,0,1573.85,0.0,1573.85,Card,Store,2026,8,August,1,Saturday,True,1573.85,1573.85
TXN-0113126,2026-08-01,DXB-004,Dubai,CUST-01410,P001,Laptop,Electronics,1,2806.77,10,2806.77,280.68,2526.09,Cash,Store,2026,8,August,1,Saturday,True,2526.09,2526.09
TXN-0113146,2026-08-01,DXB-001,Dubai,CUST-00295,P010,Printer,Office,3,660.92,5,1982.76,99.14,1883.62,Card,Store,2026,8,August,1,Saturday,True,1883.62,627.87
TXN-0113444,2026-08-01,DXB-003,Dubai,CUST-02391,P015,Tablet,Electronics,3,1109.19,0,3327.57,0.0,3327.57,Bank Transfer,Store,2026,8,August,1,Saturday,True,3327.57,1109.19
TXN-0113601,2026-08-01,DXB-003,Dubai,CUST-03012,P002,Smartphone,Electronics,1,1615.6,10,1615.6,161.56,1454.04,Card,Store,2026,8,August,1,Saturday,True,1454.04,1454.04
TXN-0113715,2026-08-01,DXB-003,Dubai,CUST-04889,P001,Laptop,Electronics,1,2639.85,0,2639.85,0.0,2639.85,Apple Pay,Store,2026,8,August,1,Saturday,True,2639.85,2639.85
TXN-0113736,2026-08-01,DXB-002,Dubai,CUST-04856,P010,Printer,Office,1,759.3,15,759.3,113.9,645.4,Cash,Online,2026,8,August,1,Saturday,True,645.4,645.4
TXN-0113782,2026-08-01,DXB-005,Dubai,CUST-03617,P004,Monitor,Electronics,1,914.6,0,914.6,0.0,914.6,Card,Store,2026,8,August,1,Saturday,True,914.6,914.6
TXN-0113877,2026-08-01,DXB-001,Dubai,CUST-05397,P008,Desk,Furniture,1,887.41,15,887.41,133.11,754.3,Cash,Online,2026,8,August,1,Saturday,True,754.3,754.3
TXN-0113945,2026-08-01,DXB-005,Dubai,CUST-06355,P002,Smartphone,Electronics,1,1752.25,0,1752.25,0.0,1752.25,Card,Online,2026,8,August,1,Saturday,True,1752.25,1752.25
TXN-0114067,2026-08-01,DXB-004,Dubai,CUST-03461,P014,Power Bank,Electronics,1,140.35,0,140.35,0.0,140.35,Card,Store,2026,8,August,1,Saturday,True,140.35,140.35
TXN-0114183,2026-08-01,DXB-005,Dubai,CUST-03391,P001,Laptop,Electronics,2,2486.85,10,4973.7,497.37,4476.33,Cash,Store,2026,8,August,1,Saturday,True,4476.33,2238.16
TXN-0114243,2026-08-01,DXB-001,Dubai,CUST-02675,P008,Desk,Furniture,5,725.02,15,3625.1,543.76,3081.34,Card,Store,2026,8,August,1,Saturday,True,3081.34,616.27
TXN-0114284,2026-08-01,DXB-004,Dubai,CUST-00255,P006,Mouse,Accessories,1,94.66,10,94.66,9.47,85.19,Apple Pay,Store,2026,8,August,1,Saturday,True,85.19,85.19
TXN-0114339,2026-08-01,DXB-002,Dubai,CUST-03495,P007,Office Chair,Furniture,4,759.92,0,3039.68,0.0,3039.68,Apple Pay,Online,2026,8,August,1,Saturday,True,3039.68,759.92
TXN-0114524,2026-08-01,DXB-003,Dubai,CUST-04129,P009,Backpack,Accessories,1,256.61,10,256.61,25.66,230.95,Card,Store,2026,8,August,1,Saturday,True,230.95,230.95
TXN-0114682,2026-08-01,DXB-002,Dubai,CUST-04060,P014,Power Bank,Electronics,2,157.79,0,315.58,0.0,315.58,Cash,Store,2026,8,August,1,Saturday,True,315.58,157.79
TXN-0114707,2026-08-01,DXB-005,Dubai,CUST-01266,P006,Mouse,Accessories,1,92.89,10,92.89,9.29,83.6,Card,Store,2026,8,August,1,Saturday,True,83.6,83.6
TXN-0114718,2026-08-01,DXB-003,Dubai,CUST-04013,P009,Backpack,Accessories,2,214.93,5,429.86,21.49,408.37,Apple Pay,Store,2026,8,August,1,Saturday,True,408.37,204.18
TXN-0114720,2026-08-01,DXB-003,Dubai,CUST-02645,P002,Smartphone,Electronics,1,1988.4,15,1988.4,298.26,1690.14,Apple Pay,Store,2026,8,August,1,Saturday,True,1690.14,1690.14
TXN-0114926,2026-08-01,DXB-003,Dubai,CUST-06819,P010,Printer,Office,1,765.81,5,765.81,38.29,727.52,Card,Store,2026,8,August,1,Saturday,True,727.52,727.52
TXN-0115057,2026-08-01,DXB-003,Dubai,CUST-05086,P005,Keyboard,Accessories,2,170.39,5,340.78,17.04,323.74,Card,Store,2026,8,August,1,Saturday,True,323.74,161.87
TXN-0115091,2026-08-01,DXB-005,Dubai,CUST-05081,P010,Printer,Office,1,714.16,5,714.16,35.71,678.45,Card,Store,2026,8,August,1,Saturday,True,678.45,678.45
TXN-0115133,2026-08-01,DXB-002,Dubai,CUST-00416,P009,Backpack,Accessories,1,235.85,10,235.85,23.58,212.27,Apple Pay,Store,2026,8,August,1,Saturday,True,212.27,212.27
TXN-0115210,2026-08-01,DXB-002,Dubai,CUST-00764,P003,Headphones,Electronics,1,307.89,5,307.89,15.39,292.5,Bank Transfer,Store,2026,8,August,1,Saturday,True,292.5,292.5
TXN-0115260,2026-08-01,DXB-005,Dubai,CUST-00637,P015,Tablet,Electronics,1,1248.77,10,1248.77,124.88,1123.89,Apple Pay,Store,2026,8,August,1,Saturday,True,1123.89,1123.89
TXN-0115301,2026-08-01,DXB-001,Dubai,CUST-00664,P015,Tablet,Electronics,1,1280.5,0,1280.5,0.0,1280.5,Apple Pay,Online,2026,8,August,1,Saturday,True,1280.5,1280.5
TXN-0115306,2026-08-01,DXB-003,Dubai,CUST-06222,P001,Laptop,Electronics,1,2793.54,5,2793.54,139.68,2653.86,Bank Transfer,Store,2026,8,August,1,Saturday,True,2653.86,2653.86
TXN-0115458,2026-08-01,DXB-001,Dubai,CUST-00758,P011,Notebook,Stationery,1,25.08,5,25.08,1.25,23.83,Bank Transfer,Store,2026,8,August,1,Saturday,True,23.83,23.83
TXN-0115468,2026-08-01,DXB-005,Dubai,CUST-05175,P001,Laptop,Electronics,1,2858.53,10,2858.53,285.85,2572.68,Cash,Store,2026,8,August,1,Saturday,True,2572.68,2572.68
TXN-0115503,2026-08-01,DXB-001,Dubai,CUST-03976,P011,Notebook,Stationery,1,24.72,0,24.72,0.0,24.72,Cash,Online,2026,8,August,1,Saturday,True,24.72,24.72
TXN-0115629,2026-08-01,DXB-004,Dubai,CUST-04315,P002,Smartphone,Electronics,4,1652.65,5,6610.6,330.53,6280.07,Bank Transfer,Online,2026,8,August,1,Saturday,True,6280.07,1570.02
TXN-0115654,2026-08-01,DXB-003,Dubai,CUST-00581,P009,Backpack,Accessories,1,241.01,10,241.01,24.1,216.91,Card,Store,2026,8,August,1,Saturday,True,216.91,216.91
TXN-0115724,2026-08-01,DXB-002,Dubai,CUST-03940,P005,Keyboard,Accessories,1,190.44,5,190.44,9.52,180.92,Card,Store,2026,8,August,1,Saturday,True,180.92,180.92
TXN-0115746,2026-08-01,DXB-002,Dubai,CUST-06014,P009,Backpack,Accessories,1,234.43,20,234.43,46.89,187.54,Card,Store,2026,8,August,1,Saturday,True,187.54,187.54
TXN-0115910,2026-08-01,DXB-001,Dubai,CUST-00022,P002,Smartphone,Electronics,5,1678.74,5,8393.7,419.68,7974.02,Bank Transfer,Store,2026,8,August,1,Saturday,True,7974.02,1594.8
TXN-0115970,2026-08-01,DXB-001,Dubai,CUST-06146,P009,Backpack,Accessories,1,222.38,0,222.38,0.0,222.38,Card,Store,2026,8,August,1,Saturday,True,222.38,222.38
TXN-0116008,2026-08-01,DXB-001,Dubai,CUST-03978,P007,Office Chair,Furniture,1,586.82,0,586.82,0.0,586.82,Card,Store,2026,8,August,1,Saturday,True,586.82,586.82
TXN-0116103,2026-08-01,DXB-002,Dubai,CUST-06783,P012,Pen Pack,Stationery,2,16.15,20,32.3,6.46,25.84,Cash,Store,2026,8,August,1,Saturday,True,25.84,12.92
TXN-0116159,2026-08-01,DXB-003,Dubai,CUST-07577,P013,USB Drive,Accessories,1,42.45,10,42.45,4.24,38.21,Card,Online,2026,8,August,1,Saturday,True,38.21,38.21
TXN-0116308,2026-08-01,DXB-005,Dubai,CUST-06031,P005,Keyboard,Accessories,1,181.64,0,181.64,0.0,181.64,Card,Store,2026,8,August,1,Saturday,True,181.64,181.64
TXN-0116332,2026-08-01,DXB-003,Dubai,CUST-03790,P012,Pen Pack,Stationery,3,16.19,15,48.57,7.29,41.28,Card,Store,2026,8,August,1,Saturday,True,41.28,13.76
TXN-0116340,2026-08-01,DXB-002,Dubai,CUST-04239,P005,Keyboard,Accessories,4,195.13,5,780.52,39.03,741.49,Card,Store,2026,8,August,1,Saturday,True,741.49,185.37
TXN-0116389,2026-08-01,DXB-005,Dubai,CUST-03551,P009,Backpack,Accessories,1,228.05,0,228.05,0.0,228.05,Card,Store,2026,8,August,1,Saturday,True,228.05,228.05
TXN-0116393,2026-08-01,DXB-004,Dubai,CUST-00191,P002,Smartphone,Electronics,2,1637.35,20,3274.7,654.94,2619.76,Cash,Store,2026,8,August,1,Saturday,True,2619.76,1309.88
TXN-0116447,2026-08-01,DXB-004,Dubai,CUST-02261,P015,Tablet,Electronics,3,1143.05,15,3429.15,514.37,2914.78,Apple Pay,Online,2026,8,August,1,Saturday,True,2914.78,971.59
TXN-0116469,2026-08-01,DXB-001,Dubai,CUST-04620,P014,Power Bank,Electronics,6,156.27,10,937.62,93.76,843.86,Card,Store,2026,8,August,1,Saturday,True,843.86,140.64
TXN-0116472,2026-08-01,DXB-004,Dubai,CUST-00906,P002,Smartphone,Electronics,1,1911.7,5,1911.7,95.58,1816.12,Bank Transfer,Online,2026,8,August,1,Saturday,True,1816.12,1816.12
TXN-0116529,2026-08-01,DXB-005,Dubai,CUST-00454,P010,Printer,Office,1,737.69,5,737.69,36.88,700.81,Card,Store,2026,8,August,1,Saturday,True,700.81,700.81
TXN-0116536,2026-08-01,DXB-001,Dubai,CUST-05111,P011,Notebook,Stationery,2,27.25,5,54.5,2.72,51.78,Card,Store,2026,8,August,1,Saturday,True,51.78,25.89
TXN-0116571,2026-08-01,DXB-002,Dubai,CUST-03785,P003,Headphones,Electronics,4,368.5,0,1474.0,0.0,1474.0,Card,Online,2026,8,August,1,Saturday,True,1474.0,368.5
TXN-0116625,2026-08-01,DXB-005,Dubai,CUST-04478,P011,Notebook,Stationery,1,24.18,10,24.18,2.42,21.76,Apple Pay,Store,2026,8,August,1,Saturday,True,21.76,21.76
TXN-0116701,2026-08-01,DXB-004,Dubai,CUST-01049,P009,Backpack,Accessories,2,216.33,0,432.66,0.0,432.66,Card,Store,2026,8,August,1,Saturday,True,432.66,216.33
TXN-0116708,2026-08-01,DXB-002,Dubai,CUST-03969,P008,Desk,Furniture,1,838.06,10,838.06,83.81,754.25,Card,Online,2026,8,August,1,Saturday,True,754.25,754.25
TXN-0116746,2026-08-01,DXB-001,Dubai,CUST-06267,P014,Power Bank,Electronics,1,137.56,0,137.56,0.0,137.56,Bank Transfer,Online,2026,8,August,1,Saturday,True,137.56,137.56
TXN-0116757,2026-08-01,DXB-001,Dubai,CUST-07829,P007,Office Chair,Furniture,3,708.12,0,2124.36,0.0,2124.36,Bank Transfer,Store,2026,8,August,1,Saturday,True,2124.36,708.12
TXN-0116846,2026-08-01,DXB-004,Dubai,CUST-06486,P008,Desk,Furniture,2,764.37,0,1528.74,0.0,1528.74,Cash,Store,2026,8,August,1,Saturday,True,1528.74,764.37
TXN-0116884,2026-08-01,DXB-004,Dubai,CUST-03011,P002,Smartphone,Electronics,2,1764.69,0,3529.38,0.0,3529.38,Cash,Online,2026,8,August,1,Saturday,True,3529.38,1764.69
TXN-0116895,2026-08-01,DXB-003,Dubai,CUST-01198,P003,Headphones,Electronics,2,380.5,10,761.0,76.1,684.9,Apple Pay,Store,2026,8,August,1,Saturday,True,684.9,342.45
TXN-0117008,2026-08-01,DXB-001,Dubai,CUST-02454,P015,Tablet,Electronics,1,1304.29,0,1304.29,0.0,1304.29,Cash,Store,2026,8,August,1,Saturday,True,1304.29,1304.29
TXN-0117115,2026-08-01,DXB-003,Dubai,CUST-02413,P009,Backpack,Accessories,1,222.66,15,222.66,33.4,189.26,Cash,Store,2026,8,August,1,Saturday,True,189.26,189.26
TXN-0117142,2026-08-01,DXB-001,Dubai,CUST-01018,P014,Power Bank,Electronics,1,145.27,15,145.27,21.79,123.48,Bank Transfer,Store,2026,8,August,1,Saturday,True,123.48,123.48
TXN-0117153,2026-08-01,DXB-001,Dubai,CUST-00731,P007,Office Chair,Furniture,1,591.05,10,591.05,59.1,531.95,Bank Transfer,Store,2026,8,August,1,Saturday,True,531.95,531.95
TXN-0117254,2026-08-01,DXB-005,Dubai,CUST-03454,P005,Keyboard,Accessories,1,176.99,20,176.99,35.4,141.59,Card,Store,2026,8,August,1,Saturday,True,141.59,141.59
TXN-0117338,2026-08-01,DXB-002,Dubai,CUST-00525,P004,Monitor,Electronics,3,972.26,5,2916.78,145.84,2770.94,Card,Store,2026,8,August,1,Saturday,True,2770.94,923.65
TXN-0117346,2026-08-01,DXB-002,Dubai,CUST-07785,P011,Notebook,Stationery,1,22.9,5,22.9,1.14,21.76,Cash,Store,2026,8,August,1,Saturday,True,21.76,21.76
TXN-0117361,2026-08-01,DXB-003,Dubai,CUST-02997,P014,Power Bank,Electronics,1,167.62,5,167.62,8.38,159.24,Card,Store,2026,8,August,1,Saturday,True,159.24,159.24
TXN-0117423,2026-08-01,DXB-005,Dubai,CUST-00941,P011,Notebook,Stationery,1,27.26,10,27.26,2.73,24.53,Card,Store,2026,8,August,1,Saturday,True,24.53,24.53
TXN-0117425,2026-08-01,DXB-005,Dubai,CUST-07428,P013,USB Drive,Accessories,6,45.85,0,275.1,0.0,275.1,Card,Store,2026,8,August,1,Saturday,True,275.1,45.85
TXN-0117431,2026-08-01,DXB-003,Dubai,CUST-06300,P001,Laptop,Electronics,2,2552.79,10,5105.58,510.56,4595.02,Cash,Online,2026,8,August,1,Saturday,True,4595.02,2297.51
TXN-0117521,2026-08-01,DXB-004,Dubai,CUST-00939,P012,Pen Pack,Stationery,3,14.59,5,43.77,2.19,41.58,Cash,Store,2026,8,August,1,Saturday,True,41.58,13.86
TXN-0117627,2026-08-01,DXB-002,Dubai,CUST-04366,P008,Desk,Furniture,4,835.21,0,3340.84,0.0,3340.84,Bank Transfer,Store,2026,8,August,1,Saturday,True,3340.84,835.21
TXN-0117677,2026-08-01,DXB-004,Dubai,CUST-05938,P003,Headphones,Electronics,6,323.68,0,1942.08,0.0,1942.08,Bank Transfer,Online,2026,8,August,1,Saturday,True,1942.08,323.68
TXN-0117722,2026-08-01,DXB-003,Dubai,CUST-03272,P015,Tablet,Electronics,1,1100.23,15,1100.23,165.03,935.2,Card,Store,2026,8,August,1,Saturday,True,935.2,935.2
TXN-0117743,2026-08-01,DXB-004,Dubai,CUST-04147,P008,Desk,Furniture,2,814.88,0,1629.76,0.0,1629.76,Apple Pay,Store,2026,8,August,1,Saturday,True,1629.76,814.88
TXN-0117804,2026-08-01,DXB-004,Dubai,CUST-06879,P004,Monitor,Electronics,1,804.66,0,804.66,0.0,804.66,Cash,Store,2026,8,August,1,Saturday,True,804.66,804.66
TXN-0117839,2026-08-01,DXB-005,Dubai,CUST-05927,P009,Backpack,Accessories,2,212.51,0,425.02,0.0,425.02,Cash,Store,2026,8,August,1,Saturday,True,425.02,212.51
TXN-0117879,2026-08-01,DXB-002,Dubai,CUST-02169,P002,Smartphone,Electronics,1,1939.92,15,1939.92,290.99,1648.93,Cash,Store,2026,8,August,1,Saturday,True,1648.93,1648.93
TXN-0117941,2026-08-01,DXB-003,Dubai,CUST-02487,P010,Printer,Office,1,709.49,0,709.49,0.0,709.49,Apple Pay,Store,2026,8,August,1,Saturday,True,709.49,709.49
TXN-0118178,2026-08-01,DXB-003,Dubai,CUST-07595,P003,Headphones,Electronics,1,339.44,5,339.44,16.97,322.47,Card,Store,2026,8,August,1,Saturday,True,322.47,322.47
TXN-0118267,2026-08-01,DXB-001,Dubai,CUST-00998,P004,Monitor,Electronics,2,907.65,5,1815.3,90.76,1724.54,Card,Store,2026,8,August,1,Saturday,True,1724.54,862.27
TXN-0118289,2026-08-01,DXB-005,Dubai,CUST-04171,P012,Pen Pack,Stationery,1,14.72,5,14.72,0.74,13.98,Card,Store,2026,8,August,1,Saturday,True,13.98,13.98
TXN-0118373,2026-08-01,DXB-004,Dubai,CUST-03142,P014,Power Bank,Electronics,1,166.94,5,166.94,8.35,158.59,Card,Store,2026,8,August,1,Saturday,True,158.59,158.59
TXN-0118393,2026-08-01,DXB-002,Dubai,CUST-06660,P013,USB Drive,Accessories,3,41.27,0,123.81,0.0,123.81,Card,Store,2026,8,August,1,Saturday,True,123.81,41.27
TXN-0118443,2026-08-01,DXB-005,Dubai,CUST-07807,P015,Tablet,Electronics,4,1121.17,10,4484.68,448.47,4036.21,Card,Online,2026,8,August,1,Saturday,True,4036.21,1009.05
TXN-0118462,2026-08-01,DXB-004,Dubai,CUST-02649,P003,Headphones,Electronics,1,309.42,0,309.42,0.0,309.42,Apple Pay,Store,2026,8,August,1,Saturday,True,309.42,309.42
TXN-0118532,2026-08-01,DXB-001,Dubai,CUST-04269,P012,Pen Pack,Stationery,1,15.74,10,15.74,1.57,14.17,Bank Transfer,Online,2026,8,August,1,Saturday,True,14.17,14.17
TXN-0118594,2026-08-01,DXB-001,Dubai,CUST-06550,P007,Office Chair,Furniture,1,625.46,0,625.46,0.0,625.46,Cash,Store,2026,8,August,1,Saturday,True,625.46,625.46
TXN-0118664,2026-08-01,DXB-001,Dubai,CUST-03148,P013,USB Drive,Accessories,1,44.24,5,44.24,2.21,42.03,Apple Pay,Store,2026,8,August,1,Saturday,True,42.03,42.03
TXN-0118725,2026-08-01,DXB-002,Dubai,CUST-02491,P012,Pen Pack,Stationery,3,15.72,5,47.16,2.36,44.8,Card,Store,2026,8,August,1,Saturday,True,44.8,14.93
TXN-0118759,2026-08-01,DXB-002,Dubai,CUST-06976,P001,Laptop,Electronics,2,2806.89,20,5613.78,1122.76,4491.02,Cash,Store,2026,8,August,1,Saturday,True,4491.02,2245.51
TXN-0118969,2026-08-01,DXB-004,Dubai,CUST-04949,P004,Monitor,Electronics,1,819.79,5,819.79,40.99,778.8,Apple Pay,Store,2026,8,August,1,Saturday,True,778.8,778.8
TXN-0118977,2026-08-01,DXB-002,Dubai,CUST-07531,P011,Notebook,Stationery,3,24.3,10,72.9,7.29,65.61,Card,Store,2026,8,August,1,Saturday,True,65.61,21.87
TXN-0119023,2026-08-01,DXB-005,Dubai,CUST-04638,P009,Backpack,Accessories,2,210.14,0,420.28,0.0,420.28,Card,Store,2026,8,August,1,Saturday,True,420.28,210.14
TXN-0119104,2026-08-01,DXB-003,Dubai,CUST-00174,P011,Notebook,Stationery,2,24.38,10,48.76,4.88,43.88,Cash,Online,2026,8,August,1,Saturday,True,43.88,21.94
TXN-0119113,2026-08-01,DXB-004,Dubai,CUST-04686,P003,Headphones,Electronics,1,339.04,20,339.04,67.81,271.23,Apple Pay,Store,2026,8,August,1,Saturday,True,271.23,271.23
TXN-0119145,2026-08-01,DXB-002,Dubai,CUST-05074,P008,Desk,Furniture,1,746.28,0,746.28,0.0,746.28,Apple Pay,Store,2026,8,August,1,Saturday,True,746.28,746.28
TXN-0119276,2026-08-01,DXB-003,Dubai,CUST-07941,P001,Laptop,Electronics,1,2603.65,0,2603.65,0.0,2603.65,Apple Pay,Store,2026,8,August,1,Saturday,True,2603.65,2603.65
TXN-0119316,2026-08-01,DXB-001,Dubai,CUST-00922,P004,Monitor,Electronics,1,900.53,0,900.53,0.0,900.53,Card,Store,2026,8,August,1,Saturday,True,900.53,900.53
TXN-0119350,2026-08-01,DXB-004,Dubai,CUST-01051,P003,Headphones,Electronics,1,368.53,5,368.53,18.43,350.1,Card,Online,2026,8,August,1,Saturday,True,350.1,350.1
TXN-0119404,2026-08-01,DXB-005,Dubai,CUST-02546,P011,Notebook,Stationery,2,26.6,15,53.2,7.98,45.22,Card,Store,2026,8,August,1,Saturday,True,45.22,22.61
TXN-0119414,2026-08-01,DXB-001,Dubai,CUST-03755,P003,Headphones,Electronics,5,342.98,20,1714.9,342.98,1371.92,Card,Online,2026,8,August,1,Saturday,True,1371.92,274.38
TXN-0119457,2026-08-01,DXB-001,Dubai,CUST-02047,P007,Office Chair,Furniture,1,610.44,10,610.44,61.04,549.4,Card,Store,2026,8,August,1,Saturday,True,549.4,549.4
TXN-0119486,2026-08-01,DXB-001,Dubai,CUST-04967,P003,Headphones,Electronics,4,347.1,0,1388.4,0.0,1388.4,Card,Store,2026,8,August,1,Saturday,True,1388.4,347.1
TXN-0119510,2026-08-01,DXB-002,Dubai,CUST-04242,P015,Tablet,Electronics,3,1270.29,0,3810.87,0.0,3810.87,Card,Store,2026,8,August,1,Saturday,True,3810.87,1270.29
TXN-0119540,2026-08-01,DXB-003,Dubai,CUST-00905,P009,Backpack,Accessories,2,235.26,0,470.52,0.0,470.52,Cash,Online,2026,8,August,1,Saturday,True,470.52,235.26
TXN-0119557,2026-08-01,DXB-003,Dubai,CUST-06273,P015,Tablet,Electronics,1,1162.81,15,1162.81,174.42,988.39,Bank Transfer,Store,2026,8,August,1,Saturday,True,988.39,988.39
TXN-0119565,2026-08-01,DXB-005,Dubai,CUST-01754,P012,Pen Pack,Stationery,2,16.84,0,33.68,0.0,33.68,Card,Online,2026,8,August,1,Saturday,True,33.68,16.84
TXN-0119616,2026-08-01,DXB-003,Dubai,CUST-07069,P006,Mouse,Accessories,3,103.72,5,311.16,15.56,295.6,Card,Store,2026,8,August,1,Saturday,True,295.6,98.53
TXN-0119620,2026-08-01,DXB-001,Dubai,CUST-01521,P013,USB Drive,Accessories,1,46.93,10,46.93,4.69,42.24,Card,Store,2026,8,August,1,Saturday,True,42.24,42.24
TXN-0119634,2026-08-01,DXB-004,Dubai,CUST-07784,P003,Headphones,Electronics,2,389.96,0,779.92,0.0,779.92,Apple Pay,Online,2026,8,August,1,Saturday,True,779.92,389.96
TXN-0119704,2026-08-01,DXB-003,Dubai,CUST-03798,P011,Notebook,Stationery,1,28.38,15,28.38,4.26,24.12,Card,Store,2026,8,August,1,Saturday,True,24.12,24.12
TXN-0119764,2026-08-01,DXB-005,Dubai,CUST-05015,P013,USB Drive,Accessories,1,47.36,10,47.36,4.74,42.62,Apple Pay,Store,2026,8,August,1,Saturday,True,42.62,42.62
TXN-0119791,2026-08-01,DXB-005,Dubai,CUST-04661,P004,Monitor,Electronics,1,916.43,5,916.43,45.82,870.61,Card,Store,2026,8,August,1,Saturday,True,870.61,870.61
TXN-0119814,2026-08-01,DXB-004,Dubai,CUST-05352,P011,Notebook,Stationery,2,25.86,0,51.72,0.0,51.72,Apple Pay,Store,2026,8,August,1,Saturday,True,51.72,25.86
TXN-0119823,2026-08-01,DXB-001,Dubai,CUST-02650,P008,Desk,Furniture,3,782.8,0,2348.4,0.0,2348.4,Card,Store,2026,8,August,1,Saturday,True,2348.4,782.8
TXN-0119885,2026-08-01,DXB-002,Dubai,CUST-06797,P008,Desk,Furniture,2,748.24,10,1496.48,149.65,1346.83,Cash,Store,2026,8,August,1,Saturday,True,1346.83,673.42
TXN-0119926,2026-08-01,DXB-001,Dubai,CUST-04580,P011,Notebook,Stationery,2,26.49,10,52.98,5.3,47.68,Apple Pay,Store,2026,8,August,1,Saturday,True,47.68,23.84
TXN-0119950,2026-08-01,DXB-005,Dubai,CUST-00471,P013,USB Drive,Accessories,1,47.62,10,47.62,4.76,42.86,Card,Store,2026,8,August,1,Saturday,True,42.86,42.86
