transaction_id,transaction_date,store_id,region,customer_id,product_id,product_name,category,quantity,unit_price,discount_pct,gross_amount,discount_amount,net_revenue,payment_method,sales_channel,year,month,month_name,day,day_of_week,is_weekend,order_value,revenue_per_unit
TXN-0000020,2026-08-25,DXB-004,Dubai,CUST-01810,P007,Office Chair,Furniture,2,680.93,0,1361.86,0.0,1361.86,Apple Pay,Store,2026,8,August,25,Tuesday,False,1361.86,680.93
TXN-0000031,2026-08-25,DXB-004,Dubai,CUST-00062,P014,Power Bank,Electronics,1,146.76,20,146.76,29.35,117.41,Card,Store,2026,8,August,25,Tuesday,False,117.41,117.41
TXN-0000047,2026-08-25,DXB-001,Dubai,CUST-01824,P009,Backpack,Accessories,1,250.83,5,250.83,12.54,238.29,Card,Online,2026,8,August,25,Tuesday,False,238.29,238.29
TXN-0000073,2026-08-25,DXB-002,Dubai,CUST-00746,P004,Monitor,Electronics,3,829.19,15,2487.57,373.14,2114.43,Card,Store,2026,8,August,25,Tuesday,False,2114.43,704.81
TXN-0000114,2026-08-25,DXB-002,Dubai,CUST-01951,P013,USB Drive,Accessories,5,45.68,5,228.4,11.42,216.98,Card,Online,2026,8,August,25,Tuesday,False,216.98,43.4
TXN-0000176,2026-08-25,DXB-003,Dubai,CUST-04539,P009,Backpack,Accessories,3,187.19,5,561.57,28.08,533.49,Card,Online,2026,8,August,25,Tuesday,False,533.49,177.83
TXN-0000186,2026-08-25,DXB-005,Dubai,CUST-05371,P014,Power Bank,Electronics,1,161.84,15,161.84,24.28,137.56,Card,Store,2026,8,August,25,Tuesday,False,137.56,137.56
TXN-0000205,2026-08-25,DXB-004,Dubai,CUST-02738,P003,Headphones,Electronics,2,348.14,10,696.28,69.63,626.65,Card,Store,2026,8,August,25,Tuesday,False,626.65,313.32
TXN-0000214,2026-08-25,DXB-001,Dubai,CUST-02417,P012,Pen Pack,Stationery,2,14.96,5,29.92,1.5,28.42,Card,Online,2026,8,August,25,Tuesday,False,28.42,14.21
TXN-0000219,2026-08-25,DXB-005,Dubai,CUST-04372,P010,Printer,Office,1,643.61,0,643.61,0.0,643.61,Card,Store,2026,8,August,25,Tuesday,False,643.61,643.61
TXN-0000222,2026-08-25,DXB-004,Dubai,CUST-00675,P005,Keyboard,Accessories,1,175.3,5,175.3,8.76,166.54,Cash,Online,2026,8,August,25,Tuesday,False,166.54,166.54
TXN-0000267,2026-08-25,DXB-002,Dubai,CUST-06567,P007,Office Chair,Furniture,3,716.64,20,2149.92,429.98,1719.94,Card,Store,2026,8,August,25,Tuesday,False,1719.94,573.31
TXN-0000335,2026-08-25,DXB-005,Dubai,CUST-02240,P009,Backpack,Accessories,2,225.65,5,451.3,22.56,428.74,Card,Store,2026,8,August,25,Tuesday,False,428.74,214.37
TXN-0000506,2026-08-25,DXB-003,Dubai,CUST-00917,P003,Headphones,Electronics,1,329.52,5,329.52,16.48,313.04,Card,Store,2026,8,August,25,Tuesday,False,313.04,313.04
TXN-0000537,2026-08-25,DXB-004,Dubai,CUST-00862,P012,Pen Pack,Stationery,1,14.98,0,14.98,0.0,14.98,Card,Store,2026,8,August,25,Tuesday,False,14.98,14.98
TXN-0000612,2026-08-25,DXB-004,Dubai,CUST-07609,P004,Monitor,Electronics,1,910.41,0,910.41,0.0,910.41,Card,Online,2026,8,August,25,Tuesday,False,910.41,910.41
TXN-0000647,2026-08-25,DXB-004,Dubai,CUST-07044,P007,Office Chair,Furniture,1,590.85,15,590.85,88.63,502.22,Card,Store,2026,8,August,25,Tuesday,False,502.22,502.22
TXN-0000689,2026-08-25,DXB-001,Dubai,CUST-01457,P010,Printer,Office,1,686.84,20,686.84,137.37,549.47,Card,Store,2026,8,August,25,Tuesday,False,549.47,549.47
TXN-0000792,2026-08-25,DXB-004,Dubai,CUST-02578,P002,Smartphone,Electronics,3,1609.8,10,4829.4,482.94,4346.46,Cash,Online,2026,8,August,25,Tuesday,False,4346.46,1448.82
TXN-0000798,2026-08-25,DXB-002,Dubai,CUST-00927,P005,Keyboard,Accessories,1,187.52,20,187.52,37.5,150.02,Apple Pay,Store,2026,8,August,25,Tuesday,False,150.02,150.02
TXN-0000833,2026-08-25,DXB-002,Dubai,CUST-01961,P003,Headphones,Electronics,2,327.62,0,655.24,0.0,655.24,Card,Store,2026,8,August,25,Tuesday,False,655.24,327.62
TXN-0000869,2026-08-25,DXB-001,Dubai,CUST-00434,P007,Office Chair,Furniture,1,634.69,0,634.69,0.0,634.69,Apple Pay,Online,2026,8,August,25,Tuesday,False,634.69,634.69
TXN-0000871,2026-08-25,DXB-001,Dubai,CUST-05650,P010,Printer,Office,1,623.83,0,623.83,0.0,623.83,Cash,Store,2026,8,August,25,Tuesday,False,623.83,623.83
TXN-0000883,2026-08-25,DXB-003,Dubai,CUST-07100,P001,Laptop,Electronics,1,2524.2,5,2524.2,126.21,2397.99,Apple Pay,Online,2026,8,August,25,Tuesday,False,2397.99,2397.99
TXN-0000905,2026-08-25,DXB-002,Dubai,CUST-02462,P008,Desk,Furniture,1,820.13,0,820.13,0.0,820.13,Card,Online,2026,8,August,25,Tuesday,False,820.13,820.13
TXN-0000916,2026-08-25,DXB-001,Dubai,CUST-03504,P004,Monitor,Electronics,1,800.29,0,800.29,0.0,800.29,Bank Transfer,Online,2026,8,August,25,Tuesday,False,800.29,800.29
TXN-0000923,2026-08-25,DXB-001,Dubai,CUST-02754,P004,Monitor,Electronics,2,913.93,15,1827.86,274.18,1553.68,Apple Pay,Store,2026,8,August,25,Tuesday,False,1553.68,776.84
TXN-0000939,2026-08-25,DXB-003,Dubai,CUST-07791,P004,Monitor,Electronics,1,948.67,10,948.67,94.87,853.8,Bank Transfer,Store,2026,8,August,25,Tuesday,False,853.8,853.8
TXN-0001057,2026-08-25,DXB-005,Dubai,CUST-05942,P006,Mouse,Accessories,1,101.62,0,101.62,0.0,101.62,Card,Store,2026,8,August,25,Tuesday,False,101.62,101.62
TXN-0001092,2026-08-25,DXB-003,Dubai,CUST-06455,P014,Power Bank,Electronics,6,131.26,0,787.56,0.0,787.56,Apple Pay,Online,2026,8,August,25,Tuesday,False,787.56,131.26
TXN-0001184,2026-08-25,DXB-004,Dubai,CUST-03358,P007,Office Chair,Furniture,2,621.21,10,1242.42,124.24,1118.18,Cash,Store,2026,8,August,25,Tuesday,False,1118.18,559.09
TXN-0001213,2026-08-25,DXB-001,Dubai,CUST-06603,P002,Smartphone,Electronics,1,1865.48,5,1865.48,93.27,1772.21,Card,Store,2026,8,August,25,Tuesday,False,1772.21,1772.21
TXN-0001263,2026-08-25,DXB-003,Dubai,CUST-06325,P003,Headphones,Electronics,2,377.45,10,754.9,75.49,679.41,Cash,Online,2026,8,August,25,Tuesday,False,679.41,339.7
TXN-0001319,2026-08-25,DXB-005,Dubai,CUST-02243,P004,Monitor,Electronics,2,970.58,0,1941.16,0.0,1941.16,Card,Store,2026,8,August,25,Tuesday,False,1941.16,970.58
TXN-0001331,2026-08-25,DXB-005,Dubai,CUST-01484,P003,Headphones,Electronics,1,364.77,10,364.77,36.48,328.29,Cash,Store,2026,8,August,25,Tuesday,False,328.29,328.29
TXN-0001368,2026-08-25,DXB-001,Dubai,CUST-00040,P008,Desk,Furniture,5,837.87,5,4189.35,209.47,3979.88,Card,Store,2026,8,August,25,Tuesday,False,3979.88,795.98
TXN-0001373,2026-08-25,DXB-003,Dubai,CUST-07134,P007,Office Chair,Furniture,1,636.26,0,636.26,0.0,636.26,Apple Pay,Store,2026,8,August,25,Tuesday,False,636.26,636.26
TXN-0001458,2026-08-25,DXB-003,Dubai,CUST-00935,P014,Power Bank,Electronics,1,155.52,5,155.52,7.78,147.74,Bank Transfer,Store,2026,8,August,25,Tuesday,False,147.74,147.74
TXN-0001473,2026-08-25,DXB-003,Dubai,CUST-03339,P011,Notebook,Stationery,1,25.63,15,25.63,3.84,21.79,Cash,Store,2026,8,August,25,Tuesday,False,21.79,21.79
TXN-0001520,2026-08-25,DXB-001,Dubai,CUST-06738,P008,Desk,Furniture,2,692.68,20,1385.36,277.07,1108.29,Apple Pay,Store,2026,8,August,25,Tuesday,False,1108.29,554.14
TXN-0001555,2026-08-25,DXB-001,Dubai,CUST-04348,P010,Printer,Office,1,743.27,15,743.27,111.49,631.78,Card,Online,2026,8,August,25,Tuesday,False,631.78,631.78
TXN-0001566,2026-08-25,DXB-005,Dubai,CUST-02353,P012,Pen Pack,Stationery,1,15.36,0,15.36,0.0,15.36,Card,Online,2026,8,August,25,Tuesday,False,15.36,15.36
TXN-0001643,2026-08-25,DXB-002,Dubai,CUST-04180,P001,Laptop,Electronics,1,2371.95,0,2371.95,0.0,2371.95,Cash,Store,2026,8,August,25,Tuesday,False,2371.95,2371.95
TXN-0001743,2026-08-25,DXB-004,Dubai,CUST-01172,P009,Backpack,Accessories,4,213.36,0,853.44,0.0,853.44,Cash,Store,2026,8,August,25,Tuesday,False,853.44,213.36
TXN-0001803,2026-08-25,DXB-001,Dubai,CUST-00031,P010,Printer,Office,1,766.75,5,766.75,38.34,728.41,Cash,Store,2026,8,August,25,Tuesday,False,728.41,728.41
TXN-0001853,2026-08-25,DXB-003,Dubai,CUST-04921,P013,USB Drive,Accessories,1,42.44,0,42.44,0.0,42.44,Bank Transfer,Online,2026,8,August,25,Tuesday,False,42.44,42.44
TXN-0001890,2026-08-25,DXB-004,Dubai,CUST-00799,P002,Smartphone,Electronics,6,1751.08,15,10506.48,1575.97,8930.51,Bank Transfer,Store,2026,8,August,25,Tuesday,False,8930.51,1488.42
TXN-0001919,2026-08-25,DXB-002,Dubai,CUST-03593,P012,Pen Pack,Stationery,2,15.44,15,30.88,4.63,26.25,Bank Transfer,Store,2026,8,August,25,Tuesday,False,26.25,13.12
TXN-0002004,2026-08-25,DXB-001,Dubai,CUST-02523,P013,USB Drive,Accessories,2,43.78,0,87.56,0.0,87.56,Bank Transfer,Store,2026,8,August,25,Tuesday,False,87.56,43.78
TXN-0002020,2026-08-25,DXB-002,Dubai,CUST-05024,P001,Laptop,Electronics,3,2944.75,5,8834.25,441.71,8392.54,Bank Transfer,Online,2026,8,August,25,Tuesday,False,8392.54,2797.51
TXN-0002040,2026-08-25,DXB-001,Dubai,CUST-02752,P005,Keyboard,Accessories,4,155.12,15,620.48,93.07,527.41,Card,Store,2026,8,August,25,Tuesday,False,527.41,131.85
TXN-0002047,2026-08-25,DXB-002,Dubai,CUST-00552,P001,Laptop,Electronics,1,2762.24,0,2762.24,0.0,2762.24,Card,Store,2026,8,August,25,Tuesday,False,2762.24,2762.24
TXN-0002180,2026-08-25,DXB-001,Dubai,CUST-03086,P012,Pen Pack,Stationery,1,15.42,0,15.42,0.0,15.42,Card,Store,2026,8,August,25,Tuesday,False,15.42,15.42
TXN-0002189,2026-08-25,DXB-004,Dubai,CUST-06573,P003,Headphones,Electronics,4,355.65,0,1422.6,0.0,1422.6,Card,Store,2026,8,August,25,Tuesday,False,1422.6,355.65
TXN-0002205,2026-08-25,DXB-005,Dubai,CUST-05541,P012,Pen Pack,Stationery,1,14.84,10,14.84,1.48,13.36,Card,Store,2026,8,August,25,Tuesday,False,13.36,13.36
TXN-0002217,2026-08-25,DXB-002,Dubai,CUST-06120,P014,Power Bank,Electronics,1,147.05,5,147.05,7.35,139.7,Card,Store,2026,8,August,25,Tuesday,False,139.7,139.7
TXN-0002243,2026-08-25,DXB-001,Dubai,CUST-00467,P008,Desk,Furniture,1,738.62,10,738.62,73.86,664.76,Card,Store,2026,8,August,25,Tuesday,False,664.76,664.76
TXN-0002274,2026-08-25,DXB-004,Dubai,CUST-00123,P010,Printer,Office,2,732.87,0,1465.74,0.0,1465.74,Card,Store,2026,8,August,25,Tuesday,False,1465.74,732.87
TXN-0002337,2026-08-25,DXB-003,Dubai,CUST-07631,P009,Backpack,Accessories,2,227.7,5,455.4,22.77,432.63,Cash,Store,2026,8,August,25,Tuesday,False,432.63,216.32
TXN-0002382,2026-08-25,DXB-001,Dubai,CUST-04656,P003,Headphones,Electronics,1,335.09,5,335.09,16.75,318.34,Cash,Online,2026,8,August,25,Tuesday,False,318.34,318.34
TXN-0002391,2026-08-25,DXB-002,Dubai,CUST-07198,P010,Printer,Office,1,678.08,0,678.08,0.0,678.08,Card,Store,2026,8,August,25,Tuesday,False,678.08,678.08
TXN-0002435,2026-08-25,DXB-005,Dubai,CUST-00843,P003,Headphones,Electronics,4,344.86,5,1379.44,68.97,1310.47,Cash,Store,2026,8,August,25,Tuesday,False,1310.47,327.62
TXN-0002507,2026-08-25,DXB-003,Dubai,CUST-05891,P011,Notebook,Stationery,1,25.5,15,25.5,3.82,21.68,Bank Transfer,Store,2026,8,August,25,Tuesday,False,21.68,21.68
TXN-0002578,2026-08-25,DXB-002,Dubai,CUST-03293,P001,Laptop,Electronics,1,2860.81,0,2860.81,0.0,2860.81,Cash,Store,2026,8,August,25,Tuesday,False,2860.81,2860.81
TXN-0002582,2026-08-25,DXB-001,Dubai,CUST-06210,P015,Tablet,Electronics,1,1251.16,15,1251.16,187.67,1063.49,Card,Store,2026,8,August,25,Tuesday,False,1063.49,1063.49
TXN-0002645,2026-08-25,DXB-002,Dubai,CUST-04005,P002,Smartphone,Electronics,1,1878.27,5,1878.27,93.91,1784.36,Cash,Online,2026,8,August,25,Tuesday,False,1784.36,1784.36
TXN-0002730,2026-08-25,DXB-003,Dubai,CUST-07766,P014,Power Bank,Electronics,1,159.74,10,159.74,15.97,143.77,Apple Pay,Store,2026,8,August,25,Tuesday,False,143.77,143.77
TXN-0002735,2026-08-25,DXB-002,Dubai,CUST-03733,P003,Headphones,Electronics,1,376.28,0,376.28,0.0,376.28,Bank Transfer,Online,2026,8,August,25,Tuesday,False,376.28,376.28
TXN-0002802,2026-08-25,DXB-002,Dubai,CUST-00265,P012,Pen Pack,Stationery,1,16.44,5,16.44,0.82,15.62,Apple Pay,Store,2026,8,August,25,Tuesday,False,15.62,15.62
TXN-0002845,2026-08-25,DXB-002,Dubai,CUST-04651,P013,USB Drive,Accessories,1,44.46,0,44.46,0.0,44.46,Apple Pay,Store,2026,8,August,25,Tuesday,False,44.46,44.46
TXN-0002846,2026-08-25,DXB-002,Dubai,CUST-04523,P012,Pen Pack,Stationery,2,15.47,5,30.94,1.55,29.39,Bank Transfer,Store,2026,8,August,25,Tuesday,False,29.39,14.7
TXN-0002860,2026-08-25,DXB-004,Dubai,CUST-05755,P008,Desk,Furniture,1,774.34,10,774.34,77.43,696.91,Card,Store,2026,8,August,25,Tuesday,False,696.91,696.91
TXN-0002991,2026-08-25,DXB-002,Dubai,CUST-06151,P001,Laptop,Electronics,2,2778.09,5,5556.18,277.81,5278.37,Apple Pay,Store,2026,8,August,25,Tuesday,False,5278.37,2639.18
TXN-0003016,2026-08-25,DXB-004,Dubai,CUST-04397,P002,Smartphone,Electronics,2,1840.22,0,3680.44,0.0,3680.44,Apple Pay,Online,2026,8,August,25,Tuesday,False,3680.44,1840.22
TXN-0003080,2026-08-25,DXB-001,Dubai,CUST-02862,P008,Desk,Furniture,1,834.77,5,834.77,41.74,793.03,Cash,Store,2026,8,August,25,Tuesday,False,793.03,793.03
TXN-0003132,2026-08-25,DXB-003,Dubai,CUST-00219,P010,Printer,Office,3,730.62,15,2191.86,328.78,1863.08,Card,Online,2026,8,August,25,Tuesday,False,1863.08,621.03
TXN-0003143,2026-08-25,DXB-004,Dubai,CUST-00563,P012,Pen Pack,Stationery,1,16.2,0,16.2,0.0,16.2,Apple Pay,Store,2026,8,August,25,Tuesday,False,16.2,16.2
TXN-0003397,2026-08-25,DXB-004,Dubai,CUST-01284,P014,Power Bank,Electronics,2,180.25,0,360.5,0.0,360.5,Card,Online,2026,8,August,25,Tuesday,False,360.5,180.25
TXN-0003443,2026-08-25,DXB-001,Dubai,CUST-06784,P001,Laptop,Electronics,1,2983.62,10,2983.62,298.36,2685.26,Card,Online,2026,8,August,25,Tuesday,False,2685.26,2685.26
TXN-0003453,2026-08-25,DXB-001,Dubai,CUST-06855,P007,Office Chair,Furniture,1,622.48,5,622.48,31.12,591.36,Card,Store,2026,8,August,25,Tuesday,False,591.36,591.36
TXN-0003500,2026-08-25,DXB-001,Dubai,CUST-07503,P007,Office Chair,Furniture,2,595.74,5,1191.48,59.57,1131.91,Card,Online,2026,8,August,25,Tuesday,False,1131.91,565.96
TXN-0003556,2026-08-25,DXB-003,Dubai,CUST-02939,P007,Office Chair,Furniture,2,690.37,0,1380.74,0.0,1380.74,Apple Pay,Online,2026,8,August,25,Tuesday,False,1380.74,690.37
TXN-0003587,2026-08-25,DXB-003,Dubai,CUST-04422,P009,Backpack,Accessories,4,204.55,0,818.2,0.0,818.2,Bank Transfer,Store,2026,8,August,25,Tuesday,False,818.2,204.55
TXN-0003601,2026-08-25,DXB-005,Dubai,CUST-06004,P014,Power Bank,Electronics,1,145.56,5,145.56,7.28,138.28,Apple Pay,Store,2026,8,August,25,Tuesday,False,138.28,138.28
TXN-0003616,2026-08-25,DXB-003,Dubai,CUST-03971,P009,Backpack,Accessories,3,214.67,10,644.01,64.4,579.61,Cash,Store,2026,8,August,25,Tuesday,False,579.61,193.2
TXN-0003666,2026-08-25,DXB-001,Dubai,CUST-05429,P008,Desk,Furniture,3,778.16,15,2334.48,350.17,1984.31,Card,Online,2026,8,August,25,Tuesday,False,1984.31,661.44
TXN-0003747,2026-08-25,DXB-001,Dubai,CUST-04137,P001,Laptop,Electronics,1,2949.16,5,2949.16,147.46,2801.7,Card,Online,2026,8,August,25,Tuesday,False,2801.7,2801.7
TXN-0003780,2026-08-25,DXB-002,Dubai,CUST-06826,P007,Office Chair,Furniture,1,666.25,5,666.25,33.31,632.94,Apple Pay,Store,2026,8,August,25,Tuesday,False,632.94,632.94
TXN-0003812,2026-08-25,DXB-004,Dubai,CUST-03872,P015,Tablet,Electronics,3,1163.47,15,3490.41,523.56,2966.85,Apple Pay,Store,2026,8,August,25,Tuesday,False,2966.85,988.95
TXN-0003817,2026-08-25,DXB-001,Dubai,CUST-02646,P013,USB Drive,Accessories,2,43.99,10,87.98,8.8,79.18,Card,Store,2026,8,August,25,Tuesday,False,79.18,39.59
TXN-0003884,2026-08-25,DXB-002,Dubai,CUST-04521,P014,Power Bank,Electronics,4,140.95,5,563.8,28.19,535.61,Card,Store,2026,8,August,25,Tuesday,False,535.61,133.9
TXN-0003981,2026-08-25,DXB-003,Dubai,CUST-05005,P005,Keyboard,Accessories,2,194.23,10,388.46,38.85,349.61,Card,Online,2026,8,August,25,Tuesday,False,349.61,174.8
TXN-0004004,2026-08-25,DXB-001,Dubai,CUST-04944,P002,Smartphone,Electronics,3,1808.03,0,5424.09,0.0,5424.09,Cash,Store,2026,8,August,25,Tuesday,False,5424.09,1808.03
TXN-0004025,2026-08-25,DXB-001,Dubai,CUST-05895,P015,Tablet,Electronics,1,1227.16,0,1227.16,0.0,1227.16,Bank Transfer,Store,2026,8,August,25,Tuesday,False,1227.16,1227.16
TXN-0004047,2026-08-25,DXB-002,Dubai,CUST-03409,P008,Desk,Furniture,3,790.96,20,2372.88,474.58,1898.3,Card,Online,2026,8,August,25,Tuesday,False,1898.3,632.77
TXN-0004050,2026-08-25,DXB-002,Dubai,CUST-01991,P009,Backpack,Accessories,4,236.33,10,945.32,94.53,850.79,Card,Store,2026,8,August,25,Tuesday,False,850.79,212.7
TXN-0004094,2026-08-25,DXB-004,Dubai,CUST-01928,P010,Printer,Office,1,683.91,0,683.91,0.0,683.91,Card,Store,2026,8,August,25,Tuesday,False,683.91,683.91
TXN-0004106,2026-08-25,DXB-002,Dubai,CUST-05955,P013,USB Drive,Accessories,3,48.23,5,144.69,7.23,137.46,Cash,Store,2026,8,August,25,Tuesday,False,137.46,45.82
TXN-0004144,2026-08-25,DXB-005,Dubai,CUST-05663,P008,Desk,Furniture,1,837.9,0,837.9,0.0,837.9,Card,Store,2026,8,August,25,Tuesday,False,837.9,837.9
TXN-0004167,2026-08-25,DXB-001,Dubai,CUST-01084,P002,Smartphone,Electronics,1,1770.0,15,1770.0,265.5,1504.5,Card,Store,2026,8,August,25,Tuesday,False,1504.5,1504.5
TXN-0004179,2026-08-25,DXB-004,Dubai,CUST-04471,P009,Backpack,Accessories,2,189.62,5,379.24,18.96,360.28,Card,Store,2026,8,August,25,Tuesday,False,360.28,180.14
TXN-0004227,2026-08-25,DXB-002,Dubai,CUST-04086,P013,USB Drive,Accessories,3,43.42,10,130.26,13.03,117.23,Cash,Online,2026,8,August,25,Tuesday,False,117.23,39.08
TXN-0004297,2026-08-25,DXB-004,Dubai,CUST-06692,P010,Printer,Office,1,702.32,0,702.32,0.0,702.32,Cash,Store,2026,8,August,25,Tuesday,False,702.32,702.32
TXN-0004322,2026-08-25,DXB-003,Dubai,CUST-07846,P014,Power Bank,Electronics,1,138.58,5,138.58,6.93,131.65,Bank Transfer,Store,2026,8,August,25,Tuesday,False,131.65,131.65
TXN-0004323,2026-08-25,DXB-003,Dubai,CUST-00411,P013,USB Drive,Accessories,1,46.8,5,46.8,2.34,44.46,Apple Pay,Store,2026,8,August,25,Tuesday,False,44.46,44.46
TXN-0004424,2026-08-25,DXB-003,Dubai,CUST-02809,P010,Printer,Office,2,686.14,10,1372.28,137.23,1235.05,Card,Online,2026,8,August,25,Tuesday,False,1235.05,617.52
TXN-0004444,2026-08-25,DXB-005,Dubai,CUST-01853,P003,Headphones,Electronics,4,345.79,0,1383.16,0.0,1383.16,Card,Store,2026,8,August,25,Tuesday,False,1383.16,345.79
TXN-0004465,2026-08-25,DXB-002,Dubai,CUST-00588,P004,Monitor,Electronics,1,843.18,5,843.18,42.16,801.02,Bank Transfer,Online,2026,8,August,25,Tuesday,False,801.02,801.02
TXN-0004526,2026-08-25,DXB-001,Dubai,CUST-03910,P012,Pen Pack,Stationery,3,14.42,0,43.26,0.0,43.26,Cash,Store,2026,8,August,25,Tuesday,False,43.26,14.42
TXN-0004545,2026-08-25,DXB-001,Dubai,CUST-05769,P012,Pen Pack,Stationery,2,14.93,15,29.86,4.48,25.38,Cash,Store,2026,8,August,25,Tuesday,False,25.38,12.69
TXN-0004742,2026-08-25,DXB-001,Dubai,CUST-01325,P004,Monitor,Electronics,4,865.41,10,3461.64,346.16,3115.48,Bank Transfer,Store,2026,8,August,25,Tuesday,False,3115.48,778.87
TXN-0004759,2026-08-25,DXB-003,Dubai,CUST-05300,P014,Power Bank,Electronics,1,152.65,10,152.65,15.26,137.39,Card,Store,2026,8,August,25,Tuesday,False,137.39,137.39
TXN-0004942,2026-08-25,DXB-005,Dubai,CUST-07055,P014,Power Bank,Electronics,2,173.77,10,347.54,34.75,312.79,Cash,Online,2026,8,August,25,Tuesday,False,312.79,156.4
TXN-0005022,2026-08-25,DXB-005,Dubai,CUST-02011,P015,Tablet,Electronics,4,1175.0,5,4700.0,235.0,4465.0,Card,Store,2026,8,August,25,Tuesday,False,4465.0,1116.25
TXN-0005137,2026-08-25,DXB-004,Dubai,CUST-06941,P002,Smartphone,Electronics,2,1784.3,0,3568.6,0.0,3568.6,Card,Online,2026,8,August,25,Tuesday,False,3568.6,1784.3
TXN-0005172,2026-08-25,DXB-002,Dubai,CUST-00491,P002,Smartphone,Electronics,1,1762.35,0,1762.35,0.0,1762.35,Apple Pay,Store,2026,8,August,25,Tuesday,False,1762.35,1762.35
TXN-0005178,2026-08-25,DXB-003,Dubai,CUST-05323,P013,USB Drive,Accessories,1,46.32,20,46.32,9.26,37.06,Card,Store,2026,8,August,25,Tuesday,False,37.06,37.06
TXN-0005206,2026-08-25,DXB-002,Dubai,CUST-03801,P003,Headphones,Electronics,1,360.03,10,360.03,36.0,324.03,Cash,Store,2026,8,August,25,Tuesday,False,324.03,324.03
TXN-0005213,2026-08-25,DXB-002,Dubai,CUST-04444,P013,USB Drive,Accessories,2,49.19,10,98.38,9.84,88.54,Card,Store,2026,8,August,25,Tuesday,False,88.54,44.27
TXN-0005310,2026-08-25,DXB-004,Dubai,CUST-04725,P011,Notebook,Stationery,2,23.97,10,47.94,4.79,43.15,Bank Transfer,Store,2026,8,August,25,Tuesday,False,43.15,21.58
TXN-0005344,2026-08-25,DXB-003,Dubai,CUST-07102,P009,Backpack,Accessories,4,228.46,5,913.84,45.69,868.15,Card,Online,2026,8,August,25,Tuesday,False,868.15,217.04
TXN-0005472,2026-08-25,DXB-001,Dubai,CUST-02096,P008,Desk,Furniture,4,810.47,5,3241.88,162.09,3079.79,Cash,Online,2026,8,August,25,Tuesday,False,3079.79,769.95
TXN-0005534,2026-08-25,DXB-001,Dubai,CUST-04792,P012,Pen Pack,Stationery,3,14.74,0,44.22,0.0,44.22,Cash,Store,2026,8,August,25,Tuesday,False,44.22,14.74
TXN-0005579,2026-08-25,DXB-005,Dubai,CUST-06022,P008,Desk,Furniture,1,840.42,5,840.42,42.02,798.4,Card,Online,2026,8,August,25,Tuesday,False,798.4,798.4
TXN-0005585,2026-08-25,DXB-002,Dubai,CUST-01350,P013,USB Drive,Accessories,2,43.22,0,86.44,0.0,86.44,Cash,Store,2026,8,August,25,Tuesday,False,86.44,43.22
TXN-0005607,2026-08-25,DXB-005,Dubai,CUST-01363,P002,Smartphone,Electronics,1,1907.99,10,1907.99,190.8,1717.19,Bank Transfer,Online,2026,8,August,25,Tuesday,False,1717.19,1717.19
TXN-0005664,2026-08-25,DXB-003,Dubai,CUST-07448,P005,Keyboard,Accessories,4,191.93,20,767.72,153.54,614.18,Card,Store,2026,8,August,25,Tuesday,False,614.18,153.54
TXN-0005666,2026-08-25,DXB-005,Dubai,CUST-01140,P009,Backpack,Accessories,4,226.45,5,905.8,45.29,860.51,Cash,Store,2026,8,August,25,Tuesday,False,860.51,215.13
TXN-0005720,2026-08-25,DXB-003,Dubai,CUST-03658,P010,Printer,Office,1,632.77,5,632.77,31.64,601.13,Bank Transfer,Store,2026,8,August,25,Tuesday,False,601.13,601.13
TXN-0005744,2026-08-25,DXB-002,Dubai,CUST-02957,P003,Headphones,Electronics,2,371.01,0,742.02,0.0,742.02,Card,Store,2026,8,August,25,Tuesday,False,742.02,371.01
TXN-0005830,2026-08-25,DXB-005,Dubai,CUST-06889,P012,Pen Pack,Stationery,2,14.88,5,29.76,1.49,28.27,Cash,Store,2026,8,August,25,Tuesday,False,28.27,14.14
TXN-0006027,2026-08-25,DXB-002,Dubai,CUST-06687,P006,Mouse,Accessories,2,97.1,0,194.2,0.0,194.2,Cash,Store,2026,8,August,25,Tuesday,False,194.2,97.1
TXN-0006087,2026-08-25,DXB-005,Dubai,CUST-03418,P012,Pen Pack,Stationery,2,16.18,0,32.36,0.0,32.36,Bank Transfer,Online,2026,8,August,25,Tuesday,False,32.36,16.18
TXN-0006088,2026-08-25,DXB-003,Dubai,CUST-06516,P010,Printer,Office,1,750.72,5,750.72,37.54,713.18,Cash,Online,2026,8,August,25,Tuesday,False,713.18,713.18
TXN-0006094,2026-08-25,DXB-005,Dubai,CUST-07077,P010,Printer,Office,2,722.54,10,1445.08,144.51,1300.57,Card,Store,2026,8,August,25,Tuesday,False,1300.57,650.28
TXN-0006113,2026-08-25,DXB-002,Dubai,CUST-00636,P014,Power Bank,Electronics,1,156.87,0,156.87,0.0,156.87,Apple Pay,Store,2026,8,August,25,Tuesday,False,156.87,156.87
TXN-0006132,2026-08-25,DXB-001,Dubai,CUST-06693,P003,Headphones,Electronics,3,359.59,0,1078.77,0.0,1078.77,Cash,Store,2026,8,August,25,Tuesday,False,1078.77,359.59
TXN-0006140,2026-08-25,DXB-005,Dubai,CUST-00389,P004,Monitor,Electronics,1,925.79,0,925.79,0.0,925.79,Card,Store,2026,8,August,25,Tuesday,False,925.79,925.79
TXN-0006176,2026-08-25,DXB-003,Dubai,CUST-07665,P004,Monitor,Electronics,1,928.55,5,928.55,46.43,882.12,Card,Online,2026,8,August,25,Tuesday,False,882.12,882.12
TXN-0006230,2026-08-25,DXB-005,Dubai,CUST-01916,P002,Smartphone,Electronics,3,1825.74,0,5477.22,0.0,5477.22,Card,Online,2026,8,August,25,Tuesday,False,5477.22,1825.74
TXN-0006248,2026-08-25,DXB-001,Dubai,CUST-01144,P006,Mouse,Accessories,1,99.06,20,99.06,19.81,79.25,Cash,Online,2026,8,August,25,Tuesday,False,79.25,79.25
TXN-0006473,2026-08-25,DXB-004,Dubai,CUST-01758,P005,Keyboard,Accessories,1,175.17,0,175.17,0.0,175.17,Cash,Store,2026,8,August,25,Tuesday,False,175.17,175.17
TXN-0006605,2026-08-25,DXB-005,Dubai,CUST-01966,P010,Printer,Office,2,691.01,15,1382.02,207.3,1174.72,Bank Transfer,Online,2026,8,August,25,Tuesday,False,1174.72,587.36
TXN-0006669,2026-08-25,DXB-004,Dubai,CUST-02104,P015,Tablet,Electronics,2,1341.44,15,2682.88,402.43,2280.45,Cash,Online,2026,8,August,25,Tuesday,False,2280.45,1140.22
TXN-0006691,2026-08-25,DXB-002,Dubai,CUST-01785,P011,Notebook,Stationery,1,25.18,0,25.18,0.0,25.18,Card,Store,2026,8,August,25,Tuesday,False,25.18,25.18
TXN-0006758,2026-08-25,DXB-003,Dubai,CUST-05812,P012,Pen Pack,Stationery,1,14.58,0,14.58,0.0,14.58,Card,Store,2026,8,August,25,Tuesday,False,14.58,14.58
TXN-0006867,2026-08-25,DXB-001,Dubai,CUST-06286,P011,Notebook,Stationery,1,27.03,5,27.03,1.35,25.68,Apple Pay,Store,2026,8,August,25,Tuesday,False,25.68,25.68
TXN-0006922,2026-08-25,DXB-002,Dubai,CUST-04583,P001,Laptop,Electronics,3,2684.04,10,8052.12,805.21,7246.91,Cash,Online,2026,8,August,25,Tuesday,False,7246.91,2415.64
TXN-0006944,2026-08-25,DXB-003,Dubai,CUST-07159,P015,Tablet,Electronics,1,1223.88,0,1223.88,0.0,1223.88,Card,Store,2026,8,August,25,Tuesday,False,1223.88,1223.88
TXN-0007029,2026-08-25,DXB-001,Dubai,CUST-02333,P011,Notebook,Stationery,3,27.59,10,82.77,8.28,74.49,Cash,Online,2026,8,August,25,Tuesday,False,74.49,24.83
TXN-0007087,2026-08-25,DXB-001,Dubai,CUST-07543,P014,Power Bank,Electronics,2,149.65,0,299.3,0.0,299.3,Card,Store,2026,8,August,25,Tuesday,False,299.3,149.65
TXN-0007101,2026-08-25,DXB-005,Dubai,CUST-03690,P010,Printer,Office,2,686.46,0,1372.92,0.0,1372.92,Card,Store,2026,8,August,25,Tuesday,False,1372.92,686.46
TXN-0007148,2026-08-25,DXB-003,Dubai,CUST-04367,P003,Headphones,Electronics,2,319.95,5,639.9,32.0,607.9,Card,Store,2026,8,August,25,Tuesday,False,607.9,303.95
TXN-0007181,2026-08-25,DXB-003,Dubai,CUST-07991,P005,Keyboard,Accessories,1,173.8,5,173.8,8.69,165.11,Cash,Store,2026,8,August,25,Tuesday,False,165.11,165.11
TXN-0007246,2026-08-25,DXB-003,Dubai,CUST-02368,P015,Tablet,Electronics,5,1171.38,0,5856.9,0.0,5856.9,Cash,Store,2026,8,August,25,Tuesday,False,5856.9,1171.38
TXN-0007465,2026-08-25,DXB-003,Dubai,CUST-03694,P011,Notebook,Stationery,1,23.69,10,23.69,2.37,21.32,Card,Store,2026,8,August,25,Tuesday,False,21.32,21.32
TXN-0007506,2026-08-25,DXB-001,Dubai,CUST-02498,P011,Notebook,Stationery,1,25.72,0,25.72,0.0,25.72,Apple Pay,Store,2026,8,August,25,Tuesday,False,25.72,25.72
TXN-0007613,2026-08-25,DXB-002,Dubai,CUST-04459,P001,Laptop,Electronics,2,2641.65,10,5283.3,528.33,4754.97,Card,Store,2026,8,August,25,Tuesday,False,4754.97,2377.48
TXN-0007815,2026-08-25,DXB-005,Dubai,CUST-04737,P007,Office Chair,Furniture,2,684.43,5,1368.86,68.44,1300.42,Card,Store,2026,8,August,25,Tuesday,False,1300.42,650.21
TXN-0007873,2026-08-25,DXB-001,Dubai,CUST-04880,P009,Backpack,Accessories,2,236.67,10,473.34,47.33,426.01,Cash,Store,2026,8,August,25,Tuesday,False,426.01,213.0
TXN-0007996,2026-08-25,DXB-002,Dubai,CUST-01618,P009,Backpack,Accessories,1,235.92,5,235.92,11.8,224.12,Apple Pay,Store,2026,8,August,25,Tuesday,False,224.12,224.12
TXN-0008036,2026-08-25,DXB-004,Dubai,CUST-06525,P014,Power Bank,Electronics,1,133.87,0,133.87,0.0,133.87,Card,Online,2026,8,August,25,Tuesday,False,133.87,133.87
TXN-0008108,2026-08-25,DXB-005,Dubai,CUST-00033,P012,Pen Pack,Stationery,3,15.03,20,45.09,9.02,36.07,Cash,Store,2026,8,August,25,Tuesday,False,36.07,12.02
TXN-0008127,2026-08-25,DXB-003,Dubai,CUST-06682,P010,Printer,Office,1,710.41,10,710.41,71.04,639.37,Card,Store,2026,8,August,25,Tuesday,False,639.37,639.37
TXN-0008160,2026-08-25,DXB-005,Dubai,CUST-02313,P002,Smartphone,Electronics,1,1694.91,5,1694.91,84.75,1610.16,Apple Pay,Online,2026,8,August,25,Tuesday,False,1610.16,1610.16
TXN-0008318,2026-08-25,DXB-005,Dubai,CUST-02730,P009,Backpack,Accessories,2,227.08,5,454.16,22.71,431.45,Apple Pay,Store,2026,8,August,25,Tuesday,False,431.45,215.72
TXN-0008340,2026-08-25,DXB-001,Dubai,CUST-06162,P007,Office Chair,Furniture,1,664.89,10,664.89,66.49,598.4,Card,Store,2026,8,August,25,Tuesday,False,598.4,598.4
TXN-0008418,2026-08-25,DXB-004,Dubai,CUST-04218,P014,Power Bank,Electronics,3,159.83,0,479.49,0.0,479.49,Card,Store,2026,8,August,25,Tuesday,False,479.49,159.83
TXN-0008426,2026-08-25,DXB-003,Dubai,CUST-05444,P003,Headphones,Electronics,1,326.95,10,326.95,32.7,294.25,Bank Transfer,Store,2026,8,August,25,Tuesday,False,294.25,294.25
TXN-0008477,2026-08-25,DXB-004,Dubai,CUST-07523,P012,Pen Pack,Stationery,1,14.35,10,14.35,1.44,12.91,Card,Online,2026,8,August,25,Tuesday,False,12.91,12.91
TXN-0008487,2026-08-25,DXB-002,Dubai,CUST-06581,P014,Power Bank,Electronics,4,149.64,5,598.56,29.93,568.63,Apple Pay,Store,2026,8,August,25,Tuesday,False,568.63,142.16
TXN-0008493,2026-08-25,DXB-003,Dubai,CUST-07048,P004,Monitor,Electronics,1,945.63,5,945.63,47.28,898.35,Card,Store,2026,8,August,25,Tuesday,False,898.35,898.35
TXN-0008507,2026-08-25,DXB-004,Dubai,CUST-04774,P008,Desk,Furniture,6,827.2,10,4963.2,496.32,4466.88,Card,Store,2026,8,August,25,Tuesday,False,4466.88,744.48
TXN-0008594,2026-08-25,DXB-005,Dubai,CUST-06879,P002,Smartphone,Electronics,1,1794.99,0,1794.99,0.0,1794.99,Card,Online,2026,8,August,25,Tuesday,False,1794.99,1794.99
TXN-0008631,2026-08-25,DXB-001,Dubai,CUST-05267,P008,Desk,Furniture,1,760.49,0,760.49,0.0,760.49,Apple Pay,Store,2026,8,August,25,Tuesday,False,760.49,760.49
TXN-0008695,2026-08-25,DXB-004,Dubai,CUST-01829,P013,USB Drive,Accessories,1,49.17,0,49.17,0.0,49.17,Card,Store,2026,8,August,25,Tuesday,False,49.17,49.17
TXN-0008881,2026-08-25,DXB-004,Dubai,CUST-02799,P005,Keyboard,Accessories,2,178.33,5,356.66,17.83,338.83,Cash,Online,2026,8,August,25,Tuesday,False,338.83,169.42
TXN-0008892,2026-08-25,DXB-001,Dubai,CUST-05112,P012,Pen Pack,Stationery,1,15.88,5,15.88,0.79,15.09,Cash,Store,2026,8,August,25,Tuesday,False,15.09,15.09
TXN-0008961,2026-08-25,DXB-005,Dubai,CUST-03273,P009,Backpack,Accessories,2,231.79,0,463.58,0.0,463.58,Apple Pay,Store,2026,8,August,25,Tuesday,False,463.58,231.79
TXN-0008962,2026-08-25,DXB-001,Dubai,CUST-04047,P003,Headphones,Electronics,3,330.24,15,990.72,148.61,842.11,Card,Store,2026,8,August,25,Tuesday,False,842.11,280.7
TXN-0009001,2026-08-25,DXB-002,Dubai,CUST-06480,P009,Backpack,Accessories,1,227.88,10,227.88,22.79,205.09,Card,Store,2026,8,August,25,Tuesday,False,205.09,205.09
TXN-0009004,2026-08-25,DXB-003,Dubai,CUST-01503,P005,Keyboard,Accessories,1,177.97,0,177.97,0.0,177.97,Apple Pay,Online,2026,8,August,25,Tuesday,False,177.97,177.97
TXN-0009008,2026-08-25,DXB-003,Dubai,CUST-00394,P002,Smartphone,Electronics,1,1693.71,15,1693.71,254.06,1439.65,Bank Transfer,Store,2026,8,August,25,Tuesday,False,1439.65,1439.65
TXN-0009011,2026-08-25,DXB-001,Dubai,CUST-01802,P008,Desk,Furniture,1,870.88,15,870.88,130.63,740.25,Card,Online,2026,8,August,25,Tuesday,False,740.25,740.25
TXN-0009099,2026-08-25,DXB-001,Dubai,CUST-05736,P010,Printer,Office,1,709.04,0,709.04,0.0,709.04,Cash,Online,2026,8,August,25,Tuesday,False,709.04,709.04
TXN-0009201,2026-08-25,DXB-004,Dubai,CUST-03085,P007,Office Chair,Furniture,1,649.41,10,649.41,64.94,584.47,Cash,Store,2026,8,August,25,Tuesday,False,584.47,584.47
TXN-0009238,2026-08-25,DXB-005,Dubai,CUST-00215,P004,Monitor,Electronics,1,943.45,15,943.45,141.52,801.93,Card,Store,2026,8,August,25,Tuesday,False,801.93,801.93
TXN-0009264,2026-08-25,DXB-003,Dubai,CUST-02289,P010,Printer,Office,1,630.6,5,630.6,31.53,599.07,Apple Pay,Store,2026,8,August,25,Tuesday,False,599.07,599.07
TXN-0009305,2026-08-25,DXB-004,Dubai,CUST-06318,P001,Laptop,Electronics,1,2711.84,0,2711.84,0.0,2711.84,Apple Pay,Store,2026,8,August,25,Tuesday,False,2711.84,2711.84
TXN-0009319,2026-08-25,DXB-004,Dubai,CUST-02747,P013,USB Drive,Accessories,1,47.15,5,47.15,2.36,44.79,Card,Store,2026,8,August,25,Tuesday,False,44.79,44.79
TXN-0009326,2026-08-25,DXB-003,Dubai,CUST-03493,P009,Backpack,Accessories,4,196.61,0,786.44,0.0,786.44,Bank Transfer,Online,2026,8,August,25,Tuesday,False,786.44,196.61
TXN-0009343,2026-08-25,DXB-002,Dubai,CUST-04786,P014,Power Bank,Electronics,1,157.13,0,157.13,0.0,157.13,Card,Store,2026,8,August,25,Tuesday,False,157.13,157.13
TXN-0009376,2026-08-25,DXB-003,Dubai,CUST-04994,P014,Power Bank,Electronics,1,150.72,0,150.72,0.0,150.72,Apple Pay,Store,2026,8,August,25,Tuesday,False,150.72,150.72
TXN-0009423,2026-08-25,DXB-002,Dubai,CUST-01346,P001,Laptop,Electronics,2,2593.27,5,5186.54,259.33,4927.21,Card,Store,2026,8,August,25,Tuesday,False,4927.21,2463.6
TXN-0009442,2026-08-25,DXB-005,Dubai,CUST-00865,P010,Printer,Office,3,696.86,15,2090.58,313.59,1776.99,Card,Store,2026,8,August,25,Tuesday,False,1776.99,592.33
TXN-0009485,2026-08-25,DXB-004,Dubai,CUST-05119,P003,Headphones,Electronics,1,367.0,10,367.0,36.7,330.3,Card,Store,2026,8,August,25,Tuesday,False,330.3,330.3
TXN-0009548,2026-08-25,DXB-001,Dubai,CUST-07731,P011,Notebook,Stationery,1,23.42,10,23.42,2.34,21.08,Card,Store,2026,8,August,25,Tuesday,False,21.08,21.08
TXN-0009581,2026-08-25,DXB-002,Dubai,CUST-04675,P012,Pen Pack,Stationery,2,14.67,10,29.34,2.93,26.41,Apple Pay,Online,2026,8,August,25,Tuesday,False,26.41,13.2
TXN-0009595,2026-08-25,DXB-002,Dubai,CUST-03209,P015,Tablet,Electronics,1,1137.93,5,1137.93,56.9,1081.03,Cash,Store,2026,8,August,25,Tuesday,False,1081.03,1081.03
TXN-0009608,2026-08-25,DXB-003,Dubai,CUST-00199,P005,Keyboard,Accessories,1,171.72,0,171.72,0.0,171.72,Cash,Store,2026,8,August,25,Tuesday,False,171.72,171.72
TXN-0009617,2026-08-25,DXB-004,Dubai,CUST-05818,P015,Tablet,Electronics,1,1297.63,0,1297.63,0.0,1297.63,Card,Online,2026,8,August,25,Tuesday,False,1297.63,1297.63
TXN-0009643,2026-08-25,DXB-003,Dubai,CUST-03112,P012,Pen Pack,Stationery,1,16.68,5,16.68,0.83,15.85,Bank Transfer,Online,2026,8,August,25,Tuesday,False,15.85,15.85
TXN-0009819,2026-08-25,DXB-005,Dubai,CUST-02042,P012,Pen Pack,Stationery,3,14.22,5,42.66,2.13,40.53,Card,Store,2026,8,August,25,Tuesday,False,40.53,13.51
TXN-0009981,2026-08-25,DXB-003,Dubai,CUST-07599,P005,Keyboard,Accessories,1,179.51,10,179.51,17.95,161.56,Card,Online,2026,8,August,25,Tuesday,False,161.56,161.56
TXN-0010146,2026-08-25,DXB-005,Dubai,CUST-07440,P007,Office Chair,Furniture,3,660.27,10,1980.81,198.08,1782.73,Card,Store,2026,8,August,25,Tuesday,False,1782.73,594.24
TXN-0010187,2026-08-25,DXB-002,Dubai,CUST-04930,P015,Tablet,Electronics,6,1210.83,5,7264.98,363.25,6901.73,Cash,Store,2026,8,August,25,Tuesday,False,6901.73,1150.29
TXN-0010212,2026-08-25,DXB-001,Dubai,CUST-01351,P005,Keyboard,Accessories,1,194.01,20,194.01,38.8,155.21,Card,Store,2026,8,August,25,Tuesday,False,155.21,155.21
TXN-0010318,2026-08-25,DXB-002,Dubai,CUST-04113,P008,Desk,Furniture,4,770.83,10,3083.32,308.33,2774.99,Cash,Store,2026,8,August,25,Tuesday,False,2774.99,693.75
TXN-0010361,2026-08-25,DXB-004,Dubai,CUST-04146,P009,Backpack,Accessories,1,220.35,0,220.35,0.0,220.35,Bank Transfer,Store,2026,8,August,25,Tuesday,False,220.35,220.35
TXN-0010377,2026-08-25,DXB-004,Dubai,CUST-07903,P007,Office Chair,Furniture,2,578.89,0,1157.78,0.0,1157.78,Card,Store,2026,8,August,25,Tuesday,False,1157.78,578.89
TXN-0010408,2026-08-25,DXB-003,Dubai,CUST-05385,P012,Pen Pack,Stationery,1,16.35,10,16.35,1.64,14.71,Bank Transfer,Store,2026,8,August,25,Tuesday,False,14.71,14.71
TXN-0010422,2026-08-25,DXB-001,Dubai,CUST-03711,P002,Smartphone,Electronics,2,1743.76,5,3487.52,174.38,3313.14,Bank Transfer,Store,2026,8,August,25,Tuesday,False,3313.14,1656.57
TXN-0010432,2026-08-25,DXB-004,Dubai,CUST-00218,P004,Monitor,Electronics,1,904.6,5,904.6,45.23,859.37,Cash,Store,2026,8,August,25,Tuesday,False,859.37,859.37
TXN-0010490,2026-08-25,DXB-002,Dubai,CUST-01125,P014,Power Bank,Electronics,4,172.54,10,690.16,69.02,621.14,Cash,Online,2026,8,August,25,Tuesday,False,621.14,155.28
TXN-0010509,2026-08-25,DXB-004,Dubai,CUST-00553,P008,Desk,Furniture,1,808.16,5,808.16,40.41,767.75,Card,Store,2026,8,August,25,Tuesday,False,767.75,767.75
TXN-0010584,2026-08-25,DXB-001,Dubai,CUST-05730,P007,Office Chair,Furniture,1,699.33,5,699.33,34.97,664.36,Cash,Store,2026,8,August,25,Tuesday,False,664.36,664.36
TXN-0010667,2026-08-25,DXB-001,Dubai,CUST-02592,P009,Backpack,Accessories,2,232.79,0,465.58,0.0,465.58,Card,Store,2026,8,August,25,Tuesday,False,465.58,232.79
TXN-0010778,2026-08-25,DXB-003,Dubai,CUST-00216,P013,USB Drive,Accessories,4,47.96,0,191.84,0.0,191.84,Card,Store,2026,8,August,25,Tuesday,False,191.84,47.96
TXN-0010837,2026-08-25,DXB-001,Dubai,CUST-07586,P014,Power Bank,Electronics,5,151.05,15,755.25,113.29,641.96,Cash,Store,2026,8,August,25,Tuesday,False,641.96,128.39
TXN-0010900,2026-08-25,DXB-003,Dubai,CUST-05039,P001,Laptop,Electronics,1,2920.22,10,2920.22,292.02,2628.2,Card,Store,2026,8,August,25,Tuesday,False,2628.2,2628.2
TXN-0010956,2026-08-25,DXB-003,Dubai,CUST-01126,P014,Power Bank,Electronics,1,159.69,10,159.69,15.97,143.72,Card,Store,2026,8,August,25,Tuesday,False,143.72,143.72
TXN-0010989,2026-08-25,DXB-001,Dubai,CUST-02716,P003,Headphones,Electronics,2,372.04,0,744.08,0.0,744.08,Card,Store,2026,8,August,25,Tuesday,False,744.08,372.04
TXN-0011021,2026-08-25,DXB-001,Dubai,CUST-05132,P003,Headphones,Electronics,1,385.34,0,385.34,0.0,385.34,Card,Store,2026,8,August,25,Tuesday,False,385.34,385.34
TXN-0011047,2026-08-25,DXB-001,Dubai,CUST-07518,P002,Smartphone,Electronics,4,1919.27,20,7677.08,1535.42,6141.66,Card,Store,2026,8,August,25,Tuesday,False,6141.66,1535.42
TXN-0011073,2026-08-25,DXB-003,Dubai,CUST-01578,P009,Backpack,Accessories,1,209.13,0,209.13,0.0,209.13,Bank Transfer,Store,2026,8,August,25,Tuesday,False,209.13,209.13
TXN-0011100,2026-08-25,DXB-004,Dubai,CUST-05025,P010,Printer,Office,1,647.03,5,647.03,32.35,614.68,Card,Store,2026,8,August,25,Tuesday,False,614.68,614.68
TXN-0011171,2026-08-25,DXB-003,Dubai,CUST-02304,P013,USB Drive,Accessories,1,48.2,0,48.2,0.0,48.2,Cash,Store,2026,8,August,25,Tuesday,False,48.2,48.2
TXN-0011207,2026-08-25,DXB-003,Dubai,CUST-06672,P010,Printer,Office,2,668.19,10,1336.38,133.64,1202.74,Card,Store,2026,8,August,25,Tuesday,False,1202.74,601.37
TXN-0011223,2026-08-25,DXB-001,Dubai,CUST-07566,P001,Laptop,Electronics,6,3027.82,5,18166.92,908.35,17258.57,Card,Online,2026,8,August,25,Tuesday,False,17258.57,2876.43
TXN-0011304,2026-08-25,DXB-002,Dubai,CUST-03217,P008,Desk,Furniture,6,780.69,0,4684.14,0.0,4684.14,Card,Online,2026,8,August,25,Tuesday,False,4684.14,780.69
TXN-0011415,2026-08-25,DXB-005,Dubai,CUST-03687,P001,Laptop,Electronics,2,2591.09,5,5182.18,259.11,4923.07,Card,Store,2026,8,August,25,Tuesday,False,4923.07,2461.54
TXN-0011649,2026-08-25,DXB-004,Dubai,CUST-07307,P015,Tablet,Electronics,1,1327.08,15,1327.08,199.06,1128.02,Apple Pay,Store,2026,8,August,25,Tuesday,False,1128.02,1128.02
TXN-0011690,2026-08-25,DXB-003,Dubai,CUST-05231,P009,Backpack,Accessories,3,237.33,0,711.99,0.0,711.99,Card,Store,2026,8,August,25,Tuesday,False,711.99,237.33
TXN-0011717,2026-08-25,DXB-001,Dubai,CUST-02548,P007,Office Chair,Furniture,1,741.11,0,741.11,0.0,741.11,Card,Store,2026,8,August,25,Tuesday,False,741.11,741.11
TXN-0011797,2026-08-25,DXB-001,Dubai,CUST-04834,P013,USB Drive,Accessories,2,46.22,10,92.44,9.24,83.2,Bank Transfer,Store,2026,8,August,25,Tuesday,False,83.2,41.6
TXN-0011904,2026-08-25,DXB-001,Dubai,CUST-07709,P001,Laptop,Electronics,2,2717.61,15,5435.22,815.28,4619.94,Card,Store,2026,8,August,25,Tuesday,False,4619.94,2309.97
TXN-0011906,2026-08-25,DXB-002,Dubai,CUST-04411,P004,Monitor,Electronics,2,925.93,5,1851.86,92.59,1759.27,Card,Online,2026,8,August,25,Tuesday,False,1759.27,879.64
TXN-0012002,2026-08-25,DXB-002,Dubai,CUST-06952,P005,Keyboard,Accessories,1,167.99,10,167.99,16.8,151.19,Cash,Store,2026,8,August,25,Tuesday,False,151.19,151.19
TXN-0012035,2026-08-25,DXB-001,Dubai,CUST-06851,P002,Smartphone,Electronics,1,1716.27,10,1716.27,171.63,1544.64,Card,Store,2026,8,August,25,Tuesday,False,1544.64,1544.64
TXN-0012064,2026-08-25,DXB-003,Dubai,CUST-03335,P013,USB Drive,Accessories,1,43.31,0,43.31,0.0,43.31,Cash,Store,2026,8,August,25,Tuesday,False,43.31,43.31
TXN-0012073,2026-08-25,DXB-001,Dubai,CUST-05257,P009,Backpack,Accessories,4,252.27,5,1009.08,50.45,958.63,Card,Store,2026,8,August,25,Tuesday,False,958.63,239.66
TXN-0012082,2026-08-25,DXB-003,Dubai,CUST-04606,P009,Backpack,Accessories,2,233.21,5,466.42,23.32,443.1,Cash,Online,2026,8,August,25,Tuesday,False,443.1,221.55
TXN-0012280,2026-08-25,DXB-001,Dubai,CUST-06074,P001,Laptop,Electronics,1,2759.08,0,2759.08,0.0,2759.08,Bank Transfer,Store,2026,8,August,25,Tuesday,False,2759.08,2759.08
TXN-0012314,2026-08-25,DXB-002,Dubai,CUST-01297,P007,Office Chair,Furniture,5,650.78,0,3253.9,0.0,3253.9,Apple Pay,Store,2026,8,August,25,Tuesday,False,3253.9,650.78
TXN-0012336,2026-08-25,DXB-003,Dubai,CUST-00504,P008,Desk,Furniture,4,814.25,0,3257.0,0.0,3257.0,Card,Online,2026,8,August,25,Tuesday,False,3257.0,814.25
TXN-0012398,2026-08-25,DXB-002,Dubai,CUST-06508,P006,Mouse,Accessories,4,97.76,0,391.04,0.0,391.04,Cash,Store,2026,8,August,25,Tuesday,False,391.04,97.76
TXN-0012442,2026-08-25,DXB-002,Dubai,CUST-07004,P004,Monitor,Electronics,1,880.93,0,880.93,0.0,880.93,Apple Pay,Store,2026,8,August,25,Tuesday,False,880.93,880.93
TXN-0012458,2026-08-25,DXB-003,Dubai,CUST-03340,P013,USB Drive,Accessories,1,45.86,10,45.86,4.59,41.27,Apple Pay,Store,2026,8,August,25,Tuesday,False,41.27,41.27
TXN-0012461,2026-08-25,DXB-003,Dubai,CUST-07637,P003,Headphones,Electronics,1,350.6,10,350.6,35.06,315.54,Cash,Online,2026,8,August,25,Tuesday,False,315.54,315.54
TXN-0012523,2026-08-25,DXB-002,Dubai,CUST-05977,P009,Backpack,Accessories,2,236.92,0,473.84,0.0,473.84,Bank Transfer,Online,2026,8,August,25,Tuesday,False,473.84,236.92
TXN-0012527,2026-08-25,DXB-005,Dubai,CUST-00687,P010,Printer,Office,1,753.82,0,753.82,0.0,753.82,Card,Store,2026,8,August,25,Tuesday,False,753.82,753.82
TXN-0012530,2026-08-25,DXB-003,Dubai,CUST-01673,P011,Notebook,Stationery,1,25.48,10,25.48,2.55,22.93,Cash,Online,2026,8,August,25,Tuesday,False,22.93,22.93
TXN-0012542,2026-08-25,DXB-002,Dubai,CUST-06388,P003,Headphones,Electronics,1,332.18,0,332.18,0.0,332.18,Bank Transfer,Online,2026,8,August,25,Tuesday,False,332.18,332.18
TXN-0012567,2026-08-25,DXB-002,Dubai,CUST-02385,P005,Keyboard,Accessories,6,187.69,5,1126.14,56.31,1069.83,Card,Store,2026,8,August,25,Tuesday,False,1069.83,178.3
TXN-0012615,2026-08-25,DXB-003,Dubai,CUST-02086,P001,Laptop,Electronics,2,2765.49,10,5530.98,553.1,4977.88,Cash,Online,2026,8,August,25,Tuesday,False,4977.88,2488.94
TXN-0012661,2026-08-25,DXB-002,Dubai,CUST-02751,P011,Notebook,Stationery,1,23.75,0,23.75,0.0,23.75,Cash,Store,2026,8,August,25,Tuesday,False,23.75,23.75
TXN-0012677,2026-08-25,DXB-003,Dubai,CUST-07407,P011,Notebook,Stationery,4,27.61,5,110.44,5.52,104.92,Card,Store,2026,8,August,25,Tuesday,False,104.92,26.23
TXN-0012688,2026-08-25,DXB-005,Dubai,CUST-05385,P011,Notebook,Stationery,2,24.64,0,49.28,0.0,49.28,Bank Transfer,Store,2026,8,August,25,Tuesday,False,49.28,24.64
TXN-0012741,2026-08-25,DXB-001,Dubai,CUST-02798,P004,Monitor,Electronics,2,974.59,5,1949.18,97.46,1851.72,Card,Online,2026,8,August,25,Tuesday,False,1851.72,925.86
TXN-0012760,2026-08-25,DXB-001,Dubai,CUST-04825,P009,Backpack,Accessories,5,228.15,0,1140.75,0.0,1140.75,Card,Store,2026,8,August,25,Tuesday,False,1140.75,228.15
TXN-0012793,2026-08-25,DXB-003,Dubai,CUST-00034,P001,Laptop,Electronics,2,2715.01,0,5430.02,0.0,5430.02,Cash,Store,2026,8,August,25,Tuesday,False,5430.02,2715.01
TXN-0012817,2026-08-25,DXB-003,Dubai,CUST-07019,P010,Printer,Office,2,775.61,10,1551.22,155.12,1396.1,Cash,Store,2026,8,August,25,Tuesday,False,1396.1,698.05
TXN-0012834,2026-08-25,DXB-005,Dubai,CUST-05272,P009,Backpack,Accessories,4,219.6,0,878.4,0.0,878.4,Cash,Online,2026,8,August,25,Tuesday,False,878.4,219.6
TXN-0012977,2026-08-25,DXB-003,Dubai,CUST-07644,P006,Mouse,Accessories,1,98.42,15,98.42,14.76,83.66,Card,Online,2026,8,August,25,Tuesday,False,83.66,83.66
TXN-0013044,2026-08-25,DXB-001,Dubai,CUST-07131,P010,Printer,Office,2,696.48,0,1392.96,0.0,1392.96,Apple Pay,Store,2026,8,August,25,Tuesday,False,1392.96,696.48
TXN-0013070,2026-08-25,DXB-002,Dubai,CUST-05073,P004,Monitor,Electronics,1,841.06,10,841.06,84.11,756.95,Cash,Online,2026,8,August,25,Tuesday,False,756.95,756.95
TXN-0013122,2026-08-25,DXB-001,Dubai,CUST-03349,P004,Monitor,Electronics,1,884.01,5,884.01,44.2,839.81,Cash,Store,2026,8,August,25,Tuesday,False,839.81,839.81
TXN-0013271,2026-08-25,DXB-005,Dubai,CUST-05381,P007,Office Chair,Furniture,5,706.34,15,3531.7,529.76,3001.94,Cash,Online,2026,8,August,25,Tuesday,False,3001.94,600.39
TXN-0013360,2026-08-25,DXB-003,Dubai,CUST-01102,P003,Headphones,Electronics,1,328.78,10,328.78,32.88,295.9,Cash,Store,2026,8,August,25,Tuesday,False,295.9,295.9
TXN-0013379,2026-08-25,DXB-001,Dubai,CUST-04431,P009,Backpack,Accessories,2,194.53,0,389.06,0.0,389.06,Apple Pay,Online,2026,8,August,25,Tuesday,False,389.06,194.53
TXN-0013382,2026-08-25,DXB-002,Dubai,CUST-03201,P014,Power Bank,Electronics,2,137.58,10,275.16,27.52,247.64,Card,Store,2026,8,August,25,Tuesday,False,247.64,123.82
TXN-0013390,2026-08-25,DXB-002,Dubai,CUST-04247,P001,Laptop,Electronics,1,2837.48,10,2837.48,283.75,2553.73,Card,Store,2026,8,August,25,Tuesday,False,2553.73,2553.73
TXN-0013410,2026-08-25,DXB-003,Dubai,CUST-02942,P011,Notebook,Stationery,1,25.41,5,25.41,1.27,24.14,Card,Online,2026,8,August,25,Tuesday,False,24.14,24.14
TXN-0013440,2026-08-25,DXB-002,Dubai,CUST-00391,P008,Desk,Furniture,2,796.22,5,1592.44,79.62,1512.82,Bank Transfer,Store,2026,8,August,25,Tuesday,False,1512.82,756.41
TXN-0013469,2026-08-25,DXB-002,Dubai,CUST-06190,P002,Smartphone,Electronics,1,1806.96,0,1806.96,0.0,1806.96,Card,Store,2026,8,August,25,Tuesday,False,1806.96,1806.96
TXN-0013498,2026-08-25,DXB-001,Dubai,CUST-06104,P007,Office Chair,Furniture,1,600.51,0,600.51,0.0,600.51,Cash,Store,2026,8,August,25,Tuesday,False,600.51,600.51
TXN-0013574,2026-08-25,DXB-001,Dubai,CUST-00431,P010,Printer,Office,5,704.0,20,3520.0,704.0,2816.0,Apple Pay,Store,2026,8,August,25,Tuesday,False,2816.0,563.2
TXN-0014012,2026-08-25,DXB-002,Dubai,CUST-03793,P010,Printer,Office,1,663.72,15,663.72,99.56,564.16,Card,Store,2026,8,August,25,Tuesday,False,564.16,564.16
TXN-0014067,2026-08-25,DXB-002,Dubai,CUST-05178,P004,Monitor,Electronics,1,849.06,0,849.06,0.0,849.06,Card,Store,2026,8,August,25,Tuesday,False,849.06,849.06
TXN-0014087,2026-08-25,DXB-004,Dubai,CUST-02691,P003,Headphones,Electronics,1,320.88,10,320.88,32.09,288.79,Cash,Store,2026,8,August,25,Tuesday,False,288.79,288.79
TXN-0014152,2026-08-25,DXB-001,Dubai,CUST-00894,P003,Headphones,Electronics,2,389.74,5,779.48,38.97,740.51,Apple Pay,Store,2026,8,August,25,Tuesday,False,740.51,370.26
TXN-0014155,2026-08-25,DXB-004,Dubai,CUST-07555,P011,Notebook,Stationery,1,22.98,0,22.98,0.0,22.98,Card,Online,2026,8,August,25,Tuesday,False,22.98,22.98
TXN-0014256,2026-08-25,DXB-002,Dubai,CUST-00930,P008,Desk,Furniture,1,720.79,10,720.79,72.08,648.71,Card,Online,2026,8,August,25,Tuesday,False,648.71,648.71
TXN-0014262,2026-08-25,DXB-004,Dubai,CUST-04716,P008,Desk,Furniture,2,845.58,15,1691.16,253.67,1437.49,Card,Store,2026,8,August,25,Tuesday,False,1437.49,718.74
TXN-0014271,2026-08-25,DXB-005,Dubai,CUST-00816,P014,Power Bank,Electronics,5,140.03,0,700.15,0.0,700.15,Card,Store,2026,8,August,25,Tuesday,False,700.15,140.03
TXN-0014317,2026-08-25,DXB-001,Dubai,CUST-05101,P007,Office Chair,Furniture,1,698.29,10,698.29,69.83,628.46,Cash,Store,2026,8,August,25,Tuesday,False,628.46,628.46
TXN-0014324,2026-08-25,DXB-001,Dubai,CUST-02808,P006,Mouse,Accessories,4,93.29,0,373.16,0.0,373.16,Card,Store,2026,8,August,25,Tuesday,False,373.16,93.29
TXN-0014361,2026-08-25,DXB-001,Dubai,CUST-05199,P013,USB Drive,Accessories,3,48.94,20,146.82,29.36,117.46,Card,Online,2026,8,August,25,Tuesday,False,117.46,39.15
TXN-0014485,2026-08-25,DXB-005,Dubai,CUST-02362,P009,Backpack,Accessories,2,225.93,15,451.86,67.78,384.08,Bank Transfer,Store,2026,8,August,25,Tuesday,False,384.08,192.04
TXN-0014514,2026-08-25,DXB-003,Dubai,CUST-05725,P015,Tablet,Electronics,1,1155.02,10,1155.02,115.5,1039.52,Card,Store,2026,8,August,25,Tuesday,False,1039.52,1039.52
TXN-0014602,2026-08-25,DXB-005,Dubai,CUST-03885,P005,Keyboard,Accessories,1,201.68,0,201.68,0.0,201.68,Apple Pay,Online,2026,8,August,25,Tuesday,False,201.68,201.68
TXN-0014612,2026-08-25,DXB-004,Dubai,CUST-00005,P011,Notebook,Stationery,6,26.31,5,157.86,7.89,149.97,Card,Online,2026,8,August,25,Tuesday,False,149.97,25.0
TXN-0014638,2026-08-25,DXB-005,Dubai,CUST-04934,P002,Smartphone,Electronics,1,1678.29,10,1678.29,167.83,1510.46,Card,Store,2026,8,August,25,Tuesday,False,1510.46,1510.46
TXN-0014793,2026-08-25,DXB-002,Dubai,CUST-02710,P010,Printer,Office,1,659.9,5,659.9,32.99,626.91,Apple Pay,Store,2026,8,August,25,Tuesday,False,626.91,626.91
TXN-0014833,2026-08-25,DXB-003,Dubai,CUST-03125,P012,Pen Pack,Stationery,1,12.78,5,12.78,0.64,12.14,Card,Online,2026,8,August,25,Tuesday,False,12.14,12.14
TXN-0014838,2026-08-25,DXB-001,Dubai,CUST-01760,P010,Printer,Office,2,726.58,20,1453.16,290.63,1162.53,Apple Pay,Store,2026,8,August,25,Tuesday,False,1162.53,581.26
TXN-0014948,2026-08-25,DXB-002,Dubai,CUST-02029,P003,Headphones,Electronics,2,345.6,10,691.2,69.12,622.08,Card,Store,2026,8,August,25,Tuesday,False,622.08,311.04
TXN-0014951,2026-08-25,DXB-005,Dubai,CUST-00920,P007,Office Chair,Furniture,3,713.23,0,2139.69,0.0,2139.69,Cash,Store,2026,8,August,25,Tuesday,False,2139.69,713.23
TXN-0014983,2026-08-25,DXB-002,Dubai,CUST-05571,P009,Backpack,Accessories,3,210.33,5,630.99,31.55,599.44,Card,Store,2026,8,August,25,Tuesday,False,599.44,199.81
TXN-0015046,2026-08-25,DXB-003,Dubai,CUST-01420,P011,Notebook,Stationery,4,22.8,10,91.2,9.12,82.08,Card,Store,2026,8,August,25,Tuesday,False,82.08,20.52
TXN-0015081,2026-08-25,DXB-001,Dubai,CUST-01754,P008,Desk,Furniture,2,815.94,0,1631.88,0.0,1631.88,Card,Store,2026,8,August,25,Tuesday,False,1631.88,815.94
TXN-0015245,2026-08-25,DXB-003,Dubai,CUST-03123,P007,Office Chair,Furniture,2,706.28,0,1412.56,0.0,1412.56,Card,Store,2026,8,August,25,Tuesday,False,1412.56,706.28
TXN-0015332,2026-08-25,DXB-001,Dubai,CUST-05417,P001,Laptop,Electronics,2,2589.66,10,5179.32,517.93,4661.39,Bank Transfer,Store,2026,8,August,25,Tuesday,False,4661.39,2330.7
TXN-0015366,2026-08-25,DXB-005,Dubai,CUST-01184,P002,Smartphone,Electronics,1,1665.58,20,1665.58,333.12,1332.46,Card,Store,2026,8,August,25,Tuesday,False,1332.46,1332.46
TXN-0015439,2026-08-25,DXB-005,Dubai,CUST-01301,P007,Office Chair,Furniture,2,612.0,0,1224.0,0.0,1224.0,Card,Store,2026,8,August,25,Tuesday,False,1224.0,612.0
TXN-0015484,2026-08-25,DXB-004,Dubai,CUST-03371,P001,Laptop,Electronics,1,2331.46,10,2331.46,233.15,2098.31,Cash,Store,2026,8,August,25,Tuesday,False,2098.31,2098.31
TXN-0015501,2026-08-25,DXB-001,Dubai,CUST-05521,P007,Office Chair,Furniture,2,725.62,0,1451.24,0.0,1451.24,Bank Transfer,Online,2026,8,August,25,Tuesday,False,1451.24,725.62
TXN-0015519,2026-08-25,DXB-001,Dubai,CUST-00242,P010,Printer,Office,1,690.57,0,690.57,0.0,690.57,Apple Pay,Store,2026,8,August,25,Tuesday,False,690.57,690.57
TXN-0015553,2026-08-25,DXB-005,Dubai,CUST-03799,P012,Pen Pack,Stationery,3,15.29,0,45.87,0.0,45.87,Card,Online,2026,8,August,25,Tuesday,False,45.87,15.29
TXN-0015573,2026-08-25,DXB-004,Dubai,CUST-03839,P006,Mouse,Accessories,1,104.16,15,104.16,15.62,88.54,Apple Pay,Store,2026,8,August,25,Tuesday,False,88.54,88.54
TXN-0015640,2026-08-25,DXB-003,Dubai,CUST-05693,P012,Pen Pack,Stationery,1,16.7,5,16.7,0.84,15.86,Card,Store,2026,8,August,25,Tuesday,False,15.86,15.86
TXN-0015663,2026-08-25,DXB-002,Dubai,CUST-00649,P006,Mouse,Accessories,3,103.42,0,310.26,0.0,310.26,Card,Store,2026,8,August,25,Tuesday,False,310.26,103.42
TXN-0015687,2026-08-25,DXB-002,Dubai,CUST-01015,P007,Office Chair,Furniture,3,648.39,0,1945.17,0.0,1945.17,Card,Store,2026,8,August,25,Tuesday,False,1945.17,648.39
TXN-0015697,2026-08-25,DXB-001,Dubai,CUST-02056,P007,Office Chair,Furniture,1,629.95,0,629.95,0.0,629.95,Apple Pay,Store,2026,8,August,25,Tuesday,False,629.95,629.95
TXN-0015749,2026-08-25,DXB-005,Dubai,CUST-00099,P009,Backpack,Accessories,3,230.75,0,692.25,0.0,692.25,Card,Store,2026,8,August,25,Tuesday,False,692.25,230.75
TXN-0015763,2026-08-25,DXB-002,Dubai,CUST-01801,P001,Laptop,Electronics,2,2987.13,5,5974.26,298.71,5675.55,Card,Store,2026,8,August,25,Tuesday,False,5675.55,2837.78
TXN-0015783,2026-08-25,DXB-002,Dubai,CUST-01452,P008,Desk,Furniture,3,699.52,5,2098.56,104.93,1993.63,Bank Transfer,Store,2026,8,August,25,Tuesday,False,1993.63,664.54
TXN-0015899,2026-08-25,DXB-003,Dubai,CUST-03881,P015,Tablet,Electronics,1,1174.19,5,1174.19,58.71,1115.48,Apple Pay,Online,2026,8,August,25,Tuesday,False,1115.48,1115.48
TXN-0015965,2026-08-25,DXB-002,Dubai,CUST-01921,P009,Backpack,Accessories,1,191.98,5,191.98,9.6,182.38,Card,Store,2026,8,August,25,Tuesday,False,182.38,182.38
TXN-0016069,2026-08-25,DXB-002,Dubai,CUST-03753,P013,USB Drive,Accessories,1,38.37,20,38.37,7.67,30.7,Cash,Store,2026,8,August,25,Tuesday,False,30.7,30.7
TXN-0016088,2026-08-25,DXB-005,Dubai,CUST-06976,P010,Printer,Office,1,639.49,15,639.49,95.92,543.57,Card,Store,2026,8,August,25,Tuesday,False,543.57,543.57
TXN-0016135,2026-08-25,DXB-004,Dubai,CUST-04522,P011,Notebook,Stationery,1,25.58,0,25.58,0.0,25.58,Card,Online,2026,8,August,25,Tuesday,False,25.58,25.58
TXN-0016148,2026-08-25,DXB-005,Dubai,CUST-05405,P003,Headphones,Electronics,1,345.5,15,345.5,51.82,293.68,Card,Store,2026,8,August,25,Tuesday,False,293.68,293.68
TXN-0016178,2026-08-25,DXB-004,Dubai,CUST-04162,P014,Power Bank,Electronics,3,154.38,5,463.14,23.16,439.98,Cash,Store,2026,8,August,25,Tuesday,False,439.98,146.66
TXN-0016193,2026-08-25,DXB-004,Dubai,CUST-05598,P001,Laptop,Electronics,1,2805.31,15,2805.31,420.8,2384.51,Card,Store,2026,8,August,25,Tuesday,False,2384.51,2384.51
TXN-0016198,2026-08-25,DXB-004,Dubai,CUST-02317,P009,Backpack,Accessories,1,229.43,5,229.43,11.47,217.96,Bank Transfer,Online,2026,8,August,25,Tuesday,False,217.96,217.96
TXN-0016205,2026-08-25,DXB-005,Dubai,CUST-05152,P015,Tablet,Electronics,1,1034.38,5,1034.38,51.72,982.66,Cash,Store,2026,8,August,25,Tuesday,False,982.66,982.66
TXN-0016397,2026-08-25,DXB-004,Dubai,CUST-04316,P005,Keyboard,Accessories,1,182.45,10,182.45,18.24,164.21,Card,Store,2026,8,August,25,Tuesday,False,164.21,164.21
TXN-0016398,2026-08-25,DXB-004,Dubai,CUST-07932,P006,Mouse,Accessories,1,102.82,10,102.82,10.28,92.54,Bank Transfer,Store,2026,8,August,25,Tuesday,False,92.54,92.54
TXN-0016586,2026-08-25,DXB-005,Dubai,CUST-00071,P014,Power Bank,Electronics,3,148.58,10,445.74,44.57,401.17,Apple Pay,Store,2026,8,August,25,Tuesday,False,401.17,133.72
TXN-0016589,2026-08-25,DXB-003,Dubai,CUST-05623,P011,Notebook,Stationery,2,26.73,10,53.46,5.35,48.11,Card,Store,2026,8,August,25,Tuesday,False,48.11,24.06
TXN-0016613,2026-08-25,DXB-002,Dubai,CUST-06456,P007,Office Chair,Furniture,1,689.68,5,689.68,34.48,655.2,Apple Pay,Store,2026,8,August,25,Tuesday,False,655.2,655.2
TXN-0016786,2026-08-25,DXB-004,Dubai,CUST-01527,P005,Keyboard,Accessories,1,177.64,0,177.64,0.0,177.64,Card,Store,2026,8,August,25,Tuesday,False,177.64,177.64
TXN-0016865,2026-08-25,DXB-001,Dubai,CUST-02131,P010,Printer,Office,2,664.53,0,1329.06,0.0,1329.06,Card,Store,2026,8,August,25,Tuesday,False,1329.06,664.53
TXN-0016867,2026-08-25,DXB-003,Dubai,CUST-02067,P003,Headphones,Electronics,2,337.98,5,675.96,33.8,642.16,Card,Online,2026,8,August,25,Tuesday,False,642.16,321.08
TXN-0016942,2026-08-25,DXB-001,Dubai,CUST-01829,P003,Headphones,Electronics,1,345.51,0,345.51,0.0,345.51,Apple Pay,Store,2026,8,August,25,Tuesday,False,345.51,345.51
TXN-0016955,2026-08-25,DXB-002,Dubai,CUST-00380,P006,Mouse,Accessories,2,105.8,10,211.6,21.16,190.44,Cash,Store,2026,8,August,25,Tuesday,False,190.44,95.22
TXN-0016956,2026-08-25,DXB-001,Dubai,CUST-00566,P014,Power Bank,Electronics,1,144.66,0,144.66,0.0,144.66,Cash,Online,2026,8,August,25,Tuesday,False,144.66,144.66
TXN-0017131,2026-08-25,DXB-002,Dubai,CUST-00451,P009,Backpack,Accessories,1,203.47,15,203.47,30.52,172.95,Apple Pay,Online,2026,8,August,25,Tuesday,False,172.95,172.95
TXN-0017136,2026-08-25,DXB-003,Dubai,CUST-02796,P006,Mouse,Accessories,1,106.18,5,106.18,5.31,100.87,Card,Store,2026,8,August,25,Tuesday,False,100.87,100.87
TXN-0017161,2026-08-25,DXB-002,Dubai,CUST-00699,P005,Keyboard,Accessories,2,181.63,0,363.26,0.0,363.26,Card,Online,2026,8,August,25,Tuesday,False,363.26,181.63
TXN-0017188,2026-08-25,DXB-004,Dubai,CUST-06069,P014,Power Bank,Electronics,2,153.17,5,306.34,15.32,291.02,Apple Pay,Online,2026,8,August,25,Tuesday,False,291.02,145.51
TXN-0017209,2026-08-25,DXB-003,Dubai,CUST-03751,P008,Desk,Furniture,1,825.33,0,825.33,0.0,825.33,Cash,Online,2026,8,August,25,Tuesday,False,825.33,825.33
TXN-0017269,2026-08-25,DXB-001,Dubai,CUST-06465,P014,Power Bank,Electronics,2,148.53,5,297.06,14.85,282.21,Card,Online,2026,8,August,25,Tuesday,False,282.21,141.1
TXN-0017298,2026-08-25,DXB-004,Dubai,CUST-05091,P005,Keyboard,Accessories,3,184.9,20,554.7,110.94,443.76,Card,Store,2026,8,August,25,Tuesday,False,443.76,147.92
TXN-0017334,2026-08-25,DXB-003,Dubai,CUST-03813,P013,USB Drive,Accessories,2,47.78,0,95.56,0.0,95.56,Cash,Store,2026,8,August,25,Tuesday,False,95.56,47.78
TXN-0017347,2026-08-25,DXB-002,Dubai,CUST-01279,P010,Printer,Office,1,692.56,0,692.56,0.0,692.56,Card,Online,2026,8,August,25,Tuesday,False,692.56,692.56
TXN-0017369,2026-08-25,DXB-004,Dubai,CUST-07846,P008,Desk,Furniture,2,881.61,10,1763.22,176.32,1586.9,Card,Store,2026,8,August,25,Tuesday,False,1586.9,793.45
TXN-0017441,2026-08-25,DXB-003,Dubai,CUST-01589,P012,Pen Pack,Stationery,3,14.53,0,43.59,0.0,43.59,Cash,Store,2026,8,August,25,Tuesday,False,43.59,14.53
TXN-0017503,2026-08-25,DXB-001,Dubai,CUST-04717,P013,USB Drive,Accessories,3,39.21,0,117.63,0.0,117.63,Card,Store,2026,8,August,25,Tuesday,False,117.63,39.21
TXN-0017554,2026-08-25,DXB-004,Dubai,CUST-06217,P004,Monitor,Electronics,1,846.75,15,846.75,127.01,719.74,Card,Store,2026,8,August,25,Tuesday,False,719.74,719.74
TXN-0017898,2026-08-25,DXB-002,Dubai,CUST-05213,P011,Notebook,Stationery,1,24.45,10,24.45,2.44,22.01,Bank Transfer,Store,2026,8,August,25,Tuesday,False,22.01,22.01
TXN-0018022,2026-08-25,DXB-003,Dubai,CUST-04225,P002,Smartphone,Electronics,1,1751.53,10,1751.53,175.15,1576.38,Card,Store,2026,8,August,25,Tuesday,False,1576.38,1576.38
TXN-0018065,2026-08-25,DXB-001,Dubai,CUST-04361,P007,Office Chair,Furniture,1,656.39,10,656.39,65.64,590.75,Card,Store,2026,8,August,25,Tuesday,False,590.75,590.75
TXN-0018070,2026-08-25,DXB-003,Dubai,CUST-05119,P001,Laptop,Electronics,2,2837.51,5,5675.02,283.75,5391.27,Card,Store,2026,8,August,25,Tuesday,False,5391.27,2695.64
TXN-0018097,2026-08-25,DXB-001,Dubai,CUST-07810,P010,Printer,Office,1,660.21,15,660.21,99.03,561.18,Bank Transfer,Online,2026,8,August,25,Tuesday,False,561.18,561.18
TXN-0018194,2026-08-25,DXB-005,Dubai,CUST-00113,P012,Pen Pack,Stationery,1,14.72,5,14.72,0.74,13.98,Card,Online,2026,8,August,25,Tuesday,False,13.98,13.98
TXN-0018216,2026-08-25,DXB-004,Dubai,CUST-00842,P005,Keyboard,Accessories,1,174.09,0,174.09,0.0,174.09,Card,Store,2026,8,August,25,Tuesday,False,174.09,174.09
TXN-0018293,2026-08-25,DXB-002,Dubai,CUST-04764,P006,Mouse,Accessories,1,111.37,10,111.37,11.14,100.23,Card,Store,2026,8,August,25,Tuesday,False,100.23,100.23
TXN-0018296,2026-08-25,DXB-004,Dubai,CUST-05161,P002,Smartphone,Electronics,3,1695.93,0,5087.79,0.0,5087.79,Card,Store,2026,8,August,25,Tuesday,False,5087.79,1695.93
TXN-0018314,2026-08-25,DXB-002,Dubai,CUST-00380,P008,Desk,Furniture,2,809.22,0,1618.44,0.0,1618.44,Card,Store,2026,8,August,25,Tuesday,False,1618.44,809.22
TXN-0018361,2026-08-25,DXB-001,Dubai,CUST-03992,P005,Keyboard,Accessories,3,177.45,0,532.35,0.0,532.35,Apple Pay,Store,2026,8,August,25,Tuesday,False,532.35,177.45
TXN-0018406,2026-08-25,DXB-003,Dubai,CUST-04103,P015,Tablet,Electronics,2,1209.26,0,2418.52,0.0,2418.52,Apple Pay,Store,2026,8,August,25,Tuesday,False,2418.52,1209.26
TXN-0018565,2026-08-25,DXB-001,Dubai,CUST-04151,P004,Monitor,Electronics,2,897.88,0,1795.76,0.0,1795.76,Card,Store,2026,8,August,25,Tuesday,False,1795.76,897.88
TXN-0018724,2026-08-25,DXB-004,Dubai,CUST-07167,P015,Tablet,Electronics,2,1201.91,15,2403.82,360.57,2043.25,Card,Store,2026,8,August,25,Tuesday,False,2043.25,1021.62
TXN-0018868,2026-08-25,DXB-001,Dubai,CUST-00317,P004,Monitor,Electronics,1,874.29,5,874.29,43.71,830.58,Bank Transfer,Store,2026,8,August,25,Tuesday,False,830.58,830.58
TXN-0019001,2026-08-25,DXB-005,Dubai,CUST-03007,P007,Office Chair,Furniture,3,655.62,10,1966.86,196.69,1770.17,Card,Online,2026,8,August,25,Tuesday,False,1770.17,590.06
TXN-0019013,2026-08-25,DXB-004,Dubai,CUST-07631,P008,Desk,Furniture,2,813.69,0,1627.38,0.0,1627.38,Apple Pay,Store,2026,8,August,25,Tuesday,False,1627.38,813.69
TXN-0019017,2026-08-25,DXB-004,Dubai,CUST-02968,P002,Smartphone,Electronics,3,1984.37,0,5953.11,0.0,5953.11,Cash,Store,2026,8,August,25,Tuesday,False,5953.11,1984.37
TXN-0019073,2026-08-25,DXB-001,Dubai,CUST-04846,P003,Headphones,Electronics,1,347.56,0,347.56,0.0,347.56,Apple Pay,Store,2026,8,August,25,Tuesday,False,347.56,347.56
TXN-0019127,2026-08-25,DXB-004,Dubai,CUST-00504,P014,Power Bank,Electronics,1,142.23,5,142.23,7.11,135.12,Cash,Store,2026,8,August,25,Tuesday,False,135.12,135.12
TXN-0019133,2026-08-25,DXB-004,Dubai,CUST-04129,P013,USB Drive,Accessories,2,45.12,0,90.24,0.0,90.24,Cash,Online,2026,8,August,25,Tuesday,False,90.24,45.12
TXN-0019157,2026-08-25,DXB-004,Dubai,CUST-00697,P004,Monitor,Electronics,5,918.85,0,4594.25,0.0,4594.25,Bank Transfer,Store,2026,8,August,25,Tuesday,False,4594.25,918.85
TXN-0019183,2026-08-25,DXB-001,Dubai,CUST-04089,P011,Notebook,Stationery,1,25.44,5,25.44,1.27,24.17,Apple Pay,Store,2026,8,August,25,Tuesday,False,24.17,24.17
TXN-0019259,2026-08-25,DXB-005,Dubai,CUST-01331,P003,Headphones,Electronics,1,357.9,0,357.9,0.0,357.9,Cash,Store,2026,8,August,25,Tuesday,False,357.9,357.9
TXN-0019300,2026-08-25,DXB-001,Dubai,CUST-06458,P006,Mouse,Accessories,2,100.65,15,201.3,30.2,171.1,Cash,Store,2026,8,August,25,Tuesday,False,171.1,85.55
TXN-0019315,2026-08-25,DXB-004,Dubai,CUST-03319,P010,Printer,Office,2,688.17,0,1376.34,0.0,1376.34,Card,Store,2026,8,August,25,Tuesday,False,1376.34,688.17
TXN-0019357,2026-08-25,DXB-003,Dubai,CUST-01513,P004,Monitor,Electronics,1,879.06,10,879.06,87.91,791.15,Card,Store,2026,8,August,25,Tuesday,False,791.15,791.15
TXN-0019382,2026-08-25,DXB-005,Dubai,CUST-06957,P002,Smartphone,Electronics,3,1741.39,10,5224.17,522.42,4701.75,Card,Store,2026,8,August,25,Tuesday,False,4701.75,1567.25
TXN-0019483,2026-08-25,DXB-001,Dubai,CUST-02721,P007,Office Chair,Furniture,3,655.47,5,1966.41,98.32,1868.09,Card,Store,2026,8,August,25,Tuesday,False,1868.09,622.7
TXN-0019530,2026-08-25,DXB-001,Dubai,CUST-02085,P007,Office Chair,Furniture,1,642.81,5,642.81,32.14,610.67,Card,Online,2026,8,August,25,Tuesday,False,610.67,610.67
TXN-0019549,2026-08-25,DXB-004,Dubai,CUST-06791,P002,Smartphone,Electronics,1,1780.41,15,1780.41,267.06,1513.35,Apple Pay,Store,2026,8,August,25,Tuesday,False,1513.35,1513.35
TXN-0019648,2026-08-25,DXB-001,Dubai,CUST-06324,P005,Keyboard,Accessories,2,192.66,10,385.32,38.53,346.79,Card,Online,2026,8,August,25,Tuesday,False,346.79,173.4
TXN-0019658,2026-08-25,DXB-001,Dubai,CUST-00975,P004,Monitor,Electronics,1,975.51,0,975.51,0.0,975.51,Card,Store,2026,8,August,25,Tuesday,False,975.51,975.51
TXN-0019831,2026-08-25,DXB-005,Dubai,CUST-04232,P005,Keyboard,Accessories,1,159.89,0,159.89,0.0,159.89,Apple Pay,Store,2026,8,August,25,Tuesday,False,159.89,159.89
TXN-0019859,2026-08-25,DXB-005,Dubai,CUST-03740,P009,Backpack,Accessories,2,202.55,5,405.1,20.26,384.84,Bank Transfer,Store,2026,8,August,25,Tuesday,False,384.84,192.42
TXN-0019918,2026-08-25,DXB-004,Dubai,CUST-00639,P012,Pen Pack,Stationery,1,15.4,20,15.4,3.08,12.32,Cash,Store,2026,8,August,25,Tuesday,False,12.32,12.32
TXN-0019922,2026-08-25,DXB-003,Dubai,CUST-03727,P003,Headphones,Electronics,1,354.5,15,354.5,53.18,301.32,Cash,Store,2026,8,August,25,Tuesday,False,301.32,301.32
TXN-0019924,2026-08-25,DXB-001,Dubai,CUST-06516,P013,USB Drive,Accessories,1,50.67,15,50.67,7.6,43.07,Bank Transfer,Online,2026,8,August,25,Tuesday,False,43.07,43.07
TXN-0019992,2026-08-25,DXB-002,Dubai,CUST-04877,P010,Printer,Office,2,656.71,10,1313.42,131.34,1182.08,Cash,Online,2026,8,August,25,Tuesday,False,1182.08,591.04
TXN-0020021,2026-08-25,DXB-003,Dubai,CUST-06971,P012,Pen Pack,Stationery,2,15.04,5,30.08,1.5,28.58,Bank Transfer,Online,2026,8,August,25,Tuesday,False,28.58,14.29
TXN-0020111,2026-08-25,DXB-002,Dubai,CUST-02451,P008,Desk,Furniture,1,852.26,0,852.26,0.0,852.26,Cash,Store,2026,8,August,25,Tuesday,False,852.26,852.26
TXN-0020127,2026-08-25,DXB-001,Dubai,CUST-06579,P010,Printer,Office,1,695.54,5,695.54,34.78,660.76,Cash,Store,2026,8,August,25,Tuesday,False,660.76,660.76
TXN-0020201,2026-08-25,DXB-002,Dubai,CUST-05010,P008,Desk,Furniture,2,766.25,15,1532.5,229.88,1302.62,Cash,Store,2026,8,August,25,Tuesday,False,1302.62,651.31
TXN-0020238,2026-08-25,DXB-001,Dubai,CUST-02503,P002,Smartphone,Electronics,1,1859.26,5,1859.26,92.96,1766.3,Apple Pay,Online,2026,8,August,25,Tuesday,False,1766.3,1766.3
TXN-0020451,2026-08-25,DXB-001,Dubai,CUST-02829,P008,Desk,Furniture,3,759.23,15,2277.69,341.65,1936.04,Cash,Store,2026,8,August,25,Tuesday,False,1936.04,645.35
TXN-0020517,2026-08-25,DXB-002,Dubai,CUST-07284,P009,Backpack,Accessories,1,241.85,10,241.85,24.18,217.67,Card,Store,2026,8,August,25,Tuesday,False,217.67,217.67
TXN-0020681,2026-08-25,DXB-001,Dubai,CUST-01053,P001,Laptop,Electronics,5,2663.68,10,13318.4,1331.84,11986.56,Cash,Store,2026,8,August,25,Tuesday,False,11986.56,2397.31
TXN-0020701,2026-08-25,DXB-001,Dubai,CUST-07721,P007,Office Chair,Furniture,1,678.54,10,678.54,67.85,610.69,Cash,Online,2026,8,August,25,Tuesday,False,610.69,610.69
TXN-0020761,2026-08-25,DXB-005,Dubai,CUST-01798,P012,Pen Pack,Stationery,2,15.31,5,30.62,1.53,29.09,Cash,Store,2026,8,August,25,Tuesday,False,29.09,14.54
TXN-0020955,2026-08-25,DXB-001,Dubai,CUST-04817,P005,Keyboard,Accessories,4,182.57,0,730.28,0.0,730.28,Card,Store,2026,8,August,25,Tuesday,False,730.28,182.57
TXN-0020984,2026-08-25,DXB-001,Dubai,CUST-07475,P014,Power Bank,Electronics,1,140.57,0,140.57,0.0,140.57,Card,Online,2026,8,August,25,Tuesday,False,140.57,140.57
TXN-0021039,2026-08-25,DXB-001,Dubai,CUST-03692,P009,Backpack,Accessories,5,221.07,0,1105.35,0.0,1105.35,Card,Store,2026,8,August,25,Tuesday,False,1105.35,221.07
TXN-0021121,2026-08-25,DXB-004,Dubai,CUST-05036,P015,Tablet,Electronics,1,1181.87,0,1181.87,0.0,1181.87,Card,Store,2026,8,August,25,Tuesday,False,1181.87,1181.87
TXN-0021141,2026-08-25,DXB-001,Dubai,CUST-05261,P004,Monitor,Electronics,2,867.5,0,1735.0,0.0,1735.0,Bank Transfer,Store,2026,8,August,25,Tuesday,False,1735.0,867.5
TXN-0021192,2026-08-25,DXB-001,Dubai,CUST-00164,P005,Keyboard,Accessories,5,171.09,10,855.45,85.54,769.91,Card,Store,2026,8,August,25,Tuesday,False,769.91,153.98
TXN-0021318,2026-08-25,DXB-001,Dubai,CUST-07892,P010,Printer,Office,2,713.81,0,1427.62,0.0,1427.62,Cash,Online,2026,8,August,25,Tuesday,False,1427.62,713.81
TXN-0021349,2026-08-25,DXB-001,Dubai,CUST-02883,P003,Headphones,Electronics,1,359.62,5,359.62,17.98,341.64,Cash,Store,2026,8,August,25,Tuesday,False,341.64,341.64
TXN-0021363,2026-08-25,DXB-002,Dubai,CUST-00628,P009,Backpack,Accessories,1,229.81,0,229.81,0.0,229.81,Apple Pay,Online,2026,8,August,25,Tuesday,False,229.81,229.81
TXN-0021419,2026-08-25,DXB-001,Dubai,CUST-02715,P002,Smartphone,Electronics,1,1839.75,0,1839.75,0.0,1839.75,Apple Pay,Online,2026,8,August,25,Tuesday,False,1839.75,1839.75
TXN-0021425,2026-08-25,DXB-003,Dubai,CUST-01824,P005,Keyboard,Accessories,2,203.16,0,406.32,0.0,406.32,Bank Transfer,Online,2026,8,August,25,Tuesday,False,406.32,203.16
TXN-0021543,2026-08-25,DXB-005,Dubai,CUST-01379,P004,Monitor,Electronics,1,863.19,10,863.19,86.32,776.87,Card,Store,2026,8,August,25,Tuesday,False,776.87,776.87
TXN-0021663,2026-08-25,DXB-003,Dubai,CUST-03545,P010,Printer,Office,2,734.22,20,1468.44,293.69,1174.75,Card,Store,2026,8,August,25,Tuesday,False,1174.75,587.38
TXN-0021702,2026-08-25,DXB-002,Dubai,CUST-00604,P007,Office Chair,Furniture,1,574.51,15,574.51,86.18,488.33,Cash,Store,2026,8,August,25,Tuesday,False,488.33,488.33
TXN-0021742,2026-08-25,DXB-001,Dubai,CUST-07872,P003,Headphones,Electronics,4,339.1,10,1356.4,135.64,1220.76,Bank Transfer,Store,2026,8,August,25,Tuesday,False,1220.76,305.19
TXN-0021797,2026-08-25,DXB-001,Dubai,CUST-03052,P012,Pen Pack,Stationery,1,14.09,0,14.09,0.0,14.09,Apple Pay,Store,2026,8,August,25,Tuesday,False,14.09,14.09
TXN-0021888,2026-08-25,DXB-005,Dubai,CUST-07940,P009,Backpack,Accessories,4,207.57,10,830.28,83.03,747.25,Card,Online,2026,8,August,25,Tuesday,False,747.25,186.81
TXN-0021898,2026-08-25,DXB-001,Dubai,CUST-02373,P012,Pen Pack,Stationery,4,14.47,10,57.88,5.79,52.09,Apple Pay,Store,2026,8,August,25,Tuesday,False,52.09,13.02
TXN-0021954,2026-08-25,DXB-005,Dubai,CUST-04530,P002,Smartphone,Electronics,1,1641.68,0,1641.68,0.0,1641.68,Cash,Online,2026,8,August,25,Tuesday,False,1641.68,1641.68
TXN-0022076,2026-08-25,DXB-001,Dubai,CUST-02013,P013,USB Drive,Accessories,1,39.02,10,39.02,3.9,35.12,Card,Online,2026,8,August,25,Tuesday,False,35.12,35.12
TXN-0022096,2026-08-25,DXB-003,Dubai,CUST-02953,P001,Laptop,Electronics,1,3306.58,0,3306.58,0.0,3306.58,Cash,Store,2026,8,August,25,Tuesday,False,3306.58,3306.58
TXN-0022179,2026-08-25,DXB-003,Dubai,CUST-06634,P007,Office Chair,Furniture,4,646.41,0,2585.64,0.0,2585.64,Card,Store,2026,8,August,25,Tuesday,False,2585.64,646.41
TXN-0022216,2026-08-25,DXB-001,Dubai,CUST-04175,P011,Notebook,Stationery,3,26.11,10,78.33,7.83,70.5,Cash,Online,2026,8,August,25,Tuesday,False,70.5,23.5
TXN-0022459,2026-08-25,DXB-004,Dubai,CUST-05800,P007,Office Chair,Furniture,2,636.92,0,1273.84,0.0,1273.84,Apple Pay,Store,2026,8,August,25,Tuesday,False,1273.84,636.92
TXN-0022502,2026-08-25,DXB-004,Dubai,CUST-07796,P014,Power Bank,Electronics,1,139.74,15,139.74,20.96,118.78,Cash,Store,2026,8,August,25,Tuesday,False,118.78,118.78
TXN-0022603,2026-08-25,DXB-004,Dubai,CUST-01597,P011,Notebook,Stationery,2,25.1,0,50.2,0.0,50.2,Apple Pay,Online,2026,8,August,25,Tuesday,False,50.2,25.1
TXN-0022710,2026-08-25,DXB-003,Dubai,CUST-03728,P010,Printer,Office,1,673.78,10,673.78,67.38,606.4,Cash,Online,2026,8,August,25,Tuesday,False,606.4,606.4
TXN-0022724,2026-08-25,DXB-001,Dubai,CUST-07245,P002,Smartphone,Electronics,1,1820.05,0,1820.05,0.0,1820.05,Bank Transfer,Store,2026,8,August,25,Tuesday,False,1820.05,1820.05
TXN-0022737,2026-08-25,DXB-001,Dubai,CUST-07274,P001,Laptop,Electronics,2,3046.07,0,6092.14,0.0,6092.14,Apple Pay,Store,2026,8,August,25,Tuesday,False,6092.14,3046.07
TXN-0022766,2026-08-25,DXB-005,Dubai,CUST-02272,P015,Tablet,Electronics,1,1128.52,10,1128.52,112.85,1015.67,Apple Pay,Online,2026,8,August,25,Tuesday,False,1015.67,1015.67
TXN-0022779,2026-08-25,DXB-005,Dubai,CUST-02563,P011,Notebook,Stationery,4,24.99,10,99.96,10.0,89.96,Bank Transfer,Store,2026,8,August,25,Tuesday,False,89.96,22.49
TXN-0022784,2026-08-25,DXB-004,Dubai,CUST-06966,P011,Notebook,Stationery,1,24.06,0,24.06,0.0,24.06,Card,Online,2026,8,August,25,Tuesday,False,24.06,24.06
TXN-0022797,2026-08-25,DXB-002,Dubai,CUST-00811,P014,Power Bank,Electronics,1,147.51,5,147.51,7.38,140.13,Apple Pay,Store,2026,8,August,25,Tuesday,False,140.13,140.13
TXN-0022999,2026-08-25,DXB-002,Dubai,CUST-07121,P014,Power Bank,Electronics,1,131.2,10,131.2,13.12,118.08,Cash,Store,2026,8,August,25,Tuesday,False,118.08,118.08
TXN-0023134,2026-08-25,DXB-003,Dubai,CUST-00628,P005,Keyboard,Accessories,1,172.91,0,172.91,0.0,172.91,Card,Store,2026,8,August,25,Tuesday,False,172.91,172.91
TXN-0023338,2026-08-25,DXB-001,Dubai,CUST-03097,P003,Headphones,Electronics,3,357.24,20,1071.72,214.34,857.38,Card,Store,2026,8,August,25,Tuesday,False,857.38,285.79
TXN-0023364,2026-08-25,DXB-002,Dubai,CUST-07543,P006,Mouse,Accessories,1,92.78,15,92.78,13.92,78.86,Card,Store,2026,8,August,25,Tuesday,False,78.86,78.86
TXN-0023418,2026-08-25,DXB-005,Dubai,CUST-05316,P011,Notebook,Stationery,2,25.53,10,51.06,5.11,45.95,Card,Store,2026,8,August,25,Tuesday,False,45.95,22.98
TXN-0023454,2026-08-25,DXB-002,Dubai,CUST-01767,P012,Pen Pack,Stationery,1,13.62,0,13.62,0.0,13.62,Bank Transfer,Store,2026,8,August,25,Tuesday,False,13.62,13.62
TXN-0023581,2026-08-25,DXB-002,Dubai,CUST-03545,P004,Monitor,Electronics,2,916.72,0,1833.44,0.0,1833.44,Apple Pay,Store,2026,8,August,25,Tuesday,False,1833.44,916.72
TXN-0023640,2026-08-25,DXB-002,Dubai,CUST-07722,P013,USB Drive,Accessories,1,43.89,5,43.89,2.19,41.7,Cash,Store,2026,8,August,25,Tuesday,False,41.7,41.7
TXN-0023690,2026-08-25,DXB-001,Dubai,CUST-06463,P002,Smartphone,Electronics,1,1763.86,10,1763.86,176.39,1587.47,Card,Store,2026,8,August,25,Tuesday,False,1587.47,1587.47
TXN-0023721,2026-08-25,DXB-001,Dubai,CUST-05455,P013,USB Drive,Accessories,5,50.65,0,253.25,0.0,253.25,Bank Transfer,Store,2026,8,August,25,Tuesday,False,253.25,50.65
TXN-0023806,2026-08-25,DXB-003,Dubai,CUST-06514,P010,Printer,Office,2,778.2,0,1556.4,0.0,1556.4,Card,Store,2026,8,August,25,Tuesday,False,1556.4,778.2
TXN-0023811,2026-08-25,DXB-003,Dubai,CUST-05834,P010,Printer,Office,1,657.86,0,657.86,0.0,657.86,Card,Store,2026,8,August,25,Tuesday,False,657.86,657.86
TXN-0023855,2026-08-25,DXB-003,Dubai,CUST-07766,P004,Monitor,Electronics,1,902.6,5,902.6,45.13,857.47,Cash,Online,2026,8,August,25,Tuesday,False,857.47,857.47
TXN-0023884,2026-08-25,DXB-002,Dubai,CUST-02310,P002,Smartphone,Electronics,1,1778.98,0,1778.98,0.0,1778.98,Card,Store,2026,8,August,25,Tuesday,False,1778.98,1778.98
TXN-0023966,2026-08-25,DXB-004,Dubai,CUST-01445,P014,Power Bank,Electronics,1,149.76,10,149.76,14.98,134.78,Card,Store,2026,8,August,25,Tuesday,False,134.78,134.78
TXN-0024020,2026-08-25,DXB-001,Dubai,CUST-00820,P005,Keyboard,Accessories,2,172.74,0,345.48,0.0,345.48,Card,Store,2026,8,August,25,Tuesday,False,345.48,172.74
TXN-0024031,2026-08-25,DXB-004,Dubai,CUST-07919,P013,USB Drive,Accessories,1,43.59,5,43.59,2.18,41.41,Card,Store,2026,8,August,25,Tuesday,False,41.41,41.41
TXN-0024044,2026-08-25,DXB-003,Dubai,CUST-04314,P003,Headphones,Electronics,3,353.75,0,1061.25,0.0,1061.25,Card,Online,2026,8,August,25,Tuesday,False,1061.25,353.75
TXN-0024199,2026-08-25,DXB-001,Dubai,CUST-05235,P014,Power Bank,Electronics,1,138.12,0,138.12,0.0,138.12,Card,Store,2026,8,August,25,Tuesday,False,138.12,138.12
TXN-0024222,2026-08-25,DXB-004,Dubai,CUST-06522,P001,Laptop,Electronics,1,2669.53,0,2669.53,0.0,2669.53,Card,Store,2026,8,August,25,Tuesday,False,2669.53,2669.53
TXN-0024303,2026-08-25,DXB-005,Dubai,CUST-02162,P010,Printer,Office,1,760.08,0,760.08,0.0,760.08,Bank Transfer,Online,2026,8,August,25,Tuesday,False,760.08,760.08
TXN-0024307,2026-08-25,DXB-004,Dubai,CUST-04375,P001,Laptop,Electronics,6,2892.52,5,17355.12,867.76,16487.36,Cash,Store,2026,8,August,25,Tuesday,False,16487.36,2747.89
TXN-0024423,2026-08-25,DXB-003,Dubai,CUST-06712,P015,Tablet,Electronics,3,1214.29,0,3642.87,0.0,3642.87,Apple Pay,Store,2026,8,August,25,Tuesday,False,3642.87,1214.29
TXN-0024481,2026-08-25,DXB-002,Dubai,CUST-04224,P007,Office Chair,Furniture,1,644.78,15,644.78,96.72,548.06,Card,Store,2026,8,August,25,Tuesday,False,548.06,548.06
TXN-0024526,2026-08-25,DXB-001,Dubai,CUST-03776,P006,Mouse,Accessories,1,99.98,0,99.98,0.0,99.98,Card,Online,2026,8,August,25,Tuesday,False,99.98,99.98
TXN-0024552,2026-08-25,DXB-003,Dubai,CUST-03809,P008,Desk,Furniture,2,768.3,0,1536.6,0.0,1536.6,Card,Store,2026,8,August,25,Tuesday,False,1536.6,768.3
TXN-0024599,2026-08-25,DXB-003,Dubai,CUST-00726,P009,Backpack,Accessories,1,213.97,0,213.97,0.0,213.97,Card,Store,2026,8,August,25,Tuesday,False,213.97,213.97
TXN-0024604,2026-08-25,DXB-004,Dubai,CUST-03082,P010,Printer,Office,4,632.17,15,2528.68,379.3,2149.38,Cash,Store,2026,8,August,25,Tuesday,False,2149.38,537.34
TXN-0024608,2026-08-25,DXB-005,Dubai,CUST-05212,P001,Laptop,Electronics,1,2950.06,0,2950.06,0.0,2950.06,Apple Pay,Online,2026,8,August,25,Tuesday,False,2950.06,2950.06
TXN-0024642,2026-08-25,DXB-005,Dubai,CUST-03116,P003,Headphones,Electronics,1,373.81,15,373.81,56.07,317.74,Bank Transfer,Store,2026,8,August,25,Tuesday,False,317.74,317.74
TXN-0024682,2026-08-25,DXB-002,Dubai,CUST-00877,P001,Laptop,Electronics,3,3087.71,15,9263.13,1389.47,7873.66,Card,Online,2026,8,August,25,Tuesday,False,7873.66,2624.55
TXN-0024695,2026-08-25,DXB-001,Dubai,CUST-04017,P007,Office Chair,Furniture,2,697.19,0,1394.38,0.0,1394.38,Bank Transfer,Store,2026,8,August,25,Tuesday,False,1394.38,697.19
TXN-0024706,2026-08-25,DXB-003,Dubai,CUST-06516,P002,Smartphone,Electronics,5,2045.99,0,10229.95,0.0,10229.95,Bank Transfer,Store,2026,8,August,25,Tuesday,False,10229.95,2045.99
TXN-0024747,2026-08-25,DXB-001,Dubai,CUST-05901,P005,Keyboard,Accessories,1,178.25,15,178.25,26.74,151.51,Cash,Store,2026,8,August,25,Tuesday,False,151.51,151.51
TXN-0024860,2026-08-25,DXB-004,Dubai,CUST-04032,P001,Laptop,Electronics,1,2761.12,0,2761.12,0.0,2761.12,Card,Store,2026,8,August,25,Tuesday,False,2761.12,2761.12
TXN-0024885,2026-08-25,DXB-004,Dubai,CUST-07949,P004,Monitor,Electronics,3,900.4,10,2701.2,270.12,2431.08,Cash,Store,2026,8,August,25,Tuesday,False,2431.08,810.36
TXN-0024900,2026-08-25,DXB-005,Dubai,CUST-05252,P007,Office Chair,Furniture,3,681.12,0,2043.36,0.0,2043.36,Card,Online,2026,8,August,25,Tuesday,False,2043.36,681.12
TXN-0024994,2026-08-25,DXB-002,Dubai,CUST-05388,P014,Power Bank,Electronics,4,163.21,5,652.84,32.64,620.2,Apple Pay,Store,2026,8,August,25,Tuesday,False,620.2,155.05
TXN-0025093,2026-08-25,DXB-005,Dubai,CUST-05342,P002,Smartphone,Electronics,2,1819.32,5,3638.64,181.93,3456.71,Apple Pay,Store,2026,8,August,25,Tuesday,False,3456.71,1728.36
TXN-0025253,2026-08-25,DXB-002,Dubai,CUST-02976,P007,Office Chair,Furniture,2,594.83,10,1189.66,118.97,1070.69,Cash,Store,2026,8,August,25,Tuesday,False,1070.69,535.34
TXN-0025332,2026-08-25,DXB-003,Dubai,CUST-01550,P008,Desk,Furniture,2,825.57,15,1651.14,247.67,1403.47,Card,Store,2026,8,August,25,Tuesday,False,1403.47,701.74
TXN-0025403,2026-08-25,DXB-001,Dubai,CUST-04932,P015,Tablet,Electronics,3,1152.16,5,3456.48,172.82,3283.66,Cash,Store,2026,8,August,25,Tuesday,False,3283.66,1094.55
TXN-0025530,2026-08-25,DXB-005,Dubai,CUST-06050,P005,Keyboard,Accessories,1,191.58,10,191.58,19.16,172.42,Apple Pay,Online,2026,8,August,25,Tuesday,False,172.42,172.42
TXN-0025625,2026-08-25,DXB-002,Dubai,CUST-02832,P013,USB Drive,Accessories,1,44.38,0,44.38,0.0,44.38,Apple Pay,Online,2026,8,August,25,Tuesday,False,44.38,44.38
TXN-0025763,2026-08-25,DXB-002,Dubai,CUST-03163,P005,Keyboard,Accessories,2,183.82,10,367.64,36.76,330.88,Apple Pay,Store,2026,8,August,25,Tuesday,False,330.88,165.44
TXN-0025767,2026-08-25,DXB-001,Dubai,CUST-03694,P004,Monitor,Electronics,4,894.54,15,3578.16,536.72,3041.44,Bank Transfer,Store,2026,8,August,25,Tuesday,False,3041.44,760.36
TXN-0025780,2026-08-25,DXB-001,Dubai,CUST-01551,P007,Office Chair,Furniture,2,604.65,0,1209.3,0.0,1209.3,Card,Store,2026,8,August,25,Tuesday,False,1209.3,604.65
TXN-0025793,2026-08-25,DXB-002,Dubai,CUST-06374,P015,Tablet,Electronics,4,1255.45,5,5021.8,251.09,4770.71,Apple Pay,Store,2026,8,August,25,Tuesday,False,4770.71,1192.68
TXN-0025884,2026-08-25,DXB-004,Dubai,CUST-00930,P004,Monitor,Electronics,1,873.41,10,873.41,87.34,786.07,Card,Store,2026,8,August,25,Tuesday,False,786.07,786.07
TXN-0025893,2026-08-25,DXB-001,Dubai,CUST-03902,P006,Mouse,Accessories,1,99.74,10,99.74,9.97,89.77,Card,Online,2026,8,August,25,Tuesday,False,89.77,89.77
TXN-0025985,2026-08-25,DXB-004,Dubai,CUST-02064,P014,Power Bank,Electronics,5,143.94,5,719.7,35.98,683.72,Card,Store,2026,8,August,25,Tuesday,False,683.72,136.74
TXN-0026022,2026-08-25,DXB-005,Dubai,CUST-02852,P012,Pen Pack,Stationery,1,15.99,0,15.99,0.0,15.99,Apple Pay,Online,2026,8,August,25,Tuesday,False,15.99,15.99
TXN-0026036,2026-08-25,DXB-005,Dubai,CUST-04056,P004,Monitor,Electronics,1,866.93,15,866.93,130.04,736.89,Bank Transfer,Store,2026,8,August,25,Tuesday,False,736.89,736.89
TXN-0026093,2026-08-25,DXB-001,Dubai,CUST-05704,P010,Printer,Office,1,664.35,0,664.35,0.0,664.35,Card,Online,2026,8,August,25,Tuesday,False,664.35,664.35
TXN-0026173,2026-08-25,DXB-002,Dubai,CUST-04549,P004,Monitor,Electronics,1,884.63,10,884.63,88.46,796.17,Card,Online,2026,8,August,25,Tuesday,False,796.17,796.17
TXN-0026183,2026-08-25,DXB-004,Dubai,CUST-02056,P002,Smartphone,Electronics,2,1888.25,0,3776.5,0.0,3776.5,Card,Store,2026,8,August,25,Tuesday,False,3776.5,1888.25
TXN-0026191,2026-08-25,DXB-004,Dubai,CUST-01172,P009,Backpack,Accessories,4,220.13,5,880.52,44.03,836.49,Apple Pay,Online,2026,8,August,25,Tuesday,False,836.49,209.12
TXN-0026243,2026-08-25,DXB-002,Dubai,CUST-07656,P003,Headphones,Electronics,1,339.06,0,339.06,0.0,339.06,Bank Transfer,Store,2026,8,August,25,Tuesday,False,339.06,339.06
TXN-0026293,2026-08-25,DXB-002,Dubai,CUST-00750,P002,Smartphone,Electronics,1,1812.26,10,1812.26,181.23,1631.03,Card,Store,2026,8,August,25,Tuesday,False,1631.03,1631.03
TXN-0026299,2026-08-25,DXB-003,Dubai,CUST-01411,P011,Notebook,Stationery,6,27.86,15,167.16,25.07,142.09,Apple Pay,Store,2026,8,August,25,Tuesday,False,142.09,23.68
TXN-0026315,2026-08-25,DXB-002,Dubai,CUST-00095,P005,Keyboard,Accessories,2,169.19,10,338.38,33.84,304.54,Card,Store,2026,8,August,25,Tuesday,False,304.54,152.27
TXN-0026397,2026-08-25,DXB-001,Dubai,CUST-07312,P008,Desk,Furniture,2,768.73,5,1537.46,76.87,1460.59,Card,Store,2026,8,August,25,Tuesday,False,1460.59,730.3
TXN-0026462,2026-08-25,DXB-004,Dubai,CUST-03412,P003,Headphones,Electronics,2,331.63,0,663.26,0.0,663.26,Cash,Store,2026,8,August,25,Tuesday,False,663.26,331.63
TXN-0026467,2026-08-25,DXB-003,Dubai,CUST-05648,P007,Office Chair,Furniture,1,688.84,5,688.84,34.44,654.4,Apple Pay,Store,2026,8,August,25,Tuesday,False,654.4,654.4
TXN-0026515,2026-08-25,DXB-003,Dubai,CUST-03419,P007,Office Chair,Furniture,1,630.04,20,630.04,126.01,504.03,Bank Transfer,Online,2026,8,August,25,Tuesday,False,504.03,504.03
TXN-0026565,2026-08-25,DXB-001,Dubai,CUST-06382,P014,Power Bank,Electronics,2,148.17,10,296.34,29.63,266.71,Card,Online,2026,8,August,25,Tuesday,False,266.71,133.35
TXN-0026599,2026-08-25,DXB-003,Dubai,CUST-00257,P004,Monitor,Electronics,1,866.79,10,866.79,86.68,780.11,Card,Store,2026,8,August,25,Tuesday,False,780.11,780.11
TXN-0026664,2026-08-25,DXB-002,Dubai,CUST-07277,P001,Laptop,Electronics,3,2792.53,5,8377.59,418.88,7958.71,Cash,Store,2026,8,August,25,Tuesday,False,7958.71,2652.9
TXN-0026666,2026-08-25,DXB-005,Dubai,CUST-00794,P002,Smartphone,Electronics,2,1769.26,0,3538.52,0.0,3538.52,Cash,Store,2026,8,August,25,Tuesday,False,3538.52,1769.26
TXN-0026764,2026-08-25,DXB-002,Dubai,CUST-07931,P007,Office Chair,Furniture,2,625.0,0,1250.0,0.0,1250.0,Card,Store,2026,8,August,25,Tuesday,False,1250.0,625.0
TXN-0026850,2026-08-25,DXB-003,Dubai,CUST-02644,P008,Desk,Furniture,2,830.53,0,1661.06,0.0,1661.06,Bank Transfer,Store,2026,8,August,25,Tuesday,False,1661.06,830.53
TXN-0026950,2026-08-25,DXB-005,Dubai,CUST-01067,P001,Laptop,Electronics,1,2660.62,20,2660.62,532.12,2128.5,Bank Transfer,Store,2026,8,August,25,Tuesday,False,2128.5,2128.5
TXN-0026954,2026-08-25,DXB-004,Dubai,CUST-04576,P012,Pen Pack,Stationery,1,14.35,0,14.35,0.0,14.35,Card,Store,2026,8,August,25,Tuesday,False,14.35,14.35
TXN-0026997,2026-08-25,DXB-004,Dubai,CUST-07800,P004,Monitor,Electronics,3,829.39,10,2488.17,248.82,2239.35,Card,Store,2026,8,August,25,Tuesday,False,2239.35,746.45
TXN-0027063,2026-08-25,DXB-004,Dubai,CUST-02893,P008,Desk,Furniture,3,829.63,0,2488.89,0.0,2488.89,Card,Online,2026,8,August,25,Tuesday,False,2488.89,829.63
TXN-0027072,2026-08-25,DXB-001,Dubai,CUST-02889,P008,Desk,Furniture,2,767.13,15,1534.26,230.14,1304.12,Apple Pay,Store,2026,8,August,25,Tuesday,False,1304.12,652.06
TXN-0027237,2026-08-25,DXB-001,Dubai,CUST-06058,P001,Laptop,Electronics,1,2609.16,5,2609.16,130.46,2478.7,Apple Pay,Online,2026,8,August,25,Tuesday,False,2478.7,2478.7
TXN-0027260,2026-08-25,DXB-003,Dubai,CUST-06847,P015,Tablet,Electronics,2,1150.28,5,2300.56,115.03,2185.53,Apple Pay,Online,2026,8,August,25,Tuesday,False,2185.53,1092.77
TXN-0027269,2026-08-25,DXB-001,Dubai,CUST-00618,P010,Printer,Office,2,730.33,15,1460.66,219.1,1241.56,Bank Transfer,Store,2026,8,August,25,Tuesday,False,1241.56,620.78
TXN-0027287,2026-08-25,DXB-005,Dubai,CUST-06505,P003,Headphones,Electronics,2,332.12,0,664.24,0.0,664.24,Cash,Online,2026,8,August,25,Tuesday,False,664.24,332.12
TXN-0027300,2026-08-25,DXB-003,Dubai,CUST-01229,P012,Pen Pack,Stationery,3,16.12,10,48.36,4.84,43.52,Apple Pay,Store,2026,8,August,25,Tuesday,False,43.52,14.51
TXN-0027454,2026-08-25,DXB-003,Dubai,CUST-01270,P010,Printer,Office,1,729.46,0,729.46,0.0,729.46,Apple Pay,Store,2026,8,August,25,Tuesday,False,729.46,729.46
TXN-0027522,2026-08-25,DXB-002,Dubai,CUST-00008,P001,Laptop,Electronics,4,2710.46,0,10841.84,0.0,10841.84,Apple Pay,Online,2026,8,August,25,Tuesday,False,10841.84,2710.46
TXN-0027615,2026-08-25,DXB-002,Dubai,CUST-02438,P002,Smartphone,Electronics,3,1903.94,15,5711.82,856.77,4855.05,Card,Store,2026,8,August,25,Tuesday,False,4855.05,1618.35
TXN-0027722,2026-08-25,DXB-005,Dubai,CUST-01486,P015,Tablet,Electronics,1,1302.08,0,1302.08,0.0,1302.08,Card,Store,2026,8,August,25,Tuesday,False,1302.08,1302.08
TXN-0027726,2026-08-25,DXB-003,Dubai,CUST-06273,P013,USB Drive,Accessories,1,44.16,20,44.16,8.83,35.33,Apple Pay,Store,2026,8,August,25,Tuesday,False,35.33,35.33
TXN-0027816,2026-08-25,DXB-004,Dubai,CUST-02015,P011,Notebook,Stationery,2,23.1,0,46.2,0.0,46.2,Bank Transfer,Store,2026,8,August,25,Tuesday,False,46.2,23.1
TXN-0027818,2026-08-25,DXB-004,Dubai,CUST-02952,P008,Desk,Furniture,2,824.51,5,1649.02,82.45,1566.57,Card,Store,2026,8,August,25,Tuesday,False,1566.57,783.28
TXN-0027845,2026-08-25,DXB-004,Dubai,CUST-04553,P009,Backpack,Accessories,3,230.09,15,690.27,103.54,586.73,Card,Store,2026,8,August,25,Tuesday,False,586.73,195.58
TXN-0027883,2026-08-25,DXB-002,Dubai,CUST-02518,P001,Laptop,Electronics,1,2971.82,5,2971.82,148.59,2823.23,Card,Store,2026,8,August,25,Tuesday,False,2823.23,2823.23
TXN-0027900,2026-08-25,DXB-004,Dubai,CUST-01946,P011,Notebook,Stationery,6,24.01,10,144.06,14.41,129.65,Cash,Store,2026,8,August,25,Tuesday,False,129.65,21.61
TXN-0027955,2026-08-25,DXB-001,Dubai,CUST-02325,P009,Backpack,Accessories,1,243.95,10,243.95,24.4,219.55,Bank Transfer,Online,2026,8,August,25,Tuesday,False,219.55,219.55
TXN-0027996,2026-08-25,DXB-003,Dubai,CUST-03302,P002,Smartphone,Electronics,5,1942.02,0,9710.1,0.0,9710.1,Cash,Store,2026,8,August,25,Tuesday,False,9710.1,1942.02
TXN-0028024,2026-08-25,DXB-004,Dubai,CUST-03007,P008,Desk,Furniture,1,755.89,0,755.89,0.0,755.89,Card,Store,2026,8,August,25,Tuesday,False,755.89,755.89
TXN-0028141,2026-08-25,DXB-005,Dubai,CUST-04100,P003,Headphones,Electronics,1,306.16,10,306.16,30.62,275.54,Cash,Online,2026,8,August,25,Tuesday,False,275.54,275.54
TXN-0028150,2026-08-25,DXB-003,Dubai,CUST-04475,P007,Office Chair,Furniture,2,663.43,10,1326.86,132.69,1194.17,Card,Store,2026,8,August,25,Tuesday,False,1194.17,597.08
TXN-0028227,2026-08-25,DXB-005,Dubai,CUST-07956,P010,Printer,Office,1,635.45,5,635.45,31.77,603.68,Cash,Store,2026,8,August,25,Tuesday,False,603.68,603.68
TXN-0028273,2026-08-25,DXB-001,Dubai,CUST-01510,P013,USB Drive,Accessories,2,43.19,20,86.38,17.28,69.1,Apple Pay,Store,2026,8,August,25,Tuesday,False,69.1,34.55
TXN-0028304,2026-08-25,DXB-004,Dubai,CUST-03674,P014,Power Bank,Electronics,2,143.48,0,286.96,0.0,286.96,Apple Pay,Store,2026,8,August,25,Tuesday,False,286.96,143.48
TXN-0028358,2026-08-25,DXB-002,Dubai,CUST-01853,P010,Printer,Office,1,680.45,10,680.45,68.04,612.41,Cash,Store,2026,8,August,25,Tuesday,False,612.41,612.41
TXN-0028359,2026-08-25,DXB-005,Dubai,CUST-03333,P004,Monitor,Electronics,2,722.25,5,1444.5,72.22,1372.28,Bank Transfer,Online,2026,8,August,25,Tuesday,False,1372.28,686.14
TXN-0028387,2026-08-25,DXB-005,Dubai,CUST-07917,P002,Smartphone,Electronics,1,1798.22,15,1798.22,269.73,1528.49,Bank Transfer,Store,2026,8,August,25,Tuesday,False,1528.49,1528.49
TXN-0028407,2026-08-25,DXB-005,Dubai,CUST-01759,P011,Notebook,Stationery,1,20.82,5,20.82,1.04,19.78,Card,Store,2026,8,August,25,Tuesday,False,19.78,19.78
TXN-0028472,2026-08-25,DXB-001,Dubai,CUST-07662,P005,Keyboard,Accessories,1,172.92,0,172.92,0.0,172.92,Bank Transfer,Store,2026,8,August,25,Tuesday,False,172.92,172.92
TXN-0028500,2026-08-25,DXB-002,Dubai,CUST-03383,P012,Pen Pack,Stationery,2,15.17,0,30.34,0.0,30.34,Card,Online,2026,8,August,25,Tuesday,False,30.34,15.17
TXN-0028516,2026-08-25,DXB-002,Dubai,CUST-07839,P009,Backpack,Accessories,2,242.03,20,484.06,96.81,387.25,Apple Pay,Store,2026,8,August,25,Tuesday,False,387.25,193.62
TXN-0028562,2026-08-25,DXB-003,Dubai,CUST-07219,P009,Backpack,Accessories,2,240.02,5,480.04,24.0,456.04,Apple Pay,Store,2026,8,August,25,Tuesday,False,456.04,228.02
TXN-0028577,2026-08-25,DXB-005,Dubai,CUST-07490,P004,Monitor,Electronics,3,945.65,5,2836.95,141.85,2695.1,Bank Transfer,Online,2026,8,August,25,Tuesday,False,2695.1,898.37
TXN-0028650,2026-08-25,DXB-003,Dubai,CUST-02736,P011,Notebook,Stationery,3,26.12,5,78.36,3.92,74.44,Apple Pay,Store,2026,8,August,25,Tuesday,False,74.44,24.81
TXN-0028661,2026-08-25,DXB-003,Dubai,CUST-03757,P011,Notebook,Stationery,1,25.92,5,25.92,1.3,24.62,Card,Store,2026,8,August,25,Tuesday,False,24.62,24.62
TXN-0028720,2026-08-25,DXB-005,Dubai,CUST-05382,P001,Laptop,Electronics,4,3050.03,15,12200.12,1830.02,10370.1,Card,Store,2026,8,August,25,Tuesday,False,10370.1,2592.52
TXN-0028786,2026-08-25,DXB-004,Dubai,CUST-01411,P010,Printer,Office,1,730.64,5,730.64,36.53,694.11,Card,Online,2026,8,August,25,Tuesday,False,694.11,694.11
TXN-0028954,2026-08-25,DXB-001,Dubai,CUST-03504,P012,Pen Pack,Stationery,1,15.82,0,15.82,0.0,15.82,Apple Pay,Store,2026,8,August,25,Tuesday,False,15.82,15.82
TXN-0029015,2026-08-25,DXB-005,Dubai,CUST-06333,P012,Pen Pack,Stationery,2,14.42,15,28.84,4.33,24.51,Bank Transfer,Online,2026,8,August,25,Tuesday,False,24.51,12.26
TXN-0029180,2026-08-25,DXB-003,Dubai,CUST-07261,P008,Desk,Furniture,2,758.96,5,1517.92,75.9,1442.02,Apple Pay,Online,2026,8,August,25,Tuesday,False,1442.02,721.01
TXN-0029285,2026-08-25,DXB-003,Dubai,CUST-03833,P006,Mouse,Accessories,1,103.03,5,103.03,5.15,97.88,Bank Transfer,Store,2026,8,August,25,Tuesday,False,97.88,97.88
TXN-0029342,2026-08-25,DXB-001,Dubai,CUST-05495,P013,USB Drive,Accessories,2,43.01,0,86.02,0.0,86.02,Card,Store,2026,8,August,25,Tuesday,False,86.02,43.01
TXN-0029348,2026-08-25,DXB-001,Dubai,CUST-05144,P012,Pen Pack,Stationery,2,14.05,0,28.1,0.0,28.1,Apple Pay,Store,2026,8,August,25,Tuesday,False,28.1,14.05
TXN-0029381,2026-08-25,DXB-002,Dubai,CUST-06996,P011,Notebook,Stationery,3,23.89,0,71.67,0.0,71.67,Apple Pay,Store,2026,8,August,25,Tuesday,False,71.67,23.89
TXN-0029398,2026-08-25,DXB-004,Dubai,CUST-03222,P008,Desk,Furniture,1,801.02,15,801.02,120.15,680.87,Card,Store,2026,8,August,25,Tuesday,False,680.87,680.87
TXN-0029415,2026-08-25,DXB-002,Dubai,CUST-03065,P008,Desk,Furniture,3,831.91,15,2495.73,374.36,2121.37,Bank Transfer,Store,2026,8,August,25,Tuesday,False,2121.37,707.12
TXN-0029545,2026-08-25,DXB-002,Dubai,CUST-01244,P010,Printer,Office,2,703.42,5,1406.84,70.34,1336.5,Card,Store,2026,8,August,25,Tuesday,False,1336.5,668.25
TXN-0029546,2026-08-25,DXB-003,Dubai,CUST-06877,P005,Keyboard,Accessories,1,157.83,5,157.83,7.89,149.94,Card,Store,2026,8,August,25,Tuesday,False,149.94,149.94
TXN-0029589,2026-08-25,DXB-005,Dubai,CUST-04891,P002,Smartphone,Electronics,1,1683.38,0,1683.38,0.0,1683.38,Card,Online,2026,8,August,25,Tuesday,False,1683.38,1683.38
TXN-0029595,2026-08-25,DXB-005,Dubai,CUST-06427,P008,Desk,Furniture,3,857.1,0,2571.3,0.0,2571.3,Apple Pay,Store,2026,8,August,25,Tuesday,False,2571.3,857.1
TXN-0029632,2026-08-25,DXB-003,Dubai,CUST-05369,P010,Printer,Office,1,647.96,10,647.96,64.8,583.16,Apple Pay,Store,2026,8,August,25,Tuesday,False,583.16,583.16
TXN-0029780,2026-08-25,DXB-002,Dubai,CUST-00388,P013,USB Drive,Accessories,2,49.51,0,99.02,0.0,99.02,Card,Store,2026,8,August,25,Tuesday,False,99.02,49.51
TXN-0029783,2026-08-25,DXB-002,Dubai,CUST-03173,P003,Headphones,Electronics,1,324.02,0,324.02,0.0,324.02,Card,Store,2026,8,August,25,Tuesday,False,324.02,324.02
TXN-0029858,2026-08-25,DXB-001,Dubai,CUST-06782,P009,Backpack,Accessories,2,226.27,15,452.54,67.88,384.66,Card,Store,2026,8,August,25,Tuesday,False,384.66,192.33
TXN-0029895,2026-08-25,DXB-002,Dubai,CUST-07932,P009,Backpack,Accessories,3,230.45,5,691.35,34.57,656.78,Card,Store,2026,8,August,25,Tuesday,False,656.78,218.93
TXN-0029906,2026-08-25,DXB-002,Dubai,CUST-01159,P010,Printer,Office,3,724.93,15,2174.79,326.22,1848.57,Card,Store,2026,8,August,25,Tuesday,False,1848.57,616.19
TXN-0029959,2026-08-25,DXB-002,Dubai,CUST-01584,P013,USB Drive,Accessories,2,43.17,10,86.34,8.63,77.71,Bank Transfer,Store,2026,8,August,25,Tuesday,False,77.71,38.85
TXN-0029963,2026-08-25,DXB-002,Dubai,CUST-06067,P006,Mouse,Accessories,1,111.0,0,111.0,0.0,111.0,Apple Pay,Store,2026,8,August,25,Tuesday,False,111.0,111.0
TXN-0030140,2026-08-25,DXB-003,Dubai,CUST-01212,P015,Tablet,Electronics,1,1180.35,5,1180.35,59.02,1121.33,Card,Store,2026,8,August,25,Tuesday,False,1121.33,1121.33
TXN-0030181,2026-08-25,DXB-001,Dubai,CUST-01755,P012,Pen Pack,Stationery,2,15.7,20,31.4,6.28,25.12,Card,Store,2026,8,August,25,Tuesday,False,25.12,12.56
TXN-0030214,2026-08-25,DXB-003,Dubai,CUST-07538,P003,Headphones,Electronics,2,358.66,5,717.32,35.87,681.45,Apple Pay,Store,2026,8,August,25,Tuesday,False,681.45,340.72
TXN-0030288,2026-08-25,DXB-005,Dubai,CUST-07745,P011,Notebook,Stationery,1,24.9,5,24.9,1.25,23.65,Card,Store,2026,8,August,25,Tuesday,False,23.65,23.65
TXN-0030362,2026-08-25,DXB-002,Dubai,CUST-02339,P015,Tablet,Electronics,3,1150.04,5,3450.12,172.51,3277.61,Card,Online,2026,8,August,25,Tuesday,False,3277.61,1092.54
TXN-0030397,2026-08-25,DXB-003,Dubai,CUST-00927,P001,Laptop,Electronics,6,2488.89,10,14933.34,1493.33,13440.01,Cash,Store,2026,8,August,25,Tuesday,False,13440.01,2240.0
TXN-0030432,2026-08-25,DXB-002,Dubai,CUST-00312,P001,Laptop,Electronics,1,2325.16,0,2325.16,0.0,2325.16,Card,Online,2026,8,August,25,Tuesday,False,2325.16,2325.16
TXN-0030579,2026-08-25,DXB-001,Dubai,CUST-06400,P004,Monitor,Electronics,1,872.83,15,872.83,130.92,741.91,Cash,Store,2026,8,August,25,Tuesday,False,741.91,741.91
TXN-0030638,2026-08-25,DXB-001,Dubai,CUST-00681,P010,Printer,Office,4,726.52,5,2906.08,145.3,2760.78,Card,Store,2026,8,August,25,Tuesday,False,2760.78,690.2
TXN-0030698,2026-08-25,DXB-005,Dubai,CUST-07242,P012,Pen Pack,Stationery,1,13.62,5,13.62,0.68,12.94,Cash,Online,2026,8,August,25,Tuesday,False,12.94,12.94
TXN-0030843,2026-08-25,DXB-002,Dubai,CUST-04201,P004,Monitor,Electronics,4,871.62,5,3486.48,174.32,3312.16,Card,Store,2026,8,August,25,Tuesday,False,3312.16,828.04
TXN-0030887,2026-08-25,DXB-001,Dubai,CUST-07174,P004,Monitor,Electronics,1,940.12,5,940.12,47.01,893.11,Card,Store,2026,8,August,25,Tuesday,False,893.11,893.11
TXN-0030893,2026-08-25,DXB-003,Dubai,CUST-01973,P013,USB Drive,Accessories,1,48.68,5,48.68,2.43,46.25,Apple Pay,Online,2026,8,August,25,Tuesday,False,46.25,46.25
TXN-0031059,2026-08-25,DXB-004,Dubai,CUST-00772,P012,Pen Pack,Stationery,2,15.26,10,30.52,3.05,27.47,Cash,Store,2026,8,August,25,Tuesday,False,27.47,13.74
TXN-0031160,2026-08-25,DXB-005,Dubai,CUST-06771,P002,Smartphone,Electronics,2,1954.51,0,3909.02,0.0,3909.02,Apple Pay,Online,2026,8,August,25,Tuesday,False,3909.02,1954.51
TXN-0031165,2026-08-25,DXB-004,Dubai,CUST-02320,P005,Keyboard,Accessories,1,170.69,0,170.69,0.0,170.69,Cash,Store,2026,8,August,25,Tuesday,False,170.69,170.69
TXN-0031254,2026-08-25,DXB-001,Dubai,CUST-04333,P001,Laptop,Electronics,1,2625.79,5,2625.79,131.29,2494.5,Apple Pay,Store,2026,8,August,25,Tuesday,False,2494.5,2494.5
TXN-0031527,2026-08-25,DXB-004,Dubai,CUST-01136,P009,Backpack,Accessories,3,216.28,0,648.84,0.0,648.84,Card,Store,2026,8,August,25,Tuesday,False,648.84,216.28
TXN-0031549,2026-08-25,DXB-005,Dubai,CUST-05409,P007,Office Chair,Furniture,4,631.69,15,2526.76,379.01,2147.75,Card,Store,2026,8,August,25,Tuesday,False,2147.75,536.94
TXN-0031550,2026-08-25,DXB-005,Dubai,CUST-04112,P005,Keyboard,Accessories,1,168.11,15,168.11,25.22,142.89,Apple Pay,Store,2026,8,August,25,Tuesday,False,142.89,142.89
TXN-0031631,2026-08-25,DXB-001,Dubai,CUST-06118,P004,Monitor,Electronics,1,951.56,0,951.56,0.0,951.56,Card,Online,2026,8,August,25,Tuesday,False,951.56,951.56
TXN-0031645,2026-08-25,DXB-003,Dubai,CUST-00489,P013,USB Drive,Accessories,6,38.19,0,229.14,0.0,229.14,Card,Store,2026,8,August,25,Tuesday,False,229.14,38.19
TXN-0031651,2026-08-25,DXB-001,Dubai,CUST-05067,P003,Headphones,Electronics,1,360.61,10,360.61,36.06,324.55,Card,Store,2026,8,August,25,Tuesday,False,324.55,324.55
TXN-0031948,2026-08-25,DXB-001,Dubai,CUST-01633,P006,Mouse,Accessories,1,96.39,0,96.39,0.0,96.39,Card,Online,2026,8,August,25,Tuesday,False,96.39,96.39
TXN-0031980,2026-08-25,DXB-001,Dubai,CUST-06937,P003,Headphones,Electronics,5,349.49,15,1747.45,262.12,1485.33,Cash,Store,2026,8,August,25,Tuesday,False,1485.33,297.07
TXN-0032000,2026-08-25,DXB-004,Dubai,CUST-07423,P013,USB Drive,Accessories,1,46.64,0,46.64,0.0,46.64,Card,Store,2026,8,August,25,Tuesday,False,46.64,46.64
TXN-0032104,2026-08-25,DXB-003,Dubai,CUST-05714,P015,Tablet,Electronics,1,1151.58,0,1151.58,0.0,1151.58,Card,Store,2026,8,August,25,Tuesday,False,1151.58,1151.58
TXN-0032115,2026-08-25,DXB-005,Dubai,CUST-03510,P014,Power Bank,Electronics,2,158.31,5,316.62,15.83,300.79,Bank Transfer,Online,2026,8,August,25,Tuesday,False,300.79,150.4
TXN-0032127,2026-08-25,DXB-002,Dubai,CUST-04506,P015,Tablet,Electronics,3,1023.81,0,3071.43,0.0,3071.43,Cash,Online,2026,8,August,25,Tuesday,False,3071.43,1023.81
TXN-0032133,2026-08-25,DXB-004,Dubai,CUST-04915,P004,Monitor,Electronics,2,843.46,10,1686.92,168.69,1518.23,Cash,Online,2026,8,August,25,Tuesday,False,1518.23,759.12
TXN-0032146,2026-08-25,DXB-001,Dubai,CUST-02272,P009,Backpack,Accessories,1,225.7,5,225.7,11.28,214.42,Card,Store,2026,8,August,25,Tuesday,False,214.42,214.42
TXN-0032245,2026-08-25,DXB-002,Dubai,CUST-03217,P014,Power Bank,Electronics,1,148.97,5,148.97,7.45,141.52,Card,Store,2026,8,August,25,Tuesday,False,141.52,141.52
TXN-0032260,2026-08-25,DXB-001,Dubai,CUST-01601,P007,Office Chair,Furniture,5,651.14,5,3255.7,162.78,3092.92,Apple Pay,Store,2026,8,August,25,Tuesday,False,3092.92,618.58
TXN-0032261,2026-08-25,DXB-003,Dubai,CUST-01103,P005,Keyboard,Accessories,1,178.43,0,178.43,0.0,178.43,Cash,Store,2026,8,August,25,Tuesday,False,178.43,178.43
TXN-0032310,2026-08-25,DXB-005,Dubai,CUST-04533,P001,Laptop,Electronics,1,2646.08,5,2646.08,132.3,2513.78,Card,Store,2026,8,August,25,Tuesday,False,2513.78,2513.78
TXN-0032379,2026-08-25,DXB-001,Dubai,CUST-01037,P004,Monitor,Electronics,1,844.86,20,844.86,168.97,675.89,Card,Store,2026,8,August,25,Tuesday,False,675.89,675.89
TXN-0032427,2026-08-25,DXB-001,Dubai,CUST-02330,P014,Power Bank,Electronics,3,154.02,10,462.06,46.21,415.85,Apple Pay,Store,2026,8,August,25,Tuesday,False,415.85,138.62
TXN-0032506,2026-08-25,DXB-003,Dubai,CUST-04144,P002,Smartphone,Electronics,3,1848.6,0,5545.8,0.0,5545.8,Apple Pay,Store,2026,8,August,25,Tuesday,False,5545.8,1848.6
TXN-0032547,2026-08-25,DXB-002,Dubai,CUST-02886,P006,Mouse,Accessories,1,105.17,5,105.17,5.26,99.91,Apple Pay,Store,2026,8,August,25,Tuesday,False,99.91,99.91
TXN-0032728,2026-08-25,DXB-003,Dubai,CUST-02879,P004,Monitor,Electronics,6,973.09,0,5838.54,0.0,5838.54,Cash,Store,2026,8,August,25,Tuesday,False,5838.54,973.09
TXN-0032770,2026-08-25,DXB-001,Dubai,CUST-06319,P015,Tablet,Electronics,1,1153.15,5,1153.15,57.66,1095.49,Cash,Store,2026,8,August,25,Tuesday,False,1095.49,1095.49
TXN-0032874,2026-08-25,DXB-002,Dubai,CUST-01437,P001,Laptop,Electronics,1,2791.5,10,2791.5,279.15,2512.35,Card,Store,2026,8,August,25,Tuesday,False,2512.35,2512.35
TXN-0032894,2026-08-25,DXB-003,Dubai,CUST-04605,P007,Office Chair,Furniture,6,667.62,0,4005.72,0.0,4005.72,Cash,Store,2026,8,August,25,Tuesday,False,4005.72,667.62
TXN-0032982,2026-08-25,DXB-004,Dubai,CUST-00291,P001,Laptop,Electronics,1,2695.43,0,2695.43,0.0,2695.43,Card,Online,2026,8,August,25,Tuesday,False,2695.43,2695.43
TXN-0033010,2026-08-25,DXB-003,Dubai,CUST-07228,P014,Power Bank,Electronics,1,158.92,5,158.92,7.95,150.97,Apple Pay,Store,2026,8,August,25,Tuesday,False,150.97,150.97
TXN-0033043,2026-08-25,DXB-002,Dubai,CUST-00651,P010,Printer,Office,1,842.36,10,842.36,84.24,758.12,Apple Pay,Store,2026,8,August,25,Tuesday,False,758.12,758.12
TXN-0033158,2026-08-25,DXB-003,Dubai,CUST-07159,P003,Headphones,Electronics,1,354.71,10,354.71,35.47,319.24,Bank Transfer,Store,2026,8,August,25,Tuesday,False,319.24,319.24
TXN-0033244,2026-08-25,DXB-002,Dubai,CUST-02460,P009,Backpack,Accessories,3,241.24,5,723.72,36.19,687.53,Cash,Online,2026,8,August,25,Tuesday,False,687.53,229.18
TXN-0033377,2026-08-25,DXB-003,Dubai,CUST-05747,P010,Printer,Office,2,699.98,0,1399.96,0.0,1399.96,Card,Store,2026,8,August,25,Tuesday,False,1399.96,699.98
TXN-0033403,2026-08-25,DXB-004,Dubai,CUST-00036,P015,Tablet,Electronics,2,1183.06,5,2366.12,118.31,2247.81,Bank Transfer,Online,2026,8,August,25,Tuesday,False,2247.81,1123.9
TXN-0033426,2026-08-25,DXB-001,Dubai,CUST-00745,P009,Backpack,Accessories,1,213.54,0,213.54,0.0,213.54,Card,Store,2026,8,August,25,Tuesday,False,213.54,213.54
TXN-0033518,2026-08-25,DXB-003,Dubai,CUST-07639,P009,Backpack,Accessories,3,226.5,0,679.5,0.0,679.5,Card,Store,2026,8,August,25,Tuesday,False,679.5,226.5
TXN-0033602,2026-08-25,DXB-005,Dubai,CUST-02149,P003,Headphones,Electronics,2,341.97,5,683.94,34.2,649.74,Card,Store,2026,8,August,25,Tuesday,False,649.74,324.87
TXN-0033818,2026-08-25,DXB-004,Dubai,CUST-06410,P008,Desk,Furniture,2,900.1,15,1800.2,270.03,1530.17,Apple Pay,Store,2026,8,August,25,Tuesday,False,1530.17,765.08
TXN-0033822,2026-08-25,DXB-001,Dubai,CUST-06133,P009,Backpack,Accessories,4,202.5,0,810.0,0.0,810.0,Card,Store,2026,8,August,25,Tuesday,False,810.0,202.5
TXN-0033927,2026-08-25,DXB-002,Dubai,CUST-01312,P014,Power Bank,Electronics,1,158.66,5,158.66,7.93,150.73,Bank Transfer,Store,2026,8,August,25,Tuesday,False,150.73,150.73
TXN-0034071,2026-08-25,DXB-002,Dubai,CUST-01235,P013,USB Drive,Accessories,5,42.23,20,211.15,42.23,168.92,Cash,Store,2026,8,August,25,Tuesday,False,168.92,33.78
TXN-0034082,2026-08-25,DXB-001,Dubai,CUST-01917,P001,Laptop,Electronics,3,2653.84,10,7961.52,796.15,7165.37,Card,Store,2026,8,August,25,Tuesday,False,7165.37,2388.46
TXN-0034120,2026-08-25,DXB-004,Dubai,CUST-01226,P003,Headphones,Electronics,1,345.83,0,345.83,0.0,345.83,Card,Store,2026,8,August,25,Tuesday,False,345.83,345.83
TXN-0034131,2026-08-25,DXB-002,Dubai,CUST-04437,P002,Smartphone,Electronics,1,1707.34,5,1707.34,85.37,1621.97,Apple Pay,Store,2026,8,August,25,Tuesday,False,1621.97,1621.97
TXN-0034219,2026-08-25,DXB-005,Dubai,CUST-03135,P001,Laptop,Electronics,4,3070.43,0,12281.72,0.0,12281.72,Cash,Store,2026,8,August,25,Tuesday,False,12281.72,3070.43
TXN-0034317,2026-08-25,DXB-005,Dubai,CUST-01811,P014,Power Bank,Electronics,1,150.59,0,150.59,0.0,150.59,Card,Online,2026,8,August,25,Tuesday,False,150.59,150.59
TXN-0034377,2026-08-25,DXB-005,Dubai,CUST-05222,P001,Laptop,Electronics,1,2747.29,15,2747.29,412.09,2335.2,Card,Online,2026,8,August,25,Tuesday,False,2335.2,2335.2
TXN-0034457,2026-08-25,DXB-001,Dubai,CUST-02799,P013,USB Drive,Accessories,3,41.04,0,123.12,0.0,123.12,Bank Transfer,Store,2026,8,August,25,Tuesday,False,123.12,41.04
TXN-0034608,2026-08-25,DXB-002,Dubai,CUST-02196,P010,Printer,Office,1,778.97,15,778.97,116.85,662.12,Bank Transfer,Store,2026,8,August,25,Tuesday,False,662.12,662.12
TXN-0034617,2026-08-25,DXB-002,Dubai,CUST-06419,P005,Keyboard,Accessories,2,179.48,20,358.96,71.79,287.17,Apple Pay,Online,2026,8,August,25,Tuesday,False,287.17,143.58
TXN-0034696,2026-08-25,DXB-004,Dubai,CUST-04307,P002,Smartphone,Electronics,3,1806.09,15,5418.27,812.74,4605.53,Card,Online,2026,8,August,25,Tuesday,False,4605.53,1535.18
TXN-0035002,2026-08-25,DXB-004,Dubai,CUST-04816,P007,Office Chair,Furniture,1,626.05,5,626.05,31.3,594.75,Card,Online,2026,8,August,25,Tuesday,False,594.75,594.75
TXN-0035103,2026-08-25,DXB-004,Dubai,CUST-04422,P002,Smartphone,Electronics,1,1704.67,5,1704.67,85.23,1619.44,Bank Transfer,Online,2026,8,August,25,Tuesday,False,1619.44,1619.44
TXN-0035131,2026-08-25,DXB-004,Dubai,CUST-06197,P011,Notebook,Stationery,5,23.94,0,119.7,0.0,119.7,Card,Store,2026,8,August,25,Tuesday,False,119.7,23.94
TXN-0035311,2026-08-25,DXB-002,Dubai,CUST-07691,P008,Desk,Furniture,4,764.39,0,3057.56,0.0,3057.56,Card,Store,2026,8,August,25,Tuesday,False,3057.56,764.39
TXN-0035336,2026-08-25,DXB-002,Dubai,CUST-00301,P010,Printer,Office,2,719.0,0,1438.0,0.0,1438.0,Card,Store,2026,8,August,25,Tuesday,False,1438.0,719.0
TXN-0035345,2026-08-25,DXB-004,Dubai,CUST-05442,P007,Office Chair,Furniture,2,686.38,0,1372.76,0.0,1372.76,Apple Pay,Online,2026,8,August,25,Tuesday,False,1372.76,686.38
TXN-0035372,2026-08-25,DXB-005,Dubai,CUST-04280,P004,Monitor,Electronics,6,942.5,20,5655.0,1131.0,4524.0,Cash,Store,2026,8,August,25,Tuesday,False,4524.0,754.0
TXN-0035373,2026-08-25,DXB-002,Dubai,CUST-05626,P013,USB Drive,Accessories,3,47.35,10,142.05,14.2,127.85,Cash,Online,2026,8,August,25,Tuesday,False,127.85,42.62
TXN-0035460,2026-08-25,DXB-002,Dubai,CUST-05929,P010,Printer,Office,2,661.08,0,1322.16,0.0,1322.16,Card,Store,2026,8,August,25,Tuesday,False,1322.16,661.08
TXN-0035461,2026-08-25,DXB-003,Dubai,CUST-01552,P005,Keyboard,Accessories,1,171.58,0,171.58,0.0,171.58,Card,Online,2026,8,August,25,Tuesday,False,171.58,171.58
TXN-0035490,2026-08-25,DXB-002,Dubai,CUST-03037,P014,Power Bank,Electronics,3,154.8,5,464.4,23.22,441.18,Bank Transfer,Store,2026,8,August,25,Tuesday,False,441.18,147.06
TXN-0035502,2026-08-25,DXB-004,Dubai,CUST-07804,P004,Monitor,Electronics,2,867.07,5,1734.14,86.71,1647.43,Cash,Online,2026,8,August,25,Tuesday,False,1647.43,823.72
TXN-0035521,2026-08-25,DXB-001,Dubai,CUST-03524,P011,Notebook,Stationery,2,28.07,10,56.14,5.61,50.53,Card,Store,2026,8,August,25,Tuesday,False,50.53,25.26
TXN-0035559,2026-08-25,DXB-004,Dubai,CUST-05464,P010,Printer,Office,1,638.75,0,638.75,0.0,638.75,Card,Online,2026,8,August,25,Tuesday,False,638.75,638.75
TXN-0035638,2026-08-25,DXB-004,Dubai,CUST-05792,P014,Power Bank,Electronics,1,158.88,5,158.88,7.94,150.94,Card,Store,2026,8,August,25,Tuesday,False,150.94,150.94
TXN-0035676,2026-08-25,DXB-004,Dubai,CUST-06561,P006,Mouse,Accessories,4,101.24,5,404.96,20.25,384.71,Card,Store,2026,8,August,25,Tuesday,False,384.71,96.18
TXN-0035677,2026-08-25,DXB-004,Dubai,CUST-05251,P007,Office Chair,Furniture,2,688.57,5,1377.14,68.86,1308.28,Card,Store,2026,8,August,25,Tuesday,False,1308.28,654.14
TXN-0035947,2026-08-25,DXB-001,Dubai,CUST-05159,P014,Power Bank,Electronics,1,156.5,0,156.5,0.0,156.5,Card,Online,2026,8,August,25,Tuesday,False,156.5,156.5
TXN-0035963,2026-08-25,DXB-002,Dubai,CUST-01396,P010,Printer,Office,1,741.59,0,741.59,0.0,741.59,Bank Transfer,Store,2026,8,August,25,Tuesday,False,741.59,741.59
TXN-0036026,2026-08-25,DXB-002,Dubai,CUST-05211,P005,Keyboard,Accessories,2,185.43,10,370.86,37.09,333.77,Cash,Store,2026,8,August,25,Tuesday,False,333.77,166.88
TXN-0036069,2026-08-25,DXB-001,Dubai,CUST-01246,P015,Tablet,Electronics,1,1163.26,5,1163.26,58.16,1105.1,Card,Store,2026,8,August,25,Tuesday,False,1105.1,1105.1
TXN-0036091,2026-08-25,DXB-004,Dubai,CUST-01690,P003,Headphones,Electronics,1,348.48,10,348.48,34.85,313.63,Apple Pay,Online,2026,8,August,25,Tuesday,False,313.63,313.63
TXN-0036139,2026-08-25,DXB-002,Dubai,CUST-07601,P015,Tablet,Electronics,3,1089.3,5,3267.9,163.4,3104.5,Cash,Store,2026,8,August,25,Tuesday,False,3104.5,1034.83
TXN-0036149,2026-08-25,DXB-001,Dubai,CUST-04861,P005,Keyboard,Accessories,1,188.31,10,188.31,18.83,169.48,Apple Pay,Store,2026,8,August,25,Tuesday,False,169.48,169.48
TXN-0036150,2026-08-25,DXB-002,Dubai,CUST-03949,P008,Desk,Furniture,2,763.68,15,1527.36,229.1,1298.26,Card,Store,2026,8,August,25,Tuesday,False,1298.26,649.13
TXN-0036216,2026-08-25,DXB-005,Dubai,CUST-05614,P004,Monitor,Electronics,3,864.02,15,2592.06,388.81,2203.25,Card,Online,2026,8,August,25,Tuesday,False,2203.25,734.42
TXN-0036356,2026-08-25,DXB-002,Dubai,CUST-00600,P012,Pen Pack,Stationery,4,15.23,5,60.92,3.05,57.87,Cash,Store,2026,8,August,25,Tuesday,False,57.87,14.47
TXN-0036371,2026-08-25,DXB-002,Dubai,CUST-03746,P004,Monitor,Electronics,1,932.82,20,932.82,186.56,746.26,Cash,Store,2026,8,August,25,Tuesday,False,746.26,746.26
TXN-0036395,2026-08-25,DXB-003,Dubai,CUST-05647,P003,Headphones,Electronics,1,345.53,0,345.53,0.0,345.53,Card,Online,2026,8,August,25,Tuesday,False,345.53,345.53
TXN-0036429,2026-08-25,DXB-001,Dubai,CUST-04154,P009,Backpack,Accessories,2,227.06,5,454.12,22.71,431.41,Card,Online,2026,8,August,25,Tuesday,False,431.41,215.7
TXN-0036437,2026-08-25,DXB-002,Dubai,CUST-02195,P012,Pen Pack,Stationery,1,14.08,0,14.08,0.0,14.08,Apple Pay,Store,2026,8,August,25,Tuesday,False,14.08,14.08
TXN-0036450,2026-08-25,DXB-001,Dubai,CUST-03391,P004,Monitor,Electronics,2,1045.69,5,2091.38,104.57,1986.81,Card,Store,2026,8,August,25,Tuesday,False,1986.81,993.4
TXN-0036473,2026-08-25,DXB-001,Dubai,CUST-05128,P011,Notebook,Stationery,2,25.57,10,51.14,5.11,46.03,Apple Pay,Online,2026,8,August,25,Tuesday,False,46.03,23.02
TXN-0036527,2026-08-25,DXB-002,Dubai,CUST-07264,P006,Mouse,Accessories,1,100.94,0,100.94,0.0,100.94,Cash,Online,2026,8,August,25,Tuesday,False,100.94,100.94
TXN-0036528,2026-08-25,DXB-005,Dubai,CUST-03099,P005,Keyboard,Accessories,1,178.27,10,178.27,17.83,160.44,Card,Store,2026,8,August,25,Tuesday,False,160.44,160.44
TXN-0036530,2026-08-25,DXB-001,Dubai,CUST-00986,P007,Office Chair,Furniture,1,665.14,15,665.14,99.77,565.37,Apple Pay,Store,2026,8,August,25,Tuesday,False,565.37,565.37
TXN-0036572,2026-08-25,DXB-002,Dubai,CUST-02619,P010,Printer,Office,1,721.17,10,721.17,72.12,649.05,Card,Online,2026,8,August,25,Tuesday,False,649.05,649.05
TXN-0036574,2026-08-25,DXB-005,Dubai,CUST-03090,P004,Monitor,Electronics,1,896.5,10,896.5,89.65,806.85,Card,Online,2026,8,August,25,Tuesday,False,806.85,806.85
TXN-0036633,2026-08-25,DXB-004,Dubai,CUST-00341,P006,Mouse,Accessories,1,100.65,10,100.65,10.06,90.59,Card,Store,2026,8,August,25,Tuesday,False,90.59,90.59
TXN-0036703,2026-08-25,DXB-003,Dubai,CUST-03644,P011,Notebook,Stationery,2,24.16,5,48.32,2.42,45.9,Card,Store,2026,8,August,25,Tuesday,False,45.9,22.95
TXN-0036708,2026-08-25,DXB-003,Dubai,CUST-04111,P013,USB Drive,Accessories,2,47.51,5,95.02,4.75,90.27,Cash,Store,2026,8,August,25,Tuesday,False,90.27,45.14
TXN-0036756,2026-08-25,DXB-003,Dubai,CUST-05538,P008,Desk,Furniture,1,791.43,0,791.43,0.0,791.43,Cash,Store,2026,8,August,25,Tuesday,False,791.43,791.43
TXN-0036796,2026-08-25,DXB-001,Dubai,CUST-06124,P005,Keyboard,Accessories,1,185.57,5,185.57,9.28,176.29,Card,Store,2026,8,August,25,Tuesday,False,176.29,176.29
TXN-0036816,2026-08-25,DXB-001,Dubai,CUST-04312,P006,Mouse,Accessories,2,92.21,0,184.42,0.0,184.42,Card,Store,2026,8,August,25,Tuesday,False,184.42,92.21
TXN-0036925,2026-08-25,DXB-004,Dubai,CUST-05724,P004,Monitor,Electronics,1,1015.27,0,1015.27,0.0,1015.27,Card,Store,2026,8,August,25,Tuesday,False,1015.27,1015.27
TXN-0036929,2026-08-25,DXB-001,Dubai,CUST-04187,P003,Headphones,Electronics,2,367.16,0,734.32,0.0,734.32,Card,Online,2026,8,August,25,Tuesday,False,734.32,367.16
TXN-0036966,2026-08-25,DXB-001,Dubai,CUST-02259,P012,Pen Pack,Stationery,1,15.35,0,15.35,0.0,15.35,Cash,Online,2026,8,August,25,Tuesday,False,15.35,15.35
TXN-0037407,2026-08-25,DXB-002,Dubai,CUST-02265,P007,Office Chair,Furniture,3,688.56,5,2065.68,103.28,1962.4,Apple Pay,Store,2026,8,August,25,Tuesday,False,1962.4,654.13
TXN-0037421,2026-08-25,DXB-001,Dubai,CUST-07146,P005,Keyboard,Accessories,3,169.94,0,509.82,0.0,509.82,Card,Online,2026,8,August,25,Tuesday,False,509.82,169.94
TXN-0037424,2026-08-25,DXB-005,Dubai,CUST-04515,P001,Laptop,Electronics,1,2742.39,0,2742.39,0.0,2742.39,Card,Store,2026,8,August,25,Tuesday,False,2742.39,2742.39
TXN-0037486,2026-08-25,DXB-004,Dubai,CUST-05807,P002,Smartphone,Electronics,3,1822.12,0,5466.36,0.0,5466.36,Card,Store,2026,8,August,25,Tuesday,False,5466.36,1822.12
TXN-0037525,2026-08-25,DXB-001,Dubai,CUST-03452,P004,Monitor,Electronics,1,930.6,0,930.6,0.0,930.6,Apple Pay,Online,2026,8,August,25,Tuesday,False,930.6,930.6
TXN-0037561,2026-08-25,DXB-003,Dubai,CUST-02355,P014,Power Bank,Electronics,1,134.38,0,134.38,0.0,134.38,Apple Pay,Store,2026,8,August,25,Tuesday,False,134.38,134.38
TXN-0037704,2026-08-25,DXB-004,Dubai,CUST-03977,P014,Power Bank,Electronics,3,152.83,5,458.49,22.92,435.57,Apple Pay,Store,2026,8,August,25,Tuesday,False,435.57,145.19
TXN-0037942,2026-08-25,DXB-002,Dubai,CUST-04794,P013,USB Drive,Accessories,2,49.71,10,99.42,9.94,89.48,Card,Online,2026,8,August,25,Tuesday,False,89.48,44.74
TXN-0037945,2026-08-25,DXB-001,Dubai,CUST-02558,P003,Headphones,Electronics,1,359.57,5,359.57,17.98,341.59,Card,Store,2026,8,August,25,Tuesday,False,341.59,341.59
TXN-0037965,2026-08-25,DXB-004,Dubai,CUST-07616,P013,USB Drive,Accessories,2,46.1,5,92.2,4.61,87.59,Apple Pay,Store,2026,8,August,25,Tuesday,False,87.59,43.8
TXN-0037996,2026-08-25,DXB-001,Dubai,CUST-00470,P012,Pen Pack,Stationery,1,16.27,5,16.27,0.81,15.46,Card,Store,2026,8,August,25,Tuesday,False,15.46,15.46
TXN-0038088,2026-08-25,DXB-005,Dubai,CUST-02337,P007,Office Chair,Furniture,2,646.98,15,1293.96,194.09,1099.87,Card,Online,2026,8,August,25,Tuesday,False,1099.87,549.93
TXN-0038121,2026-08-25,DXB-004,Dubai,CUST-02129,P008,Desk,Furniture,1,726.95,5,726.95,36.35,690.6,Cash,Store,2026,8,August,25,Tuesday,False,690.6,690.6
TXN-0038122,2026-08-25,DXB-001,Dubai,CUST-07370,P008,Desk,Furniture,1,761.9,10,761.9,76.19,685.71,Apple Pay,Online,2026,8,August,25,Tuesday,False,685.71,685.71
TXN-0038455,2026-08-25,DXB-002,Dubai,CUST-05668,P015,Tablet,Electronics,3,1242.06,15,3726.18,558.93,3167.25,Card,Store,2026,8,August,25,Tuesday,False,3167.25,1055.75
TXN-0038515,2026-08-25,DXB-002,Dubai,CUST-04096,P004,Monitor,Electronics,1,826.69,5,826.69,41.33,785.36,Apple Pay,Store,2026,8,August,25,Tuesday,False,785.36,785.36
TXN-0038541,2026-08-25,DXB-002,Dubai,CUST-05053,P007,Office Chair,Furniture,1,649.66,5,649.66,32.48,617.18,Apple Pay,Store,2026,8,August,25,Tuesday,False,617.18,617.18
TXN-0038562,2026-08-25,DXB-002,Dubai,CUST-06151,P006,Mouse,Accessories,3,94.08,10,282.24,28.22,254.02,Bank Transfer,Store,2026,8,August,25,Tuesday,False,254.02,84.67
TXN-0038564,2026-08-25,DXB-003,Dubai,CUST-06993,P014,Power Bank,Electronics,2,141.32,5,282.64,14.13,268.51,Card,Store,2026,8,August,25,Tuesday,False,268.51,134.26
TXN-0038573,2026-08-25,DXB-001,Dubai,CUST-07125,P011,Notebook,Stationery,3,23.86,0,71.58,0.0,71.58,Apple Pay,Store,2026,8,August,25,Tuesday,False,71.58,23.86
TXN-0038735,2026-08-25,DXB-002,Dubai,CUST-05473,P006,Mouse,Accessories,1,107.01,5,107.01,5.35,101.66,Card,Store,2026,8,August,25,Tuesday,False,101.66,101.66
TXN-0038745,2026-08-25,DXB-002,Dubai,CUST-06094,P002,Smartphone,Electronics,2,1779.96,0,3559.92,0.0,3559.92,Card,Store,2026,8,August,25,Tuesday,False,3559.92,1779.96
TXN-0038749,2026-08-25,DXB-002,Dubai,CUST-03028,P008,Desk,Furniture,1,746.97,0,746.97,0.0,746.97,Cash,Store,2026,8,August,25,Tuesday,False,746.97,746.97
TXN-0038776,2026-08-25,DXB-003,Dubai,CUST-01683,P005,Keyboard,Accessories,1,185.77,15,185.77,27.87,157.9,Apple Pay,Store,2026,8,August,25,Tuesday,False,157.9,157.9
TXN-0038788,2026-08-25,DXB-002,Dubai,CUST-03403,P014,Power Bank,Electronics,2,148.39,15,296.78,44.52,252.26,Cash,Store,2026,8,August,25,Tuesday,False,252.26,126.13
TXN-0038926,2026-08-25,DXB-003,Dubai,CUST-07381,P012,Pen Pack,Stationery,1,14.91,5,14.91,0.75,14.16,Card,Store,2026,8,August,25,Tuesday,False,14.16,14.16
TXN-0038979,2026-08-25,DXB-004,Dubai,CUST-02597,P005,Keyboard,Accessories,1,186.09,0,186.09,0.0,186.09,Cash,Store,2026,8,August,25,Tuesday,False,186.09,186.09
TXN-0038982,2026-08-25,DXB-003,Dubai,CUST-05851,P003,Headphones,Electronics,1,351.44,15,351.44,52.72,298.72,Card,Store,2026,8,August,25,Tuesday,False,298.72,298.72
TXN-0039093,2026-08-25,DXB-001,Dubai,CUST-03774,P015,Tablet,Electronics,1,1310.11,15,1310.11,196.52,1113.59,Card,Store,2026,8,August,25,Tuesday,False,1113.59,1113.59
TXN-0039113,2026-08-25,DXB-003,Dubai,CUST-06751,P009,Backpack,Accessories,1,220.3,0,220.3,0.0,220.3,Apple Pay,Store,2026,8,August,25,Tuesday,False,220.3,220.3
TXN-0039135,2026-08-25,DXB-003,Dubai,CUST-04780,P013,USB Drive,Accessories,1,41.47,5,41.47,2.07,39.4,Bank Transfer,Store,2026,8,August,25,Tuesday,False,39.4,39.4
TXN-0039180,2026-08-25,DXB-002,Dubai,CUST-03011,P005,Keyboard,Accessories,5,187.24,5,936.2,46.81,889.39,Apple Pay,Store,2026,8,August,25,Tuesday,False,889.39,177.88
TXN-0039194,2026-08-25,DXB-004,Dubai,CUST-05726,P015,Tablet,Electronics,1,1113.68,15,1113.68,167.05,946.63,Card,Store,2026,8,August,25,Tuesday,False,946.63,946.63
TXN-0039284,2026-08-25,DXB-003,Dubai,CUST-02236,P001,Laptop,Electronics,1,2897.18,5,2897.18,144.86,2752.32,Card,Online,2026,8,August,25,Tuesday,False,2752.32,2752.32
TXN-0039328,2026-08-25,DXB-003,Dubai,CUST-07953,P014,Power Bank,Electronics,3,153.45,20,460.35,92.07,368.28,Apple Pay,Store,2026,8,August,25,Tuesday,False,368.28,122.76
TXN-0039355,2026-08-25,DXB-005,Dubai,CUST-04684,P001,Laptop,Electronics,2,2702.87,0,5405.74,0.0,5405.74,Card,Online,2026,8,August,25,Tuesday,False,5405.74,2702.87
TXN-0039389,2026-08-25,DXB-002,Dubai,CUST-03867,P002,Smartphone,Electronics,1,1996.69,0,1996.69,0.0,1996.69,Card,Store,2026,8,August,25,Tuesday,False,1996.69,1996.69
TXN-0039423,2026-08-25,DXB-005,Dubai,CUST-03098,P005,Keyboard,Accessories,2,177.14,0,354.28,0.0,354.28,Card,Store,2026,8,August,25,Tuesday,False,354.28,177.14
TXN-0039442,2026-08-25,DXB-002,Dubai,CUST-00276,P010,Printer,Office,1,731.61,0,731.61,0.0,731.61,Card,Store,2026,8,August,25,Tuesday,False,731.61,731.61
TXN-0039445,2026-08-25,DXB-002,Dubai,CUST-05330,P013,USB Drive,Accessories,1,44.71,5,44.71,2.24,42.47,Bank Transfer,Store,2026,8,August,25,Tuesday,False,42.47,42.47
TXN-0039493,2026-08-25,DXB-001,Dubai,CUST-06225,P006,Mouse,Accessories,2,104.43,10,208.86,20.89,187.97,Card,Store,2026,8,August,25,Tuesday,False,187.97,93.98
TXN-0039637,2026-08-25,DXB-001,Dubai,CUST-04686,P010,Printer,Office,3,684.58,5,2053.74,102.69,1951.05,Cash,Store,2026,8,August,25,Tuesday,False,1951.05,650.35
TXN-0039647,2026-08-25,DXB-005,Dubai,CUST-00243,P014,Power Bank,Electronics,2,156.77,15,313.54,47.03,266.51,Cash,Online,2026,8,August,25,Tuesday,False,266.51,133.26
TXN-0039669,2026-08-25,DXB-005,Dubai,CUST-00086,P008,Desk,Furniture,2,790.98,10,1581.96,158.2,1423.76,Cash,Online,2026,8,August,25,Tuesday,False,1423.76,711.88
TXN-0039811,2026-08-25,DXB-003,Dubai,CUST-00475,P008,Desk,Furniture,3,841.67,0,2525.01,0.0,2525.01,Card,Store,2026,8,August,25,Tuesday,False,2525.01,841.67
TXN-0039909,2026-08-25,DXB-001,Dubai,CUST-05525,P006,Mouse,Accessories,1,93.0,0,93.0,0.0,93.0,Cash,Store,2026,8,August,25,Tuesday,False,93.0,93.0
TXN-0039935,2026-08-25,DXB-005,Dubai,CUST-00248,P015,Tablet,Electronics,2,1292.42,0,2584.84,0.0,2584.84,Cash,Store,2026,8,August,25,Tuesday,False,2584.84,1292.42
TXN-0039977,2026-08-25,DXB-005,Dubai,CUST-06633,P001,Laptop,Electronics,2,2680.9,5,5361.8,268.09,5093.71,Card,Store,2026,8,August,25,Tuesday,False,5093.71,2546.86
TXN-0040035,2026-08-25,DXB-005,Dubai,CUST-05222,P009,Backpack,Accessories,1,225.93,0,225.93,0.0,225.93,Cash,Store,2026,8,August,25,Tuesday,False,225.93,225.93
TXN-0040072,2026-08-25,DXB-002,Dubai,CUST-00160,P012,Pen Pack,Stationery,1,15.66,0,15.66,0.0,15.66,Card,Online,2026,8,August,25,Tuesday,False,15.66,15.66
TXN-0040130,2026-08-25,DXB-002,Dubai,CUST-07369,P002,Smartphone,Electronics,1,1824.77,5,1824.77,91.24,1733.53,Card,Store,2026,8,August,25,Tuesday,False,1733.53,1733.53
TXN-0040138,2026-08-25,DXB-005,Dubai,CUST-02892,P015,Tablet,Electronics,6,1143.41,20,6860.46,1372.09,5488.37,Cash,Store,2026,8,August,25,Tuesday,False,5488.37,914.73
TXN-0040235,2026-08-25,DXB-003,Dubai,CUST-01424,P011,Notebook,Stationery,6,26.68,0,160.08,0.0,160.08,Card,Store,2026,8,August,25,Tuesday,False,160.08,26.68
TXN-0040474,2026-08-25,DXB-004,Dubai,CUST-07474,P004,Monitor,Electronics,1,929.1,10,929.1,92.91,836.19,Card,Store,2026,8,August,25,Tuesday,False,836.19,836.19
TXN-0040516,2026-08-25,DXB-003,Dubai,CUST-03090,P005,Keyboard,Accessories,1,185.59,0,185.59,0.0,185.59,Card,Store,2026,8,August,25,Tuesday,False,185.59,185.59
TXN-0040517,2026-08-25,DXB-001,Dubai,CUST-00859,P001,Laptop,Electronics,1,2860.12,10,2860.12,286.01,2574.11,Card,Store,2026,8,August,25,Tuesday,False,2574.11,2574.11
TXN-0040587,2026-08-25,DXB-005,Dubai,CUST-07994,P008,Desk,Furniture,1,805.53,0,805.53,0.0,805.53,Apple Pay,Store,2026,8,August,25,Tuesday,False,805.53,805.53
TXN-0040609,2026-08-25,DXB-002,Dubai,CUST-06598,P010,Printer,Office,2,614.06,5,1228.12,61.41,1166.71,Card,Store,2026,8,August,25,Tuesday,False,1166.71,583.36
TXN-0040648,2026-08-25,DXB-005,Dubai,CUST-05692,P010,Printer,Office,1,719.52,20,719.52,143.9,575.62,Apple Pay,Online,2026,8,August,25,Tuesday,False,575.62,575.62
TXN-0040663,2026-08-25,DXB-002,Dubai,CUST-02955,P004,Monitor,Electronics,1,927.82,15,927.82,139.17,788.65,Card,Online,2026,8,August,25,Tuesday,False,788.65,788.65
TXN-0040748,2026-08-25,DXB-002,Dubai,CUST-00165,P003,Headphones,Electronics,2,343.14,0,686.28,0.0,686.28,Cash,Store,2026,8,August,25,Tuesday,False,686.28,343.14
TXN-0040760,2026-08-25,DXB-005,Dubai,CUST-03999,P006,Mouse,Accessories,2,97.71,10,195.42,19.54,175.88,Card,Store,2026,8,August,25,Tuesday,False,175.88,87.94
TXN-0040826,2026-08-25,DXB-005,Dubai,CUST-07820,P004,Monitor,Electronics,3,957.75,20,2873.25,574.65,2298.6,Apple Pay,Store,2026,8,August,25,Tuesday,False,2298.6,766.2
TXN-0040879,2026-08-25,DXB-001,Dubai,CUST-01930,P005,Keyboard,Accessories,1,168.48,0,168.48,0.0,168.48,Card,Store,2026,8,August,25,Tuesday,False,168.48,168.48
TXN-0040886,2026-08-25,DXB-003,Dubai,CUST-07074,P010,Printer,Office,2,726.34,5,1452.68,72.63,1380.05,Card,Store,2026,8,August,25,Tuesday,False,1380.05,690.02
TXN-0041031,2026-08-25,DXB-004,Dubai,CUST-06645,P011,Notebook,Stationery,1,22.78,10,22.78,2.28,20.5,Card,Store,2026,8,August,25,Tuesday,False,20.5,20.5
TXN-0041046,2026-08-25,DXB-005,Dubai,CUST-05141,P001,Laptop,Electronics,3,2806.15,15,8418.45,1262.77,7155.68,Card,Online,2026,8,August,25,Tuesday,False,7155.68,2385.23
TXN-0041070,2026-08-25,DXB-004,Dubai,CUST-00423,P006,Mouse,Accessories,1,96.06,10,96.06,9.61,86.45,Apple Pay,Online,2026,8,August,25,Tuesday,False,86.45,86.45
TXN-0041072,2026-08-25,DXB-003,Dubai,CUST-02221,P013,USB Drive,Accessories,2,46.64,5,93.28,4.66,88.62,Card,Store,2026,8,August,25,Tuesday,False,88.62,44.31
TXN-0041111,2026-08-25,DXB-002,Dubai,CUST-06742,P011,Notebook,Stationery,2,27.31,5,54.62,2.73,51.89,Cash,Store,2026,8,August,25,Tuesday,False,51.89,25.94
TXN-0041214,2026-08-25,DXB-001,Dubai,CUST-05316,P001,Laptop,Electronics,1,2854.85,10,2854.85,285.48,2569.37,Card,Store,2026,8,August,25,Tuesday,False,2569.37,2569.37
TXN-0041247,2026-08-25,DXB-002,Dubai,CUST-02298,P009,Backpack,Accessories,4,213.59,0,854.36,0.0,854.36,Bank Transfer,Online,2026,8,August,25,Tuesday,False,854.36,213.59
TXN-0041326,2026-08-25,DXB-004,Dubai,CUST-05101,P008,Desk,Furniture,2,825.73,5,1651.46,82.57,1568.89,Apple Pay,Store,2026,8,August,25,Tuesday,False,1568.89,784.44
TXN-0041339,2026-08-25,DXB-001,Dubai,CUST-02255,P013,USB Drive,Accessories,2,46.47,5,92.94,4.65,88.29,Card,Store,2026,8,August,25,Tuesday,False,88.29,44.14
TXN-0041357,2026-08-25,DXB-001,Dubai,CUST-04966,P006,Mouse,Accessories,4,101.27,20,405.08,81.02,324.06,Bank Transfer,Online,2026,8,August,25,Tuesday,False,324.06,81.02
TXN-0041431,2026-08-25,DXB-003,Dubai,CUST-02652,P008,Desk,Furniture,2,869.07,20,1738.14,347.63,1390.51,Cash,Store,2026,8,August,25,Tuesday,False,1390.51,695.26
TXN-0041591,2026-08-25,DXB-003,Dubai,CUST-03998,P009,Backpack,Accessories,2,226.46,10,452.92,45.29,407.63,Cash,Store,2026,8,August,25,Tuesday,False,407.63,203.82
TXN-0041682,2026-08-25,DXB-001,Dubai,CUST-04929,P009,Backpack,Accessories,1,218.25,0,218.25,0.0,218.25,Card,Store,2026,8,August,25,Tuesday,False,218.25,218.25
TXN-0041775,2026-08-25,DXB-002,Dubai,CUST-03561,P012,Pen Pack,Stationery,2,15.84,10,31.68,3.17,28.51,Card,Store,2026,8,August,25,Tuesday,False,28.51,14.26
TXN-0041858,2026-08-25,DXB-004,Dubai,CUST-05069,P002,Smartphone,Electronics,1,1846.95,0,1846.95,0.0,1846.95,Cash,Store,2026,8,August,25,Tuesday,False,1846.95,1846.95
TXN-0041916,2026-08-25,DXB-002,Dubai,CUST-04660,P002,Smartphone,Electronics,4,2077.46,15,8309.84,1246.48,7063.36,Card,Store,2026,8,August,25,Tuesday,False,7063.36,1765.84
TXN-0041969,2026-08-25,DXB-004,Dubai,CUST-01806,P006,Mouse,Accessories,4,109.02,5,436.08,21.8,414.28,Card,Store,2026,8,August,25,Tuesday,False,414.28,103.57
TXN-0041995,2026-08-25,DXB-001,Dubai,CUST-01494,P011,Notebook,Stationery,3,22.07,5,66.21,3.31,62.9,Cash,Store,2026,8,August,25,Tuesday,False,62.9,20.97
TXN-0042055,2026-08-25,DXB-005,Dubai,CUST-06900,P011,Notebook,Stationery,1,22.32,0,22.32,0.0,22.32,Card,Online,2026,8,August,25,Tuesday,False,22.32,22.32
TXN-0042094,2026-08-25,DXB-004,Dubai,CUST-01115,P008,Desk,Furniture,4,703.07,10,2812.28,281.23,2531.05,Cash,Store,2026,8,August,25,Tuesday,False,2531.05,632.76
TXN-0042124,2026-08-25,DXB-001,Dubai,CUST-00658,P007,Office Chair,Furniture,1,661.83,0,661.83,0.0,661.83,Card,Store,2026,8,August,25,Tuesday,False,661.83,661.83
TXN-0042165,2026-08-25,DXB-003,Dubai,CUST-05549,P003,Headphones,Electronics,3,366.53,5,1099.59,54.98,1044.61,Card,Store,2026,8,August,25,Tuesday,False,1044.61,348.2
TXN-0042196,2026-08-25,DXB-004,Dubai,CUST-05994,P014,Power Bank,Electronics,1,144.95,15,144.95,21.74,123.21,Apple Pay,Store,2026,8,August,25,Tuesday,False,123.21,123.21
TXN-0042216,2026-08-25,DXB-003,Dubai,CUST-06346,P014,Power Bank,Electronics,5,142.54,5,712.7,35.64,677.06,Card,Store,2026,8,August,25,Tuesday,False,677.06,135.41
TXN-0042234,2026-08-25,DXB-001,Dubai,CUST-04629,P007,Office Chair,Furniture,1,621.01,0,621.01,0.0,621.01,Bank Transfer,Store,2026,8,August,25,Tuesday,False,621.01,621.01
TXN-0042317,2026-08-25,DXB-003,Dubai,CUST-01784,P004,Monitor,Electronics,1,966.32,0,966.32,0.0,966.32,Bank Transfer,Store,2026,8,August,25,Tuesday,False,966.32,966.32
TXN-0042326,2026-08-25,DXB-001,Dubai,CUST-05919,P014,Power Bank,Electronics,1,154.12,5,154.12,7.71,146.41,Card,Store,2026,8,August,25,Tuesday,False,146.41,146.41
TXN-0042392,2026-08-25,DXB-002,Dubai,CUST-01421,P008,Desk,Furniture,1,789.23,0,789.23,0.0,789.23,Card,Online,2026,8,August,25,Tuesday,False,789.23,789.23
TXN-0042431,2026-08-25,DXB-003,Dubai,CUST-06362,P003,Headphones,Electronics,2,337.19,15,674.38,101.16,573.22,Cash,Online,2026,8,August,25,Tuesday,False,573.22,286.61
TXN-0042445,2026-08-25,DXB-001,Dubai,CUST-00235,P001,Laptop,Electronics,1,3048.39,15,3048.39,457.26,2591.13,Apple Pay,Store,2026,8,August,25,Tuesday,False,2591.13,2591.13
TXN-0042697,2026-08-25,DXB-002,Dubai,CUST-05961,P010,Printer,Office,2,714.45,0,1428.9,0.0,1428.9,Cash,Store,2026,8,August,25,Tuesday,False,1428.9,714.45
TXN-0042758,2026-08-25,DXB-003,Dubai,CUST-00792,P005,Keyboard,Accessories,1,178.89,0,178.89,0.0,178.89,Apple Pay,Store,2026,8,August,25,Tuesday,False,178.89,178.89
TXN-0042963,2026-08-25,DXB-003,Dubai,CUST-07607,P010,Printer,Office,2,673.28,10,1346.56,134.66,1211.9,Card,Store,2026,8,August,25,Tuesday,False,1211.9,605.95
TXN-0042979,2026-08-25,DXB-001,Dubai,CUST-06355,P014,Power Bank,Electronics,1,137.15,20,137.15,27.43,109.72,Apple Pay,Store,2026,8,August,25,Tuesday,False,109.72,109.72
TXN-0043007,2026-08-25,DXB-003,Dubai,CUST-05394,P010,Printer,Office,2,724.87,10,1449.74,144.97,1304.77,Bank Transfer,Store,2026,8,August,25,Tuesday,False,1304.77,652.38
TXN-0043046,2026-08-25,DXB-004,Dubai,CUST-06890,P002,Smartphone,Electronics,2,1896.54,5,3793.08,189.65,3603.43,Card,Store,2026,8,August,25,Tuesday,False,3603.43,1801.72
TXN-0043070,2026-08-25,DXB-004,Dubai,CUST-01753,P002,Smartphone,Electronics,2,1693.12,15,3386.24,507.94,2878.3,Card,Store,2026,8,August,25,Tuesday,False,2878.3,1439.15
TXN-0043162,2026-08-25,DXB-003,Dubai,CUST-00877,P015,Tablet,Electronics,1,1297.02,5,1297.02,64.85,1232.17,Apple Pay,Online,2026,8,August,25,Tuesday,False,1232.17,1232.17
TXN-0043173,2026-08-25,DXB-004,Dubai,CUST-05671,P002,Smartphone,Electronics,5,1785.38,5,8926.9,446.34,8480.56,Card,Store,2026,8,August,25,Tuesday,False,8480.56,1696.11
TXN-0043189,2026-08-25,DXB-001,Dubai,CUST-04111,P010,Printer,Office,3,695.44,0,2086.32,0.0,2086.32,Cash,Store,2026,8,August,25,Tuesday,False,2086.32,695.44
TXN-0043230,2026-08-25,DXB-001,Dubai,CUST-05252,P014,Power Bank,Electronics,2,151.55,5,303.1,15.16,287.94,Card,Store,2026,8,August,25,Tuesday,False,287.94,143.97
TXN-0043316,2026-08-25,DXB-001,Dubai,CUST-07336,P011,Notebook,Stationery,1,24.64,5,24.64,1.23,23.41,Cash,Store,2026,8,August,25,Tuesday,False,23.41,23.41
TXN-0043322,2026-08-25,DXB-004,Dubai,CUST-06257,P002,Smartphone,Electronics,1,1764.72,15,1764.72,264.71,1500.01,Card,Store,2026,8,August,25,Tuesday,False,1500.01,1500.01
TXN-0043397,2026-08-25,DXB-001,Dubai,CUST-04360,P015,Tablet,Electronics,1,1148.54,10,1148.54,114.85,1033.69,Card,Store,2026,8,August,25,Tuesday,False,1033.69,1033.69
TXN-0043438,2026-08-25,DXB-003,Dubai,CUST-04596,P012,Pen Pack,Stationery,1,15.02,20,15.02,3.0,12.02,Apple Pay,Store,2026,8,August,25,Tuesday,False,12.02,12.02
TXN-0043441,2026-08-25,DXB-002,Dubai,CUST-04967,P011,Notebook,Stationery,1,25.43,10,25.43,2.54,22.89,Cash,Store,2026,8,August,25,Tuesday,False,22.89,22.89
TXN-0043537,2026-08-25,DXB-001,Dubai,CUST-07225,P003,Headphones,Electronics,4,343.41,0,1373.64,0.0,1373.64,Card,Store,2026,8,August,25,Tuesday,False,1373.64,343.41
TXN-0043543,2026-08-25,DXB-005,Dubai,CUST-03122,P015,Tablet,Electronics,1,1228.21,20,1228.21,245.64,982.57,Card,Online,2026,8,August,25,Tuesday,False,982.57,982.57
TXN-0043556,2026-08-25,DXB-004,Dubai,CUST-03894,P015,Tablet,Electronics,3,1348.06,15,4044.18,606.63,3437.55,Cash,Store,2026,8,August,25,Tuesday,False,3437.55,1145.85
TXN-0043564,2026-08-25,DXB-005,Dubai,CUST-06757,P013,USB Drive,Accessories,2,47.99,10,95.98,9.6,86.38,Card,Online,2026,8,August,25,Tuesday,False,86.38,43.19
TXN-0043576,2026-08-25,DXB-001,Dubai,CUST-04843,P005,Keyboard,Accessories,1,175.66,0,175.66,0.0,175.66,Apple Pay,Store,2026,8,August,25,Tuesday,False,175.66,175.66
TXN-0043583,2026-08-25,DXB-004,Dubai,CUST-03159,P010,Printer,Office,4,689.24,5,2756.96,137.85,2619.11,Card,Store,2026,8,August,25,Tuesday,False,2619.11,654.78
TXN-0043660,2026-08-25,DXB-002,Dubai,CUST-01220,P013,USB Drive,Accessories,1,42.76,15,42.76,6.41,36.35,Card,Store,2026,8,August,25,Tuesday,False,36.35,36.35
TXN-0043687,2026-08-25,DXB-002,Dubai,CUST-04526,P004,Monitor,Electronics,2,901.74,0,1803.48,0.0,1803.48,Card,Store,2026,8,August,25,Tuesday,False,1803.48,901.74
TXN-0043749,2026-08-25,DXB-002,Dubai,CUST-07779,P001,Laptop,Electronics,2,3216.27,0,6432.54,0.0,6432.54,Card,Store,2026,8,August,25,Tuesday,False,6432.54,3216.27
TXN-0043778,2026-08-25,DXB-001,Dubai,CUST-03700,P013,USB Drive,Accessories,2,45.09,0,90.18,0.0,90.18,Card,Store,2026,8,August,25,Tuesday,False,90.18,45.09
TXN-0043812,2026-08-25,DXB-001,Dubai,CUST-06052,P009,Backpack,Accessories,2,213.87,0,427.74,0.0,427.74,Card,Store,2026,8,August,25,Tuesday,False,427.74,213.87
TXN-0043813,2026-08-25,DXB-002,Dubai,CUST-04818,P002,Smartphone,Electronics,1,1764.29,0,1764.29,0.0,1764.29,Cash,Store,2026,8,August,25,Tuesday,False,1764.29,1764.29
TXN-0043826,2026-08-25,DXB-004,Dubai,CUST-05344,P004,Monitor,Electronics,1,866.75,0,866.75,0.0,866.75,Bank Transfer,Store,2026,8,August,25,Tuesday,False,866.75,866.75
TXN-0043935,2026-08-25,DXB-002,Dubai,CUST-05937,P010,Printer,Office,2,722.02,0,1444.04,0.0,1444.04,Card,Online,2026,8,August,25,Tuesday,False,1444.04,722.02
TXN-0043953,2026-08-25,DXB-001,Dubai,CUST-06093,P010,Printer,Office,2,713.25,5,1426.5,71.32,1355.18,Apple Pay,Store,2026,8,August,25,Tuesday,False,1355.18,677.59
TXN-0044078,2026-08-25,DXB-001,Dubai,CUST-05153,P013,USB Drive,Accessories,1,47.95,0,47.95,0.0,47.95,Card,Online,2026,8,August,25,Tuesday,False,47.95,47.95
TXN-0044106,2026-08-25,DXB-001,Dubai,CUST-04056,P013,USB Drive,Accessories,1,42.6,5,42.6,2.13,40.47,Card,Online,2026,8,August,25,Tuesday,False,40.47,40.47
TXN-0044133,2026-08-25,DXB-002,Dubai,CUST-00756,P007,Office Chair,Furniture,3,676.98,15,2030.94,304.64,1726.3,Apple Pay,Store,2026,8,August,25,Tuesday,False,1726.3,575.43
TXN-0044172,2026-08-25,DXB-005,Dubai,CUST-03144,P006,Mouse,Accessories,2,106.32,0,212.64,0.0,212.64,Card,Store,2026,8,August,25,Tuesday,False,212.64,106.32
TXN-0044195,2026-08-25,DXB-001,Dubai,CUST-03592,P002,Smartphone,Electronics,3,1883.42,0,5650.26,0.0,5650.26,Apple Pay,Online,2026,8,August,25,Tuesday,False,5650.26,1883.42
TXN-0044234,2026-08-25,DXB-004,Dubai,CUST-03499,P004,Monitor,Electronics,2,915.04,5,1830.08,91.5,1738.58,Card,Online,2026,8,August,25,Tuesday,False,1738.58,869.29
TXN-0044275,2026-08-25,DXB-002,Dubai,CUST-05168,P012,Pen Pack,Stationery,1,14.88,15,14.88,2.23,12.65,Apple Pay,Store,2026,8,August,25,Tuesday,False,12.65,12.65
TXN-0044376,2026-08-25,DXB-002,Dubai,CUST-06967,P006,Mouse,Accessories,2,100.26,0,200.52,0.0,200.52,Bank Transfer,Store,2026,8,August,25,Tuesday,False,200.52,100.26
TXN-0044482,2026-08-25,DXB-002,Dubai,CUST-02496,P008,Desk,Furniture,1,876.83,10,876.83,87.68,789.15,Card,Store,2026,8,August,25,Tuesday,False,789.15,789.15
TXN-0044527,2026-08-25,DXB-005,Dubai,CUST-03320,P005,Keyboard,Accessories,1,149.07,10,149.07,14.91,134.16,Card,Store,2026,8,August,25,Tuesday,False,134.16,134.16
TXN-0044631,2026-08-25,DXB-001,Dubai,CUST-01185,P007,Office Chair,Furniture,4,622.67,0,2490.68,0.0,2490.68,Apple Pay,Store,2026,8,August,25,Tuesday,False,2490.68,622.67
TXN-0044660,2026-08-25,DXB-002,Dubai,CUST-01750,P008,Desk,Furniture,1,801.25,5,801.25,40.06,761.19,Bank Transfer,Store,2026,8,August,25,Tuesday,False,761.19,761.19
TXN-0045037,2026-08-25,DXB-005,Dubai,CUST-01778,P001,Laptop,Electronics,1,2884.86,5,2884.86,144.24,2740.62,Apple Pay,Online,2026,8,August,25,Tuesday,False,2740.62,2740.62
TXN-0045085,2026-08-25,DXB-004,Dubai,CUST-06951,P008,Desk,Furniture,2,874.39,10,1748.78,174.88,1573.9,Bank Transfer,Store,2026,8,August,25,Tuesday,False,1573.9,786.95
TXN-0045155,2026-08-25,DXB-004,Dubai,CUST-02749,P012,Pen Pack,Stationery,1,14.77,10,14.77,1.48,13.29,Card,Store,2026,8,August,25,Tuesday,False,13.29,13.29
TXN-0045236,2026-08-25,DXB-004,Dubai,CUST-01388,P006,Mouse,Accessories,3,111.39,5,334.17,16.71,317.46,Apple Pay,Store,2026,8,August,25,Tuesday,False,317.46,105.82
TXN-0045253,2026-08-25,DXB-005,Dubai,CUST-01719,P010,Printer,Office,1,689.01,0,689.01,0.0,689.01,Card,Store,2026,8,August,25,Tuesday,False,689.01,689.01
TXN-0045276,2026-08-25,DXB-005,Dubai,CUST-06827,P011,Notebook,Stationery,1,23.96,5,23.96,1.2,22.76,Cash,Online,2026,8,August,25,Tuesday,False,22.76,22.76
TXN-0045286,2026-08-25,DXB-003,Dubai,CUST-01573,P013,USB Drive,Accessories,1,47.42,10,47.42,4.74,42.68,Apple Pay,Store,2026,8,August,25,Tuesday,False,42.68,42.68
TXN-0045315,2026-08-25,DXB-001,Dubai,CUST-00994,P013,USB Drive,Accessories,3,43.49,10,130.47,13.05,117.42,Card,Online,2026,8,August,25,Tuesday,False,117.42,39.14
TXN-0045374,2026-08-25,DXB-004,Dubai,CUST-02550,P010,Printer,Office,4,623.47,0,2493.88,0.0,2493.88,Card,Store,2026,8,August,25,Tuesday,False,2493.88,623.47
TXN-0045427,2026-08-25,DXB-004,Dubai,CUST-07929,P004,Monitor,Electronics,4,912.48,5,3649.92,182.5,3467.42,Bank Transfer,Store,2026,8,August,25,Tuesday,False,3467.42,866.86
TXN-0045494,2026-08-25,DXB-001,Dubai,CUST-00072,P003,Headphones,Electronics,1,394.24,0,394.24,0.0,394.24,Cash,Store,2026,8,August,25,Tuesday,False,394.24,394.24
TXN-0045508,2026-08-25,DXB-002,Dubai,CUST-04367,P007,Office Chair,Furniture,3,647.23,10,1941.69,194.17,1747.52,Apple Pay,Online,2026,8,August,25,Tuesday,False,1747.52,582.51
TXN-0045538,2026-08-25,DXB-003,Dubai,CUST-07991,P010,Printer,Office,2,779.24,5,1558.48,77.92,1480.56,Cash,Online,2026,8,August,25,Tuesday,False,1480.56,740.28
TXN-0045646,2026-08-25,DXB-002,Dubai,CUST-05757,P015,Tablet,Electronics,1,1029.77,15,1029.77,154.47,875.3,Apple Pay,Store,2026,8,August,25,Tuesday,False,875.3,875.3
TXN-0045697,2026-08-25,DXB-003,Dubai,CUST-05677,P001,Laptop,Electronics,1,3016.57,10,3016.57,301.66,2714.91,Card,Store,2026,8,August,25,Tuesday,False,2714.91,2714.91
TXN-0045732,2026-08-25,DXB-002,Dubai,CUST-03359,P007,Office Chair,Furniture,2,667.01,5,1334.02,66.7,1267.32,Card,Store,2026,8,August,25,Tuesday,False,1267.32,633.66
TXN-0045757,2026-08-25,DXB-004,Dubai,CUST-01462,P005,Keyboard,Accessories,1,184.59,20,184.59,36.92,147.67,Bank Transfer,Store,2026,8,August,25,Tuesday,False,147.67,147.67
TXN-0045762,2026-08-25,DXB-001,Dubai,CUST-01420,P008,Desk,Furniture,1,723.83,15,723.83,108.57,615.26,Cash,Online,2026,8,August,25,Tuesday,False,615.26,615.26
TXN-0045790,2026-08-25,DXB-003,Dubai,CUST-03240,P001,Laptop,Electronics,3,2815.22,5,8445.66,422.28,8023.38,Bank Transfer,Online,2026,8,August,25,Tuesday,False,8023.38,2674.46
TXN-0045810,2026-08-25,DXB-005,Dubai,CUST-05043,P006,Mouse,Accessories,1,105.74,5,105.74,5.29,100.45,Card,Online,2026,8,August,25,Tuesday,False,100.45,100.45
TXN-0045927,2026-08-25,DXB-004,Dubai,CUST-00820,P015,Tablet,Electronics,1,1227.66,0,1227.66,0.0,1227.66,Bank Transfer,Store,2026,8,August,25,Tuesday,False,1227.66,1227.66
TXN-0045940,2026-08-25,DXB-004,Dubai,CUST-04714,P010,Printer,Office,1,696.93,0,696.93,0.0,696.93,Card,Store,2026,8,August,25,Tuesday,False,696.93,696.93
TXN-0045998,2026-08-25,DXB-005,Dubai,CUST-04409,P005,Keyboard,Accessories,2,179.03,10,358.06,35.81,322.25,Apple Pay,Online,2026,8,August,25,Tuesday,False,322.25,161.12
TXN-0046050,2026-08-25,DXB-005,Dubai,CUST-06337,P015,Tablet,Electronics,1,1201.73,5,1201.73,60.09,1141.64,Apple Pay,Store,2026,8,August,25,Tuesday,False,1141.64,1141.64
TXN-0046097,2026-08-25,DXB-005,Dubai,CUST-02298,P011,Notebook,Stationery,3,22.47,5,67.41,3.37,64.04,Card,Online,2026,8,August,25,Tuesday,False,64.04,21.35
TXN-0046109,2026-08-25,DXB-003,Dubai,CUST-03284,P008,Desk,Furniture,1,795.14,0,795.14,0.0,795.14,Card,Store,2026,8,August,25,Tuesday,False,795.14,795.14
TXN-0046114,2026-08-25,DXB-003,Dubai,CUST-00420,P001,Laptop,Electronics,2,3146.98,15,6293.96,944.09,5349.87,Card,Online,2026,8,August,25,Tuesday,False,5349.87,2674.94
TXN-0046116,2026-08-25,DXB-003,Dubai,CUST-05132,P015,Tablet,Electronics,2,1253.83,5,2507.66,125.38,2382.28,Bank Transfer,Store,2026,8,August,25,Tuesday,False,2382.28,1191.14
TXN-0046281,2026-08-25,DXB-002,Dubai,CUST-07760,P009,Backpack,Accessories,1,219.04,5,219.04,10.95,208.09,Card,Store,2026,8,August,25,Tuesday,False,208.09,208.09
TXN-0046286,2026-08-25,DXB-005,Dubai,CUST-04021,P014,Power Bank,Electronics,1,145.82,10,145.82,14.58,131.24,Apple Pay,Store,2026,8,August,25,Tuesday,False,131.24,131.24
TXN-0046367,2026-08-25,DXB-005,Dubai,CUST-00576,P009,Backpack,Accessories,1,209.32,0,209.32,0.0,209.32,Card,Online,2026,8,August,25,Tuesday,False,209.32,209.32
TXN-0046391,2026-08-25,DXB-001,Dubai,CUST-01528,P006,Mouse,Accessories,1,99.44,10,99.44,9.94,89.5,Card,Store,2026,8,August,25,Tuesday,False,89.5,89.5
TXN-0046402,2026-08-25,DXB-003,Dubai,CUST-03531,P010,Printer,Office,1,712.88,20,712.88,142.58,570.3,Card,Store,2026,8,August,25,Tuesday,False,570.3,570.3
TXN-0046567,2026-08-25,DXB-001,Dubai,CUST-00449,P006,Mouse,Accessories,1,101.8,0,101.8,0.0,101.8,Apple Pay,Store,2026,8,August,25,Tuesday,False,101.8,101.8
TXN-0046693,2026-08-25,DXB-003,Dubai,CUST-05460,P008,Desk,Furniture,5,747.36,20,3736.8,747.36,2989.44,Card,Online,2026,8,August,25,Tuesday,False,2989.44,597.89
TXN-0046736,2026-08-25,DXB-005,Dubai,CUST-04398,P002,Smartphone,Electronics,2,1955.26,0,3910.52,0.0,3910.52,Bank Transfer,Store,2026,8,August,25,Tuesday,False,3910.52,1955.26
TXN-0046746,2026-08-25,DXB-004,Dubai,CUST-04789,P009,Backpack,Accessories,2,221.11,15,442.22,66.33,375.89,Card,Store,2026,8,August,25,Tuesday,False,375.89,187.94
TXN-0046747,2026-08-25,DXB-005,Dubai,CUST-07056,P012,Pen Pack,Stationery,2,15.44,10,30.88,3.09,27.79,Card,Store,2026,8,August,25,Tuesday,False,27.79,13.9
TXN-0046761,2026-08-25,DXB-001,Dubai,CUST-07936,P004,Monitor,Electronics,1,934.69,5,934.69,46.73,887.96,Cash,Online,2026,8,August,25,Tuesday,False,887.96,887.96
TXN-0046789,2026-08-25,DXB-004,Dubai,CUST-05432,P003,Headphones,Electronics,6,358.47,10,2150.82,215.08,1935.74,Card,Store,2026,8,August,25,Tuesday,False,1935.74,322.62
TXN-0046893,2026-08-25,DXB-004,Dubai,CUST-02938,P014,Power Bank,Electronics,1,159.72,0,159.72,0.0,159.72,Card,Store,2026,8,August,25,Tuesday,False,159.72,159.72
TXN-0046914,2026-08-25,DXB-003,Dubai,CUST-06981,P005,Keyboard,Accessories,1,175.46,5,175.46,8.77,166.69,Apple Pay,Store,2026,8,August,25,Tuesday,False,166.69,166.69
TXN-0046929,2026-08-25,DXB-001,Dubai,CUST-01360,P013,USB Drive,Accessories,5,43.31,5,216.55,10.83,205.72,Card,Store,2026,8,August,25,Tuesday,False,205.72,41.14
TXN-0046934,2026-08-25,DXB-004,Dubai,CUST-07981,P002,Smartphone,Electronics,1,1717.17,0,1717.17,0.0,1717.17,Card,Online,2026,8,August,25,Tuesday,False,1717.17,1717.17
TXN-0046970,2026-08-25,DXB-001,Dubai,CUST-04799,P007,Office Chair,Furniture,1,638.37,0,638.37,0.0,638.37,Card,Store,2026,8,August,25,Tuesday,False,638.37,638.37
TXN-0047026,2026-08-25,DXB-003,Dubai,CUST-00750,P007,Office Chair,Furniture,3,672.58,15,2017.74,302.66,1715.08,Card,Store,2026,8,August,25,Tuesday,False,1715.08,571.69
TXN-0047052,2026-08-25,DXB-001,Dubai,CUST-03842,P009,Backpack,Accessories,2,203.91,5,407.82,20.39,387.43,Card,Store,2026,8,August,25,Tuesday,False,387.43,193.72
TXN-0047089,2026-08-25,DXB-002,Dubai,CUST-07154,P012,Pen Pack,Stationery,1,15.88,10,15.88,1.59,14.29,Card,Store,2026,8,August,25,Tuesday,False,14.29,14.29
TXN-0047196,2026-08-25,DXB-001,Dubai,CUST-04457,P009,Backpack,Accessories,5,232.16,5,1160.8,58.04,1102.76,Cash,Online,2026,8,August,25,Tuesday,False,1102.76,220.55
TXN-0047229,2026-08-25,DXB-004,Dubai,CUST-07465,P011,Notebook,Stationery,1,21.99,10,21.99,2.2,19.79,Apple Pay,Online,2026,8,August,25,Tuesday,False,19.79,19.79
TXN-0047251,2026-08-25,DXB-001,Dubai,CUST-04066,P011,Notebook,Stationery,1,24.75,10,24.75,2.48,22.27,Apple Pay,Store,2026,8,August,25,Tuesday,False,22.27,22.27
TXN-0047383,2026-08-25,DXB-004,Dubai,CUST-01141,P002,Smartphone,Electronics,3,1784.64,10,5353.92,535.39,4818.53,Apple Pay,Store,2026,8,August,25,Tuesday,False,4818.53,1606.18
TXN-0047508,2026-08-25,DXB-004,Dubai,CUST-07288,P008,Desk,Furniture,1,795.79,10,795.79,79.58,716.21,Card,Online,2026,8,August,25,Tuesday,False,716.21,716.21
TXN-0047644,2026-08-25,DXB-005,Dubai,CUST-05941,P003,Headphones,Electronics,1,340.49,0,340.49,0.0,340.49,Apple Pay,Store,2026,8,August,25,Tuesday,False,340.49,340.49
TXN-0047649,2026-08-25,DXB-004,Dubai,CUST-00140,P009,Backpack,Accessories,1,207.52,0,207.52,0.0,207.52,Cash,Store,2026,8,August,25,Tuesday,False,207.52,207.52
TXN-0047772,2026-08-25,DXB-003,Dubai,CUST-06963,P009,Backpack,Accessories,1,232.32,0,232.32,0.0,232.32,Apple Pay,Store,2026,8,August,25,Tuesday,False,232.32,232.32
TXN-0047860,2026-08-25,DXB-001,Dubai,CUST-04118,P010,Printer,Office,2,669.38,5,1338.76,66.94,1271.82,Card,Store,2026,8,August,25,Tuesday,False,1271.82,635.91
TXN-0047891,2026-08-25,DXB-001,Dubai,CUST-06250,P001,Laptop,Electronics,1,2795.45,5,2795.45,139.77,2655.68,Cash,Online,2026,8,August,25,Tuesday,False,2655.68,2655.68
TXN-0047945,2026-08-25,DXB-001,Dubai,CUST-03161,P012,Pen Pack,Stationery,1,14.83,10,14.83,1.48,13.35,Cash,Store,2026,8,August,25,Tuesday,False,13.35,13.35
TXN-0048015,2026-08-25,DXB-004,Dubai,CUST-06991,P003,Headphones,Electronics,1,342.23,5,342.23,17.11,325.12,Cash,Online,2026,8,August,25,Tuesday,False,325.12,325.12
TXN-0048055,2026-08-25,DXB-002,Dubai,CUST-05046,P009,Backpack,Accessories,1,212.53,15,212.53,31.88,180.65,Apple Pay,Online,2026,8,August,25,Tuesday,False,180.65,180.65
TXN-0048063,2026-08-25,DXB-002,Dubai,CUST-00684,P002,Smartphone,Electronics,3,1744.02,5,5232.06,261.6,4970.46,Card,Online,2026,8,August,25,Tuesday,False,4970.46,1656.82
TXN-0048106,2026-08-25,DXB-004,Dubai,CUST-04859,P013,USB Drive,Accessories,5,40.74,5,203.7,10.18,193.52,Apple Pay,Store,2026,8,August,25,Tuesday,False,193.52,38.7
TXN-0048151,2026-08-25,DXB-003,Dubai,CUST-00256,P011,Notebook,Stationery,4,25.56,5,102.24,5.11,97.13,Apple Pay,Store,2026,8,August,25,Tuesday,False,97.13,24.28
TXN-0048337,2026-08-25,DXB-001,Dubai,CUST-02292,P001,Laptop,Electronics,4,2793.54,10,11174.16,1117.42,10056.74,Apple Pay,Store,2026,8,August,25,Tuesday,False,10056.74,2514.18
TXN-0048341,2026-08-25,DXB-005,Dubai,CUST-03618,P012,Pen Pack,Stationery,1,14.68,10,14.68,1.47,13.21,Apple Pay,Store,2026,8,August,25,Tuesday,False,13.21,13.21
TXN-0048389,2026-08-25,DXB-001,Dubai,CUST-03050,P013,USB Drive,Accessories,3,40.67,5,122.01,6.1,115.91,Cash,Store,2026,8,August,25,Tuesday,False,115.91,38.64
TXN-0048490,2026-08-25,DXB-001,Dubai,CUST-03436,P015,Tablet,Electronics,1,1028.75,10,1028.75,102.88,925.87,Apple Pay,Store,2026,8,August,25,Tuesday,False,925.87,925.87
TXN-0048575,2026-08-25,DXB-005,Dubai,CUST-01148,P002,Smartphone,Electronics,1,1604.67,20,1604.67,320.93,1283.74,Apple Pay,Store,2026,8,August,25,Tuesday,False,1283.74,1283.74
TXN-0048615,2026-08-25,DXB-002,Dubai,CUST-01659,P003,Headphones,Electronics,2,390.84,0,781.68,0.0,781.68,Card,Online,2026,8,August,25,Tuesday,False,781.68,390.84
TXN-0048658,2026-08-25,DXB-003,Dubai,CUST-02716,P015,Tablet,Electronics,2,1176.99,10,2353.98,235.4,2118.58,Apple Pay,Store,2026,8,August,25,Tuesday,False,2118.58,1059.29
TXN-0048729,2026-08-25,DXB-004,Dubai,CUST-06897,P015,Tablet,Electronics,2,1174.67,15,2349.34,352.4,1996.94,Apple Pay,Store,2026,8,August,25,Tuesday,False,1996.94,998.47
TXN-0048730,2026-08-25,DXB-001,Dubai,CUST-05349,P010,Printer,Office,1,701.03,10,701.03,70.1,630.93,Card,Store,2026,8,August,25,Tuesday,False,630.93,630.93
TXN-0048790,2026-08-25,DXB-001,Dubai,CUST-03148,P014,Power Bank,Electronics,2,152.92,0,305.84,0.0,305.84,Card,Store,2026,8,August,25,Tuesday,False,305.84,152.92
TXN-0048926,2026-08-25,DXB-004,Dubai,CUST-02544,P001,Laptop,Electronics,1,2722.37,15,2722.37,408.36,2314.01,Cash,Store,2026,8,August,25,Tuesday,False,2314.01,2314.01
TXN-0048938,2026-08-25,DXB-005,Dubai,CUST-07036,P011,Notebook,Stationery,1,26.3,0,26.3,0.0,26.3,Card,Store,2026,8,August,25,Tuesday,False,26.3,26.3
TXN-0048943,2026-08-25,DXB-001,Dubai,CUST-06980,P012,Pen Pack,Stationery,1,15.43,5,15.43,0.77,14.66,Cash,Online,2026,8,August,25,Tuesday,False,14.66,14.66
TXN-0048986,2026-08-25,DXB-002,Dubai,CUST-01612,P013,USB Drive,Accessories,2,44.24,0,88.48,0.0,88.48,Card,Store,2026,8,August,25,Tuesday,False,88.48,44.24
TXN-0049148,2026-08-25,DXB-004,Dubai,CUST-01916,P012,Pen Pack,Stationery,1,15.0,15,15.0,2.25,12.75,Card,Store,2026,8,August,25,Tuesday,False,12.75,12.75
TXN-0049157,2026-08-25,DXB-005,Dubai,CUST-05849,P006,Mouse,Accessories,1,105.11,0,105.11,0.0,105.11,Bank Transfer,Store,2026,8,August,25,Tuesday,False,105.11,105.11
TXN-0049233,2026-08-25,DXB-005,Dubai,CUST-07688,P008,Desk,Furniture,4,802.98,10,3211.92,321.19,2890.73,Cash,Store,2026,8,August,25,Tuesday,False,2890.73,722.68
TXN-0049256,2026-08-25,DXB-001,Dubai,CUST-04845,P015,Tablet,Electronics,1,1274.35,5,1274.35,63.72,1210.63,Card,Store,2026,8,August,25,Tuesday,False,1210.63,1210.63
TXN-0049276,2026-08-25,DXB-004,Dubai,CUST-05092,P002,Smartphone,Electronics,1,1916.25,0,1916.25,0.0,1916.25,Card,Online,2026,8,August,25,Tuesday,False,1916.25,1916.25
TXN-0049315,2026-08-25,DXB-005,Dubai,CUST-05184,P005,Keyboard,Accessories,1,179.96,10,179.96,18.0,161.96,Card,Store,2026,8,August,25,Tuesday,False,161.96,161.96
TXN-0049336,2026-08-25,DXB-004,Dubai,CUST-03906,P007,Office Chair,Furniture,1,653.16,5,653.16,32.66,620.5,Apple Pay,Store,2026,8,August,25,Tuesday,False,620.5,620.5
TXN-0049387,2026-08-25,DXB-001,Dubai,CUST-02615,P008,Desk,Furniture,1,800.44,20,800.44,160.09,640.35,Cash,Store,2026,8,August,25,Tuesday,False,640.35,640.35
TXN-0049389,2026-08-25,DXB-005,Dubai,CUST-05089,P014,Power Bank,Electronics,1,148.82,15,148.82,22.32,126.5,Bank Transfer,Store,2026,8,August,25,Tuesday,False,126.5,126.5
TXN-0049416,2026-08-25,DXB-005,Dubai,CUST-00430,P013,USB Drive,Accessories,1,44.33,10,44.33,4.43,39.9,Card,Store,2026,8,August,25,Tuesday,False,39.9,39.9
TXN-0049435,2026-08-25,DXB-001,Dubai,CUST-01686,P008,Desk,Furniture,3,779.79,10,2339.37,233.94,2105.43,Card,Store,2026,8,August,25,Tuesday,False,2105.43,701.81
TXN-0049743,2026-08-25,DXB-003,Dubai,CUST-06709,P012,Pen Pack,Stationery,1,14.79,15,14.79,2.22,12.57,Card,Store,2026,8,August,25,Tuesday,False,12.57,12.57
TXN-0049748,2026-08-25,DXB-002,Dubai,CUST-07591,P012,Pen Pack,Stationery,2,15.66,15,31.32,4.7,26.62,Apple Pay,Store,2026,8,August,25,Tuesday,False,26.62,13.31
TXN-0049756,2026-08-25,DXB-002,Dubai,CUST-05481,P009,Backpack,Accessories,3,246.05,0,738.15,0.0,738.15,Apple Pay,Online,2026,8,August,25,Tuesday,False,738.15,246.05
TXN-0049864,2026-08-25,DXB-003,Dubai,CUST-04926,P014,Power Bank,Electronics,1,145.85,0,145.85,0.0,145.85,Card,Online,2026,8,August,25,Tuesday,False,145.85,145.85
TXN-0049927,2026-08-25,DXB-005,Dubai,CUST-03899,P004,Monitor,Electronics,1,1007.94,0,1007.94,0.0,1007.94,Apple Pay,Online,2026,8,August,25,Tuesday,False,1007.94,1007.94
TXN-0049953,2026-08-25,DXB-001,Dubai,CUST-01786,P012,Pen Pack,Stationery,1,15.77,5,15.77,0.79,14.98,Bank Transfer,Store,2026,8,August,25,Tuesday,False,14.98,14.98
TXN-0050053,2026-08-25,DXB-001,Dubai,CUST-05867,P003,Headphones,Electronics,3,347.86,5,1043.58,52.18,991.4,Card,Online,2026,8,August,25,Tuesday,False,991.4,330.47
TXN-0050213,2026-08-25,DXB-004,Dubai,CUST-03526,P014,Power Bank,Electronics,2,146.1,0,292.2,0.0,292.2,Apple Pay,Store,2026,8,August,25,Tuesday,False,292.2,146.1
TXN-0050220,2026-08-25,DXB-004,Dubai,CUST-01087,P012,Pen Pack,Stationery,6,13.67,10,82.02,8.2,73.82,Apple Pay,Store,2026,8,August,25,Tuesday,False,73.82,12.3
TXN-0050296,2026-08-25,DXB-001,Dubai,CUST-05410,P007,Office Chair,Furniture,2,714.45,5,1428.9,71.44,1357.46,Bank Transfer,Store,2026,8,August,25,Tuesday,False,1357.46,678.73
TXN-0050371,2026-08-25,DXB-001,Dubai,CUST-07882,P002,Smartphone,Electronics,3,1782.56,10,5347.68,534.77,4812.91,Cash,Store,2026,8,August,25,Tuesday,False,4812.91,1604.3
TXN-0050383,2026-08-25,DXB-001,Dubai,CUST-07833,P003,Headphones,Electronics,2,380.81,0,761.62,0.0,761.62,Cash,Store,2026,8,August,25,Tuesday,False,761.62,380.81
TXN-0050623,2026-08-25,DXB-001,Dubai,CUST-03382,P004,Monitor,Electronics,2,960.59,0,1921.18,0.0,1921.18,Cash,Online,2026,8,August,25,Tuesday,False,1921.18,960.59
TXN-0050695,2026-08-25,DXB-003,Dubai,CUST-07669,P009,Backpack,Accessories,3,227.85,0,683.55,0.0,683.55,Cash,Store,2026,8,August,25,Tuesday,False,683.55,227.85
TXN-0050710,2026-08-25,DXB-003,Dubai,CUST-02697,P006,Mouse,Accessories,3,102.08,0,306.24,0.0,306.24,Card,Store,2026,8,August,25,Tuesday,False,306.24,102.08
TXN-0050724,2026-08-25,DXB-001,Dubai,CUST-04789,P014,Power Bank,Electronics,1,140.33,0,140.33,0.0,140.33,Cash,Store,2026,8,August,25,Tuesday,False,140.33,140.33
TXN-0050730,2026-08-25,DXB-004,Dubai,CUST-01289,P012,Pen Pack,Stationery,1,14.53,0,14.53,0.0,14.53,Cash,Store,2026,8,August,25,Tuesday,False,14.53,14.53
TXN-0050735,2026-08-25,DXB-002,Dubai,CUST-05164,P004,Monitor,Electronics,2,878.31,0,1756.62,0.0,1756.62,Card,Store,2026,8,August,25,Tuesday,False,1756.62,878.31
TXN-0050815,2026-08-25,DXB-002,Dubai,CUST-00480,P013,USB Drive,Accessories,4,45.2,5,180.8,9.04,171.76,Card,Store,2026,8,August,25,Tuesday,False,171.76,42.94
TXN-0050819,2026-08-25,DXB-001,Dubai,CUST-07600,P015,Tablet,Electronics,1,1178.07,0,1178.07,0.0,1178.07,Apple Pay,Online,2026,8,August,25,Tuesday,False,1178.07,1178.07
TXN-0050906,2026-08-25,DXB-002,Dubai,CUST-04460,P008,Desk,Furniture,2,839.53,15,1679.06,251.86,1427.2,Card,Store,2026,8,August,25,Tuesday,False,1427.2,713.6
TXN-0050925,2026-08-25,DXB-005,Dubai,CUST-04269,P011,Notebook,Stationery,1,26.91,10,26.91,2.69,24.22,Apple Pay,Store,2026,8,August,25,Tuesday,False,24.22,24.22
TXN-0051079,2026-08-25,DXB-005,Dubai,CUST-00379,P012,Pen Pack,Stationery,3,14.22,5,42.66,2.13,40.53,Apple Pay,Online,2026,8,August,25,Tuesday,False,40.53,13.51
TXN-0051089,2026-08-25,DXB-005,Dubai,CUST-06381,P002,Smartphone,Electronics,1,1708.88,0,1708.88,0.0,1708.88,Card,Online,2026,8,August,25,Tuesday,False,1708.88,1708.88
TXN-0051093,2026-08-25,DXB-002,Dubai,CUST-05945,P009,Backpack,Accessories,1,233.72,5,233.72,11.69,222.03,Card,Store,2026,8,August,25,Tuesday,False,222.03,222.03
TXN-0051149,2026-08-25,DXB-002,Dubai,CUST-05256,P010,Printer,Office,3,677.16,20,2031.48,406.3,1625.18,Apple Pay,Online,2026,8,August,25,Tuesday,False,1625.18,541.73
TXN-0051186,2026-08-25,DXB-004,Dubai,CUST-03790,P001,Laptop,Electronics,2,2760.48,15,5520.96,828.14,4692.82,Bank Transfer,Online,2026,8,August,25,Tuesday,False,4692.82,2346.41
TXN-0051290,2026-08-25,DXB-004,Dubai,CUST-06539,P001,Laptop,Electronics,1,2714.41,0,2714.41,0.0,2714.41,Card,Store,2026,8,August,25,Tuesday,False,2714.41,2714.41
TXN-0051357,2026-08-25,DXB-005,Dubai,CUST-05275,P010,Printer,Office,5,736.98,10,3684.9,368.49,3316.41,Card,Store,2026,8,August,25,Tuesday,False,3316.41,663.28
TXN-0051382,2026-08-25,DXB-002,Dubai,CUST-05345,P012,Pen Pack,Stationery,1,14.46,15,14.46,2.17,12.29,Cash,Store,2026,8,August,25,Tuesday,False,12.29,12.29
TXN-0051385,2026-08-25,DXB-001,Dubai,CUST-03732,P011,Notebook,Stationery,4,26.3,5,105.2,5.26,99.94,Card,Store,2026,8,August,25,Tuesday,False,99.94,24.98
TXN-0051417,2026-08-25,DXB-005,Dubai,CUST-06415,P014,Power Bank,Electronics,2,152.02,10,304.04,30.4,273.64,Bank Transfer,Store,2026,8,August,25,Tuesday,False,273.64,136.82
TXN-0051423,2026-08-25,DXB-003,Dubai,CUST-03110,P012,Pen Pack,Stationery,1,14.75,10,14.75,1.48,13.27,Apple Pay,Store,2026,8,August,25,Tuesday,False,13.27,13.27
TXN-0051488,2026-08-25,DXB-003,Dubai,CUST-04463,P004,Monitor,Electronics,2,873.55,0,1747.1,0.0,1747.1,Cash,Store,2026,8,August,25,Tuesday,False,1747.1,873.55
TXN-0051630,2026-08-25,DXB-002,Dubai,CUST-05517,P008,Desk,Furniture,2,780.8,10,1561.6,156.16,1405.44,Apple Pay,Store,2026,8,August,25,Tuesday,False,1405.44,702.72
TXN-0051777,2026-08-25,DXB-003,Dubai,CUST-04917,P011,Notebook,Stationery,1,24.0,15,24.0,3.6,20.4,Apple Pay,Store,2026,8,August,25,Tuesday,False,20.4,20.4
TXN-0051791,2026-08-25,DXB-002,Dubai,CUST-00779,P010,Printer,Office,1,706.56,0,706.56,0.0,706.56,Cash,Store,2026,8,August,25,Tuesday,False,706.56,706.56
TXN-0051810,2026-08-25,DXB-001,Dubai,CUST-04413,P013,USB Drive,Accessories,6,45.91,10,275.46,27.55,247.91,Card,Online,2026,8,August,25,Tuesday,False,247.91,41.32
TXN-0051868,2026-08-25,DXB-003,Dubai,CUST-05595,P002,Smartphone,Electronics,2,1668.07,5,3336.14,166.81,3169.33,Card,Store,2026,8,August,25,Tuesday,False,3169.33,1584.66
TXN-0051902,2026-08-25,DXB-002,Dubai,CUST-02582,P015,Tablet,Electronics,5,1197.07,10,5985.35,598.54,5386.81,Bank Transfer,Online,2026,8,August,25,Tuesday,False,5386.81,1077.36
TXN-0051936,2026-08-25,DXB-001,Dubai,CUST-04970,P012,Pen Pack,Stationery,2,15.46,5,30.92,1.55,29.37,Bank Transfer,Store,2026,8,August,25,Tuesday,False,29.37,14.68
TXN-0052011,2026-08-25,DXB-002,Dubai,CUST-04630,P001,Laptop,Electronics,1,2800.68,10,2800.68,280.07,2520.61,Bank Transfer,Online,2026,8,August,25,Tuesday,False,2520.61,2520.61
TXN-0052039,2026-08-25,DXB-002,Dubai,CUST-06213,P010,Printer,Office,2,695.87,5,1391.74,69.59,1322.15,Cash,Store,2026,8,August,25,Tuesday,False,1322.15,661.08
TXN-0052099,2026-08-25,DXB-002,Dubai,CUST-01283,P007,Office Chair,Furniture,1,618.04,0,618.04,0.0,618.04,Card,Store,2026,8,August,25,Tuesday,False,618.04,618.04
TXN-0052122,2026-08-25,DXB-001,Dubai,CUST-00989,P009,Backpack,Accessories,1,206.48,0,206.48,0.0,206.48,Card,Store,2026,8,August,25,Tuesday,False,206.48,206.48
TXN-0052208,2026-08-25,DXB-004,Dubai,CUST-04814,P015,Tablet,Electronics,1,1322.69,20,1322.69,264.54,1058.15,Cash,Store,2026,8,August,25,Tuesday,False,1058.15,1058.15
TXN-0052263,2026-08-25,DXB-005,Dubai,CUST-06444,P014,Power Bank,Electronics,1,146.66,15,146.66,22.0,124.66,Apple Pay,Store,2026,8,August,25,Tuesday,False,124.66,124.66
TXN-0052270,2026-08-25,DXB-003,Dubai,CUST-02636,P014,Power Bank,Electronics,1,150.17,10,150.17,15.02,135.15,Bank Transfer,Store,2026,8,August,25,Tuesday,False,135.15,135.15
TXN-0052288,2026-08-25,DXB-001,Dubai,CUST-07481,P006,Mouse,Accessories,2,98.86,10,197.72,19.77,177.95,Apple Pay,Online,2026,8,August,25,Tuesday,False,177.95,88.98
TXN-0052382,2026-08-25,DXB-004,Dubai,CUST-06034,P010,Printer,Office,1,702.2,10,702.2,70.22,631.98,Card,Store,2026,8,August,25,Tuesday,False,631.98,631.98
TXN-0052544,2026-08-25,DXB-003,Dubai,CUST-05256,P006,Mouse,Accessories,3,92.6,5,277.8,13.89,263.91,Apple Pay,Store,2026,8,August,25,Tuesday,False,263.91,87.97
TXN-0052547,2026-08-25,DXB-001,Dubai,CUST-03763,P013,USB Drive,Accessories,2,43.22,0,86.44,0.0,86.44,Bank Transfer,Store,2026,8,August,25,Tuesday,False,86.44,43.22
TXN-0052571,2026-08-25,DXB-005,Dubai,CUST-04011,P010,Printer,Office,2,694.2,5,1388.4,69.42,1318.98,Card,Online,2026,8,August,25,Tuesday,False,1318.98,659.49
TXN-0052574,2026-08-25,DXB-002,Dubai,CUST-00738,P011,Notebook,Stationery,2,23.11,0,46.22,0.0,46.22,Apple Pay,Store,2026,8,August,25,Tuesday,False,46.22,23.11
TXN-0052630,2026-08-25,DXB-005,Dubai,CUST-00642,P003,Headphones,Electronics,2,320.54,10,641.08,64.11,576.97,Card,Store,2026,8,August,25,Tuesday,False,576.97,288.48
TXN-0052631,2026-08-25,DXB-002,Dubai,CUST-07340,P002,Smartphone,Electronics,4,1844.41,5,7377.64,368.88,7008.76,Card,Store,2026,8,August,25,Tuesday,False,7008.76,1752.19
TXN-0052652,2026-08-25,DXB-004,Dubai,CUST-03675,P008,Desk,Furniture,1,777.29,0,777.29,0.0,777.29,Card,Store,2026,8,August,25,Tuesday,False,777.29,777.29
TXN-0052679,2026-08-25,DXB-003,Dubai,CUST-06486,P006,Mouse,Accessories,1,98.81,5,98.81,4.94,93.87,Card,Store,2026,8,August,25,Tuesday,False,93.87,93.87
TXN-0052694,2026-08-25,DXB-003,Dubai,CUST-06713,P015,Tablet,Electronics,2,1177.76,0,2355.52,0.0,2355.52,Cash,Store,2026,8,August,25,Tuesday,False,2355.52,1177.76
TXN-0052754,2026-08-25,DXB-002,Dubai,CUST-02846,P012,Pen Pack,Stationery,1,15.83,10,15.83,1.58,14.25,Apple Pay,Store,2026,8,August,25,Tuesday,False,14.25,14.25
TXN-0052808,2026-08-25,DXB-004,Dubai,CUST-03864,P001,Laptop,Electronics,2,2756.71,10,5513.42,551.34,4962.08,Card,Store,2026,8,August,25,Tuesday,False,4962.08,2481.04
TXN-0052951,2026-08-25,DXB-001,Dubai,CUST-05209,P007,Office Chair,Furniture,6,622.98,15,3737.88,560.68,3177.2,Card,Online,2026,8,August,25,Tuesday,False,3177.2,529.53
TXN-0053031,2026-08-25,DXB-001,Dubai,CUST-04172,P007,Office Chair,Furniture,1,688.75,20,688.75,137.75,551.0,Cash,Store,2026,8,August,25,Tuesday,False,551.0,551.0
TXN-0053040,2026-08-25,DXB-005,Dubai,CUST-05951,P012,Pen Pack,Stationery,1,15.19,0,15.19,0.0,15.19,Card,Store,2026,8,August,25,Tuesday,False,15.19,15.19
TXN-0053108,2026-08-25,DXB-001,Dubai,CUST-04111,P009,Backpack,Accessories,6,209.62,0,1257.72,0.0,1257.72,Apple Pay,Store,2026,8,August,25,Tuesday,False,1257.72,209.62
TXN-0053307,2026-08-25,DXB-002,Dubai,CUST-05425,P011,Notebook,Stationery,1,24.75,0,24.75,0.0,24.75,Apple Pay,Store,2026,8,August,25,Tuesday,False,24.75,24.75
TXN-0053414,2026-08-25,DXB-005,Dubai,CUST-04883,P002,Smartphone,Electronics,3,1541.55,5,4624.65,231.23,4393.42,Card,Store,2026,8,August,25,Tuesday,False,4393.42,1464.47
TXN-0053487,2026-08-25,DXB-005,Dubai,CUST-02038,P009,Backpack,Accessories,1,221.0,10,221.0,22.1,198.9,Cash,Store,2026,8,August,25,Tuesday,False,198.9,198.9
TXN-0053541,2026-08-25,DXB-005,Dubai,CUST-06973,P008,Desk,Furniture,2,707.21,0,1414.42,0.0,1414.42,Cash,Store,2026,8,August,25,Tuesday,False,1414.42,707.21
TXN-0053550,2026-08-25,DXB-001,Dubai,CUST-05232,P007,Office Chair,Furniture,1,696.7,0,696.7,0.0,696.7,Card,Store,2026,8,August,25,Tuesday,False,696.7,696.7
TXN-0053580,2026-08-25,DXB-002,Dubai,CUST-05568,P004,Monitor,Electronics,1,866.21,5,866.21,43.31,822.9,Apple Pay,Store,2026,8,August,25,Tuesday,False,822.9,822.9
TXN-0053581,2026-08-25,DXB-002,Dubai,CUST-05255,P001,Laptop,Electronics,6,2593.21,10,15559.26,1555.93,14003.33,Card,Store,2026,8,August,25,Tuesday,False,14003.33,2333.89
TXN-0053614,2026-08-25,DXB-003,Dubai,CUST-06292,P005,Keyboard,Accessories,2,170.06,10,340.12,34.01,306.11,Cash,Store,2026,8,August,25,Tuesday,False,306.11,153.06
TXN-0053633,2026-08-25,DXB-005,Dubai,CUST-05993,P009,Backpack,Accessories,4,226.39,10,905.56,90.56,815.0,Apple Pay,Store,2026,8,August,25,Tuesday,False,815.0,203.75
TXN-0053711,2026-08-25,DXB-002,Dubai,CUST-00647,P013,USB Drive,Accessories,1,46.23,5,46.23,2.31,43.92,Bank Transfer,Store,2026,8,August,25,Tuesday,False,43.92,43.92
TXN-0053738,2026-08-25,DXB-002,Dubai,CUST-02319,P010,Printer,Office,1,752.08,5,752.08,37.6,714.48,Card,Store,2026,8,August,25,Tuesday,False,714.48,714.48
TXN-0053759,2026-08-25,DXB-002,Dubai,CUST-06381,P003,Headphones,Electronics,1,320.38,15,320.38,48.06,272.32,Card,Online,2026,8,August,25,Tuesday,False,272.32,272.32
TXN-0053842,2026-08-25,DXB-003,Dubai,CUST-07541,P005,Keyboard,Accessories,2,177.78,20,355.56,71.11,284.45,Card,Store,2026,8,August,25,Tuesday,False,284.45,142.22
TXN-0053940,2026-08-25,DXB-002,Dubai,CUST-02305,P014,Power Bank,Electronics,3,162.54,0,487.62,0.0,487.62,Card,Store,2026,8,August,25,Tuesday,False,487.62,162.54
TXN-0054051,2026-08-25,DXB-005,Dubai,CUST-07785,P007,Office Chair,Furniture,1,625.66,0,625.66,0.0,625.66,Apple Pay,Store,2026,8,August,25,Tuesday,False,625.66,625.66
TXN-0054070,2026-08-25,DXB-001,Dubai,CUST-04795,P009,Backpack,Accessories,1,202.64,10,202.64,20.26,182.38,Cash,Store,2026,8,August,25,Tuesday,False,182.38,182.38
TXN-0054085,2026-08-25,DXB-002,Dubai,CUST-05701,P003,Headphones,Electronics,2,346.89,0,693.78,0.0,693.78,Card,Store,2026,8,August,25,Tuesday,False,693.78,346.89
TXN-0054212,2026-08-25,DXB-003,Dubai,CUST-04116,P006,Mouse,Accessories,1,96.03,15,96.03,14.4,81.63,Cash,Online,2026,8,August,25,Tuesday,False,81.63,81.63
TXN-0054215,2026-08-25,DXB-004,Dubai,CUST-00813,P002,Smartphone,Electronics,1,1743.98,0,1743.98,0.0,1743.98,Card,Store,2026,8,August,25,Tuesday,False,1743.98,1743.98
TXN-0054380,2026-08-25,DXB-004,Dubai,CUST-06500,P006,Mouse,Accessories,1,101.82,5,101.82,5.09,96.73,Cash,Online,2026,8,August,25,Tuesday,False,96.73,96.73
TXN-0054420,2026-08-25,DXB-001,Dubai,CUST-06620,P002,Smartphone,Electronics,1,1778.42,10,1778.42,177.84,1600.58,Cash,Store,2026,8,August,25,Tuesday,False,1600.58,1600.58
TXN-0054426,2026-08-25,DXB-003,Dubai,CUST-04930,P001,Laptop,Electronics,1,3138.08,0,3138.08,0.0,3138.08,Card,Store,2026,8,August,25,Tuesday,False,3138.08,3138.08
TXN-0054491,2026-08-25,DXB-003,Dubai,CUST-02351,P013,USB Drive,Accessories,2,43.91,15,87.82,13.17,74.65,Card,Store,2026,8,August,25,Tuesday,False,74.65,37.33
TXN-0054511,2026-08-25,DXB-004,Dubai,CUST-05999,P012,Pen Pack,Stationery,1,13.9,5,13.9,0.7,13.2,Card,Store,2026,8,August,25,Tuesday,False,13.2,13.2
TXN-0054598,2026-08-25,DXB-003,Dubai,CUST-00535,P010,Printer,Office,1,743.56,0,743.56,0.0,743.56,Card,Store,2026,8,August,25,Tuesday,False,743.56,743.56
TXN-0054602,2026-08-25,DXB-003,Dubai,CUST-04214,P010,Printer,Office,1,649.07,0,649.07,0.0,649.07,Card,Online,2026,8,August,25,Tuesday,False,649.07,649.07
TXN-0054730,2026-08-25,DXB-003,Dubai,CUST-02542,P005,Keyboard,Accessories,2,175.34,0,350.68,0.0,350.68,Apple Pay,Store,2026,8,August,25,Tuesday,False,350.68,175.34
TXN-0054776,2026-08-25,DXB-002,Dubai,CUST-07864,P011,Notebook,Stationery,1,27.61,5,27.61,1.38,26.23,Card,Online,2026,8,August,25,Tuesday,False,26.23,26.23
TXN-0054789,2026-08-25,DXB-003,Dubai,CUST-07506,P006,Mouse,Accessories,1,90.82,0,90.82,0.0,90.82,Cash,Store,2026,8,August,25,Tuesday,False,90.82,90.82
TXN-0054859,2026-08-25,DXB-005,Dubai,CUST-01425,P009,Backpack,Accessories,2,224.77,15,449.54,67.43,382.11,Card,Store,2026,8,August,25,Tuesday,False,382.11,191.06
TXN-0054866,2026-08-25,DXB-004,Dubai,CUST-01848,P014,Power Bank,Electronics,1,139.01,15,139.01,20.85,118.16,Card,Store,2026,8,August,25,Tuesday,False,118.16,118.16
TXN-0055006,2026-08-25,DXB-003,Dubai,CUST-06754,P001,Laptop,Electronics,1,2801.75,0,2801.75,0.0,2801.75,Card,Store,2026,8,August,25,Tuesday,False,2801.75,2801.75
TXN-0055018,2026-08-25,DXB-004,Dubai,CUST-01608,P006,Mouse,Accessories,2,96.55,0,193.1,0.0,193.1,Apple Pay,Store,2026,8,August,25,Tuesday,False,193.1,96.55
TXN-0055030,2026-08-25,DXB-001,Dubai,CUST-07513,P005,Keyboard,Accessories,5,169.44,5,847.2,42.36,804.84,Cash,Online,2026,8,August,25,Tuesday,False,804.84,160.97
TXN-0055044,2026-08-25,DXB-002,Dubai,CUST-02312,P004,Monitor,Electronics,1,973.02,15,973.02,145.95,827.07,Card,Store,2026,8,August,25,Tuesday,False,827.07,827.07
TXN-0055094,2026-08-25,DXB-005,Dubai,CUST-00148,P015,Tablet,Electronics,3,1194.36,5,3583.08,179.15,3403.93,Card,Online,2026,8,August,25,Tuesday,False,3403.93,1134.64
TXN-0055176,2026-08-25,DXB-002,Dubai,CUST-00271,P014,Power Bank,Electronics,1,161.08,0,161.08,0.0,161.08,Cash,Store,2026,8,August,25,Tuesday,False,161.08,161.08
TXN-0055243,2026-08-25,DXB-002,Dubai,CUST-03498,P004,Monitor,Electronics,1,910.8,15,910.8,136.62,774.18,Card,Store,2026,8,August,25,Tuesday,False,774.18,774.18
TXN-0055368,2026-08-25,DXB-003,Dubai,CUST-00178,P001,Laptop,Electronics,3,2692.24,0,8076.72,0.0,8076.72,Apple Pay,Online,2026,8,August,25,Tuesday,False,8076.72,2692.24
TXN-0055425,2026-08-25,DXB-004,Dubai,CUST-03234,P012,Pen Pack,Stationery,1,15.26,5,15.26,0.76,14.5,Bank Transfer,Online,2026,8,August,25,Tuesday,False,14.5,14.5
TXN-0055606,2026-08-25,DXB-004,Dubai,CUST-07169,P001,Laptop,Electronics,2,2987.76,0,5975.52,0.0,5975.52,Card,Store,2026,8,August,25,Tuesday,False,5975.52,2987.76
TXN-0055609,2026-08-25,DXB-001,Dubai,CUST-00076,P011,Notebook,Stationery,2,25.1,5,50.2,2.51,47.69,Card,Store,2026,8,August,25,Tuesday,False,47.69,23.84
TXN-0055616,2026-08-25,DXB-003,Dubai,CUST-01301,P014,Power Bank,Electronics,3,148.43,15,445.29,66.79,378.5,Card,Online,2026,8,August,25,Tuesday,False,378.5,126.17
TXN-0055671,2026-08-25,DXB-003,Dubai,CUST-07344,P007,Office Chair,Furniture,3,647.31,5,1941.93,97.1,1844.83,Bank Transfer,Store,2026,8,August,25,Tuesday,False,1844.83,614.94
TXN-0055687,2026-08-25,DXB-005,Dubai,CUST-01872,P010,Printer,Office,1,723.17,10,723.17,72.32,650.85,Card,Store,2026,8,August,25,Tuesday,False,650.85,650.85
TXN-0055761,2026-08-25,DXB-003,Dubai,CUST-06409,P002,Smartphone,Electronics,1,1827.83,0,1827.83,0.0,1827.83,Cash,Store,2026,8,August,25,Tuesday,False,1827.83,1827.83
TXN-0055782,2026-08-25,DXB-003,Dubai,CUST-04469,P005,Keyboard,Accessories,1,172.94,15,172.94,25.94,147.0,Card,Online,2026,8,August,25,Tuesday,False,147.0,147.0
TXN-0055804,2026-08-25,DXB-005,Dubai,CUST-04175,P012,Pen Pack,Stationery,1,15.36,5,15.36,0.77,14.59,Card,Store,2026,8,August,25,Tuesday,False,14.59,14.59
TXN-0055839,2026-08-25,DXB-001,Dubai,CUST-01698,P001,Laptop,Electronics,1,2991.02,5,2991.02,149.55,2841.47,Apple Pay,Online,2026,8,August,25,Tuesday,False,2841.47,2841.47
TXN-0055885,2026-08-25,DXB-001,Dubai,CUST-06583,P001,Laptop,Electronics,1,3145.02,0,3145.02,0.0,3145.02,Apple Pay,Store,2026,8,August,25,Tuesday,False,3145.02,3145.02
TXN-0055903,2026-08-25,DXB-001,Dubai,CUST-03562,P007,Office Chair,Furniture,1,635.82,10,635.82,63.58,572.24,Cash,Store,2026,8,August,25,Tuesday,False,572.24,572.24
TXN-0055907,2026-08-25,DXB-002,Dubai,CUST-07905,P003,Headphones,Electronics,1,367.52,5,367.52,18.38,349.14,Apple Pay,Online,2026,8,August,25,Tuesday,False,349.14,349.14
TXN-0056041,2026-08-25,DXB-002,Dubai,CUST-03499,P004,Monitor,Electronics,1,946.82,15,946.82,142.02,804.8,Card,Store,2026,8,August,25,Tuesday,False,804.8,804.8
TXN-0056122,2026-08-25,DXB-005,Dubai,CUST-03855,P001,Laptop,Electronics,1,2485.83,15,2485.83,372.87,2112.96,Card,Store,2026,8,August,25,Tuesday,False,2112.96,2112.96
TXN-0056192,2026-08-25,DXB-002,Dubai,CUST-03757,P001,Laptop,Electronics,2,2473.06,0,4946.12,0.0,4946.12,Cash,Store,2026,8,August,25,Tuesday,False,4946.12,2473.06
TXN-0056220,2026-08-25,DXB-001,Dubai,CUST-07935,P004,Monitor,Electronics,4,808.27,5,3233.08,161.65,3071.43,Card,Store,2026,8,August,25,Tuesday,False,3071.43,767.86
TXN-0056334,2026-08-25,DXB-001,Dubai,CUST-05578,P007,Office Chair,Furniture,1,627.74,10,627.74,62.77,564.97,Cash,Store,2026,8,August,25,Tuesday,False,564.97,564.97
TXN-0056552,2026-08-25,DXB-002,Dubai,CUST-02586,P013,USB Drive,Accessories,6,47.57,15,285.42,42.81,242.61,Cash,Store,2026,8,August,25,Tuesday,False,242.61,40.44
TXN-0056600,2026-08-25,DXB-005,Dubai,CUST-00166,P007,Office Chair,Furniture,2,638.6,15,1277.2,191.58,1085.62,Card,Store,2026,8,August,25,Tuesday,False,1085.62,542.81
TXN-0056631,2026-08-25,DXB-002,Dubai,CUST-07238,P010,Printer,Office,3,702.91,15,2108.73,316.31,1792.42,Card,Store,2026,8,August,25,Tuesday,False,1792.42,597.47
TXN-0056635,2026-08-25,DXB-002,Dubai,CUST-05729,P003,Headphones,Electronics,4,385.22,10,1540.88,154.09,1386.79,Card,Online,2026,8,August,25,Tuesday,False,1386.79,346.7
TXN-0056686,2026-08-25,DXB-004,Dubai,CUST-06626,P007,Office Chair,Furniture,1,694.47,10,694.47,69.45,625.02,Apple Pay,Online,2026,8,August,25,Tuesday,False,625.02,625.02
TXN-0056850,2026-08-25,DXB-004,Dubai,CUST-04135,P007,Office Chair,Furniture,1,690.57,0,690.57,0.0,690.57,Card,Online,2026,8,August,25,Tuesday,False,690.57,690.57
TXN-0056880,2026-08-25,DXB-003,Dubai,CUST-03785,P004,Monitor,Electronics,1,812.02,5,812.02,40.6,771.42,Cash,Online,2026,8,August,25,Tuesday,False,771.42,771.42
TXN-0057030,2026-08-25,DXB-001,Dubai,CUST-06383,P015,Tablet,Electronics,2,1273.0,0,2546.0,0.0,2546.0,Apple Pay,Online,2026,8,August,25,Tuesday,False,2546.0,1273.0
TXN-0057045,2026-08-25,DXB-002,Dubai,CUST-07976,P011,Notebook,Stationery,1,25.0,15,25.0,3.75,21.25,Bank Transfer,Store,2026,8,August,25,Tuesday,False,21.25,21.25
TXN-0057119,2026-08-25,DXB-005,Dubai,CUST-07003,P002,Smartphone,Electronics,2,1625.26,5,3250.52,162.53,3087.99,Card,Store,2026,8,August,25,Tuesday,False,3087.99,1544.0
TXN-0057299,2026-08-25,DXB-001,Dubai,CUST-02331,P010,Printer,Office,1,679.8,5,679.8,33.99,645.81,Card,Store,2026,8,August,25,Tuesday,False,645.81,645.81
TXN-0057334,2026-08-25,DXB-001,Dubai,CUST-00026,P014,Power Bank,Electronics,1,150.24,5,150.24,7.51,142.73,Bank Transfer,Online,2026,8,August,25,Tuesday,False,142.73,142.73
TXN-0057464,2026-08-25,DXB-001,Dubai,CUST-05639,P005,Keyboard,Accessories,2,172.27,15,344.54,51.68,292.86,Apple Pay,Store,2026,8,August,25,Tuesday,False,292.86,146.43
TXN-0057471,2026-08-25,DXB-003,Dubai,CUST-02245,P002,Smartphone,Electronics,3,1720.81,10,5162.43,516.24,4646.19,Cash,Online,2026,8,August,25,Tuesday,False,4646.19,1548.73
TXN-0057474,2026-08-25,DXB-001,Dubai,CUST-03721,P003,Headphones,Electronics,4,348.77,0,1395.08,0.0,1395.08,Card,Store,2026,8,August,25,Tuesday,False,1395.08,348.77
TXN-0057487,2026-08-25,DXB-004,Dubai,CUST-02647,P010,Printer,Office,2,571.7,15,1143.4,171.51,971.89,Card,Online,2026,8,August,25,Tuesday,False,971.89,485.94
TXN-0057550,2026-08-25,DXB-001,Dubai,CUST-07865,P006,Mouse,Accessories,5,102.25,5,511.25,25.56,485.69,Card,Store,2026,8,August,25,Tuesday,False,485.69,97.14
TXN-0057554,2026-08-25,DXB-005,Dubai,CUST-05220,P013,USB Drive,Accessories,1,41.88,5,41.88,2.09,39.79,Apple Pay,Store,2026,8,August,25,Tuesday,False,39.79,39.79
TXN-0057568,2026-08-25,DXB-005,Dubai,CUST-05354,P005,Keyboard,Accessories,2,194.01,15,388.02,58.2,329.82,Bank Transfer,Online,2026,8,August,25,Tuesday,False,329.82,164.91
TXN-0057575,2026-08-25,DXB-005,Dubai,CUST-05929,P002,Smartphone,Electronics,4,1829.17,10,7316.68,731.67,6585.01,Apple Pay,Online,2026,8,August,25,Tuesday,False,6585.01,1646.25
TXN-0057589,2026-08-25,DXB-002,Dubai,CUST-02253,P008,Desk,Furniture,1,767.09,20,767.09,153.42,613.67,Apple Pay,Store,2026,8,August,25,Tuesday,False,613.67,613.67
TXN-0057598,2026-08-25,DXB-001,Dubai,CUST-01227,P015,Tablet,Electronics,3,1190.38,0,3571.14,0.0,3571.14,Card,Store,2026,8,August,25,Tuesday,False,3571.14,1190.38
TXN-0057657,2026-08-25,DXB-001,Dubai,CUST-07167,P006,Mouse,Accessories,5,91.77,5,458.85,22.94,435.91,Card,Store,2026,8,August,25,Tuesday,False,435.91,87.18
TXN-0057700,2026-08-25,DXB-005,Dubai,CUST-00941,P008,Desk,Furniture,5,717.46,10,3587.3,358.73,3228.57,Card,Store,2026,8,August,25,Tuesday,False,3228.57,645.71
TXN-0057748,2026-08-25,DXB-001,Dubai,CUST-04966,P011,Notebook,Stationery,1,24.15,10,24.15,2.42,21.73,Card,Online,2026,8,August,25,Tuesday,False,21.73,21.73
TXN-0057756,2026-08-25,DXB-003,Dubai,CUST-05922,P006,Mouse,Accessories,1,105.42,5,105.42,5.27,100.15,Bank Transfer,Online,2026,8,August,25,Tuesday,False,100.15,100.15
TXN-0057779,2026-08-25,DXB-005,Dubai,CUST-03194,P002,Smartphone,Electronics,3,1916.59,10,5749.77,574.98,5174.79,Apple Pay,Online,2026,8,August,25,Tuesday,False,5174.79,1724.93
TXN-0057819,2026-08-25,DXB-001,Dubai,CUST-03669,P006,Mouse,Accessories,1,94.56,5,94.56,4.73,89.83,Card,Online,2026,8,August,25,Tuesday,False,89.83,89.83
TXN-0057986,2026-08-25,DXB-001,Dubai,CUST-02512,P010,Printer,Office,1,722.09,15,722.09,108.31,613.78,Card,Store,2026,8,August,25,Tuesday,False,613.78,613.78
TXN-0058068,2026-08-25,DXB-004,Dubai,CUST-07416,P007,Office Chair,Furniture,1,692.11,0,692.11,0.0,692.11,Card,Store,2026,8,August,25,Tuesday,False,692.11,692.11
TXN-0058141,2026-08-25,DXB-005,Dubai,CUST-02594,P003,Headphones,Electronics,1,359.05,10,359.05,35.9,323.15,Card,Store,2026,8,August,25,Tuesday,False,323.15,323.15
TXN-0058169,2026-08-25,DXB-004,Dubai,CUST-02904,P011,Notebook,Stationery,2,25.16,5,50.32,2.52,47.8,Cash,Store,2026,8,August,25,Tuesday,False,47.8,23.9
TXN-0058224,2026-08-25,DXB-002,Dubai,CUST-02257,P001,Laptop,Electronics,2,2640.97,5,5281.94,264.1,5017.84,Card,Store,2026,8,August,25,Tuesday,False,5017.84,2508.92
TXN-0058266,2026-08-25,DXB-003,Dubai,CUST-05438,P005,Keyboard,Accessories,2,169.26,5,338.52,16.93,321.59,Cash,Store,2026,8,August,25,Tuesday,False,321.59,160.79
TXN-0058291,2026-08-25,DXB-001,Dubai,CUST-03927,P001,Laptop,Electronics,1,2925.83,15,2925.83,438.87,2486.96,Card,Store,2026,8,August,25,Tuesday,False,2486.96,2486.96
TXN-0058303,2026-08-25,DXB-003,Dubai,CUST-02836,P006,Mouse,Accessories,1,106.54,20,106.54,21.31,85.23,Card,Store,2026,8,August,25,Tuesday,False,85.23,85.23
TXN-0058312,2026-08-25,DXB-002,Dubai,CUST-03742,P013,USB Drive,Accessories,1,49.22,0,49.22,0.0,49.22,Cash,Online,2026,8,August,25,Tuesday,False,49.22,49.22
TXN-0058331,2026-08-25,DXB-001,Dubai,CUST-01059,P013,USB Drive,Accessories,2,46.33,5,92.66,4.63,88.03,Card,Store,2026,8,August,25,Tuesday,False,88.03,44.02
TXN-0058374,2026-08-25,DXB-004,Dubai,CUST-06535,P011,Notebook,Stationery,1,25.03,10,25.03,2.5,22.53,Apple Pay,Online,2026,8,August,25,Tuesday,False,22.53,22.53
TXN-0058377,2026-08-25,DXB-002,Dubai,CUST-00149,P002,Smartphone,Electronics,5,1790.52,0,8952.6,0.0,8952.6,Card,Store,2026,8,August,25,Tuesday,False,8952.6,1790.52
TXN-0058521,2026-08-25,DXB-001,Dubai,CUST-07079,P014,Power Bank,Electronics,2,145.14,0,290.28,0.0,290.28,Apple Pay,Store,2026,8,August,25,Tuesday,False,290.28,145.14
TXN-0058530,2026-08-25,DXB-004,Dubai,CUST-00521,P001,Laptop,Electronics,1,2534.47,0,2534.47,0.0,2534.47,Cash,Store,2026,8,August,25,Tuesday,False,2534.47,2534.47
TXN-0058649,2026-08-25,DXB-003,Dubai,CUST-05556,P010,Printer,Office,1,733.53,0,733.53,0.0,733.53,Card,Store,2026,8,August,25,Tuesday,False,733.53,733.53
TXN-0058744,2026-08-25,DXB-003,Dubai,CUST-04028,P001,Laptop,Electronics,1,2615.43,0,2615.43,0.0,2615.43,Apple Pay,Store,2026,8,August,25,Tuesday,False,2615.43,2615.43
TXN-0058818,2026-08-25,DXB-003,Dubai,CUST-02474,P014,Power Bank,Electronics,1,137.15,5,137.15,6.86,130.29,Card,Online,2026,8,August,25,Tuesday,False,130.29,130.29
TXN-0058851,2026-08-25,DXB-004,Dubai,CUST-04046,P010,Printer,Office,1,733.61,0,733.61,0.0,733.61,Cash,Store,2026,8,August,25,Tuesday,False,733.61,733.61
TXN-0058874,2026-08-25,DXB-005,Dubai,CUST-07487,P015,Tablet,Electronics,2,1253.74,0,2507.48,0.0,2507.48,Apple Pay,Store,2026,8,August,25,Tuesday,False,2507.48,1253.74
TXN-0058910,2026-08-25,DXB-003,Dubai,CUST-01065,P007,Office Chair,Furniture,2,645.61,10,1291.22,129.12,1162.1,Apple Pay,Online,2026,8,August,25,Tuesday,False,1162.1,581.05
TXN-0059034,2026-08-25,DXB-002,Dubai,CUST-05978,P013,USB Drive,Accessories,1,39.7,0,39.7,0.0,39.7,Apple Pay,Store,2026,8,August,25,Tuesday,False,39.7,39.7
TXN-0059099,2026-08-25,DXB-001,Dubai,CUST-02229,P006,Mouse,Accessories,1,96.63,5,96.63,4.83,91.8,Card,Store,2026,8,August,25,Tuesday,False,91.8,91.8
TXN-0059148,2026-08-25,DXB-002,Dubai,CUST-01390,P006,Mouse,Accessories,1,100.53,10,100.53,10.05,90.48,Card,Store,2026,8,August,25,Tuesday,False,90.48,90.48
TXN-0059258,2026-08-25,DXB-004,Dubai,CUST-01493,P007,Office Chair,Furniture,1,681.77,5,681.77,34.09,647.68,Cash,Store,2026,8,August,25,Tuesday,False,647.68,647.68
TXN-0059270,2026-08-25,DXB-001,Dubai,CUST-06535,P014,Power Bank,Electronics,1,152.65,0,152.65,0.0,152.65,Apple Pay,Store,2026,8,August,25,Tuesday,False,152.65,152.65
TXN-0059321,2026-08-25,DXB-001,Dubai,CUST-01318,P006,Mouse,Accessories,3,92.85,10,278.55,27.86,250.69,Card,Store,2026,8,August,25,Tuesday,False,250.69,83.56
TXN-0059480,2026-08-25,DXB-002,Dubai,CUST-05617,P014,Power Bank,Electronics,3,148.39,10,445.17,44.52,400.65,Card,Store,2026,8,August,25,Tuesday,False,400.65,133.55
TXN-0059491,2026-08-25,DXB-002,Dubai,CUST-06051,P002,Smartphone,Electronics,2,1731.53,15,3463.06,519.46,2943.6,Card,Online,2026,8,August,25,Tuesday,False,2943.6,1471.8
TXN-0059701,2026-08-25,DXB-004,Dubai,CUST-02015,P001,Laptop,Electronics,1,3020.25,10,3020.25,302.02,2718.23,Bank Transfer,Online,2026,8,August,25,Tuesday,False,2718.23,2718.23
TXN-0059728,2026-08-25,DXB-001,Dubai,CUST-07052,P008,Desk,Furniture,3,859.68,0,2579.04,0.0,2579.04,Card,Online,2026,8,August,25,Tuesday,False,2579.04,859.68
TXN-0059761,2026-08-25,DXB-005,Dubai,CUST-03413,P002,Smartphone,Electronics,3,1814.21,15,5442.63,816.39,4626.24,Card,Online,2026,8,August,25,Tuesday,False,4626.24,1542.08
TXN-0059794,2026-08-25,DXB-003,Dubai,CUST-03719,P011,Notebook,Stationery,2,23.6,0,47.2,0.0,47.2,Cash,Online,2026,8,August,25,Tuesday,False,47.2,23.6
TXN-0059947,2026-08-25,DXB-001,Dubai,CUST-02961,P015,Tablet,Electronics,3,1147.36,0,3442.08,0.0,3442.08,Apple Pay,Store,2026,8,August,25,Tuesday,False,3442.08,1147.36
TXN-0059985,2026-08-25,DXB-003,Dubai,CUST-02730,P011,Notebook,Stationery,1,27.87,0,27.87,0.0,27.87,Cash,Store,2026,8,August,25,Tuesday,False,27.87,27.87
TXN-0059986,2026-08-25,DXB-003,Dubai,CUST-01097,P009,Backpack,Accessories,1,222.22,0,222.22,0.0,222.22,Apple Pay,Store,2026,8,August,25,Tuesday,False,222.22,222.22
TXN-0060035,2026-08-25,DXB-005,Dubai,CUST-03141,P015,Tablet,Electronics,3,1219.61,5,3658.83,182.94,3475.89,Bank Transfer,Online,2026,8,August,25,Tuesday,False,3475.89,1158.63
TXN-0060188,2026-08-25,DXB-003,Dubai,CUST-04914,P003,Headphones,Electronics,1,341.1,0,341.1,0.0,341.1,Apple Pay,Store,2026,8,August,25,Tuesday,False,341.1,341.1
TXN-0060282,2026-08-25,DXB-003,Dubai,CUST-05260,P009,Backpack,Accessories,4,224.78,10,899.12,89.91,809.21,Apple Pay,Store,2026,8,August,25,Tuesday,False,809.21,202.3
TXN-0060398,2026-08-25,DXB-005,Dubai,CUST-07841,P002,Smartphone,Electronics,2,1716.94,0,3433.88,0.0,3433.88,Cash,Store,2026,8,August,25,Tuesday,False,3433.88,1716.94
TXN-0060460,2026-08-25,DXB-005,Dubai,CUST-03180,P005,Keyboard,Accessories,1,170.24,10,170.24,17.02,153.22,Card,Store,2026,8,August,25,Tuesday,False,153.22,153.22
TXN-0060511,2026-08-25,DXB-003,Dubai,CUST-02942,P012,Pen Pack,Stationery,1,15.91,15,15.91,2.39,13.52,Cash,Store,2026,8,August,25,Tuesday,False,13.52,13.52
TXN-0060533,2026-08-25,DXB-002,Dubai,CUST-00230,P010,Printer,Office,1,634.35,0,634.35,0.0,634.35,Apple Pay,Store,2026,8,August,25,Tuesday,False,634.35,634.35
TXN-0060729,2026-08-25,DXB-003,Dubai,CUST-02237,P001,Laptop,Electronics,3,2742.26,10,8226.78,822.68,7404.1,Card,Store,2026,8,August,25,Tuesday,False,7404.1,2468.03
TXN-0060767,2026-08-25,DXB-001,Dubai,CUST-02391,P012,Pen Pack,Stationery,2,14.09,20,28.18,5.64,22.54,Card,Store,2026,8,August,25,Tuesday,False,22.54,11.27
TXN-0060916,2026-08-25,DXB-002,Dubai,CUST-01659,P008,Desk,Furniture,1,864.78,10,864.78,86.48,778.3,Apple Pay,Store,2026,8,August,25,Tuesday,False,778.3,778.3
TXN-0060978,2026-08-25,DXB-002,Dubai,CUST-03221,P002,Smartphone,Electronics,1,1955.57,10,1955.57,195.56,1760.01,Apple Pay,Online,2026,8,August,25,Tuesday,False,1760.01,1760.01
TXN-0060992,2026-08-25,DXB-002,Dubai,CUST-04769,P002,Smartphone,Electronics,1,1727.69,15,1727.69,259.15,1468.54,Card,Store,2026,8,August,25,Tuesday,False,1468.54,1468.54
TXN-0061084,2026-08-25,DXB-003,Dubai,CUST-04105,P012,Pen Pack,Stationery,1,15.81,0,15.81,0.0,15.81,Apple Pay,Store,2026,8,August,25,Tuesday,False,15.81,15.81
TXN-0061090,2026-08-25,DXB-002,Dubai,CUST-06212,P013,USB Drive,Accessories,3,47.57,0,142.71,0.0,142.71,Cash,Store,2026,8,August,25,Tuesday,False,142.71,47.57
TXN-0061100,2026-08-25,DXB-001,Dubai,CUST-01080,P005,Keyboard,Accessories,1,176.3,5,176.3,8.82,167.48,Card,Store,2026,8,August,25,Tuesday,False,167.48,167.48
TXN-0061111,2026-08-25,DXB-001,Dubai,CUST-04158,P010,Printer,Office,1,670.56,10,670.56,67.06,603.5,Apple Pay,Store,2026,8,August,25,Tuesday,False,603.5,603.5
TXN-0061160,2026-08-25,DXB-002,Dubai,CUST-04134,P005,Keyboard,Accessories,2,180.54,0,361.08,0.0,361.08,Card,Store,2026,8,August,25,Tuesday,False,361.08,180.54
TXN-0061233,2026-08-25,DXB-005,Dubai,CUST-07054,P011,Notebook,Stationery,3,23.99,15,71.97,10.8,61.17,Apple Pay,Online,2026,8,August,25,Tuesday,False,61.17,20.39
TXN-0061274,2026-08-25,DXB-004,Dubai,CUST-06044,P001,Laptop,Electronics,2,2746.26,0,5492.52,0.0,5492.52,Cash,Store,2026,8,August,25,Tuesday,False,5492.52,2746.26
TXN-0061279,2026-08-25,DXB-005,Dubai,CUST-02758,P007,Office Chair,Furniture,2,652.39,0,1304.78,0.0,1304.78,Card,Online,2026,8,August,25,Tuesday,False,1304.78,652.39
TXN-0061287,2026-08-25,DXB-001,Dubai,CUST-04123,P002,Smartphone,Electronics,1,1782.99,10,1782.99,178.3,1604.69,Apple Pay,Store,2026,8,August,25,Tuesday,False,1604.69,1604.69
TXN-0061315,2026-08-25,DXB-003,Dubai,CUST-05106,P002,Smartphone,Electronics,1,1683.28,10,1683.28,168.33,1514.95,Cash,Online,2026,8,August,25,Tuesday,False,1514.95,1514.95
TXN-0061318,2026-08-25,DXB-003,Dubai,CUST-02810,P013,USB Drive,Accessories,1,46.81,10,46.81,4.68,42.13,Card,Store,2026,8,August,25,Tuesday,False,42.13,42.13
TXN-0061360,2026-08-25,DXB-002,Dubai,CUST-02070,P003,Headphones,Electronics,1,352.88,0,352.88,0.0,352.88,Card,Store,2026,8,August,25,Tuesday,False,352.88,352.88
TXN-0061382,2026-08-25,DXB-004,Dubai,CUST-05761,P011,Notebook,Stationery,2,24.98,15,49.96,7.49,42.47,Apple Pay,Store,2026,8,August,25,Tuesday,False,42.47,21.24
TXN-0061383,2026-08-25,DXB-001,Dubai,CUST-02216,P008,Desk,Furniture,2,797.63,0,1595.26,0.0,1595.26,Apple Pay,Store,2026,8,August,25,Tuesday,False,1595.26,797.63
TXN-0061409,2026-08-25,DXB-002,Dubai,CUST-04023,P003,Headphones,Electronics,4,341.73,0,1366.92,0.0,1366.92,Card,Store,2026,8,August,25,Tuesday,False,1366.92,341.73
TXN-0061464,2026-08-25,DXB-005,Dubai,CUST-05252,P002,Smartphone,Electronics,2,1942.5,5,3885.0,194.25,3690.75,Card,Store,2026,8,August,25,Tuesday,False,3690.75,1845.38
TXN-0061485,2026-08-25,DXB-005,Dubai,CUST-04510,P015,Tablet,Electronics,1,1384.75,15,1384.75,207.71,1177.04,Bank Transfer,Store,2026,8,August,25,Tuesday,False,1177.04,1177.04
TXN-0061501,2026-08-25,DXB-002,Dubai,CUST-01395,P010,Printer,Office,1,695.42,20,695.42,139.08,556.34,Card,Store,2026,8,August,25,Tuesday,False,556.34,556.34
TXN-0061708,2026-08-25,DXB-002,Dubai,CUST-00364,P005,Keyboard,Accessories,1,183.06,5,183.06,9.15,173.91,Card,Online,2026,8,August,25,Tuesday,False,173.91,173.91
TXN-0061763,2026-08-25,DXB-004,Dubai,CUST-06060,P007,Office Chair,Furniture,3,631.0,5,1893.0,94.65,1798.35,Bank Transfer,Store,2026,8,August,25,Tuesday,False,1798.35,599.45
TXN-0062082,2026-08-25,DXB-003,Dubai,CUST-00039,P010,Printer,Office,2,716.65,0,1433.3,0.0,1433.3,Card,Online,2026,8,August,25,Tuesday,False,1433.3,716.65
TXN-0062141,2026-08-25,DXB-003,Dubai,CUST-01619,P011,Notebook,Stationery,1,24.99,5,24.99,1.25,23.74,Cash,Store,2026,8,August,25,Tuesday,False,23.74,23.74
TXN-0062147,2026-08-25,DXB-003,Dubai,CUST-00950,P015,Tablet,Electronics,3,1206.03,5,3618.09,180.9,3437.19,Card,Online,2026,8,August,25,Tuesday,False,3437.19,1145.73
TXN-0062317,2026-08-25,DXB-003,Dubai,CUST-07307,P013,USB Drive,Accessories,1,50.02,0,50.02,0.0,50.02,Card,Store,2026,8,August,25,Tuesday,False,50.02,50.02
TXN-0062318,2026-08-25,DXB-004,Dubai,CUST-06653,P015,Tablet,Electronics,1,1232.87,0,1232.87,0.0,1232.87,Apple Pay,Store,2026,8,August,25,Tuesday,False,1232.87,1232.87
TXN-0062325,2026-08-25,DXB-003,Dubai,CUST-07623,P015,Tablet,Electronics,1,1056.33,0,1056.33,0.0,1056.33,Card,Store,2026,8,August,25,Tuesday,False,1056.33,1056.33
TXN-0062359,2026-08-25,DXB-005,Dubai,CUST-00420,P010,Printer,Office,3,647.58,15,1942.74,291.41,1651.33,Cash,Store,2026,8,August,25,Tuesday,False,1651.33,550.44
TXN-0062452,2026-08-25,DXB-002,Dubai,CUST-04935,P009,Backpack,Accessories,1,201.76,10,201.76,20.18,181.58,Bank Transfer,Online,2026,8,August,25,Tuesday,False,181.58,181.58
TXN-0062472,2026-08-25,DXB-002,Dubai,CUST-06336,P001,Laptop,Electronics,1,2731.39,10,2731.39,273.14,2458.25,Card,Online,2026,8,August,25,Tuesday,False,2458.25,2458.25
TXN-0062480,2026-08-25,DXB-002,Dubai,CUST-04013,P015,Tablet,Electronics,1,1250.76,10,1250.76,125.08,1125.68,Card,Online,2026,8,August,25,Tuesday,False,1125.68,1125.68
TXN-0062500,2026-08-25,DXB-004,Dubai,CUST-00656,P012,Pen Pack,Stationery,1,15.22,10,15.22,1.52,13.7,Card,Store,2026,8,August,25,Tuesday,False,13.7,13.7
TXN-0062526,2026-08-25,DXB-003,Dubai,CUST-07735,P005,Keyboard,Accessories,1,174.01,0,174.01,0.0,174.01,Cash,Store,2026,8,August,25,Tuesday,False,174.01,174.01
TXN-0062527,2026-08-25,DXB-002,Dubai,CUST-05759,P006,Mouse,Accessories,3,92.92,15,278.76,41.81,236.95,Card,Online,2026,8,August,25,Tuesday,False,236.95,78.98
TXN-0062540,2026-08-25,DXB-004,Dubai,CUST-03615,P015,Tablet,Electronics,2,1200.72,10,2401.44,240.14,2161.3,Card,Store,2026,8,August,25,Tuesday,False,2161.3,1080.65
TXN-0062619,2026-08-25,DXB-004,Dubai,CUST-00736,P011,Notebook,Stationery,1,22.55,5,22.55,1.13,21.42,Cash,Online,2026,8,August,25,Tuesday,False,21.42,21.42
TXN-0062653,2026-08-25,DXB-002,Dubai,CUST-07429,P002,Smartphone,Electronics,1,1668.22,20,1668.22,333.64,1334.58,Bank Transfer,Store,2026,8,August,25,Tuesday,False,1334.58,1334.58
TXN-0062672,2026-08-25,DXB-003,Dubai,CUST-04488,P013,USB Drive,Accessories,1,45.19,0,45.19,0.0,45.19,Card,Online,2026,8,August,25,Tuesday,False,45.19,45.19
TXN-0062771,2026-08-25,DXB-003,Dubai,CUST-04248,P007,Office Chair,Furniture,3,613.5,15,1840.5,276.08,1564.42,Card,Online,2026,8,August,25,Tuesday,False,1564.42,521.47
TXN-0062806,2026-08-25,DXB-005,Dubai,CUST-01113,P013,USB Drive,Accessories,2,42.33,5,84.66,4.23,80.43,Card,Store,2026,8,August,25,Tuesday,False,80.43,40.22
TXN-0062807,2026-08-25,DXB-001,Dubai,CUST-03316,P014,Power Bank,Electronics,2,146.87,0,293.74,0.0,293.74,Card,Store,2026,8,August,25,Tuesday,False,293.74,146.87
TXN-0062856,2026-08-25,DXB-003,Dubai,CUST-01825,P009,Backpack,Accessories,1,226.26,15,226.26,33.94,192.32,Cash,Online,2026,8,August,25,Tuesday,False,192.32,192.32
TXN-0062898,2026-08-25,DXB-005,Dubai,CUST-04917,P011,Notebook,Stationery,1,26.48,20,26.48,5.3,21.18,Apple Pay,Online,2026,8,August,25,Tuesday,False,21.18,21.18
TXN-0062941,2026-08-25,DXB-003,Dubai,CUST-02813,P007,Office Chair,Furniture,3,638.21,0,1914.63,0.0,1914.63,Apple Pay,Store,2026,8,August,25,Tuesday,False,1914.63,638.21
TXN-0063034,2026-08-25,DXB-005,Dubai,CUST-05432,P011,Notebook,Stationery,3,26.96,0,80.88,0.0,80.88,Cash,Store,2026,8,August,25,Tuesday,False,80.88,26.96
TXN-0063091,2026-08-25,DXB-001,Dubai,CUST-04808,P008,Desk,Furniture,6,834.95,0,5009.7,0.0,5009.7,Bank Transfer,Online,2026,8,August,25,Tuesday,False,5009.7,834.95
TXN-0063263,2026-08-25,DXB-005,Dubai,CUST-02136,P005,Keyboard,Accessories,1,177.65,5,177.65,8.88,168.77,Card,Online,2026,8,August,25,Tuesday,False,168.77,168.77
TXN-0063331,2026-08-25,DXB-005,Dubai,CUST-04412,P001,Laptop,Electronics,1,2687.92,10,2687.92,268.79,2419.13,Cash,Online,2026,8,August,25,Tuesday,False,2419.13,2419.13
TXN-0063360,2026-08-25,DXB-001,Dubai,CUST-07445,P007,Office Chair,Furniture,1,592.48,5,592.48,29.62,562.86,Card,Store,2026,8,August,25,Tuesday,False,562.86,562.86
TXN-0063416,2026-08-25,DXB-004,Dubai,CUST-04021,P002,Smartphone,Electronics,2,1705.44,0,3410.88,0.0,3410.88,Card,Online,2026,8,August,25,Tuesday,False,3410.88,1705.44
TXN-0063471,2026-08-25,DXB-004,Dubai,CUST-07131,P009,Backpack,Accessories,2,230.56,5,461.12,23.06,438.06,Card,Online,2026,8,August,25,Tuesday,False,438.06,219.03
TXN-0063547,2026-08-25,DXB-002,Dubai,CUST-05866,P007,Office Chair,Furniture,2,651.93,5,1303.86,65.19,1238.67,Cash,Store,2026,8,August,25,Tuesday,False,1238.67,619.34
TXN-0063566,2026-08-25,DXB-002,Dubai,CUST-03680,P011,Notebook,Stationery,2,20.91,10,41.82,4.18,37.64,Card,Store,2026,8,August,25,Tuesday,False,37.64,18.82
TXN-0063694,2026-08-25,DXB-005,Dubai,CUST-05692,P013,USB Drive,Accessories,1,45.17,0,45.17,0.0,45.17,Cash,Online,2026,8,August,25,Tuesday,False,45.17,45.17
TXN-0063781,2026-08-25,DXB-002,Dubai,CUST-02715,P011,Notebook,Stationery,1,25.81,10,25.81,2.58,23.23,Bank Transfer,Online,2026,8,August,25,Tuesday,False,23.23,23.23
TXN-0063783,2026-08-25,DXB-002,Dubai,CUST-02228,P005,Keyboard,Accessories,1,187.76,0,187.76,0.0,187.76,Bank Transfer,Store,2026,8,August,25,Tuesday,False,187.76,187.76
TXN-0063827,2026-08-25,DXB-001,Dubai,CUST-03848,P004,Monitor,Electronics,4,917.29,15,3669.16,550.37,3118.79,Card,Store,2026,8,August,25,Tuesday,False,3118.79,779.7
TXN-0063838,2026-08-25,DXB-002,Dubai,CUST-03063,P006,Mouse,Accessories,1,91.52,5,91.52,4.58,86.94,Bank Transfer,Store,2026,8,August,25,Tuesday,False,86.94,86.94
TXN-0063870,2026-08-25,DXB-003,Dubai,CUST-04960,P003,Headphones,Electronics,1,393.76,0,393.76,0.0,393.76,Bank Transfer,Store,2026,8,August,25,Tuesday,False,393.76,393.76
TXN-0063889,2026-08-25,DXB-003,Dubai,CUST-04248,P007,Office Chair,Furniture,1,651.45,0,651.45,0.0,651.45,Card,Store,2026,8,August,25,Tuesday,False,651.45,651.45
TXN-0063890,2026-08-25,DXB-004,Dubai,CUST-07785,P008,Desk,Furniture,1,826.22,5,826.22,41.31,784.91,Card,Store,2026,8,August,25,Tuesday,False,784.91,784.91
TXN-0063892,2026-08-25,DXB-004,Dubai,CUST-00374,P003,Headphones,Electronics,2,332.47,10,664.94,66.49,598.45,Cash,Store,2026,8,August,25,Tuesday,False,598.45,299.23
TXN-0063933,2026-08-25,DXB-003,Dubai,CUST-06879,P001,Laptop,Electronics,1,2677.64,0,2677.64,0.0,2677.64,Apple Pay,Online,2026,8,August,25,Tuesday,False,2677.64,2677.64
TXN-0063958,2026-08-25,DXB-001,Dubai,CUST-04505,P010,Printer,Office,1,726.06,15,726.06,108.91,617.15,Cash,Store,2026,8,August,25,Tuesday,False,617.15,617.15
TXN-0063987,2026-08-25,DXB-003,Dubai,CUST-07641,P005,Keyboard,Accessories,4,194.73,0,778.92,0.0,778.92,Apple Pay,Store,2026,8,August,25,Tuesday,False,778.92,194.73
TXN-0064050,2026-08-25,DXB-004,Dubai,CUST-00802,P009,Backpack,Accessories,1,203.81,10,203.81,20.38,183.43,Card,Online,2026,8,August,25,Tuesday,False,183.43,183.43
TXN-0064056,2026-08-25,DXB-004,Dubai,CUST-05179,P007,Office Chair,Furniture,2,649.01,10,1298.02,129.8,1168.22,Card,Store,2026,8,August,25,Tuesday,False,1168.22,584.11
TXN-0064065,2026-08-25,DXB-004,Dubai,CUST-03039,P004,Monitor,Electronics,1,846.57,10,846.57,84.66,761.91,Card,Store,2026,8,August,25,Tuesday,False,761.91,761.91
TXN-0064100,2026-08-25,DXB-001,Dubai,CUST-01964,P005,Keyboard,Accessories,1,159.04,0,159.04,0.0,159.04,Card,Store,2026,8,August,25,Tuesday,False,159.04,159.04
TXN-0064130,2026-08-25,DXB-004,Dubai,CUST-02978,P011,Notebook,Stationery,2,25.36,10,50.72,5.07,45.65,Card,Store,2026,8,August,25,Tuesday,False,45.65,22.82
TXN-0064217,2026-08-25,DXB-004,Dubai,CUST-01384,P002,Smartphone,Electronics,4,1683.24,15,6732.96,1009.94,5723.02,Card,Store,2026,8,August,25,Tuesday,False,5723.02,1430.76
TXN-0064260,2026-08-25,DXB-004,Dubai,CUST-02142,P014,Power Bank,Electronics,1,150.31,10,150.31,15.03,135.28,Apple Pay,Store,2026,8,August,25,Tuesday,False,135.28,135.28
TXN-0064323,2026-08-25,DXB-003,Dubai,CUST-05780,P011,Notebook,Stationery,1,26.41,0,26.41,0.0,26.41,Card,Store,2026,8,August,25,Tuesday,False,26.41,26.41
TXN-0064432,2026-08-25,DXB-001,Dubai,CUST-06727,P003,Headphones,Electronics,2,375.3,20,750.6,150.12,600.48,Card,Store,2026,8,August,25,Tuesday,False,600.48,300.24
TXN-0064457,2026-08-25,DXB-004,Dubai,CUST-06248,P015,Tablet,Electronics,2,1192.29,15,2384.58,357.69,2026.89,Bank Transfer,Online,2026,8,August,25,Tuesday,False,2026.89,1013.44
TXN-0064466,2026-08-25,DXB-004,Dubai,CUST-04881,P009,Backpack,Accessories,1,218.22,0,218.22,0.0,218.22,Card,Store,2026,8,August,25,Tuesday,False,218.22,218.22
TXN-0064559,2026-08-25,DXB-005,Dubai,CUST-02422,P015,Tablet,Electronics,3,1187.09,5,3561.27,178.06,3383.21,Card,Online,2026,8,August,25,Tuesday,False,3383.21,1127.74
TXN-0064573,2026-08-25,DXB-004,Dubai,CUST-07042,P010,Printer,Office,1,708.91,5,708.91,35.45,673.46,Cash,Store,2026,8,August,25,Tuesday,False,673.46,673.46
TXN-0064610,2026-08-25,DXB-002,Dubai,CUST-07451,P003,Headphones,Electronics,2,350.91,5,701.82,35.09,666.73,Card,Store,2026,8,August,25,Tuesday,False,666.73,333.36
TXN-0064653,2026-08-25,DXB-003,Dubai,CUST-05116,P003,Headphones,Electronics,1,346.42,5,346.42,17.32,329.1,Bank Transfer,Store,2026,8,August,25,Tuesday,False,329.1,329.1
TXN-0064693,2026-08-25,DXB-005,Dubai,CUST-06465,P013,USB Drive,Accessories,6,42.07,5,252.42,12.62,239.8,Bank Transfer,Store,2026,8,August,25,Tuesday,False,239.8,39.97
TXN-0064713,2026-08-25,DXB-001,Dubai,CUST-00540,P012,Pen Pack,Stationery,2,15.85,5,31.7,1.58,30.12,Card,Store,2026,8,August,25,Tuesday,False,30.12,15.06
TXN-0064756,2026-08-25,DXB-004,Dubai,CUST-05457,P002,Smartphone,Electronics,1,1734.01,5,1734.01,86.7,1647.31,Card,Store,2026,8,August,25,Tuesday,False,1647.31,1647.31
TXN-0064766,2026-08-25,DXB-003,Dubai,CUST-04797,P015,Tablet,Electronics,2,1005.35,0,2010.7,0.0,2010.7,Cash,Store,2026,8,August,25,Tuesday,False,2010.7,1005.35
TXN-0064997,2026-08-25,DXB-002,Dubai,CUST-02587,P015,Tablet,Electronics,1,1143.52,5,1143.52,57.18,1086.34,Cash,Store,2026,8,August,25,Tuesday,False,1086.34,1086.34
TXN-0065011,2026-08-25,DXB-004,Dubai,CUST-04711,P001,Laptop,Electronics,1,2614.6,0,2614.6,0.0,2614.6,Card,Store,2026,8,August,25,Tuesday,False,2614.6,2614.6
TXN-0065023,2026-08-25,DXB-002,Dubai,CUST-04192,P010,Printer,Office,2,621.4,0,1242.8,0.0,1242.8,Apple Pay,Store,2026,8,August,25,Tuesday,False,1242.8,621.4
TXN-0065075,2026-08-25,DXB-005,Dubai,CUST-01720,P008,Desk,Furniture,1,846.3,5,846.3,42.32,803.98,Cash,Store,2026,8,August,25,Tuesday,False,803.98,803.98
TXN-0065091,2026-08-25,DXB-004,Dubai,CUST-03334,P005,Keyboard,Accessories,2,175.66,0,351.32,0.0,351.32,Card,Online,2026,8,August,25,Tuesday,False,351.32,175.66
TXN-0065218,2026-08-25,DXB-001,Dubai,CUST-05742,P007,Office Chair,Furniture,1,628.6,15,628.6,94.29,534.31,Bank Transfer,Store,2026,8,August,25,Tuesday,False,534.31,534.31
TXN-0065249,2026-08-25,DXB-002,Dubai,CUST-00256,P007,Office Chair,Furniture,2,632.53,0,1265.06,0.0,1265.06,Card,Store,2026,8,August,25,Tuesday,False,1265.06,632.53
TXN-0065328,2026-08-25,DXB-002,Dubai,CUST-04478,P010,Printer,Office,1,760.55,10,760.55,76.06,684.49,Bank Transfer,Store,2026,8,August,25,Tuesday,False,684.49,684.49
TXN-0065336,2026-08-25,DXB-001,Dubai,CUST-00815,P001,Laptop,Electronics,1,2575.07,5,2575.07,128.75,2446.32,Card,Store,2026,8,August,25,Tuesday,False,2446.32,2446.32
TXN-0065353,2026-08-25,DXB-002,Dubai,CUST-02888,P014,Power Bank,Electronics,3,150.84,10,452.52,45.25,407.27,Card,Online,2026,8,August,25,Tuesday,False,407.27,135.76
TXN-0065373,2026-08-25,DXB-004,Dubai,CUST-07164,P001,Laptop,Electronics,1,2750.24,10,2750.24,275.02,2475.22,Card,Online,2026,8,August,25,Tuesday,False,2475.22,2475.22
TXN-0065387,2026-08-25,DXB-002,Dubai,CUST-07955,P004,Monitor,Electronics,1,841.23,0,841.23,0.0,841.23,Cash,Online,2026,8,August,25,Tuesday,False,841.23,841.23
TXN-0065428,2026-08-25,DXB-002,Dubai,CUST-07197,P012,Pen Pack,Stationery,1,16.52,0,16.52,0.0,16.52,Card,Online,2026,8,August,25,Tuesday,False,16.52,16.52
TXN-0065470,2026-08-25,DXB-001,Dubai,CUST-03704,P010,Printer,Office,2,693.14,0,1386.28,0.0,1386.28,Card,Online,2026,8,August,25,Tuesday,False,1386.28,693.14
TXN-0065471,2026-08-25,DXB-003,Dubai,CUST-02205,P002,Smartphone,Electronics,5,2022.37,10,10111.85,1011.18,9100.67,Cash,Store,2026,8,August,25,Tuesday,False,9100.67,1820.13
TXN-0065511,2026-08-25,DXB-005,Dubai,CUST-05656,P011,Notebook,Stationery,1,25.13,10,25.13,2.51,22.62,Card,Store,2026,8,August,25,Tuesday,False,22.62,22.62
TXN-0065610,2026-08-25,DXB-003,Dubai,CUST-03387,P001,Laptop,Electronics,2,2757.13,0,5514.26,0.0,5514.26,Apple Pay,Store,2026,8,August,25,Tuesday,False,5514.26,2757.13
TXN-0065676,2026-08-25,DXB-005,Dubai,CUST-04845,P002,Smartphone,Electronics,1,1858.39,5,1858.39,92.92,1765.47,Apple Pay,Store,2026,8,August,25,Tuesday,False,1765.47,1765.47
TXN-0065724,2026-08-25,DXB-004,Dubai,CUST-07329,P006,Mouse,Accessories,1,100.25,0,100.25,0.0,100.25,Card,Online,2026,8,August,25,Tuesday,False,100.25,100.25
TXN-0065731,2026-08-25,DXB-003,Dubai,CUST-04328,P014,Power Bank,Electronics,2,149.39,0,298.78,0.0,298.78,Card,Store,2026,8,August,25,Tuesday,False,298.78,149.39
TXN-0065783,2026-08-25,DXB-002,Dubai,CUST-03458,P002,Smartphone,Electronics,5,1651.48,10,8257.4,825.74,7431.66,Cash,Online,2026,8,August,25,Tuesday,False,7431.66,1486.33
TXN-0065876,2026-08-25,DXB-005,Dubai,CUST-05478,P005,Keyboard,Accessories,1,182.54,15,182.54,27.38,155.16,Card,Online,2026,8,August,25,Tuesday,False,155.16,155.16
TXN-0065899,2026-08-25,DXB-002,Dubai,CUST-03679,P002,Smartphone,Electronics,1,1796.22,20,1796.22,359.24,1436.98,Card,Store,2026,8,August,25,Tuesday,False,1436.98,1436.98
TXN-0065952,2026-08-25,DXB-004,Dubai,CUST-02815,P015,Tablet,Electronics,1,1329.85,10,1329.85,132.99,1196.86,Cash,Store,2026,8,August,25,Tuesday,False,1196.86,1196.86
TXN-0065994,2026-08-25,DXB-002,Dubai,CUST-02110,P005,Keyboard,Accessories,2,178.34,10,356.68,35.67,321.01,Card,Store,2026,8,August,25,Tuesday,False,321.01,160.5
TXN-0066038,2026-08-25,DXB-005,Dubai,CUST-01623,P006,Mouse,Accessories,3,101.62,10,304.86,30.49,274.37,Card,Store,2026,8,August,25,Tuesday,False,274.37,91.46
TXN-0066045,2026-08-25,DXB-005,Dubai,CUST-06113,P015,Tablet,Electronics,3,1150.71,0,3452.13,0.0,3452.13,Card,Store,2026,8,August,25,Tuesday,False,3452.13,1150.71
TXN-0066061,2026-08-25,DXB-004,Dubai,CUST-01939,P006,Mouse,Accessories,1,111.34,0,111.34,0.0,111.34,Card,Store,2026,8,August,25,Tuesday,False,111.34,111.34
TXN-0066250,2026-08-25,DXB-003,Dubai,CUST-07395,P002,Smartphone,Electronics,1,1877.39,5,1877.39,93.87,1783.52,Card,Store,2026,8,August,25,Tuesday,False,1783.52,1783.52
TXN-0066252,2026-08-25,DXB-005,Dubai,CUST-04369,P005,Keyboard,Accessories,2,177.23,0,354.46,0.0,354.46,Card,Store,2026,8,August,25,Tuesday,False,354.46,177.23
TXN-0066383,2026-08-25,DXB-001,Dubai,CUST-05408,P008,Desk,Furniture,1,927.71,0,927.71,0.0,927.71,Card,Store,2026,8,August,25,Tuesday,False,927.71,927.71
TXN-0066415,2026-08-25,DXB-002,Dubai,CUST-02495,P008,Desk,Furniture,5,895.67,10,4478.35,447.84,4030.51,Card,Store,2026,8,August,25,Tuesday,False,4030.51,806.1
TXN-0066469,2026-08-25,DXB-005,Dubai,CUST-07473,P001,Laptop,Electronics,4,2863.54,0,11454.16,0.0,11454.16,Apple Pay,Online,2026,8,August,25,Tuesday,False,11454.16,2863.54
TXN-0066481,2026-08-25,DXB-005,Dubai,CUST-07012,P015,Tablet,Electronics,2,1106.85,10,2213.7,221.37,1992.33,Card,Store,2026,8,August,25,Tuesday,False,1992.33,996.16
TXN-0066539,2026-08-25,DXB-001,Dubai,CUST-04513,P007,Office Chair,Furniture,2,619.12,15,1238.24,185.74,1052.5,Card,Store,2026,8,August,25,Tuesday,False,1052.5,526.25
TXN-0066586,2026-08-25,DXB-003,Dubai,CUST-05762,P008,Desk,Furniture,3,735.77,10,2207.31,220.73,1986.58,Apple Pay,Store,2026,8,August,25,Tuesday,False,1986.58,662.19
TXN-0066698,2026-08-25,DXB-003,Dubai,CUST-01217,P007,Office Chair,Furniture,1,687.44,0,687.44,0.0,687.44,Apple Pay,Store,2026,8,August,25,Tuesday,False,687.44,687.44
TXN-0066705,2026-08-25,DXB-001,Dubai,CUST-05957,P007,Office Chair,Furniture,2,675.72,0,1351.44,0.0,1351.44,Apple Pay,Online,2026,8,August,25,Tuesday,False,1351.44,675.72
TXN-0066900,2026-08-25,DXB-003,Dubai,CUST-03665,P002,Smartphone,Electronics,1,1727.31,15,1727.31,259.1,1468.21,Apple Pay,Store,2026,8,August,25,Tuesday,False,1468.21,1468.21
TXN-0066941,2026-08-25,DXB-005,Dubai,CUST-05610,P002,Smartphone,Electronics,2,1793.56,0,3587.12,0.0,3587.12,Cash,Store,2026,8,August,25,Tuesday,False,3587.12,1793.56
TXN-0067000,2026-08-25,DXB-001,Dubai,CUST-01953,P003,Headphones,Electronics,3,326.22,5,978.66,48.93,929.73,Card,Store,2026,8,August,25,Tuesday,False,929.73,309.91
TXN-0067030,2026-08-25,DXB-001,Dubai,CUST-02889,P004,Monitor,Electronics,2,900.35,0,1800.7,0.0,1800.7,Card,Store,2026,8,August,25,Tuesday,False,1800.7,900.35
TXN-0067118,2026-08-25,DXB-004,Dubai,CUST-06756,P002,Smartphone,Electronics,1,1834.94,5,1834.94,91.75,1743.19,Card,Online,2026,8,August,25,Tuesday,False,1743.19,1743.19
TXN-0067237,2026-08-25,DXB-001,Dubai,CUST-03529,P005,Keyboard,Accessories,2,167.27,0,334.54,0.0,334.54,Card,Store,2026,8,August,25,Tuesday,False,334.54,167.27
TXN-0067385,2026-08-25,DXB-005,Dubai,CUST-06386,P010,Printer,Office,1,728.16,0,728.16,0.0,728.16,Apple Pay,Store,2026,8,August,25,Tuesday,False,728.16,728.16
TXN-0067501,2026-08-25,DXB-003,Dubai,CUST-06883,P001,Laptop,Electronics,3,2643.49,5,7930.47,396.52,7533.95,Card,Store,2026,8,August,25,Tuesday,False,7533.95,2511.32
TXN-0067638,2026-08-25,DXB-002,Dubai,CUST-03545,P014,Power Bank,Electronics,1,168.98,0,168.98,0.0,168.98,Card,Store,2026,8,August,25,Tuesday,False,168.98,168.98
TXN-0067652,2026-08-25,DXB-004,Dubai,CUST-04689,P009,Backpack,Accessories,1,205.58,15,205.58,30.84,174.74,Cash,Online,2026,8,August,25,Tuesday,False,174.74,174.74
TXN-0067672,2026-08-25,DXB-002,Dubai,CUST-07799,P015,Tablet,Electronics,1,1334.31,10,1334.31,133.43,1200.88,Apple Pay,Store,2026,8,August,25,Tuesday,False,1200.88,1200.88
TXN-0067724,2026-08-25,DXB-003,Dubai,CUST-03606,P010,Printer,Office,1,765.55,5,765.55,38.28,727.27,Card,Store,2026,8,August,25,Tuesday,False,727.27,727.27
TXN-0067801,2026-08-25,DXB-003,Dubai,CUST-05670,P008,Desk,Furniture,2,890.5,0,1781.0,0.0,1781.0,Cash,Store,2026,8,August,25,Tuesday,False,1781.0,890.5
TXN-0067853,2026-08-25,DXB-003,Dubai,CUST-05954,P012,Pen Pack,Stationery,1,14.57,0,14.57,0.0,14.57,Card,Store,2026,8,August,25,Tuesday,False,14.57,14.57
TXN-0067864,2026-08-25,DXB-001,Dubai,CUST-00118,P002,Smartphone,Electronics,1,1774.45,5,1774.45,88.72,1685.73,Cash,Store,2026,8,August,25,Tuesday,False,1685.73,1685.73
TXN-0067878,2026-08-25,DXB-004,Dubai,CUST-05745,P012,Pen Pack,Stationery,1,14.96,5,14.96,0.75,14.21,Cash,Store,2026,8,August,25,Tuesday,False,14.21,14.21
TXN-0068167,2026-08-25,DXB-002,Dubai,CUST-07573,P014,Power Bank,Electronics,1,145.54,5,145.54,7.28,138.26,Apple Pay,Store,2026,8,August,25,Tuesday,False,138.26,138.26
TXN-0068183,2026-08-25,DXB-003,Dubai,CUST-01181,P015,Tablet,Electronics,2,1257.36,5,2514.72,125.74,2388.98,Cash,Store,2026,8,August,25,Tuesday,False,2388.98,1194.49
TXN-0068287,2026-08-25,DXB-003,Dubai,CUST-01817,P001,Laptop,Electronics,2,2649.04,0,5298.08,0.0,5298.08,Card,Online,2026,8,August,25,Tuesday,False,5298.08,2649.04
TXN-0068347,2026-08-25,DXB-002,Dubai,CUST-04678,P010,Printer,Office,2,703.53,5,1407.06,70.35,1336.71,Card,Store,2026,8,August,25,Tuesday,False,1336.71,668.36
TXN-0068386,2026-08-25,DXB-005,Dubai,CUST-02269,P011,Notebook,Stationery,1,23.62,15,23.62,3.54,20.08,Card,Store,2026,8,August,25,Tuesday,False,20.08,20.08
TXN-0068445,2026-08-25,DXB-001,Dubai,CUST-00950,P013,USB Drive,Accessories,1,45.41,5,45.41,2.27,43.14,Card,Store,2026,8,August,25,Tuesday,False,43.14,43.14
TXN-0068496,2026-08-25,DXB-005,Dubai,CUST-01820,P006,Mouse,Accessories,1,98.66,0,98.66,0.0,98.66,Cash,Store,2026,8,August,25,Tuesday,False,98.66,98.66
TXN-0068565,2026-08-25,DXB-001,Dubai,CUST-07088,P012,Pen Pack,Stationery,1,14.71,0,14.71,0.0,14.71,Bank Transfer,Store,2026,8,August,25,Tuesday,False,14.71,14.71
TXN-0068668,2026-08-25,DXB-003,Dubai,CUST-01719,P008,Desk,Furniture,2,809.46,15,1618.92,242.84,1376.08,Apple Pay,Online,2026,8,August,25,Tuesday,False,1376.08,688.04
TXN-0068706,2026-08-25,DXB-002,Dubai,CUST-05180,P012,Pen Pack,Stationery,1,15.68,0,15.68,0.0,15.68,Card,Online,2026,8,August,25,Tuesday,False,15.68,15.68
TXN-0068708,2026-08-25,DXB-004,Dubai,CUST-06805,P009,Backpack,Accessories,1,222.09,10,222.09,22.21,199.88,Card,Store,2026,8,August,25,Tuesday,False,199.88,199.88
TXN-0068838,2026-08-25,DXB-001,Dubai,CUST-05341,P003,Headphones,Electronics,3,361.55,0,1084.65,0.0,1084.65,Card,Store,2026,8,August,25,Tuesday,False,1084.65,361.55
TXN-0069039,2026-08-25,DXB-004,Dubai,CUST-07675,P013,USB Drive,Accessories,1,37.29,0,37.29,0.0,37.29,Card,Online,2026,8,August,25,Tuesday,False,37.29,37.29
TXN-0069110,2026-08-25,DXB-003,Dubai,CUST-03522,P010,Printer,Office,1,661.16,15,661.16,99.17,561.99,Card,Store,2026,8,August,25,Tuesday,False,561.99,561.99
TXN-0069135,2026-08-25,DXB-005,Dubai,CUST-06067,P007,Office Chair,Furniture,3,626.5,10,1879.5,187.95,1691.55,Apple Pay,Store,2026,8,August,25,Tuesday,False,1691.55,563.85
TXN-0069161,2026-08-25,DXB-002,Dubai,CUST-02403,P001,Laptop,Electronics,1,2470.58,0,2470.58,0.0,2470.58,Card,Store,2026,8,August,25,Tuesday,False,2470.58,2470.58
TXN-0069289,2026-08-25,DXB-002,Dubai,CUST-04413,P002,Smartphone,Electronics,1,1680.61,5,1680.61,84.03,1596.58,Bank Transfer,Store,2026,8,August,25,Tuesday,False,1596.58,1596.58
TXN-0069299,2026-08-25,DXB-003,Dubai,CUST-03866,P007,Office Chair,Furniture,2,622.97,0,1245.94,0.0,1245.94,Cash,Store,2026,8,August,25,Tuesday,False,1245.94,622.97
TXN-0069341,2026-08-25,DXB-003,Dubai,CUST-01511,P005,Keyboard,Accessories,2,189.12,20,378.24,75.65,302.59,Apple Pay,Online,2026,8,August,25,Tuesday,False,302.59,151.29
TXN-0069356,2026-08-25,DXB-003,Dubai,CUST-05777,P009,Backpack,Accessories,1,234.0,10,234.0,23.4,210.6,Card,Store,2026,8,August,25,Tuesday,False,210.6,210.6
TXN-0069494,2026-08-25,DXB-004,Dubai,CUST-07288,P011,Notebook,Stationery,4,24.36,5,97.44,4.87,92.57,Card,Store,2026,8,August,25,Tuesday,False,92.57,23.14
TXN-0069496,2026-08-25,DXB-001,Dubai,CUST-06221,P002,Smartphone,Electronics,1,1740.52,0,1740.52,0.0,1740.52,Card,Store,2026,8,August,25,Tuesday,False,1740.52,1740.52
TXN-0069754,2026-08-25,DXB-002,Dubai,CUST-02406,P003,Headphones,Electronics,1,317.84,20,317.84,63.57,254.27,Cash,Store,2026,8,August,25,Tuesday,False,254.27,254.27
TXN-0069796,2026-08-25,DXB-005,Dubai,CUST-02643,P015,Tablet,Electronics,1,1232.27,10,1232.27,123.23,1109.04,Cash,Store,2026,8,August,25,Tuesday,False,1109.04,1109.04
TXN-0069802,2026-08-25,DXB-005,Dubai,CUST-06972,P015,Tablet,Electronics,1,1280.18,5,1280.18,64.01,1216.17,Card,Store,2026,8,August,25,Tuesday,False,1216.17,1216.17
TXN-0069878,2026-08-25,DXB-004,Dubai,CUST-00850,P003,Headphones,Electronics,1,342.91,10,342.91,34.29,308.62,Card,Online,2026,8,August,25,Tuesday,False,308.62,308.62
TXN-0069906,2026-08-25,DXB-002,Dubai,CUST-05131,P011,Notebook,Stationery,1,25.82,5,25.82,1.29,24.53,Card,Store,2026,8,August,25,Tuesday,False,24.53,24.53
TXN-0069911,2026-08-25,DXB-001,Dubai,CUST-00372,P009,Backpack,Accessories,1,227.41,10,227.41,22.74,204.67,Card,Store,2026,8,August,25,Tuesday,False,204.67,204.67
TXN-0069929,2026-08-25,DXB-001,Dubai,CUST-07950,P008,Desk,Furniture,1,797.34,0,797.34,0.0,797.34,Card,Store,2026,8,August,25,Tuesday,False,797.34,797.34
TXN-0069987,2026-08-25,DXB-002,Dubai,CUST-07440,P015,Tablet,Electronics,1,1303.63,10,1303.63,130.36,1173.27,Card,Store,2026,8,August,25,Tuesday,False,1173.27,1173.27
TXN-0069996,2026-08-25,DXB-004,Dubai,CUST-03578,P007,Office Chair,Furniture,2,680.8,0,1361.6,0.0,1361.6,Apple Pay,Online,2026,8,August,25,Tuesday,False,1361.6,680.8
TXN-0070027,2026-08-25,DXB-005,Dubai,CUST-00103,P007,Office Chair,Furniture,2,612.1,0,1224.2,0.0,1224.2,Cash,Store,2026,8,August,25,Tuesday,False,1224.2,612.1
TXN-0070093,2026-08-25,DXB-004,Dubai,CUST-01788,P014,Power Bank,Electronics,1,147.06,0,147.06,0.0,147.06,Apple Pay,Store,2026,8,August,25,Tuesday,False,147.06,147.06
TXN-0070097,2026-08-25,DXB-001,Dubai,CUST-00761,P002,Smartphone,Electronics,2,1891.66,10,3783.32,378.33,3404.99,Cash,Store,2026,8,August,25,Tuesday,False,3404.99,1702.5
TXN-0070117,2026-08-25,DXB-005,Dubai,CUST-07732,P003,Headphones,Electronics,2,353.33,15,706.66,106.0,600.66,Card,Store,2026,8,August,25,Tuesday,False,600.66,300.33
TXN-0070187,2026-08-25,DXB-003,Dubai,CUST-07007,P010,Printer,Office,1,754.31,0,754.31,0.0,754.31,Apple Pay,Store,2026,8,August,25,Tuesday,False,754.31,754.31
TXN-0070224,2026-08-25,DXB-002,Dubai,CUST-00310,P006,Mouse,Accessories,3,99.87,5,299.61,14.98,284.63,Apple Pay,Store,2026,8,August,25,Tuesday,False,284.63,94.88
TXN-0070381,2026-08-25,DXB-003,Dubai,CUST-01363,P008,Desk,Furniture,2,808.4,10,1616.8,161.68,1455.12,Cash,Online,2026,8,August,25,Tuesday,False,1455.12,727.56
TXN-0070431,2026-08-25,DXB-005,Dubai,CUST-03189,P003,Headphones,Electronics,1,349.94,0,349.94,0.0,349.94,Bank Transfer,Store,2026,8,August,25,Tuesday,False,349.94,349.94
TXN-0070463,2026-08-25,DXB-001,Dubai,CUST-00915,P005,Keyboard,Accessories,1,173.28,0,173.28,0.0,173.28,Apple Pay,Store,2026,8,August,25,Tuesday,False,173.28,173.28
TXN-0070608,2026-08-25,DXB-001,Dubai,CUST-03184,P007,Office Chair,Furniture,1,646.05,10,646.05,64.6,581.45,Bank Transfer,Store,2026,8,August,25,Tuesday,False,581.45,581.45
TXN-0070636,2026-08-25,DXB-003,Dubai,CUST-01688,P005,Keyboard,Accessories,1,181.81,20,181.81,36.36,145.45,Card,Store,2026,8,August,25,Tuesday,False,145.45,145.45
TXN-0070659,2026-08-25,DXB-004,Dubai,CUST-06870,P013,USB Drive,Accessories,2,40.56,10,81.12,8.11,73.01,Bank Transfer,Online,2026,8,August,25,Tuesday,False,73.01,36.51
TXN-0070691,2026-08-25,DXB-004,Dubai,CUST-05574,P010,Printer,Office,2,732.42,0,1464.84,0.0,1464.84,Card,Store,2026,8,August,25,Tuesday,False,1464.84,732.42
TXN-0070710,2026-08-25,DXB-002,Dubai,CUST-04565,P005,Keyboard,Accessories,2,182.18,5,364.36,18.22,346.14,Card,Online,2026,8,August,25,Tuesday,False,346.14,173.07
TXN-0070724,2026-08-25,DXB-005,Dubai,CUST-06354,P011,Notebook,Stationery,3,21.68,5,65.04,3.25,61.79,Card,Store,2026,8,August,25,Tuesday,False,61.79,20.6
TXN-0070729,2026-08-25,DXB-004,Dubai,CUST-00701,P003,Headphones,Electronics,4,342.2,0,1368.8,0.0,1368.8,Card,Store,2026,8,August,25,Tuesday,False,1368.8,342.2
TXN-0070774,2026-08-25,DXB-004,Dubai,CUST-04320,P012,Pen Pack,Stationery,1,16.29,10,16.29,1.63,14.66,Apple Pay,Store,2026,8,August,25,Tuesday,False,14.66,14.66
TXN-0070800,2026-08-25,DXB-004,Dubai,CUST-07067,P014,Power Bank,Electronics,3,128.94,5,386.82,19.34,367.48,Apple Pay,Store,2026,8,August,25,Tuesday,False,367.48,122.49
TXN-0070948,2026-08-25,DXB-004,Dubai,CUST-07411,P010,Printer,Office,1,741.82,5,741.82,37.09,704.73,Card,Online,2026,8,August,25,Tuesday,False,704.73,704.73
TXN-0070952,2026-08-25,DXB-003,Dubai,CUST-05989,P008,Desk,Furniture,1,700.43,10,700.43,70.04,630.39,Apple Pay,Store,2026,8,August,25,Tuesday,False,630.39,630.39
TXN-0071023,2026-08-25,DXB-005,Dubai,CUST-05819,P003,Headphones,Electronics,1,358.06,5,358.06,17.9,340.16,Cash,Store,2026,8,August,25,Tuesday,False,340.16,340.16
TXN-0071031,2026-08-25,DXB-004,Dubai,CUST-06677,P006,Mouse,Accessories,2,104.57,10,209.14,20.91,188.23,Card,Online,2026,8,August,25,Tuesday,False,188.23,94.12
TXN-0071061,2026-08-25,DXB-003,Dubai,CUST-00941,P009,Backpack,Accessories,1,197.86,0,197.86,0.0,197.86,Apple Pay,Online,2026,8,August,25,Tuesday,False,197.86,197.86
TXN-0071186,2026-08-25,DXB-001,Dubai,CUST-01368,P005,Keyboard,Accessories,1,174.46,15,174.46,26.17,148.29,Card,Store,2026,8,August,25,Tuesday,False,148.29,148.29
TXN-0071210,2026-08-25,DXB-001,Dubai,CUST-07032,P008,Desk,Furniture,1,786.85,0,786.85,0.0,786.85,Card,Store,2026,8,August,25,Tuesday,False,786.85,786.85
TXN-0071245,2026-08-25,DXB-004,Dubai,CUST-00815,P013,USB Drive,Accessories,1,48.97,20,48.97,9.79,39.18,Cash,Store,2026,8,August,25,Tuesday,False,39.18,39.18
TXN-0071279,2026-08-25,DXB-005,Dubai,CUST-02601,P008,Desk,Furniture,1,947.44,5,947.44,47.37,900.07,Cash,Online,2026,8,August,25,Tuesday,False,900.07,900.07
TXN-0071323,2026-08-25,DXB-002,Dubai,CUST-06250,P001,Laptop,Electronics,1,2941.62,0,2941.62,0.0,2941.62,Cash,Online,2026,8,August,25,Tuesday,False,2941.62,2941.62
TXN-0071334,2026-08-25,DXB-002,Dubai,CUST-04573,P012,Pen Pack,Stationery,1,15.35,15,15.35,2.3,13.05,Apple Pay,Store,2026,8,August,25,Tuesday,False,13.05,13.05
TXN-0071344,2026-08-25,DXB-001,Dubai,CUST-04359,P004,Monitor,Electronics,2,885.85,0,1771.7,0.0,1771.7,Cash,Store,2026,8,August,25,Tuesday,False,1771.7,885.85
TXN-0071396,2026-08-25,DXB-004,Dubai,CUST-03830,P007,Office Chair,Furniture,1,647.84,0,647.84,0.0,647.84,Cash,Store,2026,8,August,25,Tuesday,False,647.84,647.84
TXN-0071461,2026-08-25,DXB-003,Dubai,CUST-02092,P001,Laptop,Electronics,1,2639.16,0,2639.16,0.0,2639.16,Apple Pay,Store,2026,8,August,25,Tuesday,False,2639.16,2639.16
TXN-0071540,2026-08-25,DXB-001,Dubai,CUST-03549,P005,Keyboard,Accessories,1,190.07,0,190.07,0.0,190.07,Card,Store,2026,8,August,25,Tuesday,False,190.07,190.07
TXN-0071578,2026-08-25,DXB-001,Dubai,CUST-01356,P015,Tablet,Electronics,2,1364.01,5,2728.02,136.4,2591.62,Card,Online,2026,8,August,25,Tuesday,False,2591.62,1295.81
TXN-0071589,2026-08-25,DXB-001,Dubai,CUST-00036,P008,Desk,Furniture,1,815.6,0,815.6,0.0,815.6,Bank Transfer,Online,2026,8,August,25,Tuesday,False,815.6,815.6
TXN-0071618,2026-08-25,DXB-001,Dubai,CUST-01687,P013,USB Drive,Accessories,2,44.77,10,89.54,8.95,80.59,Card,Store,2026,8,August,25,Tuesday,False,80.59,40.3
TXN-0071673,2026-08-25,DXB-003,Dubai,CUST-03108,P005,Keyboard,Accessories,2,160.7,0,321.4,0.0,321.4,Cash,Store,2026,8,August,25,Tuesday,False,321.4,160.7
TXN-0071679,2026-08-25,DXB-002,Dubai,CUST-02282,P004,Monitor,Electronics,3,942.61,10,2827.83,282.78,2545.05,Card,Store,2026,8,August,25,Tuesday,False,2545.05,848.35
TXN-0071710,2026-08-25,DXB-004,Dubai,CUST-05650,P008,Desk,Furniture,1,804.06,0,804.06,0.0,804.06,Apple Pay,Store,2026,8,August,25,Tuesday,False,804.06,804.06
TXN-0071756,2026-08-25,DXB-002,Dubai,CUST-05499,P011,Notebook,Stationery,1,27.1,10,27.1,2.71,24.39,Cash,Store,2026,8,August,25,Tuesday,False,24.39,24.39
TXN-0071826,2026-08-25,DXB-005,Dubai,CUST-00232,P013,USB Drive,Accessories,2,44.54,10,89.08,8.91,80.17,Card,Online,2026,8,August,25,Tuesday,False,80.17,40.08
TXN-0071932,2026-08-25,DXB-002,Dubai,CUST-06595,P003,Headphones,Electronics,1,350.33,0,350.33,0.0,350.33,Apple Pay,Store,2026,8,August,25,Tuesday,False,350.33,350.33
TXN-0071992,2026-08-25,DXB-004,Dubai,CUST-00950,P012,Pen Pack,Stationery,3,14.85,20,44.55,8.91,35.64,Apple Pay,Store,2026,8,August,25,Tuesday,False,35.64,11.88
TXN-0072006,2026-08-25,DXB-001,Dubai,CUST-07908,P001,Laptop,Electronics,1,2813.73,15,2813.73,422.06,2391.67,Apple Pay,Online,2026,8,August,25,Tuesday,False,2391.67,2391.67
TXN-0072041,2026-08-25,DXB-003,Dubai,CUST-04192,P007,Office Chair,Furniture,2,678.37,5,1356.74,67.84,1288.9,Cash,Online,2026,8,August,25,Tuesday,False,1288.9,644.45
TXN-0072071,2026-08-25,DXB-001,Dubai,CUST-03235,P004,Monitor,Electronics,1,823.57,5,823.57,41.18,782.39,Card,Store,2026,8,August,25,Tuesday,False,782.39,782.39
TXN-0072106,2026-08-25,DXB-003,Dubai,CUST-00063,P012,Pen Pack,Stationery,1,14.91,15,14.91,2.24,12.67,Card,Store,2026,8,August,25,Tuesday,False,12.67,12.67
TXN-0072119,2026-08-25,DXB-002,Dubai,CUST-01369,P006,Mouse,Accessories,1,101.84,10,101.84,10.18,91.66,Card,Store,2026,8,August,25,Tuesday,False,91.66,91.66
TXN-0072149,2026-08-25,DXB-005,Dubai,CUST-02249,P007,Office Chair,Furniture,3,679.67,0,2039.01,0.0,2039.01,Cash,Store,2026,8,August,25,Tuesday,False,2039.01,679.67
TXN-0072177,2026-08-25,DXB-002,Dubai,CUST-06489,P002,Smartphone,Electronics,1,1853.7,10,1853.7,185.37,1668.33,Bank Transfer,Online,2026,8,August,25,Tuesday,False,1668.33,1668.33
TXN-0072198,2026-08-25,DXB-002,Dubai,CUST-01963,P002,Smartphone,Electronics,1,1841.04,10,1841.04,184.1,1656.94,Card,Online,2026,8,August,25,Tuesday,False,1656.94,1656.94
TXN-0072242,2026-08-25,DXB-001,Dubai,CUST-03589,P008,Desk,Furniture,1,830.7,15,830.7,124.6,706.1,Cash,Store,2026,8,August,25,Tuesday,False,706.1,706.1
TXN-0072260,2026-08-25,DXB-002,Dubai,CUST-02857,P007,Office Chair,Furniture,2,658.8,10,1317.6,131.76,1185.84,Cash,Online,2026,8,August,25,Tuesday,False,1185.84,592.92
TXN-0072292,2026-08-25,DXB-001,Dubai,CUST-05815,P002,Smartphone,Electronics,1,1961.96,10,1961.96,196.2,1765.76,Bank Transfer,Store,2026,8,August,25,Tuesday,False,1765.76,1765.76
TXN-0072305,2026-08-25,DXB-001,Dubai,CUST-04426,P004,Monitor,Electronics,1,838.96,0,838.96,0.0,838.96,Cash,Online,2026,8,August,25,Tuesday,False,838.96,838.96
TXN-0072398,2026-08-25,DXB-002,Dubai,CUST-03012,P009,Backpack,Accessories,1,195.97,5,195.97,9.8,186.17,Card,Online,2026,8,August,25,Tuesday,False,186.17,186.17
TXN-0072418,2026-08-25,DXB-002,Dubai,CUST-05328,P009,Backpack,Accessories,1,204.46,15,204.46,30.67,173.79,Cash,Store,2026,8,August,25,Tuesday,False,173.79,173.79
TXN-0072490,2026-08-25,DXB-005,Dubai,CUST-05535,P006,Mouse,Accessories,2,100.27,5,200.54,10.03,190.51,Card,Store,2026,8,August,25,Tuesday,False,190.51,95.26
TXN-0072530,2026-08-25,DXB-002,Dubai,CUST-02627,P015,Tablet,Electronics,1,1302.25,5,1302.25,65.11,1237.14,Apple Pay,Store,2026,8,August,25,Tuesday,False,1237.14,1237.14
TXN-0072579,2026-08-25,DXB-002,Dubai,CUST-02796,P011,Notebook,Stationery,1,23.89,10,23.89,2.39,21.5,Card,Store,2026,8,August,25,Tuesday,False,21.5,21.5
TXN-0072687,2026-08-25,DXB-002,Dubai,CUST-02894,P005,Keyboard,Accessories,3,212.82,10,638.46,63.85,574.61,Bank Transfer,Store,2026,8,August,25,Tuesday,False,574.61,191.54
TXN-0072693,2026-08-25,DXB-001,Dubai,CUST-04846,P010,Printer,Office,3,718.91,10,2156.73,215.67,1941.06,Bank Transfer,Store,2026,8,August,25,Tuesday,False,1941.06,647.02
TXN-0072695,2026-08-25,DXB-001,Dubai,CUST-06663,P012,Pen Pack,Stationery,1,16.46,0,16.46,0.0,16.46,Bank Transfer,Online,2026,8,August,25,Tuesday,False,16.46,16.46
TXN-0072776,2026-08-25,DXB-001,Dubai,CUST-01613,P010,Printer,Office,2,697.87,5,1395.74,69.79,1325.95,Apple Pay,Store,2026,8,August,25,Tuesday,False,1325.95,662.98
TXN-0072871,2026-08-25,DXB-002,Dubai,CUST-05546,P002,Smartphone,Electronics,2,1732.98,20,3465.96,693.19,2772.77,Card,Store,2026,8,August,25,Tuesday,False,2772.77,1386.38
TXN-0072931,2026-08-25,DXB-005,Dubai,CUST-06980,P014,Power Bank,Electronics,5,148.2,0,741.0,0.0,741.0,Apple Pay,Store,2026,8,August,25,Tuesday,False,741.0,148.2
TXN-0073010,2026-08-25,DXB-002,Dubai,CUST-04338,P010,Printer,Office,1,746.7,0,746.7,0.0,746.7,Bank Transfer,Store,2026,8,August,25,Tuesday,False,746.7,746.7
TXN-0073022,2026-08-25,DXB-003,Dubai,CUST-04110,P012,Pen Pack,Stationery,2,14.64,20,29.28,5.86,23.42,Cash,Store,2026,8,August,25,Tuesday,False,23.42,11.71
TXN-0073096,2026-08-25,DXB-003,Dubai,CUST-00237,P002,Smartphone,Electronics,1,1737.92,5,1737.92,86.9,1651.02,Cash,Store,2026,8,August,25,Tuesday,False,1651.02,1651.02
TXN-0073132,2026-08-25,DXB-001,Dubai,CUST-01552,P005,Keyboard,Accessories,3,176.78,0,530.34,0.0,530.34,Cash,Online,2026,8,August,25,Tuesday,False,530.34,176.78
TXN-0073136,2026-08-25,DXB-004,Dubai,CUST-01490,P004,Monitor,Electronics,2,859.78,10,1719.56,171.96,1547.6,Apple Pay,Store,2026,8,August,25,Tuesday,False,1547.6,773.8
TXN-0073138,2026-08-25,DXB-005,Dubai,CUST-02201,P015,Tablet,Electronics,2,1239.62,0,2479.24,0.0,2479.24,Apple Pay,Store,2026,8,August,25,Tuesday,False,2479.24,1239.62
TXN-0073166,2026-08-25,DXB-005,Dubai,CUST-05000,P001,Laptop,Electronics,1,2453.07,10,2453.07,245.31,2207.76,Card,Store,2026,8,August,25,Tuesday,False,2207.76,2207.76
TXN-0073201,2026-08-25,DXB-004,Dubai,CUST-02792,P009,Backpack,Accessories,2,228.58,0,457.16,0.0,457.16,Bank Transfer,Store,2026,8,August,25,Tuesday,False,457.16,228.58
TXN-0073279,2026-08-25,DXB-003,Dubai,CUST-03952,P011,Notebook,Stationery,1,26.18,5,26.18,1.31,24.87,Card,Store,2026,8,August,25,Tuesday,False,24.87,24.87
TXN-0073314,2026-08-25,DXB-001,Dubai,CUST-05208,P001,Laptop,Electronics,2,2948.51,5,5897.02,294.85,5602.17,Card,Store,2026,8,August,25,Tuesday,False,5602.17,2801.08
TXN-0073350,2026-08-25,DXB-003,Dubai,CUST-03906,P011,Notebook,Stationery,4,25.16,10,100.64,10.06,90.58,Apple Pay,Store,2026,8,August,25,Tuesday,False,90.58,22.64
TXN-0073394,2026-08-25,DXB-005,Dubai,CUST-03624,P007,Office Chair,Furniture,1,602.51,10,602.51,60.25,542.26,Apple Pay,Online,2026,8,August,25,Tuesday,False,542.26,542.26
TXN-0073396,2026-08-25,DXB-002,Dubai,CUST-07974,P004,Monitor,Electronics,1,909.76,0,909.76,0.0,909.76,Card,Store,2026,8,August,25,Tuesday,False,909.76,909.76
TXN-0073489,2026-08-25,DXB-004,Dubai,CUST-03951,P010,Printer,Office,2,676.09,10,1352.18,135.22,1216.96,Apple Pay,Store,2026,8,August,25,Tuesday,False,1216.96,608.48
TXN-0073560,2026-08-25,DXB-005,Dubai,CUST-06056,P013,USB Drive,Accessories,2,43.95,5,87.9,4.39,83.51,Apple Pay,Store,2026,8,August,25,Tuesday,False,83.51,41.76
TXN-0073615,2026-08-25,DXB-001,Dubai,CUST-03692,P006,Mouse,Accessories,1,106.59,0,106.59,0.0,106.59,Card,Store,2026,8,August,25,Tuesday,False,106.59,106.59
TXN-0073645,2026-08-25,DXB-001,Dubai,CUST-02430,P005,Keyboard,Accessories,2,181.04,15,362.08,54.31,307.77,Card,Online,2026,8,August,25,Tuesday,False,307.77,153.88
TXN-0073846,2026-08-25,DXB-001,Dubai,CUST-06290,P002,Smartphone,Electronics,5,2103.0,0,10515.0,0.0,10515.0,Apple Pay,Store,2026,8,August,25,Tuesday,False,10515.0,2103.0
TXN-0073937,2026-08-25,DXB-003,Dubai,CUST-05351,P010,Printer,Office,1,695.37,5,695.37,34.77,660.6,Card,Online,2026,8,August,25,Tuesday,False,660.6,660.6
TXN-0074002,2026-08-25,DXB-001,Dubai,CUST-03233,P007,Office Chair,Furniture,1,729.02,0,729.02,0.0,729.02,Card,Store,2026,8,August,25,Tuesday,False,729.02,729.02
TXN-0074076,2026-08-25,DXB-004,Dubai,CUST-05109,P012,Pen Pack,Stationery,1,15.16,0,15.16,0.0,15.16,Card,Store,2026,8,August,25,Tuesday,False,15.16,15.16
TXN-0074099,2026-08-25,DXB-003,Dubai,CUST-07611,P010,Printer,Office,1,714.8,15,714.8,107.22,607.58,Card,Store,2026,8,August,25,Tuesday,False,607.58,607.58
TXN-0074121,2026-08-25,DXB-001,Dubai,CUST-02485,P013,USB Drive,Accessories,1,45.97,0,45.97,0.0,45.97,Card,Online,2026,8,August,25,Tuesday,False,45.97,45.97
TXN-0074203,2026-08-25,DXB-003,Dubai,CUST-04132,P005,Keyboard,Accessories,4,202.68,10,810.72,81.07,729.65,Cash,Online,2026,8,August,25,Tuesday,False,729.65,182.41
TXN-0074322,2026-08-25,DXB-003,Dubai,CUST-04381,P014,Power Bank,Electronics,1,140.49,15,140.49,21.07,119.42,Card,Store,2026,8,August,25,Tuesday,False,119.42,119.42
TXN-0074364,2026-08-25,DXB-004,Dubai,CUST-00290,P004,Monitor,Electronics,1,985.98,10,985.98,98.6,887.38,Cash,Store,2026,8,August,25,Tuesday,False,887.38,887.38
TXN-0074401,2026-08-25,DXB-002,Dubai,CUST-06473,P015,Tablet,Electronics,2,1218.01,5,2436.02,121.8,2314.22,Card,Store,2026,8,August,25,Tuesday,False,2314.22,1157.11
TXN-0074441,2026-08-25,DXB-001,Dubai,CUST-05089,P011,Notebook,Stationery,3,24.78,0,74.34,0.0,74.34,Cash,Store,2026,8,August,25,Tuesday,False,74.34,24.78
TXN-0074511,2026-08-25,DXB-004,Dubai,CUST-00328,P013,USB Drive,Accessories,6,45.27,0,271.62,0.0,271.62,Cash,Store,2026,8,August,25,Tuesday,False,271.62,45.27
TXN-0074531,2026-08-25,DXB-003,Dubai,CUST-02975,P003,Headphones,Electronics,2,376.18,20,752.36,150.47,601.89,Cash,Store,2026,8,August,25,Tuesday,False,601.89,300.94
TXN-0074655,2026-08-25,DXB-001,Dubai,CUST-05781,P007,Office Chair,Furniture,1,659.1,10,659.1,65.91,593.19,Card,Online,2026,8,August,25,Tuesday,False,593.19,593.19
TXN-0074723,2026-08-25,DXB-004,Dubai,CUST-02568,P005,Keyboard,Accessories,1,182.34,10,182.34,18.23,164.11,Card,Online,2026,8,August,25,Tuesday,False,164.11,164.11
TXN-0074770,2026-08-25,DXB-002,Dubai,CUST-07117,P012,Pen Pack,Stationery,1,16.02,15,16.02,2.4,13.62,Card,Store,2026,8,August,25,Tuesday,False,13.62,13.62
TXN-0074776,2026-08-25,DXB-001,Dubai,CUST-05558,P001,Laptop,Electronics,1,2697.74,5,2697.74,134.89,2562.85,Apple Pay,Online,2026,8,August,25,Tuesday,False,2562.85,2562.85
TXN-0074837,2026-08-25,DXB-005,Dubai,CUST-02273,P012,Pen Pack,Stationery,5,14.86,5,74.3,3.72,70.58,Card,Store,2026,8,August,25,Tuesday,False,70.58,14.12
TXN-0074861,2026-08-25,DXB-003,Dubai,CUST-00777,P009,Backpack,Accessories,3,214.76,10,644.28,64.43,579.85,Apple Pay,Store,2026,8,August,25,Tuesday,False,579.85,193.28
TXN-0075035,2026-08-25,DXB-001,Dubai,CUST-01010,P014,Power Bank,Electronics,4,140.23,0,560.92,0.0,560.92,Cash,Online,2026,8,August,25,Tuesday,False,560.92,140.23
TXN-0075037,2026-08-25,DXB-003,Dubai,CUST-04210,P001,Laptop,Electronics,1,2967.23,0,2967.23,0.0,2967.23,Cash,Store,2026,8,August,25,Tuesday,False,2967.23,2967.23
TXN-0075144,2026-08-25,DXB-002,Dubai,CUST-05037,P011,Notebook,Stationery,1,26.04,10,26.04,2.6,23.44,Cash,Online,2026,8,August,25,Tuesday,False,23.44,23.44
TXN-0075185,2026-08-25,DXB-004,Dubai,CUST-02480,P003,Headphones,Electronics,1,382.67,5,382.67,19.13,363.54,Cash,Online,2026,8,August,25,Tuesday,False,363.54,363.54
TXN-0075277,2026-08-25,DXB-001,Dubai,CUST-07888,P007,Office Chair,Furniture,1,657.56,5,657.56,32.88,624.68,Apple Pay,Online,2026,8,August,25,Tuesday,False,624.68,624.68
TXN-0075394,2026-08-25,DXB-001,Dubai,CUST-06362,P010,Printer,Office,1,738.58,5,738.58,36.93,701.65,Apple Pay,Store,2026,8,August,25,Tuesday,False,701.65,701.65
TXN-0075475,2026-08-25,DXB-003,Dubai,CUST-06654,P013,USB Drive,Accessories,1,47.74,0,47.74,0.0,47.74,Cash,Store,2026,8,August,25,Tuesday,False,47.74,47.74
TXN-0075567,2026-08-25,DXB-001,Dubai,CUST-01762,P014,Power Bank,Electronics,1,150.61,5,150.61,7.53,143.08,Card,Online,2026,8,August,25,Tuesday,False,143.08,143.08
TXN-0075587,2026-08-25,DXB-001,Dubai,CUST-05792,P010,Printer,Office,2,748.44,10,1496.88,149.69,1347.19,Card,Store,2026,8,August,25,Tuesday,False,1347.19,673.6
TXN-0075591,2026-08-25,DXB-004,Dubai,CUST-02653,P008,Desk,Furniture,1,793.82,15,793.82,119.07,674.75,Apple Pay,Store,2026,8,August,25,Tuesday,False,674.75,674.75
TXN-0075599,2026-08-25,DXB-003,Dubai,CUST-04977,P004,Monitor,Electronics,1,787.53,15,787.53,118.13,669.4,Card,Store,2026,8,August,25,Tuesday,False,669.4,669.4
TXN-0075646,2026-08-25,DXB-002,Dubai,CUST-05733,P005,Keyboard,Accessories,1,176.59,0,176.59,0.0,176.59,Cash,Store,2026,8,August,25,Tuesday,False,176.59,176.59
TXN-0075706,2026-08-25,DXB-001,Dubai,CUST-02249,P013,USB Drive,Accessories,1,44.96,10,44.96,4.5,40.46,Apple Pay,Store,2026,8,August,25,Tuesday,False,40.46,40.46
TXN-0075785,2026-08-25,DXB-001,Dubai,CUST-02295,P009,Backpack,Accessories,1,230.2,20,230.2,46.04,184.16,Cash,Store,2026,8,August,25,Tuesday,False,184.16,184.16
TXN-0075816,2026-08-25,DXB-002,Dubai,CUST-04399,P009,Backpack,Accessories,1,183.02,20,183.02,36.6,146.42,Card,Store,2026,8,August,25,Tuesday,False,146.42,146.42
TXN-0075881,2026-08-25,DXB-003,Dubai,CUST-00088,P014,Power Bank,Electronics,1,142.33,5,142.33,7.12,135.21,Bank Transfer,Store,2026,8,August,25,Tuesday,False,135.21,135.21
TXN-0075915,2026-08-25,DXB-004,Dubai,CUST-02838,P010,Printer,Office,3,733.51,0,2200.53,0.0,2200.53,Card,Store,2026,8,August,25,Tuesday,False,2200.53,733.51
TXN-0076027,2026-08-25,DXB-003,Dubai,CUST-01715,P002,Smartphone,Electronics,1,1776.89,20,1776.89,355.38,1421.51,Apple Pay,Store,2026,8,August,25,Tuesday,False,1421.51,1421.51
TXN-0076068,2026-08-25,DXB-003,Dubai,CUST-05128,P005,Keyboard,Accessories,2,174.1,0,348.2,0.0,348.2,Cash,Online,2026,8,August,25,Tuesday,False,348.2,174.1
TXN-0076120,2026-08-25,DXB-001,Dubai,CUST-00486,P014,Power Bank,Electronics,4,134.3,5,537.2,26.86,510.34,Bank Transfer,Online,2026,8,August,25,Tuesday,False,510.34,127.58
TXN-0076153,2026-08-25,DXB-001,Dubai,CUST-02850,P012,Pen Pack,Stationery,1,14.73,10,14.73,1.47,13.26,Apple Pay,Store,2026,8,August,25,Tuesday,False,13.26,13.26
TXN-0076184,2026-08-25,DXB-002,Dubai,CUST-05942,P012,Pen Pack,Stationery,4,13.6,5,54.4,2.72,51.68,Apple Pay,Store,2026,8,August,25,Tuesday,False,51.68,12.92
TXN-0076191,2026-08-25,DXB-002,Dubai,CUST-00121,P013,USB Drive,Accessories,1,41.11,15,41.11,6.17,34.94,Apple Pay,Store,2026,8,August,25,Tuesday,False,34.94,34.94
TXN-0076273,2026-08-25,DXB-004,Dubai,CUST-01050,P004,Monitor,Electronics,1,886.6,20,886.6,177.32,709.28,Card,Online,2026,8,August,25,Tuesday,False,709.28,709.28
TXN-0076317,2026-08-25,DXB-004,Dubai,CUST-06307,P002,Smartphone,Electronics,1,1742.65,5,1742.65,87.13,1655.52,Card,Online,2026,8,August,25,Tuesday,False,1655.52,1655.52
TXN-0076339,2026-08-25,DXB-003,Dubai,CUST-00004,P014,Power Bank,Electronics,6,137.77,5,826.62,41.33,785.29,Apple Pay,Store,2026,8,August,25,Tuesday,False,785.29,130.88
TXN-0076349,2026-08-25,DXB-003,Dubai,CUST-02519,P005,Keyboard,Accessories,2,174.77,0,349.54,0.0,349.54,Card,Store,2026,8,August,25,Tuesday,False,349.54,174.77
TXN-0076433,2026-08-25,DXB-003,Dubai,CUST-04652,P001,Laptop,Electronics,1,2975.1,5,2975.1,148.76,2826.34,Card,Store,2026,8,August,25,Tuesday,False,2826.34,2826.34
TXN-0076443,2026-08-25,DXB-003,Dubai,CUST-03943,P011,Notebook,Stationery,1,24.49,0,24.49,0.0,24.49,Apple Pay,Online,2026,8,August,25,Tuesday,False,24.49,24.49
TXN-0076465,2026-08-25,DXB-002,Dubai,CUST-05453,P007,Office Chair,Furniture,4,699.27,10,2797.08,279.71,2517.37,Bank Transfer,Store,2026,8,August,25,Tuesday,False,2517.37,629.34
TXN-0076491,2026-08-25,DXB-004,Dubai,CUST-02203,P008,Desk,Furniture,2,735.59,15,1471.18,220.68,1250.5,Apple Pay,Store,2026,8,August,25,Tuesday,False,1250.5,625.25
TXN-0076503,2026-08-25,DXB-005,Dubai,CUST-07485,P006,Mouse,Accessories,2,118.78,5,237.56,11.88,225.68,Cash,Store,2026,8,August,25,Tuesday,False,225.68,112.84
TXN-0076513,2026-08-25,DXB-003,Dubai,CUST-01254,P007,Office Chair,Furniture,1,669.53,5,669.53,33.48,636.05,Card,Online,2026,8,August,25,Tuesday,False,636.05,636.05
TXN-0076538,2026-08-25,DXB-002,Dubai,CUST-00891,P007,Office Chair,Furniture,2,637.24,0,1274.48,0.0,1274.48,Card,Store,2026,8,August,25,Tuesday,False,1274.48,637.24
TXN-0076601,2026-08-25,DXB-002,Dubai,CUST-07678,P010,Printer,Office,2,750.61,5,1501.22,75.06,1426.16,Cash,Store,2026,8,August,25,Tuesday,False,1426.16,713.08
TXN-0076613,2026-08-25,DXB-004,Dubai,CUST-07951,P003,Headphones,Electronics,1,315.22,5,315.22,15.76,299.46,Cash,Store,2026,8,August,25,Tuesday,False,299.46,299.46
TXN-0076707,2026-08-25,DXB-005,Dubai,CUST-05981,P004,Monitor,Electronics,2,1003.97,0,2007.94,0.0,2007.94,Card,Online,2026,8,August,25,Tuesday,False,2007.94,1003.97
TXN-0076715,2026-08-25,DXB-002,Dubai,CUST-07802,P005,Keyboard,Accessories,1,190.99,0,190.99,0.0,190.99,Card,Online,2026,8,August,25,Tuesday,False,190.99,190.99
TXN-0076717,2026-08-25,DXB-001,Dubai,CUST-00207,P008,Desk,Furniture,1,749.81,10,749.81,74.98,674.83,Card,Store,2026,8,August,25,Tuesday,False,674.83,674.83
TXN-0076724,2026-08-25,DXB-004,Dubai,CUST-04421,P010,Printer,Office,3,663.0,20,1989.0,397.8,1591.2,Apple Pay,Store,2026,8,August,25,Tuesday,False,1591.2,530.4
TXN-0076887,2026-08-25,DXB-001,Dubai,CUST-03434,P006,Mouse,Accessories,5,103.78,15,518.9,77.83,441.07,Bank Transfer,Online,2026,8,August,25,Tuesday,False,441.07,88.21
TXN-0076944,2026-08-25,DXB-005,Dubai,CUST-06515,P004,Monitor,Electronics,1,951.9,5,951.9,47.6,904.3,Apple Pay,Store,2026,8,August,25,Tuesday,False,904.3,904.3
TXN-0077102,2026-08-25,DXB-001,Dubai,CUST-02325,P006,Mouse,Accessories,2,102.27,0,204.54,0.0,204.54,Card,Store,2026,8,August,25,Tuesday,False,204.54,102.27
TXN-0077178,2026-08-25,DXB-004,Dubai,CUST-01496,P015,Tablet,Electronics,1,1294.44,5,1294.44,64.72,1229.72,Card,Online,2026,8,August,25,Tuesday,False,1229.72,1229.72
TXN-0077668,2026-08-25,DXB-001,Dubai,CUST-00518,P007,Office Chair,Furniture,2,658.27,5,1316.54,65.83,1250.71,Card,Store,2026,8,August,25,Tuesday,False,1250.71,625.36
TXN-0077677,2026-08-25,DXB-003,Dubai,CUST-01512,P010,Printer,Office,1,731.19,0,731.19,0.0,731.19,Bank Transfer,Store,2026,8,August,25,Tuesday,False,731.19,731.19
TXN-0077717,2026-08-25,DXB-003,Dubai,CUST-01963,P011,Notebook,Stationery,3,24.29,10,72.87,7.29,65.58,Bank Transfer,Store,2026,8,August,25,Tuesday,False,65.58,21.86
TXN-0077774,2026-08-25,DXB-003,Dubai,CUST-07347,P001,Laptop,Electronics,1,2667.42,0,2667.42,0.0,2667.42,Cash,Online,2026,8,August,25,Tuesday,False,2667.42,2667.42
TXN-0077790,2026-08-25,DXB-004,Dubai,CUST-05734,P009,Backpack,Accessories,1,229.08,5,229.08,11.45,217.63,Cash,Store,2026,8,August,25,Tuesday,False,217.63,217.63
TXN-0077820,2026-08-25,DXB-004,Dubai,CUST-06634,P012,Pen Pack,Stationery,1,14.47,10,14.47,1.45,13.02,Cash,Online,2026,8,August,25,Tuesday,False,13.02,13.02
TXN-0077836,2026-08-25,DXB-002,Dubai,CUST-07158,P006,Mouse,Accessories,2,103.99,10,207.98,20.8,187.18,Cash,Online,2026,8,August,25,Tuesday,False,187.18,93.59
TXN-0077840,2026-08-25,DXB-003,Dubai,CUST-05297,P002,Smartphone,Electronics,2,1572.62,0,3145.24,0.0,3145.24,Card,Store,2026,8,August,25,Tuesday,False,3145.24,1572.62
TXN-0077941,2026-08-25,DXB-001,Dubai,CUST-04009,P008,Desk,Furniture,5,827.88,0,4139.4,0.0,4139.4,Apple Pay,Store,2026,8,August,25,Tuesday,False,4139.4,827.88
TXN-0077962,2026-08-25,DXB-005,Dubai,CUST-04697,P004,Monitor,Electronics,1,909.9,0,909.9,0.0,909.9,Card,Store,2026,8,August,25,Tuesday,False,909.9,909.9
TXN-0078034,2026-08-25,DXB-002,Dubai,CUST-04803,P011,Notebook,Stationery,5,24.9,10,124.5,12.45,112.05,Card,Store,2026,8,August,25,Tuesday,False,112.05,22.41
TXN-0078105,2026-08-25,DXB-001,Dubai,CUST-06635,P011,Notebook,Stationery,2,24.19,5,48.38,2.42,45.96,Cash,Store,2026,8,August,25,Tuesday,False,45.96,22.98
TXN-0078167,2026-08-25,DXB-003,Dubai,CUST-05430,P003,Headphones,Electronics,3,384.63,5,1153.89,57.69,1096.2,Apple Pay,Store,2026,8,August,25,Tuesday,False,1096.2,365.4
TXN-0078205,2026-08-25,DXB-002,Dubai,CUST-05425,P005,Keyboard,Accessories,3,177.13,0,531.39,0.0,531.39,Cash,Store,2026,8,August,25,Tuesday,False,531.39,177.13
TXN-0078233,2026-08-25,DXB-004,Dubai,CUST-05792,P006,Mouse,Accessories,4,101.9,15,407.6,61.14,346.46,Apple Pay,Online,2026,8,August,25,Tuesday,False,346.46,86.62
TXN-0078251,2026-08-25,DXB-005,Dubai,CUST-01149,P001,Laptop,Electronics,2,2553.0,0,5106.0,0.0,5106.0,Cash,Store,2026,8,August,25,Tuesday,False,5106.0,2553.0
TXN-0078284,2026-08-25,DXB-005,Dubai,CUST-03926,P004,Monitor,Electronics,2,773.47,0,1546.94,0.0,1546.94,Apple Pay,Online,2026,8,August,25,Tuesday,False,1546.94,773.47
TXN-0078353,2026-08-25,DXB-001,Dubai,CUST-02507,P007,Office Chair,Furniture,2,657.36,5,1314.72,65.74,1248.98,Cash,Online,2026,8,August,25,Tuesday,False,1248.98,624.49
TXN-0078378,2026-08-25,DXB-004,Dubai,CUST-07165,P001,Laptop,Electronics,3,2865.28,10,8595.84,859.58,7736.26,Card,Online,2026,8,August,25,Tuesday,False,7736.26,2578.75
TXN-0078380,2026-08-25,DXB-005,Dubai,CUST-05185,P008,Desk,Furniture,6,778.58,20,4671.48,934.3,3737.18,Apple Pay,Store,2026,8,August,25,Tuesday,False,3737.18,622.86
TXN-0078400,2026-08-25,DXB-002,Dubai,CUST-01431,P011,Notebook,Stationery,1,24.73,5,24.73,1.24,23.49,Card,Store,2026,8,August,25,Tuesday,False,23.49,23.49
TXN-0078424,2026-08-25,DXB-001,Dubai,CUST-06025,P007,Office Chair,Furniture,3,610.95,5,1832.85,91.64,1741.21,Card,Online,2026,8,August,25,Tuesday,False,1741.21,580.4
TXN-0078446,2026-08-25,DXB-001,Dubai,CUST-01336,P003,Headphones,Electronics,2,358.92,10,717.84,71.78,646.06,Cash,Online,2026,8,August,25,Tuesday,False,646.06,323.03
TXN-0078454,2026-08-25,DXB-001,Dubai,CUST-01848,P004,Monitor,Electronics,1,932.33,15,932.33,139.85,792.48,Card,Store,2026,8,August,25,Tuesday,False,792.48,792.48
TXN-0078460,2026-08-25,DXB-002,Dubai,CUST-07515,P002,Smartphone,Electronics,1,1934.07,5,1934.07,96.7,1837.37,Cash,Store,2026,8,August,25,Tuesday,False,1837.37,1837.37
TXN-0078496,2026-08-25,DXB-004,Dubai,CUST-02131,P006,Mouse,Accessories,1,87.14,5,87.14,4.36,82.78,Bank Transfer,Store,2026,8,August,25,Tuesday,False,82.78,82.78
TXN-0078543,2026-08-25,DXB-004,Dubai,CUST-03873,P009,Backpack,Accessories,1,222.04,5,222.04,11.1,210.94,Bank Transfer,Online,2026,8,August,25,Tuesday,False,210.94,210.94
TXN-0078644,2026-08-25,DXB-002,Dubai,CUST-01676,P014,Power Bank,Electronics,2,149.69,15,299.38,44.91,254.47,Card,Online,2026,8,August,25,Tuesday,False,254.47,127.24
TXN-0078738,2026-08-25,DXB-005,Dubai,CUST-04977,P008,Desk,Furniture,1,824.92,0,824.92,0.0,824.92,Card,Store,2026,8,August,25,Tuesday,False,824.92,824.92
TXN-0078780,2026-08-25,DXB-004,Dubai,CUST-02155,P003,Headphones,Electronics,1,333.68,0,333.68,0.0,333.68,Cash,Store,2026,8,August,25,Tuesday,False,333.68,333.68
TXN-0078806,2026-08-25,DXB-001,Dubai,CUST-03538,P009,Backpack,Accessories,1,226.36,0,226.36,0.0,226.36,Bank Transfer,Online,2026,8,August,25,Tuesday,False,226.36,226.36
TXN-0078862,2026-08-25,DXB-005,Dubai,CUST-01294,P009,Backpack,Accessories,2,218.99,15,437.98,65.7,372.28,Cash,Online,2026,8,August,25,Tuesday,False,372.28,186.14
TXN-0078881,2026-08-25,DXB-001,Dubai,CUST-05114,P012,Pen Pack,Stationery,2,14.39,10,28.78,2.88,25.9,Apple Pay,Store,2026,8,August,25,Tuesday,False,25.9,12.95
TXN-0079013,2026-08-25,DXB-004,Dubai,CUST-04173,P003,Headphones,Electronics,1,338.47,5,338.47,16.92,321.55,Cash,Store,2026,8,August,25,Tuesday,False,321.55,321.55
TXN-0079047,2026-08-25,DXB-003,Dubai,CUST-02986,P012,Pen Pack,Stationery,1,14.2,0,14.2,0.0,14.2,Apple Pay,Store,2026,8,August,25,Tuesday,False,14.2,14.2
TXN-0079093,2026-08-25,DXB-003,Dubai,CUST-02054,P004,Monitor,Electronics,2,878.62,15,1757.24,263.59,1493.65,Apple Pay,Store,2026,8,August,25,Tuesday,False,1493.65,746.82
TXN-0079113,2026-08-25,DXB-004,Dubai,CUST-07986,P001,Laptop,Electronics,1,2828.13,0,2828.13,0.0,2828.13,Card,Store,2026,8,August,25,Tuesday,False,2828.13,2828.13
TXN-0079118,2026-08-25,DXB-001,Dubai,CUST-02752,P013,USB Drive,Accessories,1,45.3,10,45.3,4.53,40.77,Card,Store,2026,8,August,25,Tuesday,False,40.77,40.77
TXN-0079149,2026-08-25,DXB-001,Dubai,CUST-06435,P004,Monitor,Electronics,2,823.07,10,1646.14,164.61,1481.53,Apple Pay,Online,2026,8,August,25,Tuesday,False,1481.53,740.76
TXN-0079295,2026-08-25,DXB-001,Dubai,CUST-05955,P011,Notebook,Stationery,2,22.08,15,44.16,6.62,37.54,Card,Online,2026,8,August,25,Tuesday,False,37.54,18.77
TXN-0079342,2026-08-25,DXB-003,Dubai,CUST-02980,P003,Headphones,Electronics,1,343.51,5,343.51,17.18,326.33,Card,Store,2026,8,August,25,Tuesday,False,326.33,326.33
TXN-0079343,2026-08-25,DXB-001,Dubai,CUST-00846,P014,Power Bank,Electronics,1,147.51,5,147.51,7.38,140.13,Bank Transfer,Store,2026,8,August,25,Tuesday,False,140.13,140.13
TXN-0079369,2026-08-25,DXB-005,Dubai,CUST-00119,P008,Desk,Furniture,2,805.74,10,1611.48,161.15,1450.33,Apple Pay,Store,2026,8,August,25,Tuesday,False,1450.33,725.16
TXN-0079383,2026-08-25,DXB-003,Dubai,CUST-07830,P012,Pen Pack,Stationery,1,14.72,0,14.72,0.0,14.72,Apple Pay,Online,2026,8,August,25,Tuesday,False,14.72,14.72
TXN-0079404,2026-08-25,DXB-003,Dubai,CUST-07059,P012,Pen Pack,Stationery,3,15.43,5,46.29,2.31,43.98,Card,Store,2026,8,August,25,Tuesday,False,43.98,14.66
TXN-0079549,2026-08-25,DXB-001,Dubai,CUST-01678,P010,Printer,Office,2,684.39,5,1368.78,68.44,1300.34,Card,Store,2026,8,August,25,Tuesday,False,1300.34,650.17
TXN-0079580,2026-08-25,DXB-002,Dubai,CUST-05025,P008,Desk,Furniture,2,781.41,20,1562.82,312.56,1250.26,Card,Store,2026,8,August,25,Tuesday,False,1250.26,625.13
TXN-0079652,2026-08-25,DXB-003,Dubai,CUST-02275,P011,Notebook,Stationery,3,23.83,0,71.49,0.0,71.49,Card,Store,2026,8,August,25,Tuesday,False,71.49,23.83
TXN-0079761,2026-08-25,DXB-001,Dubai,CUST-07399,P011,Notebook,Stationery,1,26.55,10,26.55,2.66,23.89,Cash,Store,2026,8,August,25,Tuesday,False,23.89,23.89
TXN-0079900,2026-08-25,DXB-004,Dubai,CUST-02401,P010,Printer,Office,1,720.69,15,720.69,108.1,612.59,Card,Online,2026,8,August,25,Tuesday,False,612.59,612.59
TXN-0079940,2026-08-25,DXB-005,Dubai,CUST-03559,P003,Headphones,Electronics,1,335.92,5,335.92,16.8,319.12,Cash,Store,2026,8,August,25,Tuesday,False,319.12,319.12
TXN-0079946,2026-08-25,DXB-004,Dubai,CUST-07553,P003,Headphones,Electronics,1,362.21,5,362.21,18.11,344.1,Card,Store,2026,8,August,25,Tuesday,False,344.1,344.1
TXN-0079963,2026-08-25,DXB-002,Dubai,CUST-06655,P001,Laptop,Electronics,1,2838.49,10,2838.49,283.85,2554.64,Cash,Store,2026,8,August,25,Tuesday,False,2554.64,2554.64
TXN-0080045,2026-08-25,DXB-005,Dubai,CUST-03656,P007,Office Chair,Furniture,4,659.97,5,2639.88,131.99,2507.89,Apple Pay,Online,2026,8,August,25,Tuesday,False,2507.89,626.97
TXN-0080046,2026-08-25,DXB-001,Dubai,CUST-01794,P004,Monitor,Electronics,1,965.57,0,965.57,0.0,965.57,Apple Pay,Store,2026,8,August,25,Tuesday,False,965.57,965.57
TXN-0080110,2026-08-25,DXB-001,Dubai,CUST-07462,P013,USB Drive,Accessories,1,39.62,0,39.62,0.0,39.62,Card,Store,2026,8,August,25,Tuesday,False,39.62,39.62
TXN-0080326,2026-08-25,DXB-005,Dubai,CUST-00067,P010,Printer,Office,3,727.92,5,2183.76,109.19,2074.57,Cash,Store,2026,8,August,25,Tuesday,False,2074.57,691.52
TXN-0080378,2026-08-25,DXB-003,Dubai,CUST-01152,P012,Pen Pack,Stationery,2,14.33,15,28.66,4.3,24.36,Apple Pay,Online,2026,8,August,25,Tuesday,False,24.36,12.18
TXN-0080396,2026-08-25,DXB-001,Dubai,CUST-01764,P007,Office Chair,Furniture,1,606.42,15,606.42,90.96,515.46,Card,Store,2026,8,August,25,Tuesday,False,515.46,515.46
TXN-0080483,2026-08-25,DXB-003,Dubai,CUST-05418,P012,Pen Pack,Stationery,1,14.13,5,14.13,0.71,13.42,Apple Pay,Store,2026,8,August,25,Tuesday,False,13.42,13.42
TXN-0080594,2026-08-25,DXB-003,Dubai,CUST-04375,P008,Desk,Furniture,3,722.93,15,2168.79,325.32,1843.47,Card,Store,2026,8,August,25,Tuesday,False,1843.47,614.49
TXN-0080629,2026-08-25,DXB-005,Dubai,CUST-06250,P008,Desk,Furniture,4,801.18,10,3204.72,320.47,2884.25,Card,Store,2026,8,August,25,Tuesday,False,2884.25,721.06
TXN-0080647,2026-08-25,DXB-002,Dubai,CUST-03048,P015,Tablet,Electronics,2,1102.22,10,2204.44,220.44,1984.0,Card,Store,2026,8,August,25,Tuesday,False,1984.0,992.0
TXN-0080714,2026-08-25,DXB-004,Dubai,CUST-07541,P004,Monitor,Electronics,5,987.97,10,4939.85,493.98,4445.87,Bank Transfer,Store,2026,8,August,25,Tuesday,False,4445.87,889.17
TXN-0080790,2026-08-25,DXB-001,Dubai,CUST-07011,P005,Keyboard,Accessories,1,181.2,20,181.2,36.24,144.96,Card,Store,2026,8,August,25,Tuesday,False,144.96,144.96
TXN-0080836,2026-08-25,DXB-003,Dubai,CUST-06306,P014,Power Bank,Electronics,1,147.4,5,147.4,7.37,140.03,Cash,Store,2026,8,August,25,Tuesday,False,140.03,140.03
TXN-0080847,2026-08-25,DXB-003,Dubai,CUST-04254,P005,Keyboard,Accessories,3,186.49,10,559.47,55.95,503.52,Cash,Store,2026,8,August,25,Tuesday,False,503.52,167.84
TXN-0080870,2026-08-25,DXB-003,Dubai,CUST-06904,P003,Headphones,Electronics,2,360.39,5,720.78,36.04,684.74,Cash,Store,2026,8,August,25,Tuesday,False,684.74,342.37
TXN-0081187,2026-08-25,DXB-004,Dubai,CUST-06849,P013,USB Drive,Accessories,2,48.16,5,96.32,4.82,91.5,Card,Store,2026,8,August,25,Tuesday,False,91.5,45.75
TXN-0081212,2026-08-25,DXB-001,Dubai,CUST-04327,P004,Monitor,Electronics,2,910.08,5,1820.16,91.01,1729.15,Cash,Store,2026,8,August,25,Tuesday,False,1729.15,864.58
TXN-0081229,2026-08-25,DXB-002,Dubai,CUST-04213,P004,Monitor,Electronics,1,899.64,10,899.64,89.96,809.68,Card,Store,2026,8,August,25,Tuesday,False,809.68,809.68
TXN-0081261,2026-08-25,DXB-005,Dubai,CUST-03161,P013,USB Drive,Accessories,3,42.82,0,128.46,0.0,128.46,Card,Online,2026,8,August,25,Tuesday,False,128.46,42.82
TXN-0081379,2026-08-25,DXB-001,Dubai,CUST-02006,P008,Desk,Furniture,1,823.04,5,823.04,41.15,781.89,Card,Store,2026,8,August,25,Tuesday,False,781.89,781.89
TXN-0081572,2026-08-25,DXB-002,Dubai,CUST-05279,P001,Laptop,Electronics,1,3019.62,10,3019.62,301.96,2717.66,Cash,Online,2026,8,August,25,Tuesday,False,2717.66,2717.66
TXN-0081609,2026-08-25,DXB-002,Dubai,CUST-04362,P009,Backpack,Accessories,3,232.74,10,698.22,69.82,628.4,Apple Pay,Store,2026,8,August,25,Tuesday,False,628.4,209.47
TXN-0081624,2026-08-25,DXB-003,Dubai,CUST-02525,P011,Notebook,Stationery,1,25.12,0,25.12,0.0,25.12,Bank Transfer,Store,2026,8,August,25,Tuesday,False,25.12,25.12
TXN-0081734,2026-08-25,DXB-001,Dubai,CUST-01366,P010,Printer,Office,2,657.91,0,1315.82,0.0,1315.82,Card,Online,2026,8,August,25,Tuesday,False,1315.82,657.91
TXN-0081738,2026-08-25,DXB-004,Dubai,CUST-03164,P011,Notebook,Stationery,1,23.36,10,23.36,2.34,21.02,Card,Store,2026,8,August,25,Tuesday,False,21.02,21.02
TXN-0081767,2026-08-25,DXB-001,Dubai,CUST-01966,P011,Notebook,Stationery,1,24.89,0,24.89,0.0,24.89,Card,Store,2026,8,August,25,Tuesday,False,24.89,24.89
TXN-0081776,2026-08-25,DXB-002,Dubai,CUST-03811,P008,Desk,Furniture,1,830.12,20,830.12,166.02,664.1,Bank Transfer,Store,2026,8,August,25,Tuesday,False,664.1,664.1
TXN-0082142,2026-08-25,DXB-005,Dubai,CUST-00990,P008,Desk,Furniture,1,834.68,15,834.68,125.2,709.48,Cash,Store,2026,8,August,25,Tuesday,False,709.48,709.48
TXN-0082190,2026-08-25,DXB-002,Dubai,CUST-05023,P006,Mouse,Accessories,1,102.03,10,102.03,10.2,91.83,Apple Pay,Store,2026,8,August,25,Tuesday,False,91.83,91.83
TXN-0082210,2026-08-25,DXB-005,Dubai,CUST-00670,P008,Desk,Furniture,1,853.02,0,853.02,0.0,853.02,Apple Pay,Store,2026,8,August,25,Tuesday,False,853.02,853.02
TXN-0082268,2026-08-25,DXB-005,Dubai,CUST-03380,P010,Printer,Office,1,641.62,20,641.62,128.32,513.3,Card,Online,2026,8,August,25,Tuesday,False,513.3,513.3
TXN-0082271,2026-08-25,DXB-004,Dubai,CUST-02077,P013,USB Drive,Accessories,1,43.26,0,43.26,0.0,43.26,Cash,Store,2026,8,August,25,Tuesday,False,43.26,43.26
TXN-0082291,2026-08-25,DXB-001,Dubai,CUST-00973,P002,Smartphone,Electronics,1,1742.67,15,1742.67,261.4,1481.27,Card,Store,2026,8,August,25,Tuesday,False,1481.27,1481.27
TXN-0082425,2026-08-25,DXB-001,Dubai,CUST-06856,P006,Mouse,Accessories,1,95.19,5,95.19,4.76,90.43,Bank Transfer,Online,2026,8,August,25,Tuesday,False,90.43,90.43
TXN-0082549,2026-08-25,DXB-004,Dubai,CUST-03377,P005,Keyboard,Accessories,3,183.1,0,549.3,0.0,549.3,Cash,Online,2026,8,August,25,Tuesday,False,549.3,183.1
TXN-0082723,2026-08-25,DXB-004,Dubai,CUST-00977,P001,Laptop,Electronics,1,2509.74,5,2509.74,125.49,2384.25,Card,Store,2026,8,August,25,Tuesday,False,2384.25,2384.25
TXN-0082777,2026-08-25,DXB-004,Dubai,CUST-00117,P002,Smartphone,Electronics,1,1660.28,20,1660.28,332.06,1328.22,Cash,Store,2026,8,August,25,Tuesday,False,1328.22,1328.22
TXN-0082783,2026-08-25,DXB-002,Dubai,CUST-01468,P015,Tablet,Electronics,1,1257.84,10,1257.84,125.78,1132.06,Apple Pay,Store,2026,8,August,25,Tuesday,False,1132.06,1132.06
TXN-0082784,2026-08-25,DXB-004,Dubai,CUST-04498,P007,Office Chair,Furniture,1,624.17,0,624.17,0.0,624.17,Card,Store,2026,8,August,25,Tuesday,False,624.17,624.17
TXN-0082819,2026-08-25,DXB-002,Dubai,CUST-02874,P007,Office Chair,Furniture,3,704.89,15,2114.67,317.2,1797.47,Card,Store,2026,8,August,25,Tuesday,False,1797.47,599.16
TXN-0082862,2026-08-25,DXB-002,Dubai,CUST-06362,P015,Tablet,Electronics,1,1253.86,5,1253.86,62.69,1191.17,Card,Store,2026,8,August,25,Tuesday,False,1191.17,1191.17
TXN-0082893,2026-08-25,DXB-004,Dubai,CUST-04342,P002,Smartphone,Electronics,2,1758.38,15,3516.76,527.51,2989.25,Bank Transfer,Store,2026,8,August,25,Tuesday,False,2989.25,1494.62
TXN-0082920,2026-08-25,DXB-001,Dubai,CUST-01456,P010,Printer,Office,1,725.78,0,725.78,0.0,725.78,Card,Online,2026,8,August,25,Tuesday,False,725.78,725.78
TXN-0083019,2026-08-25,DXB-002,Dubai,CUST-03803,P011,Notebook,Stationery,1,23.71,10,23.71,2.37,21.34,Apple Pay,Store,2026,8,August,25,Tuesday,False,21.34,21.34
TXN-0083087,2026-08-25,DXB-003,Dubai,CUST-02600,P013,USB Drive,Accessories,2,44.24,0,88.48,0.0,88.48,Card,Store,2026,8,August,25,Tuesday,False,88.48,44.24
TXN-0083177,2026-08-25,DXB-001,Dubai,CUST-00180,P013,USB Drive,Accessories,1,43.35,15,43.35,6.5,36.85,Card,Online,2026,8,August,25,Tuesday,False,36.85,36.85
TXN-0083234,2026-08-25,DXB-005,Dubai,CUST-07798,P008,Desk,Furniture,2,836.78,0,1673.56,0.0,1673.56,Card,Store,2026,8,August,25,Tuesday,False,1673.56,836.78
TXN-0083235,2026-08-25,DXB-001,Dubai,CUST-05673,P007,Office Chair,Furniture,1,622.95,15,622.95,93.44,529.51,Apple Pay,Store,2026,8,August,25,Tuesday,False,529.51,529.51
TXN-0083330,2026-08-25,DXB-005,Dubai,CUST-05206,P013,USB Drive,Accessories,3,44.19,5,132.57,6.63,125.94,Bank Transfer,Store,2026,8,August,25,Tuesday,False,125.94,41.98
TXN-0083340,2026-08-25,DXB-001,Dubai,CUST-02752,P015,Tablet,Electronics,2,1086.23,15,2172.46,325.87,1846.59,Cash,Store,2026,8,August,25,Tuesday,False,1846.59,923.3
TXN-0083471,2026-08-25,DXB-002,Dubai,CUST-01582,P003,Headphones,Electronics,1,382.16,5,382.16,19.11,363.05,Cash,Store,2026,8,August,25,Tuesday,False,363.05,363.05
TXN-0083487,2026-08-25,DXB-004,Dubai,CUST-00063,P008,Desk,Furniture,3,827.15,5,2481.45,124.07,2357.38,Card,Store,2026,8,August,25,Tuesday,False,2357.38,785.79
TXN-0083511,2026-08-25,DXB-004,Dubai,CUST-04557,P013,USB Drive,Accessories,1,46.11,0,46.11,0.0,46.11,Card,Store,2026,8,August,25,Tuesday,False,46.11,46.11
TXN-0083538,2026-08-25,DXB-004,Dubai,CUST-01546,P014,Power Bank,Electronics,4,149.36,5,597.44,29.87,567.57,Card,Store,2026,8,August,25,Tuesday,False,567.57,141.89
TXN-0083576,2026-08-25,DXB-005,Dubai,CUST-02346,P004,Monitor,Electronics,1,811.55,0,811.55,0.0,811.55,Card,Online,2026,8,August,25,Tuesday,False,811.55,811.55
TXN-0083583,2026-08-25,DXB-001,Dubai,CUST-03951,P005,Keyboard,Accessories,3,184.73,0,554.19,0.0,554.19,Cash,Store,2026,8,August,25,Tuesday,False,554.19,184.73
TXN-0083610,2026-08-25,DXB-001,Dubai,CUST-04696,P003,Headphones,Electronics,1,340.78,5,340.78,17.04,323.74,Cash,Online,2026,8,August,25,Tuesday,False,323.74,323.74
TXN-0083686,2026-08-25,DXB-003,Dubai,CUST-01974,P013,USB Drive,Accessories,2,47.57,15,95.14,14.27,80.87,Apple Pay,Store,2026,8,August,25,Tuesday,False,80.87,40.44
TXN-0083712,2026-08-25,DXB-005,Dubai,CUST-07817,P013,USB Drive,Accessories,3,49.04,5,147.12,7.36,139.76,Cash,Online,2026,8,August,25,Tuesday,False,139.76,46.59
TXN-0083811,2026-08-25,DXB-003,Dubai,CUST-03274,P010,Printer,Office,1,706.03,15,706.03,105.9,600.13,Apple Pay,Store,2026,8,August,25,Tuesday,False,600.13,600.13
TXN-0083908,2026-08-25,DXB-003,Dubai,CUST-04998,P012,Pen Pack,Stationery,3,14.67,10,44.01,4.4,39.61,Apple Pay,Store,2026,8,August,25,Tuesday,False,39.61,13.2
TXN-0084015,2026-08-25,DXB-004,Dubai,CUST-01924,P015,Tablet,Electronics,1,1045.24,15,1045.24,156.79,888.45,Apple Pay,Store,2026,8,August,25,Tuesday,False,888.45,888.45
TXN-0084100,2026-08-25,DXB-003,Dubai,CUST-03706,P015,Tablet,Electronics,1,1113.79,10,1113.79,111.38,1002.41,Card,Store,2026,8,August,25,Tuesday,False,1002.41,1002.41
TXN-0084116,2026-08-25,DXB-001,Dubai,CUST-01916,P001,Laptop,Electronics,2,2997.34,5,5994.68,299.73,5694.95,Card,Store,2026,8,August,25,Tuesday,False,5694.95,2847.48
TXN-0084257,2026-08-25,DXB-005,Dubai,CUST-06571,P010,Printer,Office,2,714.83,0,1429.66,0.0,1429.66,Apple Pay,Store,2026,8,August,25,Tuesday,False,1429.66,714.83
TXN-0084351,2026-08-25,DXB-004,Dubai,CUST-00109,P001,Laptop,Electronics,1,3196.23,5,3196.23,159.81,3036.42,Card,Online,2026,8,August,25,Tuesday,False,3036.42,3036.42
TXN-0084413,2026-08-25,DXB-003,Dubai,CUST-00505,P010,Printer,Office,1,707.25,0,707.25,0.0,707.25,Card,Store,2026,8,August,25,Tuesday,False,707.25,707.25
TXN-0084450,2026-08-25,DXB-003,Dubai,CUST-05699,P012,Pen Pack,Stationery,5,15.5,10,77.5,7.75,69.75,Cash,Online,2026,8,August,25,Tuesday,False,69.75,13.95
TXN-0084458,2026-08-25,DXB-002,Dubai,CUST-03689,P014,Power Bank,Electronics,2,147.67,20,295.34,59.07,236.27,Card,Online,2026,8,August,25,Tuesday,False,236.27,118.14
TXN-0084574,2026-08-25,DXB-003,Dubai,CUST-03517,P011,Notebook,Stationery,2,25.48,5,50.96,2.55,48.41,Bank Transfer,Store,2026,8,August,25,Tuesday,False,48.41,24.2
TXN-0084657,2026-08-25,DXB-001,Dubai,CUST-06703,P011,Notebook,Stationery,2,26.01,10,52.02,5.2,46.82,Cash,Store,2026,8,August,25,Tuesday,False,46.82,23.41
TXN-0084693,2026-08-25,DXB-005,Dubai,CUST-01751,P013,USB Drive,Accessories,3,42.32,15,126.96,19.04,107.92,Bank Transfer,Store,2026,8,August,25,Tuesday,False,107.92,35.97
TXN-0084699,2026-08-25,DXB-002,Dubai,CUST-04308,P009,Backpack,Accessories,1,206.91,5,206.91,10.35,196.56,Card,Store,2026,8,August,25,Tuesday,False,196.56,196.56
TXN-0084724,2026-08-25,DXB-003,Dubai,CUST-06022,P003,Headphones,Electronics,1,356.6,5,356.6,17.83,338.77,Cash,Store,2026,8,August,25,Tuesday,False,338.77,338.77
TXN-0084763,2026-08-25,DXB-004,Dubai,CUST-05386,P004,Monitor,Electronics,2,895.47,0,1790.94,0.0,1790.94,Card,Online,2026,8,August,25,Tuesday,False,1790.94,895.47
TXN-0084851,2026-08-25,DXB-002,Dubai,CUST-03224,P014,Power Bank,Electronics,2,161.74,5,323.48,16.17,307.31,Cash,Online,2026,8,August,25,Tuesday,False,307.31,153.66
TXN-0084882,2026-08-25,DXB-001,Dubai,CUST-04059,P010,Printer,Office,2,645.71,5,1291.42,64.57,1226.85,Apple Pay,Store,2026,8,August,25,Tuesday,False,1226.85,613.42
TXN-0084897,2026-08-25,DXB-004,Dubai,CUST-07328,P012,Pen Pack,Stationery,1,15.06,5,15.06,0.75,14.31,Apple Pay,Online,2026,8,August,25,Tuesday,False,14.31,14.31
TXN-0084899,2026-08-25,DXB-004,Dubai,CUST-03983,P007,Office Chair,Furniture,1,653.11,0,653.11,0.0,653.11,Card,Online,2026,8,August,25,Tuesday,False,653.11,653.11
TXN-0084946,2026-08-25,DXB-002,Dubai,CUST-01146,P014,Power Bank,Electronics,5,158.63,0,793.15,0.0,793.15,Cash,Online,2026,8,August,25,Tuesday,False,793.15,158.63
TXN-0085044,2026-08-25,DXB-001,Dubai,CUST-07910,P008,Desk,Furniture,1,820.64,10,820.64,82.06,738.58,Card,Online,2026,8,August,25,Tuesday,False,738.58,738.58
TXN-0085081,2026-08-25,DXB-002,Dubai,CUST-03376,P011,Notebook,Stationery,1,25.35,15,25.35,3.8,21.55,Card,Store,2026,8,August,25,Tuesday,False,21.55,21.55
TXN-0085170,2026-08-25,DXB-004,Dubai,CUST-01737,P010,Printer,Office,2,728.73,10,1457.46,145.75,1311.71,Card,Store,2026,8,August,25,Tuesday,False,1311.71,655.86
TXN-0085247,2026-08-25,DXB-005,Dubai,CUST-04917,P005,Keyboard,Accessories,2,176.91,15,353.82,53.07,300.75,Card,Store,2026,8,August,25,Tuesday,False,300.75,150.38
TXN-0085261,2026-08-25,DXB-004,Dubai,CUST-01229,P004,Monitor,Electronics,2,961.57,0,1923.14,0.0,1923.14,Card,Online,2026,8,August,25,Tuesday,False,1923.14,961.57
TXN-0085309,2026-08-25,DXB-003,Dubai,CUST-02104,P012,Pen Pack,Stationery,4,15.31,10,61.24,6.12,55.12,Cash,Store,2026,8,August,25,Tuesday,False,55.12,13.78
TXN-0085322,2026-08-25,DXB-001,Dubai,CUST-00879,P014,Power Bank,Electronics,1,155.68,10,155.68,15.57,140.11,Card,Store,2026,8,August,25,Tuesday,False,140.11,140.11
TXN-0085332,2026-08-25,DXB-003,Dubai,CUST-05941,P005,Keyboard,Accessories,3,165.52,0,496.56,0.0,496.56,Apple Pay,Store,2026,8,August,25,Tuesday,False,496.56,165.52
TXN-0085343,2026-08-25,DXB-003,Dubai,CUST-00801,P013,USB Drive,Accessories,1,39.47,15,39.47,5.92,33.55,Apple Pay,Store,2026,8,August,25,Tuesday,False,33.55,33.55
TXN-0085355,2026-08-25,DXB-005,Dubai,CUST-02496,P008,Desk,Furniture,1,702.17,0,702.17,0.0,702.17,Apple Pay,Store,2026,8,August,25,Tuesday,False,702.17,702.17
TXN-0085527,2026-08-25,DXB-004,Dubai,CUST-07232,P014,Power Bank,Electronics,1,155.89,0,155.89,0.0,155.89,Card,Store,2026,8,August,25,Tuesday,False,155.89,155.89
TXN-0085533,2026-08-25,DXB-004,Dubai,CUST-00692,P009,Backpack,Accessories,2,215.99,10,431.98,43.2,388.78,Card,Store,2026,8,August,25,Tuesday,False,388.78,194.39
TXN-0085645,2026-08-25,DXB-003,Dubai,CUST-01515,P008,Desk,Furniture,2,826.06,5,1652.12,82.61,1569.51,Cash,Store,2026,8,August,25,Tuesday,False,1569.51,784.76
TXN-0085692,2026-08-25,DXB-003,Dubai,CUST-01152,P015,Tablet,Electronics,2,1161.81,0,2323.62,0.0,2323.62,Apple Pay,Store,2026,8,August,25,Tuesday,False,2323.62,1161.81
TXN-0085847,2026-08-25,DXB-002,Dubai,CUST-05808,P008,Desk,Furniture,1,724.95,15,724.95,108.74,616.21,Card,Store,2026,8,August,25,Tuesday,False,616.21,616.21
TXN-0085868,2026-08-25,DXB-002,Dubai,CUST-03485,P012,Pen Pack,Stationery,1,15.47,15,15.47,2.32,13.15,Apple Pay,Online,2026,8,August,25,Tuesday,False,13.15,13.15
TXN-0085899,2026-08-25,DXB-005,Dubai,CUST-01605,P006,Mouse,Accessories,2,105.8,15,211.6,31.74,179.86,Card,Store,2026,8,August,25,Tuesday,False,179.86,89.93
TXN-0085916,2026-08-25,DXB-003,Dubai,CUST-03019,P007,Office Chair,Furniture,1,628.98,0,628.98,0.0,628.98,Card,Store,2026,8,August,25,Tuesday,False,628.98,628.98
TXN-0085978,2026-08-25,DXB-002,Dubai,CUST-06682,P004,Monitor,Electronics,4,910.04,5,3640.16,182.01,3458.15,Card,Online,2026,8,August,25,Tuesday,False,3458.15,864.54
TXN-0086001,2026-08-25,DXB-001,Dubai,CUST-01146,P006,Mouse,Accessories,2,102.85,0,205.7,0.0,205.7,Apple Pay,Online,2026,8,August,25,Tuesday,False,205.7,102.85
TXN-0086156,2026-08-25,DXB-001,Dubai,CUST-04798,P004,Monitor,Electronics,1,823.04,10,823.04,82.3,740.74,Apple Pay,Store,2026,8,August,25,Tuesday,False,740.74,740.74
TXN-0086178,2026-08-25,DXB-002,Dubai,CUST-00842,P005,Keyboard,Accessories,2,204.17,5,408.34,20.42,387.92,Card,Store,2026,8,August,25,Tuesday,False,387.92,193.96
TXN-0086239,2026-08-25,DXB-004,Dubai,CUST-07068,P005,Keyboard,Accessories,3,183.15,5,549.45,27.47,521.98,Card,Online,2026,8,August,25,Tuesday,False,521.98,173.99
TXN-0086335,2026-08-25,DXB-002,Dubai,CUST-06949,P012,Pen Pack,Stationery,4,16.85,10,67.4,6.74,60.66,Card,Store,2026,8,August,25,Tuesday,False,60.66,15.16
TXN-0086388,2026-08-25,DXB-002,Dubai,CUST-05116,P012,Pen Pack,Stationery,5,15.69,10,78.45,7.84,70.61,Card,Store,2026,8,August,25,Tuesday,False,70.61,14.12
TXN-0086507,2026-08-25,DXB-003,Dubai,CUST-03602,P013,USB Drive,Accessories,2,44.03,0,88.06,0.0,88.06,Apple Pay,Store,2026,8,August,25,Tuesday,False,88.06,44.03
TXN-0086516,2026-08-25,DXB-001,Dubai,CUST-06769,P003,Headphones,Electronics,1,344.22,0,344.22,0.0,344.22,Bank Transfer,Online,2026,8,August,25,Tuesday,False,344.22,344.22
TXN-0086526,2026-08-25,DXB-002,Dubai,CUST-06913,P011,Notebook,Stationery,1,23.19,0,23.19,0.0,23.19,Cash,Online,2026,8,August,25,Tuesday,False,23.19,23.19
TXN-0086623,2026-08-25,DXB-002,Dubai,CUST-05785,P013,USB Drive,Accessories,1,38.82,5,38.82,1.94,36.88,Card,Online,2026,8,August,25,Tuesday,False,36.88,36.88
TXN-0086632,2026-08-25,DXB-005,Dubai,CUST-05782,P012,Pen Pack,Stationery,1,13.55,0,13.55,0.0,13.55,Card,Store,2026,8,August,25,Tuesday,False,13.55,13.55
TXN-0086707,2026-08-25,DXB-005,Dubai,CUST-07653,P004,Monitor,Electronics,3,980.6,20,2941.8,588.36,2353.44,Apple Pay,Store,2026,8,August,25,Tuesday,False,2353.44,784.48
TXN-0086725,2026-08-25,DXB-004,Dubai,CUST-05202,P003,Headphones,Electronics,2,352.63,5,705.26,35.26,670.0,Card,Online,2026,8,August,25,Tuesday,False,670.0,335.0
TXN-0086809,2026-08-25,DXB-002,Dubai,CUST-05594,P015,Tablet,Electronics,2,1229.05,10,2458.1,245.81,2212.29,Card,Store,2026,8,August,25,Tuesday,False,2212.29,1106.14
TXN-0086830,2026-08-25,DXB-002,Dubai,CUST-07802,P011,Notebook,Stationery,1,22.42,0,22.42,0.0,22.42,Cash,Store,2026,8,August,25,Tuesday,False,22.42,22.42
TXN-0086884,2026-08-25,DXB-004,Dubai,CUST-01746,P009,Backpack,Accessories,2,207.96,10,415.92,41.59,374.33,Card,Store,2026,8,August,25,Tuesday,False,374.33,187.16
TXN-0086903,2026-08-25,DXB-004,Dubai,CUST-06226,P010,Printer,Office,1,687.29,0,687.29,0.0,687.29,Bank Transfer,Store,2026,8,August,25,Tuesday,False,687.29,687.29
TXN-0086908,2026-08-25,DXB-001,Dubai,CUST-07211,P006,Mouse,Accessories,1,96.92,0,96.92,0.0,96.92,Apple Pay,Online,2026,8,August,25,Tuesday,False,96.92,96.92
TXN-0086973,2026-08-25,DXB-001,Dubai,CUST-07323,P014,Power Bank,Electronics,1,155.76,5,155.76,7.79,147.97,Cash,Store,2026,8,August,25,Tuesday,False,147.97,147.97
TXN-0087055,2026-08-25,DXB-002,Dubai,CUST-03507,P001,Laptop,Electronics,1,3104.06,0,3104.06,0.0,3104.06,Card,Store,2026,8,August,25,Tuesday,False,3104.06,3104.06
TXN-0087101,2026-08-25,DXB-005,Dubai,CUST-06670,P005,Keyboard,Accessories,1,182.85,15,182.85,27.43,155.42,Card,Store,2026,8,August,25,Tuesday,False,155.42,155.42
TXN-0087104,2026-08-25,DXB-002,Dubai,CUST-01612,P007,Office Chair,Furniture,1,676.63,15,676.63,101.49,575.14,Cash,Online,2026,8,August,25,Tuesday,False,575.14,575.14
TXN-0087149,2026-08-25,DXB-001,Dubai,CUST-06828,P006,Mouse,Accessories,5,106.03,5,530.15,26.51,503.64,Apple Pay,Store,2026,8,August,25,Tuesday,False,503.64,100.73
TXN-0087174,2026-08-25,DXB-002,Dubai,CUST-02930,P004,Monitor,Electronics,1,890.55,0,890.55,0.0,890.55,Card,Store,2026,8,August,25,Tuesday,False,890.55,890.55
TXN-0087242,2026-08-25,DXB-001,Dubai,CUST-01494,P007,Office Chair,Furniture,3,732.01,15,2196.03,329.4,1866.63,Card,Store,2026,8,August,25,Tuesday,False,1866.63,622.21
TXN-0087309,2026-08-25,DXB-002,Dubai,CUST-04065,P014,Power Bank,Electronics,1,152.14,5,152.14,7.61,144.53,Cash,Store,2026,8,August,25,Tuesday,False,144.53,144.53
TXN-0087363,2026-08-25,DXB-001,Dubai,CUST-00273,P005,Keyboard,Accessories,2,199.3,10,398.6,39.86,358.74,Cash,Store,2026,8,August,25,Tuesday,False,358.74,179.37
TXN-0087433,2026-08-25,DXB-002,Dubai,CUST-02617,P012,Pen Pack,Stationery,5,15.6,0,78.0,0.0,78.0,Card,Store,2026,8,August,25,Tuesday,False,78.0,15.6
TXN-0087460,2026-08-25,DXB-002,Dubai,CUST-06438,P003,Headphones,Electronics,1,318.57,0,318.57,0.0,318.57,Card,Store,2026,8,August,25,Tuesday,False,318.57,318.57
TXN-0087502,2026-08-25,DXB-004,Dubai,CUST-01776,P005,Keyboard,Accessories,3,189.01,5,567.03,28.35,538.68,Bank Transfer,Online,2026,8,August,25,Tuesday,False,538.68,179.56
TXN-0087527,2026-08-25,DXB-005,Dubai,CUST-00814,P010,Printer,Office,2,648.56,5,1297.12,64.86,1232.26,Card,Store,2026,8,August,25,Tuesday,False,1232.26,616.13
TXN-0087545,2026-08-25,DXB-001,Dubai,CUST-00559,P015,Tablet,Electronics,1,1158.1,10,1158.1,115.81,1042.29,Card,Store,2026,8,August,25,Tuesday,False,1042.29,1042.29
TXN-0087610,2026-08-25,DXB-002,Dubai,CUST-02751,P002,Smartphone,Electronics,1,1861.3,20,1861.3,372.26,1489.04,Card,Store,2026,8,August,25,Tuesday,False,1489.04,1489.04
TXN-0087684,2026-08-25,DXB-001,Dubai,CUST-06703,P008,Desk,Furniture,1,713.76,10,713.76,71.38,642.38,Card,Store,2026,8,August,25,Tuesday,False,642.38,642.38
TXN-0087757,2026-08-25,DXB-003,Dubai,CUST-00918,P011,Notebook,Stationery,2,23.25,5,46.5,2.33,44.17,Card,Online,2026,8,August,25,Tuesday,False,44.17,22.08
TXN-0087797,2026-08-25,DXB-003,Dubai,CUST-07418,P008,Desk,Furniture,1,788.18,20,788.18,157.64,630.54,Card,Online,2026,8,August,25,Tuesday,False,630.54,630.54
TXN-0087803,2026-08-25,DXB-005,Dubai,CUST-07679,P002,Smartphone,Electronics,2,1925.74,0,3851.48,0.0,3851.48,Bank Transfer,Store,2026,8,August,25,Tuesday,False,3851.48,1925.74
TXN-0087866,2026-08-25,DXB-002,Dubai,CUST-07834,P008,Desk,Furniture,1,813.0,10,813.0,81.3,731.7,Apple Pay,Store,2026,8,August,25,Tuesday,False,731.7,731.7
TXN-0087875,2026-08-25,DXB-005,Dubai,CUST-07546,P007,Office Chair,Furniture,1,693.47,10,693.47,69.35,624.12,Cash,Store,2026,8,August,25,Tuesday,False,624.12,624.12
TXN-0087888,2026-08-25,DXB-004,Dubai,CUST-07649,P013,USB Drive,Accessories,2,46.75,15,93.5,14.02,79.48,Card,Store,2026,8,August,25,Tuesday,False,79.48,39.74
TXN-0087913,2026-08-25,DXB-005,Dubai,CUST-01778,P005,Keyboard,Accessories,2,180.86,10,361.72,36.17,325.55,Apple Pay,Online,2026,8,August,25,Tuesday,False,325.55,162.78
TXN-0087917,2026-08-25,DXB-003,Dubai,CUST-05635,P007,Office Chair,Furniture,1,714.35,15,714.35,107.15,607.2,Card,Store,2026,8,August,25,Tuesday,False,607.2,607.2
TXN-0087927,2026-08-25,DXB-002,Dubai,CUST-04256,P008,Desk,Furniture,1,773.97,10,773.97,77.4,696.57,Card,Online,2026,8,August,25,Tuesday,False,696.57,696.57
TXN-0087947,2026-08-25,DXB-004,Dubai,CUST-03493,P014,Power Bank,Electronics,2,163.6,0,327.2,0.0,327.2,Card,Online,2026,8,August,25,Tuesday,False,327.2,163.6
TXN-0087951,2026-08-25,DXB-005,Dubai,CUST-00141,P005,Keyboard,Accessories,2,183.66,0,367.32,0.0,367.32,Card,Store,2026,8,August,25,Tuesday,False,367.32,183.66
TXN-0088016,2026-08-25,DXB-001,Dubai,CUST-05266,P014,Power Bank,Electronics,1,152.31,0,152.31,0.0,152.31,Apple Pay,Store,2026,8,August,25,Tuesday,False,152.31,152.31
TXN-0088025,2026-08-25,DXB-001,Dubai,CUST-00926,P008,Desk,Furniture,1,632.12,10,632.12,63.21,568.91,Card,Store,2026,8,August,25,Tuesday,False,568.91,568.91
TXN-0088037,2026-08-25,DXB-004,Dubai,CUST-06909,P002,Smartphone,Electronics,6,1950.74,10,11704.44,1170.44,10534.0,Apple Pay,Store,2026,8,August,25,Tuesday,False,10534.0,1755.67
TXN-0088068,2026-08-25,DXB-001,Dubai,CUST-00050,P006,Mouse,Accessories,1,102.14,0,102.14,0.0,102.14,Card,Store,2026,8,August,25,Tuesday,False,102.14,102.14
TXN-0088106,2026-08-25,DXB-001,Dubai,CUST-03882,P009,Backpack,Accessories,2,234.17,20,468.34,93.67,374.67,Apple Pay,Online,2026,8,August,25,Tuesday,False,374.67,187.34
TXN-0088221,2026-08-25,DXB-005,Dubai,CUST-02406,P011,Notebook,Stationery,1,26.25,5,26.25,1.31,24.94,Card,Online,2026,8,August,25,Tuesday,False,24.94,24.94
TXN-0088235,2026-08-25,DXB-002,Dubai,CUST-05182,P007,Office Chair,Furniture,2,592.0,10,1184.0,118.4,1065.6,Cash,Online,2026,8,August,25,Tuesday,False,1065.6,532.8
TXN-0088300,2026-08-25,DXB-003,Dubai,CUST-05617,P005,Keyboard,Accessories,4,182.76,20,731.04,146.21,584.83,Bank Transfer,Store,2026,8,August,25,Tuesday,False,584.83,146.21
TXN-0088339,2026-08-25,DXB-003,Dubai,CUST-02686,P014,Power Bank,Electronics,1,148.09,10,148.09,14.81,133.28,Cash,Store,2026,8,August,25,Tuesday,False,133.28,133.28
TXN-0088584,2026-08-25,DXB-002,Dubai,CUST-04043,P011,Notebook,Stationery,4,23.35,0,93.4,0.0,93.4,Card,Store,2026,8,August,25,Tuesday,False,93.4,23.35
TXN-0088599,2026-08-25,DXB-003,Dubai,CUST-02184,P015,Tablet,Electronics,1,1305.89,5,1305.89,65.29,1240.6,Card,Store,2026,8,August,25,Tuesday,False,1240.6,1240.6
TXN-0088652,2026-08-25,DXB-002,Dubai,CUST-01859,P011,Notebook,Stationery,2,24.82,15,49.64,7.45,42.19,Apple Pay,Online,2026,8,August,25,Tuesday,False,42.19,21.1
TXN-0088747,2026-08-25,DXB-003,Dubai,CUST-00451,P002,Smartphone,Electronics,2,1686.79,5,3373.58,168.68,3204.9,Card,Store,2026,8,August,25,Tuesday,False,3204.9,1602.45
TXN-0088787,2026-08-25,DXB-002,Dubai,CUST-06971,P014,Power Bank,Electronics,2,138.63,5,277.26,13.86,263.4,Card,Store,2026,8,August,25,Tuesday,False,263.4,131.7
TXN-0088842,2026-08-25,DXB-004,Dubai,CUST-02323,P008,Desk,Furniture,2,820.41,5,1640.82,82.04,1558.78,Card,Store,2026,8,August,25,Tuesday,False,1558.78,779.39
TXN-0088895,2026-08-25,DXB-002,Dubai,CUST-06311,P003,Headphones,Electronics,4,372.37,10,1489.48,148.95,1340.53,Cash,Store,2026,8,August,25,Tuesday,False,1340.53,335.13
TXN-0088964,2026-08-25,DXB-005,Dubai,CUST-04485,P012,Pen Pack,Stationery,3,15.63,5,46.89,2.34,44.55,Apple Pay,Store,2026,8,August,25,Tuesday,False,44.55,14.85
TXN-0089053,2026-08-25,DXB-001,Dubai,CUST-06263,P001,Laptop,Electronics,3,2715.19,20,8145.57,1629.11,6516.46,Card,Store,2026,8,August,25,Tuesday,False,6516.46,2172.15
TXN-0089131,2026-08-25,DXB-005,Dubai,CUST-03725,P013,USB Drive,Accessories,1,45.75,0,45.75,0.0,45.75,Card,Store,2026,8,August,25,Tuesday,False,45.75,45.75
TXN-0089133,2026-08-25,DXB-002,Dubai,CUST-03100,P013,USB Drive,Accessories,1,46.68,10,46.68,4.67,42.01,Card,Online,2026,8,August,25,Tuesday,False,42.01,42.01
TXN-0089339,2026-08-25,DXB-001,Dubai,CUST-03010,P015,Tablet,Electronics,1,1202.67,15,1202.67,180.4,1022.27,Card,Online,2026,8,August,25,Tuesday,False,1022.27,1022.27
TXN-0089358,2026-08-25,DXB-002,Dubai,CUST-02875,P010,Printer,Office,3,695.63,0,2086.89,0.0,2086.89,Card,Store,2026,8,August,25,Tuesday,False,2086.89,695.63
TXN-0089391,2026-08-25,DXB-003,Dubai,CUST-01873,P011,Notebook,Stationery,1,26.29,0,26.29,0.0,26.29,Card,Online,2026,8,August,25,Tuesday,False,26.29,26.29
TXN-0089393,2026-08-25,DXB-002,Dubai,CUST-02449,P013,USB Drive,Accessories,6,41.58,0,249.48,0.0,249.48,Card,Online,2026,8,August,25,Tuesday,False,249.48,41.58
TXN-0089443,2026-08-25,DXB-005,Dubai,CUST-07244,P005,Keyboard,Accessories,3,170.67,10,512.01,51.2,460.81,Apple Pay,Online,2026,8,August,25,Tuesday,False,460.81,153.6
TXN-0089480,2026-08-25,DXB-002,Dubai,CUST-05916,P011,Notebook,Stationery,1,24.43,0,24.43,0.0,24.43,Cash,Store,2026,8,August,25,Tuesday,False,24.43,24.43
TXN-0089544,2026-08-25,DXB-001,Dubai,CUST-03274,P014,Power Bank,Electronics,2,152.48,0,304.96,0.0,304.96,Bank Transfer,Store,2026,8,August,25,Tuesday,False,304.96,152.48
TXN-0089559,2026-08-25,DXB-003,Dubai,CUST-06282,P001,Laptop,Electronics,1,2981.13,10,2981.13,298.11,2683.02,Card,Online,2026,8,August,25,Tuesday,False,2683.02,2683.02
TXN-0089580,2026-08-25,DXB-002,Dubai,CUST-00828,P006,Mouse,Accessories,1,96.4,20,96.4,19.28,77.12,Card,Store,2026,8,August,25,Tuesday,False,77.12,77.12
TXN-0089608,2026-08-25,DXB-003,Dubai,CUST-07765,P003,Headphones,Electronics,1,353.09,0,353.09,0.0,353.09,Card,Store,2026,8,August,25,Tuesday,False,353.09,353.09
TXN-0089613,2026-08-25,DXB-002,Dubai,CUST-01864,P012,Pen Pack,Stationery,2,16.27,10,32.54,3.25,29.29,Bank Transfer,Store,2026,8,August,25,Tuesday,False,29.29,14.64
TXN-0089620,2026-08-25,DXB-005,Dubai,CUST-01068,P014,Power Bank,Electronics,3,170.82,15,512.46,76.87,435.59,Card,Store,2026,8,August,25,Tuesday,False,435.59,145.2
TXN-0089660,2026-08-25,DXB-001,Dubai,CUST-05611,P007,Office Chair,Furniture,1,625.66,15,625.66,93.85,531.81,Card,Store,2026,8,August,25,Tuesday,False,531.81,531.81
TXN-0089857,2026-08-25,DXB-005,Dubai,CUST-03569,P008,Desk,Furniture,3,785.83,0,2357.49,0.0,2357.49,Apple Pay,Store,2026,8,August,25,Tuesday,False,2357.49,785.83
TXN-0089917,2026-08-25,DXB-005,Dubai,CUST-00678,P011,Notebook,Stationery,5,28.95,5,144.75,7.24,137.51,Cash,Store,2026,8,August,25,Tuesday,False,137.51,27.5
TXN-0089937,2026-08-25,DXB-003,Dubai,CUST-07569,P005,Keyboard,Accessories,2,166.85,10,333.7,33.37,300.33,Card,Store,2026,8,August,25,Tuesday,False,300.33,150.16
TXN-0090048,2026-08-25,DXB-005,Dubai,CUST-05454,P006,Mouse,Accessories,3,104.64,10,313.92,31.39,282.53,Apple Pay,Store,2026,8,August,25,Tuesday,False,282.53,94.18
TXN-0090064,2026-08-25,DXB-003,Dubai,CUST-06708,P009,Backpack,Accessories,1,246.14,10,246.14,24.61,221.53,Cash,Store,2026,8,August,25,Tuesday,False,221.53,221.53
TXN-0090092,2026-08-25,DXB-005,Dubai,CUST-07101,P010,Printer,Office,1,704.56,10,704.56,70.46,634.1,Apple Pay,Store,2026,8,August,25,Tuesday,False,634.1,634.1
TXN-0090104,2026-08-25,DXB-004,Dubai,CUST-06862,P015,Tablet,Electronics,1,1124.87,5,1124.87,56.24,1068.63,Cash,Store,2026,8,August,25,Tuesday,False,1068.63,1068.63
TXN-0090211,2026-08-25,DXB-002,Dubai,CUST-01229,P007,Office Chair,Furniture,1,592.59,0,592.59,0.0,592.59,Card,Store,2026,8,August,25,Tuesday,False,592.59,592.59
TXN-0090214,2026-08-25,DXB-002,Dubai,CUST-05536,P008,Desk,Furniture,2,843.52,15,1687.04,253.06,1433.98,Card,Store,2026,8,August,25,Tuesday,False,1433.98,716.99
TXN-0090223,2026-08-25,DXB-005,Dubai,CUST-07394,P012,Pen Pack,Stationery,2,16.27,0,32.54,0.0,32.54,Card,Online,2026,8,August,25,Tuesday,False,32.54,16.27
TXN-0090240,2026-08-25,DXB-005,Dubai,CUST-02114,P006,Mouse,Accessories,3,95.2,0,285.6,0.0,285.6,Cash,Store,2026,8,August,25,Tuesday,False,285.6,95.2
TXN-0090247,2026-08-25,DXB-001,Dubai,CUST-05824,P004,Monitor,Electronics,3,963.05,10,2889.15,288.92,2600.23,Bank Transfer,Store,2026,8,August,25,Tuesday,False,2600.23,866.74
TXN-0090326,2026-08-25,DXB-004,Dubai,CUST-07763,P006,Mouse,Accessories,1,110.83,10,110.83,11.08,99.75,Card,Store,2026,8,August,25,Tuesday,False,99.75,99.75
TXN-0090375,2026-08-25,DXB-005,Dubai,CUST-04949,P013,USB Drive,Accessories,1,46.18,10,46.18,4.62,41.56,Card,Store,2026,8,August,25,Tuesday,False,41.56,41.56
TXN-0090443,2026-08-25,DXB-001,Dubai,CUST-01144,P011,Notebook,Stationery,5,25.71,10,128.55,12.86,115.69,Apple Pay,Store,2026,8,August,25,Tuesday,False,115.69,23.14
TXN-0090481,2026-08-25,DXB-004,Dubai,CUST-01941,P013,USB Drive,Accessories,1,48.63,0,48.63,0.0,48.63,Card,Store,2026,8,August,25,Tuesday,False,48.63,48.63
TXN-0090554,2026-08-25,DXB-001,Dubai,CUST-05004,P006,Mouse,Accessories,2,90.85,0,181.7,0.0,181.7,Card,Store,2026,8,August,25,Tuesday,False,181.7,90.85
TXN-0090638,2026-08-25,DXB-001,Dubai,CUST-03387,P001,Laptop,Electronics,1,2662.18,20,2662.18,532.44,2129.74,Apple Pay,Online,2026,8,August,25,Tuesday,False,2129.74,2129.74
TXN-0090741,2026-08-25,DXB-005,Dubai,CUST-05665,P001,Laptop,Electronics,5,2701.18,5,13505.9,675.3,12830.6,Card,Online,2026,8,August,25,Tuesday,False,12830.6,2566.12
TXN-0090786,2026-08-25,DXB-004,Dubai,CUST-07486,P010,Printer,Office,1,702.37,5,702.37,35.12,667.25,Card,Online,2026,8,August,25,Tuesday,False,667.25,667.25
TXN-0090867,2026-08-25,DXB-001,Dubai,CUST-03149,P010,Printer,Office,4,720.28,0,2881.12,0.0,2881.12,Apple Pay,Store,2026,8,August,25,Tuesday,False,2881.12,720.28
TXN-0090871,2026-08-25,DXB-002,Dubai,CUST-03296,P008,Desk,Furniture,1,828.39,10,828.39,82.84,745.55,Card,Store,2026,8,August,25,Tuesday,False,745.55,745.55
TXN-0090901,2026-08-25,DXB-001,Dubai,CUST-01093,P010,Printer,Office,1,742.67,10,742.67,74.27,668.4,Apple Pay,Store,2026,8,August,25,Tuesday,False,668.4,668.4
TXN-0091037,2026-08-25,DXB-001,Dubai,CUST-01063,P012,Pen Pack,Stationery,1,16.05,10,16.05,1.6,14.45,Card,Store,2026,8,August,25,Tuesday,False,14.45,14.45
TXN-0091049,2026-08-25,DXB-001,Dubai,CUST-04207,P011,Notebook,Stationery,1,26.34,0,26.34,0.0,26.34,Card,Store,2026,8,August,25,Tuesday,False,26.34,26.34
TXN-0091152,2026-08-25,DXB-005,Dubai,CUST-00772,P005,Keyboard,Accessories,1,188.17,15,188.17,28.23,159.94,Card,Store,2026,8,August,25,Tuesday,False,159.94,159.94
TXN-0091177,2026-08-25,DXB-001,Dubai,CUST-03874,P005,Keyboard,Accessories,1,162.85,0,162.85,0.0,162.85,Card,Online,2026,8,August,25,Tuesday,False,162.85,162.85
TXN-0091186,2026-08-25,DXB-002,Dubai,CUST-06669,P014,Power Bank,Electronics,1,155.05,10,155.05,15.5,139.55,Bank Transfer,Store,2026,8,August,25,Tuesday,False,139.55,139.55
TXN-0091217,2026-08-25,DXB-003,Dubai,CUST-06118,P006,Mouse,Accessories,1,93.99,10,93.99,9.4,84.59,Card,Store,2026,8,August,25,Tuesday,False,84.59,84.59
TXN-0091396,2026-08-25,DXB-001,Dubai,CUST-07934,P008,Desk,Furniture,1,803.45,0,803.45,0.0,803.45,Bank Transfer,Store,2026,8,August,25,Tuesday,False,803.45,803.45
TXN-0091529,2026-08-25,DXB-005,Dubai,CUST-04616,P012,Pen Pack,Stationery,2,14.16,5,28.32,1.42,26.9,Card,Store,2026,8,August,25,Tuesday,False,26.9,13.45
TXN-0091625,2026-08-25,DXB-003,Dubai,CUST-07098,P001,Laptop,Electronics,2,2875.53,10,5751.06,575.11,5175.95,Apple Pay,Store,2026,8,August,25,Tuesday,False,5175.95,2587.98
TXN-0091702,2026-08-25,DXB-002,Dubai,CUST-02301,P006,Mouse,Accessories,1,100.48,5,100.48,5.02,95.46,Card,Online,2026,8,August,25,Tuesday,False,95.46,95.46
TXN-0091744,2026-08-25,DXB-002,Dubai,CUST-07486,P001,Laptop,Electronics,1,2486.82,15,2486.82,373.02,2113.8,Apple Pay,Store,2026,8,August,25,Tuesday,False,2113.8,2113.8
TXN-0091778,2026-08-25,DXB-001,Dubai,CUST-07394,P010,Printer,Office,1,676.35,0,676.35,0.0,676.35,Card,Store,2026,8,August,25,Tuesday,False,676.35,676.35
TXN-0091846,2026-08-25,DXB-001,Dubai,CUST-06296,P005,Keyboard,Accessories,2,186.84,10,373.68,37.37,336.31,Apple Pay,Store,2026,8,August,25,Tuesday,False,336.31,168.16
TXN-0091870,2026-08-25,DXB-004,Dubai,CUST-00451,P012,Pen Pack,Stationery,1,15.16,5,15.16,0.76,14.4,Card,Store,2026,8,August,25,Tuesday,False,14.4,14.4
TXN-0091945,2026-08-25,DXB-005,Dubai,CUST-00749,P011,Notebook,Stationery,1,23.36,10,23.36,2.34,21.02,Apple Pay,Store,2026,8,August,25,Tuesday,False,21.02,21.02
TXN-0091965,2026-08-25,DXB-001,Dubai,CUST-00068,P013,USB Drive,Accessories,5,47.58,5,237.9,11.9,226.0,Cash,Store,2026,8,August,25,Tuesday,False,226.0,45.2
TXN-0092136,2026-08-25,DXB-001,Dubai,CUST-02378,P014,Power Bank,Electronics,1,150.42,5,150.42,7.52,142.9,Card,Store,2026,8,August,25,Tuesday,False,142.9,142.9
TXN-0092169,2026-08-25,DXB-003,Dubai,CUST-04419,P003,Headphones,Electronics,2,378.95,15,757.9,113.68,644.22,Cash,Online,2026,8,August,25,Tuesday,False,644.22,322.11
TXN-0092379,2026-08-25,DXB-001,Dubai,CUST-06381,P007,Office Chair,Furniture,1,644.49,5,644.49,32.22,612.27,Cash,Store,2026,8,August,25,Tuesday,False,612.27,612.27
TXN-0092393,2026-08-25,DXB-004,Dubai,CUST-06622,P013,USB Drive,Accessories,4,43.55,0,174.2,0.0,174.2,Card,Online,2026,8,August,25,Tuesday,False,174.2,43.55
TXN-0092407,2026-08-25,DXB-003,Dubai,CUST-06866,P007,Office Chair,Furniture,1,655.47,10,655.47,65.55,589.92,Card,Online,2026,8,August,25,Tuesday,False,589.92,589.92
TXN-0092428,2026-08-25,DXB-004,Dubai,CUST-06618,P006,Mouse,Accessories,1,102.21,0,102.21,0.0,102.21,Card,Store,2026,8,August,25,Tuesday,False,102.21,102.21
TXN-0092562,2026-08-25,DXB-003,Dubai,CUST-06694,P003,Headphones,Electronics,1,349.28,15,349.28,52.39,296.89,Card,Store,2026,8,August,25,Tuesday,False,296.89,296.89
TXN-0092587,2026-08-25,DXB-004,Dubai,CUST-00909,P001,Laptop,Electronics,4,2789.42,5,11157.68,557.88,10599.8,Cash,Online,2026,8,August,25,Tuesday,False,10599.8,2649.95
TXN-0092605,2026-08-25,DXB-001,Dubai,CUST-01166,P011,Notebook,Stationery,1,18.83,5,18.83,0.94,17.89,Cash,Store,2026,8,August,25,Tuesday,False,17.89,17.89
TXN-0092649,2026-08-25,DXB-002,Dubai,CUST-00437,P013,USB Drive,Accessories,1,51.47,0,51.47,0.0,51.47,Card,Store,2026,8,August,25,Tuesday,False,51.47,51.47
TXN-0092672,2026-08-25,DXB-004,Dubai,CUST-03771,P015,Tablet,Electronics,2,1209.12,5,2418.24,120.91,2297.33,Cash,Store,2026,8,August,25,Tuesday,False,2297.33,1148.66
TXN-0092693,2026-08-25,DXB-001,Dubai,CUST-02794,P011,Notebook,Stationery,1,25.88,10,25.88,2.59,23.29,Card,Store,2026,8,August,25,Tuesday,False,23.29,23.29
TXN-0092881,2026-08-25,DXB-003,Dubai,CUST-07511,P006,Mouse,Accessories,1,101.41,0,101.41,0.0,101.41,Card,Store,2026,8,August,25,Tuesday,False,101.41,101.41
TXN-0092997,2026-08-25,DXB-002,Dubai,CUST-03035,P004,Monitor,Electronics,1,926.87,5,926.87,46.34,880.53,Bank Transfer,Store,2026,8,August,25,Tuesday,False,880.53,880.53
TXN-0093038,2026-08-25,DXB-005,Dubai,CUST-06758,P007,Office Chair,Furniture,1,695.77,0,695.77,0.0,695.77,Card,Store,2026,8,August,25,Tuesday,False,695.77,695.77
TXN-0093116,2026-08-25,DXB-004,Dubai,CUST-03373,P015,Tablet,Electronics,1,1175.35,10,1175.35,117.54,1057.81,Card,Store,2026,8,August,25,Tuesday,False,1057.81,1057.81
TXN-0093193,2026-08-25,DXB-005,Dubai,CUST-05146,P004,Monitor,Electronics,5,945.59,0,4727.95,0.0,4727.95,Card,Store,2026,8,August,25,Tuesday,False,4727.95,945.59
TXN-0093317,2026-08-25,DXB-003,Dubai,CUST-05526,P009,Backpack,Accessories,1,187.94,10,187.94,18.79,169.15,Card,Online,2026,8,August,25,Tuesday,False,169.15,169.15
TXN-0093331,2026-08-25,DXB-004,Dubai,CUST-01562,P012,Pen Pack,Stationery,1,15.65,10,15.65,1.56,14.09,Cash,Online,2026,8,August,25,Tuesday,False,14.09,14.09
TXN-0093358,2026-08-25,DXB-001,Dubai,CUST-00773,P006,Mouse,Accessories,1,100.6,10,100.6,10.06,90.54,Cash,Store,2026,8,August,25,Tuesday,False,90.54,90.54
TXN-0093405,2026-08-25,DXB-003,Dubai,CUST-06681,P004,Monitor,Electronics,2,873.43,5,1746.86,87.34,1659.52,Bank Transfer,Store,2026,8,August,25,Tuesday,False,1659.52,829.76
TXN-0093519,2026-08-25,DXB-004,Dubai,CUST-02459,P010,Printer,Office,1,681.57,5,681.57,34.08,647.49,Cash,Store,2026,8,August,25,Tuesday,False,647.49,647.49
TXN-0093653,2026-08-25,DXB-003,Dubai,CUST-07002,P007,Office Chair,Furniture,1,711.61,5,711.61,35.58,676.03,Apple Pay,Store,2026,8,August,25,Tuesday,False,676.03,676.03
TXN-0093665,2026-08-25,DXB-003,Dubai,CUST-06223,P012,Pen Pack,Stationery,4,15.27,5,61.08,3.05,58.03,Card,Store,2026,8,August,25,Tuesday,False,58.03,14.51
TXN-0093692,2026-08-25,DXB-001,Dubai,CUST-00501,P005,Keyboard,Accessories,3,189.66,5,568.98,28.45,540.53,Apple Pay,Online,2026,8,August,25,Tuesday,False,540.53,180.18
TXN-0093750,2026-08-25,DXB-001,Dubai,CUST-01069,P014,Power Bank,Electronics,1,140.13,5,140.13,7.01,133.12,Apple Pay,Store,2026,8,August,25,Tuesday,False,133.12,133.12
TXN-0093765,2026-08-25,DXB-004,Dubai,CUST-04493,P001,Laptop,Electronics,2,2842.35,15,5684.7,852.7,4832.0,Bank Transfer,Store,2026,8,August,25,Tuesday,False,4832.0,2416.0
TXN-0093796,2026-08-25,DXB-005,Dubai,CUST-04273,P012,Pen Pack,Stationery,3,15.86,5,47.58,2.38,45.2,Apple Pay,Store,2026,8,August,25,Tuesday,False,45.2,15.07
TXN-0093823,2026-08-25,DXB-002,Dubai,CUST-02280,P011,Notebook,Stationery,1,24.87,0,24.87,0.0,24.87,Bank Transfer,Store,2026,8,August,25,Tuesday,False,24.87,24.87
TXN-0093854,2026-08-25,DXB-002,Dubai,CUST-02057,P009,Backpack,Accessories,1,235.36,0,235.36,0.0,235.36,Card,Store,2026,8,August,25,Tuesday,False,235.36,235.36
TXN-0093927,2026-08-25,DXB-002,Dubai,CUST-04136,P003,Headphones,Electronics,1,367.76,10,367.76,36.78,330.98,Card,Store,2026,8,August,25,Tuesday,False,330.98,330.98
TXN-0093998,2026-08-25,DXB-002,Dubai,CUST-02038,P006,Mouse,Accessories,1,100.74,0,100.74,0.0,100.74,Card,Store,2026,8,August,25,Tuesday,False,100.74,100.74
TXN-0094038,2026-08-25,DXB-003,Dubai,CUST-04603,P015,Tablet,Electronics,2,1099.23,10,2198.46,219.85,1978.61,Cash,Store,2026,8,August,25,Tuesday,False,1978.61,989.3
TXN-0094055,2026-08-25,DXB-005,Dubai,CUST-05350,P002,Smartphone,Electronics,3,1634.91,5,4904.73,245.24,4659.49,Card,Store,2026,8,August,25,Tuesday,False,4659.49,1553.16
TXN-0094167,2026-08-25,DXB-001,Dubai,CUST-03787,P005,Keyboard,Accessories,1,174.62,0,174.62,0.0,174.62,Bank Transfer,Online,2026,8,August,25,Tuesday,False,174.62,174.62
TXN-0094230,2026-08-25,DXB-002,Dubai,CUST-02033,P006,Mouse,Accessories,1,96.04,15,96.04,14.41,81.63,Bank Transfer,Store,2026,8,August,25,Tuesday,False,81.63,81.63
TXN-0094232,2026-08-25,DXB-001,Dubai,CUST-02576,P014,Power Bank,Electronics,1,144.74,0,144.74,0.0,144.74,Bank Transfer,Store,2026,8,August,25,Tuesday,False,144.74,144.74
TXN-0094233,2026-08-25,DXB-001,Dubai,CUST-01016,P008,Desk,Furniture,2,839.59,0,1679.18,0.0,1679.18,Card,Online,2026,8,August,25,Tuesday,False,1679.18,839.59
TXN-0094286,2026-08-25,DXB-002,Dubai,CUST-05860,P012,Pen Pack,Stationery,1,14.53,0,14.53,0.0,14.53,Card,Store,2026,8,August,25,Tuesday,False,14.53,14.53
TXN-0094419,2026-08-25,DXB-001,Dubai,CUST-04941,P005,Keyboard,Accessories,2,167.38,15,334.76,50.21,284.55,Card,Online,2026,8,August,25,Tuesday,False,284.55,142.28
TXN-0094426,2026-08-25,DXB-004,Dubai,CUST-01046,P009,Backpack,Accessories,6,233.64,5,1401.84,70.09,1331.75,Cash,Store,2026,8,August,25,Tuesday,False,1331.75,221.96
TXN-0094515,2026-08-25,DXB-005,Dubai,CUST-00918,P002,Smartphone,Electronics,1,1934.94,0,1934.94,0.0,1934.94,Apple Pay,Store,2026,8,August,25,Tuesday,False,1934.94,1934.94
TXN-0094576,2026-08-25,DXB-003,Dubai,CUST-06380,P004,Monitor,Electronics,2,923.7,5,1847.4,92.37,1755.03,Cash,Online,2026,8,August,25,Tuesday,False,1755.03,877.52
TXN-0094613,2026-08-25,DXB-004,Dubai,CUST-06431,P009,Backpack,Accessories,6,228.45,10,1370.7,137.07,1233.63,Card,Store,2026,8,August,25,Tuesday,False,1233.63,205.6
TXN-0094685,2026-08-25,DXB-005,Dubai,CUST-06084,P006,Mouse,Accessories,2,109.76,5,219.52,10.98,208.54,Card,Store,2026,8,August,25,Tuesday,False,208.54,104.27
TXN-0094766,2026-08-25,DXB-004,Dubai,CUST-04028,P006,Mouse,Accessories,1,97.64,15,97.64,14.65,82.99,Apple Pay,Online,2026,8,August,25,Tuesday,False,82.99,82.99
TXN-0094810,2026-08-25,DXB-001,Dubai,CUST-02023,P013,USB Drive,Accessories,4,41.45,10,165.8,16.58,149.22,Card,Store,2026,8,August,25,Tuesday,False,149.22,37.3
TXN-0094833,2026-08-25,DXB-001,Dubai,CUST-05138,P013,USB Drive,Accessories,3,45.41,5,136.23,6.81,129.42,Card,Store,2026,8,August,25,Tuesday,False,129.42,43.14
TXN-0094957,2026-08-25,DXB-003,Dubai,CUST-04108,P005,Keyboard,Accessories,2,189.61,10,379.22,37.92,341.3,Apple Pay,Online,2026,8,August,25,Tuesday,False,341.3,170.65
TXN-0094994,2026-08-25,DXB-002,Dubai,CUST-02799,P008,Desk,Furniture,1,814.99,0,814.99,0.0,814.99,Card,Online,2026,8,August,25,Tuesday,False,814.99,814.99
TXN-0095043,2026-08-25,DXB-001,Dubai,CUST-07435,P004,Monitor,Electronics,3,920.23,10,2760.69,276.07,2484.62,Card,Store,2026,8,August,25,Tuesday,False,2484.62,828.21
TXN-0095086,2026-08-25,DXB-003,Dubai,CUST-01008,P002,Smartphone,Electronics,3,1825.97,0,5477.91,0.0,5477.91,Card,Store,2026,8,August,25,Tuesday,False,5477.91,1825.97
TXN-0095108,2026-08-25,DXB-001,Dubai,CUST-01835,P012,Pen Pack,Stationery,1,15.35,20,15.35,3.07,12.28,Card,Store,2026,8,August,25,Tuesday,False,12.28,12.28
TXN-0095148,2026-08-25,DXB-002,Dubai,CUST-04185,P014,Power Bank,Electronics,2,175.52,5,351.04,17.55,333.49,Cash,Store,2026,8,August,25,Tuesday,False,333.49,166.74
TXN-0095215,2026-08-25,DXB-001,Dubai,CUST-05813,P014,Power Bank,Electronics,2,156.56,0,313.12,0.0,313.12,Card,Online,2026,8,August,25,Tuesday,False,313.12,156.56
TXN-0095263,2026-08-25,DXB-001,Dubai,CUST-04087,P009,Backpack,Accessories,1,233.8,10,233.8,23.38,210.42,Apple Pay,Store,2026,8,August,25,Tuesday,False,210.42,210.42
TXN-0095281,2026-08-25,DXB-004,Dubai,CUST-07921,P013,USB Drive,Accessories,1,46.73,0,46.73,0.0,46.73,Cash,Store,2026,8,August,25,Tuesday,False,46.73,46.73
TXN-0095361,2026-08-25,DXB-004,Dubai,CUST-04578,P002,Smartphone,Electronics,1,1828.15,5,1828.15,91.41,1736.74,Card,Store,2026,8,August,25,Tuesday,False,1736.74,1736.74
TXN-0095417,2026-08-25,DXB-001,Dubai,CUST-00312,P010,Printer,Office,2,687.74,5,1375.48,68.77,1306.71,Apple Pay,Store,2026,8,August,25,Tuesday,False,1306.71,653.36
TXN-0095556,2026-08-25,DXB-005,Dubai,CUST-06507,P013,USB Drive,Accessories,2,42.71,15,85.42,12.81,72.61,Card,Store,2026,8,August,25,Tuesday,False,72.61,36.3
TXN-0095576,2026-08-25,DXB-005,Dubai,CUST-02351,P010,Printer,Office,3,656.88,0,1970.64,0.0,1970.64,Card,Store,2026,8,August,25,Tuesday,False,1970.64,656.88
TXN-0095648,2026-08-25,DXB-004,Dubai,CUST-00578,P013,USB Drive,Accessories,1,36.25,5,36.25,1.81,34.44,Card,Store,2026,8,August,25,Tuesday,False,34.44,34.44
TXN-0095697,2026-08-25,DXB-003,Dubai,CUST-07743,P009,Backpack,Accessories,2,211.74,5,423.48,21.17,402.31,Card,Online,2026,8,August,25,Tuesday,False,402.31,201.16
TXN-0095742,2026-08-25,DXB-004,Dubai,CUST-07349,P001,Laptop,Electronics,4,2832.14,0,11328.56,0.0,11328.56,Apple Pay,Store,2026,8,August,25,Tuesday,False,11328.56,2832.14
TXN-0095769,2026-08-25,DXB-002,Dubai,CUST-01245,P009,Backpack,Accessories,2,223.53,10,447.06,44.71,402.35,Card,Store,2026,8,August,25,Tuesday,False,402.35,201.18
TXN-0095774,2026-08-25,DXB-004,Dubai,CUST-02066,P002,Smartphone,Electronics,4,1738.26,15,6953.04,1042.96,5910.08,Apple Pay,Online,2026,8,August,25,Tuesday,False,5910.08,1477.52
TXN-0095784,2026-08-25,DXB-003,Dubai,CUST-06119,P012,Pen Pack,Stationery,1,14.31,0,14.31,0.0,14.31,Bank Transfer,Store,2026,8,August,25,Tuesday,False,14.31,14.31
TXN-0095863,2026-08-25,DXB-004,Dubai,CUST-02380,P002,Smartphone,Electronics,2,1818.16,20,3636.32,727.26,2909.06,Card,Store,2026,8,August,25,Tuesday,False,2909.06,1454.53
TXN-0095879,2026-08-25,DXB-003,Dubai,CUST-05136,P012,Pen Pack,Stationery,2,14.65,10,29.3,2.93,26.37,Apple Pay,Online,2026,8,August,25,Tuesday,False,26.37,13.18
TXN-0096009,2026-08-25,DXB-002,Dubai,CUST-04121,P014,Power Bank,Electronics,4,161.69,15,646.76,97.01,549.75,Card,Store,2026,8,August,25,Tuesday,False,549.75,137.44
TXN-0096023,2026-08-25,DXB-004,Dubai,CUST-00174,P005,Keyboard,Accessories,1,174.34,5,174.34,8.72,165.62,Bank Transfer,Online,2026,8,August,25,Tuesday,False,165.62,165.62
TXN-0096199,2026-08-25,DXB-001,Dubai,CUST-01797,P014,Power Bank,Electronics,6,147.64,5,885.84,44.29,841.55,Card,Store,2026,8,August,25,Tuesday,False,841.55,140.26
TXN-0096212,2026-08-25,DXB-003,Dubai,CUST-05223,P012,Pen Pack,Stationery,1,16.26,0,16.26,0.0,16.26,Apple Pay,Store,2026,8,August,25,Tuesday,False,16.26,16.26
TXN-0096368,2026-08-25,DXB-005,Dubai,CUST-00272,P001,Laptop,Electronics,1,3104.44,15,3104.44,465.67,2638.77,Bank Transfer,Store,2026,8,August,25,Tuesday,False,2638.77,2638.77
TXN-0096438,2026-08-25,DXB-001,Dubai,CUST-06346,P015,Tablet,Electronics,1,1266.01,15,1266.01,189.9,1076.11,Card,Online,2026,8,August,25,Tuesday,False,1076.11,1076.11
TXN-0096546,2026-08-25,DXB-002,Dubai,CUST-04970,P013,USB Drive,Accessories,1,44.99,0,44.99,0.0,44.99,Cash,Store,2026,8,August,25,Tuesday,False,44.99,44.99
TXN-0096616,2026-08-25,DXB-004,Dubai,CUST-00671,P003,Headphones,Electronics,4,332.98,10,1331.92,133.19,1198.73,Card,Online,2026,8,August,25,Tuesday,False,1198.73,299.68
TXN-0096644,2026-08-25,DXB-005,Dubai,CUST-06373,P008,Desk,Furniture,1,846.87,5,846.87,42.34,804.53,Apple Pay,Store,2026,8,August,25,Tuesday,False,804.53,804.53
TXN-0096650,2026-08-25,DXB-005,Dubai,CUST-02815,P014,Power Bank,Electronics,3,151.38,5,454.14,22.71,431.43,Card,Store,2026,8,August,25,Tuesday,False,431.43,143.81
TXN-0096652,2026-08-25,DXB-001,Dubai,CUST-01770,P006,Mouse,Accessories,3,103.74,20,311.22,62.24,248.98,Bank Transfer,Store,2026,8,August,25,Tuesday,False,248.98,82.99
TXN-0096753,2026-08-25,DXB-001,Dubai,CUST-07263,P005,Keyboard,Accessories,3,173.48,15,520.44,78.07,442.37,Card,Store,2026,8,August,25,Tuesday,False,442.37,147.46
TXN-0096756,2026-08-25,DXB-001,Dubai,CUST-03315,P011,Notebook,Stationery,3,24.94,0,74.82,0.0,74.82,Apple Pay,Store,2026,8,August,25,Tuesday,False,74.82,24.94
TXN-0096840,2026-08-25,DXB-002,Dubai,CUST-06487,P013,USB Drive,Accessories,1,45.16,15,45.16,6.77,38.39,Card,Store,2026,8,August,25,Tuesday,False,38.39,38.39
TXN-0096879,2026-08-25,DXB-002,Dubai,CUST-05079,P015,Tablet,Electronics,2,1166.92,5,2333.84,116.69,2217.15,Bank Transfer,Store,2026,8,August,25,Tuesday,False,2217.15,1108.58
TXN-0096950,2026-08-25,DXB-004,Dubai,CUST-06232,P012,Pen Pack,Stationery,3,14.11,5,42.33,2.12,40.21,Bank Transfer,Online,2026,8,August,25,Tuesday,False,40.21,13.4
TXN-0096989,2026-08-25,DXB-003,Dubai,CUST-01240,P013,USB Drive,Accessories,1,42.63,10,42.63,4.26,38.37,Cash,Store,2026,8,August,25,Tuesday,False,38.37,38.37
TXN-0097014,2026-08-25,DXB-002,Dubai,CUST-02558,P006,Mouse,Accessories,4,101.47,0,405.88,0.0,405.88,Bank Transfer,Online,2026,8,August,25,Tuesday,False,405.88,101.47
TXN-0097286,2026-08-25,DXB-002,Dubai,CUST-01984,P001,Laptop,Electronics,2,2841.97,0,5683.94,0.0,5683.94,Apple Pay,Store,2026,8,August,25,Tuesday,False,5683.94,2841.97
TXN-0097301,2026-08-25,DXB-003,Dubai,CUST-06296,P011,Notebook,Stationery,1,25.24,5,25.24,1.26,23.98,Apple Pay,Store,2026,8,August,25,Tuesday,False,23.98,23.98
TXN-0097311,2026-08-25,DXB-002,Dubai,CUST-06632,P005,Keyboard,Accessories,3,172.24,0,516.72,0.0,516.72,Cash,Store,2026,8,August,25,Tuesday,False,516.72,172.24
TXN-0097440,2026-08-25,DXB-002,Dubai,CUST-04675,P014,Power Bank,Electronics,2,143.39,10,286.78,28.68,258.1,Apple Pay,Store,2026,8,August,25,Tuesday,False,258.1,129.05
TXN-0097523,2026-08-25,DXB-003,Dubai,CUST-05610,P015,Tablet,Electronics,2,1148.91,0,2297.82,0.0,2297.82,Cash,Store,2026,8,August,25,Tuesday,False,2297.82,1148.91
TXN-0097534,2026-08-25,DXB-002,Dubai,CUST-07326,P012,Pen Pack,Stationery,2,14.6,15,29.2,4.38,24.82,Card,Store,2026,8,August,25,Tuesday,False,24.82,12.41
TXN-0097673,2026-08-25,DXB-002,Dubai,CUST-05649,P015,Tablet,Electronics,1,1162.32,15,1162.32,174.35,987.97,Bank Transfer,Store,2026,8,August,25,Tuesday,False,987.97,987.97
TXN-0097773,2026-08-25,DXB-001,Dubai,CUST-05419,P014,Power Bank,Electronics,1,139.61,5,139.61,6.98,132.63,Cash,Online,2026,8,August,25,Tuesday,False,132.63,132.63
TXN-0097774,2026-08-25,DXB-001,Dubai,CUST-03388,P009,Backpack,Accessories,2,252.73,10,505.46,50.55,454.91,Card,Store,2026,8,August,25,Tuesday,False,454.91,227.46
TXN-0097777,2026-08-25,DXB-001,Dubai,CUST-02145,P010,Printer,Office,1,680.55,15,680.55,102.08,578.47,Apple Pay,Store,2026,8,August,25,Tuesday,False,578.47,578.47
TXN-0097809,2026-08-25,DXB-001,Dubai,CUST-06198,P002,Smartphone,Electronics,1,1928.74,5,1928.74,96.44,1832.3,Card,Store,2026,8,August,25,Tuesday,False,1832.3,1832.3
TXN-0097841,2026-08-25,DXB-003,Dubai,CUST-03583,P014,Power Bank,Electronics,1,141.81,0,141.81,0.0,141.81,Card,Store,2026,8,August,25,Tuesday,False,141.81,141.81
TXN-0097849,2026-08-25,DXB-004,Dubai,CUST-05618,P009,Backpack,Accessories,1,227.4,0,227.4,0.0,227.4,Bank Transfer,Store,2026,8,August,25,Tuesday,False,227.4,227.4
TXN-0097872,2026-08-25,DXB-003,Dubai,CUST-03160,P002,Smartphone,Electronics,2,1876.0,0,3752.0,0.0,3752.0,Card,Store,2026,8,August,25,Tuesday,False,3752.0,1876.0
TXN-0097891,2026-08-25,DXB-001,Dubai,CUST-07675,P010,Printer,Office,1,598.62,10,598.62,59.86,538.76,Apple Pay,Online,2026,8,August,25,Tuesday,False,538.76,538.76
TXN-0097894,2026-08-25,DXB-001,Dubai,CUST-05034,P015,Tablet,Electronics,2,1096.46,10,2192.92,219.29,1973.63,Card,Online,2026,8,August,25,Tuesday,False,1973.63,986.82
TXN-0098169,2026-08-25,DXB-001,Dubai,CUST-04508,P004,Monitor,Electronics,2,870.63,5,1741.26,87.06,1654.2,Cash,Online,2026,8,August,25,Tuesday,False,1654.2,827.1
TXN-0098186,2026-08-25,DXB-005,Dubai,CUST-06050,P014,Power Bank,Electronics,1,151.61,0,151.61,0.0,151.61,Card,Store,2026,8,August,25,Tuesday,False,151.61,151.61
TXN-0098193,2026-08-25,DXB-004,Dubai,CUST-03437,P009,Backpack,Accessories,1,182.83,10,182.83,18.28,164.55,Card,Store,2026,8,August,25,Tuesday,False,164.55,164.55
TXN-0098222,2026-08-25,DXB-003,Dubai,CUST-00973,P001,Laptop,Electronics,4,2920.91,10,11683.64,1168.36,10515.28,Apple Pay,Store,2026,8,August,25,Tuesday,False,10515.28,2628.82
TXN-0098258,2026-08-25,DXB-002,Dubai,CUST-04909,P012,Pen Pack,Stationery,2,13.82,5,27.64,1.38,26.26,Card,Store,2026,8,August,25,Tuesday,False,26.26,13.13
TXN-0098365,2026-08-25,DXB-005,Dubai,CUST-00138,P014,Power Bank,Electronics,1,159.66,15,159.66,23.95,135.71,Cash,Online,2026,8,August,25,Tuesday,False,135.71,135.71
TXN-0098386,2026-08-25,DXB-005,Dubai,CUST-04288,P003,Headphones,Electronics,1,358.59,10,358.59,35.86,322.73,Cash,Store,2026,8,August,25,Tuesday,False,322.73,322.73
TXN-0098390,2026-08-25,DXB-001,Dubai,CUST-00503,P009,Backpack,Accessories,1,196.86,10,196.86,19.69,177.17,Apple Pay,Online,2026,8,August,25,Tuesday,False,177.17,177.17
TXN-0098427,2026-08-25,DXB-005,Dubai,CUST-00611,P014,Power Bank,Electronics,1,146.97,0,146.97,0.0,146.97,Card,Store,2026,8,August,25,Tuesday,False,146.97,146.97
TXN-0098477,2026-08-25,DXB-001,Dubai,CUST-01878,P010,Printer,Office,3,688.89,5,2066.67,103.33,1963.34,Card,Store,2026,8,August,25,Tuesday,False,1963.34,654.45
TXN-0098600,2026-08-25,DXB-003,Dubai,CUST-01827,P006,Mouse,Accessories,2,91.2,0,182.4,0.0,182.4,Card,Store,2026,8,August,25,Tuesday,False,182.4,91.2
TXN-0098630,2026-08-25,DXB-002,Dubai,CUST-01152,P015,Tablet,Electronics,2,1233.77,5,2467.54,123.38,2344.16,Card,Store,2026,8,August,25,Tuesday,False,2344.16,1172.08
TXN-0098646,2026-08-25,DXB-002,Dubai,CUST-03842,P011,Notebook,Stationery,2,20.57,20,41.14,8.23,32.91,Card,Online,2026,8,August,25,Tuesday,False,32.91,16.45
TXN-0098652,2026-08-25,DXB-005,Dubai,CUST-01946,P012,Pen Pack,Stationery,2,14.29,0,28.58,0.0,28.58,Apple Pay,Store,2026,8,August,25,Tuesday,False,28.58,14.29
TXN-0098664,2026-08-25,DXB-001,Dubai,CUST-01249,P015,Tablet,Electronics,1,1070.9,5,1070.9,53.54,1017.36,Apple Pay,Store,2026,8,August,25,Tuesday,False,1017.36,1017.36
TXN-0098709,2026-08-25,DXB-001,Dubai,CUST-00194,P007,Office Chair,Furniture,1,735.06,0,735.06,0.0,735.06,Bank Transfer,Store,2026,8,August,25,Tuesday,False,735.06,735.06
TXN-0098768,2026-08-25,DXB-002,Dubai,CUST-06170,P011,Notebook,Stationery,1,25.56,5,25.56,1.28,24.28,Cash,Store,2026,8,August,25,Tuesday,False,24.28,24.28
TXN-0098892,2026-08-25,DXB-004,Dubai,CUST-03085,P007,Office Chair,Furniture,1,701.14,5,701.14,35.06,666.08,Apple Pay,Online,2026,8,August,25,Tuesday,False,666.08,666.08
TXN-0098950,2026-08-25,DXB-004,Dubai,CUST-03206,P009,Backpack,Accessories,1,217.84,10,217.84,21.78,196.06,Card,Online,2026,8,August,25,Tuesday,False,196.06,196.06
TXN-0098977,2026-08-25,DXB-003,Dubai,CUST-04362,P014,Power Bank,Electronics,1,142.98,10,142.98,14.3,128.68,Card,Store,2026,8,August,25,Tuesday,False,128.68,128.68
TXN-0099002,2026-08-25,DXB-005,Dubai,CUST-07983,P015,Tablet,Electronics,1,1170.71,15,1170.71,175.61,995.1,Card,Store,2026,8,August,25,Tuesday,False,995.1,995.1
TXN-0099024,2026-08-25,DXB-003,Dubai,CUST-00291,P005,Keyboard,Accessories,2,183.77,5,367.54,18.38,349.16,Bank Transfer,Online,2026,8,August,25,Tuesday,False,349.16,174.58
TXN-0099029,2026-08-25,DXB-001,Dubai,CUST-00909,P015,Tablet,Electronics,2,1243.08,10,2486.16,248.62,2237.54,Card,Store,2026,8,August,25,Tuesday,False,2237.54,1118.77
TXN-0099044,2026-08-25,DXB-004,Dubai,CUST-05834,P012,Pen Pack,Stationery,5,14.96,5,74.8,3.74,71.06,Bank Transfer,Store,2026,8,August,25,Tuesday,False,71.06,14.21
TXN-0099053,2026-08-25,DXB-005,Dubai,CUST-01758,P001,Laptop,Electronics,1,2838.58,0,2838.58,0.0,2838.58,Card,Store,2026,8,August,25,Tuesday,False,2838.58,2838.58
TXN-0099127,2026-08-25,DXB-004,Dubai,CUST-06073,P011,Notebook,Stationery,1,24.93,5,24.93,1.25,23.68,Card,Online,2026,8,August,25,Tuesday,False,23.68,23.68
TXN-0099187,2026-08-25,DXB-005,Dubai,CUST-03877,P012,Pen Pack,Stationery,1,15.97,5,15.97,0.8,15.17,Cash,Store,2026,8,August,25,Tuesday,False,15.17,15.17
TXN-0099235,2026-08-25,DXB-003,Dubai,CUST-06204,P001,Laptop,Electronics,1,2805.33,5,2805.33,140.27,2665.06,Apple Pay,Store,2026,8,August,25,Tuesday,False,2665.06,2665.06
TXN-0099249,2026-08-25,DXB-004,Dubai,CUST-05498,P007,Office Chair,Furniture,2,600.2,5,1200.4,60.02,1140.38,Card,Online,2026,8,August,25,Tuesday,False,1140.38,570.19
TXN-0099373,2026-08-25,DXB-003,Dubai,CUST-05219,P014,Power Bank,Electronics,1,141.54,10,141.54,14.15,127.39,Apple Pay,Online,2026,8,August,25,Tuesday,False,127.39,127.39
TXN-0099421,2026-08-25,DXB-005,Dubai,CUST-03290,P009,Backpack,Accessories,1,220.52,0,220.52,0.0,220.52,Apple Pay,Online,2026,8,August,25,Tuesday,False,220.52,220.52
TXN-0099561,2026-08-25,DXB-003,Dubai,CUST-00063,P013,USB Drive,Accessories,4,42.75,10,171.0,17.1,153.9,Card,Store,2026,8,August,25,Tuesday,False,153.9,38.48
TXN-0099666,2026-08-25,DXB-005,Dubai,CUST-05904,P001,Laptop,Electronics,1,2997.96,10,2997.96,299.8,2698.16,Cash,Online,2026,8,August,25,Tuesday,False,2698.16,2698.16
TXN-0099668,2026-08-25,DXB-003,Dubai,CUST-03919,P001,Laptop,Electronics,1,2927.58,10,2927.58,292.76,2634.82,Bank Transfer,Store,2026,8,August,25,Tuesday,False,2634.82,2634.82
TXN-0099733,2026-08-25,DXB-004,Dubai,CUST-05385,P005,Keyboard,Accessories,1,188.36,0,188.36,0.0,188.36,Card,Store,2026,8,August,25,Tuesday,False,188.36,188.36
TXN-0099734,2026-08-25,DXB-001,Dubai,CUST-04384,P011,Notebook,Stationery,3,25.01,0,75.03,0.0,75.03,Card,Store,2026,8,August,25,Tuesday,False,75.03,25.01
TXN-0099753,2026-08-25,DXB-003,Dubai,CUST-07505,P008,Desk,Furniture,1,730.23,0,730.23,0.0,730.23,Apple Pay,Online,2026,8,August,25,Tuesday,False,730.23,730.23
TXN-0099842,2026-08-25,DXB-003,Dubai,CUST-02277,P012,Pen Pack,Stationery,3,14.41,0,43.23,0.0,43.23,Card,Store,2026,8,August,25,Tuesday,False,43.23,14.41
TXN-0099855,2026-08-25,DXB-001,Dubai,CUST-04623,P008,Desk,Furniture,1,809.51,0,809.51,0.0,809.51,Cash,Store,2026,8,August,25,Tuesday,False,809.51,809.51
TXN-0099889,2026-08-25,DXB-005,Dubai,CUST-01408,P001,Laptop,Electronics,4,3054.2,5,12216.8,610.84,11605.96,Bank Transfer,Online,2026,8,August,25,Tuesday,False,11605.96,2901.49
TXN-0100027,2026-08-25,DXB-004,Dubai,CUST-02233,P001,Laptop,Electronics,1,2665.33,0,2665.33,0.0,2665.33,Cash,Online,2026,8,August,25,Tuesday,False,2665.33,2665.33
TXN-0100060,2026-08-25,DXB-005,Dubai,CUST-00435,P002,Smartphone,Electronics,3,1835.9,0,5507.7,0.0,5507.7,Card,Store,2026,8,August,25,Tuesday,False,5507.7,1835.9
TXN-0100078,2026-08-25,DXB-002,Dubai,CUST-01160,P010,Printer,Office,1,747.43,0,747.43,0.0,747.43,Card,Online,2026,8,August,25,Tuesday,False,747.43,747.43
TXN-0100205,2026-08-25,DXB-001,Dubai,CUST-02355,P002,Smartphone,Electronics,4,1953.82,0,7815.28,0.0,7815.28,Card,Online,2026,8,August,25,Tuesday,False,7815.28,1953.82
TXN-0100263,2026-08-25,DXB-001,Dubai,CUST-02342,P002,Smartphone,Electronics,1,1729.84,0,1729.84,0.0,1729.84,Card,Store,2026,8,August,25,Tuesday,False,1729.84,1729.84
TXN-0100265,2026-08-25,DXB-003,Dubai,CUST-05794,P008,Desk,Furniture,1,781.39,20,781.39,156.28,625.11,Cash,Store,2026,8,August,25,Tuesday,False,625.11,625.11
TXN-0100323,2026-08-25,DXB-002,Dubai,CUST-04658,P001,Laptop,Electronics,1,2703.39,5,2703.39,135.17,2568.22,Cash,Store,2026,8,August,25,Tuesday,False,2568.22,2568.22
TXN-0100326,2026-08-25,DXB-005,Dubai,CUST-04730,P012,Pen Pack,Stationery,1,15.04,5,15.04,0.75,14.29,Card,Online,2026,8,August,25,Tuesday,False,14.29,14.29
TXN-0100344,2026-08-25,DXB-003,Dubai,CUST-07027,P013,USB Drive,Accessories,2,44.94,15,89.88,13.48,76.4,Apple Pay,Store,2026,8,August,25,Tuesday,False,76.4,38.2
TXN-0100375,2026-08-25,DXB-002,Dubai,CUST-01555,P007,Office Chair,Furniture,2,646.09,0,1292.18,0.0,1292.18,Apple Pay,Online,2026,8,August,25,Tuesday,False,1292.18,646.09
TXN-0100407,2026-08-25,DXB-002,Dubai,CUST-02165,P001,Laptop,Electronics,1,2835.24,5,2835.24,141.76,2693.48,Apple Pay,Store,2026,8,August,25,Tuesday,False,2693.48,2693.48
TXN-0100544,2026-08-25,DXB-004,Dubai,CUST-04237,P011,Notebook,Stationery,1,24.12,5,24.12,1.21,22.91,Card,Store,2026,8,August,25,Tuesday,False,22.91,22.91
TXN-0100631,2026-08-25,DXB-005,Dubai,CUST-03668,P006,Mouse,Accessories,2,98.84,0,197.68,0.0,197.68,Apple Pay,Store,2026,8,August,25,Tuesday,False,197.68,98.84
TXN-0100743,2026-08-25,DXB-002,Dubai,CUST-00904,P004,Monitor,Electronics,1,858.14,10,858.14,85.81,772.33,Apple Pay,Store,2026,8,August,25,Tuesday,False,772.33,772.33
TXN-0100801,2026-08-25,DXB-004,Dubai,CUST-04597,P012,Pen Pack,Stationery,2,16.19,5,32.38,1.62,30.76,Card,Store,2026,8,August,25,Tuesday,False,30.76,15.38
TXN-0100908,2026-08-25,DXB-004,Dubai,CUST-00287,P010,Printer,Office,6,762.34,10,4574.04,457.4,4116.64,Apple Pay,Online,2026,8,August,25,Tuesday,False,4116.64,686.11
TXN-0101018,2026-08-25,DXB-003,Dubai,CUST-03357,P004,Monitor,Electronics,6,933.91,0,5603.46,0.0,5603.46,Card,Store,2026,8,August,25,Tuesday,False,5603.46,933.91
TXN-0101037,2026-08-25,DXB-004,Dubai,CUST-07981,P014,Power Bank,Electronics,2,147.82,0,295.64,0.0,295.64,Cash,Store,2026,8,August,25,Tuesday,False,295.64,147.82
TXN-0101120,2026-08-25,DXB-005,Dubai,CUST-01529,P014,Power Bank,Electronics,3,145.78,0,437.34,0.0,437.34,Apple Pay,Store,2026,8,August,25,Tuesday,False,437.34,145.78
TXN-0101139,2026-08-25,DXB-003,Dubai,CUST-07932,P007,Office Chair,Furniture,1,592.28,10,592.28,59.23,533.05,Card,Store,2026,8,August,25,Tuesday,False,533.05,533.05
TXN-0101227,2026-08-25,DXB-001,Dubai,CUST-02186,P012,Pen Pack,Stationery,1,15.29,0,15.29,0.0,15.29,Cash,Store,2026,8,August,25,Tuesday,False,15.29,15.29
TXN-0101313,2026-08-25,DXB-005,Dubai,CUST-07215,P012,Pen Pack,Stationery,2,15.06,10,30.12,3.01,27.11,Card,Online,2026,8,August,25,Tuesday,False,27.11,13.56
TXN-0101400,2026-08-25,DXB-003,Dubai,CUST-07134,P015,Tablet,Electronics,3,1206.18,15,3618.54,542.78,3075.76,Card,Store,2026,8,August,25,Tuesday,False,3075.76,1025.25
TXN-0101411,2026-08-25,DXB-002,Dubai,CUST-00411,P009,Backpack,Accessories,1,222.33,0,222.33,0.0,222.33,Cash,Store,2026,8,August,25,Tuesday,False,222.33,222.33
TXN-0101488,2026-08-25,DXB-001,Dubai,CUST-04879,P009,Backpack,Accessories,3,223.1,10,669.3,66.93,602.37,Cash,Store,2026,8,August,25,Tuesday,False,602.37,200.79
TXN-0101545,2026-08-25,DXB-001,Dubai,CUST-02486,P011,Notebook,Stationery,2,24.14,0,48.28,0.0,48.28,Card,Online,2026,8,August,25,Tuesday,False,48.28,24.14
TXN-0101710,2026-08-25,DXB-004,Dubai,CUST-03485,P013,USB Drive,Accessories,1,46.55,15,46.55,6.98,39.57,Card,Store,2026,8,August,25,Tuesday,False,39.57,39.57
TXN-0101732,2026-08-25,DXB-001,Dubai,CUST-07699,P014,Power Bank,Electronics,1,152.57,15,152.57,22.89,129.68,Cash,Store,2026,8,August,25,Tuesday,False,129.68,129.68
TXN-0101762,2026-08-25,DXB-005,Dubai,CUST-04992,P003,Headphones,Electronics,4,352.89,10,1411.56,141.16,1270.4,Apple Pay,Store,2026,8,August,25,Tuesday,False,1270.4,317.6
TXN-0101773,2026-08-25,DXB-003,Dubai,CUST-00871,P011,Notebook,Stationery,1,23.52,5,23.52,1.18,22.34,Cash,Store,2026,8,August,25,Tuesday,False,22.34,22.34
TXN-0101866,2026-08-25,DXB-004,Dubai,CUST-05556,P004,Monitor,Electronics,4,935.3,0,3741.2,0.0,3741.2,Card,Online,2026,8,August,25,Tuesday,False,3741.2,935.3
TXN-0101949,2026-08-25,DXB-001,Dubai,CUST-04811,P015,Tablet,Electronics,1,1172.98,5,1172.98,58.65,1114.33,Card,Online,2026,8,August,25,Tuesday,False,1114.33,1114.33
TXN-0102016,2026-08-25,DXB-001,Dubai,CUST-02700,P012,Pen Pack,Stationery,1,15.66,5,15.66,0.78,14.88,Apple Pay,Store,2026,8,August,25,Tuesday,False,14.88,14.88
TXN-0102017,2026-08-25,DXB-001,Dubai,CUST-00949,P015,Tablet,Electronics,1,1199.32,0,1199.32,0.0,1199.32,Card,Online,2026,8,August,25,Tuesday,False,1199.32,1199.32
TXN-0102051,2026-08-25,DXB-001,Dubai,CUST-06999,P009,Backpack,Accessories,2,222.45,10,444.9,44.49,400.41,Apple Pay,Store,2026,8,August,25,Tuesday,False,400.41,200.2
TXN-0102076,2026-08-25,DXB-005,Dubai,CUST-04583,P013,USB Drive,Accessories,2,46.25,0,92.5,0.0,92.5,Card,Store,2026,8,August,25,Tuesday,False,92.5,46.25
TXN-0102078,2026-08-25,DXB-001,Dubai,CUST-07005,P013,USB Drive,Accessories,1,44.25,5,44.25,2.21,42.04,Card,Store,2026,8,August,25,Tuesday,False,42.04,42.04
TXN-0102274,2026-08-25,DXB-001,Dubai,CUST-01978,P008,Desk,Furniture,1,834.14,0,834.14,0.0,834.14,Card,Store,2026,8,August,25,Tuesday,False,834.14,834.14
TXN-0102308,2026-08-25,DXB-005,Dubai,CUST-02214,P010,Printer,Office,2,734.63,0,1469.26,0.0,1469.26,Card,Online,2026,8,August,25,Tuesday,False,1469.26,734.63
TXN-0102310,2026-08-25,DXB-001,Dubai,CUST-05432,P014,Power Bank,Electronics,2,159.82,0,319.64,0.0,319.64,Cash,Store,2026,8,August,25,Tuesday,False,319.64,159.82
TXN-0102312,2026-08-25,DXB-002,Dubai,CUST-05669,P013,USB Drive,Accessories,2,42.33,10,84.66,8.47,76.19,Cash,Store,2026,8,August,25,Tuesday,False,76.19,38.1
TXN-0102357,2026-08-25,DXB-005,Dubai,CUST-00015,P015,Tablet,Electronics,5,1190.93,5,5954.65,297.73,5656.92,Bank Transfer,Store,2026,8,August,25,Tuesday,False,5656.92,1131.38
TXN-0102420,2026-08-25,DXB-003,Dubai,CUST-04687,P005,Keyboard,Accessories,2,181.02,0,362.04,0.0,362.04,Bank Transfer,Online,2026,8,August,25,Tuesday,False,362.04,181.02
TXN-0102429,2026-08-25,DXB-004,Dubai,CUST-02495,P015,Tablet,Electronics,1,1223.28,0,1223.28,0.0,1223.28,Apple Pay,Store,2026,8,August,25,Tuesday,False,1223.28,1223.28
TXN-0102594,2026-08-25,DXB-001,Dubai,CUST-02088,P015,Tablet,Electronics,3,1043.8,15,3131.4,469.71,2661.69,Bank Transfer,Store,2026,8,August,25,Tuesday,False,2661.69,887.23
TXN-0102629,2026-08-25,DXB-002,Dubai,CUST-07339,P006,Mouse,Accessories,2,92.02,10,184.04,18.4,165.64,Apple Pay,Store,2026,8,August,25,Tuesday,False,165.64,82.82
TXN-0102662,2026-08-25,DXB-004,Dubai,CUST-07939,P003,Headphones,Electronics,3,332.31,0,996.93,0.0,996.93,Apple Pay,Online,2026,8,August,25,Tuesday,False,996.93,332.31
TXN-0102741,2026-08-25,DXB-001,Dubai,CUST-03906,P004,Monitor,Electronics,4,914.82,5,3659.28,182.96,3476.32,Card,Online,2026,8,August,25,Tuesday,False,3476.32,869.08
TXN-0102760,2026-08-25,DXB-004,Dubai,CUST-07684,P010,Printer,Office,1,744.43,10,744.43,74.44,669.99,Apple Pay,Online,2026,8,August,25,Tuesday,False,669.99,669.99
TXN-0102807,2026-08-25,DXB-004,Dubai,CUST-00307,P010,Printer,Office,2,762.44,0,1524.88,0.0,1524.88,Card,Store,2026,8,August,25,Tuesday,False,1524.88,762.44
TXN-0102812,2026-08-25,DXB-002,Dubai,CUST-03272,P007,Office Chair,Furniture,1,677.86,0,677.86,0.0,677.86,Cash,Online,2026,8,August,25,Tuesday,False,677.86,677.86
TXN-0102889,2026-08-25,DXB-002,Dubai,CUST-02329,P004,Monitor,Electronics,1,884.39,10,884.39,88.44,795.95,Card,Store,2026,8,August,25,Tuesday,False,795.95,795.95
TXN-0102948,2026-08-25,DXB-005,Dubai,CUST-04907,P010,Printer,Office,1,682.92,15,682.92,102.44,580.48,Apple Pay,Online,2026,8,August,25,Tuesday,False,580.48,580.48
TXN-0103033,2026-08-25,DXB-001,Dubai,CUST-02369,P005,Keyboard,Accessories,1,192.63,15,192.63,28.89,163.74,Apple Pay,Store,2026,8,August,25,Tuesday,False,163.74,163.74
TXN-0103056,2026-08-25,DXB-003,Dubai,CUST-02909,P013,USB Drive,Accessories,1,44.72,0,44.72,0.0,44.72,Cash,Store,2026,8,August,25,Tuesday,False,44.72,44.72
TXN-0103104,2026-08-25,DXB-001,Dubai,CUST-07339,P012,Pen Pack,Stationery,1,15.71,20,15.71,3.14,12.57,Bank Transfer,Store,2026,8,August,25,Tuesday,False,12.57,12.57
TXN-0103144,2026-08-25,DXB-002,Dubai,CUST-06291,P003,Headphones,Electronics,4,346.93,0,1387.72,0.0,1387.72,Card,Store,2026,8,August,25,Tuesday,False,1387.72,346.93
TXN-0103164,2026-08-25,DXB-005,Dubai,CUST-06852,P004,Monitor,Electronics,5,953.82,15,4769.1,715.36,4053.74,Card,Store,2026,8,August,25,Tuesday,False,4053.74,810.75
TXN-0103183,2026-08-25,DXB-001,Dubai,CUST-04861,P012,Pen Pack,Stationery,1,15.01,5,15.01,0.75,14.26,Card,Store,2026,8,August,25,Tuesday,False,14.26,14.26
TXN-0103260,2026-08-25,DXB-002,Dubai,CUST-06379,P004,Monitor,Electronics,2,866.86,0,1733.72,0.0,1733.72,Cash,Online,2026,8,August,25,Tuesday,False,1733.72,866.86
TXN-0103282,2026-08-25,DXB-003,Dubai,CUST-04689,P001,Laptop,Electronics,1,2796.6,10,2796.6,279.66,2516.94,Card,Store,2026,8,August,25,Tuesday,False,2516.94,2516.94
TXN-0103430,2026-08-25,DXB-002,Dubai,CUST-00445,P001,Laptop,Electronics,2,3051.32,5,6102.64,305.13,5797.51,Apple Pay,Store,2026,8,August,25,Tuesday,False,5797.51,2898.76
TXN-0103476,2026-08-25,DXB-002,Dubai,CUST-02346,P001,Laptop,Electronics,2,3029.85,10,6059.7,605.97,5453.73,Apple Pay,Online,2026,8,August,25,Tuesday,False,5453.73,2726.86
TXN-0103559,2026-08-25,DXB-004,Dubai,CUST-00192,P002,Smartphone,Electronics,2,1897.33,5,3794.66,189.73,3604.93,Apple Pay,Store,2026,8,August,25,Tuesday,False,3604.93,1802.46
TXN-0103566,2026-08-25,DXB-005,Dubai,CUST-05473,P009,Backpack,Accessories,1,200.29,10,200.29,20.03,180.26,Card,Store,2026,8,August,25,Tuesday,False,180.26,180.26
TXN-0103649,2026-08-25,DXB-004,Dubai,CUST-06753,P004,Monitor,Electronics,2,884.16,10,1768.32,176.83,1591.49,Apple Pay,Store,2026,8,August,25,Tuesday,False,1591.49,795.74
TXN-0103684,2026-08-25,DXB-001,Dubai,CUST-02268,P001,Laptop,Electronics,1,2749.39,15,2749.39,412.41,2336.98,Card,Online,2026,8,August,25,Tuesday,False,2336.98,2336.98
TXN-0103700,2026-08-25,DXB-001,Dubai,CUST-06342,P014,Power Bank,Electronics,1,163.85,0,163.85,0.0,163.85,Card,Store,2026,8,August,25,Tuesday,False,163.85,163.85
TXN-0103716,2026-08-25,DXB-004,Dubai,CUST-05597,P004,Monitor,Electronics,1,891.47,10,891.47,89.15,802.32,Cash,Store,2026,8,August,25,Tuesday,False,802.32,802.32
TXN-0103794,2026-08-25,DXB-002,Dubai,CUST-00286,P009,Backpack,Accessories,1,187.91,20,187.91,37.58,150.33,Cash,Online,2026,8,August,25,Tuesday,False,150.33,150.33
TXN-0103796,2026-08-25,DXB-005,Dubai,CUST-01215,P015,Tablet,Electronics,2,1215.8,10,2431.6,243.16,2188.44,Cash,Store,2026,8,August,25,Tuesday,False,2188.44,1094.22
TXN-0103800,2026-08-25,DXB-001,Dubai,CUST-01750,P011,Notebook,Stationery,1,24.37,0,24.37,0.0,24.37,Card,Store,2026,8,August,25,Tuesday,False,24.37,24.37
TXN-0103833,2026-08-25,DXB-004,Dubai,CUST-06118,P007,Office Chair,Furniture,3,662.9,5,1988.7,99.44,1889.26,Card,Store,2026,8,August,25,Tuesday,False,1889.26,629.75
TXN-0103909,2026-08-25,DXB-005,Dubai,CUST-01595,P003,Headphones,Electronics,1,360.02,15,360.02,54.0,306.02,Card,Online,2026,8,August,25,Tuesday,False,306.02,306.02
TXN-0103910,2026-08-25,DXB-002,Dubai,CUST-00517,P007,Office Chair,Furniture,1,644.59,10,644.59,64.46,580.13,Card,Store,2026,8,August,25,Tuesday,False,580.13,580.13
TXN-0103918,2026-08-25,DXB-003,Dubai,CUST-06844,P010,Printer,Office,2,613.99,0,1227.98,0.0,1227.98,Cash,Store,2026,8,August,25,Tuesday,False,1227.98,613.99
TXN-0104026,2026-08-25,DXB-005,Dubai,CUST-00488,P005,Keyboard,Accessories,2,172.3,10,344.6,34.46,310.14,Card,Store,2026,8,August,25,Tuesday,False,310.14,155.07
TXN-0104045,2026-08-25,DXB-002,Dubai,CUST-04120,P009,Backpack,Accessories,1,213.12,0,213.12,0.0,213.12,Apple Pay,Store,2026,8,August,25,Tuesday,False,213.12,213.12
TXN-0104046,2026-08-25,DXB-003,Dubai,CUST-00950,P005,Keyboard,Accessories,2,196.74,0,393.48,0.0,393.48,Card,Store,2026,8,August,25,Tuesday,False,393.48,196.74
TXN-0104160,2026-08-25,DXB-001,Dubai,CUST-06841,P006,Mouse,Accessories,1,98.31,0,98.31,0.0,98.31,Card,Store,2026,8,August,25,Tuesday,False,98.31,98.31
TXN-0104173,2026-08-25,DXB-001,Dubai,CUST-01315,P007,Office Chair,Furniture,1,670.54,10,670.54,67.05,603.49,Card,Online,2026,8,August,25,Tuesday,False,603.49,603.49
TXN-0104198,2026-08-25,DXB-005,Dubai,CUST-00102,P015,Tablet,Electronics,5,1216.04,5,6080.2,304.01,5776.19,Cash,Store,2026,8,August,25,Tuesday,False,5776.19,1155.24
TXN-0104355,2026-08-25,DXB-002,Dubai,CUST-00571,P004,Monitor,Electronics,4,877.44,0,3509.76,0.0,3509.76,Card,Store,2026,8,August,25,Tuesday,False,3509.76,877.44
TXN-0104363,2026-08-25,DXB-004,Dubai,CUST-03585,P011,Notebook,Stationery,2,24.57,5,49.14,2.46,46.68,Apple Pay,Online,2026,8,August,25,Tuesday,False,46.68,23.34
TXN-0104774,2026-08-25,DXB-005,Dubai,CUST-07691,P008,Desk,Furniture,3,744.43,0,2233.29,0.0,2233.29,Card,Store,2026,8,August,25,Tuesday,False,2233.29,744.43
TXN-0104793,2026-08-25,DXB-001,Dubai,CUST-00563,P011,Notebook,Stationery,2,23.54,0,47.08,0.0,47.08,Cash,Store,2026,8,August,25,Tuesday,False,47.08,23.54
TXN-0104860,2026-08-25,DXB-005,Dubai,CUST-02272,P001,Laptop,Electronics,1,3057.94,0,3057.94,0.0,3057.94,Card,Store,2026,8,August,25,Tuesday,False,3057.94,3057.94
TXN-0104892,2026-08-25,DXB-003,Dubai,CUST-04548,P005,Keyboard,Accessories,2,187.07,10,374.14,37.41,336.73,Cash,Online,2026,8,August,25,Tuesday,False,336.73,168.36
TXN-0104954,2026-08-25,DXB-005,Dubai,CUST-05182,P007,Office Chair,Furniture,1,612.82,0,612.82,0.0,612.82,Card,Store,2026,8,August,25,Tuesday,False,612.82,612.82
TXN-0104972,2026-08-25,DXB-004,Dubai,CUST-06746,P010,Printer,Office,5,767.83,5,3839.15,191.96,3647.19,Bank Transfer,Store,2026,8,August,25,Tuesday,False,3647.19,729.44
TXN-0105049,2026-08-25,DXB-005,Dubai,CUST-05632,P009,Backpack,Accessories,1,227.37,0,227.37,0.0,227.37,Apple Pay,Store,2026,8,August,25,Tuesday,False,227.37,227.37
TXN-0105146,2026-08-25,DXB-005,Dubai,CUST-03363,P004,Monitor,Electronics,1,880.19,5,880.19,44.01,836.18,Card,Store,2026,8,August,25,Tuesday,False,836.18,836.18
TXN-0105157,2026-08-25,DXB-005,Dubai,CUST-00599,P015,Tablet,Electronics,3,1195.71,5,3587.13,179.36,3407.77,Card,Store,2026,8,August,25,Tuesday,False,3407.77,1135.92
TXN-0105161,2026-08-25,DXB-002,Dubai,CUST-01447,P013,USB Drive,Accessories,1,43.83,0,43.83,0.0,43.83,Apple Pay,Store,2026,8,August,25,Tuesday,False,43.83,43.83
TXN-0105168,2026-08-25,DXB-001,Dubai,CUST-05747,P001,Laptop,Electronics,1,2595.26,0,2595.26,0.0,2595.26,Card,Store,2026,8,August,25,Tuesday,False,2595.26,2595.26
TXN-0105184,2026-08-25,DXB-002,Dubai,CUST-01818,P006,Mouse,Accessories,1,94.09,0,94.09,0.0,94.09,Bank Transfer,Store,2026,8,August,25,Tuesday,False,94.09,94.09
TXN-0105326,2026-08-25,DXB-002,Dubai,CUST-02826,P009,Backpack,Accessories,1,206.19,0,206.19,0.0,206.19,Cash,Store,2026,8,August,25,Tuesday,False,206.19,206.19
TXN-0105327,2026-08-25,DXB-003,Dubai,CUST-04431,P011,Notebook,Stationery,2,25.07,0,50.14,0.0,50.14,Cash,Store,2026,8,August,25,Tuesday,False,50.14,25.07
TXN-0105348,2026-08-25,DXB-001,Dubai,CUST-05282,P001,Laptop,Electronics,2,2692.14,10,5384.28,538.43,4845.85,Card,Store,2026,8,August,25,Tuesday,False,4845.85,2422.93
TXN-0105413,2026-08-25,DXB-001,Dubai,CUST-02028,P003,Headphones,Electronics,1,387.66,5,387.66,19.38,368.28,Card,Store,2026,8,August,25,Tuesday,False,368.28,368.28
TXN-0105436,2026-08-25,DXB-004,Dubai,CUST-02471,P003,Headphones,Electronics,1,323.25,0,323.25,0.0,323.25,Cash,Store,2026,8,August,25,Tuesday,False,323.25,323.25
TXN-0105440,2026-08-25,DXB-003,Dubai,CUST-03810,P009,Backpack,Accessories,1,248.17,5,248.17,12.41,235.76,Card,Store,2026,8,August,25,Tuesday,False,235.76,235.76
TXN-0105495,2026-08-25,DXB-004,Dubai,CUST-06483,P004,Monitor,Electronics,3,864.04,15,2592.12,388.82,2203.3,Cash,Online,2026,8,August,25,Tuesday,False,2203.3,734.43
TXN-0105542,2026-08-25,DXB-002,Dubai,CUST-02630,P003,Headphones,Electronics,3,341.28,10,1023.84,102.38,921.46,Apple Pay,Store,2026,8,August,25,Tuesday,False,921.46,307.15
TXN-0105552,2026-08-25,DXB-003,Dubai,CUST-00663,P007,Office Chair,Furniture,1,645.42,5,645.42,32.27,613.15,Card,Store,2026,8,August,25,Tuesday,False,613.15,613.15
TXN-0105669,2026-08-25,DXB-001,Dubai,CUST-06804,P003,Headphones,Electronics,1,368.45,5,368.45,18.42,350.03,Card,Store,2026,8,August,25,Tuesday,False,350.03,350.03
TXN-0105681,2026-08-25,DXB-004,Dubai,CUST-05327,P008,Desk,Furniture,5,736.07,0,3680.35,0.0,3680.35,Bank Transfer,Store,2026,8,August,25,Tuesday,False,3680.35,736.07
TXN-0105719,2026-08-25,DXB-005,Dubai,CUST-02219,P007,Office Chair,Furniture,2,652.94,0,1305.88,0.0,1305.88,Cash,Store,2026,8,August,25,Tuesday,False,1305.88,652.94
TXN-0105720,2026-08-25,DXB-005,Dubai,CUST-03424,P012,Pen Pack,Stationery,4,15.42,10,61.68,6.17,55.51,Cash,Store,2026,8,August,25,Tuesday,False,55.51,13.88
TXN-0105759,2026-08-25,DXB-002,Dubai,CUST-04954,P014,Power Bank,Electronics,1,130.67,10,130.67,13.07,117.6,Card,Store,2026,8,August,25,Tuesday,False,117.6,117.6
TXN-0105841,2026-08-25,DXB-002,Dubai,CUST-00862,P007,Office Chair,Furniture,1,701.79,5,701.79,35.09,666.7,Card,Store,2026,8,August,25,Tuesday,False,666.7,666.7
TXN-0105881,2026-08-25,DXB-003,Dubai,CUST-05651,P006,Mouse,Accessories,1,98.8,10,98.8,9.88,88.92,Cash,Store,2026,8,August,25,Tuesday,False,88.92,88.92
TXN-0105974,2026-08-25,DXB-001,Dubai,CUST-00174,P007,Office Chair,Furniture,1,682.08,0,682.08,0.0,682.08,Apple Pay,Store,2026,8,August,25,Tuesday,False,682.08,682.08
TXN-0106041,2026-08-25,DXB-004,Dubai,CUST-01178,P002,Smartphone,Electronics,1,1745.86,10,1745.86,174.59,1571.27,Card,Store,2026,8,August,25,Tuesday,False,1571.27,1571.27
TXN-0106095,2026-08-25,DXB-002,Dubai,CUST-04425,P012,Pen Pack,Stationery,1,14.47,10,14.47,1.45,13.02,Cash,Store,2026,8,August,25,Tuesday,False,13.02,13.02
TXN-0106141,2026-08-25,DXB-002,Dubai,CUST-02129,P013,USB Drive,Accessories,2,46.62,10,93.24,9.32,83.92,Card,Store,2026,8,August,25,Tuesday,False,83.92,41.96
TXN-0106245,2026-08-25,DXB-003,Dubai,CUST-00957,P010,Printer,Office,2,729.13,0,1458.26,0.0,1458.26,Card,Store,2026,8,August,25,Tuesday,False,1458.26,729.13
TXN-0106395,2026-08-25,DXB-001,Dubai,CUST-01621,P005,Keyboard,Accessories,1,191.78,10,191.78,19.18,172.6,Card,Store,2026,8,August,25,Tuesday,False,172.6,172.6
TXN-0106397,2026-08-25,DXB-001,Dubai,CUST-07114,P015,Tablet,Electronics,1,1141.92,5,1141.92,57.1,1084.82,Cash,Store,2026,8,August,25,Tuesday,False,1084.82,1084.82
TXN-0106427,2026-08-25,DXB-001,Dubai,CUST-01715,P015,Tablet,Electronics,2,1303.52,0,2607.04,0.0,2607.04,Card,Store,2026,8,August,25,Tuesday,False,2607.04,1303.52
TXN-0106431,2026-08-25,DXB-005,Dubai,CUST-05024,P003,Headphones,Electronics,5,359.11,10,1795.55,179.56,1615.99,Card,Store,2026,8,August,25,Tuesday,False,1615.99,323.2
TXN-0106433,2026-08-25,DXB-003,Dubai,CUST-04595,P006,Mouse,Accessories,1,105.32,10,105.32,10.53,94.79,Card,Online,2026,8,August,25,Tuesday,False,94.79,94.79
TXN-0106458,2026-08-25,DXB-003,Dubai,CUST-01149,P015,Tablet,Electronics,2,1192.69,0,2385.38,0.0,2385.38,Card,Online,2026,8,August,25,Tuesday,False,2385.38,1192.69
TXN-0106553,2026-08-25,DXB-005,Dubai,CUST-02270,P002,Smartphone,Electronics,1,1682.72,0,1682.72,0.0,1682.72,Cash,Online,2026,8,August,25,Tuesday,False,1682.72,1682.72
TXN-0106554,2026-08-25,DXB-001,Dubai,CUST-00949,P014,Power Bank,Electronics,2,151.91,15,303.82,45.57,258.25,Apple Pay,Store,2026,8,August,25,Tuesday,False,258.25,129.12
TXN-0106602,2026-08-25,DXB-003,Dubai,CUST-05964,P015,Tablet,Electronics,6,1345.7,10,8074.2,807.42,7266.78,Card,Store,2026,8,August,25,Tuesday,False,7266.78,1211.13
TXN-0106815,2026-08-25,DXB-002,Dubai,CUST-02012,P011,Notebook,Stationery,3,25.49,5,76.47,3.82,72.65,Card,Store,2026,8,August,25,Tuesday,False,72.65,24.22
TXN-0106925,2026-08-25,DXB-003,Dubai,CUST-07855,P010,Printer,Office,1,711.63,15,711.63,106.74,604.89,Card,Store,2026,8,August,25,Tuesday,False,604.89,604.89
TXN-0106930,2026-08-25,DXB-002,Dubai,CUST-01740,P010,Printer,Office,3,715.52,0,2146.56,0.0,2146.56,Apple Pay,Store,2026,8,August,25,Tuesday,False,2146.56,715.52
TXN-0107092,2026-08-25,DXB-002,Dubai,CUST-05766,P009,Backpack,Accessories,2,215.4,5,430.8,21.54,409.26,Card,Online,2026,8,August,25,Tuesday,False,409.26,204.63
TXN-0107258,2026-08-25,DXB-002,Dubai,CUST-02980,P010,Printer,Office,4,615.86,0,2463.44,0.0,2463.44,Card,Store,2026,8,August,25,Tuesday,False,2463.44,615.86
TXN-0107267,2026-08-25,DXB-005,Dubai,CUST-04215,P011,Notebook,Stationery,3,25.99,10,77.97,7.8,70.17,Cash,Store,2026,8,August,25,Tuesday,False,70.17,23.39
TXN-0107276,2026-08-25,DXB-003,Dubai,CUST-06430,P004,Monitor,Electronics,2,966.35,0,1932.7,0.0,1932.7,Card,Store,2026,8,August,25,Tuesday,False,1932.7,966.35
TXN-0107357,2026-08-25,DXB-001,Dubai,CUST-00773,P010,Printer,Office,2,721.29,10,1442.58,144.26,1298.32,Card,Store,2026,8,August,25,Tuesday,False,1298.32,649.16
TXN-0107375,2026-08-25,DXB-004,Dubai,CUST-05943,P008,Desk,Furniture,3,777.51,15,2332.53,349.88,1982.65,Apple Pay,Store,2026,8,August,25,Tuesday,False,1982.65,660.88
TXN-0107472,2026-08-25,DXB-005,Dubai,CUST-03143,P009,Backpack,Accessories,2,216.06,0,432.12,0.0,432.12,Card,Store,2026,8,August,25,Tuesday,False,432.12,216.06
TXN-0107527,2026-08-25,DXB-002,Dubai,CUST-04848,P001,Laptop,Electronics,2,2478.99,0,4957.98,0.0,4957.98,Card,Store,2026,8,August,25,Tuesday,False,4957.98,2478.99
TXN-0107602,2026-08-25,DXB-001,Dubai,CUST-04778,P008,Desk,Furniture,2,743.95,0,1487.9,0.0,1487.9,Card,Store,2026,8,August,25,Tuesday,False,1487.9,743.95
TXN-0107639,2026-08-25,DXB-003,Dubai,CUST-07437,P011,Notebook,Stationery,1,28.3,0,28.3,0.0,28.3,Card,Store,2026,8,August,25,Tuesday,False,28.3,28.3
TXN-0107705,2026-08-25,DXB-005,Dubai,CUST-04640,P013,USB Drive,Accessories,2,46.44,5,92.88,4.64,88.24,Apple Pay,Store,2026,8,August,25,Tuesday,False,88.24,44.12
TXN-0107786,2026-08-25,DXB-004,Dubai,CUST-03244,P010,Printer,Office,6,679.66,0,4077.96,0.0,4077.96,Apple Pay,Store,2026,8,August,25,Tuesday,False,4077.96,679.66
TXN-0107847,2026-08-25,DXB-003,Dubai,CUST-03139,P001,Laptop,Electronics,1,2759.51,20,2759.51,551.9,2207.61,Cash,Store,2026,8,August,25,Tuesday,False,2207.61,2207.61
TXN-0107902,2026-08-25,DXB-002,Dubai,CUST-00960,P006,Mouse,Accessories,4,95.06,5,380.24,19.01,361.23,Card,Online,2026,8,August,25,Tuesday,False,361.23,90.31
TXN-0107909,2026-08-25,DXB-001,Dubai,CUST-04457,P015,Tablet,Electronics,1,1198.08,15,1198.08,179.71,1018.37,Card,Online,2026,8,August,25,Tuesday,False,1018.37,1018.37
TXN-0107940,2026-08-25,DXB-004,Dubai,CUST-00662,P013,USB Drive,Accessories,1,41.84,0,41.84,0.0,41.84,Card,Store,2026,8,August,25,Tuesday,False,41.84,41.84
TXN-0107950,2026-08-25,DXB-001,Dubai,CUST-00301,P002,Smartphone,Electronics,2,1883.4,15,3766.8,565.02,3201.78,Card,Store,2026,8,August,25,Tuesday,False,3201.78,1600.89
TXN-0108004,2026-08-25,DXB-001,Dubai,CUST-03197,P008,Desk,Furniture,2,818.12,15,1636.24,245.44,1390.8,Card,Store,2026,8,August,25,Tuesday,False,1390.8,695.4
TXN-0108061,2026-08-25,DXB-003,Dubai,CUST-04139,P013,USB Drive,Accessories,3,46.53,10,139.59,13.96,125.63,Apple Pay,Store,2026,8,August,25,Tuesday,False,125.63,41.88
TXN-0108341,2026-08-25,DXB-004,Dubai,CUST-04741,P008,Desk,Furniture,3,735.77,15,2207.31,331.1,1876.21,Cash,Store,2026,8,August,25,Tuesday,False,1876.21,625.4
TXN-0108354,2026-08-25,DXB-005,Dubai,CUST-02952,P008,Desk,Furniture,3,835.7,20,2507.1,501.42,2005.68,Cash,Store,2026,8,August,25,Tuesday,False,2005.68,668.56
TXN-0108382,2026-08-25,DXB-003,Dubai,CUST-07685,P011,Notebook,Stationery,2,25.28,0,50.56,0.0,50.56,Apple Pay,Store,2026,8,August,25,Tuesday,False,50.56,25.28
TXN-0108443,2026-08-25,DXB-002,Dubai,CUST-04722,P013,USB Drive,Accessories,3,45.72,10,137.16,13.72,123.44,Card,Store,2026,8,August,25,Tuesday,False,123.44,41.15
TXN-0108455,2026-08-25,DXB-005,Dubai,CUST-07292,P011,Notebook,Stationery,1,25.01,15,25.01,3.75,21.26,Card,Store,2026,8,August,25,Tuesday,False,21.26,21.26
TXN-0108595,2026-08-25,DXB-002,Dubai,CUST-06110,P014,Power Bank,Electronics,3,173.5,0,520.5,0.0,520.5,Card,Online,2026,8,August,25,Tuesday,False,520.5,173.5
TXN-0108617,2026-08-25,DXB-001,Dubai,CUST-06486,P007,Office Chair,Furniture,5,685.56,15,3427.8,514.17,2913.63,Cash,Store,2026,8,August,25,Tuesday,False,2913.63,582.73
TXN-0108695,2026-08-25,DXB-004,Dubai,CUST-07689,P014,Power Bank,Electronics,2,138.41,15,276.82,41.52,235.3,Apple Pay,Store,2026,8,August,25,Tuesday,False,235.3,117.65
TXN-0108705,2026-08-25,DXB-004,Dubai,CUST-03280,P001,Laptop,Electronics,1,2720.46,0,2720.46,0.0,2720.46,Cash,Online,2026,8,August,25,Tuesday,False,2720.46,2720.46
TXN-0108713,2026-08-25,DXB-001,Dubai,CUST-07163,P015,Tablet,Electronics,3,1323.6,10,3970.8,397.08,3573.72,Cash,Online,2026,8,August,25,Tuesday,False,3573.72,1191.24
TXN-0108918,2026-08-25,DXB-002,Dubai,CUST-02607,P002,Smartphone,Electronics,3,1825.22,0,5475.66,0.0,5475.66,Apple Pay,Store,2026,8,August,25,Tuesday,False,5475.66,1825.22
TXN-0108948,2026-08-25,DXB-005,Dubai,CUST-04419,P010,Printer,Office,4,688.33,10,2753.32,275.33,2477.99,Card,Online,2026,8,August,25,Tuesday,False,2477.99,619.5
TXN-0108951,2026-08-25,DXB-005,Dubai,CUST-00654,P004,Monitor,Electronics,2,882.72,5,1765.44,88.27,1677.17,Bank Transfer,Online,2026,8,August,25,Tuesday,False,1677.17,838.58
TXN-0108961,2026-08-25,DXB-003,Dubai,CUST-07996,P011,Notebook,Stationery,2,25.86,0,51.72,0.0,51.72,Card,Store,2026,8,August,25,Tuesday,False,51.72,25.86
TXN-0109054,2026-08-25,DXB-004,Dubai,CUST-04357,P009,Backpack,Accessories,1,226.1,10,226.1,22.61,203.49,Cash,Online,2026,8,August,25,Tuesday,False,203.49,203.49
TXN-0109299,2026-08-25,DXB-004,Dubai,CUST-05560,P015,Tablet,Electronics,1,1281.15,5,1281.15,64.06,1217.09,Card,Store,2026,8,August,25,Tuesday,False,1217.09,1217.09
TXN-0109341,2026-08-25,DXB-004,Dubai,CUST-04938,P005,Keyboard,Accessories,4,163.07,5,652.28,32.61,619.67,Card,Online,2026,8,August,25,Tuesday,False,619.67,154.92
TXN-0109404,2026-08-25,DXB-004,Dubai,CUST-03749,P003,Headphones,Electronics,6,356.83,5,2140.98,107.05,2033.93,Card,Store,2026,8,August,25,Tuesday,False,2033.93,338.99
TXN-0109484,2026-08-25,DXB-001,Dubai,CUST-02913,P008,Desk,Furniture,2,840.79,10,1681.58,168.16,1513.42,Apple Pay,Online,2026,8,August,25,Tuesday,False,1513.42,756.71
TXN-0109528,2026-08-25,DXB-004,Dubai,CUST-00361,P009,Backpack,Accessories,1,246.69,10,246.69,24.67,222.02,Card,Online,2026,8,August,25,Tuesday,False,222.02,222.02
TXN-0109650,2026-08-25,DXB-001,Dubai,CUST-07928,P011,Notebook,Stationery,1,23.33,5,23.33,1.17,22.16,Card,Store,2026,8,August,25,Tuesday,False,22.16,22.16
TXN-0109728,2026-08-25,DXB-005,Dubai,CUST-07463,P011,Notebook,Stationery,2,24.98,20,49.96,9.99,39.97,Bank Transfer,Store,2026,8,August,25,Tuesday,False,39.97,19.98
TXN-0109730,2026-08-25,DXB-003,Dubai,CUST-00382,P015,Tablet,Electronics,4,1165.29,0,4661.16,0.0,4661.16,Cash,Online,2026,8,August,25,Tuesday,False,4661.16,1165.29
TXN-0109744,2026-08-25,DXB-001,Dubai,CUST-02090,P012,Pen Pack,Stationery,4,14.12,5,56.48,2.82,53.66,Card,Store,2026,8,August,25,Tuesday,False,53.66,13.42
TXN-0109789,2026-08-25,DXB-004,Dubai,CUST-02557,P005,Keyboard,Accessories,2,197.55,5,395.1,19.76,375.34,Card,Store,2026,8,August,25,Tuesday,False,375.34,187.67
TXN-0109862,2026-08-25,DXB-002,Dubai,CUST-06073,P012,Pen Pack,Stationery,1,13.07,5,13.07,0.65,12.42,Card,Online,2026,8,August,25,Tuesday,False,12.42,12.42
TXN-0109907,2026-08-25,DXB-005,Dubai,CUST-00404,P004,Monitor,Electronics,2,915.76,10,1831.52,183.15,1648.37,Card,Store,2026,8,August,25,Tuesday,False,1648.37,824.18
TXN-0109914,2026-08-25,DXB-001,Dubai,CUST-03760,P010,Printer,Office,1,718.52,0,718.52,0.0,718.52,Card,Store,2026,8,August,25,Tuesday,False,718.52,718.52
TXN-0110075,2026-08-25,DXB-001,Dubai,CUST-03735,P015,Tablet,Electronics,1,1240.91,5,1240.91,62.05,1178.86,Card,Store,2026,8,August,25,Tuesday,False,1178.86,1178.86
TXN-0110095,2026-08-25,DXB-001,Dubai,CUST-01138,P010,Printer,Office,2,721.02,0,1442.04,0.0,1442.04,Bank Transfer,Store,2026,8,August,25,Tuesday,False,1442.04,721.02
TXN-0110184,2026-08-25,DXB-003,Dubai,CUST-03886,P003,Headphones,Electronics,1,351.19,15,351.19,52.68,298.51,Card,Store,2026,8,August,25,Tuesday,False,298.51,298.51
TXN-0110228,2026-08-25,DXB-002,Dubai,CUST-04926,P008,Desk,Furniture,1,837.61,15,837.61,125.64,711.97,Apple Pay,Store,2026,8,August,25,Tuesday,False,711.97,711.97
TXN-0110315,2026-08-25,DXB-001,Dubai,CUST-04890,P014,Power Bank,Electronics,4,158.92,10,635.68,63.57,572.11,Cash,Store,2026,8,August,25,Tuesday,False,572.11,143.03
TXN-0110354,2026-08-25,DXB-005,Dubai,CUST-02406,P004,Monitor,Electronics,1,939.43,0,939.43,0.0,939.43,Bank Transfer,Store,2026,8,August,25,Tuesday,False,939.43,939.43
TXN-0110361,2026-08-25,DXB-004,Dubai,CUST-07025,P005,Keyboard,Accessories,1,173.15,5,173.15,8.66,164.49,Bank Transfer,Online,2026,8,August,25,Tuesday,False,164.49,164.49
TXN-0110429,2026-08-25,DXB-005,Dubai,CUST-04988,P015,Tablet,Electronics,2,1169.29,0,2338.58,0.0,2338.58,Card,Store,2026,8,August,25,Tuesday,False,2338.58,1169.29
TXN-0110492,2026-08-25,DXB-001,Dubai,CUST-01491,P013,USB Drive,Accessories,1,45.42,0,45.42,0.0,45.42,Card,Store,2026,8,August,25,Tuesday,False,45.42,45.42
TXN-0110502,2026-08-25,DXB-001,Dubai,CUST-02902,P010,Printer,Office,1,701.37,15,701.37,105.21,596.16,Apple Pay,Store,2026,8,August,25,Tuesday,False,596.16,596.16
TXN-0110619,2026-08-25,DXB-001,Dubai,CUST-07727,P003,Headphones,Electronics,1,338.41,0,338.41,0.0,338.41,Apple Pay,Online,2026,8,August,25,Tuesday,False,338.41,338.41
TXN-0110621,2026-08-25,DXB-001,Dubai,CUST-01755,P005,Keyboard,Accessories,1,184.65,5,184.65,9.23,175.42,Cash,Store,2026,8,August,25,Tuesday,False,175.42,175.42
TXN-0110705,2026-08-25,DXB-003,Dubai,CUST-02169,P011,Notebook,Stationery,1,25.01,0,25.01,0.0,25.01,Bank Transfer,Store,2026,8,August,25,Tuesday,False,25.01,25.01
TXN-0110931,2026-08-25,DXB-005,Dubai,CUST-06261,P003,Headphones,Electronics,2,406.0,5,812.0,40.6,771.4,Apple Pay,Store,2026,8,August,25,Tuesday,False,771.4,385.7
TXN-0111234,2026-08-25,DXB-005,Dubai,CUST-03363,P014,Power Bank,Electronics,1,143.16,10,143.16,14.32,128.84,Card,Store,2026,8,August,25,Tuesday,False,128.84,128.84
TXN-0111322,2026-08-25,DXB-004,Dubai,CUST-05796,P008,Desk,Furniture,1,816.78,0,816.78,0.0,816.78,Cash,Online,2026,8,August,25,Tuesday,False,816.78,816.78
TXN-0111565,2026-08-25,DXB-004,Dubai,CUST-02366,P014,Power Bank,Electronics,1,146.35,15,146.35,21.95,124.4,Card,Store,2026,8,August,25,Tuesday,False,124.4,124.4
TXN-0111637,2026-08-25,DXB-002,Dubai,CUST-05728,P014,Power Bank,Electronics,1,147.14,5,147.14,7.36,139.78,Card,Online,2026,8,August,25,Tuesday,False,139.78,139.78
TXN-0111760,2026-08-25,DXB-001,Dubai,CUST-03874,P005,Keyboard,Accessories,3,157.41,5,472.23,23.61,448.62,Bank Transfer,Store,2026,8,August,25,Tuesday,False,448.62,149.54
TXN-0111778,2026-08-25,DXB-002,Dubai,CUST-05173,P007,Office Chair,Furniture,1,624.53,10,624.53,62.45,562.08,Card,Online,2026,8,August,25,Tuesday,False,562.08,562.08
TXN-0111806,2026-08-25,DXB-003,Dubai,CUST-03485,P004,Monitor,Electronics,2,923.92,5,1847.84,92.39,1755.45,Bank Transfer,Store,2026,8,August,25,Tuesday,False,1755.45,877.72
TXN-0111811,2026-08-25,DXB-002,Dubai,CUST-06722,P011,Notebook,Stationery,1,24.5,5,24.5,1.23,23.27,Card,Store,2026,8,August,25,Tuesday,False,23.27,23.27
TXN-0111817,2026-08-25,DXB-005,Dubai,CUST-01912,P009,Backpack,Accessories,1,232.61,10,232.61,23.26,209.35,Apple Pay,Store,2026,8,August,25,Tuesday,False,209.35,209.35
TXN-0111969,2026-08-25,DXB-002,Dubai,CUST-02008,P003,Headphones,Electronics,1,328.25,10,328.25,32.83,295.42,Apple Pay,Online,2026,8,August,25,Tuesday,False,295.42,295.42
TXN-0111988,2026-08-25,DXB-005,Dubai,CUST-07660,P011,Notebook,Stationery,2,23.91,5,47.82,2.39,45.43,Card,Store,2026,8,August,25,Tuesday,False,45.43,22.72
TXN-0111994,2026-08-25,DXB-003,Dubai,CUST-03188,P006,Mouse,Accessories,1,107.91,5,107.91,5.4,102.51,Card,Online,2026,8,August,25,Tuesday,False,102.51,102.51
TXN-0111995,2026-08-25,DXB-003,Dubai,CUST-06088,P015,Tablet,Electronics,1,1117.67,0,1117.67,0.0,1117.67,Card,Store,2026,8,August,25,Tuesday,False,1117.67,1117.67
TXN-0112118,2026-08-25,DXB-003,Dubai,CUST-07594,P012,Pen Pack,Stationery,3,14.86,5,44.58,2.23,42.35,Apple Pay,Store,2026,8,August,25,Tuesday,False,42.35,14.12
TXN-0112136,2026-08-25,DXB-001,Dubai,CUST-06466,P013,USB Drive,Accessories,2,49.24,10,98.48,9.85,88.63,Apple Pay,Store,2026,8,August,25,Tuesday,False,88.63,44.32
TXN-0112138,2026-08-25,DXB-002,Dubai,CUST-06938,P003,Headphones,Electronics,3,279.99,20,839.97,167.99,671.98,Card,Online,2026,8,August,25,Tuesday,False,671.98,223.99
TXN-0112145,2026-08-25,DXB-001,Dubai,CUST-03349,P014,Power Bank,Electronics,5,152.99,10,764.95,76.5,688.45,Cash,Store,2026,8,August,25,Tuesday,False,688.45,137.69
TXN-0112160,2026-08-25,DXB-005,Dubai,CUST-03669,P013,USB Drive,Accessories,1,45.19,0,45.19,0.0,45.19,Bank Transfer,Online,2026,8,August,25,Tuesday,False,45.19,45.19
TXN-0112162,2026-08-25,DXB-001,Dubai,CUST-06153,P013,USB Drive,Accessories,5,45.0,0,225.0,0.0,225.0,Card,Store,2026,8,August,25,Tuesday,False,225.0,45.0
TXN-0112177,2026-08-25,DXB-004,Dubai,CUST-00324,P002,Smartphone,Electronics,2,1860.18,10,3720.36,372.04,3348.32,Card,Store,2026,8,August,25,Tuesday,False,3348.32,1674.16
TXN-0112208,2026-08-25,DXB-005,Dubai,CUST-03741,P012,Pen Pack,Stationery,1,12.71,15,12.71,1.91,10.8,Apple Pay,Store,2026,8,August,25,Tuesday,False,10.8,10.8
TXN-0112400,2026-08-25,DXB-003,Dubai,CUST-03177,P001,Laptop,Electronics,2,2874.14,15,5748.28,862.24,4886.04,Bank Transfer,Store,2026,8,August,25,Tuesday,False,4886.04,2443.02
TXN-0112414,2026-08-25,DXB-005,Dubai,CUST-07199,P002,Smartphone,Electronics,2,1835.84,5,3671.68,183.58,3488.1,Apple Pay,Store,2026,8,August,25,Tuesday,False,3488.1,1744.05
TXN-0112484,2026-08-25,DXB-001,Dubai,CUST-02655,P010,Printer,Office,4,636.69,10,2546.76,254.68,2292.08,Apple Pay,Online,2026,8,August,25,Tuesday,False,2292.08,573.02
TXN-0112492,2026-08-25,DXB-003,Dubai,CUST-02370,P006,Mouse,Accessories,2,97.87,10,195.74,19.57,176.17,Card,Store,2026,8,August,25,Tuesday,False,176.17,88.08
TXN-0112523,2026-08-25,DXB-002,Dubai,CUST-06886,P012,Pen Pack,Stationery,2,14.55,20,29.1,5.82,23.28,Cash,Store,2026,8,August,25,Tuesday,False,23.28,11.64
TXN-0112557,2026-08-25,DXB-002,Dubai,CUST-03699,P008,Desk,Furniture,2,770.38,10,1540.76,154.08,1386.68,Bank Transfer,Store,2026,8,August,25,Tuesday,False,1386.68,693.34
TXN-0112580,2026-08-25,DXB-002,Dubai,CUST-07072,P005,Keyboard,Accessories,1,172.85,20,172.85,34.57,138.28,Card,Online,2026,8,August,25,Tuesday,False,138.28,138.28
TXN-0112637,2026-08-25,DXB-002,Dubai,CUST-01869,P002,Smartphone,Electronics,1,1536.86,10,1536.86,153.69,1383.17,Card,Store,2026,8,August,25,Tuesday,False,1383.17,1383.17
TXN-0112666,2026-08-25,DXB-003,Dubai,CUST-02788,P014,Power Bank,Electronics,1,144.77,10,144.77,14.48,130.29,Apple Pay,Store,2026,8,August,25,Tuesday,False,130.29,130.29
TXN-0112681,2026-08-25,DXB-004,Dubai,CUST-04185,P003,Headphones,Electronics,1,381.5,5,381.5,19.08,362.42,Apple Pay,Store,2026,8,August,25,Tuesday,False,362.42,362.42
TXN-0112692,2026-08-25,DXB-005,Dubai,CUST-04701,P014,Power Bank,Electronics,1,158.76,0,158.76,0.0,158.76,Card,Store,2026,8,August,25,Tuesday,False,158.76,158.76
TXN-0112761,2026-08-25,DXB-003,Dubai,CUST-07789,P008,Desk,Furniture,6,786.73,10,4720.38,472.04,4248.34,Card,Online,2026,8,August,25,Tuesday,False,4248.34,708.06
TXN-0112806,2026-08-25,DXB-001,Dubai,CUST-00744,P005,Keyboard,Accessories,4,195.35,5,781.4,39.07,742.33,Bank Transfer,Online,2026,8,August,25,Tuesday,False,742.33,185.58
TXN-0112823,2026-08-25,DXB-004,Dubai,CUST-03882,P004,Monitor,Electronics,2,941.91,0,1883.82,0.0,1883.82,Card,Store,2026,8,August,25,Tuesday,False,1883.82,941.91
TXN-0112900,2026-08-25,DXB-005,Dubai,CUST-03156,P002,Smartphone,Electronics,2,1784.81,0,3569.62,0.0,3569.62,Apple Pay,Store,2026,8,August,25,Tuesday,False,3569.62,1784.81
TXN-0112983,2026-08-25,DXB-002,Dubai,CUST-03214,P007,Office Chair,Furniture,1,626.69,0,626.69,0.0,626.69,Card,Online,2026,8,August,25,Tuesday,False,626.69,626.69
TXN-0112994,2026-08-25,DXB-004,Dubai,CUST-00434,P009,Backpack,Accessories,1,208.98,5,208.98,10.45,198.53,Card,Store,2026,8,August,25,Tuesday,False,198.53,198.53
TXN-0113031,2026-08-25,DXB-002,Dubai,CUST-00773,P005,Keyboard,Accessories,2,177.77,0,355.54,0.0,355.54,Card,Store,2026,8,August,25,Tuesday,False,355.54,177.77
TXN-0113062,2026-08-25,DXB-001,Dubai,CUST-05420,P002,Smartphone,Electronics,1,1652.85,0,1652.85,0.0,1652.85,Apple Pay,Store,2026,8,August,25,Tuesday,False,1652.85,1652.85
TXN-0113074,2026-08-25,DXB-005,Dubai,CUST-02686,P010,Printer,Office,3,696.12,10,2088.36,208.84,1879.52,Apple Pay,Store,2026,8,August,25,Tuesday,False,1879.52,626.51
TXN-0113082,2026-08-25,DXB-005,Dubai,CUST-05642,P007,Office Chair,Furniture,1,675.07,5,675.07,33.75,641.32,Cash,Online,2026,8,August,25,Tuesday,False,641.32,641.32
TXN-0113119,2026-08-25,DXB-004,Dubai,CUST-00560,P005,Keyboard,Accessories,2,174.85,5,349.7,17.48,332.22,Card,Online,2026,8,August,25,Tuesday,False,332.22,166.11
TXN-0113154,2026-08-25,DXB-005,Dubai,CUST-01916,P007,Office Chair,Furniture,1,602.76,0,602.76,0.0,602.76,Apple Pay,Online,2026,8,August,25,Tuesday,False,602.76,602.76
TXN-0113163,2026-08-25,DXB-002,Dubai,CUST-00780,P011,Notebook,Stationery,2,24.38,10,48.76,4.88,43.88,Card,Online,2026,8,August,25,Tuesday,False,43.88,21.94
TXN-0113176,2026-08-25,DXB-001,Dubai,CUST-05161,P001,Laptop,Electronics,5,3052.22,10,15261.1,1526.11,13734.99,Cash,Store,2026,8,August,25,Tuesday,False,13734.99,2747.0
TXN-0113182,2026-08-25,DXB-003,Dubai,CUST-06565,P001,Laptop,Electronics,2,2695.66,10,5391.32,539.13,4852.19,Card,Store,2026,8,August,25,Tuesday,False,4852.19,2426.09
TXN-0113281,2026-08-25,DXB-004,Dubai,CUST-06843,P009,Backpack,Accessories,4,223.5,0,894.0,0.0,894.0,Card,Store,2026,8,August,25,Tuesday,False,894.0,223.5
TXN-0113351,2026-08-25,DXB-001,Dubai,CUST-04914,P011,Notebook,Stationery,2,24.3,0,48.6,0.0,48.6,Bank Transfer,Store,2026,8,August,25,Tuesday,False,48.6,24.3
TXN-0113445,2026-08-25,DXB-005,Dubai,CUST-07302,P013,USB Drive,Accessories,1,48.27,0,48.27,0.0,48.27,Apple Pay,Store,2026,8,August,25,Tuesday,False,48.27,48.27
TXN-0113447,2026-08-25,DXB-003,Dubai,CUST-06810,P006,Mouse,Accessories,4,104.43,0,417.72,0.0,417.72,Card,Online,2026,8,August,25,Tuesday,False,417.72,104.43
TXN-0113548,2026-08-25,DXB-002,Dubai,CUST-03516,P007,Office Chair,Furniture,2,579.64,10,1159.28,115.93,1043.35,Card,Store,2026,8,August,25,Tuesday,False,1043.35,521.67
TXN-0113552,2026-08-25,DXB-002,Dubai,CUST-03819,P011,Notebook,Stationery,2,25.0,5,50.0,2.5,47.5,Card,Store,2026,8,August,25,Tuesday,False,47.5,23.75
TXN-0113616,2026-08-25,DXB-003,Dubai,CUST-01656,P008,Desk,Furniture,1,764.01,10,764.01,76.4,687.61,Card,Store,2026,8,August,25,Tuesday,False,687.61,687.61
TXN-0113642,2026-08-25,DXB-004,Dubai,CUST-00505,P005,Keyboard,Accessories,1,165.1,10,165.1,16.51,148.59,Card,Online,2026,8,August,25,Tuesday,False,148.59,148.59
TXN-0113708,2026-08-25,DXB-002,Dubai,CUST-07382,P001,Laptop,Electronics,1,2939.23,0,2939.23,0.0,2939.23,Card,Store,2026,8,August,25,Tuesday,False,2939.23,2939.23
TXN-0113728,2026-08-25,DXB-002,Dubai,CUST-07068,P005,Keyboard,Accessories,1,194.86,5,194.86,9.74,185.12,Card,Store,2026,8,August,25,Tuesday,False,185.12,185.12
TXN-0113798,2026-08-25,DXB-005,Dubai,CUST-00344,P006,Mouse,Accessories,1,103.83,0,103.83,0.0,103.83,Cash,Store,2026,8,August,25,Tuesday,False,103.83,103.83
TXN-0113887,2026-08-25,DXB-004,Dubai,CUST-05877,P002,Smartphone,Electronics,5,1808.64,0,9043.2,0.0,9043.2,Apple Pay,Online,2026,8,August,25,Tuesday,False,9043.2,1808.64
TXN-0113976,2026-08-25,DXB-004,Dubai,CUST-05372,P011,Notebook,Stationery,6,24.54,15,147.24,22.09,125.15,Bank Transfer,Store,2026,8,August,25,Tuesday,False,125.15,20.86
TXN-0113996,2026-08-25,DXB-001,Dubai,CUST-02564,P007,Office Chair,Furniture,1,622.34,5,622.34,31.12,591.22,Card,Online,2026,8,August,25,Tuesday,False,591.22,591.22
TXN-0114056,2026-08-25,DXB-001,Dubai,CUST-05474,P015,Tablet,Electronics,3,1180.22,0,3540.66,0.0,3540.66,Card,Online,2026,8,August,25,Tuesday,False,3540.66,1180.22
TXN-0114080,2026-08-25,DXB-005,Dubai,CUST-06251,P006,Mouse,Accessories,6,108.83,0,652.98,0.0,652.98,Card,Store,2026,8,August,25,Tuesday,False,652.98,108.83
TXN-0114152,2026-08-25,DXB-001,Dubai,CUST-03256,P003,Headphones,Electronics,3,366.05,0,1098.15,0.0,1098.15,Apple Pay,Online,2026,8,August,25,Tuesday,False,1098.15,366.05
TXN-0114161,2026-08-25,DXB-004,Dubai,CUST-02629,P010,Printer,Office,3,740.63,5,2221.89,111.09,2110.8,Card,Online,2026,8,August,25,Tuesday,False,2110.8,703.6
TXN-0114198,2026-08-25,DXB-001,Dubai,CUST-02767,P002,Smartphone,Electronics,2,1720.39,5,3440.78,172.04,3268.74,Apple Pay,Online,2026,8,August,25,Tuesday,False,3268.74,1634.37
TXN-0114200,2026-08-25,DXB-003,Dubai,CUST-04119,P004,Monitor,Electronics,5,896.35,0,4481.75,0.0,4481.75,Card,Store,2026,8,August,25,Tuesday,False,4481.75,896.35
TXN-0114225,2026-08-25,DXB-002,Dubai,CUST-04317,P008,Desk,Furniture,3,818.52,10,2455.56,245.56,2210.0,Card,Store,2026,8,August,25,Tuesday,False,2210.0,736.67
TXN-0114226,2026-08-25,DXB-001,Dubai,CUST-03019,P003,Headphones,Electronics,3,343.69,15,1031.07,154.66,876.41,Card,Store,2026,8,August,25,Tuesday,False,876.41,292.14
TXN-0114308,2026-08-25,DXB-003,Dubai,CUST-01906,P014,Power Bank,Electronics,1,161.11,0,161.11,0.0,161.11,Bank Transfer,Store,2026,8,August,25,Tuesday,False,161.11,161.11
TXN-0114329,2026-08-25,DXB-005,Dubai,CUST-07608,P003,Headphones,Electronics,1,352.16,10,352.16,35.22,316.94,Apple Pay,Store,2026,8,August,25,Tuesday,False,316.94,316.94
TXN-0114385,2026-08-25,DXB-001,Dubai,CUST-04702,P006,Mouse,Accessories,1,93.61,0,93.61,0.0,93.61,Cash,Store,2026,8,August,25,Tuesday,False,93.61,93.61
TXN-0114392,2026-08-25,DXB-003,Dubai,CUST-06226,P002,Smartphone,Electronics,2,1832.98,5,3665.96,183.3,3482.66,Apple Pay,Store,2026,8,August,25,Tuesday,False,3482.66,1741.33
TXN-0114401,2026-08-25,DXB-005,Dubai,CUST-06306,P005,Keyboard,Accessories,1,179.35,10,179.35,17.93,161.42,Card,Store,2026,8,August,25,Tuesday,False,161.42,161.42
TXN-0114465,2026-08-25,DXB-001,Dubai,CUST-07458,P009,Backpack,Accessories,1,213.83,0,213.83,0.0,213.83,Apple Pay,Online,2026,8,August,25,Tuesday,False,213.83,213.83
TXN-0114472,2026-08-25,DXB-004,Dubai,CUST-07826,P010,Printer,Office,2,755.71,0,1511.42,0.0,1511.42,Apple Pay,Store,2026,8,August,25,Tuesday,False,1511.42,755.71
TXN-0114533,2026-08-25,DXB-004,Dubai,CUST-02491,P002,Smartphone,Electronics,1,2034.43,10,2034.43,203.44,1830.99,Card,Online,2026,8,August,25,Tuesday,False,1830.99,1830.99
TXN-0114547,2026-08-25,DXB-005,Dubai,CUST-05266,P004,Monitor,Electronics,1,847.09,5,847.09,42.35,804.74,Cash,Online,2026,8,August,25,Tuesday,False,804.74,804.74
TXN-0114624,2026-08-25,DXB-002,Dubai,CUST-02240,P011,Notebook,Stationery,1,25.86,10,25.86,2.59,23.27,Apple Pay,Store,2026,8,August,25,Tuesday,False,23.27,23.27
TXN-0114750,2026-08-25,DXB-002,Dubai,CUST-05596,P015,Tablet,Electronics,3,1316.03,0,3948.09,0.0,3948.09,Apple Pay,Store,2026,8,August,25,Tuesday,False,3948.09,1316.03
TXN-0114810,2026-08-25,DXB-002,Dubai,CUST-04223,P002,Smartphone,Electronics,1,1823.46,20,1823.46,364.69,1458.77,Cash,Store,2026,8,August,25,Tuesday,False,1458.77,1458.77
TXN-0115000,2026-08-25,DXB-001,Dubai,CUST-02524,P012,Pen Pack,Stationery,1,14.66,0,14.66,0.0,14.66,Cash,Store,2026,8,August,25,Tuesday,False,14.66,14.66
TXN-0115061,2026-08-25,DXB-003,Dubai,CUST-05895,P001,Laptop,Electronics,2,2943.67,10,5887.34,588.73,5298.61,Card,Store,2026,8,August,25,Tuesday,False,5298.61,2649.3
TXN-0115250,2026-08-25,DXB-002,Dubai,CUST-00138,P007,Office Chair,Furniture,2,628.96,5,1257.92,62.9,1195.02,Card,Online,2026,8,August,25,Tuesday,False,1195.02,597.51
TXN-0115377,2026-08-25,DXB-004,Dubai,CUST-03256,P005,Keyboard,Accessories,3,150.4,20,451.2,90.24,360.96,Apple Pay,Store,2026,8,August,25,Tuesday,False,360.96,120.32
TXN-0115389,2026-08-25,DXB-004,Dubai,CUST-00624,P004,Monitor,Electronics,1,926.05,10,926.05,92.6,833.45,Apple Pay,Store,2026,8,August,25,Tuesday,False,833.45,833.45
TXN-0115528,2026-08-25,DXB-002,Dubai,CUST-06120,P009,Backpack,Accessories,1,244.48,15,244.48,36.67,207.81,Apple Pay,Online,2026,8,August,25,Tuesday,False,207.81,207.81
TXN-0115610,2026-08-25,DXB-002,Dubai,CUST-05529,P002,Smartphone,Electronics,2,1945.14,20,3890.28,778.06,3112.22,Bank Transfer,Store,2026,8,August,25,Tuesday,False,3112.22,1556.11
TXN-0115649,2026-08-25,DXB-001,Dubai,CUST-02872,P009,Backpack,Accessories,3,209.78,0,629.34,0.0,629.34,Card,Online,2026,8,August,25,Tuesday,False,629.34,209.78
TXN-0115667,2026-08-25,DXB-002,Dubai,CUST-06663,P004,Monitor,Electronics,5,876.3,20,4381.5,876.3,3505.2,Card,Store,2026,8,August,25,Tuesday,False,3505.2,701.04
TXN-0115689,2026-08-25,DXB-001,Dubai,CUST-03377,P009,Backpack,Accessories,1,250.44,0,250.44,0.0,250.44,Card,Store,2026,8,August,25,Tuesday,False,250.44,250.44
TXN-0115742,2026-08-25,DXB-004,Dubai,CUST-03741,P012,Pen Pack,Stationery,1,15.09,0,15.09,0.0,15.09,Card,Online,2026,8,August,25,Tuesday,False,15.09,15.09
TXN-0115793,2026-08-25,DXB-004,Dubai,CUST-01207,P011,Notebook,Stationery,1,24.4,0,24.4,0.0,24.4,Card,Store,2026,8,August,25,Tuesday,False,24.4,24.4
TXN-0115805,2026-08-25,DXB-001,Dubai,CUST-05193,P015,Tablet,Electronics,4,1160.88,10,4643.52,464.35,4179.17,Cash,Store,2026,8,August,25,Tuesday,False,4179.17,1044.79
TXN-0115806,2026-08-25,DXB-003,Dubai,CUST-02996,P015,Tablet,Electronics,1,1332.29,15,1332.29,199.84,1132.45,Card,Online,2026,8,August,25,Tuesday,False,1132.45,1132.45
TXN-0115870,2026-08-25,DXB-001,Dubai,CUST-07439,P005,Keyboard,Accessories,2,163.87,10,327.74,32.77,294.97,Card,Store,2026,8,August,25,Tuesday,False,294.97,147.49
TXN-0115900,2026-08-25,DXB-001,Dubai,CUST-03308,P001,Laptop,Electronics,1,2542.63,0,2542.63,0.0,2542.63,Cash,Store,2026,8,August,25,Tuesday,False,2542.63,2542.63
TXN-0115922,2026-08-25,DXB-003,Dubai,CUST-03372,P010,Printer,Office,1,746.68,15,746.68,112.0,634.68,Cash,Online,2026,8,August,25,Tuesday,False,634.68,634.68
TXN-0115953,2026-08-25,DXB-003,Dubai,CUST-03831,P009,Backpack,Accessories,2,239.36,10,478.72,47.87,430.85,Cash,Store,2026,8,August,25,Tuesday,False,430.85,215.42
TXN-0115983,2026-08-25,DXB-005,Dubai,CUST-03245,P009,Backpack,Accessories,2,198.4,20,396.8,79.36,317.44,Card,Store,2026,8,August,25,Tuesday,False,317.44,158.72
TXN-0116002,2026-08-25,DXB-002,Dubai,CUST-01577,P004,Monitor,Electronics,3,903.15,5,2709.45,135.47,2573.98,Card,Store,2026,8,August,25,Tuesday,False,2573.98,857.99
TXN-0116059,2026-08-25,DXB-005,Dubai,CUST-05165,P007,Office Chair,Furniture,3,728.92,5,2186.76,109.34,2077.42,Apple Pay,Store,2026,8,August,25,Tuesday,False,2077.42,692.47
TXN-0116077,2026-08-25,DXB-002,Dubai,CUST-07524,P012,Pen Pack,Stationery,5,14.72,5,73.6,3.68,69.92,Card,Store,2026,8,August,25,Tuesday,False,69.92,13.98
TXN-0116121,2026-08-25,DXB-003,Dubai,CUST-03684,P006,Mouse,Accessories,5,103.4,10,517.0,51.7,465.3,Cash,Store,2026,8,August,25,Tuesday,False,465.3,93.06
TXN-0116129,2026-08-25,DXB-003,Dubai,CUST-05989,P001,Laptop,Electronics,2,2833.22,0,5666.44,0.0,5666.44,Card,Online,2026,8,August,25,Tuesday,False,5666.44,2833.22
TXN-0116167,2026-08-25,DXB-001,Dubai,CUST-01065,P014,Power Bank,Electronics,1,153.57,0,153.57,0.0,153.57,Apple Pay,Store,2026,8,August,25,Tuesday,False,153.57,153.57
TXN-0116313,2026-08-25,DXB-005,Dubai,CUST-05213,P004,Monitor,Electronics,2,895.63,5,1791.26,89.56,1701.7,Card,Online,2026,8,August,25,Tuesday,False,1701.7,850.85
TXN-0116398,2026-08-25,DXB-004,Dubai,CUST-02156,P011,Notebook,Stationery,1,27.09,0,27.09,0.0,27.09,Cash,Online,2026,8,August,25,Tuesday,False,27.09,27.09
TXN-0116595,2026-08-25,DXB-003,Dubai,CUST-06755,P004,Monitor,Electronics,1,817.22,5,817.22,40.86,776.36,Card,Store,2026,8,August,25,Tuesday,False,776.36,776.36
TXN-0116626,2026-08-25,DXB-003,Dubai,CUST-00932,P015,Tablet,Electronics,1,1127.53,5,1127.53,56.38,1071.15,Apple Pay,Store,2026,8,August,25,Tuesday,False,1071.15,1071.15
TXN-0116668,2026-08-25,DXB-002,Dubai,CUST-06203,P007,Office Chair,Furniture,1,654.59,5,654.59,32.73,621.86,Apple Pay,Online,2026,8,August,25,Tuesday,False,621.86,621.86
TXN-0116671,2026-08-25,DXB-002,Dubai,CUST-06406,P005,Keyboard,Accessories,1,184.56,10,184.56,18.46,166.1,Card,Online,2026,8,August,25,Tuesday,False,166.1,166.1
TXN-0116727,2026-08-25,DXB-002,Dubai,CUST-01400,P011,Notebook,Stationery,1,26.82,5,26.82,1.34,25.48,Bank Transfer,Store,2026,8,August,25,Tuesday,False,25.48,25.48
TXN-0116738,2026-08-25,DXB-002,Dubai,CUST-00215,P014,Power Bank,Electronics,1,135.14,10,135.14,13.51,121.63,Apple Pay,Store,2026,8,August,25,Tuesday,False,121.63,121.63
TXN-0116756,2026-08-25,DXB-005,Dubai,CUST-07563,P010,Printer,Office,1,666.95,0,666.95,0.0,666.95,Card,Online,2026,8,August,25,Tuesday,False,666.95,666.95
TXN-0116892,2026-08-25,DXB-003,Dubai,CUST-01494,P008,Desk,Furniture,2,748.22,0,1496.44,0.0,1496.44,Card,Store,2026,8,August,25,Tuesday,False,1496.44,748.22
TXN-0116932,2026-08-25,DXB-001,Dubai,CUST-01578,P001,Laptop,Electronics,2,3017.71,5,6035.42,301.77,5733.65,Cash,Online,2026,8,August,25,Tuesday,False,5733.65,2866.82
TXN-0116942,2026-08-25,DXB-001,Dubai,CUST-00742,P005,Keyboard,Accessories,1,162.81,5,162.81,8.14,154.67,Cash,Store,2026,8,August,25,Tuesday,False,154.67,154.67
TXN-0116972,2026-08-25,DXB-002,Dubai,CUST-05399,P007,Office Chair,Furniture,1,630.32,5,630.32,31.52,598.8,Card,Store,2026,8,August,25,Tuesday,False,598.8,598.8
TXN-0116985,2026-08-25,DXB-001,Dubai,CUST-07995,P002,Smartphone,Electronics,4,1853.46,10,7413.84,741.38,6672.46,Card,Store,2026,8,August,25,Tuesday,False,6672.46,1668.12
TXN-0117022,2026-08-25,DXB-003,Dubai,CUST-07181,P015,Tablet,Electronics,1,1218.87,5,1218.87,60.94,1157.93,Card,Store,2026,8,August,25,Tuesday,False,1157.93,1157.93
TXN-0117146,2026-08-25,DXB-001,Dubai,CUST-02660,P004,Monitor,Electronics,2,850.96,0,1701.92,0.0,1701.92,Card,Store,2026,8,August,25,Tuesday,False,1701.92,850.96
TXN-0117398,2026-08-25,DXB-005,Dubai,CUST-00473,P009,Backpack,Accessories,2,198.78,5,397.56,19.88,377.68,Card,Store,2026,8,August,25,Tuesday,False,377.68,188.84
TXN-0117429,2026-08-25,DXB-001,Dubai,CUST-00071,P014,Power Bank,Electronics,1,136.04,10,136.04,13.6,122.44,Card,Store,2026,8,August,25,Tuesday,False,122.44,122.44
TXN-0117502,2026-08-25,DXB-005,Dubai,CUST-06113,P009,Backpack,Accessories,1,230.94,0,230.94,0.0,230.94,Cash,Online,2026,8,August,25,Tuesday,False,230.94,230.94
TXN-0117589,2026-08-25,DXB-004,Dubai,CUST-04463,P009,Backpack,Accessories,3,205.82,0,617.46,0.0,617.46,Cash,Online,2026,8,August,25,Tuesday,False,617.46,205.82
TXN-0117738,2026-08-25,DXB-002,Dubai,CUST-00437,P011,Notebook,Stationery,1,25.26,5,25.26,1.26,24.0,Card,Store,2026,8,August,25,Tuesday,False,24.0,24.0
TXN-0117893,2026-08-25,DXB-001,Dubai,CUST-02889,P004,Monitor,Electronics,5,954.45,10,4772.25,477.22,4295.03,Card,Online,2026,8,August,25,Tuesday,False,4295.03,859.01
TXN-0118018,2026-08-25,DXB-002,Dubai,CUST-06247,P003,Headphones,Electronics,1,377.24,15,377.24,56.59,320.65,Card,Store,2026,8,August,25,Tuesday,False,320.65,320.65
TXN-0118036,2026-08-25,DXB-005,Dubai,CUST-03716,P011,Notebook,Stationery,2,25.37,0,50.74,0.0,50.74,Card,Store,2026,8,August,25,Tuesday,False,50.74,25.37
TXN-0118095,2026-08-25,DXB-003,Dubai,CUST-05186,P011,Notebook,Stationery,1,23.84,15,23.84,3.58,20.26,Apple Pay,Store,2026,8,August,25,Tuesday,False,20.26,20.26
TXN-0118205,2026-08-25,DXB-004,Dubai,CUST-07341,P009,Backpack,Accessories,1,226.21,0,226.21,0.0,226.21,Apple Pay,Store,2026,8,August,25,Tuesday,False,226.21,226.21
TXN-0118624,2026-08-25,DXB-001,Dubai,CUST-07850,P003,Headphones,Electronics,5,369.76,10,1848.8,184.88,1663.92,Card,Store,2026,8,August,25,Tuesday,False,1663.92,332.78
TXN-0118631,2026-08-25,DXB-001,Dubai,CUST-05087,P009,Backpack,Accessories,2,212.31,10,424.62,42.46,382.16,Bank Transfer,Store,2026,8,August,25,Tuesday,False,382.16,191.08
TXN-0118643,2026-08-25,DXB-001,Dubai,CUST-04359,P001,Laptop,Electronics,2,2854.53,0,5709.06,0.0,5709.06,Apple Pay,Store,2026,8,August,25,Tuesday,False,5709.06,2854.53
TXN-0118687,2026-08-25,DXB-001,Dubai,CUST-07892,P008,Desk,Furniture,3,740.7,15,2222.1,333.32,1888.78,Card,Online,2026,8,August,25,Tuesday,False,1888.78,629.59
TXN-0118692,2026-08-25,DXB-002,Dubai,CUST-04196,P012,Pen Pack,Stationery,1,15.67,10,15.67,1.57,14.1,Card,Online,2026,8,August,25,Tuesday,False,14.1,14.1
TXN-0118703,2026-08-25,DXB-002,Dubai,CUST-01150,P002,Smartphone,Electronics,2,1819.01,15,3638.02,545.7,3092.32,Card,Store,2026,8,August,25,Tuesday,False,3092.32,1546.16
TXN-0118712,2026-08-25,DXB-001,Dubai,CUST-02250,P014,Power Bank,Electronics,2,141.01,15,282.02,42.3,239.72,Apple Pay,Online,2026,8,August,25,Tuesday,False,239.72,119.86
TXN-0118718,2026-08-25,DXB-001,Dubai,CUST-02505,P014,Power Bank,Electronics,2,145.44,0,290.88,0.0,290.88,Card,Store,2026,8,August,25,Tuesday,False,290.88,145.44
TXN-0118776,2026-08-25,DXB-002,Dubai,CUST-00300,P006,Mouse,Accessories,3,99.8,0,299.4,0.0,299.4,Bank Transfer,Store,2026,8,August,25,Tuesday,False,299.4,99.8
TXN-0118785,2026-08-25,DXB-003,Dubai,CUST-03645,P002,Smartphone,Electronics,4,1731.45,0,6925.8,0.0,6925.8,Cash,Store,2026,8,August,25,Tuesday,False,6925.8,1731.45
TXN-0118847,2026-08-25,DXB-003,Dubai,CUST-06986,P013,USB Drive,Accessories,4,46.23,0,184.92,0.0,184.92,Card,Store,2026,8,August,25,Tuesday,False,184.92,46.23
TXN-0118871,2026-08-25,DXB-002,Dubai,CUST-00605,P009,Backpack,Accessories,1,228.39,0,228.39,0.0,228.39,Card,Store,2026,8,August,25,Tuesday,False,228.39,228.39
TXN-0118904,2026-08-25,DXB-004,Dubai,CUST-01166,P010,Printer,Office,6,704.15,5,4224.9,211.24,4013.66,Apple Pay,Store,2026,8,August,25,Tuesday,False,4013.66,668.94
TXN-0118911,2026-08-25,DXB-003,Dubai,CUST-03860,P009,Backpack,Accessories,3,208.8,10,626.4,62.64,563.76,Card,Online,2026,8,August,25,Tuesday,False,563.76,187.92
TXN-0118923,2026-08-25,DXB-003,Dubai,CUST-03159,P007,Office Chair,Furniture,1,658.55,20,658.55,131.71,526.84,Card,Store,2026,8,August,25,Tuesday,False,526.84,526.84
TXN-0118927,2026-08-25,DXB-005,Dubai,CUST-05304,P008,Desk,Furniture,1,802.95,5,802.95,40.15,762.8,Card,Store,2026,8,August,25,Tuesday,False,762.8,762.8
TXN-0118954,2026-08-25,DXB-004,Dubai,CUST-07877,P012,Pen Pack,Stationery,1,15.67,10,15.67,1.57,14.1,Cash,Online,2026,8,August,25,Tuesday,False,14.1,14.1
TXN-0119065,2026-08-25,DXB-005,Dubai,CUST-04266,P003,Headphones,Electronics,3,353.98,10,1061.94,106.19,955.75,Card,Store,2026,8,August,25,Tuesday,False,955.75,318.58
TXN-0119096,2026-08-25,DXB-004,Dubai,CUST-07199,P010,Printer,Office,1,696.1,15,696.1,104.42,591.68,Card,Store,2026,8,August,25,Tuesday,False,591.68,591.68
TXN-0119142,2026-08-25,DXB-005,Dubai,CUST-01863,P002,Smartphone,Electronics,1,1667.68,5,1667.68,83.38,1584.3,Card,Store,2026,8,August,25,Tuesday,False,1584.3,1584.3
TXN-0119211,2026-08-25,DXB-002,Dubai,CUST-04718,P012,Pen Pack,Stationery,3,14.26,15,42.78,6.42,36.36,Card,Store,2026,8,August,25,Tuesday,False,36.36,12.12
TXN-0119259,2026-08-25,DXB-004,Dubai,CUST-05943,P008,Desk,Furniture,1,753.91,15,753.91,113.09,640.82,Apple Pay,Store,2026,8,August,25,Tuesday,False,640.82,640.82
TXN-0119315,2026-08-25,DXB-003,Dubai,CUST-01398,P015,Tablet,Electronics,1,1190.88,15,1190.88,178.63,1012.25,Cash,Online,2026,8,August,25,Tuesday,False,1012.25,1012.25
TXN-0119352,2026-08-25,DXB-002,Dubai,CUST-03342,P010,Printer,Office,5,725.81,0,3629.05,0.0,3629.05,Cash,Store,2026,8,August,25,Tuesday,False,3629.05,725.81
TXN-0119362,2026-08-25,DXB-003,Dubai,CUST-07954,P010,Printer,Office,1,678.5,5,678.5,33.92,644.58,Card,Online,2026,8,August,25,Tuesday,False,644.58,644.58
TXN-0119484,2026-08-25,DXB-001,Dubai,CUST-02337,P015,Tablet,Electronics,2,1185.85,20,2371.7,474.34,1897.36,Card,Online,2026,8,August,25,Tuesday,False,1897.36,948.68
TXN-0119580,2026-08-25,DXB-002,Dubai,CUST-03260,P015,Tablet,Electronics,1,1235.34,20,1235.34,247.07,988.27,Card,Store,2026,8,August,25,Tuesday,False,988.27,988.27
TXN-0119592,2026-08-25,DXB-003,Dubai,CUST-02869,P012,Pen Pack,Stationery,1,14.31,15,14.31,2.15,12.16,Card,Store,2026,8,August,25,Tuesday,False,12.16,12.16
TXN-0119676,2026-08-25,DXB-003,Dubai,CUST-01901,P008,Desk,Furniture,4,716.27,0,2865.08,0.0,2865.08,Card,Online,2026,8,August,25,Tuesday,False,2865.08,716.27
TXN-0119978,2026-08-25,DXB-001,Dubai,CUST-01544,P009,Backpack,Accessories,1,217.91,5,217.91,10.9,207.01,Apple Pay,Store,2026,8,August,25,Tuesday,False,207.01,207.01
