transaction_id,transaction_date,store_id,region,customer_id,product_id,product_name,category,quantity,unit_price,discount_pct,gross_amount,discount_amount,net_revenue,payment_method,sales_channel
TXN-0000054,2026-08-26,DXB-005,Dubai,CUST-05490,P007,Office Chair,Furniture,5,702.36,15,3511.79,526.77,2985.02,Apple Pay,Store
TXN-0000070,2026-08-26,DXB-002,Dubai,CUST-02997,P008,Desk,Furniture,1,813.71,10,813.71,81.37,732.34,Apple Pay,Store
TXN-0000076,2026-08-26,DXB-003,Dubai,CUST-04137,P002,Smartphone,Electronics,1,1719.61,0,1719.61,0.0,1719.61,Cash,Online
TXN-0000109,2026-08-26,DXB-002,Dubai,CUST-04456,P013,USB Drive,Accessories,1,41.15,10,41.15,4.12,37.04,Bank Transfer,Store
TXN-0000124,2026-08-26,DXB-002,Dubai,CUST-01817,P013,USB Drive,Accessories,1,44.41,5,44.41,2.22,42.19,Apple Pay,Online
TXN-0000231,2026-08-26,DXB-001,Dubai,CUST-01723,P009,Backpack,Accessories,1,220.81,5,220.81,11.04,209.77,Card,Online
TXN-0000277,2026-08-26,DXB-001,Dubai,CUST-01626,P007,Office Chair,Furniture,1,641.5,0,641.5,0.0,641.5,Cash,Store
TXN-0000290,2026-08-26,DXB-001,Dubai,CUST-02504,P014,Power Bank,Electronics,2,131.15,15,262.3,39.34,222.95,Card,Online
TXN-0000367,2026-08-26,DXB-002,Dubai,CUST-00994,P003,Headphones,Electronics,1,358.24,0,358.24,0.0,358.24,Card,Store
TXN-0000474,2026-08-26,DXB-002,Dubai,CUST-02925,P015,Tablet,Electronics,1,1187.34,5,1187.34,59.37,1127.97,Apple Pay,Store
TXN-0000485,2026-08-26,DXB-001,Dubai,CUST-07730,P002,Smartphone,Electronics,1,1541.0,0,1541.0,0.0,1541.0,Card,Store
TXN-0000519,2026-08-26,DXB-001,Dubai,CUST-06408,P002,Smartphone,Electronics,1,1905.29,0,1905.29,0.0,1905.29,Apple Pay,Store
TXN-0000622,2026-08-26,DXB-002,Dubai,CUST-01033,P006,Mouse,Accessories,3,96.22,10,288.66,28.87,259.79,Apple Pay,Store
TXN-0000644,2026-08-26,DXB-001,Dubai,CUST-01908,P003,Headphones,Electronics,1,345.27,0,345.27,0.0,345.27,Card,Store
TXN-0000709,2026-08-26,DXB-004,Dubai,CUST-04012,P012,Pen Pack,Stationery,1,14.23,15,14.23,2.13,12.09,Cash,Online
TXN-0000710,2026-08-26,DXB-004,Dubai,CUST-06983,P013,USB Drive,Accessories,2,42.58,5,85.15,4.26,80.89,Apple Pay,Store
TXN-0000768,2026-08-26,DXB-004,Dubai,CUST-07302,P007,Office Chair,Furniture,2,651.62,15,1303.24,195.49,1107.76,Bank Transfer,Store
TXN-0000785,2026-08-26,DXB-001,Dubai,CUST-01615,P014,Power Bank,Electronics,1,159.12,0,159.12,0.0,159.12,Cash,Store
TXN-0000944,2026-08-26,DXB-004,Dubai,CUST-04742,P015,Tablet,Electronics,5,1191.89,15,5959.43,893.91,5065.52,Card,Store
TXN-0000973,2026-08-26,DXB-005,Dubai,CUST-03261,P007,Office Chair,Furniture,2,708.89,10,1417.79,141.78,1276.01,Cash,Store
TXN-0000974,2026-08-26,DXB-005,Dubai,CUST-01585,P009,Backpack,Accessories,1,204.92,5,204.92,10.25,194.67,Cash,Store
TXN-0001075,2026-08-26,DXB-003,Dubai,CUST-02954,P008,Desk,Furniture,1,760.48,5,760.48,38.02,722.46,Card,Store
TXN-0001101,2026-08-26,DXB-004,Dubai,CUST-04091,P013,USB Drive,Accessories,1,49.77,0,49.77,0.0,49.77,Card,Store
TXN-0001102,2026-08-26,DXB-001,Dubai,CUST-03364,P005,Keyboard,Accessories,1,177.56,10,177.56,17.76,159.81,Card,Store
TXN-0001202,2026-08-26,DXB-004,Dubai,CUST-01137,P009,Backpack,Accessories,5,231.73,0,1158.67,0.0,1158.67,Card,Store
TXN-0001248,2026-08-26,DXB-005,Dubai,CUST-03027,P004,Monitor,Electronics,2,842.12,0,1684.24,0.0,1684.24,Card,Store
TXN-0001420,2026-08-26,DXB-005,Dubai,CUST-04701,P012,Pen Pack,Stationery,2,14.76,5,29.53,1.48,28.05,Apple Pay,Store
TXN-0001431,2026-08-26,DXB-002,Dubai,CUST-07873,P014,Power Bank,Electronics,1,148.61,0,148.61,0.0,148.61,Cash,Store
TXN-0001499,2026-08-26,DXB-002,Dubai,CUST-01818,P014,Power Bank,Electronics,2,147.47,5,294.94,14.75,280.19,Card,Online
TXN-0001508,2026-08-26,DXB-004,Dubai,CUST-06671,P014,Power Bank,Electronics,1,143.89,10,143.89,14.39,129.5,Cash,Store
TXN-0001541,2026-08-26,DXB-005,Dubai,CUST-01227,P013,USB Drive,Accessories,1,42.9,15,42.9,6.44,36.47,Card,Store
TXN-0001697,2026-08-26,DXB-003,Dubai,CUST-07775,P002,Smartphone,Electronics,1,1646.11,10,1646.11,164.61,1481.5,Card,Store
TXN-0001712,2026-08-26,DXB-005,Dubai,CUST-07843,P008,Desk,Furniture,1,758.57,0,758.57,0.0,758.57,Apple Pay,Store
TXN-0001768,2026-08-26,DXB-005,Dubai,CUST-00533,P012,Pen Pack,Stationery,2,15.55,0,31.09,0.0,31.09,Card,Store
TXN-0001789,2026-08-26,DXB-003,Dubai,CUST-00205,P014,Power Bank,Electronics,2,154.46,0,308.93,0.0,308.93,Cash,Store
TXN-0001795,2026-08-26,DXB-001,Dubai,CUST-01892,P006,Mouse,Accessories,2,101.72,20,203.45,40.69,162.76,Apple Pay,Store
TXN-0001799,2026-08-26,DXB-004,Dubai,CUST-04038,P014,Power Bank,Electronics,4,140.66,5,562.62,28.13,534.49,Cash,Online
TXN-0001802,2026-08-26,DXB-003,Dubai,CUST-03841,P005,Keyboard,Accessories,3,175.28,5,525.85,26.29,499.56,Apple Pay,Store
TXN-0001954,2026-08-26,DXB-002,Dubai,CUST-02122,P008,Desk,Furniture,3,801.74,0,2405.23,0.0,2405.23,Cash,Online
TXN-0001968,2026-08-26,DXB-004,Dubai,CUST-02613,P002,Smartphone,Electronics,1,1764.34,10,1764.34,176.43,1587.9,Card,Store
TXN-0002026,2026-08-26,DXB-002,Dubai,CUST-00451,P011,Notebook,Stationery,1,25.05,0,25.05,0.0,25.05,Bank Transfer,Store
TXN-0002077,2026-08-26,DXB-001,Dubai,CUST-06121,P005,Keyboard,Accessories,5,177.53,0,887.63,0.0,887.63,Card,Store
TXN-0002178,2026-08-26,DXB-004,Dubai,CUST-02961,P009,Backpack,Accessories,1,218.87,5,218.87,10.94,207.92,Card,Store
TXN-0002239,2026-08-26,DXB-004,Dubai,CUST-07054,P003,Headphones,Electronics,1,369.35,10,369.35,36.93,332.41,Cash,Store
TXN-0002354,2026-08-26,DXB-003,Dubai,CUST-04590,P009,Backpack,Accessories,1,202.02,5,202.02,10.1,191.92,Apple Pay,Store
TXN-0002395,2026-08-26,DXB-005,Dubai,CUST-07237,P009,Backpack,Accessories,1,215.71,10,215.71,21.57,194.14,Apple Pay,Store
TXN-0002409,2026-08-26,DXB-002,Dubai,CUST-02659,P007,Office Chair,Furniture,2,648.58,0,1297.15,0.0,1297.15,Cash,Store
TXN-0002454,2026-08-26,DXB-003,Dubai,CUST-00291,P004,Monitor,Electronics,2,894.99,15,1789.98,268.5,1521.48,Apple Pay,Store
TXN-0002456,2026-08-26,DXB-001,Dubai,CUST-03986,P013,USB Drive,Accessories,2,41.94,5,83.89,4.19,79.69,Card,Store
TXN-0002459,2026-08-26,DXB-003,Dubai,CUST-07315,P007,Office Chair,Furniture,1,636.53,0,636.53,0.0,636.53,Card,Online
TXN-0002463,2026-08-26,DXB-005,Dubai,CUST-05450,P014,Power Bank,Electronics,2,153.08,10,306.16,30.62,275.54,Card,Online
TXN-0002465,2026-08-26,DXB-001,Dubai,CUST-06509,P010,Printer,Office,2,699.15,0,1398.3,0.0,1398.3,Apple Pay,Online
TXN-0002527,2026-08-26,DXB-001,Dubai,CUST-05374,P003,Headphones,Electronics,3,369.94,15,1109.82,166.47,943.35,Apple Pay,Store
TXN-0002549,2026-08-26,DXB-001,Dubai,CUST-06148,P001,Laptop,Electronics,1,2568.52,10,2568.52,256.85,2311.67,Card,Store
TXN-0002644,2026-08-26,DXB-001,Dubai,CUST-06404,P009,Backpack,Accessories,3,235.23,0,705.7,0.0,705.7,Cash,Store
TXN-0002716,2026-08-26,DXB-001,Dubai,CUST-06387,P007,Office Chair,Furniture,1,610.21,5,610.21,30.51,579.7,Card,Online
TXN-0002769,2026-08-26,DXB-001,Dubai,CUST-03898,P004,Monitor,Electronics,1,952.17,15,952.17,142.82,809.34,Cash,Store
TXN-0002913,2026-08-26,DXB-003,Dubai,CUST-00272,P007,Office Chair,Furniture,1,718.65,0,718.65,0.0,718.65,Apple Pay,Store
TXN-0002960,2026-08-26,DXB-003,Dubai,CUST-02788,P004,Monitor,Electronics,1,844.35,0,844.35,0.0,844.35,Card,Store
TXN-0002976,2026-08-26,DXB-002,Dubai,CUST-05831,P010,Printer,Office,2,681.08,0,1362.16,0.0,1362.16,Card,Store
TXN-0002980,2026-08-26,DXB-002,Dubai,CUST-05753,P015,Tablet,Electronics,1,1172.81,0,1172.81,0.0,1172.81,Cash,Online
TXN-0003056,2026-08-26,DXB-004,Dubai,CUST-01648,P002,Smartphone,Electronics,6,1735.69,5,10414.13,520.71,9893.43,Card,Store
TXN-0003072,2026-08-26,DXB-003,Dubai,CUST-00295,P001,Laptop,Electronics,2,2877.66,15,5755.32,863.3,4892.02,Card,Store
TXN-0003090,2026-08-26,DXB-002,Dubai,CUST-01667,P002,Smartphone,Electronics,1,1846.26,10,1846.26,184.63,1661.63,Apple Pay,Store
TXN-0003123,2026-08-26,DXB-002,Dubai,CUST-06051,P011,Notebook,Stationery,2,26.48,15,52.97,7.95,45.02,Card,Online
TXN-0003138,2026-08-26,DXB-005,Dubai,CUST-07256,P007,Office Chair,Furniture,1,727.01,10,727.01,72.7,654.31,Apple Pay,Store
TXN-0003139,2026-08-26,DXB-004,Dubai,CUST-05357,P012,Pen Pack,Stationery,2,14.1,20,28.2,5.64,22.56,Apple Pay,Online
TXN-0003262,2026-08-26,DXB-003,Dubai,CUST-02342,P013,USB Drive,Accessories,1,46.53,20,46.53,9.31,37.23,Card,Online
TXN-0003286,2026-08-26,DXB-004,Dubai,CUST-00703,P002,Smartphone,Electronics,3,1826.24,0,5478.73,0.0,5478.73,Card,Store
TXN-0003292,2026-08-26,DXB-004,Dubai,CUST-07677,P006,Mouse,Accessories,1,100.87,10,100.87,10.09,90.79,Card,Store
TXN-0003410,2026-08-26,DXB-001,Dubai,CUST-04452,P010,Printer,Office,1,724.03,15,724.03,108.6,615.42,Card,Store
TXN-0003427,2026-08-26,DXB-003,Dubai,CUST-01063,P015,Tablet,Electronics,1,1241.76,10,1241.76,124.18,1117.58,Card,Store
TXN-0003451,2026-08-26,DXB-003,Dubai,CUST-00670,P007,Office Chair,Furniture,1,608.75,10,608.75,60.88,547.88,Cash,Online
TXN-0003498,2026-08-26,DXB-001,Dubai,CUST-01254,P001,Laptop,Electronics,6,2807.79,10,16846.75,1684.68,15162.08,Card,Store
TXN-0003560,2026-08-26,DXB-003,Dubai,CUST-06919,P008,Desk,Furniture,1,793.77,20,793.77,158.75,635.02,Apple Pay,Store
TXN-0003631,2026-08-26,DXB-001,Dubai,CUST-02067,P012,Pen Pack,Stationery,1,15.02,15,15.02,2.25,12.77,Card,Store
TXN-0003636,2026-08-26,DXB-002,Dubai,CUST-03349,P013,USB Drive,Accessories,1,42.09,5,42.09,2.1,39.99,Apple Pay,Online
TXN-0003662,2026-08-26,DXB-003,Dubai,CUST-06495,P006,Mouse,Accessories,1,101.32,5,101.32,5.07,96.25,Cash,Store
TXN-0003846,2026-08-26,DXB-001,Dubai,CUST-03841,P010,Printer,Office,2,612.62,5,1225.24,61.26,1163.98,Cash,Store
TXN-0003874,2026-08-26,DXB-001,Dubai,CUST-01773,P009,Backpack,Accessories,4,228.96,5,915.84,45.79,870.05,Card,Store
TXN-0003923,2026-08-26,DXB-005,Dubai,CUST-00052,P010,Printer,Office,2,629.83,10,1259.67,125.97,1133.7,Card,Store
TXN-0003938,2026-08-26,DXB-001,Dubai,CUST-07928,P007,Office Chair,Furniture,1,696.03,10,696.03,69.6,626.43,Card,Online
TXN-0003954,2026-08-26,DXB-003,Dubai,CUST-06053,P001,Laptop,Electronics,1,2976.68,5,2976.68,148.83,2827.85,Apple Pay,Online
TXN-0003971,2026-08-26,DXB-001,Dubai,CUST-07039,P010,Printer,Office,3,777.13,15,2331.4,349.71,1981.69,Card,Store
TXN-0003990,2026-08-26,DXB-003,Dubai,CUST-00641,P002,Smartphone,Electronics,1,1818.46,10,1818.46,181.85,1636.62,Card,Store
TXN-0004112,2026-08-26,DXB-001,Dubai,CUST-03453,P008,Desk,Furniture,2,772.82,10,1545.65,154.56,1391.08,Card,Online
TXN-0004116,2026-08-26,DXB-005,Dubai,CUST-00785,P001,Laptop,Electronics,3,2736.94,15,8210.83,1231.62,6979.2,Apple Pay,Store
TXN-0004180,2026-08-26,DXB-003,Dubai,CUST-07893,P013,USB Drive,Accessories,5,43.56,10,217.78,21.78,196.0,Bank Transfer,Online
TXN-0004281,2026-08-26,DXB-002,Dubai,CUST-05408,P014,Power Bank,Electronics,2,166.12,15,332.23,49.83,282.4,Card,Online
TXN-0004343,2026-08-26,DXB-003,Dubai,CUST-06180,P014,Power Bank,Electronics,2,149.86,5,299.72,14.99,284.73,Apple Pay,Store
TXN-0004417,2026-08-26,DXB-004,Dubai,CUST-04523,P013,USB Drive,Accessories,1,43.47,0,43.47,0.0,43.47,Card,Store
TXN-0004453,2026-08-26,DXB-005,Dubai,CUST-06991,P005,Keyboard,Accessories,3,179.17,5,537.52,26.88,510.65,Card,Store
TXN-0004481,2026-08-26,DXB-005,Dubai,CUST-01872,P003,Headphones,Electronics,5,357.56,10,1787.79,178.78,1609.01,Apple Pay,Online
TXN-0004485,2026-08-26,DXB-001,Dubai,CUST-02556,P003,Headphones,Electronics,2,337.09,0,674.18,0.0,674.18,Card,Online
TXN-0004606,2026-08-26,DXB-001,Dubai,CUST-03885,P012,Pen Pack,Stationery,2,14.15,20,28.31,5.66,22.64,Card,Store
TXN-0004707,2026-08-26,DXB-004,Dubai,CUST-03688,P009,Backpack,Accessories,1,230.49,15,230.49,34.57,195.91,Card,Store
TXN-0004726,2026-08-26,DXB-003,Dubai,CUST-02054,P014,Power Bank,Electronics,6,141.71,15,850.23,127.53,722.7,Card,Online
TXN-0004807,2026-08-26,DXB-004,Dubai,CUST-00157,P002,Smartphone,Electronics,1,1904.73,10,1904.73,190.47,1714.25,Card,Store
TXN-0004867,2026-08-26,DXB-001,Dubai,CUST-02733,P012,Pen Pack,Stationery,3,13.81,15,41.44,6.22,35.22,Card,Online
TXN-0004890,2026-08-26,DXB-001,Dubai,CUST-07507,P004,Monitor,Electronics,3,869.38,0,2608.14,0.0,2608.14,Card,Store
TXN-0005118,2026-08-26,DXB-004,Dubai,CUST-00799,P007,Office Chair,Furniture,2,670.34,0,1340.69,0.0,1340.69,Bank Transfer,Store
TXN-0005133,2026-08-26,DXB-005,Dubai,CUST-00643,P009,Backpack,Accessories,1,220.41,10,220.41,22.04,198.37,Card,Store
TXN-0005147,2026-08-26,DXB-003,Dubai,CUST-04528,P010,Printer,Office,1,727.28,0,727.28,0.0,727.28,Card,Online
TXN-0005274,2026-08-26,DXB-005,Dubai,CUST-01220,P015,Tablet,Electronics,2,1223.12,5,2446.23,122.31,2323.92,Card,Store
TXN-0005340,2026-08-26,DXB-004,Dubai,CUST-00525,P002,Smartphone,Electronics,3,1925.37,10,5776.12,577.61,5198.5,Apple Pay,Online
TXN-0005348,2026-08-26,DXB-001,Dubai,CUST-07002,P014,Power Bank,Electronics,1,152.64,15,152.64,22.9,129.75,Bank Transfer,Online
TXN-0005354,2026-08-26,DXB-004,Dubai,CUST-04229,P007,Office Chair,Furniture,1,648.58,5,648.58,32.43,616.15,Apple Pay,Online
TXN-0005412,2026-08-26,DXB-003,Dubai,CUST-01002,P004,Monitor,Electronics,1,865.03,10,865.03,86.5,778.52,Card,Store
TXN-0005491,2026-08-26,DXB-003,Dubai,CUST-06360,P005,Keyboard,Accessories,1,184.59,0,184.59,0.0,184.59,Apple Pay,Online
TXN-0005561,2026-08-26,DXB-004,Dubai,CUST-02865,P003,Headphones,Electronics,1,351.35,0,351.35,0.0,351.35,Card,Store
TXN-0005631,2026-08-26,DXB-001,Dubai,CUST-02962,P004,Monitor,Electronics,2,987.86,5,1975.72,98.79,1876.93,Cash,Store
TXN-0005654,2026-08-26,DXB-001,Dubai,CUST-01197,P003,Headphones,Electronics,2,316.48,10,632.97,63.3,569.67,Card,Store
TXN-0005713,2026-08-26,DXB-005,Dubai,CUST-03391,P001,Laptop,Electronics,1,2969.58,10,2969.58,296.96,2672.62,Card,Store
TXN-0005769,2026-08-26,DXB-003,Dubai,CUST-02771,P008,Desk,Furniture,1,845.36,10,845.36,84.54,760.82,Apple Pay,Online
TXN-0005857,2026-08-26,DXB-003,Dubai,CUST-06133,P009,Backpack,Accessories,2,231.25,0,462.49,0.0,462.49,Apple Pay,Store
TXN-0005872,2026-08-26,DXB-003,Dubai,CUST-04311,P014,Power Bank,Electronics,2,159.36,0,318.72,0.0,318.72,Card,Online
TXN-0005907,2026-08-26,DXB-002,Dubai,CUST-01906,P008,Desk,Furniture,1,774.68,5,774.68,38.73,735.95,Card,Store
TXN-0005942,2026-08-26,DXB-003,Dubai,CUST-05296,P011,Notebook,Stationery,1,23.98,5,23.98,1.2,22.78,Card,Online
TXN-0005992,2026-08-26,DXB-002,Dubai,CUST-04666,P015,Tablet,Electronics,2,1229.38,0,2458.76,0.0,2458.76,Apple Pay,Online
TXN-0006005,2026-08-26,DXB-002,Dubai,CUST-04165,P008,Desk,Furniture,1,823.14,5,823.14,41.16,781.98,Card,Store
TXN-0006046,2026-08-26,DXB-005,Dubai,CUST-01282,P004,Monitor,Electronics,1,811.13,5,811.13,40.56,770.57,Card,Store
TXN-0006061,2026-08-26,DXB-003,Dubai,CUST-07583,P006,Mouse,Accessories,2,97.42,20,194.85,38.97,155.88,Apple Pay,Store
TXN-0006175,2026-08-26,DXB-005,Dubai,CUST-04925,P014,Power Bank,Electronics,1,151.43,0,151.43,0.0,151.43,Card,Online
TXN-0006190,2026-08-26,DXB-002,Dubai,CUST-03322,P002,Smartphone,Electronics,2,1825.73,10,3651.46,365.15,3286.31,Cash,Store
TXN-0006231,2026-08-26,DXB-001,Dubai,CUST-02571,P001,Laptop,Electronics,4,2966.61,10,11866.46,1186.65,10679.81,Card,Store
TXN-0006285,2026-08-26,DXB-003,Dubai,CUST-00335,P002,Smartphone,Electronics,1,1771.7,0,1771.7,0.0,1771.7,Apple Pay,Store
TXN-0006319,2026-08-26,DXB-005,Dubai,CUST-03940,P008,Desk,Furniture,1,842.17,10,842.17,84.22,757.95,Bank Transfer,Store
TXN-0006349,2026-08-26,DXB-005,Dubai,CUST-04075,P010,Printer,Office,6,715.59,10,4293.55,429.35,3864.19,Bank Transfer,Store
TXN-0006455,2026-08-26,DXB-001,Dubai,CUST-07520,P007,Office Chair,Furniture,1,656.06,0,656.06,0.0,656.06,Cash,Store
TXN-0006500,2026-08-26,DXB-003,Dubai,CUST-01142,P008,Desk,Furniture,1,824.83,0,824.83,0.0,824.83,Bank Transfer,Online
TXN-0006528,2026-08-26,DXB-004,Dubai,CUST-05272,P015,Tablet,Electronics,1,1288.09,10,1288.09,128.81,1159.28,Bank Transfer,Online
TXN-0006563,2026-08-26,DXB-003,Dubai,CUST-00662,P003,Headphones,Electronics,2,352.92,0,705.84,0.0,705.84,Card,Store
TXN-0006581,2026-08-26,DXB-005,Dubai,CUST-00217,P010,Printer,Office,1,739.39,0,739.39,0.0,739.39,Apple Pay,Store
TXN-0006598,2026-08-26,DXB-005,Dubai,CUST-00752,P011,Notebook,Stationery,3,23.82,20,71.47,14.29,57.18,Apple Pay,Store
TXN-0006603,2026-08-26,DXB-002,Dubai,CUST-01103,P008,Desk,Furniture,1,691.11,5,691.11,34.56,656.56,Apple Pay,Store
TXN-0006617,2026-08-26,DXB-003,Dubai,CUST-03267,P007,Office Chair,Furniture,4,633.85,5,2535.4,126.77,2408.63,Card,Store
TXN-0006716,2026-08-26,DXB-002,Dubai,CUST-06748,P015,Tablet,Electronics,2,1238.46,0,2476.92,0.0,2476.92,Apple Pay,Store
TXN-0006799,2026-08-26,DXB-004,Dubai,CUST-04182,P005,Keyboard,Accessories,1,181.24,10,181.24,18.12,163.12,Bank Transfer,Store
TXN-0006829,2026-08-26,DXB-004,Dubai,CUST-02732,P014,Power Bank,Electronics,2,157.43,0,314.86,0.0,314.86,Card,Store
TXN-0006923,2026-08-26,DXB-004,Dubai,CUST-05625,P004,Monitor,Electronics,3,873.25,20,2619.76,523.95,2095.81,Cash,Store
TXN-0006947,2026-08-26,DXB-003,Dubai,CUST-01660,P006,Mouse,Accessories,1,96.77,0,96.77,0.0,96.77,Card,Store
TXN-0007019,2026-08-26,DXB-003,Dubai,CUST-02877,P004,Monitor,Electronics,1,936.98,10,936.98,93.7,843.28,Apple Pay,Store
TXN-0007066,2026-08-26,DXB-001,Dubai,CUST-05620,P008,Desk,Furniture,1,778.59,5,778.59,38.93,739.66,Card,Store
TXN-0007092,2026-08-26,DXB-002,Dubai,CUST-02281,P003,Headphones,Electronics,1,355.84,5,355.84,17.79,338.05,Cash,Store
TXN-0007094,2026-08-26,DXB-001,Dubai,CUST-05508,P001,Laptop,Electronics,3,2970.25,10,8910.74,891.07,8019.66,Bank Transfer,Store
TXN-0007187,2026-08-26,DXB-005,Dubai,CUST-07316,P011,Notebook,Stationery,1,23.56,10,23.56,2.36,21.2,Card,Store
TXN-0007191,2026-08-26,DXB-003,Dubai,CUST-03901,P004,Monitor,Electronics,3,876.06,5,2628.19,131.41,2496.78,Apple Pay,Store
TXN-0007269,2026-08-26,DXB-002,Dubai,CUST-04745,P012,Pen Pack,Stationery,2,15.22,5,30.44,1.52,28.91,Card,Store
TXN-0007325,2026-08-26,DXB-001,Dubai,CUST-01813,P005,Keyboard,Accessories,1,190.09,5,190.09,9.5,180.58,Cash,Store
TXN-0007440,2026-08-26,DXB-001,Dubai,CUST-01864,P014,Power Bank,Electronics,2,155.71,20,311.42,62.28,249.14,Card,Store
TXN-0007475,2026-08-26,DXB-002,Dubai,CUST-02843,P012,Pen Pack,Stationery,2,15.93,5,31.85,1.59,30.26,Apple Pay,Online
TXN-0007483,2026-08-26,DXB-002,Dubai,CUST-06646,P006,Mouse,Accessories,4,99.13,5,396.51,19.83,376.68,Card,Store
TXN-0007510,2026-08-26,DXB-004,Dubai,CUST-07274,P008,Desk,Furniture,1,766.09,0,766.09,0.0,766.09,Card,Store
TXN-0007513,2026-08-26,DXB-004,Dubai,CUST-02124,P011,Notebook,Stationery,2,28.34,5,56.68,2.83,53.84,Apple Pay,Online
TXN-0007523,2026-08-26,DXB-005,Dubai,CUST-03331,P010,Printer,Office,1,710.91,15,710.91,106.64,604.27,Card,Store
TXN-0007549,2026-08-26,DXB-004,Dubai,CUST-03889,P003,Headphones,Electronics,1,368.48,10,368.48,36.85,331.64,Card,Store
TXN-0007662,2026-08-26,DXB-003,Dubai,CUST-04834,P013,USB Drive,Accessories,1,44.67,10,44.67,4.47,40.2,Card,Store
TXN-0007668,2026-08-26,DXB-003,Dubai,CUST-02010,P007,Office Chair,Furniture,2,665.79,5,1331.58,66.58,1265.0,Cash,Store
TXN-0007722,2026-08-26,DXB-002,Dubai,CUST-01328,P002,Smartphone,Electronics,1,1767.38,15,1767.38,265.11,1502.28,Card,Online
TXN-0007740,2026-08-26,DXB-001,Dubai,CUST-04887,P001,Laptop,Electronics,1,2610.08,0,2610.08,0.0,2610.08,Cash,Store
TXN-0007765,2026-08-26,DXB-001,Dubai,CUST-03174,P004,Monitor,Electronics,3,914.3,15,2742.91,411.44,2331.47,Card,Store
TXN-0007768,2026-08-26,DXB-002,Dubai,CUST-07360,P005,Keyboard,Accessories,1,176.48,0,176.48,0.0,176.48,Card,Online
TXN-0007824,2026-08-26,DXB-005,Dubai,CUST-00893,P001,Laptop,Electronics,2,2855.13,10,5710.25,571.03,5139.23,Apple Pay,Store
TXN-0007976,2026-08-26,DXB-002,Dubai,CUST-04429,P015,Tablet,Electronics,5,1260.64,15,6303.21,945.48,5357.73,Apple Pay,Store
TXN-0007979,2026-08-26,DXB-001,Dubai,CUST-04339,P015,Tablet,Electronics,1,1349.95,0,1349.95,0.0,1349.95,Cash,Online
TXN-0008058,2026-08-26,DXB-003,Dubai,CUST-04075,P011,Notebook,Stationery,3,23.77,15,71.32,10.7,60.62,Card,Online
TXN-0008090,2026-08-26,DXB-003,Dubai,CUST-03846,P008,Desk,Furniture,1,697.05,0,697.05,0.0,697.05,Apple Pay,Store
TXN-0008169,2026-08-26,DXB-005,Dubai,CUST-02157,P001,Laptop,Electronics,1,2776.31,5,2776.31,138.82,2637.5,Bank Transfer,Store
TXN-0008181,2026-08-26,DXB-004,Dubai,CUST-03911,P015,Tablet,Electronics,1,1074.22,0,1074.22,0.0,1074.22,Apple Pay,Store
TXN-0008207,2026-08-26,DXB-004,Dubai,CUST-07417,P012,Pen Pack,Stationery,1,14.25,15,14.25,2.14,12.11,Card,Online
TXN-0008256,2026-08-26,DXB-002,Dubai,CUST-04494,P009,Backpack,Accessories,1,219.45,20,219.45,43.89,175.56,Cash,Store
TXN-0008290,2026-08-26,DXB-005,Dubai,CUST-05737,P009,Backpack,Accessories,2,213.21,0,426.43,0.0,426.43,Card,Online
TXN-0008307,2026-08-26,DXB-004,Dubai,CUST-05676,P009,Backpack,Accessories,2,236.56,10,473.12,47.31,425.8,Card,Store
TXN-0008308,2026-08-26,DXB-004,Dubai,CUST-02015,P011,Notebook,Stationery,1,23.25,0,23.25,0.0,23.25,Bank Transfer,Store
TXN-0008441,2026-08-26,DXB-005,Dubai,CUST-04767,P014,Power Bank,Electronics,3,149.99,5,449.96,22.5,427.46,Card,Store
TXN-0008465,2026-08-26,DXB-003,Dubai,CUST-03620,P003,Headphones,Electronics,6,325.09,10,1950.55,195.06,1755.5,Card,Store
TXN-0008486,2026-08-26,DXB-001,Dubai,CUST-06238,P006,Mouse,Accessories,5,104.08,10,520.42,52.04,468.38,Apple Pay,Online
TXN-0008516,2026-08-26,DXB-002,Dubai,CUST-00228,P010,Printer,Office,6,652.59,0,3915.52,0.0,3915.52,Card,Store
TXN-0008543,2026-08-26,DXB-002,Dubai,CUST-05602,P014,Power Bank,Electronics,1,152.23,10,152.23,15.22,137.01,Card,Store
TXN-0008544,2026-08-26,DXB-003,Dubai,CUST-00716,P004,Monitor,Electronics,1,921.88,0,921.88,0.0,921.88,Cash,Store
TXN-0008602,2026-08-26,DXB-005,Dubai,CUST-07444,P003,Headphones,Electronics,1,355.9,5,355.9,17.79,338.1,Card,Store
TXN-0008668,2026-08-26,DXB-005,Dubai,CUST-06549,P003,Headphones,Electronics,1,327.95,0,327.95,0.0,327.95,Card,Online
TXN-0008734,2026-08-26,DXB-001,Dubai,CUST-02148,P013,USB Drive,Accessories,1,42.88,5,42.88,2.14,40.74,Card,Online
TXN-0008768,2026-08-26,DXB-001,Dubai,CUST-02623,P004,Monitor,Electronics,1,845.07,0,845.07,0.0,845.07,Card,Store
TXN-0008810,2026-08-26,DXB-003,Dubai,CUST-02243,P009,Backpack,Accessories,1,217.98,0,217.98,0.0,217.98,Card,Store
TXN-0008815,2026-08-26,DXB-001,Dubai,CUST-05475,P004,Monitor,Electronics,2,700.53,10,1401.06,140.11,1260.95,Apple Pay,Store
TXN-0008994,2026-08-26,DXB-001,Dubai,CUST-01571,P005,Keyboard,Accessories,1,191.31,15,191.31,28.7,162.61,Apple Pay,Online
TXN-0009068,2026-08-26,DXB-002,Dubai,CUST-03888,P002,Smartphone,Electronics,1,1774.54,5,1774.54,88.73,1685.81,Card,Store
TXN-0009103,2026-08-26,DXB-001,Dubai,CUST-05566,P012,Pen Pack,Stationery,2,15.8,0,31.59,0.0,31.59,Card,Store
TXN-0009107,2026-08-26,DXB-005,Dubai,CUST-05881,P001,Laptop,Electronics,1,2803.1,15,2803.1,420.46,2382.63,Apple Pay,Store
TXN-0009228,2026-08-26,DXB-004,Dubai,CUST-00415,P004,Monitor,Electronics,2,909.1,0,1818.2,0.0,1818.2,Card,Store
TXN-0009235,2026-08-26,DXB-004,Dubai,CUST-06463,P014,Power Bank,Electronics,1,149.18,5,149.18,7.46,141.72,Bank Transfer,Store
TXN-0009257,2026-08-26,DXB-001,Dubai,CUST-03127,P012,Pen Pack,Stationery,1,15.32,0,15.32,0.0,15.32,Card,Store
TXN-0009286,2026-08-26,DXB-002,Dubai,CUST-02908,P005,Keyboard,Accessories,4,175.72,15,702.88,105.43,597.45,Card,Store
TXN-0009300,2026-08-26,DXB-004,Dubai,CUST-02997,P007,Office Chair,Furniture,1,665.18,5,665.18,33.26,631.92,Apple Pay,Store
TXN-0009382,2026-08-26,DXB-002,Dubai,CUST-03052,P014,Power Bank,Electronics,4,144.82,5,579.3,28.96,550.33,Card,Store
TXN-0009396,2026-08-26,DXB-002,Dubai,CUST-03179,P004,Monitor,Electronics,1,853.3,10,853.3,85.33,767.97,Apple Pay,Store
TXN-0009401,2026-08-26,DXB-004,Dubai,CUST-01886,P010,Printer,Office,4,698.37,20,2793.48,558.7,2234.78,Cash,Store
TXN-0009421,2026-08-26,DXB-001,Dubai,CUST-01487,P005,Keyboard,Accessories,2,178.44,10,356.88,35.69,321.19,Card,Store
TXN-0009513,2026-08-26,DXB-005,Dubai,CUST-07887,P009,Backpack,Accessories,1,206.2,5,206.2,10.31,195.89,Apple Pay,Store
TXN-0009525,2026-08-26,DXB-004,Dubai,CUST-04207,P013,USB Drive,Accessories,2,45.38,0,90.76,0.0,90.76,Cash,Store
TXN-0009555,2026-08-26,DXB-003,Dubai,CUST-06414,P008,Desk,Furniture,1,783.07,15,783.07,117.46,665.61,Card,Store
TXN-0009596,2026-08-26,DXB-001,Dubai,CUST-02395,P001,Laptop,Electronics,1,2640.64,15,2640.64,396.1,2244.54,Apple Pay,Online
TXN-0009609,2026-08-26,DXB-003,Dubai,CUST-02032,P004,Monitor,Electronics,5,823.07,10,4115.36,411.54,3703.83,Card,Store
TXN-0009645,2026-08-26,DXB-002,Dubai,CUST-01010,P005,Keyboard,Accessories,1,183.73,10,183.73,18.37,165.36,Cash,Store
TXN-0009714,2026-08-26,DXB-004,Dubai,CUST-01716,P010,Printer,Office,1,763.04,5,763.04,38.15,724.89,Bank Transfer,Online
TXN-0009785,2026-08-26,DXB-002,Dubai,CUST-05299,P014,Power Bank,Electronics,1,153.5,0,153.5,0.0,153.5,Apple Pay,Store
TXN-0009792,2026-08-26,DXB-002,Dubai,CUST-01320,P011,Notebook,Stationery,2,24.97,20,49.95,9.99,39.96,Apple Pay,Store
TXN-0009824,2026-08-26,DXB-004,Dubai,CUST-07215,P006,Mouse,Accessories,2,106.16,5,212.33,10.62,201.71,Cash,Store
TXN-0009850,2026-08-26,DXB-004,Dubai,CUST-07547,P009,Backpack,Accessories,1,215.94,5,215.94,10.8,205.15,Cash,Online
TXN-0009895,2026-08-26,DXB-001,Dubai,CUST-00723,P007,Office Chair,Furniture,1,640.92,10,640.92,64.09,576.82,Cash,Store
TXN-0009954,2026-08-26,DXB-005,Dubai,CUST-00488,P002,Smartphone,Electronics,4,1727.74,0,6910.97,0.0,6910.97,Card,Store
TXN-0009996,2026-08-26,DXB-003,Dubai,CUST-04106,P005,Keyboard,Accessories,1,185.24,0,185.24,0.0,185.24,Card,Store
TXN-0010047,2026-08-26,DXB-001,Dubai,CUST-05309,P009,Backpack,Accessories,1,225.71,15,225.71,33.86,191.86,Cash,Store
TXN-0010155,2026-08-26,DXB-002,Dubai,CUST-06582,P012,Pen Pack,Stationery,3,14.06,5,42.17,2.11,40.06,Apple Pay,Store
TXN-0010268,2026-08-26,DXB-004,Dubai,CUST-04113,P009,Backpack,Accessories,1,229.44,5,229.44,11.47,217.97,Cash,Online
TXN-0010306,2026-08-26,DXB-003,Dubai,CUST-05679,P010,Printer,Office,1,737.82,10,737.82,73.78,664.04,Card,Online
TXN-0010450,2026-08-26,DXB-004,Dubai,CUST-06187,P003,Headphones,Electronics,1,352.91,10,352.91,35.29,317.62,Card,Online
TXN-0010502,2026-08-26,DXB-002,Dubai,CUST-00579,P001,Laptop,Electronics,3,2900.29,0,8700.87,0.0,8700.87,Apple Pay,Store
TXN-0010541,2026-08-26,DXB-002,Dubai,CUST-02494,P001,Laptop,Electronics,1,2874.73,5,2874.73,143.74,2731.0,Card,Store
TXN-0010701,2026-08-26,DXB-004,Dubai,CUST-01438,P006,Mouse,Accessories,1,98.28,0,98.28,0.0,98.28,Card,Online
TXN-0010729,2026-08-26,DXB-001,Dubai,CUST-06572,P005,Keyboard,Accessories,1,183.62,10,183.62,18.36,165.26,Bank Transfer,Online
TXN-0010788,2026-08-26,DXB-005,Dubai,CUST-00828,P014,Power Bank,Electronics,2,152.19,5,304.39,15.22,289.17,Apple Pay,Store
TXN-0010832,2026-08-26,DXB-003,Dubai,CUST-01220,P015,Tablet,Electronics,2,1061.67,5,2123.33,106.17,2017.17,Card,Store
TXN-0010875,2026-08-26,DXB-003,Dubai,CUST-02213,P004,Monitor,Electronics,2,760.58,5,1521.15,76.06,1445.1,Card,Store
TXN-0010891,2026-08-26,DXB-003,Dubai,CUST-05968,P001,Laptop,Electronics,5,3033.64,5,15168.2,758.41,14409.79,Card,Store
TXN-0010935,2026-08-26,DXB-002,Dubai,CUST-02493,P007,Office Chair,Furniture,1,632.91,5,632.91,31.65,601.27,Cash,Store
TXN-0011007,2026-08-26,DXB-005,Dubai,CUST-00138,P001,Laptop,Electronics,2,2933.5,5,5866.99,293.35,5573.64,Apple Pay,Online
TXN-0011015,2026-08-26,DXB-001,Dubai,CUST-00700,P011,Notebook,Stationery,1,24.61,10,24.61,2.46,22.15,Card,Online
TXN-0011026,2026-08-26,DXB-002,Dubai,CUST-07278,P012,Pen Pack,Stationery,2,14.64,0,29.28,0.0,29.28,Card,Store
TXN-0011063,2026-08-26,DXB-001,Dubai,CUST-05636,P009,Backpack,Accessories,2,213.5,0,427.0,0.0,427.0,Cash,Store
TXN-0011077,2026-08-26,DXB-005,Dubai,CUST-02656,P004,Monitor,Electronics,1,836.23,20,836.23,167.25,668.99,Cash,Online
TXN-0011161,2026-08-26,DXB-004,Dubai,CUST-03468,P012,Pen Pack,Stationery,1,16.23,10,16.23,1.62,14.61,Cash,Store
TXN-0011200,2026-08-26,DXB-005,Dubai,CUST-03846,P006,Mouse,Accessories,2,95.85,5,191.69,9.58,182.11,Cash,Online
TXN-0011215,2026-08-26,DXB-003,Dubai,CUST-02359,P003,Headphones,Electronics,1,334.06,10,334.06,33.41,300.65,Card,Store
TXN-0011530,2026-08-26,DXB-004,Dubai,CUST-06935,P008,Desk,Furniture,4,813.07,5,3252.27,162.61,3089.66,Card,Online
TXN-0011566,2026-08-26,DXB-005,Dubai,CUST-04137,P002,Smartphone,Electronics,2,1865.43,0,3730.86,0.0,3730.86,Apple Pay,Store
TXN-0011580,2026-08-26,DXB-004,Dubai,CUST-00188,P003,Headphones,Electronics,1,361.1,0,361.1,0.0,361.1,Card,Store
TXN-0011645,2026-08-26,DXB-001,Dubai,CUST-00334,P015,Tablet,Electronics,1,1126.56,20,1126.56,225.31,901.25,Card,Store
TXN-0011653,2026-08-26,DXB-001,Dubai,CUST-00508,P009,Backpack,Accessories,1,216.15,15,216.15,32.42,183.73,Card,Online
TXN-0011678,2026-08-26,DXB-005,Dubai,CUST-07244,P010,Printer,Office,1,781.12,20,781.12,156.22,624.9,Cash,Store
TXN-0011721,2026-08-26,DXB-002,Dubai,CUST-05836,P012,Pen Pack,Stationery,3,14.43,0,43.28,0.0,43.28,Card,Store
TXN-0011735,2026-08-26,DXB-001,Dubai,CUST-06533,P001,Laptop,Electronics,2,2641.51,10,5283.02,528.3,4754.72,Apple Pay,Store
TXN-0011747,2026-08-26,DXB-003,Dubai,CUST-02341,P003,Headphones,Electronics,3,331.73,10,995.2,99.52,895.68,Bank Transfer,Online
TXN-0011752,2026-08-26,DXB-001,Dubai,CUST-07072,P013,USB Drive,Accessories,1,44.18,0,44.18,0.0,44.18,Apple Pay,Store
TXN-0011775,2026-08-26,DXB-001,Dubai,CUST-05162,P012,Pen Pack,Stationery,2,15.33,10,30.66,3.07,27.59,Card,Store
TXN-0011810,2026-08-26,DXB-004,Dubai,CUST-05509,P005,Keyboard,Accessories,1,182.04,15,182.04,27.31,154.73,Cash,Online
TXN-0011842,2026-08-26,DXB-001,Dubai,CUST-02271,P005,Keyboard,Accessories,3,166.41,5,499.23,24.96,474.27,Cash,Store
TXN-0011851,2026-08-26,DXB-004,Dubai,CUST-03769,P002,Smartphone,Electronics,6,1819.91,0,10919.47,0.0,10919.47,Apple Pay,Store
TXN-0011891,2026-08-26,DXB-001,Dubai,CUST-04336,P012,Pen Pack,Stationery,2,14.06,15,28.13,4.22,23.91,Apple Pay,Store
TXN-0011947,2026-08-26,DXB-002,Dubai,CUST-04704,P004,Monitor,Electronics,2,838.47,10,1676.93,167.69,1509.24,Bank Transfer,Store
TXN-0011987,2026-08-26,DXB-001,Dubai,CUST-07763,P003,Headphones,Electronics,3,351.46,5,1054.38,52.72,1001.66,Card,Store
TXN-0012041,2026-08-26,DXB-002,Dubai,CUST-07454,P014,Power Bank,Electronics,2,145.3,10,290.61,29.06,261.55,Card,Store
TXN-0012091,2026-08-26,DXB-002,Dubai,CUST-04677,P012,Pen Pack,Stationery,1,14.13,0,14.13,0.0,14.13,Apple Pay,Online
TXN-0012225,2026-08-26,DXB-003,Dubai,CUST-02768,P008,Desk,Furniture,1,810.25,5,810.25,40.51,769.74,Apple Pay,Store
TXN-0012233,2026-08-26,DXB-003,Dubai,CUST-00951,P006,Mouse,Accessories,1,105.4,15,105.4,15.81,89.59,Card,Store
TXN-0012239,2026-08-26,DXB-005,Dubai,CUST-04506,P001,Laptop,Electronics,2,2702.14,0,5404.28,0.0,5404.28,Card,Store
TXN-0012287,2026-08-26,DXB-005,Dubai,CUST-07362,P004,Monitor,Electronics,1,913.79,10,913.79,91.38,822.41,Cash,Store
TXN-0012393,2026-08-26,DXB-003,Dubai,CUST-04644,P006,Mouse,Accessories,1,106.24,15,106.24,15.94,90.3,Card,Online
TXN-0012459,2026-08-26,DXB-005,Dubai,CUST-07728,P007,Office Chair,Furniture,2,624.51,5,1249.01,62.45,1186.56,Card,Store
TXN-0012505,2026-08-26,DXB-005,Dubai,CUST-01129,P003,Headphones,Electronics,4,317.54,20,1270.16,254.03,1016.13,Cash,Store
TXN-0012537,2026-08-26,DXB-004,Dubai,CUST-02496,P002,Smartphone,Electronics,1,1778.59,5,1778.59,88.93,1689.66,Card,Store
TXN-0012667,2026-08-26,DXB-004,Dubai,CUST-00530,P006,Mouse,Accessories,1,97.89,5,97.89,4.89,92.99,Card,Store
TXN-0012668,2026-08-26,DXB-004,Dubai,CUST-04359,P011,Notebook,Stationery,2,24.65,0,49.3,0.0,49.3,Cash,Online
TXN-0012720,2026-08-26,DXB-001,Dubai,CUST-07295,P005,Keyboard,Accessories,1,168.73,15,168.73,25.31,143.42,Cash,Store
TXN-0012795,2026-08-26,DXB-005,Dubai,CUST-02280,P007,Office Chair,Furniture,4,606.33,0,2425.31,0.0,2425.31,Card,Store
TXN-0012858,2026-08-26,DXB-005,Dubai,CUST-01736,P004,Monitor,Electronics,1,870.22,0,870.22,0.0,870.22,Card,Online
TXN-0012896,2026-08-26,DXB-003,Dubai,CUST-04197,P002,Smartphone,Electronics,3,1719.53,5,5158.59,257.93,4900.66,Cash,Online
TXN-0012914,2026-08-26,DXB-004,Dubai,CUST-05481,P004,Monitor,Electronics,1,894.07,5,894.07,44.7,849.36,Card,Store
TXN-0012964,2026-08-26,DXB-005,Dubai,CUST-06460,P011,Notebook,Stationery,6,26.97,0,161.83,0.0,161.83,Cash,Store
TXN-0012996,2026-08-26,DXB-004,Dubai,CUST-05530,P001,Laptop,Electronics,2,2650.53,0,5301.07,0.0,5301.07,Cash,Store
TXN-0013032,2026-08-26,DXB-001,Dubai,CUST-03121,P014,Power Bank,Electronics,2,155.62,0,311.24,0.0,311.24,Cash,Store
TXN-0013073,2026-08-26,DXB-002,Dubai,CUST-04702,P010,Printer,Office,2,682.85,10,1365.69,136.57,1229.12,Card,Store
TXN-0013123,2026-08-26,DXB-004,Dubai,CUST-04575,P002,Smartphone,Electronics,1,1775.35,5,1775.35,88.77,1686.59,Cash,Store
TXN-0013170,2026-08-26,DXB-005,Dubai,CUST-00547,P002,Smartphone,Electronics,1,1941.17,15,1941.17,291.18,1650.0,Card,Store
TXN-0013336,2026-08-26,DXB-002,Dubai,CUST-05697,P013,USB Drive,Accessories,1,44.87,5,44.87,2.24,42.62,Card,Store
TXN-0013347,2026-08-26,DXB-001,Dubai,CUST-05272,P006,Mouse,Accessories,1,96.0,5,96.0,4.8,91.2,Cash,Store
TXN-0013380,2026-08-26,DXB-005,Dubai,CUST-04386,P002,Smartphone,Electronics,2,1794.63,0,3589.26,0.0,3589.26,Bank Transfer,Store
TXN-0013395,2026-08-26,DXB-002,Dubai,CUST-04830,P004,Monitor,Electronics,1,796.97,5,796.97,39.85,757.12,Cash,Store
TXN-0013405,2026-08-26,DXB-003,Dubai,CUST-03473,P004,Monitor,Electronics,3,896.18,5,2688.55,134.43,2554.13,Card,Store
TXN-0013509,2026-08-26,DXB-001,Dubai,CUST-03407,P014,Power Bank,Electronics,1,148.21,15,148.21,22.23,125.98,Card,Store
TXN-0013536,2026-08-26,DXB-001,Dubai,CUST-00664,P012,Pen Pack,Stationery,2,15.45,0,30.9,0.0,30.9,Bank Transfer,Store
TXN-0013546,2026-08-26,DXB-004,Dubai,CUST-04800,P015,Tablet,Electronics,1,1230.68,5,1230.68,61.53,1169.14,Apple Pay,Online
TXN-0013647,2026-08-26,DXB-001,Dubai,CUST-03410,P011,Notebook,Stationery,2,24.44,0,48.87,0.0,48.87,Card,Store
TXN-0013707,2026-08-26,DXB-004,Dubai,CUST-06388,P005,Keyboard,Accessories,1,195.43,20,195.43,39.09,156.34,Card,Store
TXN-0013729,2026-08-26,DXB-003,Dubai,CUST-06311,P002,Smartphone,Electronics,1,1831.98,5,1831.98,91.6,1740.38,Apple Pay,Online
TXN-0013737,2026-08-26,DXB-005,Dubai,CUST-01169,P010,Printer,Office,1,667.96,5,667.96,33.4,634.56,Bank Transfer,Online
TXN-0013783,2026-08-26,DXB-002,Dubai,CUST-05788,P010,Printer,Office,4,680.38,10,2721.54,272.15,2449.38,Card,Store
TXN-0013810,2026-08-26,DXB-001,Dubai,CUST-06545,P004,Monitor,Electronics,2,905.36,0,1810.72,0.0,1810.72,Apple Pay,Store
TXN-0013847,2026-08-26,DXB-004,Dubai,CUST-03931,P013,USB Drive,Accessories,1,47.44,0,47.44,0.0,47.44,Card,Store
TXN-0013912,2026-08-26,DXB-005,Dubai,CUST-05153,P001,Laptop,Electronics,4,2726.55,20,10906.21,2181.24,8724.97,Card,Store
TXN-0014182,2026-08-26,DXB-003,Dubai,CUST-07963,P002,Smartphone,Electronics,1,1824.05,10,1824.05,182.41,1641.65,Card,Online
TXN-0014194,2026-08-26,DXB-003,Dubai,CUST-02231,P008,Desk,Furniture,1,836.56,0,836.56,0.0,836.56,Card,Store
TXN-0014339,2026-08-26,DXB-003,Dubai,CUST-00732,P002,Smartphone,Electronics,1,1845.76,10,1845.76,184.58,1661.19,Apple Pay,Store
TXN-0014383,2026-08-26,DXB-001,Dubai,CUST-06643,P010,Printer,Office,1,750.98,0,750.98,0.0,750.98,Cash,Store
TXN-0014490,2026-08-26,DXB-003,Dubai,CUST-05463,P006,Mouse,Accessories,1,101.03,0,101.03,0.0,101.03,Bank Transfer,Online
TXN-0014559,2026-08-26,DXB-002,Dubai,CUST-02095,P015,Tablet,Electronics,2,1166.46,5,2332.92,116.65,2216.27,Card,Store
TXN-0014608,2026-08-26,DXB-005,Dubai,CUST-07786,P001,Laptop,Electronics,2,2953.11,5,5906.23,295.31,5610.92,Apple Pay,Store
TXN-0014696,2026-08-26,DXB-005,Dubai,CUST-05286,P003,Headphones,Electronics,1,338.64,10,338.64,33.86,304.78,Card,Online
TXN-0014722,2026-08-26,DXB-001,Dubai,CUST-01347,P010,Printer,Office,3,731.6,5,2194.81,109.74,2085.07,Card,Store
TXN-0014777,2026-08-26,DXB-003,Dubai,CUST-00269,P011,Notebook,Stationery,1,25.13,0,25.13,0.0,25.13,Card,Store
TXN-0014875,2026-08-26,DXB-001,Dubai,CUST-02133,P004,Monitor,Electronics,3,941.21,5,2823.64,141.18,2682.46,Card,Online
TXN-0014898,2026-08-26,DXB-004,Dubai,CUST-04488,P007,Office Chair,Furniture,4,658.5,10,2634.02,263.4,2370.62,Card,Store
TXN-0014954,2026-08-26,DXB-001,Dubai,CUST-02435,P011,Notebook,Stationery,2,24.51,10,49.02,4.9,44.11,Apple Pay,Store
TXN-0014977,2026-08-26,DXB-003,Dubai,CUST-04425,P009,Backpack,Accessories,3,206.62,5,619.87,30.99,588.88,Card,Online
TXN-0014999,2026-08-26,DXB-002,Dubai,CUST-03815,P006,Mouse,Accessories,1,96.14,10,96.14,9.61,86.52,Bank Transfer,Store
TXN-0015029,2026-08-26,DXB-003,Dubai,CUST-02395,P015,Tablet,Electronics,1,1263.81,10,1263.81,126.38,1137.43,Apple Pay,Store
TXN-0015035,2026-08-26,DXB-002,Dubai,CUST-04747,P014,Power Bank,Electronics,5,152.26,10,761.29,76.13,685.16,Cash,Online
TXN-0015089,2026-08-26,DXB-002,Dubai,CUST-04279,P003,Headphones,Electronics,1,372.11,5,372.11,18.61,353.51,Bank Transfer,Store
TXN-0015093,2026-08-26,DXB-002,Dubai,CUST-00700,P014,Power Bank,Electronics,1,144.9,15,144.9,21.73,123.16,Card,Online
TXN-0015293,2026-08-26,DXB-002,Dubai,CUST-04340,P007,Office Chair,Furniture,2,648.21,0,1296.43,0.0,1296.43,Apple Pay,Store
TXN-0015309,2026-08-26,DXB-002,Dubai,CUST-04043,P005,Keyboard,Accessories,6,196.72,0,1180.3,0.0,1180.3,Apple Pay,Store
TXN-0015329,2026-08-26,DXB-002,Dubai,CUST-02214,P011,Notebook,Stationery,1,24.27,0,24.27,0.0,24.27,Apple Pay,Store
TXN-0015335,2026-08-26,DXB-004,Dubai,CUST-00461,P015,Tablet,Electronics,1,1219.5,0,1219.5,0.0,1219.5,Apple Pay,Store
TXN-0015350,2026-08-26,DXB-003,Dubai,CUST-05363,P006,Mouse,Accessories,1,91.32,5,91.32,4.57,86.75,Card,Store
TXN-0015416,2026-08-26,DXB-005,Dubai,CUST-02458,P015,Tablet,Electronics,1,1073.52,10,1073.52,107.35,966.17,Card,Store
TXN-0015529,2026-08-26,DXB-003,Dubai,CUST-07173,P006,Mouse,Accessories,6,86.19,10,517.12,51.71,465.41,Card,Store
TXN-0015732,2026-08-26,DXB-004,Dubai,CUST-00433,P010,Printer,Office,1,666.18,0,666.18,0.0,666.18,Card,Store
TXN-0015779,2026-08-26,DXB-005,Dubai,CUST-05893,P006,Mouse,Accessories,1,100.38,15,100.38,15.06,85.32,Apple Pay,Store
TXN-0015793,2026-08-26,DXB-001,Dubai,CUST-01032,P014,Power Bank,Electronics,1,162.06,5,162.06,8.1,153.96,Card,Store
TXN-0015979,2026-08-26,DXB-005,Dubai,CUST-05327,P001,Laptop,Electronics,2,2953.62,5,5907.23,295.36,5611.87,Card,Store
TXN-0015996,2026-08-26,DXB-005,Dubai,CUST-00726,P007,Office Chair,Furniture,3,508.87,20,1526.62,305.32,1221.29,Cash,Store
TXN-0016562,2026-08-26,DXB-003,Dubai,CUST-00710,P008,Desk,Furniture,2,773.78,0,1547.55,0.0,1547.55,Cash,Store
TXN-0016608,2026-08-26,DXB-005,Dubai,CUST-06153,P012,Pen Pack,Stationery,1,16.38,5,16.38,0.82,15.56,Apple Pay,Store
TXN-0016660,2026-08-26,DXB-002,Dubai,CUST-01756,P001,Laptop,Electronics,1,2732.11,10,2732.11,273.21,2458.9,Card,Store
TXN-0016681,2026-08-26,DXB-004,Dubai,CUST-07444,P005,Keyboard,Accessories,3,173.48,0,520.44,0.0,520.44,Apple Pay,Store
TXN-0016887,2026-08-26,DXB-001,Dubai,CUST-07199,P010,Printer,Office,1,688.51,0,688.51,0.0,688.51,Card,Store
TXN-0016923,2026-08-26,DXB-002,Dubai,CUST-02043,P001,Laptop,Electronics,1,3006.01,10,3006.01,300.6,2705.41,Card,Store
TXN-0017041,2026-08-26,DXB-002,Dubai,CUST-00120,P011,Notebook,Stationery,5,24.86,5,124.32,6.22,118.1,Card,Store
TXN-0017117,2026-08-26,DXB-001,Dubai,CUST-07752,P006,Mouse,Accessories,6,95.33,0,571.98,0.0,571.98,Cash,Store
TXN-0017272,2026-08-26,DXB-004,Dubai,CUST-01965,P004,Monitor,Electronics,2,923.82,0,1847.63,0.0,1847.63,Card,Store
TXN-0017351,2026-08-26,DXB-004,Dubai,CUST-02237,P010,Printer,Office,1,734.18,0,734.18,0.0,734.18,Card,Store
TXN-0017395,2026-08-26,DXB-001,Dubai,CUST-02505,P010,Printer,Office,1,752.73,0,752.73,0.0,752.73,Cash,Store
TXN-0017410,2026-08-26,DXB-001,Dubai,CUST-04759,P009,Backpack,Accessories,2,191.31,5,382.62,19.13,363.49,Cash,Online
TXN-0017423,2026-08-26,DXB-003,Dubai,CUST-01792,P010,Printer,Office,2,681.37,10,1362.73,136.27,1226.46,Cash,Online
TXN-0017468,2026-08-26,DXB-002,Dubai,CUST-07543,P009,Backpack,Accessories,3,227.53,10,682.58,68.26,614.32,Card,Store
TXN-0017569,2026-08-26,DXB-002,Dubai,CUST-04866,P004,Monitor,Electronics,1,901.74,15,901.74,135.26,766.48,Card,Store
TXN-0017593,2026-08-26,DXB-002,Dubai,CUST-01446,P009,Backpack,Accessories,2,196.49,5,392.98,19.65,373.33,Cash,Store
TXN-0017594,2026-08-26,DXB-001,Dubai,CUST-04338,P009,Backpack,Accessories,3,216.58,10,649.75,64.98,584.78,Card,Online
TXN-0017732,2026-08-26,DXB-004,Dubai,CUST-04313,P015,Tablet,Electronics,1,1270.26,5,1270.26,63.51,1206.75,Card,Store
TXN-0017737,2026-08-26,DXB-005,Dubai,CUST-06914,P002,Smartphone,Electronics,2,1665.96,15,3331.92,499.79,2832.13,Card,Store
TXN-0017841,2026-08-26,DXB-004,Dubai,CUST-03662,P009,Backpack,Accessories,3,242.09,20,726.28,145.26,581.02,Card,Store
TXN-0017852,2026-08-26,DXB-005,Dubai,CUST-07631,P014,Power Bank,Electronics,2,165.54,0,331.09,0.0,331.09,Bank Transfer,Store
TXN-0017871,2026-08-26,DXB-003,Dubai,CUST-06070,P004,Monitor,Electronics,1,932.92,10,932.92,93.29,839.63,Apple Pay,Store
TXN-0017905,2026-08-26,DXB-003,Dubai,CUST-06673,P015,Tablet,Electronics,2,1244.38,15,2488.76,373.31,2115.44,Card,Store
TXN-0017910,2026-08-26,DXB-001,Dubai,CUST-07668,P004,Monitor,Electronics,5,920.79,5,4603.95,230.2,4373.75,Cash,Online
TXN-0017941,2026-08-26,DXB-001,Dubai,CUST-06327,P013,USB Drive,Accessories,1,39.83,10,39.83,3.98,35.85,Card,Online
TXN-0017996,2026-08-26,DXB-001,Dubai,CUST-05050,P010,Printer,Office,2,679.19,15,1358.39,203.76,1154.63,Card,Store
TXN-0018093,2026-08-26,DXB-001,Dubai,CUST-00605,P008,Desk,Furniture,2,768.56,0,1537.13,0.0,1537.13,Card,Online
TXN-0018101,2026-08-26,DXB-004,Dubai,CUST-04006,P009,Backpack,Accessories,4,207.51,10,830.06,83.01,747.05,Cash,Store
TXN-0018126,2026-08-26,DXB-001,Dubai,CUST-01979,P008,Desk,Furniture,2,740.92,10,1481.84,148.18,1333.66,Card,Store
TXN-0018162,2026-08-26,DXB-001,Dubai,CUST-05582,P012,Pen Pack,Stationery,1,13.06,10,13.06,1.31,11.75,Apple Pay,Store
TXN-0018206,2026-08-26,DXB-003,Dubai,CUST-02664,P011,Notebook,Stationery,1,24.54,5,24.54,1.23,23.31,Card,Store
TXN-0018228,2026-08-26,DXB-002,Dubai,CUST-04473,P007,Office Chair,Furniture,5,658.6,15,3293.01,493.95,2799.06,Apple Pay,Store
TXN-0018251,2026-08-26,DXB-002,Dubai,CUST-05192,P004,Monitor,Electronics,2,845.16,10,1690.31,169.03,1521.28,Apple Pay,Store
TXN-0018310,2026-08-26,DXB-001,Dubai,CUST-07858,P015,Tablet,Electronics,1,1112.0,0,1112.0,0.0,1112.0,Cash,Online
TXN-0018373,2026-08-26,DXB-003,Dubai,CUST-03447,P012,Pen Pack,Stationery,1,14.22,5,14.22,0.71,13.51,Card,Store
TXN-0018379,2026-08-26,DXB-005,Dubai,CUST-06047,P014,Power Bank,Electronics,4,150.84,0,603.34,0.0,603.34,Card,Store
TXN-0018382,2026-08-26,DXB-005,Dubai,CUST-00367,P004,Monitor,Electronics,1,921.57,0,921.57,0.0,921.57,Card,Store
TXN-0018401,2026-08-26,DXB-002,Dubai,CUST-00149,P014,Power Bank,Electronics,1,158.68,10,158.68,15.87,142.81,Cash,Online
TXN-0018493,2026-08-26,DXB-004,Dubai,CUST-00736,P013,USB Drive,Accessories,3,46.06,5,138.18,6.91,131.27,Card,Store
TXN-0018494,2026-08-26,DXB-003,Dubai,CUST-06213,P005,Keyboard,Accessories,4,177.71,10,710.85,71.09,639.77,Card,Store
TXN-0018534,2026-08-26,DXB-002,Dubai,CUST-02852,P008,Desk,Furniture,1,842.3,10,842.3,84.23,758.07,Card,Online
TXN-0018566,2026-08-26,DXB-004,Dubai,CUST-04814,P001,Laptop,Electronics,3,2546.07,5,7638.22,381.91,7256.31,Apple Pay,Store
TXN-0018612,2026-08-26,DXB-003,Dubai,CUST-04659,P009,Backpack,Accessories,2,228.7,5,457.39,22.87,434.52,Cash,Store
TXN-0018650,2026-08-26,DXB-001,Dubai,CUST-01434,P003,Headphones,Electronics,1,315.21,0,315.21,0.0,315.21,Card,Online
TXN-0018653,2026-08-26,DXB-004,Dubai,CUST-05443,P014,Power Bank,Electronics,2,147.12,15,294.24,44.14,250.11,Apple Pay,Store
TXN-0018762,2026-08-26,DXB-001,Dubai,CUST-03713,P014,Power Bank,Electronics,2,152.98,15,305.96,45.89,260.07,Cash,Store
TXN-0018767,2026-08-26,DXB-002,Dubai,CUST-03360,P009,Backpack,Accessories,1,218.86,10,218.86,21.89,196.97,Card,Store
TXN-0018770,2026-08-26,DXB-004,Dubai,CUST-00019,P008,Desk,Furniture,1,794.53,5,794.53,39.73,754.8,Card,Store
TXN-0018808,2026-08-26,DXB-001,Dubai,CUST-06821,P015,Tablet,Electronics,2,1138.63,15,2277.27,341.59,1935.68,Card,Online
TXN-0018843,2026-08-26,DXB-001,Dubai,CUST-07320,P010,Printer,Office,1,795.76,10,795.76,79.58,716.18,Card,Store
TXN-0018907,2026-08-26,DXB-003,Dubai,CUST-02395,P007,Office Chair,Furniture,1,675.23,0,675.23,0.0,675.23,Cash,Store
TXN-0019029,2026-08-26,DXB-004,Dubai,CUST-06386,P007,Office Chair,Furniture,2,677.84,15,1355.67,203.35,1152.32,Card,Online
TXN-0019373,2026-08-26,DXB-004,Dubai,CUST-05183,P009,Backpack,Accessories,3,220.88,5,662.64,33.13,629.51,Card,Store
TXN-0019394,2026-08-26,DXB-004,Dubai,CUST-04472,P003,Headphones,Electronics,4,344.96,5,1379.86,68.99,1310.86,Card,Store
TXN-0019651,2026-08-26,DXB-001,Dubai,CUST-01722,P008,Desk,Furniture,1,777.87,0,777.87,0.0,777.87,Card,Store
TXN-0019676,2026-08-26,DXB-001,Dubai,CUST-04677,P015,Tablet,Electronics,1,1176.97,10,1176.97,117.7,1059.27,Card,Online
TXN-0019681,2026-08-26,DXB-001,Dubai,CUST-04682,P006,Mouse,Accessories,2,95.05,10,190.1,19.01,171.09,Card,Store
TXN-0019709,2026-08-26,DXB-003,Dubai,CUST-04011,P001,Laptop,Electronics,1,2822.46,5,2822.46,141.12,2681.33,Cash,Store
TXN-0019912,2026-08-26,DXB-002,Dubai,CUST-02885,P006,Mouse,Accessories,1,100.16,0,100.16,0.0,100.16,Apple Pay,Online
TXN-0020000,2026-08-26,DXB-003,Dubai,CUST-04648,P004,Monitor,Electronics,2,964.41,10,1928.82,192.88,1735.94,Cash,Store
TXN-0020007,2026-08-26,DXB-002,Dubai,CUST-06638,P013,USB Drive,Accessories,1,46.18,0,46.18,0.0,46.18,Apple Pay,Store
TXN-0020092,2026-08-26,DXB-001,Dubai,CUST-05515,P013,USB Drive,Accessories,5,44.76,5,223.8,11.19,212.61,Card,Store
TXN-0020119,2026-08-26,DXB-001,Dubai,CUST-02736,P006,Mouse,Accessories,1,93.08,5,93.08,4.65,88.43,Cash,Online
TXN-0020302,2026-08-26,DXB-005,Dubai,CUST-03252,P004,Monitor,Electronics,1,762.74,0,762.74,0.0,762.74,Bank Transfer,Store
TXN-0020335,2026-08-26,DXB-003,Dubai,CUST-05177,P008,Desk,Furniture,2,791.87,5,1583.74,79.19,1504.56,Card,Store
TXN-0020357,2026-08-26,DXB-003,Dubai,CUST-03325,P002,Smartphone,Electronics,2,1900.21,10,3800.41,380.04,3420.37,Apple Pay,Store
TXN-0020388,2026-08-26,DXB-001,Dubai,CUST-04373,P007,Office Chair,Furniture,1,630.61,10,630.61,63.06,567.55,Card,Store
TXN-0020461,2026-08-26,DXB-005,Dubai,CUST-06797,P003,Headphones,Electronics,3,382.02,0,1146.07,0.0,1146.07,Card,Store
TXN-0020534,2026-08-26,DXB-002,Dubai,CUST-07999,P007,Office Chair,Furniture,1,603.0,5,603.0,30.15,572.85,Apple Pay,Online
TXN-0020556,2026-08-26,DXB-003,Dubai,CUST-06076,P009,Backpack,Accessories,1,229.44,0,229.44,0.0,229.44,Card,Store
TXN-0020593,2026-08-26,DXB-005,Dubai,CUST-07695,P003,Headphones,Electronics,1,373.42,15,373.42,56.01,317.41,Bank Transfer,Store
TXN-0020657,2026-08-26,DXB-005,Dubai,CUST-00339,P003,Headphones,Electronics,1,393.5,0,393.5,0.0,393.5,Card,Online
TXN-0020669,2026-08-26,DXB-002,Dubai,CUST-04038,P006,Mouse,Accessories,1,104.29,0,104.29,0.0,104.29,Cash,Store
TXN-0020683,2026-08-26,DXB-005,Dubai,CUST-05092,P002,Smartphone,Electronics,1,1722.96,5,1722.96,86.15,1636.81,Cash,Online
TXN-0020693,2026-08-26,DXB-003,Dubai,CUST-00088,P003,Headphones,Electronics,6,316.74,10,1900.44,190.04,1710.39,Cash,Online
TXN-0020710,2026-08-26,DXB-002,Dubai,CUST-04647,P003,Headphones,Electronics,1,361.23,0,361.23,0.0,361.23,Card,Store
TXN-0020819,2026-08-26,DXB-001,Dubai,CUST-05286,P010,Printer,Office,1,655.76,5,655.76,32.79,622.97,Card,Store
TXN-0020834,2026-08-26,DXB-002,Dubai,CUST-06471,P012,Pen Pack,Stationery,3,14.18,0,42.54,0.0,42.54,Cash,Store
TXN-0020853,2026-08-26,DXB-002,Dubai,CUST-06439,P007,Office Chair,Furniture,1,663.17,5,663.17,33.16,630.01,Card,Store
TXN-0020902,2026-08-26,DXB-005,Dubai,CUST-03451,P014,Power Bank,Electronics,1,149.98,10,149.98,15.0,134.98,Card,Store
TXN-0020938,2026-08-26,DXB-003,Dubai,CUST-01171,P010,Printer,Office,3,675.38,10,2026.15,202.61,1823.53,Card,Store
TXN-0021031,2026-08-26,DXB-004,Dubai,CUST-01955,P012,Pen Pack,Stationery,4,14.23,0,56.92,0.0,56.92,Apple Pay,Store
TXN-0021048,2026-08-26,DXB-003,Dubai,CUST-05636,P004,Monitor,Electronics,1,871.16,15,871.16,130.67,740.49,Cash,Store
TXN-0021084,2026-08-26,DXB-005,Dubai,CUST-05254,P004,Monitor,Electronics,3,908.25,0,2724.74,0.0,2724.74,Card,Online
TXN-0021168,2026-08-26,DXB-004,Dubai,CUST-01380,P013,USB Drive,Accessories,2,37.91,0,75.82,0.0,75.82,Card,Store
TXN-0021185,2026-08-26,DXB-002,Dubai,CUST-04089,P012,Pen Pack,Stationery,1,12.84,0,12.84,0.0,12.84,Card,Online
TXN-0021196,2026-08-26,DXB-002,Dubai,CUST-04346,P014,Power Bank,Electronics,2,143.4,15,286.81,43.02,243.79,Apple Pay,Store
TXN-0021237,2026-08-26,DXB-001,Dubai,CUST-03744,P011,Notebook,Stationery,3,28.1,20,84.31,16.86,67.45,Apple Pay,Store
TXN-0021320,2026-08-26,DXB-002,Dubai,CUST-01904,P008,Desk,Furniture,2,789.71,15,1579.43,236.91,1342.52,Card,Store
TXN-0021378,2026-08-26,DXB-004,Dubai,CUST-04991,P009,Backpack,Accessories,3,238.14,5,714.43,35.72,678.71,Bank Transfer,Store
TXN-0021394,2026-08-26,DXB-003,Dubai,CUST-01376,P005,Keyboard,Accessories,5,169.99,10,849.95,85.0,764.96,Card,Online
TXN-0021461,2026-08-26,DXB-004,Dubai,CUST-00184,P008,Desk,Furniture,2,710.73,10,1421.46,142.15,1279.32,Card,Online
TXN-0021471,2026-08-26,DXB-005,Dubai,CUST-02163,P008,Desk,Furniture,2,774.57,0,1549.13,0.0,1549.13,Apple Pay,Store
TXN-0021472,2026-08-26,DXB-003,Dubai,CUST-02515,P003,Headphones,Electronics,3,352.95,10,1058.84,105.88,952.96,Card,Store
TXN-0021512,2026-08-26,DXB-001,Dubai,CUST-05418,P008,Desk,Furniture,2,834.84,10,1669.69,166.97,1502.72,Card,Store
TXN-0021556,2026-08-26,DXB-002,Dubai,CUST-00096,P009,Backpack,Accessories,1,198.13,5,198.13,9.91,188.23,Card,Store
TXN-0021562,2026-08-26,DXB-005,Dubai,CUST-07209,P013,USB Drive,Accessories,1,52.85,15,52.85,7.93,44.92,Card,Store
TXN-0021723,2026-08-26,DXB-002,Dubai,CUST-02388,P012,Pen Pack,Stationery,3,15.58,10,46.75,4.67,42.07,Apple Pay,Store
TXN-0021788,2026-08-26,DXB-005,Dubai,CUST-04150,P011,Notebook,Stationery,2,26.02,10,52.04,5.2,46.83,Apple Pay,Online
TXN-0021808,2026-08-26,DXB-005,Dubai,CUST-03211,P007,Office Chair,Furniture,2,567.78,0,1135.55,0.0,1135.55,Bank Transfer,Store
TXN-0021847,2026-08-26,DXB-003,Dubai,CUST-02875,P008,Desk,Furniture,6,856.53,0,5139.19,0.0,5139.19,Apple Pay,Store
TXN-0021886,2026-08-26,DXB-003,Dubai,CUST-01178,P005,Keyboard,Accessories,1,196.44,0,196.44,0.0,196.44,Cash,Store
TXN-0022081,2026-08-26,DXB-003,Dubai,CUST-00992,P003,Headphones,Electronics,2,369.56,0,739.12,0.0,739.12,Card,Store
TXN-0022189,2026-08-26,DXB-001,Dubai,CUST-05135,P003,Headphones,Electronics,1,392.51,0,392.51,0.0,392.51,Apple Pay,Store
TXN-0022278,2026-08-26,DXB-001,Dubai,CUST-02038,P014,Power Bank,Electronics,4,145.57,0,582.27,0.0,582.27,Apple Pay,Online
TXN-0022437,2026-08-26,DXB-004,Dubai,CUST-02875,P003,Headphones,Electronics,3,348.7,0,1046.09,0.0,1046.09,Cash,Store
TXN-0022448,2026-08-26,DXB-002,Dubai,CUST-07118,P006,Mouse,Accessories,4,103.26,0,413.04,0.0,413.04,Card,Store
TXN-0022492,2026-08-26,DXB-003,Dubai,CUST-00898,P010,Printer,Office,2,748.82,5,1497.63,74.88,1422.75,Cash,Store
TXN-0022510,2026-08-26,DXB-003,Dubai,CUST-03774,P012,Pen Pack,Stationery,1,13.63,0,13.63,0.0,13.63,Apple Pay,Online
TXN-0022525,2026-08-26,DXB-005,Dubai,CUST-07427,P006,Mouse,Accessories,1,101.11,0,101.11,0.0,101.11,Cash,Online
TXN-0022565,2026-08-26,DXB-002,Dubai,CUST-04784,P003,Headphones,Electronics,3,351.28,10,1053.85,105.38,948.46,Card,Store
TXN-0022676,2026-08-26,DXB-002,Dubai,CUST-02572,P011,Notebook,Stationery,4,24.08,10,96.33,9.63,86.69,Apple Pay,Store
TXN-0022681,2026-08-26,DXB-005,Dubai,CUST-07057,P003,Headphones,Electronics,2,334.64,0,669.29,0.0,669.29,Card,Online
TXN-0022715,2026-08-26,DXB-002,Dubai,CUST-04389,P002,Smartphone,Electronics,3,1753.73,0,5261.19,0.0,5261.19,Cash,Online
TXN-0022729,2026-08-26,DXB-003,Dubai,CUST-03973,P001,Laptop,Electronics,1,3035.08,10,3035.08,303.51,2731.57,Bank Transfer,Store
TXN-0022765,2026-08-26,DXB-003,Dubai,CUST-04160,P010,Printer,Office,1,682.35,0,682.35,0.0,682.35,Card,Store
TXN-0022873,2026-08-26,DXB-004,Dubai,CUST-07911,P012,Pen Pack,Stationery,1,14.51,15,14.51,2.18,12.33,Apple Pay,Store
TXN-0022899,2026-08-26,DXB-005,Dubai,CUST-06493,P004,Monitor,Electronics,1,893.6,15,893.6,134.04,759.56,Cash,Online
TXN-0022963,2026-08-26,DXB-005,Dubai,CUST-06229,P012,Pen Pack,Stationery,2,14.47,15,28.93,4.34,24.59,Card,Store
TXN-0022977,2026-08-26,DXB-003,Dubai,CUST-04022,P004,Monitor,Electronics,1,913.74,15,913.74,137.06,776.68,Card,Store
TXN-0022995,2026-08-26,DXB-001,Dubai,CUST-02942,P011,Notebook,Stationery,1,23.8,5,23.8,1.19,22.61,Card,Online
TXN-0023006,2026-08-26,DXB-001,Dubai,CUST-07668,P004,Monitor,Electronics,4,890.25,0,3560.98,0.0,3560.98,Apple Pay,Store
TXN-0023196,2026-08-26,DXB-002,Dubai,CUST-03981,P011,Notebook,Stationery,1,25.72,20,25.72,5.14,20.58,Apple Pay,Store
TXN-0023231,2026-08-26,DXB-003,Dubai,CUST-07936,P001,Laptop,Electronics,1,2606.04,15,2606.04,390.91,2215.14,Card,Store
TXN-0023341,2026-08-26,DXB-002,Dubai,CUST-03981,P013,USB Drive,Accessories,1,45.38,10,45.38,4.54,40.85,Cash,Online
TXN-0023346,2026-08-26,DXB-001,Dubai,CUST-03701,P007,Office Chair,Furniture,3,675.35,10,2026.04,202.6,1823.44,Bank Transfer,Online
TXN-0023349,2026-08-26,DXB-005,Dubai,CUST-02846,P015,Tablet,Electronics,1,1167.44,5,1167.44,58.37,1109.07,Card,Online
TXN-0023435,2026-08-26,DXB-005,Dubai,CUST-04299,P010,Printer,Office,1,690.07,5,690.07,34.5,655.56,Cash,Store
TXN-0023457,2026-08-26,DXB-001,Dubai,CUST-06126,P011,Notebook,Stationery,2,24.49,0,48.97,0.0,48.97,Card,Store
TXN-0023524,2026-08-26,DXB-004,Dubai,CUST-04071,P001,Laptop,Electronics,2,2858.15,5,5716.29,285.81,5430.48,Apple Pay,Store
TXN-0023525,2026-08-26,DXB-001,Dubai,CUST-06858,P009,Backpack,Accessories,1,219.43,0,219.43,0.0,219.43,Card,Store
TXN-0023624,2026-08-26,DXB-005,Dubai,CUST-07485,P005,Keyboard,Accessories,1,153.22,0,153.22,0.0,153.22,Card,Store
TXN-0023654,2026-08-26,DXB-004,Dubai,CUST-02714,P004,Monitor,Electronics,1,859.34,20,859.34,171.87,687.47,Apple Pay,Store
TXN-0023669,2026-08-26,DXB-003,Dubai,CUST-05300,P004,Monitor,Electronics,5,910.04,5,4550.19,227.51,4322.68,Card,Store
TXN-0023711,2026-08-26,DXB-002,Dubai,CUST-04417,P013,USB Drive,Accessories,2,43.1,0,86.2,0.0,86.2,Apple Pay,Store
TXN-0023761,2026-08-26,DXB-001,Dubai,CUST-00871,P014,Power Bank,Electronics,2,150.38,0,300.76,0.0,300.76,Cash,Online
TXN-0023867,2026-08-26,DXB-001,Dubai,CUST-02031,P011,Notebook,Stationery,4,23.74,15,94.96,14.24,80.71,Card,Online
TXN-0023956,2026-08-26,DXB-001,Dubai,CUST-04335,P003,Headphones,Electronics,1,326.41,5,326.41,16.32,310.09,Bank Transfer,Online
TXN-0024056,2026-08-26,DXB-002,Dubai,CUST-07598,P015,Tablet,Electronics,1,1239.6,0,1239.6,0.0,1239.6,Card,Store
TXN-0024073,2026-08-26,DXB-004,Dubai,CUST-03018,P004,Monitor,Electronics,2,844.97,0,1689.93,0.0,1689.93,Card,Store
TXN-0024274,2026-08-26,DXB-005,Dubai,CUST-01848,P009,Backpack,Accessories,4,223.05,10,892.19,89.22,802.97,Card,Store
TXN-0024334,2026-08-26,DXB-003,Dubai,CUST-05171,P013,USB Drive,Accessories,1,44.73,0,44.73,0.0,44.73,Apple Pay,Store
TXN-0024453,2026-08-26,DXB-003,Dubai,CUST-05235,P015,Tablet,Electronics,4,1232.32,10,4929.3,492.93,4436.37,Cash,Online
TXN-0024497,2026-08-26,DXB-005,Dubai,CUST-00414,P015,Tablet,Electronics,4,1153.54,0,4614.16,0.0,4614.16,Card,Store
TXN-0024524,2026-08-26,DXB-001,Dubai,CUST-06414,P005,Keyboard,Accessories,1,180.12,10,180.12,18.01,162.11,Cash,Store
TXN-0024638,2026-08-26,DXB-003,Dubai,CUST-07264,P003,Headphones,Electronics,3,367.38,5,1102.14,55.11,1047.03,Cash,Online
TXN-0024713,2026-08-26,DXB-002,Dubai,CUST-05209,P001,Laptop,Electronics,4,2456.86,0,9827.42,0.0,9827.42,Bank Transfer,Online
TXN-0024890,2026-08-26,DXB-003,Dubai,CUST-06815,P010,Printer,Office,1,634.05,5,634.05,31.7,602.35,Card,Store
TXN-0024895,2026-08-26,DXB-001,Dubai,CUST-07219,P004,Monitor,Electronics,1,966.51,10,966.51,96.65,869.86,Card,Store
TXN-0024960,2026-08-26,DXB-003,Dubai,CUST-04977,P014,Power Bank,Electronics,5,151.43,10,757.13,75.71,681.42,Cash,Store
TXN-0024961,2026-08-26,DXB-005,Dubai,CUST-00632,P006,Mouse,Accessories,2,99.35,10,198.69,19.87,178.82,Apple Pay,Online
TXN-0025068,2026-08-26,DXB-005,Dubai,CUST-05903,P013,USB Drive,Accessories,1,43.4,0,43.4,0.0,43.4,Card,Store
TXN-0025109,2026-08-26,DXB-001,Dubai,CUST-04812,P011,Notebook,Stationery,1,25.06,15,25.06,3.76,21.3,Card,Store
TXN-0025119,2026-08-26,DXB-001,Dubai,CUST-06059,P003,Headphones,Electronics,2,378.14,20,756.28,151.26,605.02,Card,Store
TXN-0025140,2026-08-26,DXB-005,Dubai,CUST-06371,P008,Desk,Furniture,1,781.31,0,781.31,0.0,781.31,Card,Online
TXN-0025160,2026-08-26,DXB-004,Dubai,CUST-04377,P003,Headphones,Electronics,3,331.34,5,994.01,49.7,944.31,Card,Store
TXN-0025176,2026-08-26,DXB-001,Dubai,CUST-07472,P009,Backpack,Accessories,1,224.87,20,224.87,44.97,179.9,Card,Store
TXN-0025236,2026-08-26,DXB-004,Dubai,CUST-01994,P004,Monitor,Electronics,1,863.38,15,863.38,129.51,733.87,Card,Store
TXN-0025312,2026-08-26,DXB-001,Dubai,CUST-05226,P001,Laptop,Electronics,4,2788.57,10,11154.28,1115.43,10038.85,Card,Store
TXN-0025372,2026-08-26,DXB-002,Dubai,CUST-07783,P007,Office Chair,Furniture,4,664.89,5,2659.57,132.98,2526.59,Card,Store
TXN-0025423,2026-08-26,DXB-003,Dubai,CUST-01493,P008,Desk,Furniture,1,927.33,15,927.33,139.1,788.23,Card,Store
TXN-0025550,2026-08-26,DXB-001,Dubai,CUST-07084,P014,Power Bank,Electronics,1,150.96,0,150.96,0.0,150.96,Cash,Store
TXN-0025558,2026-08-26,DXB-005,Dubai,CUST-07887,P007,Office Chair,Furniture,1,698.71,10,698.71,69.87,628.84,Apple Pay,Store
TXN-0025597,2026-08-26,DXB-001,Dubai,CUST-02903,P005,Keyboard,Accessories,2,175.14,5,350.28,17.51,332.77,Apple Pay,Store
TXN-0025661,2026-08-26,DXB-005,Dubai,CUST-07244,P006,Mouse,Accessories,1,109.72,10,109.72,10.97,98.75,Card,Store
TXN-0025691,2026-08-26,DXB-002,Dubai,CUST-02575,P012,Pen Pack,Stationery,2,14.86,20,29.73,5.95,23.78,Card,Store
TXN-0025783,2026-08-26,DXB-005,Dubai,CUST-02911,P007,Office Chair,Furniture,1,644.06,0,644.06,0.0,644.06,Cash,Online
TXN-0025866,2026-08-26,DXB-003,Dubai,CUST-06135,P010,Printer,Office,1,672.46,20,672.46,134.49,537.97,Cash,Store
TXN-0025892,2026-08-26,DXB-004,Dubai,CUST-03797,P003,Headphones,Electronics,3,345.35,10,1036.05,103.61,932.45,Card,Store
TXN-0025982,2026-08-26,DXB-004,Dubai,CUST-02065,P011,Notebook,Stationery,2,27.12,0,54.24,0.0,54.24,Cash,Store
TXN-0026056,2026-08-26,DXB-003,Dubai,CUST-02715,P010,Printer,Office,1,731.78,20,731.78,146.36,585.43,Card,Online
TXN-0026084,2026-08-26,DXB-002,Dubai,CUST-04648,P004,Monitor,Electronics,1,938.77,0,938.77,0.0,938.77,Bank Transfer,Store
TXN-0026263,2026-08-26,DXB-003,Dubai,CUST-05350,P015,Tablet,Electronics,4,1233.56,0,4934.22,0.0,4934.22,Bank Transfer,Online
TXN-0026313,2026-08-26,DXB-004,Dubai,CUST-00992,P009,Backpack,Accessories,1,227.12,10,227.12,22.71,204.41,Bank Transfer,Store
TXN-0026317,2026-08-26,DXB-003,Dubai,CUST-05547,P013,USB Drive,Accessories,5,43.73,5,218.63,10.93,207.7,Apple Pay,Online
TXN-0026338,2026-08-26,DXB-001,Dubai,CUST-02548,P007,Office Chair,Furniture,1,654.34,0,654.34,0.0,654.34,Card,Store
TXN-0026348,2026-08-26,DXB-005,Dubai,CUST-05547,P010,Printer,Office,1,689.14,15,689.14,103.37,585.77,Cash,Online
TXN-0026362,2026-08-26,DXB-004,Dubai,CUST-02610,P007,Office Chair,Furniture,2,642.19,20,1284.38,256.88,1027.51,Apple Pay,Store
TXN-0026395,2026-08-26,DXB-003,Dubai,CUST-01993,P015,Tablet,Electronics,1,1214.21,0,1214.21,0.0,1214.21,Apple Pay,Store
TXN-0026514,2026-08-26,DXB-004,Dubai,CUST-04285,P015,Tablet,Electronics,1,1179.9,5,1179.9,59.0,1120.91,Card,Store
TXN-0026603,2026-08-26,DXB-003,Dubai,CUST-04302,P013,USB Drive,Accessories,2,45.09,5,90.18,4.51,85.67,Card,Store
TXN-0026625,2026-08-26,DXB-004,Dubai,CUST-02358,P004,Monitor,Electronics,1,854.18,10,854.18,85.42,768.76,Card,Store
TXN-0026671,2026-08-26,DXB-003,Dubai,CUST-01182,P009,Backpack,Accessories,2,205.44,0,410.89,0.0,410.89,Apple Pay,Store
TXN-0026804,2026-08-26,DXB-001,Dubai,CUST-03571,P013,USB Drive,Accessories,2,40.33,10,80.65,8.07,72.59,Cash,Online
TXN-0026809,2026-08-26,DXB-004,Dubai,CUST-05236,P010,Printer,Office,5,757.72,0,3788.58,0.0,3788.58,Bank Transfer,Online
TXN-0026817,2026-08-26,DXB-004,Dubai,CUST-06262,P001,Laptop,Electronics,1,2628.02,0,2628.02,0.0,2628.02,Cash,Store
TXN-0026861,2026-08-26,DXB-005,Dubai,CUST-07409,P002,Smartphone,Electronics,2,2006.42,0,4012.84,0.0,4012.84,Cash,Online
TXN-0026913,2026-08-26,DXB-001,Dubai,CUST-00263,P014,Power Bank,Electronics,1,155.6,10,155.6,15.56,140.04,Bank Transfer,Store
TXN-0027159,2026-08-26,DXB-002,Dubai,CUST-00503,P013,USB Drive,Accessories,1,46.03,5,46.03,2.3,43.73,Cash,Store
TXN-0027174,2026-08-26,DXB-001,Dubai,CUST-02370,P014,Power Bank,Electronics,1,161.28,0,161.28,0.0,161.28,Card,Store
TXN-0027192,2026-08-26,DXB-002,Dubai,CUST-00583,P003,Headphones,Electronics,5,331.45,20,1657.23,331.45,1325.78,Apple Pay,Store
TXN-0027416,2026-08-26,DXB-002,Dubai,CUST-04739,P013,USB Drive,Accessories,1,47.81,15,47.81,7.17,40.63,Cash,Store
TXN-0027745,2026-08-26,DXB-004,Dubai,CUST-02391,P011,Notebook,Stationery,2,27.8,0,55.6,0.0,55.6,Card,Online
TXN-0027766,2026-08-26,DXB-005,Dubai,CUST-06503,P013,USB Drive,Accessories,5,44.09,0,220.45,0.0,220.45,Card,Store
TXN-0027788,2026-08-26,DXB-001,Dubai,CUST-03009,P012,Pen Pack,Stationery,2,14.58,5,29.15,1.46,27.69,Cash,Store
TXN-0027793,2026-08-26,DXB-004,Dubai,CUST-03416,P010,Printer,Office,1,691.14,5,691.14,34.56,656.59,Cash,Store
TXN-0027795,2026-08-26,DXB-003,Dubai,CUST-06424,P014,Power Bank,Electronics,1,142.67,10,142.67,14.27,128.41,Card,Store
TXN-0027799,2026-08-26,DXB-002,Dubai,CUST-04946,P007,Office Chair,Furniture,1,655.87,10,655.87,65.59,590.28,Card,Store
TXN-0027868,2026-08-26,DXB-002,Dubai,CUST-06190,P006,Mouse,Accessories,2,98.71,0,197.43,0.0,197.43,Cash,Store
TXN-0027973,2026-08-26,DXB-004,Dubai,CUST-01303,P008,Desk,Furniture,2,859.88,0,1719.76,0.0,1719.76,Card,Online
TXN-0028000,2026-08-26,DXB-001,Dubai,CUST-05263,P014,Power Bank,Electronics,1,154.91,5,154.91,7.75,147.16,Card,Store
TXN-0028068,2026-08-26,DXB-002,Dubai,CUST-04761,P002,Smartphone,Electronics,2,1947.3,0,3894.59,0.0,3894.59,Card,Store
TXN-0028105,2026-08-26,DXB-004,Dubai,CUST-07541,P013,USB Drive,Accessories,1,46.06,20,46.06,9.21,36.85,Cash,Store
TXN-0028135,2026-08-26,DXB-001,Dubai,CUST-04253,P003,Headphones,Electronics,1,407.77,10,407.77,40.78,366.99,Card,Store
TXN-0028203,2026-08-26,DXB-003,Dubai,CUST-02714,P014,Power Bank,Electronics,2,151.44,0,302.88,0.0,302.88,Card,Store
TXN-0028205,2026-08-26,DXB-002,Dubai,CUST-02205,P002,Smartphone,Electronics,1,1828.27,0,1828.27,0.0,1828.27,Bank Transfer,Store
TXN-0028242,2026-08-26,DXB-001,Dubai,CUST-07323,P002,Smartphone,Electronics,2,1666.52,5,3333.03,166.65,3166.38,Apple Pay,Online
TXN-0028272,2026-08-26,DXB-005,Dubai,CUST-06457,P009,Backpack,Accessories,2,213.2,10,426.39,42.64,383.75,Apple Pay,Online
TXN-0028275,2026-08-26,DXB-001,Dubai,CUST-06827,P007,Office Chair,Furniture,2,687.91,5,1375.81,68.79,1307.02,Cash,Store
TXN-0028471,2026-08-26,DXB-001,Dubai,CUST-07858,P001,Laptop,Electronics,3,2607.66,5,7822.99,391.15,7431.84,Bank Transfer,Store
TXN-0028593,2026-08-26,DXB-004,Dubai,CUST-07460,P007,Office Chair,Furniture,1,665.25,20,665.25,133.05,532.2,Card,Store
TXN-0028612,2026-08-26,DXB-001,Dubai,CUST-06574,P009,Backpack,Accessories,2,227.38,20,454.75,90.95,363.8,Card,Store
TXN-0028855,2026-08-26,DXB-001,Dubai,CUST-06091,P011,Notebook,Stationery,1,23.19,0,23.19,0.0,23.19,Apple Pay,Online
TXN-0028955,2026-08-26,DXB-001,Dubai,CUST-01320,P004,Monitor,Electronics,1,913.95,10,913.95,91.39,822.55,Card,Store
TXN-0028960,2026-08-26,DXB-004,Dubai,CUST-03356,P007,Office Chair,Furniture,1,622.83,15,622.83,93.42,529.41,Card,Store
TXN-0028998,2026-08-26,DXB-002,Dubai,CUST-04668,P009,Backpack,Accessories,2,229.88,5,459.76,22.99,436.77,Card,Store
TXN-0029166,2026-08-26,DXB-002,Dubai,CUST-04644,P009,Backpack,Accessories,3,238.04,10,714.11,71.41,642.7,Card,Store
TXN-0029169,2026-08-26,DXB-003,Dubai,CUST-04709,P015,Tablet,Electronics,1,1156.14,0,1156.14,0.0,1156.14,Cash,Online
TXN-0029171,2026-08-26,DXB-005,Dubai,CUST-03515,P009,Backpack,Accessories,1,216.75,5,216.75,10.84,205.91,Card,Store
TXN-0029260,2026-08-26,DXB-002,Dubai,CUST-01327,P004,Monitor,Electronics,1,898.34,0,898.34,0.0,898.34,Apple Pay,Store
TXN-0029324,2026-08-26,DXB-001,Dubai,CUST-05678,P011,Notebook,Stationery,1,26.94,10,26.94,2.69,24.25,Bank Transfer,Online
TXN-0029355,2026-08-26,DXB-002,Dubai,CUST-03420,P014,Power Bank,Electronics,1,161.44,5,161.44,8.07,153.37,Cash,Store
TXN-0029367,2026-08-26,DXB-004,Dubai,CUST-02935,P012,Pen Pack,Stationery,4,14.8,5,59.22,2.96,56.26,Card,Store
TXN-0029496,2026-08-26,DXB-001,Dubai,CUST-05034,P010,Printer,Office,1,691.66,10,691.66,69.17,622.49,Card,Store
TXN-0029573,2026-08-26,DXB-003,Dubai,CUST-03809,P004,Monitor,Electronics,3,875.79,0,2627.37,0.0,2627.37,Bank Transfer,Store
TXN-0029623,2026-08-26,DXB-001,Dubai,CUST-05959,P012,Pen Pack,Stationery,1,13.45,5,13.45,0.67,12.78,Bank Transfer,Store
TXN-0029650,2026-08-26,DXB-001,Dubai,CUST-04422,P006,Mouse,Accessories,5,99.7,0,498.48,0.0,498.48,Card,Online
TXN-0029720,2026-08-26,DXB-003,Dubai,CUST-01568,P008,Desk,Furniture,1,737.04,10,737.04,73.7,663.34,Apple Pay,Online
TXN-0029840,2026-08-26,DXB-005,Dubai,CUST-04488,P003,Headphones,Electronics,1,356.24,10,356.24,35.62,320.61,Apple Pay,Online
TXN-0029842,2026-08-26,DXB-004,Dubai,CUST-03176,P003,Headphones,Electronics,1,317.1,10,317.1,31.71,285.39,Card,Store
TXN-0029854,2026-08-26,DXB-002,Dubai,CUST-00653,P004,Monitor,Electronics,4,909.64,10,3638.55,363.86,3274.7,Apple Pay,Store
TXN-0029917,2026-08-26,DXB-001,Dubai,CUST-03579,P013,USB Drive,Accessories,4,46.08,0,184.32,0.0,184.32,Apple Pay,Online
TXN-0029978,2026-08-26,DXB-002,Dubai,CUST-03064,P015,Tablet,Electronics,1,1189.49,10,1189.49,118.95,1070.54,Card,Store
TXN-0030056,2026-08-26,DXB-002,Dubai,CUST-01884,P005,Keyboard,Accessories,1,159.38,0,159.38,0.0,159.38,Card,Store
TXN-0030064,2026-08-26,DXB-005,Dubai,CUST-04638,P002,Smartphone,Electronics,1,1845.92,10,1845.92,184.59,1661.33,Card,Online
TXN-0030137,2026-08-26,DXB-004,Dubai,CUST-01323,P004,Monitor,Electronics,1,886.34,0,886.34,0.0,886.34,Apple Pay,Store
TXN-0030151,2026-08-26,DXB-001,Dubai,CUST-00692,P001,Laptop,Electronics,1,2906.54,5,2906.54,145.33,2761.21,Card,Store
TXN-0030218,2026-08-26,DXB-002,Dubai,CUST-02538,P001,Laptop,Electronics,2,2655.89,10,5311.78,531.18,4780.6,Card,Store
TXN-0030289,2026-08-26,DXB-003,Dubai,CUST-05412,P003,Headphones,Electronics,2,350.11,5,700.23,35.01,665.21,Card,Store
TXN-0030331,2026-08-26,DXB-004,Dubai,CUST-06343,P005,Keyboard,Accessories,2,177.73,5,355.46,17.77,337.68,Apple Pay,Store
TXN-0030337,2026-08-26,DXB-001,Dubai,CUST-02746,P008,Desk,Furniture,1,770.31,10,770.31,77.03,693.28,Card,Store
TXN-0030372,2026-08-26,DXB-003,Dubai,CUST-02076,P013,USB Drive,Accessories,1,43.2,10,43.2,4.32,38.88,Card,Store
TXN-0030443,2026-08-26,DXB-005,Dubai,CUST-00448,P005,Keyboard,Accessories,1,170.7,15,170.7,25.6,145.09,Card,Store
TXN-0030467,2026-08-26,DXB-005,Dubai,CUST-03382,P010,Printer,Office,1,739.3,15,739.3,110.89,628.4,Card,Store
TXN-0030489,2026-08-26,DXB-002,Dubai,CUST-00312,P004,Monitor,Electronics,2,896.8,10,1793.6,179.36,1614.24,Card,Store
TXN-0030529,2026-08-26,DXB-005,Dubai,CUST-03375,P013,USB Drive,Accessories,2,46.79,0,93.58,0.0,93.58,Card,Store
TXN-0030573,2026-08-26,DXB-002,Dubai,CUST-07122,P006,Mouse,Accessories,2,101.89,15,203.78,30.57,173.21,Apple Pay,Store
TXN-0030633,2026-08-26,DXB-002,Dubai,CUST-04474,P008,Desk,Furniture,2,725.03,10,1450.05,145.01,1305.05,Cash,Store
TXN-0030645,2026-08-26,DXB-004,Dubai,CUST-01044,P002,Smartphone,Electronics,2,1758.06,15,3516.12,527.42,2988.7,Card,Online
TXN-0030663,2026-08-26,DXB-001,Dubai,CUST-00837,P005,Keyboard,Accessories,2,191.95,10,383.9,38.39,345.51,Apple Pay,Store
TXN-0030724,2026-08-26,DXB-001,Dubai,CUST-00196,P005,Keyboard,Accessories,3,197.6,15,592.81,88.92,503.89,Card,Online
TXN-0030782,2026-08-26,DXB-005,Dubai,CUST-07628,P001,Laptop,Electronics,1,2776.32,0,2776.32,0.0,2776.32,Bank Transfer,Store
TXN-0030849,2026-08-26,DXB-003,Dubai,CUST-00706,P012,Pen Pack,Stationery,2,16.02,5,32.05,1.6,30.45,Card,Online
TXN-0030873,2026-08-26,DXB-004,Dubai,CUST-06775,P012,Pen Pack,Stationery,2,14.81,5,29.63,1.48,28.14,Card,Store
TXN-0030896,2026-08-26,DXB-003,Dubai,CUST-04778,P001,Laptop,Electronics,1,3105.58,5,3105.58,155.28,2950.3,Cash,Store
TXN-0030920,2026-08-26,DXB-005,Dubai,CUST-00902,P015,Tablet,Electronics,1,1169.12,15,1169.12,175.37,993.76,Cash,Store
TXN-0031005,2026-08-26,DXB-001,Dubai,CUST-01684,P009,Backpack,Accessories,2,227.86,10,455.72,45.57,410.15,Card,Store
TXN-0031083,2026-08-26,DXB-004,Dubai,CUST-04943,P003,Headphones,Electronics,2,346.98,0,693.95,0.0,693.95,Card,Store
TXN-0031283,2026-08-26,DXB-004,Dubai,CUST-07444,P003,Headphones,Electronics,1,358.11,0,358.11,0.0,358.11,Apple Pay,Online
TXN-0031289,2026-08-26,DXB-002,Dubai,CUST-06541,P005,Keyboard,Accessories,1,182.39,15,182.39,27.36,155.03,Card,Store
TXN-0031510,2026-08-26,DXB-001,Dubai,CUST-05772,P014,Power Bank,Electronics,1,156.6,10,156.6,15.66,140.94,Apple Pay,Store
TXN-0031538,2026-08-26,DXB-004,Dubai,CUST-01433,P003,Headphones,Electronics,1,379.06,5,379.06,18.95,360.11,Cash,Online
TXN-0031578,2026-08-26,DXB-004,Dubai,CUST-01599,P001,Laptop,Electronics,1,2889.52,0,2889.52,0.0,2889.52,Cash,Online
TXN-0031634,2026-08-26,DXB-001,Dubai,CUST-05814,P010,Printer,Office,1,682.19,5,682.19,34.11,648.08,Cash,Store
TXN-0031734,2026-08-26,DXB-003,Dubai,CUST-07195,P005,Keyboard,Accessories,1,166.6,10,166.6,16.66,149.94,Card,Online
TXN-0031811,2026-08-26,DXB-003,Dubai,CUST-00126,P002,Smartphone,Electronics,3,1794.56,0,5383.68,0.0,5383.68,Card,Store
TXN-0031865,2026-08-26,DXB-005,Dubai,CUST-00656,P003,Headphones,Electronics,2,373.74,0,747.47,0.0,747.47,Apple Pay,Store
TXN-0031954,2026-08-26,DXB-004,Dubai,CUST-03721,P004,Monitor,Electronics,1,946.53,15,946.53,141.98,804.55,Card,Store
TXN-0032015,2026-08-26,DXB-003,Dubai,CUST-00245,P014,Power Bank,Electronics,2,139.06,10,278.11,27.81,250.3,Card,Store
TXN-0032094,2026-08-26,DXB-001,Dubai,CUST-05864,P004,Monitor,Electronics,2,887.02,10,1774.05,177.4,1596.64,Apple Pay,Store
TXN-0032204,2026-08-26,DXB-002,Dubai,CUST-00231,P003,Headphones,Electronics,1,339.66,0,339.66,0.0,339.66,Card,Store
TXN-0032209,2026-08-26,DXB-002,Dubai,CUST-05649,P002,Smartphone,Electronics,1,1687.84,20,1687.84,337.57,1350.27,Apple Pay,Online
TXN-0032331,2026-08-26,DXB-002,Dubai,CUST-03486,P001,Laptop,Electronics,1,2555.66,10,2555.66,255.57,2300.09,Card,Online
TXN-0032365,2026-08-26,DXB-004,Dubai,CUST-02021,P011,Notebook,Stationery,2,23.05,5,46.09,2.3,43.79,Card,Store
TXN-0032366,2026-08-26,DXB-001,Dubai,CUST-03627,P014,Power Bank,Electronics,1,153.32,20,153.32,30.66,122.66,Apple Pay,Store
TXN-0032390,2026-08-26,DXB-001,Dubai,CUST-05866,P006,Mouse,Accessories,1,93.65,10,93.65,9.36,84.28,Apple Pay,Online
TXN-0032401,2026-08-26,DXB-004,Dubai,CUST-06468,P003,Headphones,Electronics,1,352.39,0,352.39,0.0,352.39,Card,Store
TXN-0032489,2026-08-26,DXB-001,Dubai,CUST-06747,P012,Pen Pack,Stationery,1,15.68,0,15.68,0.0,15.68,Card,Store
TXN-0032563,2026-08-26,DXB-003,Dubai,CUST-06482,P007,Office Chair,Furniture,2,601.21,0,1202.42,0.0,1202.42,Card,Online
TXN-0032568,2026-08-26,DXB-004,Dubai,CUST-06424,P014,Power Bank,Electronics,3,153.39,0,460.18,0.0,460.18,Cash,Store
TXN-0032574,2026-08-26,DXB-002,Dubai,CUST-07560,P002,Smartphone,Electronics,3,1697.34,0,5092.02,0.0,5092.02,Bank Transfer,Store
TXN-0032616,2026-08-26,DXB-003,Dubai,CUST-06529,P004,Monitor,Electronics,2,824.02,10,1648.04,164.8,1483.23,Bank Transfer,Store
TXN-0032820,2026-08-26,DXB-005,Dubai,CUST-06434,P003,Headphones,Electronics,4,304.63,5,1218.5,60.93,1157.58,Card,Store
TXN-0032834,2026-08-26,DXB-005,Dubai,CUST-06952,P005,Keyboard,Accessories,1,176.53,10,176.53,17.65,158.88,Card,Store
TXN-0032848,2026-08-26,DXB-005,Dubai,CUST-06465,P003,Headphones,Electronics,2,346.09,10,692.17,69.22,622.96,Card,Store
TXN-0032903,2026-08-26,DXB-004,Dubai,CUST-05880,P009,Backpack,Accessories,1,204.35,15,204.35,30.65,173.69,Card,Store
TXN-0032908,2026-08-26,DXB-003,Dubai,CUST-02119,P009,Backpack,Accessories,1,213.76,5,213.76,10.69,203.07,Bank Transfer,Store
TXN-0032923,2026-08-26,DXB-004,Dubai,CUST-06100,P011,Notebook,Stationery,1,25.78,5,25.78,1.29,24.5,Bank Transfer,Store
TXN-0032956,2026-08-26,DXB-004,Dubai,CUST-00674,P003,Headphones,Electronics,3,343.7,10,1031.1,103.11,927.99,Cash,Store
TXN-0032979,2026-08-26,DXB-001,Dubai,CUST-01323,P006,Mouse,Accessories,5,92.71,0,463.57,0.0,463.57,Card,Store
TXN-0032995,2026-08-26,DXB-002,Dubai,CUST-05168,P007,Office Chair,Furniture,2,664.06,0,1328.12,0.0,1328.12,Apple Pay,Store
TXN-0032999,2026-08-26,DXB-005,Dubai,CUST-00033,P011,Notebook,Stationery,2,25.04,20,50.08,10.02,40.07,Card,Store
TXN-0033100,2026-08-26,DXB-002,Dubai,CUST-01952,P001,Laptop,Electronics,1,2735.16,10,2735.16,273.52,2461.64,Card,Online
TXN-0033107,2026-08-26,DXB-003,Dubai,CUST-06293,P006,Mouse,Accessories,1,103.49,0,103.49,0.0,103.49,Cash,Online
TXN-0033199,2026-08-26,DXB-002,Dubai,CUST-01686,P004,Monitor,Electronics,1,891.21,15,891.21,133.68,757.53,Card,Online
TXN-0033333,2026-08-26,DXB-002,Dubai,CUST-03935,P003,Headphones,Electronics,6,286.94,10,1721.65,172.16,1549.48,Bank Transfer,Store
TXN-0033416,2026-08-26,DXB-004,Dubai,CUST-07300,P003,Headphones,Electronics,2,343.33,0,686.66,0.0,686.66,Apple Pay,Store
TXN-0033417,2026-08-26,DXB-003,Dubai,CUST-02993,P008,Desk,Furniture,1,830.01,5,830.01,41.5,788.51,Apple Pay,Store
TXN-0033457,2026-08-26,DXB-001,Dubai,CUST-04379,P006,Mouse,Accessories,1,114.18,10,114.18,11.42,102.76,Card,Store
TXN-0033509,2026-08-26,DXB-001,Dubai,CUST-01656,P014,Power Bank,Electronics,1,143.66,10,143.66,14.37,129.3,Cash,Store
TXN-0033687,2026-08-26,DXB-001,Dubai,CUST-03703,P005,Keyboard,Accessories,2,158.94,10,317.88,31.79,286.09,Card,Store
TXN-0033732,2026-08-26,DXB-001,Dubai,CUST-06419,P003,Headphones,Electronics,1,367.3,0,367.3,0.0,367.3,Cash,Store
TXN-0033746,2026-08-26,DXB-002,Dubai,CUST-04614,P011,Notebook,Stationery,1,26.11,5,26.11,1.31,24.8,Card,Store
TXN-0033749,2026-08-26,DXB-001,Dubai,CUST-05435,P014,Power Bank,Electronics,2,146.65,10,293.29,29.33,263.96,Bank Transfer,Store
TXN-0033769,2026-08-26,DXB-003,Dubai,CUST-01485,P009,Backpack,Accessories,2,240.42,0,480.85,0.0,480.85,Card,Store
TXN-0033825,2026-08-26,DXB-003,Dubai,CUST-01969,P005,Keyboard,Accessories,2,174.09,0,348.18,0.0,348.18,Card,Online
TXN-0033859,2026-08-26,DXB-002,Dubai,CUST-00849,P005,Keyboard,Accessories,1,169.67,5,169.67,8.48,161.18,Cash,Store
TXN-0033891,2026-08-26,DXB-002,Dubai,CUST-00682,P007,Office Chair,Furniture,4,593.0,0,2371.99,0.0,2371.99,Bank Transfer,Store
TXN-0033916,2026-08-26,DXB-001,Dubai,CUST-01689,P009,Backpack,Accessories,3,207.18,0,621.55,0.0,621.55,Bank Transfer,Store
TXN-0033921,2026-08-26,DXB-002,Dubai,CUST-04752,P015,Tablet,Electronics,1,1394.1,15,1394.1,209.11,1184.98,Card,Store
TXN-0033976,2026-08-26,DXB-002,Dubai,CUST-01198,P013,USB Drive,Accessories,2,47.83,15,95.67,14.35,81.32,Apple Pay,Online
TXN-0034016,2026-08-26,DXB-005,Dubai,CUST-07809,P004,Monitor,Electronics,1,776.59,5,776.59,38.83,737.76,Apple Pay,Store
TXN-0034063,2026-08-26,DXB-005,Dubai,CUST-05316,P012,Pen Pack,Stationery,2,14.93,10,29.86,2.99,26.87,Card,Store
TXN-0034257,2026-08-26,DXB-002,Dubai,CUST-00752,P014,Power Bank,Electronics,1,153.57,0,153.57,0.0,153.57,Cash,Store
TXN-0034309,2026-08-26,DXB-004,Dubai,CUST-07899,P002,Smartphone,Electronics,1,1772.87,0,1772.87,0.0,1772.87,Card,Online
TXN-0034355,2026-08-26,DXB-004,Dubai,CUST-04071,P008,Desk,Furniture,4,813.39,5,3253.57,162.68,3090.89,Bank Transfer,Online
TXN-0034512,2026-08-26,DXB-002,Dubai,CUST-05419,P010,Printer,Office,2,690.75,20,1381.49,276.3,1105.19,Cash,Store
TXN-0034515,2026-08-26,DXB-001,Dubai,CUST-05277,P007,Office Chair,Furniture,1,634.14,0,634.14,0.0,634.14,Bank Transfer,Store
TXN-0034544,2026-08-26,DXB-005,Dubai,CUST-02778,P003,Headphones,Electronics,1,324.38,0,324.38,0.0,324.38,Card,Store
TXN-0034545,2026-08-26,DXB-005,Dubai,CUST-03293,P013,USB Drive,Accessories,3,46.22,15,138.66,20.8,117.86,Card,Store
TXN-0034551,2026-08-26,DXB-001,Dubai,CUST-07560,P009,Backpack,Accessories,1,231.97,0,231.97,0.0,231.97,Bank Transfer,Store
TXN-0034555,2026-08-26,DXB-001,Dubai,CUST-01310,P013,USB Drive,Accessories,1,37.15,10,37.15,3.71,33.43,Apple Pay,Store
TXN-0034677,2026-08-26,DXB-002,Dubai,CUST-05605,P008,Desk,Furniture,2,784.37,15,1568.75,235.31,1333.44,Apple Pay,Store
TXN-0034695,2026-08-26,DXB-003,Dubai,CUST-07728,P006,Mouse,Accessories,1,82.57,0,82.57,0.0,82.57,Apple Pay,Store
TXN-0034742,2026-08-26,DXB-001,Dubai,CUST-06484,P010,Printer,Office,1,774.08,15,774.08,116.11,657.96,Apple Pay,Store
TXN-0034799,2026-08-26,DXB-001,Dubai,CUST-07935,P015,Tablet,Electronics,1,1135.22,5,1135.22,56.76,1078.46,Cash,Store
TXN-0034873,2026-08-26,DXB-001,Dubai,CUST-06333,P002,Smartphone,Electronics,1,1778.13,10,1778.13,177.81,1600.31,Apple Pay,Store
TXN-0034877,2026-08-26,DXB-003,Dubai,CUST-03861,P008,Desk,Furniture,2,927.17,15,1854.33,278.15,1576.18,Card,Store
TXN-0034950,2026-08-26,DXB-003,Dubai,CUST-02821,P009,Backpack,Accessories,1,216.61,10,216.61,21.66,194.95,Card,Store
TXN-0034991,2026-08-26,DXB-003,Dubai,CUST-07031,P010,Printer,Office,1,656.14,10,656.14,65.61,590.52,Cash,Online
TXN-0035042,2026-08-26,DXB-004,Dubai,CUST-03622,P006,Mouse,Accessories,2,101.56,5,203.12,10.16,192.96,Card,Store
TXN-0035109,2026-08-26,DXB-001,Dubai,CUST-03836,P007,Office Chair,Furniture,1,668.36,15,668.36,100.25,568.11,Cash,Store
TXN-0035142,2026-08-26,DXB-001,Dubai,CUST-01074,P006,Mouse,Accessories,2,97.87,10,195.75,19.57,176.17,Card,Store
TXN-0035200,2026-08-26,DXB-005,Dubai,CUST-00141,P013,USB Drive,Accessories,1,45.18,10,45.18,4.52,40.66,Bank Transfer,Store
TXN-0035275,2026-08-26,DXB-001,Dubai,CUST-03334,P014,Power Bank,Electronics,1,139.91,10,139.91,13.99,125.92,Bank Transfer,Store
TXN-0035377,2026-08-26,DXB-001,Dubai,CUST-07828,P007,Office Chair,Furniture,1,657.31,0,657.31,0.0,657.31,Cash,Store
TXN-0035400,2026-08-26,DXB-005,Dubai,CUST-03293,P014,Power Bank,Electronics,1,168.49,15,168.49,25.27,143.22,Card,Online
TXN-0035424,2026-08-26,DXB-001,Dubai,CUST-04331,P003,Headphones,Electronics,2,364.12,5,728.23,36.41,691.82,Cash,Store
TXN-0035471,2026-08-26,DXB-001,Dubai,CUST-01093,P012,Pen Pack,Stationery,5,14.59,15,72.97,10.95,62.02,Cash,Store
TXN-0035478,2026-08-26,DXB-004,Dubai,CUST-04579,P003,Headphones,Electronics,5,340.43,0,1702.15,0.0,1702.15,Card,Store
TXN-0035505,2026-08-26,DXB-001,Dubai,CUST-06098,P008,Desk,Furniture,2,747.12,5,1494.23,74.71,1419.52,Apple Pay,Store
TXN-0035515,2026-08-26,DXB-005,Dubai,CUST-05603,P002,Smartphone,Electronics,5,1749.21,10,8746.05,874.6,7871.44,Card,Store
TXN-0035531,2026-08-26,DXB-003,Dubai,CUST-00869,P004,Monitor,Electronics,6,911.54,10,5469.25,546.93,4922.33,Bank Transfer,Store
TXN-0035626,2026-08-26,DXB-001,Dubai,CUST-02990,P007,Office Chair,Furniture,1,710.38,20,710.38,142.08,568.3,Cash,Online
TXN-0035647,2026-08-26,DXB-001,Dubai,CUST-03380,P010,Printer,Office,1,733.66,0,733.66,0.0,733.66,Card,Store
TXN-0035702,2026-08-26,DXB-005,Dubai,CUST-05775,P006,Mouse,Accessories,1,94.27,5,94.27,4.71,89.56,Cash,Store
TXN-0035772,2026-08-26,DXB-003,Dubai,CUST-03895,P008,Desk,Furniture,2,801.88,10,1603.77,160.38,1443.39,Apple Pay,Online
TXN-0035830,2026-08-26,DXB-001,Dubai,CUST-06608,P005,Keyboard,Accessories,1,186.0,15,186.0,27.9,158.1,Apple Pay,Store
TXN-0035939,2026-08-26,DXB-003,Dubai,CUST-06722,P013,USB Drive,Accessories,3,42.09,5,126.26,6.31,119.94,Cash,Store
TXN-0036177,2026-08-26,DXB-004,Dubai,CUST-00787,P007,Office Chair,Furniture,2,712.91,0,1425.81,0.0,1425.81,Card,Store
TXN-0036261,2026-08-26,DXB-005,Dubai,CUST-00671,P006,Mouse,Accessories,1,100.38,15,100.38,15.06,85.32,Card,Store
TXN-0036278,2026-08-26,DXB-002,Dubai,CUST-06236,P001,Laptop,Electronics,3,2624.5,5,7873.5,393.68,7479.83,Card,Online
TXN-0036317,2026-08-26,DXB-004,Dubai,CUST-04770,P011,Notebook,Stationery,1,27.72,0,27.72,0.0,27.72,Card,Store
TXN-0036401,2026-08-26,DXB-003,Dubai,CUST-00533,P006,Mouse,Accessories,3,99.67,5,299.0,14.95,284.05,Card,Store
TXN-0036469,2026-08-26,DXB-002,Dubai,CUST-00177,P007,Office Chair,Furniture,1,631.55,10,631.55,63.16,568.4,Card,Store
TXN-0036486,2026-08-26,DXB-001,Dubai,CUST-06262,P014,Power Bank,Electronics,1,147.43,0,147.43,0.0,147.43,Card,Store
TXN-0036488,2026-08-26,DXB-002,Dubai,CUST-03194,P006,Mouse,Accessories,2,105.51,10,211.01,21.1,189.91,Card,Online
TXN-0036589,2026-08-26,DXB-002,Dubai,CUST-03477,P002,Smartphone,Electronics,1,1876.1,5,1876.1,93.8,1782.29,Apple Pay,Online
TXN-0036672,2026-08-26,DXB-004,Dubai,CUST-02708,P015,Tablet,Electronics,1,1188.84,5,1188.84,59.44,1129.4,Card,Store
TXN-0036759,2026-08-26,DXB-003,Dubai,CUST-03835,P006,Mouse,Accessories,1,99.91,10,99.91,9.99,89.91,Bank Transfer,Online
TXN-0036794,2026-08-26,DXB-001,Dubai,CUST-01117,P011,Notebook,Stationery,2,25.44,0,50.88,0.0,50.88,Apple Pay,Online
TXN-0036928,2026-08-26,DXB-003,Dubai,CUST-01589,P009,Backpack,Accessories,3,236.11,5,708.32,35.42,672.91,Card,Store
TXN-0037203,2026-08-26,DXB-003,Dubai,CUST-03814,P006,Mouse,Accessories,1,104.81,5,104.81,5.24,99.57,Card,Online
TXN-0037253,2026-08-26,DXB-004,Dubai,CUST-00257,P015,Tablet,Electronics,2,1292.06,5,2584.12,129.21,2454.91,Card,Online
TXN-0037388,2026-08-26,DXB-001,Dubai,CUST-00510,P015,Tablet,Electronics,1,1129.3,0,1129.3,0.0,1129.3,Bank Transfer,Store
TXN-0037409,2026-08-26,DXB-004,Dubai,CUST-05609,P001,Laptop,Electronics,1,2665.87,0,2665.87,0.0,2665.87,Card,Store
TXN-0037433,2026-08-26,DXB-003,Dubai,CUST-07400,P001,Laptop,Electronics,1,2845.0,5,2845.0,142.25,2702.75,Card,Store
TXN-0037471,2026-08-26,DXB-004,Dubai,CUST-01752,P011,Notebook,Stationery,2,22.03,0,44.05,0.0,44.05,Card,Store
TXN-0037517,2026-08-26,DXB-005,Dubai,CUST-07050,P009,Backpack,Accessories,2,255.8,0,511.6,0.0,511.6,Apple Pay,Store
TXN-0037541,2026-08-26,DXB-004,Dubai,CUST-07819,P014,Power Bank,Electronics,1,142.12,0,142.12,0.0,142.12,Apple Pay,Online
TXN-0037542,2026-08-26,DXB-001,Dubai,CUST-00953,P011,Notebook,Stationery,2,25.79,10,51.57,5.16,46.41,Card,Store
TXN-0037621,2026-08-26,DXB-002,Dubai,CUST-00733,P013,USB Drive,Accessories,1,39.96,20,39.96,7.99,31.97,Apple Pay,Online
TXN-0037693,2026-08-26,DXB-001,Dubai,CUST-06356,P011,Notebook,Stationery,1,24.3,10,24.3,2.43,21.87,Apple Pay,Store
TXN-0037739,2026-08-26,DXB-002,Dubai,CUST-07886,P002,Smartphone,Electronics,1,1827.32,0,1827.32,0.0,1827.32,Cash,Store
TXN-0037919,2026-08-26,DXB-005,Dubai,CUST-03876,P003,Headphones,Electronics,1,329.59,0,329.59,0.0,329.59,Apple Pay,Store
TXN-0037963,2026-08-26,DXB-004,Dubai,CUST-00950,P008,Desk,Furniture,1,789.88,0,789.88,0.0,789.88,Cash,Online
TXN-0037972,2026-08-26,DXB-001,Dubai,CUST-06318,P002,Smartphone,Electronics,1,1746.02,10,1746.02,174.6,1571.41,Card,Store
TXN-0037994,2026-08-26,DXB-002,Dubai,CUST-06197,P006,Mouse,Accessories,2,98.81,20,197.62,39.52,158.1,Apple Pay,Store
TXN-0038044,2026-08-26,DXB-002,Dubai,CUST-06891,P012,Pen Pack,Stationery,1,15.61,0,15.61,0.0,15.61,Card,Store
TXN-0038109,2026-08-26,DXB-001,Dubai,CUST-01901,P007,Office Chair,Furniture,1,632.85,0,632.85,0.0,632.85,Cash,Store
TXN-0038126,2026-08-26,DXB-005,Dubai,CUST-07180,P014,Power Bank,Electronics,2,156.77,15,313.53,47.03,266.5,Cash,Online
TXN-0038155,2026-08-26,DXB-003,Dubai,CUST-03628,P004,Monitor,Electronics,1,849.73,0,849.73,0.0,849.73,Cash,Store
TXN-0038194,2026-08-26,DXB-004,Dubai,CUST-00737,P009,Backpack,Accessories,2,224.34,5,448.69,22.43,426.25,Apple Pay,Store
TXN-0038221,2026-08-26,DXB-005,Dubai,CUST-01296,P009,Backpack,Accessories,1,225.6,10,225.6,22.56,203.04,Cash,Store
TXN-0038273,2026-08-26,DXB-001,Dubai,CUST-04050,P005,Keyboard,Accessories,1,157.8,5,157.8,7.89,149.91,Apple Pay,Store
TXN-0038359,2026-08-26,DXB-002,Dubai,CUST-07623,P011,Notebook,Stationery,1,23.17,5,23.17,1.16,22.01,Card,Online
TXN-0038392,2026-08-26,DXB-003,Dubai,CUST-07859,P014,Power Bank,Electronics,1,158.73,0,158.73,0.0,158.73,Card,Store
TXN-0038451,2026-08-26,DXB-005,Dubai,CUST-04789,P014,Power Bank,Electronics,1,139.1,10,139.1,13.91,125.19,Card,Store
TXN-0038576,2026-08-26,DXB-003,Dubai,CUST-05984,P012,Pen Pack,Stationery,2,14.3,15,28.61,4.29,24.31,Card,Store
TXN-0038645,2026-08-26,DXB-001,Dubai,CUST-05116,P010,Printer,Office,1,691.31,0,691.31,0.0,691.31,Card,Store
TXN-0038693,2026-08-26,DXB-003,Dubai,CUST-05756,P009,Backpack,Accessories,2,231.86,10,463.72,46.37,417.35,Card,Store
TXN-0038783,2026-08-26,DXB-005,Dubai,CUST-07272,P007,Office Chair,Furniture,2,698.51,5,1397.02,69.85,1327.17,Card,Store
TXN-0038786,2026-08-26,DXB-001,Dubai,CUST-01160,P015,Tablet,Electronics,2,1254.27,0,2508.54,0.0,2508.54,Card,Store
TXN-0038834,2026-08-26,DXB-004,Dubai,CUST-06275,P007,Office Chair,Furniture,1,688.23,5,688.23,34.41,653.82,Apple Pay,Online
TXN-0038960,2026-08-26,DXB-005,Dubai,CUST-06967,P011,Notebook,Stationery,1,21.97,0,21.97,0.0,21.97,Card,Store
TXN-0039128,2026-08-26,DXB-004,Dubai,CUST-05971,P014,Power Bank,Electronics,1,159.16,0,159.16,0.0,159.16,Apple Pay,Store
TXN-0039266,2026-08-26,DXB-003,Dubai,CUST-01033,P005,Keyboard,Accessories,3,203.02,20,609.07,121.81,487.26,Cash,Store
TXN-0039326,2026-08-26,DXB-003,Dubai,CUST-01011,P009,Backpack,Accessories,1,236.32,5,236.32,11.82,224.5,Card,Store
TXN-0039329,2026-08-26,DXB-005,Dubai,CUST-00808,P011,Notebook,Stationery,2,25.09,0,50.18,0.0,50.18,Apple Pay,Store
TXN-0039345,2026-08-26,DXB-002,Dubai,CUST-04481,P004,Monitor,Electronics,1,867.72,0,867.72,0.0,867.72,Card,Store
TXN-0039365,2026-08-26,DXB-004,Dubai,CUST-07289,P006,Mouse,Accessories,1,101.67,5,101.67,5.08,96.58,Card,Store
TXN-0039374,2026-08-26,DXB-002,Dubai,CUST-07213,P002,Smartphone,Electronics,3,1676.18,20,5028.53,1005.71,4022.83,Apple Pay,Store
TXN-0039435,2026-08-26,DXB-002,Dubai,CUST-03347,P009,Backpack,Accessories,2,211.33,10,422.67,42.27,380.4,Apple Pay,Store
TXN-0039467,2026-08-26,DXB-004,Dubai,CUST-06807,P009,Backpack,Accessories,1,221.2,10,221.2,22.12,199.08,Card,Store
TXN-0039501,2026-08-26,DXB-002,Dubai,CUST-02526,P003,Headphones,Electronics,1,302.45,5,302.45,15.12,287.33,Apple Pay,Store
TXN-0039551,2026-08-26,DXB-003,Dubai,CUST-06484,P001,Laptop,Electronics,1,2788.72,20,2788.72,557.74,2230.98,Apple Pay,Store
TXN-0039580,2026-08-26,DXB-004,Dubai,CUST-04645,P007,Office Chair,Furniture,6,639.21,0,3835.25,0.0,3835.25,Card,Store
TXN-0039620,2026-08-26,DXB-001,Dubai,CUST-02685,P011,Notebook,Stationery,4,24.27,10,97.1,9.71,87.39,Card,Store
TXN-0039676,2026-08-26,DXB-004,Dubai,CUST-05269,P008,Desk,Furniture,4,814.53,10,3258.11,325.81,2932.3,Apple Pay,Online
TXN-0039788,2026-08-26,DXB-002,Dubai,CUST-05618,P009,Backpack,Accessories,2,219.71,0,439.42,0.0,439.42,Cash,Store
TXN-0039819,2026-08-26,DXB-001,Dubai,CUST-00964,P007,Office Chair,Furniture,1,751.52,0,751.52,0.0,751.52,Card,Store
TXN-0040013,2026-08-26,DXB-002,Dubai,CUST-03387,P013,USB Drive,Accessories,3,47.07,5,141.2,7.06,134.14,Apple Pay,Store
TXN-0040034,2026-08-26,DXB-003,Dubai,CUST-00466,P013,USB Drive,Accessories,1,43.22,5,43.22,2.16,41.06,Apple Pay,Store
TXN-0040134,2026-08-26,DXB-001,Dubai,CUST-00104,P015,Tablet,Electronics,1,1168.18,0,1168.18,0.0,1168.18,Card,Store
TXN-0040147,2026-08-26,DXB-004,Dubai,CUST-03040,P012,Pen Pack,Stationery,1,15.97,5,15.97,0.8,15.18,Card,Online
TXN-0040214,2026-08-26,DXB-005,Dubai,CUST-07639,P013,USB Drive,Accessories,3,45.8,5,137.41,6.87,130.54,Card,Online
TXN-0040245,2026-08-26,DXB-005,Dubai,CUST-03478,P007,Office Chair,Furniture,1,658.16,0,658.16,0.0,658.16,Card,Store
TXN-0040296,2026-08-26,DXB-001,Dubai,CUST-06766,P011,Notebook,Stationery,2,24.27,0,48.53,0.0,48.53,Cash,Store
TXN-0040302,2026-08-26,DXB-002,Dubai,CUST-00311,P001,Laptop,Electronics,4,2576.32,0,10305.28,0.0,10305.28,Card,Store
TXN-0040339,2026-08-26,DXB-002,Dubai,CUST-02337,P004,Monitor,Electronics,2,859.57,5,1719.14,85.96,1633.18,Apple Pay,Online
TXN-0040376,2026-08-26,DXB-001,Dubai,CUST-00721,P015,Tablet,Electronics,2,1290.28,5,2580.57,129.03,2451.54,Cash,Store
TXN-0040515,2026-08-26,DXB-005,Dubai,CUST-07917,P013,USB Drive,Accessories,1,49.38,0,49.38,0.0,49.38,Card,Store
TXN-0040626,2026-08-26,DXB-001,Dubai,CUST-06065,P001,Laptop,Electronics,1,2772.31,0,2772.31,0.0,2772.31,Card,Online
TXN-0040729,2026-08-26,DXB-004,Dubai,CUST-03136,P005,Keyboard,Accessories,1,161.77,10,161.77,16.18,145.59,Cash,Online
TXN-0040904,2026-08-26,DXB-004,Dubai,CUST-01247,P012,Pen Pack,Stationery,1,15.95,10,15.95,1.6,14.36,Apple Pay,Store
TXN-0040923,2026-08-26,DXB-005,Dubai,CUST-04590,P001,Laptop,Electronics,3,2523.36,5,7570.09,378.5,7191.58,Card,Online
TXN-0041050,2026-08-26,DXB-005,Dubai,CUST-00519,P005,Keyboard,Accessories,2,170.82,0,341.64,0.0,341.64,Card,Online
TXN-0041076,2026-08-26,DXB-002,Dubai,CUST-03447,P005,Keyboard,Accessories,2,162.42,0,324.84,0.0,324.84,Apple Pay,Store
TXN-0041096,2026-08-26,DXB-005,Dubai,CUST-06580,P014,Power Bank,Electronics,1,145.12,15,145.12,21.77,123.35,Card,Online
TXN-0041146,2026-08-26,DXB-004,Dubai,CUST-01885,P005,Keyboard,Accessories,1,167.1,5,167.1,8.35,158.74,Card,Online
TXN-0041155,2026-08-26,DXB-002,Dubai,CUST-05462,P011,Notebook,Stationery,4,26.1,0,104.38,0.0,104.38,Apple Pay,Store
TXN-0041164,2026-08-26,DXB-003,Dubai,CUST-03553,P003,Headphones,Electronics,2,333.67,10,667.34,66.73,600.61,Card,Store
TXN-0041426,2026-08-26,DXB-005,Dubai,CUST-02659,P002,Smartphone,Electronics,2,1720.8,20,3441.61,688.32,2753.28,Apple Pay,Store
TXN-0041444,2026-08-26,DXB-001,Dubai,CUST-01938,P008,Desk,Furniture,4,829.04,0,3316.16,0.0,3316.16,Cash,Store
TXN-0041460,2026-08-26,DXB-004,Dubai,CUST-01321,P008,Desk,Furniture,2,706.12,10,1412.25,141.22,1271.02,Apple Pay,Store
TXN-0041465,2026-08-26,DXB-004,Dubai,CUST-00723,P015,Tablet,Electronics,1,1110.55,0,1110.55,0.0,1110.55,Card,Online
TXN-0041479,2026-08-26,DXB-001,Dubai,CUST-00786,P007,Office Chair,Furniture,2,707.43,0,1414.87,0.0,1414.87,Card,Online
TXN-0041523,2026-08-26,DXB-003,Dubai,CUST-03594,P006,Mouse,Accessories,5,85.88,10,429.4,42.94,386.46,Card,Store
TXN-0041568,2026-08-26,DXB-001,Dubai,CUST-05437,P006,Mouse,Accessories,1,107.1,0,107.1,0.0,107.1,Apple Pay,Store
TXN-0041575,2026-08-26,DXB-001,Dubai,CUST-06154,P010,Printer,Office,2,664.65,10,1329.31,132.93,1196.38,Card,Store
TXN-0041762,2026-08-26,DXB-001,Dubai,CUST-05139,P013,USB Drive,Accessories,1,43.26,5,43.26,2.16,41.1,Card,Online
TXN-0041771,2026-08-26,DXB-003,Dubai,CUST-07779,P004,Monitor,Electronics,1,863.01,0,863.01,0.0,863.01,Card,Store
TXN-0041774,2026-08-26,DXB-002,Dubai,CUST-02462,P004,Monitor,Electronics,2,902.46,10,1804.92,180.49,1624.43,Bank Transfer,Store
TXN-0041799,2026-08-26,DXB-002,Dubai,CUST-03348,P007,Office Chair,Furniture,1,585.5,15,585.5,87.82,497.67,Apple Pay,Online
TXN-0041826,2026-08-26,DXB-005,Dubai,CUST-01565,P009,Backpack,Accessories,3,225.97,10,677.9,67.79,610.11,Apple Pay,Store
TXN-0041870,2026-08-26,DXB-001,Dubai,CUST-05732,P009,Backpack,Accessories,2,203.54,10,407.08,40.71,366.37,Card,Store
TXN-0041891,2026-08-26,DXB-005,Dubai,CUST-01154,P001,Laptop,Electronics,2,2548.56,5,5097.13,254.86,4842.27,Card,Store
TXN-0041941,2026-08-26,DXB-005,Dubai,CUST-03735,P007,Office Chair,Furniture,1,631.67,10,631.67,63.17,568.5,Card,Store
TXN-0041999,2026-08-26,DXB-005,Dubai,CUST-06298,P009,Backpack,Accessories,2,192.07,10,384.14,38.41,345.73,Bank Transfer,Online
TXN-0042007,2026-08-26,DXB-001,Dubai,CUST-04244,P014,Power Bank,Electronics,1,164.98,0,164.98,0.0,164.98,Apple Pay,Online
TXN-0042031,2026-08-26,DXB-003,Dubai,CUST-05519,P010,Printer,Office,1,626.0,5,626.0,31.3,594.7,Apple Pay,Online
TXN-0042248,2026-08-26,DXB-001,Dubai,CUST-00920,P008,Desk,Furniture,2,837.17,10,1674.33,167.43,1506.9,Card,Store
TXN-0042378,2026-08-26,DXB-002,Dubai,CUST-02490,P006,Mouse,Accessories,3,103.01,10,309.04,30.9,278.14,Card,Store
TXN-0042388,2026-08-26,DXB-004,Dubai,CUST-01038,P004,Monitor,Electronics,2,798.28,15,1596.56,239.48,1357.08,Card,Store
TXN-0042470,2026-08-26,DXB-005,Dubai,CUST-06528,P008,Desk,Furniture,4,759.86,10,3039.43,303.94,2735.48,Cash,Store
TXN-0042553,2026-08-26,DXB-003,Dubai,CUST-05487,P005,Keyboard,Accessories,4,188.36,0,753.44,0.0,753.44,Card,Store
TXN-0042581,2026-08-26,DXB-001,Dubai,CUST-06025,P012,Pen Pack,Stationery,3,14.95,0,44.85,0.0,44.85,Apple Pay,Store
TXN-0042584,2026-08-26,DXB-001,Dubai,CUST-02977,P006,Mouse,Accessories,1,93.27,0,93.27,0.0,93.27,Card,Store
TXN-0042613,2026-08-26,DXB-005,Dubai,CUST-01990,P004,Monitor,Electronics,1,920.45,5,920.45,46.02,874.43,Apple Pay,Store
TXN-0042643,2026-08-26,DXB-004,Dubai,CUST-00010,P003,Headphones,Electronics,1,362.67,5,362.67,18.13,344.54,Cash,Store
TXN-0042751,2026-08-26,DXB-003,Dubai,CUST-00468,P008,Desk,Furniture,1,886.17,0,886.17,0.0,886.17,Apple Pay,Store
TXN-0042769,2026-08-26,DXB-005,Dubai,CUST-06741,P013,USB Drive,Accessories,5,46.24,10,231.2,23.12,208.08,Card,Store
TXN-0042787,2026-08-26,DXB-001,Dubai,CUST-07500,P014,Power Bank,Electronics,1,164.68,5,164.68,8.23,156.45,Cash,Store
TXN-0042820,2026-08-26,DXB-003,Dubai,CUST-01537,P004,Monitor,Electronics,1,955.54,0,955.54,0.0,955.54,Card,Online
TXN-0042880,2026-08-26,DXB-002,Dubai,CUST-03256,P001,Laptop,Electronics,1,2735.81,0,2735.81,0.0,2735.81,Card,Store
TXN-0043154,2026-08-26,DXB-003,Dubai,CUST-03612,P002,Smartphone,Electronics,2,1901.62,0,3803.23,0.0,3803.23,Bank Transfer,Online
TXN-0043168,2026-08-26,DXB-001,Dubai,CUST-02925,P009,Backpack,Accessories,1,203.3,5,203.3,10.16,193.13,Card,Online
TXN-0043190,2026-08-26,DXB-004,Dubai,CUST-05042,P009,Backpack,Accessories,1,220.35,5,220.35,11.02,209.33,Card,Online
TXN-0043217,2026-08-26,DXB-001,Dubai,CUST-06290,P006,Mouse,Accessories,1,103.37,5,103.37,5.17,98.2,Apple Pay,Online
TXN-0043218,2026-08-26,DXB-002,Dubai,CUST-04182,P010,Printer,Office,3,721.23,5,2163.69,108.18,2055.51,Card,Store
TXN-0043220,2026-08-26,DXB-003,Dubai,CUST-02254,P008,Desk,Furniture,2,761.66,0,1523.32,0.0,1523.32,Card,Store
TXN-0043229,2026-08-26,DXB-002,Dubai,CUST-00369,P012,Pen Pack,Stationery,3,16.1,0,48.31,0.0,48.31,Card,Store
TXN-0043236,2026-08-26,DXB-001,Dubai,CUST-05832,P005,Keyboard,Accessories,4,171.39,10,685.57,68.56,617.01,Card,Store
TXN-0043265,2026-08-26,DXB-003,Dubai,CUST-00174,P013,USB Drive,Accessories,1,41.86,0,41.86,0.0,41.86,Cash,Online
TXN-0043289,2026-08-26,DXB-001,Dubai,CUST-05944,P010,Printer,Office,1,700.31,10,700.31,70.03,630.28,Apple Pay,Store
TXN-0043298,2026-08-26,DXB-002,Dubai,CUST-07286,P002,Smartphone,Electronics,4,1788.95,10,7155.79,715.58,6440.21,Cash,Online
TXN-0043380,2026-08-26,DXB-001,Dubai,CUST-02702,P010,Printer,Office,1,737.01,20,737.01,147.4,589.6,Apple Pay,Online
TXN-0043432,2026-08-26,DXB-004,Dubai,CUST-04356,P001,Laptop,Electronics,2,2521.01,20,5042.03,1008.41,4033.62,Card,Online
TXN-0043518,2026-08-26,DXB-004,Dubai,CUST-07838,P008,Desk,Furniture,1,828.33,0,828.33,0.0,828.33,Card,Store
TXN-0043529,2026-08-26,DXB-004,Dubai,CUST-07520,P004,Monitor,Electronics,1,914.78,10,914.78,91.48,823.3,Card,Store
TXN-0043609,2026-08-26,DXB-002,Dubai,CUST-04828,P004,Monitor,Electronics,1,896.27,0,896.27,0.0,896.27,Card,Store
TXN-0043629,2026-08-26,DXB-001,Dubai,CUST-04044,P007,Office Chair,Furniture,1,628.51,5,628.51,31.43,597.08,Card,Store
TXN-0043816,2026-08-26,DXB-001,Dubai,CUST-02735,P010,Printer,Office,1,659.82,10,659.82,65.98,593.83,Card,Store
TXN-0043962,2026-08-26,DXB-003,Dubai,CUST-07243,P004,Monitor,Electronics,5,923.52,0,4617.58,0.0,4617.58,Card,Store
TXN-0043996,2026-08-26,DXB-004,Dubai,CUST-07826,P010,Printer,Office,1,602.78,5,602.78,30.14,572.64,Card,Store
TXN-0044018,2026-08-26,DXB-002,Dubai,CUST-06620,P003,Headphones,Electronics,1,308.61,5,308.61,15.43,293.18,Apple Pay,Store
TXN-0044024,2026-08-26,DXB-001,Dubai,CUST-00186,P001,Laptop,Electronics,2,2908.25,5,5816.51,290.83,5525.68,Card,Store
TXN-0044040,2026-08-26,DXB-003,Dubai,CUST-04199,P006,Mouse,Accessories,3,105.48,10,316.44,31.64,284.79,Card,Store
TXN-0044077,2026-08-26,DXB-001,Dubai,CUST-07039,P005,Keyboard,Accessories,2,158.0,5,316.0,15.8,300.2,Card,Store
TXN-0044132,2026-08-26,DXB-001,Dubai,CUST-00524,P001,Laptop,Electronics,3,2812.67,10,8438.01,843.8,7594.21,Bank Transfer,Store
TXN-0044137,2026-08-26,DXB-002,Dubai,CUST-02864,P002,Smartphone,Electronics,4,1638.93,20,6555.72,1311.14,5244.57,Cash,Store
TXN-0044152,2026-08-26,DXB-004,Dubai,CUST-01913,P013,USB Drive,Accessories,2,49.13,0,98.27,0.0,98.27,Apple Pay,Online
TXN-0044250,2026-08-26,DXB-002,Dubai,CUST-03017,P014,Power Bank,Electronics,2,154.43,10,308.87,30.89,277.98,Card,Store
TXN-0044257,2026-08-26,DXB-005,Dubai,CUST-05848,P010,Printer,Office,1,725.77,0,725.77,0.0,725.77,Apple Pay,Online
TXN-0044347,2026-08-26,DXB-001,Dubai,CUST-04768,P005,Keyboard,Accessories,2,172.27,0,344.53,0.0,344.53,Apple Pay,Online
TXN-0044499,2026-08-26,DXB-002,Dubai,CUST-04213,P005,Keyboard,Accessories,1,180.65,10,180.65,18.06,162.58,Card,Store
TXN-0044501,2026-08-26,DXB-004,Dubai,CUST-07034,P007,Office Chair,Furniture,1,610.06,10,610.06,61.01,549.05,Card,Online
TXN-0044608,2026-08-26,DXB-001,Dubai,CUST-02724,P012,Pen Pack,Stationery,1,14.48,5,14.48,0.72,13.75,Card,Store
TXN-0044630,2026-08-26,DXB-003,Dubai,CUST-04148,P002,Smartphone,Electronics,1,1694.1,5,1694.1,84.71,1609.4,Card,Store
TXN-0044665,2026-08-26,DXB-001,Dubai,CUST-06393,P008,Desk,Furniture,1,808.15,0,808.15,0.0,808.15,Bank Transfer,Store
TXN-0044746,2026-08-26,DXB-005,Dubai,CUST-00258,P008,Desk,Furniture,3,735.57,5,2206.7,110.33,2096.36,Card,Store
TXN-0044766,2026-08-26,DXB-001,Dubai,CUST-05084,P004,Monitor,Electronics,4,848.33,0,3393.32,0.0,3393.32,Card,Store
TXN-0044767,2026-08-26,DXB-003,Dubai,CUST-01755,P012,Pen Pack,Stationery,2,14.37,5,28.74,1.44,27.31,Card,Online
TXN-0044820,2026-08-26,DXB-001,Dubai,CUST-04803,P010,Printer,Office,3,664.39,5,1993.18,99.66,1893.52,Apple Pay,Store
TXN-0044908,2026-08-26,DXB-003,Dubai,CUST-05996,P004,Monitor,Electronics,2,979.86,0,1959.72,0.0,1959.72,Card,Store
TXN-0044956,2026-08-26,DXB-002,Dubai,CUST-05925,P001,Laptop,Electronics,1,3112.9,5,3112.9,155.64,2957.25,Bank Transfer,Store
TXN-0044963,2026-08-26,DXB-003,Dubai,CUST-03088,P013,USB Drive,Accessories,2,43.21,5,86.42,4.32,82.1,Cash,Store
TXN-0045036,2026-08-26,DXB-001,Dubai,CUST-07308,P002,Smartphone,Electronics,2,1884.57,0,3769.14,0.0,3769.14,Card,Store
TXN-0045077,2026-08-26,DXB-002,Dubai,CUST-02180,P006,Mouse,Accessories,1,111.87,0,111.87,0.0,111.87,Card,Store
TXN-0045113,2026-08-26,DXB-002,Dubai,CUST-04880,P004,Monitor,Electronics,2,834.58,0,1669.16,0.0,1669.16,Card,Store
TXN-0045123,2026-08-26,DXB-002,Dubai,CUST-01505,P005,Keyboard,Accessories,2,183.69,0,367.38,0.0,367.38,Cash,Online
TXN-0045173,2026-08-26,DXB-003,Dubai,CUST-00249,P012,Pen Pack,Stationery,2,14.72,0,29.44,0.0,29.44,Card,Online
TXN-0045180,2026-08-26,DXB-005,Dubai,CUST-00580,P004,Monitor,Electronics,1,889.95,0,889.95,0.0,889.95,Apple Pay,Store
TXN-0045197,2026-08-26,DXB-005,Dubai,CUST-03876,P011,Notebook,Stationery,5,26.79,5,133.95,6.7,127.25,Apple Pay,Online
TXN-0045234,2026-08-26,DXB-001,Dubai,CUST-01612,P013,USB Drive,Accessories,4,45.31,15,181.23,27.18,154.04,Cash,Store
TXN-0045256,2026-08-26,DXB-001,Dubai,CUST-06370,P001,Laptop,Electronics,1,2761.38,5,2761.38,138.07,2623.31,Card,Store
TXN-0045347,2026-08-26,DXB-004,Dubai,CUST-06866,P008,Desk,Furniture,6,703.13,0,4218.77,0.0,4218.77,Bank Transfer,Store
TXN-0045373,2026-08-26,DXB-002,Dubai,CUST-00415,P002,Smartphone,Electronics,2,1755.04,0,3510.08,0.0,3510.08,Card,Store
TXN-0045436,2026-08-26,DXB-001,Dubai,CUST-03034,P002,Smartphone,Electronics,1,1810.55,0,1810.55,0.0,1810.55,Card,Store
TXN-0045469,2026-08-26,DXB-003,Dubai,CUST-03360,P001,Laptop,Electronics,2,2815.65,5,5631.29,281.56,5349.73,Card,Store
TXN-0045501,2026-08-26,DXB-005,Dubai,CUST-07619,P011,Notebook,Stationery,1,25.01,5,25.01,1.25,23.76,Card,Store
TXN-0045547,2026-08-26,DXB-003,Dubai,CUST-05231,P008,Desk,Furniture,1,724.02,0,724.02,0.0,724.02,Card,Store
TXN-0045588,2026-08-26,DXB-004,Dubai,CUST-06176,P003,Headphones,Electronics,3,336.81,5,1010.43,50.52,959.91,Card,Online
TXN-0045595,2026-08-26,DXB-001,Dubai,CUST-05194,P006,Mouse,Accessories,1,97.08,15,97.08,14.56,82.52,Cash,Store
TXN-0045636,2026-08-26,DXB-004,Dubai,CUST-03855,P004,Monitor,Electronics,2,849.21,10,1698.43,169.84,1528.59,Apple Pay,Online
TXN-0045658,2026-08-26,DXB-001,Dubai,CUST-01260,P009,Backpack,Accessories,1,175.18,5,175.18,8.76,166.42,Cash,Store
TXN-0045704,2026-08-26,DXB-005,Dubai,CUST-03344,P012,Pen Pack,Stationery,1,15.2,5,15.2,0.76,14.44,Cash,Store
TXN-0045753,2026-08-26,DXB-001,Dubai,CUST-00164,P008,Desk,Furniture,1,872.9,0,872.9,0.0,872.9,Apple Pay,Online
TXN-0045811,2026-08-26,DXB-005,Dubai,CUST-05045,P005,Keyboard,Accessories,1,197.09,0,197.09,0.0,197.09,Bank Transfer,Store
TXN-0045875,2026-08-26,DXB-002,Dubai,CUST-04846,P015,Tablet,Electronics,1,1333.97,10,1333.97,133.4,1200.57,Cash,Online
TXN-0045905,2026-08-26,DXB-002,Dubai,CUST-06795,P012,Pen Pack,Stationery,1,14.23,5,14.23,0.71,13.52,Apple Pay,Online
TXN-0046027,2026-08-26,DXB-002,Dubai,CUST-01138,P008,Desk,Furniture,1,838.57,0,838.57,0.0,838.57,Card,Store
TXN-0046044,2026-08-26,DXB-001,Dubai,CUST-07632,P012,Pen Pack,Stationery,2,14.52,5,29.04,1.45,27.59,Card,Online
TXN-0046105,2026-08-26,DXB-002,Dubai,CUST-02592,P009,Backpack,Accessories,1,235.25,0,235.25,0.0,235.25,Card,Online
TXN-0046155,2026-08-26,DXB-001,Dubai,CUST-04949,P006,Mouse,Accessories,2,109.38,0,218.77,0.0,218.77,Cash,Store
TXN-0046288,2026-08-26,DXB-003,Dubai,CUST-05811,P008,Desk,Furniture,1,834.02,10,834.02,83.4,750.62,Card,Online
TXN-0046293,2026-08-26,DXB-005,Dubai,CUST-05969,P014,Power Bank,Electronics,2,152.75,10,305.51,30.55,274.96,Card,Store
TXN-0046316,2026-08-26,DXB-001,Dubai,CUST-05526,P007,Office Chair,Furniture,4,651.85,10,2607.4,260.74,2346.66,Apple Pay,Store
TXN-0046323,2026-08-26,DXB-005,Dubai,CUST-02893,P010,Printer,Office,1,660.71,5,660.71,33.04,627.68,Bank Transfer,Store
TXN-0046517,2026-08-26,DXB-004,Dubai,CUST-00028,P015,Tablet,Electronics,1,1245.99,5,1245.99,62.3,1183.69,Card,Store
TXN-0046598,2026-08-26,DXB-005,Dubai,CUST-05779,P012,Pen Pack,Stationery,1,14.79,5,14.79,0.74,14.05,Cash,Store
TXN-0046632,2026-08-26,DXB-003,Dubai,CUST-01870,P012,Pen Pack,Stationery,1,15.95,0,15.95,0.0,15.95,Cash,Store
TXN-0046649,2026-08-26,DXB-002,Dubai,CUST-02836,P009,Backpack,Accessories,6,220.98,10,1325.9,132.59,1193.31,Bank Transfer,Store
TXN-0046677,2026-08-26,DXB-002,Dubai,CUST-07363,P008,Desk,Furniture,1,807.1,10,807.1,80.71,726.39,Card,Store
TXN-0046717,2026-08-26,DXB-001,Dubai,CUST-05165,P008,Desk,Furniture,2,799.32,15,1598.64,239.8,1358.84,Bank Transfer,Store
TXN-0046725,2026-08-26,DXB-001,Dubai,CUST-05253,P013,USB Drive,Accessories,3,44.93,15,134.79,20.22,114.57,Bank Transfer,Store
TXN-0046965,2026-08-26,DXB-004,Dubai,CUST-00370,P013,USB Drive,Accessories,4,46.59,10,186.35,18.63,167.71,Card,Online
TXN-0046987,2026-08-26,DXB-001,Dubai,CUST-01958,P004,Monitor,Electronics,1,938.25,5,938.25,46.91,891.34,Card,Store
TXN-0047017,2026-08-26,DXB-003,Dubai,CUST-06174,P007,Office Chair,Furniture,2,661.22,0,1322.44,0.0,1322.44,Apple Pay,Online
TXN-0047053,2026-08-26,DXB-001,Dubai,CUST-00218,P002,Smartphone,Electronics,1,1716.67,10,1716.67,171.67,1545.0,Card,Store
TXN-0047119,2026-08-26,DXB-003,Dubai,CUST-02040,P012,Pen Pack,Stationery,3,15.46,5,46.37,2.32,44.06,Card,Online
TXN-0047136,2026-08-26,DXB-004,Dubai,CUST-06786,P010,Printer,Office,6,629.82,5,3778.92,188.95,3589.97,Bank Transfer,Online
TXN-0047139,2026-08-26,DXB-004,Dubai,CUST-04862,P014,Power Bank,Electronics,5,153.46,15,767.3,115.09,652.2,Card,Store
TXN-0047141,2026-08-26,DXB-001,Dubai,CUST-02688,P011,Notebook,Stationery,1,25.84,15,25.84,3.88,21.96,Apple Pay,Store
TXN-0047154,2026-08-26,DXB-002,Dubai,CUST-07971,P004,Monitor,Electronics,2,958.57,5,1917.13,95.86,1821.28,Card,Online
TXN-0047167,2026-08-26,DXB-001,Dubai,CUST-02689,P013,USB Drive,Accessories,1,47.09,5,47.09,2.35,44.74,Card,Store
TXN-0047168,2026-08-26,DXB-003,Dubai,CUST-02564,P012,Pen Pack,Stationery,1,14.72,5,14.72,0.74,13.98,Apple Pay,Store
TXN-0047275,2026-08-26,DXB-001,Dubai,CUST-01737,P001,Laptop,Electronics,1,2902.7,15,2902.7,435.41,2467.3,Card,Store
TXN-0047309,2026-08-26,DXB-005,Dubai,CUST-06107,P015,Tablet,Electronics,2,1150.33,15,2300.66,345.1,1955.56,Card,Online
TXN-0047318,2026-08-26,DXB-003,Dubai,CUST-04385,P002,Smartphone,Electronics,3,1883.28,10,5649.84,564.98,5084.86,Apple Pay,Store
TXN-0047468,2026-08-26,DXB-005,Dubai,CUST-02173,P004,Monitor,Electronics,1,768.64,0,768.64,0.0,768.64,Card,Store
TXN-0047486,2026-08-26,DXB-002,Dubai,CUST-05590,P013,USB Drive,Accessories,2,45.82,15,91.64,13.75,77.89,Card,Store
TXN-0047672,2026-08-26,DXB-001,Dubai,CUST-05605,P008,Desk,Furniture,3,793.58,5,2380.74,119.04,2261.7,Cash,Store
TXN-0047714,2026-08-26,DXB-003,Dubai,CUST-03037,P007,Office Chair,Furniture,1,648.3,15,648.3,97.24,551.05,Apple Pay,Store
TXN-0047716,2026-08-26,DXB-003,Dubai,CUST-07258,P001,Laptop,Electronics,1,2873.75,5,2873.75,143.69,2730.06,Card,Store
TXN-0047786,2026-08-26,DXB-003,Dubai,CUST-06076,P015,Tablet,Electronics,2,1197.01,0,2394.02,0.0,2394.02,Card,Store
TXN-0047853,2026-08-26,DXB-001,Dubai,CUST-02485,P006,Mouse,Accessories,1,95.29,0,95.29,0.0,95.29,Apple Pay,Store
TXN-0047941,2026-08-26,DXB-005,Dubai,CUST-01188,P009,Backpack,Accessories,2,240.52,0,481.03,0.0,481.03,Cash,Online
TXN-0047953,2026-08-26,DXB-003,Dubai,CUST-03636,P010,Printer,Office,4,669.47,5,2677.87,133.89,2543.98,Apple Pay,Online
TXN-0047966,2026-08-26,DXB-004,Dubai,CUST-00995,P012,Pen Pack,Stationery,2,13.47,10,26.94,2.69,24.25,Cash,Online
TXN-0047985,2026-08-26,DXB-002,Dubai,CUST-05196,P003,Headphones,Electronics,1,372.23,15,372.23,55.83,316.4,Card,Store
TXN-0048118,2026-08-26,DXB-002,Dubai,CUST-04222,P009,Backpack,Accessories,2,213.28,5,426.56,21.33,405.23,Apple Pay,Store
TXN-0048203,2026-08-26,DXB-004,Dubai,CUST-04136,P007,Office Chair,Furniture,2,646.22,5,1292.43,64.62,1227.81,Apple Pay,Store
TXN-0048406,2026-08-26,DXB-002,Dubai,CUST-07360,P002,Smartphone,Electronics,1,1737.02,15,1737.02,260.55,1476.47,Cash,Store
TXN-0048414,2026-08-26,DXB-001,Dubai,CUST-07616,P002,Smartphone,Electronics,1,1892.74,15,1892.74,283.91,1608.83,Card,Online
TXN-0048429,2026-08-26,DXB-001,Dubai,CUST-01238,P006,Mouse,Accessories,1,112.39,5,112.39,5.62,106.77,Card,Store
TXN-0048528,2026-08-26,DXB-002,Dubai,CUST-07757,P013,USB Drive,Accessories,1,42.24,15,42.24,6.34,35.91,Card,Store
TXN-0048595,2026-08-26,DXB-001,Dubai,CUST-01634,P008,Desk,Furniture,1,771.59,15,771.59,115.74,655.86,Apple Pay,Store
TXN-0048768,2026-08-26,DXB-001,Dubai,CUST-06183,P001,Laptop,Electronics,1,3109.5,0,3109.5,0.0,3109.5,Card,Store
TXN-0048946,2026-08-26,DXB-004,Dubai,CUST-04218,P008,Desk,Furniture,1,792.39,10,792.39,79.24,713.15,Cash,Store
TXN-0048985,2026-08-26,DXB-003,Dubai,CUST-03272,P012,Pen Pack,Stationery,1,14.59,0,14.59,0.0,14.59,Cash,Store
TXN-0049009,2026-08-26,DXB-002,Dubai,CUST-02091,P013,USB Drive,Accessories,1,42.51,5,42.51,2.13,40.39,Card,Store
TXN-0049076,2026-08-26,DXB-001,Dubai,CUST-01527,P004,Monitor,Electronics,1,899.73,10,899.73,89.97,809.75,Card,Store
TXN-0049088,2026-08-26,DXB-001,Dubai,CUST-01123,P007,Office Chair,Furniture,3,669.52,0,2008.57,0.0,2008.57,Card,Online
TXN-0049208,2026-08-26,DXB-001,Dubai,CUST-05385,P009,Backpack,Accessories,3,237.58,5,712.75,35.64,677.11,Apple Pay,Store
TXN-0049232,2026-08-26,DXB-004,Dubai,CUST-00172,P005,Keyboard,Accessories,2,175.79,0,351.59,0.0,351.59,Apple Pay,Store
TXN-0049241,2026-08-26,DXB-005,Dubai,CUST-06344,P009,Backpack,Accessories,4,209.38,10,837.51,83.75,753.76,Cash,Store
TXN-0049271,2026-08-26,DXB-003,Dubai,CUST-06325,P006,Mouse,Accessories,2,104.54,0,209.08,0.0,209.08,Card,Store
TXN-0049279,2026-08-26,DXB-002,Dubai,CUST-01334,P006,Mouse,Accessories,1,101.01,5,101.01,5.05,95.96,Apple Pay,Online
TXN-0049307,2026-08-26,DXB-001,Dubai,CUST-01051,P006,Mouse,Accessories,1,105.56,15,105.56,15.83,89.72,Apple Pay,Online
TXN-0049308,2026-08-26,DXB-001,Dubai,CUST-02168,P008,Desk,Furniture,3,738.43,0,2215.28,0.0,2215.28,Card,Online
TXN-0049326,2026-08-26,DXB-002,Dubai,CUST-01609,P005,Keyboard,Accessories,1,183.91,0,183.91,0.0,183.91,Apple Pay,Online
TXN-0049375,2026-08-26,DXB-001,Dubai,CUST-07554,P003,Headphones,Electronics,1,328.66,0,328.66,0.0,328.66,Card,Online
TXN-0049436,2026-08-26,DXB-001,Dubai,CUST-03474,P004,Monitor,Electronics,4,821.46,0,3285.86,0.0,3285.86,Card,Store
TXN-0049448,2026-08-26,DXB-002,Dubai,CUST-07972,P013,USB Drive,Accessories,1,49.27,5,49.27,2.46,46.8,Cash,Online
TXN-0049513,2026-08-26,DXB-004,Dubai,CUST-04065,P009,Backpack,Accessories,2,207.44,0,414.88,0.0,414.88,Card,Online
TXN-0049633,2026-08-26,DXB-005,Dubai,CUST-05473,P006,Mouse,Accessories,1,110.8,0,110.8,0.0,110.8,Bank Transfer,Online
TXN-0049635,2026-08-26,DXB-002,Dubai,CUST-04302,P007,Office Chair,Furniture,2,675.65,10,1351.31,135.13,1216.18,Apple Pay,Store
TXN-0049682,2026-08-26,DXB-005,Dubai,CUST-05834,P002,Smartphone,Electronics,5,1787.53,10,8937.65,893.76,8043.88,Bank Transfer,Store
TXN-0049692,2026-08-26,DXB-001,Dubai,CUST-07723,P012,Pen Pack,Stationery,4,13.77,10,55.1,5.51,49.59,Cash,Store
TXN-0049896,2026-08-26,DXB-003,Dubai,CUST-01454,P004,Monitor,Electronics,6,922.93,15,5537.58,830.64,4706.95,Bank Transfer,Online
TXN-0049977,2026-08-26,DXB-002,Dubai,CUST-03348,P002,Smartphone,Electronics,1,1941.51,20,1941.51,388.3,1553.21,Card,Store
TXN-0050044,2026-08-26,DXB-004,Dubai,CUST-03616,P014,Power Bank,Electronics,1,156.52,5,156.52,7.83,148.69,Card,Store
TXN-0050068,2026-08-26,DXB-003,Dubai,CUST-04114,P008,Desk,Furniture,1,829.31,0,829.31,0.0,829.31,Cash,Store
TXN-0050095,2026-08-26,DXB-002,Dubai,CUST-04567,P008,Desk,Furniture,2,755.54,0,1511.08,0.0,1511.08,Card,Store
TXN-0050165,2026-08-26,DXB-004,Dubai,CUST-01463,P004,Monitor,Electronics,3,890.58,10,2671.75,267.17,2404.57,Cash,Store
TXN-0050211,2026-08-26,DXB-003,Dubai,CUST-00906,P002,Smartphone,Electronics,1,1662.23,5,1662.23,83.11,1579.11,Cash,Store
TXN-0050306,2026-08-26,DXB-005,Dubai,CUST-06260,P012,Pen Pack,Stationery,1,14.23,0,14.23,0.0,14.23,Bank Transfer,Store
TXN-0050332,2026-08-26,DXB-002,Dubai,CUST-03343,P001,Laptop,Electronics,3,2430.36,15,7291.09,1093.66,6197.42,Card,Store
TXN-0050449,2026-08-26,DXB-003,Dubai,CUST-03214,P004,Monitor,Electronics,6,965.51,20,5793.07,1158.61,4634.46,Card,Online
TXN-0050515,2026-08-26,DXB-003,Dubai,CUST-00848,P004,Monitor,Electronics,3,895.69,0,2687.07,0.0,2687.07,Card,Store
TXN-0050663,2026-08-26,DXB-001,Dubai,CUST-07821,P010,Printer,Office,1,719.32,0,719.32,0.0,719.32,Card,Online
TXN-0050716,2026-08-26,DXB-001,Dubai,CUST-04341,P009,Backpack,Accessories,1,202.64,5,202.64,10.13,192.5,Cash,Store
TXN-0050758,2026-08-26,DXB-005,Dubai,CUST-05446,P003,Headphones,Electronics,1,351.78,0,351.78,0.0,351.78,Card,Store
TXN-0050781,2026-08-26,DXB-001,Dubai,CUST-04565,P007,Office Chair,Furniture,3,715.78,5,2147.33,107.37,2039.96,Cash,Store
TXN-0050793,2026-08-26,DXB-001,Dubai,CUST-04318,P006,Mouse,Accessories,1,94.12,5,94.12,4.71,89.41,Card,Store
TXN-0050947,2026-08-26,DXB-005,Dubai,CUST-02751,P007,Office Chair,Furniture,5,671.88,5,3359.39,167.97,3191.42,Card,Store
TXN-0051024,2026-08-26,DXB-005,Dubai,CUST-04424,P010,Printer,Office,4,692.9,15,2771.59,415.74,2355.85,Card,Online
TXN-0051041,2026-08-26,DXB-004,Dubai,CUST-05886,P008,Desk,Furniture,5,768.04,5,3840.19,192.01,3648.18,Card,Store
TXN-0051078,2026-08-26,DXB-002,Dubai,CUST-05319,P008,Desk,Furniture,2,786.81,15,1573.61,236.04,1337.57,Card,Store
TXN-0051179,2026-08-26,DXB-001,Dubai,CUST-06550,P002,Smartphone,Electronics,2,1681.88,0,3363.77,0.0,3363.77,Cash,Online
TXN-0051220,2026-08-26,DXB-002,Dubai,CUST-06142,P001,Laptop,Electronics,1,3010.31,0,3010.31,0.0,3010.31,Card,Store
TXN-0051224,2026-08-26,DXB-002,Dubai,CUST-06751,P012,Pen Pack,Stationery,1,15.88,5,15.88,0.79,15.09,Apple Pay,Store
TXN-0051332,2026-08-26,DXB-002,Dubai,CUST-07619,P001,Laptop,Electronics,1,2898.23,0,2898.23,0.0,2898.23,Card,Store
TXN-0051467,2026-08-26,DXB-005,Dubai,CUST-02761,P007,Office Chair,Furniture,1,584.51,0,584.51,0.0,584.51,Bank Transfer,Store
TXN-0051476,2026-08-26,DXB-001,Dubai,CUST-04113,P003,Headphones,Electronics,4,355.43,0,1421.73,0.0,1421.73,Card,Online
TXN-0051539,2026-08-26,DXB-001,Dubai,CUST-03127,P009,Backpack,Accessories,4,242.54,20,970.16,194.03,776.13,Card,Store
TXN-0051800,2026-08-26,DXB-004,Dubai,CUST-05150,P013,USB Drive,Accessories,2,41.54,0,83.07,0.0,83.07,Card,Store
TXN-0051808,2026-08-26,DXB-002,Dubai,CUST-06673,P007,Office Chair,Furniture,2,688.78,10,1377.56,137.76,1239.81,Apple Pay,Store
TXN-0051853,2026-08-26,DXB-001,Dubai,CUST-01168,P004,Monitor,Electronics,1,790.85,0,790.85,0.0,790.85,Cash,Store
TXN-0051861,2026-08-26,DXB-002,Dubai,CUST-05599,P001,Laptop,Electronics,1,2984.9,10,2984.9,298.49,2686.41,Card,Store
TXN-0051998,2026-08-26,DXB-005,Dubai,CUST-02484,P015,Tablet,Electronics,1,1294.02,15,1294.02,194.1,1099.92,Bank Transfer,Online
TXN-0052030,2026-08-26,DXB-001,Dubai,CUST-01236,P012,Pen Pack,Stationery,1,14.83,0,14.83,0.0,14.83,Card,Online
TXN-0052038,2026-08-26,DXB-002,Dubai,CUST-01239,P012,Pen Pack,Stationery,1,13.29,0,13.29,0.0,13.29,Card,Online
TXN-0052090,2026-08-26,DXB-003,Dubai,CUST-01928,P012,Pen Pack,Stationery,3,14.63,5,43.9,2.2,41.71,Apple Pay,Online
TXN-0052100,2026-08-26,DXB-005,Dubai,CUST-06783,P013,USB Drive,Accessories,1,47.71,5,47.71,2.39,45.32,Cash,Store
TXN-0052113,2026-08-26,DXB-003,Dubai,CUST-01171,P005,Keyboard,Accessories,2,213.16,10,426.33,42.63,383.7,Apple Pay,Store
TXN-0052120,2026-08-26,DXB-005,Dubai,CUST-05638,P014,Power Bank,Electronics,1,153.3,5,153.3,7.66,145.63,Cash,Store
TXN-0052166,2026-08-26,DXB-001,Dubai,CUST-04934,P003,Headphones,Electronics,1,332.37,10,332.37,33.24,299.13,Cash,Online
TXN-0052211,2026-08-26,DXB-004,Dubai,CUST-06357,P005,Keyboard,Accessories,1,182.14,5,182.14,9.11,173.03,Cash,Store
TXN-0052240,2026-08-26,DXB-003,Dubai,CUST-05731,P012,Pen Pack,Stationery,1,15.67,0,15.67,0.0,15.67,Apple Pay,Online
TXN-0052251,2026-08-26,DXB-005,Dubai,CUST-07559,P008,Desk,Furniture,1,841.91,15,841.91,126.29,715.63,Card,Store
TXN-0052277,2026-08-26,DXB-004,Dubai,CUST-02672,P013,USB Drive,Accessories,1,43.13,10,43.13,4.31,38.82,Card,Store
TXN-0052418,2026-08-26,DXB-003,Dubai,CUST-06609,P006,Mouse,Accessories,1,94.59,10,94.59,9.46,85.13,Card,Store
TXN-0052433,2026-08-26,DXB-001,Dubai,CUST-04678,P007,Office Chair,Furniture,1,605.33,15,605.33,90.8,514.53,Apple Pay,Store
TXN-0052463,2026-08-26,DXB-005,Dubai,CUST-00418,P004,Monitor,Electronics,1,1031.2,10,1031.2,103.12,928.08,Cash,Store
TXN-0052482,2026-08-26,DXB-003,Dubai,CUST-07063,P010,Printer,Office,1,784.24,5,784.24,39.21,745.02,Card,Store
TXN-0052522,2026-08-26,DXB-003,Dubai,CUST-06385,P002,Smartphone,Electronics,2,1891.4,20,3782.8,756.56,3026.24,Apple Pay,Online
TXN-0052525,2026-08-26,DXB-005,Dubai,CUST-05399,P009,Backpack,Accessories,1,229.07,5,229.07,11.45,217.61,Card,Store
TXN-0052526,2026-08-26,DXB-003,Dubai,CUST-07264,P012,Pen Pack,Stationery,1,14.82,20,14.82,2.96,11.86,Bank Transfer,Store
TXN-0052603,2026-08-26,DXB-002,Dubai,CUST-07598,P015,Tablet,Electronics,1,1232.35,20,1232.35,246.47,985.88,Card,Store
TXN-0052647,2026-08-26,DXB-001,Dubai,CUST-03232,P008,Desk,Furniture,1,786.87,10,786.87,78.69,708.18,Cash,Store
TXN-0052656,2026-08-26,DXB-001,Dubai,CUST-03498,P006,Mouse,Accessories,1,95.12,0,95.12,0.0,95.12,Apple Pay,Store
TXN-0052660,2026-08-26,DXB-002,Dubai,CUST-02901,P010,Printer,Office,1,656.67,5,656.67,32.83,623.83,Apple Pay,Store
TXN-0052691,2026-08-26,DXB-002,Dubai,CUST-03942,P014,Power Bank,Electronics,1,154.15,5,154.15,7.71,146.44,Card,Store
TXN-0052724,2026-08-26,DXB-005,Dubai,CUST-01412,P014,Power Bank,Electronics,1,135.35,10,135.35,13.54,121.82,Card,Store
TXN-0052734,2026-08-26,DXB-005,Dubai,CUST-02601,P007,Office Chair,Furniture,1,674.71,15,674.71,101.21,573.51,Card,Store
TXN-0052739,2026-08-26,DXB-003,Dubai,CUST-06160,P013,USB Drive,Accessories,2,45.2,0,90.41,0.0,90.41,Card,Online
TXN-0052814,2026-08-26,DXB-002,Dubai,CUST-06761,P005,Keyboard,Accessories,1,187.07,10,187.07,18.71,168.36,Cash,Online
TXN-0052834,2026-08-26,DXB-003,Dubai,CUST-02686,P006,Mouse,Accessories,2,99.07,10,198.13,19.81,178.32,Apple Pay,Store
TXN-0052850,2026-08-26,DXB-001,Dubai,CUST-02845,P006,Mouse,Accessories,1,96.83,10,96.83,9.68,87.15,Cash,Store
TXN-0052898,2026-08-26,DXB-004,Dubai,CUST-02286,P014,Power Bank,Electronics,2,165.53,5,331.05,16.55,314.5,Bank Transfer,Store
TXN-0052937,2026-08-26,DXB-001,Dubai,CUST-00030,P003,Headphones,Electronics,6,347.72,10,2086.3,208.63,1877.67,Apple Pay,Online
TXN-0052962,2026-08-26,DXB-003,Dubai,CUST-02839,P010,Printer,Office,2,655.76,15,1311.53,196.73,1114.8,Cash,Store
TXN-0052987,2026-08-26,DXB-004,Dubai,CUST-07572,P003,Headphones,Electronics,1,345.93,15,345.93,51.89,294.04,Apple Pay,Store
TXN-0052995,2026-08-26,DXB-005,Dubai,CUST-02899,P001,Laptop,Electronics,2,2797.17,0,5594.34,0.0,5594.34,Bank Transfer,Store
TXN-0053007,2026-08-26,DXB-005,Dubai,CUST-04171,P003,Headphones,Electronics,1,335.78,0,335.78,0.0,335.78,Cash,Store
TXN-0053102,2026-08-26,DXB-005,Dubai,CUST-05696,P007,Office Chair,Furniture,1,598.99,0,598.99,0.0,598.99,Apple Pay,Online
TXN-0053147,2026-08-26,DXB-002,Dubai,CUST-00583,P011,Notebook,Stationery,1,23.87,5,23.87,1.19,22.68,Apple Pay,Store
TXN-0053151,2026-08-26,DXB-001,Dubai,CUST-07868,P008,Desk,Furniture,1,731.6,10,731.6,73.16,658.44,Bank Transfer,Store
TXN-0053190,2026-08-26,DXB-003,Dubai,CUST-03970,P003,Headphones,Electronics,1,374.73,10,374.73,37.47,337.25,Card,Store
TXN-0053192,2026-08-26,DXB-002,Dubai,CUST-03151,P009,Backpack,Accessories,1,224.21,0,224.21,0.0,224.21,Apple Pay,Store
TXN-0053203,2026-08-26,DXB-001,Dubai,CUST-05999,P011,Notebook,Stationery,1,24.88,0,24.88,0.0,24.88,Card,Store
TXN-0053211,2026-08-26,DXB-005,Dubai,CUST-05452,P006,Mouse,Accessories,1,110.3,10,110.3,11.03,99.27,Apple Pay,Store
TXN-0053281,2026-08-26,DXB-003,Dubai,CUST-01107,P010,Printer,Office,1,786.0,0,786.0,0.0,786.0,Card,Store
TXN-0053445,2026-08-26,DXB-005,Dubai,CUST-02611,P008,Desk,Furniture,1,784.07,10,784.07,78.41,705.67,Card,Store
TXN-0053569,2026-08-26,DXB-005,Dubai,CUST-05545,P002,Smartphone,Electronics,2,1923.07,0,3846.15,0.0,3846.15,Bank Transfer,Store
TXN-0053713,2026-08-26,DXB-005,Dubai,CUST-01086,P009,Backpack,Accessories,3,223.13,15,669.39,100.41,568.98,Card,Store
TXN-0053717,2026-08-26,DXB-003,Dubai,CUST-01248,P011,Notebook,Stationery,1,24.63,5,24.63,1.23,23.4,Card,Online
TXN-0053778,2026-08-26,DXB-001,Dubai,CUST-04048,P004,Monitor,Electronics,3,928.81,10,2786.42,278.64,2507.78,Card,Store
TXN-0053823,2026-08-26,DXB-005,Dubai,CUST-05449,P013,USB Drive,Accessories,2,47.41,5,94.82,4.74,90.08,Card,Store
TXN-0053862,2026-08-26,DXB-005,Dubai,CUST-06328,P003,Headphones,Electronics,6,331.55,5,1989.3,99.47,1889.84,Card,Online
TXN-0053869,2026-08-26,DXB-004,Dubai,CUST-00256,P004,Monitor,Electronics,1,935.56,5,935.56,46.78,888.78,Cash,Online
TXN-0053897,2026-08-26,DXB-002,Dubai,CUST-03429,P006,Mouse,Accessories,1,105.32,0,105.32,0.0,105.32,Card,Online
TXN-0053900,2026-08-26,DXB-005,Dubai,CUST-06971,P001,Laptop,Electronics,1,2674.54,5,2674.54,133.73,2540.81,Card,Online
TXN-0053901,2026-08-26,DXB-005,Dubai,CUST-07198,P002,Smartphone,Electronics,1,1651.41,0,1651.41,0.0,1651.41,Cash,Online
TXN-0053917,2026-08-26,DXB-003,Dubai,CUST-01799,P010,Printer,Office,4,786.71,10,3146.82,314.68,2832.14,Cash,Store
TXN-0054088,2026-08-26,DXB-002,Dubai,CUST-06610,P007,Office Chair,Furniture,3,666.91,5,2000.72,100.04,1900.69,Card,Online
TXN-0054119,2026-08-26,DXB-001,Dubai,CUST-05382,P013,USB Drive,Accessories,1,46.71,5,46.71,2.34,44.37,Card,Store
TXN-0054190,2026-08-26,DXB-001,Dubai,CUST-05097,P003,Headphones,Electronics,1,357.23,5,357.23,17.86,339.37,Card,Online
TXN-0054247,2026-08-26,DXB-004,Dubai,CUST-07673,P012,Pen Pack,Stationery,4,15.14,5,60.56,3.03,57.53,Apple Pay,Online
TXN-0054310,2026-08-26,DXB-003,Dubai,CUST-07340,P009,Backpack,Accessories,2,212.74,5,425.48,21.27,404.21,Cash,Store
TXN-0054367,2026-08-26,DXB-003,Dubai,CUST-00084,P008,Desk,Furniture,1,779.03,5,779.03,38.95,740.08,Card,Store
TXN-0054394,2026-08-26,DXB-002,Dubai,CUST-03158,P009,Backpack,Accessories,1,188.76,0,188.76,0.0,188.76,Card,Store
TXN-0054397,2026-08-26,DXB-002,Dubai,CUST-06630,P010,Printer,Office,1,769.75,15,769.75,115.46,654.29,Card,Store
TXN-0054474,2026-08-26,DXB-002,Dubai,CUST-06019,P001,Laptop,Electronics,1,2820.64,10,2820.64,282.06,2538.58,Card,Store
TXN-0054499,2026-08-26,DXB-004,Dubai,CUST-01668,P014,Power Bank,Electronics,1,147.18,0,147.18,0.0,147.18,Cash,Store
TXN-0054559,2026-08-26,DXB-001,Dubai,CUST-06386,P010,Printer,Office,4,693.4,15,2773.59,416.04,2357.55,Card,Store
TXN-0054608,2026-08-26,DXB-005,Dubai,CUST-02198,P004,Monitor,Electronics,5,819.88,0,4099.41,0.0,4099.41,Apple Pay,Store
TXN-0054637,2026-08-26,DXB-001,Dubai,CUST-05205,P008,Desk,Furniture,1,783.51,15,783.51,117.53,665.98,Card,Store
TXN-0054708,2026-08-26,DXB-002,Dubai,CUST-07437,P006,Mouse,Accessories,2,87.55,0,175.11,0.0,175.11,Card,Online
TXN-0054735,2026-08-26,DXB-001,Dubai,CUST-02520,P011,Notebook,Stationery,1,29.34,15,29.34,4.4,24.94,Bank Transfer,Store
TXN-0054802,2026-08-26,DXB-003,Dubai,CUST-06651,P007,Office Chair,Furniture,1,739.5,5,739.5,36.97,702.52,Bank Transfer,Online
TXN-0054834,2026-08-26,DXB-001,Dubai,CUST-04575,P013,USB Drive,Accessories,1,47.45,5,47.45,2.37,45.08,Card,Store
TXN-0054844,2026-08-26,DXB-001,Dubai,CUST-06274,P008,Desk,Furniture,1,864.44,0,864.44,0.0,864.44,Cash,Store
TXN-0054863,2026-08-26,DXB-004,Dubai,CUST-05065,P009,Backpack,Accessories,2,229.25,5,458.51,22.93,435.58,Apple Pay,Store
TXN-0054938,2026-08-26,DXB-005,Dubai,CUST-04211,P005,Keyboard,Accessories,3,171.42,0,514.26,0.0,514.26,Apple Pay,Store
TXN-0054985,2026-08-26,DXB-003,Dubai,CUST-07063,P013,USB Drive,Accessories,3,43.47,5,130.42,6.52,123.9,Card,Store
TXN-0055135,2026-08-26,DXB-004,Dubai,CUST-02030,P011,Notebook,Stationery,1,27.13,5,27.13,1.36,25.77,Apple Pay,Store
TXN-0055231,2026-08-26,DXB-002,Dubai,CUST-06577,P011,Notebook,Stationery,3,22.71,5,68.12,3.41,64.71,Card,Store
TXN-0055286,2026-08-26,DXB-003,Dubai,CUST-00888,P006,Mouse,Accessories,1,107.79,5,107.79,5.39,102.4,Cash,Store
TXN-0055380,2026-08-26,DXB-001,Dubai,CUST-00277,P015,Tablet,Electronics,1,1169.64,15,1169.64,175.45,994.19,Card,Store
TXN-0055584,2026-08-26,DXB-004,Dubai,CUST-07123,P004,Monitor,Electronics,6,837.16,15,5022.98,753.45,4269.53,Card,Store
TXN-0055628,2026-08-26,DXB-001,Dubai,CUST-00163,P004,Monitor,Electronics,1,943.88,0,943.88,0.0,943.88,Card,Store
TXN-0055691,2026-08-26,DXB-004,Dubai,CUST-01418,P001,Laptop,Electronics,2,3122.58,10,6245.16,624.52,5620.64,Bank Transfer,Store
TXN-0055755,2026-08-26,DXB-002,Dubai,CUST-05817,P003,Headphones,Electronics,2,381.71,5,763.42,38.17,725.25,Cash,Store
TXN-0055795,2026-08-26,DXB-001,Dubai,CUST-03227,P013,USB Drive,Accessories,2,46.19,0,92.37,0.0,92.37,Card,Store
TXN-0055883,2026-08-26,DXB-001,Dubai,CUST-02359,P004,Monitor,Electronics,3,890.58,5,2671.74,133.59,2538.15,Apple Pay,Store
TXN-0055896,2026-08-26,DXB-005,Dubai,CUST-03452,P015,Tablet,Electronics,2,1053.38,10,2106.77,210.68,1896.09,Cash,Store
TXN-0055919,2026-08-26,DXB-001,Dubai,CUST-07684,P003,Headphones,Electronics,1,337.63,5,337.63,16.88,320.75,Card,Store
TXN-0055964,2026-08-26,DXB-001,Dubai,CUST-03739,P008,Desk,Furniture,2,755.68,10,1511.36,151.14,1360.23,Card,Store
TXN-0056011,2026-08-26,DXB-004,Dubai,CUST-04289,P006,Mouse,Accessories,1,98.9,0,98.9,0.0,98.9,Bank Transfer,Online
TXN-0056047,2026-08-26,DXB-003,Dubai,CUST-01589,P015,Tablet,Electronics,3,1324.85,5,3974.54,198.73,3775.82,Cash,Online
TXN-0056133,2026-08-26,DXB-002,Dubai,CUST-01350,P003,Headphones,Electronics,6,340.0,0,2040.03,0.0,2040.03,Card,Online
TXN-0056146,2026-08-26,DXB-001,Dubai,CUST-00101,P010,Printer,Office,1,688.87,0,688.87,0.0,688.87,Cash,Online
TXN-0056171,2026-08-26,DXB-002,Dubai,CUST-04710,P003,Headphones,Electronics,1,363.71,15,363.71,54.56,309.15,Card,Store
TXN-0056176,2026-08-26,DXB-003,Dubai,CUST-04536,P009,Backpack,Accessories,1,238.44,0,238.44,0.0,238.44,Cash,Store
TXN-0056187,2026-08-26,DXB-005,Dubai,CUST-07724,P006,Mouse,Accessories,1,92.43,10,92.43,9.24,83.19,Card,Store
TXN-0056339,2026-08-26,DXB-005,Dubai,CUST-00965,P002,Smartphone,Electronics,1,1863.55,10,1863.55,186.36,1677.2,Bank Transfer,Store
TXN-0056355,2026-08-26,DXB-004,Dubai,CUST-07798,P012,Pen Pack,Stationery,1,17.06,0,17.06,0.0,17.06,Apple Pay,Store
TXN-0056395,2026-08-26,DXB-003,Dubai,CUST-02174,P010,Printer,Office,6,664.91,10,3989.45,398.95,3590.51,Apple Pay,Store
TXN-0056452,2026-08-26,DXB-002,Dubai,CUST-06774,P015,Tablet,Electronics,2,1330.66,5,2661.31,133.07,2528.25,Card,Online
TXN-0056489,2026-08-26,DXB-002,Dubai,CUST-05419,P008,Desk,Furniture,1,808.64,10,808.64,80.86,727.77,Cash,Store
TXN-0056563,2026-08-26,DXB-005,Dubai,CUST-04205,P002,Smartphone,Electronics,2,1994.49,10,3988.98,398.9,3590.08,Cash,Store
TXN-0056702,2026-08-26,DXB-004,Dubai,CUST-05322,P008,Desk,Furniture,1,876.24,10,876.24,87.62,788.62,Apple Pay,Store
TXN-0056755,2026-08-26,DXB-002,Dubai,CUST-03100,P006,Mouse,Accessories,1,101.42,5,101.42,5.07,96.35,Cash,Store
TXN-0056776,2026-08-26,DXB-004,Dubai,CUST-05962,P010,Printer,Office,2,812.78,5,1625.57,81.28,1544.29,Cash,Store
TXN-0056777,2026-08-26,DXB-003,Dubai,CUST-00893,P015,Tablet,Electronics,1,1232.81,20,1232.81,246.56,986.25,Cash,Store
TXN-0056788,2026-08-26,DXB-005,Dubai,CUST-00709,P013,USB Drive,Accessories,1,48.98,0,48.98,0.0,48.98,Cash,Store
TXN-0056800,2026-08-26,DXB-003,Dubai,CUST-04755,P015,Tablet,Electronics,3,1216.44,10,3649.31,364.93,3284.38,Card,Store
TXN-0056840,2026-08-26,DXB-005,Dubai,CUST-01870,P001,Laptop,Electronics,1,2765.78,10,2765.78,276.58,2489.21,Cash,Online
TXN-0057158,2026-08-26,DXB-001,Dubai,CUST-00444,P013,USB Drive,Accessories,2,44.43,10,88.86,8.89,79.97,Card,Store
TXN-0057172,2026-08-26,DXB-003,Dubai,CUST-03305,P012,Pen Pack,Stationery,1,14.91,0,14.91,0.0,14.91,Bank Transfer,Store
TXN-0057198,2026-08-26,DXB-003,Dubai,CUST-07302,P006,Mouse,Accessories,2,84.15,5,168.3,8.42,159.89,Card,Store
TXN-0057249,2026-08-26,DXB-001,Dubai,CUST-05516,P014,Power Bank,Electronics,1,155.2,15,155.2,23.28,131.92,Apple Pay,Store
TXN-0057267,2026-08-26,DXB-004,Dubai,CUST-04344,P007,Office Chair,Furniture,2,676.33,5,1352.66,67.63,1285.03,Card,Online
TXN-0057295,2026-08-26,DXB-001,Dubai,CUST-04439,P012,Pen Pack,Stationery,2,14.74,5,29.48,1.47,28.01,Card,Store
TXN-0057346,2026-08-26,DXB-001,Dubai,CUST-00648,P012,Pen Pack,Stationery,2,13.72,10,27.44,2.74,24.69,Card,Store
TXN-0057411,2026-08-26,DXB-001,Dubai,CUST-07036,P010,Printer,Office,1,717.72,0,717.72,0.0,717.72,Card,Online
TXN-0057446,2026-08-26,DXB-005,Dubai,CUST-01911,P003,Headphones,Electronics,3,386.18,0,1158.54,0.0,1158.54,Card,Store
TXN-0057590,2026-08-26,DXB-003,Dubai,CUST-07314,P003,Headphones,Electronics,2,337.14,10,674.29,67.43,606.86,Apple Pay,Store
TXN-0057607,2026-08-26,DXB-004,Dubai,CUST-04495,P015,Tablet,Electronics,1,1330.0,10,1330.0,133.0,1197.0,Card,Online
TXN-0057658,2026-08-26,DXB-002,Dubai,CUST-03110,P013,USB Drive,Accessories,1,44.58,5,44.58,2.23,42.35,Bank Transfer,Store
TXN-0057677,2026-08-26,DXB-005,Dubai,CUST-04417,P006,Mouse,Accessories,2,82.82,0,165.63,0.0,165.63,Card,Store
TXN-0057735,2026-08-26,DXB-003,Dubai,CUST-07318,P010,Printer,Office,3,671.77,0,2015.31,0.0,2015.31,Apple Pay,Store
TXN-0057792,2026-08-26,DXB-003,Dubai,CUST-00756,P001,Laptop,Electronics,1,2738.15,0,2738.15,0.0,2738.15,Card,Store
TXN-0057794,2026-08-26,DXB-005,Dubai,CUST-02164,P013,USB Drive,Accessories,5,45.93,0,229.63,0.0,229.63,Card,Store
TXN-0057808,2026-08-26,DXB-002,Dubai,CUST-05344,P015,Tablet,Electronics,1,1236.63,20,1236.63,247.33,989.31,Card,Online
TXN-0057858,2026-08-26,DXB-005,Dubai,CUST-02356,P011,Notebook,Stationery,2,23.92,5,47.84,2.39,45.45,Card,Store
TXN-0057982,2026-08-26,DXB-002,Dubai,CUST-02671,P008,Desk,Furniture,2,829.16,5,1658.33,82.92,1575.41,Cash,Online
TXN-0058201,2026-08-26,DXB-001,Dubai,CUST-02292,P004,Monitor,Electronics,3,914.96,20,2744.89,548.98,2195.91,Bank Transfer,Store
TXN-0058346,2026-08-26,DXB-003,Dubai,CUST-03154,P014,Power Bank,Electronics,2,167.27,20,334.54,66.91,267.63,Card,Online
TXN-0058402,2026-08-26,DXB-002,Dubai,CUST-03884,P006,Mouse,Accessories,1,102.63,0,102.63,0.0,102.63,Card,Online
TXN-0058469,2026-08-26,DXB-003,Dubai,CUST-01510,P003,Headphones,Electronics,2,329.69,15,659.38,98.91,560.48,Card,Store
TXN-0058504,2026-08-26,DXB-002,Dubai,CUST-04450,P004,Monitor,Electronics,2,872.1,15,1744.2,261.63,1482.57,Card,Store
TXN-0058579,2026-08-26,DXB-005,Dubai,CUST-02195,P010,Printer,Office,2,729.81,0,1459.62,0.0,1459.62,Apple Pay,Store
TXN-0058582,2026-08-26,DXB-002,Dubai,CUST-01389,P010,Printer,Office,1,637.75,15,637.75,95.66,542.08,Apple Pay,Store
TXN-0058625,2026-08-26,DXB-001,Dubai,CUST-06744,P014,Power Bank,Electronics,1,150.73,0,150.73,0.0,150.73,Apple Pay,Store
TXN-0058636,2026-08-26,DXB-001,Dubai,CUST-05066,P013,USB Drive,Accessories,1,45.93,5,45.93,2.3,43.64,Card,Online
TXN-0058694,2026-08-26,DXB-005,Dubai,CUST-03469,P007,Office Chair,Furniture,2,650.91,20,1301.81,260.36,1041.45,Card,Store
TXN-0058697,2026-08-26,DXB-001,Dubai,CUST-07623,P007,Office Chair,Furniture,1,632.34,10,632.34,63.23,569.11,Card,Online
TXN-0058717,2026-08-26,DXB-004,Dubai,CUST-07876,P010,Printer,Office,4,685.91,10,2743.64,274.36,2469.28,Card,Store
TXN-0058719,2026-08-26,DXB-003,Dubai,CUST-02992,P012,Pen Pack,Stationery,2,15.87,5,31.73,1.59,30.15,Apple Pay,Store
TXN-0058725,2026-08-26,DXB-003,Dubai,CUST-00991,P005,Keyboard,Accessories,1,188.07,15,188.07,28.21,159.86,Card,Store
TXN-0058931,2026-08-26,DXB-005,Dubai,CUST-05762,P001,Laptop,Electronics,1,2613.8,5,2613.8,130.69,2483.11,Card,Store
TXN-0058950,2026-08-26,DXB-001,Dubai,CUST-05537,P008,Desk,Furniture,1,835.39,10,835.39,83.54,751.85,Card,Store
TXN-0058974,2026-08-26,DXB-005,Dubai,CUST-03461,P012,Pen Pack,Stationery,1,15.57,10,15.57,1.56,14.01,Card,Store
TXN-0059063,2026-08-26,DXB-001,Dubai,CUST-01112,P010,Printer,Office,2,753.33,0,1506.67,0.0,1506.67,Card,Store
TXN-0059066,2026-08-26,DXB-003,Dubai,CUST-02783,P004,Monitor,Electronics,2,911.02,5,1822.03,91.1,1730.93,Apple Pay,Store
TXN-0059118,2026-08-26,DXB-001,Dubai,CUST-04567,P012,Pen Pack,Stationery,2,17.02,0,34.04,0.0,34.04,Card,Store
TXN-0059142,2026-08-26,DXB-001,Dubai,CUST-02344,P009,Backpack,Accessories,1,222.81,10,222.81,22.28,200.53,Card,Store
TXN-0059144,2026-08-26,DXB-004,Dubai,CUST-00030,P009,Backpack,Accessories,1,205.82,0,205.82,0.0,205.82,Card,Store
TXN-0059184,2026-08-26,DXB-003,Dubai,CUST-02240,P014,Power Bank,Electronics,1,150.88,0,150.88,0.0,150.88,Card,Store
TXN-0059284,2026-08-26,DXB-001,Dubai,CUST-00874,P001,Laptop,Electronics,1,2950.34,5,2950.34,147.52,2802.82,Card,Store
TXN-0059289,2026-08-26,DXB-001,Dubai,CUST-00997,P009,Backpack,Accessories,1,215.38,0,215.38,0.0,215.38,Bank Transfer,Store
TXN-0059316,2026-08-26,DXB-005,Dubai,CUST-03977,P012,Pen Pack,Stationery,1,16.33,0,16.33,0.0,16.33,Card,Store
TXN-0059399,2026-08-26,DXB-002,Dubai,CUST-05803,P006,Mouse,Accessories,3,88.29,10,264.87,26.49,238.39,Card,Online
TXN-0059448,2026-08-26,DXB-004,Dubai,CUST-07608,P003,Headphones,Electronics,1,360.34,5,360.34,18.02,342.32,Card,Store
TXN-0059475,2026-08-26,DXB-005,Dubai,CUST-02051,P012,Pen Pack,Stationery,4,14.96,0,59.84,0.0,59.84,Cash,Store
TXN-0059552,2026-08-26,DXB-002,Dubai,CUST-03961,P008,Desk,Furniture,3,916.22,0,2748.67,0.0,2748.67,Card,Store
TXN-0059555,2026-08-26,DXB-003,Dubai,CUST-06941,P011,Notebook,Stationery,2,26.91,10,53.82,5.38,48.44,Cash,Store
TXN-0059590,2026-08-26,DXB-002,Dubai,CUST-04971,P004,Monitor,Electronics,1,830.37,5,830.37,41.52,788.85,Apple Pay,Store
TXN-0059593,2026-08-26,DXB-003,Dubai,CUST-03209,P004,Monitor,Electronics,2,896.48,0,1792.96,0.0,1792.96,Bank Transfer,Store
TXN-0059601,2026-08-26,DXB-003,Dubai,CUST-00085,P002,Smartphone,Electronics,1,1688.98,15,1688.98,253.35,1435.64,Apple Pay,Store
TXN-0059649,2026-08-26,DXB-003,Dubai,CUST-04557,P002,Smartphone,Electronics,2,1769.74,15,3539.48,530.92,3008.56,Card,Store
TXN-0059716,2026-08-26,DXB-003,Dubai,CUST-02998,P003,Headphones,Electronics,4,346.3,20,1385.18,277.04,1108.15,Card,Online
TXN-0059807,2026-08-26,DXB-001,Dubai,CUST-03275,P008,Desk,Furniture,1,791.59,10,791.59,79.16,712.43,Cash,Store
TXN-0059962,2026-08-26,DXB-004,Dubai,CUST-02918,P008,Desk,Furniture,2,846.7,0,1693.4,0.0,1693.4,Card,Store
TXN-0059969,2026-08-26,DXB-002,Dubai,CUST-01497,P002,Smartphone,Electronics,1,1612.43,5,1612.43,80.62,1531.81,Apple Pay,Store
TXN-0060024,2026-08-26,DXB-003,Dubai,CUST-02717,P003,Headphones,Electronics,1,365.54,5,365.54,18.28,347.26,Cash,Store
TXN-0060029,2026-08-26,DXB-005,Dubai,CUST-01752,P008,Desk,Furniture,2,872.61,0,1745.22,0.0,1745.22,Apple Pay,Store
TXN-0060063,2026-08-26,DXB-002,Dubai,CUST-03670,P010,Printer,Office,2,666.13,5,1332.27,66.61,1265.65,Card,Store
TXN-0060190,2026-08-26,DXB-003,Dubai,CUST-02778,P009,Backpack,Accessories,1,223.53,10,223.53,22.35,201.18,Cash,Store
TXN-0060194,2026-08-26,DXB-002,Dubai,CUST-03490,P006,Mouse,Accessories,2,106.29,10,212.58,21.26,191.32,Card,Online
TXN-0060258,2026-08-26,DXB-003,Dubai,CUST-04367,P009,Backpack,Accessories,3,204.1,0,612.31,0.0,612.31,Bank Transfer,Online
TXN-0060278,2026-08-26,DXB-005,Dubai,CUST-01982,P009,Backpack,Accessories,1,215.36,5,215.36,10.77,204.59,Card,Store
TXN-0060328,2026-08-26,DXB-002,Dubai,CUST-00649,P008,Desk,Furniture,1,805.86,5,805.86,40.29,765.57,Card,Online
TXN-0060404,2026-08-26,DXB-005,Dubai,CUST-04687,P004,Monitor,Electronics,1,869.54,15,869.54,130.43,739.11,Card,Store
TXN-0060441,2026-08-26,DXB-005,Dubai,CUST-03124,P014,Power Bank,Electronics,4,158.31,0,633.24,0.0,633.24,Card,Store
TXN-0060519,2026-08-26,DXB-001,Dubai,CUST-05319,P013,USB Drive,Accessories,3,46.33,0,138.98,0.0,138.98,Apple Pay,Online
TXN-0060522,2026-08-26,DXB-004,Dubai,CUST-01986,P007,Office Chair,Furniture,1,608.64,15,608.64,91.3,517.35,Apple Pay,Store
TXN-0060524,2026-08-26,DXB-001,Dubai,CUST-03848,P002,Smartphone,Electronics,2,1897.55,10,3795.1,379.51,3415.59,Bank Transfer,Store
TXN-0060621,2026-08-26,DXB-002,Dubai,CUST-00348,P007,Office Chair,Furniture,2,610.84,15,1221.67,183.25,1038.42,Card,Store
TXN-0060670,2026-08-26,DXB-004,Dubai,CUST-07720,P005,Keyboard,Accessories,1,174.22,10,174.22,17.42,156.8,Card,Store
TXN-0060704,2026-08-26,DXB-001,Dubai,CUST-06519,P007,Office Chair,Furniture,1,657.03,0,657.03,0.0,657.03,Apple Pay,Store
TXN-0060778,2026-08-26,DXB-001,Dubai,CUST-07294,P004,Monitor,Electronics,1,956.78,5,956.78,47.84,908.94,Card,Store
TXN-0060842,2026-08-26,DXB-005,Dubai,CUST-06486,P012,Pen Pack,Stationery,3,14.52,0,43.55,0.0,43.55,Card,Store
TXN-0060868,2026-08-26,DXB-004,Dubai,CUST-02150,P004,Monitor,Electronics,1,879.24,5,879.24,43.96,835.28,Card,Store
TXN-0060982,2026-08-26,DXB-002,Dubai,CUST-06059,P010,Printer,Office,2,681.98,0,1363.97,0.0,1363.97,Card,Store
TXN-0061019,2026-08-26,DXB-001,Dubai,CUST-05197,P012,Pen Pack,Stationery,6,15.41,5,92.47,4.62,87.85,Cash,Store
TXN-0061023,2026-08-26,DXB-003,Dubai,CUST-00134,P005,Keyboard,Accessories,2,179.79,0,359.59,0.0,359.59,Card,Store
TXN-0061071,2026-08-26,DXB-005,Dubai,CUST-00264,P010,Printer,Office,1,625.92,15,625.92,93.89,532.04,Card,Store
TXN-0061116,2026-08-26,DXB-001,Dubai,CUST-02974,P011,Notebook,Stationery,3,26.36,0,79.07,0.0,79.07,Apple Pay,Online
TXN-0061367,2026-08-26,DXB-003,Dubai,CUST-01718,P009,Backpack,Accessories,1,216.13,5,216.13,10.81,205.32,Cash,Store
TXN-0061452,2026-08-26,DXB-001,Dubai,CUST-07474,P015,Tablet,Electronics,2,1104.17,10,2208.35,220.83,1987.51,Card,Store
TXN-0061487,2026-08-26,DXB-003,Dubai,CUST-00862,P013,USB Drive,Accessories,2,47.39,0,94.78,0.0,94.78,Card,Store
TXN-0061508,2026-08-26,DXB-001,Dubai,CUST-00839,P011,Notebook,Stationery,3,23.79,0,71.37,0.0,71.37,Card,Online
TXN-0061564,2026-08-26,DXB-002,Dubai,CUST-02930,P014,Power Bank,Electronics,2,158.51,20,317.02,63.4,253.62,Cash,Online
TXN-0061608,2026-08-26,DXB-001,Dubai,CUST-06167,P002,Smartphone,Electronics,1,2007.91,5,2007.91,100.4,1907.51,Cash,Store
TXN-0061628,2026-08-26,DXB-002,Dubai,CUST-03024,P007,Office Chair,Furniture,5,667.15,5,3335.77,166.79,3168.98,Bank Transfer,Store
TXN-0061736,2026-08-26,DXB-001,Dubai,CUST-06829,P003,Headphones,Electronics,1,341.99,10,341.99,34.2,307.79,Apple Pay,Store
TXN-0061858,2026-08-26,DXB-004,Dubai,CUST-01366,P012,Pen Pack,Stationery,2,14.84,0,29.67,0.0,29.67,Card,Online
TXN-0061977,2026-08-26,DXB-002,Dubai,CUST-02688,P001,Laptop,Electronics,2,2556.63,10,5113.26,511.33,4601.94,Card,Store
TXN-0061992,2026-08-26,DXB-003,Dubai,CUST-03224,P012,Pen Pack,Stationery,1,14.08,10,14.08,1.41,12.67,Apple Pay,Online
TXN-0061996,2026-08-26,DXB-003,Dubai,CUST-01923,P008,Desk,Furniture,1,770.12,5,770.12,38.51,731.61,Cash,Store
TXN-0062020,2026-08-26,DXB-003,Dubai,CUST-04025,P005,Keyboard,Accessories,1,175.6,0,175.6,0.0,175.6,Card,Store
TXN-0062096,2026-08-26,DXB-001,Dubai,CUST-04911,P009,Backpack,Accessories,1,235.29,15,235.29,35.29,200.0,Card,Online
TXN-0062099,2026-08-26,DXB-005,Dubai,CUST-04982,P014,Power Bank,Electronics,1,161.54,5,161.54,8.08,153.47,Cash,Store
TXN-0062140,2026-08-26,DXB-005,Dubai,CUST-00819,P012,Pen Pack,Stationery,1,14.8,5,14.8,0.74,14.06,Cash,Store
TXN-0062189,2026-08-26,DXB-004,Dubai,CUST-01037,P004,Monitor,Electronics,1,816.12,10,816.12,81.61,734.5,Card,Online
TXN-0062217,2026-08-26,DXB-005,Dubai,CUST-00024,P014,Power Bank,Electronics,1,147.18,15,147.18,22.08,125.11,Cash,Online
TXN-0062238,2026-08-26,DXB-001,Dubai,CUST-04870,P002,Smartphone,Electronics,1,1797.12,0,1797.12,0.0,1797.12,Card,Store
TXN-0062251,2026-08-26,DXB-003,Dubai,CUST-00100,P015,Tablet,Electronics,2,1177.05,10,2354.1,235.41,2118.69,Card,Online
TXN-0062269,2026-08-26,DXB-001,Dubai,CUST-04410,P002,Smartphone,Electronics,1,1780.01,5,1780.01,89.0,1691.01,Card,Store
TXN-0062333,2026-08-26,DXB-001,Dubai,CUST-05178,P004,Monitor,Electronics,5,836.33,5,4181.64,209.08,3972.56,Card,Store
TXN-0062347,2026-08-26,DXB-005,Dubai,CUST-07555,P014,Power Bank,Electronics,4,149.12,5,596.48,29.82,566.65,Cash,Store
TXN-0062474,2026-08-26,DXB-001,Dubai,CUST-05298,P007,Office Chair,Furniture,1,691.56,20,691.56,138.31,553.25,Card,Online
TXN-0062503,2026-08-26,DXB-003,Dubai,CUST-06860,P009,Backpack,Accessories,4,210.7,15,842.81,126.42,716.39,Cash,Store
TXN-0062637,2026-08-26,DXB-001,Dubai,CUST-00048,P011,Notebook,Stationery,4,24.23,20,96.93,19.39,77.55,Cash,Online
TXN-0062638,2026-08-26,DXB-004,Dubai,CUST-04055,P013,USB Drive,Accessories,3,43.46,0,130.39,0.0,130.39,Card,Store
TXN-0062737,2026-08-26,DXB-003,Dubai,CUST-04495,P006,Mouse,Accessories,1,100.35,0,100.35,0.0,100.35,Apple Pay,Store
TXN-0062809,2026-08-26,DXB-003,Dubai,CUST-01216,P002,Smartphone,Electronics,1,1598.25,20,1598.25,319.65,1278.6,Card,Store
TXN-0062825,2026-08-26,DXB-004,Dubai,CUST-07560,P012,Pen Pack,Stationery,2,16.08,0,32.16,0.0,32.16,Apple Pay,Store
TXN-0062861,2026-08-26,DXB-004,Dubai,CUST-02276,P003,Headphones,Electronics,1,351.72,10,351.72,35.17,316.55,Card,Online
TXN-0062891,2026-08-26,DXB-001,Dubai,CUST-07720,P007,Office Chair,Furniture,3,602.37,10,1807.12,180.71,1626.41,Card,Online
TXN-0063011,2026-08-26,DXB-004,Dubai,CUST-04034,P010,Printer,Office,3,734.27,10,2202.8,220.28,1982.52,Cash,Online
TXN-0063020,2026-08-26,DXB-001,Dubai,CUST-01148,P008,Desk,Furniture,3,822.69,0,2468.07,0.0,2468.07,Apple Pay,Online
TXN-0063036,2026-08-26,DXB-002,Dubai,CUST-02872,P014,Power Bank,Electronics,3,132.73,5,398.18,19.91,378.28,Cash,Store
TXN-0063055,2026-08-26,DXB-005,Dubai,CUST-03730,P006,Mouse,Accessories,1,94.38,10,94.38,9.44,84.94,Card,Online
TXN-0063268,2026-08-26,DXB-003,Dubai,CUST-04464,P014,Power Bank,Electronics,2,152.4,0,304.81,0.0,304.81,Card,Store
TXN-0063294,2026-08-26,DXB-005,Dubai,CUST-06549,P009,Backpack,Accessories,1,221.57,15,221.57,33.24,188.34,Apple Pay,Store
TXN-0063383,2026-08-26,DXB-003,Dubai,CUST-00220,P012,Pen Pack,Stationery,2,15.18,10,30.36,3.04,27.32,Apple Pay,Store
TXN-0063538,2026-08-26,DXB-005,Dubai,CUST-00292,P006,Mouse,Accessories,4,105.93,5,423.72,21.19,402.54,Card,Store
TXN-0063545,2026-08-26,DXB-003,Dubai,CUST-02997,P004,Monitor,Electronics,2,895.09,10,1790.17,179.02,1611.16,Card,Store
TXN-0063691,2026-08-26,DXB-005,Dubai,CUST-03178,P015,Tablet,Electronics,1,1233.62,15,1233.62,185.04,1048.57,Card,Online
TXN-0063796,2026-08-26,DXB-004,Dubai,CUST-06851,P011,Notebook,Stationery,1,25.68,0,25.68,0.0,25.68,Card,Online
TXN-0063804,2026-08-26,DXB-005,Dubai,CUST-00372,P005,Keyboard,Accessories,1,179.15,0,179.15,0.0,179.15,Apple Pay,Store
TXN-0063808,2026-08-26,DXB-004,Dubai,CUST-05383,P015,Tablet,Electronics,4,1280.36,10,5121.44,512.14,4609.3,Apple Pay,Store
TXN-0063871,2026-08-26,DXB-003,Dubai,CUST-07279,P004,Monitor,Electronics,2,865.89,0,1731.78,0.0,1731.78,Apple Pay,Store
TXN-0063879,2026-08-26,DXB-002,Dubai,CUST-03714,P004,Monitor,Electronics,1,802.61,5,802.61,40.13,762.48,Apple Pay,Store
TXN-0063896,2026-08-26,DXB-002,Dubai,CUST-07559,P003,Headphones,Electronics,1,368.77,5,368.77,18.44,350.34,Card,Store
TXN-0063897,2026-08-26,DXB-005,Dubai,CUST-04457,P015,Tablet,Electronics,1,1204.4,5,1204.4,60.22,1144.18,Card,Store
TXN-0063919,2026-08-26,DXB-002,Dubai,CUST-02974,P002,Smartphone,Electronics,2,1919.0,0,3838.01,0.0,3838.01,Card,Store
TXN-0064004,2026-08-26,DXB-004,Dubai,CUST-07869,P009,Backpack,Accessories,4,236.37,10,945.49,94.55,850.94,Card,Online
TXN-0064009,2026-08-26,DXB-003,Dubai,CUST-00611,P011,Notebook,Stationery,1,24.0,5,24.0,1.2,22.8,Card,Store
TXN-0064031,2026-08-26,DXB-002,Dubai,CUST-07303,P009,Backpack,Accessories,4,228.44,5,913.77,45.69,868.08,Card,Store
TXN-0064036,2026-08-26,DXB-002,Dubai,CUST-04029,P009,Backpack,Accessories,2,212.62,0,425.24,0.0,425.24,Card,Online
TXN-0064074,2026-08-26,DXB-003,Dubai,CUST-04743,P013,USB Drive,Accessories,4,39.72,10,158.9,15.89,143.01,Bank Transfer,Store
TXN-0064077,2026-08-26,DXB-001,Dubai,CUST-06654,P004,Monitor,Electronics,1,926.1,5,926.1,46.3,879.79,Card,Online
TXN-0064097,2026-08-26,DXB-001,Dubai,CUST-07051,P006,Mouse,Accessories,2,102.34,0,204.67,0.0,204.67,Card,Online
TXN-0064111,2026-08-26,DXB-003,Dubai,CUST-01004,P004,Monitor,Electronics,1,943.36,0,943.36,0.0,943.36,Card,Online
TXN-0064159,2026-08-26,DXB-004,Dubai,CUST-03520,P013,USB Drive,Accessories,1,43.36,0,43.36,0.0,43.36,Cash,Online
TXN-0064191,2026-08-26,DXB-002,Dubai,CUST-05370,P009,Backpack,Accessories,1,227.12,0,227.12,0.0,227.12,Apple Pay,Store
TXN-0064279,2026-08-26,DXB-003,Dubai,CUST-02984,P003,Headphones,Electronics,3,309.77,15,929.32,139.4,789.93,Card,Online
TXN-0064387,2026-08-26,DXB-003,Dubai,CUST-07605,P015,Tablet,Electronics,1,1217.76,15,1217.76,182.66,1035.1,Cash,Store
TXN-0064400,2026-08-26,DXB-005,Dubai,CUST-05041,P001,Laptop,Electronics,1,2462.7,10,2462.7,246.27,2216.43,Apple Pay,Online
TXN-0064420,2026-08-26,DXB-005,Dubai,CUST-07999,P002,Smartphone,Electronics,2,1946.33,0,3892.66,0.0,3892.66,Apple Pay,Store
TXN-0064551,2026-08-26,DXB-005,Dubai,CUST-06517,P007,Office Chair,Furniture,3,668.7,10,2006.11,200.61,1805.5,Card,Store
TXN-0064554,2026-08-26,DXB-001,Dubai,CUST-00911,P003,Headphones,Electronics,1,349.76,5,349.76,17.49,332.28,Card,Store
TXN-0064566,2026-08-26,DXB-003,Dubai,CUST-01942,P008,Desk,Furniture,3,842.25,0,2526.75,0.0,2526.75,Card,Store
TXN-0064586,2026-08-26,DXB-005,Dubai,CUST-01596,P012,Pen Pack,Stationery,3,14.89,15,44.66,6.7,37.96,Apple Pay,Online
TXN-0064640,2026-08-26,DXB-001,Dubai,CUST-02518,P009,Backpack,Accessories,1,232.34,5,232.34,11.62,220.72,Card,Store
TXN-0064914,2026-08-26,DXB-003,Dubai,CUST-00903,P001,Laptop,Electronics,2,2832.85,5,5665.7,283.29,5382.42,Apple Pay,Store
TXN-0064937,2026-08-26,DXB-003,Dubai,CUST-00680,P002,Smartphone,Electronics,1,1682.89,10,1682.89,168.29,1514.6,Card,Store
TXN-0064990,2026-08-26,DXB-001,Dubai,CUST-05736,P015,Tablet,Electronics,1,1284.71,15,1284.71,192.71,1092.0,Apple Pay,Store
TXN-0065207,2026-08-26,DXB-003,Dubai,CUST-00909,P004,Monitor,Electronics,1,892.9,0,892.9,0.0,892.9,Card,Online
TXN-0065251,2026-08-26,DXB-005,Dubai,CUST-04885,P007,Office Chair,Furniture,2,613.21,10,1226.41,122.64,1103.77,Apple Pay,Online
TXN-0065466,2026-08-26,DXB-002,Dubai,CUST-00870,P003,Headphones,Electronics,1,334.1,5,334.1,16.71,317.4,Bank Transfer,Store
TXN-0065477,2026-08-26,DXB-003,Dubai,CUST-02165,P002,Smartphone,Electronics,4,1760.91,15,7043.64,1056.55,5987.1,Card,Store
TXN-0065506,2026-08-26,DXB-002,Dubai,CUST-06209,P003,Headphones,Electronics,4,372.83,5,1491.31,74.57,1416.75,Card,Store
TXN-0065533,2026-08-26,DXB-005,Dubai,CUST-00252,P013,USB Drive,Accessories,1,48.32,20,48.32,9.66,38.66,Cash,Store
TXN-0065648,2026-08-26,DXB-004,Dubai,CUST-04345,P008,Desk,Furniture,4,757.26,15,3029.05,454.36,2574.69,Card,Store
TXN-0065661,2026-08-26,DXB-003,Dubai,CUST-07935,P003,Headphones,Electronics,1,341.7,5,341.7,17.08,324.61,Card,Store
TXN-0065688,2026-08-26,DXB-002,Dubai,CUST-04203,P009,Backpack,Accessories,1,237.7,5,237.7,11.89,225.82,Cash,Online
TXN-0065776,2026-08-26,DXB-001,Dubai,CUST-00172,P008,Desk,Furniture,3,840.73,10,2522.18,252.22,2269.96,Apple Pay,Store
TXN-0065807,2026-08-26,DXB-002,Dubai,CUST-02169,P013,USB Drive,Accessories,1,45.53,0,45.53,0.0,45.53,Card,Store
TXN-0065859,2026-08-26,DXB-001,Dubai,CUST-06851,P013,USB Drive,Accessories,3,46.23,0,138.7,0.0,138.7,Apple Pay,Store
TXN-0065901,2026-08-26,DXB-001,Dubai,CUST-02203,P013,USB Drive,Accessories,2,44.34,0,88.67,0.0,88.67,Card,Store
TXN-0065945,2026-08-26,DXB-005,Dubai,CUST-06609,P006,Mouse,Accessories,4,113.69,0,454.74,0.0,454.74,Apple Pay,Store
TXN-0065990,2026-08-26,DXB-003,Dubai,CUST-01324,P002,Smartphone,Electronics,3,1622.6,10,4867.79,486.78,4381.01,Cash,Online
TXN-0066055,2026-08-26,DXB-001,Dubai,CUST-05305,P005,Keyboard,Accessories,2,182.81,5,365.62,18.28,347.33,Card,Store
TXN-0066179,2026-08-26,DXB-004,Dubai,CUST-03196,P014,Power Bank,Electronics,1,141.31,5,141.31,7.07,134.24,Card,Store
TXN-0066271,2026-08-26,DXB-004,Dubai,CUST-05692,P011,Notebook,Stationery,3,26.58,5,79.74,3.99,75.75,Bank Transfer,Online
TXN-0066316,2026-08-26,DXB-004,Dubai,CUST-02879,P011,Notebook,Stationery,4,25.48,0,101.9,0.0,101.9,Card,Online
TXN-0066352,2026-08-26,DXB-003,Dubai,CUST-05144,P008,Desk,Furniture,1,798.71,20,798.71,159.74,638.97,Card,Store
TXN-0066402,2026-08-26,DXB-001,Dubai,CUST-05141,P007,Office Chair,Furniture,1,644.02,5,644.02,32.2,611.82,Apple Pay,Store
TXN-0066404,2026-08-26,DXB-003,Dubai,CUST-07097,P009,Backpack,Accessories,2,214.21,0,428.42,0.0,428.42,Bank Transfer,Store
TXN-0066430,2026-08-26,DXB-001,Dubai,CUST-01015,P003,Headphones,Electronics,2,351.67,10,703.34,70.33,633.0,Card,Store
TXN-0066511,2026-08-26,DXB-001,Dubai,CUST-06093,P010,Printer,Office,4,750.84,5,3003.34,150.17,2853.18,Apple Pay,Store
TXN-0066554,2026-08-26,DXB-003,Dubai,CUST-02367,P007,Office Chair,Furniture,6,640.3,0,3841.81,0.0,3841.81,Card,Online
TXN-0066601,2026-08-26,DXB-002,Dubai,CUST-07525,P013,USB Drive,Accessories,2,43.42,20,86.84,17.37,69.47,Card,Store
TXN-0066609,2026-08-26,DXB-004,Dubai,CUST-03402,P003,Headphones,Electronics,1,333.95,10,333.95,33.39,300.55,Card,Store
TXN-0066657,2026-08-26,DXB-005,Dubai,CUST-01086,P011,Notebook,Stationery,2,21.08,0,42.15,0.0,42.15,Card,Online
TXN-0066724,2026-08-26,DXB-002,Dubai,CUST-03689,P013,USB Drive,Accessories,1,45.74,10,45.74,4.57,41.17,Apple Pay,Online
TXN-0066991,2026-08-26,DXB-005,Dubai,CUST-07701,P007,Office Chair,Furniture,1,683.4,5,683.4,34.17,649.23,Card,Store
TXN-0067029,2026-08-26,DXB-001,Dubai,CUST-00597,P013,USB Drive,Accessories,6,42.88,0,257.26,0.0,257.26,Card,Store
TXN-0067032,2026-08-26,DXB-005,Dubai,CUST-02815,P010,Printer,Office,3,687.08,0,2061.25,0.0,2061.25,Card,Store
TXN-0067155,2026-08-26,DXB-003,Dubai,CUST-05425,P004,Monitor,Electronics,1,881.73,5,881.73,44.09,837.65,Card,Online
TXN-0067166,2026-08-26,DXB-003,Dubai,CUST-06336,P005,Keyboard,Accessories,1,191.93,0,191.93,0.0,191.93,Card,Online
TXN-0067200,2026-08-26,DXB-003,Dubai,CUST-06752,P003,Headphones,Electronics,2,357.48,20,714.97,142.99,571.97,Apple Pay,Store
TXN-0067257,2026-08-26,DXB-003,Dubai,CUST-07834,P008,Desk,Furniture,2,781.1,10,1562.21,156.22,1405.99,Card,Online
TXN-0067382,2026-08-26,DXB-003,Dubai,CUST-03357,P014,Power Bank,Electronics,1,144.69,10,144.69,14.47,130.22,Card,Online
TXN-0067519,2026-08-26,DXB-005,Dubai,CUST-03325,P009,Backpack,Accessories,1,232.12,5,232.12,11.61,220.52,Card,Store
TXN-0067691,2026-08-26,DXB-002,Dubai,CUST-04592,P015,Tablet,Electronics,6,1190.47,5,7142.84,357.14,6785.7,Card,Store
TXN-0067717,2026-08-26,DXB-005,Dubai,CUST-02493,P015,Tablet,Electronics,5,1234.46,10,6172.28,617.23,5555.05,Apple Pay,Online
TXN-0067720,2026-08-26,DXB-005,Dubai,CUST-04631,P008,Desk,Furniture,2,743.43,10,1486.87,148.69,1338.18,Bank Transfer,Online
TXN-0067743,2026-08-26,DXB-001,Dubai,CUST-06054,P010,Printer,Office,3,658.04,5,1974.13,98.71,1875.42,Apple Pay,Store
TXN-0067747,2026-08-26,DXB-005,Dubai,CUST-01983,P007,Office Chair,Furniture,1,764.07,0,764.07,0.0,764.07,Bank Transfer,Online
TXN-0067770,2026-08-26,DXB-005,Dubai,CUST-03942,P011,Notebook,Stationery,6,27.56,5,165.37,8.27,157.11,Card,Store
TXN-0067811,2026-08-26,DXB-003,Dubai,CUST-03117,P003,Headphones,Electronics,4,337.59,0,1350.35,0.0,1350.35,Cash,Store
TXN-0067919,2026-08-26,DXB-002,Dubai,CUST-02625,P014,Power Bank,Electronics,2,163.63,5,327.27,16.36,310.9,Card,Online
TXN-0067953,2026-08-26,DXB-005,Dubai,CUST-05969,P004,Monitor,Electronics,2,916.72,5,1833.45,91.67,1741.78,Card,Store
TXN-0068157,2026-08-26,DXB-001,Dubai,CUST-00997,P001,Laptop,Electronics,2,2857.79,5,5715.57,285.78,5429.79,Cash,Store
TXN-0068173,2026-08-26,DXB-005,Dubai,CUST-04523,P012,Pen Pack,Stationery,2,15.76,20,31.53,6.31,25.22,Card,Store
TXN-0068267,2026-08-26,DXB-001,Dubai,CUST-02798,P011,Notebook,Stationery,4,23.29,5,93.17,4.66,88.51,Cash,Store
TXN-0068342,2026-08-26,DXB-001,Dubai,CUST-02416,P012,Pen Pack,Stationery,1,16.51,0,16.51,0.0,16.51,Cash,Store
TXN-0068352,2026-08-26,DXB-001,Dubai,CUST-07584,P011,Notebook,Stationery,1,27.06,10,27.06,2.71,24.35,Bank Transfer,Store
TXN-0068416,2026-08-26,DXB-004,Dubai,CUST-03187,P011,Notebook,Stationery,1,23.64,15,23.64,3.55,20.09,Bank Transfer,Store
TXN-0068428,2026-08-26,DXB-005,Dubai,CUST-07219,P003,Headphones,Electronics,1,346.97,5,346.97,17.35,329.62,Card,Store
TXN-0068462,2026-08-26,DXB-002,Dubai,CUST-02732,P003,Headphones,Electronics,2,340.41,5,680.83,34.04,646.79,Cash,Online
TXN-0068486,2026-08-26,DXB-003,Dubai,CUST-02040,P007,Office Chair,Furniture,1,696.38,0,696.38,0.0,696.38,Card,Online
TXN-0068613,2026-08-26,DXB-001,Dubai,CUST-04610,P006,Mouse,Accessories,1,95.12,5,95.12,4.76,90.36,Card,Store
TXN-0068617,2026-08-26,DXB-005,Dubai,CUST-02282,P006,Mouse,Accessories,1,85.52,5,85.52,4.28,81.25,Card,Store
TXN-0068725,2026-08-26,DXB-005,Dubai,CUST-01761,P005,Keyboard,Accessories,3,194.0,5,582.01,29.1,552.91,Apple Pay,Store
TXN-0068763,2026-08-26,DXB-004,Dubai,CUST-02382,P014,Power Bank,Electronics,5,140.51,5,702.55,35.13,667.42,Card,Online
TXN-0068825,2026-08-26,DXB-005,Dubai,CUST-02490,P009,Backpack,Accessories,1,244.33,5,244.33,12.22,232.12,Bank Transfer,Store
TXN-0068952,2026-08-26,DXB-004,Dubai,CUST-05253,P010,Printer,Office,3,688.71,10,2066.12,206.61,1859.51,Bank Transfer,Store
TXN-0069016,2026-08-26,DXB-005,Dubai,CUST-02404,P014,Power Bank,Electronics,1,156.01,5,156.01,7.8,148.21,Apple Pay,Store
TXN-0069051,2026-08-26,DXB-001,Dubai,CUST-02930,P013,USB Drive,Accessories,1,45.19,10,45.19,4.52,40.67,Bank Transfer,Store
TXN-0069171,2026-08-26,DXB-004,Dubai,CUST-07613,P015,Tablet,Electronics,1,1202.42,0,1202.42,0.0,1202.42,Apple Pay,Store
TXN-0069177,2026-08-26,DXB-004,Dubai,CUST-07832,P011,Notebook,Stationery,2,22.6,5,45.2,2.26,42.94,Card,Store
TXN-0069192,2026-08-26,DXB-001,Dubai,CUST-07317,P008,Desk,Furniture,1,838.56,20,838.56,167.71,670.85,Cash,Store
TXN-0069213,2026-08-26,DXB-002,Dubai,CUST-06175,P002,Smartphone,Electronics,1,1756.01,0,1756.01,0.0,1756.01,Apple Pay,Store
TXN-0069237,2026-08-26,DXB-001,Dubai,CUST-01071,P011,Notebook,Stationery,1,25.36,20,25.36,5.07,20.29,Card,Store
TXN-0069248,2026-08-26,DXB-005,Dubai,CUST-03273,P010,Printer,Office,4,700.16,0,2800.63,0.0,2800.63,Apple Pay,Store
TXN-0069252,2026-08-26,DXB-004,Dubai,CUST-04053,P002,Smartphone,Electronics,1,1821.27,0,1821.27,0.0,1821.27,Card,Online
TXN-0069259,2026-08-26,DXB-004,Dubai,CUST-04232,P005,Keyboard,Accessories,1,168.28,5,168.28,8.41,159.86,Card,Store
TXN-0069353,2026-08-26,DXB-002,Dubai,CUST-07765,P013,USB Drive,Accessories,1,46.88,0,46.88,0.0,46.88,Apple Pay,Store
TXN-0069364,2026-08-26,DXB-003,Dubai,CUST-01497,P010,Printer,Office,1,730.64,10,730.64,73.06,657.57,Card,Store
TXN-0069412,2026-08-26,DXB-003,Dubai,CUST-01316,P007,Office Chair,Furniture,4,721.16,15,2884.66,432.7,2451.96,Apple Pay,Online
TXN-0069426,2026-08-26,DXB-005,Dubai,CUST-06709,P010,Printer,Office,1,659.38,0,659.38,0.0,659.38,Bank Transfer,Online
TXN-0069468,2026-08-26,DXB-003,Dubai,CUST-00631,P001,Laptop,Electronics,1,2740.06,10,2740.06,274.01,2466.05,Card,Store
TXN-0069505,2026-08-26,DXB-004,Dubai,CUST-01411,P001,Laptop,Electronics,1,2903.69,10,2903.69,290.37,2613.32,Card,Store
TXN-0069520,2026-08-26,DXB-003,Dubai,CUST-04918,P006,Mouse,Accessories,5,89.75,10,448.74,44.87,403.87,Card,Store
TXN-0069592,2026-08-26,DXB-004,Dubai,CUST-03771,P008,Desk,Furniture,2,801.72,5,1603.45,80.17,1523.27,Card,Online
TXN-0069618,2026-08-26,DXB-003,Dubai,CUST-00055,P007,Office Chair,Furniture,2,650.04,0,1300.07,0.0,1300.07,Card,Store
TXN-0069705,2026-08-26,DXB-005,Dubai,CUST-04468,P002,Smartphone,Electronics,1,1806.44,5,1806.44,90.32,1716.12,Apple Pay,Store
TXN-0069718,2026-08-26,DXB-003,Dubai,CUST-04302,P015,Tablet,Electronics,1,1075.18,5,1075.18,53.76,1021.42,Cash,Store
TXN-0069727,2026-08-26,DXB-003,Dubai,CUST-04331,P008,Desk,Furniture,2,794.12,15,1588.24,238.24,1350.0,Cash,Online
TXN-0069804,2026-08-26,DXB-002,Dubai,CUST-05019,P003,Headphones,Electronics,1,368.68,15,368.68,55.3,313.38,Apple Pay,Store
TXN-0069857,2026-08-26,DXB-002,Dubai,CUST-00112,P012,Pen Pack,Stationery,2,16.31,0,32.62,0.0,32.62,Card,Online
TXN-0069860,2026-08-26,DXB-005,Dubai,CUST-06278,P014,Power Bank,Electronics,1,160.38,5,160.38,8.02,152.36,Card,Online
TXN-0069903,2026-08-26,DXB-001,Dubai,CUST-06202,P001,Laptop,Electronics,2,3040.16,0,6080.33,0.0,6080.33,Apple Pay,Online
TXN-0069912,2026-08-26,DXB-004,Dubai,CUST-07141,P012,Pen Pack,Stationery,4,16.16,0,64.65,0.0,64.65,Card,Store
TXN-0069919,2026-08-26,DXB-004,Dubai,CUST-00664,P009,Backpack,Accessories,1,240.59,5,240.59,12.03,228.56,Card,Store
TXN-0069932,2026-08-26,DXB-001,Dubai,CUST-06090,P001,Laptop,Electronics,6,2848.71,5,17092.27,854.61,16237.66,Card,Store
TXN-0069954,2026-08-26,DXB-004,Dubai,CUST-03855,P014,Power Bank,Electronics,1,143.9,5,143.9,7.19,136.7,Card,Online
TXN-0069991,2026-08-26,DXB-001,Dubai,CUST-06783,P012,Pen Pack,Stationery,1,16.43,0,16.43,0.0,16.43,Card,Store
TXN-0070118,2026-08-26,DXB-001,Dubai,CUST-05832,P004,Monitor,Electronics,3,911.86,0,2735.59,0.0,2735.59,Card,Store
TXN-0070285,2026-08-26,DXB-003,Dubai,CUST-05382,P015,Tablet,Electronics,1,1124.2,10,1124.2,112.42,1011.78,Cash,Online
TXN-0070333,2026-08-26,DXB-001,Dubai,CUST-04535,P011,Notebook,Stationery,6,27.27,0,163.62,0.0,163.62,Cash,Online
TXN-0070345,2026-08-26,DXB-003,Dubai,CUST-00825,P004,Monitor,Electronics,1,900.75,0,900.75,0.0,900.75,Card,Store
TXN-0070383,2026-08-26,DXB-001,Dubai,CUST-02885,P003,Headphones,Electronics,2,361.8,20,723.59,144.72,578.87,Apple Pay,Store
TXN-0070528,2026-08-26,DXB-002,Dubai,CUST-00722,P003,Headphones,Electronics,1,323.96,10,323.96,32.4,291.56,Card,Store
TXN-0070601,2026-08-26,DXB-002,Dubai,CUST-07442,P012,Pen Pack,Stationery,1,15.69,0,15.69,0.0,15.69,Card,Online
TXN-0070795,2026-08-26,DXB-001,Dubai,CUST-07563,P014,Power Bank,Electronics,2,161.12,5,322.23,16.11,306.12,Card,Store
TXN-0070821,2026-08-26,DXB-005,Dubai,CUST-03894,P001,Laptop,Electronics,2,2788.96,10,5577.92,557.79,5020.13,Card,Online
TXN-0070827,2026-08-26,DXB-004,Dubai,CUST-02711,P012,Pen Pack,Stationery,3,16.07,0,48.22,0.0,48.22,Cash,Store
TXN-0070856,2026-08-26,DXB-001,Dubai,CUST-07772,P015,Tablet,Electronics,1,1247.55,20,1247.55,249.51,998.04,Apple Pay,Online
TXN-0070945,2026-08-26,DXB-003,Dubai,CUST-05826,P001,Laptop,Electronics,3,2883.94,0,8651.82,0.0,8651.82,Card,Store
TXN-0070959,2026-08-26,DXB-004,Dubai,CUST-00821,P003,Headphones,Electronics,1,351.74,5,351.74,17.59,334.16,Apple Pay,Store
TXN-0070965,2026-08-26,DXB-002,Dubai,CUST-00540,P008,Desk,Furniture,1,826.86,0,826.86,0.0,826.86,Card,Online
TXN-0071020,2026-08-26,DXB-001,Dubai,CUST-03325,P007,Office Chair,Furniture,2,657.32,0,1314.64,0.0,1314.64,Card,Store
TXN-0071162,2026-08-26,DXB-005,Dubai,CUST-01398,P011,Notebook,Stationery,1,26.78,5,26.78,1.34,25.44,Card,Store
TXN-0071166,2026-08-26,DXB-003,Dubai,CUST-07660,P008,Desk,Furniture,1,805.77,0,805.77,0.0,805.77,Cash,Online
TXN-0071409,2026-08-26,DXB-003,Dubai,CUST-01158,P006,Mouse,Accessories,3,102.91,10,308.73,30.87,277.86,Card,Store
TXN-0071459,2026-08-26,DXB-005,Dubai,CUST-07796,P008,Desk,Furniture,3,837.15,0,2511.46,0.0,2511.46,Card,Online
TXN-0071571,2026-08-26,DXB-001,Dubai,CUST-04132,P014,Power Bank,Electronics,1,152.88,10,152.88,15.29,137.59,Card,Store
TXN-0071741,2026-08-26,DXB-003,Dubai,CUST-01352,P012,Pen Pack,Stationery,2,13.77,0,27.53,0.0,27.53,Card,Online
TXN-0071752,2026-08-26,DXB-002,Dubai,CUST-02882,P005,Keyboard,Accessories,4,177.91,10,711.63,71.16,640.47,Card,Store
TXN-0071941,2026-08-26,DXB-001,Dubai,CUST-01424,P003,Headphones,Electronics,1,345.15,0,345.15,0.0,345.15,Cash,Online
TXN-0072000,2026-08-26,DXB-004,Dubai,CUST-07035,P010,Printer,Office,1,632.32,10,632.32,63.23,569.09,Apple Pay,Store
TXN-0072024,2026-08-26,DXB-002,Dubai,CUST-00333,P004,Monitor,Electronics,1,921.04,5,921.04,46.05,874.98,Card,Store
TXN-0072026,2026-08-26,DXB-005,Dubai,CUST-07871,P009,Backpack,Accessories,3,242.87,0,728.62,0.0,728.62,Card,Store
TXN-0072117,2026-08-26,DXB-001,Dubai,CUST-00107,P006,Mouse,Accessories,4,101.1,0,404.4,0.0,404.4,Card,Store
TXN-0072289,2026-08-26,DXB-001,Dubai,CUST-00138,P015,Tablet,Electronics,1,1237.83,5,1237.83,61.89,1175.94,Bank Transfer,Store
TXN-0072376,2026-08-26,DXB-004,Dubai,CUST-04280,P007,Office Chair,Furniture,1,591.08,0,591.08,0.0,591.08,Card,Store
TXN-0072480,2026-08-26,DXB-004,Dubai,CUST-01543,P006,Mouse,Accessories,1,98.6,10,98.6,9.86,88.74,Card,Store
TXN-0072574,2026-08-26,DXB-002,Dubai,CUST-07928,P010,Printer,Office,1,672.51,5,672.51,33.63,638.89,Bank Transfer,Store
TXN-0072596,2026-08-26,DXB-001,Dubai,CUST-04908,P011,Notebook,Stationery,1,26.99,0,26.99,0.0,26.99,Cash,Store
TXN-0072704,2026-08-26,DXB-004,Dubai,CUST-05900,P014,Power Bank,Electronics,1,137.27,0,137.27,0.0,137.27,Apple Pay,Online
TXN-0072831,2026-08-26,DXB-003,Dubai,CUST-07645,P011,Notebook,Stationery,3,23.27,0,69.8,0.0,69.8,Cash,Store
TXN-0072990,2026-08-26,DXB-004,Dubai,CUST-01270,P005,Keyboard,Accessories,2,157.45,0,314.91,0.0,314.91,Card,Online
TXN-0072997,2026-08-26,DXB-003,Dubai,CUST-06544,P002,Smartphone,Electronics,2,1723.23,0,3446.46,0.0,3446.46,Card,Store
TXN-0072998,2026-08-26,DXB-005,Dubai,CUST-06665,P014,Power Bank,Electronics,1,145.13,10,145.13,14.51,130.62,Card,Online
TXN-0073131,2026-08-26,DXB-003,Dubai,CUST-02777,P002,Smartphone,Electronics,1,1621.28,5,1621.28,81.06,1540.21,Apple Pay,Store
TXN-0073150,2026-08-26,DXB-001,Dubai,CUST-02295,P006,Mouse,Accessories,3,104.12,10,312.37,31.24,281.13,Card,Store
TXN-0073154,2026-08-26,DXB-003,Dubai,CUST-05721,P001,Laptop,Electronics,2,2887.71,5,5775.41,288.77,5486.64,Card,Store
TXN-0073188,2026-08-26,DXB-005,Dubai,CUST-07657,P007,Office Chair,Furniture,1,656.91,15,656.91,98.54,558.37,Card,Store
TXN-0073204,2026-08-26,DXB-004,Dubai,CUST-02003,P007,Office Chair,Furniture,1,708.06,0,708.06,0.0,708.06,Cash,Store
TXN-0073243,2026-08-26,DXB-002,Dubai,CUST-01296,P010,Printer,Office,4,743.63,5,2974.53,148.73,2825.8,Card,Store
TXN-0073259,2026-08-26,DXB-005,Dubai,CUST-03176,P006,Mouse,Accessories,1,92.92,15,92.92,13.94,78.98,Card,Store
TXN-0073329,2026-08-26,DXB-002,Dubai,CUST-02110,P008,Desk,Furniture,1,744.84,0,744.84,0.0,744.84,Card,Online
TXN-0073345,2026-08-26,DXB-001,Dubai,CUST-01405,P007,Office Chair,Furniture,1,698.67,0,698.67,0.0,698.67,Cash,Store
TXN-0073369,2026-08-26,DXB-001,Dubai,CUST-00471,P005,Keyboard,Accessories,2,165.55,10,331.09,33.11,297.98,Card,Store
TXN-0073463,2026-08-26,DXB-003,Dubai,CUST-01409,P008,Desk,Furniture,2,795.29,0,1590.58,0.0,1590.58,Card,Online
TXN-0073483,2026-08-26,DXB-005,Dubai,CUST-01463,P015,Tablet,Electronics,1,1154.43,0,1154.43,0.0,1154.43,Bank Transfer,Online
TXN-0073542,2026-08-26,DXB-002,Dubai,CUST-04892,P007,Office Chair,Furniture,1,623.13,0,623.13,0.0,623.13,Apple Pay,Online
TXN-0073544,2026-08-26,DXB-001,Dubai,CUST-02469,P006,Mouse,Accessories,1,98.67,15,98.67,14.8,83.87,Card,Online
TXN-0073579,2026-08-26,DXB-002,Dubai,CUST-03123,P010,Printer,Office,1,730.05,5,730.05,36.5,693.55,Bank Transfer,Store
TXN-0073642,2026-08-26,DXB-005,Dubai,CUST-04472,P009,Backpack,Accessories,5,224.76,5,1123.78,56.19,1067.59,Apple Pay,Store
TXN-0073683,2026-08-26,DXB-003,Dubai,CUST-04756,P012,Pen Pack,Stationery,1,16.59,5,16.59,0.83,15.76,Cash,Online
TXN-0073845,2026-08-26,DXB-001,Dubai,CUST-03776,P005,Keyboard,Accessories,6,177.0,15,1061.98,159.3,902.69,Card,Online
TXN-0073852,2026-08-26,DXB-005,Dubai,CUST-07379,P012,Pen Pack,Stationery,5,15.06,20,75.31,15.06,60.25,Apple Pay,Store
TXN-0073856,2026-08-26,DXB-005,Dubai,CUST-06674,P009,Backpack,Accessories,2,223.68,20,447.37,89.47,357.89,Card,Store
TXN-0073880,2026-08-26,DXB-005,Dubai,CUST-04771,P004,Monitor,Electronics,1,910.16,0,910.16,0.0,910.16,Cash,Store
TXN-0073883,2026-08-26,DXB-005,Dubai,CUST-03067,P001,Laptop,Electronics,2,2886.58,15,5773.16,865.97,4907.19,Cash,Online
TXN-0073900,2026-08-26,DXB-005,Dubai,CUST-02377,P009,Backpack,Accessories,4,218.03,0,872.12,0.0,872.12,Apple Pay,Online
TXN-0073903,2026-08-26,DXB-001,Dubai,CUST-05513,P015,Tablet,Electronics,2,1208.14,0,2416.28,0.0,2416.28,Card,Store
TXN-0073936,2026-08-26,DXB-004,Dubai,CUST-06987,P013,USB Drive,Accessories,3,42.3,15,126.89,19.03,107.86,Cash,Store
TXN-0073952,2026-08-26,DXB-003,Dubai,CUST-04104,P002,Smartphone,Electronics,3,1651.15,0,4953.46,0.0,4953.46,Bank Transfer,Store
TXN-0073991,2026-08-26,DXB-001,Dubai,CUST-01484,P003,Headphones,Electronics,2,355.76,10,711.52,71.15,640.37,Card,Store
TXN-0074033,2026-08-26,DXB-003,Dubai,CUST-06732,P010,Printer,Office,1,744.97,5,744.97,37.25,707.72,Apple Pay,Online
TXN-0074068,2026-08-26,DXB-004,Dubai,CUST-07562,P005,Keyboard,Accessories,1,211.03,0,211.03,0.0,211.03,Cash,Store
TXN-0074093,2026-08-26,DXB-005,Dubai,CUST-02423,P009,Backpack,Accessories,2,224.07,10,448.15,44.81,403.33,Card,Store
TXN-0074232,2026-08-26,DXB-002,Dubai,CUST-01905,P011,Notebook,Stationery,1,25.76,10,25.76,2.58,23.18,Card,Store
TXN-0074288,2026-08-26,DXB-001,Dubai,CUST-05812,P009,Backpack,Accessories,3,239.45,0,718.35,0.0,718.35,Card,Store
TXN-0074296,2026-08-26,DXB-003,Dubai,CUST-04737,P009,Backpack,Accessories,1,206.87,10,206.87,20.69,186.18,Card,Store
TXN-0074315,2026-08-26,DXB-003,Dubai,CUST-03843,P006,Mouse,Accessories,1,105.38,5,105.38,5.27,100.11,Card,Online
TXN-0074566,2026-08-26,DXB-003,Dubai,CUST-01709,P010,Printer,Office,1,706.58,10,706.58,70.66,635.92,Card,Store
TXN-0074649,2026-08-26,DXB-003,Dubai,CUST-03280,P008,Desk,Furniture,2,759.55,10,1519.1,151.91,1367.19,Card,Store
TXN-0074658,2026-08-26,DXB-005,Dubai,CUST-04665,P011,Notebook,Stationery,3,24.99,0,74.98,0.0,74.98,Card,Store
TXN-0074667,2026-08-26,DXB-002,Dubai,CUST-07994,P011,Notebook,Stationery,1,26.37,5,26.37,1.32,25.05,Card,Store
TXN-0074792,2026-08-26,DXB-001,Dubai,CUST-05321,P001,Laptop,Electronics,5,2889.82,0,14449.11,0.0,14449.11,Cash,Store
TXN-0074842,2026-08-26,DXB-004,Dubai,CUST-07502,P003,Headphones,Electronics,3,331.13,0,993.38,0.0,993.38,Bank Transfer,Online
TXN-0074919,2026-08-26,DXB-001,Dubai,CUST-02226,P001,Laptop,Electronics,1,2886.8,0,2886.8,0.0,2886.8,Card,Store
TXN-0074929,2026-08-26,DXB-001,Dubai,CUST-00616,P007,Office Chair,Furniture,1,692.4,10,692.4,69.24,623.16,Apple Pay,Store
TXN-0074989,2026-08-26,DXB-004,Dubai,CUST-02362,P015,Tablet,Electronics,1,1152.76,0,1152.76,0.0,1152.76,Apple Pay,Store
TXN-0075020,2026-08-26,DXB-001,Dubai,CUST-07738,P009,Backpack,Accessories,4,229.19,5,916.75,45.84,870.91,Card,Store
TXN-0075049,2026-08-26,DXB-005,Dubai,CUST-06181,P014,Power Bank,Electronics,1,154.69,10,154.69,15.47,139.22,Card,Store
TXN-0075077,2026-08-26,DXB-003,Dubai,CUST-03764,P004,Monitor,Electronics,2,879.22,15,1758.44,263.77,1494.67,Card,Store
TXN-0075090,2026-08-26,DXB-001,Dubai,CUST-07814,P008,Desk,Furniture,6,776.79,5,4660.72,233.04,4427.69,Card,Store
TXN-0075215,2026-08-26,DXB-003,Dubai,CUST-04318,P008,Desk,Furniture,1,733.22,5,733.22,36.66,696.56,Cash,Store
TXN-0075229,2026-08-26,DXB-001,Dubai,CUST-03583,P006,Mouse,Accessories,1,100.29,15,100.29,15.04,85.25,Card,Store
TXN-0075230,2026-08-26,DXB-004,Dubai,CUST-03384,P008,Desk,Furniture,1,814.93,10,814.93,81.49,733.43,Apple Pay,Store
TXN-0075295,2026-08-26,DXB-004,Dubai,CUST-04614,P012,Pen Pack,Stationery,1,15.39,0,15.39,0.0,15.39,Apple Pay,Store
TXN-0075302,2026-08-26,DXB-005,Dubai,CUST-00346,P011,Notebook,Stationery,1,25.54,5,25.54,1.28,24.27,Card,Online
TXN-0075391,2026-08-26,DXB-002,Dubai,CUST-02547,P004,Monitor,Electronics,1,878.08,15,878.08,131.71,746.36,Apple Pay,Store
TXN-0075573,2026-08-26,DXB-004,Dubai,CUST-00999,P001,Laptop,Electronics,1,2810.7,10,2810.7,281.07,2529.63,Card,Store
TXN-0075639,2026-08-26,DXB-005,Dubai,CUST-05862,P011,Notebook,Stationery,1,23.07,0,23.07,0.0,23.07,Apple Pay,Store
TXN-0075699,2026-08-26,DXB-004,Dubai,CUST-03774,P012,Pen Pack,Stationery,1,15.96,10,15.96,1.6,14.36,Cash,Store
TXN-0075711,2026-08-26,DXB-002,Dubai,CUST-00565,P010,Printer,Office,2,650.36,0,1300.71,0.0,1300.71,Bank Transfer,Online
TXN-0075751,2026-08-26,DXB-001,Dubai,CUST-04816,P003,Headphones,Electronics,3,379.14,5,1137.41,56.87,1080.54,Apple Pay,Store
TXN-0075806,2026-08-26,DXB-002,Dubai,CUST-02204,P007,Office Chair,Furniture,3,674.75,10,2024.25,202.42,1821.82,Bank Transfer,Store
TXN-0075859,2026-08-26,DXB-004,Dubai,CUST-03233,P012,Pen Pack,Stationery,1,16.3,5,16.3,0.82,15.49,Card,Store
TXN-0075909,2026-08-26,DXB-003,Dubai,CUST-05116,P010,Printer,Office,1,644.32,0,644.32,0.0,644.32,Card,Store
TXN-0075912,2026-08-26,DXB-004,Dubai,CUST-02868,P002,Smartphone,Electronics,2,1757.76,0,3515.52,0.0,3515.52,Cash,Online
TXN-0075918,2026-08-26,DXB-001,Dubai,CUST-03269,P004,Monitor,Electronics,4,899.39,10,3597.56,359.76,3237.8,Card,Online
TXN-0075975,2026-08-26,DXB-004,Dubai,CUST-04096,P007,Office Chair,Furniture,1,647.33,10,647.33,64.73,582.6,Card,Store
TXN-0076051,2026-08-26,DXB-004,Dubai,CUST-04538,P008,Desk,Furniture,1,778.58,0,778.58,0.0,778.58,Card,Store
TXN-0076074,2026-08-26,DXB-005,Dubai,CUST-02490,P008,Desk,Furniture,1,831.16,10,831.16,83.12,748.05,Card,Store
TXN-0076079,2026-08-26,DXB-002,Dubai,CUST-04039,P015,Tablet,Electronics,1,1226.79,0,1226.79,0.0,1226.79,Card,Store
TXN-0076094,2026-08-26,DXB-003,Dubai,CUST-07960,P009,Backpack,Accessories,1,212.95,10,212.95,21.29,191.65,Cash,Online
TXN-0076103,2026-08-26,DXB-003,Dubai,CUST-00226,P003,Headphones,Electronics,2,353.82,10,707.64,70.76,636.87,Card,Online
TXN-0076283,2026-08-26,DXB-002,Dubai,CUST-02955,P002,Smartphone,Electronics,3,1871.96,15,5615.89,842.38,4773.5,Card,Store
TXN-0076408,2026-08-26,DXB-001,Dubai,CUST-03804,P007,Office Chair,Furniture,1,718.22,5,718.22,35.91,682.31,Card,Store
TXN-0076434,2026-08-26,DXB-001,Dubai,CUST-00692,P003,Headphones,Electronics,2,357.88,0,715.75,0.0,715.75,Card,Store
TXN-0076450,2026-08-26,DXB-003,Dubai,CUST-04788,P014,Power Bank,Electronics,2,151.41,5,302.82,15.14,287.68,Card,Store
TXN-0076563,2026-08-26,DXB-002,Dubai,CUST-03933,P014,Power Bank,Electronics,2,161.26,0,322.52,0.0,322.52,Card,Online
TXN-0076619,2026-08-26,DXB-002,Dubai,CUST-06055,P015,Tablet,Electronics,2,1203.05,5,2406.1,120.3,2285.79,Apple Pay,Store
TXN-0076751,2026-08-26,DXB-003,Dubai,CUST-06932,P003,Headphones,Electronics,2,337.72,15,675.44,101.32,574.12,Card,Online
TXN-0076760,2026-08-26,DXB-001,Dubai,CUST-01311,P004,Monitor,Electronics,2,856.98,5,1713.97,85.7,1628.27,Card,Online
TXN-0076802,2026-08-26,DXB-004,Dubai,CUST-00113,P012,Pen Pack,Stationery,1,15.77,15,15.77,2.37,13.41,Card,Store
TXN-0076833,2026-08-26,DXB-003,Dubai,CUST-00451,P015,Tablet,Electronics,1,1062.29,15,1062.29,159.34,902.95,Apple Pay,Store
TXN-0076950,2026-08-26,DXB-001,Dubai,CUST-02362,P004,Monitor,Electronics,1,976.0,5,976.0,48.8,927.2,Card,Store
TXN-0077005,2026-08-26,DXB-005,Dubai,CUST-01835,P012,Pen Pack,Stationery,1,15.51,0,15.51,0.0,15.51,Card,Store
TXN-0077009,2026-08-26,DXB-001,Dubai,CUST-06680,P001,Laptop,Electronics,1,2930.58,5,2930.58,146.53,2784.05,Cash,Online
TXN-0077015,2026-08-26,DXB-001,Dubai,CUST-02272,P008,Desk,Furniture,1,748.56,15,748.56,112.28,636.28,Card,Online
TXN-0077106,2026-08-26,DXB-005,Dubai,CUST-04812,P009,Backpack,Accessories,2,229.79,5,459.58,22.98,436.61,Apple Pay,Online
TXN-0077172,2026-08-26,DXB-005,Dubai,CUST-05722,P004,Monitor,Electronics,1,951.16,0,951.16,0.0,951.16,Card,Store
TXN-0077388,2026-08-26,DXB-003,Dubai,CUST-05754,P013,USB Drive,Accessories,1,43.56,0,43.56,0.0,43.56,Apple Pay,Online
TXN-0077465,2026-08-26,DXB-003,Dubai,CUST-03160,P006,Mouse,Accessories,2,104.83,0,209.67,0.0,209.67,Cash,Store
TXN-0077466,2026-08-26,DXB-005,Dubai,CUST-02158,P006,Mouse,Accessories,2,92.94,5,185.88,9.29,176.58,Card,Store
TXN-0077565,2026-08-26,DXB-003,Dubai,CUST-05030,P007,Office Chair,Furniture,1,627.48,0,627.48,0.0,627.48,Card,Store
TXN-0077577,2026-08-26,DXB-002,Dubai,CUST-00802,P003,Headphones,Electronics,3,328.08,0,984.25,0.0,984.25,Apple Pay,Online
TXN-0077609,2026-08-26,DXB-003,Dubai,CUST-03712,P005,Keyboard,Accessories,4,184.35,20,737.41,147.48,589.93,Card,Store
TXN-0077841,2026-08-26,DXB-004,Dubai,CUST-03161,P009,Backpack,Accessories,1,226.33,10,226.33,22.63,203.69,Cash,Store
TXN-0077883,2026-08-26,DXB-004,Dubai,CUST-02978,P008,Desk,Furniture,2,715.99,20,1431.98,286.4,1145.58,Card,Store
TXN-0077989,2026-08-26,DXB-001,Dubai,CUST-02215,P011,Notebook,Stationery,2,26.32,10,52.64,5.26,47.38,Card,Store
TXN-0078021,2026-08-26,DXB-004,Dubai,CUST-05976,P001,Laptop,Electronics,1,2675.28,0,2675.28,0.0,2675.28,Cash,Store
TXN-0078022,2026-08-26,DXB-003,Dubai,CUST-03594,P011,Notebook,Stationery,1,25.43,10,25.43,2.54,22.89,Card,Online
TXN-0078109,2026-08-26,DXB-005,Dubai,CUST-05161,P002,Smartphone,Electronics,1,1903.41,15,1903.41,285.51,1617.9,Card,Store
TXN-0078255,2026-08-26,DXB-001,Dubai,CUST-00676,P006,Mouse,Accessories,2,97.46,10,194.91,19.49,175.42,Card,Store
TXN-0078265,2026-08-26,DXB-001,Dubai,CUST-04081,P011,Notebook,Stationery,1,22.27,0,22.27,0.0,22.27,Card,Store
TXN-0078367,2026-08-26,DXB-003,Dubai,CUST-05207,P007,Office Chair,Furniture,1,636.49,10,636.49,63.65,572.84,Card,Store
TXN-0078431,2026-08-26,DXB-002,Dubai,CUST-05519,P014,Power Bank,Electronics,1,134.4,0,134.4,0.0,134.4,Apple Pay,Online
TXN-0078492,2026-08-26,DXB-001,Dubai,CUST-06046,P001,Laptop,Electronics,1,2863.53,0,2863.53,0.0,2863.53,Card,Store
TXN-0078728,2026-08-26,DXB-001,Dubai,CUST-01373,P006,Mouse,Accessories,1,98.48,5,98.48,4.92,93.56,Card,Store
TXN-0078842,2026-08-26,DXB-003,Dubai,CUST-04537,P008,Desk,Furniture,4,804.06,5,3216.25,160.81,3055.44,Bank Transfer,Store
TXN-0078877,2026-08-26,DXB-002,Dubai,CUST-01465,P002,Smartphone,Electronics,1,1659.36,5,1659.36,82.97,1576.39,Card,Store
TXN-0078914,2026-08-26,DXB-004,Dubai,CUST-01163,P009,Backpack,Accessories,3,253.98,5,761.95,38.1,723.85,Card,Store
TXN-0079000,2026-08-26,DXB-004,Dubai,CUST-01944,P010,Printer,Office,2,692.81,5,1385.61,69.28,1316.33,Card,Store
TXN-0079042,2026-08-26,DXB-005,Dubai,CUST-05444,P002,Smartphone,Electronics,1,1936.3,0,1936.3,0.0,1936.3,Apple Pay,Online
TXN-0079057,2026-08-26,DXB-001,Dubai,CUST-04732,P004,Monitor,Electronics,1,885.42,10,885.42,88.54,796.88,Card,Online
TXN-0079083,2026-08-26,DXB-004,Dubai,CUST-04588,P008,Desk,Furniture,1,769.63,0,769.63,0.0,769.63,Card,Store
TXN-0079183,2026-08-26,DXB-001,Dubai,CUST-05458,P015,Tablet,Electronics,1,1133.48,0,1133.48,0.0,1133.48,Cash,Store
TXN-0079205,2026-08-26,DXB-002,Dubai,CUST-06598,P001,Laptop,Electronics,1,2815.81,0,2815.81,0.0,2815.81,Cash,Online
TXN-0079229,2026-08-26,DXB-003,Dubai,CUST-03968,P008,Desk,Furniture,3,784.16,5,2352.49,117.62,2234.87,Card,Online
TXN-0079257,2026-08-26,DXB-002,Dubai,CUST-04045,P013,USB Drive,Accessories,4,48.1,0,192.41,0.0,192.41,Card,Store
TXN-0079268,2026-08-26,DXB-003,Dubai,CUST-05748,P002,Smartphone,Electronics,2,1606.76,5,3213.52,160.68,3052.85,Cash,Store
TXN-0079313,2026-08-26,DXB-004,Dubai,CUST-01219,P008,Desk,Furniture,5,839.87,10,4199.36,419.94,3779.42,Apple Pay,Store
TXN-0079354,2026-08-26,DXB-001,Dubai,CUST-05040,P014,Power Bank,Electronics,1,142.58,15,142.58,21.39,121.19,Card,Store
TXN-0079363,2026-08-26,DXB-004,Dubai,CUST-06806,P008,Desk,Furniture,4,750.11,5,3000.45,150.02,2850.43,Card,Online
TXN-0079491,2026-08-26,DXB-003,Dubai,CUST-00154,P015,Tablet,Electronics,3,1239.71,10,3719.14,371.91,3347.22,Card,Store
TXN-0079495,2026-08-26,DXB-003,Dubai,CUST-03028,P011,Notebook,Stationery,1,24.42,0,24.42,0.0,24.42,Card,Store
TXN-0079531,2026-08-26,DXB-003,Dubai,CUST-03544,P003,Headphones,Electronics,1,346.34,0,346.34,0.0,346.34,Card,Store
TXN-0079536,2026-08-26,DXB-004,Dubai,CUST-06071,P006,Mouse,Accessories,1,105.29,5,105.29,5.26,100.02,Apple Pay,Store
TXN-0079540,2026-08-26,DXB-004,Dubai,CUST-07600,P014,Power Bank,Electronics,2,141.16,0,282.32,0.0,282.32,Card,Store
TXN-0079588,2026-08-26,DXB-004,Dubai,CUST-05295,P012,Pen Pack,Stationery,3,15.34,5,46.03,2.3,43.73,Card,Store
TXN-0079612,2026-08-26,DXB-005,Dubai,CUST-00364,P002,Smartphone,Electronics,3,1768.84,5,5306.51,265.33,5041.18,Cash,Online
TXN-0079630,2026-08-26,DXB-001,Dubai,CUST-01566,P011,Notebook,Stationery,5,22.08,0,110.41,0.0,110.41,Card,Store
TXN-0079649,2026-08-26,DXB-001,Dubai,CUST-06906,P012,Pen Pack,Stationery,1,14.36,0,14.36,0.0,14.36,Apple Pay,Store
TXN-0079691,2026-08-26,DXB-001,Dubai,CUST-02263,P015,Tablet,Electronics,1,1209.04,5,1209.04,60.45,1148.59,Card,Store
TXN-0079718,2026-08-26,DXB-003,Dubai,CUST-06317,P015,Tablet,Electronics,3,1167.51,0,3502.52,0.0,3502.52,Card,Store
TXN-0079736,2026-08-26,DXB-005,Dubai,CUST-00778,P005,Keyboard,Accessories,2,188.06,5,376.12,18.81,357.31,Cash,Store
TXN-0079738,2026-08-26,DXB-001,Dubai,CUST-02773,P011,Notebook,Stationery,1,25.41,15,25.41,3.81,21.6,Card,Store
TXN-0079857,2026-08-26,DXB-003,Dubai,CUST-07214,P005,Keyboard,Accessories,3,179.34,10,538.02,53.8,484.22,Card,Store
TXN-0079865,2026-08-26,DXB-002,Dubai,CUST-07199,P007,Office Chair,Furniture,1,580.43,0,580.43,0.0,580.43,Cash,Store
TXN-0080033,2026-08-26,DXB-001,Dubai,CUST-07214,P006,Mouse,Accessories,1,89.92,5,89.92,4.5,85.42,Card,Online
TXN-0080131,2026-08-26,DXB-004,Dubai,CUST-03393,P003,Headphones,Electronics,1,370.66,0,370.66,0.0,370.66,Apple Pay,Store
TXN-0080134,2026-08-26,DXB-003,Dubai,CUST-07366,P011,Notebook,Stationery,1,22.45,10,22.45,2.25,20.21,Card,Store
TXN-0080144,2026-08-26,DXB-001,Dubai,CUST-00460,P010,Printer,Office,1,739.17,10,739.17,73.92,665.26,Card,Store
TXN-0080151,2026-08-26,DXB-001,Dubai,CUST-03756,P003,Headphones,Electronics,1,384.64,15,384.64,57.7,326.95,Card,Store
TXN-0080250,2026-08-26,DXB-004,Dubai,CUST-05291,P002,Smartphone,Electronics,2,1719.71,0,3439.42,0.0,3439.42,Card,Online
TXN-0080343,2026-08-26,DXB-002,Dubai,CUST-06595,P003,Headphones,Electronics,1,317.89,5,317.89,15.89,302.0,Card,Store
TXN-0080352,2026-08-26,DXB-004,Dubai,CUST-06873,P015,Tablet,Electronics,3,1052.09,20,3156.26,631.25,2525.01,Cash,Store
TXN-0080462,2026-08-26,DXB-001,Dubai,CUST-01951,P005,Keyboard,Accessories,1,185.73,5,185.73,9.29,176.44,Cash,Store
TXN-0080487,2026-08-26,DXB-005,Dubai,CUST-01659,P014,Power Bank,Electronics,2,143.65,10,287.31,28.73,258.58,Cash,Store
TXN-0080661,2026-08-26,DXB-005,Dubai,CUST-01771,P002,Smartphone,Electronics,2,1733.21,0,3466.42,0.0,3466.42,Cash,Online
TXN-0080765,2026-08-26,DXB-004,Dubai,CUST-00758,P001,Laptop,Electronics,6,2679.91,20,16079.48,3215.9,12863.58,Apple Pay,Online
TXN-0080804,2026-08-26,DXB-004,Dubai,CUST-01141,P009,Backpack,Accessories,1,216.61,5,216.61,10.83,205.78,Card,Store
TXN-0080827,2026-08-26,DXB-005,Dubai,CUST-02512,P004,Monitor,Electronics,1,875.81,10,875.81,87.58,788.23,Cash,Store
TXN-0080841,2026-08-26,DXB-001,Dubai,CUST-04907,P013,USB Drive,Accessories,1,40.87,0,40.87,0.0,40.87,Apple Pay,Store
TXN-0080936,2026-08-26,DXB-001,Dubai,CUST-01609,P010,Printer,Office,4,765.67,0,3062.67,0.0,3062.67,Card,Store
TXN-0080970,2026-08-26,DXB-001,Dubai,CUST-01338,P003,Headphones,Electronics,2,328.69,15,657.39,98.61,558.78,Card,Store
TXN-0081072,2026-08-26,DXB-005,Dubai,CUST-03835,P011,Notebook,Stationery,1,22.04,5,22.04,1.1,20.94,Card,Online
TXN-0081079,2026-08-26,DXB-001,Dubai,CUST-07525,P010,Printer,Office,2,788.37,0,1576.74,0.0,1576.74,Card,Online
TXN-0081092,2026-08-26,DXB-005,Dubai,CUST-02182,P003,Headphones,Electronics,1,348.57,0,348.57,0.0,348.57,Cash,Store
TXN-0081104,2026-08-26,DXB-004,Dubai,CUST-03256,P012,Pen Pack,Stationery,1,15.22,15,15.22,2.28,12.93,Apple Pay,Store
TXN-0081298,2026-08-26,DXB-005,Dubai,CUST-07424,P013,USB Drive,Accessories,3,46.53,10,139.58,13.96,125.62,Card,Store
TXN-0081317,2026-08-26,DXB-005,Dubai,CUST-07906,P007,Office Chair,Furniture,3,608.13,5,1824.38,91.22,1733.16,Card,Online
TXN-0081326,2026-08-26,DXB-001,Dubai,CUST-07061,P003,Headphones,Electronics,1,334.74,10,334.74,33.47,301.27,Card,Store
TXN-0081364,2026-08-26,DXB-003,Dubai,CUST-02627,P012,Pen Pack,Stationery,1,16.13,0,16.13,0.0,16.13,Bank Transfer,Store
TXN-0081413,2026-08-26,DXB-005,Dubai,CUST-07235,P003,Headphones,Electronics,6,319.0,10,1913.98,191.4,1722.58,Card,Store
TXN-0081431,2026-08-26,DXB-003,Dubai,CUST-03698,P007,Office Chair,Furniture,2,618.16,0,1236.32,0.0,1236.32,Card,Store
TXN-0081446,2026-08-26,DXB-002,Dubai,CUST-02094,P011,Notebook,Stationery,2,23.22,10,46.44,4.64,41.8,Apple Pay,Store
TXN-0081455,2026-08-26,DXB-003,Dubai,CUST-01217,P015,Tablet,Electronics,1,1055.92,0,1055.92,0.0,1055.92,Apple Pay,Online
TXN-0081630,2026-08-26,DXB-002,Dubai,CUST-03587,P015,Tablet,Electronics,1,1150.84,0,1150.84,0.0,1150.84,Apple Pay,Store
TXN-0081655,2026-08-26,DXB-002,Dubai,CUST-05860,P009,Backpack,Accessories,4,205.25,15,820.99,123.15,697.84,Apple Pay,Store
TXN-0081818,2026-08-26,DXB-003,Dubai,CUST-06806,P009,Backpack,Accessories,1,196.18,0,196.18,0.0,196.18,Card,Online
TXN-0081925,2026-08-26,DXB-002,Dubai,CUST-07256,P015,Tablet,Electronics,1,1293.76,10,1293.76,129.38,1164.39,Apple Pay,Online
TXN-0081930,2026-08-26,DXB-001,Dubai,CUST-02884,P002,Smartphone,Electronics,1,1595.7,0,1595.7,0.0,1595.7,Cash,Store
TXN-0082192,2026-08-26,DXB-001,Dubai,CUST-04950,P005,Keyboard,Accessories,2,173.94,5,347.88,17.39,330.48,Apple Pay,Store
TXN-0082196,2026-08-26,DXB-001,Dubai,CUST-01076,P008,Desk,Furniture,1,748.03,5,748.03,37.4,710.63,Card,Online
TXN-0082228,2026-08-26,DXB-001,Dubai,CUST-00220,P010,Printer,Office,1,751.99,10,751.99,75.2,676.79,Card,Store
TXN-0082283,2026-08-26,DXB-003,Dubai,CUST-04801,P008,Desk,Furniture,2,851.66,10,1703.32,170.33,1532.99,Apple Pay,Online
TXN-0082295,2026-08-26,DXB-005,Dubai,CUST-06153,P007,Office Chair,Furniture,1,673.94,0,673.94,0.0,673.94,Card,Online
TXN-0082445,2026-08-26,DXB-003,Dubai,CUST-04121,P002,Smartphone,Electronics,1,1809.95,10,1809.95,181.0,1628.96,Card,Online
TXN-0082485,2026-08-26,DXB-003,Dubai,CUST-03447,P011,Notebook,Stationery,1,25.92,10,25.92,2.59,23.33,Apple Pay,Store
TXN-0082486,2026-08-26,DXB-005,Dubai,CUST-01587,P006,Mouse,Accessories,2,98.41,0,196.82,0.0,196.82,Bank Transfer,Store
TXN-0082520,2026-08-26,DXB-003,Dubai,CUST-00263,P004,Monitor,Electronics,1,867.81,0,867.81,0.0,867.81,Card,Store
TXN-0082524,2026-08-26,DXB-004,Dubai,CUST-01958,P015,Tablet,Electronics,2,1093.71,10,2187.42,218.74,1968.68,Apple Pay,Online
TXN-0082697,2026-08-26,DXB-004,Dubai,CUST-05070,P006,Mouse,Accessories,1,114.76,0,114.76,0.0,114.76,Cash,Store
TXN-0082778,2026-08-26,DXB-001,Dubai,CUST-00898,P014,Power Bank,Electronics,3,148.62,10,445.85,44.59,401.27,Card,Online
TXN-0082779,2026-08-26,DXB-002,Dubai,CUST-04642,P003,Headphones,Electronics,1,380.58,0,380.58,0.0,380.58,Card,Store
TXN-0082786,2026-08-26,DXB-001,Dubai,CUST-05892,P015,Tablet,Electronics,2,1305.64,0,2611.29,0.0,2611.29,Card,Online
TXN-0082789,2026-08-26,DXB-004,Dubai,CUST-06992,P005,Keyboard,Accessories,1,153.43,0,153.43,0.0,153.43,Card,Store
TXN-0082912,2026-08-26,DXB-004,Dubai,CUST-06434,P006,Mouse,Accessories,3,91.08,10,273.25,27.32,245.92,Card,Online
TXN-0082944,2026-08-26,DXB-003,Dubai,CUST-01608,P012,Pen Pack,Stationery,3,15.33,10,45.98,4.6,41.38,Bank Transfer,Store
TXN-0082952,2026-08-26,DXB-004,Dubai,CUST-01816,P002,Smartphone,Electronics,2,1829.53,0,3659.05,0.0,3659.05,Card,Store
TXN-0082965,2026-08-26,DXB-002,Dubai,CUST-03891,P003,Headphones,Electronics,2,339.12,0,678.25,0.0,678.25,Card,Store
TXN-0082985,2026-08-26,DXB-002,Dubai,CUST-00329,P008,Desk,Furniture,1,751.94,10,751.94,75.19,676.75,Card,Online
TXN-0083061,2026-08-26,DXB-005,Dubai,CUST-04896,P005,Keyboard,Accessories,6,196.52,0,1179.12,0.0,1179.12,Card,Store
TXN-0083144,2026-08-26,DXB-002,Dubai,CUST-02326,P010,Printer,Office,2,705.79,5,1411.58,70.58,1341.0,Cash,Online
TXN-0083322,2026-08-26,DXB-002,Dubai,CUST-00340,P012,Pen Pack,Stationery,1,15.96,10,15.96,1.6,14.36,Cash,Store
TXN-0083327,2026-08-26,DXB-005,Dubai,CUST-02136,P011,Notebook,Stationery,1,22.83,5,22.83,1.14,21.69,Apple Pay,Store
TXN-0083461,2026-08-26,DXB-002,Dubai,CUST-06313,P007,Office Chair,Furniture,3,606.07,20,1818.2,363.64,1454.56,Card,Store
TXN-0083627,2026-08-26,DXB-002,Dubai,CUST-03290,P002,Smartphone,Electronics,1,1760.28,0,1760.28,0.0,1760.28,Apple Pay,Store
TXN-0083643,2026-08-26,DXB-004,Dubai,CUST-06280,P008,Desk,Furniture,1,787.76,20,787.76,157.55,630.21,Apple Pay,Store
TXN-0083813,2026-08-26,DXB-003,Dubai,CUST-04942,P009,Backpack,Accessories,2,204.43,5,408.87,20.44,388.42,Card,Store
TXN-0083851,2026-08-26,DXB-005,Dubai,CUST-07823,P009,Backpack,Accessories,1,237.62,10,237.62,23.76,213.86,Bank Transfer,Online
TXN-0083936,2026-08-26,DXB-001,Dubai,CUST-07715,P001,Laptop,Electronics,1,2549.55,15,2549.55,382.43,2167.12,Card,Store
TXN-0083980,2026-08-26,DXB-001,Dubai,CUST-00019,P010,Printer,Office,1,725.75,15,725.75,108.86,616.88,Card,Store
TXN-0083981,2026-08-26,DXB-002,Dubai,CUST-07506,P001,Laptop,Electronics,2,2723.14,0,5446.29,0.0,5446.29,Card,Store
TXN-0084004,2026-08-26,DXB-002,Dubai,CUST-02561,P002,Smartphone,Electronics,2,1749.84,5,3499.68,174.98,3324.69,Card,Store
TXN-0084020,2026-08-26,DXB-004,Dubai,CUST-04129,P014,Power Bank,Electronics,2,150.56,5,301.11,15.06,286.05,Card,Store
TXN-0084070,2026-08-26,DXB-001,Dubai,CUST-00906,P001,Laptop,Electronics,2,2872.27,0,5744.55,0.0,5744.55,Card,Store
TXN-0084119,2026-08-26,DXB-004,Dubai,CUST-05864,P014,Power Bank,Electronics,4,150.57,5,602.29,30.11,572.18,Apple Pay,Store
TXN-0084150,2026-08-26,DXB-002,Dubai,CUST-04970,P002,Smartphone,Electronics,1,1791.43,0,1791.43,0.0,1791.43,Card,Store
TXN-0084153,2026-08-26,DXB-005,Dubai,CUST-01973,P008,Desk,Furniture,1,836.28,0,836.28,0.0,836.28,Cash,Online
TXN-0084157,2026-08-26,DXB-005,Dubai,CUST-01854,P005,Keyboard,Accessories,1,176.77,5,176.77,8.84,167.93,Cash,Online
TXN-0084260,2026-08-26,DXB-001,Dubai,CUST-04328,P008,Desk,Furniture,2,791.86,10,1583.71,158.37,1425.34,Card,Store
TXN-0084307,2026-08-26,DXB-002,Dubai,CUST-07347,P013,USB Drive,Accessories,2,39.9,5,79.8,3.99,75.81,Apple Pay,Online
TXN-0084366,2026-08-26,DXB-004,Dubai,CUST-07312,P006,Mouse,Accessories,2,108.96,0,217.93,0.0,217.93,Card,Store
TXN-0084404,2026-08-26,DXB-003,Dubai,CUST-03577,P002,Smartphone,Electronics,2,1844.95,5,3689.91,184.5,3505.41,Card,Store
TXN-0084407,2026-08-26,DXB-001,Dubai,CUST-04650,P005,Keyboard,Accessories,3,185.06,0,555.17,0.0,555.17,Card,Online
TXN-0084553,2026-08-26,DXB-005,Dubai,CUST-07306,P011,Notebook,Stationery,1,24.99,20,24.99,5.0,19.99,Card,Store
TXN-0084589,2026-08-26,DXB-005,Dubai,CUST-03595,P008,Desk,Furniture,4,778.99,10,3115.96,311.6,2804.36,Cash,Store
TXN-0084611,2026-08-26,DXB-005,Dubai,CUST-07106,P002,Smartphone,Electronics,1,1904.49,0,1904.49,0.0,1904.49,Card,Online
TXN-0084714,2026-08-26,DXB-003,Dubai,CUST-00073,P011,Notebook,Stationery,2,22.96,0,45.92,0.0,45.92,Card,Store
TXN-0084760,2026-08-26,DXB-001,Dubai,CUST-05907,P006,Mouse,Accessories,5,102.73,5,513.65,25.68,487.97,Card,Store
TXN-0084766,2026-08-26,DXB-003,Dubai,CUST-04036,P004,Monitor,Electronics,1,1008.15,5,1008.15,50.41,957.74,Cash,Store
TXN-0084774,2026-08-26,DXB-004,Dubai,CUST-02790,P013,USB Drive,Accessories,5,42.62,10,213.11,21.31,191.8,Card,Store
TXN-0084935,2026-08-26,DXB-001,Dubai,CUST-07150,P005,Keyboard,Accessories,1,182.76,10,182.76,18.28,164.48,Apple Pay,Store
TXN-0085053,2026-08-26,DXB-003,Dubai,CUST-06790,P007,Office Chair,Furniture,3,665.85,0,1997.54,0.0,1997.54,Cash,Online
TXN-0085234,2026-08-26,DXB-001,Dubai,CUST-01216,P009,Backpack,Accessories,1,217.07,15,217.07,32.56,184.51,Apple Pay,Store
TXN-0085250,2026-08-26,DXB-005,Dubai,CUST-01531,P001,Laptop,Electronics,1,2905.08,0,2905.08,0.0,2905.08,Cash,Store
TXN-0085324,2026-08-26,DXB-004,Dubai,CUST-06904,P015,Tablet,Electronics,1,1262.68,15,1262.68,189.4,1073.28,Apple Pay,Store
TXN-0085336,2026-08-26,DXB-005,Dubai,CUST-01941,P001,Laptop,Electronics,1,3104.19,5,3104.19,155.21,2948.98,Card,Store
TXN-0085433,2026-08-26,DXB-001,Dubai,CUST-01731,P004,Monitor,Electronics,2,884.28,0,1768.56,0.0,1768.56,Apple Pay,Store
TXN-0085583,2026-08-26,DXB-003,Dubai,CUST-01656,P009,Backpack,Accessories,1,227.04,0,227.04,0.0,227.04,Card,Store
TXN-0085595,2026-08-26,DXB-001,Dubai,CUST-05042,P013,USB Drive,Accessories,1,45.39,15,45.39,6.81,38.58,Bank Transfer,Store
TXN-0085604,2026-08-26,DXB-005,Dubai,CUST-01711,P009,Backpack,Accessories,1,199.54,10,199.54,19.95,179.59,Cash,Store
TXN-0085633,2026-08-26,DXB-002,Dubai,CUST-06248,P011,Notebook,Stationery,1,25.48,0,25.48,0.0,25.48,Apple Pay,Store
TXN-0085677,2026-08-26,DXB-005,Dubai,CUST-06440,P012,Pen Pack,Stationery,1,15.89,0,15.89,0.0,15.89,Cash,Online
TXN-0085680,2026-08-26,DXB-002,Dubai,CUST-02285,P003,Headphones,Electronics,5,371.16,0,1855.79,0.0,1855.79,Card,Store
TXN-0085709,2026-08-26,DXB-001,Dubai,CUST-03672,P001,Laptop,Electronics,1,2821.04,0,2821.04,0.0,2821.04,Cash,Store
TXN-0085809,2026-08-26,DXB-004,Dubai,CUST-03698,P015,Tablet,Electronics,2,1341.35,10,2682.69,268.27,2414.42,Card,Online
TXN-0085820,2026-08-26,DXB-005,Dubai,CUST-06763,P001,Laptop,Electronics,3,2705.29,0,8115.87,0.0,8115.87,Apple Pay,Store
TXN-0085838,2026-08-26,DXB-001,Dubai,CUST-06817,P015,Tablet,Electronics,1,1119.38,10,1119.38,111.94,1007.45,Cash,Store
TXN-0086202,2026-08-26,DXB-004,Dubai,CUST-05190,P010,Printer,Office,1,734.19,0,734.19,0.0,734.19,Apple Pay,Store
TXN-0086254,2026-08-26,DXB-001,Dubai,CUST-04531,P011,Notebook,Stationery,1,26.01,5,26.01,1.3,24.71,Bank Transfer,Store
TXN-0086319,2026-08-26,DXB-001,Dubai,CUST-01689,P011,Notebook,Stationery,1,25.33,5,25.33,1.27,24.06,Bank Transfer,Online
TXN-0086387,2026-08-26,DXB-003,Dubai,CUST-01942,P013,USB Drive,Accessories,1,47.83,0,47.83,0.0,47.83,Apple Pay,Store
TXN-0086417,2026-08-26,DXB-003,Dubai,CUST-05021,P010,Printer,Office,1,688.04,15,688.04,103.21,584.83,Apple Pay,Store
TXN-0086419,2026-08-26,DXB-005,Dubai,CUST-03015,P006,Mouse,Accessories,1,102.85,5,102.85,5.14,97.7,Card,Store
TXN-0086587,2026-08-26,DXB-005,Dubai,CUST-02769,P014,Power Bank,Electronics,5,157.59,15,787.93,118.19,669.74,Card,Store
TXN-0086615,2026-08-26,DXB-001,Dubai,CUST-01971,P006,Mouse,Accessories,3,100.7,0,302.11,0.0,302.11,Apple Pay,Online
TXN-0086616,2026-08-26,DXB-001,Dubai,CUST-00766,P009,Backpack,Accessories,1,209.52,10,209.52,20.95,188.57,Cash,Store
TXN-0086617,2026-08-26,DXB-005,Dubai,CUST-05619,P007,Office Chair,Furniture,4,677.31,0,2709.23,0.0,2709.23,Card,Store
TXN-0086634,2026-08-26,DXB-002,Dubai,CUST-04354,P001,Laptop,Electronics,1,2815.57,0,2815.57,0.0,2815.57,Apple Pay,Store
TXN-0086669,2026-08-26,DXB-004,Dubai,CUST-05359,P013,USB Drive,Accessories,1,42.92,0,42.92,0.0,42.92,Card,Online
TXN-0086691,2026-08-26,DXB-003,Dubai,CUST-05431,P010,Printer,Office,1,724.55,5,724.55,36.23,688.32,Apple Pay,Store
TXN-0086787,2026-08-26,DXB-001,Dubai,CUST-07442,P009,Backpack,Accessories,2,247.94,5,495.87,24.79,471.08,Card,Online
TXN-0086840,2026-08-26,DXB-004,Dubai,CUST-03748,P002,Smartphone,Electronics,1,1791.0,0,1791.0,0.0,1791.0,Card,Store
TXN-0086871,2026-08-26,DXB-002,Dubai,CUST-03652,P011,Notebook,Stationery,3,22.64,10,67.91,6.79,61.12,Card,Store
TXN-0086964,2026-08-26,DXB-002,Dubai,CUST-01395,P006,Mouse,Accessories,4,99.33,0,397.33,0.0,397.33,Card,Store
TXN-0086977,2026-08-26,DXB-004,Dubai,CUST-06846,P001,Laptop,Electronics,1,3035.66,0,3035.66,0.0,3035.66,Apple Pay,Online
TXN-0087009,2026-08-26,DXB-001,Dubai,CUST-06719,P007,Office Chair,Furniture,1,678.51,5,678.51,33.93,644.58,Apple Pay,Store
TXN-0087014,2026-08-26,DXB-002,Dubai,CUST-02883,P015,Tablet,Electronics,1,1194.76,10,1194.76,119.48,1075.29,Apple Pay,Store
TXN-0087066,2026-08-26,DXB-005,Dubai,CUST-07042,P004,Monitor,Electronics,2,914.43,5,1828.85,91.44,1737.41,Cash,Store
TXN-0087277,2026-08-26,DXB-005,Dubai,CUST-04115,P008,Desk,Furniture,1,849.95,10,849.95,84.99,764.95,Bank Transfer,Store
TXN-0087292,2026-08-26,DXB-003,Dubai,CUST-04800,P010,Printer,Office,1,671.54,15,671.54,100.73,570.81,Cash,Store
TXN-0087355,2026-08-26,DXB-001,Dubai,CUST-02947,P002,Smartphone,Electronics,6,1745.85,0,10475.1,0.0,10475.1,Card,Online
TXN-0087416,2026-08-26,DXB-002,Dubai,CUST-07449,P012,Pen Pack,Stationery,2,14.01,0,28.01,0.0,28.01,Bank Transfer,Store
TXN-0087486,2026-08-26,DXB-003,Dubai,CUST-03223,P005,Keyboard,Accessories,1,194.26,10,194.26,19.43,174.84,Apple Pay,Store
TXN-0087691,2026-08-26,DXB-004,Dubai,CUST-00634,P015,Tablet,Electronics,1,1251.84,5,1251.84,62.59,1189.25,Apple Pay,Store
TXN-0087716,2026-08-26,DXB-001,Dubai,CUST-01583,P014,Power Bank,Electronics,1,150.93,10,150.93,15.09,135.84,Card,Store
TXN-0087780,2026-08-26,DXB-004,Dubai,CUST-01623,P015,Tablet,Electronics,1,1113.13,10,1113.13,111.31,1001.82,Cash,Store
TXN-0087782,2026-08-26,DXB-001,Dubai,CUST-07627,P009,Backpack,Accessories,1,206.03,5,206.03,10.3,195.73,Apple Pay,Online
TXN-0087818,2026-08-26,DXB-004,Dubai,CUST-07691,P015,Tablet,Electronics,4,1056.25,10,4225.01,422.5,3802.51,Cash,Store
TXN-0087844,2026-08-26,DXB-001,Dubai,CUST-04524,P015,Tablet,Electronics,1,1213.09,15,1213.09,181.96,1031.13,Card,Store
TXN-0087855,2026-08-26,DXB-004,Dubai,CUST-00310,P005,Keyboard,Accessories,3,167.93,0,503.8,0.0,503.8,Apple Pay,Store
TXN-0087980,2026-08-26,DXB-003,Dubai,CUST-05475,P011,Notebook,Stationery,1,23.82,0,23.82,0.0,23.82,Card,Online
TXN-0088042,2026-08-26,DXB-005,Dubai,CUST-04353,P012,Pen Pack,Stationery,1,14.51,10,14.51,1.45,13.06,Apple Pay,Store
TXN-0088058,2026-08-26,DXB-003,Dubai,CUST-05437,P007,Office Chair,Furniture,1,712.66,0,712.66,0.0,712.66,Cash,Store
TXN-0088097,2026-08-26,DXB-001,Dubai,CUST-04471,P011,Notebook,Stationery,3,25.24,5,75.73,3.79,71.94,Card,Store
TXN-0088099,2026-08-26,DXB-005,Dubai,CUST-01571,P013,USB Drive,Accessories,1,43.92,0,43.92,0.0,43.92,Cash,Store
TXN-0088380,2026-08-26,DXB-002,Dubai,CUST-01549,P015,Tablet,Electronics,1,1095.02,15,1095.02,164.25,930.77,Apple Pay,Store
TXN-0088394,2026-08-26,DXB-002,Dubai,CUST-07196,P013,USB Drive,Accessories,1,44.7,0,44.7,0.0,44.7,Apple Pay,Store
TXN-0088423,2026-08-26,DXB-004,Dubai,CUST-06196,P014,Power Bank,Electronics,3,145.64,15,436.92,65.54,371.39,Apple Pay,Store
TXN-0088424,2026-08-26,DXB-005,Dubai,CUST-04469,P012,Pen Pack,Stationery,1,15.74,0,15.74,0.0,15.74,Cash,Store
TXN-0088491,2026-08-26,DXB-001,Dubai,CUST-06321,P010,Printer,Office,1,685.92,0,685.92,0.0,685.92,Card,Online
TXN-0088512,2026-08-26,DXB-004,Dubai,CUST-07431,P012,Pen Pack,Stationery,1,14.82,15,14.82,2.22,12.6,Bank Transfer,Store
TXN-0088546,2026-08-26,DXB-003,Dubai,CUST-01341,P004,Monitor,Electronics,2,945.04,10,1890.07,189.01,1701.07,Card,Store
TXN-0088550,2026-08-26,DXB-005,Dubai,CUST-04045,P013,USB Drive,Accessories,4,45.9,10,183.62,18.36,165.26,Card,Store
TXN-0088569,2026-08-26,DXB-004,Dubai,CUST-05801,P015,Tablet,Electronics,1,1173.72,15,1173.72,176.06,997.66,Apple Pay,Store
TXN-0088575,2026-08-26,DXB-002,Dubai,CUST-00746,P005,Keyboard,Accessories,2,195.95,20,391.9,78.38,313.52,Card,Store
TXN-0088655,2026-08-26,DXB-005,Dubai,CUST-01378,P002,Smartphone,Electronics,1,1778.46,0,1778.46,0.0,1778.46,Apple Pay,Store
TXN-0088693,2026-08-26,DXB-002,Dubai,CUST-06640,P005,Keyboard,Accessories,1,194.42,0,194.42,0.0,194.42,Card,Store
TXN-0088707,2026-08-26,DXB-005,Dubai,CUST-05956,P003,Headphones,Electronics,1,374.22,10,374.22,37.42,336.8,Card,Store
TXN-0088715,2026-08-26,DXB-004,Dubai,CUST-04841,P011,Notebook,Stationery,4,26.19,10,104.77,10.48,94.29,Card,Store
TXN-0088845,2026-08-26,DXB-002,Dubai,CUST-02847,P009,Backpack,Accessories,1,214.05,10,214.05,21.41,192.65,Bank Transfer,Online
TXN-0088920,2026-08-26,DXB-001,Dubai,CUST-00456,P015,Tablet,Electronics,1,1212.92,0,1212.92,0.0,1212.92,Card,Store
TXN-0088940,2026-08-26,DXB-004,Dubai,CUST-00257,P004,Monitor,Electronics,2,964.72,0,1929.45,0.0,1929.45,Card,Store
TXN-0088961,2026-08-26,DXB-004,Dubai,CUST-00870,P003,Headphones,Electronics,1,346.14,20,346.14,69.23,276.91,Cash,Online
TXN-0089017,2026-08-26,DXB-003,Dubai,CUST-02749,P012,Pen Pack,Stationery,1,14.35,0,14.35,0.0,14.35,Card,Store
TXN-0089051,2026-08-26,DXB-002,Dubai,CUST-03044,P015,Tablet,Electronics,2,1225.38,10,2450.76,245.08,2205.69,Apple Pay,Store
TXN-0089192,2026-08-26,DXB-005,Dubai,CUST-02202,P001,Laptop,Electronics,3,2845.93,5,8537.8,426.89,8110.91,Bank Transfer,Store
TXN-0089220,2026-08-26,DXB-004,Dubai,CUST-07224,P008,Desk,Furniture,1,872.64,10,872.64,87.26,785.37,Card,Online
TXN-0089281,2026-08-26,DXB-001,Dubai,CUST-03499,P010,Printer,Office,1,758.48,5,758.48,37.92,720.55,Apple Pay,Online
TXN-0089297,2026-08-26,DXB-004,Dubai,CUST-04762,P013,USB Drive,Accessories,1,45.92,15,45.92,6.89,39.03,Apple Pay,Store
TXN-0089312,2026-08-26,DXB-002,Dubai,CUST-04816,P001,Laptop,Electronics,1,2880.66,5,2880.66,144.03,2736.62,Cash,Online
TXN-0089354,2026-08-26,DXB-005,Dubai,CUST-07367,P010,Printer,Office,2,638.55,20,1277.09,255.42,1021.67,Apple Pay,Store
TXN-0089372,2026-08-26,DXB-005,Dubai,CUST-05117,P001,Laptop,Electronics,1,3114.56,5,3114.56,155.73,2958.83,Card,Store
TXN-0089459,2026-08-26,DXB-001,Dubai,CUST-07119,P015,Tablet,Electronics,1,1073.62,15,1073.62,161.04,912.58,Cash,Store
TXN-0089524,2026-08-26,DXB-004,Dubai,CUST-04514,P005,Keyboard,Accessories,1,167.17,5,167.17,8.36,158.81,Card,Store
TXN-0089531,2026-08-26,DXB-005,Dubai,CUST-03113,P012,Pen Pack,Stationery,2,13.44,0,26.88,0.0,26.88,Bank Transfer,Store
TXN-0089560,2026-08-26,DXB-004,Dubai,CUST-03368,P001,Laptop,Electronics,5,2686.48,0,13432.39,0.0,13432.39,Apple Pay,Store
TXN-0089575,2026-08-26,DXB-002,Dubai,CUST-04614,P005,Keyboard,Accessories,2,179.95,5,359.91,18.0,341.91,Card,Store
TXN-0089581,2026-08-26,DXB-003,Dubai,CUST-06499,P004,Monitor,Electronics,1,812.45,10,812.45,81.25,731.21,Apple Pay,Store
TXN-0089625,2026-08-26,DXB-002,Dubai,CUST-05933,P014,Power Bank,Electronics,1,146.81,5,146.81,7.34,139.47,Apple Pay,Store
TXN-0089699,2026-08-26,DXB-003,Dubai,CUST-04648,P015,Tablet,Electronics,1,1186.78,15,1186.78,178.02,1008.76,Card,Store
TXN-0089727,2026-08-26,DXB-001,Dubai,CUST-00117,P008,Desk,Furniture,4,794.59,0,3178.36,0.0,3178.36,Apple Pay,Store
TXN-0089732,2026-08-26,DXB-003,Dubai,CUST-04635,P002,Smartphone,Electronics,1,1766.62,5,1766.62,88.33,1678.29,Card,Store
TXN-0089913,2026-08-26,DXB-001,Dubai,CUST-06112,P013,USB Drive,Accessories,1,44.86,0,44.86,0.0,44.86,Apple Pay,Online
TXN-0089950,2026-08-26,DXB-002,Dubai,CUST-05009,P004,Monitor,Electronics,3,937.92,0,2813.77,0.0,2813.77,Card,Online
TXN-0090038,2026-08-26,DXB-003,Dubai,CUST-02544,P009,Backpack,Accessories,1,208.28,0,208.28,0.0,208.28,Cash,Store
TXN-0090157,2026-08-26,DXB-003,Dubai,CUST-01073,P015,Tablet,Electronics,2,1200.87,5,2401.75,120.09,2281.66,Cash,Store
TXN-0090232,2026-08-26,DXB-002,Dubai,CUST-01967,P014,Power Bank,Electronics,2,156.31,0,312.63,0.0,312.63,Apple Pay,Online
TXN-0090260,2026-08-26,DXB-001,Dubai,CUST-05527,P001,Laptop,Electronics,4,2700.64,10,10802.57,1080.26,9722.31,Cash,Store
TXN-0090346,2026-08-26,DXB-005,Dubai,CUST-07254,P003,Headphones,Electronics,1,389.92,0,389.92,0.0,389.92,Apple Pay,Store
TXN-0090462,2026-08-26,DXB-005,Dubai,CUST-07117,P006,Mouse,Accessories,1,90.53,10,90.53,9.05,81.48,Cash,Store
TXN-0090560,2026-08-26,DXB-005,Dubai,CUST-02278,P010,Printer,Office,2,777.58,5,1555.16,77.76,1477.4,Card,Store
TXN-0090569,2026-08-26,DXB-003,Dubai,CUST-00868,P009,Backpack,Accessories,3,227.05,0,681.16,0.0,681.16,Bank Transfer,Store
TXN-0090633,2026-08-26,DXB-004,Dubai,CUST-07461,P003,Headphones,Electronics,1,362.21,15,362.21,54.33,307.88,Cash,Online
TXN-0090646,2026-08-26,DXB-003,Dubai,CUST-03014,P002,Smartphone,Electronics,1,1743.51,0,1743.51,0.0,1743.51,Card,Online
TXN-0090653,2026-08-26,DXB-003,Dubai,CUST-00638,P013,USB Drive,Accessories,2,41.88,5,83.76,4.19,79.57,Cash,Online
TXN-0090703,2026-08-26,DXB-001,Dubai,CUST-07704,P013,USB Drive,Accessories,2,45.42,0,90.84,0.0,90.84,Cash,Store
TXN-0090717,2026-08-26,DXB-003,Dubai,CUST-01631,P009,Backpack,Accessories,3,226.05,0,678.14,0.0,678.14,Cash,Store
TXN-0090775,2026-08-26,DXB-003,Dubai,CUST-07437,P010,Printer,Office,1,700.16,5,700.16,35.01,665.15,Bank Transfer,Store
TXN-0090800,2026-08-26,DXB-003,Dubai,CUST-01280,P001,Laptop,Electronics,1,2922.52,5,2922.52,146.13,2776.4,Cash,Online
TXN-0090812,2026-08-26,DXB-003,Dubai,CUST-04817,P011,Notebook,Stationery,1,24.72,0,24.72,0.0,24.72,Bank Transfer,Store
TXN-0090914,2026-08-26,DXB-002,Dubai,CUST-01140,P005,Keyboard,Accessories,2,197.69,0,395.37,0.0,395.37,Apple Pay,Online
TXN-0091059,2026-08-26,DXB-001,Dubai,CUST-02178,P005,Keyboard,Accessories,1,186.72,10,186.72,18.67,168.05,Card,Store
TXN-0091064,2026-08-26,DXB-001,Dubai,CUST-00827,P005,Keyboard,Accessories,3,172.09,0,516.26,0.0,516.26,Apple Pay,Store
TXN-0091069,2026-08-26,DXB-004,Dubai,CUST-06167,P004,Monitor,Electronics,3,801.74,15,2405.23,360.78,2044.44,Card,Store
TXN-0091116,2026-08-26,DXB-002,Dubai,CUST-04678,P005,Keyboard,Accessories,1,177.35,0,177.35,0.0,177.35,Card,Online
TXN-0091117,2026-08-26,DXB-001,Dubai,CUST-06965,P004,Monitor,Electronics,1,814.96,10,814.96,81.5,733.46,Bank Transfer,Store
TXN-0091143,2026-08-26,DXB-004,Dubai,CUST-03432,P010,Printer,Office,3,722.49,15,2167.46,325.12,1842.34,Cash,Online
TXN-0091168,2026-08-26,DXB-004,Dubai,CUST-04256,P015,Tablet,Electronics,1,1117.25,5,1117.25,55.86,1061.39,Card,Online
TXN-0091262,2026-08-26,DXB-005,Dubai,CUST-04811,P001,Laptop,Electronics,2,2666.1,10,5332.2,533.22,4798.98,Cash,Store
TXN-0091324,2026-08-26,DXB-002,Dubai,CUST-02018,P012,Pen Pack,Stationery,1,14.39,10,14.39,1.44,12.95,Card,Online
TXN-0091352,2026-08-26,DXB-003,Dubai,CUST-06437,P012,Pen Pack,Stationery,2,14.19,0,28.38,0.0,28.38,Card,Online
TXN-0091444,2026-08-26,DXB-003,Dubai,CUST-02506,P011,Notebook,Stationery,1,22.66,15,22.66,3.4,19.26,Apple Pay,Store
TXN-0091571,2026-08-26,DXB-005,Dubai,CUST-01510,P006,Mouse,Accessories,1,93.93,0,93.93,0.0,93.93,Cash,Online
TXN-0091581,2026-08-26,DXB-003,Dubai,CUST-06286,P009,Backpack,Accessories,1,232.27,5,232.27,11.61,220.66,Card,Store
TXN-0091600,2026-08-26,DXB-004,Dubai,CUST-03452,P001,Laptop,Electronics,1,2782.47,5,2782.47,139.12,2643.34,Card,Store
TXN-0091622,2026-08-26,DXB-004,Dubai,CUST-05134,P012,Pen Pack,Stationery,2,15.5,10,30.99,3.1,27.9,Cash,Store
TXN-0091674,2026-08-26,DXB-002,Dubai,CUST-06743,P001,Laptop,Electronics,4,3063.64,10,12254.57,1225.46,11029.11,Card,Online
TXN-0091697,2026-08-26,DXB-003,Dubai,CUST-02943,P006,Mouse,Accessories,1,105.63,0,105.63,0.0,105.63,Card,Store
TXN-0091724,2026-08-26,DXB-005,Dubai,CUST-07348,P011,Notebook,Stationery,2,26.36,0,52.72,0.0,52.72,Card,Store
TXN-0091747,2026-08-26,DXB-002,Dubai,CUST-03755,P003,Headphones,Electronics,1,340.72,5,340.72,17.04,323.68,Bank Transfer,Store
TXN-0091769,2026-08-26,DXB-005,Dubai,CUST-07518,P002,Smartphone,Electronics,1,1935.69,5,1935.69,96.78,1838.91,Apple Pay,Store
TXN-0091878,2026-08-26,DXB-003,Dubai,CUST-02580,P003,Headphones,Electronics,1,348.31,10,348.31,34.83,313.48,Card,Store
TXN-0091911,2026-08-26,DXB-002,Dubai,CUST-07045,P006,Mouse,Accessories,1,90.94,5,90.94,4.55,86.39,Cash,Store
TXN-0091937,2026-08-26,DXB-004,Dubai,CUST-07176,P002,Smartphone,Electronics,1,1639.31,15,1639.31,245.9,1393.41,Cash,Store
TXN-0092124,2026-08-26,DXB-001,Dubai,CUST-01774,P010,Printer,Office,2,679.48,15,1358.97,203.85,1155.12,Card,Online
TXN-0092243,2026-08-26,DXB-002,Dubai,CUST-07450,P013,USB Drive,Accessories,2,42.21,5,84.42,4.22,80.2,Card,Online
TXN-0092257,2026-08-26,DXB-001,Dubai,CUST-03385,P010,Printer,Office,2,740.95,15,1481.9,222.29,1259.62,Apple Pay,Store
TXN-0092263,2026-08-26,DXB-003,Dubai,CUST-04647,P009,Backpack,Accessories,6,227.39,10,1364.36,136.44,1227.92,Cash,Online
TXN-0092291,2026-08-26,DXB-001,Dubai,CUST-01208,P014,Power Bank,Electronics,1,150.39,0,150.39,0.0,150.39,Apple Pay,Store
TXN-0092433,2026-08-26,DXB-003,Dubai,CUST-01180,P008,Desk,Furniture,1,970.34,5,970.34,48.52,921.82,Apple Pay,Store
TXN-0092461,2026-08-26,DXB-002,Dubai,CUST-03171,P009,Backpack,Accessories,3,195.55,10,586.65,58.66,527.98,Bank Transfer,Store
TXN-0092491,2026-08-26,DXB-001,Dubai,CUST-06487,P004,Monitor,Electronics,2,865.84,15,1731.68,259.75,1471.92,Bank Transfer,Store
TXN-0092495,2026-08-26,DXB-004,Dubai,CUST-01100,P013,USB Drive,Accessories,4,47.39,0,189.56,0.0,189.56,Card,Store
TXN-0092543,2026-08-26,DXB-004,Dubai,CUST-04898,P008,Desk,Furniture,1,778.7,5,778.7,38.93,739.76,Apple Pay,Store
TXN-0092556,2026-08-26,DXB-001,Dubai,CUST-01898,P006,Mouse,Accessories,1,105.5,10,105.5,10.55,94.95,Cash,Store
TXN-0092644,2026-08-26,DXB-005,Dubai,CUST-02577,P001,Laptop,Electronics,1,2819.24,15,2819.24,422.89,2396.35,Cash,Online
TXN-0092668,2026-08-26,DXB-003,Dubai,CUST-03047,P003,Headphones,Electronics,1,346.57,10,346.57,34.66,311.92,Card,Store
TXN-0092696,2026-08-26,DXB-001,Dubai,CUST-04119,P007,Office Chair,Furniture,3,683.27,0,2049.81,0.0,2049.81,Card,Store
TXN-0092732,2026-08-26,DXB-003,Dubai,CUST-04425,P004,Monitor,Electronics,1,854.32,5,854.32,42.72,811.61,Card,Store
TXN-0092754,2026-08-26,DXB-002,Dubai,CUST-05507,P004,Monitor,Electronics,1,941.52,5,941.52,47.08,894.45,Apple Pay,Store
TXN-0092861,2026-08-26,DXB-001,Dubai,CUST-02103,P005,Keyboard,Accessories,1,180.1,0,180.1,0.0,180.1,Card,Store
TXN-0092865,2026-08-26,DXB-003,Dubai,CUST-03703,P010,Printer,Office,1,721.72,10,721.72,72.17,649.55,Card,Store
TXN-0092888,2026-08-26,DXB-003,Dubai,CUST-07991,P013,USB Drive,Accessories,1,35.7,0,35.7,0.0,35.7,Apple Pay,Store
TXN-0092982,2026-08-26,DXB-005,Dubai,CUST-07965,P011,Notebook,Stationery,1,27.74,0,27.74,0.0,27.74,Bank Transfer,Store
TXN-0093101,2026-08-26,DXB-003,Dubai,CUST-06446,P010,Printer,Office,1,705.33,5,705.33,35.27,670.07,Card,Store
TXN-0093294,2026-08-26,DXB-004,Dubai,CUST-03354,P015,Tablet,Electronics,2,1240.94,20,2481.87,496.37,1985.5,Card,Store
TXN-0093412,2026-08-26,DXB-003,Dubai,CUST-05448,P007,Office Chair,Furniture,1,657.11,20,657.11,131.42,525.69,Card,Store
TXN-0093451,2026-08-26,DXB-004,Dubai,CUST-04697,P012,Pen Pack,Stationery,2,15.67,0,31.33,0.0,31.33,Card,Online
TXN-0093547,2026-08-26,DXB-004,Dubai,CUST-01815,P015,Tablet,Electronics,1,1330.43,10,1330.43,133.04,1197.39,Card,Store
TXN-0093666,2026-08-26,DXB-004,Dubai,CUST-02197,P005,Keyboard,Accessories,3,191.65,10,574.96,57.5,517.46,Apple Pay,Store
TXN-0093683,2026-08-26,DXB-002,Dubai,CUST-06809,P012,Pen Pack,Stationery,3,13.97,10,41.9,4.19,37.71,Bank Transfer,Online
TXN-0093684,2026-08-26,DXB-005,Dubai,CUST-05809,P009,Backpack,Accessories,4,222.32,5,889.29,44.46,844.82,Card,Online
TXN-0093685,2026-08-26,DXB-005,Dubai,CUST-02651,P007,Office Chair,Furniture,1,694.39,15,694.39,104.16,590.23,Card,Store
TXN-0093690,2026-08-26,DXB-005,Dubai,CUST-07378,P008,Desk,Furniture,2,949.69,0,1899.38,0.0,1899.38,Card,Online
TXN-0093708,2026-08-26,DXB-005,Dubai,CUST-07985,P009,Backpack,Accessories,1,217.79,5,217.79,10.89,206.9,Cash,Store
TXN-0093734,2026-08-26,DXB-004,Dubai,CUST-06132,P006,Mouse,Accessories,1,102.74,15,102.74,15.41,87.33,Card,Store
TXN-0093785,2026-08-26,DXB-002,Dubai,CUST-02350,P006,Mouse,Accessories,2,109.88,10,219.75,21.98,197.78,Card,Online
TXN-0093897,2026-08-26,DXB-004,Dubai,CUST-02292,P004,Monitor,Electronics,2,866.21,5,1732.42,86.62,1645.8,Apple Pay,Store
TXN-0093959,2026-08-26,DXB-002,Dubai,CUST-06163,P011,Notebook,Stationery,1,26.24,5,26.24,1.31,24.93,Card,Store
TXN-0093975,2026-08-26,DXB-004,Dubai,CUST-04492,P014,Power Bank,Electronics,2,151.32,10,302.63,30.26,272.37,Cash,Store
TXN-0094001,2026-08-26,DXB-002,Dubai,CUST-05761,P015,Tablet,Electronics,2,1281.76,10,2563.53,256.35,2307.18,Card,Store
TXN-0094057,2026-08-26,DXB-004,Dubai,CUST-04339,P012,Pen Pack,Stationery,1,15.47,15,15.47,2.32,13.15,Apple Pay,Store
TXN-0094129,2026-08-26,DXB-002,Dubai,CUST-01267,P008,Desk,Furniture,5,722.72,5,3613.58,180.68,3432.9,Cash,Store
TXN-0094135,2026-08-26,DXB-002,Dubai,CUST-07561,P003,Headphones,Electronics,1,371.46,15,371.46,55.72,315.74,Card,Store
TXN-0094235,2026-08-26,DXB-001,Dubai,CUST-02463,P010,Printer,Office,2,678.26,15,1356.52,203.48,1153.04,Cash,Store
TXN-0094352,2026-08-26,DXB-002,Dubai,CUST-02277,P006,Mouse,Accessories,1,95.2,10,95.2,9.52,85.68,Cash,Store
TXN-0094397,2026-08-26,DXB-003,Dubai,CUST-07939,P010,Printer,Office,1,726.23,0,726.23,0.0,726.23,Apple Pay,Store
TXN-0094481,2026-08-26,DXB-003,Dubai,CUST-03003,P007,Office Chair,Furniture,5,640.78,5,3203.9,160.19,3043.7,Cash,Store
TXN-0094520,2026-08-26,DXB-004,Dubai,CUST-02806,P012,Pen Pack,Stationery,1,15.32,10,15.32,1.53,13.79,Bank Transfer,Online
TXN-0094528,2026-08-26,DXB-001,Dubai,CUST-02661,P008,Desk,Furniture,2,814.33,10,1628.66,162.87,1465.79,Bank Transfer,Store
TXN-0094575,2026-08-26,DXB-003,Dubai,CUST-01201,P007,Office Chair,Furniture,3,718.99,0,2156.96,0.0,2156.96,Apple Pay,Store
TXN-0094630,2026-08-26,DXB-005,Dubai,CUST-01536,P007,Office Chair,Furniture,1,649.37,15,649.37,97.4,551.96,Card,Store
TXN-0094755,2026-08-26,DXB-002,Dubai,CUST-02575,P003,Headphones,Electronics,6,337.76,5,2026.53,101.33,1925.21,Apple Pay,Online
TXN-0094761,2026-08-26,DXB-002,Dubai,CUST-01096,P010,Printer,Office,1,707.34,0,707.34,0.0,707.34,Card,Store
TXN-0095010,2026-08-26,DXB-005,Dubai,CUST-00503,P001,Laptop,Electronics,3,3063.24,0,9189.73,0.0,9189.73,Apple Pay,Store
TXN-0095011,2026-08-26,DXB-002,Dubai,CUST-04117,P014,Power Bank,Electronics,4,143.62,20,574.46,114.89,459.57,Cash,Store
TXN-0095012,2026-08-26,DXB-003,Dubai,CUST-01363,P010,Printer,Office,2,772.51,20,1545.02,309.0,1236.02,Card,Store
TXN-0095017,2026-08-26,DXB-001,Dubai,CUST-01722,P003,Headphones,Electronics,1,377.33,0,377.33,0.0,377.33,Apple Pay,Store
TXN-0095029,2026-08-26,DXB-001,Dubai,CUST-07523,P015,Tablet,Electronics,2,1201.45,0,2402.9,0.0,2402.9,Bank Transfer,Store
TXN-0095110,2026-08-26,DXB-002,Dubai,CUST-01444,P004,Monitor,Electronics,1,925.82,0,925.82,0.0,925.82,Apple Pay,Store
TXN-0095177,2026-08-26,DXB-004,Dubai,CUST-01314,P015,Tablet,Electronics,1,1194.63,10,1194.63,119.46,1075.16,Bank Transfer,Store
TXN-0095203,2026-08-26,DXB-004,Dubai,CUST-05686,P010,Printer,Office,1,693.25,10,693.25,69.32,623.92,Card,Store
TXN-0095250,2026-08-26,DXB-001,Dubai,CUST-06505,P015,Tablet,Electronics,1,1236.03,5,1236.03,61.8,1174.23,Card,Store
TXN-0095500,2026-08-26,DXB-005,Dubai,CUST-02311,P014,Power Bank,Electronics,1,156.27,10,156.27,15.63,140.64,Card,Store
TXN-0095535,2026-08-26,DXB-003,Dubai,CUST-04717,P007,Office Chair,Furniture,1,638.09,5,638.09,31.9,606.19,Apple Pay,Online
TXN-0095542,2026-08-26,DXB-001,Dubai,CUST-01192,P005,Keyboard,Accessories,1,181.04,5,181.04,9.05,171.99,Cash,Online
TXN-0095572,2026-08-26,DXB-003,Dubai,CUST-01449,P013,USB Drive,Accessories,2,49.35,0,98.7,0.0,98.7,Bank Transfer,Store
TXN-0095595,2026-08-26,DXB-004,Dubai,CUST-05658,P009,Backpack,Accessories,1,243.44,10,243.44,24.34,219.1,Card,Store
TXN-0095637,2026-08-26,DXB-002,Dubai,CUST-00383,P011,Notebook,Stationery,1,24.93,10,24.93,2.49,22.44,Cash,Store
TXN-0095785,2026-08-26,DXB-001,Dubai,CUST-04789,P007,Office Chair,Furniture,3,662.52,15,1987.55,298.13,1689.42,Card,Store
TXN-0095787,2026-08-26,DXB-005,Dubai,CUST-05007,P012,Pen Pack,Stationery,2,15.06,15,30.13,4.52,25.61,Card,Online
TXN-0095820,2026-08-26,DXB-003,Dubai,CUST-03081,P012,Pen Pack,Stationery,2,14.31,0,28.62,0.0,28.62,Card,Store
TXN-0095880,2026-08-26,DXB-002,Dubai,CUST-01796,P015,Tablet,Electronics,4,1328.23,5,5312.92,265.65,5047.27,Apple Pay,Online
TXN-0095934,2026-08-26,DXB-003,Dubai,CUST-04043,P014,Power Bank,Electronics,3,157.19,10,471.58,47.16,424.42,Cash,Store
TXN-0095991,2026-08-26,DXB-002,Dubai,CUST-05340,P014,Power Bank,Electronics,1,153.07,5,153.07,7.65,145.41,Cash,Store
TXN-0096019,2026-08-26,DXB-003,Dubai,CUST-04873,P009,Backpack,Accessories,1,219.6,0,219.6,0.0,219.6,Cash,Store
TXN-0096088,2026-08-26,DXB-005,Dubai,CUST-03297,P005,Keyboard,Accessories,1,181.8,10,181.8,18.18,163.62,Card,Online
TXN-0096207,2026-08-26,DXB-003,Dubai,CUST-07231,P014,Power Bank,Electronics,1,169.04,5,169.04,8.45,160.59,Apple Pay,Online
TXN-0096208,2026-08-26,DXB-001,Dubai,CUST-05471,P010,Printer,Office,1,760.63,5,760.63,38.03,722.6,Cash,Online
TXN-0096328,2026-08-26,DXB-005,Dubai,CUST-07103,P010,Printer,Office,1,729.57,5,729.57,36.48,693.09,Bank Transfer,Online
TXN-0096460,2026-08-26,DXB-001,Dubai,CUST-04377,P015,Tablet,Electronics,1,1173.33,15,1173.33,176.0,997.33,Card,Store
TXN-0096519,2026-08-26,DXB-002,Dubai,CUST-05625,P009,Backpack,Accessories,1,189.4,10,189.4,18.94,170.46,Apple Pay,Store
TXN-0096530,2026-08-26,DXB-001,Dubai,CUST-02943,P008,Desk,Furniture,5,794.56,5,3972.78,198.64,3774.14,Apple Pay,Online
TXN-0096549,2026-08-26,DXB-002,Dubai,CUST-01670,P009,Backpack,Accessories,2,226.11,5,452.22,22.61,429.61,Card,Store
TXN-0096560,2026-08-26,DXB-002,Dubai,CUST-07602,P010,Printer,Office,2,766.99,0,1533.99,0.0,1533.99,Card,Store
TXN-0096615,2026-08-26,DXB-001,Dubai,CUST-07901,P014,Power Bank,Electronics,2,126.31,0,252.61,0.0,252.61,Card,Store
TXN-0096673,2026-08-26,DXB-004,Dubai,CUST-02591,P005,Keyboard,Accessories,1,176.24,5,176.24,8.81,167.43,Card,Online
TXN-0096687,2026-08-26,DXB-002,Dubai,CUST-04694,P007,Office Chair,Furniture,2,637.75,5,1275.49,63.77,1211.72,Apple Pay,Store
TXN-0096776,2026-08-26,DXB-001,Dubai,CUST-03077,P009,Backpack,Accessories,4,229.36,0,917.43,0.0,917.43,Apple Pay,Store
TXN-0096780,2026-08-26,DXB-004,Dubai,CUST-00770,P008,Desk,Furniture,1,683.14,10,683.14,68.31,614.82,Card,Store
TXN-0096802,2026-08-26,DXB-001,Dubai,CUST-04044,P011,Notebook,Stationery,1,24.19,5,24.19,1.21,22.98,Bank Transfer,Store
TXN-0096869,2026-08-26,DXB-001,Dubai,CUST-00732,P005,Keyboard,Accessories,2,178.32,0,356.64,0.0,356.64,Cash,Store
TXN-0096924,2026-08-26,DXB-003,Dubai,CUST-03017,P013,USB Drive,Accessories,2,43.41,15,86.82,13.02,73.79,Cash,Store
TXN-0096973,2026-08-26,DXB-001,Dubai,CUST-07961,P010,Printer,Office,3,713.59,10,2140.78,214.08,1926.7,Card,Store
TXN-0097017,2026-08-26,DXB-003,Dubai,CUST-00037,P001,Laptop,Electronics,1,3062.76,5,3062.76,153.14,2909.63,Apple Pay,Online
TXN-0097075,2026-08-26,DXB-005,Dubai,CUST-07982,P008,Desk,Furniture,2,862.15,5,1724.31,86.22,1638.09,Card,Online
TXN-0097128,2026-08-26,DXB-003,Dubai,CUST-07785,P012,Pen Pack,Stationery,2,14.12,5,28.25,1.41,26.84,Card,Online
TXN-0097186,2026-08-26,DXB-002,Dubai,CUST-01197,P002,Smartphone,Electronics,2,1759.59,15,3519.18,527.88,2991.3,Card,Store
TXN-0097238,2026-08-26,DXB-003,Dubai,CUST-07924,P002,Smartphone,Electronics,2,1868.03,0,3736.05,0.0,3736.05,Card,Online
TXN-0097274,2026-08-26,DXB-004,Dubai,CUST-01660,P012,Pen Pack,Stationery,2,15.04,0,30.09,0.0,30.09,Apple Pay,Store
TXN-0097308,2026-08-26,DXB-003,Dubai,CUST-05758,P010,Printer,Office,2,751.11,0,1502.22,0.0,1502.22,Card,Store
TXN-0097370,2026-08-26,DXB-001,Dubai,CUST-05657,P014,Power Bank,Electronics,5,139.21,20,696.05,139.21,556.84,Apple Pay,Store
TXN-0097379,2026-08-26,DXB-004,Dubai,CUST-00221,P004,Monitor,Electronics,1,818.43,10,818.43,81.84,736.59,Cash,Store
TXN-0097468,2026-08-26,DXB-003,Dubai,CUST-00613,P012,Pen Pack,Stationery,1,13.79,5,13.79,0.69,13.1,Card,Store
TXN-0097651,2026-08-26,DXB-004,Dubai,CUST-01361,P004,Monitor,Electronics,1,942.26,10,942.26,94.23,848.03,Apple Pay,Store
TXN-0097684,2026-08-26,DXB-005,Dubai,CUST-03979,P015,Tablet,Electronics,1,1140.61,5,1140.61,57.03,1083.58,Apple Pay,Online
TXN-0097689,2026-08-26,DXB-003,Dubai,CUST-00570,P012,Pen Pack,Stationery,2,16.08,15,32.15,4.82,27.33,Apple Pay,Store
TXN-0097782,2026-08-26,DXB-005,Dubai,CUST-07626,P012,Pen Pack,Stationery,1,15.43,0,15.43,0.0,15.43,Bank Transfer,Online
TXN-0097844,2026-08-26,DXB-005,Dubai,CUST-02604,P002,Smartphone,Electronics,2,1603.6,0,3207.2,0.0,3207.2,Cash,Online
TXN-0097948,2026-08-26,DXB-004,Dubai,CUST-03201,P005,Keyboard,Accessories,2,163.17,10,326.34,32.63,293.7,Apple Pay,Store
TXN-0097958,2026-08-26,DXB-003,Dubai,CUST-01837,P012,Pen Pack,Stationery,2,14.72,20,29.45,5.89,23.56,Card,Online
TXN-0097973,2026-08-26,DXB-003,Dubai,CUST-06475,P013,USB Drive,Accessories,3,47.54,0,142.61,0.0,142.61,Card,Online
TXN-0098003,2026-08-26,DXB-003,Dubai,CUST-01811,P012,Pen Pack,Stationery,1,13.74,5,13.74,0.69,13.05,Apple Pay,Store
TXN-0098039,2026-08-26,DXB-002,Dubai,CUST-02307,P010,Printer,Office,5,753.29,10,3766.44,376.64,3389.79,Card,Store
TXN-0098114,2026-08-26,DXB-002,Dubai,CUST-02903,P012,Pen Pack,Stationery,1,14.41,5,14.41,0.72,13.69,Card,Online
TXN-0098127,2026-08-26,DXB-003,Dubai,CUST-02661,P009,Backpack,Accessories,1,218.76,5,218.76,10.94,207.82,Apple Pay,Store
TXN-0098154,2026-08-26,DXB-001,Dubai,CUST-02557,P004,Monitor,Electronics,1,790.66,10,790.66,79.07,711.59,Card,Store
TXN-0098190,2026-08-26,DXB-004,Dubai,CUST-02351,P006,Mouse,Accessories,1,90.87,5,90.87,4.54,86.33,Cash,Online
TXN-0098215,2026-08-26,DXB-001,Dubai,CUST-06645,P001,Laptop,Electronics,1,2637.93,5,2637.93,131.9,2506.03,Card,Store
TXN-0098241,2026-08-26,DXB-003,Dubai,CUST-06024,P006,Mouse,Accessories,1,100.88,10,100.88,10.09,90.79,Card,Store
TXN-0098315,2026-08-26,DXB-001,Dubai,CUST-02685,P012,Pen Pack,Stationery,1,14.47,0,14.47,0.0,14.47,Apple Pay,Store
TXN-0098411,2026-08-26,DXB-002,Dubai,CUST-00589,P007,Office Chair,Furniture,3,662.43,15,1987.28,298.09,1689.19,Card,Store
TXN-0098421,2026-08-26,DXB-002,Dubai,CUST-00411,P001,Laptop,Electronics,2,2857.56,0,5715.13,0.0,5715.13,Apple Pay,Online
TXN-0098511,2026-08-26,DXB-001,Dubai,CUST-04765,P007,Office Chair,Furniture,4,644.04,10,2576.17,257.62,2318.55,Apple Pay,Store
TXN-0098519,2026-08-26,DXB-002,Dubai,CUST-02441,P013,USB Drive,Accessories,1,46.39,10,46.39,4.64,41.75,Cash,Store
TXN-0098553,2026-08-26,DXB-003,Dubai,CUST-02568,P002,Smartphone,Electronics,2,1555.95,5,3111.89,155.59,2956.3,Card,Store
TXN-0098832,2026-08-26,DXB-004,Dubai,CUST-00883,P003,Headphones,Electronics,1,315.09,20,315.09,63.02,252.07,Apple Pay,Online
TXN-0098847,2026-08-26,DXB-005,Dubai,CUST-05745,P009,Backpack,Accessories,3,253.84,0,761.51,0.0,761.51,Bank Transfer,Online
TXN-0099012,2026-08-26,DXB-004,Dubai,CUST-07019,P005,Keyboard,Accessories,2,172.83,10,345.66,34.57,311.09,Card,Online
TXN-0099016,2026-08-26,DXB-003,Dubai,CUST-04483,P003,Headphones,Electronics,1,324.84,10,324.84,32.48,292.36,Apple Pay,Online
TXN-0099038,2026-08-26,DXB-005,Dubai,CUST-05376,P005,Keyboard,Accessories,2,178.73,5,357.45,17.87,339.58,Card,Store
TXN-0099060,2026-08-26,DXB-003,Dubai,CUST-07977,P003,Headphones,Electronics,3,329.48,0,988.45,0.0,988.45,Cash,Online
TXN-0099077,2026-08-26,DXB-004,Dubai,CUST-02881,P008,Desk,Furniture,1,757.41,10,757.41,75.74,681.67,Apple Pay,Store
TXN-0099109,2026-08-26,DXB-002,Dubai,CUST-05789,P008,Desk,Furniture,1,750.56,10,750.56,75.06,675.5,Card,Store
TXN-0099134,2026-08-26,DXB-004,Dubai,CUST-07767,P005,Keyboard,Accessories,1,166.59,15,166.59,24.99,141.6,Cash,Store
TXN-0099326,2026-08-26,DXB-002,Dubai,CUST-02006,P009,Backpack,Accessories,1,237.01,5,237.01,11.85,225.16,Cash,Store
TXN-0099345,2026-08-26,DXB-003,Dubai,CUST-07702,P006,Mouse,Accessories,2,95.76,10,191.51,19.15,172.36,Apple Pay,Store
TXN-0099376,2026-08-26,DXB-004,Dubai,CUST-04217,P013,USB Drive,Accessories,1,42.59,0,42.59,0.0,42.59,Cash,Store
TXN-0099569,2026-08-26,DXB-004,Dubai,CUST-01559,P004,Monitor,Electronics,3,848.74,5,2546.23,127.31,2418.92,Card,Store
TXN-0099596,2026-08-26,DXB-004,Dubai,CUST-04975,P009,Backpack,Accessories,2,224.82,0,449.63,0.0,449.63,Apple Pay,Store
TXN-0099767,2026-08-26,DXB-004,Dubai,CUST-07821,P011,Notebook,Stationery,1,21.89,10,21.89,2.19,19.7,Cash,Online
TXN-0099837,2026-08-26,DXB-001,Dubai,CUST-04181,P008,Desk,Furniture,3,808.89,5,2426.67,121.33,2305.34,Cash,Online
TXN-0099845,2026-08-26,DXB-005,Dubai,CUST-03775,P014,Power Bank,Electronics,1,165.49,5,165.49,8.27,157.21,Cash,Online
TXN-0099883,2026-08-26,DXB-005,Dubai,CUST-04262,P005,Keyboard,Accessories,2,173.99,0,347.98,0.0,347.98,Card,Online
TXN-0099922,2026-08-26,DXB-004,Dubai,CUST-00919,P003,Headphones,Electronics,1,362.19,15,362.19,54.33,307.86,Apple Pay,Store
TXN-0099994,2026-08-26,DXB-003,Dubai,CUST-06386,P007,Office Chair,Furniture,2,697.9,10,1395.8,139.58,1256.22,Card,Online
TXN-0100025,2026-08-26,DXB-004,Dubai,CUST-00428,P002,Smartphone,Electronics,1,1606.0,10,1606.0,160.6,1445.4,Card,Online
TXN-0100091,2026-08-26,DXB-004,Dubai,CUST-02610,P013,USB Drive,Accessories,2,45.58,5,91.17,4.56,86.61,Cash,Online
TXN-0100092,2026-08-26,DXB-004,Dubai,CUST-07227,P010,Printer,Office,1,763.71,0,763.71,0.0,763.71,Apple Pay,Online
TXN-0100127,2026-08-26,DXB-005,Dubai,CUST-00731,P009,Backpack,Accessories,1,217.53,10,217.53,21.75,195.78,Card,Store
TXN-0100202,2026-08-26,DXB-004,Dubai,CUST-05987,P014,Power Bank,Electronics,4,151.96,0,607.85,0.0,607.85,Bank Transfer,Online
TXN-0100379,2026-08-26,DXB-001,Dubai,CUST-06260,P007,Office Chair,Furniture,1,650.75,15,650.75,97.61,553.14,Bank Transfer,Online
TXN-0100463,2026-08-26,DXB-005,Dubai,CUST-02798,P009,Backpack,Accessories,1,213.91,5,213.91,10.7,203.21,Card,Store
TXN-0100471,2026-08-26,DXB-004,Dubai,CUST-06174,P005,Keyboard,Accessories,2,179.78,15,359.57,53.94,305.63,Cash,Online
TXN-0100511,2026-08-26,DXB-005,Dubai,CUST-01304,P012,Pen Pack,Stationery,4,15.64,10,62.56,6.26,56.3,Card,Online
TXN-0100549,2026-08-26,DXB-002,Dubai,CUST-03461,P010,Printer,Office,2,632.05,10,1264.09,126.41,1137.68,Apple Pay,Store
TXN-0100566,2026-08-26,DXB-002,Dubai,CUST-00377,P001,Laptop,Electronics,2,2882.95,20,5765.9,1153.18,4612.72,Card,Store
TXN-0100604,2026-08-26,DXB-003,Dubai,CUST-07749,P009,Backpack,Accessories,1,197.77,0,197.77,0.0,197.77,Cash,Online
TXN-0100654,2026-08-26,DXB-005,Dubai,CUST-06619,P012,Pen Pack,Stationery,3,15.4,0,46.21,0.0,46.21,Apple Pay,Store
TXN-0100712,2026-08-26,DXB-002,Dubai,CUST-06237,P011,Notebook,Stationery,2,23.97,10,47.93,4.79,43.14,Apple Pay,Store
TXN-0100731,2026-08-26,DXB-002,Dubai,CUST-03518,P012,Pen Pack,Stationery,1,14.87,0,14.87,0.0,14.87,Card,Store
TXN-0100738,2026-08-26,DXB-001,Dubai,CUST-00407,P014,Power Bank,Electronics,1,145.25,5,145.25,7.26,137.99,Card,Store
TXN-0100740,2026-08-26,DXB-003,Dubai,CUST-00820,P002,Smartphone,Electronics,1,1841.56,0,1841.56,0.0,1841.56,Cash,Store
TXN-0100761,2026-08-26,DXB-003,Dubai,CUST-06316,P015,Tablet,Electronics,2,1088.81,0,2177.62,0.0,2177.62,Card,Store
TXN-0100763,2026-08-26,DXB-003,Dubai,CUST-00909,P007,Office Chair,Furniture,6,670.92,0,4025.51,0.0,4025.51,Card,Online
TXN-0100876,2026-08-26,DXB-001,Dubai,CUST-02785,P008,Desk,Furniture,1,913.62,10,913.62,91.36,822.26,Cash,Online
TXN-0100947,2026-08-26,DXB-004,Dubai,CUST-02338,P001,Laptop,Electronics,1,3197.32,0,3197.32,0.0,3197.32,Card,Store
TXN-0100962,2026-08-26,DXB-003,Dubai,CUST-03032,P013,USB Drive,Accessories,1,43.32,10,43.32,4.33,38.99,Apple Pay,Store
TXN-0100993,2026-08-26,DXB-002,Dubai,CUST-05595,P007,Office Chair,Furniture,1,594.96,0,594.96,0.0,594.96,Card,Store
TXN-0101066,2026-08-26,DXB-001,Dubai,CUST-01777,P001,Laptop,Electronics,1,2960.38,20,2960.38,592.08,2368.3,Cash,Store
TXN-0101084,2026-08-26,DXB-001,Dubai,CUST-01907,P006,Mouse,Accessories,1,95.85,0,95.85,0.0,95.85,Cash,Store
TXN-0101106,2026-08-26,DXB-001,Dubai,CUST-01444,P007,Office Chair,Furniture,3,588.18,5,1764.54,88.23,1676.32,Card,Online
TXN-0101310,2026-08-26,DXB-001,Dubai,CUST-03420,P007,Office Chair,Furniture,1,627.86,5,627.86,31.39,596.47,Cash,Store
TXN-0101420,2026-08-26,DXB-002,Dubai,CUST-03802,P006,Mouse,Accessories,1,102.57,5,102.57,5.13,97.44,Cash,Store
TXN-0101526,2026-08-26,DXB-005,Dubai,CUST-00406,P004,Monitor,Electronics,3,906.81,0,2720.43,0.0,2720.43,Card,Store
TXN-0101550,2026-08-26,DXB-003,Dubai,CUST-07768,P009,Backpack,Accessories,2,257.57,15,515.14,77.27,437.87,Card,Online
TXN-0101585,2026-08-26,DXB-002,Dubai,CUST-07517,P009,Backpack,Accessories,1,218.06,15,218.06,32.71,185.35,Card,Store
TXN-0101636,2026-08-26,DXB-005,Dubai,CUST-05986,P001,Laptop,Electronics,1,2837.95,15,2837.95,425.69,2412.26,Card,Online
TXN-0101637,2026-08-26,DXB-001,Dubai,CUST-06122,P011,Notebook,Stationery,3,25.74,0,77.21,0.0,77.21,Card,Store
TXN-0101688,2026-08-26,DXB-001,Dubai,CUST-06419,P014,Power Bank,Electronics,3,150.8,15,452.39,67.86,384.53,Apple Pay,Online
TXN-0101726,2026-08-26,DXB-002,Dubai,CUST-04338,P012,Pen Pack,Stationery,1,16.51,0,16.51,0.0,16.51,Card,Store
TXN-0101825,2026-08-26,DXB-002,Dubai,CUST-05038,P010,Printer,Office,2,748.74,0,1497.49,0.0,1497.49,Card,Store
TXN-0101826,2026-08-26,DXB-003,Dubai,CUST-01584,P010,Printer,Office,1,755.01,0,755.01,0.0,755.01,Card,Store
TXN-0101869,2026-08-26,DXB-002,Dubai,CUST-07428,P009,Backpack,Accessories,1,219.9,15,219.9,32.99,186.92,Card,Store
TXN-0101877,2026-08-26,DXB-002,Dubai,CUST-03776,P002,Smartphone,Electronics,1,1774.95,0,1774.95,0.0,1774.95,Apple Pay,Store
TXN-0101913,2026-08-26,DXB-005,Dubai,CUST-07042,P011,Notebook,Stationery,3,22.31,0,66.93,0.0,66.93,Card,Store
TXN-0101956,2026-08-26,DXB-005,Dubai,CUST-04117,P006,Mouse,Accessories,4,97.51,5,390.05,19.5,370.55,Cash,Store
TXN-0102058,2026-08-26,DXB-001,Dubai,CUST-03054,P013,USB Drive,Accessories,1,47.2,10,47.2,4.72,42.48,Card,Store
TXN-0102181,2026-08-26,DXB-003,Dubai,CUST-02175,P011,Notebook,Stationery,1,26.32,5,26.32,1.32,25.01,Card,Store
TXN-0102189,2026-08-26,DXB-001,Dubai,CUST-04064,P011,Notebook,Stationery,2,23.76,15,47.53,7.13,40.4,Card,Store
TXN-0102202,2026-08-26,DXB-001,Dubai,CUST-01047,P011,Notebook,Stationery,1,24.2,10,24.2,2.42,21.78,Card,Online
TXN-0102311,2026-08-26,DXB-001,Dubai,CUST-01020,P013,USB Drive,Accessories,1,42.21,10,42.21,4.22,37.99,Apple Pay,Online
TXN-0102313,2026-08-26,DXB-002,Dubai,CUST-03250,P002,Smartphone,Electronics,3,1981.52,0,5944.55,0.0,5944.55,Bank Transfer,Store
TXN-0102377,2026-08-26,DXB-002,Dubai,CUST-01244,P010,Printer,Office,1,678.01,0,678.01,0.0,678.01,Cash,Store
TXN-0102501,2026-08-26,DXB-003,Dubai,CUST-01199,P014,Power Bank,Electronics,3,146.19,15,438.57,65.79,372.79,Apple Pay,Online
TXN-0102520,2026-08-26,DXB-002,Dubai,CUST-04718,P003,Headphones,Electronics,1,340.2,5,340.2,17.01,323.19,Apple Pay,Store
TXN-0102539,2026-08-26,DXB-003,Dubai,CUST-00315,P004,Monitor,Electronics,2,853.05,5,1706.1,85.3,1620.79,Cash,Online
TXN-0102569,2026-08-26,DXB-003,Dubai,CUST-07303,P002,Smartphone,Electronics,4,1788.39,5,7153.56,357.68,6795.88,Card,Store
TXN-0102584,2026-08-26,DXB-002,Dubai,CUST-07758,P004,Monitor,Electronics,1,934.56,10,934.56,93.46,841.11,Card,Store
TXN-0102673,2026-08-26,DXB-005,Dubai,CUST-05202,P005,Keyboard,Accessories,1,180.09,5,180.09,9.0,171.08,Apple Pay,Store
TXN-0102744,2026-08-26,DXB-003,Dubai,CUST-04601,P011,Notebook,Stationery,2,26.17,0,52.35,0.0,52.35,Card,Store
TXN-0102794,2026-08-26,DXB-003,Dubai,CUST-06161,P002,Smartphone,Electronics,2,1824.92,10,3649.85,364.98,3284.86,Card,Store
TXN-0102890,2026-08-26,DXB-002,Dubai,CUST-07589,P008,Desk,Furniture,3,802.18,10,2406.53,240.65,2165.88,Cash,Store
TXN-0102932,2026-08-26,DXB-002,Dubai,CUST-05513,P003,Headphones,Electronics,1,349.58,15,349.58,52.44,297.14,Bank Transfer,Store
TXN-0102951,2026-08-26,DXB-005,Dubai,CUST-02543,P002,Smartphone,Electronics,1,1935.02,5,1935.02,96.75,1838.27,Card,Store
TXN-0103000,2026-08-26,DXB-002,Dubai,CUST-04756,P002,Smartphone,Electronics,4,1842.09,0,7368.35,0.0,7368.35,Card,Online
TXN-0103025,2026-08-26,DXB-003,Dubai,CUST-03116,P008,Desk,Furniture,2,892.27,5,1784.53,89.23,1695.31,Apple Pay,Store
TXN-0103099,2026-08-26,DXB-002,Dubai,CUST-01400,P010,Printer,Office,2,668.24,10,1336.49,133.65,1202.84,Card,Store
TXN-0103106,2026-08-26,DXB-004,Dubai,CUST-00759,P011,Notebook,Stationery,1,24.9,0,24.9,0.0,24.9,Apple Pay,Online
TXN-0103120,2026-08-26,DXB-004,Dubai,CUST-04155,P014,Power Bank,Electronics,3,136.4,0,409.21,0.0,409.21,Cash,Store
TXN-0103234,2026-08-26,DXB-001,Dubai,CUST-04095,P010,Printer,Office,1,747.27,0,747.27,0.0,747.27,Cash,Store
TXN-0103381,2026-08-26,DXB-005,Dubai,CUST-04693,P002,Smartphone,Electronics,1,1732.05,0,1732.05,0.0,1732.05,Bank Transfer,Online
TXN-0103467,2026-08-26,DXB-003,Dubai,CUST-02144,P010,Printer,Office,1,628.24,15,628.24,94.24,534.0,Cash,Store
TXN-0103484,2026-08-26,DXB-004,Dubai,CUST-04758,P001,Laptop,Electronics,1,2580.68,0,2580.68,0.0,2580.68,Cash,Store
TXN-0103564,2026-08-26,DXB-001,Dubai,CUST-00679,P007,Office Chair,Furniture,3,667.8,10,2003.4,200.34,1803.06,Card,Store
TXN-0103571,2026-08-26,DXB-003,Dubai,CUST-06117,P001,Laptop,Electronics,6,2895.13,0,17370.81,0.0,17370.81,Apple Pay,Store
TXN-0103660,2026-08-26,DXB-003,Dubai,CUST-04680,P003,Headphones,Electronics,1,347.11,0,347.11,0.0,347.11,Card,Store
TXN-0103930,2026-08-26,DXB-004,Dubai,CUST-07340,P001,Laptop,Electronics,3,2757.1,10,8271.29,827.13,7444.16,Card,Online
TXN-0104111,2026-08-26,DXB-002,Dubai,CUST-05112,P010,Printer,Office,5,725.19,0,3625.96,0.0,3625.96,Bank Transfer,Online
TXN-0104221,2026-08-26,DXB-003,Dubai,CUST-01407,P012,Pen Pack,Stationery,3,15.61,10,46.83,4.68,42.14,Card,Online
TXN-0104290,2026-08-26,DXB-001,Dubai,CUST-06805,P005,Keyboard,Accessories,1,169.98,0,169.98,0.0,169.98,Bank Transfer,Store
TXN-0104320,2026-08-26,DXB-003,Dubai,CUST-07406,P008,Desk,Furniture,1,796.16,0,796.16,0.0,796.16,Cash,Store
TXN-0104342,2026-08-26,DXB-001,Dubai,CUST-00819,P010,Printer,Office,1,734.88,5,734.88,36.74,698.14,Card,Store
TXN-0104345,2026-08-26,DXB-001,Dubai,CUST-05842,P015,Tablet,Electronics,1,1209.38,0,1209.38,0.0,1209.38,Apple Pay,Store
TXN-0104367,2026-08-26,DXB-003,Dubai,CUST-06176,P010,Printer,Office,2,732.88,15,1465.75,219.86,1245.89,Apple Pay,Store
TXN-0104393,2026-08-26,DXB-005,Dubai,CUST-06642,P014,Power Bank,Electronics,1,147.41,10,147.41,14.74,132.67,Card,Store
TXN-0104404,2026-08-26,DXB-002,Dubai,CUST-07681,P008,Desk,Furniture,1,835.24,0,835.24,0.0,835.24,Cash,Store
TXN-0104423,2026-08-26,DXB-003,Dubai,CUST-05874,P007,Office Chair,Furniture,3,698.46,0,2095.37,0.0,2095.37,Card,Online
TXN-0104471,2026-08-26,DXB-005,Dubai,CUST-03591,P010,Printer,Office,2,683.7,15,1367.41,205.11,1162.29,Bank Transfer,Store
TXN-0104484,2026-08-26,DXB-004,Dubai,CUST-05029,P011,Notebook,Stationery,1,27.72,5,27.72,1.39,26.34,Card,Online
TXN-0104503,2026-08-26,DXB-002,Dubai,CUST-03214,P004,Monitor,Electronics,2,867.35,10,1734.71,173.47,1561.24,Card,Store
TXN-0104539,2026-08-26,DXB-004,Dubai,CUST-01165,P006,Mouse,Accessories,2,94.48,0,188.97,0.0,188.97,Apple Pay,Store
TXN-0104560,2026-08-26,DXB-003,Dubai,CUST-01942,P015,Tablet,Electronics,6,1328.1,15,7968.58,1195.29,6773.3,Cash,Store
TXN-0104571,2026-08-26,DXB-002,Dubai,CUST-03084,P002,Smartphone,Electronics,2,1941.81,5,3883.63,194.18,3689.45,Apple Pay,Store
TXN-0104643,2026-08-26,DXB-002,Dubai,CUST-04050,P007,Office Chair,Furniture,1,665.68,0,665.68,0.0,665.68,Card,Store
TXN-0104769,2026-08-26,DXB-005,Dubai,CUST-02258,P008,Desk,Furniture,1,819.24,0,819.24,0.0,819.24,Bank Transfer,Store
TXN-0104798,2026-08-26,DXB-003,Dubai,CUST-03388,P003,Headphones,Electronics,2,317.34,10,634.67,63.47,571.21,Bank Transfer,Online
TXN-0104848,2026-08-26,DXB-003,Dubai,CUST-06765,P001,Laptop,Electronics,1,2766.72,10,2766.72,276.67,2490.05,Card,Store
TXN-0104924,2026-08-26,DXB-003,Dubai,CUST-01101,P004,Monitor,Electronics,1,928.75,15,928.75,139.31,789.44,Card,Online
TXN-0104976,2026-08-26,DXB-002,Dubai,CUST-05138,P005,Keyboard,Accessories,3,179.38,15,538.15,80.72,457.43,Apple Pay,Store
TXN-0105029,2026-08-26,DXB-005,Dubai,CUST-00941,P014,Power Bank,Electronics,1,168.72,5,168.72,8.44,160.28,Cash,Store
TXN-0105069,2026-08-26,DXB-001,Dubai,CUST-03404,P009,Backpack,Accessories,5,203.17,0,1015.85,0.0,1015.85,Card,Online
TXN-0105093,2026-08-26,DXB-003,Dubai,CUST-01060,P014,Power Bank,Electronics,1,153.35,10,153.35,15.34,138.02,Card,Store
TXN-0105128,2026-08-26,DXB-002,Dubai,CUST-06963,P004,Monitor,Electronics,2,919.38,10,1838.77,183.88,1654.89,Card,Store
TXN-0105242,2026-08-26,DXB-001,Dubai,CUST-02430,P015,Tablet,Electronics,2,1169.05,20,2338.09,467.62,1870.48,Card,Store
TXN-0105314,2026-08-26,DXB-003,Dubai,CUST-01050,P015,Tablet,Electronics,5,1335.76,0,6678.82,0.0,6678.82,Card,Store
TXN-0105330,2026-08-26,DXB-002,Dubai,CUST-05439,P009,Backpack,Accessories,3,216.9,0,650.71,0.0,650.71,Apple Pay,Online
TXN-0105380,2026-08-26,DXB-002,Dubai,CUST-03966,P004,Monitor,Electronics,2,874.81,0,1749.62,0.0,1749.62,Bank Transfer,Store
TXN-0105434,2026-08-26,DXB-001,Dubai,CUST-07017,P012,Pen Pack,Stationery,1,15.48,5,15.48,0.77,14.7,Card,Online
TXN-0105505,2026-08-26,DXB-003,Dubai,CUST-00112,P009,Backpack,Accessories,1,217.89,0,217.89,0.0,217.89,Cash,Online
TXN-0105610,2026-08-26,DXB-001,Dubai,CUST-07538,P008,Desk,Furniture,1,839.97,0,839.97,0.0,839.97,Apple Pay,Online
TXN-0105678,2026-08-26,DXB-005,Dubai,CUST-03040,P008,Desk,Furniture,1,755.91,0,755.91,0.0,755.91,Card,Store
TXN-0105785,2026-08-26,DXB-001,Dubai,CUST-05308,P015,Tablet,Electronics,1,1305.65,0,1305.65,0.0,1305.65,Cash,Store
TXN-0105924,2026-08-26,DXB-003,Dubai,CUST-01354,P004,Monitor,Electronics,1,988.05,5,988.05,49.4,938.65,Card,Store
TXN-0105988,2026-08-26,DXB-003,Dubai,CUST-06419,P003,Headphones,Electronics,1,331.82,15,331.82,49.77,282.04,Apple Pay,Store
TXN-0106021,2026-08-26,DXB-002,Dubai,CUST-01525,P002,Smartphone,Electronics,1,1754.83,0,1754.83,0.0,1754.83,Cash,Store
TXN-0106026,2026-08-26,DXB-004,Dubai,CUST-04634,P004,Monitor,Electronics,1,909.58,0,909.58,0.0,909.58,Card,Store
TXN-0106081,2026-08-26,DXB-004,Dubai,CUST-06236,P010,Printer,Office,1,675.65,0,675.65,0.0,675.65,Apple Pay,Store
TXN-0106231,2026-08-26,DXB-004,Dubai,CUST-00031,P002,Smartphone,Electronics,1,1657.06,0,1657.06,0.0,1657.06,Apple Pay,Store
TXN-0106256,2026-08-26,DXB-002,Dubai,CUST-00965,P013,USB Drive,Accessories,3,44.85,5,134.56,6.73,127.83,Card,Store
TXN-0106283,2026-08-26,DXB-001,Dubai,CUST-02701,P005,Keyboard,Accessories,2,188.63,0,377.26,0.0,377.26,Card,Store
TXN-0106302,2026-08-26,DXB-005,Dubai,CUST-04506,P006,Mouse,Accessories,2,105.52,5,211.04,10.55,200.49,Card,Store
TXN-0106310,2026-08-26,DXB-005,Dubai,CUST-06659,P003,Headphones,Electronics,1,388.93,0,388.93,0.0,388.93,Apple Pay,Store
TXN-0106368,2026-08-26,DXB-002,Dubai,CUST-04881,P013,USB Drive,Accessories,1,41.87,0,41.87,0.0,41.87,Cash,Store
TXN-0106375,2026-08-26,DXB-004,Dubai,CUST-02264,P015,Tablet,Electronics,1,1220.98,0,1220.98,0.0,1220.98,Cash,Online
TXN-0106389,2026-08-26,DXB-004,Dubai,CUST-02276,P004,Monitor,Electronics,3,1009.26,5,3027.77,151.39,2876.38,Bank Transfer,Store
TXN-0106422,2026-08-26,DXB-003,Dubai,CUST-02181,P008,Desk,Furniture,1,815.23,10,815.23,81.52,733.7,Card,Store
TXN-0106597,2026-08-26,DXB-002,Dubai,CUST-03264,P006,Mouse,Accessories,1,105.06,5,105.06,5.25,99.8,Bank Transfer,Online
TXN-0106612,2026-08-26,DXB-002,Dubai,CUST-00067,P012,Pen Pack,Stationery,5,15.71,10,78.56,7.86,70.7,Card,Store
TXN-0106679,2026-08-26,DXB-003,Dubai,CUST-03135,P004,Monitor,Electronics,6,773.12,0,4638.73,0.0,4638.73,Card,Online
TXN-0106794,2026-08-26,DXB-004,Dubai,CUST-05177,P003,Headphones,Electronics,2,355.59,0,711.18,0.0,711.18,Card,Store
TXN-0106851,2026-08-26,DXB-002,Dubai,CUST-04027,P007,Office Chair,Furniture,6,606.22,10,3637.3,363.73,3273.57,Card,Store
TXN-0106961,2026-08-26,DXB-002,Dubai,CUST-01322,P003,Headphones,Electronics,3,380.5,0,1141.5,0.0,1141.5,Card,Store
TXN-0107064,2026-08-26,DXB-003,Dubai,CUST-03759,P014,Power Bank,Electronics,2,139.66,15,279.31,41.9,237.41,Card,Online
TXN-0107175,2026-08-26,DXB-002,Dubai,CUST-05286,P004,Monitor,Electronics,2,830.15,0,1660.29,0.0,1660.29,Card,Store
TXN-0107314,2026-08-26,DXB-001,Dubai,CUST-04706,P012,Pen Pack,Stationery,3,16.67,15,50.0,7.5,42.5,Card,Online
TXN-0107383,2026-08-26,DXB-002,Dubai,CUST-04296,P011,Notebook,Stationery,1,25.95,5,25.95,1.3,24.65,Card,Store
TXN-0107490,2026-08-26,DXB-003,Dubai,CUST-04109,P006,Mouse,Accessories,2,97.15,10,194.3,19.43,174.87,Cash,Store
TXN-0107515,2026-08-26,DXB-005,Dubai,CUST-00112,P002,Smartphone,Electronics,2,1852.41,5,3704.82,185.24,3519.58,Card,Store
TXN-0107637,2026-08-26,DXB-001,Dubai,CUST-00190,P004,Monitor,Electronics,1,961.44,15,961.44,144.22,817.22,Card,Store
TXN-0107697,2026-08-26,DXB-001,Dubai,CUST-04010,P007,Office Chair,Furniture,1,614.88,10,614.88,61.49,553.39,Cash,Store
TXN-0107749,2026-08-26,DXB-003,Dubai,CUST-02867,P008,Desk,Furniture,4,806.34,0,3225.37,0.0,3225.37,Cash,Store
TXN-0107757,2026-08-26,DXB-004,Dubai,CUST-05850,P008,Desk,Furniture,1,796.28,10,796.28,79.63,716.66,Card,Online
TXN-0107773,2026-08-26,DXB-002,Dubai,CUST-04020,P015,Tablet,Electronics,2,1321.23,15,2642.45,396.37,2246.08,Card,Store
TXN-0107897,2026-08-26,DXB-002,Dubai,CUST-05025,P007,Office Chair,Furniture,1,656.75,10,656.75,65.68,591.08,Bank Transfer,Store
TXN-0107986,2026-08-26,DXB-004,Dubai,CUST-02336,P007,Office Chair,Furniture,1,676.21,0,676.21,0.0,676.21,Apple Pay,Store
TXN-0108007,2026-08-26,DXB-004,Dubai,CUST-06162,P001,Laptop,Electronics,1,2979.95,0,2979.95,0.0,2979.95,Card,Online
TXN-0108027,2026-08-26,DXB-003,Dubai,CUST-02462,P013,USB Drive,Accessories,1,43.14,5,43.14,2.16,40.98,Card,Online
TXN-0108093,2026-08-26,DXB-001,Dubai,CUST-05211,P006,Mouse,Accessories,1,104.19,0,104.19,0.0,104.19,Bank Transfer,Store
TXN-0108123,2026-08-26,DXB-002,Dubai,CUST-06220,P001,Laptop,Electronics,1,2836.71,0,2836.71,0.0,2836.71,Card,Store
TXN-0108230,2026-08-26,DXB-003,Dubai,CUST-00050,P014,Power Bank,Electronics,3,149.38,5,448.14,22.41,425.73,Card,Online
TXN-0108251,2026-08-26,DXB-001,Dubai,CUST-07024,P015,Tablet,Electronics,3,1110.95,0,3332.86,0.0,3332.86,Apple Pay,Store
TXN-0108358,2026-08-26,DXB-001,Dubai,CUST-07635,P009,Backpack,Accessories,1,234.54,0,234.54,0.0,234.54,Card,Store
TXN-0108434,2026-08-26,DXB-003,Dubai,CUST-03825,P002,Smartphone,Electronics,1,1682.92,10,1682.92,168.29,1514.63,Cash,Store
TXN-0108546,2026-08-26,DXB-001,Dubai,CUST-01332,P001,Laptop,Electronics,3,2858.12,0,8574.35,0.0,8574.35,Card,Store
TXN-0108608,2026-08-26,DXB-005,Dubai,CUST-06082,P011,Notebook,Stationery,3,25.41,5,76.24,3.81,72.43,Card,Online
TXN-0108611,2026-08-26,DXB-001,Dubai,CUST-06636,P010,Printer,Office,1,669.79,5,669.79,33.49,636.3,Card,Store
TXN-0108639,2026-08-26,DXB-004,Dubai,CUST-01592,P010,Printer,Office,1,682.27,5,682.27,34.11,648.16,Card,Online
TXN-0108647,2026-08-26,DXB-005,Dubai,CUST-03172,P014,Power Bank,Electronics,1,143.9,20,143.9,28.78,115.12,Apple Pay,Store
TXN-0108731,2026-08-26,DXB-005,Dubai,CUST-00197,P004,Monitor,Electronics,1,905.69,0,905.69,0.0,905.69,Card,Online
TXN-0108841,2026-08-26,DXB-003,Dubai,CUST-03933,P011,Notebook,Stationery,1,25.89,0,25.89,0.0,25.89,Card,Store
TXN-0108852,2026-08-26,DXB-001,Dubai,CUST-04886,P006,Mouse,Accessories,1,103.38,10,103.38,10.34,93.04,Cash,Store
TXN-0108906,2026-08-26,DXB-001,Dubai,CUST-00189,P009,Backpack,Accessories,2,234.17,15,468.34,70.25,398.09,Cash,Store
TXN-0108995,2026-08-26,DXB-003,Dubai,CUST-02640,P002,Smartphone,Electronics,2,1691.41,5,3382.82,169.14,3213.68,Bank Transfer,Store
TXN-0109091,2026-08-26,DXB-005,Dubai,CUST-05087,P009,Backpack,Accessories,2,229.68,10,459.37,45.94,413.43,Apple Pay,Online
TXN-0109182,2026-08-26,DXB-002,Dubai,CUST-04728,P015,Tablet,Electronics,1,1244.19,0,1244.19,0.0,1244.19,Card,Online
TXN-0109315,2026-08-26,DXB-001,Dubai,CUST-06795,P006,Mouse,Accessories,1,102.77,5,102.77,5.14,97.63,Cash,Store
TXN-0109422,2026-08-26,DXB-002,Dubai,CUST-05481,P015,Tablet,Electronics,4,1178.69,15,4714.78,707.22,4007.56,Card,Store
TXN-0109464,2026-08-26,DXB-003,Dubai,CUST-04731,P008,Desk,Furniture,1,857.7,0,857.7,0.0,857.7,Bank Transfer,Store
TXN-0109574,2026-08-26,DXB-005,Dubai,CUST-03558,P014,Power Bank,Electronics,1,136.41,10,136.41,13.64,122.77,Cash,Store
TXN-0109584,2026-08-26,DXB-004,Dubai,CUST-06418,P012,Pen Pack,Stationery,1,14.99,5,14.99,0.75,14.24,Card,Store
TXN-0109614,2026-08-26,DXB-003,Dubai,CUST-04781,P001,Laptop,Electronics,3,2770.92,10,8312.75,831.28,7481.48,Card,Store
TXN-0109680,2026-08-26,DXB-002,Dubai,CUST-04397,P003,Headphones,Electronics,1,350.17,5,350.17,17.51,332.66,Bank Transfer,Store
TXN-0109796,2026-08-26,DXB-001,Dubai,CUST-04065,P008,Desk,Furniture,1,799.07,0,799.07,0.0,799.07,Card,Store
TXN-0109870,2026-08-26,DXB-001,Dubai,CUST-06141,P010,Printer,Office,1,746.19,5,746.19,37.31,708.88,Apple Pay,Store
TXN-0109874,2026-08-26,DXB-003,Dubai,CUST-02981,P005,Keyboard,Accessories,1,170.0,0,170.0,0.0,170.0,Apple Pay,Store
TXN-0109891,2026-08-26,DXB-003,Dubai,CUST-06362,P014,Power Bank,Electronics,1,141.28,0,141.28,0.0,141.28,Card,Store
TXN-0109904,2026-08-26,DXB-001,Dubai,CUST-02210,P009,Backpack,Accessories,1,234.25,15,234.25,35.14,199.11,Apple Pay,Store
TXN-0110029,2026-08-26,DXB-003,Dubai,CUST-03495,P011,Notebook,Stationery,1,22.53,0,22.53,0.0,22.53,Bank Transfer,Online
TXN-0110082,2026-08-26,DXB-005,Dubai,CUST-04175,P002,Smartphone,Electronics,2,1808.1,0,3616.2,0.0,3616.2,Card,Store
TXN-0110136,2026-08-26,DXB-004,Dubai,CUST-01692,P012,Pen Pack,Stationery,2,14.11,10,28.22,2.82,25.4,Card,Online
TXN-0110138,2026-08-26,DXB-001,Dubai,CUST-02001,P011,Notebook,Stationery,3,24.9,10,74.7,7.47,67.23,Bank Transfer,Online
TXN-0110301,2026-08-26,DXB-001,Dubai,CUST-01609,P007,Office Chair,Furniture,1,556.28,10,556.28,55.63,500.65,Bank Transfer,Store
TXN-0110314,2026-08-26,DXB-001,Dubai,CUST-00076,P015,Tablet,Electronics,4,1171.25,0,4684.99,0.0,4684.99,Card,Online
TXN-0110561,2026-08-26,DXB-003,Dubai,CUST-00197,P005,Keyboard,Accessories,1,171.76,0,171.76,0.0,171.76,Cash,Store
TXN-0110562,2026-08-26,DXB-002,Dubai,CUST-03146,P009,Backpack,Accessories,5,197.9,15,989.5,148.42,841.07,Card,Store
TXN-0110648,2026-08-26,DXB-003,Dubai,CUST-06326,P006,Mouse,Accessories,1,106.82,10,106.82,10.68,96.14,Card,Store
TXN-0110672,2026-08-26,DXB-005,Dubai,CUST-06517,P004,Monitor,Electronics,1,858.87,10,858.87,85.89,772.98,Card,Online
TXN-0110752,2026-08-26,DXB-003,Dubai,CUST-05790,P013,USB Drive,Accessories,2,44.68,5,89.36,4.47,84.89,Card,Store
TXN-0110764,2026-08-26,DXB-003,Dubai,CUST-05303,P014,Power Bank,Electronics,1,149.35,0,149.35,0.0,149.35,Card,Store
TXN-0110765,2026-08-26,DXB-001,Dubai,CUST-03177,P003,Headphones,Electronics,6,353.54,0,2121.22,0.0,2121.22,Card,Store
TXN-0110838,2026-08-26,DXB-002,Dubai,CUST-01469,P001,Laptop,Electronics,2,2842.3,0,5684.59,0.0,5684.59,Apple Pay,Store
TXN-0110914,2026-08-26,DXB-004,Dubai,CUST-04766,P006,Mouse,Accessories,2,86.19,20,172.39,34.48,137.91,Bank Transfer,Store
TXN-0111093,2026-08-26,DXB-005,Dubai,CUST-02955,P002,Smartphone,Electronics,1,1674.94,10,1674.94,167.49,1507.44,Cash,Online
TXN-0111168,2026-08-26,DXB-005,Dubai,CUST-00095,P015,Tablet,Electronics,3,1194.97,15,3584.9,537.74,3047.17,Card,Online
TXN-0111302,2026-08-26,DXB-004,Dubai,CUST-01776,P007,Office Chair,Furniture,1,647.05,0,647.05,0.0,647.05,Apple Pay,Online
TXN-0111346,2026-08-26,DXB-005,Dubai,CUST-04048,P005,Keyboard,Accessories,4,169.43,0,677.72,0.0,677.72,Card,Online
TXN-0111432,2026-08-26,DXB-005,Dubai,CUST-03044,P001,Laptop,Electronics,1,2783.83,0,2783.83,0.0,2783.83,Card,Online
TXN-0111477,2026-08-26,DXB-004,Dubai,CUST-05701,P008,Desk,Furniture,2,836.19,5,1672.39,83.62,1588.77,Card,Store
TXN-0111507,2026-08-26,DXB-003,Dubai,CUST-01276,P014,Power Bank,Electronics,2,146.14,0,292.28,0.0,292.28,Card,Online
TXN-0111509,2026-08-26,DXB-004,Dubai,CUST-07428,P014,Power Bank,Electronics,1,155.85,0,155.85,0.0,155.85,Card,Online
TXN-0111539,2026-08-26,DXB-004,Dubai,CUST-03286,P008,Desk,Furniture,2,775.24,5,1550.48,77.52,1472.95,Bank Transfer,Store
TXN-0111702,2026-08-26,DXB-001,Dubai,CUST-03617,P002,Smartphone,Electronics,3,1892.19,5,5676.57,283.83,5392.74,Cash,Online
TXN-0111750,2026-08-26,DXB-003,Dubai,CUST-07882,P012,Pen Pack,Stationery,2,15.28,0,30.56,0.0,30.56,Card,Store
TXN-0111808,2026-08-26,DXB-004,Dubai,CUST-07565,P013,USB Drive,Accessories,2,46.26,0,92.53,0.0,92.53,Apple Pay,Store
TXN-0111852,2026-08-26,DXB-002,Dubai,CUST-01637,P007,Office Chair,Furniture,1,660.94,0,660.94,0.0,660.94,Card,Store
TXN-0111863,2026-08-26,DXB-001,Dubai,CUST-06722,P011,Notebook,Stationery,1,24.02,0,24.02,0.0,24.02,Bank Transfer,Store
TXN-0111957,2026-08-26,DXB-003,Dubai,CUST-01592,P010,Printer,Office,1,694.8,0,694.8,0.0,694.8,Card,Store
TXN-0112021,2026-08-26,DXB-003,Dubai,CUST-06476,P013,USB Drive,Accessories,1,42.1,0,42.1,0.0,42.1,Card,Store
TXN-0112054,2026-08-26,DXB-005,Dubai,CUST-07368,P014,Power Bank,Electronics,2,157.52,0,315.03,0.0,315.03,Card,Store
TXN-0112093,2026-08-26,DXB-002,Dubai,CUST-00466,P011,Notebook,Stationery,4,23.22,15,92.87,13.93,78.94,Card,Store
TXN-0112171,2026-08-26,DXB-005,Dubai,CUST-07416,P007,Office Chair,Furniture,1,649.37,15,649.37,97.41,551.97,Cash,Online
TXN-0112178,2026-08-26,DXB-001,Dubai,CUST-01579,P001,Laptop,Electronics,1,2754.66,10,2754.66,275.47,2479.2,Card,Store
TXN-0112201,2026-08-26,DXB-001,Dubai,CUST-00959,P004,Monitor,Electronics,1,883.91,5,883.91,44.2,839.72,Card,Online
TXN-0112351,2026-08-26,DXB-001,Dubai,CUST-02544,P015,Tablet,Electronics,4,1074.53,5,4298.11,214.91,4083.21,Card,Store
TXN-0112356,2026-08-26,DXB-004,Dubai,CUST-06629,P014,Power Bank,Electronics,1,139.93,5,139.93,7.0,132.93,Card,Online
TXN-0112594,2026-08-26,DXB-001,Dubai,CUST-04884,P014,Power Bank,Electronics,3,143.91,10,431.74,43.17,388.56,Card,Store
TXN-0112631,2026-08-26,DXB-005,Dubai,CUST-07536,P001,Laptop,Electronics,3,2854.01,15,8562.04,1284.31,7277.73,Cash,Store
TXN-0112689,2026-08-26,DXB-001,Dubai,CUST-05926,P010,Printer,Office,1,666.92,0,666.92,0.0,666.92,Cash,Store
TXN-0112702,2026-08-26,DXB-005,Dubai,CUST-05752,P010,Printer,Office,1,697.09,0,697.09,0.0,697.09,Card,Online
TXN-0112724,2026-08-26,DXB-004,Dubai,CUST-00564,P014,Power Bank,Electronics,5,132.44,0,662.22,0.0,662.22,Apple Pay,Store
TXN-0112730,2026-08-26,DXB-004,Dubai,CUST-06780,P008,Desk,Furniture,1,795.61,0,795.61,0.0,795.61,Card,Store
TXN-0112884,2026-08-26,DXB-001,Dubai,CUST-00258,P002,Smartphone,Electronics,3,1814.25,5,5442.76,272.14,5170.62,Card,Online
TXN-0112959,2026-08-26,DXB-001,Dubai,CUST-07986,P010,Printer,Office,3,703.36,15,2110.08,316.51,1793.57,Card,Store
TXN-0112988,2026-08-26,DXB-005,Dubai,CUST-04964,P001,Laptop,Electronics,1,2589.15,10,2589.15,258.92,2330.24,Card,Online
TXN-0113029,2026-08-26,DXB-001,Dubai,CUST-06499,P010,Printer,Office,1,660.17,10,660.17,66.02,594.16,Card,Store
TXN-0113055,2026-08-26,DXB-001,Dubai,CUST-07206,P014,Power Bank,Electronics,5,156.12,15,780.59,117.09,663.5,Bank Transfer,Online
TXN-0113170,2026-08-26,DXB-003,Dubai,CUST-03344,P014,Power Bank,Electronics,2,127.21,10,254.42,25.44,228.98,Apple Pay,Online
TXN-0113179,2026-08-26,DXB-004,Dubai,CUST-07353,P005,Keyboard,Accessories,1,189.17,10,189.17,18.92,170.25,Apple Pay,Online
TXN-0113181,2026-08-26,DXB-003,Dubai,CUST-00543,P009,Backpack,Accessories,4,239.41,0,957.65,0.0,957.65,Card,Store
TXN-0113282,2026-08-26,DXB-004,Dubai,CUST-04632,P001,Laptop,Electronics,1,2578.34,0,2578.34,0.0,2578.34,Card,Store
TXN-0113328,2026-08-26,DXB-002,Dubai,CUST-03780,P014,Power Bank,Electronics,1,148.32,15,148.32,22.25,126.07,Bank Transfer,Store
TXN-0113371,2026-08-26,DXB-004,Dubai,CUST-03211,P002,Smartphone,Electronics,1,1834.06,0,1834.06,0.0,1834.06,Card,Store
TXN-0113382,2026-08-26,DXB-003,Dubai,CUST-03488,P013,USB Drive,Accessories,1,43.18,0,43.18,0.0,43.18,Apple Pay,Online
TXN-0113409,2026-08-26,DXB-002,Dubai,CUST-05151,P001,Laptop,Electronics,2,2895.64,5,5791.29,289.56,5501.73,Card,Store
TXN-0113540,2026-08-26,DXB-004,Dubai,CUST-02952,P005,Keyboard,Accessories,2,173.17,10,346.35,34.63,311.71,Bank Transfer,Store
TXN-0113754,2026-08-26,DXB-004,Dubai,CUST-06330,P005,Keyboard,Accessories,1,169.69,0,169.69,0.0,169.69,Bank Transfer,Online
TXN-0113771,2026-08-26,DXB-001,Dubai,CUST-01002,P008,Desk,Furniture,1,853.46,20,853.46,170.69,682.76,Card,Store
TXN-0113897,2026-08-26,DXB-001,Dubai,CUST-05863,P002,Smartphone,Electronics,1,1914.29,10,1914.29,191.43,1722.86,Card,Store
TXN-0113918,2026-08-26,DXB-005,Dubai,CUST-06583,P002,Smartphone,Electronics,6,1943.06,10,11658.39,1165.84,10492.55,Card,Online
TXN-0113952,2026-08-26,DXB-001,Dubai,CUST-01574,P012,Pen Pack,Stationery,1,15.04,0,15.04,0.0,15.04,Cash,Store
TXN-0114081,2026-08-26,DXB-003,Dubai,CUST-03613,P013,USB Drive,Accessories,2,39.84,15,79.67,11.95,67.72,Card,Store
TXN-0114144,2026-08-26,DXB-004,Dubai,CUST-07850,P003,Headphones,Electronics,1,363.14,5,363.14,18.16,344.98,Card,Store
TXN-0114191,2026-08-26,DXB-004,Dubai,CUST-06650,P012,Pen Pack,Stationery,1,13.57,20,13.57,2.71,10.86,Apple Pay,Online
TXN-0114214,2026-08-26,DXB-001,Dubai,CUST-02304,P003,Headphones,Electronics,1,360.6,10,360.6,36.06,324.54,Cash,Store
TXN-0114229,2026-08-26,DXB-003,Dubai,CUST-01392,P008,Desk,Furniture,1,781.81,0,781.81,0.0,781.81,Cash,Online
TXN-0114276,2026-08-26,DXB-005,Dubai,CUST-02652,P009,Backpack,Accessories,2,196.96,0,393.91,0.0,393.91,Apple Pay,Store
TXN-0114286,2026-08-26,DXB-005,Dubai,CUST-00773,P005,Keyboard,Accessories,4,171.06,0,684.23,0.0,684.23,Card,Store
TXN-0114301,2026-08-26,DXB-003,Dubai,CUST-06739,P005,Keyboard,Accessories,4,186.59,15,746.38,111.96,634.42,Card,Online
TXN-0114333,2026-08-26,DXB-002,Dubai,CUST-06055,P012,Pen Pack,Stationery,3,14.42,10,43.26,4.33,38.94,Card,Online
TXN-0114342,2026-08-26,DXB-001,Dubai,CUST-04052,P013,USB Drive,Accessories,1,42.46,0,42.46,0.0,42.46,Cash,Store
TXN-0114348,2026-08-26,DXB-004,Dubai,CUST-00389,P006,Mouse,Accessories,2,101.66,15,203.31,30.5,172.82,Bank Transfer,Store
TXN-0114363,2026-08-26,DXB-005,Dubai,CUST-07835,P010,Printer,Office,2,616.63,5,1233.27,61.66,1171.6,Apple Pay,Store
TXN-0114384,2026-08-26,DXB-002,Dubai,CUST-04906,P009,Backpack,Accessories,5,213.53,10,1067.64,106.76,960.87,Cash,Store
TXN-0114398,2026-08-26,DXB-002,Dubai,CUST-00265,P009,Backpack,Accessories,1,211.45,10,211.45,21.14,190.3,Apple Pay,Store
TXN-0114422,2026-08-26,DXB-004,Dubai,CUST-06870,P003,Headphones,Electronics,2,333.06,10,666.11,66.61,599.5,Apple Pay,Store
TXN-0114430,2026-08-26,DXB-001,Dubai,CUST-03208,P009,Backpack,Accessories,1,217.73,5,217.73,10.89,206.85,Card,Online
TXN-0114540,2026-08-26,DXB-004,Dubai,CUST-00730,P005,Keyboard,Accessories,1,181.65,0,181.65,0.0,181.65,Cash,Online
TXN-0114542,2026-08-26,DXB-003,Dubai,CUST-00650,P006,Mouse,Accessories,1,98.18,0,98.18,0.0,98.18,Card,Store
TXN-0114544,2026-08-26,DXB-005,Dubai,CUST-07503,P014,Power Bank,Electronics,1,149.21,15,149.21,22.38,126.83,Cash,Store
TXN-0114645,2026-08-26,DXB-004,Dubai,CUST-01493,P009,Backpack,Accessories,2,224.7,10,449.39,44.94,404.46,Apple Pay,Store
TXN-0114723,2026-08-26,DXB-003,Dubai,CUST-04641,P014,Power Bank,Electronics,2,143.97,10,287.94,28.79,259.15,Card,Store
TXN-0114759,2026-08-26,DXB-004,Dubai,CUST-05749,P010,Printer,Office,2,608.47,5,1216.93,60.85,1156.09,Card,Store
TXN-0114805,2026-08-26,DXB-003,Dubai,CUST-06115,P007,Office Chair,Furniture,1,712.15,0,712.15,0.0,712.15,Cash,Store
TXN-0114832,2026-08-26,DXB-004,Dubai,CUST-05281,P005,Keyboard,Accessories,3,161.12,5,483.37,24.17,459.2,Bank Transfer,Store
TXN-0114876,2026-08-26,DXB-005,Dubai,CUST-05598,P011,Notebook,Stationery,2,24.34,10,48.68,4.87,43.81,Bank Transfer,Online
TXN-0114937,2026-08-26,DXB-001,Dubai,CUST-03812,P003,Headphones,Electronics,2,348.01,5,696.01,34.8,661.21,Card,Online
TXN-0114988,2026-08-26,DXB-002,Dubai,CUST-06141,P014,Power Bank,Electronics,2,150.3,5,300.6,15.03,285.57,Apple Pay,Store
TXN-0115034,2026-08-26,DXB-003,Dubai,CUST-05705,P007,Office Chair,Furniture,1,634.01,15,634.01,95.1,538.91,Card,Store
TXN-0115049,2026-08-26,DXB-004,Dubai,CUST-07811,P002,Smartphone,Electronics,1,1714.21,0,1714.21,0.0,1714.21,Cash,Online
TXN-0115228,2026-08-26,DXB-002,Dubai,CUST-02365,P012,Pen Pack,Stationery,2,13.14,0,26.29,0.0,26.29,Cash,Store
TXN-0115273,2026-08-26,DXB-001,Dubai,CUST-04340,P004,Monitor,Electronics,2,864.77,5,1729.53,86.48,1643.06,Card,Store
TXN-0115336,2026-08-26,DXB-003,Dubai,CUST-06967,P014,Power Bank,Electronics,5,147.75,0,738.74,0.0,738.74,Cash,Store
TXN-0115341,2026-08-26,DXB-002,Dubai,CUST-07475,P008,Desk,Furniture,1,770.91,5,770.91,38.55,732.36,Bank Transfer,Store
TXN-0115352,2026-08-26,DXB-001,Dubai,CUST-06087,P007,Office Chair,Furniture,1,625.15,15,625.15,93.77,531.37,Card,Online
TXN-0115405,2026-08-26,DXB-005,Dubai,CUST-06107,P006,Mouse,Accessories,2,100.25,5,200.5,10.03,190.48,Card,Store
TXN-0115488,2026-08-26,DXB-005,Dubai,CUST-02755,P008,Desk,Furniture,3,852.22,15,2556.67,383.5,2173.17,Card,Online
TXN-0115552,2026-08-26,DXB-002,Dubai,CUST-05533,P014,Power Bank,Electronics,1,145.06,0,145.06,0.0,145.06,Card,Online
TXN-0115600,2026-08-26,DXB-004,Dubai,CUST-05945,P008,Desk,Furniture,5,800.31,5,4001.57,200.08,3801.5,Cash,Online
TXN-0115639,2026-08-26,DXB-001,Dubai,CUST-05218,P002,Smartphone,Electronics,2,1740.14,10,3480.27,348.03,3132.25,Card,Store
TXN-0115748,2026-08-26,DXB-001,Dubai,CUST-03368,P011,Notebook,Stationery,1,23.72,5,23.72,1.19,22.54,Card,Store
TXN-0115790,2026-08-26,DXB-001,Dubai,CUST-01857,P006,Mouse,Accessories,2,101.92,10,203.85,20.38,183.46,Card,Online
TXN-0115813,2026-08-26,DXB-003,Dubai,CUST-01541,P007,Office Chair,Furniture,1,685.64,10,685.64,68.56,617.08,Card,Online
TXN-0115950,2026-08-26,DXB-004,Dubai,CUST-02575,P011,Notebook,Stationery,4,28.67,15,114.68,17.2,97.48,Cash,Store
TXN-0115973,2026-08-26,DXB-002,Dubai,CUST-05797,P007,Office Chair,Furniture,4,649.63,5,2598.51,129.93,2468.59,Bank Transfer,Store
TXN-0115989,2026-08-26,DXB-003,Dubai,CUST-01988,P008,Desk,Furniture,1,786.16,10,786.16,78.62,707.54,Bank Transfer,Online
TXN-0116013,2026-08-26,DXB-003,Dubai,CUST-07086,P003,Headphones,Electronics,3,368.39,10,1105.16,110.52,994.65,Bank Transfer,Online
TXN-0116276,2026-08-26,DXB-002,Dubai,CUST-05271,P001,Laptop,Electronics,1,2812.86,5,2812.86,140.64,2672.21,Card,Online
TXN-0116374,2026-08-26,DXB-003,Dubai,CUST-06523,P002,Smartphone,Electronics,2,1654.18,15,3308.36,496.25,2812.1,Cash,Online
TXN-0116377,2026-08-26,DXB-005,Dubai,CUST-05014,P014,Power Bank,Electronics,1,154.65,5,154.65,7.73,146.92,Apple Pay,Online
TXN-0116473,2026-08-26,DXB-002,Dubai,CUST-05064,P014,Power Bank,Electronics,2,144.71,10,289.42,28.94,260.47,Apple Pay,Store
TXN-0116538,2026-08-26,DXB-001,Dubai,CUST-05646,P015,Tablet,Electronics,1,1262.04,5,1262.04,63.1,1198.94,Apple Pay,Store
TXN-0116600,2026-08-26,DXB-003,Dubai,CUST-01785,P014,Power Bank,Electronics,1,155.37,10,155.37,15.54,139.83,Cash,Online
TXN-0116663,2026-08-26,DXB-003,Dubai,CUST-00710,P015,Tablet,Electronics,2,1137.85,10,2275.7,227.57,2048.13,Cash,Store
TXN-0116778,2026-08-26,DXB-002,Dubai,CUST-01069,P014,Power Bank,Electronics,2,135.16,10,270.32,27.03,243.29,Apple Pay,Store
TXN-0116866,2026-08-26,DXB-002,Dubai,CUST-01497,P002,Smartphone,Electronics,1,1719.6,0,1719.6,0.0,1719.6,Card,Store
TXN-0116929,2026-08-26,DXB-002,Dubai,CUST-00716,P002,Smartphone,Electronics,4,1687.77,5,6751.07,337.55,6413.52,Bank Transfer,Store
TXN-0117019,2026-08-26,DXB-001,Dubai,CUST-00464,P004,Monitor,Electronics,1,785.84,15,785.84,117.88,667.97,Card,Store
TXN-0117047,2026-08-26,DXB-004,Dubai,CUST-03092,P012,Pen Pack,Stationery,1,15.37,0,15.37,0.0,15.37,Card,Online
TXN-0117171,2026-08-26,DXB-002,Dubai,CUST-00963,P003,Headphones,Electronics,2,344.09,0,688.18,0.0,688.18,Card,Store
TXN-0117202,2026-08-26,DXB-001,Dubai,CUST-04259,P008,Desk,Furniture,2,798.25,5,1596.51,79.83,1516.68,Apple Pay,Store
TXN-0117323,2026-08-26,DXB-001,Dubai,CUST-00385,P007,Office Chair,Furniture,1,660.77,0,660.77,0.0,660.77,Card,Store
TXN-0117325,2026-08-26,DXB-005,Dubai,CUST-02507,P002,Smartphone,Electronics,2,1891.13,0,3782.26,0.0,3782.26,Cash,Store
TXN-0117327,2026-08-26,DXB-003,Dubai,CUST-01270,P009,Backpack,Accessories,2,216.18,0,432.36,0.0,432.36,Bank Transfer,Store
TXN-0117332,2026-08-26,DXB-001,Dubai,CUST-06978,P002,Smartphone,Electronics,2,1587.68,5,3175.35,158.77,3016.58,Cash,Store
TXN-0117385,2026-08-26,DXB-004,Dubai,CUST-03716,P008,Desk,Furniture,1,837.71,5,837.71,41.89,795.82,Apple Pay,Store
TXN-0117450,2026-08-26,DXB-003,Dubai,CUST-04472,P003,Headphones,Electronics,1,338.81,10,338.81,33.88,304.93,Cash,Store
TXN-0117479,2026-08-26,DXB-003,Dubai,CUST-04598,P006,Mouse,Accessories,3,100.07,5,300.2,15.01,285.19,Apple Pay,Store
TXN-0117504,2026-08-26,DXB-002,Dubai,CUST-04370,P012,Pen Pack,Stationery,1,16.73,20,16.73,3.35,13.38,Card,Store
TXN-0117510,2026-08-26,DXB-005,Dubai,CUST-04008,P003,Headphones,Electronics,1,353.28,0,353.28,0.0,353.28,Apple Pay,Store
TXN-0117535,2026-08-26,DXB-004,Dubai,CUST-02698,P001,Laptop,Electronics,2,2790.95,5,5581.9,279.1,5302.81,Card,Online
TXN-0117864,2026-08-26,DXB-003,Dubai,CUST-06365,P008,Desk,Furniture,3,855.87,0,2567.61,0.0,2567.61,Cash,Store
TXN-0117888,2026-08-26,DXB-003,Dubai,CUST-00859,P004,Monitor,Electronics,1,918.61,5,918.61,45.93,872.68,Card,Store
TXN-0117956,2026-08-26,DXB-003,Dubai,CUST-05399,P014,Power Bank,Electronics,1,144.27,5,144.27,7.21,137.06,Card,Store
TXN-0118066,2026-08-26,DXB-005,Dubai,CUST-03473,P008,Desk,Furniture,1,767.1,5,767.1,38.36,728.75,Card,Online
TXN-0118188,2026-08-26,DXB-001,Dubai,CUST-04805,P001,Laptop,Electronics,3,3201.02,15,9603.07,1440.46,8162.61,Bank Transfer,Online
TXN-0118195,2026-08-26,DXB-001,Dubai,CUST-04239,P011,Notebook,Stationery,1,22.63,0,22.63,0.0,22.63,Apple Pay,Store
TXN-0118445,2026-08-26,DXB-001,Dubai,CUST-01358,P009,Backpack,Accessories,2,211.84,10,423.68,42.37,381.31,Apple Pay,Store
TXN-0118477,2026-08-26,DXB-001,Dubai,CUST-05183,P006,Mouse,Accessories,5,99.32,15,496.62,74.49,422.13,Card,Store
TXN-0118480,2026-08-26,DXB-002,Dubai,CUST-03351,P008,Desk,Furniture,6,745.21,0,4471.25,0.0,4471.25,Card,Store
TXN-0118649,2026-08-26,DXB-001,Dubai,CUST-03379,P011,Notebook,Stationery,5,23.81,5,119.06,5.95,113.11,Apple Pay,Store
TXN-0118695,2026-08-26,DXB-002,Dubai,CUST-06076,P002,Smartphone,Electronics,1,1695.0,10,1695.0,169.5,1525.5,Apple Pay,Store
TXN-0118825,2026-08-26,DXB-002,Dubai,CUST-07520,P003,Headphones,Electronics,2,357.77,10,715.54,71.55,643.99,Card,Store
TXN-0119027,2026-08-26,DXB-004,Dubai,CUST-02779,P002,Smartphone,Electronics,6,1844.79,15,11068.72,1660.31,9408.41,Apple Pay,Online
TXN-0119137,2026-08-26,DXB-001,Dubai,CUST-01733,P010,Printer,Office,1,679.47,5,679.47,33.97,645.5,Apple Pay,Online
TXN-0119140,2026-08-26,DXB-002,Dubai,CUST-03916,P013,USB Drive,Accessories,2,45.16,10,90.31,9.03,81.28,Card,Store
TXN-0119153,2026-08-26,DXB-002,Dubai,CUST-02566,P003,Headphones,Electronics,2,292.12,0,584.24,0.0,584.24,Apple Pay,Online
TXN-0119196,2026-08-26,DXB-001,Dubai,CUST-01640,P014,Power Bank,Electronics,4,148.76,0,595.03,0.0,595.03,Apple Pay,Store
TXN-0119228,2026-08-26,DXB-004,Dubai,CUST-07189,P013,USB Drive,Accessories,1,44.86,0,44.86,0.0,44.86,Apple Pay,Store
TXN-0119231,2026-08-26,DXB-001,Dubai,CUST-01495,P009,Backpack,Accessories,3,217.53,15,652.59,97.89,554.7,Cash,Store
TXN-0119275,2026-08-26,DXB-002,Dubai,CUST-03086,P006,Mouse,Accessories,6,98.18,15,589.1,88.37,500.74,Bank Transfer,Store
TXN-0119286,2026-08-26,DXB-003,Dubai,CUST-06907,P014,Power Bank,Electronics,1,164.93,0,164.93,0.0,164.93,Cash,Store
TXN-0119402,2026-08-26,DXB-002,Dubai,CUST-05295,P001,Laptop,Electronics,2,2953.49,10,5906.97,590.7,5316.28,Apple Pay,Online
TXN-0119524,2026-08-26,DXB-002,Dubai,CUST-07483,P004,Monitor,Electronics,1,938.52,0,938.52,0.0,938.52,Cash,Store
TXN-0119638,2026-08-26,DXB-002,Dubai,CUST-04608,P001,Laptop,Electronics,4,2639.91,0,10559.64,0.0,10559.64,Card,Store
TXN-0119669,2026-08-26,DXB-003,Dubai,CUST-01273,P010,Printer,Office,1,680.07,0,680.07,0.0,680.07,Cash,Online
TXN-0119698,2026-08-26,DXB-001,Dubai,CUST-04022,P010,Printer,Office,1,721.6,0,721.6,0.0,721.6,Cash,Store
TXN-0119810,2026-08-26,DXB-004,Dubai,CUST-02403,P005,Keyboard,Accessories,6,171.97,5,1031.84,51.59,980.25,Cash,Online
TXN-0119920,2026-08-26,DXB-001,Dubai,CUST-01231,P015,Tablet,Electronics,1,1171.94,15,1171.94,175.79,996.15,Card,Online
TXN-0119940,2026-08-26,DXB-003,Dubai,CUST-01588,P014,Power Bank,Electronics,1,147.24,5,147.24,7.36,139.88,Apple Pay,Store
TXN-0119942,2026-08-26,DXB-002,Dubai,CUST-01752,P010,Printer,Office,6,708.99,0,4253.96,0.0,4253.96,Card,Store
TXN-0119989,2026-08-26,DXB-003,Dubai,CUST-04330,P014,Power Bank,Electronics,2,138.16,10,276.32,27.63,248.69,Card,Online
TXN-0119990,2026-08-26,DXB-001,Dubai,CUST-02408,P007,Office Chair,Furniture,3,619.13,5,1857.4,92.87,1764.53,Cash,Store
