transaction_id,transaction_date,store_id,region,customer_id,product_id,product_name,category,quantity,unit_price,discount_pct,gross_amount,discount_amount,net_revenue,payment_method,sales_channel
TXN-0000027,2026-08-22,DXB-003,Dubai,CUST-01765,P003,Headphones,Electronics,2,349.84,10,699.68,69.97,629.71,Card,Store
TXN-0000164,2026-08-22,DXB-004,Dubai,CUST-02781,P007,Office Chair,Furniture,1,616.99,5,616.99,30.85,586.14,Bank Transfer,Online
TXN-0000440,2026-08-22,DXB-002,Dubai,CUST-05641,P004,Monitor,Electronics,1,878.99,5,878.99,43.95,835.04,Cash,Store
TXN-0000552,2026-08-22,DXB-003,Dubai,CUST-03448,P014,Power Bank,Electronics,2,156.44,15,312.88,46.93,265.95,Cash,Online
TXN-0000585,2026-08-22,DXB-004,Dubai,CUST-04926,P014,Power Bank,Electronics,1,172.8,10,172.8,17.28,155.52,Cash,Store
TXN-0000687,2026-08-22,DXB-003,Dubai,CUST-04647,P009,Backpack,Accessories,3,217.3,10,651.89,65.19,586.71,Card,Online
TXN-0000809,2026-08-22,DXB-002,Dubai,CUST-06379,P015,Tablet,Electronics,1,1300.62,0,1300.62,0.0,1300.62,Apple Pay,Store
TXN-0000942,2026-08-22,DXB-002,Dubai,CUST-02816,P002,Smartphone,Electronics,1,1874.25,15,1874.25,281.14,1593.11,Card,Store
TXN-0000957,2026-08-22,DXB-001,Dubai,CUST-04106,P003,Headphones,Electronics,5,360.5,10,1802.48,180.25,1622.23,Card,Store
TXN-0001094,2026-08-22,DXB-004,Dubai,CUST-07743,P007,Office Chair,Furniture,3,653.89,0,1961.67,0.0,1961.67,Card,Online
TXN-0001131,2026-08-22,DXB-005,Dubai,CUST-03881,P011,Notebook,Stationery,2,23.82,5,47.65,2.38,45.26,Bank Transfer,Store
TXN-0001168,2026-08-22,DXB-003,Dubai,CUST-01575,P001,Laptop,Electronics,4,2851.57,10,11406.29,1140.63,10265.66,Card,Store
TXN-0001173,2026-08-22,DXB-001,Dubai,CUST-04602,P012,Pen Pack,Stationery,3,14.74,15,44.23,6.63,37.59,Apple Pay,Store
TXN-0001283,2026-08-22,DXB-004,Dubai,CUST-05724,P014,Power Bank,Electronics,1,155.95,0,155.95,0.0,155.95,Apple Pay,Store
TXN-0001302,2026-08-22,DXB-001,Dubai,CUST-05443,P003,Headphones,Electronics,4,360.06,5,1440.23,72.01,1368.22,Apple Pay,Store
TXN-0001320,2026-08-22,DXB-003,Dubai,CUST-07675,P004,Monitor,Electronics,2,1036.33,5,2072.65,103.63,1969.02,Cash,Store
TXN-0001352,2026-08-22,DXB-001,Dubai,CUST-07803,P001,Laptop,Electronics,3,3307.9,20,9923.71,1984.74,7938.97,Card,Online
TXN-0001478,2026-08-22,DXB-002,Dubai,CUST-06610,P001,Laptop,Electronics,1,2801.52,0,2801.52,0.0,2801.52,Cash,Store
TXN-0001666,2026-08-22,DXB-003,Dubai,CUST-06061,P007,Office Chair,Furniture,2,615.05,0,1230.09,0.0,1230.09,Apple Pay,Online
TXN-0001694,2026-08-22,DXB-005,Dubai,CUST-06741,P014,Power Bank,Electronics,1,141.97,10,141.97,14.2,127.78,Card,Store
TXN-0001754,2026-08-22,DXB-001,Dubai,CUST-00301,P003,Headphones,Electronics,2,345.4,5,690.79,34.54,656.25,Apple Pay,Online
TXN-0001774,2026-08-22,DXB-001,Dubai,CUST-05066,P015,Tablet,Electronics,2,1329.7,0,2659.4,0.0,2659.4,Bank Transfer,Online
TXN-0001847,2026-08-22,DXB-003,Dubai,CUST-05170,P001,Laptop,Electronics,1,2772.49,10,2772.49,277.25,2495.24,Card,Store
TXN-0001866,2026-08-22,DXB-004,Dubai,CUST-04703,P001,Laptop,Electronics,3,2890.46,15,8671.37,1300.71,7370.66,Card,Store
TXN-0001921,2026-08-22,DXB-001,Dubai,CUST-03474,P005,Keyboard,Accessories,3,185.15,5,555.45,27.77,527.68,Cash,Online
TXN-0001956,2026-08-22,DXB-003,Dubai,CUST-04378,P005,Keyboard,Accessories,2,168.01,15,336.03,50.4,285.62,Bank Transfer,Store
TXN-0002003,2026-08-22,DXB-002,Dubai,CUST-03774,P010,Printer,Office,2,712.55,5,1425.09,71.25,1353.84,Apple Pay,Store
TXN-0002012,2026-08-22,DXB-002,Dubai,CUST-01115,P009,Backpack,Accessories,2,213.78,5,427.57,21.38,406.19,Card,Store
TXN-0002059,2026-08-22,DXB-004,Dubai,CUST-02371,P002,Smartphone,Electronics,1,1651.71,0,1651.71,0.0,1651.71,Cash,Store
TXN-0002060,2026-08-22,DXB-002,Dubai,CUST-02112,P007,Office Chair,Furniture,1,711.88,5,711.88,35.59,676.29,Cash,Online
TXN-0002073,2026-08-22,DXB-005,Dubai,CUST-06792,P014,Power Bank,Electronics,3,139.69,0,419.06,0.0,419.06,Cash,Online
TXN-0002134,2026-08-22,DXB-003,Dubai,CUST-03735,P014,Power Bank,Electronics,1,151.28,15,151.28,22.69,128.58,Card,Store
TXN-0002140,2026-08-22,DXB-001,Dubai,CUST-04298,P008,Desk,Furniture,2,730.25,0,1460.51,0.0,1460.51,Bank Transfer,Store
TXN-0002163,2026-08-22,DXB-003,Dubai,CUST-01217,P004,Monitor,Electronics,1,892.75,5,892.75,44.64,848.11,Apple Pay,Store
TXN-0002216,2026-08-22,DXB-001,Dubai,CUST-00999,P004,Monitor,Electronics,1,852.08,5,852.08,42.6,809.48,Cash,Store
TXN-0002225,2026-08-22,DXB-005,Dubai,CUST-03550,P001,Laptop,Electronics,2,2572.7,0,5145.4,0.0,5145.4,Card,Store
TXN-0002291,2026-08-22,DXB-002,Dubai,CUST-07369,P004,Monitor,Electronics,4,924.58,5,3698.31,184.92,3513.39,Card,Online
TXN-0002342,2026-08-22,DXB-001,Dubai,CUST-02306,P003,Headphones,Electronics,1,378.04,10,378.04,37.8,340.23,Card,Store
TXN-0002374,2026-08-22,DXB-003,Dubai,CUST-00101,P006,Mouse,Accessories,3,100.99,10,302.97,30.3,272.67,Card,Online
TXN-0002384,2026-08-22,DXB-002,Dubai,CUST-01751,P015,Tablet,Electronics,2,1200.39,10,2400.78,240.08,2160.7,Apple Pay,Online
TXN-0002509,2026-08-22,DXB-002,Dubai,CUST-06238,P008,Desk,Furniture,1,814.39,20,814.39,162.88,651.51,Cash,Store
TXN-0002524,2026-08-22,DXB-001,Dubai,CUST-01740,P001,Laptop,Electronics,3,3055.89,10,9167.66,916.77,8250.9,Card,Store
TXN-0002546,2026-08-22,DXB-002,Dubai,CUST-05245,P008,Desk,Furniture,2,840.57,10,1681.14,168.11,1513.03,Apple Pay,Store
TXN-0002574,2026-08-22,DXB-002,Dubai,CUST-00905,P009,Backpack,Accessories,2,208.64,5,417.28,20.86,396.41,Card,Store
TXN-0002600,2026-08-22,DXB-004,Dubai,CUST-07875,P001,Laptop,Electronics,4,2875.4,10,11501.59,1150.16,10351.43,Cash,Online
TXN-0002622,2026-08-22,DXB-001,Dubai,CUST-02742,P011,Notebook,Stationery,2,25.49,5,50.99,2.55,48.44,Card,Store
TXN-0002683,2026-08-22,DXB-002,Dubai,CUST-00428,P010,Printer,Office,1,737.0,10,737.0,73.7,663.3,Card,Online
TXN-0002746,2026-08-22,DXB-002,Dubai,CUST-00793,P007,Office Chair,Furniture,3,611.94,0,1835.82,0.0,1835.82,Card,Store
TXN-0002800,2026-08-22,DXB-003,Dubai,CUST-05990,P008,Desk,Furniture,2,748.03,0,1496.06,0.0,1496.06,Cash,Online
TXN-0002852,2026-08-22,DXB-001,Dubai,CUST-00538,P002,Smartphone,Electronics,1,1881.69,5,1881.69,94.08,1787.6,Card,Store
TXN-0002915,2026-08-22,DXB-003,Dubai,CUST-05093,P002,Smartphone,Electronics,1,1746.16,10,1746.16,174.62,1571.54,Card,Store
TXN-0003041,2026-08-22,DXB-003,Dubai,CUST-02552,P001,Laptop,Electronics,1,2867.28,0,2867.28,0.0,2867.28,Cash,Store
TXN-0003059,2026-08-22,DXB-001,Dubai,CUST-05594,P004,Monitor,Electronics,2,869.49,0,1738.98,0.0,1738.98,Bank Transfer,Online
TXN-0003092,2026-08-22,DXB-003,Dubai,CUST-06060,P015,Tablet,Electronics,1,1172.73,0,1172.73,0.0,1172.73,Bank Transfer,Store
TXN-0003142,2026-08-22,DXB-002,Dubai,CUST-02348,P002,Smartphone,Electronics,1,1720.86,20,1720.86,344.17,1376.69,Card,Store
TXN-0003166,2026-08-22,DXB-003,Dubai,CUST-03497,P009,Backpack,Accessories,1,198.46,0,198.46,0.0,198.46,Card,Online
TXN-0003188,2026-08-22,DXB-001,Dubai,CUST-02278,P011,Notebook,Stationery,2,25.71,0,51.41,0.0,51.41,Card,Store
TXN-0003250,2026-08-22,DXB-005,Dubai,CUST-01127,P004,Monitor,Electronics,6,893.13,5,5358.8,267.94,5090.86,Apple Pay,Store
TXN-0003274,2026-08-22,DXB-004,Dubai,CUST-07785,P004,Monitor,Electronics,6,873.78,0,5242.71,0.0,5242.71,Apple Pay,Store
TXN-0003291,2026-08-22,DXB-001,Dubai,CUST-02009,P011,Notebook,Stationery,2,28.12,10,56.25,5.62,50.62,Card,Online
TXN-0003312,2026-08-22,DXB-003,Dubai,CUST-07845,P007,Office Chair,Furniture,2,641.92,10,1283.84,128.38,1155.46,Card,Store
TXN-0003315,2026-08-22,DXB-005,Dubai,CUST-07953,P002,Smartphone,Electronics,2,1880.08,5,3760.17,188.01,3572.16,Apple Pay,Store
TXN-0003318,2026-08-22,DXB-001,Dubai,CUST-01004,P010,Printer,Office,1,658.33,0,658.33,0.0,658.33,Bank Transfer,Store
TXN-0003329,2026-08-22,DXB-001,Dubai,CUST-04491,P005,Keyboard,Accessories,6,186.29,5,1117.71,55.89,1061.83,Bank Transfer,Online
TXN-0003380,2026-08-22,DXB-002,Dubai,CUST-00832,P013,USB Drive,Accessories,2,43.74,15,87.48,13.12,74.36,Card,Store
TXN-0003405,2026-08-22,DXB-005,Dubai,CUST-07980,P006,Mouse,Accessories,2,98.1,10,196.19,19.62,176.57,Card,Online
TXN-0003460,2026-08-22,DXB-004,Dubai,CUST-05007,P006,Mouse,Accessories,1,103.3,5,103.3,5.17,98.14,Apple Pay,Store
TXN-0003691,2026-08-22,DXB-001,Dubai,CUST-01391,P004,Monitor,Electronics,1,883.48,5,883.48,44.17,839.31,Apple Pay,Online
TXN-0003695,2026-08-22,DXB-005,Dubai,CUST-00440,P013,USB Drive,Accessories,3,46.41,5,139.23,6.96,132.27,Cash,Online
TXN-0003733,2026-08-22,DXB-004,Dubai,CUST-07536,P014,Power Bank,Electronics,4,146.55,0,586.2,0.0,586.2,Card,Store
TXN-0004052,2026-08-22,DXB-002,Dubai,CUST-05148,P003,Headphones,Electronics,1,371.62,5,371.62,18.58,353.04,Card,Store
TXN-0004150,2026-08-22,DXB-003,Dubai,CUST-01422,P009,Backpack,Accessories,2,217.08,20,434.17,86.83,347.33,Apple Pay,Store
TXN-0004161,2026-08-22,DXB-004,Dubai,CUST-06776,P011,Notebook,Stationery,1,24.57,5,24.57,1.23,23.34,Apple Pay,Store
TXN-0004162,2026-08-22,DXB-004,Dubai,CUST-07321,P003,Headphones,Electronics,2,317.73,10,635.46,63.55,571.91,Card,Online
TXN-0004175,2026-08-22,DXB-005,Dubai,CUST-07568,P002,Smartphone,Electronics,1,1930.58,15,1930.58,289.59,1640.99,Cash,Store
TXN-0004326,2026-08-22,DXB-004,Dubai,CUST-01994,P001,Laptop,Electronics,1,2956.45,0,2956.45,0.0,2956.45,Cash,Store
TXN-0004403,2026-08-22,DXB-005,Dubai,CUST-01039,P011,Notebook,Stationery,3,26.29,5,78.87,3.94,74.93,Cash,Store
TXN-0004471,2026-08-22,DXB-003,Dubai,CUST-02981,P009,Backpack,Accessories,1,209.4,0,209.4,0.0,209.4,Card,Store
TXN-0004625,2026-08-22,DXB-002,Dubai,CUST-02981,P010,Printer,Office,5,714.09,0,3570.43,0.0,3570.43,Card,Store
TXN-0004646,2026-08-22,DXB-002,Dubai,CUST-06571,P015,Tablet,Electronics,2,1316.06,15,2632.11,394.82,2237.3,Apple Pay,Online
TXN-0004651,2026-08-22,DXB-004,Dubai,CUST-00626,P005,Keyboard,Accessories,3,183.45,15,550.36,82.55,467.81,Card,Store
TXN-0004719,2026-08-22,DXB-004,Dubai,CUST-04463,P004,Monitor,Electronics,1,922.33,15,922.33,138.35,783.98,Bank Transfer,Store
TXN-0004795,2026-08-22,DXB-005,Dubai,CUST-01263,P004,Monitor,Electronics,1,851.47,5,851.47,42.57,808.9,Card,Store
TXN-0004799,2026-08-22,DXB-002,Dubai,CUST-00855,P009,Backpack,Accessories,5,207.05,10,1035.23,103.52,931.71,Card,Store
TXN-0004809,2026-08-22,DXB-005,Dubai,CUST-04318,P002,Smartphone,Electronics,5,1645.06,5,8225.28,411.26,7814.01,Apple Pay,Store
TXN-0004833,2026-08-22,DXB-002,Dubai,CUST-02005,P001,Laptop,Electronics,1,3009.47,20,3009.47,601.89,2407.57,Card,Store
TXN-0004896,2026-08-22,DXB-003,Dubai,CUST-00340,P013,USB Drive,Accessories,1,42.02,5,42.02,2.1,39.92,Card,Store
TXN-0004927,2026-08-22,DXB-002,Dubai,CUST-07550,P002,Smartphone,Electronics,1,1796.77,5,1796.77,89.84,1706.93,Cash,Store
TXN-0004984,2026-08-22,DXB-003,Dubai,CUST-00293,P007,Office Chair,Furniture,2,632.78,0,1265.57,0.0,1265.57,Cash,Online
TXN-0005043,2026-08-22,DXB-003,Dubai,CUST-02724,P002,Smartphone,Electronics,2,1825.69,0,3651.39,0.0,3651.39,Card,Online
TXN-0005132,2026-08-22,DXB-003,Dubai,CUST-05263,P001,Laptop,Electronics,2,2789.22,0,5578.44,0.0,5578.44,Bank Transfer,Store
TXN-0005180,2026-08-22,DXB-002,Dubai,CUST-06683,P012,Pen Pack,Stationery,1,15.04,5,15.04,0.75,14.29,Card,Store
TXN-0005196,2026-08-22,DXB-002,Dubai,CUST-02461,P015,Tablet,Electronics,2,1290.47,0,2580.95,0.0,2580.95,Cash,Store
TXN-0005307,2026-08-22,DXB-003,Dubai,CUST-02338,P013,USB Drive,Accessories,1,47.85,5,47.85,2.39,45.46,Card,Store
TXN-0005314,2026-08-22,DXB-004,Dubai,CUST-04316,P008,Desk,Furniture,1,767.84,10,767.84,76.78,691.05,Card,Store
TXN-0005324,2026-08-22,DXB-005,Dubai,CUST-04999,P003,Headphones,Electronics,2,324.89,10,649.79,64.98,584.81,Apple Pay,Store
TXN-0005326,2026-08-22,DXB-001,Dubai,CUST-04331,P006,Mouse,Accessories,1,110.44,5,110.44,5.52,104.92,Card,Online
TXN-0005333,2026-08-22,DXB-004,Dubai,CUST-05834,P012,Pen Pack,Stationery,1,15.36,5,15.36,0.77,14.6,Apple Pay,Store
TXN-0005339,2026-08-22,DXB-001,Dubai,CUST-06446,P011,Notebook,Stationery,1,26.16,15,26.16,3.92,22.23,Card,Store
TXN-0005346,2026-08-22,DXB-004,Dubai,CUST-07218,P007,Office Chair,Furniture,1,624.55,10,624.55,62.46,562.1,Card,Store
TXN-0005398,2026-08-22,DXB-004,Dubai,CUST-07409,P009,Backpack,Accessories,1,220.44,5,220.44,11.02,209.42,Apple Pay,Store
TXN-0005437,2026-08-22,DXB-001,Dubai,CUST-07781,P009,Backpack,Accessories,1,238.19,5,238.19,11.91,226.28,Card,Store
TXN-0005458,2026-08-22,DXB-005,Dubai,CUST-06176,P007,Office Chair,Furniture,1,670.35,10,670.35,67.03,603.31,Apple Pay,Store
TXN-0005511,2026-08-22,DXB-005,Dubai,CUST-00554,P015,Tablet,Electronics,1,1167.01,0,1167.01,0.0,1167.01,Card,Store
TXN-0005756,2026-08-22,DXB-001,Dubai,CUST-02114,P012,Pen Pack,Stationery,1,15.12,5,15.12,0.76,14.36,Card,Store
TXN-0005777,2026-08-22,DXB-004,Dubai,CUST-04888,P004,Monitor,Electronics,1,887.89,0,887.89,0.0,887.89,Bank Transfer,Online
TXN-0005793,2026-08-22,DXB-002,Dubai,CUST-00272,P001,Laptop,Electronics,1,2989.44,5,2989.44,149.47,2839.96,Card,Store
TXN-0005795,2026-08-22,DXB-005,Dubai,CUST-02632,P012,Pen Pack,Stationery,4,15.92,5,63.68,3.18,60.5,Card,Online
TXN-0005819,2026-08-22,DXB-003,Dubai,CUST-07131,P010,Printer,Office,1,726.65,5,726.65,36.33,690.32,Card,Store
TXN-0005951,2026-08-22,DXB-003,Dubai,CUST-07366,P004,Monitor,Electronics,1,870.76,10,870.76,87.08,783.69,Apple Pay,Online
TXN-0006011,2026-08-22,DXB-004,Dubai,CUST-05263,P007,Office Chair,Furniture,1,669.75,10,669.75,66.97,602.77,Bank Transfer,Store
TXN-0006041,2026-08-22,DXB-001,Dubai,CUST-01238,P012,Pen Pack,Stationery,1,14.35,20,14.35,2.87,11.48,Apple Pay,Store
TXN-0006042,2026-08-22,DXB-002,Dubai,CUST-04962,P013,USB Drive,Accessories,2,45.17,0,90.34,0.0,90.34,Card,Store
TXN-0006053,2026-08-22,DXB-001,Dubai,CUST-07522,P010,Printer,Office,2,720.16,0,1440.32,0.0,1440.32,Card,Store
TXN-0006089,2026-08-22,DXB-002,Dubai,CUST-02605,P015,Tablet,Electronics,2,1163.26,10,2326.52,232.65,2093.87,Card,Store
TXN-0006181,2026-08-22,DXB-004,Dubai,CUST-07491,P009,Backpack,Accessories,3,218.65,5,655.94,32.8,623.14,Card,Online
TXN-0006187,2026-08-22,DXB-001,Dubai,CUST-02605,P004,Monitor,Electronics,1,880.2,5,880.2,44.01,836.19,Apple Pay,Online
TXN-0006196,2026-08-22,DXB-005,Dubai,CUST-06329,P011,Notebook,Stationery,2,24.0,10,48.0,4.8,43.2,Bank Transfer,Online
TXN-0006291,2026-08-22,DXB-004,Dubai,CUST-06526,P004,Monitor,Electronics,2,912.09,0,1824.17,0.0,1824.17,Card,Online
TXN-0006309,2026-08-22,DXB-002,Dubai,CUST-07167,P015,Tablet,Electronics,1,1169.37,5,1169.37,58.47,1110.9,Apple Pay,Online
TXN-0006654,2026-08-22,DXB-002,Dubai,CUST-03275,P010,Printer,Office,3,740.12,0,2220.37,0.0,2220.37,Card,Online
TXN-0006700,2026-08-22,DXB-002,Dubai,CUST-05260,P001,Laptop,Electronics,1,2661.24,0,2661.24,0.0,2661.24,Card,Store
TXN-0006737,2026-08-22,DXB-003,Dubai,CUST-01486,P011,Notebook,Stationery,2,27.77,0,55.53,0.0,55.53,Apple Pay,Store
TXN-0006783,2026-08-22,DXB-002,Dubai,CUST-01492,P009,Backpack,Accessories,3,233.92,0,701.76,0.0,701.76,Bank Transfer,Store
TXN-0006848,2026-08-22,DXB-001,Dubai,CUST-03559,P014,Power Bank,Electronics,4,154.02,15,616.07,92.41,523.66,Apple Pay,Online
TXN-0006935,2026-08-22,DXB-002,Dubai,CUST-04255,P006,Mouse,Accessories,1,98.04,0,98.04,0.0,98.04,Card,Store
TXN-0006998,2026-08-22,DXB-001,Dubai,CUST-03771,P001,Laptop,Electronics,1,2815.81,0,2815.81,0.0,2815.81,Card,Online
TXN-0007166,2026-08-22,DXB-002,Dubai,CUST-03797,P004,Monitor,Electronics,2,883.38,5,1766.75,88.34,1678.42,Card,Online
TXN-0007169,2026-08-22,DXB-002,Dubai,CUST-00533,P009,Backpack,Accessories,3,246.06,0,738.18,0.0,738.18,Card,Store
TXN-0007174,2026-08-22,DXB-001,Dubai,CUST-07669,P002,Smartphone,Electronics,4,1858.93,20,7435.73,1487.15,5948.58,Cash,Store
TXN-0007223,2026-08-22,DXB-005,Dubai,CUST-02577,P009,Backpack,Accessories,2,211.35,0,422.7,0.0,422.7,Card,Store
TXN-0007249,2026-08-22,DXB-004,Dubai,CUST-00755,P013,USB Drive,Accessories,3,44.3,15,132.89,19.93,112.96,Cash,Store
TXN-0007296,2026-08-22,DXB-003,Dubai,CUST-07819,P002,Smartphone,Electronics,3,1852.54,5,5557.63,277.88,5279.75,Apple Pay,Online
TXN-0007329,2026-08-22,DXB-001,Dubai,CUST-05329,P005,Keyboard,Accessories,1,173.2,10,173.2,17.32,155.88,Apple Pay,Store
TXN-0007525,2026-08-22,DXB-004,Dubai,CUST-00438,P002,Smartphone,Electronics,2,1809.97,10,3619.94,361.99,3257.95,Cash,Store
TXN-0007545,2026-08-22,DXB-001,Dubai,CUST-03166,P002,Smartphone,Electronics,6,1875.02,0,11250.13,0.0,11250.13,Apple Pay,Store
TXN-0007632,2026-08-22,DXB-005,Dubai,CUST-05935,P004,Monitor,Electronics,1,943.39,0,943.39,0.0,943.39,Apple Pay,Online
TXN-0007708,2026-08-22,DXB-003,Dubai,CUST-06361,P002,Smartphone,Electronics,1,1736.22,0,1736.22,0.0,1736.22,Card,Store
TXN-0007796,2026-08-22,DXB-001,Dubai,CUST-00514,P001,Laptop,Electronics,4,2816.73,5,11266.93,563.35,10703.58,Cash,Store
TXN-0007830,2026-08-22,DXB-004,Dubai,CUST-05768,P011,Notebook,Stationery,1,24.49,20,24.49,4.9,19.59,Bank Transfer,Store
TXN-0007833,2026-08-22,DXB-001,Dubai,CUST-02491,P004,Monitor,Electronics,2,979.59,0,1959.18,0.0,1959.18,Card,Store
TXN-0007877,2026-08-22,DXB-004,Dubai,CUST-00683,P001,Laptop,Electronics,1,3032.58,10,3032.58,303.26,2729.32,Card,Store
TXN-0007920,2026-08-22,DXB-004,Dubai,CUST-00878,P002,Smartphone,Electronics,2,1948.27,5,3896.53,194.83,3701.71,Cash,Online
TXN-0008061,2026-08-22,DXB-004,Dubai,CUST-00772,P004,Monitor,Electronics,1,980.18,0,980.18,0.0,980.18,Bank Transfer,Store
TXN-0008072,2026-08-22,DXB-003,Dubai,CUST-02645,P006,Mouse,Accessories,1,110.85,20,110.85,22.17,88.68,Cash,Store
TXN-0008118,2026-08-22,DXB-003,Dubai,CUST-05709,P010,Printer,Office,3,742.18,0,2226.53,0.0,2226.53,Bank Transfer,Store
TXN-0008142,2026-08-22,DXB-005,Dubai,CUST-00436,P011,Notebook,Stationery,5,24.53,15,122.63,18.39,104.23,Cash,Store
TXN-0008143,2026-08-22,DXB-001,Dubai,CUST-02889,P005,Keyboard,Accessories,6,192.89,5,1157.32,57.87,1099.45,Card,Online
TXN-0008152,2026-08-22,DXB-002,Dubai,CUST-04501,P004,Monitor,Electronics,3,896.13,15,2688.39,403.26,2285.13,Card,Store
TXN-0008247,2026-08-22,DXB-001,Dubai,CUST-01422,P003,Headphones,Electronics,1,363.69,0,363.69,0.0,363.69,Apple Pay,Store
TXN-0008282,2026-08-22,DXB-003,Dubai,CUST-01180,P014,Power Bank,Electronics,1,150.94,15,150.94,22.64,128.3,Apple Pay,Online
TXN-0008328,2026-08-22,DXB-002,Dubai,CUST-06861,P004,Monitor,Electronics,1,888.31,10,888.31,88.83,799.48,Cash,Store
TXN-0008336,2026-08-22,DXB-005,Dubai,CUST-07107,P002,Smartphone,Electronics,1,1660.73,0,1660.73,0.0,1660.73,Card,Store
TXN-0008337,2026-08-22,DXB-003,Dubai,CUST-07572,P002,Smartphone,Electronics,2,1748.39,5,3496.79,174.84,3321.95,Cash,Store
TXN-0008467,2026-08-22,DXB-005,Dubai,CUST-02228,P014,Power Bank,Electronics,1,152.81,20,152.81,30.56,122.25,Cash,Store
TXN-0008554,2026-08-22,DXB-004,Dubai,CUST-03059,P002,Smartphone,Electronics,1,1660.94,15,1660.94,249.14,1411.8,Card,Online
TXN-0008592,2026-08-22,DXB-003,Dubai,CUST-00422,P013,USB Drive,Accessories,3,46.85,15,140.54,21.08,119.46,Apple Pay,Store
TXN-0008613,2026-08-22,DXB-004,Dubai,CUST-03897,P005,Keyboard,Accessories,2,165.05,0,330.11,0.0,330.11,Apple Pay,Store
TXN-0008640,2026-08-22,DXB-002,Dubai,CUST-00595,P006,Mouse,Accessories,1,95.16,15,95.16,14.27,80.89,Card,Store
TXN-0008745,2026-08-22,DXB-004,Dubai,CUST-06976,P005,Keyboard,Accessories,1,171.29,5,171.29,8.56,162.73,Card,Store
TXN-0008969,2026-08-22,DXB-005,Dubai,CUST-06677,P004,Monitor,Electronics,2,957.22,0,1914.44,0.0,1914.44,Card,Store
TXN-0009012,2026-08-22,DXB-002,Dubai,CUST-05419,P004,Monitor,Electronics,1,869.48,10,869.48,86.95,782.53,Card,Store
TXN-0009117,2026-08-22,DXB-005,Dubai,CUST-07716,P008,Desk,Furniture,4,803.1,10,3212.4,321.24,2891.16,Card,Store
TXN-0009189,2026-08-22,DXB-004,Dubai,CUST-07225,P008,Desk,Furniture,1,799.79,15,799.79,119.97,679.82,Card,Store
TXN-0009200,2026-08-22,DXB-001,Dubai,CUST-02310,P010,Printer,Office,3,736.3,0,2208.91,0.0,2208.91,Cash,Online
TXN-0009313,2026-08-22,DXB-002,Dubai,CUST-00092,P013,USB Drive,Accessories,4,43.94,0,175.77,0.0,175.77,Card,Store
TXN-0009337,2026-08-22,DXB-003,Dubai,CUST-05107,P004,Monitor,Electronics,1,894.21,5,894.21,44.71,849.5,Cash,Store
TXN-0009390,2026-08-22,DXB-003,Dubai,CUST-02107,P009,Backpack,Accessories,3,210.9,15,632.69,94.9,537.78,Cash,Online
TXN-0009394,2026-08-22,DXB-003,Dubai,CUST-03961,P013,USB Drive,Accessories,1,44.88,0,44.88,0.0,44.88,Apple Pay,Online
TXN-0009463,2026-08-22,DXB-002,Dubai,CUST-02789,P009,Backpack,Accessories,1,235.14,0,235.14,0.0,235.14,Card,Online
TXN-0009497,2026-08-22,DXB-005,Dubai,CUST-06716,P004,Monitor,Electronics,1,813.28,15,813.28,121.99,691.29,Card,Store
TXN-0009517,2026-08-22,DXB-002,Dubai,CUST-06089,P013,USB Drive,Accessories,1,44.14,0,44.14,0.0,44.14,Card,Store
TXN-0009544,2026-08-22,DXB-005,Dubai,CUST-06599,P007,Office Chair,Furniture,1,707.27,5,707.27,35.36,671.9,Cash,Store
TXN-0009569,2026-08-22,DXB-003,Dubai,CUST-04035,P013,USB Drive,Accessories,1,45.92,10,45.92,4.59,41.33,Card,Store
TXN-0009619,2026-08-22,DXB-002,Dubai,CUST-05724,P004,Monitor,Electronics,1,965.45,15,965.45,144.82,820.63,Cash,Store
TXN-0009652,2026-08-22,DXB-004,Dubai,CUST-03037,P015,Tablet,Electronics,2,1197.9,0,2395.8,0.0,2395.8,Card,Store
TXN-0009675,2026-08-22,DXB-002,Dubai,CUST-05062,P002,Smartphone,Electronics,3,1698.92,5,5096.76,254.84,4841.92,Card,Store
TXN-0009690,2026-08-22,DXB-005,Dubai,CUST-00666,P010,Printer,Office,1,689.17,10,689.17,68.92,620.26,Cash,Online
TXN-0009735,2026-08-22,DXB-005,Dubai,CUST-03378,P006,Mouse,Accessories,1,98.72,0,98.72,0.0,98.72,Card,Store
TXN-0009778,2026-08-22,DXB-005,Dubai,CUST-04670,P004,Monitor,Electronics,4,863.51,0,3454.02,0.0,3454.02,Card,Store
TXN-0009842,2026-08-22,DXB-005,Dubai,CUST-04345,P011,Notebook,Stationery,1,24.78,5,24.78,1.24,23.54,Card,Store
TXN-0009881,2026-08-22,DXB-003,Dubai,CUST-01913,P002,Smartphone,Electronics,3,1794.34,0,5383.03,0.0,5383.03,Apple Pay,Online
TXN-0010020,2026-08-22,DXB-003,Dubai,CUST-06355,P004,Monitor,Electronics,3,891.72,5,2675.15,133.76,2541.39,Card,Store
TXN-0010088,2026-08-22,DXB-004,Dubai,CUST-00432,P010,Printer,Office,1,674.53,0,674.53,0.0,674.53,Card,Online
TXN-0010153,2026-08-22,DXB-003,Dubai,CUST-03142,P004,Monitor,Electronics,4,854.53,5,3418.1,170.91,3247.2,Card,Store
TXN-0010239,2026-08-22,DXB-002,Dubai,CUST-04836,P006,Mouse,Accessories,1,100.35,0,100.35,0.0,100.35,Card,Online
TXN-0010430,2026-08-22,DXB-001,Dubai,CUST-03310,P014,Power Bank,Electronics,3,149.88,10,449.63,44.96,404.67,Apple Pay,Online
TXN-0010466,2026-08-22,DXB-001,Dubai,CUST-00348,P014,Power Bank,Electronics,1,163.89,10,163.89,16.39,147.5,Card,Store
TXN-0010468,2026-08-22,DXB-001,Dubai,CUST-05654,P013,USB Drive,Accessories,4,43.22,0,172.9,0.0,172.9,Bank Transfer,Store
TXN-0010475,2026-08-22,DXB-003,Dubai,CUST-07378,P009,Backpack,Accessories,3,218.1,10,654.29,65.43,588.86,Apple Pay,Store
TXN-0010505,2026-08-22,DXB-003,Dubai,CUST-03254,P015,Tablet,Electronics,1,1125.89,0,1125.89,0.0,1125.89,Card,Online
TXN-0010525,2026-08-22,DXB-004,Dubai,CUST-00896,P006,Mouse,Accessories,3,105.77,10,317.31,31.73,285.58,Apple Pay,Store
TXN-0010587,2026-08-22,DXB-002,Dubai,CUST-05916,P008,Desk,Furniture,1,847.33,0,847.33,0.0,847.33,Card,Store
TXN-0010632,2026-08-22,DXB-004,Dubai,CUST-06255,P013,USB Drive,Accessories,1,47.56,0,47.56,0.0,47.56,Bank Transfer,Online
TXN-0010638,2026-08-22,DXB-001,Dubai,CUST-03711,P014,Power Bank,Electronics,1,155.58,5,155.58,7.78,147.8,Cash,Store
TXN-0010669,2026-08-22,DXB-002,Dubai,CUST-04917,P003,Headphones,Electronics,1,339.82,0,339.82,0.0,339.82,Cash,Online
TXN-0010735,2026-08-22,DXB-005,Dubai,CUST-01337,P003,Headphones,Electronics,1,353.23,0,353.23,0.0,353.23,Card,Store
TXN-0010777,2026-08-22,DXB-005,Dubai,CUST-02470,P015,Tablet,Electronics,1,941.89,5,941.89,47.09,894.79,Apple Pay,Store
TXN-0010811,2026-08-22,DXB-003,Dubai,CUST-03656,P011,Notebook,Stationery,1,25.36,0,25.36,0.0,25.36,Bank Transfer,Store
TXN-0010895,2026-08-22,DXB-001,Dubai,CUST-07970,P008,Desk,Furniture,1,809.88,0,809.88,0.0,809.88,Card,Online
TXN-0010965,2026-08-22,DXB-003,Dubai,CUST-03399,P007,Office Chair,Furniture,1,712.99,0,712.99,0.0,712.99,Apple Pay,Store
TXN-0011016,2026-08-22,DXB-004,Dubai,CUST-03379,P003,Headphones,Electronics,1,365.98,15,365.98,54.9,311.09,Apple Pay,Store
TXN-0011282,2026-08-22,DXB-005,Dubai,CUST-03057,P010,Printer,Office,2,653.25,5,1306.5,65.32,1241.17,Card,Store
TXN-0011431,2026-08-22,DXB-003,Dubai,CUST-03937,P001,Laptop,Electronics,1,2995.41,10,2995.41,299.54,2695.87,Cash,Store
TXN-0011600,2026-08-22,DXB-004,Dubai,CUST-00489,P012,Pen Pack,Stationery,1,16.2,20,16.2,3.24,12.96,Card,Online
TXN-0011661,2026-08-22,DXB-001,Dubai,CUST-02433,P014,Power Bank,Electronics,6,146.06,5,876.36,43.82,832.54,Card,Store
TXN-0011876,2026-08-22,DXB-005,Dubai,CUST-05791,P010,Printer,Office,2,645.14,5,1290.29,64.51,1225.77,Apple Pay,Store
TXN-0011975,2026-08-22,DXB-004,Dubai,CUST-05595,P005,Keyboard,Accessories,1,183.15,10,183.15,18.32,164.84,Card,Store
TXN-0012081,2026-08-22,DXB-001,Dubai,CUST-06826,P003,Headphones,Electronics,4,357.65,10,1430.6,143.06,1287.54,Apple Pay,Store
TXN-0012094,2026-08-22,DXB-001,Dubai,CUST-07970,P009,Backpack,Accessories,2,218.11,5,436.23,21.81,414.41,Card,Store
TXN-0012124,2026-08-22,DXB-001,Dubai,CUST-07782,P011,Notebook,Stationery,1,25.9,15,25.9,3.89,22.02,Card,Store
TXN-0012128,2026-08-22,DXB-005,Dubai,CUST-01100,P011,Notebook,Stationery,2,23.83,10,47.65,4.77,42.89,Card,Online
TXN-0012293,2026-08-22,DXB-001,Dubai,CUST-02467,P007,Office Chair,Furniture,1,606.41,0,606.41,0.0,606.41,Apple Pay,Store
TXN-0012343,2026-08-22,DXB-001,Dubai,CUST-02040,P004,Monitor,Electronics,2,855.46,15,1710.91,256.64,1454.27,Cash,Store
TXN-0012346,2026-08-22,DXB-005,Dubai,CUST-04658,P009,Backpack,Accessories,2,204.81,0,409.62,0.0,409.62,Cash,Store
TXN-0012414,2026-08-22,DXB-001,Dubai,CUST-00152,P012,Pen Pack,Stationery,1,15.8,5,15.8,0.79,15.01,Cash,Store
TXN-0012441,2026-08-22,DXB-001,Dubai,CUST-03282,P013,USB Drive,Accessories,3,52.16,5,156.49,7.82,148.67,Card,Store
TXN-0012551,2026-08-22,DXB-001,Dubai,CUST-05290,P009,Backpack,Accessories,1,220.07,5,220.07,11.0,209.07,Bank Transfer,Online
TXN-0012561,2026-08-22,DXB-004,Dubai,CUST-07748,P002,Smartphone,Electronics,2,1572.23,5,3144.46,157.22,2987.24,Apple Pay,Online
TXN-0012566,2026-08-22,DXB-002,Dubai,CUST-00684,P011,Notebook,Stationery,2,25.33,10,50.65,5.07,45.59,Card,Store
TXN-0012658,2026-08-22,DXB-001,Dubai,CUST-01143,P010,Printer,Office,2,690.59,5,1381.18,69.06,1312.12,Cash,Store
TXN-0012707,2026-08-22,DXB-003,Dubai,CUST-00685,P004,Monitor,Electronics,2,913.03,0,1826.06,0.0,1826.06,Bank Transfer,Store
TXN-0012779,2026-08-22,DXB-004,Dubai,CUST-03039,P009,Backpack,Accessories,5,218.85,15,1094.25,164.14,930.11,Card,Store
TXN-0012823,2026-08-22,DXB-001,Dubai,CUST-02875,P014,Power Bank,Electronics,5,153.48,5,767.39,38.37,729.02,Cash,Store
TXN-0012856,2026-08-22,DXB-005,Dubai,CUST-07043,P013,USB Drive,Accessories,2,46.71,10,93.43,9.34,84.08,Card,Store
TXN-0012942,2026-08-22,DXB-004,Dubai,CUST-07670,P015,Tablet,Electronics,2,1238.66,0,2477.31,0.0,2477.31,Apple Pay,Store
TXN-0013185,2026-08-22,DXB-005,Dubai,CUST-00432,P001,Laptop,Electronics,4,2793.14,0,11172.55,0.0,11172.55,Card,Online
TXN-0013197,2026-08-22,DXB-003,Dubai,CUST-07732,P002,Smartphone,Electronics,1,1862.44,10,1862.44,186.24,1676.2,Card,Store
TXN-0013200,2026-08-22,DXB-003,Dubai,CUST-00747,P010,Printer,Office,1,746.56,0,746.56,0.0,746.56,Apple Pay,Online
TXN-0013435,2026-08-22,DXB-004,Dubai,CUST-07052,P006,Mouse,Accessories,4,95.75,5,382.99,19.15,363.84,Card,Store
TXN-0013442,2026-08-22,DXB-005,Dubai,CUST-07597,P007,Office Chair,Furniture,3,597.68,0,1793.04,0.0,1793.04,Card,Store
TXN-0013445,2026-08-22,DXB-001,Dubai,CUST-03278,P014,Power Bank,Electronics,1,153.68,10,153.68,15.37,138.31,Cash,Store
TXN-0013452,2026-08-22,DXB-004,Dubai,CUST-03439,P012,Pen Pack,Stationery,3,14.12,10,42.37,4.24,38.13,Card,Store
TXN-0013479,2026-08-22,DXB-005,Dubai,CUST-02077,P001,Laptop,Electronics,2,2889.74,0,5779.48,0.0,5779.48,Card,Store
TXN-0013540,2026-08-22,DXB-005,Dubai,CUST-05562,P014,Power Bank,Electronics,1,150.67,0,150.67,0.0,150.67,Apple Pay,Store
TXN-0013554,2026-08-22,DXB-005,Dubai,CUST-02100,P014,Power Bank,Electronics,3,138.24,5,414.73,20.74,393.99,Card,Online
TXN-0013602,2026-08-22,DXB-003,Dubai,CUST-05683,P007,Office Chair,Furniture,1,688.37,15,688.37,103.26,585.12,Card,Online
TXN-0013631,2026-08-22,DXB-002,Dubai,CUST-03556,P013,USB Drive,Accessories,1,44.82,5,44.82,2.24,42.58,Card,Store
TXN-0013670,2026-08-22,DXB-003,Dubai,CUST-01781,P002,Smartphone,Electronics,2,1677.0,15,3354.01,503.1,2850.91,Apple Pay,Store
TXN-0013699,2026-08-22,DXB-002,Dubai,CUST-00709,P003,Headphones,Electronics,3,344.61,5,1033.83,51.69,982.14,Card,Online
TXN-0013766,2026-08-22,DXB-005,Dubai,CUST-06007,P010,Printer,Office,1,718.55,15,718.55,107.78,610.77,Apple Pay,Store
TXN-0013928,2026-08-22,DXB-001,Dubai,CUST-01211,P008,Desk,Furniture,1,819.14,10,819.14,81.91,737.22,Card,Store
TXN-0013996,2026-08-22,DXB-003,Dubai,CUST-05495,P014,Power Bank,Electronics,1,144.6,5,144.6,7.23,137.37,Apple Pay,Store
TXN-0014001,2026-08-22,DXB-002,Dubai,CUST-00568,P008,Desk,Furniture,2,758.93,0,1517.87,0.0,1517.87,Bank Transfer,Store
TXN-0014027,2026-08-22,DXB-003,Dubai,CUST-00824,P014,Power Bank,Electronics,1,137.34,10,137.34,13.73,123.6,Card,Online
TXN-0014085,2026-08-22,DXB-001,Dubai,CUST-07960,P005,Keyboard,Accessories,1,170.74,0,170.74,0.0,170.74,Cash,Store
TXN-0014120,2026-08-22,DXB-005,Dubai,CUST-07006,P005,Keyboard,Accessories,1,165.97,5,165.97,8.3,157.67,Cash,Store
TXN-0014147,2026-08-22,DXB-002,Dubai,CUST-00206,P013,USB Drive,Accessories,1,44.42,0,44.42,0.0,44.42,Bank Transfer,Online
TXN-0014151,2026-08-22,DXB-005,Dubai,CUST-02801,P002,Smartphone,Electronics,4,1732.84,5,6931.37,346.57,6584.8,Bank Transfer,Store
TXN-0014157,2026-08-22,DXB-002,Dubai,CUST-05536,P010,Printer,Office,2,673.05,0,1346.09,0.0,1346.09,Cash,Store
TXN-0014165,2026-08-22,DXB-002,Dubai,CUST-06608,P009,Backpack,Accessories,1,215.82,5,215.82,10.79,205.03,Cash,Store
TXN-0014242,2026-08-22,DXB-003,Dubai,CUST-04652,P001,Laptop,Electronics,1,2574.93,0,2574.93,0.0,2574.93,Card,Store
TXN-0014287,2026-08-22,DXB-003,Dubai,CUST-02053,P003,Headphones,Electronics,2,338.9,5,677.79,33.89,643.9,Card,Online
TXN-0014372,2026-08-22,DXB-001,Dubai,CUST-04136,P009,Backpack,Accessories,3,221.05,0,663.14,0.0,663.14,Cash,Store
TXN-0014389,2026-08-22,DXB-001,Dubai,CUST-02311,P010,Printer,Office,2,649.4,15,1298.8,194.82,1103.98,Cash,Online
TXN-0014395,2026-08-22,DXB-001,Dubai,CUST-02765,P010,Printer,Office,3,673.94,0,2021.82,0.0,2021.82,Apple Pay,Store
TXN-0014412,2026-08-22,DXB-005,Dubai,CUST-04011,P008,Desk,Furniture,1,831.75,15,831.75,124.76,706.98,Card,Store
TXN-0014515,2026-08-22,DXB-005,Dubai,CUST-03574,P006,Mouse,Accessories,1,82.19,15,82.19,12.33,69.87,Apple Pay,Store
TXN-0014554,2026-08-22,DXB-004,Dubai,CUST-06367,P009,Backpack,Accessories,6,221.15,15,1326.89,199.03,1127.86,Card,Online
TXN-0014599,2026-08-22,DXB-005,Dubai,CUST-00148,P009,Backpack,Accessories,1,218.62,10,218.62,21.86,196.76,Cash,Online
TXN-0014620,2026-08-22,DXB-004,Dubai,CUST-05142,P009,Backpack,Accessories,3,223.21,0,669.62,0.0,669.62,Card,Online
TXN-0014626,2026-08-22,DXB-005,Dubai,CUST-01574,P015,Tablet,Electronics,1,1148.82,5,1148.82,57.44,1091.38,Card,Online
TXN-0014646,2026-08-22,DXB-001,Dubai,CUST-02482,P005,Keyboard,Accessories,3,193.93,10,581.8,58.18,523.62,Card,Store
TXN-0014670,2026-08-22,DXB-004,Dubai,CUST-04892,P001,Laptop,Electronics,1,2821.29,10,2821.29,282.13,2539.16,Cash,Store
TXN-0014759,2026-08-22,DXB-001,Dubai,CUST-01692,P006,Mouse,Accessories,1,93.09,15,93.09,13.96,79.13,Apple Pay,Store
TXN-0014794,2026-08-22,DXB-004,Dubai,CUST-07167,P014,Power Bank,Electronics,5,154.07,5,770.36,38.52,731.84,Apple Pay,Store
TXN-0014973,2026-08-22,DXB-004,Dubai,CUST-00905,P005,Keyboard,Accessories,1,192.2,20,192.2,38.44,153.76,Card,Online
TXN-0015066,2026-08-22,DXB-004,Dubai,CUST-06493,P004,Monitor,Electronics,1,871.46,5,871.46,43.57,827.89,Card,Store
TXN-0015139,2026-08-22,DXB-001,Dubai,CUST-00094,P005,Keyboard,Accessories,1,190.18,0,190.18,0.0,190.18,Apple Pay,Online
TXN-0015198,2026-08-22,DXB-002,Dubai,CUST-03745,P012,Pen Pack,Stationery,1,13.69,0,13.69,0.0,13.69,Card,Store
TXN-0015199,2026-08-22,DXB-004,Dubai,CUST-02734,P010,Printer,Office,1,623.4,5,623.4,31.17,592.23,Card,Store
TXN-0015217,2026-08-22,DXB-001,Dubai,CUST-07634,P006,Mouse,Accessories,4,105.02,5,420.08,21.0,399.08,Apple Pay,Store
TXN-0015230,2026-08-22,DXB-001,Dubai,CUST-02316,P013,USB Drive,Accessories,3,45.17,15,135.52,20.33,115.19,Card,Store
TXN-0015348,2026-08-22,DXB-005,Dubai,CUST-06797,P005,Keyboard,Accessories,1,170.78,5,170.78,8.54,162.24,Cash,Store
TXN-0015379,2026-08-22,DXB-002,Dubai,CUST-07695,P012,Pen Pack,Stationery,2,14.91,0,29.82,0.0,29.82,Card,Online
TXN-0015389,2026-08-22,DXB-002,Dubai,CUST-03794,P013,USB Drive,Accessories,1,46.73,0,46.73,0.0,46.73,Card,Store
TXN-0015448,2026-08-22,DXB-001,Dubai,CUST-02054,P002,Smartphone,Electronics,1,1795.35,5,1795.35,89.77,1705.59,Apple Pay,Store
TXN-0015452,2026-08-22,DXB-003,Dubai,CUST-04138,P012,Pen Pack,Stationery,1,15.17,5,15.17,0.76,14.41,Card,Store
TXN-0015472,2026-08-22,DXB-002,Dubai,CUST-01708,P005,Keyboard,Accessories,1,166.58,10,166.58,16.66,149.93,Cash,Online
TXN-0015657,2026-08-22,DXB-002,Dubai,CUST-02884,P009,Backpack,Accessories,1,214.94,20,214.94,42.99,171.95,Bank Transfer,Store
TXN-0015683,2026-08-22,DXB-001,Dubai,CUST-00620,P004,Monitor,Electronics,1,887.67,20,887.67,177.53,710.14,Card,Store
TXN-0015807,2026-08-22,DXB-002,Dubai,CUST-02583,P006,Mouse,Accessories,1,100.46,0,100.46,0.0,100.46,Cash,Store
TXN-0015844,2026-08-22,DXB-002,Dubai,CUST-03094,P003,Headphones,Electronics,1,320.5,20,320.5,64.1,256.4,Apple Pay,Store
TXN-0015939,2026-08-22,DXB-005,Dubai,CUST-02965,P005,Keyboard,Accessories,2,184.75,10,369.49,36.95,332.54,Card,Store
TXN-0015959,2026-08-22,DXB-005,Dubai,CUST-05784,P007,Office Chair,Furniture,4,632.66,15,2530.62,379.59,2151.03,Apple Pay,Online
TXN-0015962,2026-08-22,DXB-005,Dubai,CUST-03056,P011,Notebook,Stationery,1,26.69,0,26.69,0.0,26.69,Card,Store
TXN-0015967,2026-08-22,DXB-005,Dubai,CUST-02995,P008,Desk,Furniture,1,769.84,15,769.84,115.48,654.36,Card,Store
TXN-0016007,2026-08-22,DXB-005,Dubai,CUST-06830,P008,Desk,Furniture,1,767.11,0,767.11,0.0,767.11,Card,Store
TXN-0016017,2026-08-22,DXB-003,Dubai,CUST-04987,P011,Notebook,Stationery,2,23.06,5,46.12,2.31,43.81,Card,Store
TXN-0016102,2026-08-22,DXB-002,Dubai,CUST-06097,P003,Headphones,Electronics,1,355.24,20,355.24,71.05,284.19,Apple Pay,Store
TXN-0016115,2026-08-22,DXB-003,Dubai,CUST-02993,P009,Backpack,Accessories,2,220.56,0,441.12,0.0,441.12,Cash,Store
TXN-0016238,2026-08-22,DXB-004,Dubai,CUST-01813,P002,Smartphone,Electronics,1,1731.43,0,1731.43,0.0,1731.43,Card,Store
TXN-0016322,2026-08-22,DXB-001,Dubai,CUST-05829,P005,Keyboard,Accessories,1,188.66,10,188.66,18.87,169.79,Card,Store
TXN-0016331,2026-08-22,DXB-005,Dubai,CUST-00374,P012,Pen Pack,Stationery,1,15.06,5,15.06,0.75,14.3,Apple Pay,Store
TXN-0016340,2026-08-22,DXB-003,Dubai,CUST-04221,P003,Headphones,Electronics,1,346.23,5,346.23,17.31,328.92,Apple Pay,Store
TXN-0016360,2026-08-22,DXB-004,Dubai,CUST-05058,P004,Monitor,Electronics,1,837.37,15,837.37,125.61,711.77,Bank Transfer,Store
TXN-0016370,2026-08-22,DXB-004,Dubai,CUST-07011,P010,Printer,Office,1,629.43,5,629.43,31.47,597.96,Apple Pay,Online
TXN-0016414,2026-08-22,DXB-002,Dubai,CUST-03732,P013,USB Drive,Accessories,5,37.69,0,188.46,0.0,188.46,Cash,Online
TXN-0016498,2026-08-22,DXB-004,Dubai,CUST-04562,P006,Mouse,Accessories,1,91.04,15,91.04,13.66,77.39,Bank Transfer,Online
TXN-0016502,2026-08-22,DXB-002,Dubai,CUST-04006,P007,Office Chair,Furniture,6,626.37,5,3758.21,187.91,3570.3,Card,Online
TXN-0016566,2026-08-22,DXB-003,Dubai,CUST-00924,P009,Backpack,Accessories,1,208.62,0,208.62,0.0,208.62,Bank Transfer,Store
TXN-0016574,2026-08-22,DXB-002,Dubai,CUST-03845,P003,Headphones,Electronics,1,330.02,10,330.02,33.0,297.02,Apple Pay,Online
TXN-0016575,2026-08-22,DXB-002,Dubai,CUST-01765,P001,Laptop,Electronics,1,2659.59,5,2659.59,132.98,2526.61,Card,Store
TXN-0016604,2026-08-22,DXB-005,Dubai,CUST-02497,P011,Notebook,Stationery,1,26.64,5,26.64,1.33,25.31,Apple Pay,Store
TXN-0016678,2026-08-22,DXB-004,Dubai,CUST-02151,P002,Smartphone,Electronics,2,1865.06,10,3730.13,373.01,3357.11,Card,Store
TXN-0016748,2026-08-22,DXB-004,Dubai,CUST-03964,P007,Office Chair,Furniture,1,725.31,15,725.31,108.8,616.52,Card,Online
TXN-0016875,2026-08-22,DXB-004,Dubai,CUST-01027,P012,Pen Pack,Stationery,2,17.38,5,34.76,1.74,33.02,Card,Store
TXN-0016934,2026-08-22,DXB-005,Dubai,CUST-03672,P006,Mouse,Accessories,4,102.17,0,408.69,0.0,408.69,Card,Online
TXN-0016986,2026-08-22,DXB-001,Dubai,CUST-07509,P009,Backpack,Accessories,1,216.64,10,216.64,21.66,194.98,Card,Store
TXN-0017009,2026-08-22,DXB-004,Dubai,CUST-07043,P011,Notebook,Stationery,4,22.9,0,91.6,0.0,91.6,Card,Online
TXN-0017030,2026-08-22,DXB-002,Dubai,CUST-04759,P007,Office Chair,Furniture,1,681.46,5,681.46,34.07,647.39,Apple Pay,Store
TXN-0017148,2026-08-22,DXB-003,Dubai,CUST-03306,P003,Headphones,Electronics,3,358.04,0,1074.11,0.0,1074.11,Card,Store
TXN-0017276,2026-08-22,DXB-005,Dubai,CUST-07150,P002,Smartphone,Electronics,3,1709.5,0,5128.5,0.0,5128.5,Bank Transfer,Store
TXN-0017373,2026-08-22,DXB-001,Dubai,CUST-06445,P003,Headphones,Electronics,1,349.28,0,349.28,0.0,349.28,Bank Transfer,Store
TXN-0017481,2026-08-22,DXB-001,Dubai,CUST-07314,P001,Laptop,Electronics,1,2673.14,0,2673.14,0.0,2673.14,Cash,Store
TXN-0017492,2026-08-22,DXB-002,Dubai,CUST-00682,P007,Office Chair,Furniture,1,668.09,0,668.09,0.0,668.09,Apple Pay,Store
TXN-0017518,2026-08-22,DXB-005,Dubai,CUST-07298,P001,Laptop,Electronics,1,2689.11,15,2689.11,403.37,2285.74,Card,Store
TXN-0017530,2026-08-22,DXB-005,Dubai,CUST-04419,P002,Smartphone,Electronics,2,1618.61,10,3237.23,323.72,2913.51,Card,Store
TXN-0017563,2026-08-22,DXB-003,Dubai,CUST-07212,P005,Keyboard,Accessories,4,175.1,0,700.41,0.0,700.41,Cash,Store
TXN-0017609,2026-08-22,DXB-001,Dubai,CUST-00043,P006,Mouse,Accessories,1,102.02,5,102.02,5.1,96.92,Cash,Store
TXN-0017644,2026-08-22,DXB-003,Dubai,CUST-00873,P009,Backpack,Accessories,1,218.42,5,218.42,10.92,207.5,Card,Store
TXN-0017670,2026-08-22,DXB-005,Dubai,CUST-03233,P013,USB Drive,Accessories,2,43.09,10,86.19,8.62,77.57,Apple Pay,Store
TXN-0017683,2026-08-22,DXB-005,Dubai,CUST-00977,P004,Monitor,Electronics,2,898.44,5,1796.89,89.84,1707.04,Apple Pay,Online
TXN-0017702,2026-08-22,DXB-003,Dubai,CUST-06879,P014,Power Bank,Electronics,2,141.65,5,283.29,14.16,269.13,Card,Online
TXN-0017709,2026-08-22,DXB-005,Dubai,CUST-04870,P003,Headphones,Electronics,1,341.86,10,341.86,34.19,307.67,Card,Store
TXN-0017727,2026-08-22,DXB-001,Dubai,CUST-06908,P004,Monitor,Electronics,6,908.38,10,5450.26,545.03,4905.24,Cash,Store
TXN-0017733,2026-08-22,DXB-001,Dubai,CUST-04538,P004,Monitor,Electronics,1,957.14,10,957.14,95.71,861.42,Card,Online
TXN-0017736,2026-08-22,DXB-003,Dubai,CUST-04197,P003,Headphones,Electronics,1,375.93,0,375.93,0.0,375.93,Card,Store
TXN-0017738,2026-08-22,DXB-005,Dubai,CUST-02010,P011,Notebook,Stationery,3,24.05,5,72.15,3.61,68.54,Card,Store
TXN-0017790,2026-08-22,DXB-004,Dubai,CUST-07538,P013,USB Drive,Accessories,1,41.46,10,41.46,4.15,37.32,Card,Store
TXN-0017814,2026-08-22,DXB-005,Dubai,CUST-05002,P006,Mouse,Accessories,1,99.46,20,99.46,19.89,79.57,Cash,Store
TXN-0017828,2026-08-22,DXB-005,Dubai,CUST-06169,P004,Monitor,Electronics,3,883.75,10,2651.24,265.12,2386.11,Card,Store
TXN-0017944,2026-08-22,DXB-004,Dubai,CUST-06528,P004,Monitor,Electronics,1,917.04,10,917.04,91.7,825.34,Card,Store
TXN-0018036,2026-08-22,DXB-003,Dubai,CUST-06919,P012,Pen Pack,Stationery,3,14.54,15,43.61,6.54,37.07,Card,Store
TXN-0018066,2026-08-22,DXB-002,Dubai,CUST-00562,P002,Smartphone,Electronics,1,1893.67,15,1893.67,284.05,1609.62,Bank Transfer,Store
TXN-0018100,2026-08-22,DXB-002,Dubai,CUST-02091,P011,Notebook,Stationery,1,25.82,0,25.82,0.0,25.82,Apple Pay,Store
TXN-0018231,2026-08-22,DXB-004,Dubai,CUST-04560,P006,Mouse,Accessories,1,88.25,10,88.25,8.83,79.43,Bank Transfer,Online
TXN-0018257,2026-08-22,DXB-003,Dubai,CUST-06626,P008,Desk,Furniture,2,850.63,20,1701.26,340.25,1361.01,Apple Pay,Store
TXN-0018329,2026-08-22,DXB-005,Dubai,CUST-02451,P013,USB Drive,Accessories,1,47.19,5,47.19,2.36,44.83,Bank Transfer,Online
TXN-0018332,2026-08-22,DXB-004,Dubai,CUST-04110,P013,USB Drive,Accessories,1,42.43,5,42.43,2.12,40.31,Card,Store
TXN-0018349,2026-08-22,DXB-005,Dubai,CUST-07941,P012,Pen Pack,Stationery,2,15.04,10,30.08,3.01,27.07,Card,Store
TXN-0018366,2026-08-22,DXB-002,Dubai,CUST-02193,P005,Keyboard,Accessories,1,192.73,10,192.73,19.27,173.45,Bank Transfer,Online
TXN-0018393,2026-08-22,DXB-002,Dubai,CUST-06949,P007,Office Chair,Furniture,3,631.95,5,1895.85,94.79,1801.06,Card,Online
TXN-0018460,2026-08-22,DXB-004,Dubai,CUST-07869,P008,Desk,Furniture,2,755.85,0,1511.7,0.0,1511.7,Apple Pay,Store
TXN-0018497,2026-08-22,DXB-001,Dubai,CUST-07459,P003,Headphones,Electronics,1,377.83,10,377.83,37.78,340.05,Card,Store
TXN-0018518,2026-08-22,DXB-001,Dubai,CUST-05989,P011,Notebook,Stationery,5,25.0,10,125.02,12.5,112.52,Cash,Store
TXN-0018521,2026-08-22,DXB-001,Dubai,CUST-04623,P006,Mouse,Accessories,1,92.93,10,92.93,9.29,83.64,Card,Online
TXN-0018529,2026-08-22,DXB-003,Dubai,CUST-02075,P006,Mouse,Accessories,1,93.7,5,93.7,4.68,89.01,Card,Store
TXN-0018557,2026-08-22,DXB-004,Dubai,CUST-02188,P012,Pen Pack,Stationery,4,15.25,10,60.98,6.1,54.88,Card,Store
TXN-0018578,2026-08-22,DXB-001,Dubai,CUST-01430,P002,Smartphone,Electronics,1,1666.02,10,1666.02,166.6,1499.42,Card,Store
TXN-0018582,2026-08-22,DXB-001,Dubai,CUST-06034,P007,Office Chair,Furniture,1,684.21,0,684.21,0.0,684.21,Card,Store
TXN-0018592,2026-08-22,DXB-003,Dubai,CUST-06873,P009,Backpack,Accessories,2,219.71,0,439.42,0.0,439.42,Cash,Store
TXN-0018694,2026-08-22,DXB-002,Dubai,CUST-05824,P008,Desk,Furniture,3,756.07,5,2268.21,113.41,2154.8,Card,Store
TXN-0018733,2026-08-22,DXB-002,Dubai,CUST-07429,P003,Headphones,Electronics,1,351.18,5,351.18,17.56,333.62,Cash,Store
TXN-0018834,2026-08-22,DXB-004,Dubai,CUST-06712,P005,Keyboard,Accessories,1,192.65,5,192.65,9.63,183.02,Card,Store
TXN-0018847,2026-08-22,DXB-002,Dubai,CUST-06845,P001,Laptop,Electronics,2,2693.09,10,5386.18,538.62,4847.56,Apple Pay,Store
TXN-0018887,2026-08-22,DXB-001,Dubai,CUST-05246,P015,Tablet,Electronics,1,1194.55,15,1194.55,179.18,1015.37,Bank Transfer,Online
TXN-0018891,2026-08-22,DXB-004,Dubai,CUST-02180,P006,Mouse,Accessories,2,96.67,0,193.35,0.0,193.35,Card,Online
TXN-0018982,2026-08-22,DXB-004,Dubai,CUST-05854,P004,Monitor,Electronics,1,908.03,5,908.03,45.4,862.63,Card,Online
TXN-0019035,2026-08-22,DXB-003,Dubai,CUST-02072,P008,Desk,Furniture,1,772.36,0,772.36,0.0,772.36,Card,Online
TXN-0019061,2026-08-22,DXB-003,Dubai,CUST-04843,P003,Headphones,Electronics,2,342.29,0,684.58,0.0,684.58,Apple Pay,Store
TXN-0019145,2026-08-22,DXB-003,Dubai,CUST-05891,P006,Mouse,Accessories,1,97.64,5,97.64,4.88,92.76,Bank Transfer,Store
TXN-0019208,2026-08-22,DXB-005,Dubai,CUST-02348,P001,Laptop,Electronics,5,2765.47,15,13827.35,2074.1,11753.25,Cash,Store
TXN-0019245,2026-08-22,DXB-004,Dubai,CUST-03462,P001,Laptop,Electronics,1,2822.37,0,2822.37,0.0,2822.37,Card,Store
TXN-0019320,2026-08-22,DXB-003,Dubai,CUST-01083,P014,Power Bank,Electronics,1,144.99,0,144.99,0.0,144.99,Cash,Online
TXN-0019350,2026-08-22,DXB-003,Dubai,CUST-00261,P001,Laptop,Electronics,4,2880.87,5,11523.47,576.17,10947.29,Apple Pay,Online
TXN-0019358,2026-08-22,DXB-003,Dubai,CUST-02182,P015,Tablet,Electronics,1,1055.58,0,1055.58,0.0,1055.58,Card,Store
TXN-0019360,2026-08-22,DXB-004,Dubai,CUST-03734,P005,Keyboard,Accessories,1,187.31,5,187.31,9.37,177.95,Card,Online
TXN-0019424,2026-08-22,DXB-005,Dubai,CUST-07657,P006,Mouse,Accessories,1,114.64,0,114.64,0.0,114.64,Card,Store
TXN-0019467,2026-08-22,DXB-002,Dubai,CUST-01181,P007,Office Chair,Furniture,1,627.48,0,627.48,0.0,627.48,Card,Store
TXN-0019537,2026-08-22,DXB-003,Dubai,CUST-05338,P003,Headphones,Electronics,3,336.81,0,1010.43,0.0,1010.43,Bank Transfer,Store
TXN-0019539,2026-08-22,DXB-003,Dubai,CUST-05206,P010,Printer,Office,2,680.8,0,1361.59,0.0,1361.59,Card,Store
TXN-0019561,2026-08-22,DXB-002,Dubai,CUST-02535,P003,Headphones,Electronics,1,357.59,5,357.59,17.88,339.71,Bank Transfer,Online
TXN-0019600,2026-08-22,DXB-004,Dubai,CUST-05657,P006,Mouse,Accessories,1,101.94,0,101.94,0.0,101.94,Cash,Store
TXN-0019638,2026-08-22,DXB-001,Dubai,CUST-01539,P007,Office Chair,Furniture,2,670.07,15,1340.13,201.02,1139.11,Apple Pay,Online
TXN-0019696,2026-08-22,DXB-001,Dubai,CUST-03293,P011,Notebook,Stationery,1,25.51,0,25.51,0.0,25.51,Card,Online
TXN-0019833,2026-08-22,DXB-002,Dubai,CUST-03717,P011,Notebook,Stationery,1,27.41,5,27.41,1.37,26.04,Card,Store
TXN-0019865,2026-08-22,DXB-001,Dubai,CUST-03862,P006,Mouse,Accessories,2,103.54,10,207.08,20.71,186.37,Apple Pay,Online
TXN-0019889,2026-08-22,DXB-005,Dubai,CUST-06151,P013,USB Drive,Accessories,1,41.38,0,41.38,0.0,41.38,Card,Store
TXN-0019981,2026-08-22,DXB-003,Dubai,CUST-04742,P014,Power Bank,Electronics,3,143.12,5,429.37,21.47,407.9,Card,Store
TXN-0020014,2026-08-22,DXB-005,Dubai,CUST-01049,P004,Monitor,Electronics,2,904.64,10,1809.28,180.93,1628.35,Apple Pay,Store
TXN-0020134,2026-08-22,DXB-005,Dubai,CUST-05284,P003,Headphones,Electronics,1,376.84,10,376.84,37.68,339.16,Apple Pay,Store
TXN-0020199,2026-08-22,DXB-002,Dubai,CUST-03856,P006,Mouse,Accessories,3,107.51,20,322.52,64.5,258.02,Cash,Store
TXN-0020341,2026-08-22,DXB-001,Dubai,CUST-03081,P015,Tablet,Electronics,2,1288.91,10,2577.83,257.78,2320.04,Apple Pay,Store
TXN-0020353,2026-08-22,DXB-003,Dubai,CUST-02569,P007,Office Chair,Furniture,5,669.13,0,3345.63,0.0,3345.63,Card,Store
TXN-0020393,2026-08-22,DXB-003,Dubai,CUST-05135,P007,Office Chair,Furniture,4,649.28,15,2597.12,389.57,2207.55,Card,Online
TXN-0020480,2026-08-22,DXB-001,Dubai,CUST-00837,P011,Notebook,Stationery,3,24.3,15,72.91,10.94,61.97,Apple Pay,Store
TXN-0020496,2026-08-22,DXB-001,Dubai,CUST-02741,P007,Office Chair,Furniture,1,696.36,20,696.36,139.27,557.09,Apple Pay,Store
TXN-0020605,2026-08-22,DXB-004,Dubai,CUST-01253,P013,USB Drive,Accessories,5,48.59,10,242.93,24.29,218.64,Card,Store
TXN-0020637,2026-08-22,DXB-001,Dubai,CUST-04487,P006,Mouse,Accessories,3,107.8,10,323.39,32.34,291.05,Apple Pay,Store
TXN-0020655,2026-08-22,DXB-002,Dubai,CUST-06809,P004,Monitor,Electronics,1,860.19,15,860.19,129.03,731.16,Card,Store
TXN-0020690,2026-08-22,DXB-005,Dubai,CUST-00773,P002,Smartphone,Electronics,2,1812.95,0,3625.9,0.0,3625.9,Card,Store
TXN-0020796,2026-08-22,DXB-003,Dubai,CUST-06604,P003,Headphones,Electronics,1,338.05,10,338.05,33.8,304.24,Card,Online
TXN-0020918,2026-08-22,DXB-005,Dubai,CUST-00283,P004,Monitor,Electronics,2,877.05,5,1754.09,87.7,1666.39,Bank Transfer,Online
TXN-0020950,2026-08-22,DXB-004,Dubai,CUST-03424,P006,Mouse,Accessories,1,102.2,10,102.2,10.22,91.98,Card,Store
TXN-0020965,2026-08-22,DXB-001,Dubai,CUST-02907,P009,Backpack,Accessories,1,199.63,0,199.63,0.0,199.63,Cash,Online
TXN-0021067,2026-08-22,DXB-004,Dubai,CUST-03355,P007,Office Chair,Furniture,1,697.95,0,697.95,0.0,697.95,Card,Store
TXN-0021079,2026-08-22,DXB-001,Dubai,CUST-05088,P012,Pen Pack,Stationery,1,15.12,0,15.12,0.0,15.12,Card,Online
TXN-0021096,2026-08-22,DXB-003,Dubai,CUST-01621,P015,Tablet,Electronics,2,1180.0,5,2360.0,118.0,2242.0,Apple Pay,Store
TXN-0021114,2026-08-22,DXB-005,Dubai,CUST-06175,P011,Notebook,Stationery,1,23.92,20,23.92,4.78,19.14,Card,Store
TXN-0021147,2026-08-22,DXB-001,Dubai,CUST-05893,P004,Monitor,Electronics,5,869.61,0,4348.05,0.0,4348.05,Apple Pay,Store
TXN-0021148,2026-08-22,DXB-001,Dubai,CUST-04246,P014,Power Bank,Electronics,4,151.09,5,604.36,30.22,574.14,Apple Pay,Store
TXN-0021155,2026-08-22,DXB-003,Dubai,CUST-01734,P014,Power Bank,Electronics,2,148.54,0,297.07,0.0,297.07,Card,Store
TXN-0021165,2026-08-22,DXB-001,Dubai,CUST-03368,P011,Notebook,Stationery,1,26.09,0,26.09,0.0,26.09,Card,Store
TXN-0021397,2026-08-22,DXB-005,Dubai,CUST-02131,P007,Office Chair,Furniture,1,605.12,15,605.12,90.77,514.35,Card,Store
TXN-0021473,2026-08-22,DXB-005,Dubai,CUST-04947,P015,Tablet,Electronics,1,1073.73,10,1073.73,107.37,966.36,Card,Store
TXN-0021476,2026-08-22,DXB-002,Dubai,CUST-06159,P001,Laptop,Electronics,2,2835.31,10,5670.61,567.06,5103.55,Cash,Online
TXN-0021557,2026-08-22,DXB-003,Dubai,CUST-05151,P002,Smartphone,Electronics,1,1781.89,5,1781.89,89.09,1692.8,Cash,Store
TXN-0021599,2026-08-22,DXB-005,Dubai,CUST-00812,P002,Smartphone,Electronics,1,1914.65,0,1914.65,0.0,1914.65,Card,Store
TXN-0021609,2026-08-22,DXB-001,Dubai,CUST-01911,P015,Tablet,Electronics,1,1172.12,0,1172.12,0.0,1172.12,Card,Online
TXN-0021722,2026-08-22,DXB-001,Dubai,CUST-01301,P004,Monitor,Electronics,1,843.05,10,843.05,84.3,758.74,Apple Pay,Store
TXN-0021729,2026-08-22,DXB-002,Dubai,CUST-06343,P010,Printer,Office,1,695.36,5,695.36,34.77,660.6,Bank Transfer,Store
TXN-0021806,2026-08-22,DXB-005,Dubai,CUST-02574,P011,Notebook,Stationery,1,24.62,0,24.62,0.0,24.62,Card,Online
TXN-0021823,2026-08-22,DXB-004,Dubai,CUST-07829,P015,Tablet,Electronics,1,1315.96,0,1315.96,0.0,1315.96,Apple Pay,Store
TXN-0021870,2026-08-22,DXB-005,Dubai,CUST-07101,P008,Desk,Furniture,1,815.56,15,815.56,122.33,693.22,Card,Online
TXN-0021939,2026-08-22,DXB-004,Dubai,CUST-03683,P009,Backpack,Accessories,1,226.9,5,226.9,11.35,215.56,Card,Store
TXN-0021940,2026-08-22,DXB-005,Dubai,CUST-06522,P008,Desk,Furniture,2,782.76,0,1565.53,0.0,1565.53,Card,Store
TXN-0021948,2026-08-22,DXB-004,Dubai,CUST-07723,P006,Mouse,Accessories,1,96.18,10,96.18,9.62,86.56,Card,Online
TXN-0021979,2026-08-22,DXB-002,Dubai,CUST-00104,P006,Mouse,Accessories,2,94.62,0,189.24,0.0,189.24,Card,Store
TXN-0022036,2026-08-22,DXB-004,Dubai,CUST-07657,P015,Tablet,Electronics,1,1091.4,20,1091.4,218.28,873.12,Card,Online
TXN-0022073,2026-08-22,DXB-002,Dubai,CUST-06306,P001,Laptop,Electronics,3,2647.52,15,7942.55,1191.38,6751.17,Cash,Online
TXN-0022079,2026-08-22,DXB-004,Dubai,CUST-00321,P002,Smartphone,Electronics,1,2010.17,0,2010.17,0.0,2010.17,Apple Pay,Online
TXN-0022109,2026-08-22,DXB-003,Dubai,CUST-00950,P007,Office Chair,Furniture,1,681.42,15,681.42,102.21,579.21,Apple Pay,Online
TXN-0022143,2026-08-22,DXB-001,Dubai,CUST-06601,P013,USB Drive,Accessories,2,46.98,10,93.95,9.4,84.56,Card,Store
TXN-0022372,2026-08-22,DXB-001,Dubai,CUST-00308,P003,Headphones,Electronics,2,363.54,5,727.07,36.35,690.72,Card,Store
TXN-0022539,2026-08-22,DXB-001,Dubai,CUST-02291,P009,Backpack,Accessories,3,225.65,0,676.95,0.0,676.95,Card,Store
TXN-0022622,2026-08-22,DXB-004,Dubai,CUST-05537,P006,Mouse,Accessories,3,106.91,5,320.74,16.04,304.71,Card,Store
TXN-0022657,2026-08-22,DXB-003,Dubai,CUST-03004,P012,Pen Pack,Stationery,1,17.24,5,17.24,0.86,16.38,Card,Store
TXN-0022813,2026-08-22,DXB-003,Dubai,CUST-06845,P003,Headphones,Electronics,1,333.45,0,333.45,0.0,333.45,Apple Pay,Store
TXN-0022942,2026-08-22,DXB-004,Dubai,CUST-03912,P012,Pen Pack,Stationery,2,15.89,5,31.78,1.59,30.19,Card,Store
TXN-0022989,2026-08-22,DXB-004,Dubai,CUST-02089,P015,Tablet,Electronics,3,1215.63,0,3646.88,0.0,3646.88,Card,Store
TXN-0023000,2026-08-22,DXB-004,Dubai,CUST-02151,P009,Backpack,Accessories,1,224.98,20,224.98,45.0,179.98,Bank Transfer,Online
TXN-0023042,2026-08-22,DXB-001,Dubai,CUST-01495,P008,Desk,Furniture,1,828.34,5,828.34,41.42,786.93,Cash,Store
TXN-0023097,2026-08-22,DXB-005,Dubai,CUST-04098,P009,Backpack,Accessories,1,200.0,15,200.0,30.0,170.0,Apple Pay,Store
TXN-0023129,2026-08-22,DXB-002,Dubai,CUST-05319,P007,Office Chair,Furniture,3,735.41,0,2206.23,0.0,2206.23,Card,Store
TXN-0023216,2026-08-22,DXB-005,Dubai,CUST-00617,P002,Smartphone,Electronics,2,1633.85,0,3267.7,0.0,3267.7,Apple Pay,Store
TXN-0023286,2026-08-22,DXB-004,Dubai,CUST-02391,P004,Monitor,Electronics,1,914.59,10,914.59,91.46,823.13,Apple Pay,Store
TXN-0023295,2026-08-22,DXB-004,Dubai,CUST-06931,P008,Desk,Furniture,4,778.8,10,3115.2,311.52,2803.68,Card,Store
TXN-0023299,2026-08-22,DXB-005,Dubai,CUST-05947,P008,Desk,Furniture,1,723.08,0,723.08,0.0,723.08,Card,Store
TXN-0023319,2026-08-22,DXB-001,Dubai,CUST-05669,P008,Desk,Furniture,1,759.49,15,759.49,113.92,645.57,Cash,Store
TXN-0023362,2026-08-22,DXB-005,Dubai,CUST-05406,P013,USB Drive,Accessories,1,43.03,5,43.03,2.15,40.88,Card,Store
TXN-0023402,2026-08-22,DXB-001,Dubai,CUST-04347,P013,USB Drive,Accessories,1,39.26,20,39.26,7.85,31.41,Card,Online
TXN-0023487,2026-08-22,DXB-004,Dubai,CUST-00306,P003,Headphones,Electronics,1,370.95,0,370.95,0.0,370.95,Card,Store
TXN-0023647,2026-08-22,DXB-003,Dubai,CUST-06043,P015,Tablet,Electronics,1,1215.58,15,1215.58,182.34,1033.24,Card,Store
TXN-0023715,2026-08-22,DXB-004,Dubai,CUST-04126,P015,Tablet,Electronics,2,1211.61,10,2423.21,242.32,2180.89,Card,Online
TXN-0023747,2026-08-22,DXB-001,Dubai,CUST-05513,P014,Power Bank,Electronics,1,152.43,10,152.43,15.24,137.19,Card,Online
TXN-0023772,2026-08-22,DXB-004,Dubai,CUST-07396,P009,Backpack,Accessories,1,224.89,0,224.89,0.0,224.89,Card,Store
TXN-0023818,2026-08-22,DXB-005,Dubai,CUST-00135,P010,Printer,Office,1,727.56,5,727.56,36.38,691.18,Cash,Online
TXN-0023854,2026-08-22,DXB-003,Dubai,CUST-04405,P013,USB Drive,Accessories,1,44.77,15,44.77,6.72,38.05,Apple Pay,Store
TXN-0023923,2026-08-22,DXB-001,Dubai,CUST-05251,P005,Keyboard,Accessories,1,177.82,0,177.82,0.0,177.82,Card,Online
TXN-0023996,2026-08-22,DXB-004,Dubai,CUST-00297,P009,Backpack,Accessories,1,221.59,10,221.59,22.16,199.44,Card,Store
TXN-0023997,2026-08-22,DXB-002,Dubai,CUST-06932,P005,Keyboard,Accessories,4,179.03,15,716.1,107.42,608.69,Card,Store
TXN-0024015,2026-08-22,DXB-004,Dubai,CUST-07581,P005,Keyboard,Accessories,4,174.45,5,697.79,34.89,662.9,Cash,Online
TXN-0024030,2026-08-22,DXB-004,Dubai,CUST-07007,P015,Tablet,Electronics,3,1231.99,0,3695.98,0.0,3695.98,Cash,Store
TXN-0024160,2026-08-22,DXB-001,Dubai,CUST-02381,P008,Desk,Furniture,1,814.26,10,814.26,81.43,732.83,Apple Pay,Online
TXN-0024188,2026-08-22,DXB-001,Dubai,CUST-00751,P003,Headphones,Electronics,3,351.45,0,1054.36,0.0,1054.36,Apple Pay,Store
TXN-0024192,2026-08-22,DXB-004,Dubai,CUST-00331,P007,Office Chair,Furniture,2,655.04,10,1310.09,131.01,1179.08,Apple Pay,Online
TXN-0024207,2026-08-22,DXB-001,Dubai,CUST-03665,P006,Mouse,Accessories,4,92.54,10,370.14,37.01,333.13,Card,Store
TXN-0024242,2026-08-22,DXB-005,Dubai,CUST-05470,P003,Headphones,Electronics,1,356.98,10,356.98,35.7,321.28,Card,Store
TXN-0024353,2026-08-22,DXB-003,Dubai,CUST-05770,P007,Office Chair,Furniture,1,709.11,5,709.11,35.46,673.65,Card,Store
TXN-0024372,2026-08-22,DXB-002,Dubai,CUST-06583,P006,Mouse,Accessories,1,112.37,15,112.37,16.86,95.52,Card,Store
TXN-0024429,2026-08-22,DXB-003,Dubai,CUST-01777,P002,Smartphone,Electronics,1,1852.78,0,1852.78,0.0,1852.78,Card,Store
TXN-0024441,2026-08-22,DXB-002,Dubai,CUST-00094,P007,Office Chair,Furniture,3,694.73,0,2084.18,0.0,2084.18,Card,Store
TXN-0024527,2026-08-22,DXB-003,Dubai,CUST-00456,P014,Power Bank,Electronics,3,136.99,20,410.97,82.19,328.77,Card,Store
TXN-0024551,2026-08-22,DXB-002,Dubai,CUST-01311,P013,USB Drive,Accessories,4,48.67,0,194.7,0.0,194.7,Cash,Store
TXN-0024650,2026-08-22,DXB-003,Dubai,CUST-06933,P012,Pen Pack,Stationery,2,14.23,0,28.45,0.0,28.45,Cash,Store
TXN-0024808,2026-08-22,DXB-005,Dubai,CUST-00027,P015,Tablet,Electronics,1,1172.27,0,1172.27,0.0,1172.27,Apple Pay,Online
TXN-0024916,2026-08-22,DXB-001,Dubai,CUST-00548,P010,Printer,Office,2,650.02,0,1300.04,0.0,1300.04,Card,Store
TXN-0024996,2026-08-22,DXB-001,Dubai,CUST-06156,P015,Tablet,Electronics,2,1191.97,5,2383.94,119.2,2264.74,Card,Online
TXN-0025007,2026-08-22,DXB-003,Dubai,CUST-02327,P010,Printer,Office,3,764.06,15,2292.19,343.83,1948.36,Apple Pay,Store
TXN-0025042,2026-08-22,DXB-001,Dubai,CUST-05220,P006,Mouse,Accessories,2,97.58,0,195.17,0.0,195.17,Card,Store
TXN-0025097,2026-08-22,DXB-001,Dubai,CUST-06089,P006,Mouse,Accessories,1,103.01,15,103.01,15.45,87.56,Card,Store
TXN-0025100,2026-08-22,DXB-003,Dubai,CUST-07562,P010,Printer,Office,3,702.32,10,2106.95,210.69,1896.25,Apple Pay,Store
TXN-0025152,2026-08-22,DXB-004,Dubai,CUST-05500,P002,Smartphone,Electronics,3,1707.16,5,5121.47,256.07,4865.4,Card,Online
TXN-0025169,2026-08-22,DXB-003,Dubai,CUST-07281,P014,Power Bank,Electronics,4,147.66,0,590.64,0.0,590.64,Bank Transfer,Store
TXN-0025177,2026-08-22,DXB-001,Dubai,CUST-05656,P014,Power Bank,Electronics,1,140.4,10,140.4,14.04,126.36,Card,Online
TXN-0025200,2026-08-22,DXB-001,Dubai,CUST-03255,P004,Monitor,Electronics,6,813.58,0,4881.48,0.0,4881.48,Card,Store
TXN-0025245,2026-08-22,DXB-001,Dubai,CUST-02492,P006,Mouse,Accessories,3,90.49,0,271.46,0.0,271.46,Apple Pay,Store
TXN-0025319,2026-08-22,DXB-003,Dubai,CUST-00962,P011,Notebook,Stationery,2,26.11,0,52.21,0.0,52.21,Apple Pay,Store
TXN-0025427,2026-08-22,DXB-001,Dubai,CUST-05111,P011,Notebook,Stationery,1,24.82,20,24.82,4.96,19.86,Bank Transfer,Store
TXN-0025438,2026-08-22,DXB-004,Dubai,CUST-07951,P015,Tablet,Electronics,2,1197.5,0,2395.0,0.0,2395.0,Cash,Store
TXN-0025465,2026-08-22,DXB-005,Dubai,CUST-01045,P015,Tablet,Electronics,1,1234.73,0,1234.73,0.0,1234.73,Apple Pay,Store
TXN-0025498,2026-08-22,DXB-002,Dubai,CUST-05177,P004,Monitor,Electronics,1,863.44,5,863.44,43.17,820.27,Bank Transfer,Online
TXN-0025520,2026-08-22,DXB-001,Dubai,CUST-00137,P012,Pen Pack,Stationery,1,15.29,0,15.29,0.0,15.29,Card,Store
TXN-0025539,2026-08-22,DXB-001,Dubai,CUST-04901,P011,Notebook,Stationery,1,25.49,0,25.49,0.0,25.49,Bank Transfer,Store
TXN-0025563,2026-08-22,DXB-004,Dubai,CUST-07325,P004,Monitor,Electronics,4,800.88,10,3203.54,320.35,2883.19,Card,Online
TXN-0025749,2026-08-22,DXB-003,Dubai,CUST-07198,P002,Smartphone,Electronics,3,1741.79,0,5225.36,0.0,5225.36,Card,Store
TXN-0025752,2026-08-22,DXB-004,Dubai,CUST-06013,P002,Smartphone,Electronics,1,1652.22,10,1652.22,165.22,1487.0,Apple Pay,Store
TXN-0025863,2026-08-22,DXB-005,Dubai,CUST-04034,P001,Laptop,Electronics,4,2842.68,5,11370.71,568.54,10802.17,Card,Store
TXN-0025903,2026-08-22,DXB-004,Dubai,CUST-03735,P007,Office Chair,Furniture,1,650.46,5,650.46,32.52,617.93,Card,Store
TXN-0025916,2026-08-22,DXB-004,Dubai,CUST-07669,P013,USB Drive,Accessories,2,45.62,5,91.23,4.56,86.67,Cash,Store
TXN-0025944,2026-08-22,DXB-002,Dubai,CUST-07320,P013,USB Drive,Accessories,2,41.35,0,82.7,0.0,82.7,Card,Store
TXN-0025970,2026-08-22,DXB-003,Dubai,CUST-04093,P014,Power Bank,Electronics,2,147.12,5,294.25,14.71,279.54,Cash,Store
TXN-0025986,2026-08-22,DXB-001,Dubai,CUST-05955,P008,Desk,Furniture,2,752.73,0,1505.46,0.0,1505.46,Cash,Online
TXN-0026020,2026-08-22,DXB-001,Dubai,CUST-02451,P006,Mouse,Accessories,3,112.54,15,337.61,50.64,286.97,Bank Transfer,Online
TXN-0026039,2026-08-22,DXB-004,Dubai,CUST-03399,P012,Pen Pack,Stationery,1,15.45,10,15.45,1.55,13.91,Card,Store
TXN-0026061,2026-08-22,DXB-001,Dubai,CUST-04948,P008,Desk,Furniture,1,714.38,15,714.38,107.16,607.23,Bank Transfer,Store
TXN-0026089,2026-08-22,DXB-004,Dubai,CUST-06459,P010,Printer,Office,2,674.72,0,1349.44,0.0,1349.44,Card,Online
TXN-0026118,2026-08-22,DXB-005,Dubai,CUST-06280,P010,Printer,Office,2,748.7,0,1497.39,0.0,1497.39,Apple Pay,Online
TXN-0026163,2026-08-22,DXB-001,Dubai,CUST-00935,P010,Printer,Office,1,717.84,0,717.84,0.0,717.84,Card,Store
TXN-0026190,2026-08-22,DXB-005,Dubai,CUST-01745,P002,Smartphone,Electronics,2,1862.93,0,3725.87,0.0,3725.87,Card,Store
TXN-0026290,2026-08-22,DXB-002,Dubai,CUST-03682,P007,Office Chair,Furniture,2,620.78,15,1241.57,186.23,1055.33,Apple Pay,Store
TXN-0026306,2026-08-22,DXB-001,Dubai,CUST-06335,P015,Tablet,Electronics,3,1164.1,0,3492.31,0.0,3492.31,Cash,Online
TXN-0026414,2026-08-22,DXB-004,Dubai,CUST-06699,P013,USB Drive,Accessories,1,39.88,0,39.88,0.0,39.88,Bank Transfer,Online
TXN-0026428,2026-08-22,DXB-002,Dubai,CUST-00985,P014,Power Bank,Electronics,1,153.77,10,153.77,15.38,138.39,Apple Pay,Store
TXN-0026506,2026-08-22,DXB-003,Dubai,CUST-01567,P013,USB Drive,Accessories,3,44.97,20,134.92,26.98,107.94,Cash,Store
TXN-0026719,2026-08-22,DXB-002,Dubai,CUST-04740,P013,USB Drive,Accessories,1,50.34,10,50.34,5.03,45.3,Cash,Store
TXN-0026734,2026-08-22,DXB-002,Dubai,CUST-04816,P013,USB Drive,Accessories,4,39.98,0,159.93,0.0,159.93,Card,Online
TXN-0026796,2026-08-22,DXB-001,Dubai,CUST-00080,P005,Keyboard,Accessories,1,182.96,20,182.96,36.59,146.37,Card,Online
TXN-0026819,2026-08-22,DXB-002,Dubai,CUST-04500,P003,Headphones,Electronics,1,340.7,0,340.7,0.0,340.7,Card,Store
TXN-0026836,2026-08-22,DXB-001,Dubai,CUST-05830,P007,Office Chair,Furniture,1,644.07,5,644.07,32.2,611.87,Bank Transfer,Store
TXN-0026859,2026-08-22,DXB-003,Dubai,CUST-00396,P002,Smartphone,Electronics,1,1951.95,10,1951.95,195.19,1756.75,Apple Pay,Store
TXN-0026886,2026-08-22,DXB-003,Dubai,CUST-03913,P008,Desk,Furniture,1,807.67,5,807.67,40.38,767.28,Card,Store
TXN-0026890,2026-08-22,DXB-004,Dubai,CUST-04115,P004,Monitor,Electronics,2,888.5,0,1777.01,0.0,1777.01,Card,Store
TXN-0026961,2026-08-22,DXB-003,Dubai,CUST-04472,P002,Smartphone,Electronics,1,1745.93,10,1745.93,174.59,1571.34,Cash,Store
TXN-0026970,2026-08-22,DXB-001,Dubai,CUST-01245,P013,USB Drive,Accessories,1,49.37,5,49.37,2.47,46.9,Card,Online
TXN-0026988,2026-08-22,DXB-004,Dubai,CUST-03391,P013,USB Drive,Accessories,1,44.04,0,44.04,0.0,44.04,Cash,Store
TXN-0027015,2026-08-22,DXB-001,Dubai,CUST-05206,P008,Desk,Furniture,6,864.98,0,5189.9,0.0,5189.9,Apple Pay,Store
TXN-0027113,2026-08-22,DXB-001,Dubai,CUST-04853,P011,Notebook,Stationery,4,24.36,5,97.46,4.87,92.59,Card,Online
TXN-0027149,2026-08-22,DXB-002,Dubai,CUST-03349,P007,Office Chair,Furniture,3,679.87,0,2039.6,0.0,2039.6,Cash,Online
TXN-0027218,2026-08-22,DXB-003,Dubai,CUST-00015,P005,Keyboard,Accessories,1,172.28,5,172.28,8.61,163.66,Cash,Store
TXN-0027235,2026-08-22,DXB-001,Dubai,CUST-05020,P004,Monitor,Electronics,2,913.52,10,1827.03,182.7,1644.33,Cash,Online
TXN-0027286,2026-08-22,DXB-002,Dubai,CUST-02235,P010,Printer,Office,2,749.23,5,1498.46,74.92,1423.53,Card,Store
TXN-0027319,2026-08-22,DXB-003,Dubai,CUST-01521,P013,USB Drive,Accessories,2,46.02,10,92.04,9.2,82.84,Apple Pay,Store
TXN-0027378,2026-08-22,DXB-003,Dubai,CUST-01615,P011,Notebook,Stationery,1,26.53,0,26.53,0.0,26.53,Card,Store
TXN-0027465,2026-08-22,DXB-005,Dubai,CUST-03074,P007,Office Chair,Furniture,6,605.09,5,3630.53,181.53,3449.0,Card,Store
TXN-0027515,2026-08-22,DXB-004,Dubai,CUST-05507,P003,Headphones,Electronics,1,430.12,15,430.12,64.52,365.6,Card,Online
TXN-0027527,2026-08-22,DXB-002,Dubai,CUST-06643,P006,Mouse,Accessories,1,105.03,0,105.03,0.0,105.03,Card,Online
TXN-0027544,2026-08-22,DXB-001,Dubai,CUST-05642,P015,Tablet,Electronics,1,1355.04,5,1355.04,67.75,1287.29,Bank Transfer,Store
TXN-0027562,2026-08-22,DXB-004,Dubai,CUST-07433,P003,Headphones,Electronics,1,360.78,0,360.78,0.0,360.78,Bank Transfer,Store
TXN-0027596,2026-08-22,DXB-004,Dubai,CUST-00328,P006,Mouse,Accessories,5,101.96,0,509.82,0.0,509.82,Card,Store
TXN-0027611,2026-08-22,DXB-003,Dubai,CUST-00888,P011,Notebook,Stationery,3,24.96,10,74.89,7.49,67.4,Cash,Online
TXN-0027743,2026-08-22,DXB-003,Dubai,CUST-01900,P006,Mouse,Accessories,1,98.82,0,98.82,0.0,98.82,Card,Store
TXN-0027798,2026-08-22,DXB-001,Dubai,CUST-00801,P012,Pen Pack,Stationery,1,14.19,0,14.19,0.0,14.19,Bank Transfer,Store
TXN-0027823,2026-08-22,DXB-001,Dubai,CUST-07958,P003,Headphones,Electronics,1,358.52,0,358.52,0.0,358.52,Card,Store
TXN-0027854,2026-08-22,DXB-005,Dubai,CUST-00286,P004,Monitor,Electronics,1,857.48,20,857.48,171.5,685.99,Card,Online
TXN-0027916,2026-08-22,DXB-002,Dubai,CUST-01355,P007,Office Chair,Furniture,3,615.94,0,1847.83,0.0,1847.83,Cash,Store
TXN-0028019,2026-08-22,DXB-002,Dubai,CUST-06581,P007,Office Chair,Furniture,1,581.95,15,581.95,87.29,494.66,Cash,Online
TXN-0028062,2026-08-22,DXB-003,Dubai,CUST-04807,P008,Desk,Furniture,2,785.74,10,1571.48,157.15,1414.34,Cash,Store
TXN-0028110,2026-08-22,DXB-005,Dubai,CUST-00967,P002,Smartphone,Electronics,3,1892.99,10,5678.96,567.9,5111.06,Bank Transfer,Store
TXN-0028125,2026-08-22,DXB-001,Dubai,CUST-07894,P002,Smartphone,Electronics,1,1769.19,5,1769.19,88.46,1680.73,Card,Store
TXN-0028152,2026-08-22,DXB-002,Dubai,CUST-01905,P010,Printer,Office,2,727.17,10,1454.34,145.43,1308.91,Card,Store
TXN-0028171,2026-08-22,DXB-004,Dubai,CUST-00605,P004,Monitor,Electronics,1,864.06,5,864.06,43.2,820.86,Card,Store
TXN-0028230,2026-08-22,DXB-003,Dubai,CUST-03104,P009,Backpack,Accessories,3,236.43,15,709.28,106.39,602.89,Apple Pay,Store
TXN-0028246,2026-08-22,DXB-001,Dubai,CUST-07892,P011,Notebook,Stationery,1,24.55,0,24.55,0.0,24.55,Card,Store
TXN-0028259,2026-08-22,DXB-004,Dubai,CUST-05317,P005,Keyboard,Accessories,2,181.65,0,363.31,0.0,363.31,Cash,Store
TXN-0028289,2026-08-22,DXB-004,Dubai,CUST-07021,P009,Backpack,Accessories,1,216.46,15,216.46,32.47,183.99,Cash,Store
TXN-0028310,2026-08-22,DXB-001,Dubai,CUST-05203,P014,Power Bank,Electronics,3,128.46,0,385.37,0.0,385.37,Apple Pay,Online
TXN-0028465,2026-08-22,DXB-001,Dubai,CUST-03164,P008,Desk,Furniture,1,860.77,5,860.77,43.04,817.73,Cash,Store
TXN-0028529,2026-08-22,DXB-003,Dubai,CUST-06183,P011,Notebook,Stationery,2,25.05,10,50.11,5.01,45.1,Bank Transfer,Online
TXN-0028550,2026-08-22,DXB-001,Dubai,CUST-04463,P004,Monitor,Electronics,3,883.46,0,2650.39,0.0,2650.39,Apple Pay,Online
TXN-0028573,2026-08-22,DXB-002,Dubai,CUST-03900,P002,Smartphone,Electronics,1,1781.78,5,1781.78,89.09,1692.69,Cash,Store
TXN-0028585,2026-08-22,DXB-003,Dubai,CUST-00225,P007,Office Chair,Furniture,3,588.46,15,1765.38,264.81,1500.57,Cash,Store
TXN-0028775,2026-08-22,DXB-001,Dubai,CUST-05092,P006,Mouse,Accessories,2,107.76,15,215.51,32.33,183.19,Apple Pay,Store
TXN-0028776,2026-08-22,DXB-003,Dubai,CUST-00487,P006,Mouse,Accessories,1,102.1,5,102.1,5.1,96.99,Card,Store
TXN-0028846,2026-08-22,DXB-003,Dubai,CUST-00068,P004,Monitor,Electronics,2,939.28,0,1878.56,0.0,1878.56,Cash,Online
TXN-0028858,2026-08-22,DXB-003,Dubai,CUST-03005,P011,Notebook,Stationery,2,24.31,10,48.63,4.86,43.76,Bank Transfer,Online
TXN-0028869,2026-08-22,DXB-003,Dubai,CUST-02297,P003,Headphones,Electronics,1,376.45,0,376.45,0.0,376.45,Apple Pay,Online
TXN-0028909,2026-08-22,DXB-003,Dubai,CUST-02897,P015,Tablet,Electronics,2,1153.12,5,2306.24,115.31,2190.92,Card,Store
TXN-0028927,2026-08-22,DXB-002,Dubai,CUST-04513,P004,Monitor,Electronics,2,847.33,20,1694.66,338.93,1355.73,Bank Transfer,Online
TXN-0028950,2026-08-22,DXB-002,Dubai,CUST-05037,P007,Office Chair,Furniture,6,661.45,0,3968.7,0.0,3968.7,Cash,Online
TXN-0028973,2026-08-22,DXB-004,Dubai,CUST-00976,P004,Monitor,Electronics,1,965.42,0,965.42,0.0,965.42,Card,Store
TXN-0028975,2026-08-22,DXB-002,Dubai,CUST-06341,P012,Pen Pack,Stationery,1,14.77,0,14.77,0.0,14.77,Apple Pay,Online
TXN-0029238,2026-08-22,DXB-001,Dubai,CUST-07322,P008,Desk,Furniture,1,827.85,0,827.85,0.0,827.85,Cash,Store
TXN-0029345,2026-08-22,DXB-003,Dubai,CUST-04921,P011,Notebook,Stationery,1,24.02,0,24.02,0.0,24.02,Card,Online
TXN-0029370,2026-08-22,DXB-001,Dubai,CUST-03219,P014,Power Bank,Electronics,1,159.77,20,159.77,31.95,127.82,Bank Transfer,Store
TXN-0029672,2026-08-22,DXB-005,Dubai,CUST-00117,P012,Pen Pack,Stationery,1,14.4,20,14.4,2.88,11.52,Apple Pay,Store
TXN-0029745,2026-08-22,DXB-003,Dubai,CUST-01414,P013,USB Drive,Accessories,2,43.95,0,87.9,0.0,87.9,Card,Store
TXN-0029791,2026-08-22,DXB-005,Dubai,CUST-05916,P010,Printer,Office,1,748.84,10,748.84,74.88,673.95,Card,Online
TXN-0029804,2026-08-22,DXB-002,Dubai,CUST-06415,P011,Notebook,Stationery,1,25.63,10,25.63,2.56,23.07,Cash,Store
TXN-0029824,2026-08-22,DXB-004,Dubai,CUST-00720,P014,Power Bank,Electronics,1,152.02,15,152.02,22.8,129.22,Card,Online
TXN-0029828,2026-08-22,DXB-001,Dubai,CUST-07927,P003,Headphones,Electronics,1,366.41,10,366.41,36.64,329.77,Cash,Store
TXN-0029939,2026-08-22,DXB-004,Dubai,CUST-02853,P005,Keyboard,Accessories,2,181.23,0,362.46,0.0,362.46,Cash,Store
TXN-0030078,2026-08-22,DXB-004,Dubai,CUST-03287,P006,Mouse,Accessories,2,95.38,0,190.76,0.0,190.76,Cash,Online
TXN-0030175,2026-08-22,DXB-002,Dubai,CUST-01561,P010,Printer,Office,1,632.0,0,632.0,0.0,632.0,Card,Online
TXN-0030204,2026-08-22,DXB-001,Dubai,CUST-00802,P011,Notebook,Stationery,1,25.02,15,25.02,3.75,21.27,Apple Pay,Store
TXN-0030261,2026-08-22,DXB-004,Dubai,CUST-02964,P001,Laptop,Electronics,1,2788.36,5,2788.36,139.42,2648.94,Card,Store
TXN-0030279,2026-08-22,DXB-002,Dubai,CUST-05751,P007,Office Chair,Furniture,3,640.99,0,1922.98,0.0,1922.98,Card,Store
TXN-0030295,2026-08-22,DXB-003,Dubai,CUST-04291,P011,Notebook,Stationery,1,24.56,5,24.56,1.23,23.33,Apple Pay,Online
TXN-0030342,2026-08-22,DXB-005,Dubai,CUST-03470,P008,Desk,Furniture,6,896.08,5,5376.46,268.82,5107.63,Apple Pay,Store
TXN-0030415,2026-08-22,DXB-001,Dubai,CUST-01010,P011,Notebook,Stationery,2,26.17,5,52.33,2.62,49.72,Card,Store
TXN-0030580,2026-08-22,DXB-003,Dubai,CUST-06056,P001,Laptop,Electronics,1,2761.28,5,2761.28,138.06,2623.22,Card,Store
TXN-0030614,2026-08-22,DXB-002,Dubai,CUST-04934,P013,USB Drive,Accessories,2,44.28,10,88.57,8.86,79.71,Apple Pay,Store
TXN-0030712,2026-08-22,DXB-001,Dubai,CUST-07867,P001,Laptop,Electronics,2,2957.08,5,5914.15,295.71,5618.44,Card,Store
TXN-0030852,2026-08-22,DXB-003,Dubai,CUST-01228,P003,Headphones,Electronics,1,377.12,0,377.12,0.0,377.12,Card,Store
TXN-0030897,2026-08-22,DXB-001,Dubai,CUST-03459,P009,Backpack,Accessories,2,217.54,10,435.09,43.51,391.58,Cash,Online
TXN-0030944,2026-08-22,DXB-001,Dubai,CUST-04238,P011,Notebook,Stationery,2,25.4,0,50.81,0.0,50.81,Bank Transfer,Store
TXN-0030951,2026-08-22,DXB-002,Dubai,CUST-06682,P009,Backpack,Accessories,1,219.34,0,219.34,0.0,219.34,Cash,Store
TXN-0031037,2026-08-22,DXB-005,Dubai,CUST-01746,P001,Laptop,Electronics,1,2742.88,0,2742.88,0.0,2742.88,Card,Online
TXN-0031093,2026-08-22,DXB-005,Dubai,CUST-05729,P002,Smartphone,Electronics,1,1903.52,5,1903.52,95.18,1808.35,Cash,Store
TXN-0031224,2026-08-22,DXB-002,Dubai,CUST-07265,P010,Printer,Office,3,775.85,15,2327.56,349.13,1978.42,Apple Pay,Online
TXN-0031244,2026-08-22,DXB-003,Dubai,CUST-03007,P014,Power Bank,Electronics,1,147.15,10,147.15,14.71,132.43,Card,Store
TXN-0031401,2026-08-22,DXB-003,Dubai,CUST-07973,P001,Laptop,Electronics,1,2932.65,15,2932.65,439.9,2492.75,Card,Store
TXN-0031501,2026-08-22,DXB-004,Dubai,CUST-01727,P005,Keyboard,Accessories,1,170.4,0,170.4,0.0,170.4,Apple Pay,Store
TXN-0031560,2026-08-22,DXB-005,Dubai,CUST-02670,P003,Headphones,Electronics,1,380.32,20,380.32,76.06,304.25,Card,Online
TXN-0031579,2026-08-22,DXB-003,Dubai,CUST-05125,P002,Smartphone,Electronics,3,1814.4,0,5443.21,0.0,5443.21,Card,Store
TXN-0031590,2026-08-22,DXB-002,Dubai,CUST-03575,P002,Smartphone,Electronics,4,1860.28,5,7441.13,372.06,7069.07,Cash,Store
TXN-0031719,2026-08-22,DXB-001,Dubai,CUST-02350,P011,Notebook,Stationery,3,27.88,0,83.64,0.0,83.64,Bank Transfer,Online
TXN-0031738,2026-08-22,DXB-003,Dubai,CUST-05444,P015,Tablet,Electronics,1,1202.2,0,1202.2,0.0,1202.2,Card,Store
TXN-0031882,2026-08-22,DXB-003,Dubai,CUST-05267,P014,Power Bank,Electronics,1,158.02,10,158.02,15.8,142.22,Card,Store
TXN-0031987,2026-08-22,DXB-001,Dubai,CUST-06186,P001,Laptop,Electronics,1,2857.49,5,2857.49,142.87,2714.61,Card,Store
TXN-0032194,2026-08-22,DXB-002,Dubai,CUST-07085,P010,Printer,Office,1,733.75,10,733.75,73.37,660.37,Card,Online
TXN-0032198,2026-08-22,DXB-005,Dubai,CUST-01772,P010,Printer,Office,5,732.63,10,3663.13,366.31,3296.81,Card,Store
TXN-0032227,2026-08-22,DXB-005,Dubai,CUST-00213,P005,Keyboard,Accessories,4,191.63,0,766.53,0.0,766.53,Card,Store
TXN-0032258,2026-08-22,DXB-001,Dubai,CUST-03200,P010,Printer,Office,2,699.1,10,1398.2,139.82,1258.38,Card,Store
TXN-0032346,2026-08-22,DXB-001,Dubai,CUST-06541,P011,Notebook,Stationery,1,25.93,20,25.93,5.19,20.75,Apple Pay,Store
TXN-0032493,2026-08-22,DXB-001,Dubai,CUST-03652,P010,Printer,Office,1,723.97,15,723.97,108.6,615.37,Card,Online
TXN-0032498,2026-08-22,DXB-002,Dubai,CUST-05820,P011,Notebook,Stationery,1,23.31,5,23.31,1.17,22.14,Card,Store
TXN-0032519,2026-08-22,DXB-004,Dubai,CUST-01932,P012,Pen Pack,Stationery,1,14.36,0,14.36,0.0,14.36,Cash,Online
TXN-0032551,2026-08-22,DXB-003,Dubai,CUST-03375,P011,Notebook,Stationery,1,22.35,0,22.35,0.0,22.35,Card,Online
TXN-0032600,2026-08-22,DXB-003,Dubai,CUST-03809,P010,Printer,Office,2,727.0,10,1454.0,145.4,1308.6,Cash,Store
TXN-0032689,2026-08-22,DXB-002,Dubai,CUST-03173,P009,Backpack,Accessories,2,221.19,10,442.38,44.24,398.15,Card,Online
TXN-0032712,2026-08-22,DXB-001,Dubai,CUST-05852,P010,Printer,Office,2,741.27,10,1482.55,148.25,1334.29,Card,Store
TXN-0032738,2026-08-22,DXB-003,Dubai,CUST-05269,P011,Notebook,Stationery,1,26.15,5,26.15,1.31,24.84,Card,Online
TXN-0033078,2026-08-22,DXB-002,Dubai,CUST-07466,P014,Power Bank,Electronics,2,150.66,5,301.31,15.07,286.25,Bank Transfer,Store
TXN-0033087,2026-08-22,DXB-003,Dubai,CUST-07925,P004,Monitor,Electronics,2,951.32,5,1902.65,95.13,1807.52,Apple Pay,Store
TXN-0033169,2026-08-22,DXB-004,Dubai,CUST-03802,P008,Desk,Furniture,2,843.14,15,1686.29,252.94,1433.34,Card,Store
TXN-0033191,2026-08-22,DXB-004,Dubai,CUST-03173,P002,Smartphone,Electronics,2,1759.77,10,3519.53,351.95,3167.58,Card,Store
TXN-0033197,2026-08-22,DXB-001,Dubai,CUST-07329,P010,Printer,Office,1,715.68,5,715.68,35.78,679.9,Card,Store
TXN-0033272,2026-08-22,DXB-002,Dubai,CUST-04382,P015,Tablet,Electronics,1,1197.96,20,1197.96,239.59,958.37,Cash,Store
TXN-0033446,2026-08-22,DXB-002,Dubai,CUST-06686,P006,Mouse,Accessories,2,107.17,10,214.34,21.43,192.91,Apple Pay,Online
TXN-0033470,2026-08-22,DXB-003,Dubai,CUST-00713,P003,Headphones,Electronics,1,351.66,5,351.66,17.58,334.08,Cash,Store
TXN-0033485,2026-08-22,DXB-001,Dubai,CUST-05645,P002,Smartphone,Electronics,1,1762.24,0,1762.24,0.0,1762.24,Apple Pay,Online
TXN-0033499,2026-08-22,DXB-001,Dubai,CUST-05238,P015,Tablet,Electronics,3,1162.6,0,3487.8,0.0,3487.8,Card,Store
TXN-0033545,2026-08-22,DXB-004,Dubai,CUST-04387,P014,Power Bank,Electronics,3,144.89,5,434.68,21.73,412.95,Cash,Store
TXN-0033667,2026-08-22,DXB-004,Dubai,CUST-01347,P001,Laptop,Electronics,1,2702.9,0,2702.9,0.0,2702.9,Card,Store
TXN-0033676,2026-08-22,DXB-001,Dubai,CUST-04741,P011,Notebook,Stationery,1,25.67,0,25.67,0.0,25.67,Card,Store
TXN-0033684,2026-08-22,DXB-003,Dubai,CUST-05047,P010,Printer,Office,3,695.39,10,2086.17,208.62,1877.56,Card,Online
TXN-0033695,2026-08-22,DXB-002,Dubai,CUST-05472,P015,Tablet,Electronics,3,1211.22,0,3633.67,0.0,3633.67,Card,Online
TXN-0033700,2026-08-22,DXB-001,Dubai,CUST-02013,P005,Keyboard,Accessories,1,164.58,10,164.58,16.46,148.12,Card,Store
TXN-0033712,2026-08-22,DXB-001,Dubai,CUST-05618,P007,Office Chair,Furniture,1,662.09,15,662.09,99.31,562.78,Card,Store
TXN-0033734,2026-08-22,DXB-002,Dubai,CUST-05182,P006,Mouse,Accessories,1,93.65,10,93.65,9.36,84.28,Apple Pay,Online
TXN-0033847,2026-08-22,DXB-004,Dubai,CUST-07375,P008,Desk,Furniture,1,690.37,0,690.37,0.0,690.37,Cash,Online
TXN-0033936,2026-08-22,DXB-001,Dubai,CUST-07344,P005,Keyboard,Accessories,2,165.67,10,331.34,33.13,298.21,Apple Pay,Store
TXN-0033947,2026-08-22,DXB-002,Dubai,CUST-06691,P002,Smartphone,Electronics,1,1874.56,0,1874.56,0.0,1874.56,Card,Store
TXN-0034047,2026-08-22,DXB-001,Dubai,CUST-03054,P013,USB Drive,Accessories,1,48.44,0,48.44,0.0,48.44,Card,Store
TXN-0034069,2026-08-22,DXB-001,Dubai,CUST-05698,P011,Notebook,Stationery,3,26.2,0,78.61,0.0,78.61,Card,Store
TXN-0034118,2026-08-22,DXB-001,Dubai,CUST-04033,P004,Monitor,Electronics,1,957.89,10,957.89,95.79,862.1,Bank Transfer,Online
TXN-0034398,2026-08-22,DXB-003,Dubai,CUST-02398,P014,Power Bank,Electronics,1,142.99,0,142.99,0.0,142.99,Card,Online
TXN-0034421,2026-08-22,DXB-004,Dubai,CUST-02165,P006,Mouse,Accessories,2,94.94,10,189.89,18.99,170.9,Card,Store
TXN-0034445,2026-08-22,DXB-003,Dubai,CUST-01581,P008,Desk,Furniture,6,848.52,5,5091.14,254.56,4836.58,Cash,Store
TXN-0034453,2026-08-22,DXB-003,Dubai,CUST-05835,P014,Power Bank,Electronics,1,151.89,0,151.89,0.0,151.89,Cash,Store
TXN-0034454,2026-08-22,DXB-003,Dubai,CUST-06464,P001,Laptop,Electronics,1,2804.45,0,2804.45,0.0,2804.45,Apple Pay,Online
TXN-0034461,2026-08-22,DXB-001,Dubai,CUST-07049,P002,Smartphone,Electronics,1,1974.63,5,1974.63,98.73,1875.89,Card,Store
TXN-0034529,2026-08-22,DXB-003,Dubai,CUST-06876,P015,Tablet,Electronics,1,1141.97,5,1141.97,57.1,1084.88,Cash,Online
TXN-0034596,2026-08-22,DXB-005,Dubai,CUST-06088,P011,Notebook,Stationery,1,23.7,5,23.7,1.18,22.51,Card,Store
TXN-0034604,2026-08-22,DXB-004,Dubai,CUST-00943,P015,Tablet,Electronics,1,1201.31,5,1201.31,60.07,1141.25,Card,Store
TXN-0034725,2026-08-22,DXB-002,Dubai,CUST-05987,P010,Printer,Office,3,745.07,15,2235.22,335.28,1899.94,Card,Store
TXN-0034775,2026-08-22,DXB-002,Dubai,CUST-02613,P004,Monitor,Electronics,1,844.44,10,844.44,84.44,760.0,Apple Pay,Store
TXN-0034849,2026-08-22,DXB-002,Dubai,CUST-06262,P013,USB Drive,Accessories,2,45.59,5,91.19,4.56,86.63,Card,Online
TXN-0034962,2026-08-22,DXB-004,Dubai,CUST-05972,P007,Office Chair,Furniture,1,666.51,0,666.51,0.0,666.51,Card,Store
TXN-0035052,2026-08-22,DXB-004,Dubai,CUST-05041,P004,Monitor,Electronics,1,862.26,10,862.26,86.23,776.04,Apple Pay,Store
TXN-0035101,2026-08-22,DXB-005,Dubai,CUST-03581,P007,Office Chair,Furniture,1,702.71,5,702.71,35.14,667.57,Cash,Online
TXN-0035108,2026-08-22,DXB-002,Dubai,CUST-00507,P002,Smartphone,Electronics,1,1913.82,15,1913.82,287.07,1626.75,Card,Online
TXN-0035166,2026-08-22,DXB-003,Dubai,CUST-03332,P011,Notebook,Stationery,2,25.08,5,50.16,2.51,47.65,Cash,Store
TXN-0035221,2026-08-22,DXB-001,Dubai,CUST-01616,P013,USB Drive,Accessories,1,42.71,5,42.71,2.14,40.58,Apple Pay,Store
TXN-0035346,2026-08-22,DXB-003,Dubai,CUST-05462,P001,Laptop,Electronics,3,2807.76,20,8423.27,1684.65,6738.62,Card,Store
TXN-0035412,2026-08-22,DXB-004,Dubai,CUST-06641,P012,Pen Pack,Stationery,1,14.83,0,14.83,0.0,14.83,Card,Online
TXN-0035462,2026-08-22,DXB-004,Dubai,CUST-05731,P002,Smartphone,Electronics,1,1811.31,10,1811.31,181.13,1630.18,Card,Store
TXN-0035463,2026-08-22,DXB-003,Dubai,CUST-05854,P002,Smartphone,Electronics,3,1786.89,5,5360.68,268.03,5092.65,Card,Store
TXN-0035500,2026-08-22,DXB-004,Dubai,CUST-01238,P002,Smartphone,Electronics,1,1894.64,5,1894.64,94.73,1799.91,Apple Pay,Store
TXN-0035525,2026-08-22,DXB-002,Dubai,CUST-01767,P013,USB Drive,Accessories,2,46.66,15,93.33,14.0,79.33,Cash,Store
TXN-0035534,2026-08-22,DXB-004,Dubai,CUST-00700,P014,Power Bank,Electronics,1,156.71,5,156.71,7.84,148.87,Cash,Store
TXN-0035574,2026-08-22,DXB-004,Dubai,CUST-00430,P015,Tablet,Electronics,3,1226.86,10,3680.59,368.06,3312.53,Apple Pay,Online
TXN-0035646,2026-08-22,DXB-005,Dubai,CUST-03122,P014,Power Bank,Electronics,1,156.73,10,156.73,15.67,141.05,Bank Transfer,Store
TXN-0035660,2026-08-22,DXB-002,Dubai,CUST-06415,P008,Desk,Furniture,2,846.54,10,1693.09,169.31,1523.78,Cash,Online
TXN-0035684,2026-08-22,DXB-004,Dubai,CUST-00936,P003,Headphones,Electronics,2,330.6,10,661.19,66.12,595.07,Card,Store
TXN-0035784,2026-08-22,DXB-001,Dubai,CUST-07753,P007,Office Chair,Furniture,1,639.74,0,639.74,0.0,639.74,Card,Store
TXN-0035836,2026-08-22,DXB-001,Dubai,CUST-01453,P004,Monitor,Electronics,1,960.42,0,960.42,0.0,960.42,Apple Pay,Store
TXN-0035855,2026-08-22,DXB-002,Dubai,CUST-02177,P007,Office Chair,Furniture,1,619.69,5,619.69,30.98,588.71,Cash,Store
TXN-0035864,2026-08-22,DXB-003,Dubai,CUST-01052,P001,Laptop,Electronics,1,3015.39,0,3015.39,0.0,3015.39,Card,Store
TXN-0035878,2026-08-22,DXB-003,Dubai,CUST-03653,P011,Notebook,Stationery,1,24.11,15,24.11,3.62,20.49,Card,Online
TXN-0035926,2026-08-22,DXB-004,Dubai,CUST-05753,P015,Tablet,Electronics,1,1205.57,10,1205.57,120.56,1085.01,Cash,Online
TXN-0035927,2026-08-22,DXB-003,Dubai,CUST-02806,P004,Monitor,Electronics,5,876.78,0,4383.88,0.0,4383.88,Cash,Store
TXN-0035953,2026-08-22,DXB-001,Dubai,CUST-05406,P002,Smartphone,Electronics,3,1821.14,15,5463.43,819.52,4643.92,Card,Store
TXN-0035967,2026-08-22,DXB-004,Dubai,CUST-01768,P005,Keyboard,Accessories,1,175.22,5,175.22,8.76,166.46,Apple Pay,Store
TXN-0036036,2026-08-22,DXB-001,Dubai,CUST-03062,P008,Desk,Furniture,1,766.73,5,766.73,38.34,728.39,Bank Transfer,Store
TXN-0036128,2026-08-22,DXB-001,Dubai,CUST-07050,P001,Laptop,Electronics,1,2470.34,10,2470.34,247.03,2223.31,Apple Pay,Online
TXN-0036188,2026-08-22,DXB-001,Dubai,CUST-07003,P012,Pen Pack,Stationery,3,15.78,5,47.34,2.37,44.98,Card,Store
TXN-0036320,2026-08-22,DXB-005,Dubai,CUST-07357,P009,Backpack,Accessories,4,218.14,5,872.57,43.63,828.94,Card,Store
TXN-0036362,2026-08-22,DXB-002,Dubai,CUST-02079,P004,Monitor,Electronics,1,952.15,10,952.15,95.21,856.93,Card,Online
TXN-0036388,2026-08-22,DXB-003,Dubai,CUST-06293,P010,Printer,Office,2,634.98,5,1269.97,63.5,1206.47,Cash,Online
TXN-0036547,2026-08-22,DXB-004,Dubai,CUST-03655,P011,Notebook,Stationery,5,24.53,5,122.65,6.13,116.52,Apple Pay,Store
TXN-0036654,2026-08-22,DXB-004,Dubai,CUST-03847,P015,Tablet,Electronics,2,1055.03,15,2110.05,316.51,1793.54,Cash,Store
TXN-0036702,2026-08-22,DXB-004,Dubai,CUST-03456,P008,Desk,Furniture,1,808.4,10,808.4,80.84,727.56,Card,Store
TXN-0036739,2026-08-22,DXB-002,Dubai,CUST-04535,P006,Mouse,Accessories,1,98.48,10,98.48,9.85,88.64,Card,Store
TXN-0036745,2026-08-22,DXB-002,Dubai,CUST-05176,P004,Monitor,Electronics,1,889.17,0,889.17,0.0,889.17,Cash,Store
TXN-0036783,2026-08-22,DXB-003,Dubai,CUST-02146,P007,Office Chair,Furniture,1,619.21,5,619.21,30.96,588.25,Apple Pay,Store
TXN-0036857,2026-08-22,DXB-003,Dubai,CUST-05481,P010,Printer,Office,6,598.28,5,3589.7,179.48,3410.21,Card,Store
TXN-0036905,2026-08-22,DXB-003,Dubai,CUST-02523,P001,Laptop,Electronics,1,2556.58,5,2556.58,127.83,2428.76,Cash,Store
TXN-0036943,2026-08-22,DXB-003,Dubai,CUST-01550,P015,Tablet,Electronics,1,1235.81,10,1235.81,123.58,1112.23,Cash,Online
TXN-0037018,2026-08-22,DXB-002,Dubai,CUST-07560,P005,Keyboard,Accessories,2,174.16,5,348.33,17.42,330.91,Apple Pay,Store
TXN-0037021,2026-08-22,DXB-001,Dubai,CUST-01536,P005,Keyboard,Accessories,1,172.22,0,172.22,0.0,172.22,Card,Store
TXN-0037030,2026-08-22,DXB-005,Dubai,CUST-07672,P002,Smartphone,Electronics,1,1869.08,10,1869.08,186.91,1682.17,Card,Online
TXN-0037042,2026-08-22,DXB-002,Dubai,CUST-02682,P008,Desk,Furniture,2,865.41,5,1730.81,86.54,1644.27,Card,Store
TXN-0037052,2026-08-22,DXB-005,Dubai,CUST-05217,P014,Power Bank,Electronics,1,130.1,5,130.1,6.51,123.6,Bank Transfer,Store
TXN-0037145,2026-08-22,DXB-003,Dubai,CUST-05312,P006,Mouse,Accessories,1,108.92,0,108.92,0.0,108.92,Apple Pay,Store
TXN-0037159,2026-08-22,DXB-004,Dubai,CUST-02040,P005,Keyboard,Accessories,1,167.82,10,167.82,16.78,151.04,Cash,Store
TXN-0037163,2026-08-22,DXB-002,Dubai,CUST-06203,P009,Backpack,Accessories,3,211.11,5,633.33,31.67,601.66,Apple Pay,Store
TXN-0037171,2026-08-22,DXB-004,Dubai,CUST-01069,P001,Laptop,Electronics,4,3128.22,0,12512.88,0.0,12512.88,Cash,Store
TXN-0037181,2026-08-22,DXB-001,Dubai,CUST-01703,P004,Monitor,Electronics,1,885.08,5,885.08,44.25,840.83,Card,Store
TXN-0037201,2026-08-22,DXB-001,Dubai,CUST-02222,P015,Tablet,Electronics,1,1141.25,0,1141.25,0.0,1141.25,Bank Transfer,Store
TXN-0037250,2026-08-22,DXB-001,Dubai,CUST-04375,P003,Headphones,Electronics,3,349.78,0,1049.34,0.0,1049.34,Card,Online
TXN-0037292,2026-08-22,DXB-002,Dubai,CUST-04774,P006,Mouse,Accessories,5,102.31,0,511.54,0.0,511.54,Card,Online
TXN-0037349,2026-08-22,DXB-005,Dubai,CUST-01240,P015,Tablet,Electronics,6,1090.3,0,6541.78,0.0,6541.78,Apple Pay,Online
TXN-0037417,2026-08-22,DXB-001,Dubai,CUST-05694,P015,Tablet,Electronics,1,1128.39,10,1128.39,112.84,1015.55,Apple Pay,Online
TXN-0037445,2026-08-22,DXB-002,Dubai,CUST-01540,P003,Headphones,Electronics,2,332.45,10,664.9,66.49,598.41,Bank Transfer,Store
TXN-0037479,2026-08-22,DXB-005,Dubai,CUST-06343,P011,Notebook,Stationery,1,22.23,5,22.23,1.11,21.12,Apple Pay,Store
TXN-0037573,2026-08-22,DXB-002,Dubai,CUST-02776,P014,Power Bank,Electronics,2,146.09,20,292.17,58.43,233.74,Apple Pay,Store
TXN-0037656,2026-08-22,DXB-004,Dubai,CUST-00818,P015,Tablet,Electronics,2,1253.39,0,2506.77,0.0,2506.77,Card,Store
TXN-0037742,2026-08-22,DXB-003,Dubai,CUST-04765,P012,Pen Pack,Stationery,1,14.39,0,14.39,0.0,14.39,Cash,Store
TXN-0037810,2026-08-22,DXB-003,Dubai,CUST-04577,P002,Smartphone,Electronics,1,1877.76,0,1877.76,0.0,1877.76,Bank Transfer,Store
TXN-0037887,2026-08-22,DXB-002,Dubai,CUST-07274,P002,Smartphone,Electronics,1,1761.3,0,1761.3,0.0,1761.3,Apple Pay,Store
TXN-0037890,2026-08-22,DXB-003,Dubai,CUST-05983,P015,Tablet,Electronics,2,1361.69,10,2723.38,272.34,2451.04,Bank Transfer,Online
TXN-0037899,2026-08-22,DXB-003,Dubai,CUST-06745,P013,USB Drive,Accessories,1,45.18,5,45.18,2.26,42.92,Apple Pay,Store
TXN-0037904,2026-08-22,DXB-004,Dubai,CUST-05552,P006,Mouse,Accessories,1,100.7,20,100.7,20.14,80.56,Card,Store
TXN-0037999,2026-08-22,DXB-001,Dubai,CUST-04107,P002,Smartphone,Electronics,4,1980.83,0,7923.32,0.0,7923.32,Cash,Store
TXN-0038063,2026-08-22,DXB-003,Dubai,CUST-01876,P006,Mouse,Accessories,1,101.02,10,101.02,10.1,90.92,Cash,Online
TXN-0038171,2026-08-22,DXB-001,Dubai,CUST-04799,P002,Smartphone,Electronics,1,1704.5,10,1704.5,170.45,1534.05,Apple Pay,Store
TXN-0038231,2026-08-22,DXB-004,Dubai,CUST-05666,P006,Mouse,Accessories,6,106.6,5,639.57,31.98,607.59,Card,Store
TXN-0038247,2026-08-22,DXB-005,Dubai,CUST-05002,P003,Headphones,Electronics,1,325.0,10,325.0,32.5,292.5,Card,Online
TXN-0038267,2026-08-22,DXB-005,Dubai,CUST-07464,P008,Desk,Furniture,2,852.09,5,1704.17,85.21,1618.96,Card,Online
TXN-0038386,2026-08-22,DXB-002,Dubai,CUST-03093,P014,Power Bank,Electronics,2,163.26,5,326.51,16.33,310.19,Apple Pay,Online
TXN-0038410,2026-08-22,DXB-002,Dubai,CUST-06775,P012,Pen Pack,Stationery,1,15.52,0,15.52,0.0,15.52,Cash,Online
TXN-0038508,2026-08-22,DXB-001,Dubai,CUST-05081,P011,Notebook,Stationery,2,21.66,0,43.32,0.0,43.32,Apple Pay,Store
TXN-0038556,2026-08-22,DXB-004,Dubai,CUST-01946,P009,Backpack,Accessories,3,201.38,15,604.14,90.62,513.52,Bank Transfer,Online
TXN-0038598,2026-08-22,DXB-004,Dubai,CUST-07694,P005,Keyboard,Accessories,2,191.13,0,382.25,0.0,382.25,Card,Store
TXN-0038686,2026-08-22,DXB-003,Dubai,CUST-02354,P015,Tablet,Electronics,3,1334.51,0,4003.52,0.0,4003.52,Card,Online
TXN-0038701,2026-08-22,DXB-001,Dubai,CUST-02748,P013,USB Drive,Accessories,2,45.99,15,91.98,13.8,78.18,Cash,Store
TXN-0038754,2026-08-22,DXB-005,Dubai,CUST-01685,P013,USB Drive,Accessories,2,43.58,5,87.16,4.36,82.8,Card,Online
TXN-0038829,2026-08-22,DXB-003,Dubai,CUST-07334,P015,Tablet,Electronics,2,1217.52,10,2435.03,243.5,2191.53,Card,Store
TXN-0038851,2026-08-22,DXB-001,Dubai,CUST-06783,P009,Backpack,Accessories,1,219.66,20,219.66,43.93,175.73,Apple Pay,Store
TXN-0039083,2026-08-22,DXB-001,Dubai,CUST-07812,P012,Pen Pack,Stationery,1,13.65,5,13.65,0.68,12.97,Bank Transfer,Online
TXN-0039155,2026-08-22,DXB-005,Dubai,CUST-06224,P002,Smartphone,Electronics,3,1845.16,10,5535.49,553.55,4981.94,Apple Pay,Online
TXN-0039164,2026-08-22,DXB-001,Dubai,CUST-06332,P007,Office Chair,Furniture,3,622.99,10,1868.98,186.9,1682.08,Apple Pay,Store
TXN-0039269,2026-08-22,DXB-004,Dubai,CUST-01804,P007,Office Chair,Furniture,1,662.45,0,662.45,0.0,662.45,Card,Store
TXN-0039391,2026-08-22,DXB-005,Dubai,CUST-01020,P004,Monitor,Electronics,2,895.33,5,1790.65,89.53,1701.12,Card,Online
TXN-0039410,2026-08-22,DXB-001,Dubai,CUST-02101,P009,Backpack,Accessories,1,245.11,10,245.11,24.51,220.6,Card,Store
TXN-0039537,2026-08-22,DXB-001,Dubai,CUST-01033,P007,Office Chair,Furniture,2,628.17,15,1256.35,188.45,1067.89,Cash,Online
TXN-0039561,2026-08-22,DXB-005,Dubai,CUST-02970,P011,Notebook,Stationery,1,24.4,5,24.4,1.22,23.18,Card,Store
TXN-0039574,2026-08-22,DXB-001,Dubai,CUST-06218,P011,Notebook,Stationery,1,24.69,5,24.69,1.23,23.45,Card,Store
TXN-0039597,2026-08-22,DXB-001,Dubai,CUST-06493,P011,Notebook,Stationery,1,25.96,10,25.96,2.6,23.37,Cash,Store
TXN-0039706,2026-08-22,DXB-001,Dubai,CUST-07389,P012,Pen Pack,Stationery,1,14.05,0,14.05,0.0,14.05,Apple Pay,Online
TXN-0039742,2026-08-22,DXB-002,Dubai,CUST-04608,P004,Monitor,Electronics,2,930.04,0,1860.09,0.0,1860.09,Card,Store
TXN-0039743,2026-08-22,DXB-005,Dubai,CUST-04384,P005,Keyboard,Accessories,3,184.93,0,554.8,0.0,554.8,Card,Online
TXN-0039747,2026-08-22,DXB-002,Dubai,CUST-04829,P006,Mouse,Accessories,2,95.16,5,190.33,9.52,180.81,Apple Pay,Online
TXN-0039804,2026-08-22,DXB-003,Dubai,CUST-00240,P014,Power Bank,Electronics,1,141.57,0,141.57,0.0,141.57,Apple Pay,Online
TXN-0039853,2026-08-22,DXB-001,Dubai,CUST-01033,P005,Keyboard,Accessories,6,154.65,5,927.89,46.39,881.5,Card,Store
TXN-0040036,2026-08-22,DXB-003,Dubai,CUST-05390,P008,Desk,Furniture,5,753.36,15,3766.82,565.02,3201.8,Apple Pay,Store
TXN-0040074,2026-08-22,DXB-005,Dubai,CUST-04661,P005,Keyboard,Accessories,1,202.99,5,202.99,10.15,192.84,Card,Store
TXN-0040177,2026-08-22,DXB-001,Dubai,CUST-07281,P004,Monitor,Electronics,1,951.19,0,951.19,0.0,951.19,Card,Online
TXN-0040178,2026-08-22,DXB-004,Dubai,CUST-01662,P008,Desk,Furniture,1,849.26,0,849.26,0.0,849.26,Bank Transfer,Online
TXN-0040228,2026-08-22,DXB-002,Dubai,CUST-07135,P001,Laptop,Electronics,1,2752.09,5,2752.09,137.6,2614.48,Apple Pay,Online
TXN-0040261,2026-08-22,DXB-002,Dubai,CUST-07625,P010,Printer,Office,1,698.01,20,698.01,139.6,558.41,Bank Transfer,Store
TXN-0040304,2026-08-22,DXB-001,Dubai,CUST-06794,P009,Backpack,Accessories,2,210.37,0,420.74,0.0,420.74,Card,Online
TXN-0040317,2026-08-22,DXB-002,Dubai,CUST-05627,P009,Backpack,Accessories,1,214.4,15,214.4,32.16,182.24,Bank Transfer,Store
TXN-0040319,2026-08-22,DXB-004,Dubai,CUST-01419,P007,Office Chair,Furniture,2,666.51,10,1333.01,133.3,1199.71,Apple Pay,Online
TXN-0040323,2026-08-22,DXB-003,Dubai,CUST-00533,P009,Backpack,Accessories,1,226.09,5,226.09,11.3,214.78,Apple Pay,Store
TXN-0040394,2026-08-22,DXB-004,Dubai,CUST-00565,P001,Laptop,Electronics,1,2910.19,0,2910.19,0.0,2910.19,Card,Store
TXN-0040423,2026-08-22,DXB-005,Dubai,CUST-04344,P004,Monitor,Electronics,1,1012.03,10,1012.03,101.2,910.83,Cash,Store
TXN-0040432,2026-08-22,DXB-003,Dubai,CUST-05476,P003,Headphones,Electronics,1,352.25,20,352.25,70.45,281.8,Card,Store
TXN-0040453,2026-08-22,DXB-003,Dubai,CUST-04151,P009,Backpack,Accessories,1,209.51,5,209.51,10.48,199.04,Apple Pay,Store
TXN-0040460,2026-08-22,DXB-004,Dubai,CUST-00980,P013,USB Drive,Accessories,1,44.85,5,44.85,2.24,42.6,Cash,Store
TXN-0040580,2026-08-22,DXB-004,Dubai,CUST-02119,P005,Keyboard,Accessories,1,161.62,0,161.62,0.0,161.62,Bank Transfer,Store
TXN-0040597,2026-08-22,DXB-001,Dubai,CUST-06730,P005,Keyboard,Accessories,4,181.64,5,726.56,36.33,690.23,Card,Store
TXN-0040659,2026-08-22,DXB-003,Dubai,CUST-01034,P006,Mouse,Accessories,1,90.64,0,90.64,0.0,90.64,Card,Store
TXN-0040740,2026-08-22,DXB-003,Dubai,CUST-02784,P002,Smartphone,Electronics,6,1614.93,5,9689.56,484.48,9205.08,Card,Store
TXN-0040820,2026-08-22,DXB-004,Dubai,CUST-06704,P007,Office Chair,Furniture,1,621.7,15,621.7,93.25,528.44,Cash,Online
TXN-0040837,2026-08-22,DXB-004,Dubai,CUST-06426,P007,Office Chair,Furniture,1,659.57,0,659.57,0.0,659.57,Cash,Online
TXN-0040981,2026-08-22,DXB-002,Dubai,CUST-05371,P003,Headphones,Electronics,3,341.76,0,1025.28,0.0,1025.28,Card,Store
TXN-0041058,2026-08-22,DXB-004,Dubai,CUST-04955,P015,Tablet,Electronics,1,1221.45,0,1221.45,0.0,1221.45,Card,Store
TXN-0041066,2026-08-22,DXB-005,Dubai,CUST-03313,P006,Mouse,Accessories,1,103.06,5,103.06,5.15,97.9,Card,Online
TXN-0041081,2026-08-22,DXB-001,Dubai,CUST-07930,P006,Mouse,Accessories,2,96.7,15,193.39,29.01,164.38,Cash,Store
TXN-0041113,2026-08-22,DXB-004,Dubai,CUST-07339,P012,Pen Pack,Stationery,2,15.6,10,31.19,3.12,28.07,Apple Pay,Store
TXN-0041145,2026-08-22,DXB-005,Dubai,CUST-00112,P010,Printer,Office,4,672.37,15,2689.48,403.42,2286.06,Cash,Store
TXN-0041394,2026-08-22,DXB-003,Dubai,CUST-07779,P005,Keyboard,Accessories,1,181.39,10,181.39,18.14,163.25,Apple Pay,Online
TXN-0041434,2026-08-22,DXB-005,Dubai,CUST-04317,P002,Smartphone,Electronics,1,1656.21,0,1656.21,0.0,1656.21,Cash,Store
TXN-0041511,2026-08-22,DXB-002,Dubai,CUST-01056,P004,Monitor,Electronics,4,957.7,20,3830.8,766.16,3064.64,Cash,Store
TXN-0041519,2026-08-22,DXB-003,Dubai,CUST-01461,P015,Tablet,Electronics,1,1246.17,20,1246.17,249.23,996.94,Apple Pay,Store
TXN-0041541,2026-08-22,DXB-001,Dubai,CUST-00664,P007,Office Chair,Furniture,1,694.4,5,694.4,34.72,659.68,Cash,Store
TXN-0041580,2026-08-22,DXB-003,Dubai,CUST-06945,P003,Headphones,Electronics,1,352.5,20,352.5,70.5,282.0,Card,Store
TXN-0041595,2026-08-22,DXB-004,Dubai,CUST-01324,P002,Smartphone,Electronics,4,1849.86,5,7399.42,369.97,7029.45,Card,Online
TXN-0041641,2026-08-22,DXB-003,Dubai,CUST-07625,P001,Laptop,Electronics,1,2739.25,10,2739.25,273.92,2465.32,Card,Store
TXN-0041690,2026-08-22,DXB-005,Dubai,CUST-04018,P006,Mouse,Accessories,3,96.88,10,290.64,29.06,261.58,Apple Pay,Store
TXN-0041752,2026-08-22,DXB-001,Dubai,CUST-06935,P015,Tablet,Electronics,4,1330.44,5,5321.76,266.09,5055.67,Apple Pay,Online
TXN-0041811,2026-08-22,DXB-004,Dubai,CUST-02817,P006,Mouse,Accessories,1,104.8,5,104.8,5.24,99.56,Apple Pay,Store
TXN-0041830,2026-08-22,DXB-004,Dubai,CUST-02107,P001,Laptop,Electronics,2,2743.59,5,5487.17,274.36,5212.81,Card,Store
TXN-0041861,2026-08-22,DXB-002,Dubai,CUST-01953,P007,Office Chair,Furniture,1,676.65,0,676.65,0.0,676.65,Card,Store
TXN-0042041,2026-08-22,DXB-003,Dubai,CUST-02238,P001,Laptop,Electronics,2,2913.72,10,5827.45,582.74,5244.7,Bank Transfer,Store
TXN-0042109,2026-08-22,DXB-002,Dubai,CUST-02230,P013,USB Drive,Accessories,3,47.67,5,143.0,7.15,135.85,Apple Pay,Store
TXN-0042141,2026-08-22,DXB-004,Dubai,CUST-00111,P006,Mouse,Accessories,3,102.09,0,306.28,0.0,306.28,Card,Online
TXN-0042205,2026-08-22,DXB-002,Dubai,CUST-00864,P010,Printer,Office,1,727.82,5,727.82,36.39,691.43,Apple Pay,Store
TXN-0042215,2026-08-22,DXB-004,Dubai,CUST-05910,P014,Power Bank,Electronics,1,140.7,0,140.7,0.0,140.7,Apple Pay,Online
TXN-0042288,2026-08-22,DXB-004,Dubai,CUST-03356,P015,Tablet,Electronics,1,1119.71,10,1119.71,111.97,1007.74,Bank Transfer,Store
TXN-0042365,2026-08-22,DXB-003,Dubai,CUST-03895,P006,Mouse,Accessories,1,101.56,0,101.56,0.0,101.56,Card,Store
TXN-0042385,2026-08-22,DXB-005,Dubai,CUST-05854,P011,Notebook,Stationery,4,23.98,10,95.93,9.59,86.34,Card,Store
TXN-0042435,2026-08-22,DXB-001,Dubai,CUST-02320,P011,Notebook,Stationery,1,24.61,10,24.61,2.46,22.15,Card,Store
TXN-0042453,2026-08-22,DXB-001,Dubai,CUST-05839,P012,Pen Pack,Stationery,1,15.79,0,15.79,0.0,15.79,Card,Store
TXN-0042508,2026-08-22,DXB-005,Dubai,CUST-04456,P004,Monitor,Electronics,2,895.83,5,1791.65,89.58,1702.07,Card,Store
TXN-0042550,2026-08-22,DXB-005,Dubai,CUST-03210,P009,Backpack,Accessories,1,230.17,0,230.17,0.0,230.17,Apple Pay,Online
TXN-0042579,2026-08-22,DXB-001,Dubai,CUST-01196,P009,Backpack,Accessories,3,234.81,20,704.43,140.89,563.54,Bank Transfer,Store
TXN-0042594,2026-08-22,DXB-005,Dubai,CUST-06945,P011,Notebook,Stationery,5,22.83,0,114.17,0.0,114.17,Card,Store
TXN-0042750,2026-08-22,DXB-002,Dubai,CUST-04040,P001,Laptop,Electronics,1,2675.27,0,2675.27,0.0,2675.27,Apple Pay,Online
TXN-0042779,2026-08-22,DXB-001,Dubai,CUST-04085,P012,Pen Pack,Stationery,3,16.33,10,48.99,4.9,44.09,Bank Transfer,Store
TXN-0042811,2026-08-22,DXB-003,Dubai,CUST-03305,P011,Notebook,Stationery,3,24.18,0,72.55,0.0,72.55,Cash,Store
TXN-0042838,2026-08-22,DXB-003,Dubai,CUST-03867,P003,Headphones,Electronics,1,387.25,0,387.25,0.0,387.25,Bank Transfer,Store
TXN-0042861,2026-08-22,DXB-001,Dubai,CUST-03482,P014,Power Bank,Electronics,2,163.79,10,327.58,32.76,294.82,Cash,Online
TXN-0042870,2026-08-22,DXB-004,Dubai,CUST-06087,P013,USB Drive,Accessories,2,40.91,20,81.82,16.36,65.45,Cash,Store
TXN-0043035,2026-08-22,DXB-003,Dubai,CUST-05387,P014,Power Bank,Electronics,2,137.83,10,275.66,27.57,248.09,Card,Online
TXN-0043098,2026-08-22,DXB-004,Dubai,CUST-07986,P015,Tablet,Electronics,1,1218.12,10,1218.12,121.81,1096.3,Card,Online
TXN-0043144,2026-08-22,DXB-002,Dubai,CUST-03641,P008,Desk,Furniture,3,787.88,5,2363.64,118.18,2245.46,Card,Online
TXN-0043184,2026-08-22,DXB-002,Dubai,CUST-05143,P010,Printer,Office,3,643.33,5,1929.98,96.5,1833.48,Card,Store
TXN-0043204,2026-08-22,DXB-001,Dubai,CUST-07581,P014,Power Bank,Electronics,2,152.44,20,304.88,60.98,243.9,Cash,Online
TXN-0043252,2026-08-22,DXB-002,Dubai,CUST-06847,P015,Tablet,Electronics,1,1153.95,0,1153.95,0.0,1153.95,Apple Pay,Online
TXN-0043436,2026-08-22,DXB-001,Dubai,CUST-05740,P002,Smartphone,Electronics,1,1677.06,10,1677.06,167.71,1509.35,Card,Online
TXN-0043525,2026-08-22,DXB-003,Dubai,CUST-02309,P012,Pen Pack,Stationery,4,15.65,15,62.58,9.39,53.19,Bank Transfer,Store
TXN-0043532,2026-08-22,DXB-004,Dubai,CUST-07179,P005,Keyboard,Accessories,1,175.82,0,175.82,0.0,175.82,Card,Store
TXN-0043541,2026-08-22,DXB-005,Dubai,CUST-01294,P014,Power Bank,Electronics,1,156.25,0,156.25,0.0,156.25,Card,Store
TXN-0043643,2026-08-22,DXB-005,Dubai,CUST-07036,P012,Pen Pack,Stationery,1,15.64,0,15.64,0.0,15.64,Bank Transfer,Online
TXN-0043835,2026-08-22,DXB-005,Dubai,CUST-02544,P002,Smartphone,Electronics,5,1782.7,20,8913.49,1782.7,7130.79,Card,Online
TXN-0043862,2026-08-22,DXB-001,Dubai,CUST-01645,P015,Tablet,Electronics,1,1272.59,15,1272.59,190.89,1081.7,Bank Transfer,Store
TXN-0043863,2026-08-22,DXB-003,Dubai,CUST-01974,P001,Laptop,Electronics,1,2777.76,15,2777.76,416.66,2361.1,Card,Store
TXN-0043867,2026-08-22,DXB-004,Dubai,CUST-03137,P008,Desk,Furniture,2,802.76,5,1605.53,80.28,1525.25,Card,Store
TXN-0043964,2026-08-22,DXB-002,Dubai,CUST-03903,P002,Smartphone,Electronics,1,1749.94,0,1749.94,0.0,1749.94,Card,Online
TXN-0043987,2026-08-22,DXB-003,Dubai,CUST-00704,P011,Notebook,Stationery,2,25.79,5,51.58,2.58,49.0,Card,Store
TXN-0044082,2026-08-22,DXB-003,Dubai,CUST-06656,P006,Mouse,Accessories,2,97.41,5,194.83,9.74,185.09,Card,Store
TXN-0044093,2026-08-22,DXB-002,Dubai,CUST-02419,P010,Printer,Office,4,711.49,0,2845.98,0.0,2845.98,Cash,Online
TXN-0044188,2026-08-22,DXB-001,Dubai,CUST-04429,P011,Notebook,Stationery,1,22.17,5,22.17,1.11,21.06,Cash,Store
TXN-0044231,2026-08-22,DXB-003,Dubai,CUST-01210,P009,Backpack,Accessories,1,232.96,5,232.96,11.65,221.31,Apple Pay,Store
TXN-0044464,2026-08-22,DXB-002,Dubai,CUST-02096,P010,Printer,Office,1,770.89,0,770.89,0.0,770.89,Card,Online
TXN-0044540,2026-08-22,DXB-003,Dubai,CUST-00577,P015,Tablet,Electronics,1,1302.7,10,1302.7,130.27,1172.43,Cash,Store
TXN-0044762,2026-08-22,DXB-002,Dubai,CUST-03108,P015,Tablet,Electronics,1,1279.77,0,1279.77,0.0,1279.77,Card,Online
TXN-0044810,2026-08-22,DXB-002,Dubai,CUST-05962,P012,Pen Pack,Stationery,4,15.29,10,61.15,6.11,55.03,Bank Transfer,Store
TXN-0044825,2026-08-22,DXB-001,Dubai,CUST-05620,P015,Tablet,Electronics,1,1233.22,0,1233.22,0.0,1233.22,Card,Store
TXN-0044919,2026-08-22,DXB-004,Dubai,CUST-07782,P005,Keyboard,Accessories,1,172.2,15,172.2,25.83,146.37,Card,Store
TXN-0044946,2026-08-22,DXB-001,Dubai,CUST-00906,P005,Keyboard,Accessories,2,187.14,5,374.29,18.71,355.57,Card,Store
TXN-0044964,2026-08-22,DXB-005,Dubai,CUST-01176,P015,Tablet,Electronics,1,1286.34,15,1286.34,192.95,1093.39,Card,Store
TXN-0045026,2026-08-22,DXB-005,Dubai,CUST-04153,P011,Notebook,Stationery,2,26.93,10,53.85,5.39,48.47,Cash,Store
TXN-0045061,2026-08-22,DXB-002,Dubai,CUST-03140,P012,Pen Pack,Stationery,1,15.43,15,15.43,2.31,13.11,Apple Pay,Store
TXN-0045118,2026-08-22,DXB-001,Dubai,CUST-01042,P006,Mouse,Accessories,2,96.44,10,192.88,19.29,173.59,Apple Pay,Store
TXN-0045163,2026-08-22,DXB-004,Dubai,CUST-03647,P005,Keyboard,Accessories,1,178.12,0,178.12,0.0,178.12,Bank Transfer,Store
TXN-0045190,2026-08-22,DXB-005,Dubai,CUST-02453,P006,Mouse,Accessories,6,104.96,10,629.78,62.98,566.8,Card,Online
TXN-0045199,2026-08-22,DXB-001,Dubai,CUST-05343,P002,Smartphone,Electronics,3,1743.18,0,5229.53,0.0,5229.53,Apple Pay,Store
TXN-0045284,2026-08-22,DXB-005,Dubai,CUST-02116,P007,Office Chair,Furniture,2,661.23,0,1322.46,0.0,1322.46,Card,Online
TXN-0045331,2026-08-22,DXB-003,Dubai,CUST-03270,P007,Office Chair,Furniture,1,648.62,5,648.62,32.43,616.19,Apple Pay,Store
TXN-0045338,2026-08-22,DXB-001,Dubai,CUST-06656,P009,Backpack,Accessories,3,207.76,0,623.29,0.0,623.29,Apple Pay,Store
TXN-0045341,2026-08-22,DXB-004,Dubai,CUST-01361,P005,Keyboard,Accessories,1,189.91,5,189.91,9.5,180.42,Bank Transfer,Store
TXN-0045404,2026-08-22,DXB-001,Dubai,CUST-03293,P005,Keyboard,Accessories,2,174.03,10,348.05,34.81,313.25,Cash,Online
TXN-0045467,2026-08-22,DXB-001,Dubai,CUST-00758,P012,Pen Pack,Stationery,1,16.66,20,16.66,3.33,13.33,Card,Store
TXN-0045468,2026-08-22,DXB-003,Dubai,CUST-03998,P001,Laptop,Electronics,4,2841.74,10,11366.97,1136.7,10230.28,Card,Store
TXN-0045600,2026-08-22,DXB-004,Dubai,CUST-03936,P006,Mouse,Accessories,3,93.62,5,280.87,14.04,266.82,Card,Online
TXN-0045816,2026-08-22,DXB-005,Dubai,CUST-04994,P002,Smartphone,Electronics,1,1855.65,5,1855.65,92.78,1762.86,Card,Online
TXN-0045855,2026-08-22,DXB-003,Dubai,CUST-05411,P003,Headphones,Electronics,1,323.95,0,323.95,0.0,323.95,Cash,Store
TXN-0045858,2026-08-22,DXB-005,Dubai,CUST-03948,P005,Keyboard,Accessories,1,164.75,0,164.75,0.0,164.75,Card,Store
TXN-0045926,2026-08-22,DXB-005,Dubai,CUST-00162,P008,Desk,Furniture,1,786.66,0,786.66,0.0,786.66,Card,Online
TXN-0045944,2026-08-22,DXB-005,Dubai,CUST-00160,P001,Laptop,Electronics,4,2627.23,5,10508.93,525.45,9983.48,Card,Store
TXN-0045956,2026-08-22,DXB-004,Dubai,CUST-05592,P002,Smartphone,Electronics,4,1732.2,0,6928.82,0.0,6928.82,Card,Store
TXN-0045978,2026-08-22,DXB-003,Dubai,CUST-05596,P013,USB Drive,Accessories,1,47.12,0,47.12,0.0,47.12,Card,Store
TXN-0045992,2026-08-22,DXB-002,Dubai,CUST-02452,P001,Laptop,Electronics,3,2975.0,5,8924.99,446.25,8478.74,Bank Transfer,Online
TXN-0046110,2026-08-22,DXB-002,Dubai,CUST-00251,P001,Laptop,Electronics,1,2693.64,0,2693.64,0.0,2693.64,Cash,Store
TXN-0046122,2026-08-22,DXB-002,Dubai,CUST-07033,P011,Notebook,Stationery,2,25.61,15,51.23,7.68,43.54,Bank Transfer,Store
TXN-0046148,2026-08-22,DXB-003,Dubai,CUST-03211,P014,Power Bank,Electronics,2,159.33,10,318.66,31.87,286.8,Bank Transfer,Store
TXN-0046159,2026-08-22,DXB-004,Dubai,CUST-07169,P003,Headphones,Electronics,3,328.95,10,986.86,98.69,888.18,Cash,Online
TXN-0046184,2026-08-22,DXB-002,Dubai,CUST-04121,P001,Laptop,Electronics,1,2721.02,5,2721.02,136.05,2584.97,Card,Store
TXN-0046188,2026-08-22,DXB-003,Dubai,CUST-03622,P006,Mouse,Accessories,5,112.59,10,562.93,56.29,506.63,Cash,Store
TXN-0046267,2026-08-22,DXB-005,Dubai,CUST-01409,P014,Power Bank,Electronics,1,149.21,10,149.21,14.92,134.29,Card,Store
TXN-0046324,2026-08-22,DXB-003,Dubai,CUST-07052,P004,Monitor,Electronics,1,922.25,15,922.25,138.34,783.91,Card,Store
TXN-0046382,2026-08-22,DXB-001,Dubai,CUST-04179,P015,Tablet,Electronics,3,1207.39,10,3622.16,362.22,3259.94,Cash,Store
TXN-0046413,2026-08-22,DXB-004,Dubai,CUST-05149,P008,Desk,Furniture,6,758.0,0,4548.02,0.0,4548.02,Bank Transfer,Online
TXN-0046468,2026-08-22,DXB-004,Dubai,CUST-02773,P008,Desk,Furniture,2,810.7,0,1621.41,0.0,1621.41,Cash,Store
TXN-0046484,2026-08-22,DXB-004,Dubai,CUST-06053,P002,Smartphone,Electronics,2,1843.31,5,3686.62,184.33,3502.29,Cash,Store
TXN-0046521,2026-08-22,DXB-003,Dubai,CUST-05701,P005,Keyboard,Accessories,2,171.67,5,343.33,17.17,326.17,Bank Transfer,Store
TXN-0046587,2026-08-22,DXB-002,Dubai,CUST-06801,P011,Notebook,Stationery,2,27.91,5,55.83,2.79,53.04,Apple Pay,Online
TXN-0046594,2026-08-22,DXB-003,Dubai,CUST-04249,P007,Office Chair,Furniture,1,623.06,0,623.06,0.0,623.06,Card,Store
TXN-0046650,2026-08-22,DXB-002,Dubai,CUST-00807,P011,Notebook,Stationery,2,27.44,0,54.89,0.0,54.89,Apple Pay,Online
TXN-0046652,2026-08-22,DXB-001,Dubai,CUST-00742,P006,Mouse,Accessories,1,103.0,0,103.0,0.0,103.0,Card,Store
TXN-0046711,2026-08-22,DXB-001,Dubai,CUST-06450,P015,Tablet,Electronics,2,1266.76,5,2533.52,126.68,2406.84,Card,Online
TXN-0046800,2026-08-22,DXB-005,Dubai,CUST-02810,P006,Mouse,Accessories,3,109.91,0,329.73,0.0,329.73,Bank Transfer,Store
TXN-0046828,2026-08-22,DXB-005,Dubai,CUST-05615,P011,Notebook,Stationery,2,27.29,5,54.58,2.73,51.85,Card,Store
TXN-0046993,2026-08-22,DXB-003,Dubai,CUST-06045,P004,Monitor,Electronics,2,835.51,5,1671.01,83.55,1587.46,Cash,Store
TXN-0047180,2026-08-22,DXB-004,Dubai,CUST-00637,P013,USB Drive,Accessories,3,45.3,0,135.9,0.0,135.9,Card,Store
TXN-0047262,2026-08-22,DXB-004,Dubai,CUST-07264,P013,USB Drive,Accessories,1,42.13,0,42.13,0.0,42.13,Cash,Store
TXN-0047283,2026-08-22,DXB-004,Dubai,CUST-06914,P009,Backpack,Accessories,3,245.31,0,735.92,0.0,735.92,Card,Online
TXN-0047292,2026-08-22,DXB-001,Dubai,CUST-03762,P014,Power Bank,Electronics,1,151.01,0,151.01,0.0,151.01,Apple Pay,Store
TXN-0047433,2026-08-22,DXB-002,Dubai,CUST-06142,P003,Headphones,Electronics,2,334.23,15,668.46,100.27,568.19,Apple Pay,Store
TXN-0047470,2026-08-22,DXB-005,Dubai,CUST-06272,P007,Office Chair,Furniture,3,706.76,0,2120.28,0.0,2120.28,Cash,Store
TXN-0047534,2026-08-22,DXB-002,Dubai,CUST-04140,P013,USB Drive,Accessories,4,44.92,10,179.69,17.97,161.72,Card,Online
TXN-0047567,2026-08-22,DXB-002,Dubai,CUST-07330,P004,Monitor,Electronics,5,850.04,5,4250.22,212.51,4037.71,Apple Pay,Online
TXN-0047595,2026-08-22,DXB-003,Dubai,CUST-03576,P004,Monitor,Electronics,1,852.79,5,852.79,42.64,810.15,Card,Store
TXN-0047629,2026-08-22,DXB-004,Dubai,CUST-07008,P002,Smartphone,Electronics,4,1960.56,0,7842.24,0.0,7842.24,Apple Pay,Store
TXN-0047707,2026-08-22,DXB-001,Dubai,CUST-04549,P009,Backpack,Accessories,2,229.36,10,458.73,45.87,412.85,Card,Store
TXN-0047711,2026-08-22,DXB-005,Dubai,CUST-06968,P009,Backpack,Accessories,3,237.07,5,711.2,35.56,675.64,Apple Pay,Online
TXN-0047712,2026-08-22,DXB-005,Dubai,CUST-05892,P004,Monitor,Electronics,1,886.09,10,886.09,88.61,797.48,Card,Store
TXN-0047724,2026-08-22,DXB-005,Dubai,CUST-00582,P015,Tablet,Electronics,2,1049.46,5,2098.92,104.95,1993.97,Bank Transfer,Online
TXN-0047737,2026-08-22,DXB-002,Dubai,CUST-03086,P002,Smartphone,Electronics,2,2086.9,5,4173.8,208.69,3965.11,Card,Store
TXN-0047791,2026-08-22,DXB-004,Dubai,CUST-05985,P014,Power Bank,Electronics,3,138.12,5,414.37,20.72,393.65,Bank Transfer,Online
TXN-0047870,2026-08-22,DXB-005,Dubai,CUST-03113,P005,Keyboard,Accessories,1,182.3,0,182.3,0.0,182.3,Apple Pay,Store
TXN-0047906,2026-08-22,DXB-002,Dubai,CUST-05714,P001,Laptop,Electronics,5,3117.09,0,15585.47,0.0,15585.47,Card,Online
TXN-0048021,2026-08-22,DXB-003,Dubai,CUST-01800,P008,Desk,Furniture,1,795.72,10,795.72,79.57,716.15,Apple Pay,Store
TXN-0048071,2026-08-22,DXB-001,Dubai,CUST-02293,P001,Laptop,Electronics,1,2761.55,0,2761.55,0.0,2761.55,Card,Store
TXN-0048083,2026-08-22,DXB-005,Dubai,CUST-01487,P007,Office Chair,Furniture,4,620.07,5,2480.29,124.01,2356.27,Card,Store
TXN-0048103,2026-08-22,DXB-002,Dubai,CUST-06482,P005,Keyboard,Accessories,2,178.05,10,356.09,35.61,320.48,Apple Pay,Store
TXN-0048196,2026-08-22,DXB-002,Dubai,CUST-05835,P005,Keyboard,Accessories,1,193.98,5,193.98,9.7,184.28,Card,Online
TXN-0048287,2026-08-22,DXB-001,Dubai,CUST-00236,P007,Office Chair,Furniture,1,637.52,5,637.52,31.88,605.64,Apple Pay,Store
TXN-0048342,2026-08-22,DXB-002,Dubai,CUST-01850,P015,Tablet,Electronics,1,1101.2,10,1101.2,110.12,991.08,Card,Store
TXN-0048347,2026-08-22,DXB-004,Dubai,CUST-02068,P007,Office Chair,Furniture,1,655.24,5,655.24,32.76,622.48,Card,Store
TXN-0048351,2026-08-22,DXB-004,Dubai,CUST-06595,P002,Smartphone,Electronics,1,1408.85,0,1408.85,0.0,1408.85,Card,Store
TXN-0048359,2026-08-22,DXB-005,Dubai,CUST-07657,P015,Tablet,Electronics,1,1234.08,15,1234.08,185.11,1048.97,Card,Online
TXN-0048431,2026-08-22,DXB-005,Dubai,CUST-05341,P008,Desk,Furniture,1,832.35,0,832.35,0.0,832.35,Bank Transfer,Store
TXN-0048517,2026-08-22,DXB-002,Dubai,CUST-06770,P003,Headphones,Electronics,1,384.27,0,384.27,0.0,384.27,Apple Pay,Store
TXN-0048534,2026-08-22,DXB-005,Dubai,CUST-01667,P004,Monitor,Electronics,2,991.86,10,1983.72,198.37,1785.35,Card,Online
TXN-0048539,2026-08-22,DXB-005,Dubai,CUST-01524,P006,Mouse,Accessories,1,103.71,10,103.71,10.37,93.34,Card,Store
TXN-0048573,2026-08-22,DXB-004,Dubai,CUST-04366,P010,Printer,Office,2,693.37,5,1386.73,69.34,1317.4,Bank Transfer,Store
TXN-0048597,2026-08-22,DXB-003,Dubai,CUST-06925,P013,USB Drive,Accessories,3,47.47,0,142.4,0.0,142.4,Bank Transfer,Online
TXN-0048631,2026-08-22,DXB-002,Dubai,CUST-01670,P002,Smartphone,Electronics,6,1670.38,0,10022.3,0.0,10022.3,Card,Online
TXN-0048667,2026-08-22,DXB-004,Dubai,CUST-05813,P015,Tablet,Electronics,1,1333.75,5,1333.75,66.69,1267.06,Cash,Online
TXN-0048725,2026-08-22,DXB-005,Dubai,CUST-01761,P012,Pen Pack,Stationery,2,15.82,0,31.64,0.0,31.64,Card,Store
TXN-0048846,2026-08-22,DXB-003,Dubai,CUST-00343,P002,Smartphone,Electronics,1,2031.08,10,2031.08,203.11,1827.97,Card,Online
TXN-0048866,2026-08-22,DXB-005,Dubai,CUST-00092,P007,Office Chair,Furniture,4,675.87,10,2703.47,270.35,2433.13,Card,Store
TXN-0048882,2026-08-22,DXB-001,Dubai,CUST-01164,P014,Power Bank,Electronics,3,137.72,10,413.15,41.32,371.84,Card,Store
TXN-0049058,2026-08-22,DXB-001,Dubai,CUST-07009,P006,Mouse,Accessories,5,90.64,20,453.19,90.64,362.55,Cash,Online
TXN-0049059,2026-08-22,DXB-003,Dubai,CUST-04379,P012,Pen Pack,Stationery,3,14.3,15,42.89,6.43,36.46,Bank Transfer,Store
TXN-0049064,2026-08-22,DXB-005,Dubai,CUST-04894,P006,Mouse,Accessories,2,105.54,5,211.08,10.55,200.53,Card,Store
TXN-0049097,2026-08-22,DXB-001,Dubai,CUST-00029,P013,USB Drive,Accessories,2,46.56,15,93.11,13.97,79.15,Card,Store
TXN-0049200,2026-08-22,DXB-001,Dubai,CUST-02094,P001,Laptop,Electronics,1,2617.85,5,2617.85,130.89,2486.96,Card,Online
TXN-0049225,2026-08-22,DXB-002,Dubai,CUST-01384,P015,Tablet,Electronics,6,1289.97,10,7739.83,773.98,6965.85,Card,Store
TXN-0049242,2026-08-22,DXB-002,Dubai,CUST-04445,P007,Office Chair,Furniture,1,712.56,0,712.56,0.0,712.56,Bank Transfer,Store
TXN-0049270,2026-08-22,DXB-004,Dubai,CUST-04415,P007,Office Chair,Furniture,3,629.12,20,1887.35,377.47,1509.88,Card,Store
TXN-0049323,2026-08-22,DXB-005,Dubai,CUST-02469,P002,Smartphone,Electronics,4,1864.46,5,7457.82,372.89,7084.93,Card,Store
TXN-0049337,2026-08-22,DXB-003,Dubai,CUST-01228,P012,Pen Pack,Stationery,1,16.04,5,16.04,0.8,15.24,Card,Online
TXN-0049403,2026-08-22,DXB-002,Dubai,CUST-06311,P004,Monitor,Electronics,4,918.18,0,3672.71,0.0,3672.71,Cash,Store
TXN-0049426,2026-08-22,DXB-004,Dubai,CUST-04184,P008,Desk,Furniture,2,844.62,10,1689.23,168.92,1520.31,Card,Store
TXN-0049851,2026-08-22,DXB-001,Dubai,CUST-05079,P005,Keyboard,Accessories,3,176.29,0,528.87,0.0,528.87,Card,Store
TXN-0049906,2026-08-22,DXB-001,Dubai,CUST-00136,P003,Headphones,Electronics,5,374.65,0,1873.24,0.0,1873.24,Card,Store
TXN-0049950,2026-08-22,DXB-002,Dubai,CUST-03281,P004,Monitor,Electronics,2,867.81,0,1735.63,0.0,1735.63,Card,Online
TXN-0049986,2026-08-22,DXB-001,Dubai,CUST-03631,P002,Smartphone,Electronics,2,1940.64,5,3881.29,194.06,3687.22,Card,Store
TXN-0049994,2026-08-22,DXB-005,Dubai,CUST-02049,P012,Pen Pack,Stationery,3,13.94,0,41.82,0.0,41.82,Apple Pay,Store
TXN-0050025,2026-08-22,DXB-001,Dubai,CUST-06253,P010,Printer,Office,1,731.52,5,731.52,36.58,694.94,Bank Transfer,Online
TXN-0050117,2026-08-22,DXB-003,Dubai,CUST-03475,P008,Desk,Furniture,1,680.1,5,680.1,34.0,646.09,Apple Pay,Store
TXN-0050134,2026-08-22,DXB-003,Dubai,CUST-03990,P004,Monitor,Electronics,1,947.17,15,947.17,142.08,805.1,Card,Store
TXN-0050145,2026-08-22,DXB-001,Dubai,CUST-05764,P011,Notebook,Stationery,2,23.47,0,46.94,0.0,46.94,Card,Store
TXN-0050282,2026-08-22,DXB-001,Dubai,CUST-03530,P013,USB Drive,Accessories,1,44.8,0,44.8,0.0,44.8,Apple Pay,Store
TXN-0050293,2026-08-22,DXB-005,Dubai,CUST-06725,P015,Tablet,Electronics,4,1266.9,0,5067.6,0.0,5067.6,Card,Store
TXN-0050426,2026-08-22,DXB-005,Dubai,CUST-01228,P010,Printer,Office,3,673.24,0,2019.71,0.0,2019.71,Cash,Online
TXN-0050503,2026-08-22,DXB-005,Dubai,CUST-06241,P005,Keyboard,Accessories,1,176.97,5,176.97,8.85,168.12,Apple Pay,Online
TXN-0050794,2026-08-22,DXB-001,Dubai,CUST-00243,P012,Pen Pack,Stationery,2,14.03,5,28.06,1.4,26.66,Apple Pay,Online
TXN-0050798,2026-08-22,DXB-002,Dubai,CUST-06079,P013,USB Drive,Accessories,3,45.35,20,136.05,27.21,108.84,Card,Online
TXN-0050802,2026-08-22,DXB-004,Dubai,CUST-03933,P009,Backpack,Accessories,1,220.53,5,220.53,11.03,209.5,Bank Transfer,Store
TXN-0050896,2026-08-22,DXB-001,Dubai,CUST-05790,P010,Printer,Office,3,671.32,10,2013.96,201.4,1812.57,Cash,Store
TXN-0050905,2026-08-22,DXB-002,Dubai,CUST-07255,P015,Tablet,Electronics,1,1299.3,5,1299.3,64.96,1234.33,Cash,Store
TXN-0050962,2026-08-22,DXB-002,Dubai,CUST-03927,P008,Desk,Furniture,5,790.68,10,3953.4,395.34,3558.06,Card,Store
TXN-0051020,2026-08-22,DXB-001,Dubai,CUST-06516,P006,Mouse,Accessories,1,96.96,5,96.96,4.85,92.12,Cash,Store
TXN-0051111,2026-08-22,DXB-001,Dubai,CUST-06758,P006,Mouse,Accessories,3,102.0,0,306.0,0.0,306.0,Apple Pay,Store
TXN-0051125,2026-08-22,DXB-001,Dubai,CUST-04583,P005,Keyboard,Accessories,2,172.62,20,345.24,69.05,276.19,Card,Store
TXN-0051130,2026-08-22,DXB-005,Dubai,CUST-02309,P014,Power Bank,Electronics,1,140.39,10,140.39,14.04,126.36,Card,Store
TXN-0051139,2026-08-22,DXB-001,Dubai,CUST-04228,P010,Printer,Office,2,609.62,5,1219.23,60.96,1158.27,Bank Transfer,Store
TXN-0051183,2026-08-22,DXB-002,Dubai,CUST-03617,P004,Monitor,Electronics,1,924.04,5,924.04,46.2,877.84,Card,Online
TXN-0051243,2026-08-22,DXB-001,Dubai,CUST-04359,P015,Tablet,Electronics,2,1184.45,0,2368.89,0.0,2368.89,Card,Online
TXN-0051266,2026-08-22,DXB-003,Dubai,CUST-03057,P012,Pen Pack,Stationery,2,16.09,15,32.18,4.83,27.36,Card,Online
TXN-0051275,2026-08-22,DXB-005,Dubai,CUST-01498,P009,Backpack,Accessories,2,208.14,5,416.28,20.81,395.47,Card,Store
TXN-0051300,2026-08-22,DXB-005,Dubai,CUST-01084,P002,Smartphone,Electronics,1,1898.1,15,1898.1,284.72,1613.39,Card,Store
TXN-0051426,2026-08-22,DXB-005,Dubai,CUST-00798,P015,Tablet,Electronics,1,1232.61,10,1232.61,123.26,1109.35,Card,Online
TXN-0051469,2026-08-22,DXB-003,Dubai,CUST-05696,P013,USB Drive,Accessories,2,49.22,0,98.44,0.0,98.44,Card,Store
TXN-0051526,2026-08-22,DXB-003,Dubai,CUST-05504,P002,Smartphone,Electronics,2,1859.27,10,3718.54,371.85,3346.68,Card,Online
TXN-0051634,2026-08-22,DXB-001,Dubai,CUST-02089,P013,USB Drive,Accessories,3,42.28,5,126.84,6.34,120.5,Card,Store
TXN-0051807,2026-08-22,DXB-003,Dubai,CUST-07156,P010,Printer,Office,1,717.15,0,717.15,0.0,717.15,Cash,Store
TXN-0051811,2026-08-22,DXB-002,Dubai,CUST-03905,P006,Mouse,Accessories,1,95.98,5,95.98,4.8,91.18,Apple Pay,Store
TXN-0051874,2026-08-22,DXB-002,Dubai,CUST-00785,P015,Tablet,Electronics,2,1212.74,0,2425.47,0.0,2425.47,Apple Pay,Store
TXN-0051971,2026-08-22,DXB-005,Dubai,CUST-06576,P012,Pen Pack,Stationery,1,13.09,10,13.09,1.31,11.78,Bank Transfer,Store
TXN-0051978,2026-08-22,DXB-002,Dubai,CUST-00832,P002,Smartphone,Electronics,1,1813.04,15,1813.04,271.96,1541.08,Card,Online
TXN-0052217,2026-08-22,DXB-004,Dubai,CUST-00370,P006,Mouse,Accessories,1,90.93,10,90.93,9.09,81.84,Cash,Store
TXN-0052292,2026-08-22,DXB-004,Dubai,CUST-07444,P013,USB Drive,Accessories,1,48.63,5,48.63,2.43,46.2,Card,Store
TXN-0052356,2026-08-22,DXB-002,Dubai,CUST-06796,P002,Smartphone,Electronics,3,1841.22,5,5523.65,276.18,5247.47,Card,Online
TXN-0052379,2026-08-22,DXB-003,Dubai,CUST-01111,P002,Smartphone,Electronics,1,1786.2,5,1786.2,89.31,1696.89,Card,Store
TXN-0052381,2026-08-22,DXB-004,Dubai,CUST-03824,P012,Pen Pack,Stationery,2,14.96,0,29.93,0.0,29.93,Card,Store
TXN-0052596,2026-08-22,DXB-001,Dubai,CUST-07152,P006,Mouse,Accessories,1,93.08,5,93.08,4.65,88.43,Card,Online
TXN-0052830,2026-08-22,DXB-003,Dubai,CUST-07984,P014,Power Bank,Electronics,2,154.48,20,308.96,61.79,247.17,Card,Online
TXN-0052866,2026-08-22,DXB-005,Dubai,CUST-06174,P005,Keyboard,Accessories,1,192.85,5,192.85,9.64,183.21,Card,Store
TXN-0052935,2026-08-22,DXB-002,Dubai,CUST-00808,P007,Office Chair,Furniture,2,627.46,15,1254.92,188.24,1066.68,Cash,Online
TXN-0052963,2026-08-22,DXB-002,Dubai,CUST-00903,P007,Office Chair,Furniture,1,654.35,0,654.35,0.0,654.35,Card,Store
TXN-0052983,2026-08-22,DXB-001,Dubai,CUST-00660,P010,Printer,Office,2,746.21,5,1492.42,74.62,1417.8,Cash,Online
TXN-0053016,2026-08-22,DXB-001,Dubai,CUST-07373,P009,Backpack,Accessories,4,231.02,0,924.1,0.0,924.1,Apple Pay,Store
TXN-0053028,2026-08-22,DXB-004,Dubai,CUST-04613,P014,Power Bank,Electronics,1,147.26,0,147.26,0.0,147.26,Card,Store
TXN-0053035,2026-08-22,DXB-003,Dubai,CUST-02441,P001,Laptop,Electronics,1,2794.41,15,2794.41,419.16,2375.25,Card,Store
TXN-0053068,2026-08-22,DXB-002,Dubai,CUST-05528,P006,Mouse,Accessories,1,103.48,10,103.48,10.35,93.13,Card,Online
TXN-0053242,2026-08-22,DXB-003,Dubai,CUST-01181,P010,Printer,Office,2,753.1,20,1506.2,301.24,1204.96,Card,Online
TXN-0053271,2026-08-22,DXB-001,Dubai,CUST-07252,P015,Tablet,Electronics,2,1161.15,0,2322.3,0.0,2322.3,Card,Store
TXN-0053333,2026-08-22,DXB-004,Dubai,CUST-04816,P010,Printer,Office,6,695.31,20,4171.85,834.37,3337.48,Apple Pay,Online
TXN-0053494,2026-08-22,DXB-005,Dubai,CUST-07488,P005,Keyboard,Accessories,4,175.57,0,702.27,0.0,702.27,Card,Store
TXN-0053537,2026-08-22,DXB-004,Dubai,CUST-05627,P005,Keyboard,Accessories,2,186.54,0,373.07,0.0,373.07,Apple Pay,Store
TXN-0053559,2026-08-22,DXB-001,Dubai,CUST-05275,P013,USB Drive,Accessories,2,52.43,0,104.86,0.0,104.86,Cash,Store
TXN-0053564,2026-08-22,DXB-001,Dubai,CUST-05438,P003,Headphones,Electronics,1,357.38,10,357.38,35.74,321.64,Apple Pay,Store
TXN-0053566,2026-08-22,DXB-003,Dubai,CUST-05152,P011,Notebook,Stationery,1,23.21,5,23.21,1.16,22.05,Card,Online
TXN-0053634,2026-08-22,DXB-004,Dubai,CUST-07536,P006,Mouse,Accessories,1,90.12,0,90.12,0.0,90.12,Card,Store
TXN-0053680,2026-08-22,DXB-002,Dubai,CUST-07693,P002,Smartphone,Electronics,1,1577.52,20,1577.52,315.5,1262.01,Cash,Store
TXN-0053692,2026-08-22,DXB-002,Dubai,CUST-03589,P011,Notebook,Stationery,2,24.91,0,49.82,0.0,49.82,Card,Store
TXN-0053841,2026-08-22,DXB-002,Dubai,CUST-02569,P003,Headphones,Electronics,1,348.29,5,348.29,17.41,330.88,Cash,Store
TXN-0053894,2026-08-22,DXB-002,Dubai,CUST-03815,P001,Laptop,Electronics,4,2729.1,0,10916.39,0.0,10916.39,Card,Online
TXN-0053932,2026-08-22,DXB-005,Dubai,CUST-06023,P001,Laptop,Electronics,2,2768.17,10,5536.33,553.63,4982.7,Apple Pay,Store
TXN-0053934,2026-08-22,DXB-001,Dubai,CUST-06238,P006,Mouse,Accessories,1,104.78,5,104.78,5.24,99.54,Apple Pay,Store
TXN-0053959,2026-08-22,DXB-003,Dubai,CUST-04773,P002,Smartphone,Electronics,1,1901.95,5,1901.95,95.1,1806.86,Card,Store
TXN-0054003,2026-08-22,DXB-005,Dubai,CUST-03703,P008,Desk,Furniture,1,817.07,5,817.07,40.85,776.21,Cash,Store
TXN-0054006,2026-08-22,DXB-002,Dubai,CUST-00027,P012,Pen Pack,Stationery,1,13.96,5,13.96,0.7,13.26,Card,Online
TXN-0054092,2026-08-22,DXB-001,Dubai,CUST-05367,P013,USB Drive,Accessories,5,47.0,0,235.0,0.0,235.0,Card,Store
TXN-0054231,2026-08-22,DXB-002,Dubai,CUST-06503,P008,Desk,Furniture,2,781.76,0,1563.51,0.0,1563.51,Apple Pay,Online
TXN-0054360,2026-08-22,DXB-005,Dubai,CUST-04765,P009,Backpack,Accessories,2,244.21,10,488.42,48.84,439.57,Bank Transfer,Store
TXN-0054445,2026-08-22,DXB-004,Dubai,CUST-01619,P012,Pen Pack,Stationery,1,16.35,0,16.35,0.0,16.35,Card,Store
TXN-0054532,2026-08-22,DXB-002,Dubai,CUST-04694,P015,Tablet,Electronics,2,1181.63,0,2363.25,0.0,2363.25,Card,Store
TXN-0054582,2026-08-22,DXB-002,Dubai,CUST-07697,P004,Monitor,Electronics,3,965.01,0,2895.02,0.0,2895.02,Bank Transfer,Store
TXN-0054672,2026-08-22,DXB-001,Dubai,CUST-06493,P006,Mouse,Accessories,1,99.18,10,99.18,9.92,89.26,Card,Store
TXN-0054809,2026-08-22,DXB-004,Dubai,CUST-01574,P010,Printer,Office,1,663.67,15,663.67,99.55,564.12,Card,Store
TXN-0054862,2026-08-22,DXB-003,Dubai,CUST-01810,P012,Pen Pack,Stationery,2,13.88,5,27.76,1.39,26.37,Card,Store
TXN-0054869,2026-08-22,DXB-002,Dubai,CUST-06739,P011,Notebook,Stationery,2,26.03,0,52.06,0.0,52.06,Card,Online
TXN-0054870,2026-08-22,DXB-003,Dubai,CUST-01361,P005,Keyboard,Accessories,1,161.44,5,161.44,8.07,153.36,Cash,Store
TXN-0054897,2026-08-22,DXB-001,Dubai,CUST-07296,P011,Notebook,Stationery,6,25.09,15,150.53,22.58,127.95,Apple Pay,Store
TXN-0054914,2026-08-22,DXB-002,Dubai,CUST-00831,P011,Notebook,Stationery,2,24.33,0,48.66,0.0,48.66,Cash,Store
TXN-0054986,2026-08-22,DXB-001,Dubai,CUST-01440,P005,Keyboard,Accessories,2,187.51,15,375.03,56.25,318.77,Card,Store
TXN-0055034,2026-08-22,DXB-001,Dubai,CUST-03115,P013,USB Drive,Accessories,1,41.44,10,41.44,4.14,37.3,Cash,Store
TXN-0055093,2026-08-22,DXB-004,Dubai,CUST-07587,P013,USB Drive,Accessories,2,48.56,5,97.13,4.86,92.27,Cash,Online
TXN-0055112,2026-08-22,DXB-004,Dubai,CUST-07625,P007,Office Chair,Furniture,1,677.26,15,677.26,101.59,575.67,Cash,Online
TXN-0055130,2026-08-22,DXB-001,Dubai,CUST-01370,P003,Headphones,Electronics,2,326.8,10,653.6,65.36,588.24,Card,Store
TXN-0055198,2026-08-22,DXB-002,Dubai,CUST-02392,P003,Headphones,Electronics,2,369.4,15,738.81,110.82,627.99,Card,Online
TXN-0055227,2026-08-22,DXB-002,Dubai,CUST-06761,P012,Pen Pack,Stationery,1,14.22,15,14.22,2.13,12.09,Cash,Store
TXN-0055251,2026-08-22,DXB-003,Dubai,CUST-02061,P005,Keyboard,Accessories,2,174.31,0,348.61,0.0,348.61,Cash,Store
TXN-0055301,2026-08-22,DXB-002,Dubai,CUST-02850,P015,Tablet,Electronics,2,1065.65,0,2131.3,0.0,2131.3,Card,Online
TXN-0055342,2026-08-22,DXB-003,Dubai,CUST-03762,P009,Backpack,Accessories,3,223.06,5,669.19,33.46,635.73,Card,Store
TXN-0055352,2026-08-22,DXB-003,Dubai,CUST-05889,P007,Office Chair,Furniture,5,640.37,0,3201.86,0.0,3201.86,Cash,Store
TXN-0055363,2026-08-22,DXB-005,Dubai,CUST-03591,P001,Laptop,Electronics,3,2724.12,0,8172.36,0.0,8172.36,Card,Online
TXN-0055396,2026-08-22,DXB-004,Dubai,CUST-01720,P003,Headphones,Electronics,1,366.77,15,366.77,55.02,311.75,Apple Pay,Store
TXN-0055408,2026-08-22,DXB-005,Dubai,CUST-07703,P002,Smartphone,Electronics,2,1853.63,5,3707.26,185.36,3521.89,Cash,Online
TXN-0055497,2026-08-22,DXB-005,Dubai,CUST-04381,P009,Backpack,Accessories,1,229.1,20,229.1,45.82,183.28,Apple Pay,Store
TXN-0055578,2026-08-22,DXB-005,Dubai,CUST-03671,P003,Headphones,Electronics,2,343.32,0,686.63,0.0,686.63,Cash,Store
TXN-0055587,2026-08-22,DXB-002,Dubai,CUST-00029,P009,Backpack,Accessories,1,203.28,5,203.28,10.16,193.11,Card,Online
TXN-0055605,2026-08-22,DXB-002,Dubai,CUST-04131,P009,Backpack,Accessories,3,213.36,10,640.08,64.01,576.07,Cash,Online
TXN-0055638,2026-08-22,DXB-001,Dubai,CUST-04155,P002,Smartphone,Electronics,1,1588.34,5,1588.34,79.42,1508.92,Cash,Online
TXN-0055780,2026-08-22,DXB-004,Dubai,CUST-00077,P014,Power Bank,Electronics,3,143.78,10,431.33,43.13,388.19,Card,Store
TXN-0055811,2026-08-22,DXB-001,Dubai,CUST-05159,P007,Office Chair,Furniture,1,695.99,5,695.99,34.8,661.19,Bank Transfer,Store
TXN-0055818,2026-08-22,DXB-001,Dubai,CUST-05211,P009,Backpack,Accessories,1,222.76,10,222.76,22.28,200.48,Card,Online
TXN-0055902,2026-08-22,DXB-003,Dubai,CUST-00074,P015,Tablet,Electronics,3,1191.76,5,3575.27,178.76,3396.51,Apple Pay,Store
TXN-0056016,2026-08-22,DXB-002,Dubai,CUST-07470,P013,USB Drive,Accessories,1,52.26,0,52.26,0.0,52.26,Card,Store
TXN-0056029,2026-08-22,DXB-003,Dubai,CUST-07775,P004,Monitor,Electronics,1,878.17,0,878.17,0.0,878.17,Bank Transfer,Store
TXN-0056071,2026-08-22,DXB-001,Dubai,CUST-07788,P004,Monitor,Electronics,1,926.13,5,926.13,46.31,879.82,Card,Store
TXN-0056135,2026-08-22,DXB-005,Dubai,CUST-00158,P001,Laptop,Electronics,1,2806.43,5,2806.43,140.32,2666.11,Card,Online
TXN-0056152,2026-08-22,DXB-004,Dubai,CUST-07393,P012,Pen Pack,Stationery,2,14.37,5,28.75,1.44,27.31,Card,Store
TXN-0056224,2026-08-22,DXB-002,Dubai,CUST-00044,P012,Pen Pack,Stationery,3,14.51,0,43.52,0.0,43.52,Card,Store
TXN-0056253,2026-08-22,DXB-004,Dubai,CUST-06627,P008,Desk,Furniture,4,813.0,0,3252.0,0.0,3252.0,Cash,Store
TXN-0056256,2026-08-22,DXB-003,Dubai,CUST-04396,P008,Desk,Furniture,1,849.59,15,849.59,127.44,722.15,Card,Online
TXN-0056278,2026-08-22,DXB-004,Dubai,CUST-06562,P015,Tablet,Electronics,2,1085.11,0,2170.23,0.0,2170.23,Card,Store
TXN-0056348,2026-08-22,DXB-003,Dubai,CUST-00851,P013,USB Drive,Accessories,1,48.29,0,48.29,0.0,48.29,Cash,Store
TXN-0056349,2026-08-22,DXB-002,Dubai,CUST-07976,P002,Smartphone,Electronics,2,1936.06,5,3872.11,193.61,3678.51,Card,Store
TXN-0056429,2026-08-22,DXB-002,Dubai,CUST-04899,P009,Backpack,Accessories,3,212.87,0,638.61,0.0,638.61,Card,Online
TXN-0056473,2026-08-22,DXB-001,Dubai,CUST-00167,P010,Printer,Office,2,723.5,10,1447.0,144.7,1302.3,Card,Online
TXN-0056724,2026-08-22,DXB-003,Dubai,CUST-05033,P009,Backpack,Accessories,1,215.98,0,215.98,0.0,215.98,Cash,Online
TXN-0056735,2026-08-22,DXB-004,Dubai,CUST-00221,P002,Smartphone,Electronics,1,1660.67,5,1660.67,83.03,1577.64,Card,Store
TXN-0056760,2026-08-22,DXB-004,Dubai,CUST-03816,P012,Pen Pack,Stationery,2,13.87,10,27.74,2.77,24.96,Card,Online
TXN-0056938,2026-08-22,DXB-002,Dubai,CUST-04074,P010,Printer,Office,4,696.82,0,2787.27,0.0,2787.27,Cash,Store
TXN-0056989,2026-08-22,DXB-003,Dubai,CUST-05525,P014,Power Bank,Electronics,1,139.5,15,139.5,20.92,118.57,Card,Store
TXN-0057115,2026-08-22,DXB-005,Dubai,CUST-04420,P004,Monitor,Electronics,2,857.46,5,1714.92,85.75,1629.18,Apple Pay,Store
TXN-0057151,2026-08-22,DXB-005,Dubai,CUST-05371,P010,Printer,Office,1,732.4,5,732.4,36.62,695.78,Apple Pay,Store
TXN-0057153,2026-08-22,DXB-003,Dubai,CUST-07120,P014,Power Bank,Electronics,1,150.61,10,150.61,15.06,135.55,Cash,Store
TXN-0057196,2026-08-22,DXB-001,Dubai,CUST-03656,P013,USB Drive,Accessories,4,46.22,15,184.87,27.73,157.14,Card,Store
TXN-0057235,2026-08-22,DXB-002,Dubai,CUST-05113,P007,Office Chair,Furniture,1,640.86,0,640.86,0.0,640.86,Card,Online
TXN-0057291,2026-08-22,DXB-005,Dubai,CUST-03824,P009,Backpack,Accessories,6,218.15,0,1308.87,0.0,1308.87,Apple Pay,Online
TXN-0057307,2026-08-22,DXB-005,Dubai,CUST-04243,P006,Mouse,Accessories,1,98.31,15,98.31,14.75,83.57,Card,Store
TXN-0057340,2026-08-22,DXB-001,Dubai,CUST-01522,P015,Tablet,Electronics,2,1153.63,0,2307.25,0.0,2307.25,Card,Store
TXN-0057387,2026-08-22,DXB-005,Dubai,CUST-05194,P013,USB Drive,Accessories,4,43.02,0,172.1,0.0,172.1,Apple Pay,Store
TXN-0057489,2026-08-22,DXB-004,Dubai,CUST-00735,P015,Tablet,Electronics,3,1085.76,0,3257.29,0.0,3257.29,Card,Online
TXN-0057615,2026-08-22,DXB-005,Dubai,CUST-01789,P014,Power Bank,Electronics,2,146.47,0,292.94,0.0,292.94,Card,Store
TXN-0057629,2026-08-22,DXB-001,Dubai,CUST-02718,P013,USB Drive,Accessories,5,43.31,15,216.53,32.48,184.05,Cash,Store
TXN-0057725,2026-08-22,DXB-003,Dubai,CUST-07823,P004,Monitor,Electronics,1,899.59,0,899.59,0.0,899.59,Card,Store
TXN-0057726,2026-08-22,DXB-001,Dubai,CUST-02232,P012,Pen Pack,Stationery,2,14.08,5,28.17,1.41,26.76,Card,Store
TXN-0057855,2026-08-22,DXB-004,Dubai,CUST-02100,P004,Monitor,Electronics,3,886.5,15,2659.49,398.92,2260.57,Card,Store
TXN-0057882,2026-08-22,DXB-004,Dubai,CUST-01331,P012,Pen Pack,Stationery,3,15.03,15,45.1,6.76,38.33,Card,Store
TXN-0057888,2026-08-22,DXB-002,Dubai,CUST-05752,P001,Laptop,Electronics,2,2857.24,0,5714.49,0.0,5714.49,Card,Online
TXN-0057925,2026-08-22,DXB-001,Dubai,CUST-01162,P008,Desk,Furniture,1,757.08,10,757.08,75.71,681.37,Bank Transfer,Store
TXN-0057927,2026-08-22,DXB-003,Dubai,CUST-05034,P004,Monitor,Electronics,1,902.45,10,902.45,90.25,812.21,Cash,Store
TXN-0057933,2026-08-22,DXB-002,Dubai,CUST-06117,P012,Pen Pack,Stationery,2,14.73,10,29.47,2.95,26.52,Card,Store
TXN-0057935,2026-08-22,DXB-001,Dubai,CUST-06676,P004,Monitor,Electronics,3,963.92,0,2891.75,0.0,2891.75,Cash,Store
TXN-0057957,2026-08-22,DXB-001,Dubai,CUST-01031,P014,Power Bank,Electronics,1,143.46,15,143.46,21.52,121.94,Apple Pay,Online
TXN-0057991,2026-08-22,DXB-001,Dubai,CUST-00320,P006,Mouse,Accessories,2,99.09,0,198.17,0.0,198.17,Cash,Store
TXN-0058064,2026-08-22,DXB-005,Dubai,CUST-05084,P002,Smartphone,Electronics,1,1818.4,0,1818.4,0.0,1818.4,Card,Store
TXN-0058088,2026-08-22,DXB-002,Dubai,CUST-07414,P006,Mouse,Accessories,4,100.73,0,402.91,0.0,402.91,Apple Pay,Store
TXN-0058112,2026-08-22,DXB-003,Dubai,CUST-00173,P014,Power Bank,Electronics,6,170.23,5,1021.39,51.07,970.32,Bank Transfer,Store
TXN-0058129,2026-08-22,DXB-001,Dubai,CUST-03217,P007,Office Chair,Furniture,2,619.79,5,1239.58,61.98,1177.6,Card,Store
TXN-0058196,2026-08-22,DXB-003,Dubai,CUST-07814,P001,Laptop,Electronics,1,2532.99,0,2532.99,0.0,2532.99,Card,Store
TXN-0058216,2026-08-22,DXB-004,Dubai,CUST-06059,P013,USB Drive,Accessories,3,46.65,15,139.94,20.99,118.95,Bank Transfer,Store
TXN-0058250,2026-08-22,DXB-002,Dubai,CUST-02976,P007,Office Chair,Furniture,3,676.1,20,2028.29,405.66,1622.63,Cash,Online
TXN-0058313,2026-08-22,DXB-004,Dubai,CUST-07478,P013,USB Drive,Accessories,1,43.75,15,43.75,6.56,37.19,Apple Pay,Store
TXN-0058353,2026-08-22,DXB-002,Dubai,CUST-00497,P009,Backpack,Accessories,1,198.58,10,198.58,19.86,178.73,Card,Store
TXN-0058396,2026-08-22,DXB-004,Dubai,CUST-07821,P011,Notebook,Stationery,1,27.42,0,27.42,0.0,27.42,Cash,Store
TXN-0058465,2026-08-22,DXB-004,Dubai,CUST-03238,P010,Printer,Office,1,653.81,5,653.81,32.69,621.12,Apple Pay,Online
TXN-0058478,2026-08-22,DXB-002,Dubai,CUST-06988,P008,Desk,Furniture,2,816.24,0,1632.48,0.0,1632.48,Card,Store
TXN-0058495,2026-08-22,DXB-001,Dubai,CUST-04042,P010,Printer,Office,1,790.79,5,790.79,39.54,751.25,Cash,Store
TXN-0058603,2026-08-22,DXB-001,Dubai,CUST-06079,P015,Tablet,Electronics,3,1323.67,0,3971.01,0.0,3971.01,Cash,Store
TXN-0058655,2026-08-22,DXB-003,Dubai,CUST-00559,P005,Keyboard,Accessories,1,177.95,0,177.95,0.0,177.95,Card,Store
TXN-0058769,2026-08-22,DXB-003,Dubai,CUST-05351,P011,Notebook,Stationery,2,23.17,5,46.34,2.32,44.03,Card,Store
TXN-0058844,2026-08-22,DXB-002,Dubai,CUST-01919,P008,Desk,Furniture,1,747.6,10,747.6,74.76,672.84,Apple Pay,Store
TXN-0058932,2026-08-22,DXB-002,Dubai,CUST-02221,P003,Headphones,Electronics,2,372.01,0,744.02,0.0,744.02,Card,Store
TXN-0059301,2026-08-22,DXB-003,Dubai,CUST-05142,P013,USB Drive,Accessories,1,48.43,5,48.43,2.42,46.01,Card,Store
TXN-0059333,2026-08-22,DXB-002,Dubai,CUST-06362,P002,Smartphone,Electronics,2,1746.86,5,3493.72,174.69,3319.03,Card,Store
TXN-0059429,2026-08-22,DXB-001,Dubai,CUST-00596,P006,Mouse,Accessories,2,94.66,15,189.32,28.4,160.92,Cash,Online
TXN-0059432,2026-08-22,DXB-003,Dubai,CUST-02834,P015,Tablet,Electronics,1,1266.84,0,1266.84,0.0,1266.84,Card,Store
TXN-0059436,2026-08-22,DXB-004,Dubai,CUST-01069,P007,Office Chair,Furniture,2,593.36,0,1186.72,0.0,1186.72,Apple Pay,Store
TXN-0059450,2026-08-22,DXB-005,Dubai,CUST-01319,P013,USB Drive,Accessories,1,44.49,0,44.49,0.0,44.49,Apple Pay,Store
TXN-0059478,2026-08-22,DXB-001,Dubai,CUST-00113,P011,Notebook,Stationery,1,27.02,0,27.02,0.0,27.02,Apple Pay,Store
TXN-0059490,2026-08-22,DXB-002,Dubai,CUST-06976,P004,Monitor,Electronics,1,903.56,15,903.56,135.53,768.02,Apple Pay,Online
TXN-0059598,2026-08-22,DXB-004,Dubai,CUST-07155,P007,Office Chair,Furniture,2,713.8,10,1427.59,142.76,1284.83,Card,Store
TXN-0059672,2026-08-22,DXB-001,Dubai,CUST-06026,P014,Power Bank,Electronics,1,152.63,10,152.63,15.26,137.37,Cash,Store
TXN-0059690,2026-08-22,DXB-005,Dubai,CUST-05394,P010,Printer,Office,1,671.61,10,671.61,67.16,604.45,Apple Pay,Store
TXN-0059694,2026-08-22,DXB-005,Dubai,CUST-02704,P010,Printer,Office,2,720.04,0,1440.08,0.0,1440.08,Apple Pay,Store
TXN-0059697,2026-08-22,DXB-004,Dubai,CUST-05679,P012,Pen Pack,Stationery,1,16.07,0,16.07,0.0,16.07,Card,Store
TXN-0059727,2026-08-22,DXB-005,Dubai,CUST-01922,P003,Headphones,Electronics,4,377.5,0,1509.99,0.0,1509.99,Card,Online
TXN-0059753,2026-08-22,DXB-003,Dubai,CUST-05470,P014,Power Bank,Electronics,2,141.82,5,283.64,14.18,269.46,Apple Pay,Online
TXN-0059835,2026-08-22,DXB-003,Dubai,CUST-00125,P013,USB Drive,Accessories,1,44.04,5,44.04,2.2,41.84,Apple Pay,Store
TXN-0059889,2026-08-22,DXB-005,Dubai,CUST-07051,P007,Office Chair,Furniture,2,651.96,5,1303.91,65.2,1238.71,Card,Store
TXN-0059930,2026-08-22,DXB-005,Dubai,CUST-07435,P011,Notebook,Stationery,1,28.73,10,28.73,2.87,25.85,Card,Online
TXN-0059940,2026-08-22,DXB-003,Dubai,CUST-03737,P010,Printer,Office,1,690.37,10,690.37,69.04,621.33,Card,Online
TXN-0059977,2026-08-22,DXB-005,Dubai,CUST-02215,P002,Smartphone,Electronics,1,1858.07,5,1858.07,92.9,1765.17,Cash,Online
TXN-0059993,2026-08-22,DXB-001,Dubai,CUST-00676,P003,Headphones,Electronics,1,357.0,5,357.0,17.85,339.15,Bank Transfer,Store
TXN-0060093,2026-08-22,DXB-004,Dubai,CUST-03630,P014,Power Bank,Electronics,2,151.93,15,303.86,45.58,258.28,Bank Transfer,Store
TXN-0060123,2026-08-22,DXB-005,Dubai,CUST-00336,P013,USB Drive,Accessories,2,45.06,0,90.12,0.0,90.12,Card,Store
TXN-0060196,2026-08-22,DXB-005,Dubai,CUST-07145,P002,Smartphone,Electronics,1,1822.54,20,1822.54,364.51,1458.03,Card,Store
TXN-0060301,2026-08-22,DXB-002,Dubai,CUST-02022,P006,Mouse,Accessories,1,95.43,15,95.43,14.31,81.12,Card,Online
TXN-0060364,2026-08-22,DXB-002,Dubai,CUST-03670,P001,Laptop,Electronics,1,2841.03,0,2841.03,0.0,2841.03,Card,Store
TXN-0060458,2026-08-22,DXB-005,Dubai,CUST-07412,P001,Laptop,Electronics,1,2846.36,10,2846.36,284.64,2561.72,Apple Pay,Store
TXN-0060560,2026-08-22,DXB-003,Dubai,CUST-03675,P004,Monitor,Electronics,1,735.14,0,735.14,0.0,735.14,Cash,Online
TXN-0060666,2026-08-22,DXB-005,Dubai,CUST-04800,P011,Notebook,Stationery,3,24.01,0,72.04,0.0,72.04,Card,Store
TXN-0060698,2026-08-22,DXB-001,Dubai,CUST-01019,P010,Printer,Office,1,710.56,15,710.56,106.58,603.98,Card,Store
TXN-0060806,2026-08-22,DXB-001,Dubai,CUST-07320,P011,Notebook,Stationery,1,26.06,0,26.06,0.0,26.06,Bank Transfer,Store
TXN-0060815,2026-08-22,DXB-001,Dubai,CUST-07059,P008,Desk,Furniture,1,731.69,20,731.69,146.34,585.35,Apple Pay,Store
TXN-0060832,2026-08-22,DXB-005,Dubai,CUST-01827,P011,Notebook,Stationery,1,25.06,5,25.06,1.25,23.81,Bank Transfer,Online
TXN-0060845,2026-08-22,DXB-004,Dubai,CUST-02869,P006,Mouse,Accessories,1,106.91,0,106.91,0.0,106.91,Card,Store
TXN-0060895,2026-08-22,DXB-001,Dubai,CUST-02939,P015,Tablet,Electronics,2,1336.22,0,2672.44,0.0,2672.44,Card,Store
TXN-0060915,2026-08-22,DXB-005,Dubai,CUST-05715,P006,Mouse,Accessories,2,100.94,0,201.88,0.0,201.88,Apple Pay,Store
TXN-0060949,2026-08-22,DXB-002,Dubai,CUST-04751,P009,Backpack,Accessories,3,190.64,15,571.91,85.79,486.13,Cash,Store
TXN-0061007,2026-08-22,DXB-001,Dubai,CUST-05852,P002,Smartphone,Electronics,1,1637.17,0,1637.17,0.0,1637.17,Card,Store
TXN-0061132,2026-08-22,DXB-003,Dubai,CUST-05940,P008,Desk,Furniture,2,833.02,10,1666.03,166.6,1499.43,Cash,Store
TXN-0061258,2026-08-22,DXB-003,Dubai,CUST-03987,P010,Printer,Office,6,682.32,5,4093.94,204.7,3889.25,Apple Pay,Store
TXN-0061259,2026-08-22,DXB-002,Dubai,CUST-00902,P003,Headphones,Electronics,5,368.45,20,1842.24,368.45,1473.79,Card,Store
TXN-0061272,2026-08-22,DXB-005,Dubai,CUST-02968,P010,Printer,Office,4,707.96,5,2831.82,141.59,2690.23,Apple Pay,Online
TXN-0061330,2026-08-22,DXB-003,Dubai,CUST-02269,P003,Headphones,Electronics,2,391.72,0,783.43,0.0,783.43,Card,Store
TXN-0061351,2026-08-22,DXB-002,Dubai,CUST-02663,P013,USB Drive,Accessories,1,44.23,10,44.23,4.42,39.81,Apple Pay,Store
TXN-0061363,2026-08-22,DXB-005,Dubai,CUST-01417,P005,Keyboard,Accessories,3,170.14,15,510.42,76.56,433.86,Card,Online
TXN-0061369,2026-08-22,DXB-003,Dubai,CUST-03107,P006,Mouse,Accessories,3,106.56,10,319.69,31.97,287.72,Cash,Store
TXN-0061414,2026-08-22,DXB-002,Dubai,CUST-01090,P007,Office Chair,Furniture,1,648.19,5,648.19,32.41,615.78,Card,Store
TXN-0061451,2026-08-22,DXB-002,Dubai,CUST-06274,P008,Desk,Furniture,1,750.28,0,750.28,0.0,750.28,Bank Transfer,Online
TXN-0061460,2026-08-22,DXB-002,Dubai,CUST-01766,P005,Keyboard,Accessories,1,177.06,10,177.06,17.71,159.35,Apple Pay,Store
TXN-0061547,2026-08-22,DXB-002,Dubai,CUST-00856,P004,Monitor,Electronics,1,837.28,5,837.28,41.86,795.41,Card,Store
TXN-0061561,2026-08-22,DXB-002,Dubai,CUST-02019,P008,Desk,Furniture,2,807.95,5,1615.91,80.8,1535.11,Card,Store
TXN-0061733,2026-08-22,DXB-003,Dubai,CUST-06190,P006,Mouse,Accessories,3,102.56,0,307.67,0.0,307.67,Bank Transfer,Store
TXN-0061775,2026-08-22,DXB-001,Dubai,CUST-06614,P014,Power Bank,Electronics,3,143.76,10,431.29,43.13,388.16,Card,Online
TXN-0061836,2026-08-22,DXB-001,Dubai,CUST-03218,P005,Keyboard,Accessories,3,191.31,5,573.93,28.7,545.23,Cash,Store
TXN-0061842,2026-08-22,DXB-003,Dubai,CUST-03307,P005,Keyboard,Accessories,1,173.91,0,173.91,0.0,173.91,Card,Online
TXN-0061884,2026-08-22,DXB-003,Dubai,CUST-03026,P015,Tablet,Electronics,2,1169.99,5,2339.98,117.0,2222.98,Card,Store
TXN-0061938,2026-08-22,DXB-003,Dubai,CUST-04772,P013,USB Drive,Accessories,2,45.9,15,91.8,13.77,78.03,Cash,Store
TXN-0062024,2026-08-22,DXB-001,Dubai,CUST-01347,P010,Printer,Office,1,708.8,15,708.8,106.32,602.48,Card,Store
TXN-0062047,2026-08-22,DXB-002,Dubai,CUST-04127,P001,Laptop,Electronics,2,2724.84,0,5449.67,0.0,5449.67,Card,Store
TXN-0062148,2026-08-22,DXB-003,Dubai,CUST-01383,P013,USB Drive,Accessories,2,43.3,10,86.6,8.66,77.94,Card,Store
TXN-0062155,2026-08-22,DXB-001,Dubai,CUST-01001,P014,Power Bank,Electronics,1,164.69,0,164.69,0.0,164.69,Apple Pay,Store
TXN-0062170,2026-08-22,DXB-004,Dubai,CUST-03396,P008,Desk,Furniture,2,808.41,15,1616.82,242.52,1374.3,Bank Transfer,Online
TXN-0062172,2026-08-22,DXB-005,Dubai,CUST-02620,P015,Tablet,Electronics,6,1207.33,0,7244.0,0.0,7244.0,Cash,Store
TXN-0062241,2026-08-22,DXB-002,Dubai,CUST-01654,P008,Desk,Furniture,1,745.67,5,745.67,37.28,708.39,Card,Store
TXN-0062283,2026-08-22,DXB-004,Dubai,CUST-04619,P009,Backpack,Accessories,1,217.53,10,217.53,21.75,195.78,Card,Store
TXN-0062292,2026-08-22,DXB-001,Dubai,CUST-01349,P012,Pen Pack,Stationery,1,14.73,0,14.73,0.0,14.73,Card,Store
TXN-0062310,2026-08-22,DXB-002,Dubai,CUST-00378,P013,USB Drive,Accessories,1,41.03,10,41.03,4.1,36.93,Card,Store
TXN-0062314,2026-08-22,DXB-005,Dubai,CUST-03115,P007,Office Chair,Furniture,1,679.35,15,679.35,101.9,577.45,Cash,Online
TXN-0062324,2026-08-22,DXB-001,Dubai,CUST-01923,P010,Printer,Office,1,645.14,15,645.14,96.77,548.37,Card,Online
TXN-0062417,2026-08-22,DXB-003,Dubai,CUST-01889,P013,USB Drive,Accessories,1,45.73,5,45.73,2.29,43.44,Card,Store
TXN-0062429,2026-08-22,DXB-002,Dubai,CUST-05316,P011,Notebook,Stationery,2,25.26,10,50.51,5.05,45.46,Card,Store
TXN-0062461,2026-08-22,DXB-003,Dubai,CUST-02775,P014,Power Bank,Electronics,3,145.72,5,437.16,21.86,415.3,Cash,Store
TXN-0062463,2026-08-22,DXB-004,Dubai,CUST-07097,P003,Headphones,Electronics,1,354.83,10,354.83,35.48,319.35,Apple Pay,Store
TXN-0062504,2026-08-22,DXB-002,Dubai,CUST-02476,P013,USB Drive,Accessories,2,43.76,5,87.51,4.38,83.14,Cash,Store
TXN-0062534,2026-08-22,DXB-004,Dubai,CUST-00357,P014,Power Bank,Electronics,2,161.43,5,322.86,16.14,306.72,Card,Online
TXN-0062588,2026-08-22,DXB-004,Dubai,CUST-03201,P001,Laptop,Electronics,2,3080.87,0,6161.73,0.0,6161.73,Bank Transfer,Store
TXN-0062779,2026-08-22,DXB-003,Dubai,CUST-06259,P007,Office Chair,Furniture,3,646.38,0,1939.14,0.0,1939.14,Card,Store
TXN-0062800,2026-08-22,DXB-005,Dubai,CUST-05593,P002,Smartphone,Electronics,3,1636.24,5,4908.73,245.44,4663.3,Card,Store
TXN-0062843,2026-08-22,DXB-004,Dubai,CUST-05640,P001,Laptop,Electronics,2,2787.61,0,5575.22,0.0,5575.22,Bank Transfer,Store
TXN-0062865,2026-08-22,DXB-004,Dubai,CUST-01852,P005,Keyboard,Accessories,1,175.87,10,175.87,17.59,158.28,Card,Store
TXN-0062879,2026-08-22,DXB-001,Dubai,CUST-03258,P002,Smartphone,Electronics,2,1745.62,0,3491.24,0.0,3491.24,Card,Store
TXN-0062901,2026-08-22,DXB-003,Dubai,CUST-01118,P015,Tablet,Electronics,2,1268.08,0,2536.16,0.0,2536.16,Apple Pay,Store
TXN-0062934,2026-08-22,DXB-003,Dubai,CUST-02279,P010,Printer,Office,1,658.19,0,658.19,0.0,658.19,Cash,Store
TXN-0063001,2026-08-22,DXB-001,Dubai,CUST-05584,P007,Office Chair,Furniture,1,712.26,0,712.26,0.0,712.26,Card,Store
TXN-0063014,2026-08-22,DXB-003,Dubai,CUST-07046,P005,Keyboard,Accessories,1,183.28,5,183.28,9.16,174.12,Cash,Online
TXN-0063023,2026-08-22,DXB-005,Dubai,CUST-06553,P013,USB Drive,Accessories,1,51.04,0,51.04,0.0,51.04,Card,Store
TXN-0063125,2026-08-22,DXB-001,Dubai,CUST-04722,P007,Office Chair,Furniture,4,638.05,0,2552.2,0.0,2552.2,Bank Transfer,Store
TXN-0063228,2026-08-22,DXB-001,Dubai,CUST-01837,P010,Printer,Office,2,731.16,20,1462.32,292.46,1169.85,Card,Store
TXN-0063494,2026-08-22,DXB-002,Dubai,CUST-01615,P002,Smartphone,Electronics,1,1861.77,15,1861.77,279.26,1582.5,Card,Store
TXN-0063640,2026-08-22,DXB-004,Dubai,CUST-04352,P011,Notebook,Stationery,1,25.27,10,25.27,2.53,22.75,Card,Store
TXN-0063677,2026-08-22,DXB-004,Dubai,CUST-06821,P012,Pen Pack,Stationery,1,15.79,5,15.79,0.79,15.0,Cash,Store
TXN-0063707,2026-08-22,DXB-001,Dubai,CUST-02978,P005,Keyboard,Accessories,2,191.38,10,382.76,38.28,344.48,Card,Store
TXN-0063728,2026-08-22,DXB-005,Dubai,CUST-05147,P012,Pen Pack,Stationery,1,14.38,5,14.38,0.72,13.66,Card,Store
TXN-0063911,2026-08-22,DXB-002,Dubai,CUST-00427,P007,Office Chair,Furniture,1,607.56,10,607.56,60.76,546.8,Card,Online
TXN-0063926,2026-08-22,DXB-003,Dubai,CUST-01568,P009,Backpack,Accessories,1,243.46,10,243.46,24.35,219.12,Bank Transfer,Store
TXN-0064024,2026-08-22,DXB-002,Dubai,CUST-05743,P012,Pen Pack,Stationery,1,14.08,10,14.08,1.41,12.68,Bank Transfer,Online
TXN-0064037,2026-08-22,DXB-005,Dubai,CUST-06497,P002,Smartphone,Electronics,2,1827.75,15,3655.5,548.33,3107.18,Apple Pay,Store
TXN-0064063,2026-08-22,DXB-003,Dubai,CUST-07604,P003,Headphones,Electronics,1,355.82,15,355.82,53.37,302.45,Card,Online
TXN-0064117,2026-08-22,DXB-004,Dubai,CUST-04947,P003,Headphones,Electronics,3,383.66,5,1150.97,57.55,1093.42,Card,Store
TXN-0064162,2026-08-22,DXB-005,Dubai,CUST-06630,P001,Laptop,Electronics,1,3005.6,10,3005.6,300.56,2705.04,Cash,Online
TXN-0064172,2026-08-22,DXB-003,Dubai,CUST-05830,P012,Pen Pack,Stationery,1,12.7,10,12.7,1.27,11.43,Card,Online
TXN-0064227,2026-08-22,DXB-002,Dubai,CUST-07269,P003,Headphones,Electronics,1,351.06,10,351.06,35.11,315.95,Cash,Store
TXN-0064326,2026-08-22,DXB-003,Dubai,CUST-01435,P012,Pen Pack,Stationery,3,14.3,10,42.89,4.29,38.6,Card,Online
TXN-0064339,2026-08-22,DXB-005,Dubai,CUST-07104,P006,Mouse,Accessories,1,111.85,5,111.85,5.59,106.26,Card,Store
TXN-0064340,2026-08-22,DXB-002,Dubai,CUST-01817,P004,Monitor,Electronics,1,917.01,5,917.01,45.85,871.16,Card,Store
TXN-0064353,2026-08-22,DXB-005,Dubai,CUST-06063,P002,Smartphone,Electronics,1,1596.58,10,1596.58,159.66,1436.93,Apple Pay,Online
TXN-0064364,2026-08-22,DXB-002,Dubai,CUST-06051,P011,Notebook,Stationery,3,24.38,0,73.13,0.0,73.13,Bank Transfer,Store
TXN-0064405,2026-08-22,DXB-004,Dubai,CUST-04940,P004,Monitor,Electronics,3,885.96,0,2657.87,0.0,2657.87,Card,Store
TXN-0064513,2026-08-22,DXB-005,Dubai,CUST-06371,P010,Printer,Office,2,687.78,20,1375.55,275.11,1100.44,Card,Store
TXN-0064525,2026-08-22,DXB-003,Dubai,CUST-01249,P005,Keyboard,Accessories,3,158.55,10,475.65,47.57,428.09,Cash,Online
TXN-0064549,2026-08-22,DXB-004,Dubai,CUST-00630,P004,Monitor,Electronics,1,785.33,10,785.33,78.53,706.8,Apple Pay,Store
TXN-0064601,2026-08-22,DXB-002,Dubai,CUST-06603,P015,Tablet,Electronics,1,1170.72,0,1170.72,0.0,1170.72,Cash,Online
TXN-0064700,2026-08-22,DXB-003,Dubai,CUST-00460,P011,Notebook,Stationery,1,23.84,15,23.84,3.58,20.27,Apple Pay,Online
TXN-0064773,2026-08-22,DXB-001,Dubai,CUST-00678,P011,Notebook,Stationery,1,23.51,0,23.51,0.0,23.51,Apple Pay,Store
TXN-0064821,2026-08-22,DXB-002,Dubai,CUST-02603,P010,Printer,Office,1,612.95,10,612.95,61.29,551.65,Bank Transfer,Store
TXN-0064851,2026-08-22,DXB-002,Dubai,CUST-07876,P006,Mouse,Accessories,1,100.31,5,100.31,5.02,95.29,Card,Store
TXN-0064921,2026-08-22,DXB-001,Dubai,CUST-02546,P009,Backpack,Accessories,1,194.94,0,194.94,0.0,194.94,Card,Store
TXN-0064971,2026-08-22,DXB-002,Dubai,CUST-06436,P014,Power Bank,Electronics,2,153.71,10,307.41,30.74,276.67,Cash,Store
TXN-0065001,2026-08-22,DXB-002,Dubai,CUST-00680,P013,USB Drive,Accessories,3,45.7,5,137.1,6.85,130.24,Card,Store
TXN-0065151,2026-08-22,DXB-001,Dubai,CUST-05711,P004,Monitor,Electronics,5,927.77,0,4638.86,0.0,4638.86,Cash,Store
TXN-0065306,2026-08-22,DXB-001,Dubai,CUST-02186,P012,Pen Pack,Stationery,2,15.44,10,30.89,3.09,27.8,Cash,Online
TXN-0065416,2026-08-22,DXB-001,Dubai,CUST-06149,P009,Backpack,Accessories,1,220.99,5,220.99,11.05,209.94,Bank Transfer,Store
TXN-0065524,2026-08-22,DXB-004,Dubai,CUST-04532,P007,Office Chair,Furniture,1,587.59,0,587.59,0.0,587.59,Card,Online
TXN-0065588,2026-08-22,DXB-001,Dubai,CUST-02018,P004,Monitor,Electronics,1,975.67,0,975.67,0.0,975.67,Cash,Store
TXN-0065630,2026-08-22,DXB-001,Dubai,CUST-03962,P014,Power Bank,Electronics,1,151.28,15,151.28,22.69,128.59,Card,Store
TXN-0065774,2026-08-22,DXB-003,Dubai,CUST-01421,P008,Desk,Furniture,3,798.12,15,2394.35,359.15,2035.19,Card,Store
TXN-0065825,2026-08-22,DXB-003,Dubai,CUST-05924,P007,Office Chair,Furniture,2,726.1,0,1452.2,0.0,1452.2,Bank Transfer,Store
TXN-0065918,2026-08-22,DXB-005,Dubai,CUST-00742,P014,Power Bank,Electronics,2,159.53,5,319.05,15.95,303.1,Apple Pay,Store
TXN-0065931,2026-08-22,DXB-001,Dubai,CUST-04203,P010,Printer,Office,1,728.36,10,728.36,72.84,655.52,Apple Pay,Online
TXN-0065966,2026-08-22,DXB-001,Dubai,CUST-06961,P001,Laptop,Electronics,2,3057.99,15,6115.98,917.4,5198.58,Cash,Store
TXN-0066003,2026-08-22,DXB-001,Dubai,CUST-01880,P009,Backpack,Accessories,1,219.29,5,219.29,10.96,208.33,Card,Store
TXN-0066028,2026-08-22,DXB-005,Dubai,CUST-03049,P002,Smartphone,Electronics,3,1844.85,5,5534.55,276.73,5257.83,Apple Pay,Store
TXN-0066046,2026-08-22,DXB-005,Dubai,CUST-04605,P001,Laptop,Electronics,1,2885.83,0,2885.83,0.0,2885.83,Apple Pay,Store
TXN-0066080,2026-08-22,DXB-005,Dubai,CUST-02074,P013,USB Drive,Accessories,2,49.93,15,99.87,14.98,84.89,Cash,Store
TXN-0066082,2026-08-22,DXB-002,Dubai,CUST-04470,P003,Headphones,Electronics,1,362.23,5,362.23,18.11,344.12,Card,Online
TXN-0066274,2026-08-22,DXB-002,Dubai,CUST-01197,P003,Headphones,Electronics,1,313.63,0,313.63,0.0,313.63,Cash,Store
TXN-0066280,2026-08-22,DXB-005,Dubai,CUST-07291,P012,Pen Pack,Stationery,3,15.54,0,46.61,0.0,46.61,Apple Pay,Store
TXN-0066302,2026-08-22,DXB-005,Dubai,CUST-07307,P012,Pen Pack,Stationery,1,15.72,15,15.72,2.36,13.36,Card,Store
TXN-0066370,2026-08-22,DXB-001,Dubai,CUST-02059,P008,Desk,Furniture,1,760.81,0,760.81,0.0,760.81,Card,Store
TXN-0066406,2026-08-22,DXB-003,Dubai,CUST-03679,P006,Mouse,Accessories,1,101.66,15,101.66,15.25,86.41,Apple Pay,Store
TXN-0066441,2026-08-22,DXB-004,Dubai,CUST-06978,P011,Notebook,Stationery,2,24.0,5,47.99,2.4,45.6,Card,Store
TXN-0066504,2026-08-22,DXB-005,Dubai,CUST-05591,P009,Backpack,Accessories,3,222.13,5,666.38,33.32,633.06,Card,Online
TXN-0066517,2026-08-22,DXB-001,Dubai,CUST-05393,P013,USB Drive,Accessories,2,42.91,10,85.82,8.58,77.24,Card,Online
TXN-0066540,2026-08-22,DXB-004,Dubai,CUST-05999,P014,Power Bank,Electronics,1,139.88,5,139.88,6.99,132.89,Apple Pay,Online
TXN-0066575,2026-08-22,DXB-002,Dubai,CUST-06515,P015,Tablet,Electronics,1,1142.71,10,1142.71,114.27,1028.44,Card,Store
TXN-0066695,2026-08-22,DXB-002,Dubai,CUST-02597,P001,Laptop,Electronics,4,2833.71,0,11334.83,0.0,11334.83,Card,Store
TXN-0066713,2026-08-22,DXB-001,Dubai,CUST-07757,P015,Tablet,Electronics,2,1177.22,0,2354.45,0.0,2354.45,Cash,Store
TXN-0066738,2026-08-22,DXB-002,Dubai,CUST-07115,P003,Headphones,Electronics,1,300.02,5,300.02,15.0,285.02,Cash,Online
TXN-0066743,2026-08-22,DXB-005,Dubai,CUST-03791,P002,Smartphone,Electronics,2,1866.61,5,3733.22,186.66,3546.56,Card,Store
TXN-0066747,2026-08-22,DXB-001,Dubai,CUST-00149,P009,Backpack,Accessories,1,211.1,0,211.1,0.0,211.1,Apple Pay,Store
TXN-0066845,2026-08-22,DXB-005,Dubai,CUST-04733,P014,Power Bank,Electronics,1,145.72,0,145.72,0.0,145.72,Bank Transfer,Store
TXN-0066857,2026-08-22,DXB-002,Dubai,CUST-05730,P006,Mouse,Accessories,3,91.89,10,275.67,27.57,248.1,Card,Online
TXN-0066945,2026-08-22,DXB-003,Dubai,CUST-02583,P013,USB Drive,Accessories,1,48.24,15,48.24,7.24,41.01,Card,Store
TXN-0066962,2026-08-22,DXB-001,Dubai,CUST-07208,P013,USB Drive,Accessories,1,44.67,5,44.67,2.23,42.43,Card,Online
TXN-0067083,2026-08-22,DXB-001,Dubai,CUST-03049,P013,USB Drive,Accessories,1,47.06,5,47.06,2.35,44.71,Cash,Store
TXN-0067109,2026-08-22,DXB-004,Dubai,CUST-06341,P013,USB Drive,Accessories,3,45.24,10,135.73,13.57,122.16,Bank Transfer,Store
TXN-0067170,2026-08-22,DXB-004,Dubai,CUST-03567,P004,Monitor,Electronics,1,922.28,0,922.28,0.0,922.28,Bank Transfer,Store
TXN-0067187,2026-08-22,DXB-001,Dubai,CUST-01459,P002,Smartphone,Electronics,6,2020.42,15,12122.53,1818.38,10304.15,Card,Online
TXN-0067188,2026-08-22,DXB-003,Dubai,CUST-07708,P003,Headphones,Electronics,3,322.79,0,968.36,0.0,968.36,Bank Transfer,Store
TXN-0067229,2026-08-22,DXB-002,Dubai,CUST-03449,P008,Desk,Furniture,1,851.44,5,851.44,42.57,808.87,Cash,Store
TXN-0067282,2026-08-22,DXB-001,Dubai,CUST-04889,P001,Laptop,Electronics,4,2870.98,5,11483.93,574.2,10909.73,Cash,Store
TXN-0067414,2026-08-22,DXB-004,Dubai,CUST-03809,P003,Headphones,Electronics,2,335.5,0,671.0,0.0,671.0,Cash,Store
TXN-0067416,2026-08-22,DXB-005,Dubai,CUST-05432,P005,Keyboard,Accessories,3,171.55,0,514.65,0.0,514.65,Bank Transfer,Online
TXN-0067457,2026-08-22,DXB-005,Dubai,CUST-04793,P001,Laptop,Electronics,1,2905.75,0,2905.75,0.0,2905.75,Card,Store
TXN-0067468,2026-08-22,DXB-005,Dubai,CUST-04498,P007,Office Chair,Furniture,4,678.54,5,2714.14,135.71,2578.43,Card,Store
TXN-0067480,2026-08-22,DXB-003,Dubai,CUST-06475,P013,USB Drive,Accessories,1,48.33,10,48.33,4.83,43.5,Card,Store
TXN-0067490,2026-08-22,DXB-001,Dubai,CUST-01872,P011,Notebook,Stationery,2,24.6,10,49.2,4.92,44.28,Card,Store
TXN-0067579,2026-08-22,DXB-002,Dubai,CUST-04174,P005,Keyboard,Accessories,4,186.86,15,747.45,112.12,635.34,Apple Pay,Store
TXN-0067921,2026-08-22,DXB-005,Dubai,CUST-03867,P009,Backpack,Accessories,2,219.25,10,438.49,43.85,394.64,Cash,Store
TXN-0067944,2026-08-22,DXB-001,Dubai,CUST-05103,P015,Tablet,Electronics,4,1276.12,15,5104.48,765.67,4338.81,Bank Transfer,Store
TXN-0068040,2026-08-22,DXB-002,Dubai,CUST-03842,P001,Laptop,Electronics,1,2942.29,0,2942.29,0.0,2942.29,Cash,Online
TXN-0068060,2026-08-22,DXB-003,Dubai,CUST-01280,P001,Laptop,Electronics,3,2818.2,10,8454.61,845.46,7609.15,Card,Online
TXN-0068063,2026-08-22,DXB-004,Dubai,CUST-02866,P011,Notebook,Stationery,2,24.32,5,48.65,2.43,46.22,Apple Pay,Online
TXN-0068134,2026-08-22,DXB-005,Dubai,CUST-07579,P007,Office Chair,Furniture,2,699.07,5,1398.13,69.91,1328.23,Card,Store
TXN-0068240,2026-08-22,DXB-001,Dubai,CUST-05553,P003,Headphones,Electronics,1,371.9,10,371.9,37.19,334.71,Card,Store
TXN-0068243,2026-08-22,DXB-002,Dubai,CUST-06912,P008,Desk,Furniture,4,711.59,10,2846.38,284.64,2561.74,Cash,Store
TXN-0068252,2026-08-22,DXB-003,Dubai,CUST-04556,P012,Pen Pack,Stationery,2,14.4,20,28.8,5.76,23.04,Cash,Store
TXN-0068320,2026-08-22,DXB-003,Dubai,CUST-01654,P013,USB Drive,Accessories,6,48.12,0,288.69,0.0,288.69,Apple Pay,Store
TXN-0068322,2026-08-22,DXB-003,Dubai,CUST-02162,P011,Notebook,Stationery,1,24.37,0,24.37,0.0,24.37,Bank Transfer,Store
TXN-0068325,2026-08-22,DXB-004,Dubai,CUST-04738,P007,Office Chair,Furniture,2,688.89,5,1377.77,68.89,1308.89,Apple Pay,Store
TXN-0068472,2026-08-22,DXB-001,Dubai,CUST-05890,P002,Smartphone,Electronics,1,1940.16,5,1940.16,97.01,1843.15,Card,Store
TXN-0068521,2026-08-22,DXB-003,Dubai,CUST-03092,P007,Office Chair,Furniture,2,653.28,15,1306.57,195.99,1110.58,Cash,Store
TXN-0068552,2026-08-22,DXB-002,Dubai,CUST-02016,P015,Tablet,Electronics,6,1267.57,15,7605.41,1140.81,6464.6,Card,Store
TXN-0068576,2026-08-22,DXB-001,Dubai,CUST-02356,P008,Desk,Furniture,5,776.45,0,3882.24,0.0,3882.24,Card,Store
TXN-0068595,2026-08-22,DXB-005,Dubai,CUST-07979,P001,Laptop,Electronics,1,2693.81,10,2693.81,269.38,2424.43,Card,Store
TXN-0068689,2026-08-22,DXB-004,Dubai,CUST-06414,P002,Smartphone,Electronics,1,1821.81,10,1821.81,182.18,1639.63,Card,Online
TXN-0068693,2026-08-22,DXB-005,Dubai,CUST-03204,P007,Office Chair,Furniture,2,505.75,5,1011.51,50.58,960.93,Bank Transfer,Online
TXN-0068711,2026-08-22,DXB-003,Dubai,CUST-06695,P003,Headphones,Electronics,1,348.11,5,348.11,17.41,330.7,Card,Store
TXN-0068715,2026-08-22,DXB-003,Dubai,CUST-06899,P009,Backpack,Accessories,4,226.48,5,905.93,45.3,860.63,Cash,Store
TXN-0068803,2026-08-22,DXB-004,Dubai,CUST-00904,P010,Printer,Office,2,652.24,5,1304.49,65.22,1239.26,Apple Pay,Store
TXN-0068809,2026-08-22,DXB-001,Dubai,CUST-04767,P007,Office Chair,Furniture,2,699.62,0,1399.23,0.0,1399.23,Apple Pay,Store
TXN-0068881,2026-08-22,DXB-002,Dubai,CUST-00467,P014,Power Bank,Electronics,2,153.45,20,306.9,61.38,245.52,Cash,Store
TXN-0068927,2026-08-22,DXB-002,Dubai,CUST-02490,P008,Desk,Furniture,3,799.94,10,2399.81,239.98,2159.83,Card,Online
TXN-0069030,2026-08-22,DXB-003,Dubai,CUST-07552,P005,Keyboard,Accessories,1,157.34,5,157.34,7.87,149.47,Bank Transfer,Online
TXN-0069148,2026-08-22,DXB-005,Dubai,CUST-04873,P004,Monitor,Electronics,1,882.53,0,882.53,0.0,882.53,Apple Pay,Store
TXN-0069167,2026-08-22,DXB-003,Dubai,CUST-05389,P015,Tablet,Electronics,6,1221.75,10,7330.49,733.05,6597.44,Card,Store
TXN-0069250,2026-08-22,DXB-001,Dubai,CUST-03398,P006,Mouse,Accessories,4,102.68,15,410.71,61.61,349.1,Card,Store
TXN-0069322,2026-08-22,DXB-003,Dubai,CUST-07844,P012,Pen Pack,Stationery,2,16.26,0,32.53,0.0,32.53,Apple Pay,Store
TXN-0069330,2026-08-22,DXB-003,Dubai,CUST-06393,P012,Pen Pack,Stationery,3,13.92,0,41.77,0.0,41.77,Bank Transfer,Online
TXN-0069419,2026-08-22,DXB-001,Dubai,CUST-00203,P007,Office Chair,Furniture,2,644.85,15,1289.69,193.45,1096.24,Cash,Store
TXN-0069454,2026-08-22,DXB-002,Dubai,CUST-03470,P006,Mouse,Accessories,2,101.69,10,203.37,20.34,183.03,Card,Store
TXN-0069511,2026-08-22,DXB-002,Dubai,CUST-01973,P014,Power Bank,Electronics,1,147.54,10,147.54,14.75,132.79,Cash,Online
TXN-0069534,2026-08-22,DXB-002,Dubai,CUST-07063,P009,Backpack,Accessories,1,215.08,5,215.08,10.75,204.33,Apple Pay,Online
TXN-0069558,2026-08-22,DXB-002,Dubai,CUST-00927,P012,Pen Pack,Stationery,1,14.27,5,14.27,0.71,13.56,Cash,Store
TXN-0069570,2026-08-22,DXB-005,Dubai,CUST-02895,P011,Notebook,Stationery,4,25.07,15,100.29,15.04,85.25,Card,Online
TXN-0069611,2026-08-22,DXB-005,Dubai,CUST-01423,P013,USB Drive,Accessories,3,42.36,5,127.09,6.35,120.74,Apple Pay,Store
TXN-0069738,2026-08-22,DXB-004,Dubai,CUST-05673,P013,USB Drive,Accessories,1,40.56,0,40.56,0.0,40.56,Apple Pay,Store
TXN-0069748,2026-08-22,DXB-003,Dubai,CUST-05846,P015,Tablet,Electronics,1,1219.22,0,1219.22,0.0,1219.22,Apple Pay,Store
TXN-0069832,2026-08-22,DXB-001,Dubai,CUST-06411,P008,Desk,Furniture,5,765.15,0,3825.74,0.0,3825.74,Apple Pay,Store
TXN-0069836,2026-08-22,DXB-005,Dubai,CUST-06440,P014,Power Bank,Electronics,1,146.55,15,146.55,21.98,124.57,Apple Pay,Store
TXN-0069858,2026-08-22,DXB-004,Dubai,CUST-07748,P001,Laptop,Electronics,1,2781.1,10,2781.1,278.11,2502.99,Card,Store
TXN-0069861,2026-08-22,DXB-003,Dubai,CUST-06739,P007,Office Chair,Furniture,5,674.03,5,3370.14,168.51,3201.63,Card,Online
TXN-0069862,2026-08-22,DXB-004,Dubai,CUST-04195,P015,Tablet,Electronics,1,1180.13,0,1180.13,0.0,1180.13,Apple Pay,Store
TXN-0069867,2026-08-22,DXB-003,Dubai,CUST-06916,P010,Printer,Office,2,706.92,0,1413.84,0.0,1413.84,Card,Store
TXN-0069897,2026-08-22,DXB-005,Dubai,CUST-05331,P007,Office Chair,Furniture,4,696.99,15,2787.98,418.2,2369.78,Apple Pay,Store
TXN-0070112,2026-08-22,DXB-001,Dubai,CUST-02836,P005,Keyboard,Accessories,3,191.88,0,575.64,0.0,575.64,Card,Store
TXN-0070160,2026-08-22,DXB-002,Dubai,CUST-01450,P014,Power Bank,Electronics,4,156.81,10,627.25,62.72,564.52,Card,Online
TXN-0070171,2026-08-22,DXB-003,Dubai,CUST-04283,P002,Smartphone,Electronics,1,1626.12,0,1626.12,0.0,1626.12,Card,Store
TXN-0070242,2026-08-22,DXB-002,Dubai,CUST-03470,P003,Headphones,Electronics,1,333.45,15,333.45,50.02,283.43,Apple Pay,Online
TXN-0070462,2026-08-22,DXB-002,Dubai,CUST-02277,P009,Backpack,Accessories,1,218.51,0,218.51,0.0,218.51,Card,Store
TXN-0070562,2026-08-22,DXB-001,Dubai,CUST-07418,P013,USB Drive,Accessories,2,45.35,15,90.7,13.6,77.09,Apple Pay,Store
TXN-0070588,2026-08-22,DXB-004,Dubai,CUST-02212,P011,Notebook,Stationery,5,24.35,15,121.76,18.26,103.49,Card,Store
TXN-0070622,2026-08-22,DXB-002,Dubai,CUST-04112,P011,Notebook,Stationery,1,25.37,10,25.37,2.54,22.83,Cash,Store
TXN-0070642,2026-08-22,DXB-001,Dubai,CUST-01032,P012,Pen Pack,Stationery,1,16.79,0,16.79,0.0,16.79,Apple Pay,Store
TXN-0070756,2026-08-22,DXB-004,Dubai,CUST-05562,P008,Desk,Furniture,2,766.55,10,1533.1,153.31,1379.79,Apple Pay,Online
TXN-0070759,2026-08-22,DXB-002,Dubai,CUST-05131,P002,Smartphone,Electronics,2,1817.63,0,3635.27,0.0,3635.27,Card,Store
TXN-0070789,2026-08-22,DXB-001,Dubai,CUST-07650,P008,Desk,Furniture,3,824.78,15,2474.35,371.15,2103.19,Card,Store
TXN-0070796,2026-08-22,DXB-005,Dubai,CUST-07235,P005,Keyboard,Accessories,6,166.66,15,999.96,149.99,849.96,Cash,Store
TXN-0070846,2026-08-22,DXB-001,Dubai,CUST-05918,P004,Monitor,Electronics,1,1010.5,5,1010.5,50.52,959.97,Bank Transfer,Store
TXN-0070981,2026-08-22,DXB-003,Dubai,CUST-02794,P001,Laptop,Electronics,1,2682.46,5,2682.46,134.12,2548.34,Card,Store
TXN-0071016,2026-08-22,DXB-005,Dubai,CUST-01673,P015,Tablet,Electronics,4,1314.57,5,5258.27,262.91,4995.35,Card,Store
TXN-0071045,2026-08-22,DXB-001,Dubai,CUST-04183,P007,Office Chair,Furniture,1,617.85,5,617.85,30.89,586.95,Apple Pay,Store
TXN-0071081,2026-08-22,DXB-003,Dubai,CUST-00131,P014,Power Bank,Electronics,2,159.37,10,318.74,31.87,286.86,Cash,Store
TXN-0071163,2026-08-22,DXB-003,Dubai,CUST-02475,P007,Office Chair,Furniture,1,628.81,5,628.81,31.44,597.37,Bank Transfer,Store
TXN-0071201,2026-08-22,DXB-005,Dubai,CUST-06793,P005,Keyboard,Accessories,3,193.13,0,579.39,0.0,579.39,Bank Transfer,Store
TXN-0071276,2026-08-22,DXB-001,Dubai,CUST-06497,P014,Power Bank,Electronics,2,151.64,20,303.28,60.66,242.63,Card,Store
TXN-0071277,2026-08-22,DXB-003,Dubai,CUST-02354,P009,Backpack,Accessories,1,227.49,5,227.49,11.37,216.12,Card,Online
TXN-0071287,2026-08-22,DXB-005,Dubai,CUST-01370,P004,Monitor,Electronics,2,917.44,5,1834.88,91.74,1743.14,Card,Store
TXN-0071341,2026-08-22,DXB-001,Dubai,CUST-03518,P012,Pen Pack,Stationery,3,14.42,10,43.25,4.33,38.93,Card,Online
TXN-0071387,2026-08-22,DXB-005,Dubai,CUST-01399,P011,Notebook,Stationery,1,23.82,10,23.82,2.38,21.44,Card,Store
TXN-0071452,2026-08-22,DXB-004,Dubai,CUST-02371,P005,Keyboard,Accessories,2,201.88,0,403.75,0.0,403.75,Card,Store
TXN-0071534,2026-08-22,DXB-002,Dubai,CUST-04604,P014,Power Bank,Electronics,1,162.38,0,162.38,0.0,162.38,Card,Store
TXN-0071555,2026-08-22,DXB-003,Dubai,CUST-07338,P014,Power Bank,Electronics,1,163.53,0,163.53,0.0,163.53,Apple Pay,Store
TXN-0071568,2026-08-22,DXB-005,Dubai,CUST-05542,P002,Smartphone,Electronics,2,1800.32,20,3600.64,720.13,2880.51,Cash,Store
TXN-0071628,2026-08-22,DXB-005,Dubai,CUST-00879,P012,Pen Pack,Stationery,2,17.35,5,34.7,1.73,32.96,Cash,Online
TXN-0071658,2026-08-22,DXB-003,Dubai,CUST-06366,P006,Mouse,Accessories,1,90.24,0,90.24,0.0,90.24,Apple Pay,Online
TXN-0071740,2026-08-22,DXB-004,Dubai,CUST-04012,P014,Power Bank,Electronics,2,143.89,5,287.79,14.39,273.4,Card,Online
TXN-0071840,2026-08-22,DXB-002,Dubai,CUST-03709,P010,Printer,Office,1,619.56,5,619.56,30.98,588.58,Cash,Store
TXN-0071903,2026-08-22,DXB-005,Dubai,CUST-07503,P009,Backpack,Accessories,2,204.78,0,409.56,0.0,409.56,Card,Store
TXN-0071963,2026-08-22,DXB-004,Dubai,CUST-00070,P014,Power Bank,Electronics,5,138.75,5,693.73,34.69,659.04,Bank Transfer,Online
TXN-0071964,2026-08-22,DXB-001,Dubai,CUST-00223,P001,Laptop,Electronics,1,2958.47,0,2958.47,0.0,2958.47,Apple Pay,Store
TXN-0071979,2026-08-22,DXB-001,Dubai,CUST-02146,P005,Keyboard,Accessories,1,176.13,0,176.13,0.0,176.13,Card,Store
TXN-0072058,2026-08-22,DXB-001,Dubai,CUST-07754,P009,Backpack,Accessories,2,223.68,15,447.36,67.1,380.26,Card,Store
TXN-0072142,2026-08-22,DXB-002,Dubai,CUST-01067,P003,Headphones,Electronics,1,329.79,10,329.79,32.98,296.81,Apple Pay,Online
TXN-0072191,2026-08-22,DXB-004,Dubai,CUST-05042,P004,Monitor,Electronics,1,964.42,0,964.42,0.0,964.42,Apple Pay,Store
TXN-0072204,2026-08-22,DXB-004,Dubai,CUST-04517,P001,Laptop,Electronics,1,2693.97,5,2693.97,134.7,2559.27,Cash,Store
TXN-0072219,2026-08-22,DXB-003,Dubai,CUST-01279,P015,Tablet,Electronics,1,1216.21,10,1216.21,121.62,1094.58,Card,Online
TXN-0072238,2026-08-22,DXB-005,Dubai,CUST-05874,P006,Mouse,Accessories,2,101.33,0,202.66,0.0,202.66,Card,Store
TXN-0072450,2026-08-22,DXB-002,Dubai,CUST-04097,P005,Keyboard,Accessories,3,198.0,15,594.01,89.1,504.91,Card,Online
TXN-0072495,2026-08-22,DXB-005,Dubai,CUST-01147,P011,Notebook,Stationery,1,26.77,0,26.77,0.0,26.77,Apple Pay,Online
TXN-0072504,2026-08-22,DXB-003,Dubai,CUST-05037,P004,Monitor,Electronics,1,954.4,5,954.4,47.72,906.68,Cash,Store
TXN-0072531,2026-08-22,DXB-005,Dubai,CUST-01932,P002,Smartphone,Electronics,2,1825.14,20,3650.29,730.06,2920.23,Cash,Store
TXN-0072572,2026-08-22,DXB-005,Dubai,CUST-07005,P003,Headphones,Electronics,1,334.93,0,334.93,0.0,334.93,Card,Store
TXN-0072607,2026-08-22,DXB-001,Dubai,CUST-03788,P002,Smartphone,Electronics,1,1962.8,10,1962.8,196.28,1766.52,Apple Pay,Online
TXN-0072615,2026-08-22,DXB-001,Dubai,CUST-03194,P005,Keyboard,Accessories,3,179.93,5,539.79,26.99,512.8,Cash,Store
TXN-0072623,2026-08-22,DXB-001,Dubai,CUST-05281,P007,Office Chair,Furniture,1,598.29,5,598.29,29.91,568.38,Apple Pay,Online
TXN-0072732,2026-08-22,DXB-002,Dubai,CUST-03581,P008,Desk,Furniture,2,890.4,10,1780.79,178.08,1602.71,Card,Store
TXN-0072788,2026-08-22,DXB-005,Dubai,CUST-01465,P015,Tablet,Electronics,6,1188.57,0,7131.42,0.0,7131.42,Card,Store
TXN-0072826,2026-08-22,DXB-002,Dubai,CUST-06196,P002,Smartphone,Electronics,4,1751.65,15,7006.61,1050.99,5955.62,Card,Online
TXN-0072890,2026-08-22,DXB-003,Dubai,CUST-01905,P014,Power Bank,Electronics,3,152.51,0,457.54,0.0,457.54,Cash,Online
TXN-0072903,2026-08-22,DXB-002,Dubai,CUST-03325,P007,Office Chair,Furniture,1,699.5,5,699.5,34.97,664.52,Cash,Store
TXN-0072923,2026-08-22,DXB-005,Dubai,CUST-01886,P005,Keyboard,Accessories,2,183.64,5,367.28,18.36,348.91,Cash,Online
TXN-0073090,2026-08-22,DXB-002,Dubai,CUST-03079,P011,Notebook,Stationery,2,25.44,0,50.87,0.0,50.87,Card,Store
TXN-0073302,2026-08-22,DXB-005,Dubai,CUST-05096,P010,Printer,Office,2,721.66,0,1443.33,0.0,1443.33,Bank Transfer,Store
TXN-0073303,2026-08-22,DXB-001,Dubai,CUST-05962,P007,Office Chair,Furniture,1,690.65,0,690.65,0.0,690.65,Apple Pay,Store
TXN-0073305,2026-08-22,DXB-005,Dubai,CUST-04550,P002,Smartphone,Electronics,1,1732.31,0,1732.31,0.0,1732.31,Card,Store
TXN-0073401,2026-08-22,DXB-002,Dubai,CUST-00174,P005,Keyboard,Accessories,1,169.1,10,169.1,16.91,152.19,Cash,Store
TXN-0073565,2026-08-22,DXB-003,Dubai,CUST-07251,P001,Laptop,Electronics,1,2854.31,5,2854.31,142.72,2711.59,Apple Pay,Online
TXN-0073607,2026-08-22,DXB-005,Dubai,CUST-03881,P008,Desk,Furniture,1,776.89,5,776.89,38.84,738.04,Apple Pay,Store
TXN-0073613,2026-08-22,DXB-002,Dubai,CUST-00459,P010,Printer,Office,2,699.11,20,1398.21,279.64,1118.57,Card,Store
TXN-0073618,2026-08-22,DXB-003,Dubai,CUST-02176,P013,USB Drive,Accessories,1,49.07,0,49.07,0.0,49.07,Card,Store
TXN-0073725,2026-08-22,DXB-004,Dubai,CUST-03080,P011,Notebook,Stationery,2,26.37,10,52.75,5.27,47.47,Bank Transfer,Store
TXN-0073727,2026-08-22,DXB-001,Dubai,CUST-01575,P005,Keyboard,Accessories,2,170.66,0,341.33,0.0,341.33,Card,Online
TXN-0073786,2026-08-22,DXB-001,Dubai,CUST-07580,P015,Tablet,Electronics,2,1237.54,5,2475.09,123.75,2351.33,Cash,Store
TXN-0073811,2026-08-22,DXB-005,Dubai,CUST-04323,P011,Notebook,Stationery,1,22.22,0,22.22,0.0,22.22,Card,Store
TXN-0073923,2026-08-22,DXB-004,Dubai,CUST-01937,P014,Power Bank,Electronics,2,140.76,10,281.52,28.15,253.36,Card,Store
TXN-0073986,2026-08-22,DXB-003,Dubai,CUST-03568,P013,USB Drive,Accessories,5,45.42,5,227.09,11.35,215.74,Card,Store
TXN-0074031,2026-08-22,DXB-002,Dubai,CUST-07073,P005,Keyboard,Accessories,1,193.34,0,193.34,0.0,193.34,Apple Pay,Store
TXN-0074087,2026-08-22,DXB-005,Dubai,CUST-05577,P015,Tablet,Electronics,1,1174.21,15,1174.21,176.13,998.08,Card,Store
TXN-0074172,2026-08-22,DXB-005,Dubai,CUST-03242,P001,Laptop,Electronics,1,3015.4,5,3015.4,150.77,2864.63,Card,Store
TXN-0074179,2026-08-22,DXB-004,Dubai,CUST-06143,P013,USB Drive,Accessories,1,43.11,10,43.11,4.31,38.8,Apple Pay,Store
TXN-0074239,2026-08-22,DXB-004,Dubai,CUST-00104,P015,Tablet,Electronics,4,1317.83,5,5271.32,263.57,5007.75,Apple Pay,Store
TXN-0074353,2026-08-22,DXB-003,Dubai,CUST-07122,P015,Tablet,Electronics,3,1269.2,10,3807.59,380.76,3426.83,Card,Online
TXN-0074362,2026-08-22,DXB-003,Dubai,CUST-07463,P014,Power Bank,Electronics,2,160.22,0,320.44,0.0,320.44,Apple Pay,Store
TXN-0074442,2026-08-22,DXB-003,Dubai,CUST-05679,P015,Tablet,Electronics,4,1149.38,10,4597.51,459.75,4137.76,Card,Store
TXN-0074454,2026-08-22,DXB-001,Dubai,CUST-06413,P004,Monitor,Electronics,2,913.69,10,1827.38,182.74,1644.64,Card,Store
TXN-0074674,2026-08-22,DXB-002,Dubai,CUST-07211,P008,Desk,Furniture,1,846.97,0,846.97,0.0,846.97,Card,Store
TXN-0074699,2026-08-22,DXB-001,Dubai,CUST-06437,P007,Office Chair,Furniture,1,622.31,0,622.31,0.0,622.31,Card,Store
TXN-0074755,2026-08-22,DXB-002,Dubai,CUST-02544,P003,Headphones,Electronics,2,365.04,10,730.09,73.01,657.08,Card,Store
TXN-0074834,2026-08-22,DXB-001,Dubai,CUST-06744,P008,Desk,Furniture,1,751.43,0,751.43,0.0,751.43,Card,Online
TXN-0074859,2026-08-22,DXB-003,Dubai,CUST-03109,P010,Printer,Office,1,645.9,0,645.9,0.0,645.9,Card,Online
TXN-0074878,2026-08-22,DXB-004,Dubai,CUST-05467,P008,Desk,Furniture,1,797.41,0,797.41,0.0,797.41,Apple Pay,Store
TXN-0074925,2026-08-22,DXB-005,Dubai,CUST-00915,P013,USB Drive,Accessories,1,42.28,5,42.28,2.11,40.17,Card,Store
TXN-0074971,2026-08-22,DXB-003,Dubai,CUST-03863,P002,Smartphone,Electronics,1,1811.8,0,1811.8,0.0,1811.8,Card,Store
TXN-0074972,2026-08-22,DXB-001,Dubai,CUST-06018,P007,Office Chair,Furniture,6,717.01,0,4302.08,0.0,4302.08,Apple Pay,Store
TXN-0075029,2026-08-22,DXB-001,Dubai,CUST-05286,P015,Tablet,Electronics,1,1265.45,0,1265.45,0.0,1265.45,Card,Online
TXN-0075042,2026-08-22,DXB-002,Dubai,CUST-06366,P011,Notebook,Stationery,2,23.28,5,46.56,2.33,44.23,Card,Store
TXN-0075073,2026-08-22,DXB-004,Dubai,CUST-00802,P012,Pen Pack,Stationery,1,16.18,5,16.18,0.81,15.37,Bank Transfer,Online
TXN-0075098,2026-08-22,DXB-001,Dubai,CUST-07137,P014,Power Bank,Electronics,1,141.7,0,141.7,0.0,141.7,Card,Store
TXN-0075175,2026-08-22,DXB-001,Dubai,CUST-06227,P009,Backpack,Accessories,3,239.96,5,719.89,35.99,683.89,Apple Pay,Online
TXN-0075197,2026-08-22,DXB-001,Dubai,CUST-05528,P015,Tablet,Electronics,1,1099.86,15,1099.86,164.98,934.88,Card,Store
TXN-0075199,2026-08-22,DXB-005,Dubai,CUST-02418,P005,Keyboard,Accessories,2,188.5,15,376.99,56.55,320.44,Card,Store
TXN-0075251,2026-08-22,DXB-005,Dubai,CUST-00725,P004,Monitor,Electronics,1,966.58,15,966.58,144.99,821.59,Card,Store
TXN-0075265,2026-08-22,DXB-004,Dubai,CUST-04758,P006,Mouse,Accessories,2,100.13,20,200.26,40.05,160.21,Card,Store
TXN-0075272,2026-08-22,DXB-001,Dubai,CUST-05112,P006,Mouse,Accessories,2,94.38,5,188.77,9.44,179.33,Card,Store
TXN-0075358,2026-08-22,DXB-004,Dubai,CUST-07176,P009,Backpack,Accessories,1,228.31,5,228.31,11.42,216.89,Card,Store
TXN-0075414,2026-08-22,DXB-004,Dubai,CUST-05506,P010,Printer,Office,6,714.05,0,4284.3,0.0,4284.3,Card,Online
TXN-0075511,2026-08-22,DXB-001,Dubai,CUST-01403,P009,Backpack,Accessories,4,230.0,0,919.99,0.0,919.99,Bank Transfer,Store
TXN-0075515,2026-08-22,DXB-001,Dubai,CUST-00074,P009,Backpack,Accessories,1,217.55,0,217.55,0.0,217.55,Card,Store
TXN-0075586,2026-08-22,DXB-005,Dubai,CUST-04231,P012,Pen Pack,Stationery,1,14.23,5,14.23,0.71,13.51,Apple Pay,Store
TXN-0075608,2026-08-22,DXB-004,Dubai,CUST-04763,P006,Mouse,Accessories,1,97.65,15,97.65,14.65,83.0,Cash,Online
TXN-0075632,2026-08-22,DXB-003,Dubai,CUST-05901,P006,Mouse,Accessories,1,106.01,0,106.01,0.0,106.01,Cash,Store
TXN-0075701,2026-08-22,DXB-002,Dubai,CUST-02684,P002,Smartphone,Electronics,3,2024.47,0,6073.4,0.0,6073.4,Bank Transfer,Store
TXN-0075705,2026-08-22,DXB-001,Dubai,CUST-06500,P015,Tablet,Electronics,4,1126.64,5,4506.55,225.33,4281.22,Apple Pay,Store
TXN-0075749,2026-08-22,DXB-001,Dubai,CUST-05376,P006,Mouse,Accessories,1,100.23,5,100.23,5.01,95.22,Card,Store
TXN-0075789,2026-08-22,DXB-003,Dubai,CUST-07094,P003,Headphones,Electronics,3,292.56,0,877.69,0.0,877.69,Apple Pay,Store
TXN-0075953,2026-08-22,DXB-001,Dubai,CUST-06214,P011,Notebook,Stationery,2,24.3,5,48.6,2.43,46.17,Bank Transfer,Online
TXN-0075985,2026-08-22,DXB-001,Dubai,CUST-04174,P015,Tablet,Electronics,3,1185.14,5,3555.42,177.77,3377.65,Apple Pay,Store
TXN-0076005,2026-08-22,DXB-001,Dubai,CUST-04002,P005,Keyboard,Accessories,1,183.95,0,183.95,0.0,183.95,Apple Pay,Store
TXN-0076112,2026-08-22,DXB-001,Dubai,CUST-03452,P013,USB Drive,Accessories,1,46.93,0,46.93,0.0,46.93,Apple Pay,Online
TXN-0076119,2026-08-22,DXB-003,Dubai,CUST-07425,P012,Pen Pack,Stationery,2,14.69,0,29.38,0.0,29.38,Apple Pay,Store
TXN-0076139,2026-08-22,DXB-003,Dubai,CUST-04145,P012,Pen Pack,Stationery,2,14.22,5,28.43,1.42,27.01,Card,Store
TXN-0076146,2026-08-22,DXB-004,Dubai,CUST-02822,P005,Keyboard,Accessories,1,198.25,15,198.25,29.74,168.52,Bank Transfer,Store
TXN-0076186,2026-08-22,DXB-001,Dubai,CUST-03138,P015,Tablet,Electronics,2,1213.24,10,2426.47,242.65,2183.82,Cash,Store
TXN-0076277,2026-08-22,DXB-004,Dubai,CUST-04406,P009,Backpack,Accessories,1,221.15,5,221.15,11.06,210.09,Cash,Online
TXN-0076278,2026-08-22,DXB-001,Dubai,CUST-06074,P003,Headphones,Electronics,2,330.12,10,660.24,66.02,594.21,Card,Store
TXN-0076304,2026-08-22,DXB-004,Dubai,CUST-04982,P010,Printer,Office,4,687.33,15,2749.3,412.4,2336.91,Apple Pay,Store
TXN-0076307,2026-08-22,DXB-002,Dubai,CUST-00021,P012,Pen Pack,Stationery,3,15.72,0,47.15,0.0,47.15,Cash,Store
TXN-0076457,2026-08-22,DXB-001,Dubai,CUST-04269,P011,Notebook,Stationery,3,27.25,5,81.75,4.09,77.66,Cash,Store
TXN-0076460,2026-08-22,DXB-004,Dubai,CUST-03516,P006,Mouse,Accessories,1,101.06,10,101.06,10.11,90.96,Cash,Online
TXN-0076515,2026-08-22,DXB-002,Dubai,CUST-02739,P014,Power Bank,Electronics,4,151.34,0,605.37,0.0,605.37,Cash,Store
TXN-0076559,2026-08-22,DXB-003,Dubai,CUST-05016,P009,Backpack,Accessories,1,226.44,0,226.44,0.0,226.44,Bank Transfer,Store
TXN-0076650,2026-08-22,DXB-001,Dubai,CUST-07252,P011,Notebook,Stationery,1,24.98,5,24.98,1.25,23.73,Cash,Store
TXN-0076680,2026-08-22,DXB-003,Dubai,CUST-01575,P012,Pen Pack,Stationery,1,16.24,15,16.24,2.44,13.81,Card,Store
TXN-0076683,2026-08-22,DXB-001,Dubai,CUST-01536,P013,USB Drive,Accessories,2,47.99,0,95.98,0.0,95.98,Card,Store
TXN-0076749,2026-08-22,DXB-002,Dubai,CUST-04104,P010,Printer,Office,1,672.14,0,672.14,0.0,672.14,Apple Pay,Store
TXN-0076780,2026-08-22,DXB-003,Dubai,CUST-02281,P011,Notebook,Stationery,1,25.24,0,25.24,0.0,25.24,Card,Store
TXN-0076785,2026-08-22,DXB-003,Dubai,CUST-02691,P003,Headphones,Electronics,1,365.68,10,365.68,36.57,329.11,Card,Online
TXN-0076795,2026-08-22,DXB-005,Dubai,CUST-05058,P001,Laptop,Electronics,2,2888.17,10,5776.35,577.63,5198.71,Card,Store
TXN-0076803,2026-08-22,DXB-002,Dubai,CUST-07080,P001,Laptop,Electronics,2,2742.48,0,5484.97,0.0,5484.97,Card,Online
TXN-0076816,2026-08-22,DXB-003,Dubai,CUST-06153,P003,Headphones,Electronics,1,304.38,0,304.38,0.0,304.38,Card,Store
TXN-0076824,2026-08-22,DXB-002,Dubai,CUST-05295,P012,Pen Pack,Stationery,1,14.6,20,14.6,2.92,11.68,Card,Store
TXN-0076973,2026-08-22,DXB-003,Dubai,CUST-01850,P011,Notebook,Stationery,1,26.73,20,26.73,5.35,21.38,Card,Store
TXN-0076992,2026-08-22,DXB-004,Dubai,CUST-00400,P005,Keyboard,Accessories,2,176.54,15,353.08,52.96,300.12,Card,Online
TXN-0077025,2026-08-22,DXB-004,Dubai,CUST-05113,P004,Monitor,Electronics,5,907.27,0,4536.37,0.0,4536.37,Bank Transfer,Online
TXN-0077079,2026-08-22,DXB-002,Dubai,CUST-00092,P012,Pen Pack,Stationery,4,14.76,0,59.06,0.0,59.06,Card,Store
TXN-0077137,2026-08-22,DXB-004,Dubai,CUST-04643,P014,Power Bank,Electronics,1,152.14,10,152.14,15.21,136.93,Card,Store
TXN-0077169,2026-08-22,DXB-005,Dubai,CUST-02067,P004,Monitor,Electronics,3,836.97,15,2510.92,376.64,2134.28,Card,Store
TXN-0077296,2026-08-22,DXB-004,Dubai,CUST-05975,P012,Pen Pack,Stationery,2,14.39,0,28.79,0.0,28.79,Card,Store
TXN-0077576,2026-08-22,DXB-005,Dubai,CUST-05158,P009,Backpack,Accessories,1,221.49,0,221.49,0.0,221.49,Card,Online
TXN-0077650,2026-08-22,DXB-003,Dubai,CUST-02676,P009,Backpack,Accessories,2,229.69,0,459.39,0.0,459.39,Cash,Store
TXN-0077664,2026-08-22,DXB-003,Dubai,CUST-06259,P010,Printer,Office,2,670.17,0,1340.34,0.0,1340.34,Card,Store
TXN-0077696,2026-08-22,DXB-001,Dubai,CUST-00040,P013,USB Drive,Accessories,4,46.08,5,184.31,9.22,175.1,Cash,Store
TXN-0077707,2026-08-22,DXB-001,Dubai,CUST-06851,P003,Headphones,Electronics,2,331.3,0,662.6,0.0,662.6,Card,Store
TXN-0077771,2026-08-22,DXB-003,Dubai,CUST-06187,P002,Smartphone,Electronics,3,1719.77,0,5159.3,0.0,5159.3,Cash,Online
TXN-0077787,2026-08-22,DXB-002,Dubai,CUST-05967,P008,Desk,Furniture,1,806.15,0,806.15,0.0,806.15,Cash,Store
TXN-0077905,2026-08-22,DXB-003,Dubai,CUST-00190,P010,Printer,Office,2,668.7,0,1337.41,0.0,1337.41,Card,Store
TXN-0077934,2026-08-22,DXB-004,Dubai,CUST-07591,P011,Notebook,Stationery,1,23.77,10,23.77,2.38,21.4,Card,Store
TXN-0078139,2026-08-22,DXB-002,Dubai,CUST-00293,P013,USB Drive,Accessories,1,45.39,10,45.39,4.54,40.85,Apple Pay,Store
TXN-0078144,2026-08-22,DXB-004,Dubai,CUST-05560,P008,Desk,Furniture,2,720.8,15,1441.61,216.24,1225.37,Card,Store
TXN-0078171,2026-08-22,DXB-004,Dubai,CUST-03350,P015,Tablet,Electronics,1,1132.55,5,1132.55,56.63,1075.92,Bank Transfer,Store
TXN-0078194,2026-08-22,DXB-002,Dubai,CUST-05697,P006,Mouse,Accessories,2,96.66,5,193.32,9.67,183.65,Card,Store
TXN-0078216,2026-08-22,DXB-001,Dubai,CUST-01763,P009,Backpack,Accessories,5,234.66,5,1173.32,58.67,1114.66,Apple Pay,Online
TXN-0078267,2026-08-22,DXB-001,Dubai,CUST-05631,P008,Desk,Furniture,2,798.35,5,1596.69,79.83,1516.86,Bank Transfer,Store
TXN-0078311,2026-08-22,DXB-004,Dubai,CUST-07155,P012,Pen Pack,Stationery,2,13.96,5,27.92,1.4,26.52,Cash,Online
TXN-0078334,2026-08-22,DXB-003,Dubai,CUST-06073,P010,Printer,Office,2,684.69,15,1369.38,205.41,1163.97,Bank Transfer,Store
TXN-0078357,2026-08-22,DXB-001,Dubai,CUST-05011,P010,Printer,Office,1,676.62,0,676.62,0.0,676.62,Cash,Online
TXN-0078475,2026-08-22,DXB-001,Dubai,CUST-05373,P006,Mouse,Accessories,2,100.22,0,200.43,0.0,200.43,Cash,Store
TXN-0078557,2026-08-22,DXB-001,Dubai,CUST-03235,P014,Power Bank,Electronics,1,140.53,10,140.53,14.05,126.47,Bank Transfer,Store
TXN-0078589,2026-08-22,DXB-002,Dubai,CUST-03615,P014,Power Bank,Electronics,1,146.01,10,146.01,14.6,131.41,Card,Store
TXN-0078609,2026-08-22,DXB-001,Dubai,CUST-03732,P010,Printer,Office,4,608.07,15,2432.27,364.84,2067.43,Cash,Online
TXN-0078630,2026-08-22,DXB-003,Dubai,CUST-05146,P011,Notebook,Stationery,2,24.98,10,49.95,5.0,44.96,Cash,Store
TXN-0078714,2026-08-22,DXB-005,Dubai,CUST-06785,P012,Pen Pack,Stationery,2,15.29,0,30.59,0.0,30.59,Cash,Store
TXN-0078770,2026-08-22,DXB-003,Dubai,CUST-04950,P015,Tablet,Electronics,1,1113.51,0,1113.51,0.0,1113.51,Card,Store
TXN-0078775,2026-08-22,DXB-001,Dubai,CUST-06075,P013,USB Drive,Accessories,4,42.27,0,169.08,0.0,169.08,Card,Store
TXN-0078811,2026-08-22,DXB-004,Dubai,CUST-05537,P002,Smartphone,Electronics,3,1686.22,10,5058.67,505.87,4552.8,Cash,Store
TXN-0078937,2026-08-22,DXB-003,Dubai,CUST-02516,P013,USB Drive,Accessories,2,38.5,0,77.0,0.0,77.0,Apple Pay,Store
TXN-0078970,2026-08-22,DXB-001,Dubai,CUST-06396,P006,Mouse,Accessories,1,97.74,10,97.74,9.77,87.96,Apple Pay,Online
TXN-0079024,2026-08-22,DXB-005,Dubai,CUST-02674,P012,Pen Pack,Stationery,1,13.68,5,13.68,0.68,13.0,Card,Store
TXN-0079122,2026-08-22,DXB-005,Dubai,CUST-03363,P003,Headphones,Electronics,1,374.7,10,374.7,37.47,337.23,Bank Transfer,Online
TXN-0079123,2026-08-22,DXB-002,Dubai,CUST-01744,P005,Keyboard,Accessories,1,188.08,5,188.08,9.4,178.67,Cash,Store
TXN-0079278,2026-08-22,DXB-003,Dubai,CUST-05711,P015,Tablet,Electronics,1,1152.19,20,1152.19,230.44,921.75,Card,Store
TXN-0079323,2026-08-22,DXB-001,Dubai,CUST-00196,P011,Notebook,Stationery,2,24.57,0,49.14,0.0,49.14,Bank Transfer,Store
TXN-0079406,2026-08-22,DXB-005,Dubai,CUST-07744,P004,Monitor,Electronics,1,930.93,10,930.93,93.09,837.84,Apple Pay,Store
TXN-0079476,2026-08-22,DXB-001,Dubai,CUST-00936,P010,Printer,Office,2,724.49,0,1448.98,0.0,1448.98,Card,Store
TXN-0079486,2026-08-22,DXB-002,Dubai,CUST-03886,P011,Notebook,Stationery,4,24.1,0,96.39,0.0,96.39,Card,Store
TXN-0079488,2026-08-22,DXB-005,Dubai,CUST-00345,P006,Mouse,Accessories,1,101.83,10,101.83,10.18,91.64,Apple Pay,Store
TXN-0079506,2026-08-22,DXB-001,Dubai,CUST-02348,P014,Power Bank,Electronics,1,143.18,15,143.18,21.48,121.7,Card,Store
TXN-0079524,2026-08-22,DXB-002,Dubai,CUST-01330,P014,Power Bank,Electronics,6,159.06,15,954.38,143.16,811.22,Card,Online
TXN-0079586,2026-08-22,DXB-004,Dubai,CUST-05081,P015,Tablet,Electronics,6,1175.75,15,7054.51,1058.18,5996.34,Apple Pay,Online
TXN-0079614,2026-08-22,DXB-004,Dubai,CUST-05189,P005,Keyboard,Accessories,1,190.66,0,190.66,0.0,190.66,Cash,Online
TXN-0079699,2026-08-22,DXB-004,Dubai,CUST-05450,P015,Tablet,Electronics,1,1174.98,0,1174.98,0.0,1174.98,Apple Pay,Store
TXN-0079779,2026-08-22,DXB-001,Dubai,CUST-02153,P006,Mouse,Accessories,2,93.73,0,187.46,0.0,187.46,Card,Store
TXN-0079793,2026-08-22,DXB-001,Dubai,CUST-04225,P009,Backpack,Accessories,1,234.55,0,234.55,0.0,234.55,Apple Pay,Online
TXN-0079816,2026-08-22,DXB-002,Dubai,CUST-06308,P011,Notebook,Stationery,1,23.33,20,23.33,4.67,18.66,Card,Online
TXN-0079862,2026-08-22,DXB-004,Dubai,CUST-05857,P003,Headphones,Electronics,2,397.08,10,794.15,79.42,714.74,Card,Store
TXN-0079964,2026-08-22,DXB-004,Dubai,CUST-00808,P006,Mouse,Accessories,2,96.93,0,193.87,0.0,193.87,Card,Store
TXN-0080132,2026-08-22,DXB-002,Dubai,CUST-05315,P008,Desk,Furniture,3,877.54,0,2632.61,0.0,2632.61,Apple Pay,Online
TXN-0080243,2026-08-22,DXB-004,Dubai,CUST-01715,P002,Smartphone,Electronics,1,1892.25,5,1892.25,94.61,1797.63,Card,Store
TXN-0080298,2026-08-22,DXB-001,Dubai,CUST-06512,P015,Tablet,Electronics,1,1141.82,10,1141.82,114.18,1027.64,Card,Store
TXN-0080335,2026-08-22,DXB-001,Dubai,CUST-05686,P007,Office Chair,Furniture,1,729.45,5,729.45,36.47,692.98,Cash,Store
TXN-0080346,2026-08-22,DXB-004,Dubai,CUST-02443,P011,Notebook,Stationery,1,25.69,0,25.69,0.0,25.69,Card,Store
TXN-0080432,2026-08-22,DXB-004,Dubai,CUST-03938,P004,Monitor,Electronics,1,983.91,10,983.91,98.39,885.51,Cash,Online
TXN-0080439,2026-08-22,DXB-004,Dubai,CUST-04826,P007,Office Chair,Furniture,1,620.54,0,620.54,0.0,620.54,Card,Store
TXN-0080582,2026-08-22,DXB-002,Dubai,CUST-00846,P015,Tablet,Electronics,1,1309.51,0,1309.51,0.0,1309.51,Apple Pay,Store
TXN-0080590,2026-08-22,DXB-004,Dubai,CUST-05060,P009,Backpack,Accessories,1,212.97,10,212.97,21.3,191.67,Card,Store
TXN-0080665,2026-08-22,DXB-005,Dubai,CUST-06779,P015,Tablet,Electronics,1,1065.41,15,1065.41,159.81,905.6,Card,Store
TXN-0080769,2026-08-22,DXB-002,Dubai,CUST-01947,P003,Headphones,Electronics,1,353.73,15,353.73,53.06,300.67,Card,Store
TXN-0080779,2026-08-22,DXB-001,Dubai,CUST-03440,P008,Desk,Furniture,2,827.95,0,1655.9,0.0,1655.9,Apple Pay,Store
TXN-0080820,2026-08-22,DXB-005,Dubai,CUST-06743,P013,USB Drive,Accessories,2,44.33,0,88.65,0.0,88.65,Card,Online
TXN-0080851,2026-08-22,DXB-004,Dubai,CUST-06295,P010,Printer,Office,1,719.76,20,719.76,143.95,575.8,Cash,Online
TXN-0080933,2026-08-22,DXB-002,Dubai,CUST-00811,P007,Office Chair,Furniture,4,661.65,0,2646.59,0.0,2646.59,Cash,Store
TXN-0080942,2026-08-22,DXB-003,Dubai,CUST-02119,P012,Pen Pack,Stationery,3,15.14,10,45.42,4.54,40.88,Cash,Store
TXN-0080943,2026-08-22,DXB-002,Dubai,CUST-05925,P001,Laptop,Electronics,3,2770.14,0,8310.41,0.0,8310.41,Card,Store
TXN-0080949,2026-08-22,DXB-002,Dubai,CUST-05232,P007,Office Chair,Furniture,1,706.0,0,706.0,0.0,706.0,Card,Store
TXN-0081047,2026-08-22,DXB-001,Dubai,CUST-05912,P008,Desk,Furniture,2,801.35,10,1602.7,160.27,1442.43,Card,Online
TXN-0081130,2026-08-22,DXB-005,Dubai,CUST-01026,P010,Printer,Office,1,699.14,20,699.14,139.83,559.31,Apple Pay,Store
TXN-0081342,2026-08-22,DXB-002,Dubai,CUST-07614,P004,Monitor,Electronics,3,786.32,0,2358.95,0.0,2358.95,Apple Pay,Store
TXN-0081428,2026-08-22,DXB-004,Dubai,CUST-03738,P011,Notebook,Stationery,3,25.44,10,76.33,7.63,68.7,Apple Pay,Store
TXN-0081441,2026-08-22,DXB-001,Dubai,CUST-00294,P009,Backpack,Accessories,3,206.31,0,618.93,0.0,618.93,Card,Store
TXN-0081499,2026-08-22,DXB-002,Dubai,CUST-06241,P003,Headphones,Electronics,1,324.19,10,324.19,32.42,291.77,Card,Store
TXN-0081507,2026-08-22,DXB-002,Dubai,CUST-06202,P014,Power Bank,Electronics,2,152.76,0,305.51,0.0,305.51,Card,Store
TXN-0081659,2026-08-22,DXB-002,Dubai,CUST-03276,P003,Headphones,Electronics,4,347.05,5,1388.21,69.41,1318.8,Card,Store
TXN-0081718,2026-08-22,DXB-001,Dubai,CUST-01506,P012,Pen Pack,Stationery,3,15.58,5,46.75,2.34,44.42,Card,Store
TXN-0081737,2026-08-22,DXB-004,Dubai,CUST-04764,P010,Printer,Office,1,657.43,10,657.43,65.74,591.69,Cash,Store
TXN-0081816,2026-08-22,DXB-005,Dubai,CUST-01242,P007,Office Chair,Furniture,1,693.24,15,693.24,103.99,589.25,Apple Pay,Store
TXN-0081835,2026-08-22,DXB-002,Dubai,CUST-06579,P009,Backpack,Accessories,1,246.22,0,246.22,0.0,246.22,Card,Online
TXN-0081841,2026-08-22,DXB-003,Dubai,CUST-03787,P007,Office Chair,Furniture,1,695.57,0,695.57,0.0,695.57,Card,Store
TXN-0081856,2026-08-22,DXB-002,Dubai,CUST-02353,P010,Printer,Office,4,631.06,10,2524.23,252.42,2271.81,Apple Pay,Store
TXN-0081879,2026-08-22,DXB-001,Dubai,CUST-02557,P012,Pen Pack,Stationery,6,14.52,5,87.13,4.36,82.77,Card,Online
TXN-0081984,2026-08-22,DXB-002,Dubai,CUST-07250,P011,Notebook,Stationery,2,24.1,15,48.2,7.23,40.97,Bank Transfer,Online
TXN-0082139,2026-08-22,DXB-002,Dubai,CUST-03947,P009,Backpack,Accessories,3,238.74,0,716.21,0.0,716.21,Card,Store
TXN-0082197,2026-08-22,DXB-002,Dubai,CUST-05382,P014,Power Bank,Electronics,2,144.39,0,288.78,0.0,288.78,Cash,Store
TXN-0082258,2026-08-22,DXB-003,Dubai,CUST-07071,P006,Mouse,Accessories,1,100.04,10,100.04,10.0,90.04,Card,Online
TXN-0082327,2026-08-22,DXB-001,Dubai,CUST-03711,P012,Pen Pack,Stationery,1,14.1,5,14.1,0.71,13.4,Bank Transfer,Online
TXN-0082352,2026-08-22,DXB-005,Dubai,CUST-02773,P004,Monitor,Electronics,1,918.54,15,918.54,137.78,780.75,Card,Store
TXN-0082354,2026-08-22,DXB-004,Dubai,CUST-03198,P007,Office Chair,Furniture,1,679.18,20,679.18,135.84,543.34,Card,Store
TXN-0082424,2026-08-22,DXB-004,Dubai,CUST-04145,P012,Pen Pack,Stationery,6,15.33,10,91.98,9.2,82.78,Card,Store
TXN-0082552,2026-08-22,DXB-001,Dubai,CUST-01155,P014,Power Bank,Electronics,2,163.22,5,326.43,16.32,310.11,Card,Store
TXN-0082603,2026-08-22,DXB-005,Dubai,CUST-06239,P010,Printer,Office,1,649.73,10,649.73,64.97,584.76,Card,Store
TXN-0082629,2026-08-22,DXB-002,Dubai,CUST-02611,P005,Keyboard,Accessories,6,180.08,10,1080.47,108.05,972.43,Bank Transfer,Store
TXN-0082634,2026-08-22,DXB-001,Dubai,CUST-06849,P012,Pen Pack,Stationery,1,14.77,5,14.77,0.74,14.03,Cash,Store
TXN-0082667,2026-08-22,DXB-001,Dubai,CUST-05502,P001,Laptop,Electronics,4,2783.37,5,11133.47,556.67,10576.8,Card,Store
TXN-0082693,2026-08-22,DXB-001,Dubai,CUST-04638,P001,Laptop,Electronics,1,2749.54,10,2749.54,274.95,2474.59,Cash,Store
TXN-0082694,2026-08-22,DXB-001,Dubai,CUST-05363,P004,Monitor,Electronics,1,915.59,0,915.59,0.0,915.59,Card,Online
TXN-0082719,2026-08-22,DXB-005,Dubai,CUST-06960,P014,Power Bank,Electronics,4,146.6,0,586.38,0.0,586.38,Apple Pay,Online
TXN-0082833,2026-08-22,DXB-001,Dubai,CUST-07489,P010,Printer,Office,5,755.38,5,3776.92,188.85,3588.07,Apple Pay,Store
TXN-0082978,2026-08-22,DXB-001,Dubai,CUST-02734,P012,Pen Pack,Stationery,1,15.59,0,15.59,0.0,15.59,Apple Pay,Store
TXN-0083002,2026-08-22,DXB-001,Dubai,CUST-01496,P004,Monitor,Electronics,1,873.62,5,873.62,43.68,829.94,Card,Store
TXN-0083075,2026-08-22,DXB-001,Dubai,CUST-01496,P001,Laptop,Electronics,1,3005.58,5,3005.58,150.28,2855.3,Apple Pay,Store
TXN-0083133,2026-08-22,DXB-004,Dubai,CUST-06723,P011,Notebook,Stationery,1,25.19,5,25.19,1.26,23.93,Cash,Store
TXN-0083165,2026-08-22,DXB-001,Dubai,CUST-05077,P002,Smartphone,Electronics,4,1961.08,5,7844.33,392.22,7452.12,Card,Store
TXN-0083208,2026-08-22,DXB-001,Dubai,CUST-02361,P005,Keyboard,Accessories,1,173.94,0,173.94,0.0,173.94,Bank Transfer,Store
TXN-0083222,2026-08-22,DXB-003,Dubai,CUST-04157,P015,Tablet,Electronics,1,1140.1,5,1140.1,57.01,1083.1,Card,Online
TXN-0083269,2026-08-22,DXB-004,Dubai,CUST-07880,P007,Office Chair,Furniture,1,673.1,0,673.1,0.0,673.1,Cash,Online
TXN-0083393,2026-08-22,DXB-002,Dubai,CUST-00839,P006,Mouse,Accessories,1,109.77,10,109.77,10.98,98.8,Apple Pay,Store
TXN-0083513,2026-08-22,DXB-001,Dubai,CUST-06885,P001,Laptop,Electronics,1,2963.16,0,2963.16,0.0,2963.16,Cash,Online
TXN-0083532,2026-08-22,DXB-005,Dubai,CUST-00812,P005,Keyboard,Accessories,2,187.81,10,375.62,37.56,338.06,Bank Transfer,Store
TXN-0083540,2026-08-22,DXB-003,Dubai,CUST-03156,P013,USB Drive,Accessories,1,48.35,10,48.35,4.83,43.51,Apple Pay,Store
TXN-0083546,2026-08-22,DXB-004,Dubai,CUST-00354,P010,Printer,Office,1,687.17,0,687.17,0.0,687.17,Cash,Store
TXN-0083558,2026-08-22,DXB-005,Dubai,CUST-02680,P003,Headphones,Electronics,2,341.23,5,682.46,34.12,648.34,Apple Pay,Online
TXN-0083560,2026-08-22,DXB-002,Dubai,CUST-07763,P013,USB Drive,Accessories,1,50.3,0,50.3,0.0,50.3,Cash,Online
TXN-0083565,2026-08-22,DXB-005,Dubai,CUST-05646,P015,Tablet,Electronics,1,1085.42,5,1085.42,54.27,1031.14,Card,Store
TXN-0083626,2026-08-22,DXB-002,Dubai,CUST-04774,P006,Mouse,Accessories,2,109.07,10,218.15,21.81,196.33,Cash,Store
TXN-0083656,2026-08-22,DXB-005,Dubai,CUST-01341,P014,Power Bank,Electronics,1,147.55,5,147.55,7.38,140.17,Card,Online
TXN-0083715,2026-08-22,DXB-003,Dubai,CUST-07860,P009,Backpack,Accessories,5,241.84,10,1209.19,120.92,1088.27,Card,Store
TXN-0083742,2026-08-22,DXB-001,Dubai,CUST-05451,P003,Headphones,Electronics,1,351.38,10,351.38,35.14,316.24,Cash,Online
TXN-0083864,2026-08-22,DXB-001,Dubai,CUST-06569,P004,Monitor,Electronics,1,952.14,0,952.14,0.0,952.14,Card,Store
TXN-0084075,2026-08-22,DXB-003,Dubai,CUST-03669,P015,Tablet,Electronics,2,1173.38,5,2346.76,117.34,2229.42,Card,Online
TXN-0084099,2026-08-22,DXB-005,Dubai,CUST-04921,P009,Backpack,Accessories,2,235.21,0,470.41,0.0,470.41,Card,Store
TXN-0084198,2026-08-22,DXB-002,Dubai,CUST-01844,P004,Monitor,Electronics,1,935.81,10,935.81,93.58,842.23,Card,Store
TXN-0084212,2026-08-22,DXB-004,Dubai,CUST-02498,P013,USB Drive,Accessories,1,41.64,10,41.64,4.16,37.48,Bank Transfer,Store
TXN-0084325,2026-08-22,DXB-005,Dubai,CUST-03766,P002,Smartphone,Electronics,2,1750.44,0,3500.88,0.0,3500.88,Bank Transfer,Store
TXN-0084531,2026-08-22,DXB-003,Dubai,CUST-01274,P015,Tablet,Electronics,2,1118.09,20,2236.17,447.23,1788.94,Cash,Online
TXN-0084566,2026-08-22,DXB-005,Dubai,CUST-00058,P007,Office Chair,Furniture,1,649.16,5,649.16,32.46,616.7,Card,Online
TXN-0084624,2026-08-22,DXB-004,Dubai,CUST-05313,P014,Power Bank,Electronics,2,135.63,10,271.25,27.13,244.13,Apple Pay,Store
TXN-0084685,2026-08-22,DXB-002,Dubai,CUST-02091,P009,Backpack,Accessories,1,223.56,0,223.56,0.0,223.56,Bank Transfer,Store
TXN-0084689,2026-08-22,DXB-005,Dubai,CUST-07138,P002,Smartphone,Electronics,1,1902.37,15,1902.37,285.36,1617.02,Cash,Store
TXN-0084740,2026-08-22,DXB-004,Dubai,CUST-01033,P005,Keyboard,Accessories,1,185.95,20,185.95,37.19,148.76,Card,Store
TXN-0084768,2026-08-22,DXB-001,Dubai,CUST-05209,P004,Monitor,Electronics,3,856.52,10,2569.56,256.96,2312.6,Bank Transfer,Store
TXN-0084771,2026-08-22,DXB-005,Dubai,CUST-04821,P010,Printer,Office,2,724.74,20,1449.48,289.9,1159.59,Apple Pay,Online
TXN-0084789,2026-08-22,DXB-003,Dubai,CUST-01985,P004,Monitor,Electronics,3,938.98,5,2816.93,140.85,2676.08,Card,Store
TXN-0084826,2026-08-22,DXB-001,Dubai,CUST-03053,P002,Smartphone,Electronics,2,1833.34,0,3666.68,0.0,3666.68,Card,Store
TXN-0084877,2026-08-22,DXB-001,Dubai,CUST-07620,P012,Pen Pack,Stationery,1,16.03,5,16.03,0.8,15.23,Card,Online
TXN-0084909,2026-08-22,DXB-003,Dubai,CUST-04037,P009,Backpack,Accessories,2,189.27,15,378.55,56.78,321.76,Card,Store
TXN-0084965,2026-08-22,DXB-002,Dubai,CUST-02061,P005,Keyboard,Accessories,1,165.01,10,165.01,16.5,148.51,Cash,Store
TXN-0085025,2026-08-22,DXB-001,Dubai,CUST-03326,P006,Mouse,Accessories,1,90.51,15,90.51,13.58,76.93,Cash,Store
TXN-0085033,2026-08-22,DXB-002,Dubai,CUST-06991,P013,USB Drive,Accessories,2,47.27,5,94.53,4.73,89.8,Apple Pay,Store
TXN-0085037,2026-08-22,DXB-001,Dubai,CUST-04719,P014,Power Bank,Electronics,3,146.79,0,440.36,0.0,440.36,Bank Transfer,Online
TXN-0085080,2026-08-22,DXB-004,Dubai,CUST-04820,P014,Power Bank,Electronics,1,134.28,0,134.28,0.0,134.28,Card,Store
TXN-0085131,2026-08-22,DXB-005,Dubai,CUST-03030,P007,Office Chair,Furniture,1,558.55,10,558.55,55.85,502.69,Cash,Store
TXN-0085160,2026-08-22,DXB-002,Dubai,CUST-07721,P010,Printer,Office,1,694.7,0,694.7,0.0,694.7,Cash,Online
TXN-0085188,2026-08-22,DXB-001,Dubai,CUST-00629,P012,Pen Pack,Stationery,2,15.56,20,31.12,6.22,24.9,Apple Pay,Store
TXN-0085200,2026-08-22,DXB-005,Dubai,CUST-03770,P009,Backpack,Accessories,6,213.08,5,1278.49,63.92,1214.57,Cash,Online
TXN-0085235,2026-08-22,DXB-003,Dubai,CUST-00553,P007,Office Chair,Furniture,1,674.43,5,674.43,33.72,640.71,Cash,Store
TXN-0085238,2026-08-22,DXB-005,Dubai,CUST-01057,P003,Headphones,Electronics,1,375.07,0,375.07,0.0,375.07,Card,Store
TXN-0085255,2026-08-22,DXB-005,Dubai,CUST-02829,P010,Printer,Office,1,784.83,5,784.83,39.24,745.59,Cash,Store
TXN-0085427,2026-08-22,DXB-001,Dubai,CUST-03790,P014,Power Bank,Electronics,4,143.12,0,572.49,0.0,572.49,Bank Transfer,Store
TXN-0085466,2026-08-22,DXB-001,Dubai,CUST-06931,P012,Pen Pack,Stationery,2,14.61,5,29.22,1.46,27.76,Card,Online
TXN-0085504,2026-08-22,DXB-004,Dubai,CUST-03494,P006,Mouse,Accessories,2,96.13,10,192.25,19.23,173.03,Card,Online
TXN-0085507,2026-08-22,DXB-004,Dubai,CUST-07235,P012,Pen Pack,Stationery,2,14.42,20,28.84,5.77,23.07,Apple Pay,Store
TXN-0085516,2026-08-22,DXB-001,Dubai,CUST-07890,P010,Printer,Office,1,716.6,5,716.6,35.83,680.77,Cash,Store
TXN-0085551,2026-08-22,DXB-001,Dubai,CUST-00006,P010,Printer,Office,4,742.29,0,2969.16,0.0,2969.16,Card,Store
TXN-0085568,2026-08-22,DXB-003,Dubai,CUST-06861,P007,Office Chair,Furniture,2,560.66,5,1121.31,56.07,1065.25,Cash,Online
TXN-0085582,2026-08-22,DXB-003,Dubai,CUST-02971,P004,Monitor,Electronics,1,927.58,20,927.58,185.52,742.06,Card,Store
TXN-0085590,2026-08-22,DXB-003,Dubai,CUST-06851,P014,Power Bank,Electronics,2,161.01,10,322.02,32.2,289.82,Card,Store
TXN-0085600,2026-08-22,DXB-005,Dubai,CUST-07403,P008,Desk,Furniture,1,773.73,0,773.73,0.0,773.73,Cash,Online
TXN-0085615,2026-08-22,DXB-001,Dubai,CUST-02620,P012,Pen Pack,Stationery,1,15.37,10,15.37,1.54,13.84,Card,Store
TXN-0085639,2026-08-22,DXB-002,Dubai,CUST-05545,P012,Pen Pack,Stationery,1,14.33,0,14.33,0.0,14.33,Bank Transfer,Store
TXN-0085679,2026-08-22,DXB-005,Dubai,CUST-03513,P014,Power Bank,Electronics,1,155.42,10,155.42,15.54,139.88,Card,Store
TXN-0085739,2026-08-22,DXB-001,Dubai,CUST-06969,P004,Monitor,Electronics,1,898.05,5,898.05,44.9,853.15,Cash,Store
TXN-0085764,2026-08-22,DXB-005,Dubai,CUST-05671,P009,Backpack,Accessories,2,216.0,15,431.99,64.8,367.19,Card,Online
TXN-0085775,2026-08-22,DXB-004,Dubai,CUST-07939,P013,USB Drive,Accessories,1,43.5,10,43.5,4.35,39.15,Bank Transfer,Online
TXN-0085805,2026-08-22,DXB-001,Dubai,CUST-01140,P011,Notebook,Stationery,1,24.88,10,24.88,2.49,22.39,Apple Pay,Store
TXN-0085844,2026-08-22,DXB-001,Dubai,CUST-06754,P002,Smartphone,Electronics,1,1505.15,5,1505.15,75.26,1429.89,Card,Store
TXN-0085972,2026-08-22,DXB-001,Dubai,CUST-07766,P003,Headphones,Electronics,3,313.28,5,939.84,46.99,892.85,Cash,Store
TXN-0085979,2026-08-22,DXB-005,Dubai,CUST-06497,P010,Printer,Office,1,618.98,5,618.98,30.95,588.03,Cash,Store
TXN-0086064,2026-08-22,DXB-004,Dubai,CUST-05314,P012,Pen Pack,Stationery,2,14.77,15,29.54,4.43,25.11,Card,Store
TXN-0086114,2026-08-22,DXB-003,Dubai,CUST-00097,P011,Notebook,Stationery,1,25.64,5,25.64,1.28,24.36,Apple Pay,Online
TXN-0086139,2026-08-22,DXB-002,Dubai,CUST-06067,P011,Notebook,Stationery,1,27.41,10,27.41,2.74,24.67,Card,Store
TXN-0086189,2026-08-22,DXB-002,Dubai,CUST-04430,P006,Mouse,Accessories,1,99.71,10,99.71,9.97,89.74,Card,Store
TXN-0086209,2026-08-22,DXB-003,Dubai,CUST-06306,P012,Pen Pack,Stationery,2,15.78,10,31.56,3.16,28.41,Apple Pay,Store
TXN-0086271,2026-08-22,DXB-001,Dubai,CUST-00391,P001,Laptop,Electronics,1,2758.61,10,2758.61,275.86,2482.74,Card,Store
TXN-0086368,2026-08-22,DXB-001,Dubai,CUST-04141,P012,Pen Pack,Stationery,3,14.59,0,43.78,0.0,43.78,Apple Pay,Store
TXN-0086425,2026-08-22,DXB-001,Dubai,CUST-02800,P004,Monitor,Electronics,1,754.03,15,754.03,113.1,640.92,Card,Online
TXN-0086468,2026-08-22,DXB-002,Dubai,CUST-07657,P003,Headphones,Electronics,5,377.19,0,1885.95,0.0,1885.95,Card,Store
TXN-0086611,2026-08-22,DXB-001,Dubai,CUST-02364,P014,Power Bank,Electronics,1,148.48,5,148.48,7.42,141.06,Cash,Store
TXN-0086713,2026-08-22,DXB-004,Dubai,CUST-06302,P004,Monitor,Electronics,5,876.37,10,4381.83,438.18,3943.65,Card,Store
TXN-0086718,2026-08-22,DXB-002,Dubai,CUST-04002,P003,Headphones,Electronics,1,346.47,5,346.47,17.32,329.15,Card,Store
TXN-0086734,2026-08-22,DXB-005,Dubai,CUST-04488,P008,Desk,Furniture,1,806.01,15,806.01,120.9,685.11,Bank Transfer,Online
TXN-0086774,2026-08-22,DXB-004,Dubai,CUST-03740,P014,Power Bank,Electronics,1,139.66,0,139.66,0.0,139.66,Apple Pay,Store
TXN-0086796,2026-08-22,DXB-005,Dubai,CUST-05610,P011,Notebook,Stationery,2,27.23,0,54.45,0.0,54.45,Apple Pay,Store
TXN-0086906,2026-08-22,DXB-003,Dubai,CUST-04149,P008,Desk,Furniture,2,889.88,10,1779.77,177.98,1601.79,Cash,Store
TXN-0086924,2026-08-22,DXB-002,Dubai,CUST-07364,P013,USB Drive,Accessories,1,40.2,0,40.2,0.0,40.2,Apple Pay,Store
TXN-0087049,2026-08-22,DXB-002,Dubai,CUST-06738,P012,Pen Pack,Stationery,4,15.2,20,60.8,12.16,48.64,Cash,Store
TXN-0087077,2026-08-22,DXB-002,Dubai,CUST-05473,P007,Office Chair,Furniture,2,654.52,0,1309.03,0.0,1309.03,Card,Store
TXN-0087195,2026-08-22,DXB-001,Dubai,CUST-07344,P010,Printer,Office,1,678.24,0,678.24,0.0,678.24,Card,Online
TXN-0087372,2026-08-22,DXB-004,Dubai,CUST-06229,P010,Printer,Office,3,679.36,0,2038.08,0.0,2038.08,Card,Online
TXN-0087514,2026-08-22,DXB-004,Dubai,CUST-00130,P005,Keyboard,Accessories,2,193.58,10,387.16,38.72,348.44,Cash,Online
TXN-0087535,2026-08-22,DXB-001,Dubai,CUST-04677,P003,Headphones,Electronics,1,348.48,20,348.48,69.7,278.79,Apple Pay,Store
TXN-0087540,2026-08-22,DXB-004,Dubai,CUST-07036,P015,Tablet,Electronics,1,1246.25,10,1246.25,124.62,1121.62,Card,Store
TXN-0087561,2026-08-22,DXB-004,Dubai,CUST-06279,P004,Monitor,Electronics,1,917.01,5,917.01,45.85,871.16,Card,Store
TXN-0087579,2026-08-22,DXB-003,Dubai,CUST-06436,P005,Keyboard,Accessories,1,178.6,15,178.6,26.79,151.81,Card,Store
TXN-0087647,2026-08-22,DXB-002,Dubai,CUST-06737,P011,Notebook,Stationery,1,27.09,0,27.09,0.0,27.09,Apple Pay,Online
TXN-0087676,2026-08-22,DXB-001,Dubai,CUST-01805,P014,Power Bank,Electronics,1,145.89,0,145.89,0.0,145.89,Apple Pay,Store
TXN-0087685,2026-08-22,DXB-004,Dubai,CUST-01231,P006,Mouse,Accessories,1,98.35,0,98.35,0.0,98.35,Cash,Store
TXN-0087706,2026-08-22,DXB-002,Dubai,CUST-03453,P007,Office Chair,Furniture,3,677.77,5,2033.3,101.67,1931.64,Bank Transfer,Store
TXN-0087736,2026-08-22,DXB-002,Dubai,CUST-03952,P009,Backpack,Accessories,1,218.48,5,218.48,10.92,207.55,Card,Store
TXN-0087812,2026-08-22,DXB-005,Dubai,CUST-03761,P015,Tablet,Electronics,5,1292.67,5,6463.34,323.17,6140.17,Card,Store
TXN-0087813,2026-08-22,DXB-003,Dubai,CUST-04513,P007,Office Chair,Furniture,2,702.77,10,1405.54,140.55,1264.99,Cash,Online
TXN-0087819,2026-08-22,DXB-001,Dubai,CUST-00185,P007,Office Chair,Furniture,1,605.11,0,605.11,0.0,605.11,Apple Pay,Online
TXN-0087834,2026-08-22,DXB-004,Dubai,CUST-05500,P006,Mouse,Accessories,1,100.88,0,100.88,0.0,100.88,Card,Store
TXN-0087869,2026-08-22,DXB-001,Dubai,CUST-04529,P005,Keyboard,Accessories,2,179.76,0,359.52,0.0,359.52,Card,Online
TXN-0087872,2026-08-22,DXB-005,Dubai,CUST-05308,P014,Power Bank,Electronics,3,148.16,5,444.47,22.22,422.25,Card,Online
TXN-0088044,2026-08-22,DXB-004,Dubai,CUST-06995,P005,Keyboard,Accessories,1,186.47,10,186.47,18.65,167.83,Card,Online
TXN-0088249,2026-08-22,DXB-004,Dubai,CUST-07515,P002,Smartphone,Electronics,6,1765.19,10,10591.12,1059.11,9532.01,Apple Pay,Store
TXN-0088293,2026-08-22,DXB-001,Dubai,CUST-06354,P015,Tablet,Electronics,1,1251.27,0,1251.27,0.0,1251.27,Card,Store
TXN-0088331,2026-08-22,DXB-002,Dubai,CUST-04160,P011,Notebook,Stationery,2,26.38,0,52.76,0.0,52.76,Apple Pay,Online
TXN-0088428,2026-08-22,DXB-004,Dubai,CUST-07083,P001,Laptop,Electronics,1,2908.37,10,2908.37,290.84,2617.53,Card,Store
TXN-0088459,2026-08-22,DXB-003,Dubai,CUST-02985,P011,Notebook,Stationery,1,23.82,10,23.82,2.38,21.44,Card,Store
TXN-0088554,2026-08-22,DXB-003,Dubai,CUST-05797,P001,Laptop,Electronics,3,2840.1,15,8520.3,1278.04,7242.25,Card,Store
TXN-0088607,2026-08-22,DXB-004,Dubai,CUST-06379,P013,USB Drive,Accessories,2,41.01,0,82.01,0.0,82.01,Cash,Store
TXN-0088627,2026-08-22,DXB-003,Dubai,CUST-00198,P007,Office Chair,Furniture,5,640.16,10,3200.78,320.08,2880.7,Bank Transfer,Store
TXN-0088690,2026-08-22,DXB-004,Dubai,CUST-05399,P007,Office Chair,Furniture,2,705.64,0,1411.27,0.0,1411.27,Card,Store
TXN-0088755,2026-08-22,DXB-005,Dubai,CUST-03658,P014,Power Bank,Electronics,1,135.26,10,135.26,13.53,121.74,Card,Online
TXN-0088799,2026-08-22,DXB-001,Dubai,CUST-06760,P005,Keyboard,Accessories,5,166.77,5,833.86,41.69,792.16,Card,Online
TXN-0088804,2026-08-22,DXB-002,Dubai,CUST-06178,P006,Mouse,Accessories,2,106.39,0,212.78,0.0,212.78,Card,Store
TXN-0088846,2026-08-22,DXB-003,Dubai,CUST-00420,P008,Desk,Furniture,1,788.77,5,788.77,39.44,749.33,Apple Pay,Store
TXN-0088938,2026-08-22,DXB-003,Dubai,CUST-04860,P002,Smartphone,Electronics,3,1765.35,5,5296.05,264.8,5031.25,Cash,Online
TXN-0088960,2026-08-22,DXB-001,Dubai,CUST-05374,P012,Pen Pack,Stationery,1,13.81,0,13.81,0.0,13.81,Apple Pay,Online
TXN-0089076,2026-08-22,DXB-004,Dubai,CUST-04568,P003,Headphones,Electronics,1,342.14,10,342.14,34.21,307.93,Card,Store
TXN-0089103,2026-08-22,DXB-004,Dubai,CUST-04512,P006,Mouse,Accessories,5,91.44,10,457.21,45.72,411.49,Card,Store
TXN-0089197,2026-08-22,DXB-001,Dubai,CUST-07418,P011,Notebook,Stationery,4,25.72,0,102.9,0.0,102.9,Cash,Store
TXN-0089248,2026-08-22,DXB-003,Dubai,CUST-02872,P010,Printer,Office,1,682.24,5,682.24,34.11,648.13,Card,Store
TXN-0089265,2026-08-22,DXB-001,Dubai,CUST-01894,P009,Backpack,Accessories,2,235.95,15,471.9,70.78,401.11,Card,Store
TXN-0089305,2026-08-22,DXB-001,Dubai,CUST-00057,P002,Smartphone,Electronics,2,1707.55,0,3415.1,0.0,3415.1,Bank Transfer,Online
TXN-0089414,2026-08-22,DXB-002,Dubai,CUST-05656,P002,Smartphone,Electronics,2,1908.22,0,3816.45,0.0,3816.45,Cash,Store
TXN-0089446,2026-08-22,DXB-004,Dubai,CUST-05323,P008,Desk,Furniture,1,775.03,5,775.03,38.75,736.28,Bank Transfer,Store
TXN-0089486,2026-08-22,DXB-001,Dubai,CUST-01683,P011,Notebook,Stationery,1,24.97,10,24.97,2.5,22.47,Card,Online
TXN-0089503,2026-08-22,DXB-003,Dubai,CUST-01798,P013,USB Drive,Accessories,4,45.72,5,182.9,9.14,173.75,Cash,Store
TXN-0089558,2026-08-22,DXB-002,Dubai,CUST-01374,P003,Headphones,Electronics,3,361.29,0,1083.86,0.0,1083.86,Cash,Store
TXN-0089817,2026-08-22,DXB-004,Dubai,CUST-06947,P006,Mouse,Accessories,2,99.7,0,199.41,0.0,199.41,Card,Online
TXN-0089844,2026-08-22,DXB-004,Dubai,CUST-04198,P010,Printer,Office,1,673.13,5,673.13,33.66,639.47,Card,Store
TXN-0089859,2026-08-22,DXB-003,Dubai,CUST-06852,P010,Printer,Office,2,735.34,0,1470.67,0.0,1470.67,Card,Store
TXN-0089894,2026-08-22,DXB-001,Dubai,CUST-03845,P006,Mouse,Accessories,1,108.17,0,108.17,0.0,108.17,Card,Store
TXN-0089898,2026-08-22,DXB-001,Dubai,CUST-03922,P001,Laptop,Electronics,1,2866.06,10,2866.06,286.61,2579.45,Card,Store
TXN-0089961,2026-08-22,DXB-003,Dubai,CUST-00955,P010,Printer,Office,2,670.09,0,1340.18,0.0,1340.18,Cash,Online
TXN-0090012,2026-08-22,DXB-004,Dubai,CUST-02974,P008,Desk,Furniture,1,807.05,5,807.05,40.35,766.69,Card,Store
TXN-0090041,2026-08-22,DXB-004,Dubai,CUST-03447,P012,Pen Pack,Stationery,4,14.02,15,56.09,8.41,47.68,Bank Transfer,Online
TXN-0090102,2026-08-22,DXB-003,Dubai,CUST-05514,P015,Tablet,Electronics,1,1235.3,5,1235.3,61.77,1173.54,Card,Store
TXN-0090137,2026-08-22,DXB-004,Dubai,CUST-00692,P011,Notebook,Stationery,3,26.04,0,78.13,0.0,78.13,Apple Pay,Online
TXN-0090197,2026-08-22,DXB-001,Dubai,CUST-06607,P009,Backpack,Accessories,1,215.57,0,215.57,0.0,215.57,Card,Store
TXN-0090218,2026-08-22,DXB-002,Dubai,CUST-05904,P012,Pen Pack,Stationery,5,15.05,0,75.23,0.0,75.23,Apple Pay,Store
TXN-0090332,2026-08-22,DXB-003,Dubai,CUST-05314,P001,Laptop,Electronics,1,2702.38,5,2702.38,135.12,2567.26,Card,Online
TXN-0090386,2026-08-22,DXB-001,Dubai,CUST-05214,P013,USB Drive,Accessories,3,49.17,10,147.51,14.75,132.76,Cash,Online
TXN-0090428,2026-08-22,DXB-002,Dubai,CUST-04314,P001,Laptop,Electronics,3,2961.46,15,8884.39,1332.66,7551.73,Cash,Store
TXN-0090478,2026-08-22,DXB-001,Dubai,CUST-06699,P006,Mouse,Accessories,4,102.1,20,408.41,81.68,326.73,Card,Store
TXN-0090493,2026-08-22,DXB-004,Dubai,CUST-01693,P011,Notebook,Stationery,1,23.3,5,23.3,1.17,22.14,Cash,Store
TXN-0090497,2026-08-22,DXB-001,Dubai,CUST-03301,P001,Laptop,Electronics,3,2689.23,15,8067.69,1210.15,6857.54,Apple Pay,Store
TXN-0090508,2026-08-22,DXB-001,Dubai,CUST-07710,P009,Backpack,Accessories,1,210.26,5,210.26,10.51,199.75,Cash,Online
TXN-0090640,2026-08-22,DXB-002,Dubai,CUST-02326,P015,Tablet,Electronics,2,1193.01,5,2386.02,119.3,2266.72,Apple Pay,Store
TXN-0090678,2026-08-22,DXB-003,Dubai,CUST-07760,P015,Tablet,Electronics,1,1249.66,0,1249.66,0.0,1249.66,Card,Store
TXN-0090752,2026-08-22,DXB-003,Dubai,CUST-06939,P010,Printer,Office,2,690.49,15,1380.99,207.15,1173.84,Apple Pay,Online
TXN-0090789,2026-08-22,DXB-002,Dubai,CUST-02100,P009,Backpack,Accessories,3,218.38,15,655.13,98.27,556.86,Cash,Online
TXN-0090806,2026-08-22,DXB-002,Dubai,CUST-04769,P010,Printer,Office,1,685.55,0,685.55,0.0,685.55,Apple Pay,Online
TXN-0090813,2026-08-22,DXB-005,Dubai,CUST-05444,P002,Smartphone,Electronics,1,2041.98,5,2041.98,102.1,1939.88,Card,Store
TXN-0090847,2026-08-22,DXB-004,Dubai,CUST-03074,P006,Mouse,Accessories,1,93.83,5,93.83,4.69,89.14,Bank Transfer,Online
TXN-0090905,2026-08-22,DXB-002,Dubai,CUST-04156,P008,Desk,Furniture,3,846.66,0,2539.99,0.0,2539.99,Apple Pay,Store
TXN-0090975,2026-08-22,DXB-005,Dubai,CUST-05758,P002,Smartphone,Electronics,4,1686.38,15,6745.54,1011.83,5733.71,Card,Store
TXN-0091123,2026-08-22,DXB-001,Dubai,CUST-04883,P013,USB Drive,Accessories,3,45.16,10,135.49,13.55,121.94,Cash,Store
TXN-0091158,2026-08-22,DXB-004,Dubai,CUST-02509,P011,Notebook,Stationery,1,26.58,20,26.58,5.32,21.27,Card,Online
TXN-0091164,2026-08-22,DXB-005,Dubai,CUST-06692,P009,Backpack,Accessories,1,227.6,0,227.6,0.0,227.6,Card,Online
TXN-0091201,2026-08-22,DXB-001,Dubai,CUST-04202,P011,Notebook,Stationery,2,23.37,5,46.74,2.34,44.4,Cash,Store
TXN-0091267,2026-08-22,DXB-004,Dubai,CUST-06308,P009,Backpack,Accessories,2,225.88,5,451.76,22.59,429.17,Card,Store
TXN-0091323,2026-08-22,DXB-005,Dubai,CUST-04254,P001,Laptop,Electronics,2,2755.87,0,5511.75,0.0,5511.75,Card,Store
TXN-0091351,2026-08-22,DXB-002,Dubai,CUST-03226,P011,Notebook,Stationery,4,24.88,0,99.54,0.0,99.54,Card,Store
TXN-0091372,2026-08-22,DXB-002,Dubai,CUST-03312,P005,Keyboard,Accessories,1,186.33,5,186.33,9.32,177.01,Bank Transfer,Store
TXN-0091502,2026-08-22,DXB-004,Dubai,CUST-07530,P014,Power Bank,Electronics,1,166.56,0,166.56,0.0,166.56,Cash,Store
TXN-0091690,2026-08-22,DXB-005,Dubai,CUST-01924,P015,Tablet,Electronics,1,1182.23,10,1182.23,118.22,1064.0,Card,Online
TXN-0091718,2026-08-22,DXB-003,Dubai,CUST-04700,P006,Mouse,Accessories,1,105.38,5,105.38,5.27,100.12,Cash,Store
TXN-0091883,2026-08-22,DXB-005,Dubai,CUST-07377,P007,Office Chair,Furniture,2,627.76,10,1255.52,125.55,1129.97,Bank Transfer,Online
TXN-0091988,2026-08-22,DXB-005,Dubai,CUST-01849,P011,Notebook,Stationery,3,23.43,0,70.29,0.0,70.29,Card,Store
TXN-0091994,2026-08-22,DXB-001,Dubai,CUST-07132,P006,Mouse,Accessories,1,104.58,5,104.58,5.23,99.35,Cash,Store
TXN-0092101,2026-08-22,DXB-004,Dubai,CUST-05988,P009,Backpack,Accessories,1,232.36,0,232.36,0.0,232.36,Card,Store
TXN-0092119,2026-08-22,DXB-001,Dubai,CUST-01654,P006,Mouse,Accessories,4,113.49,5,453.98,22.7,431.28,Card,Store
TXN-0092197,2026-08-22,DXB-002,Dubai,CUST-04148,P015,Tablet,Electronics,1,1177.84,5,1177.84,58.89,1118.95,Card,Store
TXN-0092416,2026-08-22,DXB-002,Dubai,CUST-00929,P010,Printer,Office,1,746.09,0,746.09,0.0,746.09,Apple Pay,Store
TXN-0092452,2026-08-22,DXB-003,Dubai,CUST-02103,P002,Smartphone,Electronics,1,1803.46,10,1803.46,180.35,1623.11,Cash,Store
TXN-0092482,2026-08-22,DXB-003,Dubai,CUST-02732,P001,Laptop,Electronics,1,2312.14,20,2312.14,462.43,1849.71,Card,Store
TXN-0092522,2026-08-22,DXB-001,Dubai,CUST-02931,P001,Laptop,Electronics,1,2967.32,0,2967.32,0.0,2967.32,Card,Store
TXN-0092530,2026-08-22,DXB-003,Dubai,CUST-01860,P003,Headphones,Electronics,3,354.61,15,1063.84,159.58,904.27,Card,Online
TXN-0092583,2026-08-22,DXB-005,Dubai,CUST-07995,P007,Office Chair,Furniture,2,640.52,15,1281.03,192.15,1088.88,Card,Store
TXN-0092660,2026-08-22,DXB-004,Dubai,CUST-06463,P015,Tablet,Electronics,2,1105.95,15,2211.9,331.78,1880.11,Cash,Online
TXN-0092669,2026-08-22,DXB-002,Dubai,CUST-05478,P006,Mouse,Accessories,1,104.24,15,104.24,15.64,88.6,Card,Store
TXN-0092846,2026-08-22,DXB-002,Dubai,CUST-03677,P002,Smartphone,Electronics,6,1811.91,5,10871.44,543.57,10327.87,Cash,Online
TXN-0093004,2026-08-22,DXB-005,Dubai,CUST-07720,P012,Pen Pack,Stationery,2,15.38,10,30.76,3.08,27.68,Bank Transfer,Store
TXN-0093018,2026-08-22,DXB-002,Dubai,CUST-04545,P001,Laptop,Electronics,1,2812.13,5,2812.13,140.61,2671.52,Bank Transfer,Store
TXN-0093029,2026-08-22,DXB-003,Dubai,CUST-00088,P012,Pen Pack,Stationery,2,15.63,10,31.26,3.13,28.14,Card,Store
TXN-0093088,2026-08-22,DXB-002,Dubai,CUST-04598,P010,Printer,Office,2,669.85,5,1339.69,66.98,1272.71,Cash,Online
TXN-0093172,2026-08-22,DXB-002,Dubai,CUST-06331,P012,Pen Pack,Stationery,1,14.86,15,14.86,2.23,12.63,Apple Pay,Online
TXN-0093196,2026-08-22,DXB-004,Dubai,CUST-00350,P007,Office Chair,Furniture,1,584.25,0,584.25,0.0,584.25,Apple Pay,Online
TXN-0093321,2026-08-22,DXB-001,Dubai,CUST-03458,P012,Pen Pack,Stationery,2,14.85,5,29.7,1.48,28.21,Cash,Store
TXN-0093335,2026-08-22,DXB-005,Dubai,CUST-02736,P007,Office Chair,Furniture,1,643.67,5,643.67,32.18,611.48,Card,Online
TXN-0093343,2026-08-22,DXB-005,Dubai,CUST-00882,P001,Laptop,Electronics,1,2637.32,0,2637.32,0.0,2637.32,Card,Online
TXN-0093347,2026-08-22,DXB-005,Dubai,CUST-04452,P011,Notebook,Stationery,1,25.57,0,25.57,0.0,25.57,Card,Online
TXN-0093382,2026-08-22,DXB-003,Dubai,CUST-03516,P010,Printer,Office,5,706.04,10,3530.2,353.02,3177.18,Cash,Store
TXN-0093442,2026-08-22,DXB-001,Dubai,CUST-03989,P009,Backpack,Accessories,1,212.79,10,212.79,21.28,191.51,Apple Pay,Online
TXN-0093570,2026-08-22,DXB-002,Dubai,CUST-06713,P007,Office Chair,Furniture,5,606.27,15,3031.35,454.7,2576.64,Card,Store
TXN-0093641,2026-08-22,DXB-005,Dubai,CUST-00097,P009,Backpack,Accessories,1,209.24,5,209.24,10.46,198.77,Card,Store
TXN-0093645,2026-08-22,DXB-002,Dubai,CUST-07894,P005,Keyboard,Accessories,1,183.46,5,183.46,9.17,174.29,Card,Store
TXN-0093672,2026-08-22,DXB-004,Dubai,CUST-00413,P013,USB Drive,Accessories,2,46.89,10,93.77,9.38,84.4,Apple Pay,Store
TXN-0093681,2026-08-22,DXB-001,Dubai,CUST-04012,P009,Backpack,Accessories,1,219.81,10,219.81,21.98,197.83,Card,Store
TXN-0093733,2026-08-22,DXB-005,Dubai,CUST-04554,P002,Smartphone,Electronics,1,1729.03,5,1729.03,86.45,1642.58,Cash,Online
TXN-0093760,2026-08-22,DXB-004,Dubai,CUST-07220,P008,Desk,Furniture,1,766.31,5,766.31,38.32,728.0,Card,Online
TXN-0093840,2026-08-22,DXB-001,Dubai,CUST-01465,P015,Tablet,Electronics,2,1144.58,10,2289.15,228.92,2060.24,Card,Store
TXN-0093937,2026-08-22,DXB-001,Dubai,CUST-04411,P003,Headphones,Electronics,2,378.56,20,757.11,151.42,605.69,Cash,Store
TXN-0093948,2026-08-22,DXB-005,Dubai,CUST-07171,P006,Mouse,Accessories,1,96.82,5,96.82,4.84,91.98,Cash,Online
TXN-0093965,2026-08-22,DXB-005,Dubai,CUST-01673,P012,Pen Pack,Stationery,3,13.78,5,41.33,2.07,39.26,Bank Transfer,Store
TXN-0093986,2026-08-22,DXB-004,Dubai,CUST-04924,P009,Backpack,Accessories,4,221.39,15,885.57,132.84,752.73,Cash,Store
TXN-0094066,2026-08-22,DXB-002,Dubai,CUST-06106,P003,Headphones,Electronics,1,360.95,10,360.95,36.1,324.86,Card,Store
TXN-0094176,2026-08-22,DXB-005,Dubai,CUST-01975,P006,Mouse,Accessories,1,110.05,5,110.05,5.5,104.55,Apple Pay,Store
TXN-0094222,2026-08-22,DXB-001,Dubai,CUST-06787,P005,Keyboard,Accessories,1,178.64,20,178.64,35.73,142.91,Apple Pay,Store
TXN-0094294,2026-08-22,DXB-003,Dubai,CUST-01171,P006,Mouse,Accessories,1,98.03,20,98.03,19.61,78.42,Card,Online
TXN-0094403,2026-08-22,DXB-001,Dubai,CUST-00949,P012,Pen Pack,Stationery,1,14.94,5,14.94,0.75,14.2,Card,Online
TXN-0094521,2026-08-22,DXB-001,Dubai,CUST-05936,P002,Smartphone,Electronics,5,1675.92,20,8379.59,1675.92,6703.68,Bank Transfer,Online
TXN-0094535,2026-08-22,DXB-005,Dubai,CUST-01261,P009,Backpack,Accessories,1,227.1,15,227.1,34.07,193.04,Card,Store
TXN-0094571,2026-08-22,DXB-003,Dubai,CUST-04515,P013,USB Drive,Accessories,6,46.03,5,276.21,13.81,262.4,Card,Store
TXN-0094611,2026-08-22,DXB-001,Dubai,CUST-00393,P005,Keyboard,Accessories,1,190.59,5,190.59,9.53,181.06,Apple Pay,Online
TXN-0094654,2026-08-22,DXB-002,Dubai,CUST-03738,P002,Smartphone,Electronics,3,1690.24,15,5070.72,760.61,4310.12,Card,Store
TXN-0094674,2026-08-22,DXB-002,Dubai,CUST-07640,P015,Tablet,Electronics,1,1186.29,10,1186.29,118.63,1067.66,Cash,Store
TXN-0094706,2026-08-22,DXB-001,Dubai,CUST-02644,P004,Monitor,Electronics,1,876.86,5,876.86,43.84,833.02,Card,Store
TXN-0094742,2026-08-22,DXB-001,Dubai,CUST-06193,P010,Printer,Office,2,694.96,0,1389.91,0.0,1389.91,Card,Online
TXN-0094758,2026-08-22,DXB-003,Dubai,CUST-06869,P007,Office Chair,Furniture,1,619.24,15,619.24,92.89,526.35,Apple Pay,Online
TXN-0094834,2026-08-22,DXB-005,Dubai,CUST-04466,P004,Monitor,Electronics,1,917.16,0,917.16,0.0,917.16,Apple Pay,Store
TXN-0094886,2026-08-22,DXB-001,Dubai,CUST-03413,P009,Backpack,Accessories,1,230.82,10,230.82,23.08,207.74,Card,Store
TXN-0094910,2026-08-22,DXB-003,Dubai,CUST-02618,P009,Backpack,Accessories,2,217.72,0,435.45,0.0,435.45,Bank Transfer,Online
TXN-0094953,2026-08-22,DXB-004,Dubai,CUST-07750,P015,Tablet,Electronics,3,1262.48,5,3787.45,189.37,3598.08,Apple Pay,Store
TXN-0094955,2026-08-22,DXB-001,Dubai,CUST-05168,P002,Smartphone,Electronics,1,1842.25,10,1842.25,184.23,1658.03,Bank Transfer,Store
TXN-0095008,2026-08-22,DXB-004,Dubai,CUST-03341,P007,Office Chair,Furniture,1,628.05,20,628.05,125.61,502.44,Cash,Online
TXN-0095028,2026-08-22,DXB-003,Dubai,CUST-05303,P002,Smartphone,Electronics,1,1846.27,15,1846.27,276.94,1569.33,Apple Pay,Store
TXN-0095187,2026-08-22,DXB-005,Dubai,CUST-02661,P015,Tablet,Electronics,1,1221.98,10,1221.98,122.2,1099.78,Card,Store
TXN-0095204,2026-08-22,DXB-003,Dubai,CUST-05994,P003,Headphones,Electronics,1,362.01,0,362.01,0.0,362.01,Apple Pay,Online
TXN-0095210,2026-08-22,DXB-001,Dubai,CUST-03948,P007,Office Chair,Furniture,4,625.0,0,2499.99,0.0,2499.99,Cash,Store
TXN-0095278,2026-08-22,DXB-003,Dubai,CUST-00253,P003,Headphones,Electronics,1,370.76,10,370.76,37.08,333.69,Bank Transfer,Store
TXN-0095316,2026-08-22,DXB-005,Dubai,CUST-07898,P012,Pen Pack,Stationery,4,14.48,0,57.92,0.0,57.92,Card,Store
TXN-0095364,2026-08-22,DXB-002,Dubai,CUST-05142,P010,Printer,Office,2,717.2,5,1434.4,71.72,1362.68,Cash,Store
TXN-0095368,2026-08-22,DXB-003,Dubai,CUST-07891,P006,Mouse,Accessories,2,115.78,0,231.56,0.0,231.56,Apple Pay,Store
TXN-0095472,2026-08-22,DXB-004,Dubai,CUST-00959,P009,Backpack,Accessories,2,216.62,15,433.24,64.99,368.26,Cash,Store
TXN-0095502,2026-08-22,DXB-003,Dubai,CUST-04818,P008,Desk,Furniture,1,845.49,0,845.49,0.0,845.49,Card,Store
TXN-0095531,2026-08-22,DXB-002,Dubai,CUST-03435,P014,Power Bank,Electronics,1,157.58,15,157.58,23.64,133.94,Card,Store
TXN-0095546,2026-08-22,DXB-001,Dubai,CUST-03740,P015,Tablet,Electronics,5,1257.11,0,6285.55,0.0,6285.55,Bank Transfer,Store
TXN-0095583,2026-08-22,DXB-005,Dubai,CUST-02706,P003,Headphones,Electronics,2,326.63,0,653.26,0.0,653.26,Cash,Store
TXN-0095598,2026-08-22,DXB-001,Dubai,CUST-03536,P006,Mouse,Accessories,3,99.99,15,299.97,44.99,254.97,Card,Store
TXN-0095617,2026-08-22,DXB-001,Dubai,CUST-06100,P014,Power Bank,Electronics,2,136.21,0,272.41,0.0,272.41,Card,Store
TXN-0095640,2026-08-22,DXB-003,Dubai,CUST-02462,P011,Notebook,Stationery,1,25.89,0,25.89,0.0,25.89,Cash,Store
TXN-0095686,2026-08-22,DXB-001,Dubai,CUST-07834,P012,Pen Pack,Stationery,4,15.22,10,60.87,6.09,54.78,Card,Store
TXN-0095745,2026-08-22,DXB-002,Dubai,CUST-07786,P009,Backpack,Accessories,3,222.51,0,667.53,0.0,667.53,Bank Transfer,Online
TXN-0095781,2026-08-22,DXB-001,Dubai,CUST-00039,P010,Printer,Office,2,729.27,5,1458.55,72.93,1385.62,Cash,Online
TXN-0095808,2026-08-22,DXB-001,Dubai,CUST-06590,P010,Printer,Office,3,660.55,10,1981.64,198.16,1783.47,Card,Store
TXN-0095829,2026-08-22,DXB-001,Dubai,CUST-07079,P008,Desk,Furniture,1,841.94,5,841.94,42.1,799.85,Cash,Store
TXN-0095838,2026-08-22,DXB-004,Dubai,CUST-00296,P005,Keyboard,Accessories,1,188.73,5,188.73,9.44,179.29,Cash,Online
TXN-0095993,2026-08-22,DXB-004,Dubai,CUST-03061,P009,Backpack,Accessories,3,218.4,5,655.19,32.76,622.43,Apple Pay,Store
TXN-0096040,2026-08-22,DXB-004,Dubai,CUST-03747,P003,Headphones,Electronics,2,347.14,0,694.29,0.0,694.29,Apple Pay,Store
TXN-0096135,2026-08-22,DXB-003,Dubai,CUST-00252,P014,Power Bank,Electronics,2,169.96,15,339.93,50.99,288.94,Bank Transfer,Online
TXN-0096154,2026-08-22,DXB-002,Dubai,CUST-04765,P001,Laptop,Electronics,2,2593.95,10,5187.91,518.79,4669.12,Card,Store
TXN-0096173,2026-08-22,DXB-005,Dubai,CUST-02354,P015,Tablet,Electronics,1,1258.4,5,1258.4,62.92,1195.48,Apple Pay,Store
TXN-0096180,2026-08-22,DXB-002,Dubai,CUST-03919,P002,Smartphone,Electronics,2,1820.98,0,3641.97,0.0,3641.97,Card,Store
TXN-0096193,2026-08-22,DXB-005,Dubai,CUST-04498,P012,Pen Pack,Stationery,2,13.27,15,26.53,3.98,22.55,Card,Store
TXN-0096365,2026-08-22,DXB-002,Dubai,CUST-00785,P013,USB Drive,Accessories,1,45.92,15,45.92,6.89,39.03,Apple Pay,Store
TXN-0096587,2026-08-22,DXB-005,Dubai,CUST-05571,P004,Monitor,Electronics,1,818.03,0,818.03,0.0,818.03,Cash,Store
TXN-0096605,2026-08-22,DXB-001,Dubai,CUST-04359,P008,Desk,Furniture,1,823.83,10,823.83,82.38,741.44,Bank Transfer,Store
TXN-0096621,2026-08-22,DXB-004,Dubai,CUST-06606,P010,Printer,Office,6,709.02,5,4254.13,212.71,4041.42,Card,Online
TXN-0096710,2026-08-22,DXB-001,Dubai,CUST-00868,P013,USB Drive,Accessories,3,44.32,0,132.95,0.0,132.95,Cash,Store
TXN-0096881,2026-08-22,DXB-001,Dubai,CUST-05301,P012,Pen Pack,Stationery,2,14.95,0,29.91,0.0,29.91,Card,Store
TXN-0096980,2026-08-22,DXB-001,Dubai,CUST-01581,P014,Power Bank,Electronics,1,157.41,5,157.41,7.87,149.54,Apple Pay,Store
TXN-0097060,2026-08-22,DXB-001,Dubai,CUST-07996,P014,Power Bank,Electronics,1,142.04,0,142.04,0.0,142.04,Cash,Store
TXN-0097061,2026-08-22,DXB-005,Dubai,CUST-05721,P010,Printer,Office,1,657.34,15,657.34,98.6,558.74,Card,Store
TXN-0097071,2026-08-22,DXB-002,Dubai,CUST-04987,P009,Backpack,Accessories,1,213.04,15,213.04,31.96,181.08,Card,Online
TXN-0097072,2026-08-22,DXB-004,Dubai,CUST-05463,P001,Laptop,Electronics,2,2879.92,5,5759.85,287.99,5471.86,Apple Pay,Store
TXN-0097083,2026-08-22,DXB-003,Dubai,CUST-07366,P008,Desk,Furniture,1,783.38,0,783.38,0.0,783.38,Apple Pay,Online
TXN-0097088,2026-08-22,DXB-004,Dubai,CUST-05512,P006,Mouse,Accessories,1,97.83,15,97.83,14.67,83.15,Card,Online
TXN-0097169,2026-08-22,DXB-004,Dubai,CUST-04435,P011,Notebook,Stationery,1,22.8,0,22.8,0.0,22.8,Apple Pay,Store
TXN-0097227,2026-08-22,DXB-003,Dubai,CUST-01302,P001,Laptop,Electronics,2,2739.73,15,5479.45,821.92,4657.54,Apple Pay,Online
TXN-0097241,2026-08-22,DXB-005,Dubai,CUST-04450,P015,Tablet,Electronics,1,1160.21,10,1160.21,116.02,1044.19,Card,Online
TXN-0097262,2026-08-22,DXB-003,Dubai,CUST-03341,P007,Office Chair,Furniture,1,679.13,0,679.13,0.0,679.13,Card,Store
TXN-0097272,2026-08-22,DXB-002,Dubai,CUST-06053,P007,Office Chair,Furniture,5,694.67,20,3473.36,694.67,2778.69,Cash,Store
TXN-0097353,2026-08-22,DXB-002,Dubai,CUST-05176,P006,Mouse,Accessories,2,95.96,5,191.92,9.6,182.32,Cash,Online
TXN-0097372,2026-08-22,DXB-002,Dubai,CUST-00846,P010,Printer,Office,3,721.06,5,2163.19,108.16,2055.03,Apple Pay,Store
TXN-0097385,2026-08-22,DXB-002,Dubai,CUST-05347,P014,Power Bank,Electronics,1,154.09,0,154.09,0.0,154.09,Apple Pay,Store
TXN-0097455,2026-08-22,DXB-003,Dubai,CUST-06922,P006,Mouse,Accessories,1,91.75,0,91.75,0.0,91.75,Cash,Store
TXN-0097462,2026-08-22,DXB-002,Dubai,CUST-01906,P010,Printer,Office,1,645.91,10,645.91,64.59,581.32,Card,Store
TXN-0097502,2026-08-22,DXB-001,Dubai,CUST-07495,P005,Keyboard,Accessories,2,196.91,15,393.82,59.07,334.75,Cash,Store
TXN-0097547,2026-08-22,DXB-004,Dubai,CUST-01109,P009,Backpack,Accessories,1,232.72,0,232.72,0.0,232.72,Apple Pay,Store
TXN-0097658,2026-08-22,DXB-003,Dubai,CUST-04657,P007,Office Chair,Furniture,2,645.68,15,1291.37,193.71,1097.66,Card,Store
TXN-0097731,2026-08-22,DXB-003,Dubai,CUST-02725,P009,Backpack,Accessories,3,194.65,5,583.95,29.2,554.76,Card,Store
TXN-0097737,2026-08-22,DXB-005,Dubai,CUST-07821,P002,Smartphone,Electronics,1,1781.06,20,1781.06,356.21,1424.84,Card,Store
TXN-0097836,2026-08-22,DXB-004,Dubai,CUST-02841,P007,Office Chair,Furniture,1,576.25,10,576.25,57.62,518.62,Bank Transfer,Store
TXN-0097869,2026-08-22,DXB-005,Dubai,CUST-05237,P014,Power Bank,Electronics,2,144.16,10,288.33,28.83,259.5,Apple Pay,Online
TXN-0098131,2026-08-22,DXB-004,Dubai,CUST-00002,P003,Headphones,Electronics,1,372.95,5,372.95,18.65,354.3,Cash,Store
TXN-0098132,2026-08-22,DXB-005,Dubai,CUST-03803,P004,Monitor,Electronics,1,853.44,5,853.44,42.67,810.77,Card,Store
TXN-0098181,2026-08-22,DXB-005,Dubai,CUST-03555,P001,Laptop,Electronics,1,2739.28,0,2739.28,0.0,2739.28,Apple Pay,Store
TXN-0098378,2026-08-22,DXB-001,Dubai,CUST-07534,P011,Notebook,Stationery,1,25.01,5,25.01,1.25,23.76,Apple Pay,Store
TXN-0098436,2026-08-22,DXB-003,Dubai,CUST-03787,P008,Desk,Furniture,2,895.0,20,1790.01,358.0,1432.01,Card,Online
TXN-0098468,2026-08-22,DXB-005,Dubai,CUST-02680,P010,Printer,Office,2,659.99,0,1319.98,0.0,1319.98,Bank Transfer,Online
TXN-0098471,2026-08-22,DXB-001,Dubai,CUST-03849,P005,Keyboard,Accessories,1,182.63,15,182.63,27.39,155.24,Card,Online
TXN-0098616,2026-08-22,DXB-001,Dubai,CUST-07066,P004,Monitor,Electronics,1,932.4,0,932.4,0.0,932.4,Card,Store
TXN-0098638,2026-08-22,DXB-002,Dubai,CUST-06216,P005,Keyboard,Accessories,2,179.21,0,358.42,0.0,358.42,Apple Pay,Store
TXN-0098673,2026-08-22,DXB-003,Dubai,CUST-02763,P007,Office Chair,Furniture,3,729.54,15,2188.62,328.29,1860.33,Apple Pay,Store
TXN-0098786,2026-08-22,DXB-005,Dubai,CUST-01525,P007,Office Chair,Furniture,1,666.54,20,666.54,133.31,533.23,Cash,Store
TXN-0098874,2026-08-22,DXB-004,Dubai,CUST-02834,P015,Tablet,Electronics,2,1312.19,0,2624.37,0.0,2624.37,Card,Store
TXN-0098880,2026-08-22,DXB-003,Dubai,CUST-06198,P008,Desk,Furniture,2,924.08,20,1848.15,369.63,1478.52,Card,Store
TXN-0098895,2026-08-22,DXB-002,Dubai,CUST-07007,P012,Pen Pack,Stationery,1,13.98,0,13.98,0.0,13.98,Card,Store
TXN-0098901,2026-08-22,DXB-005,Dubai,CUST-04244,P005,Keyboard,Accessories,2,167.09,0,334.18,0.0,334.18,Bank Transfer,Online
TXN-0098943,2026-08-22,DXB-001,Dubai,CUST-02330,P009,Backpack,Accessories,1,224.95,5,224.95,11.25,213.7,Cash,Online
TXN-0098960,2026-08-22,DXB-003,Dubai,CUST-06451,P015,Tablet,Electronics,3,1167.38,0,3502.13,0.0,3502.13,Card,Store
TXN-0098969,2026-08-22,DXB-001,Dubai,CUST-01264,P003,Headphones,Electronics,1,346.71,15,346.71,52.01,294.71,Apple Pay,Store
TXN-0098976,2026-08-22,DXB-003,Dubai,CUST-06483,P006,Mouse,Accessories,4,109.19,0,436.74,0.0,436.74,Bank Transfer,Store
TXN-0099043,2026-08-22,DXB-004,Dubai,CUST-04580,P008,Desk,Furniture,2,762.79,10,1525.57,152.56,1373.02,Card,Online
TXN-0099051,2026-08-22,DXB-005,Dubai,CUST-03309,P008,Desk,Furniture,1,817.15,0,817.15,0.0,817.15,Card,Store
TXN-0099114,2026-08-22,DXB-003,Dubai,CUST-03133,P007,Office Chair,Furniture,1,648.83,5,648.83,32.44,616.38,Apple Pay,Store
TXN-0099155,2026-08-22,DXB-001,Dubai,CUST-04422,P008,Desk,Furniture,2,789.96,5,1579.91,79.0,1500.92,Apple Pay,Online
TXN-0099201,2026-08-22,DXB-005,Dubai,CUST-04828,P001,Laptop,Electronics,6,2710.77,0,16264.64,0.0,16264.64,Apple Pay,Store
TXN-0099212,2026-08-22,DXB-003,Dubai,CUST-04257,P007,Office Chair,Furniture,3,658.17,0,1974.52,0.0,1974.52,Apple Pay,Store
TXN-0099223,2026-08-22,DXB-005,Dubai,CUST-07166,P005,Keyboard,Accessories,1,178.65,0,178.65,0.0,178.65,Card,Online
TXN-0099236,2026-08-22,DXB-005,Dubai,CUST-06853,P003,Headphones,Electronics,2,308.09,5,616.17,30.81,585.36,Card,Online
TXN-0099324,2026-08-22,DXB-005,Dubai,CUST-01671,P008,Desk,Furniture,3,819.25,0,2457.74,0.0,2457.74,Apple Pay,Store
TXN-0099445,2026-08-22,DXB-002,Dubai,CUST-06230,P014,Power Bank,Electronics,1,150.99,20,150.99,30.2,120.79,Card,Store
TXN-0099481,2026-08-22,DXB-001,Dubai,CUST-07853,P012,Pen Pack,Stationery,1,14.66,5,14.66,0.73,13.93,Bank Transfer,Online
TXN-0099535,2026-08-22,DXB-005,Dubai,CUST-02852,P010,Printer,Office,2,705.97,0,1411.94,0.0,1411.94,Apple Pay,Store
TXN-0099587,2026-08-22,DXB-001,Dubai,CUST-03600,P012,Pen Pack,Stationery,1,15.77,0,15.77,0.0,15.77,Cash,Store
TXN-0099620,2026-08-22,DXB-003,Dubai,CUST-07400,P011,Notebook,Stationery,1,26.49,5,26.49,1.32,25.17,Card,Online
TXN-0099628,2026-08-22,DXB-005,Dubai,CUST-00367,P002,Smartphone,Electronics,1,1729.68,20,1729.68,345.94,1383.74,Cash,Store
TXN-0099646,2026-08-22,DXB-005,Dubai,CUST-03054,P005,Keyboard,Accessories,5,164.3,5,821.49,41.07,780.41,Bank Transfer,Store
TXN-0099665,2026-08-22,DXB-005,Dubai,CUST-06013,P012,Pen Pack,Stationery,2,14.73,20,29.46,5.89,23.57,Cash,Online
TXN-0099682,2026-08-22,DXB-002,Dubai,CUST-07417,P002,Smartphone,Electronics,3,1872.56,15,5617.67,842.65,4775.02,Apple Pay,Online
TXN-0099742,2026-08-22,DXB-001,Dubai,CUST-06083,P015,Tablet,Electronics,1,1279.03,15,1279.03,191.85,1087.18,Card,Store
TXN-0099877,2026-08-22,DXB-001,Dubai,CUST-01671,P002,Smartphone,Electronics,1,1857.97,5,1857.97,92.9,1765.07,Card,Online
TXN-0099881,2026-08-22,DXB-004,Dubai,CUST-02271,P007,Office Chair,Furniture,1,634.87,0,634.87,0.0,634.87,Card,Store
TXN-0099934,2026-08-22,DXB-004,Dubai,CUST-05169,P004,Monitor,Electronics,4,853.42,0,3413.7,0.0,3413.7,Card,Online
TXN-0100029,2026-08-22,DXB-001,Dubai,CUST-06823,P001,Laptop,Electronics,1,2648.72,0,2648.72,0.0,2648.72,Card,Store
TXN-0100081,2026-08-22,DXB-002,Dubai,CUST-07053,P004,Monitor,Electronics,1,959.33,10,959.33,95.93,863.39,Apple Pay,Store
TXN-0100087,2026-08-22,DXB-005,Dubai,CUST-01870,P005,Keyboard,Accessories,1,195.54,10,195.54,19.55,175.99,Card,Store
TXN-0100112,2026-08-22,DXB-005,Dubai,CUST-05696,P005,Keyboard,Accessories,4,190.13,0,760.52,0.0,760.52,Cash,Store
TXN-0100141,2026-08-22,DXB-004,Dubai,CUST-03190,P006,Mouse,Accessories,1,100.23,0,100.23,0.0,100.23,Cash,Online
TXN-0100154,2026-08-22,DXB-003,Dubai,CUST-00776,P013,USB Drive,Accessories,1,43.02,0,43.02,0.0,43.02,Bank Transfer,Store
TXN-0100233,2026-08-22,DXB-003,Dubai,CUST-05660,P003,Headphones,Electronics,4,324.4,10,1297.6,129.76,1167.84,Apple Pay,Online
TXN-0100333,2026-08-22,DXB-001,Dubai,CUST-03395,P013,USB Drive,Accessories,1,45.32,15,45.32,6.8,38.53,Cash,Store
TXN-0100342,2026-08-22,DXB-002,Dubai,CUST-02141,P007,Office Chair,Furniture,3,540.1,10,1620.29,162.03,1458.26,Cash,Store
TXN-0100383,2026-08-22,DXB-001,Dubai,CUST-06854,P006,Mouse,Accessories,1,105.38,5,105.38,5.27,100.11,Bank Transfer,Store
TXN-0100410,2026-08-22,DXB-003,Dubai,CUST-05209,P015,Tablet,Electronics,1,1208.96,10,1208.96,120.9,1088.07,Card,Store
TXN-0100473,2026-08-22,DXB-003,Dubai,CUST-04390,P015,Tablet,Electronics,1,1286.07,10,1286.07,128.61,1157.47,Card,Store
TXN-0100482,2026-08-22,DXB-005,Dubai,CUST-01467,P014,Power Bank,Electronics,1,145.95,10,145.95,14.59,131.35,Cash,Online
TXN-0100519,2026-08-22,DXB-002,Dubai,CUST-00286,P006,Mouse,Accessories,1,97.58,20,97.58,19.52,78.07,Apple Pay,Online
TXN-0100666,2026-08-22,DXB-001,Dubai,CUST-07058,P002,Smartphone,Electronics,1,1677.67,5,1677.67,83.88,1593.79,Card,Online
TXN-0100688,2026-08-22,DXB-005,Dubai,CUST-04263,P005,Keyboard,Accessories,1,174.15,15,174.15,26.12,148.03,Cash,Online
TXN-0100792,2026-08-22,DXB-004,Dubai,CUST-05722,P002,Smartphone,Electronics,1,1699.12,0,1699.12,0.0,1699.12,Card,Store
TXN-0100861,2026-08-22,DXB-005,Dubai,CUST-02612,P003,Headphones,Electronics,1,358.78,5,358.78,17.94,340.84,Apple Pay,Online
TXN-0100892,2026-08-22,DXB-003,Dubai,CUST-06846,P013,USB Drive,Accessories,2,42.59,0,85.17,0.0,85.17,Card,Store
TXN-0100911,2026-08-22,DXB-003,Dubai,CUST-06907,P002,Smartphone,Electronics,3,1829.81,0,5489.43,0.0,5489.43,Cash,Online
TXN-0101023,2026-08-22,DXB-003,Dubai,CUST-06539,P002,Smartphone,Electronics,4,1844.93,10,7379.74,737.97,6641.76,Apple Pay,Store
TXN-0101089,2026-08-22,DXB-001,Dubai,CUST-03423,P014,Power Bank,Electronics,1,165.2,5,165.2,8.26,156.94,Bank Transfer,Online
TXN-0101097,2026-08-22,DXB-005,Dubai,CUST-01137,P003,Headphones,Electronics,1,312.43,5,312.43,15.62,296.81,Apple Pay,Online
TXN-0101116,2026-08-22,DXB-002,Dubai,CUST-02107,P008,Desk,Furniture,1,823.82,5,823.82,41.19,782.63,Card,Online
TXN-0101127,2026-08-22,DXB-001,Dubai,CUST-02438,P014,Power Bank,Electronics,3,153.55,0,460.66,0.0,460.66,Card,Store
TXN-0101376,2026-08-22,DXB-005,Dubai,CUST-02340,P003,Headphones,Electronics,1,344.71,15,344.71,51.71,293.01,Apple Pay,Online
TXN-0101387,2026-08-22,DXB-002,Dubai,CUST-06417,P012,Pen Pack,Stationery,1,14.33,10,14.33,1.43,12.9,Cash,Store
TXN-0101407,2026-08-22,DXB-001,Dubai,CUST-00001,P001,Laptop,Electronics,1,2567.58,5,2567.58,128.38,2439.2,Apple Pay,Store
TXN-0101431,2026-08-22,DXB-002,Dubai,CUST-06943,P004,Monitor,Electronics,5,874.27,5,4371.36,218.57,4152.79,Card,Online
TXN-0101500,2026-08-22,DXB-002,Dubai,CUST-00468,P008,Desk,Furniture,1,765.59,15,765.59,114.84,650.75,Cash,Store
TXN-0101669,2026-08-22,DXB-001,Dubai,CUST-02260,P008,Desk,Furniture,5,872.85,0,4364.25,0.0,4364.25,Cash,Online
TXN-0101679,2026-08-22,DXB-002,Dubai,CUST-06470,P005,Keyboard,Accessories,1,173.87,5,173.87,8.69,165.18,Apple Pay,Store
TXN-0101692,2026-08-22,DXB-003,Dubai,CUST-01626,P007,Office Chair,Furniture,3,634.11,15,1902.32,285.35,1616.97,Card,Online
TXN-0101701,2026-08-22,DXB-005,Dubai,CUST-07028,P014,Power Bank,Electronics,1,163.25,0,163.25,0.0,163.25,Card,Online
TXN-0102324,2026-08-22,DXB-001,Dubai,CUST-03418,P005,Keyboard,Accessories,1,167.05,15,167.05,25.06,142.0,Card,Store
TXN-0102417,2026-08-22,DXB-001,Dubai,CUST-00029,P013,USB Drive,Accessories,1,40.92,0,40.92,0.0,40.92,Card,Store
TXN-0102436,2026-08-22,DXB-003,Dubai,CUST-00386,P006,Mouse,Accessories,1,104.99,5,104.99,5.25,99.74,Card,Store
TXN-0102581,2026-08-22,DXB-001,Dubai,CUST-05327,P005,Keyboard,Accessories,1,175.84,20,175.84,35.17,140.67,Card,Store
TXN-0102582,2026-08-22,DXB-002,Dubai,CUST-06545,P001,Laptop,Electronics,1,2682.08,0,2682.08,0.0,2682.08,Apple Pay,Store
TXN-0102600,2026-08-22,DXB-001,Dubai,CUST-07495,P009,Backpack,Accessories,1,215.49,5,215.49,10.77,204.72,Apple Pay,Store
TXN-0102618,2026-08-22,DXB-003,Dubai,CUST-01318,P010,Printer,Office,1,688.28,5,688.28,34.41,653.87,Apple Pay,Online
TXN-0102646,2026-08-22,DXB-002,Dubai,CUST-02481,P009,Backpack,Accessories,1,229.56,0,229.56,0.0,229.56,Apple Pay,Store
TXN-0102723,2026-08-22,DXB-004,Dubai,CUST-00802,P014,Power Bank,Electronics,1,153.86,5,153.86,7.69,146.17,Card,Online
TXN-0102785,2026-08-22,DXB-005,Dubai,CUST-07836,P006,Mouse,Accessories,2,102.54,10,205.08,20.51,184.57,Cash,Store
TXN-0102795,2026-08-22,DXB-002,Dubai,CUST-01347,P003,Headphones,Electronics,2,343.31,0,686.61,0.0,686.61,Bank Transfer,Store
TXN-0102835,2026-08-22,DXB-003,Dubai,CUST-07365,P003,Headphones,Electronics,3,325.22,5,975.65,48.78,926.87,Cash,Store
TXN-0102844,2026-08-22,DXB-004,Dubai,CUST-01501,P009,Backpack,Accessories,3,213.95,20,641.85,128.37,513.48,Card,Store
TXN-0102858,2026-08-22,DXB-001,Dubai,CUST-07535,P008,Desk,Furniture,1,792.95,10,792.95,79.29,713.65,Card,Online
TXN-0102862,2026-08-22,DXB-003,Dubai,CUST-01232,P003,Headphones,Electronics,2,369.6,5,739.2,36.96,702.24,Card,Online
TXN-0103058,2026-08-22,DXB-004,Dubai,CUST-00291,P004,Monitor,Electronics,3,906.53,5,2719.58,135.98,2583.6,Apple Pay,Online
TXN-0103086,2026-08-22,DXB-005,Dubai,CUST-04165,P014,Power Bank,Electronics,1,146.6,20,146.6,29.32,117.28,Card,Online
TXN-0103117,2026-08-22,DXB-001,Dubai,CUST-03891,P002,Smartphone,Electronics,2,1709.75,10,3419.49,341.95,3077.54,Cash,Store
TXN-0103150,2026-08-22,DXB-005,Dubai,CUST-03684,P007,Office Chair,Furniture,3,587.17,5,1761.52,88.08,1673.44,Apple Pay,Store
TXN-0103161,2026-08-22,DXB-003,Dubai,CUST-07482,P002,Smartphone,Electronics,1,1889.74,0,1889.74,0.0,1889.74,Cash,Store
TXN-0103215,2026-08-22,DXB-005,Dubai,CUST-05955,P013,USB Drive,Accessories,3,48.76,20,146.28,29.26,117.02,Cash,Store
TXN-0103228,2026-08-22,DXB-005,Dubai,CUST-00137,P001,Laptop,Electronics,2,2998.89,0,5997.77,0.0,5997.77,Cash,Store
TXN-0103278,2026-08-22,DXB-003,Dubai,CUST-02127,P013,USB Drive,Accessories,1,46.39,0,46.39,0.0,46.39,Cash,Online
TXN-0103301,2026-08-22,DXB-001,Dubai,CUST-00111,P001,Laptop,Electronics,1,2970.75,0,2970.75,0.0,2970.75,Cash,Store
TXN-0103305,2026-08-22,DXB-001,Dubai,CUST-03041,P013,USB Drive,Accessories,2,44.62,5,89.24,4.46,84.78,Apple Pay,Online
TXN-0103642,2026-08-22,DXB-004,Dubai,CUST-07402,P010,Printer,Office,1,721.02,15,721.02,108.15,612.86,Card,Store
TXN-0103668,2026-08-22,DXB-001,Dubai,CUST-03692,P004,Monitor,Electronics,1,934.48,5,934.48,46.72,887.76,Card,Store
TXN-0103726,2026-08-22,DXB-004,Dubai,CUST-06846,P007,Office Chair,Furniture,2,603.95,15,1207.9,181.18,1026.71,Card,Online
TXN-0103741,2026-08-22,DXB-005,Dubai,CUST-06914,P002,Smartphone,Electronics,4,2059.24,5,8236.98,411.85,7825.13,Cash,Store
TXN-0103761,2026-08-22,DXB-004,Dubai,CUST-07000,P014,Power Bank,Electronics,1,137.96,5,137.96,6.9,131.06,Apple Pay,Store
TXN-0103878,2026-08-22,DXB-001,Dubai,CUST-01177,P009,Backpack,Accessories,3,223.71,10,671.12,67.11,604.01,Bank Transfer,Online
TXN-0103901,2026-08-22,DXB-005,Dubai,CUST-07421,P005,Keyboard,Accessories,1,182.4,0,182.4,0.0,182.4,Cash,Store
TXN-0103999,2026-08-22,DXB-002,Dubai,CUST-01453,P006,Mouse,Accessories,1,112.75,0,112.75,0.0,112.75,Card,Store
TXN-0104014,2026-08-22,DXB-005,Dubai,CUST-04290,P015,Tablet,Electronics,2,1221.73,20,2443.45,488.69,1954.76,Card,Store
TXN-0104100,2026-08-22,DXB-001,Dubai,CUST-00231,P012,Pen Pack,Stationery,1,14.62,10,14.62,1.46,13.16,Card,Online
TXN-0104148,2026-08-22,DXB-003,Dubai,CUST-07948,P006,Mouse,Accessories,1,100.6,15,100.6,15.09,85.51,Apple Pay,Store
TXN-0104150,2026-08-22,DXB-005,Dubai,CUST-02617,P004,Monitor,Electronics,5,928.59,10,4642.95,464.3,4178.66,Card,Online
TXN-0104155,2026-08-22,DXB-005,Dubai,CUST-05500,P001,Laptop,Electronics,2,2841.67,0,5683.34,0.0,5683.34,Apple Pay,Store
TXN-0104176,2026-08-22,DXB-001,Dubai,CUST-01383,P001,Laptop,Electronics,4,3135.23,5,12540.9,627.05,11913.86,Bank Transfer,Store
TXN-0104184,2026-08-22,DXB-003,Dubai,CUST-00492,P011,Notebook,Stationery,1,24.01,15,24.01,3.6,20.41,Apple Pay,Store
TXN-0104289,2026-08-22,DXB-002,Dubai,CUST-07622,P007,Office Chair,Furniture,1,646.28,10,646.28,64.63,581.65,Card,Store
TXN-0104291,2026-08-22,DXB-004,Dubai,CUST-02817,P008,Desk,Furniture,1,863.6,5,863.6,43.18,820.42,Apple Pay,Store
TXN-0104381,2026-08-22,DXB-004,Dubai,CUST-04558,P012,Pen Pack,Stationery,1,16.17,0,16.17,0.0,16.17,Card,Store
TXN-0104449,2026-08-22,DXB-004,Dubai,CUST-07796,P007,Office Chair,Furniture,1,660.82,15,660.82,99.12,561.7,Cash,Store
TXN-0104476,2026-08-22,DXB-001,Dubai,CUST-07409,P008,Desk,Furniture,3,826.37,5,2479.12,123.96,2355.16,Card,Online
TXN-0104612,2026-08-22,DXB-005,Dubai,CUST-04222,P015,Tablet,Electronics,1,1200.18,5,1200.18,60.01,1140.17,Card,Store
TXN-0104712,2026-08-22,DXB-001,Dubai,CUST-00906,P007,Office Chair,Furniture,1,669.27,0,669.27,0.0,669.27,Card,Store
TXN-0104721,2026-08-22,DXB-005,Dubai,CUST-00611,P010,Printer,Office,1,761.53,10,761.53,76.15,685.38,Bank Transfer,Store
TXN-0104791,2026-08-22,DXB-001,Dubai,CUST-06052,P006,Mouse,Accessories,4,98.85,15,395.41,59.31,336.1,Card,Store
TXN-0104827,2026-08-22,DXB-003,Dubai,CUST-03251,P012,Pen Pack,Stationery,1,16.79,0,16.79,0.0,16.79,Card,Store
TXN-0104845,2026-08-22,DXB-004,Dubai,CUST-07659,P009,Backpack,Accessories,2,232.88,15,465.76,69.86,395.9,Cash,Store
TXN-0104876,2026-08-22,DXB-004,Dubai,CUST-00488,P004,Monitor,Electronics,3,948.52,15,2845.55,426.83,2418.72,Cash,Store
TXN-0104943,2026-08-22,DXB-002,Dubai,CUST-00954,P010,Printer,Office,1,789.36,0,789.36,0.0,789.36,Bank Transfer,Store
TXN-0105018,2026-08-22,DXB-001,Dubai,CUST-00351,P005,Keyboard,Accessories,2,191.33,0,382.65,0.0,382.65,Card,Store
TXN-0105142,2026-08-22,DXB-002,Dubai,CUST-05197,P011,Notebook,Stationery,1,23.98,10,23.98,2.4,21.58,Apple Pay,Store
TXN-0105155,2026-08-22,DXB-005,Dubai,CUST-04706,P013,USB Drive,Accessories,1,43.01,10,43.01,4.3,38.71,Bank Transfer,Store
TXN-0105190,2026-08-22,DXB-002,Dubai,CUST-03184,P002,Smartphone,Electronics,2,2066.43,0,4132.86,0.0,4132.86,Card,Store
TXN-0105323,2026-08-22,DXB-002,Dubai,CUST-06484,P013,USB Drive,Accessories,4,42.35,5,169.41,8.47,160.94,Cash,Store
TXN-0105370,2026-08-22,DXB-001,Dubai,CUST-02073,P015,Tablet,Electronics,1,1094.84,0,1094.84,0.0,1094.84,Cash,Store
TXN-0105395,2026-08-22,DXB-001,Dubai,CUST-02103,P014,Power Bank,Electronics,3,155.12,0,465.37,0.0,465.37,Apple Pay,Store
TXN-0105475,2026-08-22,DXB-002,Dubai,CUST-06623,P013,USB Drive,Accessories,2,44.69,0,89.38,0.0,89.38,Card,Store
TXN-0105521,2026-08-22,DXB-001,Dubai,CUST-03204,P005,Keyboard,Accessories,2,189.89,5,379.78,18.99,360.79,Cash,Online
TXN-0105550,2026-08-22,DXB-004,Dubai,CUST-01338,P006,Mouse,Accessories,1,103.09,0,103.09,0.0,103.09,Apple Pay,Store
TXN-0105570,2026-08-22,DXB-003,Dubai,CUST-06821,P009,Backpack,Accessories,1,234.41,0,234.41,0.0,234.41,Bank Transfer,Store
TXN-0105572,2026-08-22,DXB-005,Dubai,CUST-05664,P006,Mouse,Accessories,2,107.04,5,214.08,10.7,203.38,Card,Store
TXN-0105662,2026-08-22,DXB-001,Dubai,CUST-06407,P002,Smartphone,Electronics,1,1750.31,5,1750.31,87.52,1662.79,Cash,Store
TXN-0105786,2026-08-22,DXB-003,Dubai,CUST-03045,P006,Mouse,Accessories,5,95.22,0,476.11,0.0,476.11,Card,Store
TXN-0105861,2026-08-22,DXB-001,Dubai,CUST-07066,P003,Headphones,Electronics,2,342.61,15,685.21,102.78,582.43,Card,Online
TXN-0105869,2026-08-22,DXB-002,Dubai,CUST-02949,P007,Office Chair,Furniture,2,605.28,10,1210.55,121.06,1089.5,Apple Pay,Store
TXN-0105941,2026-08-22,DXB-003,Dubai,CUST-01370,P006,Mouse,Accessories,2,104.98,20,209.97,41.99,167.97,Card,Store
TXN-0105997,2026-08-22,DXB-004,Dubai,CUST-00003,P013,USB Drive,Accessories,3,45.45,5,136.35,6.82,129.53,Cash,Store
TXN-0106004,2026-08-22,DXB-005,Dubai,CUST-06002,P005,Keyboard,Accessories,1,182.84,5,182.84,9.14,173.7,Bank Transfer,Online
TXN-0106027,2026-08-22,DXB-003,Dubai,CUST-07686,P005,Keyboard,Accessories,1,184.6,5,184.6,9.23,175.37,Apple Pay,Store
TXN-0106050,2026-08-22,DXB-001,Dubai,CUST-03828,P007,Office Chair,Furniture,1,662.35,10,662.35,66.23,596.11,Apple Pay,Store
TXN-0106108,2026-08-22,DXB-003,Dubai,CUST-02089,P001,Laptop,Electronics,2,3065.04,0,6130.09,0.0,6130.09,Card,Store
TXN-0106139,2026-08-22,DXB-001,Dubai,CUST-06626,P001,Laptop,Electronics,1,2707.21,0,2707.21,0.0,2707.21,Card,Store
TXN-0106188,2026-08-22,DXB-005,Dubai,CUST-01954,P011,Notebook,Stationery,1,25.81,10,25.81,2.58,23.23,Card,Store
TXN-0106239,2026-08-22,DXB-001,Dubai,CUST-00654,P008,Desk,Furniture,1,841.36,0,841.36,0.0,841.36,Apple Pay,Online
TXN-0106254,2026-08-22,DXB-003,Dubai,CUST-04952,P008,Desk,Furniture,2,809.26,10,1618.53,161.85,1456.67,Card,Store
TXN-0106301,2026-08-22,DXB-002,Dubai,CUST-03324,P004,Monitor,Electronics,3,888.21,5,2664.62,133.23,2531.39,Card,Store
TXN-0106333,2026-08-22,DXB-005,Dubai,CUST-01968,P006,Mouse,Accessories,3,93.84,0,281.52,0.0,281.52,Card,Online
TXN-0106348,2026-08-22,DXB-003,Dubai,CUST-03635,P012,Pen Pack,Stationery,1,13.82,15,13.82,2.07,11.75,Card,Store
TXN-0106471,2026-08-22,DXB-003,Dubai,CUST-06936,P009,Backpack,Accessories,1,228.14,5,228.14,11.41,216.73,Card,Store
TXN-0106473,2026-08-22,DXB-001,Dubai,CUST-05527,P007,Office Chair,Furniture,1,635.84,5,635.84,31.79,604.05,Cash,Store
TXN-0106476,2026-08-22,DXB-002,Dubai,CUST-00943,P009,Backpack,Accessories,3,233.43,10,700.28,70.03,630.25,Card,Store
TXN-0106547,2026-08-22,DXB-001,Dubai,CUST-04175,P012,Pen Pack,Stationery,2,15.79,0,31.58,0.0,31.58,Card,Store
TXN-0106709,2026-08-22,DXB-003,Dubai,CUST-05027,P004,Monitor,Electronics,1,834.43,10,834.43,83.44,750.99,Card,Store
TXN-0106765,2026-08-22,DXB-002,Dubai,CUST-02834,P012,Pen Pack,Stationery,1,15.34,5,15.34,0.77,14.58,Bank Transfer,Store
TXN-0106836,2026-08-22,DXB-001,Dubai,CUST-02580,P014,Power Bank,Electronics,1,140.66,10,140.66,14.07,126.6,Card,Store
TXN-0106886,2026-08-22,DXB-001,Dubai,CUST-01869,P011,Notebook,Stationery,5,23.42,0,117.1,0.0,117.1,Card,Store
TXN-0106891,2026-08-22,DXB-003,Dubai,CUST-00565,P006,Mouse,Accessories,1,102.81,10,102.81,10.28,92.53,Card,Store
TXN-0106932,2026-08-22,DXB-003,Dubai,CUST-06150,P010,Printer,Office,4,747.38,10,2989.52,298.95,2690.57,Card,Store
TXN-0106968,2026-08-22,DXB-001,Dubai,CUST-04044,P001,Laptop,Electronics,1,2916.73,10,2916.73,291.67,2625.05,Apple Pay,Store
TXN-0106984,2026-08-22,DXB-002,Dubai,CUST-04954,P002,Smartphone,Electronics,1,1866.56,5,1866.56,93.33,1773.23,Card,Store
TXN-0107034,2026-08-22,DXB-004,Dubai,CUST-01164,P015,Tablet,Electronics,4,1230.93,5,4923.71,246.19,4677.52,Apple Pay,Online
TXN-0107232,2026-08-22,DXB-002,Dubai,CUST-04578,P001,Laptop,Electronics,4,2655.27,5,10621.07,531.05,10090.01,Card,Online
TXN-0107289,2026-08-22,DXB-001,Dubai,CUST-04977,P007,Office Chair,Furniture,3,664.27,15,1992.8,298.92,1693.88,Card,Store
TXN-0107294,2026-08-22,DXB-005,Dubai,CUST-02958,P015,Tablet,Electronics,1,1169.37,0,1169.37,0.0,1169.37,Card,Store
TXN-0107376,2026-08-22,DXB-002,Dubai,CUST-04746,P014,Power Bank,Electronics,2,147.99,15,295.99,44.4,251.59,Apple Pay,Store
TXN-0107476,2026-08-22,DXB-004,Dubai,CUST-02015,P005,Keyboard,Accessories,3,177.55,5,532.65,26.63,506.02,Card,Store
TXN-0107495,2026-08-22,DXB-003,Dubai,CUST-00291,P008,Desk,Furniture,1,800.13,10,800.13,80.01,720.11,Apple Pay,Store
TXN-0107625,2026-08-22,DXB-002,Dubai,CUST-01799,P003,Headphones,Electronics,1,331.34,0,331.34,0.0,331.34,Card,Online
TXN-0107666,2026-08-22,DXB-003,Dubai,CUST-06675,P014,Power Bank,Electronics,1,142.25,5,142.25,7.11,135.14,Cash,Store
TXN-0107736,2026-08-22,DXB-001,Dubai,CUST-06938,P008,Desk,Furniture,1,859.06,10,859.06,85.91,773.15,Cash,Online
TXN-0107780,2026-08-22,DXB-004,Dubai,CUST-00494,P001,Laptop,Electronics,1,2783.84,5,2783.84,139.19,2644.65,Card,Store
TXN-0107859,2026-08-22,DXB-002,Dubai,CUST-06336,P007,Office Chair,Furniture,1,643.8,15,643.8,96.57,547.23,Card,Store
TXN-0107885,2026-08-22,DXB-001,Dubai,CUST-01694,P014,Power Bank,Electronics,1,159.45,15,159.45,23.92,135.54,Apple Pay,Store
TXN-0107933,2026-08-22,DXB-005,Dubai,CUST-01706,P001,Laptop,Electronics,2,2890.57,5,5781.14,289.06,5492.08,Card,Store
TXN-0107958,2026-08-22,DXB-003,Dubai,CUST-04054,P001,Laptop,Electronics,3,2767.18,5,8301.53,415.08,7886.46,Cash,Store
TXN-0108003,2026-08-22,DXB-004,Dubai,CUST-01729,P013,USB Drive,Accessories,1,45.94,0,45.94,0.0,45.94,Cash,Store
TXN-0108059,2026-08-22,DXB-001,Dubai,CUST-06566,P010,Printer,Office,2,655.21,0,1310.42,0.0,1310.42,Card,Online
TXN-0108064,2026-08-22,DXB-001,Dubai,CUST-03964,P010,Printer,Office,2,696.7,0,1393.39,0.0,1393.39,Apple Pay,Store
TXN-0108066,2026-08-22,DXB-002,Dubai,CUST-03438,P012,Pen Pack,Stationery,2,15.09,0,30.19,0.0,30.19,Apple Pay,Store
TXN-0108069,2026-08-22,DXB-001,Dubai,CUST-04885,P007,Office Chair,Furniture,3,592.12,5,1776.35,88.82,1687.53,Bank Transfer,Store
TXN-0108105,2026-08-22,DXB-001,Dubai,CUST-05729,P005,Keyboard,Accessories,1,181.26,15,181.26,27.19,154.07,Bank Transfer,Online
TXN-0108170,2026-08-22,DXB-003,Dubai,CUST-01666,P012,Pen Pack,Stationery,3,14.83,20,44.49,8.9,35.59,Cash,Store
TXN-0108187,2026-08-22,DXB-004,Dubai,CUST-05841,P006,Mouse,Accessories,2,94.81,10,189.63,18.96,170.67,Bank Transfer,Store
TXN-0108201,2026-08-22,DXB-005,Dubai,CUST-06918,P007,Office Chair,Furniture,1,673.44,0,673.44,0.0,673.44,Cash,Store
TXN-0108276,2026-08-22,DXB-005,Dubai,CUST-07931,P014,Power Bank,Electronics,2,142.32,20,284.65,56.93,227.72,Cash,Store
TXN-0108326,2026-08-22,DXB-002,Dubai,CUST-07475,P008,Desk,Furniture,4,780.72,0,3122.89,0.0,3122.89,Card,Store
TXN-0108356,2026-08-22,DXB-003,Dubai,CUST-02838,P007,Office Chair,Furniture,3,686.58,0,2059.75,0.0,2059.75,Card,Store
TXN-0108398,2026-08-22,DXB-002,Dubai,CUST-00121,P001,Laptop,Electronics,5,2818.3,0,14091.5,0.0,14091.5,Card,Store
TXN-0108450,2026-08-22,DXB-003,Dubai,CUST-06919,P005,Keyboard,Accessories,2,176.95,15,353.9,53.08,300.81,Card,Store
TXN-0108470,2026-08-22,DXB-004,Dubai,CUST-01163,P001,Laptop,Electronics,1,2745.52,0,2745.52,0.0,2745.52,Cash,Store
TXN-0108574,2026-08-22,DXB-002,Dubai,CUST-01915,P012,Pen Pack,Stationery,3,14.17,0,42.5,0.0,42.5,Apple Pay,Store
TXN-0108650,2026-08-22,DXB-001,Dubai,CUST-06667,P007,Office Chair,Furniture,1,732.32,10,732.32,73.23,659.09,Card,Store
TXN-0108712,2026-08-22,DXB-003,Dubai,CUST-04963,P014,Power Bank,Electronics,1,159.45,0,159.45,0.0,159.45,Card,Store
TXN-0108751,2026-08-22,DXB-004,Dubai,CUST-03307,P003,Headphones,Electronics,1,350.67,5,350.67,17.53,333.14,Card,Store
TXN-0108764,2026-08-22,DXB-002,Dubai,CUST-03888,P005,Keyboard,Accessories,2,164.06,5,328.13,16.41,311.72,Apple Pay,Online
TXN-0108787,2026-08-22,DXB-001,Dubai,CUST-01166,P007,Office Chair,Furniture,6,658.09,5,3948.52,197.43,3751.09,Card,Store
TXN-0108831,2026-08-22,DXB-005,Dubai,CUST-03695,P014,Power Bank,Electronics,1,149.77,10,149.77,14.98,134.79,Bank Transfer,Store
TXN-0108877,2026-08-22,DXB-005,Dubai,CUST-01937,P001,Laptop,Electronics,1,2990.07,0,2990.07,0.0,2990.07,Bank Transfer,Store
TXN-0108878,2026-08-22,DXB-003,Dubai,CUST-06300,P001,Laptop,Electronics,1,2770.06,10,2770.06,277.01,2493.06,Card,Store
TXN-0108976,2026-08-22,DXB-004,Dubai,CUST-03563,P015,Tablet,Electronics,3,1256.61,10,3769.84,376.98,3392.86,Card,Store
TXN-0109046,2026-08-22,DXB-001,Dubai,CUST-01602,P009,Backpack,Accessories,1,222.58,10,222.58,22.26,200.32,Apple Pay,Online
TXN-0109113,2026-08-22,DXB-001,Dubai,CUST-05546,P003,Headphones,Electronics,6,311.33,0,1867.96,0.0,1867.96,Card,Online
TXN-0109306,2026-08-22,DXB-001,Dubai,CUST-06035,P005,Keyboard,Accessories,1,170.63,15,170.63,25.59,145.04,Cash,Store
TXN-0109339,2026-08-22,DXB-005,Dubai,CUST-04305,P003,Headphones,Electronics,2,378.47,5,756.95,37.85,719.1,Cash,Online
TXN-0109350,2026-08-22,DXB-001,Dubai,CUST-06388,P009,Backpack,Accessories,3,232.64,10,697.91,69.79,628.12,Apple Pay,Store
TXN-0109403,2026-08-22,DXB-002,Dubai,CUST-05617,P011,Notebook,Stationery,4,24.56,0,98.23,0.0,98.23,Card,Online
TXN-0109447,2026-08-22,DXB-003,Dubai,CUST-04210,P015,Tablet,Electronics,1,1234.31,20,1234.31,246.86,987.45,Apple Pay,Store
TXN-0109462,2026-08-22,DXB-001,Dubai,CUST-03860,P009,Backpack,Accessories,5,221.98,0,1109.91,0.0,1109.91,Cash,Online
TXN-0109479,2026-08-22,DXB-004,Dubai,CUST-06782,P009,Backpack,Accessories,1,226.96,5,226.96,11.35,215.61,Card,Store
TXN-0109489,2026-08-22,DXB-003,Dubai,CUST-04801,P003,Headphones,Electronics,1,344.59,0,344.59,0.0,344.59,Card,Store
TXN-0109551,2026-08-22,DXB-001,Dubai,CUST-07101,P011,Notebook,Stationery,1,25.34,10,25.34,2.53,22.81,Cash,Online
TXN-0109662,2026-08-22,DXB-001,Dubai,CUST-02038,P002,Smartphone,Electronics,1,1758.27,15,1758.27,263.74,1494.53,Card,Store
TXN-0109716,2026-08-22,DXB-004,Dubai,CUST-05533,P015,Tablet,Electronics,1,1104.51,10,1104.51,110.45,994.06,Bank Transfer,Store
TXN-0109764,2026-08-22,DXB-004,Dubai,CUST-03121,P006,Mouse,Accessories,3,97.69,5,293.08,14.65,278.43,Apple Pay,Online
TXN-0109784,2026-08-22,DXB-004,Dubai,CUST-05061,P007,Office Chair,Furniture,1,707.59,10,707.59,70.76,636.83,Cash,Online
TXN-0109822,2026-08-22,DXB-004,Dubai,CUST-05844,P006,Mouse,Accessories,3,99.27,5,297.82,14.89,282.93,Cash,Online
TXN-0109942,2026-08-22,DXB-001,Dubai,CUST-07847,P005,Keyboard,Accessories,3,191.27,0,573.81,0.0,573.81,Card,Store
TXN-0109957,2026-08-22,DXB-003,Dubai,CUST-01662,P006,Mouse,Accessories,1,102.4,10,102.4,10.24,92.16,Cash,Store
TXN-0109973,2026-08-22,DXB-005,Dubai,CUST-06437,P009,Backpack,Accessories,1,223.96,15,223.96,33.59,190.37,Card,Store
TXN-0109995,2026-08-22,DXB-001,Dubai,CUST-04437,P010,Printer,Office,2,738.39,10,1476.79,147.68,1329.11,Card,Store
TXN-0110028,2026-08-22,DXB-002,Dubai,CUST-03074,P004,Monitor,Electronics,1,871.91,15,871.91,130.79,741.12,Apple Pay,Store
TXN-0110115,2026-08-22,DXB-003,Dubai,CUST-04633,P009,Backpack,Accessories,2,232.9,0,465.81,0.0,465.81,Card,Store
TXN-0110283,2026-08-22,DXB-004,Dubai,CUST-02673,P011,Notebook,Stationery,1,25.21,10,25.21,2.52,22.69,Card,Store
TXN-0110324,2026-08-22,DXB-001,Dubai,CUST-04791,P010,Printer,Office,1,725.27,10,725.27,72.53,652.74,Card,Store
TXN-0110349,2026-08-22,DXB-001,Dubai,CUST-03223,P014,Power Bank,Electronics,1,144.74,0,144.74,0.0,144.74,Apple Pay,Store
TXN-0110373,2026-08-22,DXB-004,Dubai,CUST-04461,P009,Backpack,Accessories,6,232.35,0,1394.09,0.0,1394.09,Card,Store
TXN-0110421,2026-08-22,DXB-003,Dubai,CUST-07537,P005,Keyboard,Accessories,5,179.98,0,899.88,0.0,899.88,Card,Store
TXN-0110459,2026-08-22,DXB-004,Dubai,CUST-06290,P012,Pen Pack,Stationery,2,17.03,10,34.06,3.41,30.65,Card,Online
TXN-0110485,2026-08-22,DXB-005,Dubai,CUST-00552,P006,Mouse,Accessories,2,100.8,15,201.61,30.24,171.37,Apple Pay,Store
TXN-0110635,2026-08-22,DXB-005,Dubai,CUST-05641,P002,Smartphone,Electronics,1,1878.55,0,1878.55,0.0,1878.55,Cash,Store
TXN-0110727,2026-08-22,DXB-005,Dubai,CUST-06696,P003,Headphones,Electronics,1,369.22,10,369.22,36.92,332.3,Apple Pay,Store
TXN-0110792,2026-08-22,DXB-004,Dubai,CUST-03898,P007,Office Chair,Furniture,3,590.34,0,1771.02,0.0,1771.02,Bank Transfer,Store
TXN-0110793,2026-08-22,DXB-002,Dubai,CUST-03911,P014,Power Bank,Electronics,3,140.48,0,421.43,0.0,421.43,Card,Store
TXN-0111052,2026-08-22,DXB-001,Dubai,CUST-07525,P008,Desk,Furniture,1,818.87,0,818.87,0.0,818.87,Apple Pay,Store
TXN-0111071,2026-08-22,DXB-002,Dubai,CUST-05509,P003,Headphones,Electronics,1,334.77,10,334.77,33.48,301.3,Card,Store
TXN-0111087,2026-08-22,DXB-005,Dubai,CUST-01509,P003,Headphones,Electronics,1,332.6,0,332.6,0.0,332.6,Cash,Store
TXN-0111133,2026-08-22,DXB-002,Dubai,CUST-03744,P003,Headphones,Electronics,1,329.88,5,329.88,16.49,313.39,Apple Pay,Store
TXN-0111180,2026-08-22,DXB-001,Dubai,CUST-03648,P011,Notebook,Stationery,1,23.96,5,23.96,1.2,22.77,Card,Online
TXN-0111186,2026-08-22,DXB-002,Dubai,CUST-07846,P009,Backpack,Accessories,1,199.89,10,199.89,19.99,179.9,Card,Store
TXN-0111226,2026-08-22,DXB-002,Dubai,CUST-03861,P006,Mouse,Accessories,1,106.28,5,106.28,5.31,100.96,Apple Pay,Store
TXN-0111296,2026-08-22,DXB-003,Dubai,CUST-00615,P002,Smartphone,Electronics,1,1817.16,10,1817.16,181.72,1635.45,Card,Online
TXN-0111321,2026-08-22,DXB-005,Dubai,CUST-07686,P007,Office Chair,Furniture,1,653.02,0,653.02,0.0,653.02,Card,Store
TXN-0111359,2026-08-22,DXB-003,Dubai,CUST-05362,P010,Printer,Office,2,728.77,10,1457.54,145.75,1311.78,Card,Store
TXN-0111360,2026-08-22,DXB-001,Dubai,CUST-01575,P001,Laptop,Electronics,2,2840.42,10,5680.85,568.08,5112.76,Cash,Online
TXN-0111387,2026-08-22,DXB-004,Dubai,CUST-04575,P010,Printer,Office,1,637.52,5,637.52,31.88,605.64,Card,Online
TXN-0111475,2026-08-22,DXB-002,Dubai,CUST-05251,P014,Power Bank,Electronics,1,140.72,0,140.72,0.0,140.72,Card,Online
TXN-0111538,2026-08-22,DXB-001,Dubai,CUST-07066,P010,Printer,Office,3,719.83,0,2159.49,0.0,2159.49,Apple Pay,Store
TXN-0111700,2026-08-22,DXB-004,Dubai,CUST-02958,P005,Keyboard,Accessories,3,162.88,5,488.63,24.43,464.2,Card,Store
TXN-0111749,2026-08-22,DXB-005,Dubai,CUST-02987,P001,Laptop,Electronics,1,2782.74,0,2782.74,0.0,2782.74,Apple Pay,Store
TXN-0111840,2026-08-22,DXB-003,Dubai,CUST-05847,P006,Mouse,Accessories,1,100.51,0,100.51,0.0,100.51,Card,Store
TXN-0111914,2026-08-22,DXB-005,Dubai,CUST-04039,P006,Mouse,Accessories,1,106.22,10,106.22,10.62,95.6,Cash,Store
TXN-0111940,2026-08-22,DXB-002,Dubai,CUST-04292,P008,Desk,Furniture,2,898.38,0,1796.76,0.0,1796.76,Cash,Store
TXN-0111999,2026-08-22,DXB-001,Dubai,CUST-01563,P011,Notebook,Stationery,1,26.58,0,26.58,0.0,26.58,Card,Store
TXN-0112117,2026-08-22,DXB-004,Dubai,CUST-07744,P002,Smartphone,Electronics,1,1743.02,10,1743.02,174.3,1568.72,Cash,Store
TXN-0112156,2026-08-22,DXB-004,Dubai,CUST-03822,P005,Keyboard,Accessories,3,186.44,10,559.32,55.93,503.39,Bank Transfer,Store
TXN-0112168,2026-08-22,DXB-002,Dubai,CUST-00031,P008,Desk,Furniture,2,768.48,15,1536.96,230.54,1306.42,Apple Pay,Store
TXN-0112179,2026-08-22,DXB-003,Dubai,CUST-00704,P002,Smartphone,Electronics,1,1729.29,15,1729.29,259.39,1469.9,Cash,Online
TXN-0112238,2026-08-22,DXB-004,Dubai,CUST-05515,P005,Keyboard,Accessories,1,171.2,5,171.2,8.56,162.64,Cash,Store
TXN-0112260,2026-08-22,DXB-001,Dubai,CUST-03056,P013,USB Drive,Accessories,1,48.38,5,48.38,2.42,45.96,Cash,Store
TXN-0112284,2026-08-22,DXB-001,Dubai,CUST-07430,P005,Keyboard,Accessories,1,172.04,10,172.04,17.2,154.83,Card,Store
TXN-0112370,2026-08-22,DXB-004,Dubai,CUST-01658,P004,Monitor,Electronics,2,841.9,0,1683.79,0.0,1683.79,Card,Online
TXN-0112505,2026-08-22,DXB-001,Dubai,CUST-00950,P014,Power Bank,Electronics,1,165.48,0,165.48,0.0,165.48,Cash,Online
TXN-0112697,2026-08-22,DXB-002,Dubai,CUST-00138,P013,USB Drive,Accessories,1,41.41,0,41.41,0.0,41.41,Apple Pay,Store
TXN-0112736,2026-08-22,DXB-005,Dubai,CUST-03100,P003,Headphones,Electronics,4,347.86,0,1391.46,0.0,1391.46,Bank Transfer,Store
TXN-0112759,2026-08-22,DXB-002,Dubai,CUST-00138,P015,Tablet,Electronics,2,1186.9,10,2373.81,237.38,2136.43,Apple Pay,Online
TXN-0112828,2026-08-22,DXB-003,Dubai,CUST-04453,P005,Keyboard,Accessories,5,180.35,10,901.75,90.18,811.58,Card,Store
TXN-0113007,2026-08-22,DXB-002,Dubai,CUST-05152,P004,Monitor,Electronics,1,895.82,5,895.82,44.79,851.03,Cash,Online
TXN-0113013,2026-08-22,DXB-005,Dubai,CUST-03360,P004,Monitor,Electronics,1,989.32,5,989.32,49.47,939.86,Card,Online
TXN-0113135,2026-08-22,DXB-004,Dubai,CUST-06262,P002,Smartphone,Electronics,2,1849.08,20,3698.15,739.63,2958.52,Card,Store
TXN-0113155,2026-08-22,DXB-004,Dubai,CUST-07500,P004,Monitor,Electronics,2,846.06,0,1692.12,0.0,1692.12,Cash,Store
TXN-0113160,2026-08-22,DXB-003,Dubai,CUST-07612,P013,USB Drive,Accessories,1,43.67,5,43.67,2.18,41.48,Card,Store
TXN-0113249,2026-08-22,DXB-003,Dubai,CUST-03169,P001,Laptop,Electronics,2,2770.04,0,5540.08,0.0,5540.08,Card,Store
TXN-0113252,2026-08-22,DXB-002,Dubai,CUST-00262,P001,Laptop,Electronics,1,2903.59,0,2903.59,0.0,2903.59,Apple Pay,Store
TXN-0113469,2026-08-22,DXB-001,Dubai,CUST-00495,P007,Office Chair,Furniture,1,608.45,20,608.45,121.69,486.76,Bank Transfer,Store
TXN-0113488,2026-08-22,DXB-004,Dubai,CUST-06062,P004,Monitor,Electronics,3,914.79,0,2744.36,0.0,2744.36,Card,Online
TXN-0113570,2026-08-22,DXB-005,Dubai,CUST-07932,P010,Printer,Office,4,688.65,10,2754.6,275.46,2479.14,Card,Online
TXN-0113575,2026-08-22,DXB-003,Dubai,CUST-02200,P014,Power Bank,Electronics,2,150.86,15,301.72,45.26,256.46,Card,Store
TXN-0113599,2026-08-22,DXB-003,Dubai,CUST-02483,P011,Notebook,Stationery,1,25.42,0,25.42,0.0,25.42,Cash,Store
TXN-0113606,2026-08-22,DXB-002,Dubai,CUST-06065,P014,Power Bank,Electronics,5,150.14,0,750.68,0.0,750.68,Apple Pay,Store
TXN-0113744,2026-08-22,DXB-003,Dubai,CUST-01544,P003,Headphones,Electronics,2,342.97,15,685.94,102.89,583.05,Card,Store
TXN-0113807,2026-08-22,DXB-004,Dubai,CUST-05177,P011,Notebook,Stationery,5,22.69,10,113.43,11.34,102.08,Cash,Store
TXN-0113811,2026-08-22,DXB-001,Dubai,CUST-00073,P009,Backpack,Accessories,3,212.3,5,636.89,31.84,605.05,Card,Store
TXN-0113828,2026-08-22,DXB-002,Dubai,CUST-02091,P004,Monitor,Electronics,2,906.38,0,1812.77,0.0,1812.77,Card,Store
TXN-0113911,2026-08-22,DXB-002,Dubai,CUST-01782,P003,Headphones,Electronics,2,323.79,10,647.59,64.76,582.83,Card,Store
TXN-0113936,2026-08-22,DXB-002,Dubai,CUST-06074,P002,Smartphone,Electronics,2,1865.39,0,3730.77,0.0,3730.77,Bank Transfer,Store
TXN-0114009,2026-08-22,DXB-001,Dubai,CUST-07065,P002,Smartphone,Electronics,1,1944.57,5,1944.57,97.23,1847.34,Cash,Online
TXN-0114024,2026-08-22,DXB-002,Dubai,CUST-02486,P006,Mouse,Accessories,2,106.18,10,212.35,21.24,191.12,Cash,Store
TXN-0114061,2026-08-22,DXB-002,Dubai,CUST-07657,P002,Smartphone,Electronics,1,1861.08,15,1861.08,279.16,1581.91,Card,Online
TXN-0114124,2026-08-22,DXB-003,Dubai,CUST-07101,P008,Desk,Furniture,1,798.49,0,798.49,0.0,798.49,Apple Pay,Store
TXN-0114151,2026-08-22,DXB-004,Dubai,CUST-01983,P008,Desk,Furniture,1,731.57,5,731.57,36.58,694.99,Card,Store
TXN-0114213,2026-08-22,DXB-002,Dubai,CUST-07119,P013,USB Drive,Accessories,6,39.22,0,235.3,0.0,235.3,Apple Pay,Store
TXN-0114360,2026-08-22,DXB-001,Dubai,CUST-07449,P012,Pen Pack,Stationery,1,14.31,10,14.31,1.43,12.88,Card,Store
TXN-0114378,2026-08-22,DXB-004,Dubai,CUST-02124,P003,Headphones,Electronics,1,354.54,15,354.54,53.18,301.36,Card,Store
TXN-0114391,2026-08-22,DXB-001,Dubai,CUST-00821,P009,Backpack,Accessories,2,206.97,10,413.95,41.39,372.55,Apple Pay,Store
TXN-0114396,2026-08-22,DXB-004,Dubai,CUST-01979,P010,Printer,Office,1,691.0,10,691.0,69.1,621.9,Card,Online
TXN-0114486,2026-08-22,DXB-004,Dubai,CUST-06226,P010,Printer,Office,3,668.88,0,2006.65,0.0,2006.65,Card,Store
TXN-0114499,2026-08-22,DXB-004,Dubai,CUST-02477,P013,USB Drive,Accessories,3,38.95,0,116.86,0.0,116.86,Card,Store
TXN-0114528,2026-08-22,DXB-005,Dubai,CUST-00351,P002,Smartphone,Electronics,1,1709.57,0,1709.57,0.0,1709.57,Card,Store
TXN-0114530,2026-08-22,DXB-001,Dubai,CUST-06507,P015,Tablet,Electronics,1,1055.16,0,1055.16,0.0,1055.16,Card,Store
TXN-0114538,2026-08-22,DXB-003,Dubai,CUST-00755,P010,Printer,Office,1,739.0,15,739.0,110.85,628.15,Apple Pay,Store
TXN-0114558,2026-08-22,DXB-003,Dubai,CUST-06819,P003,Headphones,Electronics,1,328.85,10,328.85,32.88,295.96,Card,Store
TXN-0114575,2026-08-22,DXB-005,Dubai,CUST-03618,P011,Notebook,Stationery,1,24.7,10,24.7,2.47,22.23,Card,Online
TXN-0114595,2026-08-22,DXB-003,Dubai,CUST-03890,P008,Desk,Furniture,4,766.76,20,3067.02,613.4,2453.62,Cash,Store
TXN-0114733,2026-08-22,DXB-003,Dubai,CUST-04566,P009,Backpack,Accessories,3,211.02,0,633.05,0.0,633.05,Cash,Store
TXN-0114839,2026-08-22,DXB-003,Dubai,CUST-01814,P015,Tablet,Electronics,2,1273.94,5,2547.88,127.39,2420.48,Apple Pay,Online
TXN-0114870,2026-08-22,DXB-004,Dubai,CUST-00180,P001,Laptop,Electronics,1,2652.15,15,2652.15,397.82,2254.33,Card,Store
TXN-0114891,2026-08-22,DXB-002,Dubai,CUST-01830,P003,Headphones,Electronics,1,317.97,5,317.97,15.9,302.07,Card,Store
TXN-0114930,2026-08-22,DXB-002,Dubai,CUST-03909,P003,Headphones,Electronics,3,354.02,0,1062.06,0.0,1062.06,Card,Store
TXN-0114932,2026-08-22,DXB-005,Dubai,CUST-01709,P002,Smartphone,Electronics,1,1675.2,0,1675.2,0.0,1675.2,Card,Store
TXN-0114998,2026-08-22,DXB-004,Dubai,CUST-01881,P004,Monitor,Electronics,1,966.49,15,966.49,144.97,821.52,Cash,Online
TXN-0115021,2026-08-22,DXB-001,Dubai,CUST-07588,P012,Pen Pack,Stationery,5,14.54,0,72.69,0.0,72.69,Apple Pay,Online
TXN-0115089,2026-08-22,DXB-005,Dubai,CUST-00064,P009,Backpack,Accessories,1,233.67,15,233.67,35.05,198.62,Bank Transfer,Store
TXN-0115124,2026-08-22,DXB-002,Dubai,CUST-06132,P010,Printer,Office,4,735.12,0,2940.47,0.0,2940.47,Apple Pay,Online
TXN-0115196,2026-08-22,DXB-004,Dubai,CUST-07523,P007,Office Chair,Furniture,3,626.68,0,1880.03,0.0,1880.03,Card,Online
TXN-0115267,2026-08-22,DXB-005,Dubai,CUST-00830,P002,Smartphone,Electronics,1,1867.49,0,1867.49,0.0,1867.49,Card,Online
TXN-0115288,2026-08-22,DXB-005,Dubai,CUST-07546,P001,Laptop,Electronics,3,2643.26,0,7929.77,0.0,7929.77,Card,Online
TXN-0115321,2026-08-22,DXB-001,Dubai,CUST-06930,P010,Printer,Office,2,740.61,5,1481.22,74.06,1407.16,Cash,Store
TXN-0115329,2026-08-22,DXB-004,Dubai,CUST-00421,P004,Monitor,Electronics,1,893.02,10,893.02,89.3,803.71,Cash,Online
TXN-0115348,2026-08-22,DXB-001,Dubai,CUST-03340,P010,Printer,Office,4,689.16,5,2756.65,137.83,2618.82,Apple Pay,Store
TXN-0115358,2026-08-22,DXB-001,Dubai,CUST-04332,P013,USB Drive,Accessories,2,47.37,0,94.73,0.0,94.73,Card,Online
TXN-0115474,2026-08-22,DXB-001,Dubai,CUST-04717,P001,Laptop,Electronics,2,2964.27,0,5928.54,0.0,5928.54,Cash,Store
TXN-0115517,2026-08-22,DXB-001,Dubai,CUST-01137,P010,Printer,Office,3,719.44,10,2158.32,215.83,1942.48,Bank Transfer,Store
TXN-0115647,2026-08-22,DXB-003,Dubai,CUST-04516,P004,Monitor,Electronics,1,860.9,15,860.9,129.14,731.77,Apple Pay,Store
TXN-0115662,2026-08-22,DXB-001,Dubai,CUST-01188,P005,Keyboard,Accessories,3,176.86,5,530.58,26.53,504.05,Card,Store
TXN-0115745,2026-08-22,DXB-002,Dubai,CUST-02790,P015,Tablet,Electronics,2,1157.34,0,2314.67,0.0,2314.67,Bank Transfer,Store
TXN-0115772,2026-08-22,DXB-001,Dubai,CUST-06961,P002,Smartphone,Electronics,1,1805.48,15,1805.48,270.82,1534.66,Card,Store
TXN-0115778,2026-08-22,DXB-005,Dubai,CUST-07031,P001,Laptop,Electronics,1,2888.03,5,2888.03,144.4,2743.63,Card,Store
TXN-0115847,2026-08-22,DXB-003,Dubai,CUST-02710,P009,Backpack,Accessories,5,215.46,5,1077.32,53.87,1023.45,Card,Store
TXN-0115871,2026-08-22,DXB-005,Dubai,CUST-07625,P001,Laptop,Electronics,1,2968.58,0,2968.58,0.0,2968.58,Cash,Store
TXN-0116089,2026-08-22,DXB-005,Dubai,CUST-05167,P003,Headphones,Electronics,2,371.64,5,743.27,37.16,706.11,Bank Transfer,Online
TXN-0116107,2026-08-22,DXB-001,Dubai,CUST-07452,P002,Smartphone,Electronics,3,2001.65,0,6004.96,0.0,6004.96,Card,Store
TXN-0116115,2026-08-22,DXB-003,Dubai,CUST-04615,P011,Notebook,Stationery,1,26.73,0,26.73,0.0,26.73,Bank Transfer,Online
TXN-0116119,2026-08-22,DXB-003,Dubai,CUST-03592,P005,Keyboard,Accessories,3,187.06,0,561.17,0.0,561.17,Apple Pay,Store
TXN-0116201,2026-08-22,DXB-001,Dubai,CUST-04776,P007,Office Chair,Furniture,2,598.6,5,1197.21,59.86,1137.35,Card,Store
TXN-0116307,2026-08-22,DXB-001,Dubai,CUST-06501,P008,Desk,Furniture,4,845.68,15,3382.72,507.41,2875.31,Cash,Online
TXN-0116311,2026-08-22,DXB-002,Dubai,CUST-04845,P005,Keyboard,Accessories,1,176.54,0,176.54,0.0,176.54,Apple Pay,Store
TXN-0116338,2026-08-22,DXB-002,Dubai,CUST-03403,P011,Notebook,Stationery,1,25.63,15,25.63,3.84,21.79,Card,Store
TXN-0116415,2026-08-22,DXB-001,Dubai,CUST-04747,P007,Office Chair,Furniture,5,628.6,20,3142.98,628.6,2514.38,Card,Store
TXN-0116656,2026-08-22,DXB-003,Dubai,CUST-03637,P007,Office Chair,Furniture,1,641.49,5,641.49,32.07,609.41,Apple Pay,Online
TXN-0116694,2026-08-22,DXB-001,Dubai,CUST-05692,P001,Laptop,Electronics,1,2731.58,5,2731.58,136.58,2595.01,Card,Store
TXN-0116709,2026-08-22,DXB-004,Dubai,CUST-07217,P002,Smartphone,Electronics,1,1622.73,5,1622.73,81.14,1541.59,Apple Pay,Store
TXN-0116751,2026-08-22,DXB-001,Dubai,CUST-04129,P009,Backpack,Accessories,3,228.12,10,684.37,68.44,615.93,Bank Transfer,Online
TXN-0116821,2026-08-22,DXB-001,Dubai,CUST-05643,P002,Smartphone,Electronics,1,1784.91,0,1784.91,0.0,1784.91,Card,Store
TXN-0116859,2026-08-22,DXB-003,Dubai,CUST-01310,P010,Printer,Office,2,662.18,10,1324.35,132.44,1191.92,Cash,Store
TXN-0116933,2026-08-22,DXB-002,Dubai,CUST-02371,P010,Printer,Office,1,676.81,15,676.81,101.52,575.29,Card,Store
TXN-0117018,2026-08-22,DXB-005,Dubai,CUST-04774,P015,Tablet,Electronics,4,1207.33,10,4829.31,482.93,4346.38,Cash,Store
TXN-0117039,2026-08-22,DXB-002,Dubai,CUST-00768,P009,Backpack,Accessories,1,228.31,5,228.31,11.42,216.89,Apple Pay,Online
TXN-0117053,2026-08-22,DXB-005,Dubai,CUST-03083,P005,Keyboard,Accessories,1,160.18,15,160.18,24.03,136.15,Apple Pay,Store
TXN-0117056,2026-08-22,DXB-003,Dubai,CUST-01631,P003,Headphones,Electronics,1,317.27,0,317.27,0.0,317.27,Card,Store
TXN-0117085,2026-08-22,DXB-003,Dubai,CUST-03577,P002,Smartphone,Electronics,1,1694.25,10,1694.25,169.43,1524.83,Cash,Online
TXN-0117094,2026-08-22,DXB-004,Dubai,CUST-00196,P007,Office Chair,Furniture,2,635.05,15,1270.1,190.52,1079.59,Card,Store
TXN-0117145,2026-08-22,DXB-003,Dubai,CUST-01930,P009,Backpack,Accessories,4,246.16,0,984.62,0.0,984.62,Cash,Store
TXN-0117197,2026-08-22,DXB-005,Dubai,CUST-05706,P008,Desk,Furniture,1,820.0,0,820.0,0.0,820.0,Cash,Store
TXN-0117229,2026-08-22,DXB-004,Dubai,CUST-04741,P004,Monitor,Electronics,2,957.9,0,1915.79,0.0,1915.79,Apple Pay,Online
TXN-0117309,2026-08-22,DXB-005,Dubai,CUST-03240,P003,Headphones,Electronics,2,372.49,5,744.98,37.25,707.73,Card,Store
TXN-0117321,2026-08-22,DXB-002,Dubai,CUST-06648,P003,Headphones,Electronics,1,327.01,20,327.01,65.4,261.61,Card,Store
TXN-0117339,2026-08-22,DXB-001,Dubai,CUST-03289,P006,Mouse,Accessories,3,99.81,0,299.42,0.0,299.42,Card,Store
TXN-0117427,2026-08-22,DXB-003,Dubai,CUST-06278,P015,Tablet,Electronics,1,1204.73,10,1204.73,120.47,1084.25,Card,Online
TXN-0117506,2026-08-22,DXB-001,Dubai,CUST-02220,P004,Monitor,Electronics,1,912.49,5,912.49,45.62,866.86,Card,Store
TXN-0117525,2026-08-22,DXB-003,Dubai,CUST-07908,P006,Mouse,Accessories,1,103.84,10,103.84,10.38,93.45,Cash,Online
TXN-0117585,2026-08-22,DXB-003,Dubai,CUST-06148,P004,Monitor,Electronics,1,874.19,10,874.19,87.42,786.77,Cash,Store
TXN-0117588,2026-08-22,DXB-003,Dubai,CUST-03120,P007,Office Chair,Furniture,1,657.34,15,657.34,98.6,558.74,Cash,Store
TXN-0117667,2026-08-22,DXB-005,Dubai,CUST-02035,P005,Keyboard,Accessories,1,173.07,10,173.07,17.31,155.76,Bank Transfer,Online
TXN-0117675,2026-08-22,DXB-002,Dubai,CUST-00764,P007,Office Chair,Furniture,3,613.64,10,1840.91,184.09,1656.82,Apple Pay,Store
TXN-0117718,2026-08-22,DXB-003,Dubai,CUST-03871,P005,Keyboard,Accessories,2,173.66,0,347.32,0.0,347.32,Card,Online
TXN-0117754,2026-08-22,DXB-003,Dubai,CUST-00034,P009,Backpack,Accessories,1,212.89,0,212.89,0.0,212.89,Cash,Online
TXN-0117782,2026-08-22,DXB-003,Dubai,CUST-03896,P008,Desk,Furniture,6,769.41,15,4616.47,692.47,3924.0,Card,Store
TXN-0117837,2026-08-22,DXB-001,Dubai,CUST-00106,P011,Notebook,Stationery,2,26.1,0,52.2,0.0,52.2,Cash,Store
TXN-0117898,2026-08-22,DXB-001,Dubai,CUST-02757,P014,Power Bank,Electronics,4,161.64,0,646.57,0.0,646.57,Card,Online
TXN-0117915,2026-08-22,DXB-005,Dubai,CUST-04452,P011,Notebook,Stationery,1,23.64,5,23.64,1.18,22.46,Card,Online
TXN-0118231,2026-08-22,DXB-003,Dubai,CUST-02296,P003,Headphones,Electronics,1,393.99,5,393.99,19.7,374.29,Cash,Store
TXN-0118284,2026-08-22,DXB-005,Dubai,CUST-05561,P004,Monitor,Electronics,1,861.05,15,861.05,129.16,731.89,Card,Online
TXN-0118369,2026-08-22,DXB-001,Dubai,CUST-06270,P013,USB Drive,Accessories,1,40.34,0,40.34,0.0,40.34,Cash,Store
TXN-0118431,2026-08-22,DXB-001,Dubai,CUST-02002,P003,Headphones,Electronics,1,367.88,10,367.88,36.79,331.09,Card,Store
TXN-0118436,2026-08-22,DXB-001,Dubai,CUST-05911,P005,Keyboard,Accessories,3,182.77,0,548.3,0.0,548.3,Card,Store
TXN-0118468,2026-08-22,DXB-004,Dubai,CUST-02695,P009,Backpack,Accessories,3,218.69,15,656.07,98.41,557.66,Card,Store
TXN-0118473,2026-08-22,DXB-001,Dubai,CUST-07504,P005,Keyboard,Accessories,1,174.08,0,174.08,0.0,174.08,Card,Store
TXN-0118482,2026-08-22,DXB-001,Dubai,CUST-03406,P008,Desk,Furniture,1,863.49,10,863.49,86.35,777.14,Apple Pay,Online
TXN-0118551,2026-08-22,DXB-004,Dubai,CUST-07432,P007,Office Chair,Furniture,4,670.17,5,2680.7,134.03,2546.66,Apple Pay,Store
TXN-0118568,2026-08-22,DXB-003,Dubai,CUST-01794,P011,Notebook,Stationery,5,23.89,10,119.45,11.94,107.5,Card,Online
TXN-0118626,2026-08-22,DXB-004,Dubai,CUST-00915,P005,Keyboard,Accessories,6,194.32,5,1165.94,58.3,1107.65,Cash,Store
TXN-0118685,2026-08-22,DXB-004,Dubai,CUST-01257,P005,Keyboard,Accessories,1,166.95,15,166.95,25.04,141.91,Cash,Online
TXN-0118713,2026-08-22,DXB-002,Dubai,CUST-00166,P006,Mouse,Accessories,1,104.64,15,104.64,15.7,88.95,Cash,Online
TXN-0118767,2026-08-22,DXB-003,Dubai,CUST-05518,P010,Printer,Office,1,784.04,10,784.04,78.4,705.64,Bank Transfer,Store
TXN-0118770,2026-08-22,DXB-001,Dubai,CUST-04425,P013,USB Drive,Accessories,1,41.15,15,41.15,6.17,34.97,Card,Store
TXN-0118808,2026-08-22,DXB-005,Dubai,CUST-05367,P011,Notebook,Stationery,2,23.32,5,46.64,2.33,44.31,Apple Pay,Online
TXN-0118817,2026-08-22,DXB-001,Dubai,CUST-05587,P014,Power Bank,Electronics,2,150.5,0,300.99,0.0,300.99,Card,Store
TXN-0118818,2026-08-22,DXB-002,Dubai,CUST-02661,P013,USB Drive,Accessories,1,50.49,5,50.49,2.52,47.97,Cash,Store
TXN-0118867,2026-08-22,DXB-002,Dubai,CUST-00099,P013,USB Drive,Accessories,1,40.3,15,40.3,6.04,34.25,Apple Pay,Store
TXN-0118880,2026-08-22,DXB-005,Dubai,CUST-00616,P006,Mouse,Accessories,1,106.29,20,106.29,21.26,85.04,Card,Store
TXN-0118881,2026-08-22,DXB-003,Dubai,CUST-02312,P007,Office Chair,Furniture,1,600.3,15,600.3,90.04,510.25,Card,Store
TXN-0118885,2026-08-22,DXB-004,Dubai,CUST-03932,P012,Pen Pack,Stationery,1,14.66,5,14.66,0.73,13.93,Cash,Store
TXN-0118992,2026-08-22,DXB-002,Dubai,CUST-05509,P004,Monitor,Electronics,3,897.49,10,2692.48,269.25,2423.23,Card,Store
TXN-0119021,2026-08-22,DXB-003,Dubai,CUST-01044,P007,Office Chair,Furniture,3,577.51,0,1732.53,0.0,1732.53,Cash,Store
TXN-0119036,2026-08-22,DXB-005,Dubai,CUST-00728,P006,Mouse,Accessories,1,97.23,5,97.23,4.86,92.37,Apple Pay,Online
TXN-0119057,2026-08-22,DXB-001,Dubai,CUST-06730,P002,Smartphone,Electronics,1,1873.11,10,1873.11,187.31,1685.8,Bank Transfer,Store
TXN-0119239,2026-08-22,DXB-003,Dubai,CUST-06832,P005,Keyboard,Accessories,1,194.39,0,194.39,0.0,194.39,Card,Store
TXN-0119420,2026-08-22,DXB-005,Dubai,CUST-01780,P011,Notebook,Stationery,2,25.92,0,51.84,0.0,51.84,Cash,Online
TXN-0119436,2026-08-22,DXB-003,Dubai,CUST-06404,P007,Office Chair,Furniture,5,637.75,0,3188.74,0.0,3188.74,Card,Store
TXN-0119528,2026-08-22,DXB-004,Dubai,CUST-07505,P010,Printer,Office,5,617.34,10,3086.69,308.67,2778.02,Cash,Store
TXN-0119529,2026-08-22,DXB-005,Dubai,CUST-02007,P015,Tablet,Electronics,1,1197.64,10,1197.64,119.76,1077.88,Apple Pay,Online
TXN-0119534,2026-08-22,DXB-002,Dubai,CUST-02965,P012,Pen Pack,Stationery,1,14.84,10,14.84,1.48,13.36,Cash,Store
TXN-0119539,2026-08-22,DXB-004,Dubai,CUST-04786,P003,Headphones,Electronics,1,372.9,0,372.9,0.0,372.9,Card,Store
TXN-0119563,2026-08-22,DXB-001,Dubai,CUST-01773,P002,Smartphone,Electronics,1,1674.17,15,1674.17,251.12,1423.04,Card,Store
TXN-0119577,2026-08-22,DXB-003,Dubai,CUST-00126,P011,Notebook,Stationery,2,25.62,5,51.24,2.56,48.68,Bank Transfer,Online
TXN-0119639,2026-08-22,DXB-002,Dubai,CUST-02662,P008,Desk,Furniture,1,746.07,15,746.07,111.91,634.16,Apple Pay,Store
TXN-0119640,2026-08-22,DXB-001,Dubai,CUST-02619,P007,Office Chair,Furniture,1,663.29,5,663.29,33.16,630.12,Cash,Store
TXN-0119647,2026-08-22,DXB-001,Dubai,CUST-07516,P001,Laptop,Electronics,2,2650.73,5,5301.46,265.07,5036.38,Card,Online
TXN-0119652,2026-08-22,DXB-001,Dubai,CUST-04971,P008,Desk,Furniture,1,817.14,10,817.14,81.71,735.43,Bank Transfer,Online
TXN-0119727,2026-08-22,DXB-005,Dubai,CUST-07812,P002,Smartphone,Electronics,2,1909.44,10,3818.89,381.89,3437.0,Card,Online
TXN-0119819,2026-08-22,DXB-005,Dubai,CUST-03922,P004,Monitor,Electronics,2,854.59,10,1709.17,170.92,1538.26,Cash,Store
TXN-0119844,2026-08-22,DXB-004,Dubai,CUST-02981,P009,Backpack,Accessories,5,214.01,0,1070.04,0.0,1070.04,Card,Online
TXN-0119957,2026-08-22,DXB-001,Dubai,CUST-07865,P003,Headphones,Electronics,1,343.67,0,343.67,0.0,343.67,Card,Store
