transaction_id,transaction_date,store_id,region,customer_id,product_id,product_name,category,quantity,unit_price,discount_pct,gross_amount,discount_amount,net_revenue,payment_method,sales_channel
TXN-0000028,2026-09-14,DXB-001,Dubai,CUST-05465,P002,Smartphone,Electronics,1,1767.02,0,1767.02,0.0,1767.02,Card,Store
TXN-0000038,2026-09-14,DXB-002,Dubai,CUST-00521,P005,Keyboard,Accessories,1,170.76,5,170.76,8.54,162.23,Bank Transfer,Online
TXN-0000084,2026-09-14,DXB-005,Dubai,CUST-01535,P015,Tablet,Electronics,2,1186.86,10,2373.71,237.37,2136.34,Card,Online
TXN-0000090,2026-09-14,DXB-003,Dubai,CUST-05608,P006,Mouse,Accessories,2,98.33,0,196.66,0.0,196.66,Apple Pay,Store
TXN-0000101,2026-09-14,DXB-003,Dubai,CUST-00735,P014,Power Bank,Electronics,3,152.83,0,458.5,0.0,458.5,Cash,Store
TXN-0000149,2026-09-14,DXB-004,Dubai,CUST-06903,P005,Keyboard,Accessories,3,183.9,0,551.69,0.0,551.69,Bank Transfer,Store
TXN-0000302,2026-09-14,DXB-001,Dubai,CUST-04068,P014,Power Bank,Electronics,1,145.86,15,145.86,21.88,123.98,Card,Store
TXN-0000334,2026-09-14,DXB-002,Dubai,CUST-07906,P003,Headphones,Electronics,1,338.18,5,338.18,16.91,321.28,Cash,Online
TXN-0000388,2026-09-14,DXB-002,Dubai,CUST-05225,P013,USB Drive,Accessories,4,43.82,10,175.28,17.53,157.75,Bank Transfer,Store
TXN-0000433,2026-09-14,DXB-004,Dubai,CUST-03237,P012,Pen Pack,Stationery,2,15.4,15,30.81,4.62,26.19,Card,Store
TXN-0000482,2026-09-14,DXB-005,Dubai,CUST-02636,P006,Mouse,Accessories,1,105.89,5,105.89,5.29,100.6,Card,Online
TXN-0000514,2026-09-14,DXB-003,Dubai,CUST-03526,P009,Backpack,Accessories,3,218.1,10,654.3,65.43,588.87,Cash,Store
TXN-0000524,2026-09-14,DXB-001,Dubai,CUST-00470,P011,Notebook,Stationery,4,24.5,10,98.01,9.8,88.21,Cash,Store
TXN-0000545,2026-09-14,DXB-003,Dubai,CUST-01844,P001,Laptop,Electronics,1,2746.18,5,2746.18,137.31,2608.88,Cash,Store
TXN-0000553,2026-09-14,DXB-001,Dubai,CUST-01937,P009,Backpack,Accessories,1,226.07,0,226.07,0.0,226.07,Apple Pay,Online
TXN-0000605,2026-09-14,DXB-002,Dubai,CUST-07064,P010,Printer,Office,2,776.6,5,1553.19,77.66,1475.53,Card,Store
TXN-0000741,2026-09-14,DXB-001,Dubai,CUST-01973,P001,Laptop,Electronics,1,3139.17,0,3139.17,0.0,3139.17,Card,Store
TXN-0000794,2026-09-14,DXB-002,Dubai,CUST-01163,P003,Headphones,Electronics,2,369.72,15,739.44,110.92,628.53,Cash,Store
TXN-0000849,2026-09-14,DXB-004,Dubai,CUST-00660,P009,Backpack,Accessories,2,216.26,5,432.52,21.63,410.89,Card,Store
TXN-0000867,2026-09-14,DXB-005,Dubai,CUST-03596,P001,Laptop,Electronics,1,2698.39,0,2698.39,0.0,2698.39,Cash,Online
TXN-0001025,2026-09-14,DXB-005,Dubai,CUST-04106,P007,Office Chair,Furniture,6,609.45,5,3656.68,182.83,3473.85,Apple Pay,Store
TXN-0001040,2026-09-14,DXB-002,Dubai,CUST-06708,P006,Mouse,Accessories,1,109.04,15,109.04,16.36,92.69,Card,Store
TXN-0001231,2026-09-14,DXB-003,Dubai,CUST-01228,P013,USB Drive,Accessories,3,45.74,5,137.23,6.86,130.37,Apple Pay,Store
TXN-0001264,2026-09-14,DXB-005,Dubai,CUST-01252,P007,Office Chair,Furniture,4,625.8,15,2503.19,375.48,2127.71,Apple Pay,Store
TXN-0001535,2026-09-14,DXB-002,Dubai,CUST-01651,P007,Office Chair,Furniture,2,629.18,5,1258.36,62.92,1195.45,Cash,Online
TXN-0001587,2026-09-14,DXB-002,Dubai,CUST-00192,P012,Pen Pack,Stationery,1,14.08,0,14.08,0.0,14.08,Bank Transfer,Store
TXN-0001603,2026-09-14,DXB-002,Dubai,CUST-05722,P012,Pen Pack,Stationery,1,15.3,5,15.3,0.76,14.53,Apple Pay,Online
TXN-0001843,2026-09-14,DXB-001,Dubai,CUST-04540,P015,Tablet,Electronics,2,1145.42,10,2290.83,229.08,2061.75,Card,Store
TXN-0001923,2026-09-14,DXB-001,Dubai,CUST-03042,P015,Tablet,Electronics,1,1085.86,0,1085.86,0.0,1085.86,Cash,Store
TXN-0001964,2026-09-14,DXB-001,Dubai,CUST-06468,P002,Smartphone,Electronics,1,1750.89,10,1750.89,175.09,1575.8,Card,Store
TXN-0001965,2026-09-14,DXB-005,Dubai,CUST-05415,P011,Notebook,Stationery,6,22.44,0,134.66,0.0,134.66,Card,Store
TXN-0001971,2026-09-14,DXB-001,Dubai,CUST-02025,P011,Notebook,Stationery,1,22.98,5,22.98,1.15,21.83,Card,Online
TXN-0001987,2026-09-14,DXB-002,Dubai,CUST-05039,P006,Mouse,Accessories,1,98.65,10,98.65,9.87,88.79,Cash,Store
TXN-0002081,2026-09-14,DXB-002,Dubai,CUST-05128,P009,Backpack,Accessories,1,226.87,5,226.87,11.34,215.53,Bank Transfer,Online
TXN-0002196,2026-09-14,DXB-001,Dubai,CUST-01571,P002,Smartphone,Electronics,1,1785.49,10,1785.49,178.55,1606.94,Cash,Store
TXN-0002246,2026-09-14,DXB-001,Dubai,CUST-02594,P007,Office Chair,Furniture,1,612.55,5,612.55,30.63,581.92,Apple Pay,Store
TXN-0002286,2026-09-14,DXB-003,Dubai,CUST-07202,P007,Office Chair,Furniture,1,608.47,0,608.47,0.0,608.47,Cash,Online
TXN-0002288,2026-09-14,DXB-002,Dubai,CUST-01422,P015,Tablet,Electronics,3,1186.83,10,3560.48,356.05,3204.43,Bank Transfer,Store
TXN-0002326,2026-09-14,DXB-004,Dubai,CUST-01972,P014,Power Bank,Electronics,2,163.97,0,327.94,0.0,327.94,Card,Store
TXN-0002334,2026-09-14,DXB-004,Dubai,CUST-07446,P007,Office Chair,Furniture,2,612.06,10,1224.13,122.41,1101.72,Card,Store
TXN-0002338,2026-09-14,DXB-002,Dubai,CUST-05674,P013,USB Drive,Accessories,1,46.63,5,46.63,2.33,44.3,Apple Pay,Store
TXN-0002372,2026-09-14,DXB-001,Dubai,CUST-01699,P014,Power Bank,Electronics,1,171.93,0,171.93,0.0,171.93,Apple Pay,Store
TXN-0002406,2026-09-14,DXB-001,Dubai,CUST-07836,P002,Smartphone,Electronics,1,1631.21,10,1631.21,163.12,1468.09,Card,Store
TXN-0002424,2026-09-14,DXB-001,Dubai,CUST-03919,P013,USB Drive,Accessories,2,46.96,5,93.92,4.7,89.23,Card,Online
TXN-0002455,2026-09-14,DXB-003,Dubai,CUST-06188,P010,Printer,Office,1,747.73,10,747.73,74.77,672.96,Card,Store
TXN-0002516,2026-09-14,DXB-002,Dubai,CUST-07608,P004,Monitor,Electronics,1,843.69,10,843.69,84.37,759.32,Card,Store
TXN-0002610,2026-09-14,DXB-001,Dubai,CUST-03428,P008,Desk,Furniture,1,835.16,5,835.16,41.76,793.4,Cash,Store
TXN-0002822,2026-09-14,DXB-003,Dubai,CUST-06239,P003,Headphones,Electronics,1,376.44,15,376.44,56.47,319.97,Apple Pay,Store
TXN-0002873,2026-09-14,DXB-003,Dubai,CUST-04514,P006,Mouse,Accessories,1,93.72,0,93.72,0.0,93.72,Card,Store
TXN-0002945,2026-09-14,DXB-005,Dubai,CUST-07170,P006,Mouse,Accessories,1,91.64,10,91.64,9.16,82.48,Apple Pay,Store
TXN-0002984,2026-09-14,DXB-001,Dubai,CUST-02091,P006,Mouse,Accessories,3,91.81,5,275.42,13.77,261.65,Cash,Store
TXN-0003067,2026-09-14,DXB-004,Dubai,CUST-04482,P005,Keyboard,Accessories,5,169.21,0,846.04,0.0,846.04,Card,Store
TXN-0003078,2026-09-14,DXB-003,Dubai,CUST-01200,P008,Desk,Furniture,1,849.84,10,849.84,84.98,764.86,Bank Transfer,Store
TXN-0003082,2026-09-14,DXB-003,Dubai,CUST-07691,P003,Headphones,Electronics,1,357.08,15,357.08,53.56,303.51,Apple Pay,Store
TXN-0003127,2026-09-14,DXB-004,Dubai,CUST-06279,P008,Desk,Furniture,1,811.01,5,811.01,40.55,770.46,Cash,Online
TXN-0003169,2026-09-14,DXB-004,Dubai,CUST-05113,P004,Monitor,Electronics,2,951.53,15,1903.05,285.46,1617.59,Apple Pay,Store
TXN-0003364,2026-09-14,DXB-003,Dubai,CUST-02149,P011,Notebook,Stationery,3,25.5,0,76.5,0.0,76.5,Card,Store
TXN-0003381,2026-09-14,DXB-005,Dubai,CUST-02415,P009,Backpack,Accessories,3,209.94,10,629.83,62.98,566.84,Card,Store
TXN-0003440,2026-09-14,DXB-005,Dubai,CUST-00111,P014,Power Bank,Electronics,4,163.4,0,653.6,0.0,653.6,Cash,Online
TXN-0003455,2026-09-14,DXB-001,Dubai,CUST-07895,P014,Power Bank,Electronics,1,143.6,10,143.6,14.36,129.24,Apple Pay,Store
TXN-0003521,2026-09-14,DXB-002,Dubai,CUST-05267,P015,Tablet,Electronics,2,1110.26,5,2220.51,111.03,2109.49,Cash,Store
TXN-0003523,2026-09-14,DXB-002,Dubai,CUST-05484,P001,Laptop,Electronics,1,2982.34,0,2982.34,0.0,2982.34,Bank Transfer,Store
TXN-0003540,2026-09-14,DXB-004,Dubai,CUST-02285,P015,Tablet,Electronics,1,1299.24,10,1299.24,129.92,1169.32,Card,Store
TXN-0003625,2026-09-14,DXB-001,Dubai,CUST-05805,P007,Office Chair,Furniture,1,653.35,0,653.35,0.0,653.35,Cash,Store
TXN-0003630,2026-09-14,DXB-004,Dubai,CUST-01052,P015,Tablet,Electronics,1,1191.57,0,1191.57,0.0,1191.57,Apple Pay,Store
TXN-0003740,2026-09-14,DXB-002,Dubai,CUST-01832,P012,Pen Pack,Stationery,1,13.81,5,13.81,0.69,13.12,Bank Transfer,Store
TXN-0003890,2026-09-14,DXB-003,Dubai,CUST-04105,P008,Desk,Furniture,5,801.24,20,4006.19,801.24,3204.95,Card,Store
TXN-0004223,2026-09-14,DXB-003,Dubai,CUST-07356,P015,Tablet,Electronics,1,1256.79,5,1256.79,62.84,1193.95,Card,Store
TXN-0004243,2026-09-14,DXB-003,Dubai,CUST-03304,P006,Mouse,Accessories,1,97.22,0,97.22,0.0,97.22,Cash,Store
TXN-0004356,2026-09-14,DXB-002,Dubai,CUST-02401,P013,USB Drive,Accessories,4,46.17,20,184.66,36.93,147.73,Cash,Online
TXN-0004374,2026-09-14,DXB-004,Dubai,CUST-02521,P010,Printer,Office,2,695.72,5,1391.45,69.57,1321.88,Apple Pay,Online
TXN-0004392,2026-09-14,DXB-005,Dubai,CUST-03172,P010,Printer,Office,1,647.28,0,647.28,0.0,647.28,Card,Store
TXN-0004623,2026-09-14,DXB-002,Dubai,CUST-01471,P008,Desk,Furniture,1,835.19,0,835.19,0.0,835.19,Apple Pay,Store
TXN-0004637,2026-09-14,DXB-005,Dubai,CUST-01532,P005,Keyboard,Accessories,5,174.39,10,871.93,87.19,784.73,Card,Store
TXN-0004661,2026-09-14,DXB-004,Dubai,CUST-03612,P010,Printer,Office,1,719.94,0,719.94,0.0,719.94,Card,Store
TXN-0004666,2026-09-14,DXB-001,Dubai,CUST-06705,P001,Laptop,Electronics,1,2464.22,5,2464.22,123.21,2341.01,Bank Transfer,Store
TXN-0004675,2026-09-14,DXB-002,Dubai,CUST-06946,P007,Office Chair,Furniture,2,640.26,0,1280.52,0.0,1280.52,Bank Transfer,Online
TXN-0004722,2026-09-14,DXB-001,Dubai,CUST-05040,P001,Laptop,Electronics,2,2654.15,0,5308.31,0.0,5308.31,Cash,Store
TXN-0004735,2026-09-14,DXB-004,Dubai,CUST-02096,P002,Smartphone,Electronics,1,1878.49,0,1878.49,0.0,1878.49,Card,Store
TXN-0004862,2026-09-14,DXB-005,Dubai,CUST-02518,P010,Printer,Office,2,631.15,10,1262.31,126.23,1136.08,Card,Online
TXN-0004934,2026-09-14,DXB-003,Dubai,CUST-06806,P015,Tablet,Electronics,2,1092.81,10,2185.63,218.56,1967.06,Card,Online
TXN-0004970,2026-09-14,DXB-001,Dubai,CUST-06552,P015,Tablet,Electronics,2,1185.42,0,2370.85,0.0,2370.85,Card,Store
TXN-0004998,2026-09-14,DXB-004,Dubai,CUST-02288,P014,Power Bank,Electronics,5,167.6,0,838.01,0.0,838.01,Apple Pay,Store
TXN-0005008,2026-09-14,DXB-001,Dubai,CUST-02394,P010,Printer,Office,1,759.29,0,759.29,0.0,759.29,Card,Store
TXN-0005058,2026-09-14,DXB-001,Dubai,CUST-06799,P001,Laptop,Electronics,2,2794.17,0,5588.34,0.0,5588.34,Apple Pay,Online
TXN-0005087,2026-09-14,DXB-002,Dubai,CUST-03218,P006,Mouse,Accessories,2,95.7,0,191.41,0.0,191.41,Card,Store
TXN-0005121,2026-09-14,DXB-005,Dubai,CUST-05535,P003,Headphones,Electronics,3,324.41,0,973.23,0.0,973.23,Card,Store
TXN-0005148,2026-09-14,DXB-003,Dubai,CUST-01967,P004,Monitor,Electronics,1,878.39,5,878.39,43.92,834.47,Card,Store
TXN-0005189,2026-09-14,DXB-001,Dubai,CUST-05279,P001,Laptop,Electronics,2,2642.34,10,5284.67,528.47,4756.21,Apple Pay,Store
TXN-0005224,2026-09-14,DXB-003,Dubai,CUST-07759,P004,Monitor,Electronics,3,934.82,0,2804.45,0.0,2804.45,Cash,Store
TXN-0005238,2026-09-14,DXB-001,Dubai,CUST-03184,P001,Laptop,Electronics,2,2884.29,0,5768.59,0.0,5768.59,Apple Pay,Online
TXN-0005265,2026-09-14,DXB-004,Dubai,CUST-01311,P013,USB Drive,Accessories,2,44.61,5,89.21,4.46,84.75,Card,Store
TXN-0005278,2026-09-14,DXB-005,Dubai,CUST-02515,P013,USB Drive,Accessories,1,39.75,15,39.75,5.96,33.79,Card,Store
TXN-0005283,2026-09-14,DXB-003,Dubai,CUST-01137,P002,Smartphone,Electronics,2,1836.8,10,3673.61,367.36,3306.24,Bank Transfer,Store
TXN-0005291,2026-09-14,DXB-002,Dubai,CUST-04829,P006,Mouse,Accessories,1,91.85,5,91.85,4.59,87.26,Apple Pay,Online
TXN-0005356,2026-09-14,DXB-001,Dubai,CUST-05744,P006,Mouse,Accessories,2,98.0,5,196.0,9.8,186.2,Card,Store
TXN-0005394,2026-09-14,DXB-002,Dubai,CUST-06095,P014,Power Bank,Electronics,5,154.32,10,771.6,77.16,694.44,Card,Store
TXN-0005427,2026-09-14,DXB-001,Dubai,CUST-07325,P013,USB Drive,Accessories,1,39.65,0,39.65,0.0,39.65,Apple Pay,Store
TXN-0005539,2026-09-14,DXB-003,Dubai,CUST-02214,P005,Keyboard,Accessories,1,192.22,5,192.22,9.61,182.61,Card,Online
TXN-0005657,2026-09-14,DXB-003,Dubai,CUST-00979,P015,Tablet,Electronics,1,1005.12,15,1005.12,150.77,854.35,Cash,Store
TXN-0005668,2026-09-14,DXB-004,Dubai,CUST-04721,P002,Smartphone,Electronics,1,1544.77,0,1544.77,0.0,1544.77,Cash,Store
TXN-0005706,2026-09-14,DXB-005,Dubai,CUST-01904,P001,Laptop,Electronics,6,2926.17,5,17557.03,877.85,16679.18,Apple Pay,Store
TXN-0005833,2026-09-14,DXB-003,Dubai,CUST-06690,P002,Smartphone,Electronics,1,1840.41,5,1840.41,92.02,1748.38,Cash,Store
TXN-0005886,2026-09-14,DXB-003,Dubai,CUST-07657,P002,Smartphone,Electronics,1,1760.44,5,1760.44,88.02,1672.42,Card,Online
TXN-0005952,2026-09-14,DXB-003,Dubai,CUST-06440,P009,Backpack,Accessories,2,210.85,0,421.71,0.0,421.71,Card,Online
TXN-0005963,2026-09-14,DXB-001,Dubai,CUST-03009,P002,Smartphone,Electronics,1,1821.43,0,1821.43,0.0,1821.43,Apple Pay,Online
TXN-0005984,2026-09-14,DXB-004,Dubai,CUST-01010,P014,Power Bank,Electronics,1,139.09,0,139.09,0.0,139.09,Apple Pay,Store
TXN-0005993,2026-09-14,DXB-001,Dubai,CUST-01144,P003,Headphones,Electronics,3,317.73,0,953.18,0.0,953.18,Card,Store
TXN-0006002,2026-09-14,DXB-002,Dubai,CUST-00135,P005,Keyboard,Accessories,1,156.93,5,156.93,7.85,149.08,Card,Store
TXN-0006105,2026-09-14,DXB-001,Dubai,CUST-07543,P011,Notebook,Stationery,1,25.09,15,25.09,3.76,21.33,Card,Store
TXN-0006146,2026-09-14,DXB-002,Dubai,CUST-05340,P005,Keyboard,Accessories,2,181.22,0,362.45,0.0,362.45,Apple Pay,Online
TXN-0006169,2026-09-14,DXB-001,Dubai,CUST-04537,P015,Tablet,Electronics,3,1137.6,0,3412.79,0.0,3412.79,Card,Store
TXN-0006290,2026-09-14,DXB-003,Dubai,CUST-06956,P014,Power Bank,Electronics,3,153.09,0,459.28,0.0,459.28,Card,Store
TXN-0006365,2026-09-14,DXB-005,Dubai,CUST-07764,P014,Power Bank,Electronics,1,158.19,0,158.19,0.0,158.19,Card,Store
TXN-0006367,2026-09-14,DXB-001,Dubai,CUST-06954,P007,Office Chair,Furniture,4,641.22,15,2564.87,384.73,2180.14,Card,Store
TXN-0006437,2026-09-14,DXB-003,Dubai,CUST-03828,P012,Pen Pack,Stationery,3,15.1,5,45.31,2.27,43.04,Card,Store
TXN-0006552,2026-09-14,DXB-003,Dubai,CUST-06932,P008,Desk,Furniture,3,798.49,10,2395.46,239.55,2155.91,Apple Pay,Store
TXN-0006684,2026-09-14,DXB-001,Dubai,CUST-02301,P015,Tablet,Electronics,2,1184.93,5,2369.86,118.49,2251.36,Cash,Store
TXN-0006693,2026-09-14,DXB-001,Dubai,CUST-00814,P012,Pen Pack,Stationery,3,15.23,10,45.68,4.57,41.11,Card,Online
TXN-0006811,2026-09-14,DXB-002,Dubai,CUST-03215,P012,Pen Pack,Stationery,1,14.11,10,14.11,1.41,12.7,Cash,Store
TXN-0006860,2026-09-14,DXB-001,Dubai,CUST-07373,P015,Tablet,Electronics,2,1122.98,10,2245.96,224.6,2021.36,Cash,Store
TXN-0006900,2026-09-14,DXB-005,Dubai,CUST-03358,P004,Monitor,Electronics,4,821.8,0,3287.2,0.0,3287.2,Cash,Online
TXN-0006941,2026-09-14,DXB-002,Dubai,CUST-04723,P009,Backpack,Accessories,2,204.69,15,409.38,61.41,347.98,Apple Pay,Online
TXN-0006954,2026-09-14,DXB-002,Dubai,CUST-06243,P015,Tablet,Electronics,2,1156.07,5,2312.13,115.61,2196.53,Card,Store
TXN-0006992,2026-09-14,DXB-004,Dubai,CUST-03897,P013,USB Drive,Accessories,1,47.17,0,47.17,0.0,47.17,Card,Store
TXN-0007154,2026-09-14,DXB-005,Dubai,CUST-07642,P011,Notebook,Stationery,3,24.38,10,73.13,7.31,65.81,Cash,Store
TXN-0007274,2026-09-14,DXB-001,Dubai,CUST-00862,P014,Power Bank,Electronics,2,150.88,0,301.76,0.0,301.76,Card,Store
TXN-0007286,2026-09-14,DXB-003,Dubai,CUST-04793,P002,Smartphone,Electronics,1,1984.78,0,1984.78,0.0,1984.78,Card,Online
TXN-0007417,2026-09-14,DXB-005,Dubai,CUST-00207,P013,USB Drive,Accessories,1,45.24,10,45.24,4.52,40.72,Apple Pay,Store
TXN-0007432,2026-09-14,DXB-003,Dubai,CUST-01957,P009,Backpack,Accessories,3,234.52,5,703.55,35.18,668.37,Card,Store
TXN-0007450,2026-09-14,DXB-005,Dubai,CUST-03478,P015,Tablet,Electronics,1,1135.79,5,1135.79,56.79,1079.0,Apple Pay,Online
TXN-0007548,2026-09-14,DXB-002,Dubai,CUST-00142,P013,USB Drive,Accessories,1,42.69,15,42.69,6.4,36.29,Apple Pay,Store
TXN-0007587,2026-09-14,DXB-001,Dubai,CUST-00939,P015,Tablet,Electronics,3,1138.94,0,3416.83,0.0,3416.83,Card,Store
TXN-0007747,2026-09-14,DXB-004,Dubai,CUST-00496,P005,Keyboard,Accessories,1,162.76,5,162.76,8.14,154.62,Cash,Store
TXN-0007759,2026-09-14,DXB-004,Dubai,CUST-02195,P006,Mouse,Accessories,1,99.34,5,99.34,4.97,94.37,Card,Store
TXN-0007777,2026-09-14,DXB-002,Dubai,CUST-07800,P010,Printer,Office,4,575.33,0,2301.33,0.0,2301.33,Apple Pay,Online
TXN-0007820,2026-09-14,DXB-005,Dubai,CUST-06062,P008,Desk,Furniture,5,738.67,5,3693.36,184.67,3508.7,Card,Store
TXN-0007856,2026-09-14,DXB-002,Dubai,CUST-00247,P015,Tablet,Electronics,1,1206.82,10,1206.82,120.68,1086.14,Card,Store
TXN-0007885,2026-09-14,DXB-001,Dubai,CUST-01125,P015,Tablet,Electronics,1,1191.61,15,1191.61,178.74,1012.87,Apple Pay,Online
TXN-0007889,2026-09-14,DXB-001,Dubai,CUST-03997,P009,Backpack,Accessories,2,208.12,5,416.25,20.81,395.43,Card,Online
TXN-0008075,2026-09-14,DXB-004,Dubai,CUST-06694,P011,Notebook,Stationery,1,24.05,0,24.05,0.0,24.05,Card,Store
TXN-0008080,2026-09-14,DXB-004,Dubai,CUST-07540,P004,Monitor,Electronics,1,935.84,0,935.84,0.0,935.84,Card,Store
TXN-0008110,2026-09-14,DXB-004,Dubai,CUST-00134,P006,Mouse,Accessories,1,104.67,5,104.67,5.23,99.43,Apple Pay,Store
TXN-0008137,2026-09-14,DXB-003,Dubai,CUST-01513,P005,Keyboard,Accessories,1,176.31,10,176.31,17.63,158.68,Bank Transfer,Online
TXN-0008224,2026-09-14,DXB-001,Dubai,CUST-03375,P003,Headphones,Electronics,4,338.95,0,1355.79,0.0,1355.79,Cash,Store
TXN-0008449,2026-09-14,DXB-004,Dubai,CUST-02272,P009,Backpack,Accessories,4,213.82,10,855.3,85.53,769.77,Cash,Store
TXN-0008484,2026-09-14,DXB-002,Dubai,CUST-02331,P008,Desk,Furniture,1,875.25,5,875.25,43.76,831.49,Card,Store
TXN-0008528,2026-09-14,DXB-005,Dubai,CUST-06596,P013,USB Drive,Accessories,1,46.13,15,46.13,6.92,39.21,Apple Pay,Store
TXN-0008536,2026-09-14,DXB-002,Dubai,CUST-04753,P011,Notebook,Stationery,1,27.25,0,27.25,0.0,27.25,Card,Store
TXN-0008601,2026-09-14,DXB-004,Dubai,CUST-06333,P011,Notebook,Stationery,1,26.93,0,26.93,0.0,26.93,Card,Store
TXN-0008628,2026-09-14,DXB-003,Dubai,CUST-02385,P015,Tablet,Electronics,3,1250.91,5,3752.72,187.64,3565.09,Cash,Store
TXN-0008642,2026-09-14,DXB-001,Dubai,CUST-00182,P003,Headphones,Electronics,5,345.95,10,1729.77,172.98,1556.8,Card,Store
TXN-0008649,2026-09-14,DXB-003,Dubai,CUST-07603,P008,Desk,Furniture,1,837.02,15,837.02,125.55,711.47,Apple Pay,Store
TXN-0008700,2026-09-14,DXB-004,Dubai,CUST-04402,P004,Monitor,Electronics,3,734.24,0,2202.71,0.0,2202.71,Apple Pay,Store
TXN-0008777,2026-09-14,DXB-004,Dubai,CUST-00860,P005,Keyboard,Accessories,2,176.54,20,353.07,70.61,282.46,Card,Online
TXN-0008866,2026-09-14,DXB-005,Dubai,CUST-05714,P010,Printer,Office,3,695.59,5,2086.77,104.34,1982.43,Bank Transfer,Store
TXN-0008874,2026-09-14,DXB-004,Dubai,CUST-07691,P006,Mouse,Accessories,3,86.81,10,260.44,26.04,234.4,Apple Pay,Online
TXN-0008920,2026-09-14,DXB-002,Dubai,CUST-05899,P004,Monitor,Electronics,1,755.89,20,755.89,151.18,604.72,Card,Store
TXN-0008958,2026-09-14,DXB-001,Dubai,CUST-01464,P013,USB Drive,Accessories,1,41.42,0,41.42,0.0,41.42,Cash,Store
TXN-0009145,2026-09-14,DXB-003,Dubai,CUST-02340,P012,Pen Pack,Stationery,2,14.36,10,28.72,2.87,25.85,Card,Store
TXN-0009154,2026-09-14,DXB-004,Dubai,CUST-06136,P014,Power Bank,Electronics,2,138.25,5,276.51,13.83,262.68,Apple Pay,Store
TXN-0009323,2026-09-14,DXB-004,Dubai,CUST-05952,P014,Power Bank,Electronics,1,154.15,0,154.15,0.0,154.15,Apple Pay,Store
TXN-0009527,2026-09-14,DXB-005,Dubai,CUST-05220,P005,Keyboard,Accessories,1,188.31,10,188.31,18.83,169.48,Cash,Store
TXN-0009583,2026-09-14,DXB-005,Dubai,CUST-00828,P002,Smartphone,Electronics,2,1670.46,10,3340.91,334.09,3006.82,Card,Store
TXN-0009672,2026-09-14,DXB-003,Dubai,CUST-05393,P013,USB Drive,Accessories,1,43.0,5,43.0,2.15,40.85,Card,Store
TXN-0009677,2026-09-14,DXB-001,Dubai,CUST-05429,P008,Desk,Furniture,2,817.12,15,1634.24,245.14,1389.1,Card,Store
TXN-0009679,2026-09-14,DXB-001,Dubai,CUST-03675,P001,Laptop,Electronics,1,2958.83,10,2958.83,295.88,2662.95,Card,Online
TXN-0009773,2026-09-14,DXB-004,Dubai,CUST-07936,P004,Monitor,Electronics,1,913.01,0,913.01,0.0,913.01,Card,Store
TXN-0009832,2026-09-14,DXB-003,Dubai,CUST-01194,P015,Tablet,Electronics,4,1313.07,0,5252.27,0.0,5252.27,Apple Pay,Store
TXN-0010096,2026-09-14,DXB-003,Dubai,CUST-03293,P011,Notebook,Stationery,4,24.3,10,97.2,9.72,87.48,Card,Store
TXN-0010110,2026-09-14,DXB-003,Dubai,CUST-07779,P015,Tablet,Electronics,3,1140.86,0,3422.59,0.0,3422.59,Bank Transfer,Online
TXN-0010179,2026-09-14,DXB-003,Dubai,CUST-05159,P012,Pen Pack,Stationery,1,15.59,5,15.59,0.78,14.81,Cash,Store
TXN-0010181,2026-09-14,DXB-001,Dubai,CUST-07199,P006,Mouse,Accessories,4,106.46,0,425.82,0.0,425.82,Card,Online
TXN-0010198,2026-09-14,DXB-005,Dubai,CUST-03375,P009,Backpack,Accessories,3,233.12,5,699.37,34.97,664.41,Apple Pay,Store
TXN-0010203,2026-09-14,DXB-005,Dubai,CUST-01583,P002,Smartphone,Electronics,1,1712.5,10,1712.5,171.25,1541.25,Cash,Store
TXN-0010210,2026-09-14,DXB-002,Dubai,CUST-05255,P006,Mouse,Accessories,2,103.05,0,206.1,0.0,206.1,Card,Store
TXN-0010215,2026-09-14,DXB-001,Dubai,CUST-03040,P009,Backpack,Accessories,1,213.96,5,213.96,10.7,203.26,Bank Transfer,Store
TXN-0010500,2026-09-14,DXB-003,Dubai,CUST-01578,P015,Tablet,Electronics,3,1099.71,20,3299.12,659.82,2639.3,Card,Store
TXN-0010517,2026-09-14,DXB-001,Dubai,CUST-04172,P005,Keyboard,Accessories,1,168.23,5,168.23,8.41,159.82,Card,Store
TXN-0010546,2026-09-14,DXB-004,Dubai,CUST-00605,P012,Pen Pack,Stationery,2,15.9,5,31.79,1.59,30.2,Card,Store
TXN-0010678,2026-09-14,DXB-001,Dubai,CUST-00201,P015,Tablet,Electronics,1,1275.29,0,1275.29,0.0,1275.29,Card,Store
TXN-0010720,2026-09-14,DXB-004,Dubai,CUST-01316,P007,Office Chair,Furniture,2,684.86,0,1369.73,0.0,1369.73,Apple Pay,Store
TXN-0010738,2026-09-14,DXB-003,Dubai,CUST-01745,P006,Mouse,Accessories,4,100.2,5,400.81,20.04,380.77,Card,Store
TXN-0010745,2026-09-14,DXB-003,Dubai,CUST-03403,P011,Notebook,Stationery,1,25.88,5,25.88,1.29,24.59,Card,Online
TXN-0010760,2026-09-14,DXB-001,Dubai,CUST-05930,P008,Desk,Furniture,5,861.46,0,4307.29,0.0,4307.29,Card,Store
TXN-0010785,2026-09-14,DXB-001,Dubai,CUST-06739,P009,Backpack,Accessories,1,214.8,5,214.8,10.74,204.06,Card,Store
TXN-0010820,2026-09-14,DXB-002,Dubai,CUST-00838,P010,Printer,Office,4,656.93,15,2627.73,394.16,2233.57,Apple Pay,Store
TXN-0010856,2026-09-14,DXB-002,Dubai,CUST-05762,P002,Smartphone,Electronics,1,1786.12,0,1786.12,0.0,1786.12,Cash,Store
TXN-0010874,2026-09-14,DXB-005,Dubai,CUST-07801,P011,Notebook,Stationery,2,26.4,20,52.8,10.56,42.24,Cash,Store
TXN-0010886,2026-09-14,DXB-003,Dubai,CUST-01067,P013,USB Drive,Accessories,1,42.79,5,42.79,2.14,40.65,Apple Pay,Store
TXN-0010894,2026-09-14,DXB-005,Dubai,CUST-02907,P002,Smartphone,Electronics,3,1891.59,10,5674.78,567.48,5107.3,Card,Online
TXN-0010975,2026-09-14,DXB-001,Dubai,CUST-05955,P007,Office Chair,Furniture,2,682.99,0,1365.99,0.0,1365.99,Card,Store
TXN-0011291,2026-09-14,DXB-005,Dubai,CUST-00084,P015,Tablet,Electronics,1,1175.68,0,1175.68,0.0,1175.68,Card,Store
TXN-0011295,2026-09-14,DXB-001,Dubai,CUST-02278,P007,Office Chair,Furniture,4,686.3,0,2745.19,0.0,2745.19,Card,Store
TXN-0011340,2026-09-14,DXB-001,Dubai,CUST-01489,P009,Backpack,Accessories,1,233.65,5,233.65,11.68,221.97,Card,Online
TXN-0011371,2026-09-14,DXB-001,Dubai,CUST-00381,P004,Monitor,Electronics,1,842.37,5,842.37,42.12,800.25,Cash,Online
TXN-0011402,2026-09-14,DXB-005,Dubai,CUST-01678,P013,USB Drive,Accessories,1,48.06,0,48.06,0.0,48.06,Card,Store
TXN-0011434,2026-09-14,DXB-005,Dubai,CUST-02637,P010,Printer,Office,5,743.15,5,3715.77,185.79,3529.99,Cash,Online
TXN-0011529,2026-09-14,DXB-003,Dubai,CUST-01458,P006,Mouse,Accessories,2,112.76,15,225.52,33.83,191.69,Cash,Online
TXN-0011539,2026-09-14,DXB-004,Dubai,CUST-04874,P004,Monitor,Electronics,1,818.99,10,818.99,81.9,737.09,Apple Pay,Store
TXN-0011541,2026-09-14,DXB-003,Dubai,CUST-03575,P001,Laptop,Electronics,1,3029.19,0,3029.19,0.0,3029.19,Card,Online
TXN-0011582,2026-09-14,DXB-003,Dubai,CUST-03300,P013,USB Drive,Accessories,1,43.34,5,43.34,2.17,41.18,Bank Transfer,Online
TXN-0011616,2026-09-14,DXB-003,Dubai,CUST-03680,P011,Notebook,Stationery,3,26.03,0,78.08,0.0,78.08,Cash,Store
TXN-0011621,2026-09-14,DXB-003,Dubai,CUST-00704,P006,Mouse,Accessories,1,95.14,10,95.14,9.51,85.63,Card,Store
TXN-0011665,2026-09-14,DXB-004,Dubai,CUST-07129,P005,Keyboard,Accessories,2,177.52,15,355.04,53.26,301.79,Cash,Online
TXN-0011712,2026-09-14,DXB-004,Dubai,CUST-05747,P011,Notebook,Stationery,2,24.56,10,49.13,4.91,44.21,Cash,Store
TXN-0011734,2026-09-14,DXB-005,Dubai,CUST-04925,P011,Notebook,Stationery,2,24.85,5,49.69,2.48,47.21,Apple Pay,Store
TXN-0011802,2026-09-14,DXB-003,Dubai,CUST-03896,P001,Laptop,Electronics,2,3009.51,10,6019.01,601.9,5417.11,Apple Pay,Store
TXN-0011809,2026-09-14,DXB-002,Dubai,CUST-06673,P006,Mouse,Accessories,2,99.02,5,198.05,9.9,188.15,Cash,Store
TXN-0011847,2026-09-14,DXB-001,Dubai,CUST-07139,P010,Printer,Office,1,635.49,5,635.49,31.77,603.72,Cash,Online
TXN-0011854,2026-09-14,DXB-003,Dubai,CUST-06682,P009,Backpack,Accessories,1,229.92,10,229.92,22.99,206.93,Card,Store
TXN-0011856,2026-09-14,DXB-001,Dubai,CUST-01119,P013,USB Drive,Accessories,4,41.93,10,167.72,16.77,150.95,Cash,Store
TXN-0011888,2026-09-14,DXB-003,Dubai,CUST-02657,P010,Printer,Office,1,635.3,0,635.3,0.0,635.3,Cash,Store
TXN-0011907,2026-09-14,DXB-003,Dubai,CUST-05731,P011,Notebook,Stationery,1,24.14,0,24.14,0.0,24.14,Card,Online
TXN-0011966,2026-09-14,DXB-003,Dubai,CUST-05376,P009,Backpack,Accessories,2,225.2,20,450.39,90.08,360.31,Card,Online
TXN-0011996,2026-09-14,DXB-004,Dubai,CUST-07476,P007,Office Chair,Furniture,1,689.85,15,689.85,103.48,586.37,Cash,Online
TXN-0012000,2026-09-14,DXB-003,Dubai,CUST-07683,P008,Desk,Furniture,1,787.87,0,787.87,0.0,787.87,Card,Store
TXN-0012036,2026-09-14,DXB-004,Dubai,CUST-05788,P005,Keyboard,Accessories,1,187.46,0,187.46,0.0,187.46,Card,Store
TXN-0012079,2026-09-14,DXB-001,Dubai,CUST-07937,P013,USB Drive,Accessories,5,44.65,5,223.24,11.16,212.08,Apple Pay,Store
TXN-0012087,2026-09-14,DXB-005,Dubai,CUST-00468,P005,Keyboard,Accessories,1,187.55,0,187.55,0.0,187.55,Cash,Store
TXN-0012093,2026-09-14,DXB-001,Dubai,CUST-01649,P009,Backpack,Accessories,3,207.28,0,621.85,0.0,621.85,Card,Store
TXN-0012129,2026-09-14,DXB-002,Dubai,CUST-01377,P014,Power Bank,Electronics,1,154.89,15,154.89,23.23,131.66,Apple Pay,Store
TXN-0012299,2026-09-14,DXB-004,Dubai,CUST-07831,P014,Power Bank,Electronics,1,151.34,5,151.34,7.57,143.77,Card,Online
TXN-0012466,2026-09-14,DXB-002,Dubai,CUST-04169,P006,Mouse,Accessories,1,95.82,15,95.82,14.37,81.45,Apple Pay,Store
TXN-0012467,2026-09-14,DXB-001,Dubai,CUST-05654,P009,Backpack,Accessories,1,230.29,0,230.29,0.0,230.29,Card,Store
TXN-0012475,2026-09-14,DXB-002,Dubai,CUST-01275,P012,Pen Pack,Stationery,1,15.42,0,15.42,0.0,15.42,Apple Pay,Store
TXN-0012502,2026-09-14,DXB-003,Dubai,CUST-05728,P003,Headphones,Electronics,1,385.78,5,385.78,19.29,366.49,Apple Pay,Store
TXN-0012515,2026-09-14,DXB-003,Dubai,CUST-06896,P010,Printer,Office,2,634.61,15,1269.23,190.38,1078.84,Card,Store
TXN-0012547,2026-09-14,DXB-003,Dubai,CUST-01382,P013,USB Drive,Accessories,2,41.22,0,82.44,0.0,82.44,Card,Store
TXN-0012601,2026-09-14,DXB-003,Dubai,CUST-03298,P013,USB Drive,Accessories,1,41.03,10,41.03,4.1,36.93,Cash,Store
TXN-0012759,2026-09-14,DXB-003,Dubai,CUST-01033,P001,Laptop,Electronics,1,2807.97,20,2807.97,561.59,2246.38,Cash,Store
TXN-0013162,2026-09-14,DXB-002,Dubai,CUST-07406,P010,Printer,Office,1,786.45,5,786.45,39.32,747.13,Cash,Store
TXN-0013209,2026-09-14,DXB-002,Dubai,CUST-06512,P009,Backpack,Accessories,1,207.66,20,207.66,41.53,166.13,Cash,Store
TXN-0013284,2026-09-14,DXB-004,Dubai,CUST-07015,P003,Headphones,Electronics,1,359.86,10,359.86,35.99,323.88,Card,Store
TXN-0013327,2026-09-14,DXB-003,Dubai,CUST-00967,P015,Tablet,Electronics,4,1076.1,0,4304.41,0.0,4304.41,Card,Online
TXN-0013368,2026-09-14,DXB-005,Dubai,CUST-01528,P010,Printer,Office,2,741.25,15,1482.5,222.38,1260.13,Card,Store
TXN-0013388,2026-09-14,DXB-002,Dubai,CUST-02124,P008,Desk,Furniture,2,786.32,0,1572.63,0.0,1572.63,Card,Store
TXN-0013534,2026-09-14,DXB-005,Dubai,CUST-07841,P007,Office Chair,Furniture,1,591.45,0,591.45,0.0,591.45,Apple Pay,Store
TXN-0013538,2026-09-14,DXB-001,Dubai,CUST-00581,P008,Desk,Furniture,2,769.63,5,1539.26,76.96,1462.3,Cash,Store
TXN-0013553,2026-09-14,DXB-003,Dubai,CUST-06785,P007,Office Chair,Furniture,1,669.4,5,669.4,33.47,635.93,Card,Store
TXN-0013723,2026-09-14,DXB-002,Dubai,CUST-01791,P009,Backpack,Accessories,2,224.41,15,448.81,67.32,381.49,Card,Store
TXN-0013793,2026-09-14,DXB-003,Dubai,CUST-04372,P002,Smartphone,Electronics,1,1808.84,5,1808.84,90.44,1718.4,Apple Pay,Store
TXN-0013812,2026-09-14,DXB-004,Dubai,CUST-01969,P014,Power Bank,Electronics,4,156.36,15,625.45,93.82,531.64,Apple Pay,Store
TXN-0013815,2026-09-14,DXB-005,Dubai,CUST-03857,P002,Smartphone,Electronics,3,1752.57,20,5257.72,1051.54,4206.17,Apple Pay,Online
TXN-0013951,2026-09-14,DXB-001,Dubai,CUST-02078,P003,Headphones,Electronics,3,381.02,0,1143.06,0.0,1143.06,Cash,Store
TXN-0013954,2026-09-14,DXB-001,Dubai,CUST-05277,P003,Headphones,Electronics,1,354.08,5,354.08,17.7,336.38,Cash,Store
TXN-0014031,2026-09-14,DXB-005,Dubai,CUST-01324,P011,Notebook,Stationery,1,25.27,10,25.27,2.53,22.74,Card,Store
TXN-0014205,2026-09-14,DXB-001,Dubai,CUST-01903,P015,Tablet,Electronics,1,1089.4,0,1089.4,0.0,1089.4,Card,Store
TXN-0014430,2026-09-14,DXB-005,Dubai,CUST-04528,P001,Laptop,Electronics,3,2741.37,0,8224.11,0.0,8224.11,Card,Store
TXN-0014477,2026-09-14,DXB-005,Dubai,CUST-06340,P007,Office Chair,Furniture,1,682.82,10,682.82,68.28,614.54,Cash,Store
TXN-0014488,2026-09-14,DXB-003,Dubai,CUST-07222,P005,Keyboard,Accessories,2,181.04,5,362.07,18.1,343.97,Bank Transfer,Store
TXN-0014524,2026-09-14,DXB-003,Dubai,CUST-04244,P004,Monitor,Electronics,1,903.85,15,903.85,135.58,768.27,Apple Pay,Store
TXN-0014586,2026-09-14,DXB-005,Dubai,CUST-06529,P013,USB Drive,Accessories,2,45.47,0,90.95,0.0,90.95,Card,Store
TXN-0014649,2026-09-14,DXB-004,Dubai,CUST-03410,P001,Laptop,Electronics,5,3134.38,15,15671.9,2350.78,13321.11,Card,Store
TXN-0014713,2026-09-14,DXB-002,Dubai,CUST-07562,P004,Monitor,Electronics,2,865.12,5,1730.25,86.51,1643.74,Card,Online
TXN-0014728,2026-09-14,DXB-005,Dubai,CUST-01986,P015,Tablet,Electronics,1,1268.52,0,1268.52,0.0,1268.52,Apple Pay,Online
TXN-0014748,2026-09-14,DXB-001,Dubai,CUST-02669,P007,Office Chair,Furniture,2,704.5,0,1408.99,0.0,1408.99,Card,Store
TXN-0014862,2026-09-14,DXB-004,Dubai,CUST-03426,P006,Mouse,Accessories,1,99.67,10,99.67,9.97,89.7,Card,Online
TXN-0014884,2026-09-14,DXB-003,Dubai,CUST-06478,P014,Power Bank,Electronics,2,150.66,15,301.32,45.2,256.12,Bank Transfer,Store
TXN-0014947,2026-09-14,DXB-004,Dubai,CUST-04706,P007,Office Chair,Furniture,6,671.29,5,4027.75,201.39,3826.36,Apple Pay,Online
TXN-0015076,2026-09-14,DXB-004,Dubai,CUST-05078,P008,Desk,Furniture,2,761.15,5,1522.31,76.12,1446.19,Apple Pay,Store
TXN-0015159,2026-09-14,DXB-001,Dubai,CUST-03926,P014,Power Bank,Electronics,4,158.26,0,633.04,0.0,633.04,Card,Store
TXN-0015186,2026-09-14,DXB-005,Dubai,CUST-07337,P012,Pen Pack,Stationery,6,14.11,5,84.68,4.23,80.45,Card,Store
TXN-0015302,2026-09-14,DXB-003,Dubai,CUST-01481,P004,Monitor,Electronics,1,915.98,0,915.98,0.0,915.98,Apple Pay,Store
TXN-0015396,2026-09-14,DXB-003,Dubai,CUST-01185,P015,Tablet,Electronics,1,1244.63,5,1244.63,62.23,1182.4,Cash,Store
TXN-0015436,2026-09-14,DXB-004,Dubai,CUST-04725,P013,USB Drive,Accessories,1,45.12,0,45.12,0.0,45.12,Cash,Store
TXN-0015470,2026-09-14,DXB-005,Dubai,CUST-01416,P015,Tablet,Electronics,4,1271.6,0,5086.39,0.0,5086.39,Card,Store
TXN-0015486,2026-09-14,DXB-001,Dubai,CUST-02884,P003,Headphones,Electronics,2,331.73,5,663.45,33.17,630.28,Bank Transfer,Store
TXN-0015816,2026-09-14,DXB-002,Dubai,CUST-05007,P005,Keyboard,Accessories,1,192.6,0,192.6,0.0,192.6,Cash,Store
TXN-0015837,2026-09-14,DXB-001,Dubai,CUST-07654,P013,USB Drive,Accessories,6,46.7,5,280.19,14.01,266.18,Card,Store
TXN-0015973,2026-09-14,DXB-004,Dubai,CUST-05080,P009,Backpack,Accessories,4,235.82,15,943.29,141.49,801.8,Card,Store
TXN-0015983,2026-09-14,DXB-004,Dubai,CUST-07393,P002,Smartphone,Electronics,2,1707.1,10,3414.19,341.42,3072.77,Card,Online
TXN-0016016,2026-09-14,DXB-002,Dubai,CUST-03692,P010,Printer,Office,1,639.47,10,639.47,63.95,575.52,Card,Store
TXN-0016172,2026-09-14,DXB-004,Dubai,CUST-06377,P011,Notebook,Stationery,1,27.83,5,27.83,1.39,26.43,Card,Online
TXN-0016268,2026-09-14,DXB-004,Dubai,CUST-07111,P002,Smartphone,Electronics,1,1791.62,0,1791.62,0.0,1791.62,Card,Online
TXN-0016298,2026-09-14,DXB-003,Dubai,CUST-07241,P013,USB Drive,Accessories,1,45.28,0,45.28,0.0,45.28,Apple Pay,Online
TXN-0016427,2026-09-14,DXB-005,Dubai,CUST-05502,P015,Tablet,Electronics,3,1153.25,0,3459.74,0.0,3459.74,Card,Online
TXN-0016526,2026-09-14,DXB-004,Dubai,CUST-07552,P001,Laptop,Electronics,4,2934.72,5,11738.88,586.94,11151.93,Apple Pay,Online
TXN-0016539,2026-09-14,DXB-001,Dubai,CUST-03400,P001,Laptop,Electronics,2,2777.3,15,5554.6,833.19,4721.41,Apple Pay,Store
TXN-0016611,2026-09-14,DXB-005,Dubai,CUST-06498,P007,Office Chair,Furniture,1,686.8,0,686.8,0.0,686.8,Cash,Online
TXN-0016621,2026-09-14,DXB-004,Dubai,CUST-06984,P006,Mouse,Accessories,1,110.19,5,110.19,5.51,104.68,Card,Store
TXN-0016674,2026-09-14,DXB-002,Dubai,CUST-00075,P012,Pen Pack,Stationery,1,15.15,5,15.15,0.76,14.39,Cash,Store
TXN-0016690,2026-09-14,DXB-001,Dubai,CUST-07128,P001,Laptop,Electronics,1,2744.23,0,2744.23,0.0,2744.23,Apple Pay,Store
TXN-0016715,2026-09-14,DXB-001,Dubai,CUST-04922,P014,Power Bank,Electronics,5,149.5,20,747.52,149.5,598.02,Card,Store
TXN-0016812,2026-09-14,DXB-002,Dubai,CUST-03899,P014,Power Bank,Electronics,2,158.56,20,317.13,63.43,253.7,Card,Store
TXN-0016832,2026-09-14,DXB-005,Dubai,CUST-07101,P015,Tablet,Electronics,1,1144.93,5,1144.93,57.25,1087.68,Apple Pay,Store
TXN-0016963,2026-09-14,DXB-001,Dubai,CUST-04393,P011,Notebook,Stationery,4,24.04,0,96.14,0.0,96.14,Card,Online
TXN-0016966,2026-09-14,DXB-003,Dubai,CUST-05426,P013,USB Drive,Accessories,1,41.68,15,41.68,6.25,35.43,Bank Transfer,Store
TXN-0017054,2026-09-14,DXB-001,Dubai,CUST-05633,P008,Desk,Furniture,1,776.12,15,776.12,116.42,659.7,Card,Store
TXN-0017137,2026-09-14,DXB-001,Dubai,CUST-01965,P002,Smartphone,Electronics,5,1652.13,15,8260.66,1239.1,7021.56,Cash,Store
TXN-0017195,2026-09-14,DXB-002,Dubai,CUST-05950,P002,Smartphone,Electronics,1,1787.98,10,1787.98,178.8,1609.18,Card,Store
TXN-0017251,2026-09-14,DXB-002,Dubai,CUST-06347,P009,Backpack,Accessories,4,219.5,5,878.02,43.9,834.12,Card,Store
TXN-0017259,2026-09-14,DXB-001,Dubai,CUST-01492,P006,Mouse,Accessories,2,104.23,5,208.47,10.42,198.04,Apple Pay,Store
TXN-0017357,2026-09-14,DXB-001,Dubai,CUST-05352,P008,Desk,Furniture,4,760.92,0,3043.67,0.0,3043.67,Cash,Online
TXN-0017380,2026-09-14,DXB-004,Dubai,CUST-02586,P010,Printer,Office,2,677.34,10,1354.69,135.47,1219.22,Bank Transfer,Store
TXN-0017508,2026-09-14,DXB-004,Dubai,CUST-07988,P003,Headphones,Electronics,2,372.92,5,745.83,37.29,708.54,Cash,Store
TXN-0017580,2026-09-14,DXB-005,Dubai,CUST-00298,P013,USB Drive,Accessories,1,43.89,15,43.89,6.58,37.31,Card,Online
TXN-0017622,2026-09-14,DXB-002,Dubai,CUST-05093,P007,Office Chair,Furniture,4,643.91,0,2575.63,0.0,2575.63,Bank Transfer,Store
TXN-0017777,2026-09-14,DXB-005,Dubai,CUST-00731,P013,USB Drive,Accessories,2,47.29,0,94.58,0.0,94.58,Card,Store
TXN-0017857,2026-09-14,DXB-003,Dubai,CUST-04857,P002,Smartphone,Electronics,2,1925.17,15,3850.34,577.55,3272.79,Card,Online
TXN-0017946,2026-09-14,DXB-004,Dubai,CUST-05767,P007,Office Chair,Furniture,1,620.65,0,620.65,0.0,620.65,Card,Store
TXN-0017968,2026-09-14,DXB-005,Dubai,CUST-03621,P009,Backpack,Accessories,2,223.18,0,446.36,0.0,446.36,Card,Store
TXN-0017985,2026-09-14,DXB-003,Dubai,CUST-07483,P009,Backpack,Accessories,4,198.17,10,792.68,79.27,713.41,Card,Online
TXN-0017991,2026-09-14,DXB-001,Dubai,CUST-03446,P014,Power Bank,Electronics,2,144.13,0,288.26,0.0,288.26,Cash,Online
TXN-0018013,2026-09-14,DXB-005,Dubai,CUST-01814,P011,Notebook,Stationery,1,23.48,15,23.48,3.52,19.96,Apple Pay,Store
TXN-0018040,2026-09-14,DXB-004,Dubai,CUST-05061,P013,USB Drive,Accessories,2,45.33,0,90.65,0.0,90.65,Apple Pay,Store
TXN-0018049,2026-09-14,DXB-003,Dubai,CUST-06024,P001,Laptop,Electronics,1,2829.48,15,2829.48,424.42,2405.06,Cash,Online
TXN-0018056,2026-09-14,DXB-001,Dubai,CUST-07693,P008,Desk,Furniture,1,779.72,10,779.72,77.97,701.75,Cash,Store
TXN-0018154,2026-09-14,DXB-003,Dubai,CUST-05834,P005,Keyboard,Accessories,2,197.98,5,395.96,19.8,376.16,Card,Online
TXN-0018176,2026-09-14,DXB-002,Dubai,CUST-04509,P007,Office Chair,Furniture,1,589.03,5,589.03,29.45,559.58,Cash,Store
TXN-0018191,2026-09-14,DXB-001,Dubai,CUST-01915,P012,Pen Pack,Stationery,3,15.49,20,46.47,9.29,37.18,Apple Pay,Store
TXN-0018193,2026-09-14,DXB-004,Dubai,CUST-04548,P002,Smartphone,Electronics,4,1786.7,15,7146.78,1072.02,6074.77,Card,Store
TXN-0018239,2026-09-14,DXB-004,Dubai,CUST-00912,P001,Laptop,Electronics,2,2917.29,0,5834.59,0.0,5834.59,Card,Online
TXN-0018452,2026-09-14,DXB-001,Dubai,CUST-01941,P003,Headphones,Electronics,4,334.17,0,1336.67,0.0,1336.67,Apple Pay,Store
TXN-0018500,2026-09-14,DXB-002,Dubai,CUST-00514,P005,Keyboard,Accessories,1,163.98,0,163.98,0.0,163.98,Apple Pay,Store
TXN-0018510,2026-09-14,DXB-003,Dubai,CUST-06291,P004,Monitor,Electronics,1,810.87,5,810.87,40.54,770.33,Card,Store
TXN-0018672,2026-09-14,DXB-002,Dubai,CUST-04294,P003,Headphones,Electronics,1,331.86,15,331.86,49.78,282.09,Cash,Online
TXN-0018736,2026-09-14,DXB-002,Dubai,CUST-05508,P008,Desk,Furniture,1,738.08,15,738.08,110.71,627.37,Apple Pay,Online
TXN-0018776,2026-09-14,DXB-003,Dubai,CUST-07560,P008,Desk,Furniture,6,883.35,0,5300.1,0.0,5300.1,Bank Transfer,Store
TXN-0018935,2026-09-14,DXB-003,Dubai,CUST-05815,P010,Printer,Office,4,669.35,0,2677.39,0.0,2677.39,Card,Store
TXN-0019033,2026-09-14,DXB-001,Dubai,CUST-03770,P014,Power Bank,Electronics,1,141.06,0,141.06,0.0,141.06,Card,Online
TXN-0019047,2026-09-14,DXB-003,Dubai,CUST-01330,P007,Office Chair,Furniture,3,671.09,20,2013.27,402.65,1610.62,Apple Pay,Store
TXN-0019058,2026-09-14,DXB-004,Dubai,CUST-00826,P006,Mouse,Accessories,1,92.45,5,92.45,4.62,87.83,Card,Online
TXN-0019129,2026-09-14,DXB-002,Dubai,CUST-01852,P009,Backpack,Accessories,1,212.62,15,212.62,31.89,180.73,Cash,Online
TXN-0019168,2026-09-14,DXB-003,Dubai,CUST-06198,P010,Printer,Office,1,652.96,0,652.96,0.0,652.96,Apple Pay,Store
TXN-0019209,2026-09-14,DXB-001,Dubai,CUST-01732,P011,Notebook,Stationery,2,22.83,5,45.65,2.28,43.37,Card,Store
TXN-0019281,2026-09-14,DXB-003,Dubai,CUST-04743,P015,Tablet,Electronics,1,1235.83,5,1235.83,61.79,1174.04,Apple Pay,Store
TXN-0019312,2026-09-14,DXB-003,Dubai,CUST-04454,P014,Power Bank,Electronics,1,149.67,10,149.67,14.97,134.7,Card,Online
TXN-0019557,2026-09-14,DXB-001,Dubai,CUST-00084,P007,Office Chair,Furniture,2,673.83,10,1347.65,134.77,1212.89,Apple Pay,Store
TXN-0019642,2026-09-14,DXB-002,Dubai,CUST-05507,P007,Office Chair,Furniture,3,636.47,0,1909.4,0.0,1909.4,Card,Store
TXN-0019744,2026-09-14,DXB-001,Dubai,CUST-05792,P008,Desk,Furniture,2,843.03,10,1686.05,168.61,1517.45,Cash,Store
TXN-0019754,2026-09-14,DXB-003,Dubai,CUST-00025,P007,Office Chair,Furniture,1,562.5,0,562.5,0.0,562.5,Cash,Store
TXN-0019792,2026-09-14,DXB-002,Dubai,CUST-06741,P006,Mouse,Accessories,2,93.35,15,186.7,28.01,158.7,Apple Pay,Store
TXN-0019894,2026-09-14,DXB-004,Dubai,CUST-06615,P009,Backpack,Accessories,1,200.95,15,200.95,30.14,170.81,Card,Store
TXN-0019907,2026-09-14,DXB-002,Dubai,CUST-04913,P004,Monitor,Electronics,1,910.53,0,910.53,0.0,910.53,Card,Online
TXN-0019974,2026-09-14,DXB-003,Dubai,CUST-05436,P008,Desk,Furniture,2,799.22,5,1598.44,79.92,1518.52,Card,Store
TXN-0020045,2026-09-14,DXB-004,Dubai,CUST-00039,P008,Desk,Furniture,2,742.82,5,1485.65,74.28,1411.37,Card,Online
TXN-0020176,2026-09-14,DXB-001,Dubai,CUST-04876,P002,Smartphone,Electronics,2,1951.4,15,3902.79,585.42,3317.37,Card,Store
TXN-0020284,2026-09-14,DXB-004,Dubai,CUST-03042,P006,Mouse,Accessories,2,95.09,10,190.18,19.02,171.16,Card,Store
TXN-0020336,2026-09-14,DXB-004,Dubai,CUST-01001,P004,Monitor,Electronics,1,868.17,10,868.17,86.82,781.35,Card,Store
TXN-0020345,2026-09-14,DXB-005,Dubai,CUST-07980,P012,Pen Pack,Stationery,1,15.66,15,15.66,2.35,13.31,Bank Transfer,Online
TXN-0020447,2026-09-14,DXB-001,Dubai,CUST-07930,P014,Power Bank,Electronics,3,149.19,0,447.56,0.0,447.56,Cash,Online
TXN-0020474,2026-09-14,DXB-001,Dubai,CUST-04078,P007,Office Chair,Furniture,1,675.38,15,675.38,101.31,574.08,Card,Store
TXN-0020559,2026-09-14,DXB-004,Dubai,CUST-06221,P015,Tablet,Electronics,3,1260.33,5,3780.98,189.05,3591.93,Card,Store
TXN-0020589,2026-09-14,DXB-001,Dubai,CUST-03145,P005,Keyboard,Accessories,5,180.82,5,904.1,45.21,858.9,Card,Online
TXN-0020601,2026-09-14,DXB-003,Dubai,CUST-03403,P010,Printer,Office,1,657.49,5,657.49,32.87,624.62,Card,Store
TXN-0020700,2026-09-14,DXB-003,Dubai,CUST-03669,P010,Printer,Office,1,702.55,15,702.55,105.38,597.17,Card,Store
TXN-0020722,2026-09-14,DXB-002,Dubai,CUST-07227,P006,Mouse,Accessories,6,103.17,0,618.99,0.0,618.99,Card,Store
TXN-0020768,2026-09-14,DXB-001,Dubai,CUST-05416,P011,Notebook,Stationery,1,23.33,0,23.33,0.0,23.33,Bank Transfer,Store
TXN-0020863,2026-09-14,DXB-001,Dubai,CUST-04844,P004,Monitor,Electronics,1,874.77,15,874.77,131.22,743.56,Card,Online
TXN-0021065,2026-09-14,DXB-005,Dubai,CUST-03711,P005,Keyboard,Accessories,1,176.69,10,176.69,17.67,159.02,Cash,Online
TXN-0021091,2026-09-14,DXB-003,Dubai,CUST-01734,P012,Pen Pack,Stationery,2,15.04,0,30.08,0.0,30.08,Card,Store
TXN-0021136,2026-09-14,DXB-003,Dubai,CUST-02784,P009,Backpack,Accessories,1,223.75,5,223.75,11.19,212.56,Card,Store
TXN-0021150,2026-09-14,DXB-005,Dubai,CUST-03421,P015,Tablet,Electronics,2,1269.58,0,2539.16,0.0,2539.16,Card,Store
TXN-0021209,2026-09-14,DXB-001,Dubai,CUST-04895,P006,Mouse,Accessories,2,100.78,0,201.56,0.0,201.56,Card,Online
TXN-0021223,2026-09-14,DXB-005,Dubai,CUST-04742,P007,Office Chair,Furniture,1,639.28,0,639.28,0.0,639.28,Bank Transfer,Store
TXN-0021296,2026-09-14,DXB-004,Dubai,CUST-03549,P001,Laptop,Electronics,1,2910.11,20,2910.11,582.02,2328.09,Bank Transfer,Online
TXN-0021306,2026-09-14,DXB-001,Dubai,CUST-05576,P013,USB Drive,Accessories,1,45.06,10,45.06,4.51,40.55,Bank Transfer,Store
TXN-0021364,2026-09-14,DXB-003,Dubai,CUST-03603,P007,Office Chair,Furniture,1,635.03,10,635.03,63.5,571.52,Cash,Store
TXN-0021374,2026-09-14,DXB-002,Dubai,CUST-04760,P008,Desk,Furniture,1,814.64,20,814.64,162.93,651.71,Card,Store
TXN-0021422,2026-09-14,DXB-003,Dubai,CUST-07158,P002,Smartphone,Electronics,2,1885.06,0,3770.12,0.0,3770.12,Cash,Store
TXN-0021427,2026-09-14,DXB-002,Dubai,CUST-07568,P007,Office Chair,Furniture,1,611.03,0,611.03,0.0,611.03,Apple Pay,Store
TXN-0021488,2026-09-14,DXB-004,Dubai,CUST-07672,P015,Tablet,Electronics,1,1276.25,0,1276.25,0.0,1276.25,Apple Pay,Store
TXN-0021528,2026-09-14,DXB-003,Dubai,CUST-06595,P009,Backpack,Accessories,2,218.38,0,436.76,0.0,436.76,Cash,Store
TXN-0021584,2026-09-14,DXB-004,Dubai,CUST-07100,P002,Smartphone,Electronics,1,1676.25,20,1676.25,335.25,1341.0,Apple Pay,Online
TXN-0021717,2026-09-14,DXB-002,Dubai,CUST-00194,P009,Backpack,Accessories,1,200.41,5,200.41,10.02,190.39,Bank Transfer,Store
TXN-0021746,2026-09-14,DXB-001,Dubai,CUST-00899,P008,Desk,Furniture,2,834.74,15,1669.49,250.42,1419.07,Apple Pay,Store
TXN-0021833,2026-09-14,DXB-001,Dubai,CUST-03350,P008,Desk,Furniture,1,813.91,0,813.91,0.0,813.91,Cash,Online
TXN-0021859,2026-09-14,DXB-003,Dubai,CUST-03997,P010,Printer,Office,1,672.35,5,672.35,33.62,638.73,Apple Pay,Store
TXN-0021896,2026-09-14,DXB-002,Dubai,CUST-01181,P012,Pen Pack,Stationery,1,15.69,0,15.69,0.0,15.69,Card,Store
TXN-0021937,2026-09-14,DXB-001,Dubai,CUST-06269,P012,Pen Pack,Stationery,4,15.46,0,61.84,0.0,61.84,Card,Online
TXN-0021992,2026-09-14,DXB-003,Dubai,CUST-01253,P010,Printer,Office,2,673.84,15,1347.69,202.15,1145.53,Cash,Store
TXN-0022056,2026-09-14,DXB-001,Dubai,CUST-07004,P004,Monitor,Electronics,3,946.33,10,2838.99,283.9,2555.09,Card,Store
TXN-0022192,2026-09-14,DXB-005,Dubai,CUST-07791,P010,Printer,Office,1,674.05,5,674.05,33.7,640.34,Cash,Store
TXN-0022309,2026-09-14,DXB-004,Dubai,CUST-03514,P015,Tablet,Electronics,3,1208.66,0,3625.97,0.0,3625.97,Cash,Store
TXN-0022330,2026-09-14,DXB-004,Dubai,CUST-07667,P013,USB Drive,Accessories,2,42.08,0,84.16,0.0,84.16,Cash,Online
TXN-0022333,2026-09-14,DXB-004,Dubai,CUST-00607,P011,Notebook,Stationery,3,25.66,5,76.98,3.85,73.13,Card,Store
TXN-0022355,2026-09-14,DXB-001,Dubai,CUST-01655,P015,Tablet,Electronics,1,1122.11,0,1122.11,0.0,1122.11,Card,Store
TXN-0022423,2026-09-14,DXB-003,Dubai,CUST-05810,P015,Tablet,Electronics,1,1216.21,15,1216.21,182.43,1033.78,Card,Store
TXN-0022439,2026-09-14,DXB-004,Dubai,CUST-03821,P012,Pen Pack,Stationery,1,15.19,0,15.19,0.0,15.19,Apple Pay,Store
TXN-0022468,2026-09-14,DXB-003,Dubai,CUST-06696,P010,Printer,Office,1,675.27,5,675.27,33.76,641.51,Bank Transfer,Store
TXN-0022490,2026-09-14,DXB-002,Dubai,CUST-04430,P001,Laptop,Electronics,2,2556.78,0,5113.56,0.0,5113.56,Card,Store
TXN-0022658,2026-09-14,DXB-001,Dubai,CUST-07855,P006,Mouse,Accessories,1,108.6,0,108.6,0.0,108.6,Bank Transfer,Store
TXN-0022691,2026-09-14,DXB-004,Dubai,CUST-00686,P013,USB Drive,Accessories,2,48.1,5,96.19,4.81,91.38,Bank Transfer,Store
TXN-0022722,2026-09-14,DXB-005,Dubai,CUST-05540,P005,Keyboard,Accessories,1,194.5,5,194.5,9.72,184.77,Cash,Store
TXN-0022745,2026-09-14,DXB-005,Dubai,CUST-04914,P014,Power Bank,Electronics,2,144.01,20,288.03,57.61,230.42,Card,Store
TXN-0022751,2026-09-14,DXB-001,Dubai,CUST-07336,P007,Office Chair,Furniture,2,617.96,0,1235.91,0.0,1235.91,Cash,Store
TXN-0022787,2026-09-14,DXB-002,Dubai,CUST-05753,P010,Printer,Office,1,639.34,0,639.34,0.0,639.34,Cash,Store
TXN-0022789,2026-09-14,DXB-005,Dubai,CUST-01156,P003,Headphones,Electronics,1,378.33,0,378.33,0.0,378.33,Apple Pay,Store
TXN-0022826,2026-09-14,DXB-003,Dubai,CUST-02157,P004,Monitor,Electronics,1,995.9,10,995.9,99.59,896.31,Apple Pay,Store
TXN-0022838,2026-09-14,DXB-003,Dubai,CUST-00550,P010,Printer,Office,2,665.48,20,1330.95,266.19,1064.76,Card,Online
TXN-0022913,2026-09-14,DXB-003,Dubai,CUST-00616,P003,Headphones,Electronics,1,370.95,10,370.95,37.1,333.86,Card,Online
TXN-0022938,2026-09-14,DXB-002,Dubai,CUST-01154,P015,Tablet,Electronics,3,1295.36,20,3886.08,777.22,3108.86,Card,Store
TXN-0023021,2026-09-14,DXB-004,Dubai,CUST-07245,P007,Office Chair,Furniture,1,633.02,0,633.02,0.0,633.02,Cash,Store
TXN-0023123,2026-09-14,DXB-002,Dubai,CUST-07056,P002,Smartphone,Electronics,1,1780.88,20,1780.88,356.18,1424.7,Card,Store
TXN-0023142,2026-09-14,DXB-002,Dubai,CUST-03765,P007,Office Chair,Furniture,3,649.12,0,1947.37,0.0,1947.37,Card,Store
TXN-0023151,2026-09-14,DXB-002,Dubai,CUST-06814,P002,Smartphone,Electronics,1,1705.34,0,1705.34,0.0,1705.34,Bank Transfer,Store
TXN-0023250,2026-09-14,DXB-002,Dubai,CUST-07673,P013,USB Drive,Accessories,1,43.26,5,43.26,2.16,41.09,Apple Pay,Store
TXN-0023359,2026-09-14,DXB-001,Dubai,CUST-03268,P012,Pen Pack,Stationery,1,14.47,10,14.47,1.45,13.03,Card,Store
TXN-0023398,2026-09-14,DXB-001,Dubai,CUST-05765,P003,Headphones,Electronics,1,375.07,0,375.07,0.0,375.07,Card,Store
TXN-0023433,2026-09-14,DXB-001,Dubai,CUST-02111,P013,USB Drive,Accessories,2,44.94,5,89.87,4.49,85.38,Card,Store
TXN-0023463,2026-09-14,DXB-002,Dubai,CUST-07239,P005,Keyboard,Accessories,1,180.23,10,180.23,18.02,162.2,Cash,Store
TXN-0023474,2026-09-14,DXB-001,Dubai,CUST-00119,P012,Pen Pack,Stationery,2,14.68,0,29.35,0.0,29.35,Apple Pay,Online
TXN-0023485,2026-09-14,DXB-003,Dubai,CUST-05510,P013,USB Drive,Accessories,4,38.65,0,154.6,0.0,154.6,Bank Transfer,Store
TXN-0023605,2026-09-14,DXB-002,Dubai,CUST-02566,P008,Desk,Furniture,4,881.42,0,3525.68,0.0,3525.68,Cash,Store
TXN-0023693,2026-09-14,DXB-004,Dubai,CUST-00424,P007,Office Chair,Furniture,2,717.85,15,1435.69,215.35,1220.34,Apple Pay,Store
TXN-0023733,2026-09-14,DXB-003,Dubai,CUST-00054,P007,Office Chair,Furniture,1,690.46,0,690.46,0.0,690.46,Bank Transfer,Store
TXN-0023764,2026-09-14,DXB-005,Dubai,CUST-04801,P013,USB Drive,Accessories,1,45.66,5,45.66,2.28,43.37,Cash,Store
TXN-0023799,2026-09-14,DXB-005,Dubai,CUST-02576,P012,Pen Pack,Stationery,1,15.03,5,15.03,0.75,14.28,Apple Pay,Online
TXN-0023832,2026-09-14,DXB-001,Dubai,CUST-04941,P006,Mouse,Accessories,1,102.57,10,102.57,10.26,92.32,Apple Pay,Store
TXN-0023998,2026-09-14,DXB-001,Dubai,CUST-00616,P005,Keyboard,Accessories,2,180.97,10,361.94,36.19,325.75,Card,Store
TXN-0024071,2026-09-14,DXB-002,Dubai,CUST-02411,P015,Tablet,Electronics,2,1147.37,10,2294.75,229.47,2065.27,Card,Store
TXN-0024252,2026-09-14,DXB-001,Dubai,CUST-06842,P014,Power Bank,Electronics,2,148.61,0,297.23,0.0,297.23,Card,Store
TXN-0024278,2026-09-14,DXB-001,Dubai,CUST-07192,P009,Backpack,Accessories,2,233.18,0,466.36,0.0,466.36,Card,Online
TXN-0024306,2026-09-14,DXB-002,Dubai,CUST-00959,P002,Smartphone,Electronics,5,1766.6,10,8832.98,883.3,7949.69,Card,Store
TXN-0024335,2026-09-14,DXB-004,Dubai,CUST-03177,P005,Keyboard,Accessories,2,174.78,5,349.56,17.48,332.08,Card,Store
TXN-0024439,2026-09-14,DXB-004,Dubai,CUST-06797,P002,Smartphone,Electronics,2,2060.2,10,4120.4,412.04,3708.36,Cash,Store
TXN-0024488,2026-09-14,DXB-004,Dubai,CUST-05272,P005,Keyboard,Accessories,1,185.24,5,185.24,9.26,175.98,Card,Store
TXN-0024891,2026-09-14,DXB-001,Dubai,CUST-01364,P006,Mouse,Accessories,3,92.79,0,278.38,0.0,278.38,Card,Online
TXN-0024965,2026-09-14,DXB-005,Dubai,CUST-03056,P011,Notebook,Stationery,2,24.25,5,48.49,2.42,46.07,Card,Store
TXN-0024988,2026-09-14,DXB-002,Dubai,CUST-00531,P005,Keyboard,Accessories,2,168.24,15,336.48,50.47,286.01,Apple Pay,Store
TXN-0025229,2026-09-14,DXB-002,Dubai,CUST-05988,P014,Power Bank,Electronics,1,155.77,10,155.77,15.58,140.19,Card,Store
TXN-0025235,2026-09-14,DXB-003,Dubai,CUST-02209,P002,Smartphone,Electronics,4,1702.3,0,6809.21,0.0,6809.21,Card,Online
TXN-0025257,2026-09-14,DXB-001,Dubai,CUST-06786,P015,Tablet,Electronics,2,1270.23,0,2540.46,0.0,2540.46,Card,Store
TXN-0025357,2026-09-14,DXB-001,Dubai,CUST-03078,P006,Mouse,Accessories,1,102.72,0,102.72,0.0,102.72,Cash,Store
TXN-0025412,2026-09-14,DXB-004,Dubai,CUST-02591,P009,Backpack,Accessories,1,222.87,15,222.87,33.43,189.44,Card,Online
TXN-0025441,2026-09-14,DXB-004,Dubai,CUST-05282,P015,Tablet,Electronics,4,1300.08,0,5200.31,0.0,5200.31,Apple Pay,Store
TXN-0025522,2026-09-14,DXB-004,Dubai,CUST-06914,P014,Power Bank,Electronics,2,164.22,20,328.45,65.69,262.76,Apple Pay,Online
TXN-0025527,2026-09-14,DXB-004,Dubai,CUST-03166,P001,Laptop,Electronics,2,2664.57,5,5329.14,266.46,5062.68,Card,Store
TXN-0025619,2026-09-14,DXB-004,Dubai,CUST-06019,P008,Desk,Furniture,2,887.97,5,1775.94,88.8,1687.15,Card,Store
TXN-0025725,2026-09-14,DXB-003,Dubai,CUST-00403,P008,Desk,Furniture,1,902.58,0,902.58,0.0,902.58,Card,Store
TXN-0025784,2026-09-14,DXB-001,Dubai,CUST-01484,P006,Mouse,Accessories,1,108.77,5,108.77,5.44,103.33,Card,Store
TXN-0025879,2026-09-14,DXB-002,Dubai,CUST-07722,P007,Office Chair,Furniture,1,679.83,0,679.83,0.0,679.83,Card,Store
TXN-0025888,2026-09-14,DXB-001,Dubai,CUST-05757,P004,Monitor,Electronics,2,889.03,10,1778.06,177.81,1600.25,Cash,Store
TXN-0025907,2026-09-14,DXB-004,Dubai,CUST-02855,P011,Notebook,Stationery,1,22.59,5,22.59,1.13,21.47,Bank Transfer,Store
TXN-0025911,2026-09-14,DXB-002,Dubai,CUST-00121,P002,Smartphone,Electronics,1,1679.19,10,1679.19,167.92,1511.27,Apple Pay,Store
TXN-0025917,2026-09-14,DXB-005,Dubai,CUST-07147,P009,Backpack,Accessories,1,226.08,0,226.08,0.0,226.08,Cash,Store
TXN-0025946,2026-09-14,DXB-002,Dubai,CUST-07146,P009,Backpack,Accessories,1,218.24,10,218.24,21.82,196.41,Cash,Store
TXN-0025955,2026-09-14,DXB-005,Dubai,CUST-07265,P004,Monitor,Electronics,1,992.27,5,992.27,49.61,942.66,Card,Store
TXN-0026021,2026-09-14,DXB-001,Dubai,CUST-03455,P014,Power Bank,Electronics,2,147.6,5,295.19,14.76,280.43,Card,Store
TXN-0026045,2026-09-14,DXB-004,Dubai,CUST-01295,P003,Headphones,Electronics,1,334.96,5,334.96,16.75,318.21,Card,Store
TXN-0026071,2026-09-14,DXB-001,Dubai,CUST-07774,P002,Smartphone,Electronics,1,1771.61,5,1771.61,88.58,1683.03,Apple Pay,Store
TXN-0026104,2026-09-14,DXB-001,Dubai,CUST-03220,P006,Mouse,Accessories,2,106.11,20,212.21,42.44,169.77,Apple Pay,Online
TXN-0026136,2026-09-14,DXB-002,Dubai,CUST-02790,P013,USB Drive,Accessories,1,48.54,10,48.54,4.85,43.69,Apple Pay,Store
TXN-0026180,2026-09-14,DXB-003,Dubai,CUST-00052,P004,Monitor,Electronics,2,826.32,10,1652.64,165.26,1487.37,Card,Store
TXN-0026247,2026-09-14,DXB-005,Dubai,CUST-03318,P015,Tablet,Electronics,1,1268.8,15,1268.8,190.32,1078.48,Card,Store
TXN-0026249,2026-09-14,DXB-002,Dubai,CUST-02523,P007,Office Chair,Furniture,2,561.79,0,1123.59,0.0,1123.59,Card,Store
TXN-0026280,2026-09-14,DXB-003,Dubai,CUST-00800,P002,Smartphone,Electronics,2,1801.74,0,3603.47,0.0,3603.47,Bank Transfer,Store
TXN-0026283,2026-09-14,DXB-003,Dubai,CUST-02953,P015,Tablet,Electronics,1,1157.47,10,1157.47,115.75,1041.72,Card,Online
TXN-0026326,2026-09-14,DXB-004,Dubai,CUST-07685,P004,Monitor,Electronics,1,847.48,15,847.48,127.12,720.36,Card,Online
TXN-0026402,2026-09-14,DXB-004,Dubai,CUST-06045,P009,Backpack,Accessories,4,223.12,5,892.46,44.62,847.84,Card,Store
TXN-0026430,2026-09-14,DXB-002,Dubai,CUST-04483,P012,Pen Pack,Stationery,1,15.85,15,15.85,2.38,13.47,Apple Pay,Store
TXN-0026449,2026-09-14,DXB-004,Dubai,CUST-06293,P011,Notebook,Stationery,6,28.1,5,168.61,8.43,160.18,Apple Pay,Online
TXN-0026555,2026-09-14,DXB-001,Dubai,CUST-06149,P012,Pen Pack,Stationery,1,17.05,10,17.05,1.7,15.34,Apple Pay,Online
TXN-0026597,2026-09-14,DXB-003,Dubai,CUST-04374,P005,Keyboard,Accessories,1,191.93,15,191.93,28.79,163.14,Apple Pay,Store
TXN-0026694,2026-09-14,DXB-004,Dubai,CUST-00225,P001,Laptop,Electronics,1,2947.94,0,2947.94,0.0,2947.94,Apple Pay,Store
TXN-0026753,2026-09-14,DXB-003,Dubai,CUST-00388,P003,Headphones,Electronics,2,343.97,15,687.94,103.19,584.75,Card,Store
TXN-0026787,2026-09-14,DXB-004,Dubai,CUST-04951,P006,Mouse,Accessories,6,101.16,10,606.98,60.7,546.28,Card,Store
TXN-0026863,2026-09-14,DXB-005,Dubai,CUST-01723,P014,Power Bank,Electronics,6,156.0,0,936.02,0.0,936.02,Card,Online
TXN-0026870,2026-09-14,DXB-001,Dubai,CUST-02989,P004,Monitor,Electronics,3,960.88,15,2882.63,432.4,2450.24,Apple Pay,Store
TXN-0026911,2026-09-14,DXB-001,Dubai,CUST-06367,P015,Tablet,Electronics,1,1155.22,5,1155.22,57.76,1097.46,Card,Store
TXN-0026943,2026-09-14,DXB-001,Dubai,CUST-06187,P015,Tablet,Electronics,6,1308.54,0,7851.26,0.0,7851.26,Cash,Online
TXN-0026986,2026-09-14,DXB-002,Dubai,CUST-03964,P011,Notebook,Stationery,1,24.81,0,24.81,0.0,24.81,Card,Store
TXN-0027002,2026-09-14,DXB-005,Dubai,CUST-06923,P008,Desk,Furniture,2,782.75,10,1565.49,156.55,1408.94,Apple Pay,Online
TXN-0027020,2026-09-14,DXB-002,Dubai,CUST-07662,P009,Backpack,Accessories,1,211.89,0,211.89,0.0,211.89,Apple Pay,Online
TXN-0027152,2026-09-14,DXB-005,Dubai,CUST-04510,P013,USB Drive,Accessories,2,46.13,10,92.25,9.23,83.03,Card,Store
TXN-0027153,2026-09-14,DXB-005,Dubai,CUST-02904,P015,Tablet,Electronics,6,1189.28,0,7135.68,0.0,7135.68,Card,Online
TXN-0027191,2026-09-14,DXB-005,Dubai,CUST-00578,P005,Keyboard,Accessories,3,197.49,0,592.48,0.0,592.48,Card,Store
TXN-0027196,2026-09-14,DXB-004,Dubai,CUST-00602,P004,Monitor,Electronics,1,846.55,5,846.55,42.33,804.23,Card,Store
TXN-0027359,2026-09-14,DXB-004,Dubai,CUST-02751,P007,Office Chair,Furniture,1,640.97,0,640.97,0.0,640.97,Apple Pay,Store
TXN-0027547,2026-09-14,DXB-003,Dubai,CUST-04604,P004,Monitor,Electronics,1,903.42,5,903.42,45.17,858.25,Card,Store
TXN-0027701,2026-09-14,DXB-005,Dubai,CUST-01404,P011,Notebook,Stationery,2,27.99,10,55.98,5.6,50.38,Apple Pay,Online
TXN-0027724,2026-09-14,DXB-004,Dubai,CUST-03368,P011,Notebook,Stationery,2,24.12,10,48.23,4.82,43.41,Card,Store
TXN-0027736,2026-09-14,DXB-005,Dubai,CUST-02015,P008,Desk,Furniture,2,754.4,15,1508.8,226.32,1282.48,Apple Pay,Online
TXN-0027739,2026-09-14,DXB-002,Dubai,CUST-02380,P002,Smartphone,Electronics,1,1911.77,0,1911.77,0.0,1911.77,Card,Store
TXN-0027909,2026-09-14,DXB-004,Dubai,CUST-04117,P015,Tablet,Electronics,6,1347.14,15,8082.82,1212.42,6870.4,Cash,Online
TXN-0027913,2026-09-14,DXB-003,Dubai,CUST-07855,P014,Power Bank,Electronics,1,151.09,15,151.09,22.66,128.42,Bank Transfer,Store
TXN-0027941,2026-09-14,DXB-002,Dubai,CUST-07456,P005,Keyboard,Accessories,2,181.54,0,363.09,0.0,363.09,Card,Online
TXN-0027942,2026-09-14,DXB-003,Dubai,CUST-02407,P007,Office Chair,Furniture,1,609.53,10,609.53,60.95,548.58,Card,Online
TXN-0027952,2026-09-14,DXB-004,Dubai,CUST-07127,P011,Notebook,Stationery,5,23.67,5,118.36,5.92,112.45,Card,Store
TXN-0027977,2026-09-14,DXB-004,Dubai,CUST-05084,P002,Smartphone,Electronics,4,1852.87,0,7411.46,0.0,7411.46,Apple Pay,Store
TXN-0028012,2026-09-14,DXB-005,Dubai,CUST-01784,P010,Printer,Office,3,758.87,5,2276.61,113.83,2162.78,Cash,Store
TXN-0028040,2026-09-14,DXB-002,Dubai,CUST-04898,P013,USB Drive,Accessories,1,48.03,5,48.03,2.4,45.63,Card,Store
TXN-0028084,2026-09-14,DXB-003,Dubai,CUST-03344,P009,Backpack,Accessories,1,205.08,0,205.08,0.0,205.08,Cash,Store
TXN-0028090,2026-09-14,DXB-001,Dubai,CUST-03174,P013,USB Drive,Accessories,2,42.99,0,85.97,0.0,85.97,Card,Store
TXN-0028108,2026-09-14,DXB-002,Dubai,CUST-01006,P007,Office Chair,Furniture,2,618.09,0,1236.18,0.0,1236.18,Card,Store
TXN-0028253,2026-09-14,DXB-002,Dubai,CUST-06128,P002,Smartphone,Electronics,1,1940.34,0,1940.34,0.0,1940.34,Bank Transfer,Online
TXN-0028356,2026-09-14,DXB-002,Dubai,CUST-04948,P011,Notebook,Stationery,2,28.01,0,56.02,0.0,56.02,Card,Store
TXN-0028413,2026-09-14,DXB-003,Dubai,CUST-05411,P001,Laptop,Electronics,3,2923.89,20,8771.66,1754.33,7017.33,Cash,Store
TXN-0028461,2026-09-14,DXB-004,Dubai,CUST-04540,P012,Pen Pack,Stationery,2,15.41,0,30.82,0.0,30.82,Card,Store
TXN-0028486,2026-09-14,DXB-001,Dubai,CUST-03332,P007,Office Chair,Furniture,5,688.45,10,3442.23,344.22,3098.01,Card,Online
TXN-0028534,2026-09-14,DXB-005,Dubai,CUST-07964,P003,Headphones,Electronics,3,348.17,5,1044.51,52.23,992.28,Card,Store
TXN-0028676,2026-09-14,DXB-003,Dubai,CUST-04085,P007,Office Chair,Furniture,1,640.01,0,640.01,0.0,640.01,Card,Online
TXN-0028753,2026-09-14,DXB-002,Dubai,CUST-03035,P012,Pen Pack,Stationery,4,15.72,10,62.88,6.29,56.59,Card,Store
TXN-0028805,2026-09-14,DXB-003,Dubai,CUST-04657,P002,Smartphone,Electronics,1,1906.91,20,1906.91,381.38,1525.53,Apple Pay,Store
TXN-0028815,2026-09-14,DXB-005,Dubai,CUST-03394,P009,Backpack,Accessories,2,210.35,0,420.71,0.0,420.71,Card,Online
TXN-0028873,2026-09-14,DXB-005,Dubai,CUST-04066,P002,Smartphone,Electronics,1,1750.59,5,1750.59,87.53,1663.06,Card,Store
TXN-0028887,2026-09-14,DXB-003,Dubai,CUST-04065,P009,Backpack,Accessories,1,217.68,10,217.68,21.77,195.91,Cash,Store
TXN-0028976,2026-09-14,DXB-005,Dubai,CUST-06805,P011,Notebook,Stationery,4,25.64,0,102.56,0.0,102.56,Bank Transfer,Store
TXN-0028977,2026-09-14,DXB-003,Dubai,CUST-03857,P013,USB Drive,Accessories,1,43.1,0,43.1,0.0,43.1,Card,Store
TXN-0029079,2026-09-14,DXB-003,Dubai,CUST-05836,P012,Pen Pack,Stationery,5,14.13,10,70.64,7.06,63.58,Card,Store
TXN-0029230,2026-09-14,DXB-002,Dubai,CUST-01719,P013,USB Drive,Accessories,1,41.79,10,41.79,4.18,37.61,Card,Store
TXN-0029305,2026-09-14,DXB-003,Dubai,CUST-05204,P010,Printer,Office,2,645.66,5,1291.32,64.57,1226.75,Card,Store
TXN-0029319,2026-09-14,DXB-001,Dubai,CUST-00065,P011,Notebook,Stationery,1,25.98,0,25.98,0.0,25.98,Card,Store
TXN-0029336,2026-09-14,DXB-003,Dubai,CUST-03548,P013,USB Drive,Accessories,4,50.69,10,202.78,20.28,182.5,Card,Online
TXN-0029396,2026-09-14,DXB-004,Dubai,CUST-05835,P008,Desk,Furniture,3,804.66,10,2413.99,241.4,2172.59,Card,Store
TXN-0029491,2026-09-14,DXB-003,Dubai,CUST-00677,P007,Office Chair,Furniture,2,639.44,5,1278.87,63.94,1214.93,Apple Pay,Store
TXN-0029492,2026-09-14,DXB-001,Dubai,CUST-02017,P007,Office Chair,Furniture,1,702.17,20,702.17,140.43,561.73,Card,Online
TXN-0029550,2026-09-14,DXB-003,Dubai,CUST-01233,P007,Office Chair,Furniture,5,623.11,15,3115.57,467.34,2648.23,Apple Pay,Store
TXN-0029568,2026-09-14,DXB-001,Dubai,CUST-00199,P015,Tablet,Electronics,1,1176.61,0,1176.61,0.0,1176.61,Bank Transfer,Store
TXN-0029598,2026-09-14,DXB-005,Dubai,CUST-02711,P003,Headphones,Electronics,1,365.81,10,365.81,36.58,329.23,Card,Online
TXN-0029641,2026-09-14,DXB-005,Dubai,CUST-07796,P013,USB Drive,Accessories,1,46.87,15,46.87,7.03,39.84,Cash,Online
TXN-0029776,2026-09-14,DXB-001,Dubai,CUST-02899,P014,Power Bank,Electronics,1,168.45,5,168.45,8.42,160.03,Card,Store
TXN-0029802,2026-09-14,DXB-002,Dubai,CUST-02185,P008,Desk,Furniture,2,841.18,10,1682.36,168.24,1514.12,Card,Store
TXN-0029838,2026-09-14,DXB-003,Dubai,CUST-03059,P004,Monitor,Electronics,1,869.33,0,869.33,0.0,869.33,Card,Store
TXN-0029866,2026-09-14,DXB-005,Dubai,CUST-07061,P004,Monitor,Electronics,2,886.11,5,1772.23,88.61,1683.62,Card,Online
TXN-0029947,2026-09-14,DXB-002,Dubai,CUST-03500,P008,Desk,Furniture,1,801.61,0,801.61,0.0,801.61,Apple Pay,Store
TXN-0029949,2026-09-14,DXB-003,Dubai,CUST-03281,P014,Power Bank,Electronics,3,141.68,5,425.04,21.25,403.78,Card,Store
TXN-0029972,2026-09-14,DXB-001,Dubai,CUST-00520,P007,Office Chair,Furniture,2,616.82,5,1233.65,61.68,1171.97,Apple Pay,Online
TXN-0030050,2026-09-14,DXB-001,Dubai,CUST-00564,P002,Smartphone,Electronics,1,1867.34,0,1867.34,0.0,1867.34,Card,Store
TXN-0030084,2026-09-14,DXB-001,Dubai,CUST-03541,P006,Mouse,Accessories,4,110.1,5,440.38,22.02,418.36,Apple Pay,Online
TXN-0030116,2026-09-14,DXB-001,Dubai,CUST-05215,P003,Headphones,Electronics,1,361.7,0,361.7,0.0,361.7,Card,Store
TXN-0030134,2026-09-14,DXB-002,Dubai,CUST-06650,P014,Power Bank,Electronics,2,142.77,5,285.54,14.28,271.27,Apple Pay,Store
TXN-0030172,2026-09-14,DXB-004,Dubai,CUST-03662,P005,Keyboard,Accessories,2,196.54,0,393.07,0.0,393.07,Cash,Online
TXN-0030198,2026-09-14,DXB-001,Dubai,CUST-01031,P014,Power Bank,Electronics,2,148.24,10,296.49,29.65,266.84,Bank Transfer,Store
TXN-0030221,2026-09-14,DXB-002,Dubai,CUST-07672,P012,Pen Pack,Stationery,1,14.9,10,14.9,1.49,13.41,Card,Online
TXN-0030257,2026-09-14,DXB-001,Dubai,CUST-07109,P004,Monitor,Electronics,2,918.39,0,1836.79,0.0,1836.79,Card,Online
TXN-0030376,2026-09-14,DXB-001,Dubai,CUST-00475,P002,Smartphone,Electronics,1,1940.53,5,1940.53,97.03,1843.5,Apple Pay,Store
TXN-0030391,2026-09-14,DXB-003,Dubai,CUST-07691,P007,Office Chair,Furniture,1,638.52,0,638.52,0.0,638.52,Cash,Store
TXN-0030425,2026-09-14,DXB-004,Dubai,CUST-07343,P005,Keyboard,Accessories,1,185.29,0,185.29,0.0,185.29,Card,Store
TXN-0030519,2026-09-14,DXB-005,Dubai,CUST-00655,P006,Mouse,Accessories,1,88.84,0,88.84,0.0,88.84,Apple Pay,Store
TXN-0030568,2026-09-14,DXB-002,Dubai,CUST-07870,P005,Keyboard,Accessories,1,209.29,5,209.29,10.46,198.82,Apple Pay,Store
TXN-0030655,2026-09-14,DXB-001,Dubai,CUST-07190,P007,Office Chair,Furniture,3,593.19,0,1779.58,0.0,1779.58,Cash,Store
TXN-0030745,2026-09-14,DXB-002,Dubai,CUST-03487,P006,Mouse,Accessories,1,113.19,15,113.19,16.98,96.21,Card,Store
TXN-0030768,2026-09-14,DXB-002,Dubai,CUST-05323,P008,Desk,Furniture,1,781.77,0,781.77,0.0,781.77,Apple Pay,Store
TXN-0030794,2026-09-14,DXB-003,Dubai,CUST-05933,P013,USB Drive,Accessories,3,44.35,10,133.05,13.31,119.75,Apple Pay,Store
TXN-0030833,2026-09-14,DXB-004,Dubai,CUST-00425,P007,Office Chair,Furniture,3,624.97,10,1874.9,187.49,1687.41,Cash,Store
TXN-0030836,2026-09-14,DXB-004,Dubai,CUST-05970,P004,Monitor,Electronics,1,921.59,0,921.59,0.0,921.59,Apple Pay,Online
TXN-0030930,2026-09-14,DXB-004,Dubai,CUST-06792,P008,Desk,Furniture,1,922.95,0,922.95,0.0,922.95,Card,Store
TXN-0030972,2026-09-14,DXB-002,Dubai,CUST-01499,P011,Notebook,Stationery,1,26.31,15,26.31,3.95,22.37,Card,Store
TXN-0031132,2026-09-14,DXB-005,Dubai,CUST-00393,P007,Office Chair,Furniture,1,653.25,10,653.25,65.32,587.92,Apple Pay,Store
TXN-0031307,2026-09-14,DXB-002,Dubai,CUST-01827,P005,Keyboard,Accessories,3,188.75,20,566.25,113.25,453.0,Card,Store
TXN-0031342,2026-09-14,DXB-003,Dubai,CUST-04182,P009,Backpack,Accessories,6,212.68,0,1276.1,0.0,1276.1,Bank Transfer,Store
TXN-0031375,2026-09-14,DXB-001,Dubai,CUST-04499,P005,Keyboard,Accessories,1,170.93,0,170.93,0.0,170.93,Card,Store
TXN-0031408,2026-09-14,DXB-002,Dubai,CUST-07305,P015,Tablet,Electronics,1,1279.32,10,1279.32,127.93,1151.39,Card,Online
TXN-0031436,2026-09-14,DXB-001,Dubai,CUST-06583,P006,Mouse,Accessories,1,100.51,10,100.51,10.05,90.46,Card,Store
TXN-0031591,2026-09-14,DXB-001,Dubai,CUST-03002,P009,Backpack,Accessories,3,201.35,15,604.05,90.61,513.44,Card,Store
TXN-0031614,2026-09-14,DXB-001,Dubai,CUST-04819,P015,Tablet,Electronics,1,1244.33,5,1244.33,62.22,1182.12,Card,Store
TXN-0031745,2026-09-14,DXB-005,Dubai,CUST-07915,P011,Notebook,Stationery,2,26.07,5,52.15,2.61,49.54,Card,Store
TXN-0031768,2026-09-14,DXB-002,Dubai,CUST-06324,P005,Keyboard,Accessories,4,184.88,15,739.52,110.93,628.59,Card,Store
TXN-0031792,2026-09-14,DXB-001,Dubai,CUST-05482,P003,Headphones,Electronics,1,378.46,15,378.46,56.77,321.69,Card,Store
TXN-0031810,2026-09-14,DXB-005,Dubai,CUST-00313,P008,Desk,Furniture,2,807.57,5,1615.14,80.76,1534.39,Card,Store
TXN-0031834,2026-09-14,DXB-004,Dubai,CUST-01143,P005,Keyboard,Accessories,4,181.52,10,726.08,72.61,653.47,Cash,Store
TXN-0031854,2026-09-14,DXB-005,Dubai,CUST-01103,P005,Keyboard,Accessories,1,189.09,0,189.09,0.0,189.09,Card,Online
TXN-0031935,2026-09-14,DXB-002,Dubai,CUST-06154,P010,Printer,Office,1,649.05,5,649.05,32.45,616.59,Card,Store
TXN-0031979,2026-09-14,DXB-001,Dubai,CUST-04779,P005,Keyboard,Accessories,1,195.71,10,195.71,19.57,176.14,Cash,Online
TXN-0032013,2026-09-14,DXB-004,Dubai,CUST-05025,P008,Desk,Furniture,1,821.84,5,821.84,41.09,780.75,Card,Store
TXN-0032019,2026-09-14,DXB-002,Dubai,CUST-04502,P014,Power Bank,Electronics,3,142.13,10,426.4,42.64,383.76,Card,Store
TXN-0032064,2026-09-14,DXB-003,Dubai,CUST-03210,P001,Laptop,Electronics,6,2612.34,20,15674.05,3134.81,12539.24,Card,Online
TXN-0032091,2026-09-14,DXB-001,Dubai,CUST-01688,P014,Power Bank,Electronics,1,144.35,0,144.35,0.0,144.35,Apple Pay,Store
TXN-0032136,2026-09-14,DXB-001,Dubai,CUST-07888,P009,Backpack,Accessories,1,219.33,5,219.33,10.97,208.36,Card,Store
TXN-0032155,2026-09-14,DXB-004,Dubai,CUST-04744,P003,Headphones,Electronics,1,350.52,10,350.52,35.05,315.47,Apple Pay,Store
TXN-0032265,2026-09-14,DXB-001,Dubai,CUST-05486,P001,Laptop,Electronics,1,2974.22,15,2974.22,446.13,2528.09,Cash,Online
TXN-0032312,2026-09-14,DXB-002,Dubai,CUST-05848,P001,Laptop,Electronics,1,2834.76,10,2834.76,283.48,2551.29,Card,Store
TXN-0032448,2026-09-14,DXB-004,Dubai,CUST-03334,P012,Pen Pack,Stationery,2,15.36,5,30.72,1.54,29.19,Card,Online
TXN-0032518,2026-09-14,DXB-004,Dubai,CUST-05540,P012,Pen Pack,Stationery,1,15.29,0,15.29,0.0,15.29,Card,Store
TXN-0032538,2026-09-14,DXB-002,Dubai,CUST-00890,P010,Printer,Office,1,687.8,5,687.8,34.39,653.41,Apple Pay,Online
TXN-0032595,2026-09-14,DXB-004,Dubai,CUST-06365,P011,Notebook,Stationery,2,23.11,5,46.23,2.31,43.92,Card,Store
TXN-0032696,2026-09-14,DXB-003,Dubai,CUST-00901,P001,Laptop,Electronics,1,2793.57,5,2793.57,139.68,2653.89,Card,Store
TXN-0032745,2026-09-14,DXB-001,Dubai,CUST-04138,P013,USB Drive,Accessories,1,44.1,10,44.1,4.41,39.69,Apple Pay,Store
TXN-0032752,2026-09-14,DXB-001,Dubai,CUST-07389,P001,Laptop,Electronics,3,2789.81,10,8369.42,836.94,7532.48,Bank Transfer,Store
TXN-0032806,2026-09-14,DXB-002,Dubai,CUST-07180,P013,USB Drive,Accessories,3,43.87,15,131.62,19.74,111.87,Bank Transfer,Store
TXN-0032849,2026-09-14,DXB-004,Dubai,CUST-02817,P008,Desk,Furniture,1,832.36,10,832.36,83.24,749.12,Bank Transfer,Store
TXN-0032866,2026-09-14,DXB-001,Dubai,CUST-03242,P012,Pen Pack,Stationery,2,13.98,5,27.96,1.4,26.56,Card,Store
TXN-0032888,2026-09-14,DXB-004,Dubai,CUST-01436,P003,Headphones,Electronics,1,337.03,15,337.03,50.55,286.48,Card,Store
TXN-0032954,2026-09-14,DXB-004,Dubai,CUST-04061,P004,Monitor,Electronics,1,876.42,0,876.42,0.0,876.42,Apple Pay,Store
TXN-0032964,2026-09-14,DXB-001,Dubai,CUST-02997,P004,Monitor,Electronics,1,849.42,5,849.42,42.47,806.95,Card,Store
TXN-0033081,2026-09-14,DXB-002,Dubai,CUST-05866,P012,Pen Pack,Stationery,3,14.17,20,42.51,8.5,34.01,Card,Online
TXN-0033232,2026-09-14,DXB-005,Dubai,CUST-04518,P015,Tablet,Electronics,2,1232.31,0,2464.62,0.0,2464.62,Bank Transfer,Online
TXN-0033354,2026-09-14,DXB-004,Dubai,CUST-00507,P015,Tablet,Electronics,2,1181.77,5,2363.54,118.18,2245.37,Apple Pay,Online
TXN-0033355,2026-09-14,DXB-001,Dubai,CUST-04340,P014,Power Bank,Electronics,5,143.41,10,717.06,71.71,645.35,Card,Online
TXN-0033391,2026-09-14,DXB-002,Dubai,CUST-07931,P001,Laptop,Electronics,1,2827.81,0,2827.81,0.0,2827.81,Apple Pay,Online
TXN-0033460,2026-09-14,DXB-005,Dubai,CUST-03371,P013,USB Drive,Accessories,1,45.85,20,45.85,9.17,36.68,Card,Store
TXN-0033480,2026-09-14,DXB-002,Dubai,CUST-04003,P005,Keyboard,Accessories,2,170.43,15,340.86,51.13,289.73,Apple Pay,Online
TXN-0033625,2026-09-14,DXB-005,Dubai,CUST-01791,P001,Laptop,Electronics,1,2672.77,5,2672.77,133.64,2539.13,Apple Pay,Store
TXN-0033668,2026-09-14,DXB-003,Dubai,CUST-02137,P011,Notebook,Stationery,4,25.17,15,100.67,15.1,85.57,Card,Online
TXN-0033720,2026-09-14,DXB-002,Dubai,CUST-03382,P005,Keyboard,Accessories,1,183.78,0,183.78,0.0,183.78,Apple Pay,Store
TXN-0033846,2026-09-14,DXB-005,Dubai,CUST-01711,P008,Desk,Furniture,1,830.96,0,830.96,0.0,830.96,Bank Transfer,Store
TXN-0033863,2026-09-14,DXB-002,Dubai,CUST-07384,P015,Tablet,Electronics,1,1135.67,5,1135.67,56.78,1078.88,Card,Online
TXN-0033904,2026-09-14,DXB-005,Dubai,CUST-02847,P010,Printer,Office,3,740.88,20,2222.63,444.53,1778.11,Card,Store
TXN-0033962,2026-09-14,DXB-005,Dubai,CUST-07963,P005,Keyboard,Accessories,1,183.03,5,183.03,9.15,173.88,Apple Pay,Store
TXN-0034030,2026-09-14,DXB-001,Dubai,CUST-06085,P013,USB Drive,Accessories,1,42.84,5,42.84,2.14,40.7,Bank Transfer,Store
TXN-0034114,2026-09-14,DXB-005,Dubai,CUST-05668,P003,Headphones,Electronics,1,330.15,0,330.15,0.0,330.15,Cash,Store
TXN-0034158,2026-09-14,DXB-003,Dubai,CUST-03596,P013,USB Drive,Accessories,2,45.78,15,91.55,13.73,77.82,Card,Online
TXN-0034232,2026-09-14,DXB-003,Dubai,CUST-05669,P014,Power Bank,Electronics,2,152.77,0,305.54,0.0,305.54,Cash,Online
TXN-0034267,2026-09-14,DXB-002,Dubai,CUST-01423,P003,Headphones,Electronics,1,358.84,10,358.84,35.88,322.96,Apple Pay,Store
TXN-0034294,2026-09-14,DXB-002,Dubai,CUST-02091,P008,Desk,Furniture,2,812.76,10,1625.53,162.55,1462.97,Cash,Store
TXN-0034436,2026-09-14,DXB-005,Dubai,CUST-01768,P001,Laptop,Electronics,2,2779.34,10,5558.69,555.87,5002.82,Card,Store
TXN-0034490,2026-09-14,DXB-003,Dubai,CUST-07432,P010,Printer,Office,3,718.59,10,2155.76,215.58,1940.19,Apple Pay,Store
TXN-0034603,2026-09-14,DXB-001,Dubai,CUST-04901,P004,Monitor,Electronics,2,894.05,5,1788.09,89.4,1698.69,Apple Pay,Store
TXN-0034672,2026-09-14,DXB-003,Dubai,CUST-04473,P007,Office Chair,Furniture,1,657.45,20,657.45,131.49,525.96,Card,Store
TXN-0034753,2026-09-14,DXB-004,Dubai,CUST-03768,P006,Mouse,Accessories,2,108.88,5,217.75,10.89,206.87,Apple Pay,Store
TXN-0034787,2026-09-14,DXB-003,Dubai,CUST-06695,P014,Power Bank,Electronics,2,168.81,0,337.61,0.0,337.61,Card,Online
TXN-0034889,2026-09-14,DXB-001,Dubai,CUST-06155,P015,Tablet,Electronics,1,1323.29,0,1323.29,0.0,1323.29,Apple Pay,Store
TXN-0034913,2026-09-14,DXB-001,Dubai,CUST-02732,P007,Office Chair,Furniture,4,657.16,5,2628.63,131.43,2497.2,Cash,Online
TXN-0035011,2026-09-14,DXB-001,Dubai,CUST-01439,P004,Monitor,Electronics,2,810.36,15,1620.71,243.11,1377.61,Apple Pay,Store
TXN-0035022,2026-09-14,DXB-004,Dubai,CUST-06574,P014,Power Bank,Electronics,1,153.4,5,153.4,7.67,145.73,Cash,Online
TXN-0035040,2026-09-14,DXB-004,Dubai,CUST-00164,P002,Smartphone,Electronics,3,1865.28,10,5595.85,559.58,5036.26,Bank Transfer,Store
TXN-0035085,2026-09-14,DXB-003,Dubai,CUST-02807,P008,Desk,Furniture,1,699.92,15,699.92,104.99,594.93,Card,Online
TXN-0035107,2026-09-14,DXB-005,Dubai,CUST-03317,P006,Mouse,Accessories,1,101.0,20,101.0,20.2,80.8,Apple Pay,Store
TXN-0035153,2026-09-14,DXB-002,Dubai,CUST-03377,P007,Office Chair,Furniture,1,672.1,10,672.1,67.21,604.89,Card,Store
TXN-0035175,2026-09-14,DXB-005,Dubai,CUST-02407,P007,Office Chair,Furniture,1,608.63,20,608.63,121.73,486.9,Cash,Store
TXN-0035195,2026-09-14,DXB-001,Dubai,CUST-06712,P013,USB Drive,Accessories,1,50.3,0,50.3,0.0,50.3,Cash,Store
TXN-0035246,2026-09-14,DXB-003,Dubai,CUST-02214,P013,USB Drive,Accessories,1,46.2,0,46.2,0.0,46.2,Apple Pay,Online
TXN-0035261,2026-09-14,DXB-001,Dubai,CUST-00042,P008,Desk,Furniture,1,788.5,5,788.5,39.43,749.08,Card,Store
TXN-0035264,2026-09-14,DXB-001,Dubai,CUST-07657,P007,Office Chair,Furniture,1,657.21,15,657.21,98.58,558.62,Card,Store
TXN-0035313,2026-09-14,DXB-005,Dubai,CUST-04090,P012,Pen Pack,Stationery,2,15.73,0,31.46,0.0,31.46,Card,Online
TXN-0035397,2026-09-14,DXB-003,Dubai,CUST-05160,P012,Pen Pack,Stationery,1,16.29,20,16.29,3.26,13.03,Card,Online
TXN-0035410,2026-09-14,DXB-003,Dubai,CUST-07691,P005,Keyboard,Accessories,3,168.3,10,504.91,50.49,454.42,Card,Store
TXN-0035433,2026-09-14,DXB-003,Dubai,CUST-02293,P013,USB Drive,Accessories,4,44.2,0,176.81,0.0,176.81,Card,Online
TXN-0035489,2026-09-14,DXB-002,Dubai,CUST-01721,P010,Printer,Office,1,659.42,5,659.42,32.97,626.45,Card,Store
TXN-0035581,2026-09-14,DXB-001,Dubai,CUST-03903,P012,Pen Pack,Stationery,5,15.26,0,76.28,0.0,76.28,Bank Transfer,Store
TXN-0035604,2026-09-14,DXB-001,Dubai,CUST-02067,P011,Notebook,Stationery,1,23.68,5,23.68,1.18,22.49,Card,Online
TXN-0035616,2026-09-14,DXB-003,Dubai,CUST-00818,P010,Printer,Office,6,649.08,15,3894.5,584.17,3310.32,Card,Online
TXN-0035672,2026-09-14,DXB-003,Dubai,CUST-05707,P004,Monitor,Electronics,5,932.53,5,4662.63,233.13,4429.5,Cash,Store
TXN-0035724,2026-09-14,DXB-004,Dubai,CUST-00378,P014,Power Bank,Electronics,1,153.03,10,153.03,15.3,137.72,Apple Pay,Store
TXN-0035801,2026-09-14,DXB-001,Dubai,CUST-05942,P001,Laptop,Electronics,1,2704.67,5,2704.67,135.23,2569.43,Apple Pay,Store
TXN-0035833,2026-09-14,DXB-003,Dubai,CUST-00679,P007,Office Chair,Furniture,1,664.55,15,664.55,99.68,564.87,Apple Pay,Store
TXN-0035892,2026-09-14,DXB-005,Dubai,CUST-00576,P010,Printer,Office,2,721.66,0,1443.32,0.0,1443.32,Bank Transfer,Store
TXN-0036044,2026-09-14,DXB-004,Dubai,CUST-00039,P012,Pen Pack,Stationery,1,14.14,0,14.14,0.0,14.14,Card,Store
TXN-0036120,2026-09-14,DXB-002,Dubai,CUST-05276,P003,Headphones,Electronics,3,332.12,0,996.36,0.0,996.36,Apple Pay,Store
TXN-0036368,2026-09-14,DXB-004,Dubai,CUST-07483,P007,Office Chair,Furniture,2,642.78,0,1285.56,0.0,1285.56,Card,Store
TXN-0036380,2026-09-14,DXB-005,Dubai,CUST-01159,P007,Office Chair,Furniture,1,681.69,10,681.69,68.17,613.53,Bank Transfer,Store
TXN-0036402,2026-09-14,DXB-005,Dubai,CUST-07918,P006,Mouse,Accessories,5,114.63,20,573.17,114.63,458.54,Card,Store
TXN-0036405,2026-09-14,DXB-004,Dubai,CUST-03929,P008,Desk,Furniture,3,745.46,0,2236.39,0.0,2236.39,Bank Transfer,Store
TXN-0036487,2026-09-14,DXB-005,Dubai,CUST-05765,P004,Monitor,Electronics,3,973.56,5,2920.67,146.03,2774.63,Card,Online
TXN-0036576,2026-09-14,DXB-003,Dubai,CUST-07080,P012,Pen Pack,Stationery,2,14.91,0,29.82,0.0,29.82,Card,Online
TXN-0036591,2026-09-14,DXB-001,Dubai,CUST-02188,P008,Desk,Furniture,1,755.72,0,755.72,0.0,755.72,Apple Pay,Online
TXN-0036646,2026-09-14,DXB-004,Dubai,CUST-04325,P010,Printer,Office,1,721.34,20,721.34,144.27,577.07,Card,Store
TXN-0036749,2026-09-14,DXB-002,Dubai,CUST-02271,P004,Monitor,Electronics,1,867.81,10,867.81,86.78,781.03,Apple Pay,Store
TXN-0036780,2026-09-14,DXB-003,Dubai,CUST-05615,P010,Printer,Office,1,716.13,15,716.13,107.42,608.71,Card,Store
TXN-0036890,2026-09-14,DXB-002,Dubai,CUST-07210,P005,Keyboard,Accessories,2,178.94,5,357.88,17.89,339.98,Card,Store
TXN-0036909,2026-09-14,DXB-002,Dubai,CUST-05457,P007,Office Chair,Furniture,1,580.88,10,580.88,58.09,522.79,Card,Online
TXN-0036918,2026-09-14,DXB-001,Dubai,CUST-04760,P003,Headphones,Electronics,2,394.52,10,789.03,78.9,710.13,Bank Transfer,Store
TXN-0037031,2026-09-14,DXB-003,Dubai,CUST-06610,P006,Mouse,Accessories,3,97.04,0,291.11,0.0,291.11,Apple Pay,Store
TXN-0037090,2026-09-14,DXB-004,Dubai,CUST-06745,P010,Printer,Office,1,684.76,10,684.76,68.48,616.29,Bank Transfer,Store
TXN-0037244,2026-09-14,DXB-003,Dubai,CUST-01919,P012,Pen Pack,Stationery,3,14.63,15,43.88,6.58,37.3,Card,Store
TXN-0037295,2026-09-14,DXB-001,Dubai,CUST-04738,P003,Headphones,Electronics,1,338.71,5,338.71,16.94,321.78,Card,Online
TXN-0037306,2026-09-14,DXB-002,Dubai,CUST-01253,P014,Power Bank,Electronics,1,145.55,10,145.55,14.56,131.0,Card,Store
TXN-0037314,2026-09-14,DXB-001,Dubai,CUST-04425,P005,Keyboard,Accessories,2,182.23,10,364.46,36.45,328.01,Apple Pay,Store
TXN-0037358,2026-09-14,DXB-003,Dubai,CUST-03549,P011,Notebook,Stationery,1,24.02,15,24.02,3.6,20.42,Card,Online
TXN-0037427,2026-09-14,DXB-004,Dubai,CUST-05924,P005,Keyboard,Accessories,1,205.06,5,205.06,10.25,194.81,Card,Store
TXN-0037446,2026-09-14,DXB-002,Dubai,CUST-01161,P001,Laptop,Electronics,4,2589.27,0,10357.08,0.0,10357.08,Cash,Store
TXN-0037469,2026-09-14,DXB-003,Dubai,CUST-05166,P003,Headphones,Electronics,1,348.05,0,348.05,0.0,348.05,Cash,Online
TXN-0037595,2026-09-14,DXB-005,Dubai,CUST-04257,P010,Printer,Office,1,702.16,15,702.16,105.32,596.83,Card,Store
TXN-0037653,2026-09-14,DXB-001,Dubai,CUST-01947,P010,Printer,Office,1,728.16,0,728.16,0.0,728.16,Card,Online
TXN-0037661,2026-09-14,DXB-001,Dubai,CUST-01494,P005,Keyboard,Accessories,2,186.49,15,372.98,55.95,317.03,Apple Pay,Store
TXN-0037741,2026-09-14,DXB-002,Dubai,CUST-00098,P009,Backpack,Accessories,5,209.08,5,1045.4,52.27,993.13,Apple Pay,Store
TXN-0037812,2026-09-14,DXB-004,Dubai,CUST-00597,P014,Power Bank,Electronics,1,153.9,10,153.9,15.39,138.51,Card,Store
TXN-0037892,2026-09-14,DXB-005,Dubai,CUST-04534,P009,Backpack,Accessories,2,205.49,10,410.99,41.1,369.89,Cash,Store
TXN-0037970,2026-09-14,DXB-003,Dubai,CUST-04978,P003,Headphones,Electronics,1,346.7,0,346.7,0.0,346.7,Card,Online
TXN-0037975,2026-09-14,DXB-002,Dubai,CUST-00206,P010,Printer,Office,2,685.52,0,1371.04,0.0,1371.04,Card,Online
TXN-0038060,2026-09-14,DXB-002,Dubai,CUST-01242,P015,Tablet,Electronics,2,991.7,10,1983.4,198.34,1785.06,Bank Transfer,Store
TXN-0038068,2026-09-14,DXB-001,Dubai,CUST-06357,P013,USB Drive,Accessories,1,47.9,0,47.9,0.0,47.9,Card,Store
TXN-0038105,2026-09-14,DXB-005,Dubai,CUST-04724,P011,Notebook,Stationery,1,25.02,0,25.02,0.0,25.02,Card,Store
TXN-0038137,2026-09-14,DXB-002,Dubai,CUST-02945,P008,Desk,Furniture,1,788.5,5,788.5,39.42,749.07,Card,Store
TXN-0038147,2026-09-14,DXB-003,Dubai,CUST-00725,P001,Laptop,Electronics,1,2881.45,5,2881.45,144.07,2737.37,Bank Transfer,Store
TXN-0038157,2026-09-14,DXB-003,Dubai,CUST-00320,P002,Smartphone,Electronics,1,1710.21,0,1710.21,0.0,1710.21,Apple Pay,Online
TXN-0038279,2026-09-14,DXB-001,Dubai,CUST-01435,P001,Laptop,Electronics,1,2732.7,20,2732.7,546.54,2186.16,Card,Store
TXN-0038304,2026-09-14,DXB-004,Dubai,CUST-00809,P005,Keyboard,Accessories,1,172.84,10,172.84,17.28,155.56,Card,Store
TXN-0038357,2026-09-14,DXB-001,Dubai,CUST-05163,P010,Printer,Office,1,701.01,10,701.01,70.1,630.91,Card,Store
TXN-0038416,2026-09-14,DXB-002,Dubai,CUST-01194,P013,USB Drive,Accessories,1,45.77,5,45.77,2.29,43.48,Cash,Online
TXN-0038467,2026-09-14,DXB-005,Dubai,CUST-03944,P003,Headphones,Electronics,3,345.44,0,1036.31,0.0,1036.31,Apple Pay,Store
TXN-0038577,2026-09-14,DXB-003,Dubai,CUST-00728,P013,USB Drive,Accessories,3,43.05,0,129.15,0.0,129.15,Cash,Online
TXN-0038583,2026-09-14,DXB-003,Dubai,CUST-00360,P012,Pen Pack,Stationery,4,14.0,15,56.0,8.4,47.6,Card,Store
TXN-0038624,2026-09-14,DXB-003,Dubai,CUST-07820,P006,Mouse,Accessories,1,98.1,15,98.1,14.72,83.39,Cash,Store
TXN-0038737,2026-09-14,DXB-002,Dubai,CUST-07120,P001,Laptop,Electronics,1,2956.78,5,2956.78,147.84,2808.94,Card,Online
TXN-0038739,2026-09-14,DXB-003,Dubai,CUST-06434,P002,Smartphone,Electronics,1,1773.96,5,1773.96,88.7,1685.27,Card,Online
TXN-0038807,2026-09-14,DXB-004,Dubai,CUST-05228,P010,Printer,Office,2,664.23,20,1328.45,265.69,1062.76,Bank Transfer,Online
TXN-0038814,2026-09-14,DXB-003,Dubai,CUST-04744,P006,Mouse,Accessories,1,102.15,10,102.15,10.21,91.93,Card,Store
TXN-0038815,2026-09-14,DXB-005,Dubai,CUST-04956,P014,Power Bank,Electronics,1,171.29,0,171.29,0.0,171.29,Apple Pay,Online
TXN-0038923,2026-09-14,DXB-002,Dubai,CUST-07062,P015,Tablet,Electronics,1,1210.08,10,1210.08,121.01,1089.07,Card,Store
TXN-0038924,2026-09-14,DXB-001,Dubai,CUST-07158,P010,Printer,Office,2,684.68,5,1369.35,68.47,1300.89,Apple Pay,Store
TXN-0038989,2026-09-14,DXB-004,Dubai,CUST-00447,P007,Office Chair,Furniture,1,679.75,0,679.75,0.0,679.75,Bank Transfer,Online
TXN-0039013,2026-09-14,DXB-004,Dubai,CUST-05062,P014,Power Bank,Electronics,2,145.13,10,290.26,29.03,261.23,Card,Online
TXN-0039041,2026-09-14,DXB-001,Dubai,CUST-05477,P009,Backpack,Accessories,3,237.38,10,712.13,71.21,640.91,Card,Online
TXN-0039197,2026-09-14,DXB-004,Dubai,CUST-04640,P014,Power Bank,Electronics,1,143.31,10,143.31,14.33,128.98,Card,Store
TXN-0039201,2026-09-14,DXB-005,Dubai,CUST-05861,P014,Power Bank,Electronics,3,171.61,0,514.82,0.0,514.82,Bank Transfer,Online
TXN-0039224,2026-09-14,DXB-005,Dubai,CUST-07820,P006,Mouse,Accessories,1,103.57,15,103.57,15.54,88.03,Apple Pay,Store
TXN-0039246,2026-09-14,DXB-003,Dubai,CUST-07911,P004,Monitor,Electronics,1,870.99,0,870.99,0.0,870.99,Cash,Store
TXN-0039272,2026-09-14,DXB-002,Dubai,CUST-00224,P001,Laptop,Electronics,5,2750.24,15,13751.2,2062.68,11688.52,Apple Pay,Online
TXN-0039416,2026-09-14,DXB-002,Dubai,CUST-06510,P008,Desk,Furniture,3,836.14,0,2508.43,0.0,2508.43,Cash,Online
TXN-0039434,2026-09-14,DXB-002,Dubai,CUST-04526,P006,Mouse,Accessories,3,103.47,0,310.42,0.0,310.42,Apple Pay,Store
TXN-0039483,2026-09-14,DXB-003,Dubai,CUST-01751,P005,Keyboard,Accessories,2,198.2,0,396.4,0.0,396.4,Card,Online
TXN-0039575,2026-09-14,DXB-002,Dubai,CUST-00781,P013,USB Drive,Accessories,1,50.49,5,50.49,2.52,47.97,Apple Pay,Store
TXN-0039648,2026-09-14,DXB-001,Dubai,CUST-04246,P009,Backpack,Accessories,3,200.0,10,599.99,60.0,539.99,Cash,Store
TXN-0039786,2026-09-14,DXB-002,Dubai,CUST-01686,P006,Mouse,Accessories,3,95.33,0,286.0,0.0,286.0,Bank Transfer,Store
TXN-0039792,2026-09-14,DXB-003,Dubai,CUST-03648,P006,Mouse,Accessories,2,100.99,20,201.97,40.39,161.58,Card,Store
TXN-0039828,2026-09-14,DXB-002,Dubai,CUST-00750,P009,Backpack,Accessories,1,223.08,10,223.08,22.31,200.77,Cash,Store
TXN-0039832,2026-09-14,DXB-003,Dubai,CUST-06179,P010,Printer,Office,1,681.13,10,681.13,68.11,613.01,Card,Store
TXN-0039845,2026-09-14,DXB-002,Dubai,CUST-03467,P011,Notebook,Stationery,1,25.68,5,25.68,1.28,24.39,Card,Store
TXN-0039846,2026-09-14,DXB-002,Dubai,CUST-06332,P008,Desk,Furniture,1,772.53,0,772.53,0.0,772.53,Card,Online
TXN-0039902,2026-09-14,DXB-003,Dubai,CUST-06655,P005,Keyboard,Accessories,2,186.0,5,372.0,18.6,353.4,Cash,Online
TXN-0039995,2026-09-14,DXB-004,Dubai,CUST-03225,P015,Tablet,Electronics,2,1182.8,0,2365.59,0.0,2365.59,Card,Store
TXN-0040033,2026-09-14,DXB-005,Dubai,CUST-03812,P008,Desk,Furniture,4,815.98,10,3263.94,326.39,2937.55,Apple Pay,Store
TXN-0040106,2026-09-14,DXB-005,Dubai,CUST-02324,P006,Mouse,Accessories,1,106.83,0,106.83,0.0,106.83,Card,Online
TXN-0040122,2026-09-14,DXB-002,Dubai,CUST-00152,P005,Keyboard,Accessories,1,179.09,5,179.09,8.95,170.14,Apple Pay,Store
TXN-0040266,2026-09-14,DXB-004,Dubai,CUST-01962,P001,Laptop,Electronics,2,2596.73,0,5193.47,0.0,5193.47,Card,Online
TXN-0040285,2026-09-14,DXB-005,Dubai,CUST-02078,P011,Notebook,Stationery,1,25.3,0,25.3,0.0,25.3,Apple Pay,Store
TXN-0040288,2026-09-14,DXB-001,Dubai,CUST-00692,P002,Smartphone,Electronics,1,1906.28,10,1906.28,190.63,1715.65,Card,Online
TXN-0040312,2026-09-14,DXB-001,Dubai,CUST-07882,P014,Power Bank,Electronics,5,158.38,0,791.89,0.0,791.89,Card,Store
TXN-0040372,2026-09-14,DXB-004,Dubai,CUST-01187,P005,Keyboard,Accessories,3,189.45,5,568.36,28.42,539.94,Card,Online
TXN-0040377,2026-09-14,DXB-003,Dubai,CUST-06111,P005,Keyboard,Accessories,1,176.63,0,176.63,0.0,176.63,Bank Transfer,Store
TXN-0040425,2026-09-14,DXB-003,Dubai,CUST-01386,P009,Backpack,Accessories,1,231.4,0,231.4,0.0,231.4,Cash,Store
TXN-0040433,2026-09-14,DXB-003,Dubai,CUST-00397,P015,Tablet,Electronics,3,1154.88,0,3464.63,0.0,3464.63,Cash,Store
TXN-0040438,2026-09-14,DXB-001,Dubai,CUST-07749,P002,Smartphone,Electronics,3,1684.35,20,5053.04,1010.61,4042.43,Cash,Online
TXN-0040449,2026-09-14,DXB-005,Dubai,CUST-01772,P014,Power Bank,Electronics,1,145.27,10,145.27,14.53,130.74,Apple Pay,Store
TXN-0040452,2026-09-14,DXB-003,Dubai,CUST-01967,P013,USB Drive,Accessories,1,41.17,10,41.17,4.12,37.05,Card,Online
TXN-0040464,2026-09-14,DXB-002,Dubai,CUST-07726,P008,Desk,Furniture,1,799.86,0,799.86,0.0,799.86,Card,Online
TXN-0040481,2026-09-14,DXB-004,Dubai,CUST-04983,P001,Laptop,Electronics,2,2873.26,15,5746.52,861.98,4884.54,Card,Store
TXN-0040582,2026-09-14,DXB-004,Dubai,CUST-03295,P002,Smartphone,Electronics,3,1893.6,5,5680.8,284.04,5396.76,Card,Store
TXN-0040631,2026-09-14,DXB-005,Dubai,CUST-02254,P015,Tablet,Electronics,2,1250.93,5,2501.85,125.09,2376.76,Card,Store
TXN-0040652,2026-09-14,DXB-004,Dubai,CUST-03746,P002,Smartphone,Electronics,1,1965.28,5,1965.28,98.26,1867.02,Apple Pay,Store
TXN-0040720,2026-09-14,DXB-002,Dubai,CUST-07767,P001,Laptop,Electronics,1,2881.89,0,2881.89,0.0,2881.89,Card,Online
TXN-0040732,2026-09-14,DXB-001,Dubai,CUST-03282,P011,Notebook,Stationery,3,25.33,0,76.0,0.0,76.0,Card,Store
TXN-0040759,2026-09-14,DXB-005,Dubai,CUST-00877,P012,Pen Pack,Stationery,1,13.54,0,13.54,0.0,13.54,Cash,Store
TXN-0040784,2026-09-14,DXB-005,Dubai,CUST-07694,P005,Keyboard,Accessories,2,188.02,0,376.04,0.0,376.04,Card,Online
TXN-0040834,2026-09-14,DXB-002,Dubai,CUST-00856,P002,Smartphone,Electronics,4,1620.93,5,6483.74,324.19,6159.55,Cash,Store
TXN-0040950,2026-09-14,DXB-004,Dubai,CUST-00584,P008,Desk,Furniture,1,755.46,10,755.46,75.55,679.92,Cash,Store
TXN-0041049,2026-09-14,DXB-002,Dubai,CUST-02129,P005,Keyboard,Accessories,1,179.71,15,179.71,26.96,152.75,Cash,Online
TXN-0041105,2026-09-14,DXB-005,Dubai,CUST-00068,P006,Mouse,Accessories,1,90.51,5,90.51,4.53,85.98,Cash,Store
TXN-0041124,2026-09-14,DXB-001,Dubai,CUST-00711,P013,USB Drive,Accessories,2,45.6,15,91.2,13.68,77.52,Card,Store
TXN-0041130,2026-09-14,DXB-001,Dubai,CUST-01842,P012,Pen Pack,Stationery,2,15.64,0,31.28,0.0,31.28,Card,Store
TXN-0041153,2026-09-14,DXB-003,Dubai,CUST-00711,P012,Pen Pack,Stationery,3,14.06,0,42.18,0.0,42.18,Apple Pay,Store
TXN-0041277,2026-09-14,DXB-003,Dubai,CUST-01926,P005,Keyboard,Accessories,1,202.3,5,202.3,10.12,192.19,Card,Store
TXN-0041466,2026-09-14,DXB-005,Dubai,CUST-01225,P008,Desk,Furniture,1,686.01,0,686.01,0.0,686.01,Cash,Store
TXN-0041468,2026-09-14,DXB-003,Dubai,CUST-02663,P008,Desk,Furniture,1,872.82,10,872.82,87.28,785.54,Card,Store
TXN-0041656,2026-09-14,DXB-001,Dubai,CUST-02946,P010,Printer,Office,3,599.14,10,1797.42,179.74,1617.68,Card,Store
TXN-0041704,2026-09-14,DXB-002,Dubai,CUST-01205,P011,Notebook,Stationery,5,24.22,20,121.08,24.22,96.87,Card,Store
TXN-0041713,2026-09-14,DXB-005,Dubai,CUST-06931,P003,Headphones,Electronics,2,363.0,15,726.0,108.9,617.1,Bank Transfer,Store
TXN-0041829,2026-09-14,DXB-002,Dubai,CUST-02770,P006,Mouse,Accessories,5,113.47,5,567.37,28.37,539.0,Apple Pay,Store
TXN-0041998,2026-09-14,DXB-002,Dubai,CUST-04397,P013,USB Drive,Accessories,3,42.15,0,126.45,0.0,126.45,Apple Pay,Store
TXN-0042099,2026-09-14,DXB-002,Dubai,CUST-05334,P007,Office Chair,Furniture,1,668.19,20,668.19,133.64,534.55,Card,Store
TXN-0042139,2026-09-14,DXB-001,Dubai,CUST-02184,P010,Printer,Office,4,768.72,0,3074.87,0.0,3074.87,Card,Online
TXN-0042148,2026-09-14,DXB-004,Dubai,CUST-03333,P010,Printer,Office,2,752.98,15,1505.96,225.89,1280.07,Card,Online
TXN-0042175,2026-09-14,DXB-001,Dubai,CUST-04012,P008,Desk,Furniture,4,839.03,0,3356.13,0.0,3356.13,Card,Online
TXN-0042201,2026-09-14,DXB-004,Dubai,CUST-02788,P015,Tablet,Electronics,2,1139.89,5,2279.79,113.99,2165.8,Apple Pay,Online
TXN-0042262,2026-09-14,DXB-001,Dubai,CUST-06288,P006,Mouse,Accessories,1,99.65,10,99.65,9.96,89.68,Card,Store
TXN-0042271,2026-09-14,DXB-002,Dubai,CUST-02195,P011,Notebook,Stationery,3,23.27,0,69.82,0.0,69.82,Card,Online
TXN-0042337,2026-09-14,DXB-004,Dubai,CUST-04025,P013,USB Drive,Accessories,1,43.75,5,43.75,2.19,41.56,Card,Store
TXN-0042344,2026-09-14,DXB-005,Dubai,CUST-03399,P014,Power Bank,Electronics,1,139.47,0,139.47,0.0,139.47,Card,Store
TXN-0042360,2026-09-14,DXB-003,Dubai,CUST-03322,P012,Pen Pack,Stationery,2,14.45,0,28.91,0.0,28.91,Apple Pay,Online
TXN-0042450,2026-09-14,DXB-001,Dubai,CUST-07464,P005,Keyboard,Accessories,2,185.29,5,370.58,18.53,352.05,Card,Online
TXN-0042560,2026-09-14,DXB-001,Dubai,CUST-01628,P002,Smartphone,Electronics,1,1996.23,15,1996.23,299.44,1696.8,Cash,Store
TXN-0042614,2026-09-14,DXB-005,Dubai,CUST-06338,P007,Office Chair,Furniture,1,634.38,10,634.38,63.44,570.94,Card,Store
TXN-0042621,2026-09-14,DXB-002,Dubai,CUST-03231,P014,Power Bank,Electronics,1,136.13,10,136.13,13.61,122.51,Apple Pay,Store
TXN-0042651,2026-09-14,DXB-004,Dubai,CUST-03909,P015,Tablet,Electronics,1,1128.72,10,1128.72,112.87,1015.84,Bank Transfer,Store
TXN-0042678,2026-09-14,DXB-002,Dubai,CUST-05110,P009,Backpack,Accessories,2,234.16,15,468.32,70.25,398.07,Bank Transfer,Store
TXN-0042767,2026-09-14,DXB-001,Dubai,CUST-05257,P008,Desk,Furniture,1,727.58,0,727.58,0.0,727.58,Card,Store
TXN-0042817,2026-09-14,DXB-004,Dubai,CUST-03380,P011,Notebook,Stationery,1,26.66,5,26.66,1.33,25.32,Cash,Store
TXN-0042853,2026-09-14,DXB-003,Dubai,CUST-00786,P004,Monitor,Electronics,1,889.38,0,889.38,0.0,889.38,Cash,Store
TXN-0042924,2026-09-14,DXB-003,Dubai,CUST-03800,P014,Power Bank,Electronics,1,151.76,5,151.76,7.59,144.18,Card,Online
TXN-0042981,2026-09-14,DXB-003,Dubai,CUST-01258,P009,Backpack,Accessories,1,237.89,15,237.89,35.68,202.2,Apple Pay,Store
TXN-0043043,2026-09-14,DXB-002,Dubai,CUST-02866,P011,Notebook,Stationery,4,24.48,15,97.92,14.69,83.23,Card,Store
TXN-0043124,2026-09-14,DXB-003,Dubai,CUST-01800,P015,Tablet,Electronics,2,1102.71,0,2205.43,0.0,2205.43,Card,Store
TXN-0043297,2026-09-14,DXB-004,Dubai,CUST-02116,P005,Keyboard,Accessories,1,174.31,10,174.31,17.43,156.87,Card,Store
TXN-0043320,2026-09-14,DXB-005,Dubai,CUST-01484,P008,Desk,Furniture,1,786.75,10,786.75,78.67,708.07,Cash,Store
TXN-0043347,2026-09-14,DXB-002,Dubai,CUST-01224,P001,Laptop,Electronics,1,2526.72,0,2526.72,0.0,2526.72,Card,Store
TXN-0043364,2026-09-14,DXB-002,Dubai,CUST-02718,P007,Office Chair,Furniture,2,560.42,0,1120.85,0.0,1120.85,Bank Transfer,Online
TXN-0043386,2026-09-14,DXB-002,Dubai,CUST-04143,P012,Pen Pack,Stationery,2,15.21,5,30.42,1.52,28.9,Card,Store
TXN-0043424,2026-09-14,DXB-003,Dubai,CUST-02568,P013,USB Drive,Accessories,2,46.65,15,93.3,13.99,79.3,Card,Store
TXN-0043464,2026-09-14,DXB-004,Dubai,CUST-00895,P010,Printer,Office,4,685.68,10,2742.73,274.27,2468.46,Cash,Store
TXN-0043511,2026-09-14,DXB-004,Dubai,CUST-03683,P007,Office Chair,Furniture,1,661.62,0,661.62,0.0,661.62,Card,Store
TXN-0043515,2026-09-14,DXB-001,Dubai,CUST-02443,P003,Headphones,Electronics,1,342.99,0,342.99,0.0,342.99,Card,Online
TXN-0043578,2026-09-14,DXB-004,Dubai,CUST-01821,P003,Headphones,Electronics,6,349.03,5,2094.21,104.71,1989.5,Apple Pay,Online
TXN-0043712,2026-09-14,DXB-002,Dubai,CUST-05100,P015,Tablet,Electronics,4,1167.98,0,4671.93,0.0,4671.93,Bank Transfer,Store
TXN-0043768,2026-09-14,DXB-004,Dubai,CUST-04858,P002,Smartphone,Electronics,1,1751.75,0,1751.75,0.0,1751.75,Cash,Store
TXN-0043803,2026-09-14,DXB-003,Dubai,CUST-05240,P002,Smartphone,Electronics,1,1791.67,10,1791.67,179.17,1612.5,Apple Pay,Online
TXN-0043841,2026-09-14,DXB-001,Dubai,CUST-05642,P007,Office Chair,Furniture,4,692.7,5,2770.8,138.54,2632.26,Bank Transfer,Store
TXN-0043892,2026-09-14,DXB-003,Dubai,CUST-04996,P007,Office Chair,Furniture,5,630.12,0,3150.6,0.0,3150.6,Cash,Store
TXN-0043907,2026-09-14,DXB-004,Dubai,CUST-07531,P001,Laptop,Electronics,1,2760.77,0,2760.77,0.0,2760.77,Apple Pay,Store
TXN-0043950,2026-09-14,DXB-003,Dubai,CUST-02232,P003,Headphones,Electronics,1,367.12,0,367.12,0.0,367.12,Card,Store
TXN-0043975,2026-09-14,DXB-002,Dubai,CUST-01994,P013,USB Drive,Accessories,2,45.56,0,91.11,0.0,91.11,Card,Store
TXN-0044071,2026-09-14,DXB-005,Dubai,CUST-02139,P013,USB Drive,Accessories,1,45.83,10,45.83,4.58,41.24,Card,Store
TXN-0044102,2026-09-14,DXB-005,Dubai,CUST-06612,P002,Smartphone,Electronics,1,1612.27,0,1612.27,0.0,1612.27,Card,Store
TXN-0044160,2026-09-14,DXB-002,Dubai,CUST-03258,P014,Power Bank,Electronics,4,147.8,5,591.21,29.56,561.65,Card,Store
TXN-0044166,2026-09-14,DXB-003,Dubai,CUST-05865,P005,Keyboard,Accessories,1,203.24,5,203.24,10.16,193.08,Cash,Online
TXN-0044167,2026-09-14,DXB-004,Dubai,CUST-05911,P002,Smartphone,Electronics,1,1868.92,0,1868.92,0.0,1868.92,Card,Store
TXN-0044186,2026-09-14,DXB-002,Dubai,CUST-02630,P008,Desk,Furniture,2,836.44,5,1672.89,83.64,1589.24,Cash,Store
TXN-0044212,2026-09-14,DXB-001,Dubai,CUST-02907,P005,Keyboard,Accessories,2,180.68,5,361.36,18.07,343.29,Apple Pay,Store
TXN-0044238,2026-09-14,DXB-003,Dubai,CUST-00037,P002,Smartphone,Electronics,3,1596.07,10,4788.22,478.82,4309.39,Apple Pay,Store
TXN-0044400,2026-09-14,DXB-004,Dubai,CUST-07006,P015,Tablet,Electronics,1,1259.88,0,1259.88,0.0,1259.88,Card,Store
TXN-0044471,2026-09-14,DXB-001,Dubai,CUST-00268,P008,Desk,Furniture,4,860.63,5,3442.54,172.13,3270.41,Apple Pay,Store
TXN-0044517,2026-09-14,DXB-001,Dubai,CUST-02276,P014,Power Bank,Electronics,2,175.29,10,350.58,35.06,315.52,Card,Store
TXN-0044556,2026-09-14,DXB-001,Dubai,CUST-02081,P015,Tablet,Electronics,1,1200.83,10,1200.83,120.08,1080.75,Apple Pay,Store
TXN-0044594,2026-09-14,DXB-001,Dubai,CUST-03723,P012,Pen Pack,Stationery,2,14.83,10,29.67,2.97,26.7,Card,Store
TXN-0044634,2026-09-14,DXB-001,Dubai,CUST-03156,P012,Pen Pack,Stationery,4,13.65,0,54.6,0.0,54.6,Bank Transfer,Online
TXN-0044642,2026-09-14,DXB-001,Dubai,CUST-02300,P015,Tablet,Electronics,1,1152.53,0,1152.53,0.0,1152.53,Apple Pay,Online
TXN-0044685,2026-09-14,DXB-001,Dubai,CUST-00187,P006,Mouse,Accessories,2,87.98,5,175.97,8.8,167.17,Bank Transfer,Store
TXN-0044775,2026-09-14,DXB-004,Dubai,CUST-01487,P008,Desk,Furniture,2,818.84,5,1637.68,81.88,1555.79,Card,Store
TXN-0044780,2026-09-14,DXB-001,Dubai,CUST-05721,P015,Tablet,Electronics,1,1096.72,0,1096.72,0.0,1096.72,Apple Pay,Store
TXN-0044824,2026-09-14,DXB-001,Dubai,CUST-05700,P001,Laptop,Electronics,2,2927.23,5,5854.46,292.72,5561.73,Apple Pay,Store
TXN-0044853,2026-09-14,DXB-003,Dubai,CUST-01021,P007,Office Chair,Furniture,2,639.3,0,1278.61,0.0,1278.61,Apple Pay,Store
TXN-0044953,2026-09-14,DXB-003,Dubai,CUST-01893,P009,Backpack,Accessories,1,198.97,0,198.97,0.0,198.97,Cash,Store
TXN-0044995,2026-09-14,DXB-005,Dubai,CUST-07955,P004,Monitor,Electronics,1,883.78,0,883.78,0.0,883.78,Cash,Store
TXN-0045019,2026-09-14,DXB-002,Dubai,CUST-00364,P015,Tablet,Electronics,2,1270.32,0,2540.64,0.0,2540.64,Bank Transfer,Store
TXN-0045093,2026-09-14,DXB-002,Dubai,CUST-07933,P007,Office Chair,Furniture,1,649.02,0,649.02,0.0,649.02,Card,Online
TXN-0045156,2026-09-14,DXB-001,Dubai,CUST-07777,P001,Laptop,Electronics,1,3127.77,20,3127.77,625.55,2502.22,Cash,Store
TXN-0045160,2026-09-14,DXB-004,Dubai,CUST-06427,P012,Pen Pack,Stationery,1,13.67,0,13.67,0.0,13.67,Card,Store
TXN-0045168,2026-09-14,DXB-002,Dubai,CUST-03146,P002,Smartphone,Electronics,1,1945.6,0,1945.6,0.0,1945.6,Card,Online
TXN-0045174,2026-09-14,DXB-001,Dubai,CUST-05166,P014,Power Bank,Electronics,1,153.83,15,153.83,23.07,130.75,Apple Pay,Store
TXN-0045280,2026-09-14,DXB-003,Dubai,CUST-03747,P013,USB Drive,Accessories,2,46.96,0,93.92,0.0,93.92,Card,Store
TXN-0045310,2026-09-14,DXB-003,Dubai,CUST-03018,P006,Mouse,Accessories,1,97.2,15,97.2,14.58,82.62,Bank Transfer,Online
TXN-0045526,2026-09-14,DXB-002,Dubai,CUST-07472,P013,USB Drive,Accessories,1,38.27,5,38.27,1.91,36.36,Apple Pay,Store
TXN-0045534,2026-09-14,DXB-002,Dubai,CUST-02514,P006,Mouse,Accessories,1,101.0,10,101.0,10.1,90.9,Apple Pay,Store
TXN-0045659,2026-09-14,DXB-005,Dubai,CUST-01536,P002,Smartphone,Electronics,1,1649.44,0,1649.44,0.0,1649.44,Card,Store
TXN-0045716,2026-09-14,DXB-001,Dubai,CUST-02928,P006,Mouse,Accessories,1,93.73,15,93.73,14.06,79.67,Apple Pay,Store
TXN-0045748,2026-09-14,DXB-002,Dubai,CUST-05379,P001,Laptop,Electronics,1,2581.62,10,2581.62,258.16,2323.46,Cash,Store
TXN-0045865,2026-09-14,DXB-001,Dubai,CUST-00636,P012,Pen Pack,Stationery,2,14.78,5,29.56,1.48,28.08,Apple Pay,Online
TXN-0045902,2026-09-14,DXB-002,Dubai,CUST-06745,P011,Notebook,Stationery,1,25.96,0,25.96,0.0,25.96,Card,Store
TXN-0045904,2026-09-14,DXB-005,Dubai,CUST-04029,P013,USB Drive,Accessories,1,45.62,15,45.62,6.84,38.78,Bank Transfer,Online
TXN-0046026,2026-09-14,DXB-001,Dubai,CUST-06428,P001,Laptop,Electronics,1,2596.71,15,2596.71,389.51,2207.2,Apple Pay,Store
TXN-0046047,2026-09-14,DXB-003,Dubai,CUST-03022,P006,Mouse,Accessories,2,105.02,0,210.03,0.0,210.03,Card,Store
TXN-0046088,2026-09-14,DXB-003,Dubai,CUST-04185,P003,Headphones,Electronics,2,366.03,10,732.07,73.21,658.86,Card,Store
TXN-0046290,2026-09-14,DXB-005,Dubai,CUST-05959,P014,Power Bank,Electronics,6,155.86,20,935.14,187.03,748.11,Card,Store
TXN-0046398,2026-09-14,DXB-005,Dubai,CUST-04464,P014,Power Bank,Electronics,1,153.91,0,153.91,0.0,153.91,Apple Pay,Store
TXN-0046420,2026-09-14,DXB-005,Dubai,CUST-02605,P006,Mouse,Accessories,2,88.36,5,176.73,8.84,167.89,Cash,Store
TXN-0046432,2026-09-14,DXB-004,Dubai,CUST-06674,P001,Laptop,Electronics,1,2929.5,10,2929.5,292.95,2636.55,Cash,Online
TXN-0046474,2026-09-14,DXB-002,Dubai,CUST-03125,P010,Printer,Office,1,658.87,0,658.87,0.0,658.87,Card,Store
TXN-0046558,2026-09-14,DXB-001,Dubai,CUST-00793,P006,Mouse,Accessories,1,98.71,0,98.71,0.0,98.71,Bank Transfer,Online
TXN-0046659,2026-09-14,DXB-004,Dubai,CUST-02919,P013,USB Drive,Accessories,2,47.29,10,94.59,9.46,85.13,Card,Store
TXN-0046674,2026-09-14,DXB-002,Dubai,CUST-07191,P001,Laptop,Electronics,4,2959.18,10,11836.72,1183.67,10653.05,Cash,Online
TXN-0046680,2026-09-14,DXB-003,Dubai,CUST-01061,P004,Monitor,Electronics,1,814.9,0,814.9,0.0,814.9,Apple Pay,Store
TXN-0046710,2026-09-14,DXB-001,Dubai,CUST-06901,P008,Desk,Furniture,1,800.31,0,800.31,0.0,800.31,Card,Online
TXN-0046732,2026-09-14,DXB-004,Dubai,CUST-02613,P012,Pen Pack,Stationery,1,15.77,15,15.77,2.36,13.4,Apple Pay,Store
TXN-0046764,2026-09-14,DXB-003,Dubai,CUST-04308,P008,Desk,Furniture,1,725.52,0,725.52,0.0,725.52,Card,Online
TXN-0047124,2026-09-14,DXB-004,Dubai,CUST-02105,P004,Monitor,Electronics,6,977.95,0,5867.67,0.0,5867.67,Cash,Store
TXN-0047190,2026-09-14,DXB-003,Dubai,CUST-02850,P012,Pen Pack,Stationery,6,15.06,0,90.38,0.0,90.38,Card,Store
TXN-0047297,2026-09-14,DXB-001,Dubai,CUST-05409,P010,Printer,Office,2,741.07,0,1482.14,0.0,1482.14,Card,Online
TXN-0047329,2026-09-14,DXB-003,Dubai,CUST-00789,P009,Backpack,Accessories,1,206.5,5,206.5,10.33,196.18,Card,Store
TXN-0047437,2026-09-14,DXB-005,Dubai,CUST-05246,P001,Laptop,Electronics,2,2384.84,5,4769.68,238.48,4531.2,Cash,Store
TXN-0047471,2026-09-14,DXB-001,Dubai,CUST-00384,P014,Power Bank,Electronics,2,153.16,10,306.32,30.63,275.69,Bank Transfer,Online
TXN-0047525,2026-09-14,DXB-001,Dubai,CUST-04428,P005,Keyboard,Accessories,1,165.96,5,165.96,8.3,157.66,Apple Pay,Store
TXN-0047532,2026-09-14,DXB-003,Dubai,CUST-00166,P004,Monitor,Electronics,1,864.46,5,864.46,43.22,821.24,Card,Store
TXN-0047582,2026-09-14,DXB-004,Dubai,CUST-03194,P005,Keyboard,Accessories,1,156.25,5,156.25,7.81,148.44,Apple Pay,Store
TXN-0047703,2026-09-14,DXB-002,Dubai,CUST-07442,P010,Printer,Office,1,784.03,10,784.03,78.4,705.62,Card,Online
TXN-0047756,2026-09-14,DXB-005,Dubai,CUST-07577,P006,Mouse,Accessories,3,97.63,0,292.9,0.0,292.9,Bank Transfer,Store
TXN-0047787,2026-09-14,DXB-002,Dubai,CUST-00403,P015,Tablet,Electronics,2,1164.79,0,2329.59,0.0,2329.59,Cash,Store
TXN-0047919,2026-09-14,DXB-001,Dubai,CUST-02346,P005,Keyboard,Accessories,2,181.44,5,362.88,18.14,344.74,Card,Store
TXN-0047928,2026-09-14,DXB-002,Dubai,CUST-02675,P012,Pen Pack,Stationery,1,14.74,5,14.74,0.74,14.0,Apple Pay,Store
TXN-0047986,2026-09-14,DXB-001,Dubai,CUST-00085,P003,Headphones,Electronics,4,396.58,10,1586.33,158.63,1427.7,Apple Pay,Store
TXN-0048027,2026-09-14,DXB-002,Dubai,CUST-04399,P015,Tablet,Electronics,1,1179.59,15,1179.59,176.94,1002.65,Cash,Store
TXN-0048157,2026-09-14,DXB-005,Dubai,CUST-05010,P014,Power Bank,Electronics,1,167.13,5,167.13,8.36,158.77,Bank Transfer,Store
TXN-0048226,2026-09-14,DXB-001,Dubai,CUST-02249,P012,Pen Pack,Stationery,1,15.16,20,15.16,3.03,12.13,Card,Store
TXN-0048237,2026-09-14,DXB-002,Dubai,CUST-00676,P002,Smartphone,Electronics,1,1706.56,5,1706.56,85.33,1621.24,Cash,Online
TXN-0048240,2026-09-14,DXB-004,Dubai,CUST-06335,P011,Notebook,Stationery,2,24.66,15,49.32,7.4,41.92,Cash,Store
TXN-0048250,2026-09-14,DXB-003,Dubai,CUST-05403,P015,Tablet,Electronics,1,1271.27,15,1271.27,190.69,1080.58,Card,Online
TXN-0048270,2026-09-14,DXB-003,Dubai,CUST-00015,P013,USB Drive,Accessories,2,44.27,0,88.53,0.0,88.53,Apple Pay,Store
TXN-0048277,2026-09-14,DXB-001,Dubai,CUST-05303,P011,Notebook,Stationery,1,24.85,15,24.85,3.73,21.12,Card,Store
TXN-0048286,2026-09-14,DXB-001,Dubai,CUST-02941,P015,Tablet,Electronics,1,1133.27,5,1133.27,56.66,1076.6,Cash,Store
TXN-0048541,2026-09-14,DXB-002,Dubai,CUST-04200,P008,Desk,Furniture,1,711.26,15,711.26,106.69,604.57,Apple Pay,Store
TXN-0048553,2026-09-14,DXB-002,Dubai,CUST-06724,P007,Office Chair,Furniture,1,644.33,0,644.33,0.0,644.33,Cash,Store
TXN-0048596,2026-09-14,DXB-002,Dubai,CUST-01013,P002,Smartphone,Electronics,1,1690.69,0,1690.69,0.0,1690.69,Apple Pay,Store
TXN-0048891,2026-09-14,DXB-001,Dubai,CUST-06168,P003,Headphones,Electronics,1,351.19,15,351.19,52.68,298.51,Apple Pay,Store
TXN-0048894,2026-09-14,DXB-005,Dubai,CUST-03438,P005,Keyboard,Accessories,2,170.55,0,341.11,0.0,341.11,Cash,Store
TXN-0048904,2026-09-14,DXB-003,Dubai,CUST-01967,P011,Notebook,Stationery,2,23.82,15,47.65,7.15,40.5,Card,Online
TXN-0048914,2026-09-14,DXB-005,Dubai,CUST-06777,P006,Mouse,Accessories,4,92.83,10,371.33,37.13,334.2,Card,Store
TXN-0048918,2026-09-14,DXB-002,Dubai,CUST-02096,P011,Notebook,Stationery,4,24.52,5,98.07,4.9,93.16,Apple Pay,Store
TXN-0048933,2026-09-14,DXB-002,Dubai,CUST-06573,P003,Headphones,Electronics,2,364.04,5,728.09,36.4,691.68,Card,Online
TXN-0049006,2026-09-14,DXB-004,Dubai,CUST-06513,P012,Pen Pack,Stationery,1,14.97,20,14.97,2.99,11.98,Card,Online
TXN-0049030,2026-09-14,DXB-002,Dubai,CUST-07469,P006,Mouse,Accessories,1,106.98,10,106.98,10.7,96.28,Card,Online
TXN-0049112,2026-09-14,DXB-002,Dubai,CUST-04333,P003,Headphones,Electronics,2,408.33,10,816.67,81.67,735.0,Card,Store
TXN-0049371,2026-09-14,DXB-003,Dubai,CUST-06752,P004,Monitor,Electronics,1,1079.06,10,1079.06,107.91,971.16,Cash,Store
TXN-0049377,2026-09-14,DXB-005,Dubai,CUST-04524,P001,Laptop,Electronics,3,2942.15,0,8826.45,0.0,8826.45,Card,Store
TXN-0049408,2026-09-14,DXB-001,Dubai,CUST-03356,P015,Tablet,Electronics,5,1123.24,0,5616.19,0.0,5616.19,Card,Store
TXN-0049422,2026-09-14,DXB-001,Dubai,CUST-02646,P009,Backpack,Accessories,2,209.86,20,419.72,83.94,335.77,Card,Store
TXN-0049434,2026-09-14,DXB-002,Dubai,CUST-01438,P012,Pen Pack,Stationery,1,15.16,0,15.16,0.0,15.16,Cash,Online
TXN-0049464,2026-09-14,DXB-003,Dubai,CUST-00853,P012,Pen Pack,Stationery,3,14.74,15,44.22,6.63,37.59,Apple Pay,Online
TXN-0049486,2026-09-14,DXB-002,Dubai,CUST-03247,P008,Desk,Furniture,2,866.79,5,1733.59,86.68,1646.91,Card,Store
TXN-0049550,2026-09-14,DXB-005,Dubai,CUST-04038,P015,Tablet,Electronics,1,1159.56,5,1159.56,57.98,1101.58,Card,Store
TXN-0049588,2026-09-14,DXB-005,Dubai,CUST-02862,P013,USB Drive,Accessories,1,43.13,5,43.13,2.16,40.98,Cash,Store
TXN-0049617,2026-09-14,DXB-002,Dubai,CUST-07214,P011,Notebook,Stationery,1,26.2,20,26.2,5.24,20.96,Card,Online
TXN-0049676,2026-09-14,DXB-002,Dubai,CUST-03091,P012,Pen Pack,Stationery,1,15.15,0,15.15,0.0,15.15,Card,Store
TXN-0049726,2026-09-14,DXB-003,Dubai,CUST-04060,P011,Notebook,Stationery,1,26.15,5,26.15,1.31,24.84,Card,Store
TXN-0049733,2026-09-14,DXB-004,Dubai,CUST-03706,P011,Notebook,Stationery,3,24.85,15,74.54,11.18,63.36,Card,Store
TXN-0049768,2026-09-14,DXB-001,Dubai,CUST-05619,P015,Tablet,Electronics,5,1322.06,10,6610.3,661.03,5949.27,Cash,Store
TXN-0049812,2026-09-14,DXB-003,Dubai,CUST-02819,P001,Laptop,Electronics,1,2951.38,15,2951.38,442.71,2508.67,Card,Store
TXN-0049845,2026-09-14,DXB-001,Dubai,CUST-00135,P015,Tablet,Electronics,1,1167.26,0,1167.26,0.0,1167.26,Card,Store
TXN-0049882,2026-09-14,DXB-005,Dubai,CUST-05939,P003,Headphones,Electronics,1,361.63,20,361.63,72.33,289.3,Card,Store
TXN-0049904,2026-09-14,DXB-001,Dubai,CUST-00772,P001,Laptop,Electronics,1,3045.62,0,3045.62,0.0,3045.62,Bank Transfer,Online
TXN-0049938,2026-09-14,DXB-004,Dubai,CUST-01522,P003,Headphones,Electronics,1,354.32,0,354.32,0.0,354.32,Apple Pay,Store
TXN-0049993,2026-09-14,DXB-003,Dubai,CUST-06877,P011,Notebook,Stationery,4,24.7,10,98.78,9.88,88.91,Bank Transfer,Store
TXN-0050006,2026-09-14,DXB-001,Dubai,CUST-07814,P001,Laptop,Electronics,2,3004.02,20,6008.04,1201.61,4806.43,Bank Transfer,Online
TXN-0050079,2026-09-14,DXB-003,Dubai,CUST-07191,P012,Pen Pack,Stationery,4,14.53,15,58.13,8.72,49.41,Apple Pay,Store
TXN-0050105,2026-09-14,DXB-002,Dubai,CUST-00144,P003,Headphones,Electronics,5,352.7,10,1763.52,176.35,1587.17,Apple Pay,Online
TXN-0050163,2026-09-14,DXB-004,Dubai,CUST-03851,P004,Monitor,Electronics,6,886.05,15,5316.32,797.45,4518.88,Cash,Online
TXN-0050197,2026-09-14,DXB-003,Dubai,CUST-01857,P011,Notebook,Stationery,1,23.6,0,23.6,0.0,23.6,Apple Pay,Store
TXN-0050200,2026-09-14,DXB-001,Dubai,CUST-03858,P008,Desk,Furniture,1,829.97,5,829.97,41.5,788.48,Card,Store
TXN-0050250,2026-09-14,DXB-004,Dubai,CUST-05563,P015,Tablet,Electronics,4,1239.49,10,4957.94,495.79,4462.15,Cash,Store
TXN-0050291,2026-09-14,DXB-002,Dubai,CUST-04848,P005,Keyboard,Accessories,3,200.62,10,601.86,60.19,541.67,Card,Store
TXN-0050405,2026-09-14,DXB-002,Dubai,CUST-03435,P003,Headphones,Electronics,1,338.8,10,338.8,33.88,304.92,Apple Pay,Online
TXN-0050492,2026-09-14,DXB-003,Dubai,CUST-04855,P014,Power Bank,Electronics,6,160.69,5,964.15,48.21,915.95,Card,Online
TXN-0050554,2026-09-14,DXB-004,Dubai,CUST-05214,P007,Office Chair,Furniture,1,680.39,5,680.39,34.02,646.37,Card,Online
TXN-0050576,2026-09-14,DXB-005,Dubai,CUST-02118,P012,Pen Pack,Stationery,1,15.45,5,15.45,0.77,14.68,Card,Store
TXN-0050593,2026-09-14,DXB-002,Dubai,CUST-02677,P003,Headphones,Electronics,2,364.49,5,728.99,36.45,692.54,Apple Pay,Store
TXN-0050599,2026-09-14,DXB-003,Dubai,CUST-06577,P003,Headphones,Electronics,4,311.99,0,1247.98,0.0,1247.98,Card,Online
TXN-0050613,2026-09-14,DXB-003,Dubai,CUST-04810,P012,Pen Pack,Stationery,5,14.7,0,73.5,0.0,73.5,Card,Online
TXN-0050675,2026-09-14,DXB-003,Dubai,CUST-03032,P010,Printer,Office,3,750.47,0,2251.4,0.0,2251.4,Card,Store
TXN-0050700,2026-09-14,DXB-001,Dubai,CUST-01117,P014,Power Bank,Electronics,5,167.89,5,839.47,41.97,797.5,Card,Store
TXN-0050797,2026-09-14,DXB-001,Dubai,CUST-07492,P004,Monitor,Electronics,2,873.01,5,1746.02,87.3,1658.72,Apple Pay,Store
TXN-0050817,2026-09-14,DXB-002,Dubai,CUST-06295,P003,Headphones,Electronics,1,353.09,5,353.09,17.65,335.43,Cash,Store
TXN-0050914,2026-09-14,DXB-005,Dubai,CUST-07833,P001,Laptop,Electronics,1,2738.05,10,2738.05,273.8,2464.24,Card,Store
TXN-0051081,2026-09-14,DXB-001,Dubai,CUST-06181,P005,Keyboard,Accessories,4,186.14,5,744.54,37.23,707.32,Cash,Online
TXN-0051159,2026-09-14,DXB-003,Dubai,CUST-01947,P006,Mouse,Accessories,4,106.15,5,424.6,21.23,403.37,Cash,Store
TXN-0051444,2026-09-14,DXB-001,Dubai,CUST-05949,P009,Backpack,Accessories,1,220.41,0,220.41,0.0,220.41,Apple Pay,Store
TXN-0051475,2026-09-14,DXB-002,Dubai,CUST-05251,P004,Monitor,Electronics,1,955.4,10,955.4,95.54,859.86,Apple Pay,Online
TXN-0051481,2026-09-14,DXB-005,Dubai,CUST-05358,P009,Backpack,Accessories,1,227.82,5,227.82,11.39,216.42,Cash,Online
TXN-0051493,2026-09-14,DXB-002,Dubai,CUST-03687,P006,Mouse,Accessories,1,103.92,0,103.92,0.0,103.92,Cash,Store
TXN-0051525,2026-09-14,DXB-002,Dubai,CUST-02517,P006,Mouse,Accessories,4,95.52,0,382.07,0.0,382.07,Bank Transfer,Store
TXN-0051531,2026-09-14,DXB-004,Dubai,CUST-06332,P007,Office Chair,Furniture,6,615.38,15,3692.26,553.84,3138.42,Bank Transfer,Store
TXN-0051533,2026-09-14,DXB-003,Dubai,CUST-01973,P011,Notebook,Stationery,1,26.29,15,26.29,3.94,22.35,Apple Pay,Store
TXN-0051534,2026-09-14,DXB-002,Dubai,CUST-07440,P004,Monitor,Electronics,2,909.65,10,1819.31,181.93,1637.38,Card,Store
TXN-0051554,2026-09-14,DXB-002,Dubai,CUST-03634,P011,Notebook,Stationery,1,23.99,15,23.99,3.6,20.4,Card,Store
TXN-0051559,2026-09-14,DXB-003,Dubai,CUST-03435,P008,Desk,Furniture,1,839.38,5,839.38,41.97,797.41,Apple Pay,Store
TXN-0051619,2026-09-14,DXB-005,Dubai,CUST-05713,P015,Tablet,Electronics,1,1206.47,15,1206.47,180.97,1025.5,Card,Store
TXN-0051780,2026-09-14,DXB-002,Dubai,CUST-01136,P014,Power Bank,Electronics,1,141.92,15,141.92,21.29,120.63,Apple Pay,Store
TXN-0051878,2026-09-14,DXB-004,Dubai,CUST-07543,P014,Power Bank,Electronics,1,139.14,0,139.14,0.0,139.14,Apple Pay,Online
TXN-0052041,2026-09-14,DXB-001,Dubai,CUST-06234,P001,Laptop,Electronics,2,2972.95,0,5945.9,0.0,5945.9,Card,Store
TXN-0052086,2026-09-14,DXB-001,Dubai,CUST-01143,P004,Monitor,Electronics,1,909.32,0,909.32,0.0,909.32,Apple Pay,Store
TXN-0052095,2026-09-14,DXB-005,Dubai,CUST-06357,P014,Power Bank,Electronics,3,138.98,10,416.95,41.69,375.25,Cash,Store
TXN-0052133,2026-09-14,DXB-003,Dubai,CUST-01761,P003,Headphones,Electronics,1,350.46,5,350.46,17.52,332.94,Card,Store
TXN-0052140,2026-09-14,DXB-002,Dubai,CUST-04739,P006,Mouse,Accessories,1,98.94,0,98.94,0.0,98.94,Card,Store
TXN-0052147,2026-09-14,DXB-001,Dubai,CUST-04636,P007,Office Chair,Furniture,2,624.79,0,1249.58,0.0,1249.58,Apple Pay,Store
TXN-0052150,2026-09-14,DXB-005,Dubai,CUST-06978,P003,Headphones,Electronics,1,298.09,5,298.09,14.9,283.18,Card,Online
TXN-0052221,2026-09-14,DXB-002,Dubai,CUST-07832,P014,Power Bank,Electronics,2,161.02,10,322.05,32.2,289.84,Card,Store
TXN-0052243,2026-09-14,DXB-004,Dubai,CUST-03526,P001,Laptop,Electronics,6,2677.25,0,16063.51,0.0,16063.51,Card,Online
TXN-0052354,2026-09-14,DXB-005,Dubai,CUST-02298,P013,USB Drive,Accessories,1,40.9,5,40.9,2.04,38.85,Bank Transfer,Store
TXN-0052398,2026-09-14,DXB-004,Dubai,CUST-01134,P012,Pen Pack,Stationery,1,14.4,15,14.4,2.16,12.24,Card,Store
TXN-0052436,2026-09-14,DXB-002,Dubai,CUST-07819,P010,Printer,Office,2,709.14,10,1418.29,141.83,1276.46,Card,Store
TXN-0052465,2026-09-14,DXB-005,Dubai,CUST-01369,P007,Office Chair,Furniture,3,674.56,5,2023.68,101.18,1922.49,Card,Online
TXN-0052550,2026-09-14,DXB-002,Dubai,CUST-06630,P010,Printer,Office,1,670.63,0,670.63,0.0,670.63,Card,Store
TXN-0052566,2026-09-14,DXB-003,Dubai,CUST-00852,P008,Desk,Furniture,2,742.16,10,1484.32,148.43,1335.88,Card,Store
TXN-0052597,2026-09-14,DXB-003,Dubai,CUST-06446,P010,Printer,Office,3,760.06,0,2280.19,0.0,2280.19,Cash,Store
TXN-0052683,2026-09-14,DXB-004,Dubai,CUST-06714,P007,Office Chair,Furniture,2,668.55,15,1337.09,200.56,1136.53,Apple Pay,Store
TXN-0052720,2026-09-14,DXB-002,Dubai,CUST-02141,P006,Mouse,Accessories,4,105.9,5,423.61,21.18,402.43,Card,Store
TXN-0052831,2026-09-14,DXB-004,Dubai,CUST-00320,P009,Backpack,Accessories,1,202.13,0,202.13,0.0,202.13,Card,Online
TXN-0052837,2026-09-14,DXB-003,Dubai,CUST-05451,P003,Headphones,Electronics,1,395.87,10,395.87,39.59,356.28,Card,Online
TXN-0052929,2026-09-14,DXB-003,Dubai,CUST-02231,P001,Laptop,Electronics,1,2969.48,10,2969.48,296.95,2672.53,Card,Store
TXN-0053100,2026-09-14,DXB-001,Dubai,CUST-02028,P009,Backpack,Accessories,2,220.93,5,441.86,22.09,419.77,Apple Pay,Store
TXN-0053167,2026-09-14,DXB-004,Dubai,CUST-00904,P010,Printer,Office,1,725.15,15,725.15,108.77,616.38,Apple Pay,Store
TXN-0053172,2026-09-14,DXB-003,Dubai,CUST-00261,P010,Printer,Office,1,719.52,10,719.52,71.95,647.57,Card,Store
TXN-0053248,2026-09-14,DXB-004,Dubai,CUST-04754,P007,Office Chair,Furniture,4,655.12,0,2620.49,0.0,2620.49,Apple Pay,Store
TXN-0053289,2026-09-14,DXB-004,Dubai,CUST-07208,P010,Printer,Office,1,778.48,5,778.48,38.92,739.55,Card,Store
TXN-0053310,2026-09-14,DXB-002,Dubai,CUST-00925,P006,Mouse,Accessories,1,100.98,15,100.98,15.15,85.84,Card,Online
TXN-0053343,2026-09-14,DXB-004,Dubai,CUST-01128,P002,Smartphone,Electronics,1,1697.66,0,1697.66,0.0,1697.66,Cash,Store
TXN-0053400,2026-09-14,DXB-005,Dubai,CUST-03839,P006,Mouse,Accessories,2,96.12,0,192.23,0.0,192.23,Card,Store
TXN-0053440,2026-09-14,DXB-005,Dubai,CUST-01320,P014,Power Bank,Electronics,4,148.62,0,594.46,0.0,594.46,Card,Store
TXN-0053476,2026-09-14,DXB-005,Dubai,CUST-06403,P012,Pen Pack,Stationery,4,14.14,10,56.56,5.66,50.91,Card,Store
TXN-0053502,2026-09-14,DXB-004,Dubai,CUST-04978,P007,Office Chair,Furniture,6,627.15,5,3762.88,188.14,3574.74,Cash,Store
TXN-0053511,2026-09-14,DXB-002,Dubai,CUST-02830,P006,Mouse,Accessories,2,92.62,0,185.25,0.0,185.25,Apple Pay,Online
TXN-0053688,2026-09-14,DXB-005,Dubai,CUST-02649,P008,Desk,Furniture,1,813.68,0,813.68,0.0,813.68,Card,Store
TXN-0053727,2026-09-14,DXB-004,Dubai,CUST-07883,P002,Smartphone,Electronics,1,1591.55,0,1591.55,0.0,1591.55,Card,Online
TXN-0053757,2026-09-14,DXB-004,Dubai,CUST-08000,P004,Monitor,Electronics,3,1002.74,0,3008.21,0.0,3008.21,Apple Pay,Store
TXN-0053769,2026-09-14,DXB-002,Dubai,CUST-03335,P003,Headphones,Electronics,1,350.69,0,350.69,0.0,350.69,Cash,Online
TXN-0053855,2026-09-14,DXB-004,Dubai,CUST-02596,P011,Notebook,Stationery,3,21.5,5,64.49,3.22,61.26,Card,Store
TXN-0053883,2026-09-14,DXB-001,Dubai,CUST-06960,P011,Notebook,Stationery,2,24.11,5,48.22,2.41,45.81,Card,Online
TXN-0053892,2026-09-14,DXB-003,Dubai,CUST-07462,P010,Printer,Office,1,619.95,0,619.95,0.0,619.95,Card,Store
TXN-0053920,2026-09-14,DXB-004,Dubai,CUST-04816,P002,Smartphone,Electronics,3,1847.36,0,5542.09,0.0,5542.09,Bank Transfer,Store
TXN-0053942,2026-09-14,DXB-004,Dubai,CUST-01632,P011,Notebook,Stationery,2,23.66,15,47.33,7.1,40.23,Apple Pay,Store
TXN-0053951,2026-09-14,DXB-002,Dubai,CUST-04869,P014,Power Bank,Electronics,1,159.92,15,159.92,23.99,135.93,Card,Store
TXN-0053954,2026-09-14,DXB-003,Dubai,CUST-03354,P003,Headphones,Electronics,3,329.8,0,989.41,0.0,989.41,Apple Pay,Store
TXN-0053988,2026-09-14,DXB-003,Dubai,CUST-01816,P010,Printer,Office,3,775.31,0,2325.93,0.0,2325.93,Card,Store
TXN-0054048,2026-09-14,DXB-005,Dubai,CUST-02721,P004,Monitor,Electronics,4,916.72,15,3666.87,550.03,3116.84,Card,Online
TXN-0054108,2026-09-14,DXB-001,Dubai,CUST-02466,P004,Monitor,Electronics,2,1004.08,0,2008.16,0.0,2008.16,Card,Store
TXN-0054136,2026-09-14,DXB-001,Dubai,CUST-01711,P006,Mouse,Accessories,3,98.31,15,294.94,44.24,250.7,Cash,Store
TXN-0054206,2026-09-14,DXB-004,Dubai,CUST-02477,P012,Pen Pack,Stationery,1,15.37,15,15.37,2.31,13.06,Apple Pay,Store
TXN-0054236,2026-09-14,DXB-003,Dubai,CUST-03749,P011,Notebook,Stationery,3,25.54,5,76.63,3.83,72.8,Card,Store
TXN-0054313,2026-09-14,DXB-002,Dubai,CUST-01965,P015,Tablet,Electronics,1,1322.66,20,1322.66,264.53,1058.13,Card,Store
TXN-0054377,2026-09-14,DXB-001,Dubai,CUST-04121,P008,Desk,Furniture,1,784.64,0,784.64,0.0,784.64,Card,Store
TXN-0054469,2026-09-14,DXB-005,Dubai,CUST-04086,P005,Keyboard,Accessories,1,162.37,0,162.37,0.0,162.37,Card,Store
TXN-0054679,2026-09-14,DXB-001,Dubai,CUST-04981,P005,Keyboard,Accessories,1,153.83,5,153.83,7.69,146.14,Bank Transfer,Store
TXN-0054749,2026-09-14,DXB-003,Dubai,CUST-04161,P015,Tablet,Electronics,1,1182.68,5,1182.68,59.13,1123.54,Card,Online
TXN-0054965,2026-09-14,DXB-003,Dubai,CUST-01608,P010,Printer,Office,5,681.79,15,3408.97,511.35,2897.63,Card,Store
TXN-0054999,2026-09-14,DXB-001,Dubai,CUST-05477,P009,Backpack,Accessories,1,221.93,10,221.93,22.19,199.74,Apple Pay,Store
TXN-0055040,2026-09-14,DXB-002,Dubai,CUST-05544,P003,Headphones,Electronics,1,350.84,10,350.84,35.08,315.75,Apple Pay,Store
TXN-0055082,2026-09-14,DXB-002,Dubai,CUST-02228,P008,Desk,Furniture,1,754.97,5,754.97,37.75,717.22,Card,Store
TXN-0055142,2026-09-14,DXB-005,Dubai,CUST-06426,P005,Keyboard,Accessories,2,174.87,20,349.73,69.95,279.79,Apple Pay,Store
TXN-0055149,2026-09-14,DXB-003,Dubai,CUST-00512,P003,Headphones,Electronics,1,349.23,0,349.23,0.0,349.23,Card,Online
TXN-0055230,2026-09-14,DXB-002,Dubai,CUST-06275,P005,Keyboard,Accessories,1,177.84,0,177.84,0.0,177.84,Apple Pay,Store
TXN-0055252,2026-09-14,DXB-003,Dubai,CUST-03164,P010,Printer,Office,1,671.82,15,671.82,100.77,571.05,Cash,Store
TXN-0055281,2026-09-14,DXB-002,Dubai,CUST-01724,P002,Smartphone,Electronics,1,1660.35,0,1660.35,0.0,1660.35,Cash,Store
TXN-0055321,2026-09-14,DXB-002,Dubai,CUST-05535,P007,Office Chair,Furniture,2,654.65,10,1309.31,130.93,1178.38,Card,Store
TXN-0055322,2026-09-14,DXB-002,Dubai,CUST-04420,P003,Headphones,Electronics,2,328.85,5,657.71,32.89,624.82,Cash,Store
TXN-0055439,2026-09-14,DXB-003,Dubai,CUST-06778,P008,Desk,Furniture,3,847.02,5,2541.06,127.05,2414.01,Card,Store
TXN-0055458,2026-09-14,DXB-002,Dubai,CUST-04988,P004,Monitor,Electronics,1,914.21,0,914.21,0.0,914.21,Card,Store
TXN-0055461,2026-09-14,DXB-002,Dubai,CUST-06891,P004,Monitor,Electronics,3,993.51,0,2980.53,0.0,2980.53,Apple Pay,Store
TXN-0055700,2026-09-14,DXB-003,Dubai,CUST-06200,P007,Office Chair,Furniture,1,672.27,20,672.27,134.45,537.81,Bank Transfer,Online
TXN-0055701,2026-09-14,DXB-002,Dubai,CUST-02455,P011,Notebook,Stationery,1,24.22,10,24.22,2.42,21.79,Apple Pay,Store
TXN-0055753,2026-09-14,DXB-003,Dubai,CUST-07634,P012,Pen Pack,Stationery,4,14.61,10,58.44,5.84,52.6,Card,Store
TXN-0055871,2026-09-14,DXB-005,Dubai,CUST-06326,P011,Notebook,Stationery,1,26.28,5,26.28,1.31,24.97,Cash,Store
TXN-0055882,2026-09-14,DXB-004,Dubai,CUST-05344,P009,Backpack,Accessories,2,237.17,0,474.34,0.0,474.34,Card,Store
TXN-0055906,2026-09-14,DXB-001,Dubai,CUST-00582,P008,Desk,Furniture,1,754.82,0,754.82,0.0,754.82,Card,Store
TXN-0055978,2026-09-14,DXB-005,Dubai,CUST-02455,P008,Desk,Furniture,1,792.01,0,792.01,0.0,792.01,Card,Store
TXN-0055990,2026-09-14,DXB-002,Dubai,CUST-04389,P014,Power Bank,Electronics,1,151.19,10,151.19,15.12,136.07,Card,Store
TXN-0055993,2026-09-14,DXB-003,Dubai,CUST-02033,P012,Pen Pack,Stationery,1,15.55,0,15.55,0.0,15.55,Card,Store
TXN-0056198,2026-09-14,DXB-004,Dubai,CUST-02584,P003,Headphones,Electronics,2,332.9,0,665.8,0.0,665.8,Card,Online
TXN-0056242,2026-09-14,DXB-004,Dubai,CUST-04721,P003,Headphones,Electronics,1,309.98,0,309.98,0.0,309.98,Card,Online
TXN-0056252,2026-09-14,DXB-003,Dubai,CUST-03811,P001,Laptop,Electronics,1,2826.72,0,2826.72,0.0,2826.72,Cash,Online
TXN-0056255,2026-09-14,DXB-001,Dubai,CUST-06435,P013,USB Drive,Accessories,1,40.09,10,40.09,4.01,36.08,Cash,Store
TXN-0056272,2026-09-14,DXB-004,Dubai,CUST-07530,P013,USB Drive,Accessories,3,49.11,10,147.33,14.73,132.59,Card,Online
TXN-0056289,2026-09-14,DXB-001,Dubai,CUST-03033,P006,Mouse,Accessories,3,102.81,0,308.42,0.0,308.42,Cash,Store
TXN-0056425,2026-09-14,DXB-001,Dubai,CUST-01711,P005,Keyboard,Accessories,1,173.14,15,173.14,25.97,147.17,Apple Pay,Store
TXN-0056468,2026-09-14,DXB-002,Dubai,CUST-04013,P007,Office Chair,Furniture,2,627.0,0,1254.01,0.0,1254.01,Bank Transfer,Store
TXN-0056605,2026-09-14,DXB-002,Dubai,CUST-01895,P003,Headphones,Electronics,1,329.01,15,329.01,49.35,279.66,Card,Online
TXN-0056620,2026-09-14,DXB-003,Dubai,CUST-07989,P012,Pen Pack,Stationery,1,15.29,0,15.29,0.0,15.29,Card,Store
TXN-0056675,2026-09-14,DXB-002,Dubai,CUST-02774,P009,Backpack,Accessories,1,215.8,15,215.8,32.37,183.43,Apple Pay,Store
TXN-0056791,2026-09-14,DXB-002,Dubai,CUST-05461,P008,Desk,Furniture,1,857.28,5,857.28,42.86,814.42,Apple Pay,Store
TXN-0056851,2026-09-14,DXB-001,Dubai,CUST-07670,P009,Backpack,Accessories,3,231.71,10,695.13,69.51,625.62,Bank Transfer,Store
TXN-0056914,2026-09-14,DXB-001,Dubai,CUST-01222,P007,Office Chair,Furniture,1,664.68,5,664.68,33.23,631.44,Cash,Store
TXN-0056980,2026-09-14,DXB-002,Dubai,CUST-06342,P003,Headphones,Electronics,1,333.97,0,333.97,0.0,333.97,Apple Pay,Store
TXN-0057073,2026-09-14,DXB-001,Dubai,CUST-04771,P010,Printer,Office,1,667.85,15,667.85,100.18,567.67,Card,Store
TXN-0057094,2026-09-14,DXB-005,Dubai,CUST-07993,P009,Backpack,Accessories,1,213.36,5,213.36,10.67,202.69,Bank Transfer,Store
TXN-0057137,2026-09-14,DXB-004,Dubai,CUST-05375,P003,Headphones,Electronics,1,343.04,15,343.04,51.46,291.58,Card,Online
TXN-0057195,2026-09-14,DXB-004,Dubai,CUST-04970,P013,USB Drive,Accessories,1,43.72,10,43.72,4.37,39.35,Card,Store
TXN-0057211,2026-09-14,DXB-003,Dubai,CUST-06280,P015,Tablet,Electronics,2,1223.27,5,2446.53,122.33,2324.2,Card,Store
TXN-0057341,2026-09-14,DXB-005,Dubai,CUST-04988,P001,Laptop,Electronics,1,2544.25,0,2544.25,0.0,2544.25,Card,Store
TXN-0057355,2026-09-14,DXB-004,Dubai,CUST-00310,P008,Desk,Furniture,1,730.22,15,730.22,109.53,620.69,Card,Store
TXN-0057577,2026-09-14,DXB-001,Dubai,CUST-02828,P002,Smartphone,Electronics,3,1791.13,10,5373.38,537.34,4836.04,Cash,Store
TXN-0057815,2026-09-14,DXB-004,Dubai,CUST-03479,P011,Notebook,Stationery,2,24.87,15,49.73,7.46,42.27,Card,Online
TXN-0057823,2026-09-14,DXB-004,Dubai,CUST-01157,P012,Pen Pack,Stationery,2,14.37,5,28.75,1.44,27.31,Bank Transfer,Online
TXN-0057838,2026-09-14,DXB-002,Dubai,CUST-07260,P002,Smartphone,Electronics,2,1714.98,5,3429.96,171.5,3258.46,Cash,Store
TXN-0057980,2026-09-14,DXB-004,Dubai,CUST-04197,P004,Monitor,Electronics,1,924.29,0,924.29,0.0,924.29,Card,Online
TXN-0058004,2026-09-14,DXB-001,Dubai,CUST-02264,P012,Pen Pack,Stationery,3,15.33,15,46.0,6.9,39.1,Card,Store
TXN-0058044,2026-09-14,DXB-004,Dubai,CUST-02684,P005,Keyboard,Accessories,4,194.27,0,777.09,0.0,777.09,Apple Pay,Online
TXN-0058127,2026-09-14,DXB-005,Dubai,CUST-05140,P006,Mouse,Accessories,1,97.11,0,97.11,0.0,97.11,Bank Transfer,Store
TXN-0058144,2026-09-14,DXB-005,Dubai,CUST-05729,P012,Pen Pack,Stationery,3,14.09,0,42.26,0.0,42.26,Apple Pay,Store
TXN-0058172,2026-09-14,DXB-002,Dubai,CUST-00438,P009,Backpack,Accessories,1,203.04,0,203.04,0.0,203.04,Bank Transfer,Store
TXN-0058299,2026-09-14,DXB-004,Dubai,CUST-06830,P004,Monitor,Electronics,4,910.1,0,3640.39,0.0,3640.39,Apple Pay,Store
TXN-0058439,2026-09-14,DXB-002,Dubai,CUST-01559,P003,Headphones,Electronics,3,362.53,10,1087.6,108.76,978.84,Cash,Store
TXN-0058533,2026-09-14,DXB-003,Dubai,CUST-03922,P011,Notebook,Stationery,1,25.09,10,25.09,2.51,22.58,Cash,Store
TXN-0058535,2026-09-14,DXB-005,Dubai,CUST-05048,P002,Smartphone,Electronics,3,1833.34,15,5500.02,825.0,4675.02,Apple Pay,Online
TXN-0058600,2026-09-14,DXB-001,Dubai,CUST-01645,P004,Monitor,Electronics,2,962.18,10,1924.36,192.44,1731.92,Cash,Store
TXN-0058621,2026-09-14,DXB-004,Dubai,CUST-02366,P009,Backpack,Accessories,1,205.96,0,205.96,0.0,205.96,Apple Pay,Store
TXN-0058638,2026-09-14,DXB-001,Dubai,CUST-05399,P013,USB Drive,Accessories,1,45.83,10,45.83,4.58,41.25,Bank Transfer,Store
TXN-0058683,2026-09-14,DXB-005,Dubai,CUST-00140,P012,Pen Pack,Stationery,1,15.29,15,15.29,2.29,13.0,Card,Store
TXN-0058792,2026-09-14,DXB-002,Dubai,CUST-07261,P006,Mouse,Accessories,1,89.69,15,89.69,13.45,76.24,Bank Transfer,Store
TXN-0058814,2026-09-14,DXB-005,Dubai,CUST-01835,P003,Headphones,Electronics,3,323.68,0,971.04,0.0,971.04,Apple Pay,Store
TXN-0058873,2026-09-14,DXB-003,Dubai,CUST-04513,P001,Laptop,Electronics,2,2869.09,5,5738.17,286.91,5451.26,Bank Transfer,Store
TXN-0058922,2026-09-14,DXB-005,Dubai,CUST-04364,P006,Mouse,Accessories,1,100.94,10,100.94,10.09,90.85,Apple Pay,Store
TXN-0058948,2026-09-14,DXB-002,Dubai,CUST-01631,P006,Mouse,Accessories,1,98.67,0,98.67,0.0,98.67,Card,Store
TXN-0059083,2026-09-14,DXB-001,Dubai,CUST-00439,P008,Desk,Furniture,1,863.08,5,863.08,43.15,819.93,Apple Pay,Store
TXN-0059086,2026-09-14,DXB-002,Dubai,CUST-03374,P004,Monitor,Electronics,1,908.41,5,908.41,45.42,862.99,Card,Online
TXN-0059150,2026-09-14,DXB-002,Dubai,CUST-00641,P007,Office Chair,Furniture,1,578.38,20,578.38,115.68,462.7,Card,Store
TXN-0059159,2026-09-14,DXB-001,Dubai,CUST-06855,P002,Smartphone,Electronics,2,1879.93,5,3759.86,187.99,3571.87,Card,Online
TXN-0059175,2026-09-14,DXB-002,Dubai,CUST-02200,P009,Backpack,Accessories,3,202.65,10,607.95,60.8,547.16,Cash,Store
TXN-0059243,2026-09-14,DXB-003,Dubai,CUST-07372,P002,Smartphone,Electronics,4,1906.84,0,7627.35,0.0,7627.35,Card,Store
TXN-0059405,2026-09-14,DXB-001,Dubai,CUST-06658,P010,Printer,Office,1,783.08,10,783.08,78.31,704.77,Card,Store
TXN-0059553,2026-09-14,DXB-003,Dubai,CUST-07936,P001,Laptop,Electronics,5,3044.2,10,15220.98,1522.1,13698.88,Apple Pay,Store
TXN-0059632,2026-09-14,DXB-005,Dubai,CUST-06095,P009,Backpack,Accessories,1,230.99,10,230.99,23.1,207.89,Apple Pay,Store
TXN-0059646,2026-09-14,DXB-001,Dubai,CUST-05508,P006,Mouse,Accessories,2,93.51,10,187.02,18.7,168.32,Card,Store
TXN-0059679,2026-09-14,DXB-002,Dubai,CUST-01022,P015,Tablet,Electronics,2,1218.04,0,2436.09,0.0,2436.09,Card,Store
TXN-0059712,2026-09-14,DXB-005,Dubai,CUST-03241,P004,Monitor,Electronics,3,810.43,5,2431.3,121.56,2309.73,Cash,Store
TXN-0059866,2026-09-14,DXB-004,Dubai,CUST-00294,P013,USB Drive,Accessories,2,43.43,5,86.86,4.34,82.52,Cash,Online
TXN-0060057,2026-09-14,DXB-001,Dubai,CUST-03974,P013,USB Drive,Accessories,1,47.56,5,47.56,2.38,45.18,Bank Transfer,Online
TXN-0060104,2026-09-14,DXB-001,Dubai,CUST-07124,P015,Tablet,Electronics,3,1100.63,0,3301.9,0.0,3301.9,Cash,Online
TXN-0060248,2026-09-14,DXB-004,Dubai,CUST-04877,P010,Printer,Office,1,734.36,15,734.36,110.15,624.21,Card,Store
TXN-0060269,2026-09-14,DXB-002,Dubai,CUST-02746,P009,Backpack,Accessories,1,228.21,0,228.21,0.0,228.21,Card,Store
TXN-0060354,2026-09-14,DXB-005,Dubai,CUST-05429,P002,Smartphone,Electronics,1,1706.1,0,1706.1,0.0,1706.1,Card,Online
TXN-0060513,2026-09-14,DXB-003,Dubai,CUST-05709,P012,Pen Pack,Stationery,1,15.1,10,15.1,1.51,13.59,Card,Online
TXN-0060645,2026-09-14,DXB-003,Dubai,CUST-02650,P014,Power Bank,Electronics,1,160.25,5,160.25,8.01,152.24,Cash,Store
TXN-0060911,2026-09-14,DXB-004,Dubai,CUST-00306,P010,Printer,Office,1,781.14,5,781.14,39.06,742.09,Bank Transfer,Store
TXN-0060924,2026-09-14,DXB-001,Dubai,CUST-00204,P007,Office Chair,Furniture,2,702.04,0,1404.09,0.0,1404.09,Card,Store
TXN-0060936,2026-09-14,DXB-002,Dubai,CUST-03312,P014,Power Bank,Electronics,3,143.9,5,431.71,21.59,410.12,Cash,Online
TXN-0061033,2026-09-14,DXB-005,Dubai,CUST-03103,P007,Office Chair,Furniture,1,710.09,10,710.09,71.01,639.08,Bank Transfer,Store
TXN-0061037,2026-09-14,DXB-002,Dubai,CUST-00210,P010,Printer,Office,2,694.57,5,1389.14,69.46,1319.69,Cash,Store
TXN-0061049,2026-09-14,DXB-001,Dubai,CUST-07883,P008,Desk,Furniture,2,799.35,10,1598.7,159.87,1438.83,Cash,Store
TXN-0061070,2026-09-14,DXB-002,Dubai,CUST-03961,P012,Pen Pack,Stationery,1,14.56,5,14.56,0.73,13.83,Bank Transfer,Online
TXN-0061083,2026-09-14,DXB-003,Dubai,CUST-05122,P006,Mouse,Accessories,1,102.99,5,102.99,5.15,97.84,Bank Transfer,Store
TXN-0061144,2026-09-14,DXB-001,Dubai,CUST-06981,P013,USB Drive,Accessories,2,44.78,5,89.55,4.48,85.07,Apple Pay,Online
TXN-0061206,2026-09-14,DXB-004,Dubai,CUST-07552,P001,Laptop,Electronics,1,2859.77,10,2859.77,285.98,2573.79,Apple Pay,Online
TXN-0061265,2026-09-14,DXB-002,Dubai,CUST-07155,P012,Pen Pack,Stationery,2,14.41,0,28.83,0.0,28.83,Card,Store
TXN-0061273,2026-09-14,DXB-001,Dubai,CUST-07062,P008,Desk,Furniture,4,816.68,0,3266.74,0.0,3266.74,Cash,Store
TXN-0061283,2026-09-14,DXB-002,Dubai,CUST-02139,P002,Smartphone,Electronics,1,1859.84,5,1859.84,92.99,1766.85,Card,Online
TXN-0061354,2026-09-14,DXB-002,Dubai,CUST-02826,P013,USB Drive,Accessories,1,47.35,0,47.35,0.0,47.35,Bank Transfer,Store
TXN-0061384,2026-09-14,DXB-005,Dubai,CUST-02926,P015,Tablet,Electronics,2,1144.31,0,2288.62,0.0,2288.62,Card,Store
TXN-0061447,2026-09-14,DXB-003,Dubai,CUST-05873,P008,Desk,Furniture,1,840.57,5,840.57,42.03,798.55,Card,Store
TXN-0061495,2026-09-14,DXB-004,Dubai,CUST-01326,P011,Notebook,Stationery,2,25.99,10,51.98,5.2,46.78,Cash,Store
TXN-0061517,2026-09-14,DXB-001,Dubai,CUST-03497,P013,USB Drive,Accessories,4,47.53,15,190.11,28.52,161.6,Card,Store
TXN-0061549,2026-09-14,DXB-004,Dubai,CUST-02628,P003,Headphones,Electronics,1,377.34,5,377.34,18.87,358.47,Cash,Store
TXN-0061568,2026-09-14,DXB-004,Dubai,CUST-01500,P010,Printer,Office,1,656.69,15,656.69,98.5,558.18,Cash,Store
TXN-0061616,2026-09-14,DXB-004,Dubai,CUST-06125,P002,Smartphone,Electronics,1,1832.36,15,1832.36,274.85,1557.5,Card,Store
TXN-0061632,2026-09-14,DXB-001,Dubai,CUST-00873,P013,USB Drive,Accessories,4,43.39,15,173.58,26.04,147.54,Card,Store
TXN-0061797,2026-09-14,DXB-004,Dubai,CUST-00254,P015,Tablet,Electronics,1,1176.12,15,1176.12,176.42,999.71,Card,Online
TXN-0061801,2026-09-14,DXB-005,Dubai,CUST-05467,P005,Keyboard,Accessories,3,176.09,0,528.27,0.0,528.27,Apple Pay,Online
TXN-0061845,2026-09-14,DXB-002,Dubai,CUST-04793,P002,Smartphone,Electronics,1,1761.46,0,1761.46,0.0,1761.46,Apple Pay,Online
TXN-0061854,2026-09-14,DXB-005,Dubai,CUST-03008,P013,USB Drive,Accessories,1,44.47,5,44.47,2.22,42.24,Card,Store
TXN-0061859,2026-09-14,DXB-004,Dubai,CUST-03242,P003,Headphones,Electronics,4,366.57,10,1466.28,146.63,1319.66,Card,Store
TXN-0061871,2026-09-14,DXB-004,Dubai,CUST-05997,P015,Tablet,Electronics,1,1245.07,10,1245.07,124.51,1120.57,Apple Pay,Store
TXN-0061930,2026-09-14,DXB-001,Dubai,CUST-04180,P009,Backpack,Accessories,3,218.59,5,655.77,32.79,622.98,Apple Pay,Store
TXN-0062007,2026-09-14,DXB-002,Dubai,CUST-07315,P012,Pen Pack,Stationery,1,15.26,5,15.26,0.76,14.5,Card,Store
TXN-0062014,2026-09-14,DXB-001,Dubai,CUST-05324,P012,Pen Pack,Stationery,1,15.13,0,15.13,0.0,15.13,Card,Online
TXN-0062019,2026-09-14,DXB-002,Dubai,CUST-00899,P001,Laptop,Electronics,1,2597.12,0,2597.12,0.0,2597.12,Bank Transfer,Store
TXN-0062027,2026-09-14,DXB-004,Dubai,CUST-02579,P001,Laptop,Electronics,3,2753.48,0,8260.43,0.0,8260.43,Apple Pay,Online
TXN-0062064,2026-09-14,DXB-002,Dubai,CUST-00725,P013,USB Drive,Accessories,1,44.79,10,44.79,4.48,40.31,Card,Online
TXN-0062106,2026-09-14,DXB-001,Dubai,CUST-00753,P004,Monitor,Electronics,1,925.37,0,925.37,0.0,925.37,Cash,Store
TXN-0062161,2026-09-14,DXB-001,Dubai,CUST-00256,P011,Notebook,Stationery,1,22.76,20,22.76,4.55,18.2,Bank Transfer,Store
TXN-0062173,2026-09-14,DXB-002,Dubai,CUST-02880,P011,Notebook,Stationery,6,22.78,10,136.68,13.67,123.02,Card,Store
TXN-0062222,2026-09-14,DXB-003,Dubai,CUST-05034,P003,Headphones,Electronics,1,357.83,10,357.83,35.78,322.05,Card,Store
TXN-0062332,2026-09-14,DXB-002,Dubai,CUST-05115,P009,Backpack,Accessories,2,204.68,10,409.36,40.94,368.43,Card,Store
TXN-0062363,2026-09-14,DXB-002,Dubai,CUST-04368,P013,USB Drive,Accessories,1,50.59,5,50.59,2.53,48.06,Cash,Store
TXN-0062426,2026-09-14,DXB-003,Dubai,CUST-07912,P002,Smartphone,Electronics,2,1824.81,20,3649.62,729.92,2919.69,Card,Store
TXN-0062510,2026-09-14,DXB-005,Dubai,CUST-05395,P004,Monitor,Electronics,1,1014.08,10,1014.08,101.41,912.67,Card,Store
TXN-0062575,2026-09-14,DXB-002,Dubai,CUST-03311,P003,Headphones,Electronics,4,339.02,15,1356.09,203.41,1152.67,Card,Store
TXN-0062634,2026-09-14,DXB-002,Dubai,CUST-00733,P001,Laptop,Electronics,1,2577.9,15,2577.9,386.68,2191.21,Card,Online
TXN-0062664,2026-09-14,DXB-001,Dubai,CUST-01643,P006,Mouse,Accessories,5,106.21,5,531.07,26.55,504.51,Cash,Store
TXN-0062833,2026-09-14,DXB-002,Dubai,CUST-07657,P008,Desk,Furniture,1,826.92,10,826.92,82.69,744.23,Cash,Store
TXN-0062931,2026-09-14,DXB-002,Dubai,CUST-05439,P002,Smartphone,Electronics,2,1769.62,10,3539.24,353.92,3185.31,Bank Transfer,Online
TXN-0062932,2026-09-14,DXB-003,Dubai,CUST-06325,P012,Pen Pack,Stationery,1,15.04,15,15.04,2.26,12.78,Bank Transfer,Store
TXN-0063015,2026-09-14,DXB-001,Dubai,CUST-00376,P002,Smartphone,Electronics,1,1935.42,5,1935.42,96.77,1838.65,Card,Store
TXN-0063050,2026-09-14,DXB-001,Dubai,CUST-04123,P012,Pen Pack,Stationery,1,14.76,0,14.76,0.0,14.76,Cash,Store
TXN-0063102,2026-09-14,DXB-003,Dubai,CUST-00418,P007,Office Chair,Furniture,2,612.19,0,1224.38,0.0,1224.38,Cash,Online
TXN-0063124,2026-09-14,DXB-002,Dubai,CUST-07059,P006,Mouse,Accessories,2,94.37,0,188.74,0.0,188.74,Card,Store
TXN-0063196,2026-09-14,DXB-002,Dubai,CUST-03831,P009,Backpack,Accessories,1,220.41,15,220.41,33.06,187.35,Card,Store
TXN-0063296,2026-09-14,DXB-004,Dubai,CUST-05998,P003,Headphones,Electronics,1,366.54,5,366.54,18.33,348.22,Cash,Store
TXN-0063304,2026-09-14,DXB-002,Dubai,CUST-01104,P009,Backpack,Accessories,4,216.75,0,866.99,0.0,866.99,Bank Transfer,Store
TXN-0063426,2026-09-14,DXB-004,Dubai,CUST-07163,P005,Keyboard,Accessories,3,205.45,5,616.36,30.82,585.54,Card,Store
TXN-0063435,2026-09-14,DXB-004,Dubai,CUST-07416,P010,Printer,Office,3,725.71,5,2177.14,108.86,2068.29,Card,Store
TXN-0063481,2026-09-14,DXB-001,Dubai,CUST-00764,P011,Notebook,Stationery,1,26.23,5,26.23,1.31,24.92,Bank Transfer,Online
TXN-0063512,2026-09-14,DXB-003,Dubai,CUST-06912,P002,Smartphone,Electronics,4,1761.88,0,7047.52,0.0,7047.52,Card,Online
TXN-0063628,2026-09-14,DXB-005,Dubai,CUST-07420,P014,Power Bank,Electronics,1,147.93,0,147.93,0.0,147.93,Apple Pay,Online
TXN-0063675,2026-09-14,DXB-002,Dubai,CUST-02880,P015,Tablet,Electronics,3,1308.31,10,3924.92,392.49,3532.43,Card,Store
TXN-0063682,2026-09-14,DXB-002,Dubai,CUST-00265,P014,Power Bank,Electronics,1,165.36,10,165.36,16.54,148.82,Card,Store
TXN-0063700,2026-09-14,DXB-001,Dubai,CUST-07952,P011,Notebook,Stationery,1,25.03,10,25.03,2.5,22.53,Card,Online
TXN-0063711,2026-09-14,DXB-004,Dubai,CUST-00805,P012,Pen Pack,Stationery,3,14.92,0,44.76,0.0,44.76,Cash,Store
TXN-0063747,2026-09-14,DXB-005,Dubai,CUST-00324,P015,Tablet,Electronics,3,1219.55,0,3658.66,0.0,3658.66,Card,Store
TXN-0063949,2026-09-14,DXB-005,Dubai,CUST-01359,P003,Headphones,Electronics,1,324.3,10,324.3,32.43,291.87,Bank Transfer,Store
TXN-0063971,2026-09-14,DXB-003,Dubai,CUST-05074,P001,Laptop,Electronics,3,2959.97,10,8879.91,887.99,7991.92,Card,Store
TXN-0064084,2026-09-14,DXB-002,Dubai,CUST-04615,P010,Printer,Office,5,665.32,5,3326.58,166.33,3160.25,Apple Pay,Store
TXN-0064090,2026-09-14,DXB-003,Dubai,CUST-00649,P009,Backpack,Accessories,3,231.76,0,695.29,0.0,695.29,Card,Store
TXN-0064144,2026-09-14,DXB-001,Dubai,CUST-01310,P001,Laptop,Electronics,1,2867.21,10,2867.21,286.72,2580.49,Card,Store
TXN-0064165,2026-09-14,DXB-005,Dubai,CUST-03572,P004,Monitor,Electronics,2,910.96,0,1821.92,0.0,1821.92,Card,Store
TXN-0064173,2026-09-14,DXB-003,Dubai,CUST-04592,P009,Backpack,Accessories,1,228.95,10,228.95,22.9,206.06,Card,Store
TXN-0064238,2026-09-14,DXB-003,Dubai,CUST-05428,P010,Printer,Office,1,675.63,5,675.63,33.78,641.85,Card,Store
TXN-0064245,2026-09-14,DXB-001,Dubai,CUST-04229,P008,Desk,Furniture,2,835.65,15,1671.3,250.7,1420.61,Apple Pay,Online
TXN-0064246,2026-09-14,DXB-001,Dubai,CUST-03212,P015,Tablet,Electronics,1,1320.14,0,1320.14,0.0,1320.14,Card,Store
TXN-0064267,2026-09-14,DXB-003,Dubai,CUST-04358,P007,Office Chair,Furniture,3,645.67,5,1937.0,96.85,1840.15,Cash,Store
TXN-0064333,2026-09-14,DXB-005,Dubai,CUST-07352,P006,Mouse,Accessories,2,107.51,5,215.02,10.75,204.27,Card,Store
TXN-0064363,2026-09-14,DXB-005,Dubai,CUST-06857,P010,Printer,Office,4,679.67,5,2718.68,135.93,2582.75,Card,Online
TXN-0064379,2026-09-14,DXB-005,Dubai,CUST-03877,P014,Power Bank,Electronics,2,147.72,0,295.43,0.0,295.43,Card,Store
TXN-0064390,2026-09-14,DXB-004,Dubai,CUST-02383,P013,USB Drive,Accessories,5,45.2,5,226.02,11.3,214.72,Bank Transfer,Online
TXN-0064393,2026-09-14,DXB-005,Dubai,CUST-02561,P005,Keyboard,Accessories,1,183.9,10,183.9,18.39,165.51,Cash,Online
TXN-0064407,2026-09-14,DXB-005,Dubai,CUST-02413,P001,Laptop,Electronics,4,2557.93,15,10231.71,1534.76,8696.96,Bank Transfer,Store
TXN-0064415,2026-09-14,DXB-001,Dubai,CUST-04624,P013,USB Drive,Accessories,1,41.83,0,41.83,0.0,41.83,Cash,Store
TXN-0064424,2026-09-14,DXB-003,Dubai,CUST-05823,P014,Power Bank,Electronics,1,141.21,10,141.21,14.12,127.09,Apple Pay,Online
TXN-0064442,2026-09-14,DXB-005,Dubai,CUST-06004,P009,Backpack,Accessories,1,204.4,0,204.4,0.0,204.4,Card,Store
TXN-0064491,2026-09-14,DXB-001,Dubai,CUST-02737,P010,Printer,Office,1,658.41,0,658.41,0.0,658.41,Apple Pay,Store
TXN-0064560,2026-09-14,DXB-004,Dubai,CUST-02297,P014,Power Bank,Electronics,2,147.82,0,295.65,0.0,295.65,Card,Store
TXN-0064605,2026-09-14,DXB-005,Dubai,CUST-01565,P004,Monitor,Electronics,6,984.23,0,5905.41,0.0,5905.41,Card,Online
TXN-0064672,2026-09-14,DXB-005,Dubai,CUST-02356,P009,Backpack,Accessories,1,223.6,20,223.6,44.72,178.88,Cash,Store
TXN-0064678,2026-09-14,DXB-002,Dubai,CUST-06975,P007,Office Chair,Furniture,2,631.63,10,1263.26,126.33,1136.94,Bank Transfer,Store
TXN-0064701,2026-09-14,DXB-002,Dubai,CUST-02832,P004,Monitor,Electronics,1,946.16,5,946.16,47.31,898.86,Card,Store
TXN-0064734,2026-09-14,DXB-001,Dubai,CUST-02269,P013,USB Drive,Accessories,2,47.46,15,94.91,14.24,80.68,Cash,Store
TXN-0064929,2026-09-14,DXB-003,Dubai,CUST-02893,P002,Smartphone,Electronics,2,1763.98,10,3527.96,352.8,3175.16,Card,Store
TXN-0064942,2026-09-14,DXB-002,Dubai,CUST-04062,P003,Headphones,Electronics,3,345.19,20,1035.57,207.11,828.45,Cash,Online
TXN-0064945,2026-09-14,DXB-003,Dubai,CUST-02601,P006,Mouse,Accessories,1,105.79,5,105.79,5.29,100.5,Cash,Store
TXN-0064998,2026-09-14,DXB-001,Dubai,CUST-02498,P010,Printer,Office,3,703.55,0,2110.64,0.0,2110.64,Cash,Online
TXN-0065092,2026-09-14,DXB-004,Dubai,CUST-00191,P012,Pen Pack,Stationery,3,15.77,10,47.31,4.73,42.58,Cash,Store
TXN-0065163,2026-09-14,DXB-003,Dubai,CUST-04582,P014,Power Bank,Electronics,1,135.6,10,135.6,13.56,122.04,Card,Store
TXN-0065181,2026-09-14,DXB-001,Dubai,CUST-07891,P007,Office Chair,Furniture,3,611.55,5,1834.64,91.73,1742.91,Card,Store
TXN-0065213,2026-09-14,DXB-001,Dubai,CUST-07092,P007,Office Chair,Furniture,1,597.3,0,597.3,0.0,597.3,Card,Store
TXN-0065273,2026-09-14,DXB-003,Dubai,CUST-00834,P010,Printer,Office,1,737.26,5,737.26,36.86,700.4,Bank Transfer,Store
TXN-0065314,2026-09-14,DXB-005,Dubai,CUST-05701,P008,Desk,Furniture,1,820.66,5,820.66,41.03,779.63,Apple Pay,Online
TXN-0065339,2026-09-14,DXB-003,Dubai,CUST-00013,P015,Tablet,Electronics,1,1202.32,5,1202.32,60.12,1142.2,Cash,Store
TXN-0065394,2026-09-14,DXB-004,Dubai,CUST-07285,P013,USB Drive,Accessories,1,43.63,15,43.63,6.54,37.08,Card,Store
TXN-0065512,2026-09-14,DXB-003,Dubai,CUST-07127,P003,Headphones,Electronics,1,352.07,0,352.07,0.0,352.07,Card,Store
TXN-0065559,2026-09-14,DXB-001,Dubai,CUST-05513,P001,Laptop,Electronics,1,2606.47,10,2606.47,260.65,2345.82,Card,Store
TXN-0065625,2026-09-14,DXB-001,Dubai,CUST-07192,P001,Laptop,Electronics,1,2895.65,5,2895.65,144.78,2750.87,Card,Store
TXN-0065663,2026-09-14,DXB-005,Dubai,CUST-02842,P001,Laptop,Electronics,2,2824.95,10,5649.9,564.99,5084.91,Cash,Online
TXN-0065677,2026-09-14,DXB-005,Dubai,CUST-05480,P008,Desk,Furniture,2,788.25,5,1576.5,78.82,1497.67,Card,Store
TXN-0065681,2026-09-14,DXB-004,Dubai,CUST-03088,P002,Smartphone,Electronics,1,1827.71,20,1827.71,365.54,1462.16,Card,Store
TXN-0065697,2026-09-14,DXB-003,Dubai,CUST-01825,P010,Printer,Office,1,742.69,10,742.69,74.27,668.42,Cash,Store
TXN-0065898,2026-09-14,DXB-003,Dubai,CUST-04629,P015,Tablet,Electronics,1,1290.1,15,1290.1,193.52,1096.59,Card,Online
TXN-0065908,2026-09-14,DXB-001,Dubai,CUST-04068,P011,Notebook,Stationery,3,27.06,10,81.17,8.12,73.05,Card,Store
TXN-0065911,2026-09-14,DXB-003,Dubai,CUST-07251,P007,Office Chair,Furniture,1,634.62,10,634.62,63.46,571.16,Card,Online
TXN-0065978,2026-09-14,DXB-001,Dubai,CUST-00426,P002,Smartphone,Electronics,1,1662.97,5,1662.97,83.15,1579.83,Card,Store
TXN-0066015,2026-09-14,DXB-005,Dubai,CUST-03954,P001,Laptop,Electronics,2,2946.16,10,5892.32,589.23,5303.09,Card,Online
TXN-0066054,2026-09-14,DXB-004,Dubai,CUST-07768,P009,Backpack,Accessories,1,205.68,0,205.68,0.0,205.68,Cash,Store
TXN-0066068,2026-09-14,DXB-004,Dubai,CUST-05056,P005,Keyboard,Accessories,2,166.58,10,333.17,33.32,299.85,Cash,Store
TXN-0066154,2026-09-14,DXB-003,Dubai,CUST-07930,P005,Keyboard,Accessories,4,183.46,0,733.83,0.0,733.83,Card,Store
TXN-0066166,2026-09-14,DXB-001,Dubai,CUST-04540,P015,Tablet,Electronics,1,1235.32,5,1235.32,61.77,1173.56,Cash,Store
TXN-0066204,2026-09-14,DXB-002,Dubai,CUST-06514,P006,Mouse,Accessories,1,96.95,5,96.95,4.85,92.11,Card,Online
TXN-0066313,2026-09-14,DXB-005,Dubai,CUST-03996,P003,Headphones,Electronics,1,346.91,0,346.91,0.0,346.91,Card,Store
TXN-0066342,2026-09-14,DXB-004,Dubai,CUST-00626,P002,Smartphone,Electronics,3,1699.18,0,5097.55,0.0,5097.55,Cash,Store
TXN-0066448,2026-09-14,DXB-001,Dubai,CUST-01562,P014,Power Bank,Electronics,6,151.84,0,911.04,0.0,911.04,Bank Transfer,Store
TXN-0066529,2026-09-14,DXB-003,Dubai,CUST-04066,P011,Notebook,Stationery,2,25.56,10,51.11,5.11,46.0,Apple Pay,Store
TXN-0066538,2026-09-14,DXB-004,Dubai,CUST-01109,P004,Monitor,Electronics,2,934.89,15,1869.78,280.47,1589.31,Card,Store
TXN-0066624,2026-09-14,DXB-004,Dubai,CUST-06219,P010,Printer,Office,1,708.22,5,708.22,35.41,672.81,Card,Store
TXN-0066626,2026-09-14,DXB-005,Dubai,CUST-05938,P009,Backpack,Accessories,1,222.93,0,222.93,0.0,222.93,Card,Store
TXN-0066630,2026-09-14,DXB-001,Dubai,CUST-03812,P008,Desk,Furniture,3,815.73,15,2447.19,367.08,2080.11,Card,Online
TXN-0066711,2026-09-14,DXB-001,Dubai,CUST-05605,P002,Smartphone,Electronics,1,1618.39,0,1618.39,0.0,1618.39,Cash,Online
TXN-0066723,2026-09-14,DXB-002,Dubai,CUST-02474,P011,Notebook,Stationery,1,25.93,5,25.93,1.3,24.63,Cash,Store
TXN-0067003,2026-09-14,DXB-005,Dubai,CUST-01246,P013,USB Drive,Accessories,1,52.51,15,52.51,7.88,44.63,Apple Pay,Store
TXN-0067113,2026-09-14,DXB-004,Dubai,CUST-03780,P005,Keyboard,Accessories,1,181.44,5,181.44,9.07,172.37,Cash,Online
TXN-0067125,2026-09-14,DXB-001,Dubai,CUST-01858,P003,Headphones,Electronics,2,348.7,20,697.4,139.48,557.92,Cash,Store
TXN-0067133,2026-09-14,DXB-001,Dubai,CUST-06955,P004,Monitor,Electronics,3,959.49,15,2878.47,431.77,2446.7,Cash,Store
TXN-0067146,2026-09-14,DXB-001,Dubai,CUST-04084,P004,Monitor,Electronics,3,945.3,0,2835.91,0.0,2835.91,Bank Transfer,Online
TXN-0067231,2026-09-14,DXB-002,Dubai,CUST-05342,P010,Printer,Office,2,761.24,5,1522.49,76.12,1446.36,Card,Store
TXN-0067249,2026-09-14,DXB-001,Dubai,CUST-03902,P013,USB Drive,Accessories,2,42.69,5,85.39,4.27,81.12,Apple Pay,Store
TXN-0067345,2026-09-14,DXB-002,Dubai,CUST-03398,P007,Office Chair,Furniture,1,635.49,10,635.49,63.55,571.94,Card,Store
TXN-0067524,2026-09-14,DXB-001,Dubai,CUST-07113,P014,Power Bank,Electronics,3,153.83,0,461.48,0.0,461.48,Bank Transfer,Store
TXN-0067549,2026-09-14,DXB-002,Dubai,CUST-03357,P015,Tablet,Electronics,1,1251.07,20,1251.07,250.21,1000.86,Apple Pay,Store
TXN-0067565,2026-09-14,DXB-004,Dubai,CUST-05670,P006,Mouse,Accessories,2,94.24,15,188.47,28.27,160.2,Apple Pay,Online
TXN-0067635,2026-09-14,DXB-002,Dubai,CUST-02596,P012,Pen Pack,Stationery,3,14.6,10,43.81,4.38,39.43,Card,Store
TXN-0067775,2026-09-14,DXB-001,Dubai,CUST-05356,P008,Desk,Furniture,1,781.14,5,781.14,39.06,742.09,Card,Store
TXN-0067911,2026-09-14,DXB-001,Dubai,CUST-01991,P014,Power Bank,Electronics,1,157.02,0,157.02,0.0,157.02,Cash,Store
TXN-0068065,2026-09-14,DXB-004,Dubai,CUST-05598,P015,Tablet,Electronics,2,1262.05,10,2524.09,252.41,2271.69,Bank Transfer,Online
TXN-0068140,2026-09-14,DXB-002,Dubai,CUST-05335,P007,Office Chair,Furniture,1,702.44,15,702.44,105.37,597.07,Card,Store
TXN-0068187,2026-09-14,DXB-001,Dubai,CUST-04687,P015,Tablet,Electronics,1,1258.61,5,1258.61,62.93,1195.68,Cash,Online
TXN-0068290,2026-09-14,DXB-004,Dubai,CUST-02138,P004,Monitor,Electronics,1,818.89,5,818.89,40.94,777.94,Card,Store
TXN-0068312,2026-09-14,DXB-002,Dubai,CUST-06315,P005,Keyboard,Accessories,1,188.34,5,188.34,9.42,178.92,Cash,Store
TXN-0068334,2026-09-14,DXB-002,Dubai,CUST-04233,P004,Monitor,Electronics,2,840.8,15,1681.6,252.24,1429.36,Card,Store
TXN-0068357,2026-09-14,DXB-001,Dubai,CUST-05844,P011,Notebook,Stationery,1,24.25,10,24.25,2.42,21.82,Card,Online
TXN-0068363,2026-09-14,DXB-001,Dubai,CUST-06666,P003,Headphones,Electronics,1,298.76,10,298.76,29.88,268.89,Card,Online
TXN-0068515,2026-09-14,DXB-004,Dubai,CUST-03280,P001,Laptop,Electronics,1,2973.99,0,2973.99,0.0,2973.99,Apple Pay,Store
TXN-0068654,2026-09-14,DXB-002,Dubai,CUST-06325,P015,Tablet,Electronics,3,1039.2,5,3117.61,155.88,2961.73,Cash,Store
TXN-0068703,2026-09-14,DXB-001,Dubai,CUST-04992,P011,Notebook,Stationery,1,26.15,5,26.15,1.31,24.84,Card,Store
TXN-0068726,2026-09-14,DXB-001,Dubai,CUST-04216,P002,Smartphone,Electronics,4,1988.95,5,7955.81,397.79,7558.02,Card,Store
TXN-0068817,2026-09-14,DXB-001,Dubai,CUST-02788,P006,Mouse,Accessories,1,105.91,10,105.91,10.59,95.32,Card,Online
TXN-0068843,2026-09-14,DXB-001,Dubai,CUST-03823,P001,Laptop,Electronics,1,2845.49,10,2845.49,284.55,2560.94,Cash,Online
TXN-0068848,2026-09-14,DXB-001,Dubai,CUST-03083,P008,Desk,Furniture,2,753.55,15,1507.11,226.07,1281.04,Card,Store
TXN-0068867,2026-09-14,DXB-001,Dubai,CUST-05659,P013,USB Drive,Accessories,1,47.41,5,47.41,2.37,45.04,Card,Store
TXN-0068907,2026-09-14,DXB-005,Dubai,CUST-02187,P007,Office Chair,Furniture,1,609.68,5,609.68,30.48,579.19,Bank Transfer,Online
TXN-0068973,2026-09-14,DXB-001,Dubai,CUST-02730,P003,Headphones,Electronics,3,353.85,0,1061.54,0.0,1061.54,Card,Online
TXN-0068981,2026-09-14,DXB-003,Dubai,CUST-01956,P003,Headphones,Electronics,2,352.27,5,704.54,35.23,669.32,Bank Transfer,Store
TXN-0068991,2026-09-14,DXB-004,Dubai,CUST-07529,P005,Keyboard,Accessories,1,173.96,15,173.96,26.09,147.87,Card,Store
TXN-0069047,2026-09-14,DXB-004,Dubai,CUST-06674,P010,Printer,Office,1,669.99,10,669.99,67.0,602.99,Card,Store
TXN-0069137,2026-09-14,DXB-003,Dubai,CUST-07405,P004,Monitor,Electronics,2,850.27,10,1700.53,170.05,1530.48,Cash,Store
TXN-0069268,2026-09-14,DXB-005,Dubai,CUST-05307,P011,Notebook,Stationery,2,25.99,15,51.98,7.8,44.18,Bank Transfer,Online
TXN-0069292,2026-09-14,DXB-003,Dubai,CUST-06549,P013,USB Drive,Accessories,2,43.67,15,87.34,13.1,74.24,Card,Store
TXN-0069422,2026-09-14,DXB-002,Dubai,CUST-07334,P008,Desk,Furniture,2,801.07,5,1602.14,80.11,1522.04,Apple Pay,Online
TXN-0069490,2026-09-14,DXB-002,Dubai,CUST-00415,P011,Notebook,Stationery,2,25.45,15,50.89,7.63,43.26,Cash,Online
TXN-0069538,2026-09-14,DXB-002,Dubai,CUST-07425,P014,Power Bank,Electronics,1,157.8,10,157.8,15.78,142.02,Apple Pay,Store
TXN-0069627,2026-09-14,DXB-002,Dubai,CUST-06318,P009,Backpack,Accessories,4,209.96,0,839.84,0.0,839.84,Bank Transfer,Store
TXN-0069633,2026-09-14,DXB-004,Dubai,CUST-07076,P015,Tablet,Electronics,3,1125.67,10,3377.0,337.7,3039.3,Card,Online
TXN-0069684,2026-09-14,DXB-002,Dubai,CUST-02843,P006,Mouse,Accessories,2,103.73,20,207.46,41.49,165.97,Card,Store
TXN-0069736,2026-09-14,DXB-003,Dubai,CUST-02572,P006,Mouse,Accessories,2,98.79,0,197.58,0.0,197.58,Card,Store
TXN-0069772,2026-09-14,DXB-003,Dubai,CUST-03826,P011,Notebook,Stationery,2,23.6,0,47.2,0.0,47.2,Card,Store
TXN-0069907,2026-09-14,DXB-001,Dubai,CUST-04792,P005,Keyboard,Accessories,1,179.07,5,179.07,8.95,170.12,Cash,Online
TXN-0069921,2026-09-14,DXB-002,Dubai,CUST-05191,P015,Tablet,Electronics,3,1227.39,15,3682.18,552.33,3129.85,Card,Store
TXN-0070007,2026-09-14,DXB-003,Dubai,CUST-01652,P011,Notebook,Stationery,1,22.35,15,22.35,3.35,18.99,Card,Store
TXN-0070079,2026-09-14,DXB-005,Dubai,CUST-05481,P007,Office Chair,Furniture,3,603.88,5,1811.63,90.58,1721.05,Card,Online
TXN-0070085,2026-09-14,DXB-004,Dubai,CUST-00721,P005,Keyboard,Accessories,1,181.97,5,181.97,9.1,172.87,Card,Store
TXN-0070142,2026-09-14,DXB-002,Dubai,CUST-01907,P001,Laptop,Electronics,1,2482.77,0,2482.77,0.0,2482.77,Bank Transfer,Store
TXN-0070176,2026-09-14,DXB-002,Dubai,CUST-04677,P005,Keyboard,Accessories,1,177.59,10,177.59,17.76,159.84,Cash,Store
TXN-0070180,2026-09-14,DXB-005,Dubai,CUST-00417,P004,Monitor,Electronics,3,988.42,5,2965.26,148.26,2816.99,Card,Store
TXN-0070281,2026-09-14,DXB-002,Dubai,CUST-00619,P006,Mouse,Accessories,1,99.57,0,99.57,0.0,99.57,Card,Store
TXN-0070348,2026-09-14,DXB-003,Dubai,CUST-03538,P012,Pen Pack,Stationery,1,13.9,0,13.9,0.0,13.9,Bank Transfer,Online
TXN-0070395,2026-09-14,DXB-005,Dubai,CUST-03574,P003,Headphones,Electronics,1,305.66,10,305.66,30.57,275.1,Card,Store
TXN-0070405,2026-09-14,DXB-005,Dubai,CUST-06509,P013,USB Drive,Accessories,1,45.22,0,45.22,0.0,45.22,Apple Pay,Online
TXN-0070475,2026-09-14,DXB-002,Dubai,CUST-05647,P008,Desk,Furniture,2,811.08,10,1622.16,162.22,1459.95,Apple Pay,Online
TXN-0070476,2026-09-14,DXB-003,Dubai,CUST-05419,P004,Monitor,Electronics,3,809.63,0,2428.88,0.0,2428.88,Bank Transfer,Store
TXN-0070495,2026-09-14,DXB-004,Dubai,CUST-07472,P003,Headphones,Electronics,3,383.1,10,1149.29,114.93,1034.36,Bank Transfer,Online
TXN-0070594,2026-09-14,DXB-004,Dubai,CUST-04868,P012,Pen Pack,Stationery,1,16.04,0,16.04,0.0,16.04,Card,Store
TXN-0070725,2026-09-14,DXB-002,Dubai,CUST-00974,P003,Headphones,Electronics,1,326.56,0,326.56,0.0,326.56,Card,Online
TXN-0070749,2026-09-14,DXB-004,Dubai,CUST-02504,P009,Backpack,Accessories,1,230.13,0,230.13,0.0,230.13,Card,Online
TXN-0070995,2026-09-14,DXB-002,Dubai,CUST-02772,P008,Desk,Furniture,1,799.68,10,799.68,79.97,719.71,Card,Store
TXN-0071182,2026-09-14,DXB-003,Dubai,CUST-02366,P014,Power Bank,Electronics,6,149.87,10,899.24,89.92,809.31,Card,Store
TXN-0071313,2026-09-14,DXB-003,Dubai,CUST-01029,P007,Office Chair,Furniture,2,653.63,5,1307.26,65.36,1241.9,Apple Pay,Store
TXN-0071393,2026-09-14,DXB-001,Dubai,CUST-04867,P014,Power Bank,Electronics,1,132.27,15,132.27,19.84,112.43,Card,Store
TXN-0071421,2026-09-14,DXB-003,Dubai,CUST-00378,P014,Power Bank,Electronics,2,152.47,5,304.95,15.25,289.7,Card,Store
TXN-0071531,2026-09-14,DXB-004,Dubai,CUST-04339,P015,Tablet,Electronics,2,1281.05,15,2562.11,384.32,2177.79,Card,Store
TXN-0071562,2026-09-14,DXB-002,Dubai,CUST-07525,P007,Office Chair,Furniture,1,684.94,10,684.94,68.49,616.44,Cash,Store
TXN-0071600,2026-09-14,DXB-004,Dubai,CUST-01688,P007,Office Chair,Furniture,1,690.47,5,690.47,34.52,655.95,Bank Transfer,Online
TXN-0071624,2026-09-14,DXB-004,Dubai,CUST-01930,P013,USB Drive,Accessories,1,46.04,10,46.04,4.6,41.44,Apple Pay,Store
TXN-0071643,2026-09-14,DXB-001,Dubai,CUST-00802,P005,Keyboard,Accessories,1,173.92,5,173.92,8.7,165.22,Apple Pay,Online
TXN-0071687,2026-09-14,DXB-003,Dubai,CUST-03807,P012,Pen Pack,Stationery,3,14.89,0,44.68,0.0,44.68,Card,Store
TXN-0071801,2026-09-14,DXB-001,Dubai,CUST-07137,P015,Tablet,Electronics,1,1085.66,0,1085.66,0.0,1085.66,Apple Pay,Store
TXN-0071807,2026-09-14,DXB-005,Dubai,CUST-01719,P007,Office Chair,Furniture,1,602.44,10,602.44,60.24,542.19,Cash,Online
TXN-0071816,2026-09-14,DXB-001,Dubai,CUST-01828,P013,USB Drive,Accessories,1,46.74,5,46.74,2.34,44.4,Apple Pay,Online
TXN-0071879,2026-09-14,DXB-002,Dubai,CUST-05795,P006,Mouse,Accessories,3,106.44,15,319.32,47.9,271.42,Card,Online
TXN-0072012,2026-09-14,DXB-003,Dubai,CUST-06407,P007,Office Chair,Furniture,2,610.6,5,1221.21,61.06,1160.15,Card,Store
TXN-0072061,2026-09-14,DXB-001,Dubai,CUST-02333,P006,Mouse,Accessories,3,103.59,5,310.78,15.54,295.24,Cash,Store
TXN-0072081,2026-09-14,DXB-001,Dubai,CUST-04585,P015,Tablet,Electronics,2,1161.93,10,2323.86,232.39,2091.47,Card,Store
TXN-0072090,2026-09-14,DXB-001,Dubai,CUST-00760,P004,Monitor,Electronics,3,855.13,0,2565.39,0.0,2565.39,Apple Pay,Store
TXN-0072232,2026-09-14,DXB-004,Dubai,CUST-07277,P002,Smartphone,Electronics,1,1924.66,5,1924.66,96.23,1828.42,Card,Store
TXN-0072244,2026-09-14,DXB-002,Dubai,CUST-04433,P005,Keyboard,Accessories,2,165.07,0,330.14,0.0,330.14,Card,Store
TXN-0072258,2026-09-14,DXB-003,Dubai,CUST-05943,P005,Keyboard,Accessories,2,163.95,0,327.9,0.0,327.9,Cash,Store
TXN-0072287,2026-09-14,DXB-003,Dubai,CUST-00145,P005,Keyboard,Accessories,1,192.09,5,192.09,9.6,182.48,Apple Pay,Store
TXN-0072379,2026-09-14,DXB-001,Dubai,CUST-03706,P012,Pen Pack,Stationery,1,14.82,10,14.82,1.48,13.34,Apple Pay,Store
TXN-0072403,2026-09-14,DXB-003,Dubai,CUST-07121,P015,Tablet,Electronics,2,1094.7,0,2189.4,0.0,2189.4,Apple Pay,Store
TXN-0072451,2026-09-14,DXB-001,Dubai,CUST-03011,P002,Smartphone,Electronics,1,1675.09,5,1675.09,83.75,1591.33,Apple Pay,Online
TXN-0072542,2026-09-14,DXB-002,Dubai,CUST-05077,P006,Mouse,Accessories,1,95.77,20,95.77,19.15,76.61,Card,Online
TXN-0072715,2026-09-14,DXB-001,Dubai,CUST-04367,P014,Power Bank,Electronics,1,133.84,0,133.84,0.0,133.84,Card,Store
TXN-0072728,2026-09-14,DXB-005,Dubai,CUST-05074,P010,Printer,Office,1,725.43,0,725.43,0.0,725.43,Cash,Store
TXN-0072770,2026-09-14,DXB-003,Dubai,CUST-01374,P002,Smartphone,Electronics,4,1865.41,5,7461.64,373.08,7088.56,Apple Pay,Store
TXN-0072827,2026-09-14,DXB-005,Dubai,CUST-04954,P010,Printer,Office,4,741.17,0,2964.7,0.0,2964.7,Bank Transfer,Store
TXN-0072858,2026-09-14,DXB-001,Dubai,CUST-02161,P005,Keyboard,Accessories,2,185.97,5,371.95,18.6,353.35,Card,Online
TXN-0072893,2026-09-14,DXB-003,Dubai,CUST-00820,P015,Tablet,Electronics,2,1191.51,10,2383.02,238.3,2144.72,Bank Transfer,Store
TXN-0072962,2026-09-14,DXB-004,Dubai,CUST-03056,P008,Desk,Furniture,1,831.81,5,831.81,41.59,790.22,Card,Store
TXN-0073079,2026-09-14,DXB-005,Dubai,CUST-04313,P009,Backpack,Accessories,3,214.99,0,644.98,0.0,644.98,Cash,Store
TXN-0073163,2026-09-14,DXB-005,Dubai,CUST-06991,P009,Backpack,Accessories,1,237.71,5,237.71,11.89,225.82,Bank Transfer,Store
TXN-0073343,2026-09-14,DXB-001,Dubai,CUST-00278,P003,Headphones,Electronics,1,324.16,0,324.16,0.0,324.16,Card,Store
TXN-0073431,2026-09-14,DXB-004,Dubai,CUST-04781,P009,Backpack,Accessories,2,209.5,10,419.0,41.9,377.1,Cash,Store
TXN-0073464,2026-09-14,DXB-005,Dubai,CUST-00966,P011,Notebook,Stationery,2,22.46,0,44.92,0.0,44.92,Cash,Store
TXN-0073564,2026-09-14,DXB-004,Dubai,CUST-05238,P014,Power Bank,Electronics,1,135.84,15,135.84,20.38,115.47,Card,Online
TXN-0073569,2026-09-14,DXB-003,Dubai,CUST-07907,P015,Tablet,Electronics,1,1148.44,0,1148.44,0.0,1148.44,Card,Store
TXN-0073586,2026-09-14,DXB-004,Dubai,CUST-03825,P014,Power Bank,Electronics,5,159.94,10,799.72,79.97,719.75,Card,Online
TXN-0073610,2026-09-14,DXB-002,Dubai,CUST-00978,P008,Desk,Furniture,4,809.01,0,3236.05,0.0,3236.05,Bank Transfer,Store
TXN-0073619,2026-09-14,DXB-004,Dubai,CUST-07586,P015,Tablet,Electronics,1,1283.15,0,1283.15,0.0,1283.15,Cash,Store
TXN-0073621,2026-09-14,DXB-001,Dubai,CUST-01750,P014,Power Bank,Electronics,2,146.03,5,292.06,14.6,277.46,Bank Transfer,Online
TXN-0073631,2026-09-14,DXB-005,Dubai,CUST-04049,P012,Pen Pack,Stationery,1,14.99,10,14.99,1.5,13.49,Card,Store
TXN-0073711,2026-09-14,DXB-005,Dubai,CUST-02422,P013,USB Drive,Accessories,2,38.27,0,76.54,0.0,76.54,Card,Store
TXN-0073771,2026-09-14,DXB-005,Dubai,CUST-07931,P005,Keyboard,Accessories,3,171.6,10,514.8,51.48,463.32,Card,Store
TXN-0073897,2026-09-14,DXB-002,Dubai,CUST-00643,P003,Headphones,Electronics,1,399.68,10,399.68,39.97,359.71,Card,Online
TXN-0073901,2026-09-14,DXB-005,Dubai,CUST-01000,P012,Pen Pack,Stationery,5,15.81,10,79.07,7.91,71.17,Cash,Store
TXN-0073929,2026-09-14,DXB-001,Dubai,CUST-06637,P015,Tablet,Electronics,1,1229.2,10,1229.2,122.92,1106.28,Apple Pay,Store
TXN-0073939,2026-09-14,DXB-005,Dubai,CUST-01151,P006,Mouse,Accessories,1,91.07,5,91.07,4.55,86.51,Card,Store
TXN-0073951,2026-09-14,DXB-001,Dubai,CUST-07640,P008,Desk,Furniture,1,820.6,0,820.6,0.0,820.6,Card,Store
TXN-0073963,2026-09-14,DXB-004,Dubai,CUST-00810,P005,Keyboard,Accessories,2,171.91,5,343.82,17.19,326.63,Card,Store
TXN-0074049,2026-09-14,DXB-005,Dubai,CUST-01347,P004,Monitor,Electronics,3,900.72,0,2702.15,0.0,2702.15,Card,Online
TXN-0074056,2026-09-14,DXB-001,Dubai,CUST-05076,P007,Office Chair,Furniture,3,598.34,5,1795.03,89.75,1705.27,Card,Store
TXN-0074157,2026-09-14,DXB-001,Dubai,CUST-07696,P007,Office Chair,Furniture,3,620.13,15,1860.39,279.06,1581.33,Card,Store
TXN-0074230,2026-09-14,DXB-001,Dubai,CUST-06506,P011,Notebook,Stationery,2,24.87,5,49.75,2.49,47.26,Card,Online
TXN-0074242,2026-09-14,DXB-001,Dubai,CUST-05489,P006,Mouse,Accessories,1,92.37,5,92.37,4.62,87.75,Apple Pay,Store
TXN-0074336,2026-09-14,DXB-002,Dubai,CUST-02609,P001,Laptop,Electronics,2,2905.33,0,5810.67,0.0,5810.67,Apple Pay,Store
TXN-0074409,2026-09-14,DXB-005,Dubai,CUST-06405,P013,USB Drive,Accessories,5,43.46,20,217.32,43.46,173.86,Apple Pay,Store
TXN-0074434,2026-09-14,DXB-001,Dubai,CUST-05208,P003,Headphones,Electronics,1,335.58,10,335.58,33.56,302.02,Card,Store
TXN-0074458,2026-09-14,DXB-001,Dubai,CUST-00716,P007,Office Chair,Furniture,2,627.44,0,1254.89,0.0,1254.89,Card,Online
TXN-0074460,2026-09-14,DXB-004,Dubai,CUST-03282,P003,Headphones,Electronics,1,384.28,0,384.28,0.0,384.28,Apple Pay,Online
TXN-0074509,2026-09-14,DXB-001,Dubai,CUST-03979,P005,Keyboard,Accessories,1,191.59,0,191.59,0.0,191.59,Card,Online
TXN-0074517,2026-09-14,DXB-002,Dubai,CUST-00830,P010,Printer,Office,2,635.64,15,1271.29,190.69,1080.6,Apple Pay,Store
TXN-0074523,2026-09-14,DXB-005,Dubai,CUST-07481,P015,Tablet,Electronics,3,1163.13,0,3489.38,0.0,3489.38,Apple Pay,Store
TXN-0074590,2026-09-14,DXB-005,Dubai,CUST-03427,P014,Power Bank,Electronics,1,152.58,5,152.58,7.63,144.95,Apple Pay,Online
TXN-0074721,2026-09-14,DXB-002,Dubai,CUST-05120,P005,Keyboard,Accessories,3,196.75,10,590.25,59.03,531.23,Card,Store
TXN-0074761,2026-09-14,DXB-005,Dubai,CUST-05989,P007,Office Chair,Furniture,1,560.02,5,560.02,28.0,532.02,Bank Transfer,Store
TXN-0074764,2026-09-14,DXB-002,Dubai,CUST-04104,P001,Laptop,Electronics,1,2946.75,10,2946.75,294.68,2652.08,Card,Store
TXN-0074820,2026-09-14,DXB-005,Dubai,CUST-02145,P013,USB Drive,Accessories,2,44.44,0,88.88,0.0,88.88,Card,Online
TXN-0074844,2026-09-14,DXB-002,Dubai,CUST-00648,P009,Backpack,Accessories,3,238.03,15,714.09,107.11,606.98,Bank Transfer,Online
TXN-0074939,2026-09-14,DXB-005,Dubai,CUST-04925,P004,Monitor,Electronics,1,825.62,0,825.62,0.0,825.62,Bank Transfer,Store
TXN-0075021,2026-09-14,DXB-005,Dubai,CUST-02835,P009,Backpack,Accessories,3,232.92,5,698.77,34.94,663.83,Cash,Store
TXN-0075134,2026-09-14,DXB-004,Dubai,CUST-06146,P005,Keyboard,Accessories,6,186.55,5,1119.32,55.97,1063.35,Card,Online
TXN-0075154,2026-09-14,DXB-004,Dubai,CUST-04619,P015,Tablet,Electronics,1,1222.12,0,1222.12,0.0,1222.12,Card,Store
TXN-0075331,2026-09-14,DXB-004,Dubai,CUST-05642,P009,Backpack,Accessories,1,246.18,0,246.18,0.0,246.18,Card,Store
TXN-0075343,2026-09-14,DXB-004,Dubai,CUST-02662,P015,Tablet,Electronics,2,1216.99,10,2433.97,243.4,2190.58,Bank Transfer,Store
TXN-0075383,2026-09-14,DXB-002,Dubai,CUST-06858,P006,Mouse,Accessories,2,93.74,15,187.48,28.12,159.36,Card,Online
TXN-0075390,2026-09-14,DXB-001,Dubai,CUST-02182,P014,Power Bank,Electronics,1,132.76,10,132.76,13.28,119.48,Card,Online
TXN-0075408,2026-09-14,DXB-003,Dubai,CUST-04797,P002,Smartphone,Electronics,3,1677.38,10,5032.14,503.21,4528.93,Apple Pay,Store
TXN-0075498,2026-09-14,DXB-001,Dubai,CUST-04880,P006,Mouse,Accessories,1,111.59,10,111.59,11.16,100.43,Apple Pay,Store
TXN-0075500,2026-09-14,DXB-004,Dubai,CUST-07061,P004,Monitor,Electronics,2,868.12,10,1736.24,173.62,1562.62,Card,Store
TXN-0075724,2026-09-14,DXB-002,Dubai,CUST-04394,P009,Backpack,Accessories,2,226.28,0,452.57,0.0,452.57,Apple Pay,Store
TXN-0075821,2026-09-14,DXB-001,Dubai,CUST-00206,P015,Tablet,Electronics,1,1204.86,15,1204.86,180.73,1024.13,Card,Store
TXN-0076049,2026-09-14,DXB-001,Dubai,CUST-05403,P009,Backpack,Accessories,2,214.66,10,429.31,42.93,386.38,Card,Online
TXN-0076193,2026-09-14,DXB-005,Dubai,CUST-02348,P005,Keyboard,Accessories,2,198.4,0,396.8,0.0,396.8,Card,Online
TXN-0076219,2026-09-14,DXB-005,Dubai,CUST-00798,P010,Printer,Office,1,661.85,10,661.85,66.19,595.67,Card,Online
TXN-0076292,2026-09-14,DXB-001,Dubai,CUST-04548,P009,Backpack,Accessories,2,225.03,5,450.06,22.5,427.56,Bank Transfer,Store
TXN-0076310,2026-09-14,DXB-001,Dubai,CUST-06375,P007,Office Chair,Furniture,2,570.58,0,1141.17,0.0,1141.17,Card,Store
TXN-0076313,2026-09-14,DXB-003,Dubai,CUST-07461,P005,Keyboard,Accessories,1,181.42,0,181.42,0.0,181.42,Card,Store
TXN-0076335,2026-09-14,DXB-004,Dubai,CUST-01714,P009,Backpack,Accessories,1,213.88,10,213.88,21.39,192.49,Apple Pay,Online
TXN-0076420,2026-09-14,DXB-004,Dubai,CUST-05042,P009,Backpack,Accessories,1,231.03,15,231.03,34.66,196.38,Apple Pay,Store
TXN-0076487,2026-09-14,DXB-001,Dubai,CUST-02722,P001,Laptop,Electronics,3,2881.76,15,8645.28,1296.79,7348.49,Card,Online
TXN-0076527,2026-09-14,DXB-001,Dubai,CUST-03445,P006,Mouse,Accessories,2,99.59,0,199.19,0.0,199.19,Cash,Store
TXN-0076603,2026-09-14,DXB-002,Dubai,CUST-00210,P008,Desk,Furniture,3,759.31,0,2277.93,0.0,2277.93,Cash,Online
TXN-0076610,2026-09-14,DXB-005,Dubai,CUST-03210,P015,Tablet,Electronics,1,1242.2,0,1242.2,0.0,1242.2,Apple Pay,Online
TXN-0076631,2026-09-14,DXB-002,Dubai,CUST-02507,P013,USB Drive,Accessories,1,44.06,10,44.06,4.41,39.66,Card,Store
TXN-0076642,2026-09-14,DXB-005,Dubai,CUST-02232,P007,Office Chair,Furniture,3,659.65,15,1978.96,296.84,1682.12,Cash,Store
TXN-0076919,2026-09-14,DXB-002,Dubai,CUST-03060,P008,Desk,Furniture,1,830.91,20,830.91,166.18,664.73,Card,Online
TXN-0076984,2026-09-14,DXB-001,Dubai,CUST-06665,P002,Smartphone,Electronics,2,1729.05,0,3458.11,0.0,3458.11,Apple Pay,Online
TXN-0076986,2026-09-14,DXB-001,Dubai,CUST-04584,P004,Monitor,Electronics,1,898.54,5,898.54,44.93,853.62,Card,Store
TXN-0076997,2026-09-14,DXB-004,Dubai,CUST-02627,P008,Desk,Furniture,5,857.24,0,4286.21,0.0,4286.21,Apple Pay,Store
TXN-0077008,2026-09-14,DXB-005,Dubai,CUST-05672,P001,Laptop,Electronics,1,2668.32,5,2668.32,133.42,2534.91,Apple Pay,Store
TXN-0077019,2026-09-14,DXB-001,Dubai,CUST-06603,P014,Power Bank,Electronics,1,151.1,0,151.1,0.0,151.1,Apple Pay,Store
TXN-0077091,2026-09-14,DXB-002,Dubai,CUST-04897,P002,Smartphone,Electronics,2,1761.61,15,3523.21,528.48,2994.73,Card,Store
TXN-0077168,2026-09-14,DXB-003,Dubai,CUST-00178,P013,USB Drive,Accessories,1,44.3,0,44.3,0.0,44.3,Card,Online
TXN-0077193,2026-09-14,DXB-004,Dubai,CUST-03658,P015,Tablet,Electronics,2,1113.89,15,2227.78,334.17,1893.61,Card,Store
TXN-0077294,2026-09-14,DXB-005,Dubai,CUST-05884,P011,Notebook,Stationery,1,24.46,0,24.46,0.0,24.46,Cash,Online
TXN-0077334,2026-09-14,DXB-002,Dubai,CUST-01449,P015,Tablet,Electronics,1,1133.57,0,1133.57,0.0,1133.57,Apple Pay,Store
TXN-0077365,2026-09-14,DXB-004,Dubai,CUST-06359,P012,Pen Pack,Stationery,4,16.19,10,64.75,6.47,58.27,Apple Pay,Store
TXN-0077390,2026-09-14,DXB-003,Dubai,CUST-01861,P015,Tablet,Electronics,1,1231.88,0,1231.88,0.0,1231.88,Card,Online
TXN-0077425,2026-09-14,DXB-003,Dubai,CUST-04264,P001,Laptop,Electronics,3,2835.56,5,8506.69,425.33,8081.36,Cash,Store
TXN-0077435,2026-09-14,DXB-001,Dubai,CUST-07221,P005,Keyboard,Accessories,1,172.42,10,172.42,17.24,155.18,Apple Pay,Store
TXN-0077448,2026-09-14,DXB-002,Dubai,CUST-04263,P005,Keyboard,Accessories,3,175.57,0,526.71,0.0,526.71,Cash,Store
TXN-0077498,2026-09-14,DXB-003,Dubai,CUST-05672,P007,Office Chair,Furniture,3,606.25,0,1818.76,0.0,1818.76,Bank Transfer,Online
TXN-0077506,2026-09-14,DXB-001,Dubai,CUST-05841,P011,Notebook,Stationery,1,24.3,20,24.3,4.86,19.44,Apple Pay,Store
TXN-0077535,2026-09-14,DXB-002,Dubai,CUST-06470,P007,Office Chair,Furniture,1,682.88,15,682.88,102.43,580.45,Card,Store
TXN-0077646,2026-09-14,DXB-005,Dubai,CUST-05574,P009,Backpack,Accessories,2,229.22,10,458.44,45.84,412.6,Cash,Store
TXN-0077780,2026-09-14,DXB-003,Dubai,CUST-04763,P012,Pen Pack,Stationery,1,15.01,10,15.01,1.5,13.51,Cash,Store
TXN-0077828,2026-09-14,DXB-003,Dubai,CUST-01100,P008,Desk,Furniture,1,844.57,5,844.57,42.23,802.34,Cash,Online
TXN-0077854,2026-09-14,DXB-005,Dubai,CUST-02424,P001,Laptop,Electronics,2,2553.34,5,5106.68,255.33,4851.35,Cash,Store
TXN-0077859,2026-09-14,DXB-004,Dubai,CUST-06781,P011,Notebook,Stationery,1,23.73,5,23.73,1.19,22.54,Cash,Store
TXN-0078043,2026-09-14,DXB-005,Dubai,CUST-02464,P004,Monitor,Electronics,1,818.92,5,818.92,40.95,777.97,Bank Transfer,Store
TXN-0078136,2026-09-14,DXB-002,Dubai,CUST-04691,P006,Mouse,Accessories,1,103.61,5,103.61,5.18,98.43,Apple Pay,Online
TXN-0078153,2026-09-14,DXB-003,Dubai,CUST-00153,P014,Power Bank,Electronics,2,146.14,5,292.28,14.61,277.66,Card,Store
TXN-0078172,2026-09-14,DXB-005,Dubai,CUST-02946,P004,Monitor,Electronics,4,867.8,0,3471.18,0.0,3471.18,Cash,Online
TXN-0078282,2026-09-14,DXB-004,Dubai,CUST-00860,P001,Laptop,Electronics,2,2935.91,5,5871.82,293.59,5578.23,Apple Pay,Store
TXN-0078377,2026-09-14,DXB-005,Dubai,CUST-04694,P009,Backpack,Accessories,1,240.55,5,240.55,12.03,228.52,Apple Pay,Store
TXN-0078382,2026-09-14,DXB-005,Dubai,CUST-01921,P002,Smartphone,Electronics,1,1746.96,0,1746.96,0.0,1746.96,Bank Transfer,Store
TXN-0078506,2026-09-14,DXB-004,Dubai,CUST-02496,P005,Keyboard,Accessories,6,170.44,10,1022.64,102.26,920.37,Bank Transfer,Online
TXN-0078515,2026-09-14,DXB-003,Dubai,CUST-05684,P013,USB Drive,Accessories,4,44.64,20,178.57,35.71,142.86,Card,Store
TXN-0078519,2026-09-14,DXB-005,Dubai,CUST-00448,P004,Monitor,Electronics,4,897.19,20,3588.75,717.75,2871.0,Cash,Store
TXN-0078807,2026-09-14,DXB-005,Dubai,CUST-03930,P006,Mouse,Accessories,3,98.97,5,296.91,14.85,282.06,Card,Store
TXN-0078836,2026-09-14,DXB-003,Dubai,CUST-05955,P011,Notebook,Stationery,1,25.69,0,25.69,0.0,25.69,Card,Store
TXN-0078843,2026-09-14,DXB-004,Dubai,CUST-05712,P003,Headphones,Electronics,1,363.36,10,363.36,36.34,327.02,Card,Online
TXN-0078946,2026-09-14,DXB-001,Dubai,CUST-06891,P011,Notebook,Stationery,1,26.38,10,26.38,2.64,23.74,Card,Store
TXN-0078978,2026-09-14,DXB-001,Dubai,CUST-04673,P015,Tablet,Electronics,1,1209.01,10,1209.01,120.9,1088.11,Card,Online
TXN-0079018,2026-09-14,DXB-005,Dubai,CUST-06480,P005,Keyboard,Accessories,2,185.25,10,370.5,37.05,333.45,Card,Store
TXN-0079102,2026-09-14,DXB-001,Dubai,CUST-03645,P015,Tablet,Electronics,4,1235.55,0,4942.18,0.0,4942.18,Apple Pay,Store
TXN-0079108,2026-09-14,DXB-002,Dubai,CUST-05940,P005,Keyboard,Accessories,6,190.27,10,1141.62,114.16,1027.46,Bank Transfer,Store
TXN-0079153,2026-09-14,DXB-002,Dubai,CUST-07783,P001,Laptop,Electronics,1,2876.12,0,2876.12,0.0,2876.12,Apple Pay,Store
TXN-0079333,2026-09-14,DXB-005,Dubai,CUST-02504,P009,Backpack,Accessories,4,217.02,5,868.07,43.4,824.67,Cash,Store
TXN-0079482,2026-09-14,DXB-003,Dubai,CUST-02417,P014,Power Bank,Electronics,2,146.2,5,292.4,14.62,277.78,Card,Store
TXN-0079563,2026-09-14,DXB-005,Dubai,CUST-05106,P003,Headphones,Electronics,2,354.88,15,709.77,106.47,603.3,Card,Online
TXN-0079651,2026-09-14,DXB-005,Dubai,CUST-00839,P013,USB Drive,Accessories,4,44.79,15,179.17,26.88,152.29,Card,Store
TXN-0079714,2026-09-14,DXB-002,Dubai,CUST-02501,P011,Notebook,Stationery,1,24.22,0,24.22,0.0,24.22,Card,Online
TXN-0079717,2026-09-14,DXB-004,Dubai,CUST-07982,P003,Headphones,Electronics,4,353.32,15,1413.28,211.99,1201.29,Apple Pay,Online
TXN-0079729,2026-09-14,DXB-001,Dubai,CUST-05976,P005,Keyboard,Accessories,2,179.29,10,358.57,35.86,322.72,Card,Online
TXN-0079759,2026-09-14,DXB-002,Dubai,CUST-01274,P015,Tablet,Electronics,1,1297.07,20,1297.07,259.41,1037.66,Apple Pay,Online
TXN-0079915,2026-09-14,DXB-003,Dubai,CUST-00138,P005,Keyboard,Accessories,5,174.69,10,873.43,87.34,786.09,Cash,Online
TXN-0079935,2026-09-14,DXB-005,Dubai,CUST-04403,P011,Notebook,Stationery,2,25.44,10,50.89,5.09,45.8,Cash,Store
TXN-0080119,2026-09-14,DXB-003,Dubai,CUST-03160,P004,Monitor,Electronics,1,1010.95,0,1010.95,0.0,1010.95,Apple Pay,Store
TXN-0080147,2026-09-14,DXB-003,Dubai,CUST-03546,P003,Headphones,Electronics,1,364.13,5,364.13,18.21,345.93,Card,Store
TXN-0080200,2026-09-14,DXB-004,Dubai,CUST-04800,P009,Backpack,Accessories,1,225.02,5,225.02,11.25,213.77,Cash,Online
TXN-0080201,2026-09-14,DXB-004,Dubai,CUST-01032,P010,Printer,Office,1,637.22,5,637.22,31.86,605.36,Card,Online
TXN-0080228,2026-09-14,DXB-004,Dubai,CUST-01095,P004,Monitor,Electronics,1,921.22,0,921.22,0.0,921.22,Cash,Store
TXN-0080251,2026-09-14,DXB-003,Dubai,CUST-02646,P001,Laptop,Electronics,1,2769.6,15,2769.6,415.44,2354.16,Card,Online
TXN-0080255,2026-09-14,DXB-002,Dubai,CUST-07215,P012,Pen Pack,Stationery,2,16.4,5,32.81,1.64,31.17,Bank Transfer,Online
TXN-0080319,2026-09-14,DXB-005,Dubai,CUST-02345,P013,USB Drive,Accessories,1,43.23,5,43.23,2.16,41.07,Card,Store
TXN-0080387,2026-09-14,DXB-002,Dubai,CUST-04030,P005,Keyboard,Accessories,2,186.56,0,373.13,0.0,373.13,Apple Pay,Store
TXN-0080445,2026-09-14,DXB-003,Dubai,CUST-00450,P008,Desk,Furniture,4,831.49,5,3325.96,166.3,3159.66,Card,Online
TXN-0080461,2026-09-14,DXB-003,Dubai,CUST-05134,P008,Desk,Furniture,1,812.26,0,812.26,0.0,812.26,Apple Pay,Store
TXN-0080464,2026-09-14,DXB-005,Dubai,CUST-04389,P006,Mouse,Accessories,3,102.91,5,308.72,15.44,293.28,Cash,Store
TXN-0080482,2026-09-14,DXB-002,Dubai,CUST-02659,P011,Notebook,Stationery,1,25.53,5,25.53,1.28,24.26,Card,Store
TXN-0080496,2026-09-14,DXB-002,Dubai,CUST-01099,P013,USB Drive,Accessories,2,42.51,0,85.01,0.0,85.01,Card,Store
TXN-0080535,2026-09-14,DXB-004,Dubai,CUST-01033,P008,Desk,Furniture,1,792.51,15,792.51,118.88,673.63,Apple Pay,Online
TXN-0080548,2026-09-14,DXB-003,Dubai,CUST-01963,P010,Printer,Office,2,791.28,5,1582.56,79.13,1503.43,Card,Online
TXN-0080638,2026-09-14,DXB-001,Dubai,CUST-03954,P015,Tablet,Electronics,1,1191.99,0,1191.99,0.0,1191.99,Cash,Store
TXN-0080682,2026-09-14,DXB-003,Dubai,CUST-01816,P001,Laptop,Electronics,1,2484.23,5,2484.23,124.21,2360.02,Card,Store
TXN-0080740,2026-09-14,DXB-002,Dubai,CUST-03191,P006,Mouse,Accessories,4,87.76,5,351.03,17.55,333.48,Cash,Store
TXN-0080748,2026-09-14,DXB-001,Dubai,CUST-05581,P002,Smartphone,Electronics,1,1794.5,15,1794.5,269.17,1525.32,Cash,Online
TXN-0080900,2026-09-14,DXB-003,Dubai,CUST-00670,P010,Printer,Office,2,665.35,5,1330.69,66.53,1264.16,Bank Transfer,Online
TXN-0080957,2026-09-14,DXB-004,Dubai,CUST-01156,P012,Pen Pack,Stationery,4,16.2,15,64.82,9.72,55.1,Card,Store
TXN-0081042,2026-09-14,DXB-002,Dubai,CUST-01079,P003,Headphones,Electronics,1,320.75,0,320.75,0.0,320.75,Card,Store
TXN-0081080,2026-09-14,DXB-005,Dubai,CUST-05951,P015,Tablet,Electronics,2,1293.39,0,2586.78,0.0,2586.78,Apple Pay,Store
TXN-0081116,2026-09-14,DXB-001,Dubai,CUST-01404,P010,Printer,Office,1,673.64,0,673.64,0.0,673.64,Card,Online
TXN-0081134,2026-09-14,DXB-005,Dubai,CUST-06527,P012,Pen Pack,Stationery,1,14.59,10,14.59,1.46,13.13,Cash,Store
TXN-0081166,2026-09-14,DXB-004,Dubai,CUST-00752,P009,Backpack,Accessories,4,234.64,20,938.57,187.71,750.86,Apple Pay,Store
TXN-0081223,2026-09-14,DXB-005,Dubai,CUST-07003,P004,Monitor,Electronics,1,847.7,10,847.7,84.77,762.93,Card,Store
TXN-0081232,2026-09-14,DXB-004,Dubai,CUST-00483,P013,USB Drive,Accessories,2,45.06,0,90.13,0.0,90.13,Cash,Store
TXN-0081238,2026-09-14,DXB-002,Dubai,CUST-03231,P008,Desk,Furniture,2,809.79,5,1619.58,80.98,1538.6,Card,Store
TXN-0081388,2026-09-14,DXB-003,Dubai,CUST-06173,P009,Backpack,Accessories,3,221.1,5,663.31,33.17,630.14,Cash,Store
TXN-0081468,2026-09-14,DXB-002,Dubai,CUST-01796,P003,Headphones,Electronics,1,342.27,5,342.27,17.11,325.15,Card,Online
TXN-0081485,2026-09-14,DXB-001,Dubai,CUST-03496,P005,Keyboard,Accessories,2,191.86,20,383.73,76.75,306.98,Card,Store
TXN-0081511,2026-09-14,DXB-003,Dubai,CUST-04812,P004,Monitor,Electronics,1,929.27,0,929.27,0.0,929.27,Apple Pay,Online
TXN-0081551,2026-09-14,DXB-003,Dubai,CUST-07496,P007,Office Chair,Furniture,3,644.16,5,1932.49,96.62,1835.86,Card,Store
TXN-0081567,2026-09-14,DXB-004,Dubai,CUST-05021,P004,Monitor,Electronics,1,907.07,5,907.07,45.35,861.72,Card,Online
TXN-0081708,2026-09-14,DXB-001,Dubai,CUST-03075,P005,Keyboard,Accessories,2,164.41,0,328.81,0.0,328.81,Card,Store
TXN-0081744,2026-09-14,DXB-004,Dubai,CUST-05993,P012,Pen Pack,Stationery,2,14.94,5,29.87,1.49,28.38,Card,Store
TXN-0081820,2026-09-14,DXB-001,Dubai,CUST-05623,P005,Keyboard,Accessories,2,172.59,0,345.17,0.0,345.17,Apple Pay,Store
TXN-0081860,2026-09-14,DXB-003,Dubai,CUST-00589,P004,Monitor,Electronics,1,832.49,20,832.49,166.5,665.99,Card,Store
TXN-0081866,2026-09-14,DXB-001,Dubai,CUST-02516,P014,Power Bank,Electronics,1,159.25,0,159.25,0.0,159.25,Cash,Store
TXN-0081924,2026-09-14,DXB-002,Dubai,CUST-00467,P015,Tablet,Electronics,1,1189.5,5,1189.5,59.47,1130.02,Bank Transfer,Store
TXN-0081959,2026-09-14,DXB-005,Dubai,CUST-01769,P015,Tablet,Electronics,4,1144.23,5,4576.93,228.85,4348.09,Card,Store
TXN-0081998,2026-09-14,DXB-005,Dubai,CUST-04362,P015,Tablet,Electronics,3,1079.87,10,3239.62,323.96,2915.66,Apple Pay,Store
TXN-0082026,2026-09-14,DXB-003,Dubai,CUST-06519,P001,Laptop,Electronics,1,2510.63,10,2510.63,251.06,2259.57,Card,Online
TXN-0082039,2026-09-14,DXB-001,Dubai,CUST-05660,P015,Tablet,Electronics,2,1170.09,20,2340.18,468.04,1872.14,Apple Pay,Online
TXN-0082047,2026-09-14,DXB-005,Dubai,CUST-00275,P011,Notebook,Stationery,2,24.19,15,48.39,7.26,41.13,Apple Pay,Store
TXN-0082251,2026-09-14,DXB-003,Dubai,CUST-01273,P001,Laptop,Electronics,2,2755.4,15,5510.81,826.62,4684.18,Cash,Store
TXN-0082257,2026-09-14,DXB-003,Dubai,CUST-06642,P001,Laptop,Electronics,1,2896.38,10,2896.38,289.64,2606.74,Card,Store
TXN-0082288,2026-09-14,DXB-005,Dubai,CUST-00819,P014,Power Bank,Electronics,1,139.77,5,139.77,6.99,132.78,Card,Store
TXN-0082376,2026-09-14,DXB-005,Dubai,CUST-04129,P011,Notebook,Stationery,1,27.41,10,27.41,2.74,24.67,Card,Store
TXN-0082426,2026-09-14,DXB-001,Dubai,CUST-00485,P004,Monitor,Electronics,4,816.51,0,3266.04,0.0,3266.04,Card,Store
TXN-0082568,2026-09-14,DXB-001,Dubai,CUST-04077,P009,Backpack,Accessories,2,225.18,0,450.36,0.0,450.36,Cash,Store
TXN-0082578,2026-09-14,DXB-004,Dubai,CUST-06761,P006,Mouse,Accessories,1,94.87,0,94.87,0.0,94.87,Card,Online
TXN-0082584,2026-09-14,DXB-002,Dubai,CUST-02318,P004,Monitor,Electronics,3,860.09,10,2580.28,258.03,2322.26,Card,Online
TXN-0082611,2026-09-14,DXB-002,Dubai,CUST-03273,P015,Tablet,Electronics,1,1287.36,20,1287.36,257.47,1029.89,Apple Pay,Store
TXN-0082671,2026-09-14,DXB-005,Dubai,CUST-03382,P003,Headphones,Electronics,2,351.79,5,703.58,35.18,668.4,Card,Store
TXN-0082718,2026-09-14,DXB-001,Dubai,CUST-02230,P013,USB Drive,Accessories,4,43.66,0,174.63,0.0,174.63,Card,Store
TXN-0082740,2026-09-14,DXB-005,Dubai,CUST-06870,P014,Power Bank,Electronics,3,137.1,5,411.3,20.56,390.73,Card,Online
TXN-0082749,2026-09-14,DXB-001,Dubai,CUST-00419,P013,USB Drive,Accessories,1,44.64,10,44.64,4.46,40.18,Apple Pay,Store
TXN-0082753,2026-09-14,DXB-005,Dubai,CUST-04706,P004,Monitor,Electronics,1,989.54,0,989.54,0.0,989.54,Card,Store
TXN-0082844,2026-09-14,DXB-001,Dubai,CUST-05368,P001,Laptop,Electronics,4,2816.4,15,11265.59,1689.84,9575.75,Card,Store
TXN-0082858,2026-09-14,DXB-001,Dubai,CUST-03947,P004,Monitor,Electronics,1,810.44,5,810.44,40.52,769.92,Card,Online
TXN-0082911,2026-09-14,DXB-001,Dubai,CUST-03223,P001,Laptop,Electronics,2,2533.71,0,5067.43,0.0,5067.43,Card,Store
TXN-0082939,2026-09-14,DXB-001,Dubai,CUST-07746,P012,Pen Pack,Stationery,1,15.86,0,15.86,0.0,15.86,Bank Transfer,Store
TXN-0083042,2026-09-14,DXB-002,Dubai,CUST-06479,P010,Printer,Office,1,697.35,0,697.35,0.0,697.35,Card,Store
TXN-0083067,2026-09-14,DXB-003,Dubai,CUST-02311,P007,Office Chair,Furniture,3,616.69,15,1850.06,277.51,1572.55,Cash,Store
TXN-0083094,2026-09-14,DXB-001,Dubai,CUST-02326,P007,Office Chair,Furniture,3,607.6,0,1822.81,0.0,1822.81,Card,Store
TXN-0083148,2026-09-14,DXB-004,Dubai,CUST-04171,P014,Power Bank,Electronics,3,162.26,0,486.77,0.0,486.77,Apple Pay,Store
TXN-0083162,2026-09-14,DXB-004,Dubai,CUST-06211,P014,Power Bank,Electronics,1,162.2,5,162.2,8.11,154.09,Apple Pay,Store
TXN-0083164,2026-09-14,DXB-002,Dubai,CUST-06220,P014,Power Bank,Electronics,1,156.18,5,156.18,7.81,148.37,Cash,Online
TXN-0083167,2026-09-14,DXB-003,Dubai,CUST-02517,P002,Smartphone,Electronics,1,1829.39,15,1829.39,274.41,1554.98,Card,Online
TXN-0083312,2026-09-14,DXB-003,Dubai,CUST-06112,P009,Backpack,Accessories,1,216.0,5,216.0,10.8,205.2,Apple Pay,Store
TXN-0083326,2026-09-14,DXB-002,Dubai,CUST-01303,P012,Pen Pack,Stationery,1,13.66,0,13.66,0.0,13.66,Card,Store
TXN-0083358,2026-09-14,DXB-003,Dubai,CUST-07064,P010,Printer,Office,1,676.99,5,676.99,33.85,643.14,Apple Pay,Store
TXN-0083398,2026-09-14,DXB-001,Dubai,CUST-05319,P003,Headphones,Electronics,3,393.89,0,1181.67,0.0,1181.67,Card,Online
TXN-0083413,2026-09-14,DXB-005,Dubai,CUST-04404,P014,Power Bank,Electronics,1,154.37,5,154.37,7.72,146.65,Cash,Store
TXN-0083480,2026-09-14,DXB-005,Dubai,CUST-03051,P007,Office Chair,Furniture,1,651.63,10,651.63,65.16,586.47,Apple Pay,Online
TXN-0083574,2026-09-14,DXB-001,Dubai,CUST-00850,P013,USB Drive,Accessories,1,46.67,5,46.67,2.33,44.33,Card,Online
TXN-0083582,2026-09-14,DXB-005,Dubai,CUST-03243,P011,Notebook,Stationery,4,26.74,0,106.97,0.0,106.97,Card,Store
TXN-0083604,2026-09-14,DXB-002,Dubai,CUST-06502,P012,Pen Pack,Stationery,1,13.94,5,13.94,0.7,13.24,Apple Pay,Store
TXN-0083616,2026-09-14,DXB-001,Dubai,CUST-00599,P013,USB Drive,Accessories,6,45.91,5,275.47,13.77,261.69,Card,Store
TXN-0083744,2026-09-14,DXB-003,Dubai,CUST-04545,P003,Headphones,Electronics,1,356.13,10,356.13,35.61,320.51,Cash,Store
TXN-0083760,2026-09-14,DXB-002,Dubai,CUST-05706,P009,Backpack,Accessories,5,230.25,10,1151.25,115.13,1036.13,Apple Pay,Store
TXN-0083797,2026-09-14,DXB-005,Dubai,CUST-01530,P010,Printer,Office,4,732.75,15,2930.98,439.65,2491.33,Card,Store
TXN-0083839,2026-09-14,DXB-005,Dubai,CUST-04842,P009,Backpack,Accessories,1,208.79,10,208.79,20.88,187.91,Apple Pay,Online
TXN-0083850,2026-09-14,DXB-004,Dubai,CUST-01373,P006,Mouse,Accessories,1,114.68,0,114.68,0.0,114.68,Apple Pay,Store
TXN-0083871,2026-09-14,DXB-005,Dubai,CUST-05429,P011,Notebook,Stationery,1,26.15,0,26.15,0.0,26.15,Card,Store
TXN-0083910,2026-09-14,DXB-001,Dubai,CUST-06760,P008,Desk,Furniture,1,753.71,10,753.71,75.37,678.34,Card,Store
TXN-0084048,2026-09-14,DXB-001,Dubai,CUST-03944,P013,USB Drive,Accessories,3,46.25,0,138.75,0.0,138.75,Card,Online
TXN-0084059,2026-09-14,DXB-004,Dubai,CUST-01022,P011,Notebook,Stationery,2,25.45,15,50.89,7.63,43.26,Apple Pay,Store
TXN-0084071,2026-09-14,DXB-001,Dubai,CUST-00025,P012,Pen Pack,Stationery,1,14.07,5,14.07,0.7,13.36,Card,Store
TXN-0084172,2026-09-14,DXB-003,Dubai,CUST-05060,P006,Mouse,Accessories,1,105.47,0,105.47,0.0,105.47,Apple Pay,Online
TXN-0084256,2026-09-14,DXB-005,Dubai,CUST-02785,P011,Notebook,Stationery,1,26.78,5,26.78,1.34,25.44,Card,Online
TXN-0084278,2026-09-14,DXB-001,Dubai,CUST-06592,P009,Backpack,Accessories,1,229.26,10,229.26,22.93,206.33,Cash,Store
TXN-0084279,2026-09-14,DXB-004,Dubai,CUST-01380,P001,Laptop,Electronics,2,2961.72,5,5923.43,296.17,5627.26,Card,Store
TXN-0084400,2026-09-14,DXB-003,Dubai,CUST-03433,P011,Notebook,Stationery,1,25.42,20,25.42,5.08,20.34,Apple Pay,Store
TXN-0084408,2026-09-14,DXB-001,Dubai,CUST-02125,P005,Keyboard,Accessories,1,175.25,20,175.25,35.05,140.2,Apple Pay,Online
TXN-0084598,2026-09-14,DXB-001,Dubai,CUST-05518,P003,Headphones,Electronics,1,353.12,0,353.12,0.0,353.12,Card,Store
TXN-0084628,2026-09-14,DXB-003,Dubai,CUST-05886,P006,Mouse,Accessories,2,95.1,10,190.19,19.02,171.17,Card,Store
TXN-0084735,2026-09-14,DXB-001,Dubai,CUST-06448,P014,Power Bank,Electronics,2,147.65,5,295.3,14.76,280.53,Cash,Store
TXN-0084742,2026-09-14,DXB-004,Dubai,CUST-02815,P002,Smartphone,Electronics,1,1922.29,10,1922.29,192.23,1730.06,Apple Pay,Store
TXN-0084981,2026-09-14,DXB-002,Dubai,CUST-00997,P008,Desk,Furniture,4,795.17,15,3180.69,477.1,2703.58,Cash,Store
TXN-0084983,2026-09-14,DXB-005,Dubai,CUST-03237,P004,Monitor,Electronics,1,858.25,15,858.25,128.74,729.51,Card,Store
TXN-0085084,2026-09-14,DXB-005,Dubai,CUST-03420,P005,Keyboard,Accessories,1,165.17,5,165.17,8.26,156.91,Card,Store
TXN-0085112,2026-09-14,DXB-004,Dubai,CUST-00222,P014,Power Bank,Electronics,1,132.03,5,132.03,6.6,125.43,Apple Pay,Store
TXN-0085185,2026-09-14,DXB-004,Dubai,CUST-06817,P001,Laptop,Electronics,3,2816.67,0,8450.02,0.0,8450.02,Card,Online
TXN-0085327,2026-09-14,DXB-001,Dubai,CUST-04011,P001,Laptop,Electronics,1,2702.2,10,2702.2,270.22,2431.98,Cash,Store
TXN-0085330,2026-09-14,DXB-004,Dubai,CUST-06726,P002,Smartphone,Electronics,1,1738.46,20,1738.46,347.69,1390.77,Cash,Store
TXN-0085365,2026-09-14,DXB-003,Dubai,CUST-01436,P004,Monitor,Electronics,1,828.36,0,828.36,0.0,828.36,Apple Pay,Store
TXN-0085415,2026-09-14,DXB-005,Dubai,CUST-03624,P003,Headphones,Electronics,1,339.16,5,339.16,16.96,322.21,Bank Transfer,Store
TXN-0085416,2026-09-14,DXB-002,Dubai,CUST-02469,P001,Laptop,Electronics,2,2981.83,10,5963.65,596.37,5367.29,Apple Pay,Online
TXN-0085468,2026-09-14,DXB-005,Dubai,CUST-04117,P013,USB Drive,Accessories,1,46.29,5,46.29,2.31,43.98,Apple Pay,Store
TXN-0085502,2026-09-14,DXB-003,Dubai,CUST-04303,P005,Keyboard,Accessories,4,191.45,0,765.78,0.0,765.78,Card,Store
TXN-0085535,2026-09-14,DXB-001,Dubai,CUST-04125,P005,Keyboard,Accessories,1,170.18,0,170.18,0.0,170.18,Cash,Online
TXN-0085584,2026-09-14,DXB-004,Dubai,CUST-07756,P009,Backpack,Accessories,2,196.46,15,392.92,58.94,333.98,Apple Pay,Online
TXN-0085675,2026-09-14,DXB-005,Dubai,CUST-02627,P003,Headphones,Electronics,6,356.54,0,2139.26,0.0,2139.26,Cash,Store
TXN-0085719,2026-09-14,DXB-004,Dubai,CUST-07557,P012,Pen Pack,Stationery,1,14.67,0,14.67,0.0,14.67,Apple Pay,Store
TXN-0085823,2026-09-14,DXB-001,Dubai,CUST-07162,P003,Headphones,Electronics,1,332.84,0,332.84,0.0,332.84,Card,Store
TXN-0085964,2026-09-14,DXB-001,Dubai,CUST-01715,P006,Mouse,Accessories,1,102.5,0,102.5,0.0,102.5,Bank Transfer,Store
TXN-0086079,2026-09-14,DXB-005,Dubai,CUST-04784,P012,Pen Pack,Stationery,1,15.22,0,15.22,0.0,15.22,Card,Store
TXN-0086099,2026-09-14,DXB-003,Dubai,CUST-04190,P009,Backpack,Accessories,3,225.38,0,676.13,0.0,676.13,Card,Online
TXN-0086121,2026-09-14,DXB-005,Dubai,CUST-03359,P003,Headphones,Electronics,1,353.42,5,353.42,17.67,335.75,Cash,Online
TXN-0086230,2026-09-14,DXB-002,Dubai,CUST-04067,P002,Smartphone,Electronics,5,1771.55,0,8857.74,0.0,8857.74,Card,Online
TXN-0086275,2026-09-14,DXB-001,Dubai,CUST-05842,P005,Keyboard,Accessories,1,187.65,10,187.65,18.77,168.89,Card,Store
TXN-0086285,2026-09-14,DXB-003,Dubai,CUST-06932,P003,Headphones,Electronics,1,313.49,0,313.49,0.0,313.49,Bank Transfer,Store
TXN-0086300,2026-09-14,DXB-002,Dubai,CUST-02609,P013,USB Drive,Accessories,1,46.5,0,46.5,0.0,46.5,Cash,Online
TXN-0086383,2026-09-14,DXB-005,Dubai,CUST-04341,P011,Notebook,Stationery,1,23.72,10,23.72,2.37,21.34,Card,Store
TXN-0086482,2026-09-14,DXB-001,Dubai,CUST-02684,P002,Smartphone,Electronics,1,1847.05,10,1847.05,184.7,1662.34,Card,Store
TXN-0086506,2026-09-14,DXB-001,Dubai,CUST-05927,P013,USB Drive,Accessories,4,46.97,10,187.87,18.79,169.08,Apple Pay,Online
TXN-0086656,2026-09-14,DXB-002,Dubai,CUST-05807,P004,Monitor,Electronics,2,967.71,5,1935.42,96.77,1838.65,Card,Store
TXN-0086664,2026-09-14,DXB-002,Dubai,CUST-07477,P013,USB Drive,Accessories,4,45.74,10,182.94,18.29,164.65,Cash,Online
TXN-0086673,2026-09-14,DXB-003,Dubai,CUST-00757,P005,Keyboard,Accessories,3,180.73,0,542.19,0.0,542.19,Apple Pay,Store
TXN-0086699,2026-09-14,DXB-001,Dubai,CUST-07943,P001,Laptop,Electronics,2,3082.91,5,6165.83,308.29,5857.53,Card,Online
TXN-0086752,2026-09-14,DXB-002,Dubai,CUST-00447,P002,Smartphone,Electronics,2,1711.9,0,3423.81,0.0,3423.81,Apple Pay,Store
TXN-0086789,2026-09-14,DXB-005,Dubai,CUST-04832,P014,Power Bank,Electronics,1,160.3,0,160.3,0.0,160.3,Card,Online
TXN-0086803,2026-09-14,DXB-003,Dubai,CUST-04689,P005,Keyboard,Accessories,1,182.8,10,182.8,18.28,164.52,Cash,Store
TXN-0086806,2026-09-14,DXB-004,Dubai,CUST-01796,P009,Backpack,Accessories,1,218.75,10,218.75,21.87,196.87,Card,Store
TXN-0086841,2026-09-14,DXB-002,Dubai,CUST-07381,P005,Keyboard,Accessories,5,193.93,5,969.63,48.48,921.15,Cash,Store
TXN-0086911,2026-09-14,DXB-001,Dubai,CUST-05246,P004,Monitor,Electronics,1,889.08,10,889.08,88.91,800.17,Card,Store
TXN-0086915,2026-09-14,DXB-005,Dubai,CUST-06142,P008,Desk,Furniture,1,789.23,0,789.23,0.0,789.23,Card,Store
TXN-0087045,2026-09-14,DXB-005,Dubai,CUST-01045,P001,Laptop,Electronics,1,2647.66,10,2647.66,264.77,2382.89,Card,Store
TXN-0087205,2026-09-14,DXB-002,Dubai,CUST-06631,P008,Desk,Furniture,3,753.71,5,2261.12,113.06,2148.07,Bank Transfer,Online
TXN-0087249,2026-09-14,DXB-003,Dubai,CUST-05100,P014,Power Bank,Electronics,2,143.15,15,286.3,42.94,243.35,Apple Pay,Store
TXN-0087271,2026-09-14,DXB-001,Dubai,CUST-01722,P007,Office Chair,Furniture,1,669.15,0,669.15,0.0,669.15,Cash,Online
TXN-0087307,2026-09-14,DXB-001,Dubai,CUST-07556,P013,USB Drive,Accessories,1,43.36,5,43.36,2.17,41.19,Apple Pay,Store
TXN-0087321,2026-09-14,DXB-002,Dubai,CUST-00731,P003,Headphones,Electronics,1,351.31,15,351.31,52.7,298.61,Card,Online
TXN-0087339,2026-09-14,DXB-001,Dubai,CUST-04020,P014,Power Bank,Electronics,1,154.32,0,154.32,0.0,154.32,Apple Pay,Store
TXN-0087347,2026-09-14,DXB-001,Dubai,CUST-03512,P011,Notebook,Stationery,4,23.54,15,94.16,14.12,80.03,Card,Store
TXN-0087377,2026-09-14,DXB-003,Dubai,CUST-07182,P003,Headphones,Electronics,1,383.61,10,383.61,38.36,345.25,Card,Online
TXN-0087423,2026-09-14,DXB-005,Dubai,CUST-06118,P013,USB Drive,Accessories,1,47.05,15,47.05,7.06,39.99,Cash,Store
TXN-0087432,2026-09-14,DXB-001,Dubai,CUST-00418,P014,Power Bank,Electronics,1,141.87,5,141.87,7.09,134.78,Apple Pay,Store
TXN-0087470,2026-09-14,DXB-002,Dubai,CUST-00258,P014,Power Bank,Electronics,1,154.69,5,154.69,7.73,146.95,Card,Store
TXN-0087475,2026-09-14,DXB-001,Dubai,CUST-00734,P012,Pen Pack,Stationery,1,15.12,10,15.12,1.51,13.61,Card,Online
TXN-0087515,2026-09-14,DXB-002,Dubai,CUST-03421,P002,Smartphone,Electronics,1,1597.59,0,1597.59,0.0,1597.59,Card,Online
TXN-0087528,2026-09-14,DXB-004,Dubai,CUST-03503,P011,Notebook,Stationery,1,23.97,5,23.97,1.2,22.77,Card,Online
TXN-0087547,2026-09-14,DXB-002,Dubai,CUST-01291,P010,Printer,Office,1,769.08,5,769.08,38.45,730.62,Cash,Online
TXN-0087575,2026-09-14,DXB-003,Dubai,CUST-01017,P005,Keyboard,Accessories,2,181.57,0,363.13,0.0,363.13,Apple Pay,Store
TXN-0087617,2026-09-14,DXB-004,Dubai,CUST-06549,P006,Mouse,Accessories,3,97.17,0,291.51,0.0,291.51,Apple Pay,Store
TXN-0087737,2026-09-14,DXB-003,Dubai,CUST-07695,P006,Mouse,Accessories,1,102.53,5,102.53,5.13,97.4,Card,Store
TXN-0087827,2026-09-14,DXB-002,Dubai,CUST-06430,P015,Tablet,Electronics,2,1092.63,5,2185.26,109.26,2076.0,Bank Transfer,Store
TXN-0087919,2026-09-14,DXB-003,Dubai,CUST-07270,P002,Smartphone,Electronics,6,1665.88,0,9995.26,0.0,9995.26,Card,Store
TXN-0087930,2026-09-14,DXB-004,Dubai,CUST-00251,P008,Desk,Furniture,2,861.32,0,1722.64,0.0,1722.64,Cash,Online
TXN-0087935,2026-09-14,DXB-001,Dubai,CUST-04461,P010,Printer,Office,1,638.53,0,638.53,0.0,638.53,Card,Online
TXN-0087971,2026-09-14,DXB-004,Dubai,CUST-03630,P005,Keyboard,Accessories,1,176.21,0,176.21,0.0,176.21,Bank Transfer,Store
TXN-0087987,2026-09-14,DXB-002,Dubai,CUST-05057,P002,Smartphone,Electronics,2,1858.82,10,3717.64,371.76,3345.87,Cash,Online
TXN-0088040,2026-09-14,DXB-004,Dubai,CUST-04116,P006,Mouse,Accessories,1,97.01,5,97.01,4.85,92.16,Apple Pay,Store
TXN-0088049,2026-09-14,DXB-002,Dubai,CUST-04520,P006,Mouse,Accessories,1,94.56,10,94.56,9.46,85.11,Card,Store
TXN-0088151,2026-09-14,DXB-004,Dubai,CUST-07214,P008,Desk,Furniture,2,773.07,15,1546.14,231.92,1314.22,Apple Pay,Store
TXN-0088154,2026-09-14,DXB-004,Dubai,CUST-07859,P006,Mouse,Accessories,1,102.04,0,102.04,0.0,102.04,Cash,Online
TXN-0088225,2026-09-14,DXB-003,Dubai,CUST-02523,P002,Smartphone,Electronics,6,1967.89,10,11807.37,1180.74,10626.63,Card,Store
TXN-0088238,2026-09-14,DXB-005,Dubai,CUST-03179,P011,Notebook,Stationery,1,28.38,20,28.38,5.68,22.7,Card,Online
TXN-0088258,2026-09-14,DXB-004,Dubai,CUST-06755,P004,Monitor,Electronics,2,854.96,10,1709.93,170.99,1538.94,Apple Pay,Store
TXN-0088470,2026-09-14,DXB-002,Dubai,CUST-04151,P004,Monitor,Electronics,1,980.89,10,980.89,98.09,882.8,Card,Store
TXN-0088480,2026-09-14,DXB-005,Dubai,CUST-03335,P004,Monitor,Electronics,1,815.25,10,815.25,81.52,733.72,Card,Store
TXN-0088551,2026-09-14,DXB-005,Dubai,CUST-04048,P011,Notebook,Stationery,1,24.02,10,24.02,2.4,21.62,Cash,Online
TXN-0088573,2026-09-14,DXB-001,Dubai,CUST-00824,P007,Office Chair,Furniture,1,692.3,10,692.3,69.23,623.07,Card,Store
TXN-0088632,2026-09-14,DXB-002,Dubai,CUST-00116,P011,Notebook,Stationery,1,24.75,10,24.75,2.48,22.28,Cash,Online
TXN-0088677,2026-09-14,DXB-002,Dubai,CUST-07409,P012,Pen Pack,Stationery,2,15.18,0,30.37,0.0,30.37,Apple Pay,Store
TXN-0088733,2026-09-14,DXB-002,Dubai,CUST-00899,P004,Monitor,Electronics,1,850.53,0,850.53,0.0,850.53,Card,Store
TXN-0088829,2026-09-14,DXB-005,Dubai,CUST-05765,P006,Mouse,Accessories,1,106.31,10,106.31,10.63,95.68,Cash,Store
TXN-0088923,2026-09-14,DXB-002,Dubai,CUST-04198,P003,Headphones,Electronics,1,373.53,5,373.53,18.68,354.86,Card,Online
TXN-0089018,2026-09-14,DXB-005,Dubai,CUST-03468,P011,Notebook,Stationery,2,24.89,15,49.78,7.47,42.32,Card,Store
TXN-0089058,2026-09-14,DXB-003,Dubai,CUST-05385,P012,Pen Pack,Stationery,1,14.35,5,14.35,0.72,13.63,Card,Store
TXN-0089121,2026-09-14,DXB-001,Dubai,CUST-03254,P011,Notebook,Stationery,1,24.11,10,24.11,2.41,21.7,Card,Online
TXN-0089204,2026-09-14,DXB-003,Dubai,CUST-00115,P001,Laptop,Electronics,3,3013.63,0,9040.9,0.0,9040.9,Apple Pay,Store
TXN-0089467,2026-09-14,DXB-002,Dubai,CUST-06982,P009,Backpack,Accessories,1,225.28,10,225.28,22.53,202.75,Bank Transfer,Store
TXN-0089509,2026-09-14,DXB-004,Dubai,CUST-03860,P014,Power Bank,Electronics,2,149.15,5,298.29,14.91,283.38,Card,Store
TXN-0089541,2026-09-14,DXB-002,Dubai,CUST-07339,P011,Notebook,Stationery,1,24.53,5,24.53,1.23,23.3,Cash,Online
TXN-0089543,2026-09-14,DXB-001,Dubai,CUST-02910,P006,Mouse,Accessories,1,100.1,0,100.1,0.0,100.1,Card,Online
TXN-0089636,2026-09-14,DXB-002,Dubai,CUST-05790,P015,Tablet,Electronics,3,1259.24,5,3777.73,188.89,3588.85,Cash,Store
TXN-0089639,2026-09-14,DXB-004,Dubai,CUST-03652,P006,Mouse,Accessories,1,98.4,10,98.4,9.84,88.56,Cash,Store
TXN-0089761,2026-09-14,DXB-001,Dubai,CUST-06723,P007,Office Chair,Furniture,3,662.08,10,1986.25,198.63,1787.63,Cash,Store
TXN-0089784,2026-09-14,DXB-002,Dubai,CUST-03591,P006,Mouse,Accessories,2,98.58,5,197.15,9.86,187.29,Card,Store
TXN-0089827,2026-09-14,DXB-002,Dubai,CUST-07586,P009,Backpack,Accessories,1,215.44,5,215.44,10.77,204.66,Cash,Online
TXN-0089834,2026-09-14,DXB-001,Dubai,CUST-02884,P007,Office Chair,Furniture,1,639.65,20,639.65,127.93,511.72,Card,Store
TXN-0089871,2026-09-14,DXB-001,Dubai,CUST-05449,P006,Mouse,Accessories,1,95.56,10,95.56,9.56,86.0,Cash,Store
TXN-0089982,2026-09-14,DXB-001,Dubai,CUST-05013,P001,Laptop,Electronics,2,2571.3,10,5142.61,514.26,4628.34,Card,Online
TXN-0089994,2026-09-14,DXB-001,Dubai,CUST-07293,P003,Headphones,Electronics,4,339.22,5,1356.89,67.84,1289.04,Cash,Store
TXN-0090037,2026-09-14,DXB-003,Dubai,CUST-06374,P013,USB Drive,Accessories,1,44.85,10,44.85,4.48,40.36,Bank Transfer,Store
TXN-0090076,2026-09-14,DXB-002,Dubai,CUST-06322,P007,Office Chair,Furniture,3,637.12,10,1911.36,191.14,1720.22,Apple Pay,Store
TXN-0090088,2026-09-14,DXB-002,Dubai,CUST-02001,P007,Office Chair,Furniture,2,736.11,10,1472.21,147.22,1324.99,Card,Online
TXN-0090108,2026-09-14,DXB-003,Dubai,CUST-00483,P002,Smartphone,Electronics,1,2035.34,0,2035.34,0.0,2035.34,Card,Store
TXN-0090152,2026-09-14,DXB-003,Dubai,CUST-01123,P015,Tablet,Electronics,6,1149.63,5,6897.78,344.89,6552.89,Bank Transfer,Store
TXN-0090186,2026-09-14,DXB-001,Dubai,CUST-05429,P006,Mouse,Accessories,2,100.74,15,201.48,30.22,171.26,Card,Store
TXN-0090261,2026-09-14,DXB-001,Dubai,CUST-07280,P013,USB Drive,Accessories,2,43.9,5,87.8,4.39,83.41,Card,Store
TXN-0090317,2026-09-14,DXB-004,Dubai,CUST-03432,P003,Headphones,Electronics,1,325.83,5,325.83,16.29,309.54,Card,Store
TXN-0090354,2026-09-14,DXB-002,Dubai,CUST-00501,P009,Backpack,Accessories,1,229.74,15,229.74,34.46,195.28,Card,Store
TXN-0090406,2026-09-14,DXB-001,Dubai,CUST-02444,P001,Laptop,Electronics,2,2848.82,10,5697.64,569.76,5127.88,Cash,Store
TXN-0090413,2026-09-14,DXB-001,Dubai,CUST-01453,P012,Pen Pack,Stationery,1,15.21,0,15.21,0.0,15.21,Card,Store
TXN-0090427,2026-09-14,DXB-004,Dubai,CUST-00926,P001,Laptop,Electronics,1,2837.1,20,2837.1,567.42,2269.68,Card,Store
TXN-0090492,2026-09-14,DXB-003,Dubai,CUST-06681,P010,Printer,Office,1,769.34,0,769.34,0.0,769.34,Apple Pay,Online
TXN-0090555,2026-09-14,DXB-001,Dubai,CUST-00131,P009,Backpack,Accessories,3,214.93,20,644.8,128.96,515.84,Card,Store
TXN-0090636,2026-09-14,DXB-004,Dubai,CUST-07756,P006,Mouse,Accessories,1,97.74,10,97.74,9.77,87.97,Card,Store
TXN-0090855,2026-09-14,DXB-005,Dubai,CUST-04750,P009,Backpack,Accessories,1,231.17,0,231.17,0.0,231.17,Cash,Store
TXN-0090909,2026-09-14,DXB-004,Dubai,CUST-03318,P003,Headphones,Electronics,5,341.11,0,1705.53,0.0,1705.53,Card,Online
TXN-0091132,2026-09-14,DXB-005,Dubai,CUST-05682,P013,USB Drive,Accessories,1,41.71,15,41.71,6.26,35.46,Card,Store
TXN-0091141,2026-09-14,DXB-001,Dubai,CUST-03121,P002,Smartphone,Electronics,1,1782.77,10,1782.77,178.28,1604.49,Cash,Store
TXN-0091289,2026-09-14,DXB-004,Dubai,CUST-04541,P011,Notebook,Stationery,2,26.65,0,53.31,0.0,53.31,Apple Pay,Online
TXN-0091309,2026-09-14,DXB-001,Dubai,CUST-04089,P004,Monitor,Electronics,6,991.77,10,5950.62,595.06,5355.56,Apple Pay,Store
TXN-0091583,2026-09-14,DXB-001,Dubai,CUST-05292,P008,Desk,Furniture,1,903.34,5,903.34,45.17,858.18,Cash,Store
TXN-0091694,2026-09-14,DXB-005,Dubai,CUST-02086,P012,Pen Pack,Stationery,1,15.98,0,15.98,0.0,15.98,Card,Store
TXN-0091709,2026-09-14,DXB-005,Dubai,CUST-02777,P010,Printer,Office,2,741.36,5,1482.72,74.14,1408.59,Cash,Online
TXN-0091727,2026-09-14,DXB-005,Dubai,CUST-00003,P007,Office Chair,Furniture,3,674.21,10,2022.63,202.26,1820.37,Cash,Store
TXN-0091753,2026-09-14,DXB-002,Dubai,CUST-00073,P012,Pen Pack,Stationery,3,15.2,10,45.61,4.56,41.05,Apple Pay,Store
TXN-0091777,2026-09-14,DXB-004,Dubai,CUST-00009,P012,Pen Pack,Stationery,1,14.81,0,14.81,0.0,14.81,Card,Store
TXN-0091844,2026-09-14,DXB-002,Dubai,CUST-03556,P015,Tablet,Electronics,3,1222.59,10,3667.76,366.78,3300.99,Card,Online
TXN-0091867,2026-09-14,DXB-003,Dubai,CUST-02408,P009,Backpack,Accessories,2,211.33,0,422.66,0.0,422.66,Card,Store
TXN-0091974,2026-09-14,DXB-001,Dubai,CUST-06656,P001,Laptop,Electronics,1,2642.93,15,2642.93,396.44,2246.49,Cash,Online
TXN-0091985,2026-09-14,DXB-003,Dubai,CUST-03459,P013,USB Drive,Accessories,5,45.86,0,229.3,0.0,229.3,Bank Transfer,Store
TXN-0092014,2026-09-14,DXB-004,Dubai,CUST-00515,P014,Power Bank,Electronics,4,137.49,5,549.96,27.5,522.46,Cash,Online
TXN-0092074,2026-09-14,DXB-003,Dubai,CUST-01656,P014,Power Bank,Electronics,1,149.74,0,149.74,0.0,149.74,Card,Store
TXN-0092084,2026-09-14,DXB-001,Dubai,CUST-03351,P003,Headphones,Electronics,1,389.23,5,389.23,19.46,369.77,Card,Online
TXN-0092174,2026-09-14,DXB-003,Dubai,CUST-02605,P001,Laptop,Electronics,1,3066.91,0,3066.91,0.0,3066.91,Apple Pay,Store
TXN-0092209,2026-09-14,DXB-004,Dubai,CUST-06203,P001,Laptop,Electronics,1,2656.51,5,2656.51,132.83,2523.68,Card,Store
TXN-0092276,2026-09-14,DXB-002,Dubai,CUST-03690,P002,Smartphone,Electronics,3,1718.31,5,5154.94,257.75,4897.19,Cash,Store
TXN-0092283,2026-09-14,DXB-004,Dubai,CUST-03372,P005,Keyboard,Accessories,1,187.13,5,187.13,9.36,177.77,Apple Pay,Store
TXN-0092294,2026-09-14,DXB-003,Dubai,CUST-00929,P011,Notebook,Stationery,1,27.1,15,27.1,4.06,23.03,Cash,Online
TXN-0092299,2026-09-14,DXB-002,Dubai,CUST-01682,P010,Printer,Office,2,681.92,0,1363.85,0.0,1363.85,Card,Online
TXN-0092303,2026-09-14,DXB-004,Dubai,CUST-06250,P007,Office Chair,Furniture,3,606.91,10,1820.72,182.07,1638.65,Apple Pay,Online
TXN-0092340,2026-09-14,DXB-004,Dubai,CUST-04266,P013,USB Drive,Accessories,1,45.76,20,45.76,9.15,36.61,Apple Pay,Store
TXN-0092342,2026-09-14,DXB-001,Dubai,CUST-06096,P010,Printer,Office,1,710.15,5,710.15,35.51,674.65,Cash,Online
TXN-0092404,2026-09-14,DXB-002,Dubai,CUST-03461,P014,Power Bank,Electronics,1,144.8,0,144.8,0.0,144.8,Card,Store
TXN-0092435,2026-09-14,DXB-005,Dubai,CUST-02913,P007,Office Chair,Furniture,1,575.71,20,575.71,115.14,460.57,Apple Pay,Store
TXN-0092490,2026-09-14,DXB-005,Dubai,CUST-01874,P013,USB Drive,Accessories,1,43.56,5,43.56,2.18,41.38,Bank Transfer,Store
TXN-0092545,2026-09-14,DXB-002,Dubai,CUST-06598,P012,Pen Pack,Stationery,2,13.74,0,27.49,0.0,27.49,Apple Pay,Store
TXN-0092575,2026-09-14,DXB-002,Dubai,CUST-07493,P008,Desk,Furniture,2,683.09,5,1366.18,68.31,1297.87,Card,Store
TXN-0092648,2026-09-14,DXB-004,Dubai,CUST-01214,P009,Backpack,Accessories,2,227.55,10,455.09,45.51,409.58,Bank Transfer,Store
TXN-0092820,2026-09-14,DXB-001,Dubai,CUST-05741,P001,Laptop,Electronics,1,2699.47,5,2699.47,134.97,2564.5,Bank Transfer,Store
TXN-0092965,2026-09-14,DXB-001,Dubai,CUST-04177,P011,Notebook,Stationery,1,20.82,15,20.82,3.12,17.7,Card,Online
TXN-0093006,2026-09-14,DXB-001,Dubai,CUST-05010,P001,Laptop,Electronics,4,2914.29,10,11657.16,1165.72,10491.44,Card,Store
TXN-0093040,2026-09-14,DXB-002,Dubai,CUST-06470,P006,Mouse,Accessories,1,104.18,5,104.18,5.21,98.97,Apple Pay,Store
TXN-0093047,2026-09-14,DXB-001,Dubai,CUST-03652,P009,Backpack,Accessories,2,212.54,0,425.09,0.0,425.09,Card,Online
TXN-0093091,2026-09-14,DXB-003,Dubai,CUST-00381,P001,Laptop,Electronics,6,2636.58,15,15819.5,2372.92,13446.57,Card,Online
TXN-0093142,2026-09-14,DXB-004,Dubai,CUST-00664,P005,Keyboard,Accessories,3,194.11,5,582.33,29.12,553.21,Apple Pay,Online
TXN-0093201,2026-09-14,DXB-002,Dubai,CUST-03515,P014,Power Bank,Electronics,2,143.02,10,286.04,28.6,257.43,Apple Pay,Store
TXN-0093207,2026-09-14,DXB-001,Dubai,CUST-06777,P010,Printer,Office,3,771.23,0,2313.7,0.0,2313.7,Bank Transfer,Store
TXN-0093224,2026-09-14,DXB-005,Dubai,CUST-00465,P007,Office Chair,Furniture,2,658.37,10,1316.74,131.67,1185.06,Card,Store
TXN-0093253,2026-09-14,DXB-002,Dubai,CUST-05363,P002,Smartphone,Electronics,1,1988.91,15,1988.91,298.34,1690.58,Apple Pay,Store
TXN-0093266,2026-09-14,DXB-004,Dubai,CUST-02610,P015,Tablet,Electronics,3,1158.85,15,3476.54,521.48,2955.06,Apple Pay,Online
TXN-0093303,2026-09-14,DXB-001,Dubai,CUST-02861,P003,Headphones,Electronics,1,345.05,0,345.05,0.0,345.05,Card,Store
TXN-0093322,2026-09-14,DXB-005,Dubai,CUST-06024,P005,Keyboard,Accessories,1,208.43,20,208.43,41.69,166.75,Cash,Online
TXN-0093548,2026-09-14,DXB-005,Dubai,CUST-01215,P002,Smartphone,Electronics,2,1841.42,0,3682.83,0.0,3682.83,Apple Pay,Online
TXN-0093648,2026-09-14,DXB-001,Dubai,CUST-04897,P001,Laptop,Electronics,2,3011.94,0,6023.88,0.0,6023.88,Card,Store
TXN-0093658,2026-09-14,DXB-003,Dubai,CUST-07584,P015,Tablet,Electronics,3,1212.09,5,3636.27,181.81,3454.45,Apple Pay,Online
TXN-0093716,2026-09-14,DXB-003,Dubai,CUST-07796,P002,Smartphone,Electronics,1,1615.61,0,1615.61,0.0,1615.61,Card,Store
TXN-0093737,2026-09-14,DXB-005,Dubai,CUST-00510,P005,Keyboard,Accessories,2,167.13,15,334.26,50.14,284.12,Card,Store
TXN-0093833,2026-09-14,DXB-001,Dubai,CUST-02353,P009,Backpack,Accessories,4,227.86,10,911.45,91.14,820.3,Cash,Store
TXN-0093920,2026-09-14,DXB-003,Dubai,CUST-05873,P004,Monitor,Electronics,2,897.33,0,1794.67,0.0,1794.67,Apple Pay,Store
TXN-0094036,2026-09-14,DXB-004,Dubai,CUST-02068,P007,Office Chair,Furniture,5,613.94,5,3069.72,153.49,2916.23,Card,Online
TXN-0094253,2026-09-14,DXB-001,Dubai,CUST-06886,P005,Keyboard,Accessories,2,176.34,20,352.69,70.54,282.15,Card,Store
TXN-0094274,2026-09-14,DXB-002,Dubai,CUST-07659,P007,Office Chair,Furniture,1,673.47,0,673.47,0.0,673.47,Card,Store
TXN-0094396,2026-09-14,DXB-004,Dubai,CUST-03081,P012,Pen Pack,Stationery,4,14.99,5,59.95,3.0,56.96,Apple Pay,Store
TXN-0094475,2026-09-14,DXB-003,Dubai,CUST-05014,P008,Desk,Furniture,2,873.85,20,1747.71,349.54,1398.17,Cash,Store
TXN-0094619,2026-09-14,DXB-002,Dubai,CUST-00034,P001,Laptop,Electronics,1,2829.98,10,2829.98,283.0,2546.98,Card,Online
TXN-0094640,2026-09-14,DXB-005,Dubai,CUST-00154,P010,Printer,Office,4,691.29,0,2765.18,0.0,2765.18,Cash,Online
TXN-0094655,2026-09-14,DXB-002,Dubai,CUST-05908,P001,Laptop,Electronics,1,2867.93,0,2867.93,0.0,2867.93,Card,Online
TXN-0094658,2026-09-14,DXB-005,Dubai,CUST-03896,P001,Laptop,Electronics,1,2953.04,10,2953.04,295.3,2657.74,Card,Store
TXN-0094686,2026-09-14,DXB-002,Dubai,CUST-07643,P006,Mouse,Accessories,3,104.04,0,312.13,0.0,312.13,Cash,Store
TXN-0094744,2026-09-14,DXB-003,Dubai,CUST-07542,P004,Monitor,Electronics,2,935.41,0,1870.82,0.0,1870.82,Card,Store
TXN-0094754,2026-09-14,DXB-005,Dubai,CUST-02162,P009,Backpack,Accessories,1,216.65,0,216.65,0.0,216.65,Apple Pay,Store
TXN-0094778,2026-09-14,DXB-003,Dubai,CUST-01700,P014,Power Bank,Electronics,2,142.13,0,284.26,0.0,284.26,Card,Online
TXN-0094845,2026-09-14,DXB-001,Dubai,CUST-00534,P004,Monitor,Electronics,1,867.98,10,867.98,86.8,781.18,Card,Store
TXN-0094922,2026-09-14,DXB-003,Dubai,CUST-02280,P012,Pen Pack,Stationery,1,14.79,5,14.79,0.74,14.05,Card,Store
TXN-0094978,2026-09-14,DXB-001,Dubai,CUST-03504,P005,Keyboard,Accessories,5,183.78,0,918.89,0.0,918.89,Card,Online
TXN-0095222,2026-09-14,DXB-004,Dubai,CUST-01484,P005,Keyboard,Accessories,2,179.9,20,359.8,71.96,287.84,Bank Transfer,Online
TXN-0095307,2026-09-14,DXB-001,Dubai,CUST-07409,P010,Printer,Office,1,775.72,0,775.72,0.0,775.72,Card,Online
TXN-0095465,2026-09-14,DXB-001,Dubai,CUST-03292,P008,Desk,Furniture,4,774.34,0,3097.36,0.0,3097.36,Cash,Online
TXN-0095469,2026-09-14,DXB-003,Dubai,CUST-06960,P015,Tablet,Electronics,2,1297.89,0,2595.78,0.0,2595.78,Apple Pay,Store
TXN-0095521,2026-09-14,DXB-002,Dubai,CUST-04222,P006,Mouse,Accessories,2,92.69,15,185.38,27.81,157.57,Cash,Online
TXN-0095523,2026-09-14,DXB-004,Dubai,CUST-06499,P010,Printer,Office,3,755.79,5,2267.36,113.37,2153.99,Bank Transfer,Online
TXN-0095537,2026-09-14,DXB-001,Dubai,CUST-04407,P003,Headphones,Electronics,3,313.42,15,940.27,141.04,799.23,Card,Store
TXN-0095622,2026-09-14,DXB-001,Dubai,CUST-05680,P004,Monitor,Electronics,2,879.43,0,1758.86,0.0,1758.86,Card,Store
TXN-0095655,2026-09-14,DXB-005,Dubai,CUST-01989,P003,Headphones,Electronics,2,344.18,5,688.37,34.42,653.95,Apple Pay,Online
TXN-0095721,2026-09-14,DXB-002,Dubai,CUST-05866,P001,Laptop,Electronics,1,2919.1,10,2919.1,291.91,2627.19,Card,Store
TXN-0095762,2026-09-14,DXB-004,Dubai,CUST-06840,P010,Printer,Office,1,873.35,0,873.35,0.0,873.35,Card,Store
TXN-0095783,2026-09-14,DXB-005,Dubai,CUST-03002,P011,Notebook,Stationery,2,25.09,0,50.18,0.0,50.18,Apple Pay,Store
TXN-0095843,2026-09-14,DXB-005,Dubai,CUST-01327,P005,Keyboard,Accessories,1,158.93,10,158.93,15.89,143.04,Card,Store
TXN-0095858,2026-09-14,DXB-001,Dubai,CUST-03854,P009,Backpack,Accessories,2,216.83,5,433.66,21.68,411.98,Card,Store
TXN-0095990,2026-09-14,DXB-002,Dubai,CUST-00691,P010,Printer,Office,1,715.13,10,715.13,71.51,643.62,Bank Transfer,Online
TXN-0096053,2026-09-14,DXB-003,Dubai,CUST-00401,P007,Office Chair,Furniture,1,624.91,15,624.91,93.74,531.17,Card,Store
TXN-0096074,2026-09-14,DXB-005,Dubai,CUST-07995,P013,USB Drive,Accessories,1,40.9,0,40.9,0.0,40.9,Apple Pay,Store
TXN-0096160,2026-09-14,DXB-003,Dubai,CUST-05962,P015,Tablet,Electronics,1,1201.1,15,1201.1,180.16,1020.93,Bank Transfer,Store
TXN-0096241,2026-09-14,DXB-002,Dubai,CUST-05032,P015,Tablet,Electronics,2,1272.46,5,2544.91,127.25,2417.66,Card,Store
TXN-0096287,2026-09-14,DXB-003,Dubai,CUST-03127,P012,Pen Pack,Stationery,1,15.25,15,15.25,2.29,12.96,Bank Transfer,Online
TXN-0096498,2026-09-14,DXB-001,Dubai,CUST-01958,P013,USB Drive,Accessories,5,46.71,15,233.57,35.04,198.53,Card,Online
TXN-0096505,2026-09-14,DXB-001,Dubai,CUST-03149,P009,Backpack,Accessories,1,220.65,5,220.65,11.03,209.62,Card,Store
TXN-0096632,2026-09-14,DXB-001,Dubai,CUST-01725,P001,Laptop,Electronics,1,3061.0,20,3061.0,612.2,2448.8,Card,Store
TXN-0096634,2026-09-14,DXB-005,Dubai,CUST-01215,P002,Smartphone,Electronics,1,1779.54,5,1779.54,88.98,1690.56,Bank Transfer,Store
TXN-0096670,2026-09-14,DXB-004,Dubai,CUST-01174,P007,Office Chair,Furniture,1,671.01,0,671.01,0.0,671.01,Apple Pay,Store
TXN-0096672,2026-09-14,DXB-004,Dubai,CUST-02883,P011,Notebook,Stationery,1,23.37,5,23.37,1.17,22.2,Apple Pay,Store
TXN-0096685,2026-09-14,DXB-005,Dubai,CUST-04039,P013,USB Drive,Accessories,4,47.49,5,189.96,9.5,180.46,Apple Pay,Store
TXN-0096696,2026-09-14,DXB-005,Dubai,CUST-03144,P012,Pen Pack,Stationery,1,15.41,15,15.41,2.31,13.09,Bank Transfer,Online
TXN-0096818,2026-09-14,DXB-001,Dubai,CUST-01521,P012,Pen Pack,Stationery,1,15.74,15,15.74,2.36,13.38,Card,Store
TXN-0096878,2026-09-14,DXB-002,Dubai,CUST-07759,P012,Pen Pack,Stationery,3,14.48,5,43.44,2.17,41.26,Cash,Store
TXN-0096894,2026-09-14,DXB-001,Dubai,CUST-01655,P013,USB Drive,Accessories,1,41.12,10,41.12,4.11,37.0,Apple Pay,Online
TXN-0096917,2026-09-14,DXB-001,Dubai,CUST-05075,P001,Laptop,Electronics,1,2632.0,15,2632.0,394.8,2237.2,Apple Pay,Online
TXN-0096931,2026-09-14,DXB-004,Dubai,CUST-01730,P009,Backpack,Accessories,4,217.12,5,868.46,43.42,825.04,Cash,Store
TXN-0097063,2026-09-14,DXB-005,Dubai,CUST-00780,P013,USB Drive,Accessories,4,49.16,15,196.63,29.5,167.14,Cash,Store
TXN-0097089,2026-09-14,DXB-003,Dubai,CUST-00446,P005,Keyboard,Accessories,2,169.3,0,338.6,0.0,338.6,Apple Pay,Store
TXN-0097164,2026-09-14,DXB-003,Dubai,CUST-01603,P010,Printer,Office,1,741.46,15,741.46,111.22,630.24,Card,Store
TXN-0097228,2026-09-14,DXB-005,Dubai,CUST-02109,P013,USB Drive,Accessories,1,43.34,0,43.34,0.0,43.34,Apple Pay,Store
TXN-0097339,2026-09-14,DXB-005,Dubai,CUST-01557,P001,Laptop,Electronics,1,2590.19,0,2590.19,0.0,2590.19,Apple Pay,Store
TXN-0097344,2026-09-14,DXB-005,Dubai,CUST-02794,P008,Desk,Furniture,3,800.87,5,2402.61,120.13,2282.48,Card,Store
TXN-0097390,2026-09-14,DXB-002,Dubai,CUST-00180,P005,Keyboard,Accessories,1,174.94,5,174.94,8.75,166.2,Bank Transfer,Store
TXN-0097486,2026-09-14,DXB-001,Dubai,CUST-03963,P002,Smartphone,Electronics,5,1847.67,0,9238.35,0.0,9238.35,Cash,Store
TXN-0097612,2026-09-14,DXB-002,Dubai,CUST-00346,P010,Printer,Office,5,726.77,0,3633.87,0.0,3633.87,Cash,Store
TXN-0097615,2026-09-14,DXB-005,Dubai,CUST-02137,P011,Notebook,Stationery,2,26.27,0,52.55,0.0,52.55,Card,Online
TXN-0097618,2026-09-14,DXB-003,Dubai,CUST-03950,P011,Notebook,Stationery,1,25.92,15,25.92,3.89,22.03,Card,Store
TXN-0097667,2026-09-14,DXB-004,Dubai,CUST-00738,P007,Office Chair,Furniture,3,600.0,10,1799.99,180.0,1619.99,Card,Store
TXN-0097681,2026-09-14,DXB-004,Dubai,CUST-02897,P008,Desk,Furniture,1,779.81,5,779.81,38.99,740.82,Card,Store
TXN-0097686,2026-09-14,DXB-004,Dubai,CUST-03180,P005,Keyboard,Accessories,1,182.74,15,182.74,27.41,155.33,Card,Store
TXN-0097722,2026-09-14,DXB-001,Dubai,CUST-05602,P006,Mouse,Accessories,3,95.84,0,287.51,0.0,287.51,Cash,Store
TXN-0097727,2026-09-14,DXB-002,Dubai,CUST-05108,P003,Headphones,Electronics,1,371.0,5,371.0,18.55,352.45,Card,Store
TXN-0097729,2026-09-14,DXB-002,Dubai,CUST-00791,P003,Headphones,Electronics,1,336.67,20,336.67,67.33,269.34,Card,Online
TXN-0097791,2026-09-14,DXB-001,Dubai,CUST-02516,P009,Backpack,Accessories,2,233.96,0,467.92,0.0,467.92,Cash,Store
TXN-0097879,2026-09-14,DXB-004,Dubai,CUST-03190,P001,Laptop,Electronics,4,2588.69,0,10354.75,0.0,10354.75,Bank Transfer,Store
TXN-0097882,2026-09-14,DXB-004,Dubai,CUST-02159,P007,Office Chair,Furniture,2,637.32,15,1274.64,191.2,1083.44,Card,Store
TXN-0097915,2026-09-14,DXB-004,Dubai,CUST-07541,P012,Pen Pack,Stationery,1,13.45,15,13.45,2.02,11.43,Apple Pay,Store
TXN-0097935,2026-09-14,DXB-003,Dubai,CUST-00187,P012,Pen Pack,Stationery,3,15.18,0,45.54,0.0,45.54,Card,Store
TXN-0097975,2026-09-14,DXB-003,Dubai,CUST-06691,P005,Keyboard,Accessories,1,184.95,5,184.95,9.25,175.7,Apple Pay,Store
TXN-0098011,2026-09-14,DXB-005,Dubai,CUST-02689,P001,Laptop,Electronics,1,2957.45,0,2957.45,0.0,2957.45,Card,Store
TXN-0098037,2026-09-14,DXB-005,Dubai,CUST-04706,P007,Office Chair,Furniture,2,674.48,5,1348.97,67.45,1281.52,Card,Store
TXN-0098095,2026-09-14,DXB-005,Dubai,CUST-00955,P012,Pen Pack,Stationery,3,15.23,10,45.69,4.57,41.12,Card,Online
TXN-0098096,2026-09-14,DXB-003,Dubai,CUST-03353,P008,Desk,Furniture,1,843.27,0,843.27,0.0,843.27,Cash,Online
TXN-0098103,2026-09-14,DXB-003,Dubai,CUST-01950,P007,Office Chair,Furniture,2,623.8,0,1247.59,0.0,1247.59,Apple Pay,Store
TXN-0098124,2026-09-14,DXB-002,Dubai,CUST-04743,P010,Printer,Office,1,676.95,10,676.95,67.7,609.26,Card,Online
TXN-0098344,2026-09-14,DXB-003,Dubai,CUST-06812,P009,Backpack,Accessories,1,236.85,10,236.85,23.68,213.16,Card,Store
TXN-0098367,2026-09-14,DXB-005,Dubai,CUST-05698,P004,Monitor,Electronics,1,870.45,0,870.45,0.0,870.45,Apple Pay,Store
TXN-0098383,2026-09-14,DXB-002,Dubai,CUST-07332,P015,Tablet,Electronics,2,1208.62,10,2417.23,241.72,2175.51,Card,Online
TXN-0098555,2026-09-14,DXB-001,Dubai,CUST-07796,P015,Tablet,Electronics,1,1114.07,0,1114.07,0.0,1114.07,Cash,Store
TXN-0098805,2026-09-14,DXB-005,Dubai,CUST-07923,P007,Office Chair,Furniture,1,647.7,10,647.7,64.77,582.93,Bank Transfer,Store
TXN-0098820,2026-09-14,DXB-004,Dubai,CUST-07081,P006,Mouse,Accessories,3,99.32,0,297.96,0.0,297.96,Card,Store
TXN-0098981,2026-09-14,DXB-004,Dubai,CUST-02545,P011,Notebook,Stationery,1,24.42,10,24.42,2.44,21.98,Bank Transfer,Store
TXN-0099124,2026-09-14,DXB-001,Dubai,CUST-00456,P007,Office Chair,Furniture,2,613.3,0,1226.59,0.0,1226.59,Cash,Store
TXN-0099163,2026-09-14,DXB-005,Dubai,CUST-06361,P008,Desk,Furniture,2,823.39,5,1646.77,82.34,1564.43,Card,Online
TXN-0099179,2026-09-14,DXB-002,Dubai,CUST-02006,P009,Backpack,Accessories,3,217.56,20,652.68,130.54,522.14,Card,Online
TXN-0099259,2026-09-14,DXB-001,Dubai,CUST-00497,P008,Desk,Furniture,2,811.68,0,1623.35,0.0,1623.35,Apple Pay,Store
TXN-0099368,2026-09-14,DXB-004,Dubai,CUST-06328,P010,Printer,Office,1,655.19,10,655.19,65.52,589.67,Apple Pay,Store
TXN-0099393,2026-09-14,DXB-002,Dubai,CUST-00706,P015,Tablet,Electronics,3,1209.65,15,3628.95,544.34,3084.6,Card,Online
TXN-0099401,2026-09-14,DXB-003,Dubai,CUST-06153,P014,Power Bank,Electronics,1,148.35,5,148.35,7.42,140.94,Bank Transfer,Store
TXN-0099435,2026-09-14,DXB-005,Dubai,CUST-03930,P003,Headphones,Electronics,2,343.56,0,687.12,0.0,687.12,Bank Transfer,Store
TXN-0099489,2026-09-14,DXB-004,Dubai,CUST-00553,P013,USB Drive,Accessories,1,41.87,5,41.87,2.09,39.77,Apple Pay,Online
TXN-0099497,2026-09-14,DXB-004,Dubai,CUST-00324,P005,Keyboard,Accessories,1,177.35,0,177.35,0.0,177.35,Card,Store
TXN-0099536,2026-09-14,DXB-004,Dubai,CUST-06474,P009,Backpack,Accessories,1,204.42,15,204.42,30.66,173.76,Bank Transfer,Online
TXN-0099590,2026-09-14,DXB-002,Dubai,CUST-05440,P012,Pen Pack,Stationery,1,13.27,5,13.27,0.66,12.61,Cash,Store
TXN-0099603,2026-09-14,DXB-003,Dubai,CUST-03985,P007,Office Chair,Furniture,1,621.99,5,621.99,31.1,590.89,Card,Online
TXN-0099605,2026-09-14,DXB-003,Dubai,CUST-04520,P006,Mouse,Accessories,4,98.25,10,392.98,39.3,353.68,Card,Online
TXN-0099637,2026-09-14,DXB-003,Dubai,CUST-00650,P005,Keyboard,Accessories,1,190.05,5,190.05,9.5,180.55,Apple Pay,Online
TXN-0099667,2026-09-14,DXB-004,Dubai,CUST-06603,P006,Mouse,Accessories,3,100.97,0,302.92,0.0,302.92,Card,Online
TXN-0099677,2026-09-14,DXB-004,Dubai,CUST-04789,P015,Tablet,Electronics,2,1048.91,0,2097.81,0.0,2097.81,Card,Store
TXN-0099757,2026-09-14,DXB-002,Dubai,CUST-00678,P001,Laptop,Electronics,2,2840.81,5,5681.62,284.08,5397.54,Apple Pay,Store
TXN-0099838,2026-09-14,DXB-001,Dubai,CUST-06252,P015,Tablet,Electronics,2,1176.7,10,2353.4,235.34,2118.06,Card,Store
TXN-0099968,2026-09-14,DXB-002,Dubai,CUST-04121,P010,Printer,Office,2,667.98,0,1335.97,0.0,1335.97,Cash,Store
TXN-0100035,2026-09-14,DXB-004,Dubai,CUST-03038,P013,USB Drive,Accessories,1,46.44,10,46.44,4.64,41.8,Cash,Store
TXN-0100051,2026-09-14,DXB-001,Dubai,CUST-01606,P004,Monitor,Electronics,2,863.79,0,1727.59,0.0,1727.59,Apple Pay,Online
TXN-0100115,2026-09-14,DXB-005,Dubai,CUST-05395,P003,Headphones,Electronics,2,338.23,20,676.46,135.29,541.17,Apple Pay,Store
TXN-0100475,2026-09-14,DXB-004,Dubai,CUST-02647,P015,Tablet,Electronics,2,1169.81,0,2339.62,0.0,2339.62,Card,Online
TXN-0100499,2026-09-14,DXB-003,Dubai,CUST-07743,P004,Monitor,Electronics,6,914.8,5,5488.81,274.44,5214.37,Card,Online
TXN-0100547,2026-09-14,DXB-005,Dubai,CUST-03749,P008,Desk,Furniture,2,725.46,15,1450.93,217.64,1233.29,Card,Online
TXN-0100572,2026-09-14,DXB-003,Dubai,CUST-07810,P004,Monitor,Electronics,3,854.71,5,2564.13,128.21,2435.93,Card,Store
TXN-0100679,2026-09-14,DXB-005,Dubai,CUST-01119,P014,Power Bank,Electronics,2,146.09,10,292.19,29.22,262.97,Card,Store
TXN-0100685,2026-09-14,DXB-004,Dubai,CUST-02126,P014,Power Bank,Electronics,2,147.71,0,295.41,0.0,295.41,Card,Online
TXN-0100766,2026-09-14,DXB-002,Dubai,CUST-05198,P004,Monitor,Electronics,1,860.14,5,860.14,43.01,817.13,Cash,Store
TXN-0100846,2026-09-14,DXB-003,Dubai,CUST-06978,P014,Power Bank,Electronics,1,156.39,15,156.39,23.46,132.93,Apple Pay,Store
TXN-0100849,2026-09-14,DXB-002,Dubai,CUST-07081,P007,Office Chair,Furniture,1,611.26,10,611.26,61.13,550.14,Bank Transfer,Store
TXN-0100860,2026-09-14,DXB-001,Dubai,CUST-02602,P007,Office Chair,Furniture,2,655.41,5,1310.83,65.54,1245.29,Bank Transfer,Store
TXN-0100976,2026-09-14,DXB-003,Dubai,CUST-02184,P010,Printer,Office,2,737.86,0,1475.73,0.0,1475.73,Bank Transfer,Store
TXN-0101049,2026-09-14,DXB-001,Dubai,CUST-03364,P008,Desk,Furniture,1,843.53,15,843.53,126.53,717.0,Cash,Online
TXN-0101202,2026-09-14,DXB-005,Dubai,CUST-06098,P003,Headphones,Electronics,4,327.64,5,1310.55,65.53,1245.03,Cash,Store
TXN-0101301,2026-09-14,DXB-005,Dubai,CUST-04577,P001,Laptop,Electronics,1,2828.12,20,2828.12,565.62,2262.5,Apple Pay,Store
TXN-0101395,2026-09-14,DXB-001,Dubai,CUST-07816,P008,Desk,Furniture,2,782.47,0,1564.95,0.0,1564.95,Cash,Store
TXN-0101429,2026-09-14,DXB-003,Dubai,CUST-05503,P004,Monitor,Electronics,2,945.38,10,1890.77,189.08,1701.69,Apple Pay,Store
TXN-0101448,2026-09-14,DXB-003,Dubai,CUST-00951,P012,Pen Pack,Stationery,3,15.78,0,47.35,0.0,47.35,Card,Store
TXN-0101472,2026-09-14,DXB-005,Dubai,CUST-00687,P008,Desk,Furniture,1,762.06,10,762.06,76.21,685.85,Card,Store
TXN-0101475,2026-09-14,DXB-005,Dubai,CUST-01859,P001,Laptop,Electronics,4,2923.02,0,11692.08,0.0,11692.08,Cash,Online
TXN-0101483,2026-09-14,DXB-001,Dubai,CUST-07680,P007,Office Chair,Furniture,1,688.84,10,688.84,68.88,619.96,Apple Pay,Store
TXN-0101499,2026-09-14,DXB-002,Dubai,CUST-05576,P001,Laptop,Electronics,2,2431.19,5,4862.38,243.12,4619.26,Bank Transfer,Online
TXN-0101551,2026-09-14,DXB-003,Dubai,CUST-03889,P012,Pen Pack,Stationery,1,13.9,5,13.9,0.7,13.21,Cash,Online
TXN-0101566,2026-09-14,DXB-004,Dubai,CUST-07277,P002,Smartphone,Electronics,1,1743.24,10,1743.24,174.32,1568.92,Cash,Store
TXN-0101650,2026-09-14,DXB-003,Dubai,CUST-03814,P007,Office Chair,Furniture,1,649.21,5,649.21,32.46,616.75,Bank Transfer,Store
TXN-0101715,2026-09-14,DXB-005,Dubai,CUST-01793,P003,Headphones,Electronics,1,337.24,15,337.24,50.59,286.66,Cash,Store
TXN-0101740,2026-09-14,DXB-003,Dubai,CUST-07823,P004,Monitor,Electronics,1,1004.05,5,1004.05,50.2,953.85,Card,Store
TXN-0101764,2026-09-14,DXB-002,Dubai,CUST-04140,P002,Smartphone,Electronics,1,1893.08,15,1893.08,283.96,1609.11,Card,Store
TXN-0101787,2026-09-14,DXB-005,Dubai,CUST-05485,P008,Desk,Furniture,1,839.76,15,839.76,125.96,713.79,Cash,Online
TXN-0101872,2026-09-14,DXB-001,Dubai,CUST-02628,P002,Smartphone,Electronics,1,1630.07,10,1630.07,163.01,1467.06,Card,Store
TXN-0101914,2026-09-14,DXB-003,Dubai,CUST-01150,P006,Mouse,Accessories,2,94.8,10,189.6,18.96,170.64,Card,Store
TXN-0102008,2026-09-14,DXB-005,Dubai,CUST-03094,P006,Mouse,Accessories,1,110.01,10,110.01,11.0,99.01,Apple Pay,Store
TXN-0102064,2026-09-14,DXB-003,Dubai,CUST-02730,P005,Keyboard,Accessories,1,195.72,0,195.72,0.0,195.72,Apple Pay,Store
TXN-0102137,2026-09-14,DXB-004,Dubai,CUST-04056,P001,Laptop,Electronics,1,3070.59,0,3070.59,0.0,3070.59,Card,Store
TXN-0102151,2026-09-14,DXB-002,Dubai,CUST-00134,P011,Notebook,Stationery,2,23.85,0,47.71,0.0,47.71,Card,Store
TXN-0102159,2026-09-14,DXB-005,Dubai,CUST-03388,P006,Mouse,Accessories,3,96.07,5,288.21,14.41,273.8,Card,Store
TXN-0102205,2026-09-14,DXB-003,Dubai,CUST-04965,P013,USB Drive,Accessories,2,45.0,15,89.99,13.5,76.49,Card,Online
TXN-0102333,2026-09-14,DXB-001,Dubai,CUST-05258,P009,Backpack,Accessories,3,200.3,0,600.9,0.0,600.9,Card,Store
TXN-0102396,2026-09-14,DXB-003,Dubai,CUST-02083,P010,Printer,Office,1,680.31,0,680.31,0.0,680.31,Card,Store
TXN-0102459,2026-09-14,DXB-005,Dubai,CUST-04716,P008,Desk,Furniture,4,864.18,15,3456.74,518.51,2938.22,Apple Pay,Store
TXN-0102498,2026-09-14,DXB-005,Dubai,CUST-07600,P009,Backpack,Accessories,2,222.02,10,444.04,44.4,399.64,Cash,Online
TXN-0102666,2026-09-14,DXB-001,Dubai,CUST-06059,P010,Printer,Office,5,651.77,20,3258.84,651.77,2607.08,Bank Transfer,Store
TXN-0102751,2026-09-14,DXB-001,Dubai,CUST-02519,P009,Backpack,Accessories,1,221.69,0,221.69,0.0,221.69,Card,Store
TXN-0102790,2026-09-14,DXB-002,Dubai,CUST-02414,P010,Printer,Office,3,806.86,15,2420.59,363.09,2057.5,Apple Pay,Store
TXN-0102815,2026-09-14,DXB-005,Dubai,CUST-07267,P015,Tablet,Electronics,1,1151.83,5,1151.83,57.59,1094.24,Card,Store
TXN-0102872,2026-09-14,DXB-001,Dubai,CUST-07714,P009,Backpack,Accessories,2,219.66,5,439.32,21.97,417.35,Bank Transfer,Store
TXN-0103055,2026-09-14,DXB-001,Dubai,CUST-05526,P002,Smartphone,Electronics,5,1881.01,0,9405.05,0.0,9405.05,Bank Transfer,Online
TXN-0103151,2026-09-14,DXB-004,Dubai,CUST-00348,P007,Office Chair,Furniture,1,674.47,10,674.47,67.45,607.02,Bank Transfer,Online
TXN-0103154,2026-09-14,DXB-001,Dubai,CUST-07847,P013,USB Drive,Accessories,1,42.43,0,42.43,0.0,42.43,Card,Store
TXN-0103205,2026-09-14,DXB-001,Dubai,CUST-05432,P004,Monitor,Electronics,2,807.8,10,1615.61,161.56,1454.05,Bank Transfer,Store
TXN-0103268,2026-09-14,DXB-004,Dubai,CUST-04599,P010,Printer,Office,4,765.67,15,3062.68,459.4,2603.28,Cash,Store
TXN-0103394,2026-09-14,DXB-003,Dubai,CUST-04312,P008,Desk,Furniture,2,709.96,0,1419.92,0.0,1419.92,Cash,Online
TXN-0103438,2026-09-14,DXB-002,Dubai,CUST-02273,P009,Backpack,Accessories,1,218.21,20,218.21,43.64,174.57,Apple Pay,Store
TXN-0103439,2026-09-14,DXB-005,Dubai,CUST-06857,P011,Notebook,Stationery,4,25.32,10,101.29,10.13,91.16,Apple Pay,Store
TXN-0103512,2026-09-14,DXB-001,Dubai,CUST-04042,P012,Pen Pack,Stationery,1,13.99,15,13.99,2.1,11.89,Card,Store
TXN-0103541,2026-09-14,DXB-005,Dubai,CUST-01727,P013,USB Drive,Accessories,4,40.65,15,162.6,24.39,138.21,Card,Store
TXN-0103549,2026-09-14,DXB-001,Dubai,CUST-06718,P013,USB Drive,Accessories,1,44.77,0,44.77,0.0,44.77,Card,Store
TXN-0103552,2026-09-14,DXB-004,Dubai,CUST-03310,P012,Pen Pack,Stationery,1,16.76,0,16.76,0.0,16.76,Card,Store
TXN-0103584,2026-09-14,DXB-002,Dubai,CUST-04987,P011,Notebook,Stationery,1,27.12,10,27.12,2.71,24.41,Card,Store
TXN-0103590,2026-09-14,DXB-004,Dubai,CUST-06358,P002,Smartphone,Electronics,2,1747.61,10,3495.21,349.52,3145.69,Card,Store
TXN-0103626,2026-09-14,DXB-003,Dubai,CUST-03080,P004,Monitor,Electronics,4,978.05,20,3912.19,782.44,3129.75,Card,Store
TXN-0103651,2026-09-14,DXB-001,Dubai,CUST-06914,P009,Backpack,Accessories,1,234.64,15,234.64,35.2,199.44,Cash,Store
TXN-0103680,2026-09-14,DXB-002,Dubai,CUST-00713,P006,Mouse,Accessories,1,100.99,10,100.99,10.1,90.89,Apple Pay,Store
TXN-0103685,2026-09-14,DXB-001,Dubai,CUST-07213,P013,USB Drive,Accessories,5,47.48,10,237.42,23.74,213.68,Apple Pay,Online
TXN-0103801,2026-09-14,DXB-003,Dubai,CUST-05214,P001,Laptop,Electronics,1,3154.72,0,3154.72,0.0,3154.72,Card,Store
TXN-0103830,2026-09-14,DXB-002,Dubai,CUST-00057,P014,Power Bank,Electronics,6,151.63,0,909.78,0.0,909.78,Card,Store
TXN-0103950,2026-09-14,DXB-002,Dubai,CUST-06750,P005,Keyboard,Accessories,4,162.36,0,649.46,0.0,649.46,Card,Online
TXN-0103990,2026-09-14,DXB-003,Dubai,CUST-05198,P015,Tablet,Electronics,3,1197.61,0,3592.82,0.0,3592.82,Card,Store
TXN-0104131,2026-09-14,DXB-001,Dubai,CUST-00073,P010,Printer,Office,2,685.7,5,1371.39,68.57,1302.82,Card,Store
TXN-0104166,2026-09-14,DXB-001,Dubai,CUST-01068,P005,Keyboard,Accessories,1,168.19,5,168.19,8.41,159.78,Bank Transfer,Store
TXN-0104214,2026-09-14,DXB-001,Dubai,CUST-03387,P012,Pen Pack,Stationery,1,15.62,10,15.62,1.56,14.05,Card,Store
TXN-0104403,2026-09-14,DXB-002,Dubai,CUST-07985,P004,Monitor,Electronics,2,911.06,5,1822.12,91.11,1731.01,Cash,Store
TXN-0104468,2026-09-14,DXB-003,Dubai,CUST-04061,P008,Desk,Furniture,1,837.73,10,837.73,83.77,753.96,Card,Store
TXN-0104558,2026-09-14,DXB-001,Dubai,CUST-03171,P002,Smartphone,Electronics,2,1730.31,15,3460.63,519.09,2941.53,Cash,Store
TXN-0104657,2026-09-14,DXB-005,Dubai,CUST-07957,P012,Pen Pack,Stationery,2,15.23,0,30.46,0.0,30.46,Card,Store
TXN-0104658,2026-09-14,DXB-003,Dubai,CUST-01293,P014,Power Bank,Electronics,2,137.94,0,275.88,0.0,275.88,Apple Pay,Store
TXN-0104731,2026-09-14,DXB-004,Dubai,CUST-03507,P008,Desk,Furniture,1,814.88,10,814.88,81.49,733.39,Apple Pay,Online
TXN-0104745,2026-09-14,DXB-002,Dubai,CUST-02913,P010,Printer,Office,2,771.94,0,1543.88,0.0,1543.88,Card,Store
TXN-0104996,2026-09-14,DXB-005,Dubai,CUST-04211,P015,Tablet,Electronics,2,1301.97,5,2603.94,130.2,2473.74,Cash,Store
TXN-0105054,2026-09-14,DXB-004,Dubai,CUST-02599,P005,Keyboard,Accessories,1,185.73,0,185.73,0.0,185.73,Cash,Store
TXN-0105066,2026-09-14,DXB-001,Dubai,CUST-05329,P011,Notebook,Stationery,3,25.39,0,76.18,0.0,76.18,Apple Pay,Online
TXN-0105089,2026-09-14,DXB-001,Dubai,CUST-01510,P010,Printer,Office,6,682.68,15,4096.1,614.41,3481.68,Apple Pay,Store
TXN-0105113,2026-09-14,DXB-002,Dubai,CUST-05744,P014,Power Bank,Electronics,2,160.28,10,320.56,32.06,288.51,Apple Pay,Online
TXN-0105229,2026-09-14,DXB-002,Dubai,CUST-01441,P001,Laptop,Electronics,1,2932.58,10,2932.58,293.26,2639.32,Card,Store
TXN-0105277,2026-09-14,DXB-005,Dubai,CUST-00117,P012,Pen Pack,Stationery,1,15.63,10,15.63,1.56,14.07,Apple Pay,Online
TXN-0105431,2026-09-14,DXB-005,Dubai,CUST-04908,P005,Keyboard,Accessories,1,189.11,0,189.11,0.0,189.11,Card,Store
TXN-0105579,2026-09-14,DXB-001,Dubai,CUST-00844,P009,Backpack,Accessories,1,194.99,5,194.99,9.75,185.24,Card,Store
TXN-0105684,2026-09-14,DXB-001,Dubai,CUST-01923,P006,Mouse,Accessories,1,108.55,0,108.55,0.0,108.55,Bank Transfer,Store
TXN-0105700,2026-09-14,DXB-001,Dubai,CUST-04597,P008,Desk,Furniture,1,798.88,20,798.88,159.78,639.1,Card,Store
TXN-0105747,2026-09-14,DXB-004,Dubai,CUST-05698,P003,Headphones,Electronics,1,338.3,10,338.3,33.83,304.47,Card,Online
TXN-0105836,2026-09-14,DXB-004,Dubai,CUST-00499,P006,Mouse,Accessories,1,96.45,0,96.45,0.0,96.45,Card,Store
TXN-0105844,2026-09-14,DXB-002,Dubai,CUST-04285,P003,Headphones,Electronics,4,338.69,0,1354.76,0.0,1354.76,Apple Pay,Online
TXN-0105952,2026-09-14,DXB-004,Dubai,CUST-00987,P003,Headphones,Electronics,1,352.54,0,352.54,0.0,352.54,Card,Store
TXN-0105986,2026-09-14,DXB-003,Dubai,CUST-07539,P002,Smartphone,Electronics,1,1818.41,5,1818.41,90.92,1727.49,Apple Pay,Store
TXN-0106040,2026-09-14,DXB-005,Dubai,CUST-00351,P010,Printer,Office,2,727.64,10,1455.28,145.53,1309.75,Card,Online
TXN-0106054,2026-09-14,DXB-004,Dubai,CUST-07449,P005,Keyboard,Accessories,3,176.78,10,530.34,53.03,477.31,Card,Store
TXN-0106063,2026-09-14,DXB-001,Dubai,CUST-07923,P010,Printer,Office,1,652.22,5,652.22,32.61,619.61,Apple Pay,Store
TXN-0106086,2026-09-14,DXB-001,Dubai,CUST-00387,P010,Printer,Office,1,674.68,10,674.68,67.47,607.21,Apple Pay,Store
TXN-0106110,2026-09-14,DXB-002,Dubai,CUST-06183,P013,USB Drive,Accessories,2,44.79,10,89.57,8.96,80.61,Cash,Online
TXN-0106140,2026-09-14,DXB-001,Dubai,CUST-07186,P010,Printer,Office,1,671.31,10,671.31,67.13,604.18,Card,Online
TXN-0106151,2026-09-14,DXB-002,Dubai,CUST-00206,P013,USB Drive,Accessories,2,45.49,10,90.98,9.1,81.88,Cash,Store
TXN-0106244,2026-09-14,DXB-001,Dubai,CUST-07105,P005,Keyboard,Accessories,1,161.54,10,161.54,16.15,145.39,Apple Pay,Online
TXN-0106257,2026-09-14,DXB-005,Dubai,CUST-04586,P005,Keyboard,Accessories,2,181.6,10,363.21,36.32,326.89,Card,Store
TXN-0106323,2026-09-14,DXB-003,Dubai,CUST-04167,P014,Power Bank,Electronics,4,153.28,0,613.11,0.0,613.11,Card,Online
TXN-0106339,2026-09-14,DXB-005,Dubai,CUST-02381,P013,USB Drive,Accessories,4,41.2,5,164.81,8.24,156.57,Cash,Store
TXN-0106342,2026-09-14,DXB-005,Dubai,CUST-01816,P003,Headphones,Electronics,1,359.19,20,359.19,71.84,287.35,Card,Store
TXN-0106365,2026-09-14,DXB-005,Dubai,CUST-05400,P012,Pen Pack,Stationery,2,14.82,0,29.65,0.0,29.65,Card,Online
TXN-0106414,2026-09-14,DXB-003,Dubai,CUST-02975,P014,Power Bank,Electronics,1,168.99,10,168.99,16.9,152.09,Cash,Store
TXN-0106480,2026-09-14,DXB-005,Dubai,CUST-02088,P007,Office Chair,Furniture,2,628.08,5,1256.16,62.81,1193.35,Cash,Store
TXN-0106543,2026-09-14,DXB-001,Dubai,CUST-06961,P013,USB Drive,Accessories,1,41.71,15,41.71,6.26,35.45,Card,Online
TXN-0106627,2026-09-14,DXB-004,Dubai,CUST-04657,P013,USB Drive,Accessories,3,43.71,20,131.13,26.23,104.91,Card,Online
TXN-0106642,2026-09-14,DXB-001,Dubai,CUST-00952,P007,Office Chair,Furniture,3,686.54,15,2059.63,308.94,1750.68,Card,Online
TXN-0106660,2026-09-14,DXB-002,Dubai,CUST-00606,P014,Power Bank,Electronics,6,154.59,5,927.56,46.38,881.18,Card,Store
TXN-0106676,2026-09-14,DXB-005,Dubai,CUST-02579,P011,Notebook,Stationery,4,26.23,0,104.93,0.0,104.93,Bank Transfer,Online
TXN-0106697,2026-09-14,DXB-003,Dubai,CUST-02688,P003,Headphones,Electronics,1,325.98,15,325.98,48.9,277.08,Card,Store
TXN-0106707,2026-09-14,DXB-002,Dubai,CUST-05128,P013,USB Drive,Accessories,1,51.57,10,51.57,5.16,46.42,Card,Online
TXN-0106733,2026-09-14,DXB-002,Dubai,CUST-06616,P011,Notebook,Stationery,1,26.67,10,26.67,2.67,24.01,Card,Store
TXN-0106766,2026-09-14,DXB-003,Dubai,CUST-03909,P007,Office Chair,Furniture,1,668.63,5,668.63,33.43,635.2,Card,Store
TXN-0106818,2026-09-14,DXB-004,Dubai,CUST-06294,P005,Keyboard,Accessories,2,177.66,20,355.33,71.07,284.26,Cash,Store
TXN-0106827,2026-09-14,DXB-005,Dubai,CUST-03978,P012,Pen Pack,Stationery,4,16.22,0,64.88,0.0,64.88,Card,Store
TXN-0106928,2026-09-14,DXB-001,Dubai,CUST-01974,P009,Backpack,Accessories,3,239.78,5,719.33,35.97,683.36,Apple Pay,Online
TXN-0107062,2026-09-14,DXB-003,Dubai,CUST-06602,P013,USB Drive,Accessories,1,40.73,10,40.73,4.07,36.66,Card,Online
TXN-0107091,2026-09-14,DXB-004,Dubai,CUST-02503,P015,Tablet,Electronics,1,1281.87,10,1281.87,128.19,1153.68,Apple Pay,Store
TXN-0107159,2026-09-14,DXB-004,Dubai,CUST-07130,P008,Desk,Furniture,3,771.01,5,2313.04,115.65,2197.39,Bank Transfer,Store
TXN-0107211,2026-09-14,DXB-002,Dubai,CUST-06285,P011,Notebook,Stationery,1,25.51,0,25.51,0.0,25.51,Apple Pay,Store
TXN-0107230,2026-09-14,DXB-004,Dubai,CUST-04491,P005,Keyboard,Accessories,1,173.87,5,173.87,8.69,165.18,Cash,Store
TXN-0107338,2026-09-14,DXB-005,Dubai,CUST-05160,P009,Backpack,Accessories,1,246.97,20,246.97,49.39,197.57,Card,Store
TXN-0107464,2026-09-14,DXB-003,Dubai,CUST-07206,P004,Monitor,Electronics,1,848.57,0,848.57,0.0,848.57,Card,Online
TXN-0107467,2026-09-14,DXB-002,Dubai,CUST-07108,P010,Printer,Office,4,745.71,0,2982.85,0.0,2982.85,Apple Pay,Store
TXN-0107477,2026-09-14,DXB-003,Dubai,CUST-03189,P004,Monitor,Electronics,1,949.6,15,949.6,142.44,807.16,Card,Online
TXN-0107585,2026-09-14,DXB-001,Dubai,CUST-02510,P002,Smartphone,Electronics,1,1842.49,0,1842.49,0.0,1842.49,Card,Store
TXN-0107655,2026-09-14,DXB-005,Dubai,CUST-07195,P015,Tablet,Electronics,3,1180.44,15,3541.31,531.2,3010.11,Card,Store
TXN-0107819,2026-09-14,DXB-001,Dubai,CUST-04387,P004,Monitor,Electronics,3,858.91,10,2576.72,257.67,2319.05,Apple Pay,Online
TXN-0107924,2026-09-14,DXB-001,Dubai,CUST-01627,P001,Laptop,Electronics,4,2912.1,0,11648.41,0.0,11648.41,Card,Store
TXN-0108067,2026-09-14,DXB-004,Dubai,CUST-03905,P012,Pen Pack,Stationery,2,13.96,5,27.92,1.4,26.53,Card,Online
TXN-0108100,2026-09-14,DXB-001,Dubai,CUST-04622,P013,USB Drive,Accessories,1,46.44,15,46.44,6.97,39.47,Cash,Store
TXN-0108108,2026-09-14,DXB-004,Dubai,CUST-00688,P005,Keyboard,Accessories,1,192.51,15,192.51,28.88,163.63,Card,Store
TXN-0108122,2026-09-14,DXB-004,Dubai,CUST-06413,P006,Mouse,Accessories,1,104.82,0,104.82,0.0,104.82,Cash,Store
TXN-0108194,2026-09-14,DXB-002,Dubai,CUST-07351,P013,USB Drive,Accessories,2,49.13,10,98.25,9.83,88.43,Cash,Store
TXN-0108197,2026-09-14,DXB-004,Dubai,CUST-02584,P009,Backpack,Accessories,5,250.67,10,1253.34,125.33,1128.01,Apple Pay,Online
TXN-0108215,2026-09-14,DXB-005,Dubai,CUST-06434,P001,Laptop,Electronics,2,2953.55,0,5907.1,0.0,5907.1,Apple Pay,Store
TXN-0108220,2026-09-14,DXB-002,Dubai,CUST-02092,P010,Printer,Office,2,726.89,5,1453.77,72.69,1381.08,Cash,Store
TXN-0108340,2026-09-14,DXB-003,Dubai,CUST-00476,P006,Mouse,Accessories,1,102.79,10,102.79,10.28,92.51,Card,Store
TXN-0108417,2026-09-14,DXB-004,Dubai,CUST-03168,P011,Notebook,Stationery,1,22.19,10,22.19,2.22,19.97,Card,Store
TXN-0108528,2026-09-14,DXB-002,Dubai,CUST-04565,P009,Backpack,Accessories,1,209.05,5,209.05,10.45,198.6,Apple Pay,Online
TXN-0108534,2026-09-14,DXB-001,Dubai,CUST-03271,P002,Smartphone,Electronics,1,1831.7,0,1831.7,0.0,1831.7,Card,Store
TXN-0108538,2026-09-14,DXB-001,Dubai,CUST-02348,P009,Backpack,Accessories,2,209.84,15,419.68,62.95,356.73,Card,Online
TXN-0108539,2026-09-14,DXB-005,Dubai,CUST-05277,P001,Laptop,Electronics,1,2771.8,10,2771.8,277.18,2494.62,Card,Online
TXN-0108580,2026-09-14,DXB-001,Dubai,CUST-00172,P008,Desk,Furniture,3,827.94,20,2483.81,496.76,1987.05,Card,Store
TXN-0108682,2026-09-14,DXB-004,Dubai,CUST-05480,P001,Laptop,Electronics,1,2766.11,5,2766.11,138.31,2627.81,Card,Store
TXN-0108767,2026-09-14,DXB-002,Dubai,CUST-04153,P006,Mouse,Accessories,3,96.6,10,289.79,28.98,260.81,Cash,Store
TXN-0108778,2026-09-14,DXB-003,Dubai,CUST-03585,P012,Pen Pack,Stationery,1,15.5,15,15.5,2.33,13.18,Card,Store
TXN-0108823,2026-09-14,DXB-002,Dubai,CUST-05042,P015,Tablet,Electronics,1,1297.21,0,1297.21,0.0,1297.21,Card,Store
TXN-0108857,2026-09-14,DXB-004,Dubai,CUST-00105,P008,Desk,Furniture,1,838.17,5,838.17,41.91,796.26,Cash,Store
TXN-0108872,2026-09-14,DXB-005,Dubai,CUST-01092,P013,USB Drive,Accessories,1,46.91,0,46.91,0.0,46.91,Apple Pay,Online
TXN-0108922,2026-09-14,DXB-001,Dubai,CUST-02525,P009,Backpack,Accessories,2,204.79,0,409.59,0.0,409.59,Card,Store
TXN-0108928,2026-09-14,DXB-002,Dubai,CUST-07143,P012,Pen Pack,Stationery,5,14.77,5,73.83,3.69,70.14,Card,Online
TXN-0108936,2026-09-14,DXB-001,Dubai,CUST-05946,P007,Office Chair,Furniture,2,644.36,5,1288.72,64.44,1224.29,Card,Store
TXN-0108980,2026-09-14,DXB-003,Dubai,CUST-02816,P015,Tablet,Electronics,3,1253.29,0,3759.88,0.0,3759.88,Card,Store
TXN-0109032,2026-09-14,DXB-003,Dubai,CUST-00875,P002,Smartphone,Electronics,3,1885.38,0,5656.13,0.0,5656.13,Bank Transfer,Store
TXN-0109062,2026-09-14,DXB-003,Dubai,CUST-04707,P010,Printer,Office,1,701.92,0,701.92,0.0,701.92,Card,Store
TXN-0109139,2026-09-14,DXB-002,Dubai,CUST-05188,P001,Laptop,Electronics,1,2939.68,5,2939.68,146.98,2792.69,Cash,Store
TXN-0109216,2026-09-14,DXB-003,Dubai,CUST-04065,P004,Monitor,Electronics,2,958.01,10,1916.03,191.6,1724.43,Cash,Store
TXN-0109221,2026-09-14,DXB-004,Dubai,CUST-02109,P011,Notebook,Stationery,3,27.77,5,83.3,4.16,79.13,Cash,Store
TXN-0109325,2026-09-14,DXB-001,Dubai,CUST-06185,P005,Keyboard,Accessories,1,181.9,0,181.9,0.0,181.9,Card,Online
TXN-0109332,2026-09-14,DXB-001,Dubai,CUST-04362,P007,Office Chair,Furniture,2,645.1,15,1290.2,193.53,1096.67,Card,Store
TXN-0109389,2026-09-14,DXB-005,Dubai,CUST-06985,P003,Headphones,Electronics,2,362.46,5,724.91,36.25,688.67,Apple Pay,Store
TXN-0109397,2026-09-14,DXB-004,Dubai,CUST-07772,P005,Keyboard,Accessories,1,179.49,15,179.49,26.92,152.57,Cash,Store
TXN-0109401,2026-09-14,DXB-004,Dubai,CUST-01540,P012,Pen Pack,Stationery,1,16.17,5,16.17,0.81,15.36,Card,Online
TXN-0109480,2026-09-14,DXB-002,Dubai,CUST-02409,P012,Pen Pack,Stationery,3,13.96,5,41.89,2.09,39.8,Cash,Store
TXN-0109612,2026-09-14,DXB-004,Dubai,CUST-02114,P007,Office Chair,Furniture,1,586.26,10,586.26,58.63,527.64,Bank Transfer,Store
TXN-0109779,2026-09-14,DXB-001,Dubai,CUST-01769,P013,USB Drive,Accessories,1,45.43,15,45.43,6.81,38.62,Card,Online
TXN-0109855,2026-09-14,DXB-003,Dubai,CUST-04811,P013,USB Drive,Accessories,1,37.91,0,37.91,0.0,37.91,Apple Pay,Store
TXN-0110037,2026-09-14,DXB-002,Dubai,CUST-06884,P008,Desk,Furniture,4,787.57,0,3150.29,0.0,3150.29,Cash,Store
TXN-0110057,2026-09-14,DXB-001,Dubai,CUST-01924,P004,Monitor,Electronics,3,842.72,5,2528.15,126.41,2401.74,Apple Pay,Online
TXN-0110087,2026-09-14,DXB-002,Dubai,CUST-03793,P003,Headphones,Electronics,2,355.34,0,710.68,0.0,710.68,Apple Pay,Store
TXN-0110367,2026-09-14,DXB-003,Dubai,CUST-04462,P012,Pen Pack,Stationery,1,15.44,5,15.44,0.77,14.67,Apple Pay,Store
TXN-0110461,2026-09-14,DXB-002,Dubai,CUST-02316,P008,Desk,Furniture,1,796.72,5,796.72,39.84,756.89,Card,Store
TXN-0110693,2026-09-14,DXB-005,Dubai,CUST-06502,P007,Office Chair,Furniture,1,582.25,5,582.25,29.11,553.13,Cash,Online
TXN-0110736,2026-09-14,DXB-001,Dubai,CUST-01584,P011,Notebook,Stationery,2,26.06,0,52.13,0.0,52.13,Card,Store
TXN-0110762,2026-09-14,DXB-004,Dubai,CUST-01380,P001,Laptop,Electronics,2,3032.36,0,6064.72,0.0,6064.72,Apple Pay,Online
TXN-0110900,2026-09-14,DXB-005,Dubai,CUST-00268,P002,Smartphone,Electronics,2,1895.72,20,3791.44,758.29,3033.15,Card,Store
TXN-0110929,2026-09-14,DXB-003,Dubai,CUST-03247,P008,Desk,Furniture,1,813.8,0,813.8,0.0,813.8,Card,Online
TXN-0111032,2026-09-14,DXB-001,Dubai,CUST-00362,P006,Mouse,Accessories,2,99.67,10,199.34,19.93,179.41,Card,Store
TXN-0111044,2026-09-14,DXB-001,Dubai,CUST-06172,P004,Monitor,Electronics,2,876.41,15,1752.82,262.92,1489.9,Card,Online
TXN-0111061,2026-09-14,DXB-005,Dubai,CUST-06238,P015,Tablet,Electronics,4,1241.07,0,4964.27,0.0,4964.27,Bank Transfer,Store
TXN-0111090,2026-09-14,DXB-003,Dubai,CUST-03611,P006,Mouse,Accessories,1,98.87,0,98.87,0.0,98.87,Card,Store
TXN-0111104,2026-09-14,DXB-001,Dubai,CUST-03175,P009,Backpack,Accessories,3,225.89,20,677.66,135.53,542.12,Apple Pay,Store
TXN-0111113,2026-09-14,DXB-003,Dubai,CUST-07993,P006,Mouse,Accessories,6,97.08,15,582.45,87.37,495.08,Apple Pay,Store
TXN-0111195,2026-09-14,DXB-005,Dubai,CUST-03763,P010,Printer,Office,1,664.94,0,664.94,0.0,664.94,Apple Pay,Store
TXN-0111351,2026-09-14,DXB-001,Dubai,CUST-06620,P009,Backpack,Accessories,1,216.19,20,216.19,43.24,172.95,Card,Store
TXN-0111476,2026-09-14,DXB-004,Dubai,CUST-04216,P003,Headphones,Electronics,1,327.43,5,327.43,16.37,311.06,Cash,Online
TXN-0111518,2026-09-14,DXB-003,Dubai,CUST-01657,P009,Backpack,Accessories,1,214.42,10,214.42,21.44,192.98,Apple Pay,Online
TXN-0111534,2026-09-14,DXB-002,Dubai,CUST-05287,P015,Tablet,Electronics,1,1182.43,0,1182.43,0.0,1182.43,Card,Store
TXN-0111575,2026-09-14,DXB-004,Dubai,CUST-01676,P003,Headphones,Electronics,2,332.07,15,664.15,99.62,564.52,Card,Store
TXN-0111622,2026-09-14,DXB-004,Dubai,CUST-03450,P002,Smartphone,Electronics,1,1788.4,5,1788.4,89.42,1698.98,Bank Transfer,Online
TXN-0111745,2026-09-14,DXB-001,Dubai,CUST-07956,P006,Mouse,Accessories,2,95.12,0,190.24,0.0,190.24,Cash,Store
TXN-0111967,2026-09-14,DXB-001,Dubai,CUST-05022,P012,Pen Pack,Stationery,1,14.35,5,14.35,0.72,13.63,Apple Pay,Store
TXN-0111976,2026-09-14,DXB-004,Dubai,CUST-03734,P005,Keyboard,Accessories,2,191.37,5,382.73,19.14,363.6,Card,Store
TXN-0112016,2026-09-14,DXB-005,Dubai,CUST-03250,P005,Keyboard,Accessories,1,168.96,0,168.96,0.0,168.96,Card,Store
TXN-0112076,2026-09-14,DXB-002,Dubai,CUST-00319,P008,Desk,Furniture,1,779.7,0,779.7,0.0,779.7,Card,Store
TXN-0112090,2026-09-14,DXB-003,Dubai,CUST-04562,P007,Office Chair,Furniture,2,564.78,0,1129.56,0.0,1129.56,Cash,Store
TXN-0112224,2026-09-14,DXB-002,Dubai,CUST-03559,P014,Power Bank,Electronics,2,153.18,0,306.36,0.0,306.36,Card,Store
TXN-0112340,2026-09-14,DXB-001,Dubai,CUST-02396,P011,Notebook,Stationery,1,25.0,0,25.0,0.0,25.0,Card,Online
TXN-0112513,2026-09-14,DXB-003,Dubai,CUST-01206,P004,Monitor,Electronics,2,870.4,20,1740.8,348.16,1392.64,Card,Online
TXN-0112590,2026-09-14,DXB-005,Dubai,CUST-02188,P015,Tablet,Electronics,5,1211.12,20,6055.58,1211.12,4844.46,Card,Store
TXN-0112623,2026-09-14,DXB-001,Dubai,CUST-01364,P011,Notebook,Stationery,4,26.57,20,106.27,21.25,85.01,Card,Online
TXN-0112710,2026-09-14,DXB-005,Dubai,CUST-01869,P009,Backpack,Accessories,3,219.19,15,657.56,98.63,558.93,Card,Online
TXN-0112743,2026-09-14,DXB-001,Dubai,CUST-07547,P002,Smartphone,Electronics,2,1798.22,5,3596.44,179.82,3416.62,Card,Store
TXN-0112793,2026-09-14,DXB-001,Dubai,CUST-05033,P015,Tablet,Electronics,2,1068.84,20,2137.68,427.54,1710.14,Cash,Store
TXN-0112798,2026-09-14,DXB-002,Dubai,CUST-02100,P004,Monitor,Electronics,2,764.78,5,1529.55,76.48,1453.08,Apple Pay,Store
TXN-0112813,2026-09-14,DXB-004,Dubai,CUST-07948,P003,Headphones,Electronics,1,330.95,5,330.95,16.55,314.4,Bank Transfer,Store
TXN-0112895,2026-09-14,DXB-001,Dubai,CUST-00869,P014,Power Bank,Electronics,1,144.61,0,144.61,0.0,144.61,Cash,Store
TXN-0112971,2026-09-14,DXB-004,Dubai,CUST-01267,P011,Notebook,Stationery,4,25.23,15,100.94,15.14,85.8,Card,Store
TXN-0112992,2026-09-14,DXB-001,Dubai,CUST-00756,P015,Tablet,Electronics,1,1212.21,0,1212.21,0.0,1212.21,Card,Store
TXN-0113028,2026-09-14,DXB-003,Dubai,CUST-03638,P002,Smartphone,Electronics,4,1897.21,20,7588.83,1517.77,6071.06,Card,Store
TXN-0113039,2026-09-14,DXB-001,Dubai,CUST-05457,P014,Power Bank,Electronics,2,155.22,15,310.45,46.57,263.88,Card,Store
TXN-0113083,2026-09-14,DXB-005,Dubai,CUST-01799,P011,Notebook,Stationery,3,26.83,20,80.49,16.1,64.39,Card,Store
TXN-0113136,2026-09-14,DXB-001,Dubai,CUST-03568,P011,Notebook,Stationery,3,24.45,0,73.35,0.0,73.35,Card,Store
TXN-0113138,2026-09-14,DXB-003,Dubai,CUST-02712,P010,Printer,Office,1,711.87,15,711.87,106.78,605.09,Card,Store
TXN-0113139,2026-09-14,DXB-004,Dubai,CUST-04130,P005,Keyboard,Accessories,2,192.99,0,385.98,0.0,385.98,Apple Pay,Store
TXN-0113267,2026-09-14,DXB-005,Dubai,CUST-00014,P001,Laptop,Electronics,1,2787.18,5,2787.18,139.36,2647.82,Apple Pay,Store
TXN-0113366,2026-09-14,DXB-005,Dubai,CUST-00404,P014,Power Bank,Electronics,3,143.34,15,430.01,64.5,365.51,Card,Store
TXN-0113393,2026-09-14,DXB-001,Dubai,CUST-07106,P003,Headphones,Electronics,2,316.07,5,632.14,31.61,600.53,Bank Transfer,Store
TXN-0113491,2026-09-14,DXB-002,Dubai,CUST-07566,P008,Desk,Furniture,1,749.8,5,749.8,37.49,712.31,Card,Store
TXN-0113526,2026-09-14,DXB-001,Dubai,CUST-06320,P002,Smartphone,Electronics,1,1878.67,5,1878.67,93.93,1784.73,Apple Pay,Store
TXN-0113734,2026-09-14,DXB-004,Dubai,CUST-04186,P006,Mouse,Accessories,1,106.31,0,106.31,0.0,106.31,Apple Pay,Store
TXN-0113854,2026-09-14,DXB-001,Dubai,CUST-01745,P013,USB Drive,Accessories,1,47.45,5,47.45,2.37,45.07,Bank Transfer,Store
TXN-0113909,2026-09-14,DXB-003,Dubai,CUST-01161,P012,Pen Pack,Stationery,3,13.24,10,39.71,3.97,35.74,Card,Store
TXN-0113942,2026-09-14,DXB-001,Dubai,CUST-05776,P015,Tablet,Electronics,1,1145.57,10,1145.57,114.56,1031.02,Card,Store
TXN-0113991,2026-09-14,DXB-003,Dubai,CUST-04365,P007,Office Chair,Furniture,2,623.78,15,1247.56,187.13,1060.42,Card,Store
TXN-0114041,2026-09-14,DXB-004,Dubai,CUST-06050,P007,Office Chair,Furniture,1,640.46,0,640.46,0.0,640.46,Bank Transfer,Store
TXN-0114097,2026-09-14,DXB-001,Dubai,CUST-02237,P014,Power Bank,Electronics,1,165.56,0,165.56,0.0,165.56,Cash,Store
TXN-0114118,2026-09-14,DXB-003,Dubai,CUST-07629,P004,Monitor,Electronics,2,861.67,10,1723.34,172.33,1551.0,Cash,Online
TXN-0114123,2026-09-14,DXB-001,Dubai,CUST-03363,P009,Backpack,Accessories,1,224.96,20,224.96,44.99,179.97,Apple Pay,Store
TXN-0114292,2026-09-14,DXB-004,Dubai,CUST-06952,P015,Tablet,Electronics,2,1350.44,10,2700.88,270.09,2430.79,Apple Pay,Store
TXN-0114466,2026-09-14,DXB-001,Dubai,CUST-07070,P013,USB Drive,Accessories,1,44.59,0,44.59,0.0,44.59,Apple Pay,Store
TXN-0114485,2026-09-14,DXB-002,Dubai,CUST-04540,P005,Keyboard,Accessories,1,185.2,0,185.2,0.0,185.2,Card,Store
TXN-0114609,2026-09-14,DXB-004,Dubai,CUST-00797,P006,Mouse,Accessories,1,100.41,5,100.41,5.02,95.39,Cash,Store
TXN-0114632,2026-09-14,DXB-002,Dubai,CUST-05516,P004,Monitor,Electronics,4,917.6,0,3670.38,0.0,3670.38,Card,Store
TXN-0114656,2026-09-14,DXB-002,Dubai,CUST-05735,P007,Office Chair,Furniture,1,668.47,0,668.47,0.0,668.47,Apple Pay,Store
TXN-0114690,2026-09-14,DXB-001,Dubai,CUST-06156,P014,Power Bank,Electronics,1,158.25,10,158.25,15.83,142.43,Apple Pay,Store
TXN-0114736,2026-09-14,DXB-001,Dubai,CUST-00007,P014,Power Bank,Electronics,1,149.64,15,149.64,22.45,127.19,Card,Online
TXN-0114760,2026-09-14,DXB-004,Dubai,CUST-06057,P008,Desk,Furniture,1,758.08,10,758.08,75.81,682.28,Card,Store
TXN-0114770,2026-09-14,DXB-002,Dubai,CUST-00515,P010,Printer,Office,5,666.24,15,3331.18,499.68,2831.5,Card,Store
TXN-0114777,2026-09-14,DXB-005,Dubai,CUST-06113,P001,Laptop,Electronics,1,2603.16,15,2603.16,390.47,2212.69,Card,Store
TXN-0114813,2026-09-14,DXB-003,Dubai,CUST-02359,P006,Mouse,Accessories,2,101.65,10,203.31,20.33,182.98,Bank Transfer,Store
TXN-0114844,2026-09-14,DXB-005,Dubai,CUST-02809,P015,Tablet,Electronics,5,1186.13,10,5930.67,593.07,5337.6,Apple Pay,Online
TXN-0114857,2026-09-14,DXB-005,Dubai,CUST-07658,P002,Smartphone,Electronics,4,1842.8,15,7371.18,1105.68,6265.51,Card,Online
TXN-0114878,2026-09-14,DXB-003,Dubai,CUST-01697,P004,Monitor,Electronics,2,914.54,0,1829.08,0.0,1829.08,Cash,Store
TXN-0114893,2026-09-14,DXB-003,Dubai,CUST-07694,P015,Tablet,Electronics,1,1283.36,5,1283.36,64.17,1219.19,Card,Store
TXN-0114974,2026-09-14,DXB-001,Dubai,CUST-04333,P013,USB Drive,Accessories,3,47.05,0,141.16,0.0,141.16,Card,Online
TXN-0115023,2026-09-14,DXB-005,Dubai,CUST-03511,P010,Printer,Office,1,695.5,20,695.5,139.1,556.4,Card,Online
TXN-0115039,2026-09-14,DXB-005,Dubai,CUST-06602,P005,Keyboard,Accessories,4,157.04,5,628.16,31.41,596.75,Apple Pay,Store
TXN-0115156,2026-09-14,DXB-005,Dubai,CUST-06685,P014,Power Bank,Electronics,1,148.41,0,148.41,0.0,148.41,Card,Store
TXN-0115187,2026-09-14,DXB-002,Dubai,CUST-07127,P009,Backpack,Accessories,3,238.36,0,715.07,0.0,715.07,Bank Transfer,Store
TXN-0115203,2026-09-14,DXB-003,Dubai,CUST-05648,P015,Tablet,Electronics,2,1178.53,0,2357.05,0.0,2357.05,Card,Store
TXN-0115212,2026-09-14,DXB-001,Dubai,CUST-05551,P012,Pen Pack,Stationery,2,14.65,15,29.3,4.4,24.91,Card,Store
TXN-0115235,2026-09-14,DXB-001,Dubai,CUST-01585,P008,Desk,Furniture,2,841.96,20,1683.93,336.79,1347.14,Apple Pay,Store
TXN-0115323,2026-09-14,DXB-001,Dubai,CUST-04419,P002,Smartphone,Electronics,2,1832.3,5,3664.6,183.23,3481.37,Cash,Store
TXN-0115339,2026-09-14,DXB-005,Dubai,CUST-06225,P004,Monitor,Electronics,2,982.92,5,1965.84,98.29,1867.55,Card,Store
TXN-0115350,2026-09-14,DXB-001,Dubai,CUST-02543,P014,Power Bank,Electronics,1,157.2,0,157.2,0.0,157.2,Apple Pay,Online
TXN-0115548,2026-09-14,DXB-004,Dubai,CUST-04058,P013,USB Drive,Accessories,3,51.57,15,154.71,23.21,131.51,Apple Pay,Store
TXN-0115591,2026-09-14,DXB-003,Dubai,CUST-05174,P005,Keyboard,Accessories,4,186.46,0,745.85,0.0,745.85,Cash,Online
TXN-0115608,2026-09-14,DXB-004,Dubai,CUST-06608,P003,Headphones,Electronics,2,358.86,10,717.71,71.77,645.94,Bank Transfer,Store
TXN-0115650,2026-09-14,DXB-005,Dubai,CUST-06938,P008,Desk,Furniture,1,793.11,10,793.11,79.31,713.8,Card,Store
TXN-0115656,2026-09-14,DXB-002,Dubai,CUST-04711,P013,USB Drive,Accessories,2,42.34,0,84.69,0.0,84.69,Card,Online
TXN-0115770,2026-09-14,DXB-005,Dubai,CUST-06783,P015,Tablet,Electronics,1,1195.35,5,1195.35,59.77,1135.59,Cash,Store
TXN-0115821,2026-09-14,DXB-001,Dubai,CUST-04945,P010,Printer,Office,1,685.27,0,685.27,0.0,685.27,Apple Pay,Online
TXN-0115839,2026-09-14,DXB-003,Dubai,CUST-07939,P009,Backpack,Accessories,2,215.37,10,430.73,43.07,387.66,Apple Pay,Online
TXN-0115877,2026-09-14,DXB-005,Dubai,CUST-02560,P009,Backpack,Accessories,6,209.93,0,1259.6,0.0,1259.6,Bank Transfer,Store
TXN-0116019,2026-09-14,DXB-001,Dubai,CUST-01940,P012,Pen Pack,Stationery,1,16.96,5,16.96,0.85,16.11,Card,Store
TXN-0116080,2026-09-14,DXB-004,Dubai,CUST-07938,P015,Tablet,Electronics,3,1168.34,10,3505.02,350.5,3154.52,Apple Pay,Store
TXN-0116101,2026-09-14,DXB-004,Dubai,CUST-06987,P002,Smartphone,Electronics,1,1773.65,5,1773.65,88.68,1684.97,Card,Store
TXN-0116169,2026-09-14,DXB-001,Dubai,CUST-03431,P008,Desk,Furniture,3,828.52,0,2485.57,0.0,2485.57,Card,Store
TXN-0116196,2026-09-14,DXB-003,Dubai,CUST-02113,P002,Smartphone,Electronics,1,1848.2,0,1848.2,0.0,1848.2,Card,Store
TXN-0116197,2026-09-14,DXB-004,Dubai,CUST-04159,P001,Laptop,Electronics,4,2619.76,0,10479.03,0.0,10479.03,Card,Online
TXN-0116205,2026-09-14,DXB-004,Dubai,CUST-02620,P006,Mouse,Accessories,3,88.8,0,266.39,0.0,266.39,Card,Store
TXN-0116267,2026-09-14,DXB-002,Dubai,CUST-02947,P012,Pen Pack,Stationery,2,13.15,0,26.29,0.0,26.29,Cash,Store
TXN-0116325,2026-09-14,DXB-002,Dubai,CUST-03154,P011,Notebook,Stationery,1,24.08,5,24.08,1.2,22.88,Apple Pay,Online
TXN-0116367,2026-09-14,DXB-005,Dubai,CUST-03152,P007,Office Chair,Furniture,1,650.42,0,650.42,0.0,650.42,Card,Store
TXN-0116397,2026-09-14,DXB-001,Dubai,CUST-01304,P004,Monitor,Electronics,5,852.03,0,4260.13,0.0,4260.13,Card,Store
TXN-0116413,2026-09-14,DXB-002,Dubai,CUST-02228,P003,Headphones,Electronics,2,378.1,0,756.19,0.0,756.19,Card,Store
TXN-0116460,2026-09-14,DXB-005,Dubai,CUST-05119,P009,Backpack,Accessories,1,236.77,5,236.77,11.84,224.93,Card,Store
TXN-0116518,2026-09-14,DXB-005,Dubai,CUST-07132,P013,USB Drive,Accessories,1,42.69,5,42.69,2.13,40.56,Cash,Store
TXN-0116576,2026-09-14,DXB-001,Dubai,CUST-00606,P005,Keyboard,Accessories,4,171.89,5,687.56,34.38,653.18,Cash,Store
TXN-0116677,2026-09-14,DXB-001,Dubai,CUST-05317,P005,Keyboard,Accessories,2,190.74,15,381.48,57.22,324.26,Apple Pay,Store
TXN-0116711,2026-09-14,DXB-005,Dubai,CUST-04501,P006,Mouse,Accessories,1,105.09,15,105.09,15.76,89.33,Apple Pay,Store
TXN-0116726,2026-09-14,DXB-005,Dubai,CUST-03507,P014,Power Bank,Electronics,2,155.8,5,311.6,15.58,296.02,Apple Pay,Store
TXN-0116745,2026-09-14,DXB-003,Dubai,CUST-07633,P007,Office Chair,Furniture,1,658.49,20,658.49,131.7,526.79,Card,Store
TXN-0116752,2026-09-14,DXB-001,Dubai,CUST-03372,P003,Headphones,Electronics,3,358.47,0,1075.4,0.0,1075.4,Card,Store
TXN-0116898,2026-09-14,DXB-001,Dubai,CUST-00731,P008,Desk,Furniture,2,854.65,0,1709.29,0.0,1709.29,Card,Store
TXN-0116992,2026-09-14,DXB-002,Dubai,CUST-02890,P003,Headphones,Electronics,2,364.46,0,728.92,0.0,728.92,Apple Pay,Online
TXN-0116994,2026-09-14,DXB-004,Dubai,CUST-01840,P006,Mouse,Accessories,1,103.04,10,103.04,10.3,92.74,Apple Pay,Store
TXN-0116999,2026-09-14,DXB-003,Dubai,CUST-06688,P006,Mouse,Accessories,2,101.23,0,202.46,0.0,202.46,Apple Pay,Online
TXN-0117078,2026-09-14,DXB-001,Dubai,CUST-06484,P006,Mouse,Accessories,2,89.1,10,178.2,17.82,160.38,Apple Pay,Online
TXN-0117127,2026-09-14,DXB-005,Dubai,CUST-00475,P004,Monitor,Electronics,3,902.26,0,2706.79,0.0,2706.79,Apple Pay,Store
TXN-0117148,2026-09-14,DXB-005,Dubai,CUST-03442,P014,Power Bank,Electronics,2,142.23,5,284.47,14.22,270.24,Cash,Store
TXN-0117203,2026-09-14,DXB-004,Dubai,CUST-07957,P008,Desk,Furniture,1,762.3,0,762.3,0.0,762.3,Card,Online
TXN-0117212,2026-09-14,DXB-005,Dubai,CUST-02088,P013,USB Drive,Accessories,2,45.85,0,91.69,0.0,91.69,Apple Pay,Online
TXN-0117276,2026-09-14,DXB-003,Dubai,CUST-00567,P010,Printer,Office,1,693.45,5,693.45,34.67,658.77,Apple Pay,Store
TXN-0117368,2026-09-14,DXB-005,Dubai,CUST-05919,P005,Keyboard,Accessories,5,166.34,0,831.71,0.0,831.71,Apple Pay,Online
TXN-0117402,2026-09-14,DXB-002,Dubai,CUST-02931,P015,Tablet,Electronics,6,1108.11,5,6648.64,332.43,6316.21,Card,Online
TXN-0117494,2026-09-14,DXB-001,Dubai,CUST-05739,P008,Desk,Furniture,1,788.88,0,788.88,0.0,788.88,Apple Pay,Online
TXN-0117517,2026-09-14,DXB-002,Dubai,CUST-07904,P005,Keyboard,Accessories,1,194.7,10,194.7,19.47,175.23,Apple Pay,Store
TXN-0117532,2026-09-14,DXB-001,Dubai,CUST-02646,P007,Office Chair,Furniture,2,692.48,15,1384.95,207.74,1177.21,Apple Pay,Store
TXN-0117536,2026-09-14,DXB-001,Dubai,CUST-03989,P004,Monitor,Electronics,1,899.89,15,899.89,134.98,764.91,Card,Store
TXN-0117628,2026-09-14,DXB-001,Dubai,CUST-01584,P011,Notebook,Stationery,3,25.11,0,75.33,0.0,75.33,Cash,Online
TXN-0117668,2026-09-14,DXB-004,Dubai,CUST-05952,P015,Tablet,Electronics,2,1198.52,5,2397.05,119.85,2277.19,Card,Store
TXN-0117735,2026-09-14,DXB-004,Dubai,CUST-02878,P006,Mouse,Accessories,2,108.77,5,217.55,10.88,206.67,Apple Pay,Online
TXN-0117852,2026-09-14,DXB-005,Dubai,CUST-00636,P012,Pen Pack,Stationery,2,14.49,0,28.99,0.0,28.99,Bank Transfer,Store
TXN-0117857,2026-09-14,DXB-003,Dubai,CUST-03439,P010,Printer,Office,1,743.32,5,743.32,37.17,706.16,Apple Pay,Store
TXN-0117903,2026-09-14,DXB-004,Dubai,CUST-03910,P007,Office Chair,Furniture,1,643.85,0,643.85,0.0,643.85,Apple Pay,Store
TXN-0117904,2026-09-14,DXB-002,Dubai,CUST-05404,P001,Laptop,Electronics,1,2892.83,15,2892.83,433.92,2458.9,Cash,Store
TXN-0117908,2026-09-14,DXB-002,Dubai,CUST-00304,P007,Office Chair,Furniture,1,655.38,10,655.38,65.54,589.85,Cash,Store
TXN-0117947,2026-09-14,DXB-002,Dubai,CUST-07003,P009,Backpack,Accessories,1,210.4,0,210.4,0.0,210.4,Apple Pay,Online
TXN-0118004,2026-09-14,DXB-003,Dubai,CUST-00210,P005,Keyboard,Accessories,1,184.11,5,184.11,9.21,174.91,Bank Transfer,Store
TXN-0118038,2026-09-14,DXB-004,Dubai,CUST-01098,P001,Laptop,Electronics,2,2852.66,10,5705.32,570.53,5134.79,Apple Pay,Store
TXN-0118257,2026-09-14,DXB-001,Dubai,CUST-05434,P006,Mouse,Accessories,1,94.78,15,94.78,14.22,80.56,Bank Transfer,Store
TXN-0118304,2026-09-14,DXB-001,Dubai,CUST-02345,P005,Keyboard,Accessories,1,194.13,0,194.13,0.0,194.13,Bank Transfer,Store
TXN-0118307,2026-09-14,DXB-005,Dubai,CUST-06352,P005,Keyboard,Accessories,6,160.43,10,962.56,96.26,866.31,Card,Store
TXN-0118382,2026-09-14,DXB-005,Dubai,CUST-07192,P015,Tablet,Electronics,2,1149.05,15,2298.11,344.72,1953.39,Cash,Store
TXN-0118565,2026-09-14,DXB-005,Dubai,CUST-00631,P003,Headphones,Electronics,1,379.03,10,379.03,37.9,341.12,Card,Store
TXN-0118592,2026-09-14,DXB-005,Dubai,CUST-02538,P015,Tablet,Electronics,3,1221.4,10,3664.19,366.42,3297.77,Card,Online
TXN-0118632,2026-09-14,DXB-005,Dubai,CUST-06248,P006,Mouse,Accessories,4,94.68,0,378.74,0.0,378.74,Card,Online
TXN-0118634,2026-09-14,DXB-001,Dubai,CUST-02345,P002,Smartphone,Electronics,1,1619.4,10,1619.4,161.94,1457.46,Cash,Online
TXN-0118655,2026-09-14,DXB-003,Dubai,CUST-00690,P002,Smartphone,Electronics,1,1695.61,5,1695.61,84.78,1610.83,Cash,Store
TXN-0118698,2026-09-14,DXB-001,Dubai,CUST-03665,P006,Mouse,Accessories,1,94.08,5,94.08,4.7,89.38,Cash,Online
TXN-0118704,2026-09-14,DXB-001,Dubai,CUST-06866,P010,Printer,Office,2,681.83,15,1363.65,204.55,1159.1,Cash,Store
TXN-0118912,2026-09-14,DXB-003,Dubai,CUST-06928,P010,Printer,Office,3,690.1,0,2070.3,0.0,2070.3,Cash,Store
TXN-0118973,2026-09-14,DXB-003,Dubai,CUST-07649,P003,Headphones,Electronics,1,326.01,20,326.01,65.2,260.81,Bank Transfer,Online
TXN-0119019,2026-09-14,DXB-005,Dubai,CUST-01354,P015,Tablet,Electronics,3,1159.67,10,3479.01,347.9,3131.11,Card,Store
TXN-0119075,2026-09-14,DXB-003,Dubai,CUST-05987,P009,Backpack,Accessories,1,221.1,5,221.1,11.06,210.05,Bank Transfer,Online
TXN-0119106,2026-09-14,DXB-003,Dubai,CUST-03155,P003,Headphones,Electronics,2,356.54,15,713.08,106.96,606.11,Cash,Store
TXN-0119117,2026-09-14,DXB-003,Dubai,CUST-04980,P011,Notebook,Stationery,4,24.37,0,97.46,0.0,97.46,Bank Transfer,Store
TXN-0119166,2026-09-14,DXB-002,Dubai,CUST-03177,P010,Printer,Office,3,762.62,0,2287.86,0.0,2287.86,Card,Store
TXN-0119184,2026-09-14,DXB-003,Dubai,CUST-01127,P008,Desk,Furniture,1,796.1,10,796.1,79.61,716.49,Apple Pay,Store
TXN-0119207,2026-09-14,DXB-002,Dubai,CUST-02070,P002,Smartphone,Electronics,2,1706.34,0,3412.69,0.0,3412.69,Apple Pay,Online
TXN-0119245,2026-09-14,DXB-003,Dubai,CUST-04278,P009,Backpack,Accessories,2,191.82,15,383.64,57.55,326.09,Card,Store
TXN-0119291,2026-09-14,DXB-003,Dubai,CUST-01174,P003,Headphones,Electronics,1,336.19,0,336.19,0.0,336.19,Card,Store
TXN-0119376,2026-09-14,DXB-001,Dubai,CUST-07077,P005,Keyboard,Accessories,1,192.22,5,192.22,9.61,182.61,Card,Online
TXN-0119447,2026-09-14,DXB-005,Dubai,CUST-02466,P012,Pen Pack,Stationery,1,14.5,10,14.5,1.45,13.05,Cash,Online
TXN-0119477,2026-09-14,DXB-005,Dubai,CUST-06953,P005,Keyboard,Accessories,2,182.64,0,365.28,0.0,365.28,Card,Store
TXN-0119567,2026-09-14,DXB-004,Dubai,CUST-01100,P001,Laptop,Electronics,3,3167.12,5,9501.37,475.07,9026.3,Card,Store
TXN-0119576,2026-09-14,DXB-003,Dubai,CUST-05822,P015,Tablet,Electronics,1,1225.1,15,1225.1,183.76,1041.33,Bank Transfer,Online
TXN-0119619,2026-09-14,DXB-002,Dubai,CUST-06954,P006,Mouse,Accessories,2,93.77,5,187.54,9.38,178.16,Bank Transfer,Online
TXN-0119625,2026-09-14,DXB-001,Dubai,CUST-04131,P004,Monitor,Electronics,3,880.16,5,2640.48,132.02,2508.46,Apple Pay,Online
TXN-0119667,2026-09-14,DXB-002,Dubai,CUST-04751,P003,Headphones,Electronics,1,372.09,5,372.09,18.6,353.49,Card,Store
TXN-0119690,2026-09-14,DXB-004,Dubai,CUST-03448,P015,Tablet,Electronics,2,1165.86,5,2331.71,116.59,2215.12,Apple Pay,Store
TXN-0119691,2026-09-14,DXB-003,Dubai,CUST-01371,P004,Monitor,Electronics,2,890.32,10,1780.64,178.06,1602.58,Apple Pay,Store
TXN-0119792,2026-09-14,DXB-003,Dubai,CUST-03017,P004,Monitor,Electronics,1,969.37,0,969.37,0.0,969.37,Card,Store
TXN-0119869,2026-09-14,DXB-002,Dubai,CUST-02426,P004,Monitor,Electronics,6,966.79,0,5800.72,0.0,5800.72,Cash,Store
TXN-0119879,2026-09-14,DXB-001,Dubai,CUST-04533,P009,Backpack,Accessories,2,182.05,0,364.1,0.0,364.1,Apple Pay,Online
TXN-0119929,2026-09-14,DXB-001,Dubai,CUST-04865,P005,Keyboard,Accessories,1,165.46,0,165.46,0.0,165.46,Card,Store
