transaction_id,transaction_date,store_id,region,customer_id,product_id,product_name,category,quantity,unit_price,discount_pct,gross_amount,discount_amount,net_revenue,payment_method,sales_channel
TXN-0000010,2026-08-06,DXB-004,Dubai,CUST-07230,P013,USB Drive,Accessories,2,44.22,5,88.44,4.42,84.02,Card,Store
TXN-0000087,2026-08-06,DXB-004,Dubai,CUST-00644,P008,Desk,Furniture,1,842.36,10,842.36,84.24,758.12,Card,Store
TXN-0000171,2026-08-06,DXB-005,Dubai,CUST-02995,P001,Laptop,Electronics,1,2910.36,0,2910.36,0.0,2910.36,Apple Pay,Store
TXN-0000218,2026-08-06,DXB-001,Dubai,CUST-05383,P004,Monitor,Electronics,1,934.77,5,934.77,46.74,888.03,Card,Store
TXN-0000243,2026-08-06,DXB-005,Dubai,CUST-01077,P012,Pen Pack,Stationery,1,13.93,10,13.93,1.39,12.54,Bank Transfer,Store
TXN-0000258,2026-08-06,DXB-002,Dubai,CUST-06591,P012,Pen Pack,Stationery,1,13.25,0,13.25,0.0,13.25,Cash,Store
TXN-0000310,2026-08-06,DXB-001,Dubai,CUST-03902,P009,Backpack,Accessories,3,234.89,5,704.67,35.23,669.44,Apple Pay,Online
TXN-0000322,2026-08-06,DXB-002,Dubai,CUST-05417,P015,Tablet,Electronics,1,1235.27,0,1235.27,0.0,1235.27,Apple Pay,Store
TXN-0000376,2026-08-06,DXB-001,Dubai,CUST-05980,P009,Backpack,Accessories,1,221.48,0,221.48,0.0,221.48,Cash,Online
TXN-0000460,2026-08-06,DXB-005,Dubai,CUST-07724,P003,Headphones,Electronics,4,310.58,5,1242.32,62.12,1180.2,Apple Pay,Store
TXN-0000480,2026-08-06,DXB-001,Dubai,CUST-05156,P007,Office Chair,Furniture,3,669.04,0,2007.11,0.0,2007.11,Card,Store
TXN-0000516,2026-08-06,DXB-004,Dubai,CUST-06282,P010,Printer,Office,2,713.02,0,1426.04,0.0,1426.04,Card,Store
TXN-0000580,2026-08-06,DXB-005,Dubai,CUST-01641,P001,Laptop,Electronics,5,2939.44,5,14697.18,734.86,13962.32,Apple Pay,Online
TXN-0000581,2026-08-06,DXB-005,Dubai,CUST-03566,P015,Tablet,Electronics,1,1233.49,0,1233.49,0.0,1233.49,Bank Transfer,Store
TXN-0000583,2026-08-06,DXB-005,Dubai,CUST-04655,P007,Office Chair,Furniture,1,665.71,0,665.71,0.0,665.71,Card,Online
TXN-0000588,2026-08-06,DXB-004,Dubai,CUST-05169,P012,Pen Pack,Stationery,1,13.51,0,13.51,0.0,13.51,Card,Store
TXN-0000674,2026-08-06,DXB-002,Dubai,CUST-06778,P001,Laptop,Electronics,4,2857.23,0,11428.9,0.0,11428.9,Card,Online
TXN-0000700,2026-08-06,DXB-005,Dubai,CUST-02225,P001,Laptop,Electronics,1,2903.8,0,2903.8,0.0,2903.8,Bank Transfer,Store
TXN-0000791,2026-08-06,DXB-004,Dubai,CUST-07746,P005,Keyboard,Accessories,1,171.45,15,171.45,25.72,145.73,Cash,Online
TXN-0000808,2026-08-06,DXB-003,Dubai,CUST-06780,P004,Monitor,Electronics,6,867.3,0,5203.82,0.0,5203.82,Card,Store
TXN-0000818,2026-08-06,DXB-003,Dubai,CUST-05187,P002,Smartphone,Electronics,1,1874.83,0,1874.83,0.0,1874.83,Card,Online
TXN-0000891,2026-08-06,DXB-004,Dubai,CUST-07613,P006,Mouse,Accessories,1,97.04,10,97.04,9.7,87.34,Cash,Online
TXN-0000951,2026-08-06,DXB-002,Dubai,CUST-03284,P003,Headphones,Electronics,1,342.74,10,342.74,34.27,308.47,Card,Store
TXN-0000977,2026-08-06,DXB-004,Dubai,CUST-05972,P012,Pen Pack,Stationery,1,15.65,5,15.65,0.78,14.86,Cash,Store
TXN-0001166,2026-08-06,DXB-004,Dubai,CUST-02511,P011,Notebook,Stationery,1,24.97,15,24.97,3.74,21.22,Cash,Store
TXN-0001227,2026-08-06,DXB-001,Dubai,CUST-05765,P002,Smartphone,Electronics,1,1913.48,0,1913.48,0.0,1913.48,Cash,Store
TXN-0001272,2026-08-06,DXB-002,Dubai,CUST-07423,P006,Mouse,Accessories,1,102.3,0,102.3,0.0,102.3,Apple Pay,Store
TXN-0001289,2026-08-06,DXB-003,Dubai,CUST-02453,P013,USB Drive,Accessories,1,43.19,5,43.19,2.16,41.03,Card,Online
TXN-0001359,2026-08-06,DXB-003,Dubai,CUST-03058,P007,Office Chair,Furniture,1,656.37,0,656.37,0.0,656.37,Apple Pay,Store
TXN-0001436,2026-08-06,DXB-003,Dubai,CUST-04089,P009,Backpack,Accessories,2,209.78,15,419.56,62.93,356.63,Bank Transfer,Store
TXN-0001450,2026-08-06,DXB-002,Dubai,CUST-06071,P009,Backpack,Accessories,3,189.43,0,568.3,0.0,568.3,Cash,Online
TXN-0001489,2026-08-06,DXB-002,Dubai,CUST-06046,P010,Printer,Office,1,695.25,15,695.25,104.29,590.97,Card,Store
TXN-0001538,2026-08-06,DXB-002,Dubai,CUST-06389,P014,Power Bank,Electronics,2,166.59,5,333.19,16.66,316.53,Cash,Store
TXN-0001690,2026-08-06,DXB-004,Dubai,CUST-03364,P015,Tablet,Electronics,2,1144.88,0,2289.76,0.0,2289.76,Apple Pay,Store
TXN-0001730,2026-08-06,DXB-001,Dubai,CUST-03730,P004,Monitor,Electronics,1,942.28,0,942.28,0.0,942.28,Bank Transfer,Store
TXN-0001738,2026-08-06,DXB-001,Dubai,CUST-01569,P002,Smartphone,Electronics,1,1839.66,10,1839.66,183.97,1655.7,Card,Online
TXN-0001788,2026-08-06,DXB-002,Dubai,CUST-05078,P005,Keyboard,Accessories,2,171.61,0,343.22,0.0,343.22,Apple Pay,Store
TXN-0001816,2026-08-06,DXB-005,Dubai,CUST-00111,P008,Desk,Furniture,3,730.32,0,2190.96,0.0,2190.96,Apple Pay,Online
TXN-0001827,2026-08-06,DXB-004,Dubai,CUST-01297,P003,Headphones,Electronics,1,343.07,15,343.07,51.46,291.61,Cash,Online
TXN-0001842,2026-08-06,DXB-001,Dubai,CUST-03565,P012,Pen Pack,Stationery,2,15.34,0,30.67,0.0,30.67,Card,Online
TXN-0001855,2026-08-06,DXB-001,Dubai,CUST-03756,P010,Printer,Office,2,736.85,0,1473.69,0.0,1473.69,Card,Online
TXN-0001867,2026-08-06,DXB-002,Dubai,CUST-03544,P013,USB Drive,Accessories,1,46.29,0,46.29,0.0,46.29,Card,Store
TXN-0001880,2026-08-06,DXB-001,Dubai,CUST-06634,P006,Mouse,Accessories,5,103.68,5,518.42,25.92,492.5,Cash,Store
TXN-0002177,2026-08-06,DXB-002,Dubai,CUST-07439,P003,Headphones,Electronics,1,362.94,10,362.94,36.29,326.64,Apple Pay,Store
TXN-0002265,2026-08-06,DXB-004,Dubai,CUST-06502,P009,Backpack,Accessories,1,221.02,5,221.02,11.05,209.97,Cash,Online
TXN-0002266,2026-08-06,DXB-002,Dubai,CUST-02965,P008,Desk,Furniture,2,785.77,0,1571.53,0.0,1571.53,Card,Store
TXN-0002306,2026-08-06,DXB-001,Dubai,CUST-05287,P007,Office Chair,Furniture,3,671.53,15,2014.59,302.19,1712.4,Bank Transfer,Store
TXN-0002321,2026-08-06,DXB-001,Dubai,CUST-04284,P015,Tablet,Electronics,1,1190.86,5,1190.86,59.54,1131.32,Card,Online
TXN-0002340,2026-08-06,DXB-002,Dubai,CUST-04830,P006,Mouse,Accessories,1,105.02,5,105.02,5.25,99.77,Apple Pay,Online
TXN-0002423,2026-08-06,DXB-005,Dubai,CUST-03750,P012,Pen Pack,Stationery,2,13.3,15,26.6,3.99,22.61,Bank Transfer,Store
TXN-0002453,2026-08-06,DXB-003,Dubai,CUST-01759,P012,Pen Pack,Stationery,1,15.27,10,15.27,1.53,13.74,Card,Store
TXN-0002472,2026-08-06,DXB-002,Dubai,CUST-03818,P004,Monitor,Electronics,1,938.84,0,938.84,0.0,938.84,Bank Transfer,Store
TXN-0002475,2026-08-06,DXB-004,Dubai,CUST-02295,P007,Office Chair,Furniture,2,657.3,0,1314.61,0.0,1314.61,Apple Pay,Store
TXN-0002502,2026-08-06,DXB-005,Dubai,CUST-05606,P014,Power Bank,Electronics,2,143.64,5,287.29,14.36,272.92,Apple Pay,Store
TXN-0002504,2026-08-06,DXB-005,Dubai,CUST-01917,P010,Printer,Office,1,732.89,20,732.89,146.58,586.31,Apple Pay,Online
TXN-0002515,2026-08-06,DXB-001,Dubai,CUST-07661,P004,Monitor,Electronics,2,856.1,5,1712.2,85.61,1626.59,Cash,Store
TXN-0002556,2026-08-06,DXB-001,Dubai,CUST-01161,P006,Mouse,Accessories,1,103.4,5,103.4,5.17,98.23,Apple Pay,Online
TXN-0002594,2026-08-06,DXB-003,Dubai,CUST-04071,P002,Smartphone,Electronics,1,1652.1,15,1652.1,247.81,1404.28,Card,Store
TXN-0002615,2026-08-06,DXB-001,Dubai,CUST-01923,P002,Smartphone,Electronics,1,1729.62,5,1729.62,86.48,1643.14,Cash,Store
TXN-0002623,2026-08-06,DXB-002,Dubai,CUST-07477,P009,Backpack,Accessories,1,221.27,10,221.27,22.13,199.14,Card,Store
TXN-0002682,2026-08-06,DXB-003,Dubai,CUST-05472,P008,Desk,Furniture,2,780.41,5,1560.83,78.04,1482.78,Cash,Store
TXN-0002742,2026-08-06,DXB-004,Dubai,CUST-04341,P008,Desk,Furniture,3,831.52,0,2494.56,0.0,2494.56,Card,Store
TXN-0002816,2026-08-06,DXB-002,Dubai,CUST-02803,P002,Smartphone,Electronics,1,1947.64,5,1947.64,97.38,1850.26,Card,Online
TXN-0002946,2026-08-06,DXB-005,Dubai,CUST-05335,P013,USB Drive,Accessories,6,49.71,0,298.24,0.0,298.24,Card,Store
TXN-0002957,2026-08-06,DXB-004,Dubai,CUST-00380,P015,Tablet,Electronics,1,1313.19,15,1313.19,196.98,1116.21,Cash,Store
TXN-0003034,2026-08-06,DXB-002,Dubai,CUST-07077,P010,Printer,Office,4,684.71,20,2738.82,547.76,2191.06,Card,Store
TXN-0003035,2026-08-06,DXB-002,Dubai,CUST-07997,P005,Keyboard,Accessories,3,180.33,10,540.99,54.1,486.89,Card,Store
TXN-0003077,2026-08-06,DXB-003,Dubai,CUST-03247,P007,Office Chair,Furniture,2,627.66,5,1255.31,62.77,1192.55,Card,Store
TXN-0003150,2026-08-06,DXB-005,Dubai,CUST-01440,P001,Laptop,Electronics,1,2652.7,0,2652.7,0.0,2652.7,Bank Transfer,Store
TXN-0003284,2026-08-06,DXB-002,Dubai,CUST-01023,P013,USB Drive,Accessories,1,50.26,15,50.26,7.54,42.72,Card,Store
TXN-0003343,2026-08-06,DXB-002,Dubai,CUST-00563,P013,USB Drive,Accessories,2,47.2,10,94.41,9.44,84.97,Card,Online
TXN-0003353,2026-08-06,DXB-001,Dubai,CUST-03164,P010,Printer,Office,1,715.09,15,715.09,107.26,607.83,Cash,Online
TXN-0003414,2026-08-06,DXB-003,Dubai,CUST-05880,P009,Backpack,Accessories,4,211.26,10,845.03,84.5,760.53,Apple Pay,Store
TXN-0003419,2026-08-06,DXB-005,Dubai,CUST-07411,P001,Laptop,Electronics,1,2908.07,20,2908.07,581.61,2326.46,Card,Store
TXN-0003491,2026-08-06,DXB-004,Dubai,CUST-00853,P015,Tablet,Electronics,6,1272.1,0,7632.62,0.0,7632.62,Cash,Store
TXN-0003497,2026-08-06,DXB-003,Dubai,CUST-01539,P015,Tablet,Electronics,2,1240.84,0,2481.67,0.0,2481.67,Card,Store
TXN-0003672,2026-08-06,DXB-001,Dubai,CUST-04174,P003,Headphones,Electronics,1,368.44,0,368.44,0.0,368.44,Card,Store
TXN-0003687,2026-08-06,DXB-004,Dubai,CUST-01363,P003,Headphones,Electronics,2,342.44,0,684.88,0.0,684.88,Card,Online
TXN-0003727,2026-08-06,DXB-002,Dubai,CUST-00191,P014,Power Bank,Electronics,1,127.56,0,127.56,0.0,127.56,Cash,Store
TXN-0003783,2026-08-06,DXB-002,Dubai,CUST-04049,P008,Desk,Furniture,2,759.41,10,1518.82,151.88,1366.94,Cash,Store
TXN-0003807,2026-08-06,DXB-001,Dubai,CUST-07985,P006,Mouse,Accessories,3,96.8,5,290.41,14.52,275.89,Bank Transfer,Store
TXN-0003853,2026-08-06,DXB-002,Dubai,CUST-03819,P007,Office Chair,Furniture,1,620.77,20,620.77,124.15,496.61,Card,Store
TXN-0003872,2026-08-06,DXB-004,Dubai,CUST-06940,P005,Keyboard,Accessories,1,169.26,0,169.26,0.0,169.26,Card,Store
TXN-0003959,2026-08-06,DXB-003,Dubai,CUST-04268,P013,USB Drive,Accessories,1,44.2,5,44.2,2.21,41.99,Apple Pay,Online
TXN-0003975,2026-08-06,DXB-005,Dubai,CUST-01310,P008,Desk,Furniture,2,781.79,15,1563.59,234.54,1329.05,Card,Online
TXN-0004044,2026-08-06,DXB-005,Dubai,CUST-07999,P008,Desk,Furniture,1,753.93,10,753.93,75.39,678.54,Card,Store
TXN-0004070,2026-08-06,DXB-001,Dubai,CUST-05434,P004,Monitor,Electronics,3,968.87,10,2906.61,290.66,2615.95,Bank Transfer,Online
TXN-0004071,2026-08-06,DXB-001,Dubai,CUST-06535,P011,Notebook,Stationery,1,25.68,5,25.68,1.28,24.4,Cash,Store
TXN-0004107,2026-08-06,DXB-001,Dubai,CUST-05611,P011,Notebook,Stationery,2,25.41,5,50.83,2.54,48.29,Bank Transfer,Online
TXN-0004183,2026-08-06,DXB-001,Dubai,CUST-04483,P005,Keyboard,Accessories,1,171.4,10,171.4,17.14,154.26,Card,Store
TXN-0004238,2026-08-06,DXB-005,Dubai,CUST-05354,P012,Pen Pack,Stationery,1,13.97,0,13.97,0.0,13.97,Cash,Store
TXN-0004294,2026-08-06,DXB-003,Dubai,CUST-07496,P001,Laptop,Electronics,3,2833.3,0,8499.9,0.0,8499.9,Card,Online
TXN-0004300,2026-08-06,DXB-004,Dubai,CUST-02600,P011,Notebook,Stationery,2,22.8,5,45.59,2.28,43.31,Cash,Store
TXN-0004314,2026-08-06,DXB-005,Dubai,CUST-01913,P009,Backpack,Accessories,1,250.18,0,250.18,0.0,250.18,Card,Online
TXN-0004420,2026-08-06,DXB-004,Dubai,CUST-06489,P012,Pen Pack,Stationery,1,15.73,5,15.73,0.79,14.94,Card,Online
TXN-0004461,2026-08-06,DXB-003,Dubai,CUST-02948,P004,Monitor,Electronics,5,864.35,15,4321.75,648.26,3673.49,Card,Store
TXN-0004466,2026-08-06,DXB-001,Dubai,CUST-00525,P006,Mouse,Accessories,1,100.65,0,100.65,0.0,100.65,Card,Online
TXN-0004528,2026-08-06,DXB-005,Dubai,CUST-07589,P010,Printer,Office,4,668.96,0,2675.84,0.0,2675.84,Apple Pay,Store
TXN-0004553,2026-08-06,DXB-001,Dubai,CUST-06810,P005,Keyboard,Accessories,1,190.56,5,190.56,9.53,181.03,Card,Store
TXN-0004572,2026-08-06,DXB-004,Dubai,CUST-07400,P013,USB Drive,Accessories,2,46.94,10,93.89,9.39,84.5,Card,Online
TXN-0004635,2026-08-06,DXB-003,Dubai,CUST-07294,P014,Power Bank,Electronics,1,154.32,0,154.32,0.0,154.32,Cash,Online
TXN-0004671,2026-08-06,DXB-001,Dubai,CUST-07668,P009,Backpack,Accessories,3,241.0,5,723.01,36.15,686.86,Card,Store
TXN-0004727,2026-08-06,DXB-005,Dubai,CUST-01983,P012,Pen Pack,Stationery,3,14.24,5,42.71,2.14,40.57,Cash,Online
TXN-0004763,2026-08-06,DXB-001,Dubai,CUST-05039,P009,Backpack,Accessories,3,221.01,10,663.04,66.3,596.74,Card,Store
TXN-0004779,2026-08-06,DXB-005,Dubai,CUST-00752,P010,Printer,Office,2,657.88,10,1315.77,131.58,1184.19,Card,Store
TXN-0004832,2026-08-06,DXB-004,Dubai,CUST-00809,P008,Desk,Furniture,4,797.56,0,3190.25,0.0,3190.25,Card,Store
TXN-0004843,2026-08-06,DXB-004,Dubai,CUST-04848,P004,Monitor,Electronics,1,838.3,0,838.3,0.0,838.3,Apple Pay,Online
TXN-0004848,2026-08-06,DXB-003,Dubai,CUST-02240,P012,Pen Pack,Stationery,2,15.38,10,30.77,3.08,27.69,Bank Transfer,Store
TXN-0004853,2026-08-06,DXB-004,Dubai,CUST-03259,P012,Pen Pack,Stationery,4,13.79,20,55.16,11.03,44.13,Card,Store
TXN-0004916,2026-08-06,DXB-002,Dubai,CUST-02034,P008,Desk,Furniture,4,758.33,0,3033.32,0.0,3033.32,Card,Store
TXN-0004917,2026-08-06,DXB-003,Dubai,CUST-07305,P003,Headphones,Electronics,1,352.29,5,352.29,17.61,334.68,Bank Transfer,Online
TXN-0004966,2026-08-06,DXB-001,Dubai,CUST-04099,P013,USB Drive,Accessories,1,46.61,5,46.61,2.33,44.28,Apple Pay,Store
TXN-0004978,2026-08-06,DXB-005,Dubai,CUST-06542,P009,Backpack,Accessories,1,209.35,10,209.35,20.93,188.41,Cash,Store
TXN-0005028,2026-08-06,DXB-003,Dubai,CUST-01496,P001,Laptop,Electronics,3,2977.73,0,8933.19,0.0,8933.19,Apple Pay,Store
TXN-0005105,2026-08-06,DXB-001,Dubai,CUST-00720,P014,Power Bank,Electronics,2,161.09,0,322.18,0.0,322.18,Card,Store
TXN-0005136,2026-08-06,DXB-002,Dubai,CUST-01950,P011,Notebook,Stationery,1,27.33,0,27.33,0.0,27.33,Card,Store
TXN-0005211,2026-08-06,DXB-002,Dubai,CUST-05427,P001,Laptop,Electronics,3,2850.88,5,8552.63,427.63,8125.0,Apple Pay,Store
TXN-0005318,2026-08-06,DXB-002,Dubai,CUST-03835,P003,Headphones,Electronics,1,374.8,5,374.8,18.74,356.06,Cash,Store
TXN-0005479,2026-08-06,DXB-003,Dubai,CUST-06540,P004,Monitor,Electronics,1,884.47,0,884.47,0.0,884.47,Apple Pay,Store
TXN-0005482,2026-08-06,DXB-003,Dubai,CUST-01545,P006,Mouse,Accessories,2,101.23,5,202.47,10.12,192.34,Card,Store
TXN-0005507,2026-08-06,DXB-005,Dubai,CUST-03803,P001,Laptop,Electronics,2,2990.16,10,5980.33,598.03,5382.29,Card,Store
TXN-0005526,2026-08-06,DXB-005,Dubai,CUST-06024,P006,Mouse,Accessories,1,103.81,5,103.81,5.19,98.62,Card,Store
TXN-0005557,2026-08-06,DXB-005,Dubai,CUST-07617,P003,Headphones,Electronics,1,332.1,0,332.1,0.0,332.1,Card,Online
TXN-0005564,2026-08-06,DXB-002,Dubai,CUST-04745,P009,Backpack,Accessories,3,220.95,0,662.85,0.0,662.85,Apple Pay,Store
TXN-0005639,2026-08-06,DXB-002,Dubai,CUST-07405,P004,Monitor,Electronics,3,950.45,15,2851.34,427.7,2423.64,Apple Pay,Online
TXN-0005728,2026-08-06,DXB-004,Dubai,CUST-02607,P008,Desk,Furniture,2,792.75,0,1585.51,0.0,1585.51,Card,Store
TXN-0005764,2026-08-06,DXB-004,Dubai,CUST-07087,P009,Backpack,Accessories,2,206.46,10,412.92,41.29,371.63,Card,Store
TXN-0005778,2026-08-06,DXB-001,Dubai,CUST-02569,P015,Tablet,Electronics,1,1283.87,20,1283.87,256.77,1027.09,Card,Online
TXN-0005903,2026-08-06,DXB-004,Dubai,CUST-02949,P005,Keyboard,Accessories,2,174.28,15,348.57,52.28,296.28,Card,Store
TXN-0005926,2026-08-06,DXB-001,Dubai,CUST-03690,P005,Keyboard,Accessories,1,189.27,0,189.27,0.0,189.27,Card,Store
TXN-0005966,2026-08-06,DXB-002,Dubai,CUST-02385,P014,Power Bank,Electronics,3,152.95,10,458.86,45.89,412.97,Card,Store
TXN-0006000,2026-08-06,DXB-002,Dubai,CUST-05163,P003,Headphones,Electronics,3,363.41,10,1090.22,109.02,981.2,Card,Store
TXN-0006016,2026-08-06,DXB-005,Dubai,CUST-02794,P011,Notebook,Stationery,1,24.01,20,24.01,4.8,19.21,Card,Store
TXN-0006104,2026-08-06,DXB-002,Dubai,CUST-01942,P015,Tablet,Electronics,1,1209.18,5,1209.18,60.46,1148.72,Apple Pay,Store
TXN-0006149,2026-08-06,DXB-002,Dubai,CUST-01212,P015,Tablet,Electronics,1,1236.09,5,1236.09,61.8,1174.29,Card,Online
TXN-0006266,2026-08-06,DXB-003,Dubai,CUST-04342,P010,Printer,Office,1,778.1,0,778.1,0.0,778.1,Card,Store
TXN-0006334,2026-08-06,DXB-004,Dubai,CUST-02578,P002,Smartphone,Electronics,2,1617.14,10,3234.27,323.43,2910.85,Apple Pay,Store
TXN-0006396,2026-08-06,DXB-001,Dubai,CUST-07759,P001,Laptop,Electronics,2,2515.75,5,5031.51,251.58,4779.93,Apple Pay,Store
TXN-0006418,2026-08-06,DXB-001,Dubai,CUST-06826,P009,Backpack,Accessories,2,204.33,15,408.65,61.3,347.35,Card,Store
TXN-0006420,2026-08-06,DXB-002,Dubai,CUST-06456,P008,Desk,Furniture,3,834.27,5,2502.82,125.14,2377.68,Card,Store
TXN-0006468,2026-08-06,DXB-001,Dubai,CUST-07724,P004,Monitor,Electronics,2,779.9,0,1559.79,0.0,1559.79,Card,Online
TXN-0006514,2026-08-06,DXB-003,Dubai,CUST-01382,P007,Office Chair,Furniture,1,630.58,5,630.58,31.53,599.05,Cash,Store
TXN-0006560,2026-08-06,DXB-001,Dubai,CUST-02638,P007,Office Chair,Furniture,1,683.78,0,683.78,0.0,683.78,Card,Online
TXN-0006567,2026-08-06,DXB-003,Dubai,CUST-03026,P012,Pen Pack,Stationery,1,14.47,5,14.47,0.72,13.75,Card,Store
TXN-0006568,2026-08-06,DXB-005,Dubai,CUST-07707,P003,Headphones,Electronics,1,355.21,10,355.21,35.52,319.69,Card,Store
TXN-0006636,2026-08-06,DXB-005,Dubai,CUST-05697,P015,Tablet,Electronics,4,1281.02,10,5124.09,512.41,4611.68,Apple Pay,Store
TXN-0006637,2026-08-06,DXB-004,Dubai,CUST-01649,P002,Smartphone,Electronics,2,1878.01,0,3756.02,0.0,3756.02,Cash,Online
TXN-0006688,2026-08-06,DXB-005,Dubai,CUST-05706,P011,Notebook,Stationery,6,25.03,5,150.15,7.51,142.65,Card,Store
TXN-0006796,2026-08-06,DXB-005,Dubai,CUST-06351,P012,Pen Pack,Stationery,1,15.69,5,15.69,0.78,14.9,Cash,Store
TXN-0006820,2026-08-06,DXB-005,Dubai,CUST-05512,P011,Notebook,Stationery,1,23.7,0,23.7,0.0,23.7,Card,Store
TXN-0006847,2026-08-06,DXB-004,Dubai,CUST-07156,P013,USB Drive,Accessories,2,44.66,5,89.32,4.47,84.86,Cash,Store
TXN-0006889,2026-08-06,DXB-003,Dubai,CUST-06778,P011,Notebook,Stationery,1,24.69,10,24.69,2.47,22.22,Apple Pay,Store
TXN-0007046,2026-08-06,DXB-002,Dubai,CUST-07126,P004,Monitor,Electronics,1,894.53,20,894.53,178.91,715.63,Apple Pay,Online
TXN-0007054,2026-08-06,DXB-001,Dubai,CUST-06817,P009,Backpack,Accessories,1,248.47,10,248.47,24.85,223.62,Card,Store
TXN-0007262,2026-08-06,DXB-001,Dubai,CUST-07765,P003,Headphones,Electronics,1,338.85,5,338.85,16.94,321.91,Apple Pay,Online
TXN-0007339,2026-08-06,DXB-001,Dubai,CUST-04667,P010,Printer,Office,2,683.62,0,1367.25,0.0,1367.25,Apple Pay,Store
TXN-0007372,2026-08-06,DXB-001,Dubai,CUST-04396,P012,Pen Pack,Stationery,1,14.65,0,14.65,0.0,14.65,Cash,Online
TXN-0007459,2026-08-06,DXB-001,Dubai,CUST-05779,P008,Desk,Furniture,1,856.26,10,856.26,85.63,770.63,Cash,Store
TXN-0007559,2026-08-06,DXB-004,Dubai,CUST-03686,P006,Mouse,Accessories,4,109.62,0,438.49,0.0,438.49,Card,Store
TXN-0007589,2026-08-06,DXB-001,Dubai,CUST-05035,P014,Power Bank,Electronics,2,141.76,10,283.52,28.35,255.17,Card,Store
TXN-0007645,2026-08-06,DXB-004,Dubai,CUST-04468,P007,Office Chair,Furniture,3,689.16,0,2067.49,0.0,2067.49,Card,Store
TXN-0007809,2026-08-06,DXB-003,Dubai,CUST-00774,P009,Backpack,Accessories,1,214.93,0,214.93,0.0,214.93,Cash,Store
TXN-0007813,2026-08-06,DXB-002,Dubai,CUST-05100,P014,Power Bank,Electronics,4,163.6,15,654.4,98.16,556.24,Bank Transfer,Store
TXN-0007857,2026-08-06,DXB-001,Dubai,CUST-06669,P007,Office Chair,Furniture,1,714.58,10,714.58,71.46,643.13,Cash,Store
TXN-0007859,2026-08-06,DXB-001,Dubai,CUST-06228,P014,Power Bank,Electronics,1,144.92,5,144.92,7.25,137.68,Card,Online
TXN-0007880,2026-08-06,DXB-004,Dubai,CUST-06513,P015,Tablet,Electronics,2,1264.92,10,2529.84,252.98,2276.86,Card,Online
TXN-0007918,2026-08-06,DXB-001,Dubai,CUST-04106,P011,Notebook,Stationery,2,23.66,10,47.31,4.73,42.58,Bank Transfer,Store
TXN-0007994,2026-08-06,DXB-003,Dubai,CUST-01536,P003,Headphones,Electronics,1,344.54,10,344.54,34.45,310.08,Bank Transfer,Store
TXN-0008149,2026-08-06,DXB-005,Dubai,CUST-01315,P014,Power Bank,Electronics,2,141.7,0,283.4,0.0,283.4,Cash,Store
TXN-0008167,2026-08-06,DXB-001,Dubai,CUST-07879,P012,Pen Pack,Stationery,1,14.1,20,14.1,2.82,11.28,Card,Store
TXN-0008182,2026-08-06,DXB-002,Dubai,CUST-06293,P013,USB Drive,Accessories,3,48.51,10,145.54,14.55,130.98,Card,Store
TXN-0008212,2026-08-06,DXB-001,Dubai,CUST-07568,P002,Smartphone,Electronics,2,1891.02,5,3782.05,189.1,3592.95,Apple Pay,Store
TXN-0008295,2026-08-06,DXB-001,Dubai,CUST-06890,P002,Smartphone,Electronics,3,1845.68,0,5537.04,0.0,5537.04,Card,Store
TXN-0008374,2026-08-06,DXB-005,Dubai,CUST-02621,P010,Printer,Office,2,705.42,5,1410.85,70.54,1340.31,Cash,Store
TXN-0008395,2026-08-06,DXB-001,Dubai,CUST-06752,P014,Power Bank,Electronics,1,133.05,0,133.05,0.0,133.05,Apple Pay,Store
TXN-0008400,2026-08-06,DXB-002,Dubai,CUST-00985,P009,Backpack,Accessories,2,209.98,15,419.96,62.99,356.96,Card,Online
TXN-0008406,2026-08-06,DXB-004,Dubai,CUST-06301,P014,Power Bank,Electronics,1,143.63,10,143.63,14.36,129.27,Cash,Online
TXN-0008407,2026-08-06,DXB-002,Dubai,CUST-06307,P009,Backpack,Accessories,5,195.03,10,975.15,97.52,877.64,Bank Transfer,Store
TXN-0008549,2026-08-06,DXB-005,Dubai,CUST-07330,P003,Headphones,Electronics,1,320.26,0,320.26,0.0,320.26,Card,Store
TXN-0008662,2026-08-06,DXB-001,Dubai,CUST-05047,P006,Mouse,Accessories,5,104.96,5,524.82,26.24,498.58,Card,Store
TXN-0008769,2026-08-06,DXB-001,Dubai,CUST-03825,P004,Monitor,Electronics,1,842.64,15,842.64,126.4,716.24,Apple Pay,Store
TXN-0008867,2026-08-06,DXB-005,Dubai,CUST-03731,P013,USB Drive,Accessories,1,43.93,0,43.93,0.0,43.93,Card,Store
TXN-0008890,2026-08-06,DXB-003,Dubai,CUST-04482,P002,Smartphone,Electronics,1,1852.57,5,1852.57,92.63,1759.94,Cash,Online
TXN-0008941,2026-08-06,DXB-004,Dubai,CUST-05814,P009,Backpack,Accessories,2,216.21,20,432.41,86.48,345.93,Apple Pay,Online
TXN-0008988,2026-08-06,DXB-003,Dubai,CUST-01098,P001,Laptop,Electronics,5,2663.72,5,13318.61,665.93,12652.68,Cash,Online
TXN-0009079,2026-08-06,DXB-001,Dubai,CUST-01223,P002,Smartphone,Electronics,2,1773.1,0,3546.21,0.0,3546.21,Cash,Store
TXN-0009129,2026-08-06,DXB-004,Dubai,CUST-07034,P001,Laptop,Electronics,2,3020.6,5,6041.2,302.06,5739.14,Card,Online
TXN-0009218,2026-08-06,DXB-005,Dubai,CUST-00546,P006,Mouse,Accessories,1,98.33,5,98.33,4.92,93.41,Card,Store
TXN-0009219,2026-08-06,DXB-001,Dubai,CUST-06007,P001,Laptop,Electronics,3,2479.52,0,7438.57,0.0,7438.57,Card,Online
TXN-0009250,2026-08-06,DXB-005,Dubai,CUST-02874,P005,Keyboard,Accessories,3,183.56,15,550.69,82.6,468.09,Card,Store
TXN-0009315,2026-08-06,DXB-001,Dubai,CUST-03055,P003,Headphones,Electronics,1,319.69,15,319.69,47.95,271.74,Apple Pay,Online
TXN-0009316,2026-08-06,DXB-002,Dubai,CUST-04727,P012,Pen Pack,Stationery,1,15.81,0,15.81,0.0,15.81,Apple Pay,Store
TXN-0009331,2026-08-06,DXB-003,Dubai,CUST-06164,P001,Laptop,Electronics,1,2630.31,5,2630.31,131.52,2498.8,Apple Pay,Store
TXN-0009500,2026-08-06,DXB-003,Dubai,CUST-00009,P004,Monitor,Electronics,3,821.66,0,2464.97,0.0,2464.97,Card,Online
TXN-0009663,2026-08-06,DXB-004,Dubai,CUST-01052,P002,Smartphone,Electronics,1,1882.32,0,1882.32,0.0,1882.32,Card,Store
TXN-0009774,2026-08-06,DXB-001,Dubai,CUST-01139,P004,Monitor,Electronics,6,915.72,20,5494.33,1098.87,4395.46,Apple Pay,Store
TXN-0009775,2026-08-06,DXB-004,Dubai,CUST-07598,P004,Monitor,Electronics,1,894.24,5,894.24,44.71,849.52,Bank Transfer,Store
TXN-0009839,2026-08-06,DXB-004,Dubai,CUST-06995,P003,Headphones,Electronics,1,315.05,0,315.05,0.0,315.05,Apple Pay,Store
TXN-0009961,2026-08-06,DXB-003,Dubai,CUST-01098,P008,Desk,Furniture,1,839.46,0,839.46,0.0,839.46,Card,Online
TXN-0009980,2026-08-06,DXB-001,Dubai,CUST-00483,P007,Office Chair,Furniture,1,647.2,0,647.2,0.0,647.2,Card,Online
TXN-0010061,2026-08-06,DXB-004,Dubai,CUST-00120,P015,Tablet,Electronics,4,1161.02,0,4644.07,0.0,4644.07,Cash,Store
TXN-0010157,2026-08-06,DXB-003,Dubai,CUST-02979,P014,Power Bank,Electronics,1,153.27,20,153.27,30.65,122.61,Card,Store
TXN-0010245,2026-08-06,DXB-004,Dubai,CUST-04171,P003,Headphones,Electronics,2,340.8,10,681.6,68.16,613.44,Card,Store
TXN-0010309,2026-08-06,DXB-005,Dubai,CUST-06031,P004,Monitor,Electronics,2,946.76,10,1893.52,189.35,1704.17,Card,Store
TXN-0010391,2026-08-06,DXB-005,Dubai,CUST-06299,P014,Power Bank,Electronics,1,141.54,5,141.54,7.08,134.47,Cash,Online
TXN-0010442,2026-08-06,DXB-001,Dubai,CUST-00426,P005,Keyboard,Accessories,4,158.67,15,634.7,95.2,539.49,Card,Store
TXN-0010446,2026-08-06,DXB-004,Dubai,CUST-05586,P002,Smartphone,Electronics,1,1901.17,15,1901.17,285.18,1615.99,Card,Online
TXN-0010448,2026-08-06,DXB-001,Dubai,CUST-03350,P013,USB Drive,Accessories,2,42.58,5,85.16,4.26,80.9,Card,Store
TXN-0010476,2026-08-06,DXB-004,Dubai,CUST-03285,P010,Printer,Office,4,710.25,10,2841.01,284.1,2556.91,Apple Pay,Store
TXN-0010485,2026-08-06,DXB-001,Dubai,CUST-07366,P011,Notebook,Stationery,1,23.74,5,23.74,1.19,22.56,Card,Store
TXN-0010498,2026-08-06,DXB-003,Dubai,CUST-07310,P015,Tablet,Electronics,2,1158.07,10,2316.13,231.61,2084.52,Card,Store
TXN-0010799,2026-08-06,DXB-005,Dubai,CUST-06921,P011,Notebook,Stationery,3,26.55,5,79.64,3.98,75.65,Card,Store
TXN-0010823,2026-08-06,DXB-004,Dubai,CUST-01780,P008,Desk,Furniture,1,885.8,10,885.8,88.58,797.22,Card,Online
TXN-0010924,2026-08-06,DXB-003,Dubai,CUST-07413,P004,Monitor,Electronics,1,904.77,5,904.77,45.24,859.54,Card,Store
TXN-0010926,2026-08-06,DXB-001,Dubai,CUST-03333,P005,Keyboard,Accessories,3,168.24,5,504.71,25.24,479.47,Cash,Store
TXN-0010940,2026-08-06,DXB-004,Dubai,CUST-07111,P003,Headphones,Electronics,1,334.27,0,334.27,0.0,334.27,Card,Online
TXN-0010955,2026-08-06,DXB-005,Dubai,CUST-02764,P002,Smartphone,Electronics,1,1828.33,10,1828.33,182.83,1645.5,Cash,Store
TXN-0011022,2026-08-06,DXB-001,Dubai,CUST-06945,P003,Headphones,Electronics,1,350.01,0,350.01,0.0,350.01,Card,Store
TXN-0011030,2026-08-06,DXB-003,Dubai,CUST-02586,P003,Headphones,Electronics,2,322.68,5,645.37,32.27,613.1,Card,Store
TXN-0011126,2026-08-06,DXB-001,Dubai,CUST-07792,P002,Smartphone,Electronics,1,1927.69,15,1927.69,289.15,1638.54,Bank Transfer,Store
TXN-0011153,2026-08-06,DXB-003,Dubai,CUST-03069,P012,Pen Pack,Stationery,1,15.01,0,15.01,0.0,15.01,Bank Transfer,Store
TXN-0011275,2026-08-06,DXB-005,Dubai,CUST-00493,P010,Printer,Office,2,740.12,10,1480.25,148.02,1332.22,Card,Store
TXN-0011379,2026-08-06,DXB-003,Dubai,CUST-07380,P009,Backpack,Accessories,2,239.56,0,479.12,0.0,479.12,Card,Online
TXN-0011384,2026-08-06,DXB-001,Dubai,CUST-03542,P014,Power Bank,Electronics,3,149.68,5,449.05,22.45,426.59,Card,Online
TXN-0011404,2026-08-06,DXB-001,Dubai,CUST-00500,P005,Keyboard,Accessories,1,180.74,10,180.74,18.07,162.67,Cash,Store
TXN-0011430,2026-08-06,DXB-002,Dubai,CUST-00087,P010,Printer,Office,1,781.64,10,781.64,78.16,703.47,Cash,Online
TXN-0011438,2026-08-06,DXB-004,Dubai,CUST-07353,P005,Keyboard,Accessories,3,180.07,10,540.22,54.02,486.2,Card,Online
TXN-0011440,2026-08-06,DXB-002,Dubai,CUST-00732,P003,Headphones,Electronics,1,327.51,10,327.51,32.75,294.76,Bank Transfer,Online
TXN-0011591,2026-08-06,DXB-005,Dubai,CUST-00586,P004,Monitor,Electronics,2,806.51,5,1613.03,80.65,1532.38,Card,Online
TXN-0011672,2026-08-06,DXB-005,Dubai,CUST-03410,P014,Power Bank,Electronics,1,136.46,5,136.46,6.82,129.63,Cash,Store
TXN-0011691,2026-08-06,DXB-001,Dubai,CUST-05560,P009,Backpack,Accessories,1,252.33,10,252.33,25.23,227.09,Bank Transfer,Store
TXN-0011698,2026-08-06,DXB-003,Dubai,CUST-06138,P015,Tablet,Electronics,1,1185.83,15,1185.83,177.87,1007.95,Card,Store
TXN-0011705,2026-08-06,DXB-002,Dubai,CUST-02814,P009,Backpack,Accessories,2,200.67,5,401.34,20.07,381.27,Bank Transfer,Store
TXN-0011824,2026-08-06,DXB-005,Dubai,CUST-02016,P006,Mouse,Accessories,1,93.3,0,93.3,0.0,93.3,Apple Pay,Online
TXN-0011869,2026-08-06,DXB-002,Dubai,CUST-02097,P006,Mouse,Accessories,1,99.59,5,99.59,4.98,94.61,Cash,Store
TXN-0011982,2026-08-06,DXB-001,Dubai,CUST-02321,P001,Laptop,Electronics,1,2924.13,5,2924.13,146.21,2777.92,Cash,Online
TXN-0012019,2026-08-06,DXB-005,Dubai,CUST-07378,P008,Desk,Furniture,1,746.82,5,746.82,37.34,709.48,Card,Store
TXN-0012051,2026-08-06,DXB-001,Dubai,CUST-06381,P003,Headphones,Electronics,1,361.91,20,361.91,72.38,289.53,Apple Pay,Store
TXN-0012096,2026-08-06,DXB-002,Dubai,CUST-02929,P006,Mouse,Accessories,5,96.13,0,480.67,0.0,480.67,Apple Pay,Store
TXN-0012119,2026-08-06,DXB-002,Dubai,CUST-00472,P005,Keyboard,Accessories,3,182.32,15,546.96,82.04,464.91,Card,Store
TXN-0012149,2026-08-06,DXB-004,Dubai,CUST-06675,P002,Smartphone,Electronics,5,1921.59,0,9607.93,0.0,9607.93,Card,Online
TXN-0012159,2026-08-06,DXB-002,Dubai,CUST-03207,P003,Headphones,Electronics,1,359.87,10,359.87,35.99,323.88,Card,Store
TXN-0012170,2026-08-06,DXB-004,Dubai,CUST-00861,P010,Printer,Office,3,708.24,0,2124.72,0.0,2124.72,Card,Store
TXN-0012175,2026-08-06,DXB-004,Dubai,CUST-04237,P014,Power Bank,Electronics,1,157.54,5,157.54,7.88,149.66,Cash,Store
TXN-0012261,2026-08-06,DXB-002,Dubai,CUST-02512,P012,Pen Pack,Stationery,6,14.74,0,88.47,0.0,88.47,Cash,Online
TXN-0012286,2026-08-06,DXB-002,Dubai,CUST-01191,P012,Pen Pack,Stationery,2,12.5,5,24.99,1.25,23.75,Card,Store
TXN-0012312,2026-08-06,DXB-005,Dubai,CUST-00141,P015,Tablet,Electronics,2,1195.37,10,2390.75,239.07,2151.67,Apple Pay,Store
TXN-0012391,2026-08-06,DXB-005,Dubai,CUST-01504,P010,Printer,Office,4,648.84,0,2595.36,0.0,2595.36,Bank Transfer,Store
TXN-0012471,2026-08-06,DXB-005,Dubai,CUST-07410,P012,Pen Pack,Stationery,1,14.87,10,14.87,1.49,13.38,Apple Pay,Store
TXN-0012516,2026-08-06,DXB-002,Dubai,CUST-03484,P007,Office Chair,Furniture,1,627.63,5,627.63,31.38,596.25,Bank Transfer,Online
TXN-0012521,2026-08-06,DXB-002,Dubai,CUST-01027,P015,Tablet,Electronics,2,1113.62,10,2227.24,222.72,2004.51,Apple Pay,Store
TXN-0012648,2026-08-06,DXB-003,Dubai,CUST-01616,P001,Laptop,Electronics,1,2825.62,0,2825.62,0.0,2825.62,Card,Store
TXN-0012685,2026-08-06,DXB-003,Dubai,CUST-00204,P005,Keyboard,Accessories,2,180.41,0,360.82,0.0,360.82,Bank Transfer,Store
TXN-0012705,2026-08-06,DXB-004,Dubai,CUST-00549,P005,Keyboard,Accessories,1,161.55,0,161.55,0.0,161.55,Apple Pay,Store
TXN-0012717,2026-08-06,DXB-003,Dubai,CUST-04835,P009,Backpack,Accessories,1,220.71,5,220.71,11.04,209.67,Card,Store
TXN-0012805,2026-08-06,DXB-003,Dubai,CUST-00097,P014,Power Bank,Electronics,2,152.65,10,305.31,30.53,274.78,Card,Store
TXN-0012833,2026-08-06,DXB-001,Dubai,CUST-05654,P007,Office Chair,Furniture,2,633.67,5,1267.34,63.37,1203.97,Card,Store
TXN-0012866,2026-08-06,DXB-003,Dubai,CUST-05224,P002,Smartphone,Electronics,2,1925.15,5,3850.3,192.52,3657.79,Card,Online
TXN-0012915,2026-08-06,DXB-002,Dubai,CUST-00720,P007,Office Chair,Furniture,1,647.3,10,647.3,64.73,582.57,Apple Pay,Store
TXN-0012963,2026-08-06,DXB-002,Dubai,CUST-02674,P004,Monitor,Electronics,2,1024.24,15,2048.48,307.27,1741.21,Card,Store
TXN-0013049,2026-08-06,DXB-004,Dubai,CUST-04819,P010,Printer,Office,2,667.29,10,1334.58,133.46,1201.13,Card,Online
TXN-0013125,2026-08-06,DXB-001,Dubai,CUST-04349,P011,Notebook,Stationery,1,21.64,10,21.64,2.16,19.48,Apple Pay,Store
TXN-0013198,2026-08-06,DXB-002,Dubai,CUST-05271,P009,Backpack,Accessories,1,213.75,5,213.75,10.69,203.06,Card,Store
TXN-0013212,2026-08-06,DXB-002,Dubai,CUST-03476,P010,Printer,Office,2,729.1,5,1458.19,72.91,1385.28,Cash,Store
TXN-0013215,2026-08-06,DXB-003,Dubai,CUST-06424,P012,Pen Pack,Stationery,2,15.04,15,30.07,4.51,25.56,Bank Transfer,Online
TXN-0013218,2026-08-06,DXB-002,Dubai,CUST-04155,P008,Desk,Furniture,5,771.28,20,3856.42,771.28,3085.13,Bank Transfer,Online
TXN-0013291,2026-08-06,DXB-004,Dubai,CUST-02797,P007,Office Chair,Furniture,3,666.8,10,2000.39,200.04,1800.35,Bank Transfer,Store
TXN-0013292,2026-08-06,DXB-002,Dubai,CUST-04838,P010,Printer,Office,3,712.08,0,2136.24,0.0,2136.24,Card,Store
TXN-0013359,2026-08-06,DXB-002,Dubai,CUST-00361,P009,Backpack,Accessories,1,243.86,10,243.86,24.39,219.47,Apple Pay,Online
TXN-0013470,2026-08-06,DXB-004,Dubai,CUST-03255,P013,USB Drive,Accessories,2,44.26,10,88.52,8.85,79.67,Bank Transfer,Online
TXN-0013490,2026-08-06,DXB-003,Dubai,CUST-05577,P009,Backpack,Accessories,1,188.58,15,188.58,28.29,160.29,Apple Pay,Store
TXN-0013492,2026-08-06,DXB-005,Dubai,CUST-05004,P010,Printer,Office,4,692.53,0,2770.11,0.0,2770.11,Card,Store
TXN-0013573,2026-08-06,DXB-002,Dubai,CUST-03001,P004,Monitor,Electronics,2,843.72,10,1687.45,168.74,1518.7,Card,Store
TXN-0013627,2026-08-06,DXB-003,Dubai,CUST-00875,P004,Monitor,Electronics,1,902.73,5,902.73,45.14,857.6,Cash,Store
TXN-0013628,2026-08-06,DXB-003,Dubai,CUST-06634,P008,Desk,Furniture,1,751.27,5,751.27,37.56,713.71,Apple Pay,Online
TXN-0013685,2026-08-06,DXB-002,Dubai,CUST-01930,P003,Headphones,Electronics,1,352.01,5,352.01,17.6,334.41,Card,Store
TXN-0013760,2026-08-06,DXB-005,Dubai,CUST-00440,P012,Pen Pack,Stationery,1,15.91,10,15.91,1.59,14.31,Card,Store
TXN-0013767,2026-08-06,DXB-001,Dubai,CUST-02201,P013,USB Drive,Accessories,2,48.25,5,96.5,4.83,91.68,Card,Store
TXN-0013791,2026-08-06,DXB-002,Dubai,CUST-02264,P010,Printer,Office,1,718.62,15,718.62,107.79,610.83,Cash,Store
TXN-0013857,2026-08-06,DXB-003,Dubai,CUST-04864,P010,Printer,Office,2,733.42,15,1466.83,220.02,1246.81,Card,Online
TXN-0013930,2026-08-06,DXB-001,Dubai,CUST-05859,P015,Tablet,Electronics,1,1200.67,0,1200.67,0.0,1200.67,Card,Store
TXN-0014050,2026-08-06,DXB-004,Dubai,CUST-00128,P009,Backpack,Accessories,1,240.62,0,240.62,0.0,240.62,Card,Online
TXN-0014074,2026-08-06,DXB-005,Dubai,CUST-05979,P009,Backpack,Accessories,3,202.09,10,606.26,60.63,545.63,Bank Transfer,Online
TXN-0014089,2026-08-06,DXB-005,Dubai,CUST-02225,P007,Office Chair,Furniture,2,695.81,10,1391.63,139.16,1252.46,Card,Store
TXN-0014288,2026-08-06,DXB-002,Dubai,CUST-00616,P012,Pen Pack,Stationery,2,15.51,10,31.02,3.1,27.92,Apple Pay,Online
TXN-0014452,2026-08-06,DXB-001,Dubai,CUST-02468,P006,Mouse,Accessories,1,101.57,5,101.57,5.08,96.49,Apple Pay,Store
TXN-0014463,2026-08-06,DXB-001,Dubai,CUST-04143,P013,USB Drive,Accessories,2,42.6,5,85.2,4.26,80.94,Card,Online
TXN-0014483,2026-08-06,DXB-005,Dubai,CUST-00069,P010,Printer,Office,1,769.54,15,769.54,115.43,654.11,Apple Pay,Store
TXN-0014826,2026-08-06,DXB-001,Dubai,CUST-02086,P009,Backpack,Accessories,1,217.04,0,217.04,0.0,217.04,Apple Pay,Store
TXN-0014840,2026-08-06,DXB-002,Dubai,CUST-05719,P011,Notebook,Stationery,1,26.4,10,26.4,2.64,23.76,Card,Store
TXN-0014842,2026-08-06,DXB-004,Dubai,CUST-05505,P015,Tablet,Electronics,2,1197.42,10,2394.85,239.48,2155.36,Cash,Store
TXN-0014877,2026-08-06,DXB-005,Dubai,CUST-07009,P015,Tablet,Electronics,2,1262.09,0,2524.18,0.0,2524.18,Card,Store
TXN-0014907,2026-08-06,DXB-004,Dubai,CUST-03729,P013,USB Drive,Accessories,1,42.99,10,42.99,4.3,38.69,Cash,Store
TXN-0014988,2026-08-06,DXB-003,Dubai,CUST-00935,P004,Monitor,Electronics,3,943.04,5,2829.12,141.46,2687.67,Card,Store
TXN-0015062,2026-08-06,DXB-004,Dubai,CUST-06945,P010,Printer,Office,2,667.24,15,1334.48,200.17,1134.31,Card,Online
TXN-0015077,2026-08-06,DXB-001,Dubai,CUST-07164,P002,Smartphone,Electronics,1,1906.26,5,1906.26,95.31,1810.95,Bank Transfer,Store
TXN-0015203,2026-08-06,DXB-001,Dubai,CUST-05224,P008,Desk,Furniture,1,773.63,0,773.63,0.0,773.63,Card,Store
TXN-0015225,2026-08-06,DXB-001,Dubai,CUST-05720,P013,USB Drive,Accessories,1,40.39,0,40.39,0.0,40.39,Bank Transfer,Online
TXN-0015246,2026-08-06,DXB-002,Dubai,CUST-05391,P013,USB Drive,Accessories,1,45.77,0,45.77,0.0,45.77,Cash,Store
TXN-0015544,2026-08-06,DXB-004,Dubai,CUST-04751,P001,Laptop,Electronics,2,2419.07,5,4838.14,241.91,4596.23,Card,Store
TXN-0015599,2026-08-06,DXB-001,Dubai,CUST-01870,P011,Notebook,Stationery,2,25.81,5,51.61,2.58,49.03,Bank Transfer,Online
TXN-0015609,2026-08-06,DXB-003,Dubai,CUST-07692,P009,Backpack,Accessories,1,213.52,15,213.52,32.03,181.49,Card,Store
TXN-0015690,2026-08-06,DXB-004,Dubai,CUST-00535,P012,Pen Pack,Stationery,1,13.78,0,13.78,0.0,13.78,Apple Pay,Store
TXN-0015765,2026-08-06,DXB-004,Dubai,CUST-05620,P001,Laptop,Electronics,2,2842.47,10,5684.95,568.49,5116.45,Apple Pay,Online
TXN-0015786,2026-08-06,DXB-002,Dubai,CUST-03334,P001,Laptop,Electronics,3,2615.35,10,7846.05,784.6,7061.44,Bank Transfer,Store
TXN-0015918,2026-08-06,DXB-003,Dubai,CUST-01417,P015,Tablet,Electronics,1,1320.98,5,1320.98,66.05,1254.93,Card,Store
TXN-0015986,2026-08-06,DXB-004,Dubai,CUST-00040,P009,Backpack,Accessories,3,228.0,10,684.0,68.4,615.6,Cash,Online
TXN-0016027,2026-08-06,DXB-003,Dubai,CUST-07263,P004,Monitor,Electronics,1,893.03,5,893.03,44.65,848.38,Card,Store
TXN-0016047,2026-08-06,DXB-001,Dubai,CUST-01818,P012,Pen Pack,Stationery,6,15.37,10,92.2,9.22,82.98,Bank Transfer,Store
TXN-0016121,2026-08-06,DXB-004,Dubai,CUST-01715,P012,Pen Pack,Stationery,4,15.69,5,62.74,3.14,59.61,Card,Store
TXN-0016151,2026-08-06,DXB-003,Dubai,CUST-04515,P004,Monitor,Electronics,1,952.21,20,952.21,190.44,761.77,Card,Store
TXN-0016180,2026-08-06,DXB-002,Dubai,CUST-02649,P011,Notebook,Stationery,1,25.41,5,25.41,1.27,24.14,Card,Store
TXN-0016185,2026-08-06,DXB-005,Dubai,CUST-07454,P005,Keyboard,Accessories,2,172.17,10,344.33,34.43,309.9,Apple Pay,Store
TXN-0016300,2026-08-06,DXB-001,Dubai,CUST-04632,P006,Mouse,Accessories,5,91.32,5,456.6,22.83,433.77,Card,Store
TXN-0016447,2026-08-06,DXB-001,Dubai,CUST-07317,P002,Smartphone,Electronics,2,1938.66,10,3877.31,387.73,3489.58,Card,Store
TXN-0016472,2026-08-06,DXB-003,Dubai,CUST-03096,P015,Tablet,Electronics,2,1249.43,0,2498.86,0.0,2498.86,Card,Store
TXN-0016567,2026-08-06,DXB-004,Dubai,CUST-03659,P007,Office Chair,Furniture,6,669.35,10,4016.12,401.61,3614.51,Apple Pay,Store
TXN-0016570,2026-08-06,DXB-001,Dubai,CUST-04270,P002,Smartphone,Electronics,2,1725.48,5,3450.96,172.55,3278.41,Cash,Online
TXN-0016585,2026-08-06,DXB-001,Dubai,CUST-07586,P004,Monitor,Electronics,1,943.92,0,943.92,0.0,943.92,Apple Pay,Store
TXN-0016599,2026-08-06,DXB-004,Dubai,CUST-00587,P008,Desk,Furniture,1,802.68,10,802.68,80.27,722.41,Card,Store
TXN-0016619,2026-08-06,DXB-001,Dubai,CUST-00938,P013,USB Drive,Accessories,1,45.82,5,45.82,2.29,43.52,Card,Store
TXN-0016635,2026-08-06,DXB-001,Dubai,CUST-02408,P007,Office Chair,Furniture,2,646.05,0,1292.09,0.0,1292.09,Apple Pay,Store
TXN-0016676,2026-08-06,DXB-002,Dubai,CUST-01837,P012,Pen Pack,Stationery,1,13.14,20,13.14,2.63,10.51,Card,Store
TXN-0016677,2026-08-06,DXB-003,Dubai,CUST-00555,P008,Desk,Furniture,1,755.23,10,755.23,75.52,679.71,Bank Transfer,Store
TXN-0016766,2026-08-06,DXB-001,Dubai,CUST-03544,P006,Mouse,Accessories,1,91.14,0,91.14,0.0,91.14,Card,Store
TXN-0016840,2026-08-06,DXB-003,Dubai,CUST-03281,P006,Mouse,Accessories,1,95.82,10,95.82,9.58,86.24,Card,Online
TXN-0016898,2026-08-06,DXB-004,Dubai,CUST-07125,P015,Tablet,Electronics,2,1140.02,0,2280.04,0.0,2280.04,Card,Store
TXN-0016961,2026-08-06,DXB-002,Dubai,CUST-06986,P002,Smartphone,Electronics,1,1770.7,10,1770.7,177.07,1593.63,Cash,Online
TXN-0017040,2026-08-06,DXB-001,Dubai,CUST-02232,P015,Tablet,Electronics,4,1100.16,10,4400.64,440.06,3960.57,Cash,Online
TXN-0017163,2026-08-06,DXB-002,Dubai,CUST-01722,P012,Pen Pack,Stationery,2,15.31,20,30.63,6.13,24.5,Cash,Store
TXN-0017270,2026-08-06,DXB-003,Dubai,CUST-01756,P004,Monitor,Electronics,1,901.06,0,901.06,0.0,901.06,Bank Transfer,Store
TXN-0017389,2026-08-06,DXB-001,Dubai,CUST-00297,P003,Headphones,Electronics,4,377.91,0,1511.64,0.0,1511.64,Apple Pay,Store
TXN-0017457,2026-08-06,DXB-005,Dubai,CUST-07611,P006,Mouse,Accessories,4,96.59,5,386.35,19.32,367.03,Cash,Store
TXN-0017461,2026-08-06,DXB-001,Dubai,CUST-01958,P009,Backpack,Accessories,1,230.76,5,230.76,11.54,219.22,Apple Pay,Store
TXN-0017524,2026-08-06,DXB-001,Dubai,CUST-02800,P010,Printer,Office,1,744.32,0,744.32,0.0,744.32,Cash,Online
TXN-0017533,2026-08-06,DXB-002,Dubai,CUST-05911,P009,Backpack,Accessories,4,223.3,0,893.19,0.0,893.19,Apple Pay,Store
TXN-0017537,2026-08-06,DXB-005,Dubai,CUST-02278,P006,Mouse,Accessories,1,97.96,0,97.96,0.0,97.96,Card,Online
TXN-0017542,2026-08-06,DXB-005,Dubai,CUST-04014,P001,Laptop,Electronics,2,3036.79,10,6073.58,607.36,5466.22,Card,Store
TXN-0017997,2026-08-06,DXB-001,Dubai,CUST-02491,P011,Notebook,Stationery,1,26.13,0,26.13,0.0,26.13,Card,Store
TXN-0018067,2026-08-06,DXB-004,Dubai,CUST-05497,P005,Keyboard,Accessories,2,174.63,10,349.25,34.93,314.33,Card,Store
TXN-0018082,2026-08-06,DXB-003,Dubai,CUST-00738,P011,Notebook,Stationery,4,22.91,5,91.63,4.58,87.05,Card,Online
TXN-0018172,2026-08-06,DXB-005,Dubai,CUST-02619,P006,Mouse,Accessories,1,103.69,5,103.69,5.18,98.5,Cash,Online
TXN-0018262,2026-08-06,DXB-003,Dubai,CUST-07179,P004,Monitor,Electronics,1,939.58,10,939.58,93.96,845.62,Apple Pay,Store
TXN-0018273,2026-08-06,DXB-005,Dubai,CUST-01627,P001,Laptop,Electronics,3,2717.38,0,8152.14,0.0,8152.14,Bank Transfer,Store
TXN-0018316,2026-08-06,DXB-002,Dubai,CUST-05896,P009,Backpack,Accessories,1,210.77,5,210.77,10.54,200.23,Cash,Store
TXN-0018364,2026-08-06,DXB-003,Dubai,CUST-03402,P002,Smartphone,Electronics,2,1874.28,5,3748.56,187.43,3561.13,Card,Online
TXN-0018428,2026-08-06,DXB-005,Dubai,CUST-03605,P008,Desk,Furniture,1,828.02,10,828.02,82.8,745.21,Cash,Store
TXN-0018477,2026-08-06,DXB-002,Dubai,CUST-01558,P003,Headphones,Electronics,4,320.4,20,1281.6,256.32,1025.28,Bank Transfer,Store
TXN-0018547,2026-08-06,DXB-005,Dubai,CUST-07637,P003,Headphones,Electronics,1,351.38,10,351.38,35.14,316.24,Card,Online
TXN-0018572,2026-08-06,DXB-004,Dubai,CUST-05135,P012,Pen Pack,Stationery,5,15.04,15,75.22,11.28,63.94,Card,Store
TXN-0018583,2026-08-06,DXB-003,Dubai,CUST-01973,P004,Monitor,Electronics,3,890.53,15,2671.6,400.74,2270.86,Apple Pay,Store
TXN-0018594,2026-08-06,DXB-004,Dubai,CUST-07172,P010,Printer,Office,6,648.02,0,3888.13,0.0,3888.13,Card,Store
TXN-0018600,2026-08-06,DXB-003,Dubai,CUST-03765,P011,Notebook,Stationery,2,23.57,0,47.15,0.0,47.15,Cash,Store
TXN-0018605,2026-08-06,DXB-002,Dubai,CUST-07697,P014,Power Bank,Electronics,2,160.34,5,320.68,16.03,304.65,Card,Online
TXN-0018625,2026-08-06,DXB-005,Dubai,CUST-07053,P010,Printer,Office,2,695.62,10,1391.23,139.12,1252.11,Card,Store
TXN-0018640,2026-08-06,DXB-002,Dubai,CUST-01212,P007,Office Chair,Furniture,1,708.84,15,708.84,106.33,602.51,Cash,Online
TXN-0018745,2026-08-06,DXB-003,Dubai,CUST-06142,P008,Desk,Furniture,2,831.73,0,1663.46,0.0,1663.46,Cash,Store
TXN-0018909,2026-08-06,DXB-001,Dubai,CUST-06014,P015,Tablet,Electronics,2,1251.18,10,2502.35,250.24,2252.12,Card,Store
TXN-0018925,2026-08-06,DXB-003,Dubai,CUST-04362,P010,Printer,Office,1,668.92,10,668.92,66.89,602.03,Apple Pay,Store
TXN-0018944,2026-08-06,DXB-001,Dubai,CUST-04480,P015,Tablet,Electronics,1,1249.88,0,1249.88,0.0,1249.88,Cash,Online
TXN-0018996,2026-08-06,DXB-002,Dubai,CUST-05572,P006,Mouse,Accessories,1,94.24,10,94.24,9.42,84.81,Cash,Store
TXN-0019053,2026-08-06,DXB-004,Dubai,CUST-05564,P009,Backpack,Accessories,1,245.36,10,245.36,24.54,220.82,Card,Store
TXN-0019059,2026-08-06,DXB-004,Dubai,CUST-07783,P014,Power Bank,Electronics,1,160.83,0,160.83,0.0,160.83,Card,Store
TXN-0019108,2026-08-06,DXB-005,Dubai,CUST-06176,P008,Desk,Furniture,1,790.45,5,790.45,39.52,750.93,Cash,Online
TXN-0019184,2026-08-06,DXB-003,Dubai,CUST-07726,P002,Smartphone,Electronics,3,1943.93,0,5831.8,0.0,5831.8,Apple Pay,Store
TXN-0019185,2026-08-06,DXB-001,Dubai,CUST-06513,P006,Mouse,Accessories,1,102.72,5,102.72,5.14,97.58,Cash,Store
TXN-0019288,2026-08-06,DXB-002,Dubai,CUST-07210,P013,USB Drive,Accessories,1,45.44,5,45.44,2.27,43.17,Card,Online
TXN-0019352,2026-08-06,DXB-001,Dubai,CUST-03676,P005,Keyboard,Accessories,1,168.96,0,168.96,0.0,168.96,Bank Transfer,Store
TXN-0019378,2026-08-06,DXB-005,Dubai,CUST-07661,P001,Laptop,Electronics,1,2862.05,15,2862.05,429.31,2432.74,Bank Transfer,Store
TXN-0019552,2026-08-06,DXB-001,Dubai,CUST-01288,P003,Headphones,Electronics,1,384.35,0,384.35,0.0,384.35,Card,Online
TXN-0019639,2026-08-06,DXB-004,Dubai,CUST-07314,P013,USB Drive,Accessories,2,45.09,0,90.19,0.0,90.19,Card,Store
TXN-0019710,2026-08-06,DXB-001,Dubai,CUST-02196,P005,Keyboard,Accessories,1,176.37,0,176.37,0.0,176.37,Apple Pay,Online
TXN-0019712,2026-08-06,DXB-001,Dubai,CUST-00496,P011,Notebook,Stationery,1,26.23,10,26.23,2.62,23.61,Apple Pay,Store
TXN-0019721,2026-08-06,DXB-001,Dubai,CUST-06434,P001,Laptop,Electronics,1,2740.71,0,2740.71,0.0,2740.71,Apple Pay,Store
TXN-0019801,2026-08-06,DXB-005,Dubai,CUST-03639,P010,Printer,Office,2,678.27,0,1356.54,0.0,1356.54,Card,Store
TXN-0019822,2026-08-06,DXB-004,Dubai,CUST-01207,P011,Notebook,Stationery,1,24.98,5,24.98,1.25,23.73,Card,Store
TXN-0019838,2026-08-06,DXB-002,Dubai,CUST-03753,P003,Headphones,Electronics,3,318.94,5,956.83,47.84,908.99,Cash,Store
TXN-0019849,2026-08-06,DXB-004,Dubai,CUST-07086,P002,Smartphone,Electronics,3,1921.7,0,5765.11,0.0,5765.11,Card,Store
TXN-0019850,2026-08-06,DXB-005,Dubai,CUST-07518,P012,Pen Pack,Stationery,1,14.87,0,14.87,0.0,14.87,Cash,Store
TXN-0019944,2026-08-06,DXB-005,Dubai,CUST-06983,P015,Tablet,Electronics,3,1207.49,10,3622.46,362.25,3260.22,Card,Store
TXN-0019952,2026-08-06,DXB-001,Dubai,CUST-07904,P010,Printer,Office,1,650.19,20,650.19,130.04,520.15,Apple Pay,Online
TXN-0019958,2026-08-06,DXB-001,Dubai,CUST-05266,P007,Office Chair,Furniture,1,607.13,0,607.13,0.0,607.13,Cash,Online
TXN-0020032,2026-08-06,DXB-004,Dubai,CUST-03510,P001,Laptop,Electronics,1,3162.86,10,3162.86,316.29,2846.57,Apple Pay,Store
TXN-0020068,2026-08-06,DXB-004,Dubai,CUST-02104,P007,Office Chair,Furniture,1,590.52,0,590.52,0.0,590.52,Card,Store
TXN-0020089,2026-08-06,DXB-005,Dubai,CUST-07283,P010,Printer,Office,1,781.76,0,781.76,0.0,781.76,Bank Transfer,Online
TXN-0020123,2026-08-06,DXB-003,Dubai,CUST-01860,P013,USB Drive,Accessories,1,42.28,0,42.28,0.0,42.28,Apple Pay,Store
TXN-0020133,2026-08-06,DXB-003,Dubai,CUST-05030,P005,Keyboard,Accessories,2,183.0,15,366.0,54.9,311.1,Apple Pay,Store
TXN-0020140,2026-08-06,DXB-002,Dubai,CUST-07301,P008,Desk,Furniture,2,870.84,20,1741.69,348.34,1393.35,Card,Store
TXN-0020184,2026-08-06,DXB-004,Dubai,CUST-05160,P015,Tablet,Electronics,2,1336.2,0,2672.4,0.0,2672.4,Card,Online
TXN-0020211,2026-08-06,DXB-005,Dubai,CUST-07337,P006,Mouse,Accessories,1,105.42,5,105.42,5.27,100.15,Apple Pay,Store
TXN-0020264,2026-08-06,DXB-001,Dubai,CUST-03091,P007,Office Chair,Furniture,2,666.71,15,1333.43,200.01,1133.42,Apple Pay,Online
TXN-0020330,2026-08-06,DXB-001,Dubai,CUST-04443,P007,Office Chair,Furniture,1,610.68,5,610.68,30.53,580.14,Cash,Store
TXN-0020394,2026-08-06,DXB-005,Dubai,CUST-03717,P007,Office Chair,Furniture,3,655.68,15,1967.03,295.05,1671.98,Apple Pay,Online
TXN-0020411,2026-08-06,DXB-003,Dubai,CUST-00523,P004,Monitor,Electronics,4,908.23,5,3632.94,181.65,3451.29,Card,Online
TXN-0020459,2026-08-06,DXB-001,Dubai,CUST-05164,P012,Pen Pack,Stationery,2,14.81,10,29.61,2.96,26.65,Cash,Store
TXN-0020513,2026-08-06,DXB-004,Dubai,CUST-06752,P010,Printer,Office,1,764.57,10,764.57,76.46,688.11,Card,Store
TXN-0020523,2026-08-06,DXB-003,Dubai,CUST-02122,P015,Tablet,Electronics,2,997.57,0,1995.14,0.0,1995.14,Card,Store
TXN-0020533,2026-08-06,DXB-003,Dubai,CUST-00254,P003,Headphones,Electronics,2,353.63,15,707.26,106.09,601.17,Card,Store
TXN-0020773,2026-08-06,DXB-003,Dubai,CUST-06934,P004,Monitor,Electronics,3,1050.1,0,3150.31,0.0,3150.31,Apple Pay,Store
TXN-0020813,2026-08-06,DXB-005,Dubai,CUST-06790,P001,Laptop,Electronics,1,2763.08,20,2763.08,552.62,2210.46,Apple Pay,Store
TXN-0020909,2026-08-06,DXB-001,Dubai,CUST-05207,P011,Notebook,Stationery,1,23.84,0,23.84,0.0,23.84,Cash,Store
TXN-0020933,2026-08-06,DXB-002,Dubai,CUST-05141,P007,Office Chair,Furniture,1,607.49,0,607.49,0.0,607.49,Apple Pay,Store
TXN-0021027,2026-08-06,DXB-001,Dubai,CUST-03610,P010,Printer,Office,1,760.54,15,760.54,114.08,646.46,Card,Store
TXN-0021057,2026-08-06,DXB-003,Dubai,CUST-01188,P005,Keyboard,Accessories,1,178.99,10,178.99,17.9,161.09,Card,Store
TXN-0021058,2026-08-06,DXB-005,Dubai,CUST-00764,P005,Keyboard,Accessories,1,188.88,10,188.88,18.89,170.0,Card,Online
TXN-0021107,2026-08-06,DXB-005,Dubai,CUST-07661,P003,Headphones,Electronics,2,355.83,15,711.66,106.75,604.91,Cash,Store
TXN-0021340,2026-08-06,DXB-004,Dubai,CUST-00619,P010,Printer,Office,1,807.63,5,807.63,40.38,767.25,Apple Pay,Online
TXN-0021358,2026-08-06,DXB-005,Dubai,CUST-07363,P012,Pen Pack,Stationery,2,15.94,5,31.87,1.59,30.28,Card,Online
TXN-0021493,2026-08-06,DXB-001,Dubai,CUST-03936,P013,USB Drive,Accessories,1,43.5,10,43.5,4.35,39.15,Card,Online
TXN-0021555,2026-08-06,DXB-003,Dubai,CUST-04868,P006,Mouse,Accessories,1,99.67,10,99.67,9.97,89.7,Card,Store
TXN-0021602,2026-08-06,DXB-004,Dubai,CUST-00621,P009,Backpack,Accessories,1,227.93,0,227.93,0.0,227.93,Bank Transfer,Store
TXN-0021630,2026-08-06,DXB-001,Dubai,CUST-04463,P012,Pen Pack,Stationery,1,14.66,0,14.66,0.0,14.66,Apple Pay,Store
TXN-0021644,2026-08-06,DXB-005,Dubai,CUST-06058,P015,Tablet,Electronics,2,1191.38,15,2382.75,357.41,2025.34,Card,Store
TXN-0021675,2026-08-06,DXB-002,Dubai,CUST-03764,P011,Notebook,Stationery,1,22.19,5,22.19,1.11,21.08,Cash,Store
TXN-0021715,2026-08-06,DXB-002,Dubai,CUST-05388,P002,Smartphone,Electronics,2,1791.57,5,3583.14,179.16,3403.98,Card,Online
TXN-0021735,2026-08-06,DXB-002,Dubai,CUST-06165,P015,Tablet,Electronics,1,1183.23,0,1183.23,0.0,1183.23,Card,Store
TXN-0021762,2026-08-06,DXB-003,Dubai,CUST-00684,P015,Tablet,Electronics,4,1191.64,0,4766.56,0.0,4766.56,Bank Transfer,Store
TXN-0021800,2026-08-06,DXB-004,Dubai,CUST-03630,P013,USB Drive,Accessories,1,43.34,0,43.34,0.0,43.34,Card,Store
TXN-0021839,2026-08-06,DXB-004,Dubai,CUST-04255,P012,Pen Pack,Stationery,3,14.54,5,43.61,2.18,41.43,Bank Transfer,Store
TXN-0021867,2026-08-06,DXB-003,Dubai,CUST-04728,P003,Headphones,Electronics,3,350.17,5,1050.52,52.53,998.0,Cash,Store
TXN-0021881,2026-08-06,DXB-001,Dubai,CUST-05787,P009,Backpack,Accessories,2,213.85,0,427.69,0.0,427.69,Card,Store
TXN-0021913,2026-08-06,DXB-003,Dubai,CUST-06269,P011,Notebook,Stationery,1,25.23,0,25.23,0.0,25.23,Apple Pay,Online
TXN-0022169,2026-08-06,DXB-003,Dubai,CUST-00114,P010,Printer,Office,1,680.14,5,680.14,34.01,646.13,Card,Store
TXN-0022204,2026-08-06,DXB-004,Dubai,CUST-05857,P008,Desk,Furniture,5,778.39,0,3891.97,0.0,3891.97,Apple Pay,Online
TXN-0022221,2026-08-06,DXB-005,Dubai,CUST-02081,P005,Keyboard,Accessories,3,164.27,5,492.8,24.64,468.16,Card,Store
TXN-0022226,2026-08-06,DXB-001,Dubai,CUST-05452,P005,Keyboard,Accessories,1,180.26,15,180.26,27.04,153.22,Bank Transfer,Store
TXN-0022283,2026-08-06,DXB-003,Dubai,CUST-06049,P006,Mouse,Accessories,2,103.42,5,206.84,10.34,196.5,Card,Store
TXN-0022298,2026-08-06,DXB-002,Dubai,CUST-02884,P003,Headphones,Electronics,2,386.33,5,772.65,38.63,734.02,Card,Online
TXN-0022400,2026-08-06,DXB-002,Dubai,CUST-03327,P002,Smartphone,Electronics,1,1882.89,5,1882.89,94.14,1788.75,Card,Store
TXN-0022450,2026-08-06,DXB-002,Dubai,CUST-03457,P008,Desk,Furniture,1,817.02,10,817.02,81.7,735.31,Cash,Store
TXN-0022453,2026-08-06,DXB-002,Dubai,CUST-06038,P013,USB Drive,Accessories,2,45.03,5,90.06,4.5,85.56,Cash,Online
TXN-0022630,2026-08-06,DXB-004,Dubai,CUST-06928,P001,Laptop,Electronics,1,2745.61,0,2745.61,0.0,2745.61,Card,Online
TXN-0022653,2026-08-06,DXB-001,Dubai,CUST-02645,P004,Monitor,Electronics,2,839.05,0,1678.1,0.0,1678.1,Apple Pay,Store
TXN-0022670,2026-08-06,DXB-005,Dubai,CUST-05252,P001,Laptop,Electronics,3,2891.72,15,8675.17,1301.28,7373.9,Bank Transfer,Store
TXN-0022720,2026-08-06,DXB-003,Dubai,CUST-07296,P003,Headphones,Electronics,3,371.21,0,1113.62,0.0,1113.62,Card,Store
TXN-0022829,2026-08-06,DXB-003,Dubai,CUST-04052,P010,Printer,Office,1,655.18,10,655.18,65.52,589.66,Card,Online
TXN-0022844,2026-08-06,DXB-002,Dubai,CUST-06163,P003,Headphones,Electronics,1,341.43,20,341.43,68.29,273.15,Cash,Online
TXN-0022921,2026-08-06,DXB-005,Dubai,CUST-06785,P002,Smartphone,Electronics,1,1595.18,0,1595.18,0.0,1595.18,Card,Store
TXN-0022982,2026-08-06,DXB-002,Dubai,CUST-01572,P007,Office Chair,Furniture,1,554.03,10,554.03,55.4,498.62,Bank Transfer,Store
TXN-0023041,2026-08-06,DXB-002,Dubai,CUST-05796,P002,Smartphone,Electronics,3,1746.1,0,5238.29,0.0,5238.29,Cash,Store
TXN-0023070,2026-08-06,DXB-002,Dubai,CUST-02831,P007,Office Chair,Furniture,1,669.24,5,669.24,33.46,635.78,Cash,Store
TXN-0023212,2026-08-06,DXB-004,Dubai,CUST-05531,P013,USB Drive,Accessories,1,38.96,15,38.96,5.84,33.12,Card,Store
TXN-0023285,2026-08-06,DXB-004,Dubai,CUST-02309,P011,Notebook,Stationery,1,24.85,0,24.85,0.0,24.85,Cash,Store
TXN-0023413,2026-08-06,DXB-003,Dubai,CUST-02008,P007,Office Chair,Furniture,4,694.44,0,2777.77,0.0,2777.77,Cash,Store
TXN-0023426,2026-08-06,DXB-005,Dubai,CUST-05444,P003,Headphones,Electronics,1,343.95,5,343.95,17.2,326.75,Card,Store
TXN-0023442,2026-08-06,DXB-002,Dubai,CUST-04745,P013,USB Drive,Accessories,1,42.28,5,42.28,2.11,40.16,Cash,Store
TXN-0023615,2026-08-06,DXB-004,Dubai,CUST-01132,P013,USB Drive,Accessories,3,43.62,10,130.86,13.09,117.78,Cash,Online
TXN-0023627,2026-08-06,DXB-001,Dubai,CUST-03131,P011,Notebook,Stationery,2,25.87,15,51.75,7.76,43.99,Cash,Store
TXN-0023776,2026-08-06,DXB-002,Dubai,CUST-01215,P010,Printer,Office,2,723.36,20,1446.73,289.35,1157.38,Card,Store
TXN-0023802,2026-08-06,DXB-001,Dubai,CUST-05875,P003,Headphones,Electronics,3,383.59,10,1150.77,115.08,1035.69,Apple Pay,Online
TXN-0023915,2026-08-06,DXB-004,Dubai,CUST-07122,P014,Power Bank,Electronics,3,155.94,0,467.82,0.0,467.82,Card,Store
TXN-0023932,2026-08-06,DXB-002,Dubai,CUST-01416,P002,Smartphone,Electronics,5,1768.03,5,8840.14,442.01,8398.14,Cash,Store
TXN-0023950,2026-08-06,DXB-002,Dubai,CUST-07905,P014,Power Bank,Electronics,1,149.15,0,149.15,0.0,149.15,Bank Transfer,Online
TXN-0023974,2026-08-06,DXB-005,Dubai,CUST-03924,P009,Backpack,Accessories,3,204.35,15,613.05,91.96,521.1,Apple Pay,Store
TXN-0024177,2026-08-06,DXB-002,Dubai,CUST-01795,P010,Printer,Office,1,690.78,0,690.78,0.0,690.78,Card,Store
TXN-0024216,2026-08-06,DXB-002,Dubai,CUST-03605,P001,Laptop,Electronics,2,2629.15,10,5258.31,525.83,4732.48,Card,Store
TXN-0024293,2026-08-06,DXB-001,Dubai,CUST-02033,P006,Mouse,Accessories,2,96.27,0,192.54,0.0,192.54,Card,Store
TXN-0024312,2026-08-06,DXB-005,Dubai,CUST-04150,P003,Headphones,Electronics,2,332.28,5,664.56,33.23,631.33,Cash,Store
TXN-0024363,2026-08-06,DXB-003,Dubai,CUST-04999,P009,Backpack,Accessories,1,202.03,5,202.03,10.1,191.93,Card,Online
TXN-0024479,2026-08-06,DXB-003,Dubai,CUST-06520,P001,Laptop,Electronics,2,2437.05,20,4874.1,974.82,3899.28,Card,Online
TXN-0024485,2026-08-06,DXB-005,Dubai,CUST-03595,P010,Printer,Office,2,654.74,0,1309.47,0.0,1309.47,Card,Store
TXN-0024532,2026-08-06,DXB-001,Dubai,CUST-03514,P005,Keyboard,Accessories,4,185.68,5,742.73,37.14,705.59,Apple Pay,Store
TXN-0024577,2026-08-06,DXB-005,Dubai,CUST-07139,P006,Mouse,Accessories,1,103.68,0,103.68,0.0,103.68,Bank Transfer,Store
TXN-0024646,2026-08-06,DXB-004,Dubai,CUST-07955,P001,Laptop,Electronics,1,2390.7,10,2390.7,239.07,2151.63,Card,Store
TXN-0024669,2026-08-06,DXB-003,Dubai,CUST-05526,P006,Mouse,Accessories,1,104.0,15,104.0,15.6,88.4,Card,Store
TXN-0024674,2026-08-06,DXB-001,Dubai,CUST-05833,P011,Notebook,Stationery,1,24.42,10,24.42,2.44,21.98,Card,Store
TXN-0024679,2026-08-06,DXB-001,Dubai,CUST-07471,P003,Headphones,Electronics,6,360.48,0,2162.86,0.0,2162.86,Card,Online
TXN-0024686,2026-08-06,DXB-004,Dubai,CUST-04286,P007,Office Chair,Furniture,1,662.25,0,662.25,0.0,662.25,Card,Store
TXN-0024798,2026-08-06,DXB-005,Dubai,CUST-02335,P014,Power Bank,Electronics,5,134.69,15,673.46,101.02,572.44,Apple Pay,Store
TXN-0024823,2026-08-06,DXB-001,Dubai,CUST-01457,P015,Tablet,Electronics,1,1172.3,0,1172.3,0.0,1172.3,Card,Store
TXN-0024865,2026-08-06,DXB-001,Dubai,CUST-03787,P005,Keyboard,Accessories,1,185.44,15,185.44,27.82,157.63,Card,Store
TXN-0024874,2026-08-06,DXB-004,Dubai,CUST-02093,P008,Desk,Furniture,1,779.09,0,779.09,0.0,779.09,Cash,Store
TXN-0025038,2026-08-06,DXB-001,Dubai,CUST-05944,P010,Printer,Office,4,729.91,10,2919.64,291.96,2627.68,Cash,Store
TXN-0025147,2026-08-06,DXB-003,Dubai,CUST-00054,P006,Mouse,Accessories,4,99.29,5,397.15,19.86,377.29,Card,Store
TXN-0025165,2026-08-06,DXB-002,Dubai,CUST-01782,P007,Office Chair,Furniture,4,665.18,15,2660.72,399.11,2261.61,Card,Online
TXN-0025233,2026-08-06,DXB-003,Dubai,CUST-02284,P009,Backpack,Accessories,3,225.0,0,675.01,0.0,675.01,Apple Pay,Store
TXN-0025270,2026-08-06,DXB-005,Dubai,CUST-04393,P009,Backpack,Accessories,1,235.38,20,235.38,47.08,188.3,Cash,Store
TXN-0025306,2026-08-06,DXB-002,Dubai,CUST-03739,P008,Desk,Furniture,1,802.96,0,802.96,0.0,802.96,Apple Pay,Store
TXN-0025354,2026-08-06,DXB-002,Dubai,CUST-02891,P012,Pen Pack,Stationery,2,15.05,15,30.09,4.51,25.58,Cash,Store
TXN-0025444,2026-08-06,DXB-005,Dubai,CUST-05715,P011,Notebook,Stationery,2,26.91,20,53.83,10.77,43.06,Apple Pay,Online
TXN-0025450,2026-08-06,DXB-003,Dubai,CUST-03850,P014,Power Bank,Electronics,1,148.89,5,148.89,7.44,141.44,Apple Pay,Store
TXN-0025464,2026-08-06,DXB-001,Dubai,CUST-03578,P001,Laptop,Electronics,1,2714.25,0,2714.25,0.0,2714.25,Apple Pay,Online
TXN-0025534,2026-08-06,DXB-001,Dubai,CUST-07663,P011,Notebook,Stationery,1,23.85,5,23.85,1.19,22.65,Bank Transfer,Online
TXN-0025562,2026-08-06,DXB-003,Dubai,CUST-06804,P006,Mouse,Accessories,1,100.98,10,100.98,10.1,90.88,Apple Pay,Store
TXN-0025606,2026-08-06,DXB-002,Dubai,CUST-07067,P002,Smartphone,Electronics,1,1771.75,10,1771.75,177.17,1594.57,Card,Online
TXN-0025762,2026-08-06,DXB-004,Dubai,CUST-04918,P007,Office Chair,Furniture,2,672.36,5,1344.72,67.24,1277.49,Card,Store
TXN-0025795,2026-08-06,DXB-005,Dubai,CUST-03486,P001,Laptop,Electronics,1,2622.1,5,2622.1,131.1,2490.99,Card,Store
TXN-0025852,2026-08-06,DXB-001,Dubai,CUST-07734,P012,Pen Pack,Stationery,4,15.1,5,60.39,3.02,57.37,Bank Transfer,Store
TXN-0025871,2026-08-06,DXB-003,Dubai,CUST-03311,P011,Notebook,Stationery,1,25.67,5,25.67,1.28,24.38,Apple Pay,Online
TXN-0026050,2026-08-06,DXB-001,Dubai,CUST-02801,P015,Tablet,Electronics,2,1165.5,0,2331.0,0.0,2331.0,Card,Online
TXN-0026078,2026-08-06,DXB-001,Dubai,CUST-04202,P009,Backpack,Accessories,1,235.23,10,235.23,23.52,211.71,Cash,Online
TXN-0026086,2026-08-06,DXB-004,Dubai,CUST-05421,P008,Desk,Furniture,1,878.22,15,878.22,131.73,746.49,Card,Store
TXN-0026224,2026-08-06,DXB-001,Dubai,CUST-04524,P004,Monitor,Electronics,2,946.98,5,1893.96,94.7,1799.26,Card,Online
TXN-0026230,2026-08-06,DXB-001,Dubai,CUST-01640,P003,Headphones,Electronics,4,321.27,15,1285.1,192.76,1092.33,Card,Store
TXN-0026274,2026-08-06,DXB-002,Dubai,CUST-01860,P002,Smartphone,Electronics,1,1681.36,0,1681.36,0.0,1681.36,Card,Online
TXN-0026369,2026-08-06,DXB-003,Dubai,CUST-06036,P001,Laptop,Electronics,1,2769.44,5,2769.44,138.47,2630.96,Card,Online
TXN-0026376,2026-08-06,DXB-001,Dubai,CUST-03501,P001,Laptop,Electronics,1,2809.44,5,2809.44,140.47,2668.97,Cash,Online
TXN-0026474,2026-08-06,DXB-003,Dubai,CUST-06260,P003,Headphones,Electronics,1,365.7,10,365.7,36.57,329.13,Card,Store
TXN-0026531,2026-08-06,DXB-002,Dubai,CUST-00691,P006,Mouse,Accessories,2,113.74,10,227.49,22.75,204.74,Cash,Store
TXN-0026653,2026-08-06,DXB-004,Dubai,CUST-04585,P004,Monitor,Electronics,1,910.23,5,910.23,45.51,864.72,Bank Transfer,Online
TXN-0026684,2026-08-06,DXB-002,Dubai,CUST-01310,P001,Laptop,Electronics,3,2816.16,5,8448.47,422.42,8026.05,Apple Pay,Store
TXN-0026788,2026-08-06,DXB-001,Dubai,CUST-01958,P015,Tablet,Electronics,1,1223.22,5,1223.22,61.16,1162.06,Cash,Online
TXN-0026789,2026-08-06,DXB-003,Dubai,CUST-00716,P011,Notebook,Stationery,1,25.74,0,25.74,0.0,25.74,Card,Store
TXN-0026797,2026-08-06,DXB-002,Dubai,CUST-07645,P004,Monitor,Electronics,1,902.43,5,902.43,45.12,857.3,Card,Online
TXN-0026805,2026-08-06,DXB-003,Dubai,CUST-06940,P005,Keyboard,Accessories,2,172.75,0,345.51,0.0,345.51,Bank Transfer,Online
TXN-0026833,2026-08-06,DXB-002,Dubai,CUST-01414,P002,Smartphone,Electronics,1,1674.27,5,1674.27,83.71,1590.56,Card,Online
TXN-0026884,2026-08-06,DXB-001,Dubai,CUST-00965,P004,Monitor,Electronics,1,869.81,5,869.81,43.49,826.32,Apple Pay,Store
TXN-0026977,2026-08-06,DXB-003,Dubai,CUST-04767,P007,Office Chair,Furniture,1,591.36,0,591.36,0.0,591.36,Card,Online
TXN-0026998,2026-08-06,DXB-005,Dubai,CUST-05812,P006,Mouse,Accessories,2,99.1,0,198.2,0.0,198.2,Card,Online
TXN-0027036,2026-08-06,DXB-004,Dubai,CUST-01192,P005,Keyboard,Accessories,1,184.56,15,184.56,27.68,156.88,Card,Store
TXN-0027052,2026-08-06,DXB-003,Dubai,CUST-04783,P002,Smartphone,Electronics,1,1809.67,0,1809.67,0.0,1809.67,Apple Pay,Store
TXN-0027056,2026-08-06,DXB-001,Dubai,CUST-00353,P010,Printer,Office,1,653.92,0,653.92,0.0,653.92,Cash,Store
TXN-0027061,2026-08-06,DXB-005,Dubai,CUST-06699,P005,Keyboard,Accessories,1,179.34,15,179.34,26.9,152.44,Card,Store
TXN-0027069,2026-08-06,DXB-001,Dubai,CUST-01430,P014,Power Bank,Electronics,2,163.83,0,327.66,0.0,327.66,Card,Online
TXN-0027081,2026-08-06,DXB-001,Dubai,CUST-01932,P004,Monitor,Electronics,1,842.61,5,842.61,42.13,800.48,Bank Transfer,Store
TXN-0027082,2026-08-06,DXB-004,Dubai,CUST-04623,P007,Office Chair,Furniture,1,618.76,5,618.76,30.94,587.83,Cash,Online
TXN-0027090,2026-08-06,DXB-002,Dubai,CUST-06034,P006,Mouse,Accessories,3,102.79,0,308.36,0.0,308.36,Apple Pay,Store
TXN-0027121,2026-08-06,DXB-004,Dubai,CUST-02941,P006,Mouse,Accessories,2,92.61,20,185.22,37.04,148.18,Apple Pay,Online
TXN-0027135,2026-08-06,DXB-005,Dubai,CUST-07973,P007,Office Chair,Furniture,2,639.34,0,1278.68,0.0,1278.68,Card,Store
TXN-0027209,2026-08-06,DXB-004,Dubai,CUST-01201,P007,Office Chair,Furniture,3,666.88,0,2000.63,0.0,2000.63,Card,Online
TXN-0027257,2026-08-06,DXB-005,Dubai,CUST-03366,P002,Smartphone,Electronics,6,1717.44,5,10304.67,515.23,9789.43,Apple Pay,Store
TXN-0027268,2026-08-06,DXB-002,Dubai,CUST-04757,P013,USB Drive,Accessories,2,40.06,5,80.12,4.01,76.11,Cash,Store
TXN-0027298,2026-08-06,DXB-004,Dubai,CUST-01593,P015,Tablet,Electronics,4,1178.43,5,4713.74,235.69,4478.05,Apple Pay,Store
TXN-0027361,2026-08-06,DXB-001,Dubai,CUST-02660,P007,Office Chair,Furniture,6,677.13,10,4062.79,406.28,3656.51,Card,Online
TXN-0027386,2026-08-06,DXB-002,Dubai,CUST-00649,P005,Keyboard,Accessories,1,169.04,0,169.04,0.0,169.04,Card,Store
TXN-0027399,2026-08-06,DXB-001,Dubai,CUST-01883,P006,Mouse,Accessories,2,95.34,5,190.68,9.53,181.14,Bank Transfer,Store
TXN-0027406,2026-08-06,DXB-001,Dubai,CUST-01204,P006,Mouse,Accessories,3,110.22,10,330.67,33.07,297.6,Cash,Store
TXN-0027449,2026-08-06,DXB-003,Dubai,CUST-00538,P005,Keyboard,Accessories,1,181.77,0,181.77,0.0,181.77,Apple Pay,Store
TXN-0027508,2026-08-06,DXB-004,Dubai,CUST-01374,P011,Notebook,Stationery,2,23.5,0,47.0,0.0,47.0,Cash,Store
TXN-0027535,2026-08-06,DXB-001,Dubai,CUST-05355,P010,Printer,Office,1,697.43,0,697.43,0.0,697.43,Cash,Store
TXN-0027650,2026-08-06,DXB-002,Dubai,CUST-01413,P009,Backpack,Accessories,1,226.42,5,226.42,11.32,215.1,Apple Pay,Store
TXN-0027677,2026-08-06,DXB-003,Dubai,CUST-00539,P002,Smartphone,Electronics,1,1834.37,0,1834.37,0.0,1834.37,Apple Pay,Store
TXN-0027721,2026-08-06,DXB-003,Dubai,CUST-04539,P014,Power Bank,Electronics,4,156.7,0,626.78,0.0,626.78,Card,Store
TXN-0027751,2026-08-06,DXB-002,Dubai,CUST-00564,P010,Printer,Office,1,697.77,10,697.77,69.78,628.0,Bank Transfer,Online
TXN-0027828,2026-08-06,DXB-003,Dubai,CUST-02833,P003,Headphones,Electronics,2,365.82,5,731.64,36.58,695.06,Card,Store
TXN-0027943,2026-08-06,DXB-001,Dubai,CUST-05319,P009,Backpack,Accessories,2,222.43,0,444.86,0.0,444.86,Cash,Store
TXN-0027981,2026-08-06,DXB-001,Dubai,CUST-05057,P006,Mouse,Accessories,1,97.23,5,97.23,4.86,92.37,Card,Store
TXN-0028061,2026-08-06,DXB-005,Dubai,CUST-07756,P009,Backpack,Accessories,2,234.33,0,468.66,0.0,468.66,Card,Store
TXN-0028081,2026-08-06,DXB-003,Dubai,CUST-05757,P007,Office Chair,Furniture,1,688.89,15,688.89,103.33,585.56,Card,Store
TXN-0028120,2026-08-06,DXB-004,Dubai,CUST-04569,P013,USB Drive,Accessories,2,43.45,10,86.9,8.69,78.21,Card,Store
TXN-0028151,2026-08-06,DXB-003,Dubai,CUST-03508,P007,Office Chair,Furniture,1,691.9,10,691.9,69.19,622.71,Cash,Online
TXN-0028164,2026-08-06,DXB-004,Dubai,CUST-02637,P005,Keyboard,Accessories,3,186.67,5,560.02,28.0,532.02,Card,Online
TXN-0028330,2026-08-06,DXB-002,Dubai,CUST-07929,P006,Mouse,Accessories,1,100.21,5,100.21,5.01,95.2,Card,Store
TXN-0028495,2026-08-06,DXB-005,Dubai,CUST-06458,P011,Notebook,Stationery,1,24.45,0,24.45,0.0,24.45,Card,Store
TXN-0028501,2026-08-06,DXB-002,Dubai,CUST-02717,P011,Notebook,Stationery,1,28.81,5,28.81,1.44,27.37,Card,Online
TXN-0028547,2026-08-06,DXB-002,Dubai,CUST-01604,P015,Tablet,Electronics,1,1139.75,5,1139.75,56.99,1082.76,Card,Store
TXN-0028576,2026-08-06,DXB-003,Dubai,CUST-07171,P004,Monitor,Electronics,3,933.6,5,2800.79,140.04,2660.75,Card,Store
TXN-0028598,2026-08-06,DXB-003,Dubai,CUST-01669,P009,Backpack,Accessories,1,245.35,10,245.35,24.54,220.82,Cash,Store
TXN-0028708,2026-08-06,DXB-003,Dubai,CUST-00742,P003,Headphones,Electronics,2,353.43,5,706.85,35.34,671.51,Card,Online
TXN-0028768,2026-08-06,DXB-004,Dubai,CUST-00496,P010,Printer,Office,1,745.62,10,745.62,74.56,671.06,Card,Store
TXN-0028826,2026-08-06,DXB-001,Dubai,CUST-07684,P013,USB Drive,Accessories,5,45.07,0,225.34,0.0,225.34,Card,Store
TXN-0028854,2026-08-06,DXB-001,Dubai,CUST-05037,P013,USB Drive,Accessories,1,45.99,15,45.99,6.9,39.09,Cash,Store
TXN-0028980,2026-08-06,DXB-002,Dubai,CUST-05596,P002,Smartphone,Electronics,1,1677.13,5,1677.13,83.86,1593.27,Apple Pay,Store
TXN-0029002,2026-08-06,DXB-001,Dubai,CUST-06392,P008,Desk,Furniture,1,844.33,5,844.33,42.22,802.11,Card,Store
TXN-0029064,2026-08-06,DXB-001,Dubai,CUST-01227,P004,Monitor,Electronics,2,857.42,0,1714.84,0.0,1714.84,Card,Store
TXN-0029158,2026-08-06,DXB-002,Dubai,CUST-01355,P014,Power Bank,Electronics,4,161.36,5,645.46,32.27,613.19,Card,Online
TXN-0029283,2026-08-06,DXB-001,Dubai,CUST-04822,P013,USB Drive,Accessories,2,44.26,5,88.52,4.43,84.09,Cash,Store
TXN-0029304,2026-08-06,DXB-002,Dubai,CUST-07156,P006,Mouse,Accessories,6,85.94,0,515.66,0.0,515.66,Card,Store
TXN-0029341,2026-08-06,DXB-001,Dubai,CUST-06087,P001,Laptop,Electronics,1,2723.77,5,2723.77,136.19,2587.59,Bank Transfer,Store
TXN-0029377,2026-08-06,DXB-001,Dubai,CUST-04501,P014,Power Bank,Electronics,2,150.97,5,301.95,15.1,286.85,Card,Store
TXN-0029407,2026-08-06,DXB-002,Dubai,CUST-06565,P001,Laptop,Electronics,1,2977.74,10,2977.74,297.77,2679.96,Card,Online
TXN-0029571,2026-08-06,DXB-005,Dubai,CUST-06365,P010,Printer,Office,1,706.37,10,706.37,70.64,635.74,Cash,Store
TXN-0029630,2026-08-06,DXB-004,Dubai,CUST-04992,P008,Desk,Furniture,1,851.01,5,851.01,42.55,808.46,Card,Store
TXN-0029656,2026-08-06,DXB-005,Dubai,CUST-00091,P012,Pen Pack,Stationery,1,15.44,0,15.44,0.0,15.44,Card,Store
TXN-0029758,2026-08-06,DXB-001,Dubai,CUST-07875,P015,Tablet,Electronics,2,1132.1,0,2264.19,0.0,2264.19,Card,Store
TXN-0029768,2026-08-06,DXB-003,Dubai,CUST-01443,P014,Power Bank,Electronics,2,145.47,0,290.94,0.0,290.94,Card,Store
TXN-0029796,2026-08-06,DXB-002,Dubai,CUST-06637,P001,Laptop,Electronics,2,2922.48,10,5844.95,584.5,5260.46,Card,Online
TXN-0029816,2026-08-06,DXB-002,Dubai,CUST-06846,P004,Monitor,Electronics,3,977.28,0,2931.85,0.0,2931.85,Apple Pay,Store
TXN-0029850,2026-08-06,DXB-001,Dubai,CUST-05056,P010,Printer,Office,1,731.49,10,731.49,73.15,658.35,Bank Transfer,Store
TXN-0029868,2026-08-06,DXB-002,Dubai,CUST-07329,P004,Monitor,Electronics,4,841.82,20,3367.28,673.46,2693.83,Apple Pay,Online
TXN-0029891,2026-08-06,DXB-001,Dubai,CUST-04224,P014,Power Bank,Electronics,5,167.19,5,835.97,41.8,794.17,Cash,Store
TXN-0029899,2026-08-06,DXB-003,Dubai,CUST-02084,P003,Headphones,Electronics,1,351.62,0,351.62,0.0,351.62,Card,Store
TXN-0029905,2026-08-06,DXB-004,Dubai,CUST-03638,P009,Backpack,Accessories,2,224.28,0,448.56,0.0,448.56,Cash,Store
TXN-0029975,2026-08-06,DXB-001,Dubai,CUST-07299,P003,Headphones,Electronics,2,343.51,15,687.02,103.05,583.97,Apple Pay,Online
TXN-0030004,2026-08-06,DXB-002,Dubai,CUST-00624,P013,USB Drive,Accessories,2,48.65,0,97.3,0.0,97.3,Card,Store
TXN-0030005,2026-08-06,DXB-005,Dubai,CUST-02604,P002,Smartphone,Electronics,2,1724.71,0,3449.42,0.0,3449.42,Card,Store
TXN-0030043,2026-08-06,DXB-002,Dubai,CUST-03328,P005,Keyboard,Accessories,1,176.59,5,176.59,8.83,167.76,Card,Store
TXN-0030086,2026-08-06,DXB-002,Dubai,CUST-04646,P008,Desk,Furniture,1,786.64,15,786.64,118.0,668.64,Bank Transfer,Online
TXN-0030094,2026-08-06,DXB-005,Dubai,CUST-07783,P011,Notebook,Stationery,3,22.31,0,66.93,0.0,66.93,Card,Online
TXN-0030292,2026-08-06,DXB-003,Dubai,CUST-01169,P010,Printer,Office,3,711.15,5,2133.45,106.67,2026.77,Card,Online
TXN-0030325,2026-08-06,DXB-003,Dubai,CUST-02383,P011,Notebook,Stationery,3,26.51,0,79.53,0.0,79.53,Card,Store
TXN-0030338,2026-08-06,DXB-005,Dubai,CUST-04528,P002,Smartphone,Electronics,1,1866.17,5,1866.17,93.31,1772.86,Cash,Store
TXN-0030357,2026-08-06,DXB-004,Dubai,CUST-01591,P002,Smartphone,Electronics,1,1727.24,5,1727.24,86.36,1640.87,Card,Store
TXN-0030396,2026-08-06,DXB-002,Dubai,CUST-07669,P011,Notebook,Stationery,2,25.62,10,51.25,5.12,46.12,Cash,Store
TXN-0030402,2026-08-06,DXB-001,Dubai,CUST-04283,P011,Notebook,Stationery,2,25.69,0,51.39,0.0,51.39,Card,Store
TXN-0030536,2026-08-06,DXB-003,Dubai,CUST-02747,P009,Backpack,Accessories,4,211.18,0,844.71,0.0,844.71,Apple Pay,Store
TXN-0030540,2026-08-06,DXB-005,Dubai,CUST-02718,P001,Laptop,Electronics,1,2738.32,5,2738.32,136.92,2601.4,Card,Online
TXN-0030594,2026-08-06,DXB-002,Dubai,CUST-05839,P015,Tablet,Electronics,1,1127.18,0,1127.18,0.0,1127.18,Card,Store
TXN-0030619,2026-08-06,DXB-001,Dubai,CUST-00568,P013,USB Drive,Accessories,1,49.49,0,49.49,0.0,49.49,Cash,Store
TXN-0030640,2026-08-06,DXB-004,Dubai,CUST-03425,P013,USB Drive,Accessories,1,46.76,15,46.76,7.01,39.74,Cash,Store
TXN-0030656,2026-08-06,DXB-003,Dubai,CUST-01024,P001,Laptop,Electronics,1,2719.49,5,2719.49,135.97,2583.52,Apple Pay,Store
TXN-0030693,2026-08-06,DXB-004,Dubai,CUST-04051,P011,Notebook,Stationery,1,22.91,5,22.91,1.15,21.76,Cash,Store
TXN-0030710,2026-08-06,DXB-005,Dubai,CUST-02904,P001,Laptop,Electronics,5,2969.64,5,14848.22,742.41,14105.81,Card,Store
TXN-0030763,2026-08-06,DXB-001,Dubai,CUST-05282,P003,Headphones,Electronics,2,392.09,0,784.19,0.0,784.19,Cash,Store
TXN-0030770,2026-08-06,DXB-001,Dubai,CUST-01102,P004,Monitor,Electronics,1,859.44,20,859.44,171.89,687.56,Bank Transfer,Store
TXN-0030853,2026-08-06,DXB-005,Dubai,CUST-03955,P014,Power Bank,Electronics,6,135.15,0,810.87,0.0,810.87,Apple Pay,Store
TXN-0030871,2026-08-06,DXB-003,Dubai,CUST-02403,P014,Power Bank,Electronics,1,159.9,10,159.9,15.99,143.91,Bank Transfer,Online
TXN-0030875,2026-08-06,DXB-002,Dubai,CUST-04284,P001,Laptop,Electronics,1,3042.7,5,3042.7,152.13,2890.56,Bank Transfer,Store
TXN-0030958,2026-08-06,DXB-005,Dubai,CUST-07865,P006,Mouse,Accessories,3,92.94,15,278.81,41.82,236.98,Card,Online
TXN-0030962,2026-08-06,DXB-001,Dubai,CUST-03990,P014,Power Bank,Electronics,1,144.88,5,144.88,7.24,137.64,Bank Transfer,Online
TXN-0030970,2026-08-06,DXB-005,Dubai,CUST-00532,P002,Smartphone,Electronics,1,1598.22,10,1598.22,159.82,1438.4,Cash,Store
TXN-0030975,2026-08-06,DXB-005,Dubai,CUST-01142,P012,Pen Pack,Stationery,2,13.08,0,26.15,0.0,26.15,Cash,Online
TXN-0031018,2026-08-06,DXB-002,Dubai,CUST-00426,P003,Headphones,Electronics,4,346.8,10,1387.18,138.72,1248.46,Cash,Online
TXN-0031047,2026-08-06,DXB-005,Dubai,CUST-01692,P002,Smartphone,Electronics,3,1889.12,20,5667.35,1133.47,4533.88,Card,Store
TXN-0031066,2026-08-06,DXB-005,Dubai,CUST-00280,P011,Notebook,Stationery,1,25.07,0,25.07,0.0,25.07,Card,Online
TXN-0031072,2026-08-06,DXB-002,Dubai,CUST-01725,P001,Laptop,Electronics,2,2793.42,5,5586.84,279.34,5307.5,Cash,Store
TXN-0031168,2026-08-06,DXB-005,Dubai,CUST-05309,P010,Printer,Office,4,666.41,5,2665.65,133.28,2532.37,Apple Pay,Online
TXN-0031174,2026-08-06,DXB-005,Dubai,CUST-05163,P013,USB Drive,Accessories,2,44.63,10,89.27,8.93,80.34,Card,Store
TXN-0031399,2026-08-06,DXB-002,Dubai,CUST-04702,P012,Pen Pack,Stationery,1,13.95,5,13.95,0.7,13.25,Card,Store
TXN-0031412,2026-08-06,DXB-003,Dubai,CUST-05056,P015,Tablet,Electronics,1,1258.58,15,1258.58,188.79,1069.79,Apple Pay,Store
TXN-0031434,2026-08-06,DXB-003,Dubai,CUST-07473,P012,Pen Pack,Stationery,1,14.58,0,14.58,0.0,14.58,Card,Online
TXN-0031435,2026-08-06,DXB-002,Dubai,CUST-07414,P003,Headphones,Electronics,2,383.37,10,766.75,76.67,690.07,Cash,Store
TXN-0031597,2026-08-06,DXB-005,Dubai,CUST-03109,P009,Backpack,Accessories,3,228.35,0,685.06,0.0,685.06,Card,Online
TXN-0031630,2026-08-06,DXB-002,Dubai,CUST-01621,P008,Desk,Furniture,2,837.53,20,1675.07,335.01,1340.05,Cash,Store
TXN-0031660,2026-08-06,DXB-004,Dubai,CUST-02549,P015,Tablet,Electronics,1,1114.27,5,1114.27,55.71,1058.56,Card,Store
TXN-0031732,2026-08-06,DXB-001,Dubai,CUST-07388,P006,Mouse,Accessories,3,101.21,5,303.63,15.18,288.45,Card,Online
TXN-0031739,2026-08-06,DXB-003,Dubai,CUST-05822,P002,Smartphone,Electronics,2,1801.67,5,3603.33,180.17,3423.17,Card,Store
TXN-0031746,2026-08-06,DXB-003,Dubai,CUST-02921,P006,Mouse,Accessories,5,94.95,10,474.75,47.48,427.28,Apple Pay,Online
TXN-0031780,2026-08-06,DXB-003,Dubai,CUST-04077,P007,Office Chair,Furniture,2,599.07,20,1198.14,239.63,958.51,Cash,Online
TXN-0031873,2026-08-06,DXB-004,Dubai,CUST-03353,P009,Backpack,Accessories,1,239.23,5,239.23,11.96,227.27,Card,Online
TXN-0031951,2026-08-06,DXB-002,Dubai,CUST-01248,P007,Office Chair,Furniture,1,662.75,0,662.75,0.0,662.75,Cash,Store
TXN-0031986,2026-08-06,DXB-003,Dubai,CUST-04049,P009,Backpack,Accessories,1,214.31,0,214.31,0.0,214.31,Apple Pay,Store
TXN-0032010,2026-08-06,DXB-003,Dubai,CUST-04184,P012,Pen Pack,Stationery,1,15.08,0,15.08,0.0,15.08,Card,Store
TXN-0032066,2026-08-06,DXB-005,Dubai,CUST-00964,P011,Notebook,Stationery,1,23.22,10,23.22,2.32,20.9,Bank Transfer,Store
TXN-0032069,2026-08-06,DXB-002,Dubai,CUST-06479,P008,Desk,Furniture,2,764.09,10,1528.17,152.82,1375.36,Cash,Store
TXN-0032153,2026-08-06,DXB-005,Dubai,CUST-07012,P004,Monitor,Electronics,3,884.95,15,2654.85,398.23,2256.62,Apple Pay,Store
TXN-0032158,2026-08-06,DXB-005,Dubai,CUST-03261,P014,Power Bank,Electronics,1,144.8,0,144.8,0.0,144.8,Apple Pay,Store
TXN-0032300,2026-08-06,DXB-002,Dubai,CUST-06365,P009,Backpack,Accessories,2,218.1,20,436.21,87.24,348.96,Card,Store
TXN-0032353,2026-08-06,DXB-001,Dubai,CUST-04506,P004,Monitor,Electronics,6,843.73,5,5062.35,253.12,4809.23,Bank Transfer,Store
TXN-0032472,2026-08-06,DXB-001,Dubai,CUST-00168,P001,Laptop,Electronics,1,2753.76,15,2753.76,413.06,2340.69,Apple Pay,Store
TXN-0032478,2026-08-06,DXB-003,Dubai,CUST-03906,P003,Headphones,Electronics,1,382.2,5,382.2,19.11,363.09,Card,Store
TXN-0032481,2026-08-06,DXB-003,Dubai,CUST-06429,P001,Laptop,Electronics,3,3001.18,10,9003.55,900.36,8103.2,Card,Store
TXN-0032527,2026-08-06,DXB-004,Dubai,CUST-02838,P007,Office Chair,Furniture,1,644.57,0,644.57,0.0,644.57,Card,Store
TXN-0032653,2026-08-06,DXB-004,Dubai,CUST-04302,P009,Backpack,Accessories,3,198.98,0,596.95,0.0,596.95,Card,Store
TXN-0032659,2026-08-06,DXB-003,Dubai,CUST-07905,P007,Office Chair,Furniture,2,708.64,5,1417.29,70.86,1346.42,Card,Store
TXN-0032660,2026-08-06,DXB-001,Dubai,CUST-00373,P007,Office Chair,Furniture,1,641.63,0,641.63,0.0,641.63,Cash,Store
TXN-0032680,2026-08-06,DXB-002,Dubai,CUST-03251,P015,Tablet,Electronics,1,1232.89,10,1232.89,123.29,1109.6,Apple Pay,Online
TXN-0032687,2026-08-06,DXB-001,Dubai,CUST-07520,P002,Smartphone,Electronics,1,1858.58,15,1858.58,278.79,1579.79,Card,Store
TXN-0032769,2026-08-06,DXB-004,Dubai,CUST-04278,P003,Headphones,Electronics,1,332.49,0,332.49,0.0,332.49,Cash,Store
TXN-0032859,2026-08-06,DXB-001,Dubai,CUST-04679,P006,Mouse,Accessories,2,98.28,15,196.57,29.48,167.08,Cash,Store
TXN-0032896,2026-08-06,DXB-001,Dubai,CUST-02518,P009,Backpack,Accessories,1,201.78,5,201.78,10.09,191.69,Card,Store
TXN-0032910,2026-08-06,DXB-005,Dubai,CUST-00977,P015,Tablet,Electronics,1,1214.93,0,1214.93,0.0,1214.93,Apple Pay,Online
TXN-0032990,2026-08-06,DXB-005,Dubai,CUST-01817,P001,Laptop,Electronics,2,3001.75,10,6003.5,600.35,5403.15,Cash,Online
TXN-0033080,2026-08-06,DXB-003,Dubai,CUST-07446,P015,Tablet,Electronics,2,1135.74,10,2271.48,227.15,2044.34,Card,Store
TXN-0033167,2026-08-06,DXB-001,Dubai,CUST-05834,P013,USB Drive,Accessories,2,50.39,10,100.78,10.08,90.7,Cash,Store
TXN-0033212,2026-08-06,DXB-005,Dubai,CUST-07067,P015,Tablet,Electronics,2,1147.19,15,2294.38,344.16,1950.22,Bank Transfer,Store
TXN-0033289,2026-08-06,DXB-004,Dubai,CUST-06030,P012,Pen Pack,Stationery,2,15.19,5,30.38,1.52,28.86,Cash,Store
TXN-0033406,2026-08-06,DXB-003,Dubai,CUST-05877,P004,Monitor,Electronics,1,858.71,5,858.71,42.94,815.77,Card,Store
TXN-0033430,2026-08-06,DXB-003,Dubai,CUST-07197,P001,Laptop,Electronics,4,2544.95,0,10179.78,0.0,10179.78,Card,Store
TXN-0033462,2026-08-06,DXB-005,Dubai,CUST-06555,P010,Printer,Office,1,745.91,15,745.91,111.89,634.02,Card,Online
TXN-0033467,2026-08-06,DXB-001,Dubai,CUST-04290,P013,USB Drive,Accessories,1,50.35,10,50.35,5.03,45.31,Apple Pay,Online
TXN-0033494,2026-08-06,DXB-002,Dubai,CUST-02165,P009,Backpack,Accessories,2,207.3,0,414.6,0.0,414.6,Bank Transfer,Online
TXN-0033531,2026-08-06,DXB-003,Dubai,CUST-04591,P003,Headphones,Electronics,1,340.53,0,340.53,0.0,340.53,Card,Store
TXN-0033683,2026-08-06,DXB-005,Dubai,CUST-04500,P008,Desk,Furniture,1,681.76,10,681.76,68.18,613.58,Cash,Store
TXN-0033696,2026-08-06,DXB-004,Dubai,CUST-01302,P014,Power Bank,Electronics,2,164.68,0,329.36,0.0,329.36,Card,Online
TXN-0033728,2026-08-06,DXB-005,Dubai,CUST-01672,P008,Desk,Furniture,5,830.84,10,4154.22,415.42,3738.8,Card,Store
TXN-0033805,2026-08-06,DXB-001,Dubai,CUST-07768,P015,Tablet,Electronics,3,1287.61,5,3862.84,193.14,3669.7,Cash,Store
TXN-0033864,2026-08-06,DXB-001,Dubai,CUST-05422,P003,Headphones,Electronics,1,348.66,10,348.66,34.87,313.8,Card,Store
TXN-0033974,2026-08-06,DXB-003,Dubai,CUST-07925,P003,Headphones,Electronics,3,364.08,5,1092.24,54.61,1037.63,Card,Online
TXN-0034094,2026-08-06,DXB-001,Dubai,CUST-01761,P012,Pen Pack,Stationery,1,15.69,0,15.69,0.0,15.69,Apple Pay,Store
TXN-0034097,2026-08-06,DXB-001,Dubai,CUST-00592,P013,USB Drive,Accessories,4,51.86,10,207.45,20.75,186.71,Card,Store
TXN-0034182,2026-08-06,DXB-004,Dubai,CUST-04064,P002,Smartphone,Electronics,5,1643.81,15,8219.06,1232.86,6986.2,Apple Pay,Store
TXN-0034188,2026-08-06,DXB-004,Dubai,CUST-03282,P014,Power Bank,Electronics,4,146.91,0,587.63,0.0,587.63,Card,Store
TXN-0034191,2026-08-06,DXB-004,Dubai,CUST-03821,P015,Tablet,Electronics,1,1189.65,10,1189.65,118.97,1070.69,Bank Transfer,Online
TXN-0034268,2026-08-06,DXB-004,Dubai,CUST-01506,P009,Backpack,Accessories,1,239.2,0,239.2,0.0,239.2,Card,Store
TXN-0034285,2026-08-06,DXB-001,Dubai,CUST-07600,P007,Office Chair,Furniture,4,586.06,0,2344.23,0.0,2344.23,Apple Pay,Store
TXN-0034337,2026-08-06,DXB-002,Dubai,CUST-03202,P010,Printer,Office,2,735.41,15,1470.82,220.62,1250.19,Cash,Store
TXN-0034378,2026-08-06,DXB-003,Dubai,CUST-02294,P010,Printer,Office,3,676.54,0,2029.62,0.0,2029.62,Card,Online
TXN-0034475,2026-08-06,DXB-002,Dubai,CUST-04228,P012,Pen Pack,Stationery,3,14.58,5,43.73,2.19,41.54,Bank Transfer,Online
TXN-0034533,2026-08-06,DXB-004,Dubai,CUST-06278,P015,Tablet,Electronics,2,1322.35,0,2644.71,0.0,2644.71,Apple Pay,Online
TXN-0034648,2026-08-06,DXB-002,Dubai,CUST-00133,P015,Tablet,Electronics,2,1120.93,5,2241.87,112.09,2129.77,Apple Pay,Online
TXN-0034689,2026-08-06,DXB-003,Dubai,CUST-06948,P006,Mouse,Accessories,1,101.71,5,101.71,5.09,96.62,Card,Store
TXN-0034731,2026-08-06,DXB-004,Dubai,CUST-02511,P006,Mouse,Accessories,1,95.62,0,95.62,0.0,95.62,Cash,Store
TXN-0034755,2026-08-06,DXB-002,Dubai,CUST-06637,P015,Tablet,Electronics,2,1283.56,10,2567.13,256.71,2310.42,Card,Store
TXN-0034800,2026-08-06,DXB-002,Dubai,CUST-04477,P010,Printer,Office,4,730.38,10,2921.53,292.15,2629.38,Card,Store
TXN-0034853,2026-08-06,DXB-004,Dubai,CUST-04484,P007,Office Chair,Furniture,2,599.91,15,1199.82,179.97,1019.84,Apple Pay,Store
TXN-0034903,2026-08-06,DXB-001,Dubai,CUST-06689,P012,Pen Pack,Stationery,1,13.87,0,13.87,0.0,13.87,Apple Pay,Online
TXN-0034920,2026-08-06,DXB-003,Dubai,CUST-04986,P014,Power Bank,Electronics,4,137.48,0,549.94,0.0,549.94,Card,Store
TXN-0034998,2026-08-06,DXB-001,Dubai,CUST-05633,P009,Backpack,Accessories,2,211.95,10,423.91,42.39,381.52,Card,Store
TXN-0035006,2026-08-06,DXB-003,Dubai,CUST-05582,P015,Tablet,Electronics,3,993.25,0,2979.76,0.0,2979.76,Card,Store
TXN-0035029,2026-08-06,DXB-004,Dubai,CUST-05107,P012,Pen Pack,Stationery,1,15.29,0,15.29,0.0,15.29,Card,Store
TXN-0035079,2026-08-06,DXB-005,Dubai,CUST-07436,P014,Power Bank,Electronics,1,153.27,20,153.27,30.65,122.62,Cash,Store
TXN-0035122,2026-08-06,DXB-005,Dubai,CUST-03774,P006,Mouse,Accessories,3,104.85,10,314.56,31.46,283.1,Card,Store
TXN-0035161,2026-08-06,DXB-002,Dubai,CUST-00951,P014,Power Bank,Electronics,3,157.01,10,471.02,47.1,423.92,Apple Pay,Store
TXN-0035179,2026-08-06,DXB-004,Dubai,CUST-03149,P014,Power Bank,Electronics,1,128.18,0,128.18,0.0,128.18,Card,Store
TXN-0035186,2026-08-06,DXB-001,Dubai,CUST-04783,P006,Mouse,Accessories,2,102.3,10,204.61,20.46,184.15,Card,Store
TXN-0035197,2026-08-06,DXB-001,Dubai,CUST-02850,P012,Pen Pack,Stationery,1,15.2,5,15.2,0.76,14.44,Card,Store
TXN-0035249,2026-08-06,DXB-004,Dubai,CUST-06607,P004,Monitor,Electronics,3,978.13,0,2934.38,0.0,2934.38,Cash,Store
TXN-0035449,2026-08-06,DXB-001,Dubai,CUST-05836,P001,Laptop,Electronics,4,3004.17,5,12016.67,600.83,11415.84,Apple Pay,Store
TXN-0035750,2026-08-06,DXB-001,Dubai,CUST-07220,P003,Headphones,Electronics,5,366.2,10,1831.01,183.1,1647.91,Card,Store
TXN-0035752,2026-08-06,DXB-001,Dubai,CUST-01012,P006,Mouse,Accessories,1,96.69,0,96.69,0.0,96.69,Cash,Store
TXN-0035753,2026-08-06,DXB-003,Dubai,CUST-03098,P010,Printer,Office,1,755.59,20,755.59,151.12,604.47,Apple Pay,Online
TXN-0035787,2026-08-06,DXB-004,Dubai,CUST-07528,P014,Power Bank,Electronics,2,163.12,15,326.24,48.94,277.31,Card,Store
TXN-0035813,2026-08-06,DXB-001,Dubai,CUST-06776,P005,Keyboard,Accessories,1,188.04,10,188.04,18.8,169.24,Cash,Store
TXN-0035911,2026-08-06,DXB-005,Dubai,CUST-00973,P004,Monitor,Electronics,3,922.33,10,2766.98,276.7,2490.28,Apple Pay,Store
TXN-0035960,2026-08-06,DXB-003,Dubai,CUST-00004,P010,Printer,Office,1,691.69,0,691.69,0.0,691.69,Card,Store
TXN-0036018,2026-08-06,DXB-005,Dubai,CUST-04211,P013,USB Drive,Accessories,6,46.07,5,276.42,13.82,262.6,Cash,Online
TXN-0036082,2026-08-06,DXB-005,Dubai,CUST-02136,P014,Power Bank,Electronics,1,149.9,10,149.9,14.99,134.91,Apple Pay,Online
TXN-0036094,2026-08-06,DXB-001,Dubai,CUST-07121,P015,Tablet,Electronics,1,1238.68,0,1238.68,0.0,1238.68,Card,Store
TXN-0036229,2026-08-06,DXB-004,Dubai,CUST-00203,P003,Headphones,Electronics,1,374.1,0,374.1,0.0,374.1,Apple Pay,Store
TXN-0036235,2026-08-06,DXB-001,Dubai,CUST-01746,P008,Desk,Furniture,1,842.51,5,842.51,42.13,800.38,Apple Pay,Store
TXN-0036245,2026-08-06,DXB-001,Dubai,CUST-06510,P001,Laptop,Electronics,4,2965.0,15,11859.99,1779.0,10080.99,Apple Pay,Store
TXN-0036375,2026-08-06,DXB-005,Dubai,CUST-02854,P005,Keyboard,Accessories,1,181.99,20,181.99,36.4,145.59,Apple Pay,Store
TXN-0036384,2026-08-06,DXB-004,Dubai,CUST-05622,P006,Mouse,Accessories,3,104.44,5,313.31,15.67,297.65,Card,Store
TXN-0036387,2026-08-06,DXB-003,Dubai,CUST-06131,P009,Backpack,Accessories,1,226.68,0,226.68,0.0,226.68,Apple Pay,Store
TXN-0036400,2026-08-06,DXB-003,Dubai,CUST-07067,P004,Monitor,Electronics,1,911.11,0,911.11,0.0,911.11,Card,Store
TXN-0036408,2026-08-06,DXB-002,Dubai,CUST-07259,P011,Notebook,Stationery,3,23.7,0,71.1,0.0,71.1,Card,Online
TXN-0036449,2026-08-06,DXB-005,Dubai,CUST-00829,P004,Monitor,Electronics,1,902.37,10,902.37,90.24,812.13,Apple Pay,Store
TXN-0036562,2026-08-06,DXB-004,Dubai,CUST-00722,P003,Headphones,Electronics,1,331.21,10,331.21,33.12,298.09,Bank Transfer,Online
TXN-0036583,2026-08-06,DXB-004,Dubai,CUST-01714,P005,Keyboard,Accessories,2,180.45,10,360.9,36.09,324.81,Card,Online
TXN-0036587,2026-08-06,DXB-001,Dubai,CUST-01004,P008,Desk,Furniture,5,795.09,0,3975.44,0.0,3975.44,Card,Store
TXN-0036599,2026-08-06,DXB-002,Dubai,CUST-04411,P008,Desk,Furniture,3,851.91,10,2555.73,255.57,2300.16,Cash,Store
TXN-0036613,2026-08-06,DXB-001,Dubai,CUST-00167,P003,Headphones,Electronics,2,349.01,20,698.02,139.6,558.41,Apple Pay,Store
TXN-0036782,2026-08-06,DXB-003,Dubai,CUST-01014,P010,Printer,Office,2,685.91,0,1371.83,0.0,1371.83,Card,Store
TXN-0036806,2026-08-06,DXB-003,Dubai,CUST-07690,P010,Printer,Office,3,741.36,0,2224.07,0.0,2224.07,Cash,Store
TXN-0036818,2026-08-06,DXB-002,Dubai,CUST-01822,P009,Backpack,Accessories,5,228.67,5,1143.35,57.17,1086.19,Cash,Store
TXN-0036840,2026-08-06,DXB-002,Dubai,CUST-00269,P014,Power Bank,Electronics,1,157.06,0,157.06,0.0,157.06,Bank Transfer,Online
TXN-0036852,2026-08-06,DXB-004,Dubai,CUST-02906,P013,USB Drive,Accessories,3,46.07,0,138.21,0.0,138.21,Card,Store
TXN-0036883,2026-08-06,DXB-005,Dubai,CUST-07342,P004,Monitor,Electronics,1,926.4,0,926.4,0.0,926.4,Cash,Online
TXN-0036886,2026-08-06,DXB-001,Dubai,CUST-05158,P014,Power Bank,Electronics,2,142.5,0,285.0,0.0,285.0,Card,Online
TXN-0037178,2026-08-06,DXB-004,Dubai,CUST-00244,P003,Headphones,Electronics,6,330.86,0,1985.18,0.0,1985.18,Card,Store
TXN-0037217,2026-08-06,DXB-003,Dubai,CUST-03819,P002,Smartphone,Electronics,1,1712.33,5,1712.33,85.62,1626.71,Bank Transfer,Store
TXN-0037324,2026-08-06,DXB-002,Dubai,CUST-02498,P002,Smartphone,Electronics,2,1788.41,10,3576.82,357.68,3219.13,Apple Pay,Store
TXN-0037375,2026-08-06,DXB-003,Dubai,CUST-01785,P003,Headphones,Electronics,1,348.93,10,348.93,34.89,314.04,Card,Store
TXN-0037410,2026-08-06,DXB-004,Dubai,CUST-06737,P012,Pen Pack,Stationery,4,14.74,5,58.97,2.95,56.02,Card,Store
TXN-0037450,2026-08-06,DXB-004,Dubai,CUST-07613,P001,Laptop,Electronics,1,2574.85,0,2574.85,0.0,2574.85,Cash,Store
TXN-0037464,2026-08-06,DXB-004,Dubai,CUST-07838,P010,Printer,Office,1,729.19,10,729.19,72.92,656.27,Bank Transfer,Store
TXN-0037498,2026-08-06,DXB-002,Dubai,CUST-05945,P004,Monitor,Electronics,1,958.76,20,958.76,191.75,767.01,Card,Store
TXN-0037507,2026-08-06,DXB-001,Dubai,CUST-03648,P003,Headphones,Electronics,1,379.11,0,379.11,0.0,379.11,Cash,Online
TXN-0037510,2026-08-06,DXB-001,Dubai,CUST-03657,P011,Notebook,Stationery,1,25.71,0,25.71,0.0,25.71,Bank Transfer,Online
TXN-0037628,2026-08-06,DXB-001,Dubai,CUST-07394,P009,Backpack,Accessories,1,216.11,5,216.11,10.81,205.3,Cash,Store
TXN-0037636,2026-08-06,DXB-003,Dubai,CUST-03193,P003,Headphones,Electronics,1,347.73,0,347.73,0.0,347.73,Cash,Store
TXN-0037641,2026-08-06,DXB-001,Dubai,CUST-05887,P014,Power Bank,Electronics,2,140.67,10,281.35,28.13,253.21,Cash,Store
TXN-0037700,2026-08-06,DXB-005,Dubai,CUST-07768,P003,Headphones,Electronics,3,347.88,5,1043.63,52.18,991.44,Apple Pay,Store
TXN-0037738,2026-08-06,DXB-005,Dubai,CUST-00993,P014,Power Bank,Electronics,4,157.69,10,630.77,63.08,567.69,Bank Transfer,Store
TXN-0037829,2026-08-06,DXB-003,Dubai,CUST-07500,P009,Backpack,Accessories,3,215.31,0,645.93,0.0,645.93,Cash,Store
TXN-0037948,2026-08-06,DXB-002,Dubai,CUST-02822,P012,Pen Pack,Stationery,2,15.03,10,30.06,3.01,27.05,Card,Store
TXN-0037967,2026-08-06,DXB-002,Dubai,CUST-03259,P015,Tablet,Electronics,1,1201.73,5,1201.73,60.09,1141.64,Apple Pay,Store
TXN-0037997,2026-08-06,DXB-002,Dubai,CUST-02213,P002,Smartphone,Electronics,3,1837.4,0,5512.21,0.0,5512.21,Cash,Online
TXN-0038009,2026-08-06,DXB-002,Dubai,CUST-01597,P001,Laptop,Electronics,1,2975.62,10,2975.62,297.56,2678.06,Cash,Store
TXN-0038022,2026-08-06,DXB-001,Dubai,CUST-02270,P007,Office Chair,Furniture,1,607.16,0,607.16,0.0,607.16,Apple Pay,Online
TXN-0038054,2026-08-06,DXB-001,Dubai,CUST-04638,P005,Keyboard,Accessories,1,203.91,5,203.91,10.2,193.71,Card,Online
TXN-0038076,2026-08-06,DXB-001,Dubai,CUST-03034,P007,Office Chair,Furniture,1,678.44,15,678.44,101.77,576.68,Card,Store
TXN-0038189,2026-08-06,DXB-004,Dubai,CUST-03123,P014,Power Bank,Electronics,2,148.14,15,296.27,44.44,251.83,Cash,Online
TXN-0038230,2026-08-06,DXB-005,Dubai,CUST-03189,P014,Power Bank,Electronics,1,147.36,0,147.36,0.0,147.36,Card,Online
TXN-0038251,2026-08-06,DXB-003,Dubai,CUST-03651,P012,Pen Pack,Stationery,1,17.02,15,17.02,2.55,14.47,Card,Online
TXN-0038299,2026-08-06,DXB-003,Dubai,CUST-04371,P015,Tablet,Electronics,1,1167.45,10,1167.45,116.74,1050.7,Card,Store
TXN-0038328,2026-08-06,DXB-001,Dubai,CUST-06024,P003,Headphones,Electronics,1,335.12,15,335.12,50.27,284.85,Cash,Store
TXN-0038333,2026-08-06,DXB-002,Dubai,CUST-07514,P005,Keyboard,Accessories,1,183.01,0,183.01,0.0,183.01,Card,Online
TXN-0038335,2026-08-06,DXB-003,Dubai,CUST-03644,P008,Desk,Furniture,1,783.48,0,783.48,0.0,783.48,Card,Store
TXN-0038425,2026-08-06,DXB-005,Dubai,CUST-00103,P002,Smartphone,Electronics,6,1755.99,0,10535.95,0.0,10535.95,Apple Pay,Store
TXN-0038460,2026-08-06,DXB-005,Dubai,CUST-07038,P010,Printer,Office,2,695.34,0,1390.69,0.0,1390.69,Card,Online
TXN-0038495,2026-08-06,DXB-004,Dubai,CUST-05142,P014,Power Bank,Electronics,1,155.07,0,155.07,0.0,155.07,Apple Pay,Store
TXN-0038500,2026-08-06,DXB-004,Dubai,CUST-03181,P006,Mouse,Accessories,1,96.34,0,96.34,0.0,96.34,Card,Online
TXN-0038530,2026-08-06,DXB-002,Dubai,CUST-04480,P014,Power Bank,Electronics,1,141.93,5,141.93,7.1,134.83,Card,Online
TXN-0038730,2026-08-06,DXB-001,Dubai,CUST-05508,P008,Desk,Furniture,1,797.87,0,797.87,0.0,797.87,Cash,Online
TXN-0038852,2026-08-06,DXB-002,Dubai,CUST-03033,P008,Desk,Furniture,2,826.92,0,1653.83,0.0,1653.83,Cash,Store
TXN-0038863,2026-08-06,DXB-003,Dubai,CUST-00664,P005,Keyboard,Accessories,1,193.02,0,193.02,0.0,193.02,Cash,Store
TXN-0038922,2026-08-06,DXB-005,Dubai,CUST-07356,P012,Pen Pack,Stationery,6,14.34,15,86.05,12.91,73.14,Apple Pay,Store
TXN-0038925,2026-08-06,DXB-005,Dubai,CUST-00010,P010,Printer,Office,1,705.95,5,705.95,35.3,670.65,Card,Store
TXN-0038930,2026-08-06,DXB-002,Dubai,CUST-00026,P012,Pen Pack,Stationery,4,14.38,15,57.51,8.63,48.88,Cash,Store
TXN-0038939,2026-08-06,DXB-004,Dubai,CUST-01605,P010,Printer,Office,2,672.4,5,1344.8,67.24,1277.56,Card,Store
TXN-0039009,2026-08-06,DXB-003,Dubai,CUST-00222,P005,Keyboard,Accessories,3,175.53,5,526.59,26.33,500.26,Apple Pay,Online
TXN-0039130,2026-08-06,DXB-005,Dubai,CUST-03299,P004,Monitor,Electronics,3,939.3,15,2817.91,422.69,2395.22,Card,Online
TXN-0039151,2026-08-06,DXB-002,Dubai,CUST-00124,P008,Desk,Furniture,1,832.99,5,832.99,41.65,791.34,Card,Online
TXN-0039248,2026-08-06,DXB-003,Dubai,CUST-01030,P003,Headphones,Electronics,4,353.85,0,1415.4,0.0,1415.4,Cash,Online
TXN-0039321,2026-08-06,DXB-001,Dubai,CUST-02996,P007,Office Chair,Furniture,5,656.5,10,3282.52,328.25,2954.27,Cash,Store
TXN-0039373,2026-08-06,DXB-004,Dubai,CUST-03547,P014,Power Bank,Electronics,2,144.37,0,288.74,0.0,288.74,Card,Online
TXN-0039411,2026-08-06,DXB-003,Dubai,CUST-01614,P008,Desk,Furniture,2,821.99,20,1643.98,328.8,1315.19,Card,Store
TXN-0039558,2026-08-06,DXB-005,Dubai,CUST-07726,P006,Mouse,Accessories,2,98.73,10,197.47,19.75,177.72,Card,Online
TXN-0039589,2026-08-06,DXB-003,Dubai,CUST-04555,P004,Monitor,Electronics,1,810.79,10,810.79,81.08,729.71,Apple Pay,Store
TXN-0039635,2026-08-06,DXB-001,Dubai,CUST-07458,P005,Keyboard,Accessories,1,185.24,5,185.24,9.26,175.98,Card,Store
TXN-0039641,2026-08-06,DXB-004,Dubai,CUST-05501,P004,Monitor,Electronics,1,969.83,10,969.83,96.98,872.84,Card,Store
TXN-0039685,2026-08-06,DXB-002,Dubai,CUST-01871,P002,Smartphone,Electronics,2,2022.35,5,4044.69,202.23,3842.46,Cash,Store
TXN-0039750,2026-08-06,DXB-002,Dubai,CUST-03325,P008,Desk,Furniture,2,860.94,0,1721.87,0.0,1721.87,Card,Online
TXN-0039772,2026-08-06,DXB-005,Dubai,CUST-06965,P002,Smartphone,Electronics,2,1851.0,0,3702.0,0.0,3702.0,Card,Store
TXN-0039876,2026-08-06,DXB-002,Dubai,CUST-06622,P008,Desk,Furniture,1,823.5,5,823.5,41.17,782.32,Cash,Store
TXN-0039907,2026-08-06,DXB-003,Dubai,CUST-02439,P006,Mouse,Accessories,1,103.99,10,103.99,10.4,93.59,Apple Pay,Online
TXN-0039911,2026-08-06,DXB-001,Dubai,CUST-02546,P011,Notebook,Stationery,1,25.18,15,25.18,3.78,21.4,Cash,Online
TXN-0039941,2026-08-06,DXB-001,Dubai,CUST-01267,P008,Desk,Furniture,2,810.54,5,1621.08,81.05,1540.02,Card,Online
TXN-0040084,2026-08-06,DXB-004,Dubai,CUST-02231,P012,Pen Pack,Stationery,1,14.61,0,14.61,0.0,14.61,Card,Store
TXN-0040088,2026-08-06,DXB-001,Dubai,CUST-03705,P008,Desk,Furniture,3,794.66,0,2383.98,0.0,2383.98,Apple Pay,Store
TXN-0040260,2026-08-06,DXB-002,Dubai,CUST-03920,P010,Printer,Office,1,624.36,5,624.36,31.22,593.14,Apple Pay,Online
TXN-0040374,2026-08-06,DXB-001,Dubai,CUST-00498,P009,Backpack,Accessories,1,221.99,0,221.99,0.0,221.99,Card,Store
TXN-0040486,2026-08-06,DXB-003,Dubai,CUST-06704,P014,Power Bank,Electronics,2,166.4,10,332.79,33.28,299.52,Card,Online
TXN-0040613,2026-08-06,DXB-001,Dubai,CUST-00678,P009,Backpack,Accessories,5,224.47,20,1122.33,224.47,897.86,Card,Store
TXN-0040670,2026-08-06,DXB-005,Dubai,CUST-00203,P006,Mouse,Accessories,1,93.86,0,93.86,0.0,93.86,Apple Pay,Store
TXN-0040671,2026-08-06,DXB-003,Dubai,CUST-00721,P014,Power Bank,Electronics,1,143.33,20,143.33,28.67,114.67,Cash,Store
TXN-0040789,2026-08-06,DXB-002,Dubai,CUST-00275,P008,Desk,Furniture,1,867.21,5,867.21,43.36,823.85,Apple Pay,Online
TXN-0040824,2026-08-06,DXB-003,Dubai,CUST-01154,P009,Backpack,Accessories,2,208.14,20,416.28,83.26,333.02,Cash,Store
TXN-0040875,2026-08-06,DXB-005,Dubai,CUST-01556,P013,USB Drive,Accessories,1,39.6,0,39.6,0.0,39.6,Card,Store
TXN-0040895,2026-08-06,DXB-004,Dubai,CUST-06150,P007,Office Chair,Furniture,1,562.55,5,562.55,28.13,534.42,Cash,Store
TXN-0040911,2026-08-06,DXB-002,Dubai,CUST-06027,P011,Notebook,Stationery,1,26.24,5,26.24,1.31,24.92,Card,Store
TXN-0041090,2026-08-06,DXB-003,Dubai,CUST-04694,P002,Smartphone,Electronics,3,1958.58,5,5875.74,293.79,5581.96,Bank Transfer,Store
TXN-0041102,2026-08-06,DXB-003,Dubai,CUST-00167,P010,Printer,Office,2,734.76,0,1469.51,0.0,1469.51,Bank Transfer,Store
TXN-0041165,2026-08-06,DXB-001,Dubai,CUST-01423,P001,Laptop,Electronics,2,2917.75,0,5835.5,0.0,5835.5,Card,Online
TXN-0041168,2026-08-06,DXB-005,Dubai,CUST-07213,P013,USB Drive,Accessories,2,46.46,0,92.93,0.0,92.93,Apple Pay,Store
TXN-0041181,2026-08-06,DXB-001,Dubai,CUST-04981,P014,Power Bank,Electronics,1,153.3,10,153.3,15.33,137.97,Apple Pay,Online
TXN-0041276,2026-08-06,DXB-004,Dubai,CUST-06502,P010,Printer,Office,1,736.76,5,736.76,36.84,699.92,Apple Pay,Store
TXN-0041318,2026-08-06,DXB-003,Dubai,CUST-03173,P004,Monitor,Electronics,1,959.7,5,959.7,47.98,911.71,Card,Store
TXN-0041453,2026-08-06,DXB-002,Dubai,CUST-06819,P005,Keyboard,Accessories,2,183.49,0,366.98,0.0,366.98,Apple Pay,Store
TXN-0041522,2026-08-06,DXB-003,Dubai,CUST-06772,P005,Keyboard,Accessories,1,177.26,10,177.26,17.73,159.53,Cash,Store
TXN-0041543,2026-08-06,DXB-003,Dubai,CUST-04887,P001,Laptop,Electronics,1,2553.54,15,2553.54,383.03,2170.51,Cash,Store
TXN-0041565,2026-08-06,DXB-004,Dubai,CUST-01359,P012,Pen Pack,Stationery,1,15.39,0,15.39,0.0,15.39,Card,Store
TXN-0041583,2026-08-06,DXB-002,Dubai,CUST-00249,P015,Tablet,Electronics,1,1153.77,0,1153.77,0.0,1153.77,Card,Store
TXN-0041615,2026-08-06,DXB-004,Dubai,CUST-03022,P012,Pen Pack,Stationery,1,16.16,0,16.16,0.0,16.16,Apple Pay,Store
TXN-0041664,2026-08-06,DXB-003,Dubai,CUST-00334,P003,Headphones,Electronics,3,341.04,15,1023.11,153.47,869.65,Card,Store
TXN-0041806,2026-08-06,DXB-003,Dubai,CUST-03344,P013,USB Drive,Accessories,6,47.14,15,282.86,42.43,240.43,Card,Store
TXN-0041849,2026-08-06,DXB-002,Dubai,CUST-04045,P010,Printer,Office,4,722.83,10,2891.31,289.13,2602.17,Bank Transfer,Online
TXN-0041898,2026-08-06,DXB-005,Dubai,CUST-00216,P002,Smartphone,Electronics,3,1773.05,15,5319.16,797.87,4521.29,Card,Store
TXN-0041954,2026-08-06,DXB-001,Dubai,CUST-06753,P014,Power Bank,Electronics,2,142.71,0,285.41,0.0,285.41,Apple Pay,Store
TXN-0042120,2026-08-06,DXB-002,Dubai,CUST-00887,P011,Notebook,Stationery,1,25.93,5,25.93,1.3,24.63,Card,Store
TXN-0042202,2026-08-06,DXB-005,Dubai,CUST-00932,P014,Power Bank,Electronics,1,138.39,0,138.39,0.0,138.39,Card,Store
TXN-0042321,2026-08-06,DXB-001,Dubai,CUST-03974,P014,Power Bank,Electronics,2,153.68,15,307.36,46.1,261.26,Cash,Online
TXN-0042368,2026-08-06,DXB-002,Dubai,CUST-04739,P002,Smartphone,Electronics,1,1721.69,5,1721.69,86.08,1635.6,Card,Store
TXN-0042377,2026-08-06,DXB-002,Dubai,CUST-06268,P011,Notebook,Stationery,1,24.78,20,24.78,4.96,19.82,Card,Store
TXN-0042402,2026-08-06,DXB-002,Dubai,CUST-01772,P015,Tablet,Electronics,1,1484.69,10,1484.69,148.47,1336.22,Card,Online
TXN-0042439,2026-08-06,DXB-002,Dubai,CUST-05636,P013,USB Drive,Accessories,1,48.8,15,48.8,7.32,41.48,Cash,Online
TXN-0042526,2026-08-06,DXB-003,Dubai,CUST-01534,P013,USB Drive,Accessories,3,49.73,5,149.18,7.46,141.72,Card,Store
TXN-0042664,2026-08-06,DXB-002,Dubai,CUST-02571,P013,USB Drive,Accessories,1,43.47,5,43.47,2.17,41.3,Cash,Store
TXN-0042837,2026-08-06,DXB-001,Dubai,CUST-06426,P008,Desk,Furniture,1,843.55,0,843.55,0.0,843.55,Card,Online
TXN-0042860,2026-08-06,DXB-001,Dubai,CUST-03376,P013,USB Drive,Accessories,1,46.26,0,46.26,0.0,46.26,Card,Store
TXN-0042865,2026-08-06,DXB-003,Dubai,CUST-02136,P014,Power Bank,Electronics,1,143.54,10,143.54,14.35,129.19,Bank Transfer,Store
TXN-0042866,2026-08-06,DXB-001,Dubai,CUST-07420,P013,USB Drive,Accessories,3,44.45,0,133.36,0.0,133.36,Card,Online
TXN-0042883,2026-08-06,DXB-005,Dubai,CUST-01466,P013,USB Drive,Accessories,1,44.23,5,44.23,2.21,42.02,Cash,Online
TXN-0042904,2026-08-06,DXB-005,Dubai,CUST-07744,P012,Pen Pack,Stationery,2,14.5,0,29.01,0.0,29.01,Cash,Store
TXN-0042940,2026-08-06,DXB-001,Dubai,CUST-06183,P005,Keyboard,Accessories,1,170.38,0,170.38,0.0,170.38,Apple Pay,Store
TXN-0042989,2026-08-06,DXB-003,Dubai,CUST-04783,P004,Monitor,Electronics,1,883.07,10,883.07,88.31,794.76,Card,Store
TXN-0043011,2026-08-06,DXB-003,Dubai,CUST-03997,P005,Keyboard,Accessories,2,172.39,15,344.79,51.72,293.07,Card,Store
TXN-0043012,2026-08-06,DXB-005,Dubai,CUST-03267,P013,USB Drive,Accessories,1,41.98,15,41.98,6.3,35.68,Cash,Store
TXN-0043059,2026-08-06,DXB-002,Dubai,CUST-05574,P006,Mouse,Accessories,5,95.27,0,476.37,0.0,476.37,Cash,Online
TXN-0043093,2026-08-06,DXB-002,Dubai,CUST-05873,P007,Office Chair,Furniture,1,666.61,10,666.61,66.66,599.95,Card,Online
TXN-0043115,2026-08-06,DXB-001,Dubai,CUST-00338,P009,Backpack,Accessories,3,211.33,15,633.98,95.1,538.88,Bank Transfer,Online
TXN-0043126,2026-08-06,DXB-005,Dubai,CUST-05845,P006,Mouse,Accessories,1,102.02,10,102.02,10.2,91.81,Card,Online
TXN-0043309,2026-08-06,DXB-005,Dubai,CUST-03973,P002,Smartphone,Electronics,1,1649.73,10,1649.73,164.97,1484.76,Card,Online
TXN-0043356,2026-08-06,DXB-005,Dubai,CUST-04506,P001,Laptop,Electronics,1,2593.19,15,2593.19,388.98,2204.21,Cash,Store
TXN-0043370,2026-08-06,DXB-001,Dubai,CUST-02075,P015,Tablet,Electronics,3,1259.95,10,3779.86,377.99,3401.87,Card,Store
TXN-0043403,2026-08-06,DXB-001,Dubai,CUST-06778,P001,Laptop,Electronics,1,2759.15,5,2759.15,137.96,2621.2,Card,Store
TXN-0043413,2026-08-06,DXB-001,Dubai,CUST-00847,P002,Smartphone,Electronics,2,1728.68,0,3457.36,0.0,3457.36,Card,Store
TXN-0043468,2026-08-06,DXB-001,Dubai,CUST-05671,P003,Headphones,Electronics,2,413.9,5,827.8,41.39,786.41,Card,Store
TXN-0043476,2026-08-06,DXB-003,Dubai,CUST-01374,P013,USB Drive,Accessories,1,43.86,10,43.86,4.39,39.47,Bank Transfer,Store
TXN-0043605,2026-08-06,DXB-002,Dubai,CUST-03862,P001,Laptop,Electronics,2,2727.61,0,5455.23,0.0,5455.23,Card,Store
TXN-0043671,2026-08-06,DXB-002,Dubai,CUST-02378,P009,Backpack,Accessories,1,199.68,5,199.68,9.98,189.7,Cash,Store
TXN-0043683,2026-08-06,DXB-002,Dubai,CUST-06524,P007,Office Chair,Furniture,2,637.59,15,1275.19,191.28,1083.91,Bank Transfer,Store
TXN-0043785,2026-08-06,DXB-004,Dubai,CUST-07304,P015,Tablet,Electronics,3,1192.37,0,3577.1,0.0,3577.1,Card,Online
TXN-0043869,2026-08-06,DXB-002,Dubai,CUST-07608,P012,Pen Pack,Stationery,5,16.42,5,82.08,4.1,77.97,Card,Store
TXN-0044047,2026-08-06,DXB-001,Dubai,CUST-02787,P014,Power Bank,Electronics,1,154.84,20,154.84,30.97,123.87,Apple Pay,Online
TXN-0044131,2026-08-06,DXB-001,Dubai,CUST-04786,P013,USB Drive,Accessories,1,44.97,10,44.97,4.5,40.48,Cash,Store
TXN-0044176,2026-08-06,DXB-005,Dubai,CUST-02121,P004,Monitor,Electronics,1,899.18,5,899.18,44.96,854.22,Apple Pay,Online
TXN-0044181,2026-08-06,DXB-001,Dubai,CUST-01266,P008,Desk,Furniture,2,732.34,5,1464.68,73.23,1391.44,Card,Store
TXN-0044225,2026-08-06,DXB-002,Dubai,CUST-01733,P003,Headphones,Electronics,2,385.41,5,770.82,38.54,732.28,Apple Pay,Store
TXN-0044272,2026-08-06,DXB-003,Dubai,CUST-00809,P004,Monitor,Electronics,2,917.11,5,1834.22,91.71,1742.51,Card,Online
TXN-0044279,2026-08-06,DXB-002,Dubai,CUST-01385,P006,Mouse,Accessories,3,100.78,0,302.34,0.0,302.34,Card,Store
TXN-0044321,2026-08-06,DXB-003,Dubai,CUST-00547,P002,Smartphone,Electronics,4,1604.4,10,6417.61,641.76,5775.85,Apple Pay,Store
TXN-0044329,2026-08-06,DXB-002,Dubai,CUST-03633,P012,Pen Pack,Stationery,1,16.52,0,16.52,0.0,16.52,Cash,Store
TXN-0044405,2026-08-06,DXB-005,Dubai,CUST-05613,P005,Keyboard,Accessories,1,170.88,5,170.88,8.54,162.33,Cash,Store
TXN-0044411,2026-08-06,DXB-004,Dubai,CUST-01202,P006,Mouse,Accessories,1,89.22,10,89.22,8.92,80.29,Cash,Store
TXN-0044494,2026-08-06,DXB-004,Dubai,CUST-00389,P002,Smartphone,Electronics,3,1633.03,10,4899.1,489.91,4409.19,Card,Store
TXN-0044520,2026-08-06,DXB-002,Dubai,CUST-00488,P007,Office Chair,Furniture,2,683.36,20,1366.71,273.34,1093.37,Card,Store
TXN-0044582,2026-08-06,DXB-003,Dubai,CUST-01231,P014,Power Bank,Electronics,5,159.16,0,795.82,0.0,795.82,Apple Pay,Online
TXN-0044661,2026-08-06,DXB-005,Dubai,CUST-02498,P003,Headphones,Electronics,2,357.68,0,715.36,0.0,715.36,Card,Online
TXN-0044840,2026-08-06,DXB-002,Dubai,CUST-00534,P015,Tablet,Electronics,2,1102.51,0,2205.01,0.0,2205.01,Cash,Store
TXN-0044845,2026-08-06,DXB-001,Dubai,CUST-00832,P008,Desk,Furniture,2,845.7,5,1691.39,84.57,1606.82,Bank Transfer,Online
TXN-0044914,2026-08-06,DXB-003,Dubai,CUST-05180,P008,Desk,Furniture,1,749.7,5,749.7,37.48,712.21,Card,Online
TXN-0044931,2026-08-06,DXB-003,Dubai,CUST-05578,P001,Laptop,Electronics,1,2812.35,0,2812.35,0.0,2812.35,Card,Online
TXN-0044943,2026-08-06,DXB-002,Dubai,CUST-03567,P015,Tablet,Electronics,2,1233.21,0,2466.43,0.0,2466.43,Card,Online
TXN-0045075,2026-08-06,DXB-003,Dubai,CUST-06094,P009,Backpack,Accessories,1,204.05,15,204.05,30.61,173.44,Apple Pay,Store
TXN-0045139,2026-08-06,DXB-001,Dubai,CUST-03117,P013,USB Drive,Accessories,2,50.63,0,101.26,0.0,101.26,Card,Store
TXN-0045177,2026-08-06,DXB-005,Dubai,CUST-02461,P011,Notebook,Stationery,1,24.27,0,24.27,0.0,24.27,Card,Store
TXN-0045269,2026-08-06,DXB-004,Dubai,CUST-01583,P014,Power Bank,Electronics,2,171.65,0,343.31,0.0,343.31,Card,Online
TXN-0045379,2026-08-06,DXB-002,Dubai,CUST-05075,P013,USB Drive,Accessories,1,43.37,15,43.37,6.51,36.86,Apple Pay,Store
TXN-0045462,2026-08-06,DXB-003,Dubai,CUST-00595,P001,Laptop,Electronics,2,2716.84,0,5433.69,0.0,5433.69,Apple Pay,Store
TXN-0045527,2026-08-06,DXB-002,Dubai,CUST-05501,P008,Desk,Furniture,1,842.25,10,842.25,84.22,758.02,Card,Online
TXN-0045586,2026-08-06,DXB-004,Dubai,CUST-02959,P004,Monitor,Electronics,1,959.28,15,959.28,143.89,815.39,Card,Store
TXN-0045587,2026-08-06,DXB-003,Dubai,CUST-00030,P015,Tablet,Electronics,1,1127.27,15,1127.27,169.09,958.18,Card,Store
TXN-0045784,2026-08-06,DXB-002,Dubai,CUST-02688,P004,Monitor,Electronics,1,919.32,10,919.32,91.93,827.39,Card,Store
TXN-0045796,2026-08-06,DXB-005,Dubai,CUST-03922,P015,Tablet,Electronics,1,1081.9,5,1081.9,54.09,1027.8,Card,Store
TXN-0045809,2026-08-06,DXB-001,Dubai,CUST-07022,P013,USB Drive,Accessories,1,51.21,5,51.21,2.56,48.65,Cash,Online
TXN-0045838,2026-08-06,DXB-002,Dubai,CUST-01277,P009,Backpack,Accessories,1,219.7,0,219.7,0.0,219.7,Apple Pay,Store
TXN-0045845,2026-08-06,DXB-005,Dubai,CUST-06774,P004,Monitor,Electronics,2,759.06,5,1518.12,75.91,1442.22,Cash,Store
TXN-0045854,2026-08-06,DXB-005,Dubai,CUST-06157,P003,Headphones,Electronics,1,344.47,0,344.47,0.0,344.47,Card,Store
TXN-0045958,2026-08-06,DXB-004,Dubai,CUST-00695,P007,Office Chair,Furniture,1,662.62,0,662.62,0.0,662.62,Cash,Store
TXN-0046010,2026-08-06,DXB-002,Dubai,CUST-03024,P002,Smartphone,Electronics,4,1715.08,0,6860.3,0.0,6860.3,Apple Pay,Store
TXN-0046023,2026-08-06,DXB-003,Dubai,CUST-07571,P001,Laptop,Electronics,1,2942.21,15,2942.21,441.33,2500.88,Card,Online
TXN-0046063,2026-08-06,DXB-005,Dubai,CUST-07570,P005,Keyboard,Accessories,3,187.29,0,561.87,0.0,561.87,Cash,Store
TXN-0046071,2026-08-06,DXB-004,Dubai,CUST-05105,P013,USB Drive,Accessories,4,41.42,5,165.68,8.28,157.39,Card,Store
TXN-0046072,2026-08-06,DXB-001,Dubai,CUST-03178,P004,Monitor,Electronics,5,845.69,10,4228.46,422.85,3805.61,Cash,Store
TXN-0046123,2026-08-06,DXB-004,Dubai,CUST-05059,P014,Power Bank,Electronics,1,155.67,0,155.67,0.0,155.67,Card,Store
TXN-0046223,2026-08-06,DXB-001,Dubai,CUST-06174,P009,Backpack,Accessories,4,219.53,5,878.12,43.91,834.22,Apple Pay,Store
TXN-0046246,2026-08-06,DXB-005,Dubai,CUST-00586,P004,Monitor,Electronics,2,895.91,15,1791.81,268.77,1523.04,Apple Pay,Store
TXN-0046319,2026-08-06,DXB-002,Dubai,CUST-01375,P002,Smartphone,Electronics,3,1743.02,5,5229.05,261.45,4967.6,Card,Store
TXN-0046473,2026-08-06,DXB-005,Dubai,CUST-00571,P011,Notebook,Stationery,1,27.36,10,27.36,2.74,24.62,Card,Store
TXN-0046561,2026-08-06,DXB-002,Dubai,CUST-00460,P006,Mouse,Accessories,1,97.99,5,97.99,4.9,93.09,Cash,Online
TXN-0046608,2026-08-06,DXB-003,Dubai,CUST-07056,P014,Power Bank,Electronics,2,148.05,5,296.1,14.8,281.29,Cash,Store
TXN-0046625,2026-08-06,DXB-004,Dubai,CUST-07150,P011,Notebook,Stationery,1,24.97,10,24.97,2.5,22.48,Cash,Store
TXN-0046742,2026-08-06,DXB-005,Dubai,CUST-01887,P004,Monitor,Electronics,1,952.4,10,952.4,95.24,857.16,Card,Online
TXN-0046842,2026-08-06,DXB-004,Dubai,CUST-04875,P006,Mouse,Accessories,3,98.25,5,294.74,14.74,280.0,Cash,Store
TXN-0046860,2026-08-06,DXB-005,Dubai,CUST-01775,P004,Monitor,Electronics,3,1072.31,0,3216.93,0.0,3216.93,Apple Pay,Store
TXN-0046954,2026-08-06,DXB-002,Dubai,CUST-04555,P007,Office Chair,Furniture,1,621.56,0,621.56,0.0,621.56,Card,Online
TXN-0046962,2026-08-06,DXB-004,Dubai,CUST-03753,P013,USB Drive,Accessories,4,48.07,0,192.27,0.0,192.27,Card,Store
TXN-0046963,2026-08-06,DXB-003,Dubai,CUST-01823,P012,Pen Pack,Stationery,2,15.7,5,31.4,1.57,29.83,Apple Pay,Online
TXN-0046990,2026-08-06,DXB-001,Dubai,CUST-01648,P011,Notebook,Stationery,1,25.31,5,25.31,1.27,24.05,Apple Pay,Online
TXN-0047128,2026-08-06,DXB-003,Dubai,CUST-03923,P010,Printer,Office,3,763.1,20,2289.3,457.86,1831.44,Apple Pay,Store
TXN-0047156,2026-08-06,DXB-004,Dubai,CUST-01658,P013,USB Drive,Accessories,1,42.53,20,42.53,8.51,34.03,Card,Store
TXN-0047159,2026-08-06,DXB-004,Dubai,CUST-03556,P014,Power Bank,Electronics,3,152.37,5,457.11,22.86,434.26,Card,Online
TXN-0047475,2026-08-06,DXB-001,Dubai,CUST-01173,P012,Pen Pack,Stationery,2,15.61,0,31.22,0.0,31.22,Card,Store
TXN-0047479,2026-08-06,DXB-004,Dubai,CUST-06653,P005,Keyboard,Accessories,1,176.62,10,176.62,17.66,158.96,Card,Store
TXN-0047480,2026-08-06,DXB-003,Dubai,CUST-04264,P011,Notebook,Stationery,1,24.23,5,24.23,1.21,23.02,Card,Store
TXN-0047579,2026-08-06,DXB-001,Dubai,CUST-02491,P012,Pen Pack,Stationery,1,14.61,0,14.61,0.0,14.61,Apple Pay,Store
TXN-0047633,2026-08-06,DXB-004,Dubai,CUST-01736,P004,Monitor,Electronics,1,960.42,0,960.42,0.0,960.42,Cash,Store
TXN-0047647,2026-08-06,DXB-001,Dubai,CUST-01066,P007,Office Chair,Furniture,2,655.21,0,1310.42,0.0,1310.42,Cash,Store
TXN-0047690,2026-08-06,DXB-003,Dubai,CUST-03193,P008,Desk,Furniture,1,870.18,5,870.18,43.51,826.67,Bank Transfer,Online
TXN-0047725,2026-08-06,DXB-005,Dubai,CUST-03573,P007,Office Chair,Furniture,1,649.38,0,649.38,0.0,649.38,Card,Online
TXN-0047777,2026-08-06,DXB-005,Dubai,CUST-01693,P003,Headphones,Electronics,1,343.47,0,343.47,0.0,343.47,Apple Pay,Store
TXN-0047842,2026-08-06,DXB-002,Dubai,CUST-00554,P001,Laptop,Electronics,4,2844.29,0,11377.15,0.0,11377.15,Card,Store
TXN-0047892,2026-08-06,DXB-002,Dubai,CUST-04144,P005,Keyboard,Accessories,3,159.35,10,478.05,47.81,430.25,Card,Store
TXN-0048123,2026-08-06,DXB-004,Dubai,CUST-07168,P013,USB Drive,Accessories,2,45.77,0,91.54,0.0,91.54,Cash,Store
TXN-0048323,2026-08-06,DXB-003,Dubai,CUST-02519,P003,Headphones,Electronics,1,316.88,5,316.88,15.84,301.03,Card,Store
TXN-0048348,2026-08-06,DXB-005,Dubai,CUST-00213,P013,USB Drive,Accessories,1,50.56,5,50.56,2.53,48.03,Card,Store
TXN-0048372,2026-08-06,DXB-003,Dubai,CUST-04973,P014,Power Bank,Electronics,1,160.13,0,160.13,0.0,160.13,Card,Online
TXN-0048415,2026-08-06,DXB-001,Dubai,CUST-06350,P001,Laptop,Electronics,3,2861.45,0,8584.35,0.0,8584.35,Card,Store
TXN-0048488,2026-08-06,DXB-004,Dubai,CUST-04333,P010,Printer,Office,2,705.78,10,1411.56,141.16,1270.4,Card,Store
TXN-0048625,2026-08-06,DXB-003,Dubai,CUST-06349,P013,USB Drive,Accessories,1,47.82,0,47.82,0.0,47.82,Card,Store
TXN-0048742,2026-08-06,DXB-003,Dubai,CUST-03893,P014,Power Bank,Electronics,1,146.32,0,146.32,0.0,146.32,Cash,Store
TXN-0048755,2026-08-06,DXB-005,Dubai,CUST-04425,P012,Pen Pack,Stationery,3,15.22,5,45.65,2.28,43.37,Card,Store
TXN-0048784,2026-08-06,DXB-004,Dubai,CUST-05954,P001,Laptop,Electronics,1,2852.48,10,2852.48,285.25,2567.23,Cash,Store
TXN-0048823,2026-08-06,DXB-004,Dubai,CUST-03516,P004,Monitor,Electronics,4,903.98,0,3615.91,0.0,3615.91,Card,Store
TXN-0048913,2026-08-06,DXB-003,Dubai,CUST-07077,P004,Monitor,Electronics,1,933.74,15,933.74,140.06,793.68,Cash,Store
TXN-0048969,2026-08-06,DXB-004,Dubai,CUST-02450,P012,Pen Pack,Stationery,2,14.68,10,29.35,2.94,26.42,Card,Online
TXN-0048984,2026-08-06,DXB-002,Dubai,CUST-04292,P007,Office Chair,Furniture,1,632.42,15,632.42,94.86,537.56,Bank Transfer,Store
TXN-0049116,2026-08-06,DXB-002,Dubai,CUST-02492,P004,Monitor,Electronics,1,869.89,10,869.89,86.99,782.9,Card,Store
TXN-0049204,2026-08-06,DXB-002,Dubai,CUST-02989,P005,Keyboard,Accessories,1,180.95,5,180.95,9.05,171.9,Card,Store
TXN-0049237,2026-08-06,DXB-002,Dubai,CUST-07967,P007,Office Chair,Furniture,1,682.06,5,682.06,34.1,647.96,Apple Pay,Online
TXN-0049250,2026-08-06,DXB-002,Dubai,CUST-05612,P001,Laptop,Electronics,3,2727.05,5,8181.14,409.06,7772.08,Card,Store
TXN-0049306,2026-08-06,DXB-002,Dubai,CUST-04547,P011,Notebook,Stationery,2,27.13,0,54.27,0.0,54.27,Card,Store
TXN-0049373,2026-08-06,DXB-005,Dubai,CUST-00788,P012,Pen Pack,Stationery,1,15.1,15,15.1,2.27,12.84,Cash,Store
TXN-0049466,2026-08-06,DXB-004,Dubai,CUST-00684,P013,USB Drive,Accessories,1,43.19,0,43.19,0.0,43.19,Card,Store
TXN-0049484,2026-08-06,DXB-001,Dubai,CUST-06435,P014,Power Bank,Electronics,2,137.75,15,275.49,41.32,234.17,Cash,Online
TXN-0049512,2026-08-06,DXB-004,Dubai,CUST-05135,P005,Keyboard,Accessories,2,186.25,15,372.5,55.87,316.62,Card,Online
TXN-0049543,2026-08-06,DXB-003,Dubai,CUST-04771,P014,Power Bank,Electronics,2,163.23,10,326.47,32.65,293.82,Cash,Online
TXN-0049655,2026-08-06,DXB-002,Dubai,CUST-01633,P006,Mouse,Accessories,1,104.7,10,104.7,10.47,94.23,Cash,Store
TXN-0049670,2026-08-06,DXB-004,Dubai,CUST-06373,P007,Office Chair,Furniture,2,687.12,0,1374.24,0.0,1374.24,Card,Store
TXN-0049706,2026-08-06,DXB-004,Dubai,CUST-05440,P010,Printer,Office,4,704.36,5,2817.45,140.87,2676.58,Apple Pay,Store
TXN-0049860,2026-08-06,DXB-002,Dubai,CUST-05814,P006,Mouse,Accessories,1,108.15,5,108.15,5.41,102.74,Card,Store
TXN-0049900,2026-08-06,DXB-003,Dubai,CUST-02546,P009,Backpack,Accessories,3,185.8,15,557.41,83.61,473.8,Bank Transfer,Online
TXN-0050001,2026-08-06,DXB-003,Dubai,CUST-06447,P009,Backpack,Accessories,1,201.98,15,201.98,30.3,171.68,Card,Store
TXN-0050094,2026-08-06,DXB-002,Dubai,CUST-03396,P006,Mouse,Accessories,1,98.83,10,98.83,9.88,88.95,Card,Store
TXN-0050237,2026-08-06,DXB-003,Dubai,CUST-04761,P013,USB Drive,Accessories,1,46.14,10,46.14,4.61,41.53,Card,Store
TXN-0050254,2026-08-06,DXB-005,Dubai,CUST-00346,P003,Headphones,Electronics,3,362.7,10,1088.11,108.81,979.3,Apple Pay,Store
TXN-0050271,2026-08-06,DXB-001,Dubai,CUST-00704,P007,Office Chair,Furniture,1,648.77,10,648.77,64.88,583.89,Card,Store
TXN-0050409,2026-08-06,DXB-004,Dubai,CUST-04282,P008,Desk,Furniture,1,795.12,0,795.12,0.0,795.12,Cash,Store
TXN-0050476,2026-08-06,DXB-002,Dubai,CUST-02568,P006,Mouse,Accessories,1,104.12,10,104.12,10.41,93.7,Apple Pay,Store
TXN-0050497,2026-08-06,DXB-001,Dubai,CUST-04374,P002,Smartphone,Electronics,1,1760.32,5,1760.32,88.02,1672.31,Cash,Store
TXN-0050673,2026-08-06,DXB-002,Dubai,CUST-00307,P009,Backpack,Accessories,1,203.4,5,203.4,10.17,193.23,Bank Transfer,Store
TXN-0050871,2026-08-06,DXB-005,Dubai,CUST-01079,P007,Office Chair,Furniture,1,743.52,15,743.52,111.53,631.99,Card,Store
TXN-0050875,2026-08-06,DXB-003,Dubai,CUST-07715,P012,Pen Pack,Stationery,1,14.19,5,14.19,0.71,13.48,Card,Store
TXN-0050883,2026-08-06,DXB-005,Dubai,CUST-05319,P013,USB Drive,Accessories,1,46.65,10,46.65,4.67,41.99,Card,Store
TXN-0050953,2026-08-06,DXB-002,Dubai,CUST-03000,P013,USB Drive,Accessories,5,48.11,0,240.53,0.0,240.53,Card,Store
TXN-0050958,2026-08-06,DXB-001,Dubai,CUST-01456,P012,Pen Pack,Stationery,2,15.35,0,30.69,0.0,30.69,Card,Online
TXN-0050985,2026-08-06,DXB-001,Dubai,CUST-02440,P012,Pen Pack,Stationery,3,15.64,5,46.92,2.35,44.57,Apple Pay,Store
TXN-0050994,2026-08-06,DXB-002,Dubai,CUST-04101,P006,Mouse,Accessories,1,98.45,15,98.45,14.77,83.68,Cash,Store
TXN-0051253,2026-08-06,DXB-001,Dubai,CUST-00869,P005,Keyboard,Accessories,1,177.41,10,177.41,17.74,159.67,Card,Store
TXN-0051342,2026-08-06,DXB-001,Dubai,CUST-01511,P003,Headphones,Electronics,5,350.3,10,1751.48,175.15,1576.33,Cash,Online
TXN-0051387,2026-08-06,DXB-001,Dubai,CUST-01431,P010,Printer,Office,2,627.67,0,1255.34,0.0,1255.34,Card,Online
TXN-0051484,2026-08-06,DXB-003,Dubai,CUST-06517,P005,Keyboard,Accessories,2,180.5,0,361.0,0.0,361.0,Card,Online
TXN-0051605,2026-08-06,DXB-001,Dubai,CUST-00634,P015,Tablet,Electronics,1,1047.57,5,1047.57,52.38,995.19,Card,Store
TXN-0051638,2026-08-06,DXB-005,Dubai,CUST-02249,P006,Mouse,Accessories,3,103.99,0,311.96,0.0,311.96,Card,Online
TXN-0051702,2026-08-06,DXB-001,Dubai,CUST-03073,P015,Tablet,Electronics,1,1175.16,0,1175.16,0.0,1175.16,Card,Store
TXN-0051756,2026-08-06,DXB-002,Dubai,CUST-06863,P013,USB Drive,Accessories,1,45.49,15,45.49,6.82,38.67,Apple Pay,Store
TXN-0051798,2026-08-06,DXB-001,Dubai,CUST-04139,P008,Desk,Furniture,1,789.21,0,789.21,0.0,789.21,Cash,Online
TXN-0051817,2026-08-06,DXB-003,Dubai,CUST-00998,P006,Mouse,Accessories,1,99.15,10,99.15,9.91,89.23,Cash,Store
TXN-0051841,2026-08-06,DXB-005,Dubai,CUST-02593,P004,Monitor,Electronics,2,893.15,0,1786.3,0.0,1786.3,Apple Pay,Store
TXN-0051849,2026-08-06,DXB-004,Dubai,CUST-01836,P008,Desk,Furniture,1,866.75,0,866.75,0.0,866.75,Cash,Store
TXN-0051858,2026-08-06,DXB-004,Dubai,CUST-03600,P010,Printer,Office,4,684.45,15,2737.79,410.67,2327.13,Card,Online
TXN-0051862,2026-08-06,DXB-002,Dubai,CUST-06279,P011,Notebook,Stationery,1,26.58,0,26.58,0.0,26.58,Cash,Store
TXN-0051920,2026-08-06,DXB-005,Dubai,CUST-07925,P010,Printer,Office,4,744.07,0,2976.28,0.0,2976.28,Card,Online
TXN-0051950,2026-08-06,DXB-005,Dubai,CUST-03096,P013,USB Drive,Accessories,2,48.94,10,97.89,9.79,88.1,Cash,Store
TXN-0051957,2026-08-06,DXB-001,Dubai,CUST-03795,P008,Desk,Furniture,1,778.41,15,778.41,116.76,661.65,Card,Online
TXN-0052037,2026-08-06,DXB-002,Dubai,CUST-00409,P003,Headphones,Electronics,2,365.68,0,731.37,0.0,731.37,Card,Store
TXN-0052296,2026-08-06,DXB-002,Dubai,CUST-03385,P005,Keyboard,Accessories,1,176.65,0,176.65,0.0,176.65,Bank Transfer,Store
TXN-0052361,2026-08-06,DXB-004,Dubai,CUST-00442,P015,Tablet,Electronics,4,1144.6,10,4578.42,457.84,4120.58,Card,Online
TXN-0052363,2026-08-06,DXB-001,Dubai,CUST-03801,P011,Notebook,Stationery,1,24.3,0,24.3,0.0,24.3,Card,Store
TXN-0052560,2026-08-06,DXB-002,Dubai,CUST-05396,P005,Keyboard,Accessories,1,193.22,5,193.22,9.66,183.56,Card,Store
TXN-0052624,2026-08-06,DXB-004,Dubai,CUST-02239,P001,Laptop,Electronics,2,2652.47,15,5304.94,795.74,4509.2,Apple Pay,Store
TXN-0052638,2026-08-06,DXB-005,Dubai,CUST-03284,P001,Laptop,Electronics,1,2536.92,0,2536.92,0.0,2536.92,Card,Store
TXN-0052702,2026-08-06,DXB-005,Dubai,CUST-02058,P005,Keyboard,Accessories,3,185.6,20,556.8,111.36,445.44,Cash,Store
TXN-0052706,2026-08-06,DXB-002,Dubai,CUST-01748,P015,Tablet,Electronics,2,1029.09,10,2058.18,205.82,1852.36,Apple Pay,Online
TXN-0052849,2026-08-06,DXB-004,Dubai,CUST-04854,P001,Laptop,Electronics,1,2858.24,15,2858.24,428.74,2429.5,Card,Store
TXN-0052877,2026-08-06,DXB-002,Dubai,CUST-04456,P014,Power Bank,Electronics,1,149.46,0,149.46,0.0,149.46,Card,Online
TXN-0052942,2026-08-06,DXB-005,Dubai,CUST-06539,P011,Notebook,Stationery,1,22.71,15,22.71,3.41,19.3,Card,Store
TXN-0053073,2026-08-06,DXB-001,Dubai,CUST-05907,P011,Notebook,Stationery,2,23.26,5,46.53,2.33,44.2,Card,Store
TXN-0053077,2026-08-06,DXB-005,Dubai,CUST-04601,P010,Printer,Office,2,642.76,0,1285.52,0.0,1285.52,Cash,Store
TXN-0053135,2026-08-06,DXB-002,Dubai,CUST-01769,P014,Power Bank,Electronics,1,148.54,0,148.54,0.0,148.54,Bank Transfer,Store
TXN-0053166,2026-08-06,DXB-003,Dubai,CUST-00450,P001,Laptop,Electronics,2,2716.99,20,5433.97,1086.79,4347.18,Bank Transfer,Online
TXN-0053193,2026-08-06,DXB-004,Dubai,CUST-01600,P008,Desk,Furniture,2,836.39,0,1672.78,0.0,1672.78,Cash,Store
TXN-0053297,2026-08-06,DXB-004,Dubai,CUST-00587,P009,Backpack,Accessories,1,197.75,0,197.75,0.0,197.75,Card,Store
TXN-0053337,2026-08-06,DXB-003,Dubai,CUST-05118,P010,Printer,Office,1,782.1,15,782.1,117.32,664.79,Card,Online
TXN-0053394,2026-08-06,DXB-004,Dubai,CUST-04358,P003,Headphones,Electronics,1,369.3,0,369.3,0.0,369.3,Card,Store
TXN-0053435,2026-08-06,DXB-002,Dubai,CUST-06936,P003,Headphones,Electronics,1,348.03,5,348.03,17.4,330.63,Card,Online
TXN-0053457,2026-08-06,DXB-002,Dubai,CUST-00478,P002,Smartphone,Electronics,6,1759.22,5,10555.32,527.77,10027.56,Bank Transfer,Store
TXN-0053465,2026-08-06,DXB-004,Dubai,CUST-04704,P003,Headphones,Electronics,2,347.62,5,695.25,34.76,660.48,Card,Store
TXN-0053495,2026-08-06,DXB-002,Dubai,CUST-05451,P014,Power Bank,Electronics,1,145.51,10,145.51,14.55,130.96,Bank Transfer,Store
TXN-0053510,2026-08-06,DXB-003,Dubai,CUST-04296,P012,Pen Pack,Stationery,2,15.44,5,30.87,1.54,29.33,Card,Online
TXN-0053636,2026-08-06,DXB-002,Dubai,CUST-01364,P014,Power Bank,Electronics,1,166.39,0,166.39,0.0,166.39,Card,Store
TXN-0053816,2026-08-06,DXB-004,Dubai,CUST-01858,P012,Pen Pack,Stationery,2,15.24,20,30.48,6.1,24.38,Cash,Store
TXN-0053905,2026-08-06,DXB-001,Dubai,CUST-02018,P005,Keyboard,Accessories,1,163.4,0,163.4,0.0,163.4,Apple Pay,Store
TXN-0054049,2026-08-06,DXB-004,Dubai,CUST-04738,P012,Pen Pack,Stationery,1,14.84,0,14.84,0.0,14.84,Card,Store
TXN-0054112,2026-08-06,DXB-001,Dubai,CUST-02412,P010,Printer,Office,2,750.42,5,1500.85,75.04,1425.81,Bank Transfer,Store
TXN-0054213,2026-08-06,DXB-002,Dubai,CUST-01675,P009,Backpack,Accessories,1,226.21,5,226.21,11.31,214.9,Cash,Store
TXN-0054301,2026-08-06,DXB-002,Dubai,CUST-07460,P015,Tablet,Electronics,1,1131.92,5,1131.92,56.6,1075.32,Card,Online
TXN-0054332,2026-08-06,DXB-001,Dubai,CUST-07487,P001,Laptop,Electronics,1,2569.38,0,2569.38,0.0,2569.38,Card,Online
TXN-0054363,2026-08-06,DXB-001,Dubai,CUST-00650,P012,Pen Pack,Stationery,2,15.33,0,30.66,0.0,30.66,Apple Pay,Store
TXN-0054412,2026-08-06,DXB-004,Dubai,CUST-05630,P003,Headphones,Electronics,6,341.09,10,2046.51,204.65,1841.86,Card,Online
TXN-0054415,2026-08-06,DXB-002,Dubai,CUST-03749,P008,Desk,Furniture,3,886.02,5,2658.06,132.9,2525.16,Apple Pay,Store
TXN-0054452,2026-08-06,DXB-003,Dubai,CUST-00285,P006,Mouse,Accessories,5,99.86,0,499.29,0.0,499.29,Bank Transfer,Store
TXN-0054691,2026-08-06,DXB-003,Dubai,CUST-02746,P015,Tablet,Electronics,3,1235.34,0,3706.03,0.0,3706.03,Cash,Store
TXN-0054727,2026-08-06,DXB-004,Dubai,CUST-03880,P005,Keyboard,Accessories,4,204.3,5,817.19,40.86,776.33,Apple Pay,Online
TXN-0054729,2026-08-06,DXB-003,Dubai,CUST-03949,P015,Tablet,Electronics,1,1372.56,0,1372.56,0.0,1372.56,Apple Pay,Store
TXN-0054752,2026-08-06,DXB-001,Dubai,CUST-03674,P013,USB Drive,Accessories,1,44.49,10,44.49,4.45,40.04,Card,Store
TXN-0054781,2026-08-06,DXB-001,Dubai,CUST-05034,P014,Power Bank,Electronics,1,161.31,0,161.31,0.0,161.31,Apple Pay,Store
TXN-0054827,2026-08-06,DXB-005,Dubai,CUST-02984,P014,Power Bank,Electronics,1,154.5,15,154.5,23.18,131.33,Card,Store
TXN-0054845,2026-08-06,DXB-002,Dubai,CUST-02270,P001,Laptop,Electronics,2,2822.85,5,5645.7,282.29,5363.42,Apple Pay,Store
TXN-0054880,2026-08-06,DXB-003,Dubai,CUST-06986,P005,Keyboard,Accessories,2,180.22,0,360.44,0.0,360.44,Apple Pay,Store
TXN-0054924,2026-08-06,DXB-004,Dubai,CUST-00499,P004,Monitor,Electronics,1,973.25,15,973.25,145.99,827.26,Apple Pay,Store
TXN-0055031,2026-08-06,DXB-005,Dubai,CUST-05169,P007,Office Chair,Furniture,1,674.21,5,674.21,33.71,640.5,Card,Online
TXN-0055063,2026-08-06,DXB-005,Dubai,CUST-03147,P006,Mouse,Accessories,2,108.53,5,217.07,10.85,206.21,Cash,Store
TXN-0055075,2026-08-06,DXB-005,Dubai,CUST-01217,P013,USB Drive,Accessories,1,43.52,15,43.52,6.53,37.0,Card,Store
TXN-0055099,2026-08-06,DXB-002,Dubai,CUST-04296,P013,USB Drive,Accessories,3,49.81,0,149.44,0.0,149.44,Apple Pay,Online
TXN-0055187,2026-08-06,DXB-005,Dubai,CUST-05415,P015,Tablet,Electronics,1,1203.6,15,1203.6,180.54,1023.06,Card,Online
TXN-0055232,2026-08-06,DXB-004,Dubai,CUST-02461,P010,Printer,Office,3,675.99,5,2027.96,101.4,1926.56,Apple Pay,Store
TXN-0055253,2026-08-06,DXB-004,Dubai,CUST-03310,P013,USB Drive,Accessories,3,47.82,5,143.46,7.17,136.29,Card,Store
TXN-0055263,2026-08-06,DXB-003,Dubai,CUST-01338,P012,Pen Pack,Stationery,1,16.51,0,16.51,0.0,16.51,Card,Store
TXN-0055325,2026-08-06,DXB-002,Dubai,CUST-00782,P013,USB Drive,Accessories,1,41.58,5,41.58,2.08,39.5,Apple Pay,Online
TXN-0055443,2026-08-06,DXB-005,Dubai,CUST-07914,P012,Pen Pack,Stationery,4,15.29,5,61.14,3.06,58.09,Card,Store
TXN-0055486,2026-08-06,DXB-005,Dubai,CUST-06288,P006,Mouse,Accessories,1,105.2,10,105.2,10.52,94.68,Card,Store
TXN-0055506,2026-08-06,DXB-005,Dubai,CUST-06413,P008,Desk,Furniture,3,821.58,15,2464.75,369.71,2095.04,Apple Pay,Store
TXN-0055522,2026-08-06,DXB-005,Dubai,CUST-05720,P012,Pen Pack,Stationery,2,15.36,5,30.73,1.54,29.19,Card,Store
TXN-0055523,2026-08-06,DXB-001,Dubai,CUST-01617,P009,Backpack,Accessories,2,201.7,0,403.4,0.0,403.4,Card,Store
TXN-0055683,2026-08-06,DXB-001,Dubai,CUST-06259,P014,Power Bank,Electronics,1,151.83,0,151.83,0.0,151.83,Cash,Store
TXN-0055812,2026-08-06,DXB-004,Dubai,CUST-04142,P005,Keyboard,Accessories,5,182.11,0,910.57,0.0,910.57,Card,Store
TXN-0055914,2026-08-06,DXB-004,Dubai,CUST-02428,P003,Headphones,Electronics,2,342.39,10,684.79,68.48,616.31,Apple Pay,Store
TXN-0055918,2026-08-06,DXB-003,Dubai,CUST-03016,P008,Desk,Furniture,2,765.98,10,1531.96,153.2,1378.76,Cash,Store
TXN-0055930,2026-08-06,DXB-004,Dubai,CUST-05928,P002,Smartphone,Electronics,2,1677.93,0,3355.86,0.0,3355.86,Cash,Store
TXN-0055987,2026-08-06,DXB-002,Dubai,CUST-07112,P010,Printer,Office,1,713.91,0,713.91,0.0,713.91,Cash,Store
TXN-0056056,2026-08-06,DXB-003,Dubai,CUST-03809,P005,Keyboard,Accessories,3,189.99,0,569.98,0.0,569.98,Cash,Store
TXN-0056106,2026-08-06,DXB-001,Dubai,CUST-06441,P015,Tablet,Electronics,1,1240.91,10,1240.91,124.09,1116.82,Apple Pay,Online
TXN-0056125,2026-08-06,DXB-004,Dubai,CUST-05328,P004,Monitor,Electronics,1,911.84,0,911.84,0.0,911.84,Card,Online
TXN-0056127,2026-08-06,DXB-001,Dubai,CUST-03761,P010,Printer,Office,1,699.24,20,699.24,139.85,559.39,Apple Pay,Store
TXN-0056153,2026-08-06,DXB-004,Dubai,CUST-00386,P008,Desk,Furniture,2,841.06,10,1682.13,168.21,1513.91,Card,Store
TXN-0056231,2026-08-06,DXB-001,Dubai,CUST-03830,P005,Keyboard,Accessories,2,187.45,5,374.91,18.75,356.16,Card,Store
TXN-0056322,2026-08-06,DXB-001,Dubai,CUST-04787,P015,Tablet,Electronics,3,1347.75,0,4043.24,0.0,4043.24,Bank Transfer,Store
TXN-0056437,2026-08-06,DXB-005,Dubai,CUST-01383,P008,Desk,Furniture,1,828.23,0,828.23,0.0,828.23,Apple Pay,Online
TXN-0056450,2026-08-06,DXB-003,Dubai,CUST-01683,P009,Backpack,Accessories,2,201.01,10,402.02,40.2,361.82,Bank Transfer,Store
TXN-0056607,2026-08-06,DXB-001,Dubai,CUST-03468,P008,Desk,Furniture,1,724.1,5,724.1,36.21,687.9,Cash,Store
TXN-0056621,2026-08-06,DXB-001,Dubai,CUST-07545,P008,Desk,Furniture,1,814.47,5,814.47,40.72,773.75,Apple Pay,Online
TXN-0056690,2026-08-06,DXB-001,Dubai,CUST-01810,P004,Monitor,Electronics,4,777.58,10,3110.31,311.03,2799.28,Card,Store
TXN-0056759,2026-08-06,DXB-003,Dubai,CUST-00980,P001,Laptop,Electronics,1,3051.48,0,3051.48,0.0,3051.48,Card,Online
TXN-0056774,2026-08-06,DXB-001,Dubai,CUST-01068,P011,Notebook,Stationery,2,26.47,20,52.94,10.59,42.35,Card,Store
TXN-0056826,2026-08-06,DXB-003,Dubai,CUST-06034,P005,Keyboard,Accessories,2,175.97,5,351.95,17.6,334.35,Card,Store
TXN-0056870,2026-08-06,DXB-001,Dubai,CUST-07390,P001,Laptop,Electronics,1,2761.97,10,2761.97,276.2,2485.77,Card,Online
TXN-0056876,2026-08-06,DXB-003,Dubai,CUST-05117,P008,Desk,Furniture,1,711.11,0,711.11,0.0,711.11,Card,Online
TXN-0056881,2026-08-06,DXB-001,Dubai,CUST-06221,P002,Smartphone,Electronics,2,1935.86,10,3871.72,387.17,3484.55,Apple Pay,Store
TXN-0056956,2026-08-06,DXB-002,Dubai,CUST-06094,P007,Office Chair,Furniture,1,667.45,10,667.45,66.74,600.7,Card,Store
TXN-0057027,2026-08-06,DXB-001,Dubai,CUST-04240,P002,Smartphone,Electronics,1,1711.83,15,1711.83,256.77,1455.06,Cash,Store
TXN-0057071,2026-08-06,DXB-003,Dubai,CUST-00005,P004,Monitor,Electronics,1,931.03,10,931.03,93.1,837.93,Card,Online
TXN-0057082,2026-08-06,DXB-003,Dubai,CUST-06380,P012,Pen Pack,Stationery,2,14.01,0,28.02,0.0,28.02,Card,Store
TXN-0057149,2026-08-06,DXB-001,Dubai,CUST-05916,P007,Office Chair,Furniture,2,605.03,20,1210.06,242.01,968.05,Card,Store
TXN-0057157,2026-08-06,DXB-002,Dubai,CUST-04812,P015,Tablet,Electronics,4,1255.02,10,5020.07,502.01,4518.06,Card,Store
TXN-0057189,2026-08-06,DXB-002,Dubai,CUST-02818,P001,Laptop,Electronics,1,2968.87,15,2968.87,445.33,2523.54,Card,Online
TXN-0057281,2026-08-06,DXB-002,Dubai,CUST-01925,P010,Printer,Office,3,730.86,0,2192.59,0.0,2192.59,Card,Store
TXN-0057283,2026-08-06,DXB-003,Dubai,CUST-02369,P004,Monitor,Electronics,2,810.7,10,1621.4,162.14,1459.26,Card,Store
TXN-0057293,2026-08-06,DXB-001,Dubai,CUST-03901,P005,Keyboard,Accessories,1,193.0,0,193.0,0.0,193.0,Cash,Store
TXN-0057315,2026-08-06,DXB-004,Dubai,CUST-02847,P002,Smartphone,Electronics,2,1739.59,0,3479.19,0.0,3479.19,Card,Store
TXN-0057388,2026-08-06,DXB-001,Dubai,CUST-00006,P010,Printer,Office,1,659.95,10,659.95,65.99,593.95,Card,Store
TXN-0057398,2026-08-06,DXB-003,Dubai,CUST-04828,P005,Keyboard,Accessories,1,185.52,0,185.52,0.0,185.52,Card,Online
TXN-0057425,2026-08-06,DXB-001,Dubai,CUST-00898,P003,Headphones,Electronics,2,320.86,10,641.73,64.17,577.56,Card,Store
TXN-0057486,2026-08-06,DXB-002,Dubai,CUST-07045,P014,Power Bank,Electronics,2,159.22,0,318.44,0.0,318.44,Card,Store
TXN-0057521,2026-08-06,DXB-005,Dubai,CUST-00063,P001,Laptop,Electronics,2,2947.1,0,5894.2,0.0,5894.2,Bank Transfer,Store
TXN-0057532,2026-08-06,DXB-004,Dubai,CUST-05938,P006,Mouse,Accessories,1,108.08,0,108.08,0.0,108.08,Cash,Store
TXN-0057653,2026-08-06,DXB-005,Dubai,CUST-01803,P009,Backpack,Accessories,1,238.27,5,238.27,11.91,226.36,Apple Pay,Online
TXN-0057665,2026-08-06,DXB-004,Dubai,CUST-07097,P006,Mouse,Accessories,3,109.24,15,327.73,49.16,278.57,Apple Pay,Online
TXN-0057691,2026-08-06,DXB-005,Dubai,CUST-05043,P003,Headphones,Electronics,1,312.13,10,312.13,31.21,280.92,Card,Store
TXN-0057747,2026-08-06,DXB-002,Dubai,CUST-06030,P007,Office Chair,Furniture,1,725.36,15,725.36,108.8,616.56,Apple Pay,Online
TXN-0057775,2026-08-06,DXB-003,Dubai,CUST-00050,P001,Laptop,Electronics,2,2791.38,0,5582.76,0.0,5582.76,Cash,Store
TXN-0057776,2026-08-06,DXB-003,Dubai,CUST-07710,P015,Tablet,Electronics,1,1253.12,10,1253.12,125.31,1127.81,Card,Store
TXN-0057894,2026-08-06,DXB-004,Dubai,CUST-06840,P002,Smartphone,Electronics,1,1807.38,15,1807.38,271.11,1536.28,Card,Store
TXN-0057897,2026-08-06,DXB-005,Dubai,CUST-03327,P008,Desk,Furniture,3,861.57,0,2584.72,0.0,2584.72,Card,Store
TXN-0057976,2026-08-06,DXB-005,Dubai,CUST-04160,P003,Headphones,Electronics,1,323.46,10,323.46,32.35,291.11,Card,Store
TXN-0057981,2026-08-06,DXB-004,Dubai,CUST-04561,P003,Headphones,Electronics,1,341.09,5,341.09,17.05,324.03,Card,Store
TXN-0057994,2026-08-06,DXB-004,Dubai,CUST-06576,P012,Pen Pack,Stationery,1,15.04,0,15.04,0.0,15.04,Apple Pay,Store
TXN-0058024,2026-08-06,DXB-001,Dubai,CUST-02685,P006,Mouse,Accessories,1,102.17,10,102.17,10.22,91.96,Apple Pay,Store
TXN-0058069,2026-08-06,DXB-002,Dubai,CUST-00887,P009,Backpack,Accessories,5,215.37,5,1076.87,53.84,1023.03,Bank Transfer,Store
TXN-0058185,2026-08-06,DXB-005,Dubai,CUST-01284,P008,Desk,Furniture,2,731.22,5,1462.44,73.12,1389.31,Card,Store
TXN-0058279,2026-08-06,DXB-001,Dubai,CUST-00448,P012,Pen Pack,Stationery,1,16.32,0,16.32,0.0,16.32,Card,Online
TXN-0058306,2026-08-06,DXB-004,Dubai,CUST-06427,P003,Headphones,Electronics,1,380.44,0,380.44,0.0,380.44,Bank Transfer,Store
TXN-0058321,2026-08-06,DXB-003,Dubai,CUST-01243,P001,Laptop,Electronics,3,2816.95,0,8450.86,0.0,8450.86,Card,Store
TXN-0058351,2026-08-06,DXB-003,Dubai,CUST-06603,P012,Pen Pack,Stationery,2,15.44,0,30.89,0.0,30.89,Card,Store
TXN-0058371,2026-08-06,DXB-001,Dubai,CUST-05358,P012,Pen Pack,Stationery,5,13.82,0,69.1,0.0,69.1,Card,Store
TXN-0058411,2026-08-06,DXB-004,Dubai,CUST-06551,P010,Printer,Office,1,741.01,5,741.01,37.05,703.96,Apple Pay,Store
TXN-0058422,2026-08-06,DXB-005,Dubai,CUST-02990,P010,Printer,Office,1,822.88,15,822.88,123.43,699.45,Card,Store
TXN-0058430,2026-08-06,DXB-002,Dubai,CUST-03402,P009,Backpack,Accessories,2,250.38,10,500.75,50.08,450.68,Card,Store
TXN-0058442,2026-08-06,DXB-005,Dubai,CUST-07105,P002,Smartphone,Electronics,2,1731.72,5,3463.44,173.17,3290.27,Cash,Store
TXN-0058501,2026-08-06,DXB-003,Dubai,CUST-05108,P008,Desk,Furniture,1,821.77,10,821.77,82.18,739.59,Apple Pay,Store
TXN-0058674,2026-08-06,DXB-003,Dubai,CUST-02108,P004,Monitor,Electronics,2,898.11,20,1796.22,359.24,1436.98,Card,Online
TXN-0058729,2026-08-06,DXB-004,Dubai,CUST-04538,P012,Pen Pack,Stationery,4,15.73,0,62.92,0.0,62.92,Cash,Store
TXN-0058736,2026-08-06,DXB-001,Dubai,CUST-00096,P007,Office Chair,Furniture,1,650.67,5,650.67,32.53,618.14,Card,Store
TXN-0058765,2026-08-06,DXB-005,Dubai,CUST-00610,P001,Laptop,Electronics,1,2607.3,0,2607.3,0.0,2607.3,Card,Online
TXN-0058843,2026-08-06,DXB-001,Dubai,CUST-02880,P013,USB Drive,Accessories,1,46.0,20,46.0,9.2,36.8,Cash,Online
TXN-0058980,2026-08-06,DXB-004,Dubai,CUST-04522,P014,Power Bank,Electronics,1,149.64,5,149.64,7.48,142.16,Apple Pay,Store
TXN-0058984,2026-08-06,DXB-002,Dubai,CUST-05531,P002,Smartphone,Electronics,3,1813.12,0,5439.36,0.0,5439.36,Apple Pay,Online
TXN-0059098,2026-08-06,DXB-002,Dubai,CUST-02778,P014,Power Bank,Electronics,2,154.78,10,309.57,30.96,278.61,Cash,Online
TXN-0059155,2026-08-06,DXB-005,Dubai,CUST-07733,P004,Monitor,Electronics,5,827.35,0,4136.73,0.0,4136.73,Apple Pay,Store
TXN-0059213,2026-08-06,DXB-003,Dubai,CUST-05645,P013,USB Drive,Accessories,1,46.38,10,46.38,4.64,41.74,Card,Online
TXN-0059256,2026-08-06,DXB-003,Dubai,CUST-03899,P003,Headphones,Electronics,1,365.92,10,365.92,36.59,329.33,Cash,Store
TXN-0059298,2026-08-06,DXB-003,Dubai,CUST-05041,P001,Laptop,Electronics,1,2974.24,10,2974.24,297.42,2676.81,Cash,Online
TXN-0059365,2026-08-06,DXB-004,Dubai,CUST-03652,P006,Mouse,Accessories,2,103.91,10,207.82,20.78,187.04,Apple Pay,Online
TXN-0059682,2026-08-06,DXB-005,Dubai,CUST-06358,P004,Monitor,Electronics,2,963.88,0,1927.77,0.0,1927.77,Bank Transfer,Store
TXN-0059735,2026-08-06,DXB-003,Dubai,CUST-00517,P001,Laptop,Electronics,1,2834.13,15,2834.13,425.12,2409.01,Card,Store
TXN-0059870,2026-08-06,DXB-003,Dubai,CUST-04311,P006,Mouse,Accessories,1,103.9,10,103.9,10.39,93.51,Apple Pay,Store
TXN-0059871,2026-08-06,DXB-003,Dubai,CUST-07164,P011,Notebook,Stationery,1,24.78,5,24.78,1.24,23.54,Bank Transfer,Store
TXN-0059935,2026-08-06,DXB-001,Dubai,CUST-03541,P012,Pen Pack,Stationery,1,16.21,10,16.21,1.62,14.59,Cash,Store
TXN-0059952,2026-08-06,DXB-001,Dubai,CUST-06257,P007,Office Chair,Furniture,1,606.43,10,606.43,60.64,545.78,Apple Pay,Store
TXN-0060028,2026-08-06,DXB-005,Dubai,CUST-02376,P010,Printer,Office,3,794.89,0,2384.68,0.0,2384.68,Card,Store
TXN-0060090,2026-08-06,DXB-001,Dubai,CUST-01828,P002,Smartphone,Electronics,2,1737.94,5,3475.88,173.79,3302.09,Cash,Online
TXN-0060148,2026-08-06,DXB-002,Dubai,CUST-00163,P008,Desk,Furniture,2,763.66,10,1527.32,152.73,1374.59,Card,Store
TXN-0060297,2026-08-06,DXB-002,Dubai,CUST-05684,P014,Power Bank,Electronics,4,154.58,0,618.31,0.0,618.31,Card,Store
TXN-0060395,2026-08-06,DXB-001,Dubai,CUST-02731,P014,Power Bank,Electronics,1,154.61,0,154.61,0.0,154.61,Bank Transfer,Store
TXN-0060399,2026-08-06,DXB-001,Dubai,CUST-01334,P004,Monitor,Electronics,1,889.48,5,889.48,44.47,845.01,Card,Store
TXN-0060466,2026-08-06,DXB-001,Dubai,CUST-02723,P013,USB Drive,Accessories,2,45.62,10,91.23,9.12,82.11,Card,Store
TXN-0060472,2026-08-06,DXB-003,Dubai,CUST-07840,P002,Smartphone,Electronics,2,1914.53,0,3829.06,0.0,3829.06,Apple Pay,Store
TXN-0060619,2026-08-06,DXB-001,Dubai,CUST-06906,P011,Notebook,Stationery,1,24.43,0,24.43,0.0,24.43,Card,Store
TXN-0060673,2026-08-06,DXB-002,Dubai,CUST-02718,P012,Pen Pack,Stationery,1,15.11,15,15.11,2.27,12.84,Card,Store
TXN-0060744,2026-08-06,DXB-003,Dubai,CUST-01600,P015,Tablet,Electronics,2,1186.96,15,2373.92,356.09,2017.83,Cash,Store
TXN-0060749,2026-08-06,DXB-004,Dubai,CUST-02150,P010,Printer,Office,4,660.7,0,2642.78,0.0,2642.78,Card,Online
TXN-0060780,2026-08-06,DXB-001,Dubai,CUST-07977,P007,Office Chair,Furniture,1,625.35,15,625.35,93.8,531.54,Card,Store
TXN-0060838,2026-08-06,DXB-003,Dubai,CUST-06189,P010,Printer,Office,6,759.89,5,4559.31,227.97,4331.35,Cash,Store
TXN-0061003,2026-08-06,DXB-003,Dubai,CUST-04438,P015,Tablet,Electronics,2,1217.79,15,2435.57,365.34,2070.24,Card,Online
TXN-0061229,2026-08-06,DXB-005,Dubai,CUST-04403,P002,Smartphone,Electronics,1,1959.15,5,1959.15,97.96,1861.19,Apple Pay,Online
TXN-0061406,2026-08-06,DXB-001,Dubai,CUST-06402,P009,Backpack,Accessories,1,230.77,5,230.77,11.54,219.23,Bank Transfer,Store
TXN-0061438,2026-08-06,DXB-003,Dubai,CUST-05712,P014,Power Bank,Electronics,6,159.38,0,956.26,0.0,956.26,Bank Transfer,Store
TXN-0061461,2026-08-06,DXB-003,Dubai,CUST-05314,P003,Headphones,Electronics,1,330.64,5,330.64,16.53,314.11,Card,Store
TXN-0061466,2026-08-06,DXB-003,Dubai,CUST-06386,P005,Keyboard,Accessories,2,175.1,20,350.21,70.04,280.17,Card,Store
TXN-0061507,2026-08-06,DXB-001,Dubai,CUST-06684,P006,Mouse,Accessories,2,102.26,0,204.51,0.0,204.51,Cash,Store
TXN-0061538,2026-08-06,DXB-005,Dubai,CUST-07164,P007,Office Chair,Furniture,2,659.87,5,1319.75,65.99,1253.76,Card,Store
TXN-0061650,2026-08-06,DXB-005,Dubai,CUST-00182,P001,Laptop,Electronics,4,2642.62,0,10570.47,0.0,10570.47,Apple Pay,Online
TXN-0061727,2026-08-06,DXB-001,Dubai,CUST-01325,P002,Smartphone,Electronics,1,1934.38,20,1934.38,386.88,1547.5,Card,Online
TXN-0061741,2026-08-06,DXB-001,Dubai,CUST-05028,P013,USB Drive,Accessories,5,47.08,15,235.38,35.31,200.07,Card,Online
TXN-0061975,2026-08-06,DXB-002,Dubai,CUST-00520,P002,Smartphone,Electronics,1,1723.11,0,1723.11,0.0,1723.11,Card,Store
TXN-0062005,2026-08-06,DXB-002,Dubai,CUST-01130,P012,Pen Pack,Stationery,1,16.05,10,16.05,1.61,14.45,Card,Store
TXN-0062224,2026-08-06,DXB-004,Dubai,CUST-00159,P007,Office Chair,Furniture,3,675.67,0,2027.01,0.0,2027.01,Apple Pay,Store
TXN-0062242,2026-08-06,DXB-004,Dubai,CUST-04634,P011,Notebook,Stationery,1,26.26,10,26.26,2.63,23.63,Apple Pay,Store
TXN-0062284,2026-08-06,DXB-005,Dubai,CUST-07307,P001,Laptop,Electronics,5,2725.16,5,13625.78,681.29,12944.49,Card,Online
TXN-0062291,2026-08-06,DXB-004,Dubai,CUST-01362,P002,Smartphone,Electronics,1,1710.13,0,1710.13,0.0,1710.13,Card,Store
TXN-0062304,2026-08-06,DXB-004,Dubai,CUST-07649,P012,Pen Pack,Stationery,1,16.42,5,16.42,0.82,15.6,Apple Pay,Store
TXN-0062414,2026-08-06,DXB-002,Dubai,CUST-03664,P001,Laptop,Electronics,6,2919.32,20,17515.91,3503.18,14012.73,Card,Online
TXN-0062418,2026-08-06,DXB-003,Dubai,CUST-01113,P006,Mouse,Accessories,1,105.48,10,105.48,10.55,94.94,Card,Store
TXN-0062420,2026-08-06,DXB-002,Dubai,CUST-06002,P015,Tablet,Electronics,3,1191.97,10,3575.9,357.59,3218.31,Cash,Store
TXN-0062431,2026-08-06,DXB-003,Dubai,CUST-05786,P007,Office Chair,Furniture,1,738.22,10,738.22,73.82,664.4,Card,Store
TXN-0062458,2026-08-06,DXB-001,Dubai,CUST-03994,P015,Tablet,Electronics,1,1185.91,10,1185.91,118.59,1067.32,Bank Transfer,Store
TXN-0062545,2026-08-06,DXB-005,Dubai,CUST-07615,P001,Laptop,Electronics,1,2605.63,0,2605.63,0.0,2605.63,Bank Transfer,Store
TXN-0062623,2026-08-06,DXB-004,Dubai,CUST-05723,P010,Printer,Office,1,727.03,10,727.03,72.7,654.33,Card,Online
TXN-0062781,2026-08-06,DXB-004,Dubai,CUST-03466,P006,Mouse,Accessories,1,90.99,5,90.99,4.55,86.44,Apple Pay,Store
TXN-0062801,2026-08-06,DXB-003,Dubai,CUST-07947,P003,Headphones,Electronics,4,360.04,0,1440.16,0.0,1440.16,Apple Pay,Store
TXN-0062816,2026-08-06,DXB-001,Dubai,CUST-03420,P012,Pen Pack,Stationery,1,13.81,15,13.81,2.07,11.74,Cash,Online
TXN-0062853,2026-08-06,DXB-001,Dubai,CUST-06143,P003,Headphones,Electronics,6,338.98,5,2033.91,101.7,1932.21,Apple Pay,Store
TXN-0062855,2026-08-06,DXB-002,Dubai,CUST-00413,P008,Desk,Furniture,3,788.47,5,2365.4,118.27,2247.13,Cash,Store
TXN-0062886,2026-08-06,DXB-002,Dubai,CUST-05136,P009,Backpack,Accessories,2,182.23,0,364.46,0.0,364.46,Card,Store
TXN-0062918,2026-08-06,DXB-005,Dubai,CUST-01558,P007,Office Chair,Furniture,1,712.49,5,712.49,35.62,676.87,Cash,Store
TXN-0062924,2026-08-06,DXB-003,Dubai,CUST-04784,P003,Headphones,Electronics,2,381.94,5,763.87,38.19,725.68,Cash,Online
TXN-0062937,2026-08-06,DXB-005,Dubai,CUST-02637,P002,Smartphone,Electronics,2,1956.46,20,3912.92,782.58,3130.33,Card,Store
TXN-0063064,2026-08-06,DXB-004,Dubai,CUST-00683,P003,Headphones,Electronics,2,326.85,0,653.71,0.0,653.71,Cash,Store
TXN-0063080,2026-08-06,DXB-003,Dubai,CUST-06992,P007,Office Chair,Furniture,2,687.5,10,1375.01,137.5,1237.51,Card,Online
TXN-0063181,2026-08-06,DXB-002,Dubai,CUST-01325,P006,Mouse,Accessories,3,99.91,15,299.72,44.96,254.76,Cash,Store
TXN-0063369,2026-08-06,DXB-002,Dubai,CUST-07003,P014,Power Bank,Electronics,2,149.39,0,298.78,0.0,298.78,Apple Pay,Store
TXN-0063421,2026-08-06,DXB-001,Dubai,CUST-07548,P011,Notebook,Stationery,2,25.96,0,51.91,0.0,51.91,Card,Store
TXN-0063524,2026-08-06,DXB-002,Dubai,CUST-01261,P012,Pen Pack,Stationery,1,15.02,5,15.02,0.75,14.27,Cash,Store
TXN-0063581,2026-08-06,DXB-001,Dubai,CUST-00142,P003,Headphones,Electronics,4,371.45,10,1485.82,148.58,1337.23,Cash,Store
TXN-0063615,2026-08-06,DXB-002,Dubai,CUST-07797,P007,Office Chair,Furniture,1,673.5,0,673.5,0.0,673.5,Apple Pay,Store
TXN-0063702,2026-08-06,DXB-001,Dubai,CUST-07845,P009,Backpack,Accessories,3,207.59,15,622.76,93.41,529.35,Cash,Store
TXN-0063714,2026-08-06,DXB-004,Dubai,CUST-03746,P001,Laptop,Electronics,2,2708.0,15,5415.99,812.4,4603.6,Card,Online
TXN-0063731,2026-08-06,DXB-003,Dubai,CUST-03767,P011,Notebook,Stationery,5,27.12,5,135.62,6.78,128.84,Apple Pay,Store
TXN-0064179,2026-08-06,DXB-001,Dubai,CUST-00021,P010,Printer,Office,1,629.23,0,629.23,0.0,629.23,Apple Pay,Online
TXN-0064211,2026-08-06,DXB-003,Dubai,CUST-00083,P002,Smartphone,Electronics,3,1755.48,15,5266.44,789.97,4476.48,Apple Pay,Store
TXN-0064226,2026-08-06,DXB-003,Dubai,CUST-06565,P011,Notebook,Stationery,4,27.13,10,108.52,10.85,97.67,Cash,Store
TXN-0064308,2026-08-06,DXB-003,Dubai,CUST-06823,P011,Notebook,Stationery,1,25.82,5,25.82,1.29,24.53,Cash,Store
TXN-0064447,2026-08-06,DXB-001,Dubai,CUST-03653,P014,Power Bank,Electronics,1,145.78,0,145.78,0.0,145.78,Apple Pay,Online
TXN-0064458,2026-08-06,DXB-001,Dubai,CUST-05242,P015,Tablet,Electronics,1,1143.71,0,1143.71,0.0,1143.71,Card,Online
TXN-0064553,2026-08-06,DXB-001,Dubai,CUST-00366,P011,Notebook,Stationery,2,24.57,0,49.14,0.0,49.14,Cash,Store
TXN-0064567,2026-08-06,DXB-002,Dubai,CUST-01204,P009,Backpack,Accessories,2,214.58,5,429.16,21.46,407.7,Card,Store
TXN-0064590,2026-08-06,DXB-002,Dubai,CUST-05706,P003,Headphones,Electronics,1,359.55,10,359.55,35.96,323.6,Bank Transfer,Online
TXN-0064750,2026-08-06,DXB-002,Dubai,CUST-06641,P014,Power Bank,Electronics,4,159.15,5,636.59,31.83,604.76,Card,Store
TXN-0064768,2026-08-06,DXB-002,Dubai,CUST-02841,P014,Power Bank,Electronics,2,142.96,10,285.92,28.59,257.33,Bank Transfer,Store
TXN-0064771,2026-08-06,DXB-004,Dubai,CUST-04962,P012,Pen Pack,Stationery,4,15.86,5,63.46,3.17,60.28,Card,Online
TXN-0064817,2026-08-06,DXB-001,Dubai,CUST-02195,P014,Power Bank,Electronics,1,156.39,0,156.39,0.0,156.39,Apple Pay,Online
TXN-0064853,2026-08-06,DXB-004,Dubai,CUST-03054,P014,Power Bank,Electronics,1,142.36,5,142.36,7.12,135.24,Card,Online
TXN-0064938,2026-08-06,DXB-005,Dubai,CUST-06390,P012,Pen Pack,Stationery,2,14.27,5,28.54,1.43,27.11,Apple Pay,Store
TXN-0064984,2026-08-06,DXB-005,Dubai,CUST-04891,P002,Smartphone,Electronics,1,1929.34,0,1929.34,0.0,1929.34,Card,Store
TXN-0064991,2026-08-06,DXB-001,Dubai,CUST-02283,P005,Keyboard,Accessories,1,181.33,10,181.33,18.13,163.19,Cash,Store
TXN-0065051,2026-08-06,DXB-004,Dubai,CUST-00703,P001,Laptop,Electronics,1,2681.59,5,2681.59,134.08,2547.51,Card,Online
TXN-0065070,2026-08-06,DXB-005,Dubai,CUST-04025,P009,Backpack,Accessories,2,209.97,5,419.93,21.0,398.94,Card,Store
TXN-0065101,2026-08-06,DXB-001,Dubai,CUST-03622,P005,Keyboard,Accessories,1,167.51,0,167.51,0.0,167.51,Cash,Store
TXN-0065226,2026-08-06,DXB-005,Dubai,CUST-05706,P008,Desk,Furniture,4,744.91,15,2979.65,446.95,2532.7,Card,Store
TXN-0065227,2026-08-06,DXB-005,Dubai,CUST-07283,P007,Office Chair,Furniture,1,715.55,10,715.55,71.56,644.0,Card,Store
TXN-0065229,2026-08-06,DXB-005,Dubai,CUST-04256,P011,Notebook,Stationery,1,26.96,0,26.96,0.0,26.96,Cash,Store
TXN-0065299,2026-08-06,DXB-001,Dubai,CUST-03335,P010,Printer,Office,1,686.19,0,686.19,0.0,686.19,Card,Online
TXN-0065325,2026-08-06,DXB-004,Dubai,CUST-06818,P006,Mouse,Accessories,1,97.99,0,97.99,0.0,97.99,Cash,Store
TXN-0065346,2026-08-06,DXB-004,Dubai,CUST-06958,P004,Monitor,Electronics,2,935.69,5,1871.38,93.57,1777.81,Card,Store
TXN-0065423,2026-08-06,DXB-001,Dubai,CUST-07393,P010,Printer,Office,4,739.38,10,2957.52,295.75,2661.77,Card,Online
TXN-0065445,2026-08-06,DXB-005,Dubai,CUST-00203,P012,Pen Pack,Stationery,2,13.53,0,27.06,0.0,27.06,Apple Pay,Online
TXN-0065595,2026-08-06,DXB-005,Dubai,CUST-04840,P012,Pen Pack,Stationery,1,14.94,5,14.94,0.75,14.19,Card,Store
TXN-0065696,2026-08-06,DXB-002,Dubai,CUST-07458,P002,Smartphone,Electronics,2,1860.09,20,3720.17,744.03,2976.14,Apple Pay,Store
TXN-0065708,2026-08-06,DXB-002,Dubai,CUST-07346,P004,Monitor,Electronics,3,938.57,5,2815.72,140.79,2674.93,Apple Pay,Store
TXN-0065741,2026-08-06,DXB-001,Dubai,CUST-07170,P008,Desk,Furniture,2,872.66,10,1745.32,174.53,1570.79,Cash,Store
TXN-0065924,2026-08-06,DXB-004,Dubai,CUST-00305,P007,Office Chair,Furniture,2,654.09,0,1308.18,0.0,1308.18,Card,Online
TXN-0065982,2026-08-06,DXB-001,Dubai,CUST-05443,P003,Headphones,Electronics,1,359.18,10,359.18,35.92,323.26,Cash,Store
TXN-0065998,2026-08-06,DXB-002,Dubai,CUST-00132,P012,Pen Pack,Stationery,1,16.08,10,16.08,1.61,14.47,Apple Pay,Store
TXN-0066030,2026-08-06,DXB-001,Dubai,CUST-00594,P011,Notebook,Stationery,1,24.09,10,24.09,2.41,21.68,Card,Online
TXN-0066039,2026-08-06,DXB-002,Dubai,CUST-02810,P004,Monitor,Electronics,5,920.37,15,4601.84,690.28,3911.57,Apple Pay,Store
TXN-0066149,2026-08-06,DXB-003,Dubai,CUST-06676,P004,Monitor,Electronics,4,1064.62,5,4258.5,212.92,4045.57,Bank Transfer,Store
TXN-0066151,2026-08-06,DXB-001,Dubai,CUST-03537,P005,Keyboard,Accessories,2,188.63,0,377.25,0.0,377.25,Card,Online
TXN-0066303,2026-08-06,DXB-005,Dubai,CUST-06233,P001,Laptop,Electronics,1,2519.19,0,2519.19,0.0,2519.19,Card,Store
TXN-0066362,2026-08-06,DXB-002,Dubai,CUST-01497,P007,Office Chair,Furniture,1,583.86,5,583.86,29.19,554.66,Card,Store
TXN-0066410,2026-08-06,DXB-005,Dubai,CUST-04204,P007,Office Chair,Furniture,6,676.09,20,4056.51,811.3,3245.21,Apple Pay,Store
TXN-0066445,2026-08-06,DXB-002,Dubai,CUST-07984,P005,Keyboard,Accessories,2,179.76,10,359.51,35.95,323.56,Bank Transfer,Online
TXN-0066455,2026-08-06,DXB-002,Dubai,CUST-01300,P011,Notebook,Stationery,1,26.94,0,26.94,0.0,26.94,Apple Pay,Store
TXN-0066487,2026-08-06,DXB-001,Dubai,CUST-03133,P012,Pen Pack,Stationery,2,14.79,0,29.58,0.0,29.58,Bank Transfer,Online
TXN-0066614,2026-08-06,DXB-001,Dubai,CUST-01396,P012,Pen Pack,Stationery,1,16.3,10,16.3,1.63,14.67,Apple Pay,Store
TXN-0066663,2026-08-06,DXB-001,Dubai,CUST-06665,P006,Mouse,Accessories,1,108.25,0,108.25,0.0,108.25,Card,Store
TXN-0066691,2026-08-06,DXB-003,Dubai,CUST-05542,P006,Mouse,Accessories,1,92.43,0,92.43,0.0,92.43,Cash,Store
TXN-0066725,2026-08-06,DXB-002,Dubai,CUST-05890,P007,Office Chair,Furniture,1,727.01,5,727.01,36.35,690.66,Bank Transfer,Store
TXN-0066761,2026-08-06,DXB-004,Dubai,CUST-00445,P005,Keyboard,Accessories,2,169.3,10,338.6,33.86,304.74,Apple Pay,Store
TXN-0066798,2026-08-06,DXB-001,Dubai,CUST-02259,P015,Tablet,Electronics,4,1202.26,0,4809.02,0.0,4809.02,Cash,Store
TXN-0066802,2026-08-06,DXB-004,Dubai,CUST-03759,P003,Headphones,Electronics,5,337.16,0,1685.8,0.0,1685.8,Apple Pay,Online
TXN-0066999,2026-08-06,DXB-002,Dubai,CUST-06095,P001,Laptop,Electronics,3,2627.68,15,7883.03,1182.45,6700.58,Apple Pay,Online
TXN-0067025,2026-08-06,DXB-001,Dubai,CUST-03108,P013,USB Drive,Accessories,2,42.65,0,85.29,0.0,85.29,Apple Pay,Online
TXN-0067050,2026-08-06,DXB-001,Dubai,CUST-00828,P012,Pen Pack,Stationery,2,15.61,15,31.23,4.68,26.54,Card,Online
TXN-0067059,2026-08-06,DXB-004,Dubai,CUST-07569,P003,Headphones,Electronics,2,374.01,10,748.02,74.8,673.22,Apple Pay,Store
TXN-0067062,2026-08-06,DXB-003,Dubai,CUST-06363,P011,Notebook,Stationery,1,26.02,0,26.02,0.0,26.02,Cash,Store
TXN-0067067,2026-08-06,DXB-001,Dubai,CUST-01395,P003,Headphones,Electronics,1,373.9,10,373.9,37.39,336.51,Card,Store
TXN-0067079,2026-08-06,DXB-001,Dubai,CUST-07622,P012,Pen Pack,Stationery,1,14.67,5,14.67,0.73,13.94,Card,Online
TXN-0067108,2026-08-06,DXB-002,Dubai,CUST-03603,P008,Desk,Furniture,3,727.93,5,2183.8,109.19,2074.61,Apple Pay,Store
TXN-0067448,2026-08-06,DXB-003,Dubai,CUST-01793,P001,Laptop,Electronics,2,2936.62,20,5873.24,1174.65,4698.59,Card,Store
TXN-0067455,2026-08-06,DXB-002,Dubai,CUST-01172,P002,Smartphone,Electronics,1,1902.28,0,1902.28,0.0,1902.28,Card,Online
TXN-0067493,2026-08-06,DXB-001,Dubai,CUST-02413,P005,Keyboard,Accessories,2,177.43,0,354.86,0.0,354.86,Cash,Online
TXN-0067527,2026-08-06,DXB-003,Dubai,CUST-04499,P005,Keyboard,Accessories,2,164.51,10,329.01,32.9,296.11,Card,Online
TXN-0067562,2026-08-06,DXB-004,Dubai,CUST-04569,P004,Monitor,Electronics,1,892.07,5,892.07,44.6,847.46,Card,Store
TXN-0067581,2026-08-06,DXB-001,Dubai,CUST-04204,P005,Keyboard,Accessories,2,169.83,15,339.67,50.95,288.72,Apple Pay,Store
TXN-0067722,2026-08-06,DXB-002,Dubai,CUST-06382,P013,USB Drive,Accessories,1,42.35,0,42.35,0.0,42.35,Card,Store
TXN-0067748,2026-08-06,DXB-001,Dubai,CUST-06793,P006,Mouse,Accessories,1,104.31,15,104.31,15.65,88.66,Card,Store
TXN-0067781,2026-08-06,DXB-003,Dubai,CUST-05676,P006,Mouse,Accessories,1,98.75,0,98.75,0.0,98.75,Card,Store
TXN-0067917,2026-08-06,DXB-003,Dubai,CUST-07538,P008,Desk,Furniture,2,810.37,15,1620.74,243.11,1377.63,Card,Online
TXN-0067933,2026-08-06,DXB-003,Dubai,CUST-00573,P007,Office Chair,Furniture,3,665.79,0,1997.38,0.0,1997.38,Apple Pay,Store
TXN-0068009,2026-08-06,DXB-001,Dubai,CUST-03654,P007,Office Chair,Furniture,2,582.02,0,1164.04,0.0,1164.04,Bank Transfer,Store
TXN-0068041,2026-08-06,DXB-002,Dubai,CUST-06771,P001,Laptop,Electronics,1,2746.71,0,2746.71,0.0,2746.71,Card,Online
TXN-0068050,2026-08-06,DXB-002,Dubai,CUST-07616,P002,Smartphone,Electronics,1,1646.98,0,1646.98,0.0,1646.98,Card,Store
TXN-0068120,2026-08-06,DXB-005,Dubai,CUST-06167,P004,Monitor,Electronics,3,831.31,0,2493.92,0.0,2493.92,Apple Pay,Store
TXN-0068162,2026-08-06,DXB-004,Dubai,CUST-04631,P010,Printer,Office,1,682.17,0,682.17,0.0,682.17,Apple Pay,Store
TXN-0068216,2026-08-06,DXB-004,Dubai,CUST-03725,P007,Office Chair,Furniture,1,729.1,10,729.1,72.91,656.19,Card,Online
TXN-0068276,2026-08-06,DXB-002,Dubai,CUST-02497,P013,USB Drive,Accessories,2,44.52,5,89.04,4.45,84.59,Card,Store
TXN-0068311,2026-08-06,DXB-001,Dubai,CUST-03690,P007,Office Chair,Furniture,1,628.37,5,628.37,31.42,596.95,Card,Online
TXN-0068355,2026-08-06,DXB-004,Dubai,CUST-00634,P015,Tablet,Electronics,3,1225.29,15,3675.88,551.38,3124.5,Apple Pay,Store
TXN-0068391,2026-08-06,DXB-002,Dubai,CUST-01424,P006,Mouse,Accessories,1,101.84,5,101.84,5.09,96.75,Cash,Online
TXN-0068400,2026-08-06,DXB-001,Dubai,CUST-05398,P007,Office Chair,Furniture,1,663.04,0,663.04,0.0,663.04,Card,Store
TXN-0068427,2026-08-06,DXB-004,Dubai,CUST-00129,P003,Headphones,Electronics,1,380.26,0,380.26,0.0,380.26,Bank Transfer,Online
TXN-0068492,2026-08-06,DXB-005,Dubai,CUST-03370,P015,Tablet,Electronics,1,1210.88,15,1210.88,181.63,1029.25,Cash,Store
TXN-0068538,2026-08-06,DXB-003,Dubai,CUST-00441,P001,Laptop,Electronics,1,2927.02,10,2927.02,292.7,2634.31,Card,Online
TXN-0068561,2026-08-06,DXB-004,Dubai,CUST-02022,P015,Tablet,Electronics,1,1180.08,5,1180.08,59.0,1121.07,Bank Transfer,Store
TXN-0068602,2026-08-06,DXB-001,Dubai,CUST-00938,P003,Headphones,Electronics,1,357.01,0,357.01,0.0,357.01,Card,Store
TXN-0068614,2026-08-06,DXB-001,Dubai,CUST-03731,P011,Notebook,Stationery,2,24.57,5,49.14,2.46,46.68,Card,Store
TXN-0068676,2026-08-06,DXB-001,Dubai,CUST-05298,P011,Notebook,Stationery,2,25.18,5,50.37,2.52,47.85,Card,Online
TXN-0068679,2026-08-06,DXB-001,Dubai,CUST-04027,P003,Headphones,Electronics,1,344.09,0,344.09,0.0,344.09,Card,Store
TXN-0068683,2026-08-06,DXB-001,Dubai,CUST-00176,P014,Power Bank,Electronics,1,140.82,0,140.82,0.0,140.82,Card,Store
TXN-0068698,2026-08-06,DXB-005,Dubai,CUST-00259,P005,Keyboard,Accessories,2,178.13,10,356.26,35.63,320.63,Apple Pay,Store
TXN-0068756,2026-08-06,DXB-003,Dubai,CUST-06457,P003,Headphones,Electronics,3,321.49,0,964.48,0.0,964.48,Card,Online
TXN-0068802,2026-08-06,DXB-001,Dubai,CUST-05556,P010,Printer,Office,6,613.31,0,3679.84,0.0,3679.84,Apple Pay,Store
TXN-0068899,2026-08-06,DXB-001,Dubai,CUST-07054,P004,Monitor,Electronics,2,852.04,0,1704.09,0.0,1704.09,Apple Pay,Store
TXN-0068916,2026-08-06,DXB-001,Dubai,CUST-05509,P002,Smartphone,Electronics,1,1833.39,5,1833.39,91.67,1741.72,Apple Pay,Store
TXN-0068969,2026-08-06,DXB-003,Dubai,CUST-01094,P007,Office Chair,Furniture,1,678.29,20,678.29,135.66,542.64,Card,Store
TXN-0068994,2026-08-06,DXB-002,Dubai,CUST-00353,P005,Keyboard,Accessories,1,200.01,0,200.01,0.0,200.01,Card,Store
TXN-0069018,2026-08-06,DXB-002,Dubai,CUST-02989,P003,Headphones,Electronics,1,347.69,5,347.69,17.38,330.31,Cash,Online
TXN-0069061,2026-08-06,DXB-002,Dubai,CUST-05993,P002,Smartphone,Electronics,5,1846.75,15,9233.76,1385.06,7848.7,Card,Store
TXN-0069073,2026-08-06,DXB-004,Dubai,CUST-05505,P002,Smartphone,Electronics,1,1689.64,0,1689.64,0.0,1689.64,Cash,Store
TXN-0069169,2026-08-06,DXB-003,Dubai,CUST-03561,P008,Desk,Furniture,1,762.35,10,762.35,76.23,686.11,Card,Store
TXN-0069208,2026-08-06,DXB-003,Dubai,CUST-05154,P008,Desk,Furniture,2,763.43,0,1526.86,0.0,1526.86,Card,Store
TXN-0069295,2026-08-06,DXB-002,Dubai,CUST-02259,P003,Headphones,Electronics,1,358.72,15,358.72,53.81,304.92,Card,Store
TXN-0069318,2026-08-06,DXB-004,Dubai,CUST-03410,P006,Mouse,Accessories,6,107.05,0,642.33,0.0,642.33,Card,Online
TXN-0069403,2026-08-06,DXB-001,Dubai,CUST-07151,P003,Headphones,Electronics,1,329.41,0,329.41,0.0,329.41,Card,Online
TXN-0069430,2026-08-06,DXB-001,Dubai,CUST-04546,P002,Smartphone,Electronics,1,1871.42,15,1871.42,280.71,1590.71,Card,Store
TXN-0069535,2026-08-06,DXB-003,Dubai,CUST-04334,P005,Keyboard,Accessories,1,169.79,0,169.79,0.0,169.79,Apple Pay,Online
TXN-0069603,2026-08-06,DXB-003,Dubai,CUST-06745,P009,Backpack,Accessories,1,231.92,0,231.92,0.0,231.92,Card,Online
TXN-0069660,2026-08-06,DXB-003,Dubai,CUST-04749,P011,Notebook,Stationery,4,22.49,5,89.96,4.5,85.46,Bank Transfer,Online
TXN-0069697,2026-08-06,DXB-004,Dubai,CUST-02975,P002,Smartphone,Electronics,1,1743.87,10,1743.87,174.39,1569.48,Cash,Online
TXN-0069701,2026-08-06,DXB-003,Dubai,CUST-05991,P006,Mouse,Accessories,2,100.15,10,200.31,20.03,180.27,Cash,Store
TXN-0069702,2026-08-06,DXB-002,Dubai,CUST-02335,P006,Mouse,Accessories,1,105.73,5,105.73,5.29,100.45,Apple Pay,Store
TXN-0069722,2026-08-06,DXB-005,Dubai,CUST-01464,P005,Keyboard,Accessories,3,174.15,5,522.44,26.12,496.31,Bank Transfer,Store
TXN-0069774,2026-08-06,DXB-003,Dubai,CUST-00802,P007,Office Chair,Furniture,3,766.84,5,2300.51,115.03,2185.48,Apple Pay,Store
TXN-0069782,2026-08-06,DXB-005,Dubai,CUST-03877,P003,Headphones,Electronics,1,336.15,20,336.15,67.23,268.92,Card,Store
TXN-0069806,2026-08-06,DXB-004,Dubai,CUST-03957,P009,Backpack,Accessories,2,216.71,20,433.41,86.68,346.73,Apple Pay,Store
TXN-0069815,2026-08-06,DXB-005,Dubai,CUST-01018,P003,Headphones,Electronics,1,326.41,0,326.41,0.0,326.41,Card,Store
TXN-0069841,2026-08-06,DXB-002,Dubai,CUST-02257,P011,Notebook,Stationery,2,23.09,0,46.17,0.0,46.17,Cash,Store
TXN-0069898,2026-08-06,DXB-001,Dubai,CUST-01072,P004,Monitor,Electronics,4,933.28,0,3733.11,0.0,3733.11,Card,Store
TXN-0069918,2026-08-06,DXB-005,Dubai,CUST-05311,P004,Monitor,Electronics,1,861.11,15,861.11,129.17,731.94,Card,Store
TXN-0069965,2026-08-06,DXB-003,Dubai,CUST-03801,P005,Keyboard,Accessories,1,180.76,5,180.76,9.04,171.72,Apple Pay,Online
TXN-0070019,2026-08-06,DXB-001,Dubai,CUST-06797,P007,Office Chair,Furniture,1,686.5,5,686.5,34.33,652.18,Apple Pay,Online
TXN-0070026,2026-08-06,DXB-002,Dubai,CUST-02363,P009,Backpack,Accessories,1,213.83,10,213.83,21.38,192.45,Bank Transfer,Store
TXN-0070050,2026-08-06,DXB-003,Dubai,CUST-00594,P004,Monitor,Electronics,1,868.1,5,868.1,43.41,824.7,Apple Pay,Online
TXN-0070060,2026-08-06,DXB-003,Dubai,CUST-05532,P012,Pen Pack,Stationery,1,15.62,10,15.62,1.56,14.06,Cash,Store
TXN-0070062,2026-08-06,DXB-001,Dubai,CUST-00743,P015,Tablet,Electronics,1,1104.14,15,1104.14,165.62,938.52,Apple Pay,Store
TXN-0070088,2026-08-06,DXB-004,Dubai,CUST-06853,P012,Pen Pack,Stationery,4,16.99,20,67.97,13.59,54.38,Card,Store
TXN-0070197,2026-08-06,DXB-004,Dubai,CUST-02021,P003,Headphones,Electronics,1,322.26,5,322.26,16.11,306.14,Card,Online
TXN-0070240,2026-08-06,DXB-002,Dubai,CUST-01363,P009,Backpack,Accessories,2,235.56,5,471.12,23.56,447.57,Apple Pay,Store
TXN-0070354,2026-08-06,DXB-004,Dubai,CUST-04780,P003,Headphones,Electronics,2,351.97,10,703.95,70.39,633.55,Apple Pay,Store
TXN-0070373,2026-08-06,DXB-004,Dubai,CUST-02982,P010,Printer,Office,3,725.86,5,2177.58,108.88,2068.7,Bank Transfer,Store
TXN-0070414,2026-08-06,DXB-004,Dubai,CUST-00315,P014,Power Bank,Electronics,3,164.2,0,492.59,0.0,492.59,Card,Store
TXN-0070438,2026-08-06,DXB-001,Dubai,CUST-03936,P002,Smartphone,Electronics,4,1986.24,5,7944.96,397.25,7547.71,Cash,Store
TXN-0070494,2026-08-06,DXB-003,Dubai,CUST-06729,P015,Tablet,Electronics,1,1094.96,10,1094.96,109.5,985.46,Card,Store
TXN-0070499,2026-08-06,DXB-003,Dubai,CUST-00220,P012,Pen Pack,Stationery,3,15.72,5,47.17,2.36,44.82,Apple Pay,Store
TXN-0070564,2026-08-06,DXB-002,Dubai,CUST-00755,P010,Printer,Office,2,714.14,0,1428.28,0.0,1428.28,Cash,Online
TXN-0070574,2026-08-06,DXB-001,Dubai,CUST-07480,P001,Laptop,Electronics,1,2927.28,10,2927.28,292.73,2634.56,Cash,Store
TXN-0070589,2026-08-06,DXB-003,Dubai,CUST-02348,P005,Keyboard,Accessories,2,174.45,0,348.9,0.0,348.9,Cash,Store
TXN-0070592,2026-08-06,DXB-005,Dubai,CUST-02300,P010,Printer,Office,1,637.97,0,637.97,0.0,637.97,Apple Pay,Store
TXN-0070680,2026-08-06,DXB-005,Dubai,CUST-05688,P002,Smartphone,Electronics,1,1817.51,0,1817.51,0.0,1817.51,Apple Pay,Store
TXN-0070915,2026-08-06,DXB-002,Dubai,CUST-01486,P012,Pen Pack,Stationery,2,16.1,5,32.21,1.61,30.6,Card,Store
TXN-0071056,2026-08-06,DXB-002,Dubai,CUST-02905,P007,Office Chair,Furniture,1,663.23,15,663.23,99.48,563.75,Card,Store
TXN-0071072,2026-08-06,DXB-001,Dubai,CUST-00154,P015,Tablet,Electronics,1,1189.21,10,1189.21,118.92,1070.29,Card,Store
TXN-0071085,2026-08-06,DXB-002,Dubai,CUST-06307,P012,Pen Pack,Stationery,2,15.27,15,30.54,4.58,25.96,Card,Online
TXN-0071128,2026-08-06,DXB-003,Dubai,CUST-01975,P002,Smartphone,Electronics,1,1856.06,0,1856.06,0.0,1856.06,Card,Store
TXN-0071131,2026-08-06,DXB-005,Dubai,CUST-04256,P003,Headphones,Electronics,1,340.22,5,340.22,17.01,323.21,Card,Store
TXN-0071135,2026-08-06,DXB-004,Dubai,CUST-06187,P015,Tablet,Electronics,2,1224.33,15,2448.67,367.3,2081.37,Card,Store
TXN-0071158,2026-08-06,DXB-003,Dubai,CUST-06019,P015,Tablet,Electronics,1,1145.82,15,1145.82,171.87,973.94,Bank Transfer,Online
TXN-0071209,2026-08-06,DXB-001,Dubai,CUST-04322,P006,Mouse,Accessories,1,89.17,0,89.17,0.0,89.17,Apple Pay,Store
TXN-0071256,2026-08-06,DXB-004,Dubai,CUST-01824,P014,Power Bank,Electronics,3,144.8,5,434.41,21.72,412.69,Apple Pay,Online
TXN-0071266,2026-08-06,DXB-001,Dubai,CUST-00143,P007,Office Chair,Furniture,2,626.63,0,1253.26,0.0,1253.26,Apple Pay,Store
TXN-0071348,2026-08-06,DXB-003,Dubai,CUST-07807,P008,Desk,Furniture,1,928.88,0,928.88,0.0,928.88,Apple Pay,Store
TXN-0071430,2026-08-06,DXB-002,Dubai,CUST-05260,P003,Headphones,Electronics,1,333.3,0,333.3,0.0,333.3,Card,Store
TXN-0071468,2026-08-06,DXB-001,Dubai,CUST-07459,P014,Power Bank,Electronics,2,133.97,0,267.94,0.0,267.94,Card,Online
TXN-0071585,2026-08-06,DXB-001,Dubai,CUST-01725,P004,Monitor,Electronics,4,1009.29,5,4037.16,201.86,3835.3,Card,Store
TXN-0071677,2026-08-06,DXB-001,Dubai,CUST-07545,P012,Pen Pack,Stationery,1,15.17,5,15.17,0.76,14.41,Card,Store
TXN-0071698,2026-08-06,DXB-002,Dubai,CUST-07379,P001,Laptop,Electronics,1,2912.17,10,2912.17,291.22,2620.95,Card,Store
TXN-0071869,2026-08-06,DXB-004,Dubai,CUST-03292,P001,Laptop,Electronics,1,2851.33,5,2851.33,142.57,2708.76,Card,Store
TXN-0071892,2026-08-06,DXB-002,Dubai,CUST-03564,P005,Keyboard,Accessories,1,188.1,0,188.1,0.0,188.1,Apple Pay,Store
TXN-0071975,2026-08-06,DXB-001,Dubai,CUST-05498,P009,Backpack,Accessories,5,237.97,15,1189.86,178.48,1011.38,Card,Store
TXN-0071990,2026-08-06,DXB-002,Dubai,CUST-05554,P001,Laptop,Electronics,1,2899.47,0,2899.47,0.0,2899.47,Apple Pay,Online
TXN-0072048,2026-08-06,DXB-004,Dubai,CUST-00407,P013,USB Drive,Accessories,3,42.36,0,127.08,0.0,127.08,Cash,Store
TXN-0072120,2026-08-06,DXB-001,Dubai,CUST-05464,P013,USB Drive,Accessories,1,48.03,0,48.03,0.0,48.03,Apple Pay,Store
TXN-0072172,2026-08-06,DXB-002,Dubai,CUST-00966,P001,Laptop,Electronics,2,2579.1,10,5158.2,515.82,4642.38,Bank Transfer,Online
TXN-0072243,2026-08-06,DXB-005,Dubai,CUST-00523,P010,Printer,Office,3,670.56,5,2011.69,100.58,1911.1,Card,Store
TXN-0072280,2026-08-06,DXB-004,Dubai,CUST-07073,P006,Mouse,Accessories,2,103.86,15,207.71,31.16,176.56,Apple Pay,Online
TXN-0072314,2026-08-06,DXB-003,Dubai,CUST-06225,P002,Smartphone,Electronics,3,1816.17,0,5448.5,0.0,5448.5,Card,Store
TXN-0072366,2026-08-06,DXB-005,Dubai,CUST-04787,P013,USB Drive,Accessories,1,44.12,10,44.12,4.41,39.71,Bank Transfer,Online
TXN-0072375,2026-08-06,DXB-002,Dubai,CUST-02860,P006,Mouse,Accessories,5,108.35,5,541.73,27.09,514.64,Card,Online
TXN-0072412,2026-08-06,DXB-002,Dubai,CUST-06797,P006,Mouse,Accessories,1,103.38,15,103.38,15.51,87.87,Cash,Online
TXN-0072421,2026-08-06,DXB-004,Dubai,CUST-06456,P008,Desk,Furniture,1,820.2,5,820.2,41.01,779.19,Cash,Online
TXN-0072479,2026-08-06,DXB-004,Dubai,CUST-02135,P002,Smartphone,Electronics,1,1795.25,0,1795.25,0.0,1795.25,Cash,Store
TXN-0072525,2026-08-06,DXB-002,Dubai,CUST-00938,P001,Laptop,Electronics,1,2709.47,0,2709.47,0.0,2709.47,Apple Pay,Store
TXN-0072532,2026-08-06,DXB-004,Dubai,CUST-07353,P012,Pen Pack,Stationery,2,15.38,0,30.76,0.0,30.76,Card,Store
TXN-0072567,2026-08-06,DXB-004,Dubai,CUST-00564,P012,Pen Pack,Stationery,1,14.69,10,14.69,1.47,13.22,Apple Pay,Online
TXN-0072650,2026-08-06,DXB-002,Dubai,CUST-07891,P015,Tablet,Electronics,1,1241.16,15,1241.16,186.17,1054.99,Card,Online
TXN-0072713,2026-08-06,DXB-004,Dubai,CUST-02197,P006,Mouse,Accessories,1,99.79,10,99.79,9.98,89.81,Card,Online
TXN-0072846,2026-08-06,DXB-005,Dubai,CUST-04144,P003,Headphones,Electronics,3,389.39,0,1168.17,0.0,1168.17,Card,Store
TXN-0072885,2026-08-06,DXB-001,Dubai,CUST-02602,P014,Power Bank,Electronics,1,153.8,5,153.8,7.69,146.11,Apple Pay,Store
TXN-0072926,2026-08-06,DXB-003,Dubai,CUST-03247,P013,USB Drive,Accessories,1,40.58,0,40.58,0.0,40.58,Bank Transfer,Online
TXN-0073006,2026-08-06,DXB-003,Dubai,CUST-05810,P007,Office Chair,Furniture,1,631.11,0,631.11,0.0,631.11,Card,Store
TXN-0073047,2026-08-06,DXB-005,Dubai,CUST-02100,P013,USB Drive,Accessories,1,45.33,5,45.33,2.27,43.06,Cash,Store
TXN-0073087,2026-08-06,DXB-002,Dubai,CUST-05337,P005,Keyboard,Accessories,1,172.51,0,172.51,0.0,172.51,Card,Online
TXN-0073114,2026-08-06,DXB-004,Dubai,CUST-07004,P001,Laptop,Electronics,1,2742.19,15,2742.19,411.33,2330.86,Card,Store
TXN-0073212,2026-08-06,DXB-002,Dubai,CUST-03399,P007,Office Chair,Furniture,1,647.42,5,647.42,32.37,615.05,Bank Transfer,Store
TXN-0073270,2026-08-06,DXB-003,Dubai,CUST-00254,P003,Headphones,Electronics,2,338.74,20,677.48,135.5,541.99,Card,Online
TXN-0073335,2026-08-06,DXB-003,Dubai,CUST-04113,P013,USB Drive,Accessories,1,44.2,0,44.2,0.0,44.2,Apple Pay,Store
TXN-0073357,2026-08-06,DXB-003,Dubai,CUST-03073,P008,Desk,Furniture,1,776.35,0,776.35,0.0,776.35,Cash,Store
TXN-0073363,2026-08-06,DXB-003,Dubai,CUST-07033,P002,Smartphone,Electronics,1,1960.46,5,1960.46,98.02,1862.44,Cash,Store
TXN-0073380,2026-08-06,DXB-005,Dubai,CUST-00751,P006,Mouse,Accessories,1,93.13,0,93.13,0.0,93.13,Card,Store
TXN-0073458,2026-08-06,DXB-003,Dubai,CUST-06984,P003,Headphones,Electronics,2,352.3,0,704.6,0.0,704.6,Card,Store
TXN-0073495,2026-08-06,DXB-005,Dubai,CUST-01386,P008,Desk,Furniture,1,815.38,5,815.38,40.77,774.61,Card,Store
TXN-0073497,2026-08-06,DXB-002,Dubai,CUST-03432,P012,Pen Pack,Stationery,2,15.95,10,31.89,3.19,28.7,Card,Store
TXN-0073548,2026-08-06,DXB-004,Dubai,CUST-02830,P002,Smartphone,Electronics,2,1616.11,0,3232.23,0.0,3232.23,Card,Store
TXN-0073549,2026-08-06,DXB-005,Dubai,CUST-04872,P012,Pen Pack,Stationery,1,14.2,5,14.2,0.71,13.49,Card,Store
TXN-0073552,2026-08-06,DXB-001,Dubai,CUST-05907,P015,Tablet,Electronics,1,1222.77,20,1222.77,244.55,978.21,Bank Transfer,Store
TXN-0073715,2026-08-06,DXB-001,Dubai,CUST-03477,P001,Laptop,Electronics,3,2628.03,0,7884.08,0.0,7884.08,Card,Store
TXN-0073827,2026-08-06,DXB-002,Dubai,CUST-02660,P004,Monitor,Electronics,1,874.76,20,874.76,174.95,699.81,Cash,Store
TXN-0074022,2026-08-06,DXB-002,Dubai,CUST-01136,P010,Printer,Office,1,685.73,0,685.73,0.0,685.73,Cash,Store
TXN-0074141,2026-08-06,DXB-005,Dubai,CUST-03417,P015,Tablet,Electronics,1,1325.9,0,1325.9,0.0,1325.9,Bank Transfer,Store
TXN-0074165,2026-08-06,DXB-005,Dubai,CUST-05954,P004,Monitor,Electronics,1,891.04,15,891.04,133.66,757.38,Apple Pay,Store
TXN-0074192,2026-08-06,DXB-001,Dubai,CUST-03647,P002,Smartphone,Electronics,1,1814.36,5,1814.36,90.72,1723.64,Card,Online
TXN-0074263,2026-08-06,DXB-004,Dubai,CUST-00388,P014,Power Bank,Electronics,1,148.49,0,148.49,0.0,148.49,Bank Transfer,Store
TXN-0074272,2026-08-06,DXB-003,Dubai,CUST-03254,P013,USB Drive,Accessories,1,45.84,0,45.84,0.0,45.84,Card,Store
TXN-0074285,2026-08-06,DXB-002,Dubai,CUST-06874,P008,Desk,Furniture,3,820.05,5,2460.16,123.01,2337.15,Cash,Store
TXN-0074295,2026-08-06,DXB-003,Dubai,CUST-01439,P003,Headphones,Electronics,1,366.92,0,366.92,0.0,366.92,Bank Transfer,Online
TXN-0074323,2026-08-06,DXB-001,Dubai,CUST-04730,P014,Power Bank,Electronics,3,153.18,10,459.54,45.95,413.59,Card,Online
TXN-0074502,2026-08-06,DXB-001,Dubai,CUST-03861,P014,Power Bank,Electronics,2,163.01,15,326.02,48.9,277.12,Cash,Store
TXN-0074545,2026-08-06,DXB-004,Dubai,CUST-01570,P001,Laptop,Electronics,1,2976.47,0,2976.47,0.0,2976.47,Card,Store
TXN-0074559,2026-08-06,DXB-005,Dubai,CUST-06589,P007,Office Chair,Furniture,1,702.24,5,702.24,35.11,667.13,Apple Pay,Store
TXN-0074659,2026-08-06,DXB-001,Dubai,CUST-03112,P004,Monitor,Electronics,1,901.63,10,901.63,90.16,811.46,Apple Pay,Store
TXN-0074671,2026-08-06,DXB-002,Dubai,CUST-04833,P002,Smartphone,Electronics,5,1647.51,15,8237.53,1235.63,7001.9,Apple Pay,Online
TXN-0074703,2026-08-06,DXB-004,Dubai,CUST-04562,P006,Mouse,Accessories,4,103.13,0,412.53,0.0,412.53,Card,Store
TXN-0074722,2026-08-06,DXB-003,Dubai,CUST-01153,P015,Tablet,Electronics,1,1142.59,5,1142.59,57.13,1085.46,Apple Pay,Store
TXN-0074759,2026-08-06,DXB-001,Dubai,CUST-01002,P007,Office Chair,Furniture,1,675.12,0,675.12,0.0,675.12,Apple Pay,Online
TXN-0074800,2026-08-06,DXB-003,Dubai,CUST-00520,P009,Backpack,Accessories,1,216.19,10,216.19,21.62,194.57,Card,Store
TXN-0075046,2026-08-06,DXB-002,Dubai,CUST-05934,P010,Printer,Office,4,701.37,10,2805.48,280.55,2524.93,Cash,Online
TXN-0075053,2026-08-06,DXB-001,Dubai,CUST-07509,P010,Printer,Office,1,741.81,10,741.81,74.18,667.63,Apple Pay,Store
TXN-0075062,2026-08-06,DXB-002,Dubai,CUST-07894,P001,Laptop,Electronics,5,3005.02,0,15025.12,0.0,15025.12,Card,Store
TXN-0075120,2026-08-06,DXB-002,Dubai,CUST-00237,P012,Pen Pack,Stationery,3,15.76,0,47.27,0.0,47.27,Card,Online
TXN-0075122,2026-08-06,DXB-001,Dubai,CUST-05071,P014,Power Bank,Electronics,1,154.94,5,154.94,7.75,147.19,Card,Store
TXN-0075168,2026-08-06,DXB-002,Dubai,CUST-02257,P005,Keyboard,Accessories,1,179.85,20,179.85,35.97,143.88,Cash,Store
TXN-0075276,2026-08-06,DXB-004,Dubai,CUST-05052,P004,Monitor,Electronics,2,851.94,0,1703.89,0.0,1703.89,Card,Store
TXN-0075305,2026-08-06,DXB-003,Dubai,CUST-00491,P004,Monitor,Electronics,2,968.72,10,1937.44,193.74,1743.7,Card,Store
TXN-0075309,2026-08-06,DXB-001,Dubai,CUST-07518,P006,Mouse,Accessories,1,96.99,0,96.99,0.0,96.99,Apple Pay,Store
TXN-0075316,2026-08-06,DXB-002,Dubai,CUST-06110,P015,Tablet,Electronics,3,1110.23,0,3330.68,0.0,3330.68,Card,Store
TXN-0075454,2026-08-06,DXB-001,Dubai,CUST-04943,P008,Desk,Furniture,3,693.46,0,2080.38,0.0,2080.38,Bank Transfer,Store
TXN-0075514,2026-08-06,DXB-004,Dubai,CUST-06596,P009,Backpack,Accessories,1,223.5,0,223.5,0.0,223.5,Cash,Online
TXN-0075535,2026-08-06,DXB-002,Dubai,CUST-07304,P007,Office Chair,Furniture,6,646.28,0,3877.7,0.0,3877.7,Card,Store
TXN-0075559,2026-08-06,DXB-002,Dubai,CUST-01060,P014,Power Bank,Electronics,2,158.84,0,317.69,0.0,317.69,Cash,Store
TXN-0075740,2026-08-06,DXB-002,Dubai,CUST-02294,P013,USB Drive,Accessories,1,46.87,15,46.87,7.03,39.84,Apple Pay,Online
TXN-0075747,2026-08-06,DXB-001,Dubai,CUST-07933,P015,Tablet,Electronics,1,1266.4,15,1266.4,189.96,1076.44,Card,Store
TXN-0075769,2026-08-06,DXB-002,Dubai,CUST-01281,P014,Power Bank,Electronics,1,138.41,0,138.41,0.0,138.41,Apple Pay,Online
TXN-0075782,2026-08-06,DXB-001,Dubai,CUST-03443,P014,Power Bank,Electronics,3,156.75,15,470.25,70.54,399.71,Card,Store
TXN-0075818,2026-08-06,DXB-003,Dubai,CUST-05453,P011,Notebook,Stationery,5,28.59,5,142.97,7.15,135.83,Card,Store
TXN-0075855,2026-08-06,DXB-005,Dubai,CUST-02221,P010,Printer,Office,2,663.82,0,1327.63,0.0,1327.63,Card,Store
TXN-0075857,2026-08-06,DXB-002,Dubai,CUST-01718,P005,Keyboard,Accessories,3,169.88,0,509.65,0.0,509.65,Apple Pay,Online
TXN-0075866,2026-08-06,DXB-003,Dubai,CUST-02890,P010,Printer,Office,1,709.37,20,709.37,141.87,567.5,Apple Pay,Online
TXN-0075876,2026-08-06,DXB-004,Dubai,CUST-03439,P006,Mouse,Accessories,1,104.08,0,104.08,0.0,104.08,Card,Store
TXN-0075955,2026-08-06,DXB-005,Dubai,CUST-06148,P010,Printer,Office,2,779.69,0,1559.38,0.0,1559.38,Bank Transfer,Store
TXN-0076015,2026-08-06,DXB-001,Dubai,CUST-02542,P002,Smartphone,Electronics,3,1782.93,0,5348.79,0.0,5348.79,Bank Transfer,Store
TXN-0076098,2026-08-06,DXB-005,Dubai,CUST-04355,P009,Backpack,Accessories,1,202.1,0,202.1,0.0,202.1,Card,Store
TXN-0076151,2026-08-06,DXB-003,Dubai,CUST-00171,P013,USB Drive,Accessories,1,42.34,5,42.34,2.12,40.23,Cash,Online
TXN-0076197,2026-08-06,DXB-001,Dubai,CUST-02746,P002,Smartphone,Electronics,1,1659.85,0,1659.85,0.0,1659.85,Card,Store
TXN-0076243,2026-08-06,DXB-001,Dubai,CUST-02753,P012,Pen Pack,Stationery,1,14.97,15,14.97,2.25,12.72,Card,Store
TXN-0076365,2026-08-06,DXB-003,Dubai,CUST-03583,P004,Monitor,Electronics,3,958.73,0,2876.2,0.0,2876.2,Apple Pay,Store
TXN-0076462,2026-08-06,DXB-002,Dubai,CUST-05740,P009,Backpack,Accessories,1,211.76,10,211.76,21.18,190.59,Card,Online
TXN-0076476,2026-08-06,DXB-001,Dubai,CUST-00468,P010,Printer,Office,4,735.39,5,2941.56,147.08,2794.48,Apple Pay,Store
TXN-0076492,2026-08-06,DXB-004,Dubai,CUST-01884,P004,Monitor,Electronics,1,839.78,10,839.78,83.98,755.8,Apple Pay,Store
TXN-0076517,2026-08-06,DXB-001,Dubai,CUST-00037,P014,Power Bank,Electronics,3,145.17,0,435.52,0.0,435.52,Cash,Online
TXN-0076635,2026-08-06,DXB-002,Dubai,CUST-02572,P013,USB Drive,Accessories,1,38.84,10,38.84,3.88,34.96,Cash,Online
TXN-0076661,2026-08-06,DXB-003,Dubai,CUST-04846,P006,Mouse,Accessories,1,107.58,0,107.58,0.0,107.58,Card,Store
TXN-0076817,2026-08-06,DXB-003,Dubai,CUST-02313,P008,Desk,Furniture,2,831.27,20,1662.55,332.51,1330.04,Card,Store
TXN-0076830,2026-08-06,DXB-004,Dubai,CUST-05834,P003,Headphones,Electronics,3,354.1,0,1062.29,0.0,1062.29,Cash,Store
TXN-0076885,2026-08-06,DXB-005,Dubai,CUST-01081,P014,Power Bank,Electronics,3,153.4,15,460.2,69.03,391.17,Apple Pay,Online
TXN-0076888,2026-08-06,DXB-003,Dubai,CUST-07730,P012,Pen Pack,Stationery,2,12.69,0,25.39,0.0,25.39,Card,Store
TXN-0076941,2026-08-06,DXB-003,Dubai,CUST-01221,P013,USB Drive,Accessories,3,40.35,0,121.06,0.0,121.06,Bank Transfer,Store
TXN-0076966,2026-08-06,DXB-004,Dubai,CUST-06585,P004,Monitor,Electronics,1,865.7,15,865.7,129.85,735.84,Cash,Store
TXN-0076970,2026-08-06,DXB-003,Dubai,CUST-02741,P012,Pen Pack,Stationery,1,13.63,0,13.63,0.0,13.63,Apple Pay,Online
TXN-0077018,2026-08-06,DXB-003,Dubai,CUST-05568,P010,Printer,Office,2,656.7,0,1313.4,0.0,1313.4,Bank Transfer,Store
TXN-0077068,2026-08-06,DXB-002,Dubai,CUST-07688,P014,Power Bank,Electronics,1,150.69,5,150.69,7.53,143.16,Apple Pay,Online
TXN-0077083,2026-08-06,DXB-001,Dubai,CUST-06022,P014,Power Bank,Electronics,1,154.99,15,154.99,23.25,131.74,Card,Store
TXN-0077147,2026-08-06,DXB-001,Dubai,CUST-06851,P005,Keyboard,Accessories,1,165.63,10,165.63,16.56,149.07,Card,Store
TXN-0077246,2026-08-06,DXB-002,Dubai,CUST-04267,P005,Keyboard,Accessories,1,190.06,10,190.06,19.01,171.05,Bank Transfer,Store
TXN-0077249,2026-08-06,DXB-005,Dubai,CUST-05011,P001,Laptop,Electronics,1,2890.33,10,2890.33,289.03,2601.3,Apple Pay,Online
TXN-0077395,2026-08-06,DXB-002,Dubai,CUST-03616,P001,Laptop,Electronics,5,3020.87,5,15104.34,755.22,14349.12,Card,Store
TXN-0077412,2026-08-06,DXB-004,Dubai,CUST-04637,P010,Printer,Office,1,734.52,20,734.52,146.9,587.61,Card,Online
TXN-0077464,2026-08-06,DXB-005,Dubai,CUST-04845,P013,USB Drive,Accessories,2,49.27,10,98.55,9.85,88.69,Apple Pay,Store
TXN-0077547,2026-08-06,DXB-004,Dubai,CUST-04029,P011,Notebook,Stationery,2,27.05,0,54.1,0.0,54.1,Card,Store
TXN-0077563,2026-08-06,DXB-002,Dubai,CUST-01685,P001,Laptop,Electronics,2,2966.16,0,5932.32,0.0,5932.32,Card,Store
TXN-0077575,2026-08-06,DXB-002,Dubai,CUST-01165,P007,Office Chair,Furniture,1,614.41,5,614.41,30.72,583.69,Card,Online
TXN-0077729,2026-08-06,DXB-002,Dubai,CUST-07852,P013,USB Drive,Accessories,1,46.0,5,46.0,2.3,43.7,Apple Pay,Store
TXN-0077736,2026-08-06,DXB-002,Dubai,CUST-07269,P005,Keyboard,Accessories,1,199.53,5,199.53,9.98,189.55,Bank Transfer,Store
TXN-0077779,2026-08-06,DXB-003,Dubai,CUST-03090,P007,Office Chair,Furniture,2,648.97,10,1297.94,129.79,1168.14,Apple Pay,Online
TXN-0077798,2026-08-06,DXB-003,Dubai,CUST-00680,P005,Keyboard,Accessories,3,175.0,0,524.99,0.0,524.99,Apple Pay,Store
TXN-0077853,2026-08-06,DXB-001,Dubai,CUST-03360,P003,Headphones,Electronics,4,331.85,0,1327.39,0.0,1327.39,Bank Transfer,Store
TXN-0077858,2026-08-06,DXB-005,Dubai,CUST-07135,P011,Notebook,Stationery,2,23.47,0,46.94,0.0,46.94,Card,Store
TXN-0077864,2026-08-06,DXB-003,Dubai,CUST-06866,P003,Headphones,Electronics,5,326.34,10,1631.72,163.17,1468.55,Bank Transfer,Store
TXN-0077870,2026-08-06,DXB-001,Dubai,CUST-02333,P014,Power Bank,Electronics,1,134.59,5,134.59,6.73,127.86,Apple Pay,Store
TXN-0077878,2026-08-06,DXB-001,Dubai,CUST-03343,P011,Notebook,Stationery,1,24.15,5,24.15,1.21,22.95,Card,Store
TXN-0077919,2026-08-06,DXB-004,Dubai,CUST-03650,P008,Desk,Furniture,3,800.68,10,2402.03,240.2,2161.83,Apple Pay,Store
TXN-0077993,2026-08-06,DXB-002,Dubai,CUST-06864,P001,Laptop,Electronics,2,3100.02,10,6200.03,620.0,5580.03,Cash,Store
TXN-0078077,2026-08-06,DXB-004,Dubai,CUST-03653,P008,Desk,Furniture,1,838.71,0,838.71,0.0,838.71,Apple Pay,Online
TXN-0078083,2026-08-06,DXB-005,Dubai,CUST-03469,P014,Power Bank,Electronics,1,162.55,10,162.55,16.26,146.3,Apple Pay,Store
TXN-0078132,2026-08-06,DXB-004,Dubai,CUST-06572,P008,Desk,Furniture,2,815.68,5,1631.37,81.57,1549.8,Card,Online
TXN-0078140,2026-08-06,DXB-004,Dubai,CUST-05061,P006,Mouse,Accessories,1,108.87,0,108.87,0.0,108.87,Card,Store
TXN-0078147,2026-08-06,DXB-004,Dubai,CUST-07224,P011,Notebook,Stationery,1,22.5,0,22.5,0.0,22.5,Card,Store
TXN-0078223,2026-08-06,DXB-001,Dubai,CUST-04377,P015,Tablet,Electronics,1,1207.05,0,1207.05,0.0,1207.05,Cash,Store
TXN-0078385,2026-08-06,DXB-004,Dubai,CUST-02725,P010,Printer,Office,1,681.89,0,681.89,0.0,681.89,Card,Online
TXN-0078393,2026-08-06,DXB-003,Dubai,CUST-03086,P010,Printer,Office,1,729.23,0,729.23,0.0,729.23,Apple Pay,Store
TXN-0078402,2026-08-06,DXB-005,Dubai,CUST-06216,P004,Monitor,Electronics,4,920.4,10,3681.6,368.16,3313.44,Bank Transfer,Online
TXN-0078510,2026-08-06,DXB-001,Dubai,CUST-06907,P014,Power Bank,Electronics,4,157.5,0,630.0,0.0,630.0,Apple Pay,Store
TXN-0078521,2026-08-06,DXB-002,Dubai,CUST-06239,P003,Headphones,Electronics,1,366.51,0,366.51,0.0,366.51,Card,Online
TXN-0078546,2026-08-06,DXB-001,Dubai,CUST-04096,P004,Monitor,Electronics,1,926.34,0,926.34,0.0,926.34,Bank Transfer,Store
TXN-0078574,2026-08-06,DXB-005,Dubai,CUST-06638,P006,Mouse,Accessories,2,104.77,0,209.55,0.0,209.55,Card,Store
TXN-0078628,2026-08-06,DXB-002,Dubai,CUST-06262,P015,Tablet,Electronics,1,1332.28,0,1332.28,0.0,1332.28,Cash,Online
TXN-0078673,2026-08-06,DXB-002,Dubai,CUST-03142,P007,Office Chair,Furniture,1,647.85,10,647.85,64.78,583.06,Cash,Online
TXN-0078731,2026-08-06,DXB-003,Dubai,CUST-06342,P012,Pen Pack,Stationery,1,14.2,0,14.2,0.0,14.2,Card,Store
TXN-0078812,2026-08-06,DXB-002,Dubai,CUST-05811,P008,Desk,Furniture,1,864.31,10,864.31,86.43,777.88,Card,Store
TXN-0078855,2026-08-06,DXB-005,Dubai,CUST-07376,P003,Headphones,Electronics,3,325.86,0,977.57,0.0,977.57,Card,Online
TXN-0078907,2026-08-06,DXB-004,Dubai,CUST-03036,P012,Pen Pack,Stationery,1,14.7,10,14.7,1.47,13.23,Bank Transfer,Store
TXN-0078967,2026-08-06,DXB-001,Dubai,CUST-01151,P014,Power Bank,Electronics,4,140.91,5,563.65,28.18,535.47,Card,Store
TXN-0079030,2026-08-06,DXB-004,Dubai,CUST-06425,P012,Pen Pack,Stationery,1,15.51,10,15.51,1.55,13.96,Bank Transfer,Store
TXN-0079103,2026-08-06,DXB-004,Dubai,CUST-08000,P002,Smartphone,Electronics,3,1863.75,0,5591.25,0.0,5591.25,Card,Store
TXN-0079332,2026-08-06,DXB-002,Dubai,CUST-07374,P013,USB Drive,Accessories,2,47.59,5,95.18,4.76,90.42,Card,Online
TXN-0079339,2026-08-06,DXB-003,Dubai,CUST-04833,P005,Keyboard,Accessories,2,180.79,0,361.57,0.0,361.57,Card,Store
TXN-0079471,2026-08-06,DXB-003,Dubai,CUST-06404,P009,Backpack,Accessories,2,235.11,15,470.22,70.53,399.69,Bank Transfer,Online
TXN-0079606,2026-08-06,DXB-004,Dubai,CUST-00816,P012,Pen Pack,Stationery,2,15.64,10,31.28,3.13,28.16,Card,Store
TXN-0079623,2026-08-06,DXB-003,Dubai,CUST-05609,P007,Office Chair,Furniture,1,619.02,10,619.02,61.9,557.12,Cash,Store
TXN-0079658,2026-08-06,DXB-001,Dubai,CUST-06295,P005,Keyboard,Accessories,1,189.24,5,189.24,9.46,179.78,Card,Store
TXN-0079692,2026-08-06,DXB-003,Dubai,CUST-07399,P012,Pen Pack,Stationery,6,14.4,10,86.38,8.64,77.74,Card,Store
TXN-0079866,2026-08-06,DXB-003,Dubai,CUST-00416,P015,Tablet,Electronics,1,1111.88,0,1111.88,0.0,1111.88,Card,Store
TXN-0080006,2026-08-06,DXB-005,Dubai,CUST-03458,P001,Laptop,Electronics,1,3043.47,5,3043.47,152.17,2891.29,Card,Store
TXN-0080092,2026-08-06,DXB-001,Dubai,CUST-07429,P009,Backpack,Accessories,4,204.07,0,816.26,0.0,816.26,Bank Transfer,Store
TXN-0080163,2026-08-06,DXB-003,Dubai,CUST-07041,P006,Mouse,Accessories,4,94.85,15,379.39,56.91,322.48,Card,Online
TXN-0080178,2026-08-06,DXB-002,Dubai,CUST-03339,P008,Desk,Furniture,1,802.31,10,802.31,80.23,722.08,Card,Store
TXN-0080215,2026-08-06,DXB-004,Dubai,CUST-07986,P009,Backpack,Accessories,2,200.46,10,400.91,40.09,360.82,Card,Store
TXN-0080265,2026-08-06,DXB-001,Dubai,CUST-06064,P015,Tablet,Electronics,6,1193.12,10,7158.72,715.87,6442.85,Card,Online
TXN-0080351,2026-08-06,DXB-003,Dubai,CUST-03904,P009,Backpack,Accessories,2,211.03,10,422.05,42.21,379.85,Card,Store
TXN-0080499,2026-08-06,DXB-005,Dubai,CUST-02674,P003,Headphones,Electronics,1,338.03,0,338.03,0.0,338.03,Cash,Online
TXN-0080547,2026-08-06,DXB-002,Dubai,CUST-00119,P009,Backpack,Accessories,2,209.39,5,418.79,20.94,397.85,Cash,Store
TXN-0080550,2026-08-06,DXB-004,Dubai,CUST-02880,P008,Desk,Furniture,1,799.68,5,799.68,39.98,759.7,Card,Store
TXN-0080586,2026-08-06,DXB-004,Dubai,CUST-02676,P008,Desk,Furniture,1,736.49,0,736.49,0.0,736.49,Card,Store
TXN-0080596,2026-08-06,DXB-004,Dubai,CUST-05818,P010,Printer,Office,1,635.37,0,635.37,0.0,635.37,Apple Pay,Store
TXN-0080598,2026-08-06,DXB-005,Dubai,CUST-06754,P014,Power Bank,Electronics,1,158.56,5,158.56,7.93,150.63,Apple Pay,Store
TXN-0080612,2026-08-06,DXB-002,Dubai,CUST-00195,P009,Backpack,Accessories,1,210.08,10,210.08,21.01,189.07,Apple Pay,Online
TXN-0080649,2026-08-06,DXB-001,Dubai,CUST-02016,P001,Laptop,Electronics,1,2749.46,5,2749.46,137.47,2611.99,Apple Pay,Store
TXN-0080696,2026-08-06,DXB-003,Dubai,CUST-04112,P014,Power Bank,Electronics,1,142.49,5,142.49,7.12,135.37,Card,Store
TXN-0080727,2026-08-06,DXB-002,Dubai,CUST-04758,P001,Laptop,Electronics,4,2654.15,20,10616.62,2123.32,8493.3,Apple Pay,Online
TXN-0080744,2026-08-06,DXB-002,Dubai,CUST-02256,P001,Laptop,Electronics,1,2860.78,0,2860.78,0.0,2860.78,Apple Pay,Store
TXN-0080893,2026-08-06,DXB-002,Dubai,CUST-00867,P011,Notebook,Stationery,3,25.66,15,76.99,11.55,65.45,Apple Pay,Store
TXN-0080938,2026-08-06,DXB-003,Dubai,CUST-00630,P008,Desk,Furniture,1,773.4,0,773.4,0.0,773.4,Apple Pay,Store
TXN-0080941,2026-08-06,DXB-001,Dubai,CUST-04796,P004,Monitor,Electronics,2,1016.15,0,2032.31,0.0,2032.31,Bank Transfer,Store
TXN-0080980,2026-08-06,DXB-001,Dubai,CUST-06284,P006,Mouse,Accessories,4,102.97,0,411.87,0.0,411.87,Card,Store
TXN-0081061,2026-08-06,DXB-001,Dubai,CUST-06305,P007,Office Chair,Furniture,2,698.9,15,1397.8,209.67,1188.13,Apple Pay,Store
TXN-0081215,2026-08-06,DXB-001,Dubai,CUST-05012,P008,Desk,Furniture,1,775.68,5,775.68,38.78,736.9,Apple Pay,Store
TXN-0081225,2026-08-06,DXB-005,Dubai,CUST-00820,P013,USB Drive,Accessories,1,44.31,0,44.31,0.0,44.31,Card,Store
TXN-0081237,2026-08-06,DXB-004,Dubai,CUST-07258,P013,USB Drive,Accessories,2,42.49,0,84.98,0.0,84.98,Bank Transfer,Online
TXN-0081256,2026-08-06,DXB-002,Dubai,CUST-05390,P006,Mouse,Accessories,2,109.19,0,218.38,0.0,218.38,Apple Pay,Store
TXN-0081294,2026-08-06,DXB-005,Dubai,CUST-01575,P010,Printer,Office,2,758.94,5,1517.87,75.89,1441.98,Apple Pay,Store
TXN-0081345,2026-08-06,DXB-002,Dubai,CUST-01854,P008,Desk,Furniture,1,845.24,10,845.24,84.52,760.72,Card,Store
TXN-0081403,2026-08-06,DXB-005,Dubai,CUST-06898,P004,Monitor,Electronics,1,987.84,10,987.84,98.78,889.06,Card,Store
TXN-0081435,2026-08-06,DXB-005,Dubai,CUST-04277,P011,Notebook,Stationery,1,26.65,0,26.65,0.0,26.65,Card,Store
TXN-0081437,2026-08-06,DXB-001,Dubai,CUST-00150,P007,Office Chair,Furniture,1,658.41,15,658.41,98.76,559.65,Bank Transfer,Store
TXN-0081489,2026-08-06,DXB-005,Dubai,CUST-03318,P001,Laptop,Electronics,3,2927.06,20,8781.19,1756.24,7024.95,Cash,Store
TXN-0081549,2026-08-06,DXB-001,Dubai,CUST-00283,P015,Tablet,Electronics,1,1223.27,0,1223.27,0.0,1223.27,Cash,Online
TXN-0081799,2026-08-06,DXB-002,Dubai,CUST-02469,P005,Keyboard,Accessories,1,175.81,0,175.81,0.0,175.81,Apple Pay,Store
TXN-0082090,2026-08-06,DXB-004,Dubai,CUST-03261,P012,Pen Pack,Stationery,1,15.73,0,15.73,0.0,15.73,Apple Pay,Store
TXN-0082167,2026-08-06,DXB-002,Dubai,CUST-07837,P003,Headphones,Electronics,3,355.51,0,1066.53,0.0,1066.53,Cash,Store
TXN-0082168,2026-08-06,DXB-003,Dubai,CUST-02869,P008,Desk,Furniture,1,811.09,10,811.09,81.11,729.98,Card,Store
TXN-0082216,2026-08-06,DXB-005,Dubai,CUST-04304,P010,Printer,Office,1,714.93,5,714.93,35.75,679.18,Cash,Store
TXN-0082226,2026-08-06,DXB-004,Dubai,CUST-02841,P015,Tablet,Electronics,2,1021.7,10,2043.4,204.34,1839.06,Cash,Store
TXN-0082438,2026-08-06,DXB-005,Dubai,CUST-06345,P013,USB Drive,Accessories,2,43.5,20,87.0,17.4,69.6,Apple Pay,Store
TXN-0082522,2026-08-06,DXB-004,Dubai,CUST-06155,P004,Monitor,Electronics,1,957.0,0,957.0,0.0,957.0,Card,Store
TXN-0082660,2026-08-06,DXB-005,Dubai,CUST-07028,P010,Printer,Office,1,693.84,10,693.84,69.38,624.46,Card,Store
TXN-0082690,2026-08-06,DXB-003,Dubai,CUST-07374,P001,Laptop,Electronics,1,2916.2,0,2916.2,0.0,2916.2,Card,Store
TXN-0082752,2026-08-06,DXB-003,Dubai,CUST-02572,P012,Pen Pack,Stationery,1,14.34,10,14.34,1.43,12.91,Card,Online
TXN-0082755,2026-08-06,DXB-003,Dubai,CUST-03376,P012,Pen Pack,Stationery,1,15.55,10,15.55,1.56,14.0,Cash,Store
TXN-0082873,2026-08-06,DXB-003,Dubai,CUST-06459,P008,Desk,Furniture,1,766.85,10,766.85,76.69,690.17,Card,Store
TXN-0082878,2026-08-06,DXB-005,Dubai,CUST-05974,P011,Notebook,Stationery,1,26.58,5,26.58,1.33,25.25,Bank Transfer,Online
TXN-0082923,2026-08-06,DXB-004,Dubai,CUST-04720,P004,Monitor,Electronics,1,874.15,5,874.15,43.71,830.44,Card,Store
TXN-0082982,2026-08-06,DXB-002,Dubai,CUST-00296,P002,Smartphone,Electronics,2,1829.97,10,3659.95,365.99,3293.95,Card,Store
TXN-0083040,2026-08-06,DXB-003,Dubai,CUST-00039,P010,Printer,Office,1,702.42,5,702.42,35.12,667.3,Cash,Store
TXN-0083082,2026-08-06,DXB-005,Dubai,CUST-07238,P014,Power Bank,Electronics,1,147.34,5,147.34,7.37,139.97,Apple Pay,Store
TXN-0083163,2026-08-06,DXB-003,Dubai,CUST-04665,P013,USB Drive,Accessories,1,46.08,0,46.08,0.0,46.08,Card,Online
TXN-0083270,2026-08-06,DXB-003,Dubai,CUST-03685,P015,Tablet,Electronics,1,1127.4,15,1127.4,169.11,958.29,Card,Online
TXN-0083567,2026-08-06,DXB-004,Dubai,CUST-06236,P008,Desk,Furniture,4,787.0,15,3147.99,472.2,2675.79,Apple Pay,Store
TXN-0083622,2026-08-06,DXB-005,Dubai,CUST-00715,P011,Notebook,Stationery,5,23.32,5,116.59,5.83,110.76,Cash,Online
TXN-0083623,2026-08-06,DXB-003,Dubai,CUST-04570,P006,Mouse,Accessories,2,95.72,10,191.43,19.14,172.29,Apple Pay,Online
TXN-0083725,2026-08-06,DXB-001,Dubai,CUST-04907,P007,Office Chair,Furniture,2,594.51,10,1189.02,118.9,1070.12,Card,Store
TXN-0083758,2026-08-06,DXB-001,Dubai,CUST-00193,P013,USB Drive,Accessories,2,45.39,0,90.78,0.0,90.78,Card,Online
TXN-0083763,2026-08-06,DXB-004,Dubai,CUST-05697,P010,Printer,Office,1,672.24,5,672.24,33.61,638.62,Bank Transfer,Store
TXN-0083784,2026-08-06,DXB-001,Dubai,CUST-05373,P002,Smartphone,Electronics,1,1940.34,0,1940.34,0.0,1940.34,Apple Pay,Store
TXN-0083788,2026-08-06,DXB-004,Dubai,CUST-01218,P002,Smartphone,Electronics,2,1773.86,15,3547.72,532.16,3015.56,Cash,Store
TXN-0083894,2026-08-06,DXB-003,Dubai,CUST-03317,P002,Smartphone,Electronics,1,1872.32,5,1872.32,93.62,1778.71,Card,Online
TXN-0083916,2026-08-06,DXB-001,Dubai,CUST-00582,P007,Office Chair,Furniture,2,706.6,20,1413.2,282.64,1130.56,Card,Store
TXN-0083920,2026-08-06,DXB-003,Dubai,CUST-04351,P003,Headphones,Electronics,5,347.92,10,1739.6,173.96,1565.64,Card,Store
TXN-0083923,2026-08-06,DXB-002,Dubai,CUST-00492,P007,Office Chair,Furniture,3,641.96,15,1925.89,288.88,1637.01,Apple Pay,Online
TXN-0083928,2026-08-06,DXB-001,Dubai,CUST-02643,P014,Power Bank,Electronics,1,140.44,0,140.44,0.0,140.44,Apple Pay,Store
TXN-0083946,2026-08-06,DXB-003,Dubai,CUST-03112,P015,Tablet,Electronics,2,1263.96,0,2527.92,0.0,2527.92,Card,Store
TXN-0083991,2026-08-06,DXB-002,Dubai,CUST-06527,P006,Mouse,Accessories,1,102.33,10,102.33,10.23,92.1,Cash,Store
TXN-0084013,2026-08-06,DXB-004,Dubai,CUST-05315,P011,Notebook,Stationery,1,25.38,10,25.38,2.54,22.84,Card,Store
TXN-0084045,2026-08-06,DXB-001,Dubai,CUST-06606,P014,Power Bank,Electronics,1,153.9,0,153.9,0.0,153.9,Card,Store
TXN-0084115,2026-08-06,DXB-001,Dubai,CUST-01253,P014,Power Bank,Electronics,2,140.59,0,281.18,0.0,281.18,Cash,Store
TXN-0084120,2026-08-06,DXB-003,Dubai,CUST-01416,P006,Mouse,Accessories,1,105.49,10,105.49,10.55,94.94,Cash,Store
TXN-0084182,2026-08-06,DXB-003,Dubai,CUST-00090,P011,Notebook,Stationery,2,27.0,10,54.0,5.4,48.6,Card,Store
TXN-0084189,2026-08-06,DXB-003,Dubai,CUST-05008,P011,Notebook,Stationery,2,24.92,10,49.84,4.98,44.85,Apple Pay,Store
TXN-0084281,2026-08-06,DXB-001,Dubai,CUST-00104,P015,Tablet,Electronics,1,1232.51,0,1232.51,0.0,1232.51,Apple Pay,Online
TXN-0084347,2026-08-06,DXB-005,Dubai,CUST-06047,P010,Printer,Office,2,769.11,0,1538.23,0.0,1538.23,Cash,Store
TXN-0084373,2026-08-06,DXB-001,Dubai,CUST-06851,P002,Smartphone,Electronics,1,1821.82,15,1821.82,273.27,1548.55,Card,Store
TXN-0084401,2026-08-06,DXB-005,Dubai,CUST-04998,P006,Mouse,Accessories,1,107.89,10,107.89,10.79,97.1,Card,Store
TXN-0084470,2026-08-06,DXB-005,Dubai,CUST-06727,P009,Backpack,Accessories,1,221.62,5,221.62,11.08,210.54,Cash,Store
TXN-0084518,2026-08-06,DXB-002,Dubai,CUST-04573,P007,Office Chair,Furniture,2,633.05,15,1266.1,189.91,1076.18,Card,Store
TXN-0084609,2026-08-06,DXB-004,Dubai,CUST-06946,P009,Backpack,Accessories,2,223.04,10,446.08,44.61,401.47,Card,Store
TXN-0084619,2026-08-06,DXB-002,Dubai,CUST-06174,P005,Keyboard,Accessories,1,199.62,20,199.62,39.92,159.7,Card,Store
TXN-0084656,2026-08-06,DXB-005,Dubai,CUST-03792,P015,Tablet,Electronics,2,1226.89,10,2453.79,245.38,2208.41,Card,Store
TXN-0084670,2026-08-06,DXB-003,Dubai,CUST-02900,P014,Power Bank,Electronics,3,150.86,15,452.57,67.89,384.68,Card,Store
TXN-0084672,2026-08-06,DXB-002,Dubai,CUST-07826,P011,Notebook,Stationery,2,25.21,5,50.42,2.52,47.9,Apple Pay,Store
TXN-0084691,2026-08-06,DXB-005,Dubai,CUST-01457,P003,Headphones,Electronics,3,334.38,15,1003.15,150.47,852.68,Card,Online
TXN-0084767,2026-08-06,DXB-001,Dubai,CUST-04252,P012,Pen Pack,Stationery,2,13.53,20,27.06,5.41,21.65,Card,Store
TXN-0084827,2026-08-06,DXB-004,Dubai,CUST-05557,P006,Mouse,Accessories,2,106.84,5,213.68,10.68,202.99,Apple Pay,Store
TXN-0084848,2026-08-06,DXB-001,Dubai,CUST-00016,P008,Desk,Furniture,1,861.91,5,861.91,43.1,818.82,Card,Online
TXN-0084863,2026-08-06,DXB-004,Dubai,CUST-03613,P011,Notebook,Stationery,3,28.17,0,84.52,0.0,84.52,Apple Pay,Store
TXN-0084960,2026-08-06,DXB-004,Dubai,CUST-07959,P001,Laptop,Electronics,1,2764.0,10,2764.0,276.4,2487.6,Cash,Store
TXN-0085001,2026-08-06,DXB-002,Dubai,CUST-05898,P014,Power Bank,Electronics,2,141.87,10,283.75,28.37,255.37,Card,Store
TXN-0085008,2026-08-06,DXB-001,Dubai,CUST-07393,P003,Headphones,Electronics,3,332.11,0,996.34,0.0,996.34,Bank Transfer,Store
TXN-0085076,2026-08-06,DXB-001,Dubai,CUST-02524,P015,Tablet,Electronics,1,1088.44,15,1088.44,163.27,925.17,Bank Transfer,Store
TXN-0085162,2026-08-06,DXB-004,Dubai,CUST-05064,P006,Mouse,Accessories,2,95.52,10,191.05,19.1,171.94,Card,Store
TXN-0085179,2026-08-06,DXB-003,Dubai,CUST-03595,P001,Laptop,Electronics,1,2579.23,5,2579.23,128.96,2450.27,Apple Pay,Store
TXN-0085197,2026-08-06,DXB-005,Dubai,CUST-00111,P002,Smartphone,Electronics,5,1965.73,20,9828.67,1965.73,7862.94,Card,Store
TXN-0085215,2026-08-06,DXB-004,Dubai,CUST-05488,P012,Pen Pack,Stationery,1,15.27,0,15.27,0.0,15.27,Apple Pay,Store
TXN-0085240,2026-08-06,DXB-002,Dubai,CUST-00253,P012,Pen Pack,Stationery,1,13.52,10,13.52,1.35,12.17,Bank Transfer,Online
TXN-0085242,2026-08-06,DXB-002,Dubai,CUST-01511,P005,Keyboard,Accessories,1,193.17,0,193.17,0.0,193.17,Bank Transfer,Online
TXN-0085270,2026-08-06,DXB-004,Dubai,CUST-02997,P015,Tablet,Electronics,1,1173.5,0,1173.5,0.0,1173.5,Apple Pay,Store
TXN-0085302,2026-08-06,DXB-001,Dubai,CUST-04329,P014,Power Bank,Electronics,5,148.54,5,742.7,37.13,705.56,Apple Pay,Store
TXN-0085325,2026-08-06,DXB-004,Dubai,CUST-03114,P005,Keyboard,Accessories,1,186.37,0,186.37,0.0,186.37,Bank Transfer,Store
TXN-0085350,2026-08-06,DXB-003,Dubai,CUST-07629,P015,Tablet,Electronics,1,1180.36,20,1180.36,236.07,944.29,Apple Pay,Store
TXN-0085375,2026-08-06,DXB-005,Dubai,CUST-06553,P014,Power Bank,Electronics,2,161.58,0,323.17,0.0,323.17,Cash,Store
TXN-0085391,2026-08-06,DXB-004,Dubai,CUST-05737,P009,Backpack,Accessories,1,208.3,0,208.3,0.0,208.3,Card,Store
TXN-0085541,2026-08-06,DXB-004,Dubai,CUST-03059,P005,Keyboard,Accessories,1,183.3,10,183.3,18.33,164.97,Cash,Store
TXN-0085547,2026-08-06,DXB-003,Dubai,CUST-07060,P009,Backpack,Accessories,1,213.51,10,213.51,21.35,192.16,Bank Transfer,Store
TXN-0085560,2026-08-06,DXB-002,Dubai,CUST-04108,P012,Pen Pack,Stationery,1,14.38,5,14.38,0.72,13.66,Cash,Store
TXN-0085617,2026-08-06,DXB-005,Dubai,CUST-03086,P009,Backpack,Accessories,2,183.29,5,366.58,18.33,348.25,Card,Online
TXN-0085629,2026-08-06,DXB-001,Dubai,CUST-00121,P009,Backpack,Accessories,2,223.99,5,447.99,22.4,425.59,Apple Pay,Online
TXN-0085636,2026-08-06,DXB-001,Dubai,CUST-03612,P003,Headphones,Electronics,2,334.97,0,669.93,0.0,669.93,Card,Store
TXN-0085808,2026-08-06,DXB-002,Dubai,CUST-07566,P009,Backpack,Accessories,1,209.28,15,209.28,31.39,177.89,Card,Online
TXN-0085878,2026-08-06,DXB-002,Dubai,CUST-05198,P011,Notebook,Stationery,4,27.05,5,108.22,5.41,102.81,Bank Transfer,Online
TXN-0085898,2026-08-06,DXB-003,Dubai,CUST-06375,P004,Monitor,Electronics,4,969.45,0,3877.81,0.0,3877.81,Card,Store
TXN-0085905,2026-08-06,DXB-001,Dubai,CUST-00615,P002,Smartphone,Electronics,3,1745.7,5,5237.11,261.86,4975.25,Card,Store
TXN-0085910,2026-08-06,DXB-005,Dubai,CUST-06513,P007,Office Chair,Furniture,1,613.8,5,613.8,30.69,583.11,Apple Pay,Online
TXN-0086074,2026-08-06,DXB-005,Dubai,CUST-01733,P001,Laptop,Electronics,4,2575.13,10,10300.53,1030.05,9270.47,Card,Store
TXN-0086092,2026-08-06,DXB-001,Dubai,CUST-01266,P009,Backpack,Accessories,2,206.85,10,413.71,41.37,372.34,Card,Store
TXN-0086111,2026-08-06,DXB-005,Dubai,CUST-05996,P010,Printer,Office,3,711.86,5,2135.58,106.78,2028.8,Apple Pay,Online
TXN-0086137,2026-08-06,DXB-001,Dubai,CUST-01804,P015,Tablet,Electronics,1,1232.87,5,1232.87,61.64,1171.23,Apple Pay,Store
TXN-0086191,2026-08-06,DXB-003,Dubai,CUST-07719,P014,Power Bank,Electronics,1,165.19,5,165.19,8.26,156.93,Apple Pay,Store
TXN-0086214,2026-08-06,DXB-003,Dubai,CUST-03189,P008,Desk,Furniture,3,794.05,0,2382.14,0.0,2382.14,Apple Pay,Online
TXN-0086257,2026-08-06,DXB-002,Dubai,CUST-06379,P011,Notebook,Stationery,1,25.05,0,25.05,0.0,25.05,Card,Store
TXN-0086310,2026-08-06,DXB-002,Dubai,CUST-02985,P015,Tablet,Electronics,3,1187.47,5,3562.42,178.12,3384.3,Apple Pay,Online
TXN-0086320,2026-08-06,DXB-001,Dubai,CUST-03177,P005,Keyboard,Accessories,1,181.8,5,181.8,9.09,172.71,Apple Pay,Store
TXN-0086325,2026-08-06,DXB-001,Dubai,CUST-02325,P015,Tablet,Electronics,1,1135.49,0,1135.49,0.0,1135.49,Card,Store
TXN-0086367,2026-08-06,DXB-001,Dubai,CUST-04219,P012,Pen Pack,Stationery,1,15.36,10,15.36,1.54,13.82,Card,Store
TXN-0086370,2026-08-06,DXB-004,Dubai,CUST-03938,P002,Smartphone,Electronics,3,1881.02,5,5643.07,282.15,5360.92,Cash,Store
TXN-0086441,2026-08-06,DXB-002,Dubai,CUST-00382,P005,Keyboard,Accessories,1,208.65,15,208.65,31.3,177.35,Cash,Online
TXN-0086549,2026-08-06,DXB-001,Dubai,CUST-01060,P006,Mouse,Accessories,1,93.39,10,93.39,9.34,84.05,Card,Store
TXN-0086580,2026-08-06,DXB-003,Dubai,CUST-01087,P009,Backpack,Accessories,4,213.83,10,855.32,85.53,769.79,Cash,Store
TXN-0086643,2026-08-06,DXB-003,Dubai,CUST-01743,P011,Notebook,Stationery,3,26.95,5,80.85,4.04,76.81,Apple Pay,Store
TXN-0086687,2026-08-06,DXB-003,Dubai,CUST-01392,P003,Headphones,Electronics,2,340.69,10,681.38,68.14,613.25,Cash,Store
TXN-0086694,2026-08-06,DXB-004,Dubai,CUST-01619,P010,Printer,Office,5,789.89,0,3949.46,0.0,3949.46,Cash,Store
TXN-0086761,2026-08-06,DXB-001,Dubai,CUST-06242,P014,Power Bank,Electronics,2,164.01,0,328.02,0.0,328.02,Card,Store
TXN-0086795,2026-08-06,DXB-002,Dubai,CUST-04587,P013,USB Drive,Accessories,1,39.39,10,39.39,3.94,35.45,Bank Transfer,Store
TXN-0086852,2026-08-06,DXB-002,Dubai,CUST-02947,P011,Notebook,Stationery,1,26.76,5,26.76,1.34,25.42,Card,Online
TXN-0086910,2026-08-06,DXB-004,Dubai,CUST-00700,P010,Printer,Office,2,710.28,0,1420.57,0.0,1420.57,Bank Transfer,Online
TXN-0086947,2026-08-06,DXB-001,Dubai,CUST-07238,P012,Pen Pack,Stationery,2,15.31,15,30.62,4.59,26.03,Cash,Store
TXN-0086976,2026-08-06,DXB-004,Dubai,CUST-04574,P010,Printer,Office,1,658.28,10,658.28,65.83,592.46,Apple Pay,Store
TXN-0086989,2026-08-06,DXB-002,Dubai,CUST-03618,P013,USB Drive,Accessories,2,43.2,0,86.4,0.0,86.4,Bank Transfer,Online
TXN-0086991,2026-08-06,DXB-001,Dubai,CUST-05653,P008,Desk,Furniture,3,835.97,5,2507.9,125.39,2382.5,Card,Online
TXN-0087088,2026-08-06,DXB-001,Dubai,CUST-01794,P001,Laptop,Electronics,2,2835.78,5,5671.56,283.58,5387.98,Apple Pay,Store
TXN-0087157,2026-08-06,DXB-002,Dubai,CUST-05506,P003,Headphones,Electronics,1,345.04,0,345.04,0.0,345.04,Card,Store
TXN-0087164,2026-08-06,DXB-001,Dubai,CUST-07864,P008,Desk,Furniture,1,775.76,5,775.76,38.79,736.97,Bank Transfer,Store
TXN-0087186,2026-08-06,DXB-003,Dubai,CUST-05098,P008,Desk,Furniture,1,756.75,5,756.75,37.84,718.91,Bank Transfer,Store
TXN-0087246,2026-08-06,DXB-004,Dubai,CUST-03738,P002,Smartphone,Electronics,3,1720.85,0,5162.55,0.0,5162.55,Cash,Online
TXN-0087367,2026-08-06,DXB-002,Dubai,CUST-04139,P013,USB Drive,Accessories,1,46.66,10,46.66,4.67,41.99,Bank Transfer,Store
TXN-0087419,2026-08-06,DXB-005,Dubai,CUST-07515,P009,Backpack,Accessories,4,199.15,5,796.58,39.83,756.75,Cash,Store
TXN-0087429,2026-08-06,DXB-004,Dubai,CUST-03219,P007,Office Chair,Furniture,3,663.81,15,1991.43,298.71,1692.72,Bank Transfer,Store
TXN-0087479,2026-08-06,DXB-001,Dubai,CUST-06937,P002,Smartphone,Electronics,1,1684.85,0,1684.85,0.0,1684.85,Apple Pay,Store
TXN-0087517,2026-08-06,DXB-001,Dubai,CUST-07286,P001,Laptop,Electronics,1,2822.28,5,2822.28,141.11,2681.17,Apple Pay,Store
TXN-0087552,2026-08-06,DXB-002,Dubai,CUST-01372,P008,Desk,Furniture,2,814.67,0,1629.35,0.0,1629.35,Cash,Online
TXN-0087722,2026-08-06,DXB-003,Dubai,CUST-04778,P015,Tablet,Electronics,2,1274.64,10,2549.29,254.93,2294.36,Card,Store
TXN-0088104,2026-08-06,DXB-005,Dubai,CUST-06672,P003,Headphones,Electronics,3,368.24,0,1104.73,0.0,1104.73,Apple Pay,Store
TXN-0088108,2026-08-06,DXB-001,Dubai,CUST-05422,P001,Laptop,Electronics,1,2863.55,0,2863.55,0.0,2863.55,Cash,Store
TXN-0088147,2026-08-06,DXB-003,Dubai,CUST-01138,P001,Laptop,Electronics,2,2984.2,0,5968.39,0.0,5968.39,Cash,Store
TXN-0088203,2026-08-06,DXB-003,Dubai,CUST-01900,P011,Notebook,Stationery,1,25.61,10,25.61,2.56,23.05,Card,Store
TXN-0088248,2026-08-06,DXB-002,Dubai,CUST-04989,P008,Desk,Furniture,2,815.01,10,1630.02,163.0,1467.02,Card,Store
TXN-0088253,2026-08-06,DXB-001,Dubai,CUST-04674,P003,Headphones,Electronics,3,354.08,5,1062.25,53.11,1009.14,Cash,Store
TXN-0088273,2026-08-06,DXB-001,Dubai,CUST-02804,P005,Keyboard,Accessories,3,173.82,0,521.47,0.0,521.47,Cash,Online
TXN-0088286,2026-08-06,DXB-002,Dubai,CUST-07482,P002,Smartphone,Electronics,1,1821.0,5,1821.0,91.05,1729.95,Apple Pay,Online
TXN-0088383,2026-08-06,DXB-001,Dubai,CUST-01521,P004,Monitor,Electronics,1,1012.41,0,1012.41,0.0,1012.41,Apple Pay,Store
TXN-0088392,2026-08-06,DXB-002,Dubai,CUST-00274,P013,USB Drive,Accessories,3,44.31,10,132.92,13.29,119.63,Apple Pay,Online
TXN-0088409,2026-08-06,DXB-001,Dubai,CUST-00927,P001,Laptop,Electronics,2,2758.05,0,5516.1,0.0,5516.1,Apple Pay,Store
TXN-0088588,2026-08-06,DXB-004,Dubai,CUST-03218,P011,Notebook,Stationery,2,23.19,15,46.38,6.96,39.42,Apple Pay,Store
TXN-0088616,2026-08-06,DXB-002,Dubai,CUST-03591,P002,Smartphone,Electronics,1,1802.38,5,1802.38,90.12,1712.26,Card,Store
TXN-0088742,2026-08-06,DXB-001,Dubai,CUST-04048,P003,Headphones,Electronics,2,336.65,15,673.31,101.0,572.31,Card,Online
TXN-0088824,2026-08-06,DXB-001,Dubai,CUST-02257,P003,Headphones,Electronics,1,330.72,5,330.72,16.54,314.19,Cash,Online
TXN-0088825,2026-08-06,DXB-002,Dubai,CUST-01901,P004,Monitor,Electronics,1,893.41,0,893.41,0.0,893.41,Apple Pay,Store
TXN-0088844,2026-08-06,DXB-003,Dubai,CUST-00736,P012,Pen Pack,Stationery,1,15.79,5,15.79,0.79,15.0,Bank Transfer,Store
TXN-0088858,2026-08-06,DXB-004,Dubai,CUST-04507,P009,Backpack,Accessories,2,218.57,15,437.15,65.57,371.57,Apple Pay,Online
TXN-0088860,2026-08-06,DXB-001,Dubai,CUST-01510,P011,Notebook,Stationery,1,24.07,0,24.07,0.0,24.07,Cash,Store
TXN-0088871,2026-08-06,DXB-001,Dubai,CUST-00383,P012,Pen Pack,Stationery,1,13.71,10,13.71,1.37,12.34,Card,Store
TXN-0088890,2026-08-06,DXB-002,Dubai,CUST-02523,P001,Laptop,Electronics,2,2658.45,0,5316.9,0.0,5316.9,Card,Store
TXN-0089025,2026-08-06,DXB-001,Dubai,CUST-02143,P002,Smartphone,Electronics,1,1749.25,15,1749.25,262.39,1486.86,Card,Online
TXN-0089031,2026-08-06,DXB-002,Dubai,CUST-04587,P011,Notebook,Stationery,2,24.29,0,48.57,0.0,48.57,Card,Store
TXN-0089062,2026-08-06,DXB-003,Dubai,CUST-03718,P006,Mouse,Accessories,1,103.92,10,103.92,10.39,93.53,Apple Pay,Online
TXN-0089072,2026-08-06,DXB-003,Dubai,CUST-01151,P014,Power Bank,Electronics,1,156.58,0,156.58,0.0,156.58,Bank Transfer,Store
TXN-0089102,2026-08-06,DXB-005,Dubai,CUST-06070,P005,Keyboard,Accessories,3,169.78,5,509.35,25.47,483.88,Cash,Store
TXN-0089317,2026-08-06,DXB-003,Dubai,CUST-06447,P009,Backpack,Accessories,2,204.73,0,409.46,0.0,409.46,Bank Transfer,Online
TXN-0089360,2026-08-06,DXB-002,Dubai,CUST-06810,P002,Smartphone,Electronics,2,1791.42,20,3582.85,716.57,2866.28,Apple Pay,Online
TXN-0089366,2026-08-06,DXB-003,Dubai,CUST-04567,P009,Backpack,Accessories,1,233.81,15,233.81,35.07,198.73,Card,Store
TXN-0089368,2026-08-06,DXB-002,Dubai,CUST-00337,P003,Headphones,Electronics,1,354.56,5,354.56,17.73,336.84,Bank Transfer,Store
TXN-0089378,2026-08-06,DXB-001,Dubai,CUST-04491,P003,Headphones,Electronics,1,343.5,0,343.5,0.0,343.5,Card,Online
TXN-0089477,2026-08-06,DXB-003,Dubai,CUST-06081,P003,Headphones,Electronics,1,336.15,0,336.15,0.0,336.15,Card,Store
TXN-0089520,2026-08-06,DXB-001,Dubai,CUST-07966,P008,Desk,Furniture,1,793.8,10,793.8,79.38,714.42,Card,Store
TXN-0089623,2026-08-06,DXB-005,Dubai,CUST-04132,P002,Smartphone,Electronics,1,1928.26,0,1928.26,0.0,1928.26,Cash,Store
TXN-0089629,2026-08-06,DXB-003,Dubai,CUST-06796,P003,Headphones,Electronics,1,337.87,5,337.87,16.89,320.97,Apple Pay,Store
TXN-0089648,2026-08-06,DXB-001,Dubai,CUST-02235,P002,Smartphone,Electronics,2,1904.29,0,3808.57,0.0,3808.57,Bank Transfer,Online
TXN-0089700,2026-08-06,DXB-002,Dubai,CUST-05457,P013,USB Drive,Accessories,5,47.64,20,238.22,47.64,190.57,Card,Store
TXN-0089718,2026-08-06,DXB-002,Dubai,CUST-02771,P014,Power Bank,Electronics,1,145.96,0,145.96,0.0,145.96,Apple Pay,Store
TXN-0089765,2026-08-06,DXB-001,Dubai,CUST-00874,P006,Mouse,Accessories,2,96.21,0,192.42,0.0,192.42,Cash,Store
TXN-0089780,2026-08-06,DXB-005,Dubai,CUST-04194,P007,Office Chair,Furniture,1,658.56,5,658.56,32.93,625.63,Bank Transfer,Store
TXN-0089888,2026-08-06,DXB-005,Dubai,CUST-05952,P014,Power Bank,Electronics,3,154.91,5,464.74,23.24,441.5,Card,Store
TXN-0089947,2026-08-06,DXB-002,Dubai,CUST-06001,P013,USB Drive,Accessories,2,44.75,0,89.5,0.0,89.5,Bank Transfer,Store
TXN-0089954,2026-08-06,DXB-001,Dubai,CUST-00108,P011,Notebook,Stationery,1,24.97,10,24.97,2.5,22.48,Card,Online
TXN-0090068,2026-08-06,DXB-004,Dubai,CUST-05681,P013,USB Drive,Accessories,1,46.44,0,46.44,0.0,46.44,Apple Pay,Store
TXN-0090153,2026-08-06,DXB-002,Dubai,CUST-02444,P001,Laptop,Electronics,1,2906.33,15,2906.33,435.95,2470.38,Apple Pay,Store
TXN-0090168,2026-08-06,DXB-005,Dubai,CUST-06483,P011,Notebook,Stationery,2,28.97,20,57.95,11.59,46.36,Card,Store
TXN-0090177,2026-08-06,DXB-002,Dubai,CUST-01872,P011,Notebook,Stationery,4,24.67,0,98.67,0.0,98.67,Cash,Store
TXN-0090185,2026-08-06,DXB-003,Dubai,CUST-04726,P003,Headphones,Electronics,2,330.93,0,661.86,0.0,661.86,Card,Store
TXN-0090202,2026-08-06,DXB-001,Dubai,CUST-03863,P007,Office Chair,Furniture,1,673.89,0,673.89,0.0,673.89,Apple Pay,Store
TXN-0090219,2026-08-06,DXB-001,Dubai,CUST-05007,P005,Keyboard,Accessories,1,169.47,5,169.47,8.47,161.0,Card,Store
TXN-0090249,2026-08-06,DXB-001,Dubai,CUST-07334,P009,Backpack,Accessories,2,219.12,20,438.23,87.65,350.59,Cash,Store
TXN-0090289,2026-08-06,DXB-002,Dubai,CUST-07055,P004,Monitor,Electronics,4,814.98,5,3259.93,163.0,3096.93,Cash,Store
TXN-0090323,2026-08-06,DXB-001,Dubai,CUST-07597,P012,Pen Pack,Stationery,4,13.67,0,54.7,0.0,54.7,Cash,Online
TXN-0090361,2026-08-06,DXB-001,Dubai,CUST-03265,P009,Backpack,Accessories,2,220.3,5,440.6,22.03,418.57,Card,Store
TXN-0090383,2026-08-06,DXB-001,Dubai,CUST-05763,P005,Keyboard,Accessories,1,181.93,5,181.93,9.1,172.84,Card,Store
TXN-0090426,2026-08-06,DXB-002,Dubai,CUST-05597,P015,Tablet,Electronics,2,1204.61,10,2409.23,240.92,2168.31,Card,Online
TXN-0090432,2026-08-06,DXB-002,Dubai,CUST-00812,P003,Headphones,Electronics,1,361.2,0,361.2,0.0,361.2,Apple Pay,Online
TXN-0090458,2026-08-06,DXB-002,Dubai,CUST-00133,P008,Desk,Furniture,1,799.21,0,799.21,0.0,799.21,Apple Pay,Online
TXN-0090480,2026-08-06,DXB-005,Dubai,CUST-06079,P003,Headphones,Electronics,6,337.09,0,2022.55,0.0,2022.55,Card,Store
TXN-0090495,2026-08-06,DXB-002,Dubai,CUST-05997,P002,Smartphone,Electronics,1,1546.93,5,1546.93,77.35,1469.59,Cash,Store
TXN-0090528,2026-08-06,DXB-004,Dubai,CUST-04588,P003,Headphones,Electronics,1,384.95,5,384.95,19.25,365.71,Apple Pay,Store
TXN-0090542,2026-08-06,DXB-004,Dubai,CUST-01568,P012,Pen Pack,Stationery,1,15.43,10,15.43,1.54,13.89,Apple Pay,Store
TXN-0090572,2026-08-06,DXB-001,Dubai,CUST-05852,P014,Power Bank,Electronics,1,153.6,0,153.6,0.0,153.6,Apple Pay,Store
TXN-0090598,2026-08-06,DXB-001,Dubai,CUST-05654,P012,Pen Pack,Stationery,1,14.7,5,14.7,0.74,13.97,Cash,Online
TXN-0090667,2026-08-06,DXB-003,Dubai,CUST-04772,P005,Keyboard,Accessories,1,187.5,10,187.5,18.75,168.75,Card,Store
TXN-0090676,2026-08-06,DXB-005,Dubai,CUST-03910,P008,Desk,Furniture,1,819.5,15,819.5,122.92,696.57,Cash,Online
TXN-0090683,2026-08-06,DXB-004,Dubai,CUST-06383,P007,Office Chair,Furniture,1,644.25,5,644.25,32.21,612.04,Bank Transfer,Store
TXN-0090715,2026-08-06,DXB-001,Dubai,CUST-07736,P002,Smartphone,Electronics,1,1862.17,5,1862.17,93.11,1769.07,Card,Store
TXN-0090755,2026-08-06,DXB-004,Dubai,CUST-05433,P005,Keyboard,Accessories,1,179.53,0,179.53,0.0,179.53,Bank Transfer,Online
TXN-0090851,2026-08-06,DXB-004,Dubai,CUST-00649,P012,Pen Pack,Stationery,5,14.98,0,74.89,0.0,74.89,Cash,Store
TXN-0090961,2026-08-06,DXB-002,Dubai,CUST-04091,P004,Monitor,Electronics,2,978.45,20,1956.89,391.38,1565.51,Apple Pay,Online
TXN-0090999,2026-08-06,DXB-002,Dubai,CUST-07631,P002,Smartphone,Electronics,1,1683.81,0,1683.81,0.0,1683.81,Card,Online
TXN-0091169,2026-08-06,DXB-002,Dubai,CUST-00919,P002,Smartphone,Electronics,5,1846.1,15,9230.52,1384.58,7845.94,Card,Online
TXN-0091298,2026-08-06,DXB-005,Dubai,CUST-06197,P015,Tablet,Electronics,2,1218.73,0,2437.46,0.0,2437.46,Card,Store
TXN-0091375,2026-08-06,DXB-005,Dubai,CUST-00809,P008,Desk,Furniture,1,857.95,10,857.95,85.8,772.16,Apple Pay,Store
TXN-0091400,2026-08-06,DXB-002,Dubai,CUST-02346,P008,Desk,Furniture,1,818.01,0,818.01,0.0,818.01,Card,Store
TXN-0091410,2026-08-06,DXB-003,Dubai,CUST-00570,P001,Laptop,Electronics,2,2722.08,5,5444.16,272.21,5171.95,Apple Pay,Store
TXN-0091471,2026-08-06,DXB-002,Dubai,CUST-01731,P004,Monitor,Electronics,1,902.32,0,902.32,0.0,902.32,Card,Store
TXN-0091474,2026-08-06,DXB-001,Dubai,CUST-06075,P015,Tablet,Electronics,1,1076.14,0,1076.14,0.0,1076.14,Card,Online
TXN-0091569,2026-08-06,DXB-003,Dubai,CUST-07973,P009,Backpack,Accessories,1,232.19,5,232.19,11.61,220.58,Apple Pay,Online
TXN-0091627,2026-08-06,DXB-001,Dubai,CUST-07140,P012,Pen Pack,Stationery,2,14.97,0,29.94,0.0,29.94,Card,Store
TXN-0091647,2026-08-06,DXB-002,Dubai,CUST-06493,P011,Notebook,Stationery,1,24.09,10,24.09,2.41,21.68,Cash,Store
TXN-0091656,2026-08-06,DXB-003,Dubai,CUST-03460,P012,Pen Pack,Stationery,2,15.88,0,31.76,0.0,31.76,Card,Store
TXN-0091663,2026-08-06,DXB-001,Dubai,CUST-05590,P002,Smartphone,Electronics,2,2001.26,15,4002.51,600.38,3402.14,Card,Store
TXN-0091814,2026-08-06,DXB-003,Dubai,CUST-04574,P011,Notebook,Stationery,2,26.18,10,52.37,5.24,47.13,Card,Store
TXN-0091854,2026-08-06,DXB-002,Dubai,CUST-00720,P001,Laptop,Electronics,4,2924.4,15,11697.58,1754.64,9942.94,Card,Store
TXN-0091901,2026-08-06,DXB-001,Dubai,CUST-07117,P005,Keyboard,Accessories,1,196.99,10,196.99,19.7,177.29,Apple Pay,Store
TXN-0091916,2026-08-06,DXB-001,Dubai,CUST-02174,P007,Office Chair,Furniture,2,625.84,10,1251.67,125.17,1126.5,Bank Transfer,Store
TXN-0091925,2026-08-06,DXB-001,Dubai,CUST-06546,P002,Smartphone,Electronics,1,1664.16,10,1664.16,166.42,1497.74,Apple Pay,Store
TXN-0092009,2026-08-06,DXB-003,Dubai,CUST-03706,P014,Power Bank,Electronics,1,149.98,15,149.98,22.5,127.48,Card,Store
TXN-0092012,2026-08-06,DXB-003,Dubai,CUST-01831,P012,Pen Pack,Stationery,2,15.38,10,30.76,3.08,27.68,Card,Store
TXN-0092031,2026-08-06,DXB-005,Dubai,CUST-01781,P010,Printer,Office,1,655.43,0,655.43,0.0,655.43,Cash,Online
TXN-0092036,2026-08-06,DXB-005,Dubai,CUST-01767,P009,Backpack,Accessories,1,203.78,5,203.78,10.19,193.59,Card,Online
TXN-0092094,2026-08-06,DXB-002,Dubai,CUST-07996,P001,Laptop,Electronics,4,2760.1,0,11040.38,0.0,11040.38,Cash,Store
TXN-0092111,2026-08-06,DXB-003,Dubai,CUST-06466,P004,Monitor,Electronics,1,843.81,10,843.81,84.38,759.43,Card,Online
TXN-0092123,2026-08-06,DXB-001,Dubai,CUST-04245,P015,Tablet,Electronics,1,1155.21,15,1155.21,173.28,981.93,Apple Pay,Store
TXN-0092280,2026-08-06,DXB-003,Dubai,CUST-03644,P009,Backpack,Accessories,1,215.74,15,215.74,32.36,183.38,Apple Pay,Store
TXN-0092364,2026-08-06,DXB-001,Dubai,CUST-05712,P011,Notebook,Stationery,1,20.7,5,20.7,1.03,19.66,Apple Pay,Online
TXN-0092559,2026-08-06,DXB-005,Dubai,CUST-05151,P015,Tablet,Electronics,2,1154.98,5,2309.97,115.5,2194.47,Bank Transfer,Online
TXN-0092601,2026-08-06,DXB-002,Dubai,CUST-00113,P009,Backpack,Accessories,2,229.91,0,459.83,0.0,459.83,Bank Transfer,Online
TXN-0092730,2026-08-06,DXB-005,Dubai,CUST-03494,P013,USB Drive,Accessories,1,42.41,5,42.41,2.12,40.29,Card,Store
TXN-0092745,2026-08-06,DXB-003,Dubai,CUST-04318,P013,USB Drive,Accessories,2,48.27,0,96.55,0.0,96.55,Card,Store
TXN-0092794,2026-08-06,DXB-003,Dubai,CUST-02007,P010,Printer,Office,4,683.76,0,2735.05,0.0,2735.05,Apple Pay,Store
TXN-0092922,2026-08-06,DXB-003,Dubai,CUST-00841,P004,Monitor,Electronics,1,817.78,0,817.78,0.0,817.78,Card,Store
TXN-0092939,2026-08-06,DXB-002,Dubai,CUST-04960,P001,Laptop,Electronics,2,2935.76,0,5871.52,0.0,5871.52,Apple Pay,Online
TXN-0092941,2026-08-06,DXB-002,Dubai,CUST-02454,P012,Pen Pack,Stationery,1,15.16,5,15.16,0.76,14.41,Card,Store
TXN-0093026,2026-08-06,DXB-005,Dubai,CUST-07504,P003,Headphones,Electronics,4,373.33,15,1493.31,224.0,1269.32,Cash,Online
TXN-0093043,2026-08-06,DXB-001,Dubai,CUST-07290,P004,Monitor,Electronics,3,894.28,10,2682.84,268.28,2414.56,Cash,Online
TXN-0093151,2026-08-06,DXB-002,Dubai,CUST-04689,P002,Smartphone,Electronics,1,1789.36,10,1789.36,178.94,1610.43,Card,Store
TXN-0093198,2026-08-06,DXB-001,Dubai,CUST-01556,P010,Printer,Office,2,655.0,5,1310.0,65.5,1244.5,Card,Online
TXN-0093287,2026-08-06,DXB-001,Dubai,CUST-03755,P003,Headphones,Electronics,3,360.75,5,1082.24,54.11,1028.12,Card,Online
TXN-0093325,2026-08-06,DXB-003,Dubai,CUST-01886,P004,Monitor,Electronics,1,991.89,10,991.89,99.19,892.7,Apple Pay,Store
TXN-0093370,2026-08-06,DXB-003,Dubai,CUST-05028,P010,Printer,Office,2,603.51,20,1207.03,241.41,965.62,Card,Store
TXN-0093398,2026-08-06,DXB-004,Dubai,CUST-06919,P003,Headphones,Electronics,1,333.41,0,333.41,0.0,333.41,Apple Pay,Online
TXN-0093463,2026-08-06,DXB-002,Dubai,CUST-06878,P015,Tablet,Electronics,2,1244.62,10,2489.25,248.92,2240.32,Card,Store
TXN-0093572,2026-08-06,DXB-002,Dubai,CUST-06479,P007,Office Chair,Furniture,2,614.67,5,1229.34,61.47,1167.87,Cash,Store
TXN-0093629,2026-08-06,DXB-002,Dubai,CUST-07168,P003,Headphones,Electronics,1,404.41,15,404.41,60.66,343.75,Apple Pay,Online
TXN-0093720,2026-08-06,DXB-001,Dubai,CUST-06458,P010,Printer,Office,2,688.85,0,1377.7,0.0,1377.7,Bank Transfer,Store
TXN-0093990,2026-08-06,DXB-001,Dubai,CUST-07846,P014,Power Bank,Electronics,1,158.48,20,158.48,31.7,126.79,Card,Store
TXN-0094019,2026-08-06,DXB-005,Dubai,CUST-00810,P009,Backpack,Accessories,1,217.12,10,217.12,21.71,195.41,Card,Store
TXN-0094047,2026-08-06,DXB-001,Dubai,CUST-07172,P003,Headphones,Electronics,1,338.98,0,338.98,0.0,338.98,Cash,Online
TXN-0094070,2026-08-06,DXB-002,Dubai,CUST-00767,P010,Printer,Office,1,682.98,15,682.98,102.45,580.53,Cash,Store
TXN-0094186,2026-08-06,DXB-001,Dubai,CUST-00767,P009,Backpack,Accessories,4,198.33,0,793.33,0.0,793.33,Card,Store
TXN-0094279,2026-08-06,DXB-003,Dubai,CUST-06239,P008,Desk,Furniture,1,778.51,10,778.51,77.85,700.66,Card,Online
TXN-0094351,2026-08-06,DXB-004,Dubai,CUST-02425,P001,Laptop,Electronics,2,3159.28,5,6318.57,315.93,6002.64,Apple Pay,Store
TXN-0094472,2026-08-06,DXB-003,Dubai,CUST-06831,P008,Desk,Furniture,1,717.7,10,717.7,71.77,645.93,Card,Store
TXN-0094574,2026-08-06,DXB-002,Dubai,CUST-06709,P003,Headphones,Electronics,1,343.74,0,343.74,0.0,343.74,Card,Online
TXN-0094702,2026-08-06,DXB-005,Dubai,CUST-00587,P001,Laptop,Electronics,2,3164.06,15,6328.13,949.22,5378.91,Apple Pay,Store
TXN-0094748,2026-08-06,DXB-005,Dubai,CUST-02725,P014,Power Bank,Electronics,1,149.82,15,149.82,22.47,127.35,Apple Pay,Online
TXN-0094770,2026-08-06,DXB-005,Dubai,CUST-01999,P003,Headphones,Electronics,1,343.37,0,343.37,0.0,343.37,Bank Transfer,Store
TXN-0094786,2026-08-06,DXB-004,Dubai,CUST-04292,P010,Printer,Office,2,789.09,10,1578.18,157.82,1420.36,Cash,Store
TXN-0094807,2026-08-06,DXB-005,Dubai,CUST-00775,P001,Laptop,Electronics,6,2873.13,0,17238.78,0.0,17238.78,Cash,Store
TXN-0094999,2026-08-06,DXB-001,Dubai,CUST-02127,P001,Laptop,Electronics,1,2928.12,5,2928.12,146.41,2781.72,Card,Online
TXN-0095015,2026-08-06,DXB-004,Dubai,CUST-02795,P002,Smartphone,Electronics,4,1844.54,10,7378.17,737.82,6640.35,Card,Store
TXN-0095057,2026-08-06,DXB-002,Dubai,CUST-04600,P012,Pen Pack,Stationery,2,13.38,0,26.77,0.0,26.77,Card,Store
TXN-0095085,2026-08-06,DXB-005,Dubai,CUST-07263,P004,Monitor,Electronics,5,928.62,0,4643.08,0.0,4643.08,Apple Pay,Store
TXN-0095094,2026-08-06,DXB-002,Dubai,CUST-00173,P009,Backpack,Accessories,1,226.55,5,226.55,11.33,215.22,Card,Online
TXN-0095127,2026-08-06,DXB-002,Dubai,CUST-07390,P010,Printer,Office,2,705.47,5,1410.94,70.55,1340.4,Apple Pay,Online
TXN-0095176,2026-08-06,DXB-004,Dubai,CUST-04999,P005,Keyboard,Accessories,2,167.48,0,334.95,0.0,334.95,Card,Store
TXN-0095200,2026-08-06,DXB-002,Dubai,CUST-05966,P009,Backpack,Accessories,2,232.59,0,465.17,0.0,465.17,Cash,Store
TXN-0095223,2026-08-06,DXB-004,Dubai,CUST-00474,P006,Mouse,Accessories,3,89.85,0,269.56,0.0,269.56,Apple Pay,Store
TXN-0095231,2026-08-06,DXB-001,Dubai,CUST-06807,P011,Notebook,Stationery,3,26.29,0,78.86,0.0,78.86,Cash,Store
TXN-0095300,2026-08-06,DXB-003,Dubai,CUST-02576,P007,Office Chair,Furniture,1,667.8,15,667.8,100.17,567.63,Card,Store
TXN-0095334,2026-08-06,DXB-005,Dubai,CUST-07431,P012,Pen Pack,Stationery,1,15.11,10,15.11,1.51,13.6,Cash,Store
TXN-0095343,2026-08-06,DXB-002,Dubai,CUST-02520,P004,Monitor,Electronics,2,937.35,15,1874.71,281.21,1593.5,Apple Pay,Online
TXN-0095435,2026-08-06,DXB-004,Dubai,CUST-03512,P013,USB Drive,Accessories,1,45.8,20,45.8,9.16,36.64,Cash,Store
TXN-0095638,2026-08-06,DXB-001,Dubai,CUST-05227,P010,Printer,Office,2,646.86,10,1293.71,129.37,1164.34,Apple Pay,Store
TXN-0095653,2026-08-06,DXB-004,Dubai,CUST-07650,P004,Monitor,Electronics,2,970.15,10,1940.3,194.03,1746.27,Apple Pay,Store
TXN-0095705,2026-08-06,DXB-005,Dubai,CUST-00911,P007,Office Chair,Furniture,3,691.9,5,2075.71,103.79,1971.92,Card,Store
TXN-0095710,2026-08-06,DXB-002,Dubai,CUST-04322,P003,Headphones,Electronics,1,340.31,0,340.31,0.0,340.31,Card,Store
TXN-0095752,2026-08-06,DXB-003,Dubai,CUST-03328,P001,Laptop,Electronics,4,2949.31,10,11797.25,1179.73,10617.53,Bank Transfer,Store
TXN-0096007,2026-08-06,DXB-002,Dubai,CUST-07297,P001,Laptop,Electronics,2,2730.29,15,5460.58,819.09,4641.49,Card,Store
TXN-0096021,2026-08-06,DXB-001,Dubai,CUST-04513,P001,Laptop,Electronics,1,2674.7,15,2674.7,401.21,2273.5,Apple Pay,Store
TXN-0096041,2026-08-06,DXB-004,Dubai,CUST-06814,P008,Desk,Furniture,5,813.44,20,4067.2,813.44,3253.76,Cash,Store
TXN-0096063,2026-08-06,DXB-001,Dubai,CUST-01690,P015,Tablet,Electronics,1,1206.03,5,1206.03,60.3,1145.73,Apple Pay,Store
TXN-0096073,2026-08-06,DXB-003,Dubai,CUST-05337,P009,Backpack,Accessories,1,205.79,10,205.79,20.58,185.21,Card,Store
TXN-0096167,2026-08-06,DXB-005,Dubai,CUST-05822,P013,USB Drive,Accessories,1,43.63,10,43.63,4.36,39.26,Card,Store
TXN-0096225,2026-08-06,DXB-004,Dubai,CUST-00977,P013,USB Drive,Accessories,1,46.89,0,46.89,0.0,46.89,Bank Transfer,Store
TXN-0096231,2026-08-06,DXB-002,Dubai,CUST-00774,P014,Power Bank,Electronics,1,138.15,15,138.15,20.72,117.43,Card,Store
TXN-0096265,2026-08-06,DXB-002,Dubai,CUST-03034,P006,Mouse,Accessories,1,99.25,0,99.25,0.0,99.25,Card,Online
TXN-0096303,2026-08-06,DXB-002,Dubai,CUST-07736,P011,Notebook,Stationery,4,26.0,5,104.01,5.2,98.81,Apple Pay,Store
TXN-0096332,2026-08-06,DXB-002,Dubai,CUST-06289,P007,Office Chair,Furniture,2,657.56,5,1315.12,65.76,1249.37,Cash,Store
TXN-0096336,2026-08-06,DXB-002,Dubai,CUST-07832,P012,Pen Pack,Stationery,4,14.58,15,58.32,8.75,49.57,Cash,Online
TXN-0096342,2026-08-06,DXB-005,Dubai,CUST-02827,P008,Desk,Furniture,1,749.07,5,749.07,37.45,711.62,Apple Pay,Store
TXN-0096486,2026-08-06,DXB-002,Dubai,CUST-00646,P006,Mouse,Accessories,1,97.38,5,97.38,4.87,92.51,Bank Transfer,Online
TXN-0096625,2026-08-06,DXB-004,Dubai,CUST-06888,P008,Desk,Furniture,1,745.59,20,745.59,149.12,596.47,Apple Pay,Store
TXN-0096768,2026-08-06,DXB-002,Dubai,CUST-00294,P006,Mouse,Accessories,1,104.99,0,104.99,0.0,104.99,Card,Online
TXN-0096835,2026-08-06,DXB-005,Dubai,CUST-07329,P005,Keyboard,Accessories,4,181.17,0,724.69,0.0,724.69,Apple Pay,Online
TXN-0096905,2026-08-06,DXB-002,Dubai,CUST-06145,P013,USB Drive,Accessories,3,43.29,5,129.86,6.49,123.37,Cash,Store
TXN-0096997,2026-08-06,DXB-004,Dubai,CUST-01890,P011,Notebook,Stationery,2,27.3,5,54.6,2.73,51.87,Card,Online
TXN-0097252,2026-08-06,DXB-002,Dubai,CUST-06721,P002,Smartphone,Electronics,1,1913.6,10,1913.6,191.36,1722.24,Apple Pay,Online
TXN-0097321,2026-08-06,DXB-002,Dubai,CUST-01576,P010,Printer,Office,1,609.46,5,609.46,30.47,578.98,Apple Pay,Online
TXN-0097459,2026-08-06,DXB-004,Dubai,CUST-01662,P004,Monitor,Electronics,2,922.92,0,1845.84,0.0,1845.84,Bank Transfer,Store
TXN-0097549,2026-08-06,DXB-005,Dubai,CUST-04852,P005,Keyboard,Accessories,1,186.49,20,186.49,37.3,149.19,Cash,Store
TXN-0097552,2026-08-06,DXB-002,Dubai,CUST-03890,P009,Backpack,Accessories,1,237.43,15,237.43,35.61,201.81,Card,Store
TXN-0097619,2026-08-06,DXB-002,Dubai,CUST-00637,P005,Keyboard,Accessories,1,186.83,0,186.83,0.0,186.83,Bank Transfer,Online
TXN-0097675,2026-08-06,DXB-004,Dubai,CUST-04043,P006,Mouse,Accessories,1,93.22,0,93.22,0.0,93.22,Card,Online
TXN-0097740,2026-08-06,DXB-002,Dubai,CUST-02139,P014,Power Bank,Electronics,3,151.18,5,453.54,22.68,430.87,Card,Online
TXN-0097755,2026-08-06,DXB-001,Dubai,CUST-00434,P007,Office Chair,Furniture,1,622.24,5,622.24,31.11,591.13,Card,Store
TXN-0097761,2026-08-06,DXB-004,Dubai,CUST-06630,P011,Notebook,Stationery,1,22.89,0,22.89,0.0,22.89,Apple Pay,Store
TXN-0097787,2026-08-06,DXB-001,Dubai,CUST-07705,P007,Office Chair,Furniture,2,673.95,5,1347.91,67.4,1280.51,Card,Store
TXN-0097797,2026-08-06,DXB-005,Dubai,CUST-04785,P015,Tablet,Electronics,1,1188.73,0,1188.73,0.0,1188.73,Apple Pay,Store
TXN-0097845,2026-08-06,DXB-001,Dubai,CUST-03365,P003,Headphones,Electronics,1,332.47,0,332.47,0.0,332.47,Card,Store
TXN-0097920,2026-08-06,DXB-004,Dubai,CUST-05407,P013,USB Drive,Accessories,2,43.85,10,87.7,8.77,78.93,Bank Transfer,Store
TXN-0098117,2026-08-06,DXB-003,Dubai,CUST-05241,P001,Laptop,Electronics,1,3234.32,0,3234.32,0.0,3234.32,Card,Online
TXN-0098156,2026-08-06,DXB-003,Dubai,CUST-07162,P015,Tablet,Electronics,1,1203.35,5,1203.35,60.17,1143.18,Apple Pay,Online
TXN-0098236,2026-08-06,DXB-001,Dubai,CUST-03421,P014,Power Bank,Electronics,1,162.16,5,162.16,8.11,154.05,Bank Transfer,Store
TXN-0098256,2026-08-06,DXB-005,Dubai,CUST-01976,P006,Mouse,Accessories,2,102.54,20,205.08,41.02,164.06,Bank Transfer,Store
TXN-0098424,2026-08-06,DXB-003,Dubai,CUST-00555,P014,Power Bank,Electronics,4,153.29,0,613.17,0.0,613.17,Card,Store
TXN-0098547,2026-08-06,DXB-005,Dubai,CUST-06641,P010,Printer,Office,1,637.13,5,637.13,31.86,605.27,Card,Store
TXN-0098550,2026-08-06,DXB-005,Dubai,CUST-03655,P014,Power Bank,Electronics,3,161.18,0,483.55,0.0,483.55,Cash,Store
TXN-0098663,2026-08-06,DXB-002,Dubai,CUST-02191,P011,Notebook,Stationery,6,25.25,5,151.48,7.57,143.9,Card,Store
TXN-0098713,2026-08-06,DXB-001,Dubai,CUST-03486,P011,Notebook,Stationery,5,23.33,0,116.65,0.0,116.65,Cash,Store
TXN-0098730,2026-08-06,DXB-001,Dubai,CUST-02399,P014,Power Bank,Electronics,1,136.63,0,136.63,0.0,136.63,Apple Pay,Online
TXN-0098759,2026-08-06,DXB-002,Dubai,CUST-03923,P005,Keyboard,Accessories,1,190.68,0,190.68,0.0,190.68,Card,Store
TXN-0098854,2026-08-06,DXB-004,Dubai,CUST-05972,P012,Pen Pack,Stationery,1,13.6,5,13.6,0.68,12.92,Card,Store
TXN-0098861,2026-08-06,DXB-001,Dubai,CUST-01376,P001,Laptop,Electronics,4,2749.36,15,10997.46,1649.62,9347.84,Cash,Store
TXN-0098913,2026-08-06,DXB-003,Dubai,CUST-05807,P008,Desk,Furniture,1,823.79,0,823.79,0.0,823.79,Card,Store
TXN-0098955,2026-08-06,DXB-002,Dubai,CUST-05159,P014,Power Bank,Electronics,2,154.9,5,309.81,15.49,294.32,Card,Store
TXN-0099104,2026-08-06,DXB-005,Dubai,CUST-00797,P012,Pen Pack,Stationery,1,14.63,5,14.63,0.73,13.9,Card,Store
TXN-0099234,2026-08-06,DXB-003,Dubai,CUST-00220,P011,Notebook,Stationery,2,25.67,15,51.34,7.7,43.64,Card,Store
TXN-0099375,2026-08-06,DXB-005,Dubai,CUST-06066,P010,Printer,Office,4,735.11,0,2940.44,0.0,2940.44,Apple Pay,Store
TXN-0099432,2026-08-06,DXB-004,Dubai,CUST-01000,P013,USB Drive,Accessories,1,44.47,10,44.47,4.45,40.02,Card,Online
TXN-0099488,2026-08-06,DXB-001,Dubai,CUST-00920,P007,Office Chair,Furniture,1,646.9,15,646.9,97.04,549.87,Card,Store
TXN-0099499,2026-08-06,DXB-001,Dubai,CUST-06881,P015,Tablet,Electronics,1,1188.41,20,1188.41,237.68,950.73,Apple Pay,Store
TXN-0099562,2026-08-06,DXB-005,Dubai,CUST-06224,P015,Tablet,Electronics,1,1217.24,0,1217.24,0.0,1217.24,Apple Pay,Store
TXN-0099577,2026-08-06,DXB-001,Dubai,CUST-01439,P015,Tablet,Electronics,1,1173.08,15,1173.08,175.96,997.12,Cash,Store
TXN-0099650,2026-08-06,DXB-003,Dubai,CUST-07424,P011,Notebook,Stationery,2,27.8,5,55.61,2.78,52.83,Card,Store
TXN-0099673,2026-08-06,DXB-004,Dubai,CUST-07887,P011,Notebook,Stationery,1,25.09,5,25.09,1.25,23.83,Card,Online
TXN-0099769,2026-08-06,DXB-004,Dubai,CUST-01498,P011,Notebook,Stationery,5,25.61,0,128.04,0.0,128.04,Card,Store
TXN-0099840,2026-08-06,DXB-002,Dubai,CUST-05282,P004,Monitor,Electronics,1,895.76,10,895.76,89.58,806.18,Cash,Store
TXN-0099892,2026-08-06,DXB-001,Dubai,CUST-03785,P005,Keyboard,Accessories,3,174.75,5,524.25,26.21,498.04,Card,Store
TXN-0099950,2026-08-06,DXB-004,Dubai,CUST-06158,P014,Power Bank,Electronics,1,151.05,0,151.05,0.0,151.05,Apple Pay,Online
TXN-0100023,2026-08-06,DXB-001,Dubai,CUST-02468,P006,Mouse,Accessories,2,86.08,0,172.16,0.0,172.16,Card,Store
TXN-0100026,2026-08-06,DXB-002,Dubai,CUST-03005,P014,Power Bank,Electronics,2,163.03,15,326.06,48.91,277.15,Apple Pay,Store
TXN-0100063,2026-08-06,DXB-001,Dubai,CUST-04858,P005,Keyboard,Accessories,3,185.49,15,556.48,83.47,473.0,Card,Online
TXN-0100066,2026-08-06,DXB-003,Dubai,CUST-05263,P007,Office Chair,Furniture,1,658.38,5,658.38,32.92,625.46,Card,Online
TXN-0100122,2026-08-06,DXB-003,Dubai,CUST-02832,P003,Headphones,Electronics,1,327.46,15,327.46,49.12,278.34,Bank Transfer,Online
TXN-0100138,2026-08-06,DXB-004,Dubai,CUST-01111,P003,Headphones,Electronics,1,338.81,0,338.81,0.0,338.81,Apple Pay,Online
TXN-0100187,2026-08-06,DXB-004,Dubai,CUST-05899,P015,Tablet,Electronics,2,1153.11,0,2306.22,0.0,2306.22,Card,Store
TXN-0100210,2026-08-06,DXB-004,Dubai,CUST-00496,P011,Notebook,Stationery,1,21.59,0,21.59,0.0,21.59,Card,Store
TXN-0100337,2026-08-06,DXB-003,Dubai,CUST-03862,P004,Monitor,Electronics,1,859.2,0,859.2,0.0,859.2,Card,Store
TXN-0100364,2026-08-06,DXB-001,Dubai,CUST-02408,P015,Tablet,Electronics,4,1139.04,5,4556.14,227.81,4328.33,Card,Online
TXN-0100366,2026-08-06,DXB-003,Dubai,CUST-03360,P011,Notebook,Stationery,1,25.31,0,25.31,0.0,25.31,Card,Store
TXN-0100373,2026-08-06,DXB-005,Dubai,CUST-01249,P004,Monitor,Electronics,4,921.59,20,3686.35,737.27,2949.08,Card,Store
TXN-0100391,2026-08-06,DXB-004,Dubai,CUST-01968,P007,Office Chair,Furniture,1,642.06,10,642.06,64.21,577.85,Cash,Online
TXN-0100523,2026-08-06,DXB-003,Dubai,CUST-07706,P001,Laptop,Electronics,2,2974.21,15,5948.43,892.26,5056.16,Card,Store
TXN-0100648,2026-08-06,DXB-002,Dubai,CUST-03683,P015,Tablet,Electronics,1,1135.6,15,1135.6,170.34,965.26,Cash,Store
TXN-0100842,2026-08-06,DXB-001,Dubai,CUST-04543,P010,Printer,Office,1,734.22,15,734.22,110.13,624.08,Card,Store
TXN-0100891,2026-08-06,DXB-002,Dubai,CUST-03650,P010,Printer,Office,1,704.76,10,704.76,70.48,634.28,Card,Store
TXN-0100917,2026-08-06,DXB-002,Dubai,CUST-05282,P015,Tablet,Electronics,5,1239.71,0,6198.54,0.0,6198.54,Card,Online
TXN-0100950,2026-08-06,DXB-005,Dubai,CUST-06540,P010,Printer,Office,2,701.46,0,1402.91,0.0,1402.91,Cash,Store
TXN-0101002,2026-08-06,DXB-002,Dubai,CUST-05400,P015,Tablet,Electronics,1,1220.8,10,1220.8,122.08,1098.72,Apple Pay,Online
TXN-0101009,2026-08-06,DXB-003,Dubai,CUST-07116,P012,Pen Pack,Stationery,4,14.29,5,57.18,2.86,54.32,Card,Store
TXN-0101012,2026-08-06,DXB-005,Dubai,CUST-00744,P006,Mouse,Accessories,1,95.54,0,95.54,0.0,95.54,Cash,Online
TXN-0101039,2026-08-06,DXB-002,Dubai,CUST-06718,P010,Printer,Office,1,757.03,0,757.03,0.0,757.03,Apple Pay,Store
TXN-0101065,2026-08-06,DXB-004,Dubai,CUST-02615,P009,Backpack,Accessories,6,211.1,0,1266.6,0.0,1266.6,Apple Pay,Store
TXN-0101079,2026-08-06,DXB-002,Dubai,CUST-01750,P012,Pen Pack,Stationery,2,16.92,0,33.85,0.0,33.85,Card,Store
TXN-0101085,2026-08-06,DXB-002,Dubai,CUST-02619,P006,Mouse,Accessories,1,98.35,0,98.35,0.0,98.35,Apple Pay,Online
TXN-0101142,2026-08-06,DXB-002,Dubai,CUST-03115,P008,Desk,Furniture,1,812.39,15,812.39,121.86,690.53,Card,Store
TXN-0101193,2026-08-06,DXB-003,Dubai,CUST-01554,P002,Smartphone,Electronics,1,1798.9,5,1798.9,89.95,1708.96,Cash,Store
TXN-0101204,2026-08-06,DXB-002,Dubai,CUST-02993,P008,Desk,Furniture,2,785.16,10,1570.32,157.03,1413.29,Cash,Store
TXN-0101238,2026-08-06,DXB-003,Dubai,CUST-06196,P001,Laptop,Electronics,1,2594.11,15,2594.11,389.12,2204.99,Bank Transfer,Online
TXN-0101256,2026-08-06,DXB-001,Dubai,CUST-07628,P002,Smartphone,Electronics,1,1855.68,5,1855.68,92.78,1762.89,Card,Online
TXN-0101263,2026-08-06,DXB-001,Dubai,CUST-02637,P006,Mouse,Accessories,2,104.11,0,208.23,0.0,208.23,Card,Store
TXN-0101280,2026-08-06,DXB-004,Dubai,CUST-01921,P011,Notebook,Stationery,5,24.24,0,121.19,0.0,121.19,Card,Online
TXN-0101290,2026-08-06,DXB-004,Dubai,CUST-05547,P002,Smartphone,Electronics,1,1846.78,10,1846.78,184.68,1662.1,Card,Store
TXN-0101308,2026-08-06,DXB-003,Dubai,CUST-00470,P010,Printer,Office,1,717.29,10,717.29,71.73,645.56,Card,Store
TXN-0101317,2026-08-06,DXB-001,Dubai,CUST-03733,P001,Laptop,Electronics,2,3110.76,5,6221.53,311.08,5910.45,Apple Pay,Store
TXN-0101341,2026-08-06,DXB-004,Dubai,CUST-07747,P014,Power Bank,Electronics,1,160.68,0,160.68,0.0,160.68,Bank Transfer,Store
TXN-0101356,2026-08-06,DXB-005,Dubai,CUST-01121,P004,Monitor,Electronics,2,951.38,5,1902.75,95.14,1807.62,Cash,Online
TXN-0101398,2026-08-06,DXB-001,Dubai,CUST-06192,P004,Monitor,Electronics,5,880.14,20,4400.71,880.14,3520.57,Apple Pay,Store
TXN-0101441,2026-08-06,DXB-001,Dubai,CUST-01452,P011,Notebook,Stationery,3,26.73,10,80.2,8.02,72.18,Cash,Online
TXN-0101449,2026-08-06,DXB-002,Dubai,CUST-01425,P009,Backpack,Accessories,2,199.79,15,399.58,59.94,339.64,Bank Transfer,Store
TXN-0101493,2026-08-06,DXB-004,Dubai,CUST-02124,P013,USB Drive,Accessories,1,45.4,5,45.4,2.27,43.13,Cash,Store
TXN-0101660,2026-08-06,DXB-004,Dubai,CUST-06965,P014,Power Bank,Electronics,1,151.2,5,151.2,7.56,143.64,Cash,Store
TXN-0101828,2026-08-06,DXB-005,Dubai,CUST-01614,P007,Office Chair,Furniture,1,620.04,0,620.04,0.0,620.04,Card,Store
TXN-0101868,2026-08-06,DXB-002,Dubai,CUST-03841,P008,Desk,Furniture,1,758.2,0,758.2,0.0,758.2,Card,Store
TXN-0101906,2026-08-06,DXB-002,Dubai,CUST-03506,P001,Laptop,Electronics,1,2813.45,0,2813.45,0.0,2813.45,Card,Store
TXN-0101964,2026-08-06,DXB-003,Dubai,CUST-07735,P015,Tablet,Electronics,2,1078.08,5,2156.16,107.81,2048.36,Card,Store
TXN-0101970,2026-08-06,DXB-003,Dubai,CUST-07066,P002,Smartphone,Electronics,1,1823.27,0,1823.27,0.0,1823.27,Apple Pay,Store
TXN-0101980,2026-08-06,DXB-001,Dubai,CUST-04701,P010,Printer,Office,1,683.49,10,683.49,68.35,615.14,Card,Store
TXN-0102023,2026-08-06,DXB-002,Dubai,CUST-07275,P012,Pen Pack,Stationery,1,14.71,5,14.71,0.74,13.97,Card,Store
TXN-0102031,2026-08-06,DXB-002,Dubai,CUST-05288,P012,Pen Pack,Stationery,1,15.63,15,15.63,2.34,13.28,Apple Pay,Store
TXN-0102149,2026-08-06,DXB-003,Dubai,CUST-03797,P006,Mouse,Accessories,1,91.82,10,91.82,9.18,82.64,Card,Store
TXN-0102176,2026-08-06,DXB-003,Dubai,CUST-00112,P013,USB Drive,Accessories,2,43.4,10,86.79,8.68,78.11,Cash,Online
TXN-0102210,2026-08-06,DXB-001,Dubai,CUST-01484,P006,Mouse,Accessories,3,104.18,10,312.54,31.25,281.29,Apple Pay,Store
TXN-0102224,2026-08-06,DXB-005,Dubai,CUST-01242,P003,Headphones,Electronics,2,321.52,10,643.04,64.3,578.74,Card,Store
TXN-0102260,2026-08-06,DXB-001,Dubai,CUST-01888,P004,Monitor,Electronics,4,953.61,0,3814.44,0.0,3814.44,Card,Store
TXN-0102315,2026-08-06,DXB-004,Dubai,CUST-02296,P002,Smartphone,Electronics,1,1854.04,15,1854.04,278.11,1575.93,Card,Store
TXN-0102398,2026-08-06,DXB-003,Dubai,CUST-02192,P003,Headphones,Electronics,3,350.24,0,1050.72,0.0,1050.72,Card,Online
TXN-0102412,2026-08-06,DXB-003,Dubai,CUST-02966,P012,Pen Pack,Stationery,3,14.72,0,44.15,0.0,44.15,Card,Store
TXN-0102415,2026-08-06,DXB-001,Dubai,CUST-03164,P012,Pen Pack,Stationery,2,16.85,10,33.69,3.37,30.32,Bank Transfer,Store
TXN-0102524,2026-08-06,DXB-003,Dubai,CUST-06878,P009,Backpack,Accessories,1,210.28,15,210.28,31.54,178.74,Cash,Store
TXN-0102574,2026-08-06,DXB-002,Dubai,CUST-01996,P005,Keyboard,Accessories,1,168.11,15,168.11,25.22,142.9,Card,Store
TXN-0102579,2026-08-06,DXB-003,Dubai,CUST-02382,P007,Office Chair,Furniture,1,720.03,0,720.03,0.0,720.03,Card,Store
TXN-0102834,2026-08-06,DXB-005,Dubai,CUST-00220,P011,Notebook,Stationery,1,25.94,15,25.94,3.89,22.04,Card,Store
TXN-0102869,2026-08-06,DXB-002,Dubai,CUST-05389,P009,Backpack,Accessories,1,251.2,5,251.2,12.56,238.64,Cash,Store
TXN-0102972,2026-08-06,DXB-001,Dubai,CUST-07315,P015,Tablet,Electronics,1,1152.75,0,1152.75,0.0,1152.75,Apple Pay,Online
TXN-0102988,2026-08-06,DXB-004,Dubai,CUST-00597,P002,Smartphone,Electronics,1,1710.84,0,1710.84,0.0,1710.84,Card,Store
TXN-0103009,2026-08-06,DXB-003,Dubai,CUST-07647,P010,Printer,Office,2,756.56,5,1513.12,75.66,1437.46,Card,Store
TXN-0103152,2026-08-06,DXB-002,Dubai,CUST-01653,P010,Printer,Office,2,658.01,0,1316.02,0.0,1316.02,Card,Store
TXN-0103162,2026-08-06,DXB-005,Dubai,CUST-00395,P011,Notebook,Stationery,2,25.43,0,50.85,0.0,50.85,Apple Pay,Store
TXN-0103239,2026-08-06,DXB-002,Dubai,CUST-02333,P004,Monitor,Electronics,1,1011.49,0,1011.49,0.0,1011.49,Apple Pay,Store
TXN-0103293,2026-08-06,DXB-001,Dubai,CUST-05457,P013,USB Drive,Accessories,2,45.49,0,90.98,0.0,90.98,Card,Online
TXN-0103299,2026-08-06,DXB-005,Dubai,CUST-07876,P007,Office Chair,Furniture,2,628.66,0,1257.33,0.0,1257.33,Cash,Store
TXN-0103366,2026-08-06,DXB-002,Dubai,CUST-03597,P006,Mouse,Accessories,4,99.07,10,396.28,39.63,356.65,Cash,Store
TXN-0103397,2026-08-06,DXB-001,Dubai,CUST-05890,P011,Notebook,Stationery,1,25.48,0,25.48,0.0,25.48,Cash,Store
TXN-0103409,2026-08-06,DXB-005,Dubai,CUST-06822,P015,Tablet,Electronics,2,1156.61,10,2313.22,231.32,2081.9,Card,Store
TXN-0103434,2026-08-06,DXB-001,Dubai,CUST-00521,P002,Smartphone,Electronics,1,1730.1,0,1730.1,0.0,1730.1,Cash,Store
TXN-0103456,2026-08-06,DXB-005,Dubai,CUST-05911,P014,Power Bank,Electronics,2,156.01,0,312.02,0.0,312.02,Card,Store
TXN-0103464,2026-08-06,DXB-003,Dubai,CUST-06157,P001,Laptop,Electronics,3,2659.8,10,7979.39,797.94,7181.45,Card,Store
TXN-0103502,2026-08-06,DXB-002,Dubai,CUST-05565,P011,Notebook,Stationery,2,24.86,20,49.72,9.94,39.78,Apple Pay,Store
TXN-0103646,2026-08-06,DXB-002,Dubai,CUST-04563,P010,Printer,Office,1,734.1,5,734.1,36.7,697.39,Bank Transfer,Store
TXN-0103647,2026-08-06,DXB-005,Dubai,CUST-02362,P009,Backpack,Accessories,2,207.45,15,414.9,62.24,352.67,Apple Pay,Store
TXN-0103762,2026-08-06,DXB-003,Dubai,CUST-03863,P012,Pen Pack,Stationery,4,15.62,0,62.49,0.0,62.49,Card,Store
TXN-0103913,2026-08-06,DXB-001,Dubai,CUST-07480,P014,Power Bank,Electronics,1,157.37,0,157.37,0.0,157.37,Apple Pay,Online
TXN-0103971,2026-08-06,DXB-005,Dubai,CUST-03293,P013,USB Drive,Accessories,1,41.65,5,41.65,2.08,39.56,Apple Pay,Store
TXN-0103979,2026-08-06,DXB-005,Dubai,CUST-00989,P015,Tablet,Electronics,1,1274.73,10,1274.73,127.47,1147.26,Card,Store
TXN-0104007,2026-08-06,DXB-005,Dubai,CUST-03082,P014,Power Bank,Electronics,1,169.23,10,169.23,16.92,152.3,Card,Online
TXN-0104031,2026-08-06,DXB-004,Dubai,CUST-05153,P006,Mouse,Accessories,1,99.03,15,99.03,14.85,84.18,Bank Transfer,Store
TXN-0104078,2026-08-06,DXB-001,Dubai,CUST-03602,P005,Keyboard,Accessories,2,175.4,5,350.8,17.54,333.26,Card,Online
TXN-0104084,2026-08-06,DXB-005,Dubai,CUST-03252,P010,Printer,Office,1,814.2,5,814.2,40.71,773.49,Cash,Store
TXN-0104085,2026-08-06,DXB-002,Dubai,CUST-00102,P012,Pen Pack,Stationery,2,16.29,0,32.58,0.0,32.58,Card,Store
TXN-0104121,2026-08-06,DXB-004,Dubai,CUST-07912,P008,Desk,Furniture,2,819.16,0,1638.32,0.0,1638.32,Apple Pay,Online
TXN-0104260,2026-08-06,DXB-001,Dubai,CUST-07132,P010,Printer,Office,2,787.89,10,1575.78,157.58,1418.21,Card,Store
TXN-0104276,2026-08-06,DXB-004,Dubai,CUST-07327,P003,Headphones,Electronics,1,310.44,10,310.44,31.04,279.4,Apple Pay,Online
TXN-0104323,2026-08-06,DXB-005,Dubai,CUST-04920,P003,Headphones,Electronics,1,364.78,5,364.78,18.24,346.54,Card,Store
TXN-0104519,2026-08-06,DXB-001,Dubai,CUST-05643,P004,Monitor,Electronics,1,831.99,15,831.99,124.8,707.19,Cash,Store
TXN-0104582,2026-08-06,DXB-003,Dubai,CUST-00806,P006,Mouse,Accessories,4,107.33,5,429.31,21.47,407.84,Cash,Store
TXN-0104626,2026-08-06,DXB-004,Dubai,CUST-05475,P004,Monitor,Electronics,2,955.01,10,1910.02,191.0,1719.02,Card,Store
TXN-0104725,2026-08-06,DXB-003,Dubai,CUST-05880,P001,Laptop,Electronics,2,2190.39,20,4380.78,876.16,3504.63,Cash,Store
TXN-0104760,2026-08-06,DXB-001,Dubai,CUST-05192,P014,Power Bank,Electronics,2,146.31,5,292.62,14.63,277.99,Apple Pay,Store
TXN-0104773,2026-08-06,DXB-005,Dubai,CUST-02049,P006,Mouse,Accessories,2,100.34,0,200.68,0.0,200.68,Card,Store
TXN-0104804,2026-08-06,DXB-003,Dubai,CUST-01487,P013,USB Drive,Accessories,5,46.98,10,234.92,23.49,211.43,Apple Pay,Store
TXN-0104861,2026-08-06,DXB-003,Dubai,CUST-03439,P003,Headphones,Electronics,1,346.44,5,346.44,17.32,329.12,Card,Online
TXN-0104983,2026-08-06,DXB-004,Dubai,CUST-05503,P010,Printer,Office,4,737.1,10,2948.39,294.84,2653.55,Apple Pay,Store
TXN-0105021,2026-08-06,DXB-004,Dubai,CUST-04950,P011,Notebook,Stationery,1,25.78,0,25.78,0.0,25.78,Card,Store
TXN-0105033,2026-08-06,DXB-002,Dubai,CUST-06218,P006,Mouse,Accessories,2,100.42,5,200.84,10.04,190.79,Card,Store
TXN-0105053,2026-08-06,DXB-001,Dubai,CUST-05735,P013,USB Drive,Accessories,1,44.39,0,44.39,0.0,44.39,Card,Store
TXN-0105125,2026-08-06,DXB-003,Dubai,CUST-01858,P012,Pen Pack,Stationery,1,15.4,10,15.4,1.54,13.86,Card,Store
TXN-0105144,2026-08-06,DXB-005,Dubai,CUST-06251,P002,Smartphone,Electronics,3,1672.58,10,5017.75,501.77,4515.97,Apple Pay,Store
TXN-0105214,2026-08-06,DXB-002,Dubai,CUST-07289,P004,Monitor,Electronics,1,900.91,5,900.91,45.05,855.87,Bank Transfer,Store
TXN-0105270,2026-08-06,DXB-003,Dubai,CUST-02716,P010,Printer,Office,2,680.63,0,1361.26,0.0,1361.26,Card,Store
TXN-0105482,2026-08-06,DXB-003,Dubai,CUST-02495,P002,Smartphone,Electronics,4,1642.24,0,6568.94,0.0,6568.94,Cash,Store
TXN-0105539,2026-08-06,DXB-002,Dubai,CUST-07764,P003,Headphones,Electronics,2,326.05,0,652.09,0.0,652.09,Card,Store
TXN-0105588,2026-08-06,DXB-005,Dubai,CUST-06978,P002,Smartphone,Electronics,1,1831.51,15,1831.51,274.73,1556.79,Card,Store
TXN-0105620,2026-08-06,DXB-002,Dubai,CUST-00244,P007,Office Chair,Furniture,2,671.03,10,1342.05,134.21,1207.85,Cash,Store
TXN-0105633,2026-08-06,DXB-002,Dubai,CUST-07673,P002,Smartphone,Electronics,2,2035.83,0,4071.66,0.0,4071.66,Cash,Store
TXN-0105701,2026-08-06,DXB-003,Dubai,CUST-06944,P001,Laptop,Electronics,5,2911.02,20,14555.12,2911.02,11644.09,Card,Online
TXN-0105871,2026-08-06,DXB-005,Dubai,CUST-03854,P006,Mouse,Accessories,5,97.79,10,488.93,48.89,440.04,Cash,Store
TXN-0105898,2026-08-06,DXB-005,Dubai,CUST-00114,P005,Keyboard,Accessories,1,178.22,10,178.22,17.82,160.4,Cash,Store
TXN-0105932,2026-08-06,DXB-005,Dubai,CUST-00105,P002,Smartphone,Electronics,1,1760.53,10,1760.53,176.05,1584.48,Apple Pay,Store
TXN-0105969,2026-08-06,DXB-005,Dubai,CUST-07264,P014,Power Bank,Electronics,1,153.35,10,153.35,15.33,138.01,Cash,Store
TXN-0106044,2026-08-06,DXB-003,Dubai,CUST-05943,P005,Keyboard,Accessories,2,194.13,0,388.26,0.0,388.26,Card,Store
TXN-0106107,2026-08-06,DXB-003,Dubai,CUST-02538,P013,USB Drive,Accessories,5,45.32,0,226.58,0.0,226.58,Card,Store
TXN-0106118,2026-08-06,DXB-003,Dubai,CUST-02501,P007,Office Chair,Furniture,1,649.14,15,649.14,97.37,551.77,Cash,Store
TXN-0106121,2026-08-06,DXB-004,Dubai,CUST-04903,P003,Headphones,Electronics,2,344.43,0,688.86,0.0,688.86,Card,Online
TXN-0106134,2026-08-06,DXB-003,Dubai,CUST-01689,P015,Tablet,Electronics,2,1241.57,0,2483.14,0.0,2483.14,Cash,Store
TXN-0106152,2026-08-06,DXB-005,Dubai,CUST-03118,P014,Power Bank,Electronics,1,139.86,0,139.86,0.0,139.86,Apple Pay,Store
TXN-0106338,2026-08-06,DXB-001,Dubai,CUST-05635,P004,Monitor,Electronics,1,878.18,0,878.18,0.0,878.18,Apple Pay,Store
TXN-0106344,2026-08-06,DXB-002,Dubai,CUST-02166,P005,Keyboard,Accessories,2,165.27,10,330.54,33.05,297.48,Cash,Online
TXN-0106386,2026-08-06,DXB-001,Dubai,CUST-04261,P014,Power Bank,Electronics,1,155.25,15,155.25,23.29,131.96,Card,Online
TXN-0106426,2026-08-06,DXB-001,Dubai,CUST-03662,P002,Smartphone,Electronics,1,1602.23,10,1602.23,160.22,1442.01,Card,Store
TXN-0106459,2026-08-06,DXB-003,Dubai,CUST-04222,P004,Monitor,Electronics,2,841.92,10,1683.83,168.38,1515.45,Card,Store
TXN-0106562,2026-08-06,DXB-003,Dubai,CUST-07424,P002,Smartphone,Electronics,1,1962.26,10,1962.26,196.23,1766.03,Cash,Store
TXN-0106582,2026-08-06,DXB-002,Dubai,CUST-06310,P004,Monitor,Electronics,1,838.31,0,838.31,0.0,838.31,Cash,Store
TXN-0106601,2026-08-06,DXB-004,Dubai,CUST-07590,P006,Mouse,Accessories,2,105.38,0,210.76,0.0,210.76,Card,Store
TXN-0106616,2026-08-06,DXB-002,Dubai,CUST-04336,P004,Monitor,Electronics,1,864.43,0,864.43,0.0,864.43,Card,Online
TXN-0106672,2026-08-06,DXB-003,Dubai,CUST-06541,P003,Headphones,Electronics,1,341.19,5,341.19,17.06,324.13,Apple Pay,Online
TXN-0106702,2026-08-06,DXB-005,Dubai,CUST-02668,P006,Mouse,Accessories,1,100.01,5,100.01,5.0,95.01,Apple Pay,Store
TXN-0106799,2026-08-06,DXB-004,Dubai,CUST-01486,P007,Office Chair,Furniture,1,679.19,0,679.19,0.0,679.19,Cash,Store
TXN-0106853,2026-08-06,DXB-005,Dubai,CUST-01794,P006,Mouse,Accessories,1,98.33,10,98.33,9.83,88.49,Card,Store
TXN-0106900,2026-08-06,DXB-001,Dubai,CUST-03490,P005,Keyboard,Accessories,2,182.3,0,364.6,0.0,364.6,Cash,Online
TXN-0106949,2026-08-06,DXB-001,Dubai,CUST-00155,P005,Keyboard,Accessories,1,196.95,0,196.95,0.0,196.95,Apple Pay,Store
TXN-0106962,2026-08-06,DXB-003,Dubai,CUST-04147,P015,Tablet,Electronics,2,1230.05,0,2460.09,0.0,2460.09,Cash,Online
TXN-0106965,2026-08-06,DXB-003,Dubai,CUST-01810,P004,Monitor,Electronics,4,816.73,0,3266.91,0.0,3266.91,Bank Transfer,Online
TXN-0106972,2026-08-06,DXB-003,Dubai,CUST-01752,P008,Desk,Furniture,1,794.07,0,794.07,0.0,794.07,Card,Online
TXN-0106983,2026-08-06,DXB-003,Dubai,CUST-00239,P009,Backpack,Accessories,4,212.85,10,851.39,85.14,766.25,Card,Online
TXN-0107006,2026-08-06,DXB-001,Dubai,CUST-02934,P010,Printer,Office,2,704.03,0,1408.06,0.0,1408.06,Card,Online
TXN-0107125,2026-08-06,DXB-002,Dubai,CUST-02419,P001,Laptop,Electronics,1,2926.42,5,2926.42,146.32,2780.1,Card,Online
TXN-0107130,2026-08-06,DXB-001,Dubai,CUST-04832,P003,Headphones,Electronics,1,353.64,0,353.64,0.0,353.64,Apple Pay,Online
TXN-0107133,2026-08-06,DXB-004,Dubai,CUST-05543,P002,Smartphone,Electronics,1,1747.22,20,1747.22,349.44,1397.78,Apple Pay,Online
TXN-0107620,2026-08-06,DXB-004,Dubai,CUST-00141,P004,Monitor,Electronics,2,954.02,15,1908.03,286.21,1621.83,Card,Store
TXN-0107744,2026-08-06,DXB-004,Dubai,CUST-06551,P013,USB Drive,Accessories,3,41.84,15,125.51,18.83,106.68,Card,Online
TXN-0107764,2026-08-06,DXB-004,Dubai,CUST-01816,P007,Office Chair,Furniture,1,634.93,0,634.93,0.0,634.93,Cash,Store
TXN-0107927,2026-08-06,DXB-001,Dubai,CUST-00314,P002,Smartphone,Electronics,1,1703.05,5,1703.05,85.15,1617.89,Apple Pay,Store
TXN-0108017,2026-08-06,DXB-001,Dubai,CUST-03936,P007,Office Chair,Furniture,1,658.52,5,658.52,32.93,625.59,Card,Online
TXN-0108022,2026-08-06,DXB-001,Dubai,CUST-01610,P013,USB Drive,Accessories,5,45.22,0,226.12,0.0,226.12,Cash,Store
TXN-0108035,2026-08-06,DXB-003,Dubai,CUST-00079,P012,Pen Pack,Stationery,3,14.21,15,42.63,6.39,36.24,Cash,Online
TXN-0108101,2026-08-06,DXB-002,Dubai,CUST-01166,P001,Laptop,Electronics,1,2590.33,10,2590.33,259.03,2331.3,Cash,Store
TXN-0108109,2026-08-06,DXB-004,Dubai,CUST-04494,P013,USB Drive,Accessories,1,45.36,0,45.36,0.0,45.36,Cash,Store
TXN-0108125,2026-08-06,DXB-004,Dubai,CUST-06409,P007,Office Chair,Furniture,2,670.1,15,1340.19,201.03,1139.16,Apple Pay,Store
TXN-0108133,2026-08-06,DXB-003,Dubai,CUST-02725,P001,Laptop,Electronics,4,2878.37,0,11513.5,0.0,11513.5,Apple Pay,Store
TXN-0108153,2026-08-06,DXB-004,Dubai,CUST-05256,P009,Backpack,Accessories,4,208.47,15,833.87,125.08,708.79,Apple Pay,Store
TXN-0108158,2026-08-06,DXB-002,Dubai,CUST-00076,P014,Power Bank,Electronics,3,151.32,0,453.95,0.0,453.95,Bank Transfer,Store
TXN-0108181,2026-08-06,DXB-002,Dubai,CUST-03276,P007,Office Chair,Furniture,1,666.91,15,666.91,100.04,566.88,Card,Store
TXN-0108217,2026-08-06,DXB-002,Dubai,CUST-00864,P010,Printer,Office,1,696.64,0,696.64,0.0,696.64,Card,Online
TXN-0108241,2026-08-06,DXB-002,Dubai,CUST-04455,P013,USB Drive,Accessories,4,46.05,10,184.19,18.42,165.77,Apple Pay,Store
TXN-0108319,2026-08-06,DXB-005,Dubai,CUST-05270,P012,Pen Pack,Stationery,1,15.99,0,15.99,0.0,15.99,Card,Store
TXN-0108342,2026-08-06,DXB-001,Dubai,CUST-02045,P002,Smartphone,Electronics,6,1805.19,5,10831.13,541.56,10289.57,Card,Store
TXN-0108357,2026-08-06,DXB-001,Dubai,CUST-03788,P007,Office Chair,Furniture,1,581.39,5,581.39,29.07,552.32,Bank Transfer,Online
TXN-0108374,2026-08-06,DXB-001,Dubai,CUST-06883,P012,Pen Pack,Stationery,2,14.44,0,28.88,0.0,28.88,Bank Transfer,Store
TXN-0108460,2026-08-06,DXB-003,Dubai,CUST-07300,P012,Pen Pack,Stationery,2,14.17,0,28.34,0.0,28.34,Card,Store
TXN-0108465,2026-08-06,DXB-004,Dubai,CUST-00393,P008,Desk,Furniture,3,862.28,10,2586.83,258.68,2328.15,Card,Store
TXN-0108521,2026-08-06,DXB-003,Dubai,CUST-01286,P005,Keyboard,Accessories,2,160.53,10,321.07,32.11,288.96,Card,Online
TXN-0108529,2026-08-06,DXB-001,Dubai,CUST-01104,P001,Laptop,Electronics,5,2798.38,5,13991.92,699.6,13292.32,Cash,Store
TXN-0108583,2026-08-06,DXB-005,Dubai,CUST-03582,P002,Smartphone,Electronics,1,1834.0,10,1834.0,183.4,1650.6,Card,Store
TXN-0108597,2026-08-06,DXB-004,Dubai,CUST-06284,P001,Laptop,Electronics,1,2689.76,15,2689.76,403.46,2286.29,Card,Store
TXN-0108615,2026-08-06,DXB-005,Dubai,CUST-06794,P008,Desk,Furniture,4,722.9,5,2891.62,144.58,2747.04,Card,Online
TXN-0108716,2026-08-06,DXB-005,Dubai,CUST-01367,P006,Mouse,Accessories,2,102.15,0,204.31,0.0,204.31,Card,Store
TXN-0108726,2026-08-06,DXB-005,Dubai,CUST-02725,P002,Smartphone,Electronics,1,1674.41,5,1674.41,83.72,1590.69,Card,Online
TXN-0108785,2026-08-06,DXB-005,Dubai,CUST-05032,P010,Printer,Office,2,636.94,0,1273.88,0.0,1273.88,Card,Online
TXN-0108903,2026-08-06,DXB-001,Dubai,CUST-03079,P006,Mouse,Accessories,1,118.13,15,118.13,17.72,100.41,Card,Store
TXN-0108967,2026-08-06,DXB-001,Dubai,CUST-02692,P003,Headphones,Electronics,2,339.3,5,678.6,33.93,644.67,Apple Pay,Online
TXN-0109031,2026-08-06,DXB-003,Dubai,CUST-07841,P006,Mouse,Accessories,3,99.62,20,298.86,59.77,239.09,Card,Store
TXN-0109036,2026-08-06,DXB-005,Dubai,CUST-07841,P002,Smartphone,Electronics,2,1598.3,5,3196.59,159.83,3036.76,Apple Pay,Store
TXN-0109291,2026-08-06,DXB-001,Dubai,CUST-04862,P011,Notebook,Stationery,1,21.63,0,21.63,0.0,21.63,Card,Store
TXN-0109395,2026-08-06,DXB-002,Dubai,CUST-05835,P010,Printer,Office,2,742.16,0,1484.31,0.0,1484.31,Cash,Store
TXN-0109502,2026-08-06,DXB-001,Dubai,CUST-04078,P002,Smartphone,Electronics,1,1924.58,5,1924.58,96.23,1828.35,Card,Store
TXN-0109791,2026-08-06,DXB-001,Dubai,CUST-05518,P015,Tablet,Electronics,3,1283.13,0,3849.38,0.0,3849.38,Card,Online
TXN-0109905,2026-08-06,DXB-001,Dubai,CUST-00801,P009,Backpack,Accessories,1,230.66,15,230.66,34.6,196.06,Card,Online
TXN-0110002,2026-08-06,DXB-005,Dubai,CUST-06259,P004,Monitor,Electronics,1,863.1,15,863.1,129.47,733.64,Apple Pay,Store
TXN-0110157,2026-08-06,DXB-002,Dubai,CUST-01946,P001,Laptop,Electronics,2,3043.22,5,6086.44,304.32,5782.12,Card,Store
TXN-0110355,2026-08-06,DXB-001,Dubai,CUST-05984,P005,Keyboard,Accessories,2,167.14,0,334.28,0.0,334.28,Card,Online
TXN-0110362,2026-08-06,DXB-002,Dubai,CUST-00534,P014,Power Bank,Electronics,1,155.3,5,155.3,7.76,147.53,Card,Store
TXN-0110396,2026-08-06,DXB-001,Dubai,CUST-03421,P014,Power Bank,Electronics,1,148.48,0,148.48,0.0,148.48,Bank Transfer,Store
TXN-0110411,2026-08-06,DXB-003,Dubai,CUST-04947,P015,Tablet,Electronics,2,1278.23,0,2556.46,0.0,2556.46,Apple Pay,Store
TXN-0110543,2026-08-06,DXB-003,Dubai,CUST-05576,P001,Laptop,Electronics,1,2808.53,10,2808.53,280.85,2527.68,Apple Pay,Online
TXN-0110639,2026-08-06,DXB-002,Dubai,CUST-03686,P007,Office Chair,Furniture,1,591.87,15,591.87,88.78,503.09,Card,Store
TXN-0110668,2026-08-06,DXB-002,Dubai,CUST-01575,P001,Laptop,Electronics,1,2838.03,0,2838.03,0.0,2838.03,Card,Store
TXN-0110755,2026-08-06,DXB-002,Dubai,CUST-05740,P006,Mouse,Accessories,2,95.11,0,190.22,0.0,190.22,Card,Store
TXN-0110815,2026-08-06,DXB-004,Dubai,CUST-03331,P015,Tablet,Electronics,4,1201.15,10,4804.61,480.46,4324.15,Card,Store
TXN-0110826,2026-08-06,DXB-005,Dubai,CUST-01298,P001,Laptop,Electronics,1,2748.24,15,2748.24,412.24,2336.01,Bank Transfer,Online
TXN-0110845,2026-08-06,DXB-004,Dubai,CUST-04181,P006,Mouse,Accessories,1,83.13,5,83.13,4.16,78.97,Apple Pay,Online
TXN-0110846,2026-08-06,DXB-005,Dubai,CUST-04447,P015,Tablet,Electronics,1,1142.68,5,1142.68,57.13,1085.55,Card,Store
TXN-0110911,2026-08-06,DXB-004,Dubai,CUST-05709,P002,Smartphone,Electronics,1,1956.73,10,1956.73,195.67,1761.06,Card,Store
TXN-0111019,2026-08-06,DXB-001,Dubai,CUST-00718,P013,USB Drive,Accessories,2,45.57,10,91.14,9.11,82.03,Cash,Store
TXN-0111030,2026-08-06,DXB-004,Dubai,CUST-03000,P007,Office Chair,Furniture,1,663.82,5,663.82,33.19,630.63,Apple Pay,Online
TXN-0111055,2026-08-06,DXB-005,Dubai,CUST-06807,P003,Headphones,Electronics,1,335.64,15,335.64,50.35,285.3,Card,Online
TXN-0111225,2026-08-06,DXB-001,Dubai,CUST-07599,P014,Power Bank,Electronics,6,155.83,5,934.98,46.75,888.23,Card,Store
TXN-0111294,2026-08-06,DXB-001,Dubai,CUST-00002,P007,Office Chair,Furniture,1,741.93,10,741.93,74.19,667.74,Apple Pay,Store
TXN-0111317,2026-08-06,DXB-002,Dubai,CUST-03601,P007,Office Chair,Furniture,2,648.39,0,1296.78,0.0,1296.78,Card,Store
TXN-0111348,2026-08-06,DXB-005,Dubai,CUST-07381,P015,Tablet,Electronics,1,1256.82,0,1256.82,0.0,1256.82,Apple Pay,Store
TXN-0111349,2026-08-06,DXB-004,Dubai,CUST-00840,P001,Laptop,Electronics,2,2551.7,5,5103.4,255.17,4848.23,Cash,Store
TXN-0111418,2026-08-06,DXB-004,Dubai,CUST-04306,P002,Smartphone,Electronics,1,1750.18,15,1750.18,262.53,1487.65,Bank Transfer,Store
TXN-0111426,2026-08-06,DXB-003,Dubai,CUST-04448,P012,Pen Pack,Stationery,1,17.12,5,17.12,0.86,16.26,Cash,Store
TXN-0111438,2026-08-06,DXB-001,Dubai,CUST-02908,P008,Desk,Furniture,5,812.52,5,4062.58,203.13,3859.45,Card,Online
TXN-0111502,2026-08-06,DXB-002,Dubai,CUST-05737,P009,Backpack,Accessories,2,203.58,5,407.15,20.36,386.79,Card,Store
TXN-0111711,2026-08-06,DXB-003,Dubai,CUST-00571,P007,Office Chair,Furniture,3,631.4,0,1894.19,0.0,1894.19,Card,Store
TXN-0111908,2026-08-06,DXB-001,Dubai,CUST-03393,P004,Monitor,Electronics,1,855.44,5,855.44,42.77,812.67,Card,Online
TXN-0111915,2026-08-06,DXB-002,Dubai,CUST-07599,P012,Pen Pack,Stationery,3,14.23,0,42.69,0.0,42.69,Bank Transfer,Store
TXN-0111954,2026-08-06,DXB-001,Dubai,CUST-00263,P002,Smartphone,Electronics,2,1748.39,5,3496.78,174.84,3321.94,Cash,Online
TXN-0112058,2026-08-06,DXB-003,Dubai,CUST-00280,P003,Headphones,Electronics,2,393.98,10,787.96,78.8,709.16,Cash,Store
TXN-0112105,2026-08-06,DXB-002,Dubai,CUST-01189,P010,Printer,Office,3,681.29,15,2043.86,306.58,1737.29,Cash,Store
TXN-0112169,2026-08-06,DXB-003,Dubai,CUST-04735,P006,Mouse,Accessories,6,104.79,10,628.76,62.88,565.88,Card,Online
TXN-0112184,2026-08-06,DXB-001,Dubai,CUST-00854,P007,Office Chair,Furniture,1,663.22,0,663.22,0.0,663.22,Card,Store
TXN-0112187,2026-08-06,DXB-004,Dubai,CUST-05565,P009,Backpack,Accessories,1,208.05,0,208.05,0.0,208.05,Card,Store
TXN-0112217,2026-08-06,DXB-005,Dubai,CUST-02495,P009,Backpack,Accessories,1,215.72,10,215.72,21.57,194.15,Card,Store
TXN-0112365,2026-08-06,DXB-004,Dubai,CUST-07922,P010,Printer,Office,1,742.17,5,742.17,37.11,705.06,Cash,Store
TXN-0112461,2026-08-06,DXB-004,Dubai,CUST-01993,P004,Monitor,Electronics,1,949.0,5,949.0,47.45,901.55,Card,Store
TXN-0112608,2026-08-06,DXB-004,Dubai,CUST-00396,P015,Tablet,Electronics,1,1184.85,5,1184.85,59.24,1125.6,Card,Store
TXN-0112616,2026-08-06,DXB-005,Dubai,CUST-05402,P002,Smartphone,Electronics,1,1744.85,15,1744.85,261.73,1483.12,Card,Store
TXN-0112711,2026-08-06,DXB-002,Dubai,CUST-03468,P002,Smartphone,Electronics,6,1666.61,0,9999.65,0.0,9999.65,Cash,Store
TXN-0112735,2026-08-06,DXB-002,Dubai,CUST-00655,P003,Headphones,Electronics,4,327.69,20,1310.77,262.15,1048.62,Card,Store
TXN-0112739,2026-08-06,DXB-005,Dubai,CUST-02294,P015,Tablet,Electronics,1,1199.9,10,1199.9,119.99,1079.91,Card,Store
TXN-0112750,2026-08-06,DXB-004,Dubai,CUST-06644,P006,Mouse,Accessories,3,94.98,10,284.94,28.49,256.44,Card,Store
TXN-0112781,2026-08-06,DXB-005,Dubai,CUST-02681,P009,Backpack,Accessories,1,195.16,10,195.16,19.52,175.64,Card,Store
TXN-0112784,2026-08-06,DXB-005,Dubai,CUST-01634,P015,Tablet,Electronics,4,1125.36,10,4501.43,450.14,4051.28,Cash,Online
TXN-0112805,2026-08-06,DXB-003,Dubai,CUST-03463,P015,Tablet,Electronics,3,1230.25,20,3690.75,738.15,2952.6,Card,Store
TXN-0112818,2026-08-06,DXB-004,Dubai,CUST-07650,P002,Smartphone,Electronics,1,1748.26,15,1748.26,262.24,1486.02,Apple Pay,Online
TXN-0112833,2026-08-06,DXB-002,Dubai,CUST-04620,P009,Backpack,Accessories,1,197.57,10,197.57,19.76,177.81,Cash,Store
TXN-0112911,2026-08-06,DXB-003,Dubai,CUST-00701,P013,USB Drive,Accessories,3,47.94,5,143.81,7.19,136.62,Bank Transfer,Online
TXN-0112939,2026-08-06,DXB-003,Dubai,CUST-03797,P011,Notebook,Stationery,1,26.21,5,26.21,1.31,24.89,Card,Online
TXN-0112987,2026-08-06,DXB-001,Dubai,CUST-01150,P001,Laptop,Electronics,1,2824.43,0,2824.43,0.0,2824.43,Card,Store
TXN-0113000,2026-08-06,DXB-001,Dubai,CUST-06941,P012,Pen Pack,Stationery,2,14.82,15,29.65,4.45,25.2,Card,Store
TXN-0113123,2026-08-06,DXB-004,Dubai,CUST-05378,P009,Backpack,Accessories,1,205.4,10,205.4,20.54,184.86,Card,Store
TXN-0113203,2026-08-06,DXB-001,Dubai,CUST-01340,P001,Laptop,Electronics,5,2950.61,0,14753.04,0.0,14753.04,Cash,Online
TXN-0113211,2026-08-06,DXB-004,Dubai,CUST-01765,P013,USB Drive,Accessories,1,46.61,5,46.61,2.33,44.28,Apple Pay,Online
TXN-0113233,2026-08-06,DXB-003,Dubai,CUST-01033,P009,Backpack,Accessories,3,198.07,10,594.22,59.42,534.8,Card,Store
TXN-0113260,2026-08-06,DXB-003,Dubai,CUST-05100,P011,Notebook,Stationery,1,23.71,0,23.71,0.0,23.71,Card,Online
TXN-0113342,2026-08-06,DXB-004,Dubai,CUST-03878,P002,Smartphone,Electronics,3,1780.43,10,5341.28,534.13,4807.15,Cash,Online
TXN-0113403,2026-08-06,DXB-002,Dubai,CUST-03243,P003,Headphones,Electronics,2,336.58,10,673.17,67.32,605.85,Card,Store
TXN-0113471,2026-08-06,DXB-002,Dubai,CUST-06209,P003,Headphones,Electronics,1,364.59,15,364.59,54.69,309.9,Cash,Store
TXN-0113504,2026-08-06,DXB-002,Dubai,CUST-03547,P013,USB Drive,Accessories,2,47.7,0,95.41,0.0,95.41,Card,Online
TXN-0113588,2026-08-06,DXB-002,Dubai,CUST-05319,P009,Backpack,Accessories,1,217.92,10,217.92,21.79,196.13,Card,Store
TXN-0113614,2026-08-06,DXB-005,Dubai,CUST-07644,P001,Laptop,Electronics,1,2868.3,5,2868.3,143.42,2724.89,Cash,Store
TXN-0113636,2026-08-06,DXB-002,Dubai,CUST-00272,P011,Notebook,Stationery,2,22.33,10,44.66,4.47,40.2,Card,Store
TXN-0113776,2026-08-06,DXB-005,Dubai,CUST-01374,P005,Keyboard,Accessories,1,176.34,0,176.34,0.0,176.34,Card,Store
TXN-0113783,2026-08-06,DXB-003,Dubai,CUST-01029,P009,Backpack,Accessories,2,208.06,0,416.12,0.0,416.12,Apple Pay,Store
TXN-0113785,2026-08-06,DXB-003,Dubai,CUST-00685,P013,USB Drive,Accessories,2,46.48,15,92.97,13.94,79.02,Card,Store
TXN-0113919,2026-08-06,DXB-001,Dubai,CUST-01963,P015,Tablet,Electronics,1,1237.61,10,1237.61,123.76,1113.85,Card,Store
TXN-0113928,2026-08-06,DXB-003,Dubai,CUST-05441,P015,Tablet,Electronics,1,1087.46,10,1087.46,108.75,978.72,Card,Online
TXN-0114007,2026-08-06,DXB-004,Dubai,CUST-03452,P007,Office Chair,Furniture,1,694.53,0,694.53,0.0,694.53,Card,Store
TXN-0114094,2026-08-06,DXB-005,Dubai,CUST-06088,P003,Headphones,Electronics,2,347.74,0,695.48,0.0,695.48,Card,Store
TXN-0114150,2026-08-06,DXB-002,Dubai,CUST-04563,P001,Laptop,Electronics,2,2936.25,0,5872.49,0.0,5872.49,Card,Store
TXN-0114241,2026-08-06,DXB-001,Dubai,CUST-01447,P012,Pen Pack,Stationery,4,14.05,0,56.21,0.0,56.21,Cash,Store
TXN-0114279,2026-08-06,DXB-004,Dubai,CUST-05823,P014,Power Bank,Electronics,2,146.39,0,292.78,0.0,292.78,Card,Store
TXN-0114285,2026-08-06,DXB-001,Dubai,CUST-01958,P001,Laptop,Electronics,1,2901.65,0,2901.65,0.0,2901.65,Apple Pay,Store
TXN-0114297,2026-08-06,DXB-003,Dubai,CUST-03255,P014,Power Bank,Electronics,1,160.31,5,160.31,8.02,152.29,Cash,Store
TXN-0114311,2026-08-06,DXB-002,Dubai,CUST-07828,P013,USB Drive,Accessories,2,44.37,0,88.73,0.0,88.73,Card,Store
TXN-0114316,2026-08-06,DXB-001,Dubai,CUST-05489,P011,Notebook,Stationery,3,25.45,0,76.36,0.0,76.36,Apple Pay,Store
TXN-0114478,2026-08-06,DXB-004,Dubai,CUST-04382,P003,Headphones,Electronics,1,357.83,0,357.83,0.0,357.83,Card,Online
TXN-0114480,2026-08-06,DXB-001,Dubai,CUST-03452,P004,Monitor,Electronics,2,902.98,0,1805.95,0.0,1805.95,Card,Store
TXN-0114503,2026-08-06,DXB-004,Dubai,CUST-04391,P010,Printer,Office,2,703.23,0,1406.47,0.0,1406.47,Card,Store
TXN-0114629,2026-08-06,DXB-001,Dubai,CUST-05316,P008,Desk,Furniture,3,797.73,5,2393.18,119.66,2273.52,Cash,Store
TXN-0114634,2026-08-06,DXB-004,Dubai,CUST-02805,P015,Tablet,Electronics,2,1153.69,0,2307.38,0.0,2307.38,Cash,Store
TXN-0114654,2026-08-06,DXB-004,Dubai,CUST-04550,P014,Power Bank,Electronics,4,162.63,0,650.52,0.0,650.52,Apple Pay,Store
TXN-0114739,2026-08-06,DXB-005,Dubai,CUST-06741,P012,Pen Pack,Stationery,1,16.71,0,16.71,0.0,16.71,Card,Store
TXN-0114744,2026-08-06,DXB-005,Dubai,CUST-05925,P005,Keyboard,Accessories,3,182.18,15,546.53,81.98,464.55,Apple Pay,Store
TXN-0114748,2026-08-06,DXB-001,Dubai,CUST-02757,P010,Printer,Office,2,676.19,0,1352.38,0.0,1352.38,Card,Store
TXN-0114790,2026-08-06,DXB-001,Dubai,CUST-00290,P005,Keyboard,Accessories,3,172.72,0,518.17,0.0,518.17,Apple Pay,Online
TXN-0114838,2026-08-06,DXB-005,Dubai,CUST-02465,P011,Notebook,Stationery,1,28.17,5,28.17,1.41,26.76,Apple Pay,Online
TXN-0114861,2026-08-06,DXB-005,Dubai,CUST-05164,P003,Headphones,Electronics,1,331.27,10,331.27,33.13,298.15,Card,Store
TXN-0114872,2026-08-06,DXB-002,Dubai,CUST-02002,P012,Pen Pack,Stationery,1,15.36,5,15.36,0.77,14.6,Card,Store
TXN-0114968,2026-08-06,DXB-004,Dubai,CUST-07662,P001,Laptop,Electronics,2,2882.73,5,5765.47,288.27,5477.2,Cash,Online
TXN-0114994,2026-08-06,DXB-002,Dubai,CUST-06487,P014,Power Bank,Electronics,1,133.9,0,133.9,0.0,133.9,Apple Pay,Store
TXN-0115051,2026-08-06,DXB-001,Dubai,CUST-01697,P010,Printer,Office,2,684.93,0,1369.87,0.0,1369.87,Card,Online
TXN-0115100,2026-08-06,DXB-005,Dubai,CUST-04298,P003,Headphones,Electronics,1,312.08,5,312.08,15.6,296.47,Card,Online
TXN-0115105,2026-08-06,DXB-003,Dubai,CUST-05478,P002,Smartphone,Electronics,1,1743.18,15,1743.18,261.48,1481.7,Card,Store
TXN-0115158,2026-08-06,DXB-003,Dubai,CUST-02058,P003,Headphones,Electronics,5,344.17,10,1720.83,172.08,1548.75,Card,Online
TXN-0115223,2026-08-06,DXB-001,Dubai,CUST-07356,P007,Office Chair,Furniture,2,558.36,5,1116.72,55.84,1060.89,Apple Pay,Online
TXN-0115374,2026-08-06,DXB-002,Dubai,CUST-06389,P011,Notebook,Stationery,1,25.34,10,25.34,2.53,22.81,Apple Pay,Store
TXN-0115394,2026-08-06,DXB-005,Dubai,CUST-06755,P011,Notebook,Stationery,1,23.61,5,23.61,1.18,22.43,Card,Store
TXN-0115433,2026-08-06,DXB-001,Dubai,CUST-00866,P015,Tablet,Electronics,1,1167.71,20,1167.71,233.54,934.17,Card,Online
TXN-0115470,2026-08-06,DXB-003,Dubai,CUST-03013,P014,Power Bank,Electronics,4,140.55,0,562.21,0.0,562.21,Cash,Online
TXN-0115549,2026-08-06,DXB-002,Dubai,CUST-04185,P014,Power Bank,Electronics,1,138.02,5,138.02,6.9,131.12,Bank Transfer,Store
TXN-0115620,2026-08-06,DXB-005,Dubai,CUST-06819,P014,Power Bank,Electronics,1,147.82,10,147.82,14.78,133.04,Card,Store
TXN-0115638,2026-08-06,DXB-001,Dubai,CUST-07912,P010,Printer,Office,1,754.78,20,754.78,150.96,603.82,Card,Store
TXN-0115658,2026-08-06,DXB-005,Dubai,CUST-05200,P007,Office Chair,Furniture,4,587.51,5,2350.05,117.5,2232.54,Apple Pay,Store
TXN-0115739,2026-08-06,DXB-002,Dubai,CUST-02058,P007,Office Chair,Furniture,1,668.58,15,668.58,100.29,568.29,Card,Store
TXN-0116036,2026-08-06,DXB-001,Dubai,CUST-01322,P004,Monitor,Electronics,4,829.36,0,3317.43,0.0,3317.43,Cash,Store
TXN-0116153,2026-08-06,DXB-001,Dubai,CUST-04498,P013,USB Drive,Accessories,2,45.18,0,90.36,0.0,90.36,Apple Pay,Store
TXN-0116302,2026-08-06,DXB-003,Dubai,CUST-02264,P003,Headphones,Electronics,1,361.94,15,361.94,54.29,307.65,Card,Store
TXN-0116370,2026-08-06,DXB-001,Dubai,CUST-02149,P012,Pen Pack,Stationery,5,14.95,20,74.73,14.95,59.79,Apple Pay,Store
TXN-0116590,2026-08-06,DXB-004,Dubai,CUST-00530,P015,Tablet,Electronics,2,1123.66,10,2247.33,224.73,2022.6,Bank Transfer,Store
TXN-0116687,2026-08-06,DXB-003,Dubai,CUST-01679,P010,Printer,Office,5,704.62,15,3523.08,528.46,2994.62,Apple Pay,Store
TXN-0116714,2026-08-06,DXB-003,Dubai,CUST-06794,P002,Smartphone,Electronics,2,1766.44,5,3532.87,176.64,3356.23,Bank Transfer,Store
TXN-0116735,2026-08-06,DXB-005,Dubai,CUST-01181,P008,Desk,Furniture,1,783.14,20,783.14,156.63,626.52,Card,Store
TXN-0116739,2026-08-06,DXB-001,Dubai,CUST-02262,P001,Laptop,Electronics,3,2694.15,10,8082.46,808.25,7274.21,Apple Pay,Store
TXN-0116925,2026-08-06,DXB-003,Dubai,CUST-01453,P004,Monitor,Electronics,4,917.23,10,3668.94,366.89,3302.04,Card,Online
TXN-0117017,2026-08-06,DXB-001,Dubai,CUST-05201,P008,Desk,Furniture,1,752.41,0,752.41,0.0,752.41,Cash,Store
TXN-0117020,2026-08-06,DXB-004,Dubai,CUST-04359,P012,Pen Pack,Stationery,2,13.68,0,27.35,0.0,27.35,Cash,Store
TXN-0117034,2026-08-06,DXB-002,Dubai,CUST-06037,P012,Pen Pack,Stationery,4,16.27,5,65.07,3.25,61.81,Apple Pay,Store
TXN-0117091,2026-08-06,DXB-004,Dubai,CUST-00909,P011,Notebook,Stationery,4,22.75,10,91.01,9.1,81.91,Cash,Store
TXN-0117169,2026-08-06,DXB-004,Dubai,CUST-00002,P005,Keyboard,Accessories,2,173.69,0,347.38,0.0,347.38,Bank Transfer,Store
TXN-0117180,2026-08-06,DXB-002,Dubai,CUST-05502,P008,Desk,Furniture,1,845.39,0,845.39,0.0,845.39,Card,Store
TXN-0117196,2026-08-06,DXB-003,Dubai,CUST-02326,P004,Monitor,Electronics,1,877.77,0,877.77,0.0,877.77,Apple Pay,Online
TXN-0117354,2026-08-06,DXB-005,Dubai,CUST-02249,P004,Monitor,Electronics,1,878.85,10,878.85,87.89,790.97,Cash,Store
TXN-0117442,2026-08-06,DXB-001,Dubai,CUST-05692,P012,Pen Pack,Stationery,1,14.44,20,14.44,2.89,11.56,Apple Pay,Online
TXN-0117547,2026-08-06,DXB-005,Dubai,CUST-01708,P004,Monitor,Electronics,1,937.28,10,937.28,93.73,843.55,Card,Online
TXN-0117666,2026-08-06,DXB-005,Dubai,CUST-03729,P009,Backpack,Accessories,1,232.01,10,232.01,23.2,208.81,Apple Pay,Store
TXN-0117696,2026-08-06,DXB-004,Dubai,CUST-01812,P004,Monitor,Electronics,3,847.7,10,2543.09,254.31,2288.78,Card,Store
TXN-0117783,2026-08-06,DXB-002,Dubai,CUST-02542,P006,Mouse,Accessories,2,94.94,20,189.88,37.98,151.91,Bank Transfer,Store
TXN-0117788,2026-08-06,DXB-002,Dubai,CUST-07859,P007,Office Chair,Furniture,3,630.74,0,1892.21,0.0,1892.21,Cash,Store
TXN-0117900,2026-08-06,DXB-003,Dubai,CUST-02663,P009,Backpack,Accessories,1,237.66,10,237.66,23.77,213.89,Card,Store
TXN-0117925,2026-08-06,DXB-001,Dubai,CUST-06449,P004,Monitor,Electronics,1,857.2,10,857.2,85.72,771.48,Cash,Store
TXN-0118086,2026-08-06,DXB-003,Dubai,CUST-06807,P005,Keyboard,Accessories,4,156.97,0,627.88,0.0,627.88,Apple Pay,Store
TXN-0118125,2026-08-06,DXB-001,Dubai,CUST-00796,P005,Keyboard,Accessories,1,182.71,5,182.71,9.14,173.57,Apple Pay,Store
TXN-0118300,2026-08-06,DXB-004,Dubai,CUST-07953,P008,Desk,Furniture,1,759.67,5,759.67,37.98,721.69,Apple Pay,Online
TXN-0118301,2026-08-06,DXB-004,Dubai,CUST-03650,P001,Laptop,Electronics,1,2917.89,15,2917.89,437.68,2480.2,Apple Pay,Store
TXN-0118342,2026-08-06,DXB-001,Dubai,CUST-01413,P003,Headphones,Electronics,1,377.23,0,377.23,0.0,377.23,Bank Transfer,Online
TXN-0118374,2026-08-06,DXB-001,Dubai,CUST-04324,P013,USB Drive,Accessories,1,45.21,15,45.21,6.78,38.43,Apple Pay,Store
TXN-0118454,2026-08-06,DXB-001,Dubai,CUST-00172,P013,USB Drive,Accessories,1,44.4,5,44.4,2.22,42.18,Card,Store
TXN-0118490,2026-08-06,DXB-003,Dubai,CUST-07844,P004,Monitor,Electronics,2,967.6,0,1935.2,0.0,1935.2,Card,Online
TXN-0118567,2026-08-06,DXB-004,Dubai,CUST-04378,P006,Mouse,Accessories,2,103.87,15,207.74,31.16,176.58,Cash,Store
TXN-0118569,2026-08-06,DXB-003,Dubai,CUST-04258,P010,Printer,Office,2,666.11,0,1332.23,0.0,1332.23,Card,Store
TXN-0118667,2026-08-06,DXB-004,Dubai,CUST-07161,P004,Monitor,Electronics,1,876.41,0,876.41,0.0,876.41,Card,Store
TXN-0118680,2026-08-06,DXB-001,Dubai,CUST-03492,P003,Headphones,Electronics,1,356.48,20,356.48,71.3,285.18,Card,Online
TXN-0118710,2026-08-06,DXB-001,Dubai,CUST-07142,P001,Laptop,Electronics,2,2619.41,5,5238.82,261.94,4976.88,Cash,Store
TXN-0118734,2026-08-06,DXB-002,Dubai,CUST-06981,P014,Power Bank,Electronics,1,165.99,0,165.99,0.0,165.99,Cash,Store
TXN-0118754,2026-08-06,DXB-003,Dubai,CUST-05241,P012,Pen Pack,Stationery,2,15.37,15,30.75,4.61,26.13,Card,Store
TXN-0118761,2026-08-06,DXB-002,Dubai,CUST-06454,P014,Power Bank,Electronics,1,168.07,20,168.07,33.61,134.46,Card,Store
TXN-0118810,2026-08-06,DXB-003,Dubai,CUST-01300,P010,Printer,Office,1,694.21,0,694.21,0.0,694.21,Card,Store
TXN-0118827,2026-08-06,DXB-005,Dubai,CUST-00284,P006,Mouse,Accessories,6,99.65,5,597.9,29.9,568.01,Card,Online
TXN-0118834,2026-08-06,DXB-003,Dubai,CUST-06479,P010,Printer,Office,1,677.83,5,677.83,33.89,643.94,Apple Pay,Online
TXN-0118894,2026-08-06,DXB-002,Dubai,CUST-05254,P014,Power Bank,Electronics,6,162.9,0,977.38,0.0,977.38,Card,Store
TXN-0118909,2026-08-06,DXB-001,Dubai,CUST-00985,P006,Mouse,Accessories,1,95.05,5,95.05,4.75,90.3,Bank Transfer,Store
TXN-0119045,2026-08-06,DXB-005,Dubai,CUST-07410,P009,Backpack,Accessories,1,248.39,0,248.39,0.0,248.39,Cash,Online
TXN-0119052,2026-08-06,DXB-002,Dubai,CUST-03581,P006,Mouse,Accessories,2,107.8,15,215.61,32.34,183.27,Cash,Store
TXN-0119079,2026-08-06,DXB-004,Dubai,CUST-02164,P014,Power Bank,Electronics,2,153.48,0,306.97,0.0,306.97,Card,Store
TXN-0119136,2026-08-06,DXB-005,Dubai,CUST-01549,P012,Pen Pack,Stationery,5,14.24,5,71.19,3.56,67.63,Bank Transfer,Online
TXN-0119164,2026-08-06,DXB-003,Dubai,CUST-03688,P015,Tablet,Electronics,1,1226.36,15,1226.36,183.95,1042.4,Apple Pay,Online
TXN-0119214,2026-08-06,DXB-005,Dubai,CUST-07780,P010,Printer,Office,3,598.0,10,1794.01,179.4,1614.61,Cash,Online
TXN-0119267,2026-08-06,DXB-002,Dubai,CUST-01862,P011,Notebook,Stationery,1,26.89,5,26.89,1.34,25.54,Bank Transfer,Store
TXN-0119305,2026-08-06,DXB-004,Dubai,CUST-06481,P004,Monitor,Electronics,1,833.27,5,833.27,41.66,791.61,Cash,Store
TXN-0119333,2026-08-06,DXB-004,Dubai,CUST-03910,P015,Tablet,Electronics,2,1262.12,10,2524.24,252.42,2271.82,Apple Pay,Store
TXN-0119469,2026-08-06,DXB-005,Dubai,CUST-07514,P004,Monitor,Electronics,1,902.21,0,902.21,0.0,902.21,Apple Pay,Store
TXN-0119488,2026-08-06,DXB-004,Dubai,CUST-06075,P006,Mouse,Accessories,1,88.7,5,88.7,4.44,84.27,Card,Online
TXN-0119511,2026-08-06,DXB-002,Dubai,CUST-07824,P005,Keyboard,Accessories,1,179.01,5,179.01,8.95,170.06,Cash,Store
TXN-0119526,2026-08-06,DXB-004,Dubai,CUST-04439,P015,Tablet,Electronics,2,1240.68,15,2481.36,372.2,2109.16,Bank Transfer,Store
TXN-0119644,2026-08-06,DXB-001,Dubai,CUST-04551,P003,Headphones,Electronics,2,341.94,20,683.88,136.78,547.1,Cash,Store
TXN-0119673,2026-08-06,DXB-001,Dubai,CUST-07653,P002,Smartphone,Electronics,1,1745.07,10,1745.07,174.51,1570.56,Card,Store
TXN-0119675,2026-08-06,DXB-001,Dubai,CUST-05864,P011,Notebook,Stationery,2,25.26,0,50.52,0.0,50.52,Card,Store
TXN-0119725,2026-08-06,DXB-004,Dubai,CUST-00095,P008,Desk,Furniture,1,829.86,10,829.86,82.99,746.88,Card,Online
TXN-0119783,2026-08-06,DXB-002,Dubai,CUST-01919,P003,Headphones,Electronics,1,357.68,0,357.68,0.0,357.68,Card,Store
TXN-0119798,2026-08-06,DXB-003,Dubai,CUST-05018,P011,Notebook,Stationery,3,25.58,5,76.75,3.84,72.91,Card,Online
TXN-0119813,2026-08-06,DXB-001,Dubai,CUST-03867,P011,Notebook,Stationery,1,20.79,0,20.79,0.0,20.79,Apple Pay,Store
TXN-0119870,2026-08-06,DXB-001,Dubai,CUST-05197,P004,Monitor,Electronics,1,924.16,0,924.16,0.0,924.16,Cash,Store
TXN-0119889,2026-08-06,DXB-002,Dubai,CUST-03208,P009,Backpack,Accessories,2,224.29,0,448.59,0.0,448.59,Card,Store
TXN-0119955,2026-08-06,DXB-005,Dubai,CUST-06178,P013,USB Drive,Accessories,4,46.19,15,184.75,27.71,157.04,Card,Store
TXN-0119974,2026-08-06,DXB-001,Dubai,CUST-03895,P002,Smartphone,Electronics,5,1881.08,0,9405.39,0.0,9405.39,Bank Transfer,Store
