transaction_id,transaction_date,store_id,region,customer_id,product_id,product_name,category,quantity,unit_price,discount_pct,gross_amount,discount_amount,net_revenue,payment_method,sales_channel
TXN-0000009,2026-08-11,DXB-003,Dubai,CUST-02746,P001,Laptop,Electronics,4,2360.79,15,9443.17,1416.48,8026.69,Cash,Store
TXN-0000052,2026-08-11,DXB-005,Dubai,CUST-04945,P001,Laptop,Electronics,2,2833.35,0,5666.69,0.0,5666.69,Card,Store
TXN-0000072,2026-08-11,DXB-003,Dubai,CUST-06813,P012,Pen Pack,Stationery,2,14.88,0,29.76,0.0,29.76,Card,Store
TXN-0000102,2026-08-11,DXB-003,Dubai,CUST-00923,P001,Laptop,Electronics,1,2875.53,10,2875.53,287.55,2587.97,Card,Store
TXN-0000224,2026-08-11,DXB-005,Dubai,CUST-04994,P011,Notebook,Stationery,2,25.56,20,51.12,10.22,40.9,Card,Store
TXN-0000253,2026-08-11,DXB-003,Dubai,CUST-03823,P004,Monitor,Electronics,2,948.95,15,1897.9,284.68,1613.21,Card,Store
TXN-0000339,2026-08-11,DXB-001,Dubai,CUST-01526,P010,Printer,Office,2,714.21,0,1428.41,0.0,1428.41,Card,Online
TXN-0000398,2026-08-11,DXB-002,Dubai,CUST-06315,P004,Monitor,Electronics,2,746.61,5,1493.22,74.66,1418.56,Bank Transfer,Store
TXN-0000426,2026-08-11,DXB-002,Dubai,CUST-03413,P011,Notebook,Stationery,2,25.79,10,51.57,5.16,46.41,Card,Online
TXN-0000523,2026-08-11,DXB-005,Dubai,CUST-06831,P008,Desk,Furniture,1,807.68,0,807.68,0.0,807.68,Card,Store
TXN-0000543,2026-08-11,DXB-001,Dubai,CUST-07920,P008,Desk,Furniture,1,843.71,0,843.71,0.0,843.71,Bank Transfer,Online
TXN-0000653,2026-08-11,DXB-003,Dubai,CUST-00449,P005,Keyboard,Accessories,2,175.65,5,351.3,17.56,333.73,Cash,Online
TXN-0000664,2026-08-11,DXB-001,Dubai,CUST-02506,P009,Backpack,Accessories,3,212.23,0,636.69,0.0,636.69,Bank Transfer,Store
TXN-0000838,2026-08-11,DXB-003,Dubai,CUST-05468,P014,Power Bank,Electronics,1,161.98,0,161.98,0.0,161.98,Apple Pay,Store
TXN-0000872,2026-08-11,DXB-001,Dubai,CUST-07105,P005,Keyboard,Accessories,3,172.14,0,516.42,0.0,516.42,Bank Transfer,Store
TXN-0000888,2026-08-11,DXB-005,Dubai,CUST-01390,P013,USB Drive,Accessories,2,45.8,15,91.6,13.74,77.86,Cash,Store
TXN-0000993,2026-08-11,DXB-001,Dubai,CUST-01403,P003,Headphones,Electronics,1,335.95,10,335.95,33.59,302.35,Cash,Store
TXN-0001085,2026-08-11,DXB-003,Dubai,CUST-07552,P010,Printer,Office,1,770.22,10,770.22,77.02,693.2,Apple Pay,Store
TXN-0001113,2026-08-11,DXB-001,Dubai,CUST-02858,P007,Office Chair,Furniture,1,584.36,0,584.36,0.0,584.36,Card,Online
TXN-0001115,2026-08-11,DXB-002,Dubai,CUST-03580,P013,USB Drive,Accessories,1,39.77,5,39.77,1.99,37.78,Bank Transfer,Online
TXN-0001178,2026-08-11,DXB-005,Dubai,CUST-07745,P015,Tablet,Electronics,1,1173.74,15,1173.74,176.06,997.68,Card,Store
TXN-0001326,2026-08-11,DXB-002,Dubai,CUST-00476,P003,Headphones,Electronics,2,350.24,0,700.48,0.0,700.48,Cash,Store
TXN-0001345,2026-08-11,DXB-003,Dubai,CUST-05548,P006,Mouse,Accessories,1,100.24,0,100.24,0.0,100.24,Card,Store
TXN-0001364,2026-08-11,DXB-003,Dubai,CUST-04451,P011,Notebook,Stationery,2,25.25,5,50.5,2.52,47.97,Card,Store
TXN-0001523,2026-08-11,DXB-003,Dubai,CUST-06312,P010,Printer,Office,1,607.17,10,607.17,60.72,546.45,Cash,Online
TXN-0001534,2026-08-11,DXB-004,Dubai,CUST-01021,P015,Tablet,Electronics,1,1142.96,5,1142.96,57.15,1085.82,Apple Pay,Store
TXN-0001651,2026-08-11,DXB-003,Dubai,CUST-01067,P011,Notebook,Stationery,1,26.5,5,26.5,1.33,25.18,Bank Transfer,Online
TXN-0001663,2026-08-11,DXB-001,Dubai,CUST-01090,P009,Backpack,Accessories,1,228.29,10,228.29,22.83,205.46,Bank Transfer,Store
TXN-0001704,2026-08-11,DXB-001,Dubai,CUST-01916,P010,Printer,Office,4,748.43,15,2993.73,449.06,2544.67,Card,Store
TXN-0001770,2026-08-11,DXB-003,Dubai,CUST-06600,P004,Monitor,Electronics,5,832.22,15,4161.1,624.17,3536.94,Apple Pay,Store
TXN-0001787,2026-08-11,DXB-002,Dubai,CUST-04385,P001,Laptop,Electronics,1,2783.98,0,2783.98,0.0,2783.98,Card,Online
TXN-0001796,2026-08-11,DXB-002,Dubai,CUST-01767,P004,Monitor,Electronics,1,914.95,0,914.95,0.0,914.95,Cash,Online
TXN-0001798,2026-08-11,DXB-003,Dubai,CUST-04555,P005,Keyboard,Accessories,1,187.74,15,187.74,28.16,159.58,Cash,Store
TXN-0001891,2026-08-11,DXB-002,Dubai,CUST-05745,P011,Notebook,Stationery,1,23.91,0,23.91,0.0,23.91,Card,Online
TXN-0001960,2026-08-11,DXB-003,Dubai,CUST-05509,P005,Keyboard,Accessories,2,176.1,5,352.19,17.61,334.58,Cash,Store
TXN-0002071,2026-08-11,DXB-003,Dubai,CUST-01289,P006,Mouse,Accessories,5,94.08,10,470.4,47.04,423.36,Cash,Store
TXN-0002094,2026-08-11,DXB-005,Dubai,CUST-00562,P007,Office Chair,Furniture,1,664.71,10,664.71,66.47,598.24,Apple Pay,Store
TXN-0002116,2026-08-11,DXB-005,Dubai,CUST-07199,P014,Power Bank,Electronics,4,134.18,5,536.72,26.84,509.88,Card,Online
TXN-0002220,2026-08-11,DXB-004,Dubai,CUST-06771,P005,Keyboard,Accessories,2,168.97,0,337.94,0.0,337.94,Card,Online
TXN-0002349,2026-08-11,DXB-004,Dubai,CUST-05105,P012,Pen Pack,Stationery,4,14.47,5,57.87,2.89,54.97,Cash,Store
TXN-0002392,2026-08-11,DXB-005,Dubai,CUST-00764,P012,Pen Pack,Stationery,1,14.17,10,14.17,1.42,12.75,Apple Pay,Store
TXN-0002466,2026-08-11,DXB-004,Dubai,CUST-05458,P006,Mouse,Accessories,1,98.5,5,98.5,4.93,93.58,Card,Store
TXN-0002511,2026-08-11,DXB-003,Dubai,CUST-06176,P006,Mouse,Accessories,2,104.18,10,208.36,20.84,187.52,Card,Store
TXN-0002554,2026-08-11,DXB-003,Dubai,CUST-07482,P001,Laptop,Electronics,1,3091.55,10,3091.55,309.15,2782.39,Apple Pay,Store
TXN-0002643,2026-08-11,DXB-002,Dubai,CUST-01451,P015,Tablet,Electronics,2,1194.56,15,2389.13,358.37,2030.76,Card,Store
TXN-0002674,2026-08-11,DXB-001,Dubai,CUST-02803,P014,Power Bank,Electronics,2,138.45,15,276.9,41.54,235.37,Card,Store
TXN-0002738,2026-08-11,DXB-001,Dubai,CUST-01002,P012,Pen Pack,Stationery,1,12.53,0,12.53,0.0,12.53,Apple Pay,Store
TXN-0002741,2026-08-11,DXB-005,Dubai,CUST-06455,P011,Notebook,Stationery,1,24.7,15,24.7,3.7,20.99,Card,Store
TXN-0002745,2026-08-11,DXB-005,Dubai,CUST-04223,P012,Pen Pack,Stationery,2,14.31,20,28.62,5.72,22.9,Card,Store
TXN-0002773,2026-08-11,DXB-002,Dubai,CUST-05483,P002,Smartphone,Electronics,1,1754.31,10,1754.31,175.43,1578.88,Apple Pay,Store
TXN-0002810,2026-08-11,DXB-002,Dubai,CUST-03175,P012,Pen Pack,Stationery,4,13.49,0,53.96,0.0,53.96,Card,Store
TXN-0002813,2026-08-11,DXB-002,Dubai,CUST-00091,P014,Power Bank,Electronics,2,140.46,10,280.92,28.09,252.83,Card,Online
TXN-0002815,2026-08-11,DXB-001,Dubai,CUST-03421,P003,Headphones,Electronics,1,362.62,0,362.62,0.0,362.62,Cash,Store
TXN-0002851,2026-08-11,DXB-004,Dubai,CUST-06934,P009,Backpack,Accessories,1,204.43,10,204.43,20.44,183.99,Apple Pay,Store
TXN-0002861,2026-08-11,DXB-005,Dubai,CUST-01024,P009,Backpack,Accessories,1,218.42,15,218.42,32.76,185.66,Cash,Store
TXN-0002890,2026-08-11,DXB-005,Dubai,CUST-04228,P006,Mouse,Accessories,1,105.4,10,105.4,10.54,94.86,Cash,Store
TXN-0002900,2026-08-11,DXB-002,Dubai,CUST-03615,P007,Office Chair,Furniture,3,622.49,0,1867.48,0.0,1867.48,Bank Transfer,Store
TXN-0002929,2026-08-11,DXB-001,Dubai,CUST-07838,P012,Pen Pack,Stationery,1,14.71,20,14.71,2.94,11.76,Bank Transfer,Store
TXN-0002944,2026-08-11,DXB-002,Dubai,CUST-01755,P015,Tablet,Electronics,1,1239.49,0,1239.49,0.0,1239.49,Cash,Online
TXN-0002993,2026-08-11,DXB-001,Dubai,CUST-05619,P015,Tablet,Electronics,5,1267.53,15,6337.65,950.65,5387.01,Card,Online
TXN-0003024,2026-08-11,DXB-003,Dubai,CUST-02678,P006,Mouse,Accessories,1,94.77,5,94.77,4.74,90.03,Card,Store
TXN-0003040,2026-08-11,DXB-004,Dubai,CUST-04058,P004,Monitor,Electronics,1,844.25,0,844.25,0.0,844.25,Apple Pay,Store
TXN-0003045,2026-08-11,DXB-003,Dubai,CUST-01851,P007,Office Chair,Furniture,2,575.73,0,1151.47,0.0,1151.47,Card,Store
TXN-0003153,2026-08-11,DXB-005,Dubai,CUST-02250,P004,Monitor,Electronics,1,892.37,20,892.37,178.47,713.9,Apple Pay,Store
TXN-0003182,2026-08-11,DXB-001,Dubai,CUST-00118,P014,Power Bank,Electronics,2,142.16,0,284.31,0.0,284.31,Apple Pay,Online
TXN-0003194,2026-08-11,DXB-005,Dubai,CUST-04808,P003,Headphones,Electronics,1,343.16,5,343.16,17.16,326.0,Card,Store
TXN-0003256,2026-08-11,DXB-003,Dubai,CUST-05203,P007,Office Chair,Furniture,3,652.48,5,1957.43,97.87,1859.56,Card,Online
TXN-0003258,2026-08-11,DXB-001,Dubai,CUST-00848,P008,Desk,Furniture,1,823.0,0,823.0,0.0,823.0,Cash,Store
TXN-0003288,2026-08-11,DXB-003,Dubai,CUST-05770,P013,USB Drive,Accessories,1,43.48,0,43.48,0.0,43.48,Card,Online
TXN-0003290,2026-08-11,DXB-002,Dubai,CUST-00326,P007,Office Chair,Furniture,3,689.11,5,2067.34,103.37,1963.98,Card,Online
TXN-0003295,2026-08-11,DXB-005,Dubai,CUST-02649,P012,Pen Pack,Stationery,1,13.93,20,13.93,2.79,11.14,Card,Online
TXN-0003359,2026-08-11,DXB-002,Dubai,CUST-03724,P009,Backpack,Accessories,1,212.8,10,212.8,21.28,191.52,Apple Pay,Online
TXN-0003394,2026-08-11,DXB-004,Dubai,CUST-02527,P011,Notebook,Stationery,1,27.06,10,27.06,2.71,24.35,Card,Store
TXN-0003504,2026-08-11,DXB-001,Dubai,CUST-00028,P004,Monitor,Electronics,1,923.18,20,923.18,184.64,738.55,Cash,Online
TXN-0003529,2026-08-11,DXB-002,Dubai,CUST-00577,P004,Monitor,Electronics,1,908.43,0,908.43,0.0,908.43,Card,Online
TXN-0003693,2026-08-11,DXB-001,Dubai,CUST-00957,P003,Headphones,Electronics,3,319.82,0,959.47,0.0,959.47,Card,Online
TXN-0003776,2026-08-11,DXB-001,Dubai,CUST-02319,P013,USB Drive,Accessories,3,44.48,15,133.45,20.02,113.43,Card,Store
TXN-0003832,2026-08-11,DXB-004,Dubai,CUST-01610,P004,Monitor,Electronics,1,869.8,0,869.8,0.0,869.8,Apple Pay,Online
TXN-0003837,2026-08-11,DXB-002,Dubai,CUST-00257,P011,Notebook,Stationery,3,24.98,0,74.95,0.0,74.95,Card,Online
TXN-0003894,2026-08-11,DXB-005,Dubai,CUST-07481,P015,Tablet,Electronics,1,1267.96,10,1267.96,126.8,1141.16,Card,Store
TXN-0003909,2026-08-11,DXB-003,Dubai,CUST-04522,P007,Office Chair,Furniture,1,693.72,0,693.72,0.0,693.72,Card,Online
TXN-0003913,2026-08-11,DXB-004,Dubai,CUST-06053,P002,Smartphone,Electronics,5,1652.63,15,8263.15,1239.47,7023.68,Card,Store
TXN-0003965,2026-08-11,DXB-001,Dubai,CUST-04482,P006,Mouse,Accessories,4,98.16,10,392.63,39.26,353.36,Apple Pay,Store
TXN-0004009,2026-08-11,DXB-003,Dubai,CUST-01007,P012,Pen Pack,Stationery,2,15.05,10,30.1,3.01,27.09,Card,Online
TXN-0004019,2026-08-11,DXB-004,Dubai,CUST-03423,P008,Desk,Furniture,1,796.96,5,796.96,39.85,757.11,Card,Online
TXN-0004103,2026-08-11,DXB-003,Dubai,CUST-05950,P003,Headphones,Electronics,1,353.93,5,353.93,17.7,336.23,Card,Store
TXN-0004156,2026-08-11,DXB-005,Dubai,CUST-01180,P007,Office Chair,Furniture,1,610.51,15,610.51,91.58,518.93,Apple Pay,Store
TXN-0004159,2026-08-11,DXB-005,Dubai,CUST-02357,P013,USB Drive,Accessories,3,48.5,0,145.51,0.0,145.51,Cash,Store
TXN-0004164,2026-08-11,DXB-001,Dubai,CUST-02400,P011,Notebook,Stationery,1,24.79,5,24.79,1.24,23.55,Apple Pay,Store
TXN-0004248,2026-08-11,DXB-001,Dubai,CUST-07317,P014,Power Bank,Electronics,2,152.8,5,305.61,15.28,290.33,Card,Store
TXN-0004262,2026-08-11,DXB-002,Dubai,CUST-07162,P010,Printer,Office,1,667.85,20,667.85,133.57,534.28,Cash,Store
TXN-0004408,2026-08-11,DXB-003,Dubai,CUST-05855,P015,Tablet,Electronics,1,1185.76,5,1185.76,59.29,1126.47,Apple Pay,Store
TXN-0004448,2026-08-11,DXB-001,Dubai,CUST-04735,P007,Office Chair,Furniture,3,715.29,0,2145.88,0.0,2145.88,Cash,Store
TXN-0004491,2026-08-11,DXB-002,Dubai,CUST-04139,P008,Desk,Furniture,4,846.38,20,3385.53,677.11,2708.43,Card,Store
TXN-0004492,2026-08-11,DXB-004,Dubai,CUST-02995,P001,Laptop,Electronics,3,2501.31,10,7503.94,750.39,6753.55,Card,Store
TXN-0004564,2026-08-11,DXB-002,Dubai,CUST-06115,P007,Office Chair,Furniture,1,653.97,10,653.97,65.4,588.57,Card,Online
TXN-0004578,2026-08-11,DXB-001,Dubai,CUST-04901,P003,Headphones,Electronics,2,357.56,5,715.12,35.76,679.37,Apple Pay,Store
TXN-0004581,2026-08-11,DXB-005,Dubai,CUST-04390,P001,Laptop,Electronics,2,2772.43,5,5544.86,277.24,5267.62,Bank Transfer,Online
TXN-0004656,2026-08-11,DXB-002,Dubai,CUST-06834,P002,Smartphone,Electronics,2,1766.79,10,3533.59,353.36,3180.23,Apple Pay,Store
TXN-0004791,2026-08-11,DXB-001,Dubai,CUST-05601,P013,USB Drive,Accessories,2,47.54,10,95.07,9.51,85.56,Apple Pay,Store
TXN-0004796,2026-08-11,DXB-002,Dubai,CUST-07417,P010,Printer,Office,3,682.0,5,2046.0,102.3,1943.7,Card,Online
TXN-0004811,2026-08-11,DXB-002,Dubai,CUST-06375,P002,Smartphone,Electronics,5,1923.54,0,9617.72,0.0,9617.72,Bank Transfer,Online
TXN-0004827,2026-08-11,DXB-002,Dubai,CUST-02464,P015,Tablet,Electronics,3,1087.31,5,3261.93,163.1,3098.83,Card,Store
TXN-0004844,2026-08-11,DXB-005,Dubai,CUST-03790,P013,USB Drive,Accessories,2,47.49,15,94.99,14.25,80.74,Card,Store
TXN-0004871,2026-08-11,DXB-005,Dubai,CUST-01083,P011,Notebook,Stationery,1,23.62,10,23.62,2.36,21.26,Apple Pay,Online
TXN-0004875,2026-08-11,DXB-004,Dubai,CUST-03360,P001,Laptop,Electronics,1,2850.25,15,2850.25,427.54,2422.71,Card,Store
TXN-0004886,2026-08-11,DXB-005,Dubai,CUST-04500,P007,Office Chair,Furniture,1,674.95,5,674.95,33.75,641.2,Apple Pay,Store
TXN-0004905,2026-08-11,DXB-003,Dubai,CUST-04671,P003,Headphones,Electronics,1,363.77,5,363.77,18.19,345.58,Card,Store
TXN-0004956,2026-08-11,DXB-005,Dubai,CUST-06864,P009,Backpack,Accessories,1,221.04,15,221.04,33.16,187.89,Bank Transfer,Online
TXN-0004983,2026-08-11,DXB-005,Dubai,CUST-00301,P012,Pen Pack,Stationery,2,14.81,0,29.62,0.0,29.62,Bank Transfer,Store
TXN-0004985,2026-08-11,DXB-003,Dubai,CUST-05955,P014,Power Bank,Electronics,1,151.39,10,151.39,15.14,136.25,Apple Pay,Online
TXN-0005001,2026-08-11,DXB-001,Dubai,CUST-06433,P001,Laptop,Electronics,2,3000.99,15,6001.98,900.3,5101.69,Card,Online
TXN-0005168,2026-08-11,DXB-002,Dubai,CUST-02930,P010,Printer,Office,2,701.25,0,1402.5,0.0,1402.5,Apple Pay,Store
TXN-0005177,2026-08-11,DXB-001,Dubai,CUST-05793,P005,Keyboard,Accessories,1,183.89,0,183.89,0.0,183.89,Card,Online
TXN-0005234,2026-08-11,DXB-004,Dubai,CUST-06898,P011,Notebook,Stationery,1,23.21,5,23.21,1.16,22.05,Card,Store
TXN-0005280,2026-08-11,DXB-001,Dubai,CUST-01602,P013,USB Drive,Accessories,1,43.42,5,43.42,2.17,41.24,Cash,Store
TXN-0005465,2026-08-11,DXB-003,Dubai,CUST-03215,P011,Notebook,Stationery,1,24.25,0,24.25,0.0,24.25,Apple Pay,Store
TXN-0005496,2026-08-11,DXB-002,Dubai,CUST-01206,P003,Headphones,Electronics,1,360.67,10,360.67,36.07,324.6,Apple Pay,Online
TXN-0005623,2026-08-11,DXB-003,Dubai,CUST-07474,P011,Notebook,Stationery,1,25.94,0,25.94,0.0,25.94,Apple Pay,Store
TXN-0005667,2026-08-11,DXB-004,Dubai,CUST-03177,P005,Keyboard,Accessories,1,169.97,10,169.97,17.0,152.97,Card,Store
TXN-0005681,2026-08-11,DXB-003,Dubai,CUST-02284,P015,Tablet,Electronics,5,1151.62,5,5758.09,287.9,5470.19,Card,Store
TXN-0005717,2026-08-11,DXB-002,Dubai,CUST-00619,P004,Monitor,Electronics,1,891.8,0,891.8,0.0,891.8,Cash,Store
TXN-0005763,2026-08-11,DXB-003,Dubai,CUST-01889,P001,Laptop,Electronics,1,2892.34,0,2892.34,0.0,2892.34,Card,Store
TXN-0005781,2026-08-11,DXB-005,Dubai,CUST-04959,P003,Headphones,Electronics,2,321.43,10,642.86,64.29,578.57,Apple Pay,Store
TXN-0005905,2026-08-11,DXB-002,Dubai,CUST-03974,P009,Backpack,Accessories,4,227.59,15,910.35,136.55,773.8,Apple Pay,Online
TXN-0005911,2026-08-11,DXB-005,Dubai,CUST-01433,P012,Pen Pack,Stationery,2,14.69,15,29.39,4.41,24.98,Card,Store
TXN-0005943,2026-08-11,DXB-003,Dubai,CUST-02290,P002,Smartphone,Electronics,1,1792.23,0,1792.23,0.0,1792.23,Cash,Online
TXN-0005953,2026-08-11,DXB-003,Dubai,CUST-03422,P002,Smartphone,Electronics,2,1928.29,15,3856.58,578.49,3278.09,Apple Pay,Online
TXN-0005969,2026-08-11,DXB-001,Dubai,CUST-02805,P009,Backpack,Accessories,1,208.06,15,208.06,31.21,176.85,Cash,Store
TXN-0006115,2026-08-11,DXB-002,Dubai,CUST-05245,P015,Tablet,Electronics,1,1215.32,10,1215.32,121.53,1093.79,Card,Store
TXN-0006204,2026-08-11,DXB-001,Dubai,CUST-05661,P013,USB Drive,Accessories,3,42.81,10,128.43,12.84,115.59,Card,Store
TXN-0006218,2026-08-11,DXB-001,Dubai,CUST-01981,P002,Smartphone,Electronics,2,1778.88,15,3557.77,533.67,3024.1,Card,Online
TXN-0006250,2026-08-11,DXB-001,Dubai,CUST-05580,P005,Keyboard,Accessories,2,181.97,0,363.94,0.0,363.94,Card,Store
TXN-0006252,2026-08-11,DXB-001,Dubai,CUST-05083,P001,Laptop,Electronics,1,2912.96,5,2912.96,145.65,2767.32,Card,Online
TXN-0006310,2026-08-11,DXB-005,Dubai,CUST-04118,P015,Tablet,Electronics,1,1179.71,0,1179.71,0.0,1179.71,Card,Online
TXN-0006336,2026-08-11,DXB-003,Dubai,CUST-02083,P001,Laptop,Electronics,2,2538.76,0,5077.51,0.0,5077.51,Card,Store
TXN-0006382,2026-08-11,DXB-003,Dubai,CUST-06100,P015,Tablet,Electronics,4,1185.12,5,4740.47,237.02,4503.44,Apple Pay,Store
TXN-0006449,2026-08-11,DXB-003,Dubai,CUST-05102,P008,Desk,Furniture,1,796.2,5,796.2,39.81,756.39,Apple Pay,Store
TXN-0006456,2026-08-11,DXB-004,Dubai,CUST-02824,P005,Keyboard,Accessories,1,204.78,5,204.78,10.24,194.54,Cash,Store
TXN-0006519,2026-08-11,DXB-004,Dubai,CUST-01557,P009,Backpack,Accessories,3,203.44,10,610.33,61.03,549.3,Card,Store
TXN-0006534,2026-08-11,DXB-001,Dubai,CUST-03580,P013,USB Drive,Accessories,2,46.35,5,92.69,4.63,88.06,Card,Store
TXN-0006570,2026-08-11,DXB-004,Dubai,CUST-04910,P003,Headphones,Electronics,1,329.84,10,329.84,32.98,296.86,Bank Transfer,Store
TXN-0006633,2026-08-11,DXB-004,Dubai,CUST-00332,P003,Headphones,Electronics,3,360.2,15,1080.59,162.09,918.5,Apple Pay,Store
TXN-0006651,2026-08-11,DXB-003,Dubai,CUST-05694,P001,Laptop,Electronics,1,3027.55,15,3027.55,454.13,2573.42,Card,Online
TXN-0006671,2026-08-11,DXB-002,Dubai,CUST-02663,P006,Mouse,Accessories,5,96.36,15,481.79,72.27,409.52,Card,Online
TXN-0006681,2026-08-11,DXB-003,Dubai,CUST-04436,P015,Tablet,Electronics,2,1179.57,0,2359.13,0.0,2359.13,Card,Store
TXN-0006687,2026-08-11,DXB-005,Dubai,CUST-03043,P002,Smartphone,Electronics,1,2024.02,5,2024.02,101.2,1922.82,Cash,Store
TXN-0006709,2026-08-11,DXB-001,Dubai,CUST-07754,P004,Monitor,Electronics,2,920.61,0,1841.22,0.0,1841.22,Apple Pay,Store
TXN-0006770,2026-08-11,DXB-004,Dubai,CUST-05880,P002,Smartphone,Electronics,1,1695.83,15,1695.83,254.37,1441.46,Card,Store
TXN-0006884,2026-08-11,DXB-004,Dubai,CUST-04166,P014,Power Bank,Electronics,1,161.09,10,161.09,16.11,144.99,Bank Transfer,Store
TXN-0006915,2026-08-11,DXB-005,Dubai,CUST-01916,P010,Printer,Office,5,826.27,0,4131.33,0.0,4131.33,Cash,Store
TXN-0006971,2026-08-11,DXB-005,Dubai,CUST-00880,P012,Pen Pack,Stationery,1,14.15,20,14.15,2.83,11.32,Bank Transfer,Online
TXN-0007218,2026-08-11,DXB-005,Dubai,CUST-03024,P008,Desk,Furniture,2,793.78,15,1587.56,238.13,1349.42,Card,Store
TXN-0007260,2026-08-11,DXB-005,Dubai,CUST-02500,P014,Power Bank,Electronics,3,158.19,0,474.57,0.0,474.57,Cash,Store
TXN-0007261,2026-08-11,DXB-003,Dubai,CUST-00951,P001,Laptop,Electronics,1,2850.43,0,2850.43,0.0,2850.43,Apple Pay,Store
TXN-0007308,2026-08-11,DXB-004,Dubai,CUST-06737,P002,Smartphone,Electronics,1,1754.63,10,1754.63,175.46,1579.17,Card,Store
TXN-0007484,2026-08-11,DXB-005,Dubai,CUST-00950,P015,Tablet,Electronics,1,1273.37,15,1273.37,191.01,1082.37,Bank Transfer,Store
TXN-0007493,2026-08-11,DXB-005,Dubai,CUST-05115,P004,Monitor,Electronics,2,853.97,0,1707.93,0.0,1707.93,Cash,Store
TXN-0007500,2026-08-11,DXB-001,Dubai,CUST-04662,P006,Mouse,Accessories,1,108.71,10,108.71,10.87,97.84,Cash,Store
TXN-0007573,2026-08-11,DXB-001,Dubai,CUST-01363,P001,Laptop,Electronics,3,2867.89,10,8603.67,860.37,7743.3,Cash,Store
TXN-0007744,2026-08-11,DXB-005,Dubai,CUST-00754,P009,Backpack,Accessories,2,233.57,5,467.15,23.36,443.79,Apple Pay,Online
TXN-0007800,2026-08-11,DXB-001,Dubai,CUST-04420,P007,Office Chair,Furniture,2,620.84,20,1241.69,248.34,993.35,Apple Pay,Store
TXN-0007884,2026-08-11,DXB-002,Dubai,CUST-06750,P014,Power Bank,Electronics,2,151.42,10,302.85,30.28,272.56,Card,Store
TXN-0007886,2026-08-11,DXB-004,Dubai,CUST-02349,P006,Mouse,Accessories,1,100.7,5,100.7,5.04,95.67,Card,Online
TXN-0007913,2026-08-11,DXB-001,Dubai,CUST-06352,P004,Monitor,Electronics,5,909.62,15,4548.1,682.21,3865.88,Card,Online
TXN-0007937,2026-08-11,DXB-001,Dubai,CUST-05358,P001,Laptop,Electronics,2,2996.21,0,5992.41,0.0,5992.41,Card,Store
TXN-0007948,2026-08-11,DXB-001,Dubai,CUST-05470,P012,Pen Pack,Stationery,1,15.54,0,15.54,0.0,15.54,Cash,Store
TXN-0007952,2026-08-11,DXB-003,Dubai,CUST-02175,P003,Headphones,Electronics,4,369.18,0,1476.73,0.0,1476.73,Apple Pay,Store
TXN-0008025,2026-08-11,DXB-001,Dubai,CUST-03508,P013,USB Drive,Accessories,1,45.73,5,45.73,2.29,43.45,Bank Transfer,Store
TXN-0008044,2026-08-11,DXB-002,Dubai,CUST-04643,P006,Mouse,Accessories,1,101.9,0,101.9,0.0,101.9,Card,Store
TXN-0008188,2026-08-11,DXB-001,Dubai,CUST-07519,P004,Monitor,Electronics,5,915.62,5,4578.1,228.91,4349.2,Card,Store
TXN-0008191,2026-08-11,DXB-001,Dubai,CUST-00613,P005,Keyboard,Accessories,2,187.48,0,374.97,0.0,374.97,Apple Pay,Store
TXN-0008343,2026-08-11,DXB-003,Dubai,CUST-02179,P008,Desk,Furniture,2,745.18,0,1490.35,0.0,1490.35,Card,Store
TXN-0008414,2026-08-11,DXB-003,Dubai,CUST-06900,P012,Pen Pack,Stationery,3,16.36,20,49.08,9.82,39.27,Card,Online
TXN-0008420,2026-08-11,DXB-004,Dubai,CUST-03510,P003,Headphones,Electronics,1,359.55,0,359.55,0.0,359.55,Apple Pay,Store
TXN-0008432,2026-08-11,DXB-002,Dubai,CUST-00693,P007,Office Chair,Furniture,1,639.94,0,639.94,0.0,639.94,Cash,Store
TXN-0008437,2026-08-11,DXB-002,Dubai,CUST-00804,P003,Headphones,Electronics,1,378.29,10,378.29,37.83,340.46,Card,Store
TXN-0008498,2026-08-11,DXB-004,Dubai,CUST-02857,P002,Smartphone,Electronics,1,1628.09,5,1628.09,81.4,1546.69,Cash,Store
TXN-0008506,2026-08-11,DXB-002,Dubai,CUST-02911,P006,Mouse,Accessories,1,101.27,0,101.27,0.0,101.27,Apple Pay,Store
TXN-0008581,2026-08-11,DXB-001,Dubai,CUST-02154,P015,Tablet,Electronics,1,1323.86,5,1323.86,66.19,1257.66,Card,Store
TXN-0008585,2026-08-11,DXB-003,Dubai,CUST-05544,P010,Printer,Office,1,756.24,20,756.24,151.25,604.99,Bank Transfer,Online
TXN-0008605,2026-08-11,DXB-002,Dubai,CUST-04374,P008,Desk,Furniture,1,836.56,10,836.56,83.66,752.9,Card,Online
TXN-0008611,2026-08-11,DXB-005,Dubai,CUST-06510,P013,USB Drive,Accessories,1,44.58,0,44.58,0.0,44.58,Card,Online
TXN-0008650,2026-08-11,DXB-003,Dubai,CUST-05256,P004,Monitor,Electronics,5,906.02,20,4530.08,906.02,3624.06,Card,Store
TXN-0008756,2026-08-11,DXB-001,Dubai,CUST-06559,P001,Laptop,Electronics,1,2824.17,0,2824.17,0.0,2824.17,Bank Transfer,Store
TXN-0008782,2026-08-11,DXB-002,Dubai,CUST-07545,P002,Smartphone,Electronics,1,1802.88,5,1802.88,90.14,1712.73,Apple Pay,Store
TXN-0008854,2026-08-11,DXB-003,Dubai,CUST-01454,P005,Keyboard,Accessories,1,171.66,0,171.66,0.0,171.66,Bank Transfer,Online
TXN-0009016,2026-08-11,DXB-005,Dubai,CUST-01783,P011,Notebook,Stationery,2,24.15,0,48.3,0.0,48.3,Cash,Store
TXN-0009083,2026-08-11,DXB-001,Dubai,CUST-00883,P005,Keyboard,Accessories,1,189.63,15,189.63,28.45,161.19,Card,Store
TXN-0009152,2026-08-11,DXB-003,Dubai,CUST-03750,P002,Smartphone,Electronics,1,1804.07,5,1804.07,90.2,1713.87,Cash,Store
TXN-0009188,2026-08-11,DXB-001,Dubai,CUST-07572,P005,Keyboard,Accessories,1,180.86,5,180.86,9.04,171.82,Card,Online
TXN-0009258,2026-08-11,DXB-005,Dubai,CUST-01030,P011,Notebook,Stationery,1,22.65,0,22.65,0.0,22.65,Apple Pay,Store
TXN-0009282,2026-08-11,DXB-003,Dubai,CUST-02736,P012,Pen Pack,Stationery,2,14.44,0,28.88,0.0,28.88,Bank Transfer,Store
TXN-0009295,2026-08-11,DXB-002,Dubai,CUST-05402,P005,Keyboard,Accessories,1,169.76,10,169.76,16.98,152.78,Bank Transfer,Store
TXN-0009301,2026-08-11,DXB-003,Dubai,CUST-05764,P012,Pen Pack,Stationery,2,15.55,10,31.1,3.11,27.99,Card,Store
TXN-0009432,2026-08-11,DXB-003,Dubai,CUST-00573,P013,USB Drive,Accessories,3,44.66,0,133.98,0.0,133.98,Bank Transfer,Store
TXN-0009443,2026-08-11,DXB-002,Dubai,CUST-07431,P014,Power Bank,Electronics,3,166.59,0,499.78,0.0,499.78,Card,Store
TXN-0009475,2026-08-11,DXB-002,Dubai,CUST-07791,P011,Notebook,Stationery,2,25.79,10,51.57,5.16,46.42,Apple Pay,Store
TXN-0009502,2026-08-11,DXB-002,Dubai,CUST-05855,P015,Tablet,Electronics,1,1218.98,10,1218.98,121.9,1097.08,Bank Transfer,Online
TXN-0009507,2026-08-11,DXB-004,Dubai,CUST-01944,P004,Monitor,Electronics,4,931.81,0,3727.23,0.0,3727.23,Cash,Store
TXN-0009594,2026-08-11,DXB-004,Dubai,CUST-01354,P007,Office Chair,Furniture,3,602.06,0,1806.19,0.0,1806.19,Bank Transfer,Online
TXN-0009702,2026-08-11,DXB-001,Dubai,CUST-00194,P008,Desk,Furniture,1,757.59,0,757.59,0.0,757.59,Cash,Online
TXN-0009791,2026-08-11,DXB-001,Dubai,CUST-02772,P011,Notebook,Stationery,1,22.95,10,22.95,2.3,20.66,Card,Online
TXN-0009851,2026-08-11,DXB-001,Dubai,CUST-01114,P001,Laptop,Electronics,1,2805.85,0,2805.85,0.0,2805.85,Cash,Online
TXN-0009880,2026-08-11,DXB-005,Dubai,CUST-00154,P004,Monitor,Electronics,1,861.06,20,861.06,172.21,688.85,Cash,Store
TXN-0009971,2026-08-11,DXB-004,Dubai,CUST-07600,P005,Keyboard,Accessories,2,184.34,10,368.68,36.87,331.81,Cash,Online
TXN-0009976,2026-08-11,DXB-001,Dubai,CUST-05310,P005,Keyboard,Accessories,2,181.73,10,363.46,36.35,327.11,Card,Store
TXN-0009977,2026-08-11,DXB-002,Dubai,CUST-07754,P001,Laptop,Electronics,1,2987.87,0,2987.87,0.0,2987.87,Card,Store
TXN-0010021,2026-08-11,DXB-003,Dubai,CUST-00183,P005,Keyboard,Accessories,1,181.97,0,181.97,0.0,181.97,Cash,Store
TXN-0010030,2026-08-11,DXB-003,Dubai,CUST-04213,P001,Laptop,Electronics,6,2822.51,10,16935.09,1693.51,15241.58,Apple Pay,Store
TXN-0010072,2026-08-11,DXB-004,Dubai,CUST-02504,P006,Mouse,Accessories,1,102.0,10,102.0,10.2,91.8,Cash,Store
TXN-0010076,2026-08-11,DXB-004,Dubai,CUST-04958,P008,Desk,Furniture,3,832.65,20,2497.94,499.59,1998.35,Bank Transfer,Store
TXN-0010354,2026-08-11,DXB-005,Dubai,CUST-05615,P009,Backpack,Accessories,2,257.02,10,514.04,51.4,462.64,Cash,Store
TXN-0010458,2026-08-11,DXB-004,Dubai,CUST-03744,P014,Power Bank,Electronics,2,146.57,10,293.14,29.31,263.83,Apple Pay,Online
TXN-0010496,2026-08-11,DXB-005,Dubai,CUST-04160,P012,Pen Pack,Stationery,5,14.81,10,74.05,7.41,66.65,Apple Pay,Store
TXN-0010520,2026-08-11,DXB-002,Dubai,CUST-04398,P007,Office Chair,Furniture,1,620.77,10,620.77,62.08,558.7,Cash,Store
TXN-0010570,2026-08-11,DXB-004,Dubai,CUST-05641,P012,Pen Pack,Stationery,4,16.29,15,65.17,9.78,55.39,Card,Online
TXN-0010761,2026-08-11,DXB-003,Dubai,CUST-00204,P004,Monitor,Electronics,2,906.82,0,1813.65,0.0,1813.65,Card,Store
TXN-0010768,2026-08-11,DXB-003,Dubai,CUST-05202,P007,Office Chair,Furniture,2,659.36,0,1318.72,0.0,1318.72,Card,Store
TXN-0010775,2026-08-11,DXB-002,Dubai,CUST-01425,P010,Printer,Office,1,711.43,0,711.43,0.0,711.43,Card,Store
TXN-0010776,2026-08-11,DXB-002,Dubai,CUST-06496,P005,Keyboard,Accessories,2,172.28,10,344.56,34.46,310.11,Card,Store
TXN-0010804,2026-08-11,DXB-004,Dubai,CUST-02107,P004,Monitor,Electronics,2,881.45,5,1762.9,88.14,1674.75,Cash,Store
TXN-0010828,2026-08-11,DXB-004,Dubai,CUST-01199,P011,Notebook,Stationery,1,24.95,0,24.95,0.0,24.95,Card,Store
TXN-0010918,2026-08-11,DXB-003,Dubai,CUST-02277,P009,Backpack,Accessories,2,230.63,5,461.26,23.06,438.2,Card,Store
TXN-0011036,2026-08-11,DXB-001,Dubai,CUST-04539,P010,Printer,Office,3,699.02,5,2097.06,104.85,1992.21,Apple Pay,Online
TXN-0011056,2026-08-11,DXB-003,Dubai,CUST-05992,P010,Printer,Office,3,673.78,15,2021.34,303.2,1718.14,Cash,Store
TXN-0011138,2026-08-11,DXB-004,Dubai,CUST-03822,P014,Power Bank,Electronics,2,145.01,15,290.02,43.5,246.52,Card,Online
TXN-0011307,2026-08-11,DXB-001,Dubai,CUST-00213,P015,Tablet,Electronics,1,1156.18,15,1156.18,173.43,982.76,Cash,Store
TXN-0011312,2026-08-11,DXB-005,Dubai,CUST-05460,P012,Pen Pack,Stationery,3,14.76,0,44.27,0.0,44.27,Bank Transfer,Online
TXN-0011376,2026-08-11,DXB-001,Dubai,CUST-05332,P015,Tablet,Electronics,2,1266.48,5,2532.96,126.65,2406.31,Card,Store
TXN-0011432,2026-08-11,DXB-001,Dubai,CUST-05938,P002,Smartphone,Electronics,2,1676.83,10,3353.67,335.37,3018.3,Apple Pay,Store
TXN-0011509,2026-08-11,DXB-005,Dubai,CUST-02578,P006,Mouse,Accessories,1,102.94,0,102.94,0.0,102.94,Apple Pay,Online
TXN-0011636,2026-08-11,DXB-005,Dubai,CUST-05196,P008,Desk,Furniture,2,787.22,0,1574.44,0.0,1574.44,Apple Pay,Online
TXN-0011680,2026-08-11,DXB-002,Dubai,CUST-05710,P007,Office Chair,Furniture,2,579.38,10,1158.77,115.88,1042.89,Apple Pay,Store
TXN-0011740,2026-08-11,DXB-003,Dubai,CUST-01336,P004,Monitor,Electronics,1,940.47,5,940.47,47.02,893.45,Apple Pay,Store
TXN-0012162,2026-08-11,DXB-003,Dubai,CUST-03479,P009,Backpack,Accessories,2,212.83,10,425.66,42.57,383.09,Card,Store
TXN-0012204,2026-08-11,DXB-005,Dubai,CUST-04096,P002,Smartphone,Electronics,1,1841.28,0,1841.28,0.0,1841.28,Card,Store
TXN-0012227,2026-08-11,DXB-003,Dubai,CUST-06254,P015,Tablet,Electronics,2,1162.03,0,2324.07,0.0,2324.07,Card,Store
TXN-0012276,2026-08-11,DXB-005,Dubai,CUST-05683,P014,Power Bank,Electronics,3,162.92,0,488.76,0.0,488.76,Bank Transfer,Store
TXN-0012282,2026-08-11,DXB-001,Dubai,CUST-00599,P012,Pen Pack,Stationery,3,14.63,0,43.89,0.0,43.89,Card,Store
TXN-0012305,2026-08-11,DXB-005,Dubai,CUST-07015,P002,Smartphone,Electronics,6,2012.0,0,12071.98,0.0,12071.98,Cash,Store
TXN-0012327,2026-08-11,DXB-002,Dubai,CUST-05750,P006,Mouse,Accessories,4,97.47,5,389.88,19.49,370.38,Apple Pay,Online
TXN-0012370,2026-08-11,DXB-001,Dubai,CUST-06120,P004,Monitor,Electronics,1,925.9,5,925.9,46.3,879.61,Card,Store
TXN-0012386,2026-08-11,DXB-004,Dubai,CUST-03431,P011,Notebook,Stationery,3,25.62,0,76.85,0.0,76.85,Cash,Store
TXN-0012408,2026-08-11,DXB-001,Dubai,CUST-05541,P014,Power Bank,Electronics,1,146.8,0,146.8,0.0,146.8,Card,Store
TXN-0012438,2026-08-11,DXB-001,Dubai,CUST-00112,P014,Power Bank,Electronics,1,162.47,5,162.47,8.12,154.34,Card,Online
TXN-0012557,2026-08-11,DXB-001,Dubai,CUST-05661,P006,Mouse,Accessories,1,95.39,5,95.39,4.77,90.62,Cash,Store
TXN-0012571,2026-08-11,DXB-001,Dubai,CUST-07627,P002,Smartphone,Electronics,2,1687.77,0,3375.55,0.0,3375.55,Bank Transfer,Store
TXN-0012771,2026-08-11,DXB-002,Dubai,CUST-00947,P001,Laptop,Electronics,2,2712.97,0,5425.93,0.0,5425.93,Cash,Online
TXN-0012780,2026-08-11,DXB-002,Dubai,CUST-01688,P006,Mouse,Accessories,1,103.1,10,103.1,10.31,92.79,Card,Online
TXN-0012787,2026-08-11,DXB-004,Dubai,CUST-03190,P006,Mouse,Accessories,1,104.1,5,104.1,5.2,98.89,Apple Pay,Store
TXN-0012810,2026-08-11,DXB-002,Dubai,CUST-03807,P009,Backpack,Accessories,2,222.85,5,445.7,22.29,423.42,Card,Store
TXN-0012836,2026-08-11,DXB-004,Dubai,CUST-04557,P013,USB Drive,Accessories,3,40.54,20,121.63,24.33,97.31,Bank Transfer,Store
TXN-0013011,2026-08-11,DXB-005,Dubai,CUST-03281,P012,Pen Pack,Stationery,1,15.3,0,15.3,0.0,15.3,Cash,Store
TXN-0013053,2026-08-11,DXB-001,Dubai,CUST-04200,P004,Monitor,Electronics,1,881.59,0,881.59,0.0,881.59,Card,Store
TXN-0013083,2026-08-11,DXB-002,Dubai,CUST-00276,P009,Backpack,Accessories,2,230.48,10,460.96,46.1,414.86,Card,Store
TXN-0013153,2026-08-11,DXB-003,Dubai,CUST-00453,P009,Backpack,Accessories,1,225.91,0,225.91,0.0,225.91,Apple Pay,Store
TXN-0013251,2026-08-11,DXB-003,Dubai,CUST-01863,P015,Tablet,Electronics,6,1344.77,20,8068.6,1613.72,6454.88,Card,Store
TXN-0013258,2026-08-11,DXB-003,Dubai,CUST-03864,P015,Tablet,Electronics,3,1219.29,0,3657.87,0.0,3657.87,Apple Pay,Store
TXN-0013338,2026-08-11,DXB-004,Dubai,CUST-00879,P004,Monitor,Electronics,1,917.39,0,917.39,0.0,917.39,Card,Store
TXN-0013385,2026-08-11,DXB-003,Dubai,CUST-06811,P012,Pen Pack,Stationery,1,14.96,0,14.96,0.0,14.96,Card,Store
TXN-0013501,2026-08-11,DXB-003,Dubai,CUST-02664,P006,Mouse,Accessories,1,105.54,0,105.54,0.0,105.54,Card,Store
TXN-0013557,2026-08-11,DXB-003,Dubai,CUST-01631,P014,Power Bank,Electronics,1,160.22,0,160.22,0.0,160.22,Cash,Store
TXN-0013591,2026-08-11,DXB-003,Dubai,CUST-04968,P004,Monitor,Electronics,1,915.13,0,915.13,0.0,915.13,Apple Pay,Store
TXN-0013596,2026-08-11,DXB-002,Dubai,CUST-06273,P002,Smartphone,Electronics,1,1762.88,5,1762.88,88.14,1674.73,Apple Pay,Store
TXN-0013632,2026-08-11,DXB-005,Dubai,CUST-00390,P002,Smartphone,Electronics,4,1855.42,15,7421.7,1113.25,6308.44,Apple Pay,Store
TXN-0013636,2026-08-11,DXB-001,Dubai,CUST-06736,P009,Backpack,Accessories,2,202.43,0,404.85,0.0,404.85,Card,Store
TXN-0013698,2026-08-11,DXB-002,Dubai,CUST-03971,P012,Pen Pack,Stationery,4,14.21,15,56.84,8.53,48.31,Apple Pay,Store
TXN-0013956,2026-08-11,DXB-002,Dubai,CUST-06442,P012,Pen Pack,Stationery,3,15.44,10,46.32,4.63,41.69,Bank Transfer,Store
TXN-0013973,2026-08-11,DXB-003,Dubai,CUST-01612,P003,Headphones,Electronics,1,365.67,10,365.67,36.57,329.11,Bank Transfer,Online
TXN-0014007,2026-08-11,DXB-003,Dubai,CUST-07595,P001,Laptop,Electronics,1,2595.61,5,2595.61,129.78,2465.83,Apple Pay,Online
TXN-0014084,2026-08-11,DXB-003,Dubai,CUST-03950,P004,Monitor,Electronics,1,841.48,10,841.48,84.15,757.33,Card,Online
TXN-0014318,2026-08-11,DXB-004,Dubai,CUST-00094,P009,Backpack,Accessories,1,242.4,0,242.4,0.0,242.4,Card,Store
TXN-0014336,2026-08-11,DXB-005,Dubai,CUST-06813,P014,Power Bank,Electronics,3,154.04,15,462.11,69.32,392.79,Bank Transfer,Store
TXN-0014347,2026-08-11,DXB-003,Dubai,CUST-01536,P002,Smartphone,Electronics,1,1758.74,15,1758.74,263.81,1494.93,Cash,Store
TXN-0014439,2026-08-11,DXB-003,Dubai,CUST-01227,P008,Desk,Furniture,6,826.94,5,4961.67,248.08,4713.58,Cash,Store
TXN-0014440,2026-08-11,DXB-005,Dubai,CUST-00296,P010,Printer,Office,3,635.33,5,1905.99,95.3,1810.69,Apple Pay,Store
TXN-0014444,2026-08-11,DXB-004,Dubai,CUST-06927,P006,Mouse,Accessories,1,103.97,5,103.97,5.2,98.77,Cash,Store
TXN-0014458,2026-08-11,DXB-004,Dubai,CUST-01986,P011,Notebook,Stationery,2,23.48,0,46.96,0.0,46.96,Card,Store
TXN-0014466,2026-08-11,DXB-004,Dubai,CUST-03021,P002,Smartphone,Electronics,1,1723.16,10,1723.16,172.32,1550.85,Card,Online
TXN-0014496,2026-08-11,DXB-005,Dubai,CUST-04245,P003,Headphones,Electronics,3,348.13,5,1044.38,52.22,992.16,Cash,Store
TXN-0014580,2026-08-11,DXB-002,Dubai,CUST-04665,P008,Desk,Furniture,1,717.79,10,717.79,71.78,646.01,Apple Pay,Store
TXN-0014581,2026-08-11,DXB-003,Dubai,CUST-01587,P006,Mouse,Accessories,2,95.39,10,190.77,19.08,171.69,Card,Store
TXN-0014641,2026-08-11,DXB-005,Dubai,CUST-04903,P006,Mouse,Accessories,3,93.55,0,280.65,0.0,280.65,Card,Store
TXN-0014673,2026-08-11,DXB-001,Dubai,CUST-06638,P001,Laptop,Electronics,2,2936.99,10,5873.98,587.4,5286.58,Cash,Store
TXN-0014783,2026-08-11,DXB-003,Dubai,CUST-00219,P014,Power Bank,Electronics,1,145.74,5,145.74,7.29,138.45,Apple Pay,Store
TXN-0014799,2026-08-11,DXB-005,Dubai,CUST-03186,P012,Pen Pack,Stationery,2,14.76,0,29.52,0.0,29.52,Bank Transfer,Store
TXN-0014844,2026-08-11,DXB-001,Dubai,CUST-07985,P007,Office Chair,Furniture,2,683.21,0,1366.42,0.0,1366.42,Apple Pay,Online
TXN-0014852,2026-08-11,DXB-005,Dubai,CUST-02096,P011,Notebook,Stationery,2,22.88,0,45.75,0.0,45.75,Apple Pay,Store
TXN-0014981,2026-08-11,DXB-004,Dubai,CUST-03539,P009,Backpack,Accessories,2,210.87,20,421.74,84.35,337.39,Cash,Store
TXN-0015006,2026-08-11,DXB-001,Dubai,CUST-03339,P001,Laptop,Electronics,4,2713.87,10,10855.48,1085.55,9769.93,Apple Pay,Store
TXN-0015050,2026-08-11,DXB-001,Dubai,CUST-05799,P015,Tablet,Electronics,2,1197.32,15,2394.64,359.2,2035.44,Apple Pay,Store
TXN-0015079,2026-08-11,DXB-002,Dubai,CUST-07346,P011,Notebook,Stationery,1,26.73,0,26.73,0.0,26.73,Card,Store
TXN-0015313,2026-08-11,DXB-005,Dubai,CUST-03612,P015,Tablet,Electronics,1,1177.33,15,1177.33,176.6,1000.73,Apple Pay,Store
TXN-0015413,2026-08-11,DXB-001,Dubai,CUST-07621,P011,Notebook,Stationery,1,23.85,0,23.85,0.0,23.85,Card,Store
TXN-0015442,2026-08-11,DXB-003,Dubai,CUST-05897,P007,Office Chair,Furniture,2,690.65,5,1381.31,69.07,1312.24,Cash,Online
TXN-0015505,2026-08-11,DXB-005,Dubai,CUST-04618,P005,Keyboard,Accessories,3,198.5,5,595.49,29.77,565.71,Cash,Store
TXN-0015554,2026-08-11,DXB-002,Dubai,CUST-02134,P009,Backpack,Accessories,3,224.61,5,673.84,33.69,640.14,Cash,Online
TXN-0015558,2026-08-11,DXB-003,Dubai,CUST-01538,P014,Power Bank,Electronics,1,151.83,0,151.83,0.0,151.83,Cash,Store
TXN-0015563,2026-08-11,DXB-004,Dubai,CUST-07928,P002,Smartphone,Electronics,2,1955.81,0,3911.61,0.0,3911.61,Cash,Online
TXN-0015602,2026-08-11,DXB-003,Dubai,CUST-00122,P004,Monitor,Electronics,2,798.93,5,1597.87,79.89,1517.97,Cash,Store
TXN-0015660,2026-08-11,DXB-004,Dubai,CUST-07356,P001,Laptop,Electronics,2,2687.16,0,5374.31,0.0,5374.31,Apple Pay,Store
TXN-0015705,2026-08-11,DXB-005,Dubai,CUST-07171,P006,Mouse,Accessories,1,99.1,0,99.1,0.0,99.1,Card,Online
TXN-0015714,2026-08-11,DXB-005,Dubai,CUST-01700,P009,Backpack,Accessories,1,212.5,5,212.5,10.62,201.87,Apple Pay,Online
TXN-0015812,2026-08-11,DXB-005,Dubai,CUST-02051,P005,Keyboard,Accessories,3,164.87,5,494.62,24.73,469.89,Card,Online
TXN-0015852,2026-08-11,DXB-001,Dubai,CUST-00568,P007,Office Chair,Furniture,1,648.86,0,648.86,0.0,648.86,Apple Pay,Online
TXN-0015972,2026-08-11,DXB-005,Dubai,CUST-03611,P014,Power Bank,Electronics,2,164.47,10,328.93,32.89,296.04,Cash,Store
TXN-0015981,2026-08-11,DXB-004,Dubai,CUST-06705,P004,Monitor,Electronics,1,972.45,0,972.45,0.0,972.45,Cash,Store
TXN-0015997,2026-08-11,DXB-004,Dubai,CUST-05094,P004,Monitor,Electronics,4,961.18,10,3844.71,384.47,3460.24,Apple Pay,Online
TXN-0016042,2026-08-11,DXB-002,Dubai,CUST-00467,P014,Power Bank,Electronics,2,145.31,15,290.61,43.59,247.02,Card,Store
TXN-0016143,2026-08-11,DXB-001,Dubai,CUST-05339,P003,Headphones,Electronics,1,361.75,5,361.75,18.09,343.66,Cash,Store
TXN-0016202,2026-08-11,DXB-002,Dubai,CUST-06937,P010,Printer,Office,1,703.59,10,703.59,70.36,633.23,Card,Online
TXN-0016217,2026-08-11,DXB-001,Dubai,CUST-00813,P013,USB Drive,Accessories,1,47.06,15,47.06,7.06,40.0,Apple Pay,Online
TXN-0016248,2026-08-11,DXB-002,Dubai,CUST-03334,P015,Tablet,Electronics,1,1329.92,0,1329.92,0.0,1329.92,Card,Store
TXN-0016267,2026-08-11,DXB-003,Dubai,CUST-05208,P015,Tablet,Electronics,1,1192.5,0,1192.5,0.0,1192.5,Card,Online
TXN-0016325,2026-08-11,DXB-001,Dubai,CUST-07736,P003,Headphones,Electronics,2,361.98,0,723.95,0.0,723.95,Apple Pay,Store
TXN-0016338,2026-08-11,DXB-001,Dubai,CUST-01593,P015,Tablet,Electronics,3,1252.85,5,3758.55,187.93,3570.63,Cash,Online
TXN-0016349,2026-08-11,DXB-001,Dubai,CUST-01523,P013,USB Drive,Accessories,1,43.83,0,43.83,0.0,43.83,Card,Store
TXN-0016381,2026-08-11,DXB-001,Dubai,CUST-06547,P007,Office Chair,Furniture,1,650.0,0,650.0,0.0,650.0,Apple Pay,Store
TXN-0016400,2026-08-11,DXB-002,Dubai,CUST-00140,P011,Notebook,Stationery,1,25.05,0,25.05,0.0,25.05,Card,Store
TXN-0016449,2026-08-11,DXB-001,Dubai,CUST-01991,P014,Power Bank,Electronics,2,152.82,0,305.63,0.0,305.63,Card,Online
TXN-0016512,2026-08-11,DXB-002,Dubai,CUST-05226,P007,Office Chair,Furniture,3,673.94,0,2021.82,0.0,2021.82,Bank Transfer,Online
TXN-0016536,2026-08-11,DXB-002,Dubai,CUST-07553,P010,Printer,Office,1,649.7,5,649.7,32.48,617.21,Cash,Store
TXN-0016662,2026-08-11,DXB-002,Dubai,CUST-04659,P004,Monitor,Electronics,3,887.47,0,2662.4,0.0,2662.4,Cash,Store
TXN-0016697,2026-08-11,DXB-001,Dubai,CUST-02515,P011,Notebook,Stationery,1,24.59,5,24.59,1.23,23.36,Apple Pay,Store
TXN-0016708,2026-08-11,DXB-003,Dubai,CUST-06900,P005,Keyboard,Accessories,2,161.92,0,323.84,0.0,323.84,Cash,Store
TXN-0016755,2026-08-11,DXB-002,Dubai,CUST-07777,P010,Printer,Office,2,714.31,0,1428.62,0.0,1428.62,Card,Store
TXN-0016814,2026-08-11,DXB-004,Dubai,CUST-02215,P006,Mouse,Accessories,3,98.26,0,294.77,0.0,294.77,Card,Store
TXN-0016879,2026-08-11,DXB-001,Dubai,CUST-04668,P009,Backpack,Accessories,1,224.32,15,224.32,33.65,190.67,Bank Transfer,Store
TXN-0016910,2026-08-11,DXB-002,Dubai,CUST-04727,P005,Keyboard,Accessories,1,175.74,20,175.74,35.15,140.59,Apple Pay,Store
TXN-0017066,2026-08-11,DXB-001,Dubai,CUST-00854,P015,Tablet,Electronics,1,1233.57,0,1233.57,0.0,1233.57,Bank Transfer,Online
TXN-0017139,2026-08-11,DXB-004,Dubai,CUST-05455,P003,Headphones,Electronics,2,333.21,0,666.41,0.0,666.41,Card,Online
TXN-0017205,2026-08-11,DXB-002,Dubai,CUST-05513,P010,Printer,Office,1,744.35,10,744.35,74.44,669.92,Card,Store
TXN-0017223,2026-08-11,DXB-003,Dubai,CUST-04353,P009,Backpack,Accessories,5,222.41,0,1112.04,0.0,1112.04,Bank Transfer,Online
TXN-0017246,2026-08-11,DXB-002,Dubai,CUST-04987,P011,Notebook,Stationery,2,25.67,0,51.34,0.0,51.34,Card,Store
TXN-0017287,2026-08-11,DXB-004,Dubai,CUST-04029,P013,USB Drive,Accessories,2,47.9,5,95.81,4.79,91.02,Card,Online
TXN-0017314,2026-08-11,DXB-004,Dubai,CUST-05669,P007,Office Chair,Furniture,1,670.2,15,670.2,100.53,569.67,Card,Store
TXN-0017361,2026-08-11,DXB-003,Dubai,CUST-02353,P009,Backpack,Accessories,1,206.35,20,206.35,41.27,165.08,Cash,Store
TXN-0017385,2026-08-11,DXB-001,Dubai,CUST-03060,P008,Desk,Furniture,1,801.99,10,801.99,80.2,721.79,Apple Pay,Store
TXN-0017434,2026-08-11,DXB-001,Dubai,CUST-02101,P014,Power Bank,Electronics,1,151.49,0,151.49,0.0,151.49,Apple Pay,Online
TXN-0017513,2026-08-11,DXB-005,Dubai,CUST-05616,P002,Smartphone,Electronics,2,1940.2,10,3880.4,388.04,3492.36,Apple Pay,Online
TXN-0017520,2026-08-11,DXB-004,Dubai,CUST-02769,P002,Smartphone,Electronics,1,1647.35,0,1647.35,0.0,1647.35,Card,Online
TXN-0017611,2026-08-11,DXB-001,Dubai,CUST-01162,P010,Printer,Office,2,638.27,0,1276.54,0.0,1276.54,Card,Store
TXN-0017703,2026-08-11,DXB-005,Dubai,CUST-00713,P004,Monitor,Electronics,2,943.32,5,1886.63,94.33,1792.3,Card,Store
TXN-0017789,2026-08-11,DXB-002,Dubai,CUST-04673,P011,Notebook,Stationery,5,24.77,5,123.85,6.19,117.66,Card,Online
TXN-0017802,2026-08-11,DXB-005,Dubai,CUST-02721,P011,Notebook,Stationery,1,25.07,10,25.07,2.51,22.56,Bank Transfer,Store
TXN-0017837,2026-08-11,DXB-002,Dubai,CUST-02156,P012,Pen Pack,Stationery,2,15.0,5,30.01,1.5,28.51,Cash,Store
TXN-0017955,2026-08-11,DXB-001,Dubai,CUST-07524,P003,Headphones,Electronics,1,357.3,5,357.3,17.86,339.43,Apple Pay,Online
TXN-0018051,2026-08-11,DXB-004,Dubai,CUST-04228,P011,Notebook,Stationery,4,24.81,0,99.24,0.0,99.24,Card,Online
TXN-0018117,2026-08-11,DXB-005,Dubai,CUST-07333,P014,Power Bank,Electronics,3,160.55,15,481.64,72.25,409.39,Card,Store
TXN-0018130,2026-08-11,DXB-002,Dubai,CUST-07576,P003,Headphones,Electronics,1,369.35,0,369.35,0.0,369.35,Card,Online
TXN-0018149,2026-08-11,DXB-001,Dubai,CUST-07964,P012,Pen Pack,Stationery,2,14.05,5,28.11,1.41,26.7,Cash,Store
TXN-0018197,2026-08-11,DXB-002,Dubai,CUST-07216,P013,USB Drive,Accessories,1,43.78,20,43.78,8.76,35.02,Bank Transfer,Online
TXN-0018214,2026-08-11,DXB-005,Dubai,CUST-05528,P011,Notebook,Stationery,3,24.9,0,74.69,0.0,74.69,Card,Store
TXN-0018307,2026-08-11,DXB-002,Dubai,CUST-04700,P002,Smartphone,Electronics,1,1927.17,20,1927.17,385.43,1541.74,Apple Pay,Store
TXN-0018491,2026-08-11,DXB-001,Dubai,CUST-05868,P014,Power Bank,Electronics,1,142.94,10,142.94,14.29,128.65,Cash,Store
TXN-0018511,2026-08-11,DXB-004,Dubai,CUST-00437,P010,Printer,Office,1,656.53,10,656.53,65.65,590.88,Apple Pay,Online
TXN-0018515,2026-08-11,DXB-002,Dubai,CUST-05813,P008,Desk,Furniture,6,852.31,0,5113.84,0.0,5113.84,Bank Transfer,Online
TXN-0018569,2026-08-11,DXB-004,Dubai,CUST-01403,P002,Smartphone,Electronics,1,1716.38,0,1716.38,0.0,1716.38,Apple Pay,Store
TXN-0018571,2026-08-11,DXB-002,Dubai,CUST-02687,P009,Backpack,Accessories,3,209.5,0,628.49,0.0,628.49,Bank Transfer,Store
TXN-0018688,2026-08-11,DXB-001,Dubai,CUST-04045,P004,Monitor,Electronics,1,804.5,10,804.5,80.45,724.05,Card,Store
TXN-0018791,2026-08-11,DXB-005,Dubai,CUST-08000,P015,Tablet,Electronics,2,1178.61,10,2357.21,235.72,2121.49,Card,Store
TXN-0018801,2026-08-11,DXB-003,Dubai,CUST-00230,P002,Smartphone,Electronics,1,1877.99,0,1877.99,0.0,1877.99,Cash,Store
TXN-0018848,2026-08-11,DXB-002,Dubai,CUST-02548,P007,Office Chair,Furniture,4,638.98,0,2555.91,0.0,2555.91,Apple Pay,Store
TXN-0018871,2026-08-11,DXB-005,Dubai,CUST-01503,P007,Office Chair,Furniture,1,572.11,0,572.11,0.0,572.11,Card,Store
TXN-0018927,2026-08-11,DXB-002,Dubai,CUST-04645,P011,Notebook,Stationery,3,27.05,10,81.16,8.12,73.04,Card,Online
TXN-0018931,2026-08-11,DXB-004,Dubai,CUST-07929,P008,Desk,Furniture,1,707.98,0,707.98,0.0,707.98,Apple Pay,Store
TXN-0018934,2026-08-11,DXB-004,Dubai,CUST-04669,P006,Mouse,Accessories,1,101.33,15,101.33,15.2,86.13,Apple Pay,Store
TXN-0019016,2026-08-11,DXB-002,Dubai,CUST-03725,P013,USB Drive,Accessories,1,46.55,5,46.55,2.33,44.22,Cash,Store
TXN-0019175,2026-08-11,DXB-001,Dubai,CUST-03670,P001,Laptop,Electronics,6,2709.82,15,16258.9,2438.84,13820.07,Card,Store
TXN-0019204,2026-08-11,DXB-005,Dubai,CUST-00656,P002,Smartphone,Electronics,1,1878.87,10,1878.87,187.89,1690.98,Apple Pay,Store
TXN-0019219,2026-08-11,DXB-005,Dubai,CUST-06866,P010,Printer,Office,1,733.83,0,733.83,0.0,733.83,Card,Store
TXN-0019298,2026-08-11,DXB-004,Dubai,CUST-06508,P009,Backpack,Accessories,2,197.64,10,395.27,39.53,355.75,Card,Store
TXN-0019384,2026-08-11,DXB-003,Dubai,CUST-01159,P007,Office Chair,Furniture,1,639.23,10,639.23,63.92,575.3,Bank Transfer,Online
TXN-0019551,2026-08-11,DXB-001,Dubai,CUST-00165,P013,USB Drive,Accessories,1,46.72,0,46.72,0.0,46.72,Card,Online
TXN-0019590,2026-08-11,DXB-002,Dubai,CUST-02587,P011,Notebook,Stationery,2,23.79,10,47.59,4.76,42.83,Card,Online
TXN-0019611,2026-08-11,DXB-001,Dubai,CUST-04793,P013,USB Drive,Accessories,2,42.07,5,84.15,4.21,79.94,Card,Store
TXN-0019633,2026-08-11,DXB-004,Dubai,CUST-02405,P002,Smartphone,Electronics,3,2026.19,0,6078.56,0.0,6078.56,Card,Online
TXN-0019663,2026-08-11,DXB-004,Dubai,CUST-04066,P003,Headphones,Electronics,1,361.14,15,361.14,54.17,306.97,Card,Online
TXN-0019750,2026-08-11,DXB-004,Dubai,CUST-06942,P008,Desk,Furniture,1,793.62,20,793.62,158.72,634.9,Card,Store
TXN-0019804,2026-08-11,DXB-003,Dubai,CUST-02305,P004,Monitor,Electronics,1,834.48,0,834.48,0.0,834.48,Apple Pay,Store
TXN-0019891,2026-08-11,DXB-002,Dubai,CUST-05423,P001,Laptop,Electronics,3,2830.39,15,8491.18,1273.68,7217.51,Card,Store
TXN-0019899,2026-08-11,DXB-005,Dubai,CUST-02946,P012,Pen Pack,Stationery,3,15.99,5,47.97,2.4,45.58,Apple Pay,Store
TXN-0019913,2026-08-11,DXB-003,Dubai,CUST-02935,P008,Desk,Furniture,2,763.69,5,1527.38,76.37,1451.02,Cash,Store
TXN-0019939,2026-08-11,DXB-001,Dubai,CUST-02456,P003,Headphones,Electronics,1,342.31,0,342.31,0.0,342.31,Card,Store
TXN-0020006,2026-08-11,DXB-005,Dubai,CUST-02581,P008,Desk,Furniture,2,763.94,0,1527.88,0.0,1527.88,Bank Transfer,Store
TXN-0020348,2026-08-11,DXB-003,Dubai,CUST-05964,P010,Printer,Office,1,630.12,0,630.12,0.0,630.12,Apple Pay,Online
TXN-0020489,2026-08-11,DXB-001,Dubai,CUST-04040,P002,Smartphone,Electronics,1,1944.12,20,1944.12,388.82,1555.29,Card,Store
TXN-0020550,2026-08-11,DXB-001,Dubai,CUST-00564,P011,Notebook,Stationery,2,25.16,10,50.32,5.03,45.28,Cash,Store
TXN-0020570,2026-08-11,DXB-001,Dubai,CUST-04897,P002,Smartphone,Electronics,6,1757.99,15,10547.92,1582.19,8965.73,Bank Transfer,Store
TXN-0020575,2026-08-11,DXB-001,Dubai,CUST-04222,P005,Keyboard,Accessories,1,166.03,0,166.03,0.0,166.03,Card,Store
TXN-0020656,2026-08-11,DXB-001,Dubai,CUST-05169,P005,Keyboard,Accessories,1,170.63,15,170.63,25.59,145.03,Card,Store
TXN-0020659,2026-08-11,DXB-004,Dubai,CUST-00624,P012,Pen Pack,Stationery,2,12.68,5,25.36,1.27,24.09,Card,Store
TXN-0020670,2026-08-11,DXB-002,Dubai,CUST-04980,P010,Printer,Office,3,696.62,15,2089.85,313.48,1776.37,Card,Online
TXN-0020726,2026-08-11,DXB-003,Dubai,CUST-02732,P002,Smartphone,Electronics,4,1834.07,5,7336.3,366.81,6969.48,Card,Store
TXN-0020780,2026-08-11,DXB-004,Dubai,CUST-07206,P003,Headphones,Electronics,1,343.01,5,343.01,17.15,325.86,Cash,Store
TXN-0020793,2026-08-11,DXB-004,Dubai,CUST-04994,P011,Notebook,Stationery,1,24.68,5,24.68,1.23,23.45,Card,Store
TXN-0020812,2026-08-11,DXB-004,Dubai,CUST-02548,P009,Backpack,Accessories,1,194.42,10,194.42,19.44,174.98,Card,Store
TXN-0020844,2026-08-11,DXB-002,Dubai,CUST-07765,P001,Laptop,Electronics,1,2763.68,10,2763.68,276.37,2487.31,Cash,Store
TXN-0020867,2026-08-11,DXB-002,Dubai,CUST-01051,P002,Smartphone,Electronics,1,1790.88,0,1790.88,0.0,1790.88,Card,Store
TXN-0020908,2026-08-11,DXB-002,Dubai,CUST-02246,P001,Laptop,Electronics,1,2625.79,10,2625.79,262.58,2363.21,Bank Transfer,Online
TXN-0020936,2026-08-11,DXB-001,Dubai,CUST-03967,P012,Pen Pack,Stationery,1,14.64,10,14.64,1.46,13.18,Card,Store
TXN-0020958,2026-08-11,DXB-002,Dubai,CUST-00084,P015,Tablet,Electronics,1,1246.65,10,1246.65,124.66,1121.98,Bank Transfer,Online
TXN-0021103,2026-08-11,DXB-002,Dubai,CUST-01745,P013,USB Drive,Accessories,2,44.66,15,89.32,13.4,75.92,Card,Store
TXN-0021128,2026-08-11,DXB-004,Dubai,CUST-06135,P003,Headphones,Electronics,2,372.36,0,744.71,0.0,744.71,Cash,Store
TXN-0021183,2026-08-11,DXB-001,Dubai,CUST-06335,P008,Desk,Furniture,1,834.72,10,834.72,83.47,751.25,Bank Transfer,Store
TXN-0021224,2026-08-11,DXB-005,Dubai,CUST-05999,P012,Pen Pack,Stationery,1,15.58,0,15.58,0.0,15.58,Cash,Store
TXN-0021225,2026-08-11,DXB-002,Dubai,CUST-01314,P010,Printer,Office,3,750.47,5,2251.42,112.57,2138.85,Apple Pay,Online
TXN-0021291,2026-08-11,DXB-004,Dubai,CUST-03209,P011,Notebook,Stationery,1,23.43,10,23.43,2.34,21.09,Apple Pay,Store
TXN-0021342,2026-08-11,DXB-003,Dubai,CUST-00430,P012,Pen Pack,Stationery,5,14.88,5,74.4,3.72,70.68,Cash,Store
TXN-0021351,2026-08-11,DXB-004,Dubai,CUST-04426,P006,Mouse,Accessories,4,108.23,15,432.91,64.94,367.97,Card,Online
TXN-0021421,2026-08-11,DXB-003,Dubai,CUST-03827,P001,Laptop,Electronics,1,2706.59,0,2706.59,0.0,2706.59,Bank Transfer,Online
TXN-0021522,2026-08-11,DXB-005,Dubai,CUST-02281,P014,Power Bank,Electronics,1,143.44,0,143.44,0.0,143.44,Cash,Store
TXN-0021595,2026-08-11,DXB-001,Dubai,CUST-06631,P010,Printer,Office,2,592.53,0,1185.06,0.0,1185.06,Card,Store
TXN-0021651,2026-08-11,DXB-003,Dubai,CUST-01946,P007,Office Chair,Furniture,4,730.69,10,2922.76,292.28,2630.49,Card,Store
TXN-0021667,2026-08-11,DXB-005,Dubai,CUST-01215,P008,Desk,Furniture,5,796.64,0,3983.19,0.0,3983.19,Cash,Store
TXN-0021757,2026-08-11,DXB-003,Dubai,CUST-06609,P003,Headphones,Electronics,2,333.18,0,666.37,0.0,666.37,Card,Online
TXN-0021789,2026-08-11,DXB-003,Dubai,CUST-04715,P012,Pen Pack,Stationery,1,15.18,10,15.18,1.52,13.67,Card,Online
TXN-0021924,2026-08-11,DXB-005,Dubai,CUST-01234,P014,Power Bank,Electronics,2,150.86,10,301.73,30.17,271.55,Card,Store
TXN-0022161,2026-08-11,DXB-003,Dubai,CUST-07961,P002,Smartphone,Electronics,3,1800.81,0,5402.42,0.0,5402.42,Cash,Store
TXN-0022166,2026-08-11,DXB-003,Dubai,CUST-02556,P012,Pen Pack,Stationery,2,15.81,5,31.63,1.58,30.05,Cash,Store
TXN-0022310,2026-08-11,DXB-002,Dubai,CUST-06200,P004,Monitor,Electronics,2,895.11,0,1790.23,0.0,1790.23,Card,Store
TXN-0022322,2026-08-11,DXB-004,Dubai,CUST-05228,P003,Headphones,Electronics,1,323.41,20,323.41,64.68,258.73,Apple Pay,Store
TXN-0022361,2026-08-11,DXB-003,Dubai,CUST-01292,P007,Office Chair,Furniture,1,642.92,5,642.92,32.15,610.78,Bank Transfer,Store
TXN-0022508,2026-08-11,DXB-001,Dubai,CUST-02647,P002,Smartphone,Electronics,1,1651.81,10,1651.81,165.18,1486.63,Apple Pay,Store
TXN-0022540,2026-08-11,DXB-004,Dubai,CUST-04778,P010,Printer,Office,3,721.24,0,2163.73,0.0,2163.73,Cash,Store
TXN-0022637,2026-08-11,DXB-002,Dubai,CUST-00630,P015,Tablet,Electronics,1,1264.64,15,1264.64,189.7,1074.94,Card,Store
TXN-0022651,2026-08-11,DXB-003,Dubai,CUST-04813,P010,Printer,Office,1,763.14,10,763.14,76.31,686.82,Bank Transfer,Store
TXN-0022688,2026-08-11,DXB-003,Dubai,CUST-06558,P015,Tablet,Electronics,1,1119.48,15,1119.48,167.92,951.56,Apple Pay,Store
TXN-0022718,2026-08-11,DXB-005,Dubai,CUST-04391,P010,Printer,Office,4,668.81,5,2675.24,133.76,2541.48,Card,Store
TXN-0022735,2026-08-11,DXB-005,Dubai,CUST-07354,P012,Pen Pack,Stationery,1,15.14,10,15.14,1.51,13.63,Card,Store
TXN-0022764,2026-08-11,DXB-002,Dubai,CUST-00331,P005,Keyboard,Accessories,2,189.94,0,379.88,0.0,379.88,Card,Online
TXN-0022820,2026-08-11,DXB-001,Dubai,CUST-07742,P004,Monitor,Electronics,1,984.72,0,984.72,0.0,984.72,Card,Store
TXN-0022823,2026-08-11,DXB-005,Dubai,CUST-04346,P001,Laptop,Electronics,2,2979.93,10,5959.86,595.99,5363.87,Cash,Store
TXN-0022937,2026-08-11,DXB-003,Dubai,CUST-04436,P002,Smartphone,Electronics,1,1778.89,5,1778.89,88.94,1689.94,Cash,Store
TXN-0023128,2026-08-11,DXB-004,Dubai,CUST-05578,P007,Office Chair,Furniture,1,606.59,10,606.59,60.66,545.93,Card,Store
TXN-0023143,2026-08-11,DXB-003,Dubai,CUST-06969,P008,Desk,Furniture,2,845.2,10,1690.4,169.04,1521.36,Card,Store
TXN-0023147,2026-08-11,DXB-001,Dubai,CUST-04671,P009,Backpack,Accessories,2,199.81,10,399.62,39.96,359.66,Card,Store
TXN-0023210,2026-08-11,DXB-005,Dubai,CUST-00994,P012,Pen Pack,Stationery,3,13.84,15,41.53,6.23,35.3,Apple Pay,Online
TXN-0023251,2026-08-11,DXB-003,Dubai,CUST-00273,P003,Headphones,Electronics,2,361.79,10,723.57,72.36,651.22,Card,Store
TXN-0023277,2026-08-11,DXB-002,Dubai,CUST-01301,P004,Monitor,Electronics,1,862.42,0,862.42,0.0,862.42,Card,Online
TXN-0023287,2026-08-11,DXB-004,Dubai,CUST-03145,P005,Keyboard,Accessories,1,177.81,5,177.81,8.89,168.92,Card,Store
TXN-0023311,2026-08-11,DXB-005,Dubai,CUST-05588,P015,Tablet,Electronics,1,1191.63,0,1191.63,0.0,1191.63,Card,Online
TXN-0023374,2026-08-11,DXB-002,Dubai,CUST-02477,P004,Monitor,Electronics,1,897.72,0,897.72,0.0,897.72,Cash,Online
TXN-0023382,2026-08-11,DXB-005,Dubai,CUST-06336,P009,Backpack,Accessories,2,195.3,15,390.6,58.59,332.01,Cash,Online
TXN-0023386,2026-08-11,DXB-003,Dubai,CUST-01962,P011,Notebook,Stationery,2,25.2,10,50.41,5.04,45.37,Bank Transfer,Store
TXN-0023389,2026-08-11,DXB-002,Dubai,CUST-06044,P011,Notebook,Stationery,2,22.93,0,45.87,0.0,45.87,Card,Store
TXN-0023479,2026-08-11,DXB-005,Dubai,CUST-00834,P008,Desk,Furniture,2,877.08,0,1754.16,0.0,1754.16,Apple Pay,Store
TXN-0023491,2026-08-11,DXB-004,Dubai,CUST-06604,P002,Smartphone,Electronics,1,2012.43,0,2012.43,0.0,2012.43,Card,Store
TXN-0023543,2026-08-11,DXB-005,Dubai,CUST-04235,P002,Smartphone,Electronics,4,1852.17,15,7408.66,1111.3,6297.36,Bank Transfer,Store
TXN-0023580,2026-08-11,DXB-001,Dubai,CUST-02829,P009,Backpack,Accessories,4,220.25,10,880.98,88.1,792.88,Card,Store
TXN-0023618,2026-08-11,DXB-001,Dubai,CUST-01003,P006,Mouse,Accessories,3,98.27,0,294.81,0.0,294.81,Card,Online
TXN-0023709,2026-08-11,DXB-005,Dubai,CUST-01336,P002,Smartphone,Electronics,1,1651.47,0,1651.47,0.0,1651.47,Card,Store
TXN-0023827,2026-08-11,DXB-005,Dubai,CUST-00219,P009,Backpack,Accessories,4,220.45,0,881.79,0.0,881.79,Bank Transfer,Store
TXN-0023850,2026-08-11,DXB-002,Dubai,CUST-02116,P013,USB Drive,Accessories,1,53.59,5,53.59,2.68,50.91,Card,Store
TXN-0023917,2026-08-11,DXB-001,Dubai,CUST-06796,P014,Power Bank,Electronics,2,147.44,0,294.89,0.0,294.89,Cash,Store
TXN-0023939,2026-08-11,DXB-002,Dubai,CUST-01188,P004,Monitor,Electronics,2,900.65,0,1801.29,0.0,1801.29,Apple Pay,Store
TXN-0023968,2026-08-11,DXB-004,Dubai,CUST-07178,P007,Office Chair,Furniture,1,614.58,15,614.58,92.19,522.4,Card,Online
TXN-0023976,2026-08-11,DXB-005,Dubai,CUST-07428,P005,Keyboard,Accessories,4,190.25,5,761.01,38.05,722.96,Card,Store
TXN-0024062,2026-08-11,DXB-002,Dubai,CUST-06567,P014,Power Bank,Electronics,1,146.58,0,146.58,0.0,146.58,Bank Transfer,Store
TXN-0024107,2026-08-11,DXB-002,Dubai,CUST-02314,P013,USB Drive,Accessories,4,45.17,10,180.66,18.07,162.6,Card,Store
TXN-0024113,2026-08-11,DXB-001,Dubai,CUST-06147,P004,Monitor,Electronics,1,827.81,0,827.81,0.0,827.81,Card,Store
TXN-0024209,2026-08-11,DXB-001,Dubai,CUST-00709,P003,Headphones,Electronics,3,342.55,10,1027.65,102.76,924.88,Bank Transfer,Store
TXN-0024223,2026-08-11,DXB-001,Dubai,CUST-07696,P011,Notebook,Stationery,3,26.34,5,79.03,3.95,75.08,Card,Online
TXN-0024246,2026-08-11,DXB-003,Dubai,CUST-02481,P007,Office Chair,Furniture,1,610.02,0,610.02,0.0,610.02,Apple Pay,Online
TXN-0024269,2026-08-11,DXB-001,Dubai,CUST-03852,P010,Printer,Office,1,658.68,10,658.68,65.87,592.81,Card,Store
TXN-0024298,2026-08-11,DXB-003,Dubai,CUST-03407,P009,Backpack,Accessories,1,233.2,10,233.2,23.32,209.88,Card,Store
TXN-0024299,2026-08-11,DXB-001,Dubai,CUST-05331,P012,Pen Pack,Stationery,2,14.71,5,29.41,1.47,27.94,Card,Store
TXN-0024349,2026-08-11,DXB-001,Dubai,CUST-04817,P005,Keyboard,Accessories,1,187.48,0,187.48,0.0,187.48,Card,Online
TXN-0024528,2026-08-11,DXB-002,Dubai,CUST-01437,P006,Mouse,Accessories,4,105.33,5,421.31,21.07,400.24,Card,Store
TXN-0024572,2026-08-11,DXB-004,Dubai,CUST-00404,P012,Pen Pack,Stationery,3,13.78,0,41.35,0.0,41.35,Card,Online
TXN-0024598,2026-08-11,DXB-002,Dubai,CUST-06819,P015,Tablet,Electronics,3,1166.72,15,3500.17,525.03,2975.15,Bank Transfer,Store
TXN-0024626,2026-08-11,DXB-002,Dubai,CUST-01709,P014,Power Bank,Electronics,2,136.89,0,273.78,0.0,273.78,Card,Store
TXN-0024653,2026-08-11,DXB-002,Dubai,CUST-02990,P007,Office Chair,Furniture,5,697.71,0,3488.53,0.0,3488.53,Card,Online
TXN-0024744,2026-08-11,DXB-002,Dubai,CUST-02915,P013,USB Drive,Accessories,1,43.18,5,43.18,2.16,41.02,Cash,Store
TXN-0024752,2026-08-11,DXB-001,Dubai,CUST-02994,P009,Backpack,Accessories,2,203.03,0,406.07,0.0,406.07,Cash,Store
TXN-0024774,2026-08-11,DXB-002,Dubai,CUST-06004,P003,Headphones,Electronics,1,312.18,10,312.18,31.22,280.96,Card,Store
TXN-0024787,2026-08-11,DXB-001,Dubai,CUST-07051,P010,Printer,Office,1,704.83,5,704.83,35.24,669.59,Cash,Store
TXN-0024791,2026-08-11,DXB-002,Dubai,CUST-05198,P010,Printer,Office,1,627.94,0,627.94,0.0,627.94,Card,Store
TXN-0025040,2026-08-11,DXB-003,Dubai,CUST-06460,P009,Backpack,Accessories,1,241.2,0,241.2,0.0,241.2,Card,Store
TXN-0025081,2026-08-11,DXB-002,Dubai,CUST-03670,P011,Notebook,Stationery,1,21.52,10,21.52,2.15,19.37,Bank Transfer,Store
TXN-0025096,2026-08-11,DXB-003,Dubai,CUST-04455,P002,Smartphone,Electronics,2,1741.49,0,3482.98,0.0,3482.98,Apple Pay,Store
TXN-0025132,2026-08-11,DXB-003,Dubai,CUST-05965,P011,Notebook,Stationery,3,25.75,15,77.26,11.59,65.67,Cash,Store
TXN-0025219,2026-08-11,DXB-005,Dubai,CUST-02694,P012,Pen Pack,Stationery,6,14.56,0,87.34,0.0,87.34,Card,Store
TXN-0025224,2026-08-11,DXB-004,Dubai,CUST-04328,P005,Keyboard,Accessories,2,167.2,5,334.41,16.72,317.69,Card,Store
TXN-0025298,2026-08-11,DXB-003,Dubai,CUST-01613,P007,Office Chair,Furniture,1,623.85,5,623.85,31.19,592.66,Cash,Store
TXN-0025301,2026-08-11,DXB-004,Dubai,CUST-06136,P005,Keyboard,Accessories,1,187.41,10,187.41,18.74,168.67,Card,Store
TXN-0025314,2026-08-11,DXB-002,Dubai,CUST-04731,P014,Power Bank,Electronics,3,143.04,0,429.12,0.0,429.12,Apple Pay,Store
TXN-0025330,2026-08-11,DXB-004,Dubai,CUST-01714,P013,USB Drive,Accessories,1,45.81,20,45.81,9.16,36.65,Apple Pay,Store
TXN-0025337,2026-08-11,DXB-004,Dubai,CUST-01168,P013,USB Drive,Accessories,5,47.43,0,237.13,0.0,237.13,Apple Pay,Store
TXN-0025387,2026-08-11,DXB-003,Dubai,CUST-05612,P010,Printer,Office,1,723.91,20,723.91,144.78,579.12,Cash,Store
TXN-0025421,2026-08-11,DXB-005,Dubai,CUST-03720,P004,Monitor,Electronics,2,878.29,5,1756.57,87.83,1668.74,Apple Pay,Store
TXN-0025585,2026-08-11,DXB-001,Dubai,CUST-04012,P008,Desk,Furniture,1,819.93,15,819.93,122.99,696.94,Apple Pay,Store
TXN-0025590,2026-08-11,DXB-002,Dubai,CUST-00951,P012,Pen Pack,Stationery,3,14.68,0,44.03,0.0,44.03,Card,Online
TXN-0025642,2026-08-11,DXB-002,Dubai,CUST-03786,P008,Desk,Furniture,3,739.79,5,2219.38,110.97,2108.41,Cash,Store
TXN-0025727,2026-08-11,DXB-004,Dubai,CUST-01000,P015,Tablet,Electronics,2,1246.94,5,2493.88,124.69,2369.18,Card,Online
TXN-0025743,2026-08-11,DXB-003,Dubai,CUST-02832,P001,Laptop,Electronics,2,2984.01,10,5968.03,596.8,5371.23,Card,Store
TXN-0025785,2026-08-11,DXB-004,Dubai,CUST-07458,P002,Smartphone,Electronics,4,1712.2,5,6848.79,342.44,6506.35,Cash,Store
TXN-0025789,2026-08-11,DXB-003,Dubai,CUST-02914,P004,Monitor,Electronics,1,905.57,10,905.57,90.56,815.02,Card,Online
TXN-0025847,2026-08-11,DXB-004,Dubai,CUST-02085,P010,Printer,Office,2,784.2,0,1568.4,0.0,1568.4,Apple Pay,Store
TXN-0025936,2026-08-11,DXB-003,Dubai,CUST-06643,P011,Notebook,Stationery,4,24.19,5,96.76,4.84,91.93,Card,Store
TXN-0025977,2026-08-11,DXB-001,Dubai,CUST-07537,P007,Office Chair,Furniture,6,670.49,10,4022.93,402.29,3620.64,Card,Store
TXN-0025988,2026-08-11,DXB-004,Dubai,CUST-04556,P006,Mouse,Accessories,2,103.68,5,207.36,10.37,196.99,Card,Store
TXN-0026057,2026-08-11,DXB-004,Dubai,CUST-01251,P012,Pen Pack,Stationery,2,14.56,0,29.11,0.0,29.11,Apple Pay,Store
TXN-0026105,2026-08-11,DXB-005,Dubai,CUST-04504,P004,Monitor,Electronics,1,902.4,10,902.4,90.24,812.16,Bank Transfer,Online
TXN-0026115,2026-08-11,DXB-005,Dubai,CUST-00705,P004,Monitor,Electronics,2,862.35,0,1724.7,0.0,1724.7,Apple Pay,Store
TXN-0026171,2026-08-11,DXB-003,Dubai,CUST-03906,P006,Mouse,Accessories,2,98.13,20,196.26,39.25,157.01,Card,Online
TXN-0026252,2026-08-11,DXB-001,Dubai,CUST-00020,P012,Pen Pack,Stationery,2,16.54,5,33.08,1.65,31.42,Card,Online
TXN-0026432,2026-08-11,DXB-002,Dubai,CUST-02673,P011,Notebook,Stationery,1,24.18,10,24.18,2.42,21.76,Apple Pay,Store
TXN-0026530,2026-08-11,DXB-004,Dubai,CUST-06618,P012,Pen Pack,Stationery,3,15.74,10,47.23,4.72,42.51,Card,Store
TXN-0026573,2026-08-11,DXB-003,Dubai,CUST-07237,P005,Keyboard,Accessories,1,160.13,10,160.13,16.01,144.12,Apple Pay,Online
TXN-0026575,2026-08-11,DXB-003,Dubai,CUST-01468,P008,Desk,Furniture,1,802.91,15,802.91,120.44,682.47,Card,Online
TXN-0026588,2026-08-11,DXB-005,Dubai,CUST-02497,P009,Backpack,Accessories,6,206.67,0,1240.04,0.0,1240.04,Apple Pay,Online
TXN-0026609,2026-08-11,DXB-003,Dubai,CUST-02764,P010,Printer,Office,3,686.49,15,2059.48,308.92,1750.56,Card,Online
TXN-0026642,2026-08-11,DXB-001,Dubai,CUST-02627,P002,Smartphone,Electronics,1,1880.31,15,1880.31,282.05,1598.26,Bank Transfer,Store
TXN-0026757,2026-08-11,DXB-001,Dubai,CUST-07563,P005,Keyboard,Accessories,2,171.88,10,343.77,34.38,309.39,Apple Pay,Store
TXN-0026820,2026-08-11,DXB-003,Dubai,CUST-00213,P002,Smartphone,Electronics,2,1768.78,5,3537.56,176.88,3360.68,Apple Pay,Store
TXN-0026891,2026-08-11,DXB-003,Dubai,CUST-01482,P013,USB Drive,Accessories,1,47.12,5,47.12,2.36,44.76,Apple Pay,Store
TXN-0026897,2026-08-11,DXB-002,Dubai,CUST-07957,P001,Laptop,Electronics,1,2639.16,15,2639.16,395.87,2243.29,Bank Transfer,Store
TXN-0026931,2026-08-11,DXB-003,Dubai,CUST-07846,P001,Laptop,Electronics,1,2533.04,0,2533.04,0.0,2533.04,Apple Pay,Store
TXN-0026982,2026-08-11,DXB-005,Dubai,CUST-03702,P002,Smartphone,Electronics,2,1887.54,0,3775.08,0.0,3775.08,Card,Store
TXN-0027030,2026-08-11,DXB-003,Dubai,CUST-03237,P004,Monitor,Electronics,1,785.95,5,785.95,39.3,746.65,Bank Transfer,Store
TXN-0027066,2026-08-11,DXB-002,Dubai,CUST-07315,P015,Tablet,Electronics,1,1187.89,10,1187.89,118.79,1069.1,Card,Online
TXN-0027179,2026-08-11,DXB-004,Dubai,CUST-06153,P001,Laptop,Electronics,1,2904.9,0,2904.9,0.0,2904.9,Card,Store
TXN-0027203,2026-08-11,DXB-002,Dubai,CUST-00551,P015,Tablet,Electronics,4,1148.19,5,4592.76,229.64,4363.12,Card,Store
TXN-0027207,2026-08-11,DXB-001,Dubai,CUST-01122,P012,Pen Pack,Stationery,2,14.31,10,28.63,2.86,25.77,Bank Transfer,Store
TXN-0027210,2026-08-11,DXB-005,Dubai,CUST-07861,P011,Notebook,Stationery,3,23.38,5,70.15,3.51,66.64,Cash,Online
TXN-0027312,2026-08-11,DXB-004,Dubai,CUST-00224,P014,Power Bank,Electronics,1,168.21,5,168.21,8.41,159.8,Card,Online
TXN-0027327,2026-08-11,DXB-003,Dubai,CUST-04295,P004,Monitor,Electronics,5,879.15,15,4395.76,659.36,3736.4,Card,Store
TXN-0027348,2026-08-11,DXB-001,Dubai,CUST-07031,P008,Desk,Furniture,3,823.53,0,2470.58,0.0,2470.58,Cash,Store
TXN-0027390,2026-08-11,DXB-004,Dubai,CUST-07408,P006,Mouse,Accessories,2,104.5,0,208.99,0.0,208.99,Card,Store
TXN-0027422,2026-08-11,DXB-003,Dubai,CUST-06315,P003,Headphones,Electronics,1,346.92,0,346.92,0.0,346.92,Cash,Online
TXN-0027429,2026-08-11,DXB-002,Dubai,CUST-03989,P008,Desk,Furniture,1,768.4,5,768.4,38.42,729.98,Apple Pay,Store
TXN-0027445,2026-08-11,DXB-004,Dubai,CUST-02643,P009,Backpack,Accessories,1,248.02,15,248.02,37.2,210.82,Card,Store
TXN-0027518,2026-08-11,DXB-001,Dubai,CUST-04797,P012,Pen Pack,Stationery,1,14.46,10,14.46,1.45,13.02,Card,Online
TXN-0027710,2026-08-11,DXB-003,Dubai,CUST-03147,P001,Laptop,Electronics,3,2450.81,0,7352.43,0.0,7352.43,Apple Pay,Store
TXN-0027723,2026-08-11,DXB-002,Dubai,CUST-05412,P003,Headphones,Electronics,1,383.95,5,383.95,19.2,364.76,Cash,Store
TXN-0027741,2026-08-11,DXB-001,Dubai,CUST-05829,P001,Laptop,Electronics,1,2860.5,0,2860.5,0.0,2860.5,Apple Pay,Store
TXN-0027761,2026-08-11,DXB-001,Dubai,CUST-07582,P001,Laptop,Electronics,1,2786.26,0,2786.26,0.0,2786.26,Card,Online
TXN-0027764,2026-08-11,DXB-005,Dubai,CUST-08000,P006,Mouse,Accessories,1,90.7,20,90.7,18.14,72.56,Card,Store
TXN-0027857,2026-08-11,DXB-004,Dubai,CUST-06359,P004,Monitor,Electronics,1,861.83,0,861.83,0.0,861.83,Card,Store
TXN-0027903,2026-08-11,DXB-001,Dubai,CUST-01388,P012,Pen Pack,Stationery,1,13.33,10,13.33,1.33,12.0,Apple Pay,Store
TXN-0028180,2026-08-11,DXB-001,Dubai,CUST-02425,P009,Backpack,Accessories,3,229.79,0,689.36,0.0,689.36,Cash,Online
TXN-0028375,2026-08-11,DXB-001,Dubai,CUST-06152,P003,Headphones,Electronics,1,328.35,5,328.35,16.42,311.94,Card,Store
TXN-0028394,2026-08-11,DXB-005,Dubai,CUST-06552,P014,Power Bank,Electronics,2,156.71,15,313.43,47.01,266.41,Card,Online
TXN-0028409,2026-08-11,DXB-002,Dubai,CUST-03246,P001,Laptop,Electronics,1,2812.37,10,2812.37,281.24,2531.13,Card,Store
TXN-0028411,2026-08-11,DXB-001,Dubai,CUST-07739,P004,Monitor,Electronics,2,867.85,5,1735.7,86.79,1648.92,Cash,Online
TXN-0028459,2026-08-11,DXB-003,Dubai,CUST-04890,P006,Mouse,Accessories,4,101.3,10,405.18,40.52,364.67,Card,Store
TXN-0028468,2026-08-11,DXB-001,Dubai,CUST-04902,P010,Printer,Office,1,696.78,10,696.78,69.68,627.1,Cash,Online
TXN-0028470,2026-08-11,DXB-004,Dubai,CUST-03772,P007,Office Chair,Furniture,3,651.91,5,1955.73,97.79,1857.94,Cash,Store
TXN-0028526,2026-08-11,DXB-002,Dubai,CUST-04471,P005,Keyboard,Accessories,1,177.59,0,177.59,0.0,177.59,Card,Store
TXN-0028539,2026-08-11,DXB-003,Dubai,CUST-05816,P012,Pen Pack,Stationery,1,14.92,10,14.92,1.49,13.43,Card,Store
TXN-0028563,2026-08-11,DXB-005,Dubai,CUST-06503,P002,Smartphone,Electronics,2,1680.48,5,3360.96,168.05,3192.91,Card,Store
TXN-0028641,2026-08-11,DXB-002,Dubai,CUST-05405,P012,Pen Pack,Stationery,2,13.69,0,27.37,0.0,27.37,Cash,Store
TXN-0028660,2026-08-11,DXB-003,Dubai,CUST-03835,P003,Headphones,Electronics,1,289.36,0,289.36,0.0,289.36,Cash,Online
TXN-0028725,2026-08-11,DXB-004,Dubai,CUST-01559,P013,USB Drive,Accessories,4,48.31,0,193.22,0.0,193.22,Cash,Online
TXN-0028798,2026-08-11,DXB-005,Dubai,CUST-04709,P014,Power Bank,Electronics,1,157.32,5,157.32,7.87,149.45,Card,Store
TXN-0028936,2026-08-11,DXB-005,Dubai,CUST-07422,P009,Backpack,Accessories,6,227.8,0,1366.82,0.0,1366.82,Card,Store
TXN-0028995,2026-08-11,DXB-003,Dubai,CUST-03025,P013,USB Drive,Accessories,1,46.42,10,46.42,4.64,41.78,Apple Pay,Store
TXN-0029046,2026-08-11,DXB-005,Dubai,CUST-00649,P012,Pen Pack,Stationery,2,15.16,10,30.32,3.03,27.29,Card,Online
TXN-0029067,2026-08-11,DXB-001,Dubai,CUST-07554,P012,Pen Pack,Stationery,2,15.9,5,31.79,1.59,30.2,Card,Store
TXN-0029194,2026-08-11,DXB-003,Dubai,CUST-05002,P010,Printer,Office,1,789.43,15,789.43,118.41,671.01,Cash,Store
TXN-0029207,2026-08-11,DXB-001,Dubai,CUST-01605,P002,Smartphone,Electronics,2,1724.67,5,3449.34,172.47,3276.87,Card,Store
TXN-0029252,2026-08-11,DXB-003,Dubai,CUST-02471,P007,Office Chair,Furniture,1,617.16,10,617.16,61.72,555.45,Bank Transfer,Store
TXN-0029327,2026-08-11,DXB-005,Dubai,CUST-05644,P015,Tablet,Electronics,4,1414.98,0,5659.92,0.0,5659.92,Card,Store
TXN-0029344,2026-08-11,DXB-003,Dubai,CUST-07223,P002,Smartphone,Electronics,1,1753.7,10,1753.7,175.37,1578.33,Card,Store
TXN-0029410,2026-08-11,DXB-003,Dubai,CUST-03274,P006,Mouse,Accessories,6,99.78,0,598.67,0.0,598.67,Card,Store
TXN-0029502,2026-08-11,DXB-003,Dubai,CUST-01853,P008,Desk,Furniture,1,739.68,10,739.68,73.97,665.71,Apple Pay,Store
TXN-0029538,2026-08-11,DXB-005,Dubai,CUST-05955,P010,Printer,Office,1,708.8,15,708.8,106.32,602.48,Card,Store
TXN-0029607,2026-08-11,DXB-005,Dubai,CUST-04115,P006,Mouse,Accessories,1,93.76,15,93.76,14.06,79.7,Card,Store
TXN-0029629,2026-08-11,DXB-001,Dubai,CUST-05158,P011,Notebook,Stationery,1,25.65,10,25.65,2.57,23.09,Cash,Store
TXN-0029757,2026-08-11,DXB-002,Dubai,CUST-04637,P005,Keyboard,Accessories,2,172.51,0,345.03,0.0,345.03,Card,Store
TXN-0029793,2026-08-11,DXB-003,Dubai,CUST-04603,P015,Tablet,Electronics,4,1211.85,15,4847.4,727.11,4120.29,Card,Store
TXN-0029863,2026-08-11,DXB-005,Dubai,CUST-02748,P013,USB Drive,Accessories,2,43.39,0,86.78,0.0,86.78,Cash,Store
TXN-0029864,2026-08-11,DXB-001,Dubai,CUST-01641,P010,Printer,Office,3,735.68,10,2207.04,220.7,1986.34,Cash,Online
TXN-0029941,2026-08-11,DXB-001,Dubai,CUST-05865,P013,USB Drive,Accessories,4,44.6,0,178.39,0.0,178.39,Card,Store
TXN-0030131,2026-08-11,DXB-003,Dubai,CUST-04215,P002,Smartphone,Electronics,2,1729.83,5,3459.67,172.98,3286.68,Bank Transfer,Store
TXN-0030201,2026-08-11,DXB-004,Dubai,CUST-05221,P005,Keyboard,Accessories,1,192.67,10,192.67,19.27,173.41,Cash,Store
TXN-0030319,2026-08-11,DXB-003,Dubai,CUST-03172,P004,Monitor,Electronics,2,842.99,15,1685.98,252.9,1433.08,Cash,Store
TXN-0030332,2026-08-11,DXB-004,Dubai,CUST-04594,P007,Office Chair,Furniture,1,649.45,10,649.45,64.95,584.51,Cash,Store
TXN-0030334,2026-08-11,DXB-001,Dubai,CUST-04319,P003,Headphones,Electronics,2,368.49,0,736.97,0.0,736.97,Apple Pay,Online
TXN-0030511,2026-08-11,DXB-002,Dubai,CUST-06459,P005,Keyboard,Accessories,1,187.08,0,187.08,0.0,187.08,Card,Store
TXN-0030515,2026-08-11,DXB-003,Dubai,CUST-01155,P001,Laptop,Electronics,1,2937.3,15,2937.3,440.6,2496.71,Card,Online
TXN-0030516,2026-08-11,DXB-004,Dubai,CUST-06924,P010,Printer,Office,1,681.96,5,681.96,34.1,647.86,Bank Transfer,Store
TXN-0030518,2026-08-11,DXB-004,Dubai,CUST-04849,P009,Backpack,Accessories,1,223.63,10,223.63,22.36,201.27,Card,Online
TXN-0030523,2026-08-11,DXB-005,Dubai,CUST-04356,P014,Power Bank,Electronics,1,156.12,5,156.12,7.81,148.31,Cash,Store
TXN-0030592,2026-08-11,DXB-004,Dubai,CUST-04473,P011,Notebook,Stationery,1,23.89,0,23.89,0.0,23.89,Card,Store
TXN-0030596,2026-08-11,DXB-002,Dubai,CUST-02822,P009,Backpack,Accessories,4,242.75,0,971.01,0.0,971.01,Card,Store
TXN-0030604,2026-08-11,DXB-004,Dubai,CUST-02285,P013,USB Drive,Accessories,1,41.84,10,41.84,4.18,37.66,Apple Pay,Online
TXN-0030803,2026-08-11,DXB-004,Dubai,CUST-07628,P007,Office Chair,Furniture,1,707.21,0,707.21,0.0,707.21,Cash,Store
TXN-0030844,2026-08-11,DXB-001,Dubai,CUST-07104,P004,Monitor,Electronics,4,858.35,0,3433.41,0.0,3433.41,Cash,Online
TXN-0030923,2026-08-11,DXB-005,Dubai,CUST-06635,P004,Monitor,Electronics,6,878.98,10,5273.88,527.39,4746.5,Apple Pay,Store
TXN-0030929,2026-08-11,DXB-004,Dubai,CUST-02738,P007,Office Chair,Furniture,5,668.18,10,3340.9,334.09,3006.81,Card,Store
TXN-0030949,2026-08-11,DXB-003,Dubai,CUST-00793,P010,Printer,Office,1,731.94,10,731.94,73.19,658.74,Card,Online
TXN-0031117,2026-08-11,DXB-001,Dubai,CUST-03543,P002,Smartphone,Electronics,1,1794.44,10,1794.44,179.44,1614.99,Bank Transfer,Online
TXN-0031236,2026-08-11,DXB-002,Dubai,CUST-03654,P012,Pen Pack,Stationery,1,15.64,5,15.64,0.78,14.86,Cash,Store
TXN-0031315,2026-08-11,DXB-005,Dubai,CUST-01465,P013,USB Drive,Accessories,1,48.2,0,48.2,0.0,48.2,Apple Pay,Online
TXN-0031503,2026-08-11,DXB-002,Dubai,CUST-00064,P007,Office Chair,Furniture,1,655.22,5,655.22,32.76,622.46,Card,Online
TXN-0031553,2026-08-11,DXB-004,Dubai,CUST-02457,P002,Smartphone,Electronics,2,1814.63,0,3629.25,0.0,3629.25,Card,Store
TXN-0031588,2026-08-11,DXB-004,Dubai,CUST-04980,P014,Power Bank,Electronics,5,155.52,0,777.58,0.0,777.58,Apple Pay,Store
TXN-0031620,2026-08-11,DXB-004,Dubai,CUST-03584,P003,Headphones,Electronics,1,318.47,15,318.47,47.77,270.7,Cash,Store
TXN-0031673,2026-08-11,DXB-002,Dubai,CUST-03456,P015,Tablet,Electronics,1,1084.59,15,1084.59,162.69,921.9,Apple Pay,Online
TXN-0031696,2026-08-11,DXB-004,Dubai,CUST-01038,P003,Headphones,Electronics,3,343.64,10,1030.92,103.09,927.83,Cash,Store
TXN-0031901,2026-08-11,DXB-004,Dubai,CUST-02936,P008,Desk,Furniture,2,804.15,0,1608.31,0.0,1608.31,Cash,Store
TXN-0032027,2026-08-11,DXB-004,Dubai,CUST-07554,P004,Monitor,Electronics,1,872.78,0,872.78,0.0,872.78,Card,Store
TXN-0032086,2026-08-11,DXB-002,Dubai,CUST-05382,P001,Laptop,Electronics,3,2566.06,0,7698.17,0.0,7698.17,Cash,Online
TXN-0032124,2026-08-11,DXB-001,Dubai,CUST-06921,P002,Smartphone,Electronics,1,1979.55,0,1979.55,0.0,1979.55,Card,Online
TXN-0032248,2026-08-11,DXB-003,Dubai,CUST-01776,P010,Printer,Office,2,674.17,5,1348.34,67.42,1280.92,Card,Online
TXN-0032268,2026-08-11,DXB-001,Dubai,CUST-07470,P003,Headphones,Electronics,1,338.1,20,338.1,67.62,270.48,Card,Online
TXN-0032286,2026-08-11,DXB-001,Dubai,CUST-06882,P011,Notebook,Stationery,1,22.1,10,22.1,2.21,19.89,Card,Store
TXN-0032296,2026-08-11,DXB-005,Dubai,CUST-02254,P010,Printer,Office,1,709.83,0,709.83,0.0,709.83,Apple Pay,Online
TXN-0032398,2026-08-11,DXB-004,Dubai,CUST-00326,P014,Power Bank,Electronics,3,156.75,20,470.24,94.05,376.19,Cash,Online
TXN-0032447,2026-08-11,DXB-005,Dubai,CUST-07633,P002,Smartphone,Electronics,2,1783.77,10,3567.53,356.75,3210.78,Apple Pay,Store
TXN-0032602,2026-08-11,DXB-003,Dubai,CUST-02975,P013,USB Drive,Accessories,2,43.95,0,87.9,0.0,87.9,Card,Store
TXN-0032646,2026-08-11,DXB-002,Dubai,CUST-02346,P006,Mouse,Accessories,3,97.57,5,292.7,14.63,278.06,Apple Pay,Store
TXN-0032649,2026-08-11,DXB-005,Dubai,CUST-04828,P004,Monitor,Electronics,1,819.08,5,819.08,40.95,778.13,Card,Store
TXN-0032722,2026-08-11,DXB-003,Dubai,CUST-00092,P005,Keyboard,Accessories,5,173.95,0,869.73,0.0,869.73,Cash,Store
TXN-0032774,2026-08-11,DXB-002,Dubai,CUST-00550,P003,Headphones,Electronics,1,340.08,15,340.08,51.01,289.07,Apple Pay,Store
TXN-0032821,2026-08-11,DXB-003,Dubai,CUST-01455,P007,Office Chair,Furniture,1,641.54,10,641.54,64.15,577.38,Card,Store
TXN-0032890,2026-08-11,DXB-001,Dubai,CUST-06929,P002,Smartphone,Electronics,4,1848.18,20,7392.72,1478.54,5914.17,Apple Pay,Store
TXN-0032933,2026-08-11,DXB-003,Dubai,CUST-00903,P006,Mouse,Accessories,3,95.8,10,287.41,28.74,258.67,Card,Store
TXN-0032947,2026-08-11,DXB-002,Dubai,CUST-02199,P006,Mouse,Accessories,2,100.96,15,201.91,30.29,171.63,Card,Store
TXN-0033054,2026-08-11,DXB-003,Dubai,CUST-02082,P013,USB Drive,Accessories,2,46.22,20,92.44,18.49,73.95,Cash,Online
TXN-0033213,2026-08-11,DXB-003,Dubai,CUST-05210,P010,Printer,Office,5,686.97,0,3434.86,0.0,3434.86,Card,Store
TXN-0033219,2026-08-11,DXB-002,Dubai,CUST-02862,P010,Printer,Office,3,674.62,10,2023.86,202.39,1821.48,Cash,Store
TXN-0033361,2026-08-11,DXB-003,Dubai,CUST-04298,P004,Monitor,Electronics,1,833.83,5,833.83,41.69,792.14,Card,Store
TXN-0033396,2026-08-11,DXB-005,Dubai,CUST-04779,P008,Desk,Furniture,2,867.49,10,1734.97,173.5,1561.48,Card,Store
TXN-0033456,2026-08-11,DXB-002,Dubai,CUST-01417,P005,Keyboard,Accessories,2,179.96,10,359.93,35.99,323.94,Card,Store
TXN-0033502,2026-08-11,DXB-003,Dubai,CUST-01044,P006,Mouse,Accessories,3,106.42,20,319.25,63.85,255.4,Apple Pay,Store
TXN-0033812,2026-08-11,DXB-004,Dubai,CUST-07872,P009,Backpack,Accessories,1,212.42,5,212.42,10.62,201.8,Card,Store
TXN-0033998,2026-08-11,DXB-001,Dubai,CUST-05851,P003,Headphones,Electronics,1,301.41,0,301.41,0.0,301.41,Card,Store
TXN-0034006,2026-08-11,DXB-001,Dubai,CUST-03079,P014,Power Bank,Electronics,1,155.21,0,155.21,0.0,155.21,Card,Store
TXN-0034012,2026-08-11,DXB-005,Dubai,CUST-03121,P015,Tablet,Electronics,1,1270.22,20,1270.22,254.04,1016.18,Bank Transfer,Online
TXN-0034112,2026-08-11,DXB-004,Dubai,CUST-07013,P012,Pen Pack,Stationery,1,14.99,0,14.99,0.0,14.99,Apple Pay,Store
TXN-0034181,2026-08-11,DXB-002,Dubai,CUST-03067,P012,Pen Pack,Stationery,1,15.43,0,15.43,0.0,15.43,Cash,Store
TXN-0034276,2026-08-11,DXB-003,Dubai,CUST-05189,P007,Office Chair,Furniture,2,605.83,10,1211.66,121.17,1090.49,Card,Store
TXN-0034383,2026-08-11,DXB-002,Dubai,CUST-00353,P006,Mouse,Accessories,1,99.05,10,99.05,9.9,89.14,Apple Pay,Online
TXN-0034430,2026-08-11,DXB-001,Dubai,CUST-07980,P001,Laptop,Electronics,1,2884.62,5,2884.62,144.23,2740.39,Bank Transfer,Online
TXN-0034462,2026-08-11,DXB-001,Dubai,CUST-06223,P005,Keyboard,Accessories,2,190.29,5,380.57,19.03,361.55,Card,Store
TXN-0034508,2026-08-11,DXB-002,Dubai,CUST-07789,P005,Keyboard,Accessories,1,191.17,0,191.17,0.0,191.17,Cash,Online
TXN-0034509,2026-08-11,DXB-005,Dubai,CUST-07177,P002,Smartphone,Electronics,4,1814.32,5,7257.29,362.86,6894.43,Card,Online
TXN-0034527,2026-08-11,DXB-001,Dubai,CUST-03240,P002,Smartphone,Electronics,3,1747.96,0,5243.88,0.0,5243.88,Card,Online
TXN-0034577,2026-08-11,DXB-005,Dubai,CUST-04880,P001,Laptop,Electronics,3,2797.83,0,8393.48,0.0,8393.48,Apple Pay,Store
TXN-0034584,2026-08-11,DXB-002,Dubai,CUST-06837,P013,USB Drive,Accessories,1,40.74,5,40.74,2.04,38.7,Card,Store
TXN-0034624,2026-08-11,DXB-002,Dubai,CUST-03322,P010,Printer,Office,1,692.66,0,692.66,0.0,692.66,Card,Store
TXN-0034626,2026-08-11,DXB-003,Dubai,CUST-06533,P005,Keyboard,Accessories,1,178.23,0,178.23,0.0,178.23,Apple Pay,Store
TXN-0034687,2026-08-11,DXB-001,Dubai,CUST-05334,P009,Backpack,Accessories,1,226.01,0,226.01,0.0,226.01,Apple Pay,Store
TXN-0034723,2026-08-11,DXB-002,Dubai,CUST-05336,P004,Monitor,Electronics,2,831.22,5,1662.44,83.12,1579.32,Card,Online
TXN-0034813,2026-08-11,DXB-005,Dubai,CUST-07937,P005,Keyboard,Accessories,1,195.61,15,195.61,29.34,166.27,Card,Store
TXN-0035065,2026-08-11,DXB-003,Dubai,CUST-06318,P011,Notebook,Stationery,2,22.7,0,45.4,0.0,45.4,Apple Pay,Online
TXN-0035066,2026-08-11,DXB-003,Dubai,CUST-03519,P010,Printer,Office,1,730.43,0,730.43,0.0,730.43,Card,Store
TXN-0035076,2026-08-11,DXB-002,Dubai,CUST-03878,P003,Headphones,Electronics,1,352.81,5,352.81,17.64,335.17,Card,Store
TXN-0035094,2026-08-11,DXB-001,Dubai,CUST-02017,P015,Tablet,Electronics,1,1112.88,5,1112.88,55.64,1057.24,Card,Store
TXN-0035095,2026-08-11,DXB-003,Dubai,CUST-07047,P004,Monitor,Electronics,4,866.76,0,3467.05,0.0,3467.05,Card,Store
TXN-0035119,2026-08-11,DXB-002,Dubai,CUST-02876,P007,Office Chair,Furniture,1,635.81,5,635.81,31.79,604.02,Card,Store
TXN-0035162,2026-08-11,DXB-005,Dubai,CUST-03663,P010,Printer,Office,1,670.57,0,670.57,0.0,670.57,Bank Transfer,Store
TXN-0035191,2026-08-11,DXB-005,Dubai,CUST-07548,P015,Tablet,Electronics,2,1361.99,5,2723.97,136.2,2587.77,Cash,Store
TXN-0035244,2026-08-11,DXB-001,Dubai,CUST-02423,P001,Laptop,Electronics,1,2771.2,10,2771.2,277.12,2494.08,Apple Pay,Store
TXN-0035269,2026-08-11,DXB-003,Dubai,CUST-05046,P002,Smartphone,Electronics,3,1676.17,5,5028.5,251.43,4777.08,Apple Pay,Store
TXN-0035274,2026-08-11,DXB-004,Dubai,CUST-03473,P003,Headphones,Electronics,1,360.51,0,360.51,0.0,360.51,Card,Online
TXN-0035310,2026-08-11,DXB-005,Dubai,CUST-00784,P003,Headphones,Electronics,1,347.44,10,347.44,34.74,312.7,Cash,Store
TXN-0035324,2026-08-11,DXB-002,Dubai,CUST-04272,P005,Keyboard,Accessories,1,172.24,10,172.24,17.22,155.02,Cash,Store
TXN-0035367,2026-08-11,DXB-002,Dubai,CUST-03874,P014,Power Bank,Electronics,1,148.18,10,148.18,14.82,133.37,Cash,Store
TXN-0035406,2026-08-11,DXB-004,Dubai,CUST-07400,P015,Tablet,Electronics,3,1255.61,0,3766.83,0.0,3766.83,Apple Pay,Online
TXN-0035421,2026-08-11,DXB-001,Dubai,CUST-07059,P011,Notebook,Stationery,3,23.94,5,71.83,3.59,68.24,Cash,Store
TXN-0035479,2026-08-11,DXB-002,Dubai,CUST-07471,P004,Monitor,Electronics,4,890.49,15,3561.98,534.3,3027.68,Card,Online
TXN-0035557,2026-08-11,DXB-005,Dubai,CUST-05668,P015,Tablet,Electronics,1,1203.78,10,1203.78,120.38,1083.4,Card,Online
TXN-0035579,2026-08-11,DXB-004,Dubai,CUST-02947,P006,Mouse,Accessories,5,106.88,0,534.42,0.0,534.42,Cash,Store
TXN-0035644,2026-08-11,DXB-005,Dubai,CUST-06620,P011,Notebook,Stationery,1,23.91,5,23.91,1.2,22.72,Apple Pay,Online
TXN-0035681,2026-08-11,DXB-005,Dubai,CUST-07573,P002,Smartphone,Electronics,1,1747.65,0,1747.65,0.0,1747.65,Card,Store
TXN-0035736,2026-08-11,DXB-005,Dubai,CUST-06211,P012,Pen Pack,Stationery,4,16.27,10,65.07,6.51,58.57,Cash,Store
TXN-0035861,2026-08-11,DXB-005,Dubai,CUST-02698,P005,Keyboard,Accessories,2,163.61,5,327.22,16.36,310.86,Apple Pay,Store
TXN-0036046,2026-08-11,DXB-001,Dubai,CUST-07439,P010,Printer,Office,1,666.44,10,666.44,66.64,599.8,Card,Store
TXN-0036112,2026-08-11,DXB-004,Dubai,CUST-05141,P007,Office Chair,Furniture,1,614.94,0,614.94,0.0,614.94,Card,Online
TXN-0036121,2026-08-11,DXB-001,Dubai,CUST-02794,P009,Backpack,Accessories,1,227.12,0,227.12,0.0,227.12,Card,Store
TXN-0036129,2026-08-11,DXB-005,Dubai,CUST-01164,P003,Headphones,Electronics,3,358.09,0,1074.28,0.0,1074.28,Card,Store
TXN-0036265,2026-08-11,DXB-005,Dubai,CUST-05115,P010,Printer,Office,1,691.56,0,691.56,0.0,691.56,Card,Store
TXN-0036341,2026-08-11,DXB-003,Dubai,CUST-02187,P009,Backpack,Accessories,2,237.2,20,474.4,94.88,379.52,Card,Online
TXN-0036459,2026-08-11,DXB-002,Dubai,CUST-01379,P004,Monitor,Electronics,1,870.96,10,870.96,87.1,783.87,Card,Store
TXN-0036600,2026-08-11,DXB-002,Dubai,CUST-05603,P012,Pen Pack,Stationery,4,14.79,15,59.18,8.88,50.3,Cash,Store
TXN-0036673,2026-08-11,DXB-001,Dubai,CUST-04005,P011,Notebook,Stationery,1,25.64,15,25.64,3.85,21.8,Apple Pay,Online
TXN-0036686,2026-08-11,DXB-002,Dubai,CUST-03969,P008,Desk,Furniture,4,760.26,0,3041.02,0.0,3041.02,Card,Store
TXN-0036831,2026-08-11,DXB-001,Dubai,CUST-06227,P009,Backpack,Accessories,2,235.6,10,471.19,47.12,424.07,Cash,Store
TXN-0036874,2026-08-11,DXB-002,Dubai,CUST-03025,P009,Backpack,Accessories,1,234.26,5,234.26,11.71,222.55,Apple Pay,Store
TXN-0036893,2026-08-11,DXB-003,Dubai,CUST-00467,P009,Backpack,Accessories,1,215.23,15,215.23,32.28,182.94,Cash,Online
TXN-0036899,2026-08-11,DXB-001,Dubai,CUST-00792,P008,Desk,Furniture,5,814.33,0,4071.64,0.0,4071.64,Card,Online
TXN-0036901,2026-08-11,DXB-002,Dubai,CUST-04569,P010,Printer,Office,2,673.5,15,1346.99,202.05,1144.94,Cash,Store
TXN-0037099,2026-08-11,DXB-004,Dubai,CUST-02193,P012,Pen Pack,Stationery,5,15.32,5,76.61,3.83,72.78,Card,Store
TXN-0037241,2026-08-11,DXB-002,Dubai,CUST-04139,P002,Smartphone,Electronics,1,1902.81,0,1902.81,0.0,1902.81,Card,Store
TXN-0037242,2026-08-11,DXB-004,Dubai,CUST-03209,P009,Backpack,Accessories,1,222.87,10,222.87,22.29,200.59,Card,Store
TXN-0037293,2026-08-11,DXB-005,Dubai,CUST-04114,P010,Printer,Office,2,654.78,0,1309.55,0.0,1309.55,Card,Store
TXN-0037300,2026-08-11,DXB-003,Dubai,CUST-02964,P012,Pen Pack,Stationery,1,15.51,10,15.51,1.55,13.96,Card,Online
TXN-0037343,2026-08-11,DXB-001,Dubai,CUST-03168,P012,Pen Pack,Stationery,1,15.05,10,15.05,1.51,13.55,Card,Online
TXN-0037403,2026-08-11,DXB-005,Dubai,CUST-04783,P010,Printer,Office,2,693.25,10,1386.49,138.65,1247.84,Bank Transfer,Store
TXN-0037493,2026-08-11,DXB-001,Dubai,CUST-07715,P002,Smartphone,Electronics,1,1714.13,10,1714.13,171.41,1542.71,Bank Transfer,Store
TXN-0037650,2026-08-11,DXB-003,Dubai,CUST-03512,P009,Backpack,Accessories,2,192.65,10,385.31,38.53,346.77,Cash,Online
TXN-0037670,2026-08-11,DXB-003,Dubai,CUST-07315,P002,Smartphone,Electronics,1,1874.37,0,1874.37,0.0,1874.37,Apple Pay,Online
TXN-0037848,2026-08-11,DXB-004,Dubai,CUST-05373,P011,Notebook,Stationery,2,24.4,5,48.81,2.44,46.37,Apple Pay,Store
TXN-0037850,2026-08-11,DXB-001,Dubai,CUST-06959,P005,Keyboard,Accessories,3,176.65,10,529.94,52.99,476.95,Apple Pay,Store
TXN-0037852,2026-08-11,DXB-005,Dubai,CUST-01407,P011,Notebook,Stationery,1,22.5,5,22.5,1.12,21.37,Card,Store
TXN-0037928,2026-08-11,DXB-002,Dubai,CUST-01420,P006,Mouse,Accessories,2,98.59,20,197.19,39.44,157.75,Card,Online
TXN-0037952,2026-08-11,DXB-005,Dubai,CUST-07389,P010,Printer,Office,1,646.76,5,646.76,32.34,614.42,Cash,Store
TXN-0038030,2026-08-11,DXB-005,Dubai,CUST-01052,P002,Smartphone,Electronics,1,1799.61,20,1799.61,359.92,1439.68,Card,Store
TXN-0038056,2026-08-11,DXB-005,Dubai,CUST-01873,P012,Pen Pack,Stationery,1,15.86,10,15.86,1.59,14.28,Bank Transfer,Online
TXN-0038165,2026-08-11,DXB-002,Dubai,CUST-02842,P002,Smartphone,Electronics,1,1778.27,0,1778.27,0.0,1778.27,Cash,Store
TXN-0038366,2026-08-11,DXB-005,Dubai,CUST-00635,P004,Monitor,Electronics,3,822.25,15,2466.74,370.01,2096.72,Bank Transfer,Store
TXN-0038471,2026-08-11,DXB-004,Dubai,CUST-07757,P014,Power Bank,Electronics,1,159.66,15,159.66,23.95,135.71,Cash,Online
TXN-0038510,2026-08-11,DXB-005,Dubai,CUST-07865,P002,Smartphone,Electronics,1,1837.4,10,1837.4,183.74,1653.66,Card,Store
TXN-0038649,2026-08-11,DXB-002,Dubai,CUST-04634,P013,USB Drive,Accessories,1,43.59,10,43.59,4.36,39.23,Apple Pay,Store
TXN-0038695,2026-08-11,DXB-004,Dubai,CUST-06672,P009,Backpack,Accessories,3,201.32,10,603.96,60.4,543.57,Apple Pay,Store
TXN-0038708,2026-08-11,DXB-002,Dubai,CUST-06571,P011,Notebook,Stationery,3,25.78,15,77.34,11.6,65.74,Apple Pay,Online
TXN-0038787,2026-08-11,DXB-005,Dubai,CUST-04962,P002,Smartphone,Electronics,1,1856.1,0,1856.1,0.0,1856.1,Apple Pay,Store
TXN-0038967,2026-08-11,DXB-001,Dubai,CUST-00890,P004,Monitor,Electronics,1,878.26,0,878.26,0.0,878.26,Apple Pay,Store
TXN-0039018,2026-08-11,DXB-001,Dubai,CUST-07958,P005,Keyboard,Accessories,3,199.51,5,598.52,29.93,568.59,Card,Online
TXN-0039042,2026-08-11,DXB-002,Dubai,CUST-02456,P005,Keyboard,Accessories,2,188.11,0,376.22,0.0,376.22,Cash,Store
TXN-0039054,2026-08-11,DXB-001,Dubai,CUST-05081,P008,Desk,Furniture,6,758.33,5,4549.97,227.5,4322.47,Cash,Store
TXN-0039085,2026-08-11,DXB-002,Dubai,CUST-00131,P004,Monitor,Electronics,1,980.99,0,980.99,0.0,980.99,Cash,Online
TXN-0039103,2026-08-11,DXB-001,Dubai,CUST-04871,P001,Laptop,Electronics,3,2555.75,5,7667.25,383.36,7283.89,Card,Store
TXN-0039153,2026-08-11,DXB-002,Dubai,CUST-02469,P015,Tablet,Electronics,3,1244.03,5,3732.09,186.6,3545.48,Card,Online
TXN-0039166,2026-08-11,DXB-001,Dubai,CUST-06931,P014,Power Bank,Electronics,2,144.9,15,289.8,43.47,246.33,Bank Transfer,Online
TXN-0039220,2026-08-11,DXB-001,Dubai,CUST-03967,P006,Mouse,Accessories,1,95.62,15,95.62,14.34,81.28,Card,Online
TXN-0039297,2026-08-11,DXB-005,Dubai,CUST-05223,P012,Pen Pack,Stationery,1,14.77,0,14.77,0.0,14.77,Bank Transfer,Store
TXN-0039307,2026-08-11,DXB-001,Dubai,CUST-03486,P012,Pen Pack,Stationery,2,15.91,0,31.82,0.0,31.82,Card,Store
TXN-0039402,2026-08-11,DXB-001,Dubai,CUST-06466,P003,Headphones,Electronics,1,342.88,0,342.88,0.0,342.88,Card,Store
TXN-0039437,2026-08-11,DXB-002,Dubai,CUST-00783,P010,Printer,Office,2,727.07,15,1454.15,218.12,1236.03,Card,Store
TXN-0039471,2026-08-11,DXB-005,Dubai,CUST-03788,P010,Printer,Office,1,650.71,5,650.71,32.54,618.18,Card,Store
TXN-0039591,2026-08-11,DXB-003,Dubai,CUST-05718,P005,Keyboard,Accessories,2,179.37,0,358.73,0.0,358.73,Cash,Store
TXN-0039593,2026-08-11,DXB-005,Dubai,CUST-02324,P001,Laptop,Electronics,1,3016.67,10,3016.67,301.67,2715.0,Bank Transfer,Online
TXN-0039632,2026-08-11,DXB-003,Dubai,CUST-04973,P002,Smartphone,Electronics,2,1741.97,0,3483.93,0.0,3483.93,Apple Pay,Store
TXN-0039656,2026-08-11,DXB-002,Dubai,CUST-07701,P013,USB Drive,Accessories,2,43.82,0,87.64,0.0,87.64,Card,Store
TXN-0039712,2026-08-11,DXB-001,Dubai,CUST-00789,P001,Laptop,Electronics,1,2725.56,10,2725.56,272.56,2453.0,Cash,Store
TXN-0039769,2026-08-11,DXB-001,Dubai,CUST-01817,P011,Notebook,Stationery,2,24.6,20,49.21,9.84,39.37,Apple Pay,Store
TXN-0040019,2026-08-11,DXB-004,Dubai,CUST-04750,P002,Smartphone,Electronics,3,1905.86,15,5717.57,857.64,4859.93,Apple Pay,Store
TXN-0040101,2026-08-11,DXB-004,Dubai,CUST-04918,P009,Backpack,Accessories,1,224.04,0,224.04,0.0,224.04,Cash,Store
TXN-0040489,2026-08-11,DXB-001,Dubai,CUST-05995,P001,Laptop,Electronics,1,2825.59,15,2825.59,423.84,2401.75,Card,Online
TXN-0040494,2026-08-11,DXB-004,Dubai,CUST-06204,P013,USB Drive,Accessories,1,46.86,5,46.86,2.34,44.52,Card,Store
TXN-0040518,2026-08-11,DXB-004,Dubai,CUST-04882,P008,Desk,Furniture,2,854.36,5,1708.71,85.44,1623.28,Apple Pay,Store
TXN-0040548,2026-08-11,DXB-004,Dubai,CUST-06053,P004,Monitor,Electronics,1,1003.65,0,1003.65,0.0,1003.65,Cash,Store
TXN-0040553,2026-08-11,DXB-002,Dubai,CUST-04729,P003,Headphones,Electronics,6,374.83,0,2248.99,0.0,2248.99,Cash,Store
TXN-0040555,2026-08-11,DXB-002,Dubai,CUST-04736,P006,Mouse,Accessories,1,104.18,5,104.18,5.21,98.97,Apple Pay,Online
TXN-0040803,2026-08-11,DXB-003,Dubai,CUST-06787,P009,Backpack,Accessories,1,224.99,5,224.99,11.25,213.74,Card,Store
TXN-0040855,2026-08-11,DXB-003,Dubai,CUST-04009,P010,Printer,Office,3,712.48,10,2137.43,213.74,1923.69,Apple Pay,Store
TXN-0041022,2026-08-11,DXB-005,Dubai,CUST-01382,P007,Office Chair,Furniture,4,684.45,10,2737.81,273.78,2464.03,Cash,Online
TXN-0041033,2026-08-11,DXB-001,Dubai,CUST-02345,P001,Laptop,Electronics,1,2772.8,0,2772.8,0.0,2772.8,Apple Pay,Store
TXN-0041055,2026-08-11,DXB-003,Dubai,CUST-04025,P008,Desk,Furniture,1,818.58,0,818.58,0.0,818.58,Apple Pay,Store
TXN-0041302,2026-08-11,DXB-001,Dubai,CUST-06659,P011,Notebook,Stationery,1,24.01,5,24.01,1.2,22.81,Apple Pay,Online
TXN-0041365,2026-08-11,DXB-004,Dubai,CUST-04723,P012,Pen Pack,Stationery,2,15.99,5,31.98,1.6,30.38,Card,Store
TXN-0041375,2026-08-11,DXB-005,Dubai,CUST-07166,P009,Backpack,Accessories,1,231.83,10,231.83,23.18,208.64,Card,Store
TXN-0041391,2026-08-11,DXB-001,Dubai,CUST-04610,P011,Notebook,Stationery,1,25.39,10,25.39,2.54,22.85,Apple Pay,Store
TXN-0041411,2026-08-11,DXB-004,Dubai,CUST-00879,P015,Tablet,Electronics,1,1259.92,0,1259.92,0.0,1259.92,Card,Online
TXN-0041496,2026-08-11,DXB-002,Dubai,CUST-01263,P006,Mouse,Accessories,2,101.69,0,203.38,0.0,203.38,Card,Store
TXN-0041610,2026-08-11,DXB-003,Dubai,CUST-07889,P006,Mouse,Accessories,1,99.77,10,99.77,9.98,89.79,Card,Online
TXN-0041716,2026-08-11,DXB-002,Dubai,CUST-02851,P006,Mouse,Accessories,1,102.75,20,102.75,20.55,82.2,Apple Pay,Store
TXN-0041734,2026-08-11,DXB-002,Dubai,CUST-04858,P008,Desk,Furniture,1,795.03,0,795.03,0.0,795.03,Card,Store
TXN-0041791,2026-08-11,DXB-002,Dubai,CUST-03544,P001,Laptop,Electronics,3,2785.11,0,8355.34,0.0,8355.34,Card,Store
TXN-0041821,2026-08-11,DXB-001,Dubai,CUST-00834,P013,USB Drive,Accessories,2,49.1,0,98.21,0.0,98.21,Card,Store
TXN-0041838,2026-08-11,DXB-001,Dubai,CUST-07386,P002,Smartphone,Electronics,1,1700.99,10,1700.99,170.1,1530.89,Apple Pay,Store
TXN-0042078,2026-08-11,DXB-004,Dubai,CUST-00794,P012,Pen Pack,Stationery,3,15.13,0,45.38,0.0,45.38,Apple Pay,Online
TXN-0042100,2026-08-11,DXB-003,Dubai,CUST-02194,P002,Smartphone,Electronics,1,1790.47,15,1790.47,268.57,1521.9,Apple Pay,Store
TXN-0042138,2026-08-11,DXB-002,Dubai,CUST-03020,P005,Keyboard,Accessories,1,158.63,15,158.63,23.8,134.84,Bank Transfer,Store
TXN-0042206,2026-08-11,DXB-004,Dubai,CUST-02253,P014,Power Bank,Electronics,2,164.38,20,328.76,65.75,263.01,Cash,Store
TXN-0042231,2026-08-11,DXB-002,Dubai,CUST-05916,P004,Monitor,Electronics,2,848.42,10,1696.83,169.68,1527.15,Card,Store
TXN-0042361,2026-08-11,DXB-005,Dubai,CUST-04994,P014,Power Bank,Electronics,1,155.27,10,155.27,15.53,139.75,Card,Store
TXN-0042369,2026-08-11,DXB-004,Dubai,CUST-05955,P003,Headphones,Electronics,1,364.56,0,364.56,0.0,364.56,Apple Pay,Store
TXN-0042486,2026-08-11,DXB-003,Dubai,CUST-05873,P013,USB Drive,Accessories,2,49.63,20,99.26,19.85,79.4,Bank Transfer,Store
TXN-0042521,2026-08-11,DXB-003,Dubai,CUST-05977,P008,Desk,Furniture,1,820.24,5,820.24,41.01,779.23,Card,Store
TXN-0042528,2026-08-11,DXB-005,Dubai,CUST-02086,P011,Notebook,Stationery,3,26.07,10,78.22,7.82,70.4,Apple Pay,Store
TXN-0042563,2026-08-11,DXB-005,Dubai,CUST-06337,P002,Smartphone,Electronics,2,1936.83,0,3873.65,0.0,3873.65,Card,Store
TXN-0042583,2026-08-11,DXB-003,Dubai,CUST-04786,P008,Desk,Furniture,2,822.82,10,1645.64,164.56,1481.07,Card,Store
TXN-0042648,2026-08-11,DXB-004,Dubai,CUST-06160,P001,Laptop,Electronics,2,2944.42,0,5888.83,0.0,5888.83,Card,Store
TXN-0042684,2026-08-11,DXB-003,Dubai,CUST-04881,P003,Headphones,Electronics,1,312.02,0,312.02,0.0,312.02,Apple Pay,Store
TXN-0042719,2026-08-11,DXB-003,Dubai,CUST-03042,P001,Laptop,Electronics,1,2687.09,0,2687.09,0.0,2687.09,Apple Pay,Store
TXN-0042729,2026-08-11,DXB-005,Dubai,CUST-03404,P010,Printer,Office,2,717.94,0,1435.87,0.0,1435.87,Cash,Online
TXN-0042768,2026-08-11,DXB-004,Dubai,CUST-02733,P003,Headphones,Electronics,4,366.41,5,1465.65,73.28,1392.37,Card,Store
TXN-0042792,2026-08-11,DXB-002,Dubai,CUST-01736,P006,Mouse,Accessories,1,88.02,20,88.02,17.6,70.41,Card,Store
TXN-0042807,2026-08-11,DXB-001,Dubai,CUST-05938,P007,Office Chair,Furniture,2,654.55,15,1309.11,196.37,1112.74,Bank Transfer,Store
TXN-0042855,2026-08-11,DXB-002,Dubai,CUST-06395,P002,Smartphone,Electronics,2,1768.77,10,3537.55,353.75,3183.79,Card,Store
TXN-0042932,2026-08-11,DXB-003,Dubai,CUST-04938,P007,Office Chair,Furniture,3,639.95,5,1919.86,95.99,1823.86,Card,Store
TXN-0043090,2026-08-11,DXB-004,Dubai,CUST-04826,P001,Laptop,Electronics,4,3009.68,10,12038.72,1203.87,10834.85,Apple Pay,Online
TXN-0043224,2026-08-11,DXB-005,Dubai,CUST-07338,P005,Keyboard,Accessories,3,185.17,5,555.52,27.78,527.75,Card,Store
TXN-0043228,2026-08-11,DXB-002,Dubai,CUST-00579,P015,Tablet,Electronics,5,1259.84,0,6299.2,0.0,6299.2,Cash,Online
TXN-0043332,2026-08-11,DXB-001,Dubai,CUST-07357,P006,Mouse,Accessories,2,94.06,15,188.12,28.22,159.91,Cash,Store
TXN-0043385,2026-08-11,DXB-005,Dubai,CUST-02913,P007,Office Chair,Furniture,2,733.73,0,1467.45,0.0,1467.45,Apple Pay,Online
TXN-0043393,2026-08-11,DXB-005,Dubai,CUST-01957,P007,Office Chair,Furniture,1,666.95,0,666.95,0.0,666.95,Card,Store
TXN-0043395,2026-08-11,DXB-001,Dubai,CUST-01961,P011,Notebook,Stationery,1,24.94,0,24.94,0.0,24.94,Card,Store
TXN-0043410,2026-08-11,DXB-004,Dubai,CUST-05905,P009,Backpack,Accessories,1,204.27,0,204.27,0.0,204.27,Card,Store
TXN-0043451,2026-08-11,DXB-004,Dubai,CUST-06172,P011,Notebook,Stationery,1,23.59,5,23.59,1.18,22.41,Card,Store
TXN-0043527,2026-08-11,DXB-004,Dubai,CUST-03083,P010,Printer,Office,4,705.13,0,2820.52,0.0,2820.52,Card,Store
TXN-0043634,2026-08-11,DXB-005,Dubai,CUST-04137,P002,Smartphone,Electronics,2,1636.35,15,3272.7,490.9,2781.79,Card,Store
TXN-0043638,2026-08-11,DXB-001,Dubai,CUST-02803,P006,Mouse,Accessories,3,104.08,10,312.25,31.23,281.03,Card,Online
TXN-0043652,2026-08-11,DXB-002,Dubai,CUST-01589,P013,USB Drive,Accessories,1,49.8,0,49.8,0.0,49.8,Cash,Store
TXN-0043655,2026-08-11,DXB-005,Dubai,CUST-00721,P007,Office Chair,Furniture,3,625.8,5,1877.39,93.87,1783.52,Cash,Store
TXN-0043750,2026-08-11,DXB-004,Dubai,CUST-02139,P002,Smartphone,Electronics,1,1762.9,10,1762.9,176.29,1586.61,Apple Pay,Store
TXN-0043804,2026-08-11,DXB-002,Dubai,CUST-05513,P009,Backpack,Accessories,2,225.77,5,451.53,22.58,428.95,Cash,Online
TXN-0043815,2026-08-11,DXB-001,Dubai,CUST-02922,P015,Tablet,Electronics,1,1122.46,5,1122.46,56.12,1066.34,Card,Store
TXN-0043870,2026-08-11,DXB-002,Dubai,CUST-03155,P010,Printer,Office,1,664.64,0,664.64,0.0,664.64,Apple Pay,Store
TXN-0043890,2026-08-11,DXB-004,Dubai,CUST-03753,P014,Power Bank,Electronics,2,148.84,5,297.68,14.88,282.79,Cash,Store
TXN-0043902,2026-08-11,DXB-003,Dubai,CUST-00116,P012,Pen Pack,Stationery,4,15.51,10,62.04,6.2,55.83,Card,Store
TXN-0043908,2026-08-11,DXB-002,Dubai,CUST-07725,P008,Desk,Furniture,1,833.21,10,833.21,83.32,749.89,Card,Store
TXN-0043932,2026-08-11,DXB-002,Dubai,CUST-03953,P007,Office Chair,Furniture,2,705.85,15,1411.71,211.76,1199.95,Card,Online
TXN-0043948,2026-08-11,DXB-002,Dubai,CUST-07908,P003,Headphones,Electronics,1,311.25,10,311.25,31.12,280.12,Card,Store
TXN-0044169,2026-08-11,DXB-005,Dubai,CUST-02875,P013,USB Drive,Accessories,2,45.89,0,91.78,0.0,91.78,Cash,Store
TXN-0044178,2026-08-11,DXB-001,Dubai,CUST-02794,P015,Tablet,Electronics,1,1285.13,0,1285.13,0.0,1285.13,Card,Store
TXN-0044252,2026-08-11,DXB-001,Dubai,CUST-00695,P010,Printer,Office,2,697.21,15,1394.41,209.16,1185.25,Card,Store
TXN-0044270,2026-08-11,DXB-005,Dubai,CUST-00934,P012,Pen Pack,Stationery,2,13.92,5,27.84,1.39,26.45,Card,Store
TXN-0044331,2026-08-11,DXB-001,Dubai,CUST-07937,P014,Power Bank,Electronics,1,142.06,5,142.06,7.1,134.96,Bank Transfer,Store
TXN-0044368,2026-08-11,DXB-002,Dubai,CUST-05640,P002,Smartphone,Electronics,1,1643.4,15,1643.4,246.51,1396.89,Apple Pay,Store
TXN-0044371,2026-08-11,DXB-005,Dubai,CUST-05792,P007,Office Chair,Furniture,3,607.21,10,1821.62,182.16,1639.46,Card,Store
TXN-0044389,2026-08-11,DXB-004,Dubai,CUST-03118,P009,Backpack,Accessories,1,217.15,0,217.15,0.0,217.15,Card,Store
TXN-0044426,2026-08-11,DXB-005,Dubai,CUST-01472,P002,Smartphone,Electronics,1,1914.87,15,1914.87,287.23,1627.64,Card,Store
TXN-0044445,2026-08-11,DXB-001,Dubai,CUST-01167,P003,Headphones,Electronics,1,359.24,5,359.24,17.96,341.28,Card,Store
TXN-0044521,2026-08-11,DXB-002,Dubai,CUST-06791,P007,Office Chair,Furniture,1,674.79,10,674.79,67.48,607.31,Cash,Online
TXN-0044586,2026-08-11,DXB-004,Dubai,CUST-03123,P003,Headphones,Electronics,1,352.17,10,352.17,35.22,316.95,Cash,Store
TXN-0044846,2026-08-11,DXB-005,Dubai,CUST-00765,P007,Office Chair,Furniture,1,596.49,15,596.49,89.47,507.01,Cash,Store
TXN-0045015,2026-08-11,DXB-003,Dubai,CUST-00664,P012,Pen Pack,Stationery,2,15.6,0,31.19,0.0,31.19,Bank Transfer,Store
TXN-0045060,2026-08-11,DXB-001,Dubai,CUST-00283,P011,Notebook,Stationery,2,22.42,10,44.84,4.48,40.36,Apple Pay,Store
TXN-0045083,2026-08-11,DXB-003,Dubai,CUST-00260,P013,USB Drive,Accessories,1,48.53,15,48.53,7.28,41.25,Apple Pay,Store
TXN-0045119,2026-08-11,DXB-003,Dubai,CUST-00909,P005,Keyboard,Accessories,4,177.97,20,711.9,142.38,569.52,Card,Store
TXN-0045159,2026-08-11,DXB-005,Dubai,CUST-03773,P014,Power Bank,Electronics,3,142.26,15,426.78,64.02,362.76,Card,Store
TXN-0045179,2026-08-11,DXB-001,Dubai,CUST-02495,P012,Pen Pack,Stationery,2,14.44,0,28.88,0.0,28.88,Card,Store
TXN-0045192,2026-08-11,DXB-005,Dubai,CUST-07049,P005,Keyboard,Accessories,1,180.63,0,180.63,0.0,180.63,Cash,Store
TXN-0045260,2026-08-11,DXB-002,Dubai,CUST-04544,P003,Headphones,Electronics,2,344.99,5,689.97,34.5,655.47,Card,Store
TXN-0045389,2026-08-11,DXB-004,Dubai,CUST-05414,P013,USB Drive,Accessories,1,46.64,15,46.64,7.0,39.65,Bank Transfer,Store
TXN-0045398,2026-08-11,DXB-004,Dubai,CUST-05391,P004,Monitor,Electronics,1,818.25,5,818.25,40.91,777.34,Cash,Store
TXN-0045406,2026-08-11,DXB-003,Dubai,CUST-05958,P010,Printer,Office,1,722.12,5,722.12,36.11,686.01,Apple Pay,Store
TXN-0045562,2026-08-11,DXB-002,Dubai,CUST-01450,P012,Pen Pack,Stationery,1,16.42,5,16.42,0.82,15.6,Card,Online
TXN-0045631,2026-08-11,DXB-004,Dubai,CUST-00140,P014,Power Bank,Electronics,3,155.01,20,465.04,93.01,372.03,Card,Online
TXN-0045643,2026-08-11,DXB-004,Dubai,CUST-03380,P014,Power Bank,Electronics,4,155.89,5,623.58,31.18,592.4,Cash,Online
TXN-0045661,2026-08-11,DXB-001,Dubai,CUST-00625,P001,Laptop,Electronics,1,2766.89,20,2766.89,553.38,2213.51,Card,Store
TXN-0045717,2026-08-11,DXB-004,Dubai,CUST-06566,P003,Headphones,Electronics,2,360.42,0,720.84,0.0,720.84,Apple Pay,Store
TXN-0045723,2026-08-11,DXB-003,Dubai,CUST-05235,P012,Pen Pack,Stationery,3,16.17,5,48.51,2.43,46.09,Apple Pay,Store
TXN-0045774,2026-08-11,DXB-001,Dubai,CUST-00022,P009,Backpack,Accessories,3,220.47,0,661.4,0.0,661.4,Cash,Store
TXN-0045886,2026-08-11,DXB-005,Dubai,CUST-05181,P003,Headphones,Electronics,1,342.52,10,342.52,34.25,308.27,Card,Store
TXN-0045916,2026-08-11,DXB-003,Dubai,CUST-01137,P009,Backpack,Accessories,1,236.99,0,236.99,0.0,236.99,Card,Store
TXN-0045976,2026-08-11,DXB-002,Dubai,CUST-03673,P004,Monitor,Electronics,1,855.42,10,855.42,85.54,769.88,Card,Online
TXN-0046094,2026-08-11,DXB-004,Dubai,CUST-07542,P010,Printer,Office,2,662.6,0,1325.2,0.0,1325.2,Apple Pay,Store
TXN-0046130,2026-08-11,DXB-002,Dubai,CUST-05372,P008,Desk,Furniture,1,726.17,5,726.17,36.31,689.86,Apple Pay,Store
TXN-0046243,2026-08-11,DXB-001,Dubai,CUST-00834,P015,Tablet,Electronics,2,1220.03,5,2440.05,122.0,2318.05,Apple Pay,Store
TXN-0046353,2026-08-11,DXB-002,Dubai,CUST-05560,P003,Headphones,Electronics,1,370.54,0,370.54,0.0,370.54,Bank Transfer,Online
TXN-0046481,2026-08-11,DXB-004,Dubai,CUST-07686,P002,Smartphone,Electronics,1,1851.06,5,1851.06,92.55,1758.5,Apple Pay,Online
TXN-0046552,2026-08-11,DXB-002,Dubai,CUST-01261,P009,Backpack,Accessories,3,216.24,5,648.73,32.44,616.3,Card,Store
TXN-0046571,2026-08-11,DXB-004,Dubai,CUST-05433,P010,Printer,Office,1,661.13,0,661.13,0.0,661.13,Card,Online
TXN-0046907,2026-08-11,DXB-002,Dubai,CUST-05288,P007,Office Chair,Furniture,4,652.48,10,2609.92,260.99,2348.93,Card,Store
TXN-0046911,2026-08-11,DXB-001,Dubai,CUST-02571,P003,Headphones,Electronics,1,350.63,5,350.63,17.53,333.1,Card,Online
TXN-0046956,2026-08-11,DXB-004,Dubai,CUST-05921,P006,Mouse,Accessories,1,101.76,0,101.76,0.0,101.76,Bank Transfer,Online
TXN-0046991,2026-08-11,DXB-002,Dubai,CUST-00213,P009,Backpack,Accessories,2,213.86,10,427.71,42.77,384.94,Card,Store
TXN-0047047,2026-08-11,DXB-002,Dubai,CUST-03300,P007,Office Chair,Furniture,2,686.04,15,1372.08,205.81,1166.27,Card,Online
TXN-0047174,2026-08-11,DXB-002,Dubai,CUST-04995,P012,Pen Pack,Stationery,6,14.64,5,87.84,4.39,83.45,Bank Transfer,Store
TXN-0047197,2026-08-11,DXB-005,Dubai,CUST-01469,P008,Desk,Furniture,1,906.8,10,906.8,90.68,816.12,Card,Store
TXN-0047268,2026-08-11,DXB-004,Dubai,CUST-00324,P009,Backpack,Accessories,3,239.42,15,718.25,107.74,610.52,Card,Online
TXN-0047358,2026-08-11,DXB-002,Dubai,CUST-01587,P003,Headphones,Electronics,1,356.99,5,356.99,17.85,339.14,Card,Store
TXN-0047405,2026-08-11,DXB-001,Dubai,CUST-02591,P015,Tablet,Electronics,1,1281.84,0,1281.84,0.0,1281.84,Card,Store
TXN-0047452,2026-08-11,DXB-004,Dubai,CUST-02666,P009,Backpack,Accessories,1,231.23,10,231.23,23.12,208.11,Card,Store
TXN-0047504,2026-08-11,DXB-001,Dubai,CUST-00350,P007,Office Chair,Furniture,1,692.75,5,692.75,34.64,658.12,Bank Transfer,Store
TXN-0047544,2026-08-11,DXB-002,Dubai,CUST-00332,P010,Printer,Office,1,632.32,0,632.32,0.0,632.32,Cash,Store
TXN-0047558,2026-08-11,DXB-004,Dubai,CUST-02534,P002,Smartphone,Electronics,2,1960.97,0,3921.93,0.0,3921.93,Card,Store
TXN-0047569,2026-08-11,DXB-004,Dubai,CUST-01655,P013,USB Drive,Accessories,2,45.84,0,91.67,0.0,91.67,Card,Store
TXN-0047589,2026-08-11,DXB-004,Dubai,CUST-01366,P010,Printer,Office,1,721.17,15,721.17,108.18,613.0,Cash,Store
TXN-0047745,2026-08-11,DXB-002,Dubai,CUST-07777,P007,Office Chair,Furniture,1,619.69,20,619.69,123.94,495.75,Apple Pay,Store
TXN-0047759,2026-08-11,DXB-005,Dubai,CUST-03234,P009,Backpack,Accessories,1,231.55,10,231.55,23.15,208.39,Apple Pay,Store
TXN-0047804,2026-08-11,DXB-004,Dubai,CUST-01333,P002,Smartphone,Electronics,1,1811.82,10,1811.82,181.18,1630.64,Apple Pay,Store
TXN-0047851,2026-08-11,DXB-001,Dubai,CUST-05447,P007,Office Chair,Furniture,1,640.75,0,640.75,0.0,640.75,Card,Store
TXN-0047922,2026-08-11,DXB-004,Dubai,CUST-03838,P013,USB Drive,Accessories,3,41.53,5,124.59,6.23,118.37,Card,Store
TXN-0047937,2026-08-11,DXB-002,Dubai,CUST-06719,P012,Pen Pack,Stationery,4,14.16,0,56.63,0.0,56.63,Apple Pay,Store
TXN-0048001,2026-08-11,DXB-003,Dubai,CUST-01620,P003,Headphones,Electronics,1,322.33,0,322.33,0.0,322.33,Cash,Store
TXN-0048006,2026-08-11,DXB-005,Dubai,CUST-07169,P012,Pen Pack,Stationery,2,15.43,0,30.86,0.0,30.86,Cash,Store
TXN-0048023,2026-08-11,DXB-002,Dubai,CUST-00511,P010,Printer,Office,2,701.19,15,1402.38,210.36,1192.02,Bank Transfer,Store
TXN-0048028,2026-08-11,DXB-005,Dubai,CUST-05513,P010,Printer,Office,1,644.1,15,644.1,96.62,547.49,Apple Pay,Store
TXN-0048088,2026-08-11,DXB-001,Dubai,CUST-00266,P014,Power Bank,Electronics,3,159.42,5,478.27,23.91,454.36,Apple Pay,Store
TXN-0048095,2026-08-11,DXB-004,Dubai,CUST-07264,P009,Backpack,Accessories,1,208.21,10,208.21,20.82,187.38,Card,Store
TXN-0048136,2026-08-11,DXB-001,Dubai,CUST-02015,P003,Headphones,Electronics,1,344.47,0,344.47,0.0,344.47,Card,Store
TXN-0048178,2026-08-11,DXB-003,Dubai,CUST-03813,P010,Printer,Office,2,734.22,10,1468.43,146.84,1321.59,Bank Transfer,Store
TXN-0048189,2026-08-11,DXB-001,Dubai,CUST-05503,P002,Smartphone,Electronics,3,1856.15,0,5568.44,0.0,5568.44,Card,Store
TXN-0048239,2026-08-11,DXB-004,Dubai,CUST-03219,P008,Desk,Furniture,1,799.94,10,799.94,79.99,719.95,Bank Transfer,Store
TXN-0048403,2026-08-11,DXB-003,Dubai,CUST-06510,P013,USB Drive,Accessories,3,45.04,0,135.12,0.0,135.12,Apple Pay,Store
TXN-0048477,2026-08-11,DXB-002,Dubai,CUST-00880,P001,Laptop,Electronics,1,3037.98,5,3037.98,151.9,2886.08,Apple Pay,Store
TXN-0048493,2026-08-11,DXB-002,Dubai,CUST-02376,P012,Pen Pack,Stationery,2,14.97,10,29.93,2.99,26.94,Apple Pay,Store
TXN-0048549,2026-08-11,DXB-003,Dubai,CUST-05742,P008,Desk,Furniture,1,769.39,0,769.39,0.0,769.39,Card,Online
TXN-0048563,2026-08-11,DXB-002,Dubai,CUST-03620,P007,Office Chair,Furniture,2,617.65,0,1235.29,0.0,1235.29,Apple Pay,Store
TXN-0048568,2026-08-11,DXB-005,Dubai,CUST-02608,P007,Office Chair,Furniture,5,658.99,0,3294.97,0.0,3294.97,Apple Pay,Online
TXN-0048570,2026-08-11,DXB-002,Dubai,CUST-03875,P004,Monitor,Electronics,1,849.59,0,849.59,0.0,849.59,Apple Pay,Online
TXN-0048598,2026-08-11,DXB-001,Dubai,CUST-00587,P010,Printer,Office,2,796.32,15,1592.65,238.9,1353.75,Apple Pay,Online
TXN-0048609,2026-08-11,DXB-002,Dubai,CUST-07052,P008,Desk,Furniture,2,785.7,0,1571.41,0.0,1571.41,Bank Transfer,Store
TXN-0048668,2026-08-11,DXB-004,Dubai,CUST-05188,P003,Headphones,Electronics,2,345.77,20,691.54,138.31,553.23,Card,Store
TXN-0048752,2026-08-11,DXB-003,Dubai,CUST-01330,P014,Power Bank,Electronics,2,151.28,0,302.57,0.0,302.57,Card,Online
TXN-0048811,2026-08-11,DXB-001,Dubai,CUST-04159,P012,Pen Pack,Stationery,2,14.18,10,28.36,2.84,25.53,Apple Pay,Online
TXN-0048887,2026-08-11,DXB-003,Dubai,CUST-01230,P012,Pen Pack,Stationery,4,14.45,15,57.82,8.67,49.15,Card,Store
TXN-0048923,2026-08-11,DXB-001,Dubai,CUST-00421,P008,Desk,Furniture,1,791.91,0,791.91,0.0,791.91,Cash,Store
TXN-0048931,2026-08-11,DXB-005,Dubai,CUST-07186,P006,Mouse,Accessories,1,99.45,5,99.45,4.97,94.47,Card,Store
TXN-0048996,2026-08-11,DXB-001,Dubai,CUST-05202,P014,Power Bank,Electronics,1,147.17,10,147.17,14.72,132.46,Card,Online
TXN-0049017,2026-08-11,DXB-003,Dubai,CUST-05115,P002,Smartphone,Electronics,3,1645.58,0,4936.73,0.0,4936.73,Apple Pay,Store
TXN-0049027,2026-08-11,DXB-002,Dubai,CUST-06039,P001,Laptop,Electronics,1,2847.29,15,2847.29,427.09,2420.2,Card,Store
TXN-0049035,2026-08-11,DXB-002,Dubai,CUST-02668,P013,USB Drive,Accessories,6,44.21,5,265.27,13.26,252.0,Card,Online
TXN-0049138,2026-08-11,DXB-002,Dubai,CUST-03760,P002,Smartphone,Electronics,1,1786.32,5,1786.32,89.32,1697.01,Bank Transfer,Store
TXN-0049181,2026-08-11,DXB-003,Dubai,CUST-05372,P007,Office Chair,Furniture,1,648.78,0,648.78,0.0,648.78,Card,Store
TXN-0049238,2026-08-11,DXB-002,Dubai,CUST-02303,P012,Pen Pack,Stationery,1,15.67,0,15.67,0.0,15.67,Card,Store
TXN-0049294,2026-08-11,DXB-004,Dubai,CUST-06686,P015,Tablet,Electronics,1,1134.58,5,1134.58,56.73,1077.85,Card,Store
TXN-0049313,2026-08-11,DXB-001,Dubai,CUST-01393,P014,Power Bank,Electronics,1,149.68,5,149.68,7.48,142.2,Cash,Store
TXN-0049320,2026-08-11,DXB-001,Dubai,CUST-04895,P013,USB Drive,Accessories,4,45.43,15,181.72,27.26,154.47,Cash,Store
TXN-0049454,2026-08-11,DXB-001,Dubai,CUST-06352,P011,Notebook,Stationery,2,23.79,0,47.58,0.0,47.58,Card,Store
TXN-0049473,2026-08-11,DXB-002,Dubai,CUST-03838,P007,Office Chair,Furniture,2,606.74,5,1213.47,60.67,1152.8,Card,Online
TXN-0049516,2026-08-11,DXB-002,Dubai,CUST-03406,P001,Laptop,Electronics,1,2667.14,10,2667.14,266.71,2400.43,Cash,Store
TXN-0049555,2026-08-11,DXB-002,Dubai,CUST-04063,P002,Smartphone,Electronics,1,1714.45,0,1714.45,0.0,1714.45,Bank Transfer,Online
TXN-0049598,2026-08-11,DXB-003,Dubai,CUST-03250,P004,Monitor,Electronics,2,918.56,10,1837.12,183.71,1653.41,Card,Online
TXN-0049625,2026-08-11,DXB-001,Dubai,CUST-04516,P003,Headphones,Electronics,1,345.9,5,345.9,17.3,328.61,Apple Pay,Store
TXN-0049645,2026-08-11,DXB-002,Dubai,CUST-02755,P008,Desk,Furniture,1,805.41,10,805.41,80.54,724.87,Cash,Store
TXN-0049654,2026-08-11,DXB-005,Dubai,CUST-06652,P009,Backpack,Accessories,2,207.4,10,414.81,41.48,373.33,Cash,Store
TXN-0049700,2026-08-11,DXB-005,Dubai,CUST-05470,P008,Desk,Furniture,1,786.24,15,786.24,117.94,668.31,Cash,Store
TXN-0049717,2026-08-11,DXB-001,Dubai,CUST-01906,P004,Monitor,Electronics,1,866.1,10,866.1,86.61,779.49,Bank Transfer,Store
TXN-0049827,2026-08-11,DXB-004,Dubai,CUST-02170,P009,Backpack,Accessories,1,222.58,0,222.58,0.0,222.58,Bank Transfer,Online
TXN-0049841,2026-08-11,DXB-004,Dubai,CUST-01218,P014,Power Bank,Electronics,2,139.21,10,278.42,27.84,250.58,Card,Store
TXN-0049853,2026-08-11,DXB-003,Dubai,CUST-04590,P013,USB Drive,Accessories,1,47.69,0,47.69,0.0,47.69,Apple Pay,Store
TXN-0049922,2026-08-11,DXB-001,Dubai,CUST-03763,P005,Keyboard,Accessories,1,179.87,0,179.87,0.0,179.87,Cash,Store
TXN-0050059,2026-08-11,DXB-001,Dubai,CUST-07687,P012,Pen Pack,Stationery,1,15.55,0,15.55,0.0,15.55,Cash,Store
TXN-0050136,2026-08-11,DXB-003,Dubai,CUST-04739,P009,Backpack,Accessories,1,230.04,15,230.04,34.51,195.54,Apple Pay,Online
TXN-0050188,2026-08-11,DXB-001,Dubai,CUST-05136,P013,USB Drive,Accessories,2,42.2,5,84.41,4.22,80.19,Card,Online
TXN-0050203,2026-08-11,DXB-003,Dubai,CUST-03843,P006,Mouse,Accessories,2,94.58,0,189.15,0.0,189.15,Apple Pay,Online
TXN-0050294,2026-08-11,DXB-004,Dubai,CUST-07812,P005,Keyboard,Accessories,6,181.2,15,1087.2,163.08,924.12,Apple Pay,Store
TXN-0050398,2026-08-11,DXB-001,Dubai,CUST-04536,P010,Printer,Office,1,757.2,15,757.2,113.58,643.62,Apple Pay,Store
TXN-0050486,2026-08-11,DXB-002,Dubai,CUST-02230,P001,Laptop,Electronics,4,2639.71,0,10558.86,0.0,10558.86,Card,Online
TXN-0050521,2026-08-11,DXB-003,Dubai,CUST-00673,P003,Headphones,Electronics,1,324.75,5,324.75,16.24,308.51,Apple Pay,Store
TXN-0050629,2026-08-11,DXB-001,Dubai,CUST-01975,P001,Laptop,Electronics,1,2741.34,5,2741.34,137.07,2604.27,Card,Store
TXN-0050887,2026-08-11,DXB-001,Dubai,CUST-06672,P006,Mouse,Accessories,1,95.08,0,95.08,0.0,95.08,Apple Pay,Store
TXN-0050929,2026-08-11,DXB-001,Dubai,CUST-03298,P015,Tablet,Electronics,2,1290.99,5,2581.97,129.1,2452.88,Bank Transfer,Store
TXN-0051030,2026-08-11,DXB-001,Dubai,CUST-06780,P011,Notebook,Stationery,1,27.13,5,27.13,1.36,25.77,Bank Transfer,Store
TXN-0051035,2026-08-11,DXB-003,Dubai,CUST-02140,P013,USB Drive,Accessories,1,46.55,20,46.55,9.31,37.24,Card,Online
TXN-0051039,2026-08-11,DXB-003,Dubai,CUST-06957,P014,Power Bank,Electronics,1,149.34,15,149.34,22.4,126.94,Cash,Store
TXN-0051075,2026-08-11,DXB-002,Dubai,CUST-06727,P008,Desk,Furniture,2,795.43,10,1590.87,159.09,1431.78,Cash,Online
TXN-0051088,2026-08-11,DXB-005,Dubai,CUST-03168,P002,Smartphone,Electronics,1,1947.28,15,1947.28,292.09,1655.19,Apple Pay,Store
TXN-0051145,2026-08-11,DXB-003,Dubai,CUST-07029,P010,Printer,Office,2,726.35,0,1452.7,0.0,1452.7,Cash,Store
TXN-0051151,2026-08-11,DXB-001,Dubai,CUST-03523,P008,Desk,Furniture,1,751.39,5,751.39,37.57,713.82,Apple Pay,Online
TXN-0051289,2026-08-11,DXB-001,Dubai,CUST-02284,P007,Office Chair,Furniture,3,658.89,15,1976.68,296.5,1680.18,Cash,Online
TXN-0051329,2026-08-11,DXB-003,Dubai,CUST-04887,P004,Monitor,Electronics,3,946.64,20,2839.93,567.99,2271.94,Card,Store
TXN-0051465,2026-08-11,DXB-001,Dubai,CUST-00298,P009,Backpack,Accessories,2,214.18,10,428.36,42.84,385.53,Card,Store
TXN-0051498,2026-08-11,DXB-001,Dubai,CUST-05899,P003,Headphones,Electronics,1,367.38,5,367.38,18.37,349.01,Apple Pay,Store
TXN-0051499,2026-08-11,DXB-002,Dubai,CUST-01276,P001,Laptop,Electronics,1,2953.67,10,2953.67,295.37,2658.31,Card,Store
TXN-0051632,2026-08-11,DXB-004,Dubai,CUST-00956,P011,Notebook,Stationery,5,26.58,5,132.89,6.64,126.25,Apple Pay,Store
TXN-0051693,2026-08-11,DXB-003,Dubai,CUST-05621,P009,Backpack,Accessories,1,218.52,10,218.52,21.85,196.67,Card,Online
TXN-0051753,2026-08-11,DXB-004,Dubai,CUST-06462,P015,Tablet,Electronics,1,1274.35,0,1274.35,0.0,1274.35,Bank Transfer,Online
TXN-0051769,2026-08-11,DXB-004,Dubai,CUST-00946,P010,Printer,Office,1,674.03,15,674.03,101.1,572.93,Apple Pay,Store
TXN-0051789,2026-08-11,DXB-005,Dubai,CUST-00085,P009,Backpack,Accessories,1,210.09,10,210.09,21.01,189.08,Card,Online
TXN-0051816,2026-08-11,DXB-001,Dubai,CUST-05261,P002,Smartphone,Electronics,1,2108.29,10,2108.29,210.83,1897.46,Card,Online
TXN-0051928,2026-08-11,DXB-004,Dubai,CUST-01142,P012,Pen Pack,Stationery,1,14.64,0,14.64,0.0,14.64,Card,Online
TXN-0052000,2026-08-11,DXB-004,Dubai,CUST-04669,P013,USB Drive,Accessories,2,47.74,5,95.48,4.77,90.71,Card,Store
TXN-0052012,2026-08-11,DXB-004,Dubai,CUST-02458,P006,Mouse,Accessories,3,112.9,5,338.71,16.94,321.77,Card,Store
TXN-0052016,2026-08-11,DXB-002,Dubai,CUST-07356,P007,Office Chair,Furniture,1,564.52,5,564.52,28.23,536.3,Card,Online
TXN-0052040,2026-08-11,DXB-005,Dubai,CUST-04944,P006,Mouse,Accessories,1,97.63,10,97.63,9.76,87.87,Apple Pay,Store
TXN-0052132,2026-08-11,DXB-001,Dubai,CUST-00710,P005,Keyboard,Accessories,3,170.88,0,512.65,0.0,512.65,Card,Store
TXN-0052169,2026-08-11,DXB-005,Dubai,CUST-02793,P013,USB Drive,Accessories,1,45.64,15,45.64,6.85,38.79,Card,Online
TXN-0052176,2026-08-11,DXB-003,Dubai,CUST-00384,P001,Laptop,Electronics,1,2455.07,5,2455.07,122.75,2332.32,Card,Store
TXN-0052213,2026-08-11,DXB-005,Dubai,CUST-02066,P010,Printer,Office,1,697.1,0,697.1,0.0,697.1,Cash,Online
TXN-0052245,2026-08-11,DXB-004,Dubai,CUST-00012,P014,Power Bank,Electronics,1,165.8,5,165.8,8.29,157.51,Apple Pay,Store
TXN-0052252,2026-08-11,DXB-005,Dubai,CUST-03020,P002,Smartphone,Electronics,1,1675.27,5,1675.27,83.76,1591.5,Card,Store
TXN-0052282,2026-08-11,DXB-003,Dubai,CUST-01881,P005,Keyboard,Accessories,1,166.7,0,166.7,0.0,166.7,Cash,Store
TXN-0052293,2026-08-11,DXB-001,Dubai,CUST-05912,P005,Keyboard,Accessories,2,183.96,5,367.91,18.4,349.52,Apple Pay,Store
TXN-0052297,2026-08-11,DXB-003,Dubai,CUST-06143,P008,Desk,Furniture,6,826.08,5,4956.49,247.82,4708.67,Card,Online
TXN-0052302,2026-08-11,DXB-001,Dubai,CUST-04084,P007,Office Chair,Furniture,1,634.43,0,634.43,0.0,634.43,Apple Pay,Store
TXN-0052353,2026-08-11,DXB-001,Dubai,CUST-01467,P005,Keyboard,Accessories,1,169.07,5,169.07,8.45,160.62,Bank Transfer,Store
TXN-0052365,2026-08-11,DXB-004,Dubai,CUST-01698,P011,Notebook,Stationery,6,26.67,0,160.01,0.0,160.01,Card,Store
TXN-0052448,2026-08-11,DXB-005,Dubai,CUST-05337,P001,Laptop,Electronics,2,2806.72,0,5613.44,0.0,5613.44,Card,Store
TXN-0052456,2026-08-11,DXB-002,Dubai,CUST-07475,P005,Keyboard,Accessories,1,189.61,10,189.61,18.96,170.65,Card,Online
TXN-0052462,2026-08-11,DXB-001,Dubai,CUST-02913,P011,Notebook,Stationery,3,26.24,0,78.73,0.0,78.73,Card,Online
TXN-0052498,2026-08-11,DXB-003,Dubai,CUST-04963,P014,Power Bank,Electronics,4,148.5,10,594.01,59.4,534.61,Apple Pay,Store
TXN-0052580,2026-08-11,DXB-001,Dubai,CUST-01128,P002,Smartphone,Electronics,1,1835.95,20,1835.95,367.19,1468.76,Apple Pay,Store
TXN-0052640,2026-08-11,DXB-005,Dubai,CUST-03618,P004,Monitor,Electronics,2,834.07,15,1668.13,250.22,1417.91,Bank Transfer,Online
TXN-0052649,2026-08-11,DXB-003,Dubai,CUST-07172,P012,Pen Pack,Stationery,4,14.37,5,57.5,2.87,54.62,Card,Online
TXN-0052696,2026-08-11,DXB-005,Dubai,CUST-04133,P009,Backpack,Accessories,1,217.55,0,217.55,0.0,217.55,Card,Store
TXN-0052698,2026-08-11,DXB-003,Dubai,CUST-00643,P006,Mouse,Accessories,1,105.44,5,105.44,5.27,100.17,Apple Pay,Store
TXN-0052749,2026-08-11,DXB-005,Dubai,CUST-03595,P013,USB Drive,Accessories,2,43.07,0,86.14,0.0,86.14,Card,Store
TXN-0052869,2026-08-11,DXB-004,Dubai,CUST-03947,P001,Laptop,Electronics,1,3189.88,15,3189.88,478.48,2711.4,Card,Store
TXN-0052882,2026-08-11,DXB-005,Dubai,CUST-07347,P007,Office Chair,Furniture,1,589.26,20,589.26,117.85,471.41,Cash,Store
TXN-0052917,2026-08-11,DXB-001,Dubai,CUST-01223,P011,Notebook,Stationery,1,25.71,20,25.71,5.14,20.57,Cash,Store
TXN-0052971,2026-08-11,DXB-005,Dubai,CUST-00281,P013,USB Drive,Accessories,3,44.36,0,133.08,0.0,133.08,Card,Store
TXN-0052986,2026-08-11,DXB-002,Dubai,CUST-03830,P001,Laptop,Electronics,3,2694.77,0,8084.31,0.0,8084.31,Cash,Store
TXN-0053036,2026-08-11,DXB-003,Dubai,CUST-04307,P007,Office Chair,Furniture,2,680.34,15,1360.68,204.1,1156.58,Apple Pay,Store
TXN-0053113,2026-08-11,DXB-002,Dubai,CUST-00012,P003,Headphones,Electronics,2,337.59,5,675.19,33.76,641.43,Card,Online
TXN-0053170,2026-08-11,DXB-004,Dubai,CUST-03027,P006,Mouse,Accessories,3,92.56,10,277.68,27.77,249.91,Card,Store
TXN-0053191,2026-08-11,DXB-001,Dubai,CUST-04567,P002,Smartphone,Electronics,3,1799.94,15,5399.83,809.97,4589.86,Cash,Store
TXN-0053205,2026-08-11,DXB-005,Dubai,CUST-00859,P009,Backpack,Accessories,2,205.32,10,410.65,41.06,369.58,Cash,Store
TXN-0053262,2026-08-11,DXB-004,Dubai,CUST-02148,P015,Tablet,Electronics,2,1165.34,10,2330.67,233.07,2097.6,Apple Pay,Online
TXN-0053339,2026-08-11,DXB-001,Dubai,CUST-01231,P004,Monitor,Electronics,1,769.82,0,769.82,0.0,769.82,Card,Store
TXN-0053407,2026-08-11,DXB-004,Dubai,CUST-07909,P003,Headphones,Electronics,2,335.0,15,670.0,100.5,569.5,Card,Store
TXN-0053422,2026-08-11,DXB-001,Dubai,CUST-06005,P002,Smartphone,Electronics,1,1764.82,0,1764.82,0.0,1764.82,Apple Pay,Online
TXN-0053492,2026-08-11,DXB-003,Dubai,CUST-07410,P004,Monitor,Electronics,1,954.82,10,954.82,95.48,859.34,Cash,Store
TXN-0053555,2026-08-11,DXB-005,Dubai,CUST-04790,P003,Headphones,Electronics,1,351.86,10,351.86,35.19,316.68,Apple Pay,Store
TXN-0053556,2026-08-11,DXB-001,Dubai,CUST-00546,P007,Office Chair,Furniture,2,733.03,10,1466.07,146.61,1319.46,Cash,Store
TXN-0053579,2026-08-11,DXB-002,Dubai,CUST-03035,P014,Power Bank,Electronics,2,154.05,15,308.1,46.21,261.88,Apple Pay,Online
TXN-0053594,2026-08-11,DXB-005,Dubai,CUST-07554,P003,Headphones,Electronics,3,326.28,5,978.85,48.94,929.9,Card,Store
TXN-0053632,2026-08-11,DXB-005,Dubai,CUST-04763,P013,USB Drive,Accessories,1,44.2,10,44.2,4.42,39.78,Card,Store
TXN-0053694,2026-08-11,DXB-004,Dubai,CUST-05575,P006,Mouse,Accessories,1,100.33,10,100.33,10.03,90.3,Card,Store
TXN-0053836,2026-08-11,DXB-001,Dubai,CUST-03749,P007,Office Chair,Furniture,5,571.6,5,2858.01,142.9,2715.11,Card,Store
TXN-0053845,2026-08-11,DXB-002,Dubai,CUST-01145,P001,Laptop,Electronics,1,2871.08,15,2871.08,430.66,2440.42,Bank Transfer,Online
TXN-0053919,2026-08-11,DXB-004,Dubai,CUST-06999,P008,Desk,Furniture,1,779.69,5,779.69,38.98,740.7,Apple Pay,Store
TXN-0053957,2026-08-11,DXB-004,Dubai,CUST-04090,P015,Tablet,Electronics,1,1202.92,15,1202.92,180.44,1022.48,Cash,Store
TXN-0053972,2026-08-11,DXB-003,Dubai,CUST-03330,P001,Laptop,Electronics,2,3089.16,15,6178.32,926.75,5251.57,Cash,Store
TXN-0053990,2026-08-11,DXB-002,Dubai,CUST-02499,P004,Monitor,Electronics,6,804.58,10,4827.49,482.75,4344.74,Cash,Store
TXN-0053999,2026-08-11,DXB-001,Dubai,CUST-04379,P005,Keyboard,Accessories,2,170.45,5,340.91,17.05,323.86,Cash,Store
TXN-0054029,2026-08-11,DXB-003,Dubai,CUST-06040,P012,Pen Pack,Stationery,1,15.65,0,15.65,0.0,15.65,Card,Online
TXN-0054056,2026-08-11,DXB-002,Dubai,CUST-00763,P006,Mouse,Accessories,2,100.46,5,200.91,10.05,190.87,Card,Online
TXN-0054152,2026-08-11,DXB-004,Dubai,CUST-00164,P013,USB Drive,Accessories,2,45.74,0,91.48,0.0,91.48,Cash,Store
TXN-0054233,2026-08-11,DXB-003,Dubai,CUST-03202,P012,Pen Pack,Stationery,1,16.58,10,16.58,1.66,14.92,Card,Store
TXN-0054256,2026-08-11,DXB-003,Dubai,CUST-06484,P005,Keyboard,Accessories,2,180.05,0,360.09,0.0,360.09,Card,Online
TXN-0054279,2026-08-11,DXB-001,Dubai,CUST-01779,P002,Smartphone,Electronics,1,1820.33,20,1820.33,364.07,1456.27,Card,Store
TXN-0054341,2026-08-11,DXB-003,Dubai,CUST-05104,P008,Desk,Furniture,1,826.58,10,826.58,82.66,743.92,Apple Pay,Store
TXN-0054382,2026-08-11,DXB-002,Dubai,CUST-02468,P002,Smartphone,Electronics,1,1897.73,10,1897.73,189.77,1707.96,Card,Store
TXN-0054388,2026-08-11,DXB-005,Dubai,CUST-01762,P013,USB Drive,Accessories,4,42.16,10,168.66,16.87,151.79,Bank Transfer,Store
TXN-0054454,2026-08-11,DXB-005,Dubai,CUST-05902,P001,Laptop,Electronics,3,2733.67,15,8201.0,1230.15,6970.85,Bank Transfer,Store
TXN-0054488,2026-08-11,DXB-004,Dubai,CUST-07283,P010,Printer,Office,3,757.34,5,2272.02,113.6,2158.42,Card,Store
TXN-0054544,2026-08-11,DXB-005,Dubai,CUST-05332,P008,Desk,Furniture,1,796.84,10,796.84,79.68,717.16,Cash,Store
TXN-0054548,2026-08-11,DXB-005,Dubai,CUST-06325,P002,Smartphone,Electronics,3,1759.91,5,5279.73,263.99,5015.74,Cash,Store
TXN-0054554,2026-08-11,DXB-003,Dubai,CUST-02338,P014,Power Bank,Electronics,5,152.0,0,759.98,0.0,759.98,Apple Pay,Store
TXN-0054568,2026-08-11,DXB-001,Dubai,CUST-05266,P008,Desk,Furniture,1,852.09,10,852.09,85.21,766.88,Card,Store
TXN-0054587,2026-08-11,DXB-004,Dubai,CUST-07875,P011,Notebook,Stationery,1,21.43,20,21.43,4.29,17.14,Bank Transfer,Store
TXN-0054718,2026-08-11,DXB-001,Dubai,CUST-00305,P008,Desk,Furniture,2,753.59,5,1507.18,75.36,1431.82,Card,Online
TXN-0054780,2026-08-11,DXB-001,Dubai,CUST-01220,P002,Smartphone,Electronics,4,1780.09,10,7120.37,712.04,6408.33,Bank Transfer,Store
TXN-0054810,2026-08-11,DXB-003,Dubai,CUST-03973,P010,Printer,Office,1,663.97,20,663.97,132.79,531.17,Card,Store
TXN-0054813,2026-08-11,DXB-003,Dubai,CUST-04195,P010,Printer,Office,2,655.24,10,1310.48,131.05,1179.43,Card,Online
TXN-0054840,2026-08-11,DXB-003,Dubai,CUST-00782,P011,Notebook,Stationery,2,25.23,0,50.46,0.0,50.46,Cash,Store
TXN-0055101,2026-08-11,DXB-004,Dubai,CUST-04982,P013,USB Drive,Accessories,4,49.73,0,198.91,0.0,198.91,Apple Pay,Store
TXN-0055202,2026-08-11,DXB-002,Dubai,CUST-06185,P002,Smartphone,Electronics,1,1649.85,15,1649.85,247.48,1402.37,Card,Store
TXN-0055223,2026-08-11,DXB-004,Dubai,CUST-04145,P012,Pen Pack,Stationery,1,16.39,0,16.39,0.0,16.39,Card,Store
TXN-0055250,2026-08-11,DXB-005,Dubai,CUST-04210,P011,Notebook,Stationery,1,24.37,10,24.37,2.44,21.94,Apple Pay,Store
TXN-0055293,2026-08-11,DXB-005,Dubai,CUST-06449,P010,Printer,Office,1,655.11,0,655.11,0.0,655.11,Card,Store
TXN-0055316,2026-08-11,DXB-003,Dubai,CUST-05616,P013,USB Drive,Accessories,1,35.42,10,35.42,3.54,31.88,Card,Store
TXN-0055335,2026-08-11,DXB-003,Dubai,CUST-02230,P007,Office Chair,Furniture,2,626.34,0,1252.68,0.0,1252.68,Apple Pay,Store
TXN-0055393,2026-08-11,DXB-004,Dubai,CUST-06740,P002,Smartphone,Electronics,1,1957.54,10,1957.54,195.75,1761.78,Bank Transfer,Store
TXN-0055441,2026-08-11,DXB-001,Dubai,CUST-03888,P014,Power Bank,Electronics,1,161.43,5,161.43,8.07,153.36,Cash,Store
TXN-0055509,2026-08-11,DXB-005,Dubai,CUST-06602,P011,Notebook,Stationery,3,24.82,5,74.45,3.72,70.72,Apple Pay,Store
TXN-0055512,2026-08-11,DXB-002,Dubai,CUST-01236,P015,Tablet,Electronics,1,1197.76,5,1197.76,59.89,1137.87,Card,Online
TXN-0055540,2026-08-11,DXB-004,Dubai,CUST-05626,P011,Notebook,Stationery,2,26.44,5,52.88,2.64,50.24,Cash,Online
TXN-0055796,2026-08-11,DXB-005,Dubai,CUST-00691,P007,Office Chair,Furniture,1,613.85,0,613.85,0.0,613.85,Apple Pay,Store
TXN-0055866,2026-08-11,DXB-002,Dubai,CUST-03554,P005,Keyboard,Accessories,1,175.98,5,175.98,8.8,167.18,Card,Store
TXN-0055916,2026-08-11,DXB-003,Dubai,CUST-07298,P010,Printer,Office,1,689.23,10,689.23,68.92,620.3,Cash,Store
TXN-0055940,2026-08-11,DXB-004,Dubai,CUST-07248,P011,Notebook,Stationery,1,24.93,5,24.93,1.25,23.69,Card,Store
TXN-0056051,2026-08-11,DXB-001,Dubai,CUST-00497,P015,Tablet,Electronics,2,1252.89,0,2505.78,0.0,2505.78,Card,Online
TXN-0056081,2026-08-11,DXB-002,Dubai,CUST-05880,P012,Pen Pack,Stationery,1,14.54,15,14.54,2.18,12.36,Card,Online
TXN-0056199,2026-08-11,DXB-005,Dubai,CUST-07169,P004,Monitor,Electronics,1,879.66,0,879.66,0.0,879.66,Bank Transfer,Store
TXN-0056208,2026-08-11,DXB-002,Dubai,CUST-00803,P009,Backpack,Accessories,2,238.97,10,477.95,47.79,430.15,Card,Store
TXN-0056210,2026-08-11,DXB-002,Dubai,CUST-06032,P013,USB Drive,Accessories,2,46.32,5,92.65,4.63,88.01,Card,Store
TXN-0056222,2026-08-11,DXB-002,Dubai,CUST-05884,P010,Printer,Office,1,724.2,10,724.2,72.42,651.78,Cash,Store
TXN-0056223,2026-08-11,DXB-002,Dubai,CUST-07623,P013,USB Drive,Accessories,5,41.41,10,207.05,20.71,186.35,Cash,Store
TXN-0056237,2026-08-11,DXB-004,Dubai,CUST-07859,P007,Office Chair,Furniture,5,716.94,0,3584.69,0.0,3584.69,Card,Store
TXN-0056421,2026-08-11,DXB-001,Dubai,CUST-05155,P002,Smartphone,Electronics,2,1905.55,0,3811.09,0.0,3811.09,Card,Store
TXN-0056451,2026-08-11,DXB-002,Dubai,CUST-05785,P002,Smartphone,Electronics,4,1838.34,0,7353.35,0.0,7353.35,Bank Transfer,Online
TXN-0056522,2026-08-11,DXB-005,Dubai,CUST-01046,P010,Printer,Office,2,674.17,15,1348.33,202.25,1146.08,Apple Pay,Store
TXN-0056551,2026-08-11,DXB-003,Dubai,CUST-07859,P005,Keyboard,Accessories,1,173.19,10,173.19,17.32,155.87,Apple Pay,Store
TXN-0056568,2026-08-11,DXB-005,Dubai,CUST-04565,P009,Backpack,Accessories,1,221.31,10,221.31,22.13,199.18,Card,Store
TXN-0056821,2026-08-11,DXB-001,Dubai,CUST-04699,P015,Tablet,Electronics,1,1045.98,20,1045.98,209.2,836.78,Cash,Online
TXN-0056837,2026-08-11,DXB-002,Dubai,CUST-02871,P010,Printer,Office,2,755.41,0,1510.82,0.0,1510.82,Cash,Online
TXN-0056973,2026-08-11,DXB-002,Dubai,CUST-01354,P015,Tablet,Electronics,1,1310.77,10,1310.77,131.08,1179.69,Card,Store
TXN-0057040,2026-08-11,DXB-002,Dubai,CUST-00860,P004,Monitor,Electronics,2,986.87,10,1973.75,197.37,1776.37,Card,Online
TXN-0057110,2026-08-11,DXB-002,Dubai,CUST-07591,P012,Pen Pack,Stationery,1,14.33,10,14.33,1.43,12.9,Cash,Store
TXN-0057166,2026-08-11,DXB-001,Dubai,CUST-01442,P003,Headphones,Electronics,1,359.3,0,359.3,0.0,359.3,Apple Pay,Store
TXN-0057252,2026-08-11,DXB-005,Dubai,CUST-03788,P013,USB Drive,Accessories,1,46.04,15,46.04,6.91,39.14,Card,Store
TXN-0057262,2026-08-11,DXB-004,Dubai,CUST-00440,P014,Power Bank,Electronics,1,149.11,5,149.11,7.46,141.65,Bank Transfer,Store
TXN-0057284,2026-08-11,DXB-004,Dubai,CUST-03298,P003,Headphones,Electronics,1,355.91,10,355.91,35.59,320.32,Card,Store
TXN-0057402,2026-08-11,DXB-003,Dubai,CUST-03874,P012,Pen Pack,Stationery,2,14.59,0,29.19,0.0,29.19,Apple Pay,Store
TXN-0057705,2026-08-11,DXB-001,Dubai,CUST-05002,P014,Power Bank,Electronics,6,165.45,0,992.69,0.0,992.69,Card,Store
TXN-0057801,2026-08-11,DXB-004,Dubai,CUST-02381,P010,Printer,Office,3,655.73,5,1967.19,98.36,1868.83,Cash,Store
TXN-0057875,2026-08-11,DXB-003,Dubai,CUST-06736,P004,Monitor,Electronics,1,867.97,10,867.97,86.8,781.17,Card,Online
TXN-0057979,2026-08-11,DXB-001,Dubai,CUST-01550,P005,Keyboard,Accessories,2,190.27,10,380.54,38.05,342.48,Card,Store
TXN-0058043,2026-08-11,DXB-004,Dubai,CUST-00185,P004,Monitor,Electronics,1,785.21,0,785.21,0.0,785.21,Card,Store
TXN-0058128,2026-08-11,DXB-005,Dubai,CUST-01773,P001,Laptop,Electronics,1,2930.06,15,2930.06,439.51,2490.55,Card,Store
TXN-0058193,2026-08-11,DXB-005,Dubai,CUST-01429,P004,Monitor,Electronics,2,919.39,10,1838.78,183.88,1654.9,Cash,Store
TXN-0058219,2026-08-11,DXB-002,Dubai,CUST-00794,P013,USB Drive,Accessories,1,47.12,0,47.12,0.0,47.12,Cash,Online
TXN-0058242,2026-08-11,DXB-004,Dubai,CUST-01184,P006,Mouse,Accessories,1,99.85,5,99.85,4.99,94.86,Card,Store
TXN-0058347,2026-08-11,DXB-004,Dubai,CUST-00956,P012,Pen Pack,Stationery,1,15.97,10,15.97,1.6,14.37,Apple Pay,Store
TXN-0058354,2026-08-11,DXB-003,Dubai,CUST-04657,P001,Laptop,Electronics,2,2516.2,0,5032.4,0.0,5032.4,Cash,Store
TXN-0058417,2026-08-11,DXB-002,Dubai,CUST-04318,P015,Tablet,Electronics,4,1266.68,0,5066.73,0.0,5066.73,Cash,Store
TXN-0058485,2026-08-11,DXB-001,Dubai,CUST-02390,P006,Mouse,Accessories,1,90.02,0,90.02,0.0,90.02,Apple Pay,Store
TXN-0058537,2026-08-11,DXB-003,Dubai,CUST-05707,P011,Notebook,Stationery,3,24.97,10,74.92,7.49,67.43,Card,Store
TXN-0058661,2026-08-11,DXB-004,Dubai,CUST-06450,P015,Tablet,Electronics,3,1222.65,0,3667.94,0.0,3667.94,Card,Store
TXN-0058700,2026-08-11,DXB-005,Dubai,CUST-00240,P012,Pen Pack,Stationery,1,14.71,5,14.71,0.74,13.98,Card,Online
TXN-0058780,2026-08-11,DXB-001,Dubai,CUST-06613,P005,Keyboard,Accessories,1,174.78,15,174.78,26.22,148.56,Cash,Online
TXN-0058831,2026-08-11,DXB-002,Dubai,CUST-01320,P001,Laptop,Electronics,1,2742.79,0,2742.79,0.0,2742.79,Bank Transfer,Store
TXN-0058901,2026-08-11,DXB-005,Dubai,CUST-02643,P003,Headphones,Electronics,1,340.07,5,340.07,17.0,323.07,Cash,Store
TXN-0058958,2026-08-11,DXB-003,Dubai,CUST-04475,P010,Printer,Office,1,702.65,15,702.65,105.4,597.25,Apple Pay,Online
TXN-0059077,2026-08-11,DXB-005,Dubai,CUST-04652,P011,Notebook,Stationery,1,26.69,15,26.69,4.0,22.68,Cash,Store
TXN-0059078,2026-08-11,DXB-003,Dubai,CUST-05733,P014,Power Bank,Electronics,1,144.98,10,144.98,14.5,130.48,Card,Online
TXN-0059081,2026-08-11,DXB-005,Dubai,CUST-03519,P002,Smartphone,Electronics,2,1856.85,5,3713.7,185.69,3528.02,Card,Online
TXN-0059162,2026-08-11,DXB-001,Dubai,CUST-02133,P009,Backpack,Accessories,2,231.37,10,462.75,46.27,416.47,Cash,Online
TXN-0059207,2026-08-11,DXB-004,Dubai,CUST-07287,P002,Smartphone,Electronics,2,1616.4,0,3232.81,0.0,3232.81,Card,Store
TXN-0059215,2026-08-11,DXB-004,Dubai,CUST-07722,P004,Monitor,Electronics,2,958.83,10,1917.66,191.77,1725.9,Apple Pay,Store
TXN-0059237,2026-08-11,DXB-004,Dubai,CUST-06977,P008,Desk,Furniture,1,769.95,20,769.95,153.99,615.96,Bank Transfer,Online
TXN-0059339,2026-08-11,DXB-004,Dubai,CUST-06949,P007,Office Chair,Furniture,3,630.51,5,1891.53,94.58,1796.95,Apple Pay,Online
TXN-0059362,2026-08-11,DXB-001,Dubai,CUST-07706,P007,Office Chair,Furniture,1,590.17,0,590.17,0.0,590.17,Apple Pay,Online
TXN-0059539,2026-08-11,DXB-005,Dubai,CUST-05045,P013,USB Drive,Accessories,1,43.96,5,43.96,2.2,41.76,Apple Pay,Online
TXN-0059619,2026-08-11,DXB-005,Dubai,CUST-00048,P015,Tablet,Electronics,1,1178.83,0,1178.83,0.0,1178.83,Apple Pay,Store
TXN-0059653,2026-08-11,DXB-005,Dubai,CUST-03308,P014,Power Bank,Electronics,1,149.0,15,149.0,22.35,126.65,Card,Online
TXN-0059710,2026-08-11,DXB-003,Dubai,CUST-02075,P012,Pen Pack,Stationery,3,14.61,5,43.84,2.19,41.65,Cash,Store
TXN-0059715,2026-08-11,DXB-002,Dubai,CUST-01056,P007,Office Chair,Furniture,2,667.14,5,1334.29,66.71,1267.57,Cash,Store
TXN-0059809,2026-08-11,DXB-003,Dubai,CUST-02385,P009,Backpack,Accessories,1,199.2,0,199.2,0.0,199.2,Card,Store
TXN-0059822,2026-08-11,DXB-001,Dubai,CUST-00513,P009,Backpack,Accessories,2,210.68,5,421.36,21.07,400.29,Apple Pay,Store
TXN-0059924,2026-08-11,DXB-002,Dubai,CUST-07971,P014,Power Bank,Electronics,1,150.83,10,150.83,15.08,135.74,Card,Store
TXN-0059939,2026-08-11,DXB-003,Dubai,CUST-05470,P010,Printer,Office,3,700.17,5,2100.51,105.03,1995.48,Apple Pay,Online
TXN-0059946,2026-08-11,DXB-005,Dubai,CUST-03992,P011,Notebook,Stationery,1,22.95,15,22.95,3.44,19.5,Bank Transfer,Store
TXN-0059963,2026-08-11,DXB-001,Dubai,CUST-04945,P015,Tablet,Electronics,1,1299.46,0,1299.46,0.0,1299.46,Bank Transfer,Store
TXN-0060007,2026-08-11,DXB-004,Dubai,CUST-03829,P001,Laptop,Electronics,2,2451.01,5,4902.02,245.1,4656.92,Card,Store
TXN-0060055,2026-08-11,DXB-002,Dubai,CUST-00597,P011,Notebook,Stationery,1,23.34,10,23.34,2.33,21.01,Card,Store
TXN-0060118,2026-08-11,DXB-001,Dubai,CUST-05101,P012,Pen Pack,Stationery,1,15.94,0,15.94,0.0,15.94,Card,Store
TXN-0060164,2026-08-11,DXB-003,Dubai,CUST-00698,P001,Laptop,Electronics,1,2956.33,5,2956.33,147.82,2808.51,Cash,Online
TXN-0060234,2026-08-11,DXB-002,Dubai,CUST-06719,P008,Desk,Furniture,1,769.65,20,769.65,153.93,615.72,Card,Store
TXN-0060252,2026-08-11,DXB-003,Dubai,CUST-00276,P009,Backpack,Accessories,2,206.57,0,413.14,0.0,413.14,Cash,Store
TXN-0060302,2026-08-11,DXB-003,Dubai,CUST-02087,P004,Monitor,Electronics,3,934.94,10,2804.83,280.48,2524.34,Card,Store
TXN-0060360,2026-08-11,DXB-002,Dubai,CUST-00568,P005,Keyboard,Accessories,1,179.96,5,179.96,9.0,170.97,Card,Online
TXN-0060390,2026-08-11,DXB-003,Dubai,CUST-03295,P001,Laptop,Electronics,4,2852.56,0,11410.22,0.0,11410.22,Cash,Store
TXN-0060400,2026-08-11,DXB-002,Dubai,CUST-07932,P006,Mouse,Accessories,1,101.68,10,101.68,10.17,91.51,Card,Store
TXN-0060409,2026-08-11,DXB-002,Dubai,CUST-00923,P009,Backpack,Accessories,1,192.09,5,192.09,9.6,182.49,Cash,Online
TXN-0060549,2026-08-11,DXB-001,Dubai,CUST-07510,P004,Monitor,Electronics,2,1001.01,5,2002.01,100.1,1901.91,Apple Pay,Store
TXN-0060572,2026-08-11,DXB-002,Dubai,CUST-06394,P014,Power Bank,Electronics,1,156.75,15,156.75,23.51,133.23,Cash,Store
TXN-0060578,2026-08-11,DXB-001,Dubai,CUST-04981,P010,Printer,Office,1,713.72,5,713.72,35.69,678.04,Card,Store
TXN-0060581,2026-08-11,DXB-002,Dubai,CUST-01855,P007,Office Chair,Furniture,2,693.69,0,1387.38,0.0,1387.38,Card,Online
TXN-0060592,2026-08-11,DXB-001,Dubai,CUST-00469,P001,Laptop,Electronics,2,2810.17,20,5620.33,1124.07,4496.27,Cash,Store
TXN-0060600,2026-08-11,DXB-004,Dubai,CUST-04286,P011,Notebook,Stationery,2,22.67,0,45.35,0.0,45.35,Card,Store
TXN-0060635,2026-08-11,DXB-003,Dubai,CUST-06684,P013,USB Drive,Accessories,4,47.21,10,188.82,18.88,169.94,Bank Transfer,Store
TXN-0060688,2026-08-11,DXB-001,Dubai,CUST-00812,P012,Pen Pack,Stationery,2,14.36,0,28.72,0.0,28.72,Apple Pay,Store
TXN-0060745,2026-08-11,DXB-005,Dubai,CUST-06513,P005,Keyboard,Accessories,2,166.06,0,332.13,0.0,332.13,Apple Pay,Store
TXN-0060855,2026-08-11,DXB-001,Dubai,CUST-06425,P004,Monitor,Electronics,3,838.57,0,2515.7,0.0,2515.7,Apple Pay,Store
TXN-0060881,2026-08-11,DXB-002,Dubai,CUST-01417,P005,Keyboard,Accessories,1,185.39,5,185.39,9.27,176.12,Apple Pay,Online
TXN-0060883,2026-08-11,DXB-003,Dubai,CUST-00558,P012,Pen Pack,Stationery,1,14.67,0,14.67,0.0,14.67,Apple Pay,Store
TXN-0060894,2026-08-11,DXB-003,Dubai,CUST-01161,P004,Monitor,Electronics,1,878.71,0,878.71,0.0,878.71,Apple Pay,Store
TXN-0060942,2026-08-11,DXB-001,Dubai,CUST-03329,P006,Mouse,Accessories,1,107.84,15,107.84,16.18,91.67,Bank Transfer,Online
TXN-0061016,2026-08-11,DXB-005,Dubai,CUST-03244,P006,Mouse,Accessories,2,97.11,5,194.23,9.71,184.52,Bank Transfer,Online
TXN-0061017,2026-08-11,DXB-001,Dubai,CUST-02946,P007,Office Chair,Furniture,3,696.02,0,2088.07,0.0,2088.07,Bank Transfer,Store
TXN-0061060,2026-08-11,DXB-004,Dubai,CUST-00370,P004,Monitor,Electronics,1,861.53,5,861.53,43.08,818.45,Apple Pay,Store
TXN-0061392,2026-08-11,DXB-001,Dubai,CUST-07862,P002,Smartphone,Electronics,1,1721.25,5,1721.25,86.06,1635.18,Cash,Store
TXN-0061481,2026-08-11,DXB-004,Dubai,CUST-02814,P013,USB Drive,Accessories,2,45.05,0,90.1,0.0,90.1,Apple Pay,Store
TXN-0061483,2026-08-11,DXB-004,Dubai,CUST-06546,P008,Desk,Furniture,1,769.57,10,769.57,76.96,692.61,Card,Store
TXN-0061502,2026-08-11,DXB-005,Dubai,CUST-00509,P014,Power Bank,Electronics,1,159.81,0,159.81,0.0,159.81,Apple Pay,Store
TXN-0061540,2026-08-11,DXB-004,Dubai,CUST-00780,P007,Office Chair,Furniture,1,671.73,20,671.73,134.35,537.39,Cash,Online
TXN-0061574,2026-08-11,DXB-003,Dubai,CUST-03081,P002,Smartphone,Electronics,2,1822.63,0,3645.26,0.0,3645.26,Card,Store
TXN-0061651,2026-08-11,DXB-002,Dubai,CUST-03929,P004,Monitor,Electronics,2,927.79,0,1855.57,0.0,1855.57,Apple Pay,Online
TXN-0061760,2026-08-11,DXB-001,Dubai,CUST-00317,P007,Office Chair,Furniture,2,623.4,0,1246.79,0.0,1246.79,Card,Store
TXN-0061888,2026-08-11,DXB-001,Dubai,CUST-01145,P008,Desk,Furniture,1,836.84,15,836.84,125.53,711.32,Card,Store
TXN-0061903,2026-08-11,DXB-005,Dubai,CUST-02831,P002,Smartphone,Electronics,1,1845.63,5,1845.63,92.28,1753.35,Bank Transfer,Online
TXN-0061913,2026-08-11,DXB-001,Dubai,CUST-01603,P014,Power Bank,Electronics,6,137.92,5,827.52,41.38,786.14,Card,Store
TXN-0061994,2026-08-11,DXB-004,Dubai,CUST-00883,P009,Backpack,Accessories,4,229.84,5,919.36,45.97,873.39,Card,Store
TXN-0062078,2026-08-11,DXB-005,Dubai,CUST-06914,P005,Keyboard,Accessories,2,200.18,15,400.37,60.05,340.31,Apple Pay,Store
TXN-0062095,2026-08-11,DXB-001,Dubai,CUST-06623,P007,Office Chair,Furniture,1,620.35,5,620.35,31.02,589.34,Apple Pay,Store
TXN-0062258,2026-08-11,DXB-005,Dubai,CUST-07246,P007,Office Chair,Furniture,2,661.36,0,1322.72,0.0,1322.72,Card,Store
TXN-0062303,2026-08-11,DXB-001,Dubai,CUST-04788,P011,Notebook,Stationery,2,24.35,15,48.69,7.3,41.39,Card,Store
TXN-0062320,2026-08-11,DXB-002,Dubai,CUST-06162,P010,Printer,Office,2,699.44,5,1398.88,69.94,1328.93,Card,Store
TXN-0062375,2026-08-11,DXB-005,Dubai,CUST-04833,P015,Tablet,Electronics,2,1239.07,5,2478.14,123.91,2354.24,Apple Pay,Store
TXN-0062597,2026-08-11,DXB-001,Dubai,CUST-06377,P010,Printer,Office,1,735.07,0,735.07,0.0,735.07,Card,Store
TXN-0062603,2026-08-11,DXB-002,Dubai,CUST-06556,P015,Tablet,Electronics,1,1145.85,20,1145.85,229.17,916.68,Card,Store
TXN-0062607,2026-08-11,DXB-004,Dubai,CUST-01849,P011,Notebook,Stationery,2,26.54,15,53.08,7.96,45.12,Card,Store
TXN-0062618,2026-08-11,DXB-001,Dubai,CUST-07351,P012,Pen Pack,Stationery,2,15.63,15,31.26,4.69,26.57,Card,Online
TXN-0062641,2026-08-11,DXB-001,Dubai,CUST-03283,P010,Printer,Office,3,726.13,10,2178.4,217.84,1960.56,Cash,Store
TXN-0062689,2026-08-11,DXB-002,Dubai,CUST-00423,P013,USB Drive,Accessories,4,48.7,20,194.78,38.96,155.83,Card,Store
TXN-0062711,2026-08-11,DXB-001,Dubai,CUST-06282,P012,Pen Pack,Stationery,1,14.66,0,14.66,0.0,14.66,Apple Pay,Online
TXN-0062896,2026-08-11,DXB-002,Dubai,CUST-07070,P010,Printer,Office,5,659.01,15,3295.05,494.26,2800.79,Card,Store
TXN-0062927,2026-08-11,DXB-004,Dubai,CUST-01134,P003,Headphones,Electronics,1,379.73,10,379.73,37.97,341.76,Cash,Store
TXN-0063053,2026-08-11,DXB-001,Dubai,CUST-04222,P008,Desk,Furniture,1,809.02,0,809.02,0.0,809.02,Card,Store
TXN-0063092,2026-08-11,DXB-002,Dubai,CUST-06811,P002,Smartphone,Electronics,3,1618.35,0,4855.05,0.0,4855.05,Apple Pay,Store
TXN-0063147,2026-08-11,DXB-003,Dubai,CUST-01151,P009,Backpack,Accessories,2,221.66,10,443.33,44.33,398.99,Card,Store
TXN-0063179,2026-08-11,DXB-004,Dubai,CUST-07265,P009,Backpack,Accessories,1,248.13,0,248.13,0.0,248.13,Card,Store
TXN-0063184,2026-08-11,DXB-003,Dubai,CUST-03649,P007,Office Chair,Furniture,1,534.52,0,534.52,0.0,534.52,Apple Pay,Store
TXN-0063216,2026-08-11,DXB-002,Dubai,CUST-04742,P009,Backpack,Accessories,1,221.14,5,221.14,11.06,210.08,Card,Store
TXN-0063346,2026-08-11,DXB-001,Dubai,CUST-04191,P014,Power Bank,Electronics,1,149.78,5,149.78,7.49,142.29,Cash,Store
TXN-0063385,2026-08-11,DXB-005,Dubai,CUST-04546,P013,USB Drive,Accessories,2,39.86,0,79.73,0.0,79.73,Card,Store
TXN-0063395,2026-08-11,DXB-003,Dubai,CUST-07624,P013,USB Drive,Accessories,1,40.22,15,40.22,6.03,34.19,Card,Store
TXN-0063400,2026-08-11,DXB-001,Dubai,CUST-07227,P010,Printer,Office,1,726.09,5,726.09,36.3,689.79,Card,Store
TXN-0063467,2026-08-11,DXB-002,Dubai,CUST-02425,P014,Power Bank,Electronics,5,144.6,10,723.0,72.3,650.7,Card,Store
TXN-0063482,2026-08-11,DXB-003,Dubai,CUST-04421,P013,USB Drive,Accessories,1,46.54,5,46.54,2.33,44.22,Card,Store
TXN-0063510,2026-08-11,DXB-005,Dubai,CUST-02857,P012,Pen Pack,Stationery,2,15.18,15,30.36,4.55,25.81,Card,Store
TXN-0063632,2026-08-11,DXB-001,Dubai,CUST-01776,P010,Printer,Office,1,697.62,10,697.62,69.76,627.85,Card,Store
TXN-0063905,2026-08-11,DXB-004,Dubai,CUST-02261,P004,Monitor,Electronics,2,904.2,0,1808.41,0.0,1808.41,Bank Transfer,Store
TXN-0063908,2026-08-11,DXB-003,Dubai,CUST-07328,P008,Desk,Furniture,1,856.43,10,856.43,85.64,770.79,Cash,Online
TXN-0063948,2026-08-11,DXB-001,Dubai,CUST-01850,P013,USB Drive,Accessories,2,46.87,5,93.74,4.69,89.06,Card,Store
TXN-0064011,2026-08-11,DXB-003,Dubai,CUST-07701,P002,Smartphone,Electronics,1,1830.02,10,1830.02,183.0,1647.02,Apple Pay,Store
TXN-0064026,2026-08-11,DXB-001,Dubai,CUST-02308,P004,Monitor,Electronics,3,955.26,5,2865.79,143.29,2722.5,Apple Pay,Online
TXN-0064029,2026-08-11,DXB-003,Dubai,CUST-05144,P012,Pen Pack,Stationery,2,14.86,10,29.72,2.97,26.75,Bank Transfer,Store
TXN-0064098,2026-08-11,DXB-005,Dubai,CUST-01165,P005,Keyboard,Accessories,1,169.68,10,169.68,16.97,152.71,Card,Online
TXN-0064101,2026-08-11,DXB-004,Dubai,CUST-04471,P007,Office Chair,Furniture,2,643.48,0,1286.96,0.0,1286.96,Cash,Store
TXN-0064214,2026-08-11,DXB-001,Dubai,CUST-01020,P003,Headphones,Electronics,1,382.28,5,382.28,19.11,363.16,Apple Pay,Store
TXN-0064299,2026-08-11,DXB-004,Dubai,CUST-01444,P015,Tablet,Electronics,1,1128.48,0,1128.48,0.0,1128.48,Cash,Online
TXN-0064358,2026-08-11,DXB-001,Dubai,CUST-05155,P004,Monitor,Electronics,1,857.16,0,857.16,0.0,857.16,Bank Transfer,Online
TXN-0064406,2026-08-11,DXB-003,Dubai,CUST-02746,P009,Backpack,Accessories,1,212.05,5,212.05,10.6,201.45,Card,Store
TXN-0064413,2026-08-11,DXB-005,Dubai,CUST-03882,P002,Smartphone,Electronics,1,1730.6,10,1730.6,173.06,1557.54,Apple Pay,Online
TXN-0064414,2026-08-11,DXB-004,Dubai,CUST-01772,P006,Mouse,Accessories,1,108.59,0,108.59,0.0,108.59,Apple Pay,Store
TXN-0064416,2026-08-11,DXB-001,Dubai,CUST-00339,P014,Power Bank,Electronics,1,143.08,10,143.08,14.31,128.77,Bank Transfer,Store
TXN-0064418,2026-08-11,DXB-002,Dubai,CUST-07714,P015,Tablet,Electronics,2,1326.54,5,2653.09,132.65,2520.44,Cash,Store
TXN-0064435,2026-08-11,DXB-004,Dubai,CUST-00698,P009,Backpack,Accessories,1,200.28,0,200.28,0.0,200.28,Card,Online
TXN-0064440,2026-08-11,DXB-002,Dubai,CUST-00721,P011,Notebook,Stationery,1,24.51,5,24.51,1.23,23.29,Card,Store
TXN-0064530,2026-08-11,DXB-001,Dubai,CUST-02247,P002,Smartphone,Electronics,2,1708.6,5,3417.19,170.86,3246.33,Apple Pay,Store
TXN-0064574,2026-08-11,DXB-001,Dubai,CUST-02395,P003,Headphones,Electronics,1,336.5,10,336.5,33.65,302.85,Card,Store
TXN-0064656,2026-08-11,DXB-004,Dubai,CUST-00950,P007,Office Chair,Furniture,5,620.51,0,3102.54,0.0,3102.54,Card,Store
TXN-0064714,2026-08-11,DXB-002,Dubai,CUST-01271,P015,Tablet,Electronics,1,1090.84,10,1090.84,109.08,981.76,Apple Pay,Store
TXN-0064718,2026-08-11,DXB-001,Dubai,CUST-07455,P009,Backpack,Accessories,2,214.73,5,429.47,21.47,408.0,Card,Online
TXN-0064811,2026-08-11,DXB-002,Dubai,CUST-06929,P007,Office Chair,Furniture,2,612.85,0,1225.7,0.0,1225.7,Apple Pay,Store
TXN-0064819,2026-08-11,DXB-003,Dubai,CUST-02176,P010,Printer,Office,1,813.37,5,813.37,40.67,772.7,Card,Store
TXN-0064907,2026-08-11,DXB-004,Dubai,CUST-02535,P003,Headphones,Electronics,2,362.49,0,724.98,0.0,724.98,Cash,Store
TXN-0064978,2026-08-11,DXB-003,Dubai,CUST-03783,P012,Pen Pack,Stationery,2,14.87,15,29.75,4.46,25.28,Cash,Store
TXN-0065104,2026-08-11,DXB-002,Dubai,CUST-01145,P012,Pen Pack,Stationery,2,13.21,5,26.41,1.32,25.09,Bank Transfer,Store
TXN-0065122,2026-08-11,DXB-004,Dubai,CUST-01009,P014,Power Bank,Electronics,1,156.74,5,156.74,7.84,148.91,Card,Store
TXN-0065169,2026-08-11,DXB-003,Dubai,CUST-03474,P002,Smartphone,Electronics,1,1724.34,0,1724.34,0.0,1724.34,Bank Transfer,Store
TXN-0065177,2026-08-11,DXB-005,Dubai,CUST-00704,P010,Printer,Office,2,745.38,5,1490.76,74.54,1416.22,Card,Online
TXN-0065191,2026-08-11,DXB-005,Dubai,CUST-00541,P013,USB Drive,Accessories,1,46.43,10,46.43,4.64,41.79,Apple Pay,Store
TXN-0065244,2026-08-11,DXB-001,Dubai,CUST-01527,P006,Mouse,Accessories,1,100.82,0,100.82,0.0,100.82,Card,Store
TXN-0065267,2026-08-11,DXB-002,Dubai,CUST-03320,P010,Printer,Office,3,715.12,10,2145.37,214.54,1930.84,Card,Store
TXN-0065370,2026-08-11,DXB-001,Dubai,CUST-01995,P002,Smartphone,Electronics,2,1775.6,10,3551.2,355.12,3196.08,Apple Pay,Store
TXN-0065395,2026-08-11,DXB-003,Dubai,CUST-00934,P014,Power Bank,Electronics,2,138.54,5,277.07,13.85,263.22,Card,Store
TXN-0065426,2026-08-11,DXB-001,Dubai,CUST-03868,P007,Office Chair,Furniture,3,679.67,15,2039.0,305.85,1733.15,Card,Store
TXN-0065522,2026-08-11,DXB-004,Dubai,CUST-07383,P014,Power Bank,Electronics,5,157.09,10,785.47,78.55,706.92,Card,Store
TXN-0065618,2026-08-11,DXB-002,Dubai,CUST-02983,P009,Backpack,Accessories,2,229.19,0,458.37,0.0,458.37,Cash,Store
TXN-0065631,2026-08-11,DXB-003,Dubai,CUST-06062,P003,Headphones,Electronics,2,336.5,0,673.01,0.0,673.01,Card,Store
TXN-0065792,2026-08-11,DXB-002,Dubai,CUST-01462,P004,Monitor,Electronics,1,896.84,15,896.84,134.53,762.32,Card,Store
TXN-0065827,2026-08-11,DXB-002,Dubai,CUST-05855,P003,Headphones,Electronics,1,364.56,0,364.56,0.0,364.56,Cash,Store
TXN-0065874,2026-08-11,DXB-002,Dubai,CUST-06313,P009,Backpack,Accessories,1,201.81,10,201.81,20.18,181.63,Card,Store
TXN-0065877,2026-08-11,DXB-002,Dubai,CUST-04891,P013,USB Drive,Accessories,1,42.45,15,42.45,6.37,36.08,Card,Store
TXN-0065979,2026-08-11,DXB-001,Dubai,CUST-06344,P003,Headphones,Electronics,2,353.66,10,707.32,70.73,636.59,Card,Store
TXN-0065984,2026-08-11,DXB-005,Dubai,CUST-07165,P005,Keyboard,Accessories,4,184.26,10,737.05,73.7,663.34,Card,Store
TXN-0066037,2026-08-11,DXB-002,Dubai,CUST-06787,P001,Laptop,Electronics,1,2766.79,0,2766.79,0.0,2766.79,Card,Store
TXN-0066075,2026-08-11,DXB-005,Dubai,CUST-01427,P006,Mouse,Accessories,4,102.35,15,409.39,61.41,347.98,Apple Pay,Store
TXN-0066077,2026-08-11,DXB-001,Dubai,CUST-02834,P008,Desk,Furniture,3,826.39,15,2479.16,371.87,2107.28,Bank Transfer,Store
TXN-0066197,2026-08-11,DXB-005,Dubai,CUST-04410,P003,Headphones,Electronics,2,365.24,20,730.48,146.1,584.38,Apple Pay,Online
TXN-0066206,2026-08-11,DXB-001,Dubai,CUST-04084,P004,Monitor,Electronics,1,867.51,10,867.51,86.75,780.76,Bank Transfer,Online
TXN-0066272,2026-08-11,DXB-005,Dubai,CUST-00924,P003,Headphones,Electronics,2,361.37,15,722.74,108.41,614.33,Card,Store
TXN-0066357,2026-08-11,DXB-001,Dubai,CUST-01322,P007,Office Chair,Furniture,3,612.5,10,1837.51,183.75,1653.76,Apple Pay,Online
TXN-0066384,2026-08-11,DXB-003,Dubai,CUST-04407,P015,Tablet,Electronics,1,1079.5,5,1079.5,53.98,1025.53,Apple Pay,Store
TXN-0066386,2026-08-11,DXB-005,Dubai,CUST-01983,P003,Headphones,Electronics,1,338.65,5,338.65,16.93,321.72,Bank Transfer,Online
TXN-0066437,2026-08-11,DXB-001,Dubai,CUST-06114,P013,USB Drive,Accessories,1,44.27,15,44.27,6.64,37.63,Bank Transfer,Store
TXN-0066580,2026-08-11,DXB-003,Dubai,CUST-06183,P015,Tablet,Electronics,1,1174.03,0,1174.03,0.0,1174.03,Bank Transfer,Online
TXN-0066879,2026-08-11,DXB-005,Dubai,CUST-01048,P001,Laptop,Electronics,3,2405.7,5,7217.1,360.85,6856.24,Card,Store
TXN-0066892,2026-08-11,DXB-002,Dubai,CUST-03374,P013,USB Drive,Accessories,3,41.0,5,123.01,6.15,116.86,Card,Store
TXN-0066970,2026-08-11,DXB-001,Dubai,CUST-05144,P008,Desk,Furniture,1,897.91,0,897.91,0.0,897.91,Apple Pay,Store
TXN-0066979,2026-08-11,DXB-003,Dubai,CUST-03594,P010,Printer,Office,1,658.88,20,658.88,131.78,527.11,Apple Pay,Store
TXN-0066982,2026-08-11,DXB-001,Dubai,CUST-06479,P009,Backpack,Accessories,1,219.98,0,219.98,0.0,219.98,Apple Pay,Store
TXN-0067005,2026-08-11,DXB-001,Dubai,CUST-02244,P012,Pen Pack,Stationery,4,14.43,15,57.73,8.66,49.07,Apple Pay,Online
TXN-0067123,2026-08-11,DXB-005,Dubai,CUST-06833,P005,Keyboard,Accessories,1,174.57,10,174.57,17.46,157.12,Card,Store
TXN-0067138,2026-08-11,DXB-004,Dubai,CUST-00061,P001,Laptop,Electronics,3,3049.54,0,9148.62,0.0,9148.62,Card,Store
TXN-0067172,2026-08-11,DXB-005,Dubai,CUST-03631,P015,Tablet,Electronics,4,1346.77,0,5387.09,0.0,5387.09,Apple Pay,Online
TXN-0067179,2026-08-11,DXB-003,Dubai,CUST-03635,P001,Laptop,Electronics,1,2570.74,10,2570.74,257.07,2313.67,Card,Store
TXN-0067259,2026-08-11,DXB-005,Dubai,CUST-05001,P006,Mouse,Accessories,1,97.65,0,97.65,0.0,97.65,Card,Online
TXN-0067283,2026-08-11,DXB-003,Dubai,CUST-00946,P014,Power Bank,Electronics,1,150.16,15,150.16,22.52,127.64,Cash,Online
TXN-0067305,2026-08-11,DXB-004,Dubai,CUST-02337,P009,Backpack,Accessories,4,234.94,5,939.74,46.99,892.75,Cash,Online
TXN-0067351,2026-08-11,DXB-001,Dubai,CUST-04525,P010,Printer,Office,1,685.43,5,685.43,34.27,651.16,Bank Transfer,Online
TXN-0067368,2026-08-11,DXB-001,Dubai,CUST-00025,P006,Mouse,Accessories,1,89.28,0,89.28,0.0,89.28,Cash,Store
TXN-0067390,2026-08-11,DXB-004,Dubai,CUST-00611,P014,Power Bank,Electronics,2,133.38,15,266.77,40.02,226.75,Card,Store
TXN-0067405,2026-08-11,DXB-001,Dubai,CUST-07070,P011,Notebook,Stationery,1,25.3,0,25.3,0.0,25.3,Bank Transfer,Store
TXN-0067417,2026-08-11,DXB-004,Dubai,CUST-03879,P010,Printer,Office,4,654.26,15,2617.04,392.56,2224.49,Bank Transfer,Online
TXN-0067734,2026-08-11,DXB-003,Dubai,CUST-00423,P004,Monitor,Electronics,3,839.44,10,2518.33,251.83,2266.49,Card,Online
TXN-0067757,2026-08-11,DXB-001,Dubai,CUST-06855,P012,Pen Pack,Stationery,1,14.5,10,14.5,1.45,13.05,Apple Pay,Store
TXN-0067863,2026-08-11,DXB-001,Dubai,CUST-01276,P005,Keyboard,Accessories,1,165.87,10,165.87,16.59,149.28,Apple Pay,Online
TXN-0067955,2026-08-11,DXB-002,Dubai,CUST-07725,P005,Keyboard,Accessories,1,183.94,15,183.94,27.59,156.35,Card,Store
TXN-0068092,2026-08-11,DXB-001,Dubai,CUST-00478,P005,Keyboard,Accessories,2,182.95,15,365.9,54.88,311.01,Apple Pay,Store
TXN-0068195,2026-08-11,DXB-005,Dubai,CUST-04975,P012,Pen Pack,Stationery,2,14.47,0,28.95,0.0,28.95,Cash,Store
TXN-0068235,2026-08-11,DXB-001,Dubai,CUST-06724,P001,Laptop,Electronics,1,2871.36,10,2871.36,287.14,2584.22,Apple Pay,Store
TXN-0068284,2026-08-11,DXB-002,Dubai,CUST-02346,P001,Laptop,Electronics,1,2678.74,5,2678.74,133.94,2544.8,Cash,Store
TXN-0068487,2026-08-11,DXB-004,Dubai,CUST-07559,P008,Desk,Furniture,1,805.18,0,805.18,0.0,805.18,Apple Pay,Store
TXN-0068628,2026-08-11,DXB-001,Dubai,CUST-06358,P001,Laptop,Electronics,2,2918.75,0,5837.5,0.0,5837.5,Bank Transfer,Store
TXN-0068760,2026-08-11,DXB-005,Dubai,CUST-03146,P007,Office Chair,Furniture,2,634.9,0,1269.8,0.0,1269.8,Cash,Store
TXN-0068833,2026-08-11,DXB-001,Dubai,CUST-07722,P006,Mouse,Accessories,1,95.37,0,95.37,0.0,95.37,Cash,Online
TXN-0068853,2026-08-11,DXB-005,Dubai,CUST-01570,P015,Tablet,Electronics,6,1054.22,0,6325.31,0.0,6325.31,Apple Pay,Store
TXN-0068977,2026-08-11,DXB-001,Dubai,CUST-07892,P013,USB Drive,Accessories,1,49.28,0,49.28,0.0,49.28,Cash,Online
TXN-0068985,2026-08-11,DXB-005,Dubai,CUST-01063,P013,USB Drive,Accessories,2,50.06,0,100.11,0.0,100.11,Apple Pay,Store
TXN-0069017,2026-08-11,DXB-003,Dubai,CUST-04510,P013,USB Drive,Accessories,2,48.08,10,96.15,9.62,86.54,Card,Store
TXN-0069087,2026-08-11,DXB-005,Dubai,CUST-07012,P004,Monitor,Electronics,1,1007.51,0,1007.51,0.0,1007.51,Cash,Store
TXN-0069212,2026-08-11,DXB-003,Dubai,CUST-01405,P005,Keyboard,Accessories,1,180.72,0,180.72,0.0,180.72,Card,Store
TXN-0069216,2026-08-11,DXB-002,Dubai,CUST-05087,P010,Printer,Office,1,680.79,0,680.79,0.0,680.79,Cash,Store
TXN-0069274,2026-08-11,DXB-002,Dubai,CUST-04808,P009,Backpack,Accessories,1,201.25,0,201.25,0.0,201.25,Cash,Store
TXN-0069379,2026-08-11,DXB-002,Dubai,CUST-07728,P003,Headphones,Electronics,1,389.82,0,389.82,0.0,389.82,Card,Store
TXN-0069523,2026-08-11,DXB-001,Dubai,CUST-00464,P013,USB Drive,Accessories,1,39.18,10,39.18,3.92,35.26,Apple Pay,Store
TXN-0069662,2026-08-11,DXB-004,Dubai,CUST-07267,P004,Monitor,Electronics,4,866.98,0,3467.91,0.0,3467.91,Cash,Store
TXN-0069740,2026-08-11,DXB-005,Dubai,CUST-07041,P004,Monitor,Electronics,1,861.34,15,861.34,129.2,732.14,Card,Store
TXN-0069940,2026-08-11,DXB-001,Dubai,CUST-01087,P011,Notebook,Stationery,1,26.56,5,26.56,1.33,25.23,Apple Pay,Online
TXN-0069943,2026-08-11,DXB-002,Dubai,CUST-06259,P009,Backpack,Accessories,3,219.18,0,657.54,0.0,657.54,Card,Store
TXN-0069993,2026-08-11,DXB-002,Dubai,CUST-01393,P003,Headphones,Electronics,4,381.38,0,1525.52,0.0,1525.52,Apple Pay,Online
TXN-0070266,2026-08-11,DXB-005,Dubai,CUST-05758,P010,Printer,Office,2,680.51,0,1361.02,0.0,1361.02,Card,Store
TXN-0070297,2026-08-11,DXB-003,Dubai,CUST-06088,P010,Printer,Office,1,768.36,0,768.36,0.0,768.36,Apple Pay,Store
TXN-0070357,2026-08-11,DXB-005,Dubai,CUST-07591,P008,Desk,Furniture,1,765.06,0,765.06,0.0,765.06,Card,Store
TXN-0070389,2026-08-11,DXB-003,Dubai,CUST-06519,P001,Laptop,Electronics,1,3030.18,0,3030.18,0.0,3030.18,Card,Store
TXN-0070540,2026-08-11,DXB-004,Dubai,CUST-04099,P014,Power Bank,Electronics,1,150.75,5,150.75,7.54,143.22,Card,Store
TXN-0070578,2026-08-11,DXB-004,Dubai,CUST-00861,P009,Backpack,Accessories,3,204.35,10,613.05,61.3,551.74,Apple Pay,Online
TXN-0070632,2026-08-11,DXB-005,Dubai,CUST-00267,P003,Headphones,Electronics,3,356.72,5,1070.15,53.51,1016.65,Cash,Store
TXN-0070658,2026-08-11,DXB-005,Dubai,CUST-04258,P005,Keyboard,Accessories,2,194.75,0,389.51,0.0,389.51,Card,Online
TXN-0070663,2026-08-11,DXB-003,Dubai,CUST-02288,P003,Headphones,Electronics,3,362.89,0,1088.67,0.0,1088.67,Card,Store
TXN-0070720,2026-08-11,DXB-005,Dubai,CUST-05821,P013,USB Drive,Accessories,2,44.52,5,89.04,4.45,84.59,Apple Pay,Store
TXN-0070764,2026-08-11,DXB-003,Dubai,CUST-01056,P007,Office Chair,Furniture,2,632.76,5,1265.53,63.28,1202.25,Card,Online
TXN-0070782,2026-08-11,DXB-001,Dubai,CUST-04560,P012,Pen Pack,Stationery,2,14.55,0,29.11,0.0,29.11,Bank Transfer,Store
TXN-0070881,2026-08-11,DXB-005,Dubai,CUST-04109,P014,Power Bank,Electronics,1,141.74,10,141.74,14.17,127.57,Cash,Store
TXN-0070992,2026-08-11,DXB-003,Dubai,CUST-05491,P007,Office Chair,Furniture,2,681.38,5,1362.76,68.14,1294.62,Card,Store
TXN-0071006,2026-08-11,DXB-003,Dubai,CUST-04492,P015,Tablet,Electronics,1,1362.22,5,1362.22,68.11,1294.11,Card,Store
TXN-0071034,2026-08-11,DXB-005,Dubai,CUST-07793,P007,Office Chair,Furniture,1,658.52,10,658.52,65.85,592.66,Apple Pay,Store
TXN-0071145,2026-08-11,DXB-004,Dubai,CUST-05536,P006,Mouse,Accessories,2,103.97,0,207.95,0.0,207.95,Apple Pay,Store
TXN-0071204,2026-08-11,DXB-004,Dubai,CUST-01463,P007,Office Chair,Furniture,1,664.45,0,664.45,0.0,664.45,Apple Pay,Store
TXN-0071229,2026-08-11,DXB-002,Dubai,CUST-07475,P007,Office Chair,Furniture,1,672.71,5,672.71,33.64,639.08,Cash,Store
TXN-0071293,2026-08-11,DXB-004,Dubai,CUST-01791,P010,Printer,Office,1,696.55,10,696.55,69.66,626.9,Apple Pay,Store
TXN-0071330,2026-08-11,DXB-004,Dubai,CUST-05117,P006,Mouse,Accessories,6,100.13,10,600.8,60.08,540.72,Apple Pay,Store
TXN-0071457,2026-08-11,DXB-004,Dubai,CUST-07607,P014,Power Bank,Electronics,1,151.33,0,151.33,0.0,151.33,Card,Store
TXN-0071516,2026-08-11,DXB-004,Dubai,CUST-07991,P004,Monitor,Electronics,1,794.26,10,794.26,79.43,714.83,Cash,Online
TXN-0071580,2026-08-11,DXB-002,Dubai,CUST-00758,P013,USB Drive,Accessories,1,47.42,0,47.42,0.0,47.42,Card,Store
TXN-0071602,2026-08-11,DXB-002,Dubai,CUST-04653,P001,Laptop,Electronics,1,2620.64,5,2620.64,131.03,2489.61,Apple Pay,Store
TXN-0071622,2026-08-11,DXB-004,Dubai,CUST-06879,P003,Headphones,Electronics,2,360.82,5,721.64,36.08,685.56,Cash,Store
TXN-0071631,2026-08-11,DXB-003,Dubai,CUST-06743,P001,Laptop,Electronics,1,3227.87,0,3227.87,0.0,3227.87,Card,Store
TXN-0071764,2026-08-11,DXB-001,Dubai,CUST-05407,P006,Mouse,Accessories,1,107.62,5,107.62,5.38,102.24,Card,Online
TXN-0071792,2026-08-11,DXB-003,Dubai,CUST-04377,P013,USB Drive,Accessories,1,44.59,0,44.59,0.0,44.59,Bank Transfer,Store
TXN-0071802,2026-08-11,DXB-003,Dubai,CUST-01557,P014,Power Bank,Electronics,2,158.03,10,316.07,31.61,284.46,Card,Store
TXN-0071841,2026-08-11,DXB-002,Dubai,CUST-03238,P008,Desk,Furniture,1,860.14,10,860.14,86.01,774.13,Apple Pay,Store
TXN-0071923,2026-08-11,DXB-001,Dubai,CUST-05880,P004,Monitor,Electronics,3,941.21,5,2823.63,141.18,2682.45,Cash,Store
TXN-0072045,2026-08-11,DXB-002,Dubai,CUST-03279,P001,Laptop,Electronics,2,2596.74,10,5193.48,519.35,4674.13,Card,Store
TXN-0072164,2026-08-11,DXB-004,Dubai,CUST-05037,P001,Laptop,Electronics,1,2808.74,15,2808.74,421.31,2387.43,Card,Store
TXN-0072165,2026-08-11,DXB-003,Dubai,CUST-06142,P009,Backpack,Accessories,1,215.31,10,215.31,21.53,193.78,Card,Store
TXN-0072276,2026-08-11,DXB-002,Dubai,CUST-00018,P011,Notebook,Stationery,3,26.66,5,79.99,4.0,75.99,Cash,Online
TXN-0072332,2026-08-11,DXB-005,Dubai,CUST-03063,P012,Pen Pack,Stationery,2,15.67,15,31.34,4.7,26.64,Card,Store
TXN-0072342,2026-08-11,DXB-002,Dubai,CUST-02914,P010,Printer,Office,1,784.35,10,784.35,78.43,705.91,Bank Transfer,Store
TXN-0072416,2026-08-11,DXB-003,Dubai,CUST-06000,P015,Tablet,Electronics,5,1164.65,10,5823.27,582.33,5240.94,Cash,Online
TXN-0072460,2026-08-11,DXB-005,Dubai,CUST-07528,P005,Keyboard,Accessories,1,160.14,5,160.14,8.01,152.14,Card,Online
TXN-0072541,2026-08-11,DXB-005,Dubai,CUST-02230,P009,Backpack,Accessories,1,205.88,10,205.88,20.59,185.29,Cash,Store
TXN-0072559,2026-08-11,DXB-004,Dubai,CUST-02930,P014,Power Bank,Electronics,4,144.75,0,578.98,0.0,578.98,Card,Store
TXN-0072675,2026-08-11,DXB-002,Dubai,CUST-07178,P009,Backpack,Accessories,6,250.56,10,1503.36,150.34,1353.03,Apple Pay,Store
TXN-0072721,2026-08-11,DXB-003,Dubai,CUST-00511,P009,Backpack,Accessories,4,212.68,5,850.72,42.54,808.18,Apple Pay,Store
TXN-0072775,2026-08-11,DXB-001,Dubai,CUST-07096,P003,Headphones,Electronics,1,330.64,10,330.64,33.06,297.57,Card,Store
TXN-0072809,2026-08-11,DXB-005,Dubai,CUST-02842,P006,Mouse,Accessories,3,102.48,0,307.43,0.0,307.43,Card,Online
TXN-0072821,2026-08-11,DXB-005,Dubai,CUST-04957,P013,USB Drive,Accessories,1,42.46,10,42.46,4.25,38.21,Card,Store
TXN-0072842,2026-08-11,DXB-002,Dubai,CUST-05713,P006,Mouse,Accessories,1,99.58,10,99.58,9.96,89.62,Cash,Store
TXN-0072938,2026-08-11,DXB-004,Dubai,CUST-06894,P007,Office Chair,Furniture,1,648.94,20,648.94,129.79,519.15,Apple Pay,Store
TXN-0072967,2026-08-11,DXB-001,Dubai,CUST-07838,P015,Tablet,Electronics,1,1249.34,5,1249.34,62.47,1186.87,Apple Pay,Store
TXN-0073065,2026-08-11,DXB-003,Dubai,CUST-05864,P003,Headphones,Electronics,3,316.36,0,949.09,0.0,949.09,Cash,Store
TXN-0073332,2026-08-11,DXB-005,Dubai,CUST-01064,P004,Monitor,Electronics,1,846.46,0,846.46,0.0,846.46,Card,Online
TXN-0073566,2026-08-11,DXB-003,Dubai,CUST-01476,P005,Keyboard,Accessories,4,204.05,5,816.19,40.81,775.38,Card,Online
TXN-0073854,2026-08-11,DXB-002,Dubai,CUST-06522,P002,Smartphone,Electronics,1,1804.88,0,1804.88,0.0,1804.88,Card,Online
TXN-0073902,2026-08-11,DXB-004,Dubai,CUST-01832,P012,Pen Pack,Stationery,1,15.71,10,15.71,1.57,14.14,Apple Pay,Online
TXN-0074000,2026-08-11,DXB-005,Dubai,CUST-07544,P009,Backpack,Accessories,1,237.24,5,237.24,11.86,225.38,Card,Online
TXN-0074041,2026-08-11,DXB-003,Dubai,CUST-05210,P007,Office Chair,Furniture,2,608.74,5,1217.48,60.87,1156.6,Card,Store
TXN-0074043,2026-08-11,DXB-001,Dubai,CUST-05956,P011,Notebook,Stationery,1,26.95,0,26.95,0.0,26.95,Apple Pay,Store
TXN-0074045,2026-08-11,DXB-002,Dubai,CUST-07184,P009,Backpack,Accessories,2,210.59,0,421.18,0.0,421.18,Card,Online
TXN-0074046,2026-08-11,DXB-001,Dubai,CUST-04509,P013,USB Drive,Accessories,2,46.36,0,92.72,0.0,92.72,Card,Store
TXN-0074063,2026-08-11,DXB-001,Dubai,CUST-03419,P005,Keyboard,Accessories,5,184.13,0,920.67,0.0,920.67,Apple Pay,Online
TXN-0074096,2026-08-11,DXB-002,Dubai,CUST-05119,P011,Notebook,Stationery,1,23.45,0,23.45,0.0,23.45,Card,Online
TXN-0074231,2026-08-11,DXB-005,Dubai,CUST-06533,P007,Office Chair,Furniture,1,699.26,5,699.26,34.96,664.3,Card,Online
TXN-0074251,2026-08-11,DXB-001,Dubai,CUST-05975,P013,USB Drive,Accessories,1,47.57,0,47.57,0.0,47.57,Apple Pay,Store
TXN-0074287,2026-08-11,DXB-005,Dubai,CUST-00671,P015,Tablet,Electronics,5,1180.61,5,5903.05,295.15,5607.9,Card,Store
TXN-0074301,2026-08-11,DXB-005,Dubai,CUST-06362,P007,Office Chair,Furniture,2,665.47,0,1330.95,0.0,1330.95,Cash,Store
TXN-0074311,2026-08-11,DXB-001,Dubai,CUST-00660,P008,Desk,Furniture,1,806.21,5,806.21,40.31,765.9,Card,Online
TXN-0074335,2026-08-11,DXB-002,Dubai,CUST-03635,P005,Keyboard,Accessories,1,162.0,5,162.0,8.1,153.9,Bank Transfer,Online
TXN-0074358,2026-08-11,DXB-002,Dubai,CUST-01126,P011,Notebook,Stationery,1,23.84,5,23.84,1.19,22.65,Card,Online
TXN-0074365,2026-08-11,DXB-004,Dubai,CUST-01697,P007,Office Chair,Furniture,1,651.89,0,651.89,0.0,651.89,Cash,Store
TXN-0074473,2026-08-11,DXB-003,Dubai,CUST-07495,P011,Notebook,Stationery,4,21.31,10,85.22,8.52,76.7,Card,Store
TXN-0074474,2026-08-11,DXB-001,Dubai,CUST-07808,P012,Pen Pack,Stationery,1,13.4,10,13.4,1.34,12.06,Card,Online
TXN-0074484,2026-08-11,DXB-002,Dubai,CUST-06530,P010,Printer,Office,2,740.29,0,1480.59,0.0,1480.59,Bank Transfer,Store
TXN-0074528,2026-08-11,DXB-001,Dubai,CUST-01047,P007,Office Chair,Furniture,3,646.08,5,1938.23,96.91,1841.32,Cash,Store
TXN-0074543,2026-08-11,DXB-004,Dubai,CUST-04528,P014,Power Bank,Electronics,1,156.68,5,156.68,7.83,148.85,Apple Pay,Store
TXN-0074574,2026-08-11,DXB-001,Dubai,CUST-06805,P006,Mouse,Accessories,2,100.33,15,200.66,30.1,170.56,Cash,Store
TXN-0074583,2026-08-11,DXB-004,Dubai,CUST-06254,P009,Backpack,Accessories,1,231.03,10,231.03,23.1,207.93,Bank Transfer,Online
TXN-0074589,2026-08-11,DXB-004,Dubai,CUST-06055,P013,USB Drive,Accessories,2,44.8,10,89.59,8.96,80.63,Card,Store
TXN-0074625,2026-08-11,DXB-005,Dubai,CUST-00664,P014,Power Bank,Electronics,1,162.93,15,162.93,24.44,138.49,Cash,Store
TXN-0074670,2026-08-11,DXB-001,Dubai,CUST-07609,P015,Tablet,Electronics,4,1290.9,5,5163.6,258.18,4905.42,Apple Pay,Store
TXN-0074700,2026-08-11,DXB-001,Dubai,CUST-02966,P006,Mouse,Accessories,1,101.58,5,101.58,5.08,96.5,Card,Store
TXN-0074813,2026-08-11,DXB-001,Dubai,CUST-00437,P012,Pen Pack,Stationery,1,14.67,10,14.67,1.47,13.2,Card,Online
TXN-0074854,2026-08-11,DXB-002,Dubai,CUST-04475,P014,Power Bank,Electronics,6,161.74,5,970.42,48.52,921.9,Cash,Store
TXN-0074930,2026-08-11,DXB-005,Dubai,CUST-01243,P009,Backpack,Accessories,1,238.4,0,238.4,0.0,238.4,Apple Pay,Store
TXN-0075018,2026-08-11,DXB-002,Dubai,CUST-01862,P010,Printer,Office,3,723.91,10,2171.72,217.17,1954.55,Card,Store
TXN-0075259,2026-08-11,DXB-002,Dubai,CUST-00628,P003,Headphones,Electronics,1,345.87,5,345.87,17.29,328.58,Cash,Store
TXN-0075362,2026-08-11,DXB-001,Dubai,CUST-07877,P011,Notebook,Stationery,1,23.15,0,23.15,0.0,23.15,Cash,Store
TXN-0075381,2026-08-11,DXB-001,Dubai,CUST-04036,P002,Smartphone,Electronics,2,1734.05,5,3468.1,173.4,3294.69,Cash,Store
TXN-0075513,2026-08-11,DXB-001,Dubai,CUST-03828,P002,Smartphone,Electronics,1,1664.04,20,1664.04,332.81,1331.23,Card,Online
TXN-0075555,2026-08-11,DXB-001,Dubai,CUST-02437,P004,Monitor,Electronics,1,838.16,10,838.16,83.82,754.35,Card,Store
TXN-0075627,2026-08-11,DXB-002,Dubai,CUST-05048,P002,Smartphone,Electronics,4,2059.7,10,8238.79,823.88,7414.91,Apple Pay,Store
TXN-0075675,2026-08-11,DXB-001,Dubai,CUST-00720,P015,Tablet,Electronics,1,1226.58,0,1226.58,0.0,1226.58,Cash,Store
TXN-0075693,2026-08-11,DXB-001,Dubai,CUST-07773,P004,Monitor,Electronics,6,837.33,0,5023.99,0.0,5023.99,Card,Online
TXN-0075861,2026-08-11,DXB-003,Dubai,CUST-00883,P006,Mouse,Accessories,1,105.91,5,105.91,5.3,100.62,Apple Pay,Online
TXN-0075922,2026-08-11,DXB-005,Dubai,CUST-02746,P004,Monitor,Electronics,1,902.51,10,902.51,90.25,812.26,Cash,Store
TXN-0075945,2026-08-11,DXB-002,Dubai,CUST-05221,P015,Tablet,Electronics,2,1220.73,15,2441.46,366.22,2075.24,Apple Pay,Store
TXN-0075946,2026-08-11,DXB-005,Dubai,CUST-05521,P003,Headphones,Electronics,1,350.69,0,350.69,0.0,350.69,Card,Store
TXN-0075968,2026-08-11,DXB-002,Dubai,CUST-01228,P008,Desk,Furniture,1,786.65,5,786.65,39.33,747.32,Card,Store
TXN-0076042,2026-08-11,DXB-003,Dubai,CUST-04699,P013,USB Drive,Accessories,2,47.04,20,94.08,18.82,75.27,Card,Store
TXN-0076077,2026-08-11,DXB-002,Dubai,CUST-03246,P007,Office Chair,Furniture,6,630.78,15,3784.67,567.7,3216.97,Apple Pay,Store
TXN-0076199,2026-08-11,DXB-005,Dubai,CUST-06754,P013,USB Drive,Accessories,3,44.48,10,133.44,13.34,120.1,Card,Online
TXN-0076213,2026-08-11,DXB-003,Dubai,CUST-04959,P003,Headphones,Electronics,2,350.47,15,700.93,105.14,595.79,Apple Pay,Online
TXN-0076338,2026-08-11,DXB-001,Dubai,CUST-05855,P005,Keyboard,Accessories,1,160.2,5,160.2,8.01,152.19,Bank Transfer,Store
TXN-0076391,2026-08-11,DXB-001,Dubai,CUST-05886,P015,Tablet,Electronics,1,1198.34,5,1198.34,59.92,1138.42,Bank Transfer,Store
TXN-0076412,2026-08-11,DXB-004,Dubai,CUST-05069,P011,Notebook,Stationery,4,25.2,0,100.8,0.0,100.8,Apple Pay,Online
TXN-0076441,2026-08-11,DXB-003,Dubai,CUST-00630,P007,Office Chair,Furniture,1,619.45,0,619.45,0.0,619.45,Card,Store
TXN-0076495,2026-08-11,DXB-003,Dubai,CUST-01823,P006,Mouse,Accessories,1,104.99,10,104.99,10.5,94.49,Cash,Store
TXN-0076531,2026-08-11,DXB-002,Dubai,CUST-00832,P006,Mouse,Accessories,1,100.04,5,100.04,5.0,95.04,Card,Store
TXN-0076673,2026-08-11,DXB-003,Dubai,CUST-07655,P011,Notebook,Stationery,1,23.93,0,23.93,0.0,23.93,Apple Pay,Store
TXN-0076844,2026-08-11,DXB-003,Dubai,CUST-07546,P006,Mouse,Accessories,3,105.64,5,316.91,15.85,301.07,Card,Online
TXN-0076880,2026-08-11,DXB-004,Dubai,CUST-00372,P010,Printer,Office,1,711.73,5,711.73,35.59,676.15,Bank Transfer,Store
TXN-0076927,2026-08-11,DXB-003,Dubai,CUST-07654,P012,Pen Pack,Stationery,3,15.03,10,45.08,4.51,40.57,Card,Store
TXN-0076989,2026-08-11,DXB-001,Dubai,CUST-02445,P008,Desk,Furniture,4,785.88,0,3143.51,0.0,3143.51,Cash,Online
TXN-0076991,2026-08-11,DXB-004,Dubai,CUST-06755,P007,Office Chair,Furniture,1,648.49,5,648.49,32.42,616.07,Cash,Store
TXN-0077127,2026-08-11,DXB-003,Dubai,CUST-07727,P005,Keyboard,Accessories,2,181.3,0,362.59,0.0,362.59,Card,Store
TXN-0077165,2026-08-11,DXB-002,Dubai,CUST-03043,P006,Mouse,Accessories,1,90.11,5,90.11,4.51,85.61,Apple Pay,Online
TXN-0077250,2026-08-11,DXB-005,Dubai,CUST-06226,P006,Mouse,Accessories,3,104.8,5,314.39,15.72,298.67,Card,Store
TXN-0077513,2026-08-11,DXB-005,Dubai,CUST-06619,P010,Printer,Office,1,706.72,10,706.72,70.67,636.05,Bank Transfer,Store
TXN-0077528,2026-08-11,DXB-002,Dubai,CUST-05123,P003,Headphones,Electronics,1,321.1,0,321.1,0.0,321.1,Apple Pay,Online
TXN-0077530,2026-08-11,DXB-003,Dubai,CUST-07780,P006,Mouse,Accessories,1,94.65,5,94.65,4.73,89.92,Card,Online
TXN-0077542,2026-08-11,DXB-002,Dubai,CUST-06661,P011,Notebook,Stationery,1,24.35,0,24.35,0.0,24.35,Cash,Store
TXN-0077622,2026-08-11,DXB-001,Dubai,CUST-02898,P002,Smartphone,Electronics,1,1735.01,5,1735.01,86.75,1648.26,Card,Online
TXN-0077683,2026-08-11,DXB-001,Dubai,CUST-07947,P014,Power Bank,Electronics,5,159.39,5,796.95,39.85,757.1,Card,Store
TXN-0077708,2026-08-11,DXB-001,Dubai,CUST-03887,P004,Monitor,Electronics,1,898.23,0,898.23,0.0,898.23,Apple Pay,Online
TXN-0077716,2026-08-11,DXB-004,Dubai,CUST-00641,P015,Tablet,Electronics,1,1270.61,10,1270.61,127.06,1143.55,Apple Pay,Store
TXN-0077731,2026-08-11,DXB-004,Dubai,CUST-01145,P002,Smartphone,Electronics,1,1923.69,0,1923.69,0.0,1923.69,Card,Online
TXN-0077743,2026-08-11,DXB-004,Dubai,CUST-00904,P015,Tablet,Electronics,1,1277.72,5,1277.72,63.89,1213.84,Apple Pay,Store
TXN-0077817,2026-08-11,DXB-001,Dubai,CUST-02323,P011,Notebook,Stationery,2,23.89,0,47.78,0.0,47.78,Apple Pay,Online
TXN-0077875,2026-08-11,DXB-002,Dubai,CUST-04432,P014,Power Bank,Electronics,1,138.01,0,138.01,0.0,138.01,Apple Pay,Store
TXN-0078064,2026-08-11,DXB-002,Dubai,CUST-04145,P013,USB Drive,Accessories,2,43.83,20,87.66,17.53,70.12,Card,Store
TXN-0078067,2026-08-11,DXB-002,Dubai,CUST-01707,P011,Notebook,Stationery,1,24.19,15,24.19,3.63,20.56,Card,Store
TXN-0078160,2026-08-11,DXB-001,Dubai,CUST-05292,P003,Headphones,Electronics,1,305.51,5,305.51,15.28,290.24,Card,Online
TXN-0078246,2026-08-11,DXB-002,Dubai,CUST-04610,P012,Pen Pack,Stationery,4,13.67,10,54.69,5.47,49.22,Apple Pay,Store
TXN-0078392,2026-08-11,DXB-002,Dubai,CUST-01991,P004,Monitor,Electronics,1,883.29,10,883.29,88.33,794.96,Card,Store
TXN-0078414,2026-08-11,DXB-005,Dubai,CUST-00688,P003,Headphones,Electronics,1,374.48,0,374.48,0.0,374.48,Card,Online
TXN-0078466,2026-08-11,DXB-005,Dubai,CUST-06599,P002,Smartphone,Electronics,1,1966.4,10,1966.4,196.64,1769.76,Apple Pay,Store
TXN-0078527,2026-08-11,DXB-001,Dubai,CUST-06350,P006,Mouse,Accessories,1,100.35,0,100.35,0.0,100.35,Card,Store
TXN-0078610,2026-08-11,DXB-003,Dubai,CUST-06003,P001,Laptop,Electronics,3,3294.6,5,9883.8,494.19,9389.61,Card,Online
TXN-0078713,2026-08-11,DXB-004,Dubai,CUST-00359,P014,Power Bank,Electronics,3,153.63,20,460.9,92.18,368.72,Card,Online
TXN-0078803,2026-08-11,DXB-005,Dubai,CUST-03699,P004,Monitor,Electronics,1,869.2,15,869.2,130.38,738.82,Apple Pay,Store
TXN-0078831,2026-08-11,DXB-003,Dubai,CUST-06407,P014,Power Bank,Electronics,2,162.74,0,325.48,0.0,325.48,Cash,Store
TXN-0078922,2026-08-11,DXB-005,Dubai,CUST-04942,P011,Notebook,Stationery,1,23.47,0,23.47,0.0,23.47,Bank Transfer,Store
TXN-0078936,2026-08-11,DXB-005,Dubai,CUST-00732,P007,Office Chair,Furniture,2,632.33,5,1264.65,63.23,1201.42,Apple Pay,Store
TXN-0078940,2026-08-11,DXB-002,Dubai,CUST-02479,P013,USB Drive,Accessories,1,47.33,5,47.33,2.37,44.96,Bank Transfer,Store
TXN-0079008,2026-08-11,DXB-003,Dubai,CUST-06369,P014,Power Bank,Electronics,2,135.96,0,271.92,0.0,271.92,Card,Store
TXN-0079045,2026-08-11,DXB-003,Dubai,CUST-02947,P012,Pen Pack,Stationery,1,13.96,10,13.96,1.4,12.57,Card,Store
TXN-0079115,2026-08-11,DXB-001,Dubai,CUST-01632,P011,Notebook,Stationery,2,26.35,0,52.7,0.0,52.7,Apple Pay,Store
TXN-0079125,2026-08-11,DXB-005,Dubai,CUST-01228,P009,Backpack,Accessories,1,232.66,10,232.66,23.27,209.4,Card,Online
TXN-0079132,2026-08-11,DXB-001,Dubai,CUST-03253,P015,Tablet,Electronics,1,1188.1,10,1188.1,118.81,1069.29,Card,Store
TXN-0079140,2026-08-11,DXB-002,Dubai,CUST-01862,P001,Laptop,Electronics,3,2813.89,5,8441.67,422.08,8019.58,Cash,Store
TXN-0079156,2026-08-11,DXB-003,Dubai,CUST-06417,P011,Notebook,Stationery,6,23.24,0,139.41,0.0,139.41,Apple Pay,Online
TXN-0079407,2026-08-11,DXB-003,Dubai,CUST-00052,P004,Monitor,Electronics,2,896.14,0,1792.27,0.0,1792.27,Cash,Store
TXN-0079419,2026-08-11,DXB-001,Dubai,CUST-00868,P008,Desk,Furniture,1,769.4,5,769.4,38.47,730.93,Card,Store
TXN-0079438,2026-08-11,DXB-001,Dubai,CUST-07560,P001,Laptop,Electronics,2,2896.66,15,5793.32,869.0,4924.32,Apple Pay,Store
TXN-0079443,2026-08-11,DXB-003,Dubai,CUST-03289,P010,Printer,Office,2,743.3,0,1486.61,0.0,1486.61,Card,Online
TXN-0079446,2026-08-11,DXB-003,Dubai,CUST-03368,P012,Pen Pack,Stationery,1,14.79,0,14.79,0.0,14.79,Cash,Store
TXN-0079461,2026-08-11,DXB-001,Dubai,CUST-02123,P005,Keyboard,Accessories,2,178.54,5,357.07,17.85,339.22,Apple Pay,Store
TXN-0079484,2026-08-11,DXB-005,Dubai,CUST-05752,P008,Desk,Furniture,3,845.91,10,2537.73,253.77,2283.95,Card,Store
TXN-0079600,2026-08-11,DXB-001,Dubai,CUST-05388,P001,Laptop,Electronics,1,2806.59,5,2806.59,140.33,2666.26,Cash,Store
TXN-0079648,2026-08-11,DXB-005,Dubai,CUST-02889,P014,Power Bank,Electronics,3,147.07,5,441.2,22.06,419.14,Apple Pay,Online
TXN-0079823,2026-08-11,DXB-002,Dubai,CUST-07543,P012,Pen Pack,Stationery,2,14.41,20,28.82,5.76,23.06,Cash,Store
TXN-0079864,2026-08-11,DXB-003,Dubai,CUST-01256,P011,Notebook,Stationery,1,23.38,5,23.38,1.17,22.21,Card,Online
TXN-0079888,2026-08-11,DXB-001,Dubai,CUST-01171,P011,Notebook,Stationery,1,27.68,5,27.68,1.38,26.29,Card,Store
TXN-0079976,2026-08-11,DXB-001,Dubai,CUST-03761,P010,Printer,Office,1,682.62,0,682.62,0.0,682.62,Cash,Online
TXN-0079978,2026-08-11,DXB-004,Dubai,CUST-00216,P007,Office Chair,Furniture,2,717.89,5,1435.78,71.79,1363.99,Card,Online
TXN-0079985,2026-08-11,DXB-003,Dubai,CUST-02528,P001,Laptop,Electronics,2,2761.5,5,5523.01,276.15,5246.86,Cash,Store
TXN-0080005,2026-08-11,DXB-005,Dubai,CUST-03771,P015,Tablet,Electronics,2,1161.94,0,2323.88,0.0,2323.88,Card,Store
TXN-0080042,2026-08-11,DXB-002,Dubai,CUST-00542,P007,Office Chair,Furniture,3,660.29,15,1980.86,297.13,1683.73,Card,Online
TXN-0080136,2026-08-11,DXB-003,Dubai,CUST-00314,P010,Printer,Office,3,615.56,0,1846.67,0.0,1846.67,Apple Pay,Online
TXN-0080208,2026-08-11,DXB-001,Dubai,CUST-02697,P003,Headphones,Electronics,1,350.48,10,350.48,35.05,315.43,Card,Online
TXN-0080300,2026-08-11,DXB-002,Dubai,CUST-06436,P014,Power Bank,Electronics,1,136.53,20,136.53,27.31,109.22,Bank Transfer,Store
TXN-0080426,2026-08-11,DXB-001,Dubai,CUST-00315,P001,Laptop,Electronics,1,2703.19,5,2703.19,135.16,2568.03,Card,Online
TXN-0080557,2026-08-11,DXB-005,Dubai,CUST-06121,P012,Pen Pack,Stationery,1,13.43,0,13.43,0.0,13.43,Card,Store
TXN-0080658,2026-08-11,DXB-005,Dubai,CUST-00657,P006,Mouse,Accessories,2,92.28,0,184.56,0.0,184.56,Card,Store
TXN-0080747,2026-08-11,DXB-004,Dubai,CUST-02726,P003,Headphones,Electronics,3,375.12,5,1125.36,56.27,1069.09,Card,Store
TXN-0080869,2026-08-11,DXB-001,Dubai,CUST-06979,P007,Office Chair,Furniture,2,647.5,0,1295.0,0.0,1295.0,Card,Store
TXN-0080929,2026-08-11,DXB-002,Dubai,CUST-03806,P013,USB Drive,Accessories,4,41.02,0,164.09,0.0,164.09,Bank Transfer,Online
TXN-0080958,2026-08-11,DXB-002,Dubai,CUST-01263,P014,Power Bank,Electronics,2,154.79,0,309.58,0.0,309.58,Card,Store
TXN-0081014,2026-08-11,DXB-002,Dubai,CUST-01481,P006,Mouse,Accessories,1,94.83,0,94.83,0.0,94.83,Card,Store
TXN-0081025,2026-08-11,DXB-002,Dubai,CUST-03935,P013,USB Drive,Accessories,2,43.63,15,87.26,13.09,74.17,Cash,Store
TXN-0081045,2026-08-11,DXB-001,Dubai,CUST-02567,P005,Keyboard,Accessories,2,172.7,0,345.41,0.0,345.41,Card,Online
TXN-0081059,2026-08-11,DXB-003,Dubai,CUST-04830,P001,Laptop,Electronics,1,2710.72,0,2710.72,0.0,2710.72,Cash,Store
TXN-0081107,2026-08-11,DXB-002,Dubai,CUST-07362,P013,USB Drive,Accessories,2,48.21,5,96.43,4.82,91.6,Card,Online
TXN-0081127,2026-08-11,DXB-004,Dubai,CUST-06973,P010,Printer,Office,1,639.11,5,639.11,31.96,607.15,Cash,Store
TXN-0081177,2026-08-11,DXB-001,Dubai,CUST-01392,P001,Laptop,Electronics,1,2806.45,0,2806.45,0.0,2806.45,Cash,Store
TXN-0081190,2026-08-11,DXB-001,Dubai,CUST-01731,P013,USB Drive,Accessories,1,44.83,15,44.83,6.72,38.1,Card,Online
TXN-0081324,2026-08-11,DXB-002,Dubai,CUST-02435,P009,Backpack,Accessories,1,225.41,20,225.41,45.08,180.33,Card,Store
TXN-0081351,2026-08-11,DXB-005,Dubai,CUST-02321,P014,Power Bank,Electronics,1,149.84,5,149.84,7.49,142.35,Cash,Store
TXN-0081375,2026-08-11,DXB-002,Dubai,CUST-02897,P004,Monitor,Electronics,1,996.47,0,996.47,0.0,996.47,Card,Online
TXN-0081381,2026-08-11,DXB-004,Dubai,CUST-06211,P001,Laptop,Electronics,1,2936.27,15,2936.27,440.44,2495.83,Card,Store
TXN-0081426,2026-08-11,DXB-002,Dubai,CUST-05106,P003,Headphones,Electronics,2,335.22,0,670.45,0.0,670.45,Card,Store
TXN-0081698,2026-08-11,DXB-003,Dubai,CUST-06210,P001,Laptop,Electronics,4,3152.1,0,12608.41,0.0,12608.41,Cash,Store
TXN-0081716,2026-08-11,DXB-001,Dubai,CUST-07000,P002,Smartphone,Electronics,1,1761.65,15,1761.65,264.25,1497.41,Cash,Store
TXN-0081779,2026-08-11,DXB-001,Dubai,CUST-04725,P003,Headphones,Electronics,2,357.69,15,715.37,107.31,608.07,Apple Pay,Store
TXN-0081786,2026-08-11,DXB-004,Dubai,CUST-04881,P013,USB Drive,Accessories,1,46.92,10,46.92,4.69,42.22,Card,Online
TXN-0081793,2026-08-11,DXB-002,Dubai,CUST-07452,P011,Notebook,Stationery,2,28.13,0,56.26,0.0,56.26,Apple Pay,Store
TXN-0081823,2026-08-11,DXB-003,Dubai,CUST-03478,P002,Smartphone,Electronics,1,1785.88,10,1785.88,178.59,1607.29,Card,Store
TXN-0081832,2026-08-11,DXB-002,Dubai,CUST-02978,P006,Mouse,Accessories,1,99.51,15,99.51,14.93,84.59,Bank Transfer,Store
TXN-0081922,2026-08-11,DXB-001,Dubai,CUST-02408,P008,Desk,Furniture,2,787.53,15,1575.06,236.26,1338.8,Apple Pay,Online
TXN-0081963,2026-08-11,DXB-004,Dubai,CUST-04966,P011,Notebook,Stationery,4,24.75,5,98.99,4.95,94.04,Card,Store
TXN-0082007,2026-08-11,DXB-001,Dubai,CUST-07356,P008,Desk,Furniture,2,787.15,0,1574.3,0.0,1574.3,Card,Online
TXN-0082062,2026-08-11,DXB-002,Dubai,CUST-07471,P010,Printer,Office,3,736.18,15,2208.55,331.28,1877.27,Cash,Store
TXN-0082179,2026-08-11,DXB-004,Dubai,CUST-01993,P009,Backpack,Accessories,3,208.64,0,625.93,0.0,625.93,Apple Pay,Store
TXN-0082294,2026-08-11,DXB-004,Dubai,CUST-01775,P001,Laptop,Electronics,2,2832.31,5,5664.62,283.23,5381.39,Cash,Store
TXN-0082310,2026-08-11,DXB-001,Dubai,CUST-02875,P012,Pen Pack,Stationery,1,15.15,0,15.15,0.0,15.15,Card,Store
TXN-0082363,2026-08-11,DXB-005,Dubai,CUST-05049,P011,Notebook,Stationery,1,23.75,10,23.75,2.37,21.37,Cash,Store
TXN-0082372,2026-08-11,DXB-001,Dubai,CUST-03060,P013,USB Drive,Accessories,1,45.23,0,45.23,0.0,45.23,Apple Pay,Online
TXN-0082566,2026-08-11,DXB-003,Dubai,CUST-03252,P014,Power Bank,Electronics,2,138.89,20,277.78,55.56,222.22,Cash,Store
TXN-0082593,2026-08-11,DXB-005,Dubai,CUST-03660,P005,Keyboard,Accessories,1,171.14,20,171.14,34.23,136.92,Card,Store
TXN-0082624,2026-08-11,DXB-001,Dubai,CUST-07358,P006,Mouse,Accessories,1,93.68,5,93.68,4.68,89.0,Cash,Store
TXN-0082645,2026-08-11,DXB-001,Dubai,CUST-04024,P007,Office Chair,Furniture,1,718.66,0,718.66,0.0,718.66,Card,Store
TXN-0082646,2026-08-11,DXB-003,Dubai,CUST-00545,P008,Desk,Furniture,1,778.28,15,778.28,116.74,661.54,Card,Online
TXN-0082736,2026-08-11,DXB-005,Dubai,CUST-01287,P003,Headphones,Electronics,1,357.19,10,357.19,35.72,321.47,Card,Store
TXN-0082758,2026-08-11,DXB-005,Dubai,CUST-07506,P014,Power Bank,Electronics,4,143.53,10,574.1,57.41,516.69,Cash,Store
TXN-0082853,2026-08-11,DXB-003,Dubai,CUST-02160,P001,Laptop,Electronics,2,3066.19,20,6132.38,1226.48,4905.9,Cash,Store
TXN-0082949,2026-08-11,DXB-003,Dubai,CUST-01879,P008,Desk,Furniture,1,761.63,15,761.63,114.24,647.38,Bank Transfer,Store
TXN-0082976,2026-08-11,DXB-005,Dubai,CUST-05743,P015,Tablet,Electronics,1,1247.38,15,1247.38,187.11,1060.27,Bank Transfer,Online
TXN-0083105,2026-08-11,DXB-005,Dubai,CUST-04777,P002,Smartphone,Electronics,2,1713.96,15,3427.91,514.19,2913.73,Card,Store
TXN-0083121,2026-08-11,DXB-002,Dubai,CUST-06161,P013,USB Drive,Accessories,1,42.22,15,42.22,6.33,35.89,Apple Pay,Store
TXN-0083171,2026-08-11,DXB-001,Dubai,CUST-01200,P004,Monitor,Electronics,2,904.27,5,1808.55,90.43,1718.12,Apple Pay,Store
TXN-0083188,2026-08-11,DXB-003,Dubai,CUST-04662,P013,USB Drive,Accessories,3,44.13,5,132.38,6.62,125.76,Card,Store
TXN-0083371,2026-08-11,DXB-003,Dubai,CUST-01444,P007,Office Chair,Furniture,2,637.06,10,1274.11,127.41,1146.7,Apple Pay,Store
TXN-0083418,2026-08-11,DXB-005,Dubai,CUST-03383,P013,USB Drive,Accessories,3,40.52,0,121.55,0.0,121.55,Apple Pay,Store
TXN-0083435,2026-08-11,DXB-002,Dubai,CUST-04973,P002,Smartphone,Electronics,1,1895.78,5,1895.78,94.79,1800.99,Card,Store
TXN-0083438,2026-08-11,DXB-003,Dubai,CUST-05641,P008,Desk,Furniture,1,830.15,0,830.15,0.0,830.15,Card,Store
TXN-0083485,2026-08-11,DXB-002,Dubai,CUST-05376,P008,Desk,Furniture,1,696.41,0,696.41,0.0,696.41,Card,Store
TXN-0083499,2026-08-11,DXB-002,Dubai,CUST-02606,P008,Desk,Furniture,3,715.4,5,2146.2,107.31,2038.89,Card,Store
TXN-0083549,2026-08-11,DXB-004,Dubai,CUST-06790,P001,Laptop,Electronics,1,2732.72,0,2732.72,0.0,2732.72,Cash,Store
TXN-0083564,2026-08-11,DXB-002,Dubai,CUST-01924,P015,Tablet,Electronics,1,1397.19,15,1397.19,209.58,1187.62,Card,Store
TXN-0083597,2026-08-11,DXB-002,Dubai,CUST-03510,P004,Monitor,Electronics,2,892.36,10,1784.72,178.47,1606.25,Bank Transfer,Store
TXN-0083611,2026-08-11,DXB-004,Dubai,CUST-02975,P009,Backpack,Accessories,1,221.98,5,221.98,11.1,210.88,Card,Store
TXN-0083717,2026-08-11,DXB-005,Dubai,CUST-00447,P014,Power Bank,Electronics,1,170.01,10,170.01,17.0,153.01,Card,Store
TXN-0083823,2026-08-11,DXB-002,Dubai,CUST-05387,P004,Monitor,Electronics,3,866.48,10,2599.45,259.95,2339.51,Cash,Online
TXN-0083829,2026-08-11,DXB-005,Dubai,CUST-01643,P014,Power Bank,Electronics,1,161.16,10,161.16,16.12,145.04,Bank Transfer,Store
TXN-0083931,2026-08-11,DXB-004,Dubai,CUST-04680,P011,Notebook,Stationery,1,23.1,0,23.1,0.0,23.1,Card,Online
TXN-0083947,2026-08-11,DXB-004,Dubai,CUST-04168,P013,USB Drive,Accessories,3,40.32,10,120.97,12.1,108.87,Cash,Store
TXN-0084118,2026-08-11,DXB-004,Dubai,CUST-06106,P015,Tablet,Electronics,3,1229.55,0,3688.64,0.0,3688.64,Cash,Store
TXN-0084225,2026-08-11,DXB-005,Dubai,CUST-01852,P004,Monitor,Electronics,5,826.0,15,4129.99,619.5,3510.49,Card,Store
TXN-0084255,2026-08-11,DXB-001,Dubai,CUST-00555,P010,Printer,Office,2,687.85,0,1375.7,0.0,1375.7,Apple Pay,Store
TXN-0084296,2026-08-11,DXB-004,Dubai,CUST-00753,P014,Power Bank,Electronics,4,166.16,5,664.64,33.23,631.41,Card,Store
TXN-0084305,2026-08-11,DXB-001,Dubai,CUST-07950,P013,USB Drive,Accessories,3,42.78,5,128.33,6.42,121.92,Cash,Store
TXN-0084364,2026-08-11,DXB-001,Dubai,CUST-02095,P003,Headphones,Electronics,2,330.95,0,661.89,0.0,661.89,Apple Pay,Store
TXN-0084368,2026-08-11,DXB-001,Dubai,CUST-06093,P001,Laptop,Electronics,1,2747.92,15,2747.92,412.19,2335.73,Card,Store
TXN-0084453,2026-08-11,DXB-003,Dubai,CUST-04167,P002,Smartphone,Electronics,1,1730.59,0,1730.59,0.0,1730.59,Card,Store
TXN-0084494,2026-08-11,DXB-001,Dubai,CUST-00560,P009,Backpack,Accessories,1,230.27,5,230.27,11.51,218.76,Cash,Store
TXN-0084556,2026-08-11,DXB-001,Dubai,CUST-07830,P006,Mouse,Accessories,1,98.14,5,98.14,4.91,93.23,Apple Pay,Store
TXN-0084673,2026-08-11,DXB-004,Dubai,CUST-04775,P002,Smartphone,Electronics,2,1880.83,0,3761.65,0.0,3761.65,Cash,Store
TXN-0084703,2026-08-11,DXB-002,Dubai,CUST-01192,P012,Pen Pack,Stationery,1,14.49,0,14.49,0.0,14.49,Card,Store
TXN-0084784,2026-08-11,DXB-001,Dubai,CUST-05575,P007,Office Chair,Furniture,1,652.63,0,652.63,0.0,652.63,Apple Pay,Store
TXN-0084817,2026-08-11,DXB-004,Dubai,CUST-01220,P004,Monitor,Electronics,1,746.8,5,746.8,37.34,709.46,Bank Transfer,Online
TXN-0084849,2026-08-11,DXB-003,Dubai,CUST-04126,P003,Headphones,Electronics,3,337.94,5,1013.83,50.69,963.14,Cash,Store
TXN-0084867,2026-08-11,DXB-001,Dubai,CUST-07644,P011,Notebook,Stationery,2,26.24,10,52.47,5.25,47.23,Cash,Store
TXN-0084933,2026-08-11,DXB-002,Dubai,CUST-05614,P009,Backpack,Accessories,1,242.72,5,242.72,12.14,230.59,Cash,Online
TXN-0085057,2026-08-11,DXB-002,Dubai,CUST-04614,P002,Smartphone,Electronics,1,1797.85,15,1797.85,269.68,1528.18,Apple Pay,Store
TXN-0085073,2026-08-11,DXB-003,Dubai,CUST-01510,P008,Desk,Furniture,1,821.13,5,821.13,41.06,780.08,Bank Transfer,Store
TXN-0085103,2026-08-11,DXB-002,Dubai,CUST-05166,P014,Power Bank,Electronics,1,141.12,10,141.12,14.11,127.0,Card,Store
TXN-0085125,2026-08-11,DXB-004,Dubai,CUST-05004,P012,Pen Pack,Stationery,2,14.53,0,29.06,0.0,29.06,Apple Pay,Store
TXN-0085138,2026-08-11,DXB-001,Dubai,CUST-02520,P014,Power Bank,Electronics,1,137.51,5,137.51,6.88,130.64,Card,Online
TXN-0085223,2026-08-11,DXB-003,Dubai,CUST-06984,P009,Backpack,Accessories,1,213.54,10,213.54,21.35,192.19,Cash,Online
TXN-0085228,2026-08-11,DXB-001,Dubai,CUST-00752,P008,Desk,Furniture,1,882.19,0,882.19,0.0,882.19,Card,Store
TXN-0085281,2026-08-11,DXB-001,Dubai,CUST-04288,P007,Office Chair,Furniture,2,689.12,5,1378.25,68.91,1309.33,Card,Store
TXN-0085311,2026-08-11,DXB-003,Dubai,CUST-03840,P005,Keyboard,Accessories,1,185.02,0,185.02,0.0,185.02,Cash,Online
TXN-0085366,2026-08-11,DXB-004,Dubai,CUST-03814,P010,Printer,Office,1,645.04,5,645.04,32.25,612.78,Apple Pay,Store
TXN-0085550,2026-08-11,DXB-004,Dubai,CUST-00536,P005,Keyboard,Accessories,2,161.03,5,322.06,16.1,305.96,Cash,Store
TXN-0085574,2026-08-11,DXB-004,Dubai,CUST-01308,P009,Backpack,Accessories,1,233.8,0,233.8,0.0,233.8,Apple Pay,Store
TXN-0085730,2026-08-11,DXB-001,Dubai,CUST-07893,P013,USB Drive,Accessories,2,44.57,5,89.15,4.46,84.69,Apple Pay,Online
TXN-0085735,2026-08-11,DXB-003,Dubai,CUST-03067,P003,Headphones,Electronics,1,357.34,0,357.34,0.0,357.34,Card,Store
TXN-0085796,2026-08-11,DXB-003,Dubai,CUST-04996,P013,USB Drive,Accessories,1,43.6,0,43.6,0.0,43.6,Bank Transfer,Store
TXN-0085881,2026-08-11,DXB-001,Dubai,CUST-02310,P004,Monitor,Electronics,1,891.02,0,891.02,0.0,891.02,Apple Pay,Online
TXN-0085883,2026-08-11,DXB-005,Dubai,CUST-04405,P009,Backpack,Accessories,4,222.03,15,888.13,133.22,754.91,Card,Store
TXN-0086095,2026-08-11,DXB-001,Dubai,CUST-06005,P006,Mouse,Accessories,4,92.6,10,370.39,37.04,333.35,Card,Online
TXN-0086107,2026-08-11,DXB-003,Dubai,CUST-06880,P004,Monitor,Electronics,1,900.31,10,900.31,90.03,810.28,Apple Pay,Store
TXN-0086212,2026-08-11,DXB-002,Dubai,CUST-00907,P007,Office Chair,Furniture,1,644.65,0,644.65,0.0,644.65,Cash,Online
TXN-0086222,2026-08-11,DXB-002,Dubai,CUST-03378,P003,Headphones,Electronics,1,335.58,0,335.58,0.0,335.58,Card,Store
TXN-0086255,2026-08-11,DXB-005,Dubai,CUST-01675,P002,Smartphone,Electronics,1,1809.27,10,1809.27,180.93,1628.34,Bank Transfer,Store
TXN-0086258,2026-08-11,DXB-003,Dubai,CUST-03756,P006,Mouse,Accessories,2,102.79,15,205.59,30.84,174.75,Card,Store
TXN-0086293,2026-08-11,DXB-004,Dubai,CUST-04556,P003,Headphones,Electronics,3,343.39,10,1030.18,103.02,927.16,Card,Store
TXN-0086360,2026-08-11,DXB-002,Dubai,CUST-06071,P015,Tablet,Electronics,1,1163.86,0,1163.86,0.0,1163.86,Card,Online
TXN-0086435,2026-08-11,DXB-001,Dubai,CUST-03926,P014,Power Bank,Electronics,1,149.23,0,149.23,0.0,149.23,Cash,Store
TXN-0086463,2026-08-11,DXB-002,Dubai,CUST-04678,P008,Desk,Furniture,1,801.1,10,801.1,80.11,720.99,Card,Online
TXN-0086545,2026-08-11,DXB-003,Dubai,CUST-06056,P004,Monitor,Electronics,4,799.26,10,3197.04,319.7,2877.34,Cash,Store
TXN-0086586,2026-08-11,DXB-001,Dubai,CUST-06446,P003,Headphones,Electronics,1,324.18,5,324.18,16.21,307.97,Apple Pay,Store
TXN-0086700,2026-08-11,DXB-002,Dubai,CUST-01184,P009,Backpack,Accessories,2,201.64,10,403.27,40.33,362.95,Card,Store
TXN-0086702,2026-08-11,DXB-003,Dubai,CUST-06554,P009,Backpack,Accessories,3,244.88,0,734.65,0.0,734.65,Apple Pay,Store
TXN-0086710,2026-08-11,DXB-005,Dubai,CUST-02567,P009,Backpack,Accessories,1,234.07,15,234.07,35.11,198.96,Cash,Store
TXN-0086726,2026-08-11,DXB-002,Dubai,CUST-01490,P002,Smartphone,Electronics,3,2056.45,0,6169.34,0.0,6169.34,Apple Pay,Store
TXN-0086807,2026-08-11,DXB-001,Dubai,CUST-05273,P012,Pen Pack,Stationery,1,15.22,5,15.22,0.76,14.46,Apple Pay,Online
TXN-0086837,2026-08-11,DXB-001,Dubai,CUST-06882,P004,Monitor,Electronics,1,858.27,10,858.27,85.83,772.45,Cash,Online
TXN-0086917,2026-08-11,DXB-001,Dubai,CUST-06990,P003,Headphones,Electronics,4,330.04,10,1320.16,132.02,1188.14,Card,Store
TXN-0086925,2026-08-11,DXB-001,Dubai,CUST-07970,P004,Monitor,Electronics,2,866.46,20,1732.91,346.58,1386.33,Apple Pay,Store
TXN-0086946,2026-08-11,DXB-003,Dubai,CUST-05384,P010,Printer,Office,2,699.0,10,1398.01,139.8,1258.21,Card,Online
TXN-0086979,2026-08-11,DXB-002,Dubai,CUST-01550,P004,Monitor,Electronics,1,846.19,5,846.19,42.31,803.88,Card,Store
TXN-0087027,2026-08-11,DXB-005,Dubai,CUST-07317,P002,Smartphone,Electronics,2,1850.83,5,3701.66,185.08,3516.57,Cash,Online
TXN-0087038,2026-08-11,DXB-004,Dubai,CUST-06556,P013,USB Drive,Accessories,1,43.73,5,43.73,2.19,41.55,Card,Online
TXN-0087215,2026-08-11,DXB-003,Dubai,CUST-01552,P012,Pen Pack,Stationery,3,14.67,5,44.0,2.2,41.8,Apple Pay,Store
TXN-0087234,2026-08-11,DXB-002,Dubai,CUST-01299,P015,Tablet,Electronics,1,1242.58,5,1242.58,62.13,1180.45,Bank Transfer,Store
TXN-0087238,2026-08-11,DXB-002,Dubai,CUST-07730,P004,Monitor,Electronics,4,901.04,0,3604.17,0.0,3604.17,Apple Pay,Store
TXN-0087511,2026-08-11,DXB-005,Dubai,CUST-05927,P006,Mouse,Accessories,1,94.69,0,94.69,0.0,94.69,Card,Store
TXN-0087520,2026-08-11,DXB-002,Dubai,CUST-01322,P002,Smartphone,Electronics,3,2027.56,10,6082.69,608.27,5474.42,Card,Store
TXN-0087600,2026-08-11,DXB-003,Dubai,CUST-05002,P005,Keyboard,Accessories,1,175.2,10,175.2,17.52,157.68,Card,Store
TXN-0087657,2026-08-11,DXB-003,Dubai,CUST-02489,P003,Headphones,Electronics,2,377.82,0,755.64,0.0,755.64,Card,Store
TXN-0087669,2026-08-11,DXB-002,Dubai,CUST-01993,P011,Notebook,Stationery,1,27.4,15,27.4,4.11,23.29,Card,Store
TXN-0087749,2026-08-11,DXB-003,Dubai,CUST-01285,P014,Power Bank,Electronics,1,158.04,0,158.04,0.0,158.04,Apple Pay,Store
TXN-0087948,2026-08-11,DXB-001,Dubai,CUST-06155,P002,Smartphone,Electronics,4,1857.69,15,7430.77,1114.62,6316.15,Apple Pay,Online
TXN-0087985,2026-08-11,DXB-004,Dubai,CUST-05852,P012,Pen Pack,Stationery,6,15.55,0,93.27,0.0,93.27,Bank Transfer,Store
TXN-0088054,2026-08-11,DXB-002,Dubai,CUST-07493,P009,Backpack,Accessories,3,196.42,5,589.26,29.46,559.8,Cash,Online
TXN-0088109,2026-08-11,DXB-005,Dubai,CUST-01469,P004,Monitor,Electronics,4,957.46,10,3829.82,382.98,3446.84,Apple Pay,Online
TXN-0088232,2026-08-11,DXB-004,Dubai,CUST-07608,P004,Monitor,Electronics,4,866.85,0,3467.41,0.0,3467.41,Apple Pay,Store
TXN-0088312,2026-08-11,DXB-005,Dubai,CUST-06137,P014,Power Bank,Electronics,4,158.18,20,632.73,126.55,506.18,Cash,Store
TXN-0088323,2026-08-11,DXB-002,Dubai,CUST-06398,P006,Mouse,Accessories,3,100.36,15,301.07,45.16,255.91,Card,Store
TXN-0088384,2026-08-11,DXB-002,Dubai,CUST-03447,P014,Power Bank,Electronics,4,157.33,10,629.34,62.93,566.4,Apple Pay,Online
TXN-0088399,2026-08-11,DXB-002,Dubai,CUST-07443,P008,Desk,Furniture,2,798.31,15,1596.61,239.49,1357.12,Card,Store
TXN-0088503,2026-08-11,DXB-001,Dubai,CUST-05981,P008,Desk,Furniture,2,829.42,5,1658.85,82.94,1575.9,Card,Online
TXN-0088534,2026-08-11,DXB-002,Dubai,CUST-04041,P003,Headphones,Electronics,1,375.64,20,375.64,75.13,300.52,Apple Pay,Store
TXN-0088565,2026-08-11,DXB-003,Dubai,CUST-03703,P008,Desk,Furniture,1,849.12,15,849.12,127.37,721.75,Card,Store
TXN-0088595,2026-08-11,DXB-001,Dubai,CUST-06890,P014,Power Bank,Electronics,2,145.1,5,290.2,14.51,275.69,Apple Pay,Store
TXN-0088673,2026-08-11,DXB-005,Dubai,CUST-03866,P008,Desk,Furniture,2,774.58,5,1549.17,77.46,1471.71,Cash,Store
TXN-0088674,2026-08-11,DXB-002,Dubai,CUST-06647,P010,Printer,Office,2,703.5,0,1407.0,0.0,1407.0,Card,Store
TXN-0088702,2026-08-11,DXB-005,Dubai,CUST-03271,P005,Keyboard,Accessories,1,181.35,5,181.35,9.07,172.29,Bank Transfer,Store
TXN-0088749,2026-08-11,DXB-002,Dubai,CUST-01113,P012,Pen Pack,Stationery,1,15.3,10,15.3,1.53,13.77,Cash,Store
TXN-0088955,2026-08-11,DXB-001,Dubai,CUST-06346,P004,Monitor,Electronics,1,979.38,10,979.38,97.94,881.44,Apple Pay,Online
TXN-0089008,2026-08-11,DXB-005,Dubai,CUST-01059,P013,USB Drive,Accessories,3,50.34,0,151.01,0.0,151.01,Card,Online
TXN-0089071,2026-08-11,DXB-004,Dubai,CUST-04166,P007,Office Chair,Furniture,2,693.75,5,1387.5,69.37,1318.12,Card,Store
TXN-0089110,2026-08-11,DXB-001,Dubai,CUST-07233,P002,Smartphone,Electronics,1,1741.76,10,1741.76,174.18,1567.58,Apple Pay,Store
TXN-0089124,2026-08-11,DXB-005,Dubai,CUST-07021,P013,USB Drive,Accessories,1,46.65,0,46.65,0.0,46.65,Apple Pay,Store
TXN-0089137,2026-08-11,DXB-005,Dubai,CUST-07124,P015,Tablet,Electronics,4,1250.45,5,5001.79,250.09,4751.7,Card,Store
TXN-0089149,2026-08-11,DXB-002,Dubai,CUST-00637,P007,Office Chair,Furniture,1,697.46,10,697.46,69.75,627.72,Card,Store
TXN-0089226,2026-08-11,DXB-001,Dubai,CUST-07020,P005,Keyboard,Accessories,1,174.03,15,174.03,26.1,147.92,Card,Online
TXN-0089257,2026-08-11,DXB-001,Dubai,CUST-00651,P003,Headphones,Electronics,2,387.3,10,774.6,77.46,697.14,Apple Pay,Store
TXN-0089260,2026-08-11,DXB-001,Dubai,CUST-03722,P003,Headphones,Electronics,1,343.44,0,343.44,0.0,343.44,Card,Online
TXN-0089310,2026-08-11,DXB-005,Dubai,CUST-02378,P011,Notebook,Stationery,4,23.21,0,92.83,0.0,92.83,Card,Store
TXN-0089344,2026-08-11,DXB-004,Dubai,CUST-02827,P011,Notebook,Stationery,4,23.8,10,95.2,9.52,85.68,Card,Online
TXN-0089348,2026-08-11,DXB-002,Dubai,CUST-05435,P004,Monitor,Electronics,5,865.35,10,4326.76,432.68,3894.09,Card,Online
TXN-0089349,2026-08-11,DXB-002,Dubai,CUST-03651,P009,Backpack,Accessories,1,222.65,5,222.65,11.13,211.52,Card,Online
TXN-0089359,2026-08-11,DXB-004,Dubai,CUST-02916,P007,Office Chair,Furniture,1,621.5,0,621.5,0.0,621.5,Bank Transfer,Store
TXN-0089437,2026-08-11,DXB-003,Dubai,CUST-00359,P006,Mouse,Accessories,1,92.0,5,92.0,4.6,87.4,Card,Online
TXN-0089628,2026-08-11,DXB-004,Dubai,CUST-06533,P004,Monitor,Electronics,1,914.18,5,914.18,45.71,868.47,Bank Transfer,Store
TXN-0089631,2026-08-11,DXB-001,Dubai,CUST-04683,P012,Pen Pack,Stationery,2,14.24,10,28.48,2.85,25.63,Bank Transfer,Online
TXN-0089776,2026-08-11,DXB-001,Dubai,CUST-06507,P005,Keyboard,Accessories,1,175.73,0,175.73,0.0,175.73,Apple Pay,Store
TXN-0089790,2026-08-11,DXB-001,Dubai,CUST-05971,P012,Pen Pack,Stationery,3,15.26,15,45.78,6.87,38.91,Card,Online
TXN-0089825,2026-08-11,DXB-001,Dubai,CUST-06212,P004,Monitor,Electronics,3,853.45,5,2560.34,128.02,2432.32,Card,Store
TXN-0089841,2026-08-11,DXB-001,Dubai,CUST-07506,P011,Notebook,Stationery,1,24.06,10,24.06,2.41,21.65,Card,Store
TXN-0089926,2026-08-11,DXB-002,Dubai,CUST-01171,P011,Notebook,Stationery,1,26.43,0,26.43,0.0,26.43,Cash,Store
TXN-0089931,2026-08-11,DXB-003,Dubai,CUST-00595,P010,Printer,Office,1,651.73,0,651.73,0.0,651.73,Cash,Store
TXN-0090016,2026-08-11,DXB-003,Dubai,CUST-04150,P009,Backpack,Accessories,1,216.47,15,216.47,32.47,184.0,Card,Store
TXN-0090033,2026-08-11,DXB-001,Dubai,CUST-07848,P003,Headphones,Electronics,2,322.04,0,644.09,0.0,644.09,Cash,Store
TXN-0090040,2026-08-11,DXB-001,Dubai,CUST-07567,P008,Desk,Furniture,1,820.35,15,820.35,123.05,697.29,Apple Pay,Online
TXN-0090056,2026-08-11,DXB-001,Dubai,CUST-01165,P014,Power Bank,Electronics,1,126.69,15,126.69,19.0,107.69,Card,Store
TXN-0090085,2026-08-11,DXB-004,Dubai,CUST-01399,P003,Headphones,Electronics,6,338.92,15,2033.5,305.03,1728.48,Card,Store
TXN-0090156,2026-08-11,DXB-003,Dubai,CUST-06415,P008,Desk,Furniture,2,852.85,10,1705.7,170.57,1535.13,Card,Online
TXN-0090224,2026-08-11,DXB-004,Dubai,CUST-05055,P011,Notebook,Stationery,2,24.58,15,49.16,7.37,41.79,Card,Store
TXN-0090276,2026-08-11,DXB-002,Dubai,CUST-03979,P011,Notebook,Stationery,1,29.71,0,29.71,0.0,29.71,Apple Pay,Store
TXN-0090366,2026-08-11,DXB-005,Dubai,CUST-02378,P007,Office Chair,Furniture,1,601.94,10,601.94,60.19,541.74,Card,Store
TXN-0090380,2026-08-11,DXB-002,Dubai,CUST-02210,P002,Smartphone,Electronics,2,1862.76,10,3725.52,372.55,3352.97,Cash,Store
TXN-0090391,2026-08-11,DXB-002,Dubai,CUST-02699,P002,Smartphone,Electronics,1,1773.36,20,1773.36,354.67,1418.69,Card,Store
TXN-0090401,2026-08-11,DXB-004,Dubai,CUST-06626,P010,Printer,Office,1,680.33,15,680.33,102.05,578.28,Cash,Store
TXN-0090417,2026-08-11,DXB-003,Dubai,CUST-06952,P009,Backpack,Accessories,1,214.79,5,214.79,10.74,204.05,Card,Store
TXN-0090536,2026-08-11,DXB-004,Dubai,CUST-05675,P014,Power Bank,Electronics,1,142.24,15,142.24,21.34,120.91,Card,Store
TXN-0090550,2026-08-11,DXB-002,Dubai,CUST-02161,P007,Office Chair,Furniture,1,681.44,0,681.44,0.0,681.44,Apple Pay,Store
TXN-0090557,2026-08-11,DXB-003,Dubai,CUST-02568,P002,Smartphone,Electronics,1,1967.57,0,1967.57,0.0,1967.57,Cash,Online
TXN-0090677,2026-08-11,DXB-002,Dubai,CUST-04791,P003,Headphones,Electronics,2,391.6,0,783.21,0.0,783.21,Cash,Online
TXN-0090742,2026-08-11,DXB-003,Dubai,CUST-05678,P001,Laptop,Electronics,4,2804.26,0,11217.02,0.0,11217.02,Bank Transfer,Store
TXN-0090748,2026-08-11,DXB-002,Dubai,CUST-06957,P015,Tablet,Electronics,2,1074.0,10,2148.01,214.8,1933.21,Apple Pay,Store
TXN-0090827,2026-08-11,DXB-005,Dubai,CUST-05732,P007,Office Chair,Furniture,1,724.87,0,724.87,0.0,724.87,Cash,Store
TXN-0090843,2026-08-11,DXB-004,Dubai,CUST-07310,P003,Headphones,Electronics,1,359.65,5,359.65,17.98,341.67,Card,Store
TXN-0090935,2026-08-11,DXB-002,Dubai,CUST-07524,P001,Laptop,Electronics,1,3005.58,20,3005.58,601.12,2404.47,Apple Pay,Online
TXN-0090973,2026-08-11,DXB-002,Dubai,CUST-05119,P008,Desk,Furniture,3,756.89,10,2270.68,227.07,2043.61,Card,Online
TXN-0091038,2026-08-11,DXB-004,Dubai,CUST-02635,P008,Desk,Furniture,2,780.08,15,1560.17,234.02,1326.14,Card,Store
TXN-0091058,2026-08-11,DXB-004,Dubai,CUST-01940,P009,Backpack,Accessories,2,216.17,15,432.35,64.85,367.5,Cash,Store
TXN-0091151,2026-08-11,DXB-003,Dubai,CUST-05685,P006,Mouse,Accessories,3,94.5,0,283.5,0.0,283.5,Card,Store
TXN-0091187,2026-08-11,DXB-001,Dubai,CUST-02561,P001,Laptop,Electronics,1,2855.18,10,2855.18,285.52,2569.67,Cash,Store
TXN-0091245,2026-08-11,DXB-001,Dubai,CUST-01393,P006,Mouse,Accessories,3,102.83,20,308.48,61.7,246.79,Card,Store
TXN-0091268,2026-08-11,DXB-004,Dubai,CUST-07585,P014,Power Bank,Electronics,1,143.99,0,143.99,0.0,143.99,Cash,Store
TXN-0091295,2026-08-11,DXB-002,Dubai,CUST-00442,P014,Power Bank,Electronics,1,148.85,15,148.85,22.33,126.52,Cash,Store
TXN-0091311,2026-08-11,DXB-001,Dubai,CUST-01786,P006,Mouse,Accessories,1,91.78,5,91.78,4.59,87.19,Apple Pay,Store
TXN-0091326,2026-08-11,DXB-003,Dubai,CUST-01254,P004,Monitor,Electronics,1,898.52,5,898.52,44.93,853.59,Apple Pay,Store
TXN-0091349,2026-08-11,DXB-002,Dubai,CUST-01353,P011,Notebook,Stationery,2,23.72,15,47.44,7.12,40.32,Card,Store
TXN-0091406,2026-08-11,DXB-001,Dubai,CUST-05397,P014,Power Bank,Electronics,2,158.04,5,316.09,15.8,300.29,Card,Store
TXN-0091428,2026-08-11,DXB-003,Dubai,CUST-01567,P005,Keyboard,Accessories,1,193.67,0,193.67,0.0,193.67,Card,Store
TXN-0091555,2026-08-11,DXB-004,Dubai,CUST-01048,P003,Headphones,Electronics,1,347.24,0,347.24,0.0,347.24,Apple Pay,Store
TXN-0091643,2026-08-11,DXB-002,Dubai,CUST-01656,P014,Power Bank,Electronics,3,140.25,5,420.74,21.04,399.7,Cash,Store
TXN-0091707,2026-08-11,DXB-005,Dubai,CUST-06439,P013,USB Drive,Accessories,2,45.33,0,90.66,0.0,90.66,Cash,Store
TXN-0091734,2026-08-11,DXB-002,Dubai,CUST-06959,P001,Laptop,Electronics,1,2935.58,10,2935.58,293.56,2642.02,Card,Online
TXN-0091779,2026-08-11,DXB-004,Dubai,CUST-04268,P010,Printer,Office,1,734.05,15,734.05,110.11,623.95,Cash,Store
TXN-0092103,2026-08-11,DXB-004,Dubai,CUST-03186,P005,Keyboard,Accessories,3,176.32,5,528.97,26.45,502.52,Card,Store
TXN-0092211,2026-08-11,DXB-002,Dubai,CUST-06957,P008,Desk,Furniture,1,765.01,10,765.01,76.5,688.51,Bank Transfer,Store
TXN-0092330,2026-08-11,DXB-004,Dubai,CUST-00785,P012,Pen Pack,Stationery,3,14.47,0,43.4,0.0,43.4,Apple Pay,Store
TXN-0092335,2026-08-11,DXB-004,Dubai,CUST-01335,P001,Laptop,Electronics,1,2692.9,15,2692.9,403.94,2288.97,Card,Store
TXN-0092653,2026-08-11,DXB-001,Dubai,CUST-04032,P002,Smartphone,Electronics,3,1705.98,10,5117.95,511.79,4606.15,Cash,Store
TXN-0092797,2026-08-11,DXB-002,Dubai,CUST-07233,P007,Office Chair,Furniture,1,718.6,15,718.6,107.79,610.81,Cash,Online
TXN-0092843,2026-08-11,DXB-002,Dubai,CUST-04450,P005,Keyboard,Accessories,6,171.02,15,1026.13,153.92,872.21,Cash,Store
TXN-0092874,2026-08-11,DXB-002,Dubai,CUST-00650,P006,Mouse,Accessories,3,98.35,5,295.05,14.75,280.29,Card,Store
TXN-0092902,2026-08-11,DXB-002,Dubai,CUST-06228,P010,Printer,Office,1,711.81,0,711.81,0.0,711.81,Card,Store
TXN-0092911,2026-08-11,DXB-005,Dubai,CUST-04751,P005,Keyboard,Accessories,1,191.08,0,191.08,0.0,191.08,Card,Store
TXN-0093019,2026-08-11,DXB-001,Dubai,CUST-00306,P009,Backpack,Accessories,2,216.49,5,432.98,21.65,411.33,Cash,Online
TXN-0093032,2026-08-11,DXB-002,Dubai,CUST-01776,P011,Notebook,Stationery,2,25.06,0,50.11,0.0,50.11,Apple Pay,Store
TXN-0093089,2026-08-11,DXB-004,Dubai,CUST-06921,P004,Monitor,Electronics,4,937.59,0,3750.36,0.0,3750.36,Cash,Store
TXN-0093105,2026-08-11,DXB-005,Dubai,CUST-03949,P006,Mouse,Accessories,1,100.75,0,100.75,0.0,100.75,Card,Store
TXN-0093155,2026-08-11,DXB-004,Dubai,CUST-00654,P008,Desk,Furniture,3,861.31,0,2583.92,0.0,2583.92,Apple Pay,Online
TXN-0093185,2026-08-11,DXB-003,Dubai,CUST-06446,P004,Monitor,Electronics,1,936.91,0,936.91,0.0,936.91,Card,Online
TXN-0093252,2026-08-11,DXB-005,Dubai,CUST-02408,P012,Pen Pack,Stationery,3,15.13,5,45.39,2.27,43.12,Cash,Store
TXN-0093286,2026-08-11,DXB-001,Dubai,CUST-01984,P013,USB Drive,Accessories,1,45.82,10,45.82,4.58,41.24,Apple Pay,Online
TXN-0093305,2026-08-11,DXB-003,Dubai,CUST-01309,P010,Printer,Office,1,731.7,10,731.7,73.17,658.53,Cash,Online
TXN-0093369,2026-08-11,DXB-005,Dubai,CUST-05621,P008,Desk,Furniture,1,815.98,20,815.98,163.2,652.78,Card,Store
TXN-0093447,2026-08-11,DXB-001,Dubai,CUST-06239,P009,Backpack,Accessories,2,230.41,0,460.81,0.0,460.81,Apple Pay,Store
TXN-0093449,2026-08-11,DXB-003,Dubai,CUST-07607,P015,Tablet,Electronics,1,1239.5,10,1239.5,123.95,1115.55,Apple Pay,Store
TXN-0093493,2026-08-11,DXB-002,Dubai,CUST-07682,P011,Notebook,Stationery,1,24.45,5,24.45,1.22,23.23,Card,Store
TXN-0093511,2026-08-11,DXB-002,Dubai,CUST-04583,P002,Smartphone,Electronics,2,1699.18,10,3398.37,339.84,3058.53,Card,Online
TXN-0093520,2026-08-11,DXB-004,Dubai,CUST-02074,P015,Tablet,Electronics,4,1336.97,10,5347.87,534.79,4813.08,Cash,Store
TXN-0093531,2026-08-11,DXB-003,Dubai,CUST-07439,P009,Backpack,Accessories,1,227.18,10,227.18,22.72,204.46,Bank Transfer,Store
TXN-0093636,2026-08-11,DXB-004,Dubai,CUST-00577,P005,Keyboard,Accessories,1,196.39,10,196.39,19.64,176.75,Card,Store
TXN-0093646,2026-08-11,DXB-002,Dubai,CUST-05554,P008,Desk,Furniture,1,842.38,0,842.38,0.0,842.38,Card,Online
TXN-0093813,2026-08-11,DXB-003,Dubai,CUST-03920,P003,Headphones,Electronics,3,377.88,5,1133.64,56.68,1076.96,Card,Online
TXN-0093826,2026-08-11,DXB-002,Dubai,CUST-04006,P010,Printer,Office,4,739.34,0,2957.35,0.0,2957.35,Apple Pay,Store
TXN-0093835,2026-08-11,DXB-003,Dubai,CUST-03064,P007,Office Chair,Furniture,1,607.02,15,607.02,91.05,515.97,Card,Store
TXN-0093844,2026-08-11,DXB-003,Dubai,CUST-06440,P009,Backpack,Accessories,1,235.43,10,235.43,23.54,211.88,Card,Online
TXN-0093880,2026-08-11,DXB-005,Dubai,CUST-03358,P009,Backpack,Accessories,1,219.73,0,219.73,0.0,219.73,Apple Pay,Store
TXN-0093883,2026-08-11,DXB-004,Dubai,CUST-00717,P012,Pen Pack,Stationery,4,15.64,0,62.54,0.0,62.54,Card,Store
TXN-0093943,2026-08-11,DXB-003,Dubai,CUST-03308,P002,Smartphone,Electronics,1,1674.6,0,1674.6,0.0,1674.6,Apple Pay,Store
TXN-0093955,2026-08-11,DXB-001,Dubai,CUST-01535,P001,Laptop,Electronics,3,2743.36,0,8230.09,0.0,8230.09,Cash,Online
TXN-0093977,2026-08-11,DXB-002,Dubai,CUST-00897,P010,Printer,Office,1,732.2,0,732.2,0.0,732.2,Card,Store
TXN-0094012,2026-08-11,DXB-001,Dubai,CUST-05990,P001,Laptop,Electronics,1,3000.07,0,3000.07,0.0,3000.07,Card,Store
TXN-0094037,2026-08-11,DXB-002,Dubai,CUST-00913,P005,Keyboard,Accessories,1,194.34,0,194.34,0.0,194.34,Cash,Store
TXN-0094116,2026-08-11,DXB-005,Dubai,CUST-01541,P014,Power Bank,Electronics,1,152.34,0,152.34,0.0,152.34,Card,Store
TXN-0094118,2026-08-11,DXB-004,Dubai,CUST-02265,P010,Printer,Office,1,679.74,0,679.74,0.0,679.74,Apple Pay,Store
TXN-0094145,2026-08-11,DXB-003,Dubai,CUST-03882,P011,Notebook,Stationery,1,23.88,0,23.88,0.0,23.88,Apple Pay,Store
TXN-0094224,2026-08-11,DXB-005,Dubai,CUST-05875,P004,Monitor,Electronics,2,936.85,0,1873.69,0.0,1873.69,Apple Pay,Store
TXN-0094244,2026-08-11,DXB-002,Dubai,CUST-03785,P013,USB Drive,Accessories,3,42.57,0,127.7,0.0,127.7,Card,Online
TXN-0094297,2026-08-11,DXB-001,Dubai,CUST-03401,P003,Headphones,Electronics,6,343.51,0,2061.07,0.0,2061.07,Card,Store
TXN-0094318,2026-08-11,DXB-001,Dubai,CUST-03193,P003,Headphones,Electronics,4,363.39,10,1453.56,145.36,1308.21,Cash,Store
TXN-0094488,2026-08-11,DXB-002,Dubai,CUST-05399,P014,Power Bank,Electronics,3,119.51,0,358.52,0.0,358.52,Card,Online
TXN-0094530,2026-08-11,DXB-002,Dubai,CUST-03961,P011,Notebook,Stationery,2,22.7,5,45.39,2.27,43.12,Cash,Online
TXN-0094583,2026-08-11,DXB-005,Dubai,CUST-07304,P010,Printer,Office,1,729.99,10,729.99,73.0,656.99,Card,Store
TXN-0094626,2026-08-11,DXB-001,Dubai,CUST-02023,P011,Notebook,Stationery,1,23.55,5,23.55,1.18,22.37,Bank Transfer,Store
TXN-0094636,2026-08-11,DXB-004,Dubai,CUST-06859,P010,Printer,Office,1,689.89,15,689.89,103.48,586.41,Apple Pay,Store
TXN-0094670,2026-08-11,DXB-003,Dubai,CUST-01866,P004,Monitor,Electronics,1,987.76,0,987.76,0.0,987.76,Card,Store
TXN-0094699,2026-08-11,DXB-001,Dubai,CUST-04639,P013,USB Drive,Accessories,2,42.41,10,84.82,8.48,76.34,Apple Pay,Store
TXN-0094705,2026-08-11,DXB-002,Dubai,CUST-05112,P012,Pen Pack,Stationery,1,14.03,5,14.03,0.7,13.33,Card,Store
TXN-0094826,2026-08-11,DXB-001,Dubai,CUST-06425,P004,Monitor,Electronics,1,838.3,5,838.3,41.91,796.38,Card,Store
TXN-0094894,2026-08-11,DXB-001,Dubai,CUST-04600,P010,Printer,Office,4,670.71,0,2682.84,0.0,2682.84,Card,Online
TXN-0094954,2026-08-11,DXB-002,Dubai,CUST-03781,P002,Smartphone,Electronics,2,1701.76,0,3403.53,0.0,3403.53,Card,Store
TXN-0095147,2026-08-11,DXB-002,Dubai,CUST-07664,P013,USB Drive,Accessories,1,47.11,0,47.11,0.0,47.11,Card,Store
TXN-0095151,2026-08-11,DXB-001,Dubai,CUST-05729,P008,Desk,Furniture,1,833.91,5,833.91,41.7,792.22,Apple Pay,Store
TXN-0095216,2026-08-11,DXB-003,Dubai,CUST-06767,P001,Laptop,Electronics,2,2741.46,5,5482.91,274.15,5208.77,Apple Pay,Store
TXN-0095253,2026-08-11,DXB-005,Dubai,CUST-02076,P009,Backpack,Accessories,1,200.06,10,200.06,20.01,180.05,Card,Store
TXN-0095285,2026-08-11,DXB-005,Dubai,CUST-03121,P003,Headphones,Electronics,1,332.1,0,332.1,0.0,332.1,Apple Pay,Store
TXN-0095288,2026-08-11,DXB-003,Dubai,CUST-01821,P005,Keyboard,Accessories,1,195.76,0,195.76,0.0,195.76,Card,Store
TXN-0095333,2026-08-11,DXB-005,Dubai,CUST-04868,P005,Keyboard,Accessories,2,169.93,0,339.87,0.0,339.87,Card,Store
TXN-0095346,2026-08-11,DXB-003,Dubai,CUST-07145,P012,Pen Pack,Stationery,2,14.72,0,29.44,0.0,29.44,Card,Store
TXN-0095378,2026-08-11,DXB-005,Dubai,CUST-04216,P005,Keyboard,Accessories,1,185.79,0,185.79,0.0,185.79,Card,Store
TXN-0095453,2026-08-11,DXB-004,Dubai,CUST-05709,P009,Backpack,Accessories,2,242.63,10,485.27,48.53,436.74,Card,Online
TXN-0095495,2026-08-11,DXB-003,Dubai,CUST-04490,P005,Keyboard,Accessories,1,175.62,15,175.62,26.34,149.28,Apple Pay,Store
TXN-0095536,2026-08-11,DXB-001,Dubai,CUST-03992,P004,Monitor,Electronics,1,868.63,5,868.63,43.43,825.19,Apple Pay,Store
TXN-0095559,2026-08-11,DXB-005,Dubai,CUST-00385,P011,Notebook,Stationery,2,26.22,10,52.43,5.24,47.19,Bank Transfer,Store
TXN-0095596,2026-08-11,DXB-002,Dubai,CUST-03237,P006,Mouse,Accessories,1,100.13,0,100.13,0.0,100.13,Bank Transfer,Store
TXN-0095612,2026-08-11,DXB-003,Dubai,CUST-02148,P009,Backpack,Accessories,1,190.57,15,190.57,28.59,161.98,Bank Transfer,Store
TXN-0095652,2026-08-11,DXB-002,Dubai,CUST-07368,P004,Monitor,Electronics,2,863.85,10,1727.69,172.77,1554.93,Card,Store
TXN-0095730,2026-08-11,DXB-001,Dubai,CUST-05506,P005,Keyboard,Accessories,1,195.03,0,195.03,0.0,195.03,Cash,Store
TXN-0095926,2026-08-11,DXB-004,Dubai,CUST-04656,P003,Headphones,Electronics,4,377.93,10,1511.71,151.17,1360.54,Card,Store
TXN-0095929,2026-08-11,DXB-005,Dubai,CUST-04112,P002,Smartphone,Electronics,1,1958.19,5,1958.19,97.91,1860.28,Apple Pay,Store
TXN-0095972,2026-08-11,DXB-004,Dubai,CUST-00802,P014,Power Bank,Electronics,3,135.12,0,405.37,0.0,405.37,Card,Online
TXN-0096012,2026-08-11,DXB-003,Dubai,CUST-01776,P001,Laptop,Electronics,1,2769.19,10,2769.19,276.92,2492.27,Cash,Store
TXN-0096036,2026-08-11,DXB-004,Dubai,CUST-05129,P004,Monitor,Electronics,2,886.94,10,1773.87,177.39,1596.49,Card,Store
TXN-0096218,2026-08-11,DXB-001,Dubai,CUST-02713,P004,Monitor,Electronics,1,1083.28,15,1083.28,162.49,920.78,Card,Store
TXN-0096252,2026-08-11,DXB-005,Dubai,CUST-05549,P013,USB Drive,Accessories,2,44.81,10,89.62,8.96,80.66,Cash,Store
TXN-0096284,2026-08-11,DXB-004,Dubai,CUST-07674,P011,Notebook,Stationery,1,26.0,15,26.0,3.9,22.1,Cash,Store
TXN-0096306,2026-08-11,DXB-005,Dubai,CUST-06863,P014,Power Bank,Electronics,1,151.63,10,151.63,15.16,136.47,Bank Transfer,Store
TXN-0096320,2026-08-11,DXB-001,Dubai,CUST-00545,P012,Pen Pack,Stationery,6,15.12,20,90.69,18.14,72.55,Bank Transfer,Store
TXN-0096353,2026-08-11,DXB-005,Dubai,CUST-04760,P010,Printer,Office,1,677.46,15,677.46,101.62,575.84,Card,Store
TXN-0096372,2026-08-11,DXB-002,Dubai,CUST-02488,P009,Backpack,Accessories,2,228.75,20,457.51,91.5,366.01,Card,Store
TXN-0096382,2026-08-11,DXB-001,Dubai,CUST-04045,P001,Laptop,Electronics,3,2590.25,20,7770.75,1554.15,6216.6,Bank Transfer,Online
TXN-0096403,2026-08-11,DXB-005,Dubai,CUST-03112,P011,Notebook,Stationery,2,25.21,5,50.41,2.52,47.89,Card,Store
TXN-0096413,2026-08-11,DXB-003,Dubai,CUST-03837,P011,Notebook,Stationery,5,26.42,0,132.1,0.0,132.1,Apple Pay,Store
TXN-0096422,2026-08-11,DXB-002,Dubai,CUST-00110,P010,Printer,Office,1,651.6,15,651.6,97.74,553.86,Card,Store
TXN-0096436,2026-08-11,DXB-002,Dubai,CUST-00623,P005,Keyboard,Accessories,3,188.45,15,565.34,84.8,480.54,Apple Pay,Online
TXN-0096489,2026-08-11,DXB-002,Dubai,CUST-01439,P007,Office Chair,Furniture,3,577.02,5,1731.07,86.55,1644.52,Card,Store
TXN-0096537,2026-08-11,DXB-002,Dubai,CUST-05496,P005,Keyboard,Accessories,3,200.06,5,600.19,30.01,570.18,Cash,Store
TXN-0096608,2026-08-11,DXB-001,Dubai,CUST-03770,P008,Desk,Furniture,1,835.95,0,835.95,0.0,835.95,Apple Pay,Store
TXN-0096693,2026-08-11,DXB-004,Dubai,CUST-02397,P015,Tablet,Electronics,1,1265.12,5,1265.12,63.26,1201.87,Card,Store
TXN-0096805,2026-08-11,DXB-003,Dubai,CUST-00650,P010,Printer,Office,1,712.03,0,712.03,0.0,712.03,Bank Transfer,Online
TXN-0096901,2026-08-11,DXB-002,Dubai,CUST-06653,P007,Office Chair,Furniture,1,665.17,0,665.17,0.0,665.17,Apple Pay,Store
TXN-0096962,2026-08-11,DXB-004,Dubai,CUST-01472,P011,Notebook,Stationery,1,24.76,10,24.76,2.48,22.28,Card,Online
TXN-0097141,2026-08-11,DXB-002,Dubai,CUST-04051,P005,Keyboard,Accessories,3,191.75,0,575.26,0.0,575.26,Cash,Store
TXN-0097172,2026-08-11,DXB-005,Dubai,CUST-01401,P003,Headphones,Electronics,2,307.23,0,614.46,0.0,614.46,Cash,Online
TXN-0097237,2026-08-11,DXB-005,Dubai,CUST-01919,P013,USB Drive,Accessories,1,42.67,10,42.67,4.27,38.4,Card,Store
TXN-0097278,2026-08-11,DXB-003,Dubai,CUST-00662,P005,Keyboard,Accessories,2,169.45,0,338.91,0.0,338.91,Bank Transfer,Store
TXN-0097331,2026-08-11,DXB-005,Dubai,CUST-04678,P012,Pen Pack,Stationery,2,14.84,10,29.67,2.97,26.71,Apple Pay,Store
TXN-0097358,2026-08-11,DXB-001,Dubai,CUST-03491,P007,Office Chair,Furniture,1,578.03,10,578.03,57.8,520.22,Card,Online
TXN-0097425,2026-08-11,DXB-001,Dubai,CUST-01231,P008,Desk,Furniture,1,728.44,5,728.44,36.42,692.02,Apple Pay,Store
TXN-0097438,2026-08-11,DXB-003,Dubai,CUST-01458,P004,Monitor,Electronics,3,1005.54,10,3016.63,301.66,2714.97,Bank Transfer,Store
TXN-0097449,2026-08-11,DXB-003,Dubai,CUST-02158,P005,Keyboard,Accessories,2,174.5,5,349.0,17.45,331.55,Card,Store
TXN-0097450,2026-08-11,DXB-005,Dubai,CUST-01269,P007,Office Chair,Furniture,1,683.35,5,683.35,34.17,649.18,Card,Store
TXN-0097492,2026-08-11,DXB-003,Dubai,CUST-01609,P010,Printer,Office,1,711.81,10,711.81,71.18,640.63,Bank Transfer,Store
TXN-0097671,2026-08-11,DXB-005,Dubai,CUST-01157,P002,Smartphone,Electronics,1,1751.51,0,1751.51,0.0,1751.51,Bank Transfer,Online
TXN-0097707,2026-08-11,DXB-005,Dubai,CUST-02167,P008,Desk,Furniture,1,847.67,15,847.67,127.15,720.52,Card,Store
TXN-0097806,2026-08-11,DXB-005,Dubai,CUST-01678,P015,Tablet,Electronics,3,1267.86,0,3803.58,0.0,3803.58,Bank Transfer,Store
TXN-0097868,2026-08-11,DXB-001,Dubai,CUST-04291,P004,Monitor,Electronics,1,874.87,5,874.87,43.74,831.13,Apple Pay,Store
TXN-0097949,2026-08-11,DXB-004,Dubai,CUST-06991,P011,Notebook,Stationery,2,24.91,10,49.82,4.98,44.84,Apple Pay,Store
TXN-0098009,2026-08-11,DXB-002,Dubai,CUST-02928,P007,Office Chair,Furniture,1,699.11,5,699.11,34.96,664.15,Apple Pay,Store
TXN-0098061,2026-08-11,DXB-002,Dubai,CUST-04326,P013,USB Drive,Accessories,2,40.38,0,80.76,0.0,80.76,Apple Pay,Store
TXN-0098146,2026-08-11,DXB-001,Dubai,CUST-07628,P005,Keyboard,Accessories,3,181.79,0,545.36,0.0,545.36,Bank Transfer,Store
TXN-0098149,2026-08-11,DXB-002,Dubai,CUST-05274,P002,Smartphone,Electronics,2,1972.61,15,3945.21,591.78,3353.43,Card,Store
TXN-0098155,2026-08-11,DXB-003,Dubai,CUST-00455,P001,Laptop,Electronics,2,2978.75,0,5957.5,0.0,5957.5,Cash,Store
TXN-0098170,2026-08-11,DXB-002,Dubai,CUST-04644,P013,USB Drive,Accessories,1,42.2,0,42.2,0.0,42.2,Apple Pay,Store
TXN-0098292,2026-08-11,DXB-005,Dubai,CUST-06262,P015,Tablet,Electronics,3,1270.03,0,3810.1,0.0,3810.1,Card,Store
TXN-0098430,2026-08-11,DXB-002,Dubai,CUST-07148,P008,Desk,Furniture,1,738.73,10,738.73,73.87,664.85,Cash,Store
TXN-0098504,2026-08-11,DXB-005,Dubai,CUST-07912,P013,USB Drive,Accessories,1,43.49,15,43.49,6.52,36.96,Card,Store
TXN-0098542,2026-08-11,DXB-003,Dubai,CUST-06112,P002,Smartphone,Electronics,5,1858.71,5,9293.57,464.68,8828.89,Apple Pay,Store
TXN-0098562,2026-08-11,DXB-001,Dubai,CUST-04741,P008,Desk,Furniture,4,764.15,0,3056.6,0.0,3056.6,Apple Pay,Store
TXN-0098590,2026-08-11,DXB-001,Dubai,CUST-04759,P004,Monitor,Electronics,2,857.9,0,1715.79,0.0,1715.79,Cash,Store
TXN-0098598,2026-08-11,DXB-001,Dubai,CUST-07458,P013,USB Drive,Accessories,5,46.94,20,234.68,46.94,187.75,Apple Pay,Store
TXN-0098614,2026-08-11,DXB-004,Dubai,CUST-02513,P012,Pen Pack,Stationery,1,16.26,10,16.26,1.63,14.64,Card,Store
TXN-0098704,2026-08-11,DXB-001,Dubai,CUST-05373,P005,Keyboard,Accessories,1,177.33,10,177.33,17.73,159.59,Card,Store
TXN-0098871,2026-08-11,DXB-003,Dubai,CUST-04463,P004,Monitor,Electronics,1,816.7,5,816.7,40.84,775.87,Card,Online
TXN-0099033,2026-08-11,DXB-004,Dubai,CUST-06172,P003,Headphones,Electronics,1,364.69,15,364.69,54.7,309.99,Cash,Store
TXN-0099194,2026-08-11,DXB-001,Dubai,CUST-02618,P001,Laptop,Electronics,6,2728.74,0,16372.43,0.0,16372.43,Bank Transfer,Online
TXN-0099197,2026-08-11,DXB-005,Dubai,CUST-03786,P007,Office Chair,Furniture,1,633.29,10,633.29,63.33,569.96,Apple Pay,Online
TXN-0099205,2026-08-11,DXB-001,Dubai,CUST-05625,P002,Smartphone,Electronics,1,1868.34,15,1868.34,280.25,1588.09,Apple Pay,Store
TXN-0099293,2026-08-11,DXB-005,Dubai,CUST-04701,P015,Tablet,Electronics,2,1232.99,5,2465.98,123.3,2342.68,Card,Store
TXN-0099383,2026-08-11,DXB-004,Dubai,CUST-05107,P015,Tablet,Electronics,2,1218.54,0,2437.07,0.0,2437.07,Apple Pay,Store
TXN-0099407,2026-08-11,DXB-001,Dubai,CUST-03464,P007,Office Chair,Furniture,2,664.66,10,1329.32,132.93,1196.39,Bank Transfer,Store
TXN-0099451,2026-08-11,DXB-001,Dubai,CUST-05915,P002,Smartphone,Electronics,1,1899.99,0,1899.99,0.0,1899.99,Card,Store
TXN-0099453,2026-08-11,DXB-003,Dubai,CUST-01585,P007,Office Chair,Furniture,1,658.88,5,658.88,32.94,625.94,Cash,Online
TXN-0099464,2026-08-11,DXB-002,Dubai,CUST-06843,P015,Tablet,Electronics,1,1341.56,0,1341.56,0.0,1341.56,Apple Pay,Store
TXN-0099496,2026-08-11,DXB-002,Dubai,CUST-06230,P003,Headphones,Electronics,2,380.94,15,761.88,114.28,647.6,Apple Pay,Store
TXN-0099565,2026-08-11,DXB-004,Dubai,CUST-03914,P011,Notebook,Stationery,1,24.07,5,24.07,1.2,22.87,Card,Store
TXN-0099644,2026-08-11,DXB-002,Dubai,CUST-01130,P005,Keyboard,Accessories,1,188.37,5,188.37,9.42,178.95,Card,Store
TXN-0099707,2026-08-11,DXB-003,Dubai,CUST-06439,P007,Office Chair,Furniture,3,639.94,0,1919.81,0.0,1919.81,Card,Store
TXN-0099728,2026-08-11,DXB-005,Dubai,CUST-03628,P012,Pen Pack,Stationery,2,14.74,0,29.48,0.0,29.48,Bank Transfer,Store
TXN-0099782,2026-08-11,DXB-003,Dubai,CUST-06684,P013,USB Drive,Accessories,2,40.54,15,81.07,12.16,68.91,Card,Online
TXN-0099848,2026-08-11,DXB-002,Dubai,CUST-06641,P014,Power Bank,Electronics,1,141.81,5,141.81,7.09,134.72,Cash,Store
TXN-0099897,2026-08-11,DXB-003,Dubai,CUST-00377,P014,Power Bank,Electronics,1,153.97,0,153.97,0.0,153.97,Card,Online
TXN-0099935,2026-08-11,DXB-005,Dubai,CUST-02918,P008,Desk,Furniture,1,739.16,5,739.16,36.96,702.2,Bank Transfer,Store
TXN-0099958,2026-08-11,DXB-003,Dubai,CUST-04649,P015,Tablet,Electronics,2,1171.38,0,2342.76,0.0,2342.76,Card,Store
TXN-0100037,2026-08-11,DXB-005,Dubai,CUST-06193,P014,Power Bank,Electronics,2,131.25,15,262.49,39.37,223.12,Apple Pay,Store
TXN-0100048,2026-08-11,DXB-001,Dubai,CUST-06896,P004,Monitor,Electronics,1,882.65,15,882.65,132.4,750.25,Card,Store
TXN-0100075,2026-08-11,DXB-001,Dubai,CUST-07863,P015,Tablet,Electronics,2,1162.94,5,2325.88,116.29,2209.58,Cash,Online
TXN-0100088,2026-08-11,DXB-002,Dubai,CUST-05977,P010,Printer,Office,1,656.37,0,656.37,0.0,656.37,Card,Store
TXN-0100133,2026-08-11,DXB-004,Dubai,CUST-03519,P012,Pen Pack,Stationery,3,15.41,5,46.23,2.31,43.92,Card,Store
TXN-0100185,2026-08-11,DXB-001,Dubai,CUST-02995,P004,Monitor,Electronics,4,783.86,0,3135.46,0.0,3135.46,Card,Online
TXN-0100340,2026-08-11,DXB-004,Dubai,CUST-06616,P012,Pen Pack,Stationery,1,13.66,0,13.66,0.0,13.66,Card,Store
TXN-0100343,2026-08-11,DXB-004,Dubai,CUST-05003,P004,Monitor,Electronics,2,998.76,15,1997.51,299.63,1697.89,Card,Online
TXN-0100397,2026-08-11,DXB-001,Dubai,CUST-05485,P005,Keyboard,Accessories,2,183.82,10,367.64,36.76,330.87,Apple Pay,Store
TXN-0100442,2026-08-11,DXB-001,Dubai,CUST-06759,P012,Pen Pack,Stationery,3,15.25,0,45.76,0.0,45.76,Card,Online
TXN-0100582,2026-08-11,DXB-001,Dubai,CUST-07565,P006,Mouse,Accessories,1,104.8,10,104.8,10.48,94.32,Bank Transfer,Store
TXN-0100853,2026-08-11,DXB-002,Dubai,CUST-02237,P009,Backpack,Accessories,1,233.16,10,233.16,23.32,209.85,Card,Store
TXN-0100868,2026-08-11,DXB-002,Dubai,CUST-07927,P013,USB Drive,Accessories,4,47.37,0,189.47,0.0,189.47,Card,Store
TXN-0100896,2026-08-11,DXB-004,Dubai,CUST-03989,P008,Desk,Furniture,1,806.96,10,806.96,80.7,726.26,Card,Store
TXN-0100995,2026-08-11,DXB-001,Dubai,CUST-00533,P004,Monitor,Electronics,1,891.22,15,891.22,133.68,757.54,Cash,Store
TXN-0101015,2026-08-11,DXB-004,Dubai,CUST-03978,P007,Office Chair,Furniture,1,573.27,10,573.27,57.33,515.94,Apple Pay,Store
TXN-0101017,2026-08-11,DXB-004,Dubai,CUST-01928,P013,USB Drive,Accessories,1,42.12,20,42.12,8.42,33.7,Card,Online
TXN-0101032,2026-08-11,DXB-003,Dubai,CUST-07380,P013,USB Drive,Accessories,3,53.3,10,159.9,15.99,143.91,Card,Store
TXN-0101073,2026-08-11,DXB-001,Dubai,CUST-06434,P003,Headphones,Electronics,1,373.98,5,373.98,18.7,355.28,Card,Store
TXN-0101087,2026-08-11,DXB-005,Dubai,CUST-05374,P013,USB Drive,Accessories,4,44.04,0,176.14,0.0,176.14,Apple Pay,Store
TXN-0101091,2026-08-11,DXB-005,Dubai,CUST-02775,P004,Monitor,Electronics,1,840.77,5,840.77,42.04,798.73,Card,Online
TXN-0101149,2026-08-11,DXB-003,Dubai,CUST-04598,P007,Office Chair,Furniture,1,668.32,10,668.32,66.83,601.48,Cash,Store
TXN-0101197,2026-08-11,DXB-001,Dubai,CUST-01361,P001,Laptop,Electronics,1,2754.2,10,2754.2,275.42,2478.78,Apple Pay,Store
TXN-0101224,2026-08-11,DXB-003,Dubai,CUST-05130,P001,Laptop,Electronics,2,2913.1,5,5826.19,291.31,5534.88,Card,Store
TXN-0101232,2026-08-11,DXB-004,Dubai,CUST-07544,P015,Tablet,Electronics,2,1161.22,10,2322.44,232.24,2090.2,Apple Pay,Store
TXN-0101260,2026-08-11,DXB-001,Dubai,CUST-01833,P003,Headphones,Electronics,1,324.05,5,324.05,16.2,307.84,Card,Store
TXN-0101312,2026-08-11,DXB-003,Dubai,CUST-00092,P005,Keyboard,Accessories,1,176.67,5,176.67,8.83,167.83,Card,Store
TXN-0101473,2026-08-11,DXB-002,Dubai,CUST-04815,P005,Keyboard,Accessories,1,187.06,0,187.06,0.0,187.06,Bank Transfer,Store
TXN-0101513,2026-08-11,DXB-004,Dubai,CUST-05159,P004,Monitor,Electronics,1,989.52,10,989.52,98.95,890.57,Bank Transfer,Online
TXN-0101525,2026-08-11,DXB-004,Dubai,CUST-07696,P013,USB Drive,Accessories,3,46.98,10,140.93,14.09,126.83,Apple Pay,Store
TXN-0101537,2026-08-11,DXB-002,Dubai,CUST-02839,P011,Notebook,Stationery,1,26.62,5,26.62,1.33,25.29,Cash,Store
TXN-0101543,2026-08-11,DXB-003,Dubai,CUST-05166,P005,Keyboard,Accessories,4,181.23,0,724.91,0.0,724.91,Card,Store
TXN-0101547,2026-08-11,DXB-003,Dubai,CUST-02740,P009,Backpack,Accessories,5,207.96,15,1039.82,155.97,883.84,Card,Store
TXN-0101569,2026-08-11,DXB-002,Dubai,CUST-05374,P010,Printer,Office,1,684.23,5,684.23,34.21,650.02,Card,Store
TXN-0101626,2026-08-11,DXB-001,Dubai,CUST-01155,P004,Monitor,Electronics,3,905.01,0,2715.02,0.0,2715.02,Apple Pay,Store
TXN-0101664,2026-08-11,DXB-002,Dubai,CUST-03089,P013,USB Drive,Accessories,1,45.15,0,45.15,0.0,45.15,Bank Transfer,Store
TXN-0101722,2026-08-11,DXB-001,Dubai,CUST-07062,P010,Printer,Office,1,598.29,0,598.29,0.0,598.29,Card,Store
TXN-0101771,2026-08-11,DXB-002,Dubai,CUST-02486,P008,Desk,Furniture,1,815.74,10,815.74,81.57,734.16,Card,Store
TXN-0101776,2026-08-11,DXB-002,Dubai,CUST-07086,P004,Monitor,Electronics,2,812.29,0,1624.58,0.0,1624.58,Card,Store
TXN-0101885,2026-08-11,DXB-001,Dubai,CUST-03468,P008,Desk,Furniture,1,826.27,10,826.27,82.63,743.64,Card,Store
TXN-0101908,2026-08-11,DXB-004,Dubai,CUST-03919,P003,Headphones,Electronics,1,366.1,0,366.1,0.0,366.1,Card,Store
TXN-0101969,2026-08-11,DXB-005,Dubai,CUST-04261,P009,Backpack,Accessories,1,200.77,0,200.77,0.0,200.77,Apple Pay,Store
TXN-0102063,2026-08-11,DXB-003,Dubai,CUST-04282,P003,Headphones,Electronics,2,358.8,0,717.59,0.0,717.59,Apple Pay,Store
TXN-0102150,2026-08-11,DXB-004,Dubai,CUST-04048,P014,Power Bank,Electronics,1,158.55,5,158.55,7.93,150.62,Card,Store
TXN-0102196,2026-08-11,DXB-004,Dubai,CUST-05249,P001,Laptop,Electronics,1,2852.66,10,2852.66,285.27,2567.4,Bank Transfer,Store
TXN-0102410,2026-08-11,DXB-005,Dubai,CUST-03159,P009,Backpack,Accessories,2,210.41,10,420.81,42.08,378.73,Cash,Online
TXN-0102471,2026-08-11,DXB-003,Dubai,CUST-06137,P004,Monitor,Electronics,4,895.82,10,3583.26,358.33,3224.94,Cash,Online
TXN-0102633,2026-08-11,DXB-001,Dubai,CUST-01068,P004,Monitor,Electronics,1,783.37,0,783.37,0.0,783.37,Apple Pay,Store
TXN-0102798,2026-08-11,DXB-003,Dubai,CUST-03291,P009,Backpack,Accessories,1,197.82,10,197.82,19.78,178.04,Apple Pay,Store
TXN-0102894,2026-08-11,DXB-005,Dubai,CUST-05211,P002,Smartphone,Electronics,1,1749.88,0,1749.88,0.0,1749.88,Card,Online
TXN-0102946,2026-08-11,DXB-005,Dubai,CUST-05903,P006,Mouse,Accessories,1,101.11,10,101.11,10.11,91.0,Apple Pay,Store
TXN-0102947,2026-08-11,DXB-003,Dubai,CUST-03654,P010,Printer,Office,1,740.15,5,740.15,37.01,703.14,Apple Pay,Online
TXN-0102958,2026-08-11,DXB-002,Dubai,CUST-07375,P009,Backpack,Accessories,2,214.81,0,429.63,0.0,429.63,Cash,Store
TXN-0102991,2026-08-11,DXB-003,Dubai,CUST-02089,P005,Keyboard,Accessories,3,195.08,0,585.25,0.0,585.25,Cash,Store
TXN-0102996,2026-08-11,DXB-002,Dubai,CUST-02795,P005,Keyboard,Accessories,2,158.45,15,316.9,47.54,269.37,Card,Store
TXN-0103074,2026-08-11,DXB-005,Dubai,CUST-02389,P004,Monitor,Electronics,1,957.79,15,957.79,143.67,814.12,Card,Store
TXN-0103157,2026-08-11,DXB-005,Dubai,CUST-05427,P004,Monitor,Electronics,1,886.01,15,886.01,132.9,753.11,Card,Online
TXN-0103206,2026-08-11,DXB-001,Dubai,CUST-02340,P011,Notebook,Stationery,1,27.22,5,27.22,1.36,25.86,Apple Pay,Store
TXN-0103262,2026-08-11,DXB-005,Dubai,CUST-01604,P005,Keyboard,Accessories,4,174.64,5,698.55,34.93,663.62,Card,Store
TXN-0103310,2026-08-11,DXB-003,Dubai,CUST-02674,P003,Headphones,Electronics,1,347.18,10,347.18,34.72,312.47,Bank Transfer,Store
TXN-0103332,2026-08-11,DXB-001,Dubai,CUST-06182,P001,Laptop,Electronics,2,2901.57,10,5803.15,580.31,5222.83,Card,Store
TXN-0103375,2026-08-11,DXB-002,Dubai,CUST-01686,P014,Power Bank,Electronics,1,147.26,0,147.26,0.0,147.26,Apple Pay,Online
TXN-0103441,2026-08-11,DXB-003,Dubai,CUST-06324,P015,Tablet,Electronics,1,1170.69,10,1170.69,117.07,1053.62,Cash,Store
TXN-0103451,2026-08-11,DXB-002,Dubai,CUST-07767,P005,Keyboard,Accessories,2,190.67,5,381.35,19.07,362.28,Card,Store
TXN-0103457,2026-08-11,DXB-003,Dubai,CUST-04976,P002,Smartphone,Electronics,2,1778.07,0,3556.14,0.0,3556.14,Card,Store
TXN-0103579,2026-08-11,DXB-002,Dubai,CUST-04530,P002,Smartphone,Electronics,1,1949.82,20,1949.82,389.96,1559.85,Cash,Store
TXN-0103587,2026-08-11,DXB-004,Dubai,CUST-03835,P012,Pen Pack,Stationery,3,14.31,20,42.92,8.58,34.34,Bank Transfer,Store
TXN-0103603,2026-08-11,DXB-003,Dubai,CUST-00757,P009,Backpack,Accessories,5,221.09,5,1105.46,55.27,1050.18,Bank Transfer,Store
TXN-0103721,2026-08-11,DXB-002,Dubai,CUST-01581,P015,Tablet,Electronics,1,1140.54,5,1140.54,57.03,1083.51,Bank Transfer,Store
TXN-0103759,2026-08-11,DXB-003,Dubai,CUST-00260,P002,Smartphone,Electronics,4,1804.22,15,7216.9,1082.53,6134.36,Card,Online
TXN-0103763,2026-08-11,DXB-005,Dubai,CUST-00195,P003,Headphones,Electronics,1,379.17,5,379.17,18.96,360.22,Card,Store
TXN-0103907,2026-08-11,DXB-004,Dubai,CUST-05835,P011,Notebook,Stationery,2,24.31,15,48.62,7.29,41.33,Cash,Store
TXN-0103919,2026-08-11,DXB-005,Dubai,CUST-07544,P008,Desk,Furniture,1,725.21,15,725.21,108.78,616.43,Card,Online
TXN-0104063,2026-08-11,DXB-004,Dubai,CUST-01854,P008,Desk,Furniture,1,781.84,0,781.84,0.0,781.84,Apple Pay,Store
TXN-0104110,2026-08-11,DXB-004,Dubai,CUST-05887,P015,Tablet,Electronics,1,1267.39,15,1267.39,190.11,1077.29,Card,Online
TXN-0104119,2026-08-11,DXB-001,Dubai,CUST-02566,P008,Desk,Furniture,3,771.57,0,2314.7,0.0,2314.7,Cash,Store
TXN-0104191,2026-08-11,DXB-004,Dubai,CUST-07066,P002,Smartphone,Electronics,2,1729.63,0,3459.26,0.0,3459.26,Cash,Store
TXN-0104330,2026-08-11,DXB-001,Dubai,CUST-07969,P014,Power Bank,Electronics,2,154.08,0,308.17,0.0,308.17,Bank Transfer,Store
TXN-0104473,2026-08-11,DXB-003,Dubai,CUST-03796,P006,Mouse,Accessories,1,95.9,0,95.9,0.0,95.9,Card,Store
TXN-0104590,2026-08-11,DXB-001,Dubai,CUST-00683,P004,Monitor,Electronics,2,952.35,5,1904.7,95.23,1809.46,Card,Store
TXN-0104619,2026-08-11,DXB-005,Dubai,CUST-01167,P009,Backpack,Accessories,1,218.85,0,218.85,0.0,218.85,Bank Transfer,Store
TXN-0104655,2026-08-11,DXB-003,Dubai,CUST-01224,P011,Notebook,Stationery,1,22.9,5,22.9,1.15,21.76,Card,Store
TXN-0104762,2026-08-11,DXB-002,Dubai,CUST-03766,P001,Laptop,Electronics,3,2927.53,0,8782.6,0.0,8782.6,Bank Transfer,Online
TXN-0104831,2026-08-11,DXB-004,Dubai,CUST-07117,P009,Backpack,Accessories,3,201.91,0,605.73,0.0,605.73,Bank Transfer,Online
TXN-0104855,2026-08-11,DXB-001,Dubai,CUST-03974,P006,Mouse,Accessories,1,95.23,5,95.23,4.76,90.47,Apple Pay,Store
TXN-0104858,2026-08-11,DXB-003,Dubai,CUST-02006,P013,USB Drive,Accessories,1,45.38,10,45.38,4.54,40.84,Apple Pay,Store
TXN-0104859,2026-08-11,DXB-003,Dubai,CUST-05565,P003,Headphones,Electronics,6,342.82,0,2056.93,0.0,2056.93,Bank Transfer,Store
TXN-0104868,2026-08-11,DXB-005,Dubai,CUST-00891,P002,Smartphone,Electronics,1,1999.3,10,1999.3,199.93,1799.37,Card,Online
TXN-0104951,2026-08-11,DXB-005,Dubai,CUST-05121,P005,Keyboard,Accessories,2,182.97,0,365.94,0.0,365.94,Cash,Store
TXN-0105085,2026-08-11,DXB-001,Dubai,CUST-05049,P005,Keyboard,Accessories,3,176.22,5,528.67,26.43,502.23,Apple Pay,Store
TXN-0105094,2026-08-11,DXB-003,Dubai,CUST-04406,P007,Office Chair,Furniture,1,693.38,20,693.38,138.68,554.7,Cash,Store
TXN-0105166,2026-08-11,DXB-001,Dubai,CUST-02125,P006,Mouse,Accessories,1,93.81,0,93.81,0.0,93.81,Card,Store
TXN-0105225,2026-08-11,DXB-005,Dubai,CUST-01128,P015,Tablet,Electronics,2,1167.87,0,2335.74,0.0,2335.74,Card,Store
TXN-0105257,2026-08-11,DXB-002,Dubai,CUST-01215,P015,Tablet,Electronics,6,1227.62,5,7365.7,368.28,6997.41,Cash,Store
TXN-0105308,2026-08-11,DXB-004,Dubai,CUST-07188,P001,Laptop,Electronics,2,2522.25,0,5044.49,0.0,5044.49,Card,Store
TXN-0105451,2026-08-11,DXB-005,Dubai,CUST-01153,P001,Laptop,Electronics,5,2897.22,15,14486.11,2172.92,12313.19,Card,Online
TXN-0105458,2026-08-11,DXB-005,Dubai,CUST-00680,P012,Pen Pack,Stationery,3,16.31,5,48.93,2.45,46.49,Apple Pay,Store
TXN-0105485,2026-08-11,DXB-001,Dubai,CUST-05314,P002,Smartphone,Electronics,1,1854.84,0,1854.84,0.0,1854.84,Card,Online
TXN-0105494,2026-08-11,DXB-005,Dubai,CUST-07793,P002,Smartphone,Electronics,2,1912.0,15,3824.01,573.6,3250.41,Card,Store
TXN-0105604,2026-08-11,DXB-002,Dubai,CUST-01151,P004,Monitor,Electronics,1,833.87,10,833.87,83.39,750.48,Cash,Store
TXN-0105630,2026-08-11,DXB-003,Dubai,CUST-02662,P015,Tablet,Electronics,2,1171.25,0,2342.5,0.0,2342.5,Card,Online
TXN-0105665,2026-08-11,DXB-002,Dubai,CUST-05764,P011,Notebook,Stationery,5,25.2,0,125.98,0.0,125.98,Card,Online
TXN-0105692,2026-08-11,DXB-003,Dubai,CUST-05037,P002,Smartphone,Electronics,1,1762.04,0,1762.04,0.0,1762.04,Cash,Online
TXN-0105703,2026-08-11,DXB-001,Dubai,CUST-00830,P010,Printer,Office,2,662.81,0,1325.61,0.0,1325.61,Card,Store
TXN-0105755,2026-08-11,DXB-002,Dubai,CUST-07608,P010,Printer,Office,1,647.81,0,647.81,0.0,647.81,Cash,Store
TXN-0105835,2026-08-11,DXB-002,Dubai,CUST-06498,P014,Power Bank,Electronics,3,151.07,10,453.22,45.32,407.9,Bank Transfer,Store
TXN-0106013,2026-08-11,DXB-002,Dubai,CUST-03849,P011,Notebook,Stationery,1,26.05,0,26.05,0.0,26.05,Apple Pay,Store
TXN-0106264,2026-08-11,DXB-003,Dubai,CUST-03659,P001,Laptop,Electronics,5,2941.59,0,14707.97,0.0,14707.97,Card,Online
TXN-0106297,2026-08-11,DXB-004,Dubai,CUST-05280,P007,Office Chair,Furniture,3,679.68,15,2039.04,305.86,1733.18,Card,Store
TXN-0106425,2026-08-11,DXB-003,Dubai,CUST-05523,P002,Smartphone,Electronics,1,1798.95,0,1798.95,0.0,1798.95,Cash,Online
TXN-0106438,2026-08-11,DXB-001,Dubai,CUST-05108,P003,Headphones,Electronics,1,369.13,0,369.13,0.0,369.13,Card,Store
TXN-0106498,2026-08-11,DXB-001,Dubai,CUST-05818,P008,Desk,Furniture,1,861.3,0,861.3,0.0,861.3,Bank Transfer,Online
TXN-0106518,2026-08-11,DXB-002,Dubai,CUST-06625,P001,Laptop,Electronics,6,2843.06,5,17058.38,852.92,16205.46,Apple Pay,Store
TXN-0106585,2026-08-11,DXB-001,Dubai,CUST-04958,P011,Notebook,Stationery,1,23.69,5,23.69,1.18,22.5,Card,Store
TXN-0106603,2026-08-11,DXB-002,Dubai,CUST-07498,P005,Keyboard,Accessories,1,184.99,5,184.99,9.25,175.74,Card,Store
TXN-0106772,2026-08-11,DXB-004,Dubai,CUST-03913,P006,Mouse,Accessories,4,88.3,0,353.21,0.0,353.21,Apple Pay,Store
TXN-0106776,2026-08-11,DXB-005,Dubai,CUST-03483,P009,Backpack,Accessories,4,211.8,10,847.19,84.72,762.47,Apple Pay,Store
TXN-0106822,2026-08-11,DXB-003,Dubai,CUST-03443,P014,Power Bank,Electronics,2,138.57,10,277.13,27.71,249.42,Card,Online
TXN-0106859,2026-08-11,DXB-002,Dubai,CUST-05183,P002,Smartphone,Electronics,3,1686.85,5,5060.56,253.03,4807.54,Card,Online
TXN-0106866,2026-08-11,DXB-004,Dubai,CUST-06677,P013,USB Drive,Accessories,1,48.11,10,48.11,4.81,43.3,Card,Store
TXN-0106881,2026-08-11,DXB-002,Dubai,CUST-04322,P001,Laptop,Electronics,1,2980.68,10,2980.68,298.07,2682.61,Card,Online
TXN-0106893,2026-08-11,DXB-003,Dubai,CUST-07022,P011,Notebook,Stationery,6,24.8,0,148.77,0.0,148.77,Card,Store
TXN-0106943,2026-08-11,DXB-001,Dubai,CUST-01480,P005,Keyboard,Accessories,2,169.24,0,338.47,0.0,338.47,Card,Store
TXN-0107007,2026-08-11,DXB-001,Dubai,CUST-00498,P003,Headphones,Electronics,3,336.17,20,1008.5,201.7,806.8,Cash,Online
TXN-0107015,2026-08-11,DXB-005,Dubai,CUST-03179,P003,Headphones,Electronics,3,366.23,5,1098.69,54.93,1043.76,Apple Pay,Store
TXN-0107030,2026-08-11,DXB-004,Dubai,CUST-04884,P007,Office Chair,Furniture,3,613.21,10,1839.63,183.96,1655.67,Card,Store
TXN-0107077,2026-08-11,DXB-004,Dubai,CUST-02966,P013,USB Drive,Accessories,2,42.59,0,85.17,0.0,85.17,Card,Store
TXN-0107160,2026-08-11,DXB-003,Dubai,CUST-07110,P004,Monitor,Electronics,3,904.67,10,2714.01,271.4,2442.61,Card,Store
TXN-0107177,2026-08-11,DXB-004,Dubai,CUST-06042,P008,Desk,Furniture,1,810.79,0,810.79,0.0,810.79,Card,Store
TXN-0107196,2026-08-11,DXB-003,Dubai,CUST-04356,P015,Tablet,Electronics,3,1155.83,5,3467.5,173.38,3294.13,Card,Store
TXN-0107248,2026-08-11,DXB-002,Dubai,CUST-02809,P003,Headphones,Electronics,1,333.36,5,333.36,16.67,316.7,Card,Store
TXN-0107288,2026-08-11,DXB-003,Dubai,CUST-02013,P003,Headphones,Electronics,1,354.7,20,354.7,70.94,283.76,Card,Online
TXN-0107442,2026-08-11,DXB-002,Dubai,CUST-02724,P011,Notebook,Stationery,1,26.14,10,26.14,2.61,23.52,Cash,Online
TXN-0107446,2026-08-11,DXB-002,Dubai,CUST-01893,P014,Power Bank,Electronics,2,169.02,0,338.03,0.0,338.03,Apple Pay,Store
TXN-0107454,2026-08-11,DXB-002,Dubai,CUST-05516,P010,Printer,Office,6,664.05,0,3984.28,0.0,3984.28,Card,Online
TXN-0107456,2026-08-11,DXB-003,Dubai,CUST-06448,P009,Backpack,Accessories,1,210.04,5,210.04,10.5,199.54,Cash,Store
TXN-0107526,2026-08-11,DXB-003,Dubai,CUST-06545,P013,USB Drive,Accessories,1,45.8,0,45.8,0.0,45.8,Apple Pay,Store
TXN-0107640,2026-08-11,DXB-001,Dubai,CUST-04182,P004,Monitor,Electronics,3,799.5,0,2398.5,0.0,2398.5,Cash,Store
TXN-0107681,2026-08-11,DXB-005,Dubai,CUST-04606,P010,Printer,Office,2,673.72,5,1347.44,67.37,1280.07,Bank Transfer,Store
TXN-0107712,2026-08-11,DXB-002,Dubai,CUST-02413,P012,Pen Pack,Stationery,2,15.94,0,31.88,0.0,31.88,Cash,Online
TXN-0107714,2026-08-11,DXB-002,Dubai,CUST-05808,P002,Smartphone,Electronics,2,1707.42,15,3414.84,512.23,2902.61,Bank Transfer,Store
TXN-0107854,2026-08-11,DXB-005,Dubai,CUST-07416,P006,Mouse,Accessories,1,95.33,0,95.33,0.0,95.33,Card,Store
TXN-0107898,2026-08-11,DXB-003,Dubai,CUST-05076,P001,Laptop,Electronics,2,2963.28,0,5926.55,0.0,5926.55,Apple Pay,Online
TXN-0107925,2026-08-11,DXB-005,Dubai,CUST-01151,P014,Power Bank,Electronics,1,144.05,15,144.05,21.61,122.44,Cash,Online
TXN-0107991,2026-08-11,DXB-003,Dubai,CUST-03440,P012,Pen Pack,Stationery,3,15.96,0,47.89,0.0,47.89,Apple Pay,Online
TXN-0108141,2026-08-11,DXB-002,Dubai,CUST-01872,P007,Office Chair,Furniture,2,632.7,0,1265.39,0.0,1265.39,Card,Online
TXN-0108183,2026-08-11,DXB-003,Dubai,CUST-02562,P007,Office Chair,Furniture,3,672.46,0,2017.37,0.0,2017.37,Card,Online
TXN-0108253,2026-08-11,DXB-005,Dubai,CUST-01266,P010,Printer,Office,2,621.86,5,1243.72,62.19,1181.53,Card,Store
TXN-0108264,2026-08-11,DXB-002,Dubai,CUST-05185,P010,Printer,Office,1,713.41,10,713.41,71.34,642.07,Card,Store
TXN-0108266,2026-08-11,DXB-004,Dubai,CUST-05059,P008,Desk,Furniture,2,732.78,15,1465.56,219.83,1245.72,Card,Store
TXN-0108288,2026-08-11,DXB-005,Dubai,CUST-05282,P002,Smartphone,Electronics,2,1952.69,5,3905.38,195.27,3710.11,Cash,Store
TXN-0108315,2026-08-11,DXB-002,Dubai,CUST-00537,P014,Power Bank,Electronics,1,153.01,20,153.01,30.6,122.41,Bank Transfer,Store
TXN-0108391,2026-08-11,DXB-002,Dubai,CUST-07593,P006,Mouse,Accessories,3,99.31,0,297.94,0.0,297.94,Cash,Store
TXN-0108428,2026-08-11,DXB-002,Dubai,CUST-06187,P015,Tablet,Electronics,1,1159.29,10,1159.29,115.93,1043.36,Card,Store
TXN-0108473,2026-08-11,DXB-001,Dubai,CUST-00235,P005,Keyboard,Accessories,1,167.71,10,167.71,16.77,150.94,Card,Online
TXN-0108496,2026-08-11,DXB-003,Dubai,CUST-07990,P002,Smartphone,Electronics,2,1746.19,0,3492.37,0.0,3492.37,Card,Store
TXN-0108508,2026-08-11,DXB-004,Dubai,CUST-00293,P003,Headphones,Electronics,1,360.61,10,360.61,36.06,324.55,Card,Store
TXN-0108582,2026-08-11,DXB-003,Dubai,CUST-00439,P001,Laptop,Electronics,5,2878.66,10,14393.29,1439.33,12953.96,Cash,Store
TXN-0108607,2026-08-11,DXB-005,Dubai,CUST-04015,P008,Desk,Furniture,1,869.32,5,869.32,43.47,825.86,Apple Pay,Store
TXN-0108624,2026-08-11,DXB-003,Dubai,CUST-00019,P011,Notebook,Stationery,2,24.7,5,49.4,2.47,46.93,Cash,Store
TXN-0108668,2026-08-11,DXB-003,Dubai,CUST-02055,P004,Monitor,Electronics,5,958.94,0,4794.7,0.0,4794.7,Apple Pay,Store
TXN-0108757,2026-08-11,DXB-005,Dubai,CUST-03385,P004,Monitor,Electronics,1,873.03,0,873.03,0.0,873.03,Card,Store
TXN-0108821,2026-08-11,DXB-002,Dubai,CUST-02170,P003,Headphones,Electronics,4,346.51,15,1386.03,207.9,1178.13,Card,Store
TXN-0108828,2026-08-11,DXB-004,Dubai,CUST-02264,P009,Backpack,Accessories,1,227.33,10,227.33,22.73,204.59,Cash,Online
TXN-0108894,2026-08-11,DXB-002,Dubai,CUST-07257,P003,Headphones,Electronics,2,364.78,20,729.56,145.91,583.65,Cash,Store
TXN-0108962,2026-08-11,DXB-004,Dubai,CUST-04957,P010,Printer,Office,2,679.28,5,1358.56,67.93,1290.63,Card,Online
TXN-0108983,2026-08-11,DXB-001,Dubai,CUST-06156,P011,Notebook,Stationery,1,25.14,0,25.14,0.0,25.14,Cash,Store
TXN-0109214,2026-08-11,DXB-003,Dubai,CUST-00575,P004,Monitor,Electronics,4,893.14,0,3572.55,0.0,3572.55,Card,Store
TXN-0109222,2026-08-11,DXB-004,Dubai,CUST-03091,P012,Pen Pack,Stationery,3,14.23,10,42.68,4.27,38.41,Card,Store
TXN-0109238,2026-08-11,DXB-003,Dubai,CUST-01498,P012,Pen Pack,Stationery,1,13.08,10,13.08,1.31,11.77,Cash,Online
TXN-0109328,2026-08-11,DXB-001,Dubai,CUST-01577,P006,Mouse,Accessories,4,113.67,5,454.69,22.73,431.95,Apple Pay,Store
TXN-0109356,2026-08-11,DXB-004,Dubai,CUST-03887,P014,Power Bank,Electronics,1,147.56,0,147.56,0.0,147.56,Card,Store
TXN-0109364,2026-08-11,DXB-001,Dubai,CUST-07544,P001,Laptop,Electronics,3,2783.21,0,8349.64,0.0,8349.64,Bank Transfer,Store
TXN-0109386,2026-08-11,DXB-005,Dubai,CUST-06702,P004,Monitor,Electronics,1,911.07,0,911.07,0.0,911.07,Card,Store
TXN-0109444,2026-08-11,DXB-002,Dubai,CUST-07140,P014,Power Bank,Electronics,1,134.54,0,134.54,0.0,134.54,Card,Store
TXN-0109532,2026-08-11,DXB-002,Dubai,CUST-03436,P010,Printer,Office,1,747.88,10,747.88,74.79,673.09,Bank Transfer,Online
TXN-0109653,2026-08-11,DXB-002,Dubai,CUST-00950,P002,Smartphone,Electronics,1,1731.75,10,1731.75,173.17,1558.57,Card,Store
TXN-0109760,2026-08-11,DXB-002,Dubai,CUST-02397,P014,Power Bank,Electronics,2,156.4,10,312.8,31.28,281.52,Cash,Online
TXN-0109777,2026-08-11,DXB-005,Dubai,CUST-05710,P008,Desk,Furniture,2,770.58,0,1541.17,0.0,1541.17,Card,Store
TXN-0109810,2026-08-11,DXB-005,Dubai,CUST-02154,P013,USB Drive,Accessories,5,46.49,0,232.44,0.0,232.44,Cash,Online
TXN-0109817,2026-08-11,DXB-001,Dubai,CUST-07698,P012,Pen Pack,Stationery,1,15.04,0,15.04,0.0,15.04,Cash,Online
TXN-0109959,2026-08-11,DXB-001,Dubai,CUST-05296,P007,Office Chair,Furniture,1,635.58,0,635.58,0.0,635.58,Cash,Store
TXN-0110019,2026-08-11,DXB-002,Dubai,CUST-06856,P015,Tablet,Electronics,1,1321.12,5,1321.12,66.06,1255.07,Card,Store
TXN-0110084,2026-08-11,DXB-005,Dubai,CUST-06766,P002,Smartphone,Electronics,1,1796.09,10,1796.09,179.61,1616.48,Cash,Store
TXN-0110122,2026-08-11,DXB-005,Dubai,CUST-04693,P014,Power Bank,Electronics,1,160.05,0,160.05,0.0,160.05,Cash,Online
TXN-0110129,2026-08-11,DXB-005,Dubai,CUST-03515,P007,Office Chair,Furniture,1,670.22,10,670.22,67.02,603.19,Bank Transfer,Store
TXN-0110149,2026-08-11,DXB-001,Dubai,CUST-05107,P002,Smartphone,Electronics,1,1697.51,10,1697.51,169.75,1527.76,Card,Store
TXN-0110172,2026-08-11,DXB-002,Dubai,CUST-01959,P010,Printer,Office,2,730.42,5,1460.84,73.04,1387.79,Bank Transfer,Online
TXN-0110274,2026-08-11,DXB-002,Dubai,CUST-05165,P004,Monitor,Electronics,2,864.76,5,1729.51,86.48,1643.04,Card,Store
TXN-0110317,2026-08-11,DXB-001,Dubai,CUST-07131,P002,Smartphone,Electronics,1,1805.97,15,1805.97,270.9,1535.07,Bank Transfer,Store
TXN-0110322,2026-08-11,DXB-002,Dubai,CUST-07909,P006,Mouse,Accessories,1,96.66,0,96.66,0.0,96.66,Cash,Store
TXN-0110369,2026-08-11,DXB-001,Dubai,CUST-01595,P015,Tablet,Electronics,1,1130.93,15,1130.93,169.64,961.29,Card,Online
TXN-0110476,2026-08-11,DXB-001,Dubai,CUST-06414,P011,Notebook,Stationery,2,28.1,0,56.2,0.0,56.2,Cash,Store
TXN-0110572,2026-08-11,DXB-005,Dubai,CUST-06761,P013,USB Drive,Accessories,2,45.85,10,91.7,9.17,82.53,Card,Online
TXN-0110602,2026-08-11,DXB-002,Dubai,CUST-06329,P001,Laptop,Electronics,1,2640.08,15,2640.08,396.01,2244.07,Bank Transfer,Store
TXN-0110627,2026-08-11,DXB-004,Dubai,CUST-04297,P009,Backpack,Accessories,1,217.76,5,217.76,10.89,206.87,Bank Transfer,Online
TXN-0110794,2026-08-11,DXB-002,Dubai,CUST-02523,P003,Headphones,Electronics,3,378.47,15,1135.41,170.31,965.1,Card,Store
TXN-0110816,2026-08-11,DXB-001,Dubai,CUST-01251,P001,Laptop,Electronics,1,2890.06,0,2890.06,0.0,2890.06,Card,Online
TXN-0110878,2026-08-11,DXB-003,Dubai,CUST-03300,P004,Monitor,Electronics,1,932.22,0,932.22,0.0,932.22,Bank Transfer,Store
TXN-0110955,2026-08-11,DXB-005,Dubai,CUST-04492,P001,Laptop,Electronics,1,2854.28,0,2854.28,0.0,2854.28,Card,Store
TXN-0110957,2026-08-11,DXB-002,Dubai,CUST-04807,P009,Backpack,Accessories,3,223.53,0,670.6,0.0,670.6,Card,Store
TXN-0111021,2026-08-11,DXB-002,Dubai,CUST-00652,P001,Laptop,Electronics,2,2680.27,0,5360.53,0.0,5360.53,Card,Store
TXN-0111165,2026-08-11,DXB-001,Dubai,CUST-03430,P003,Headphones,Electronics,1,371.91,0,371.91,0.0,371.91,Card,Store
TXN-0111203,2026-08-11,DXB-003,Dubai,CUST-05550,P009,Backpack,Accessories,2,210.66,0,421.31,0.0,421.31,Cash,Online
TXN-0111270,2026-08-11,DXB-005,Dubai,CUST-03912,P004,Monitor,Electronics,1,1013.96,15,1013.96,152.09,861.87,Card,Online
TXN-0111278,2026-08-11,DXB-003,Dubai,CUST-03640,P002,Smartphone,Electronics,1,1773.2,5,1773.2,88.66,1684.54,Card,Store
TXN-0111338,2026-08-11,DXB-004,Dubai,CUST-02260,P001,Laptop,Electronics,1,2405.47,15,2405.47,360.82,2044.65,Bank Transfer,Store
TXN-0111386,2026-08-11,DXB-001,Dubai,CUST-06447,P010,Printer,Office,2,697.4,5,1394.81,69.74,1325.07,Card,Store
TXN-0111414,2026-08-11,DXB-004,Dubai,CUST-03743,P012,Pen Pack,Stationery,6,14.49,0,86.93,0.0,86.93,Apple Pay,Store
TXN-0111437,2026-08-11,DXB-003,Dubai,CUST-07747,P005,Keyboard,Accessories,2,178.27,10,356.53,35.65,320.88,Card,Store
TXN-0111470,2026-08-11,DXB-001,Dubai,CUST-07020,P003,Headphones,Electronics,1,375.24,0,375.24,0.0,375.24,Card,Online
TXN-0111474,2026-08-11,DXB-002,Dubai,CUST-06509,P004,Monitor,Electronics,3,809.53,10,2428.59,242.86,2185.73,Bank Transfer,Online
TXN-0111641,2026-08-11,DXB-002,Dubai,CUST-02275,P007,Office Chair,Furniture,2,606.43,0,1212.85,0.0,1212.85,Cash,Store
TXN-0111699,2026-08-11,DXB-003,Dubai,CUST-02853,P007,Office Chair,Furniture,1,653.1,15,653.1,97.96,555.13,Card,Store
TXN-0111718,2026-08-11,DXB-003,Dubai,CUST-03262,P008,Desk,Furniture,1,781.81,10,781.81,78.18,703.63,Card,Store
TXN-0111725,2026-08-11,DXB-002,Dubai,CUST-04683,P015,Tablet,Electronics,1,1215.77,20,1215.77,243.15,972.61,Card,Store
TXN-0111728,2026-08-11,DXB-002,Dubai,CUST-00846,P005,Keyboard,Accessories,1,176.8,0,176.8,0.0,176.8,Apple Pay,Online
TXN-0111791,2026-08-11,DXB-002,Dubai,CUST-07564,P011,Notebook,Stationery,2,25.71,10,51.43,5.14,46.28,Card,Online
TXN-0111823,2026-08-11,DXB-001,Dubai,CUST-04659,P002,Smartphone,Electronics,1,1802.16,10,1802.16,180.22,1621.94,Card,Store
TXN-0111874,2026-08-11,DXB-001,Dubai,CUST-04204,P013,USB Drive,Accessories,2,43.56,10,87.12,8.71,78.41,Card,Store
TXN-0111889,2026-08-11,DXB-005,Dubai,CUST-03381,P008,Desk,Furniture,2,758.3,0,1516.61,0.0,1516.61,Card,Store
TXN-0111893,2026-08-11,DXB-002,Dubai,CUST-07175,P001,Laptop,Electronics,1,2488.67,5,2488.67,124.43,2364.24,Card,Store
TXN-0111960,2026-08-11,DXB-001,Dubai,CUST-04765,P013,USB Drive,Accessories,1,47.65,10,47.65,4.77,42.89,Bank Transfer,Store
TXN-0112193,2026-08-11,DXB-001,Dubai,CUST-05916,P006,Mouse,Accessories,1,96.16,5,96.16,4.81,91.35,Card,Store
TXN-0112283,2026-08-11,DXB-005,Dubai,CUST-03788,P013,USB Drive,Accessories,1,44.81,10,44.81,4.48,40.33,Bank Transfer,Store
TXN-0112285,2026-08-11,DXB-003,Dubai,CUST-07516,P013,USB Drive,Accessories,1,44.01,10,44.01,4.4,39.61,Apple Pay,Store
TXN-0112292,2026-08-11,DXB-004,Dubai,CUST-00967,P007,Office Chair,Furniture,2,548.1,0,1096.21,0.0,1096.21,Apple Pay,Store
TXN-0112346,2026-08-11,DXB-002,Dubai,CUST-00729,P004,Monitor,Electronics,2,964.47,10,1928.94,192.89,1736.04,Card,Store
TXN-0112438,2026-08-11,DXB-002,Dubai,CUST-05537,P008,Desk,Furniture,2,866.84,0,1733.68,0.0,1733.68,Apple Pay,Store
TXN-0112517,2026-08-11,DXB-002,Dubai,CUST-05349,P005,Keyboard,Accessories,5,182.69,0,913.44,0.0,913.44,Card,Store
TXN-0112641,2026-08-11,DXB-005,Dubai,CUST-06553,P010,Printer,Office,6,672.45,0,4034.7,0.0,4034.7,Card,Store
TXN-0112682,2026-08-11,DXB-003,Dubai,CUST-06439,P015,Tablet,Electronics,1,1216.18,0,1216.18,0.0,1216.18,Bank Transfer,Online
TXN-0112686,2026-08-11,DXB-001,Dubai,CUST-04569,P001,Laptop,Electronics,1,2886.11,0,2886.11,0.0,2886.11,Card,Store
TXN-0112688,2026-08-11,DXB-004,Dubai,CUST-04242,P015,Tablet,Electronics,1,1184.01,5,1184.01,59.2,1124.81,Apple Pay,Store
TXN-0112888,2026-08-11,DXB-004,Dubai,CUST-01924,P005,Keyboard,Accessories,1,170.72,0,170.72,0.0,170.72,Card,Online
TXN-0113014,2026-08-11,DXB-001,Dubai,CUST-00398,P015,Tablet,Electronics,1,1371.05,5,1371.05,68.55,1302.49,Bank Transfer,Online
TXN-0113032,2026-08-11,DXB-005,Dubai,CUST-02999,P008,Desk,Furniture,1,789.81,0,789.81,0.0,789.81,Card,Store
TXN-0113053,2026-08-11,DXB-005,Dubai,CUST-04922,P008,Desk,Furniture,1,805.23,5,805.23,40.26,764.97,Card,Store
TXN-0113110,2026-08-11,DXB-005,Dubai,CUST-00292,P002,Smartphone,Electronics,1,1648.12,0,1648.12,0.0,1648.12,Card,Store
TXN-0113111,2026-08-11,DXB-004,Dubai,CUST-04459,P010,Printer,Office,2,672.76,5,1345.51,67.28,1278.23,Apple Pay,Store
TXN-0113131,2026-08-11,DXB-003,Dubai,CUST-03591,P015,Tablet,Electronics,4,1328.86,10,5315.45,531.55,4783.91,Card,Online
TXN-0113150,2026-08-11,DXB-002,Dubai,CUST-00275,P013,USB Drive,Accessories,3,39.47,0,118.4,0.0,118.4,Card,Online
TXN-0113303,2026-08-11,DXB-001,Dubai,CUST-02078,P006,Mouse,Accessories,2,97.05,15,194.1,29.12,164.99,Cash,Store
TXN-0113315,2026-08-11,DXB-005,Dubai,CUST-07967,P011,Notebook,Stationery,2,24.91,0,49.83,0.0,49.83,Card,Online
TXN-0113319,2026-08-11,DXB-001,Dubai,CUST-01715,P009,Backpack,Accessories,1,227.09,5,227.09,11.35,215.73,Bank Transfer,Store
TXN-0113349,2026-08-11,DXB-003,Dubai,CUST-01079,P002,Smartphone,Electronics,1,1846.17,5,1846.17,92.31,1753.86,Card,Store
TXN-0113357,2026-08-11,DXB-003,Dubai,CUST-02706,P013,USB Drive,Accessories,1,44.78,0,44.78,0.0,44.78,Bank Transfer,Store
TXN-0113492,2026-08-11,DXB-003,Dubai,CUST-03631,P010,Printer,Office,3,692.61,0,2077.84,0.0,2077.84,Card,Store
TXN-0113514,2026-08-11,DXB-002,Dubai,CUST-03116,P001,Laptop,Electronics,1,2759.9,15,2759.9,413.98,2345.91,Card,Store
TXN-0113535,2026-08-11,DXB-001,Dubai,CUST-01264,P011,Notebook,Stationery,2,23.9,10,47.79,4.78,43.01,Card,Store
TXN-0113556,2026-08-11,DXB-001,Dubai,CUST-06144,P010,Printer,Office,1,736.77,0,736.77,0.0,736.77,Cash,Store
TXN-0113577,2026-08-11,DXB-005,Dubai,CUST-07215,P015,Tablet,Electronics,4,1152.83,0,4611.34,0.0,4611.34,Cash,Store
TXN-0113629,2026-08-11,DXB-005,Dubai,CUST-02270,P008,Desk,Furniture,3,804.88,10,2414.64,241.46,2173.17,Card,Store
TXN-0113812,2026-08-11,DXB-004,Dubai,CUST-02170,P011,Notebook,Stationery,2,23.95,10,47.91,4.79,43.12,Card,Store
TXN-0114121,2026-08-11,DXB-002,Dubai,CUST-04968,P014,Power Bank,Electronics,2,151.76,10,303.53,30.35,273.17,Card,Store
TXN-0114237,2026-08-11,DXB-004,Dubai,CUST-03233,P015,Tablet,Electronics,1,1153.28,10,1153.28,115.33,1037.95,Apple Pay,Online
TXN-0114471,2026-08-11,DXB-001,Dubai,CUST-07979,P001,Laptop,Electronics,1,3055.05,5,3055.05,152.75,2902.3,Apple Pay,Online
TXN-0114496,2026-08-11,DXB-005,Dubai,CUST-02596,P011,Notebook,Stationery,2,27.64,0,55.28,0.0,55.28,Card,Store
TXN-0114619,2026-08-11,DXB-003,Dubai,CUST-06920,P006,Mouse,Accessories,1,93.24,5,93.24,4.66,88.58,Card,Store
TXN-0114743,2026-08-11,DXB-004,Dubai,CUST-07230,P012,Pen Pack,Stationery,1,15.32,10,15.32,1.53,13.79,Card,Store
TXN-0114803,2026-08-11,DXB-001,Dubai,CUST-06787,P003,Headphones,Electronics,1,367.63,0,367.63,0.0,367.63,Card,Store
TXN-0114846,2026-08-11,DXB-003,Dubai,CUST-07838,P004,Monitor,Electronics,1,873.31,0,873.31,0.0,873.31,Card,Store
TXN-0115143,2026-08-11,DXB-005,Dubai,CUST-05493,P005,Keyboard,Accessories,3,160.93,0,482.79,0.0,482.79,Card,Online
TXN-0115147,2026-08-11,DXB-003,Dubai,CUST-03289,P009,Backpack,Accessories,1,222.48,5,222.48,11.12,211.35,Card,Store
TXN-0115217,2026-08-11,DXB-005,Dubai,CUST-02347,P002,Smartphone,Electronics,2,1747.1,10,3494.2,349.42,3144.78,Apple Pay,Store
TXN-0115282,2026-08-11,DXB-005,Dubai,CUST-06396,P003,Headphones,Electronics,1,367.06,0,367.06,0.0,367.06,Apple Pay,Store
TXN-0115354,2026-08-11,DXB-002,Dubai,CUST-01358,P002,Smartphone,Electronics,2,2014.39,20,4028.78,805.76,3223.02,Card,Store
TXN-0115563,2026-08-11,DXB-004,Dubai,CUST-03245,P008,Desk,Furniture,3,772.96,5,2318.88,115.94,2202.93,Card,Store
TXN-0115573,2026-08-11,DXB-005,Dubai,CUST-03842,P011,Notebook,Stationery,1,27.24,5,27.24,1.36,25.87,Card,Store
TXN-0115683,2026-08-11,DXB-001,Dubai,CUST-00242,P015,Tablet,Electronics,4,1250.63,5,5002.51,250.13,4752.38,Cash,Store
TXN-0115754,2026-08-11,DXB-003,Dubai,CUST-00030,P014,Power Bank,Electronics,2,152.41,5,304.83,15.24,289.59,Card,Store
TXN-0115834,2026-08-11,DXB-004,Dubai,CUST-07226,P011,Notebook,Stationery,1,28.51,10,28.51,2.85,25.66,Card,Store
TXN-0115884,2026-08-11,DXB-004,Dubai,CUST-04034,P004,Monitor,Electronics,4,856.05,10,3424.2,342.42,3081.78,Cash,Online
TXN-0115938,2026-08-11,DXB-004,Dubai,CUST-00983,P011,Notebook,Stationery,3,26.4,0,79.19,0.0,79.19,Bank Transfer,Online
TXN-0115947,2026-08-11,DXB-001,Dubai,CUST-02140,P015,Tablet,Electronics,2,1245.15,5,2490.29,124.51,2365.78,Card,Store
TXN-0116020,2026-08-11,DXB-001,Dubai,CUST-07647,P012,Pen Pack,Stationery,3,14.44,15,43.32,6.5,36.82,Card,Store
TXN-0116027,2026-08-11,DXB-004,Dubai,CUST-07542,P009,Backpack,Accessories,4,227.01,15,908.04,136.21,771.83,Cash,Store
TXN-0116037,2026-08-11,DXB-003,Dubai,CUST-04330,P014,Power Bank,Electronics,1,138.82,10,138.82,13.88,124.94,Card,Online
TXN-0116042,2026-08-11,DXB-001,Dubai,CUST-06446,P010,Printer,Office,2,692.11,0,1384.21,0.0,1384.21,Cash,Store
TXN-0116105,2026-08-11,DXB-002,Dubai,CUST-00859,P008,Desk,Furniture,2,778.64,5,1557.29,77.86,1479.42,Apple Pay,Store
TXN-0116257,2026-08-11,DXB-005,Dubai,CUST-05101,P007,Office Chair,Furniture,3,689.77,10,2069.3,206.93,1862.37,Apple Pay,Store
TXN-0116459,2026-08-11,DXB-002,Dubai,CUST-02389,P002,Smartphone,Electronics,1,1752.42,0,1752.42,0.0,1752.42,Apple Pay,Store
TXN-0116533,2026-08-11,DXB-003,Dubai,CUST-01356,P010,Printer,Office,1,650.48,5,650.48,32.52,617.95,Card,Online
TXN-0116579,2026-08-11,DXB-005,Dubai,CUST-03525,P013,USB Drive,Accessories,1,45.34,0,45.34,0.0,45.34,Card,Store
TXN-0116597,2026-08-11,DXB-003,Dubai,CUST-03590,P010,Printer,Office,3,651.03,10,1953.08,195.31,1757.77,Card,Store
TXN-0116610,2026-08-11,DXB-003,Dubai,CUST-07228,P014,Power Bank,Electronics,1,149.84,0,149.84,0.0,149.84,Card,Store
TXN-0116627,2026-08-11,DXB-001,Dubai,CUST-06975,P012,Pen Pack,Stationery,3,15.97,10,47.92,4.79,43.13,Card,Store
TXN-0116724,2026-08-11,DXB-002,Dubai,CUST-00427,P014,Power Bank,Electronics,1,156.19,5,156.19,7.81,148.38,Card,Store
TXN-0116783,2026-08-11,DXB-002,Dubai,CUST-03421,P012,Pen Pack,Stationery,1,16.01,5,16.01,0.8,15.21,Card,Store
TXN-0116834,2026-08-11,DXB-004,Dubai,CUST-01471,P001,Laptop,Electronics,5,2813.05,10,14065.23,1406.52,12658.71,Card,Online
TXN-0117021,2026-08-11,DXB-001,Dubai,CUST-00907,P014,Power Bank,Electronics,2,152.29,10,304.58,30.46,274.13,Card,Store
TXN-0117026,2026-08-11,DXB-002,Dubai,CUST-05841,P002,Smartphone,Electronics,1,1708.83,5,1708.83,85.44,1623.39,Card,Online
TXN-0117070,2026-08-11,DXB-005,Dubai,CUST-04120,P005,Keyboard,Accessories,2,186.3,5,372.59,18.63,353.96,Card,Online
TXN-0117105,2026-08-11,DXB-005,Dubai,CUST-03350,P006,Mouse,Accessories,3,105.14,10,315.43,31.54,283.89,Card,Store
TXN-0117165,2026-08-11,DXB-003,Dubai,CUST-07167,P005,Keyboard,Accessories,1,174.17,20,174.17,34.83,139.33,Cash,Online
TXN-0117166,2026-08-11,DXB-001,Dubai,CUST-03680,P013,USB Drive,Accessories,2,41.04,10,82.09,8.21,73.88,Apple Pay,Store
TXN-0117234,2026-08-11,DXB-001,Dubai,CUST-06082,P003,Headphones,Electronics,2,334.56,20,669.13,133.83,535.3,Card,Store
TXN-0117245,2026-08-11,DXB-002,Dubai,CUST-05690,P013,USB Drive,Accessories,3,48.73,0,146.2,0.0,146.2,Cash,Store
TXN-0117248,2026-08-11,DXB-001,Dubai,CUST-06716,P002,Smartphone,Electronics,2,1961.08,0,3922.16,0.0,3922.16,Card,Online
TXN-0117257,2026-08-11,DXB-003,Dubai,CUST-02030,P002,Smartphone,Electronics,1,1789.11,5,1789.11,89.46,1699.65,Card,Store
TXN-0117275,2026-08-11,DXB-001,Dubai,CUST-00291,P013,USB Drive,Accessories,2,46.99,10,93.98,9.4,84.59,Cash,Online
TXN-0117316,2026-08-11,DXB-001,Dubai,CUST-07682,P013,USB Drive,Accessories,1,46.13,0,46.13,0.0,46.13,Card,Online
TXN-0117337,2026-08-11,DXB-005,Dubai,CUST-06361,P003,Headphones,Electronics,1,333.77,0,333.77,0.0,333.77,Apple Pay,Store
TXN-0117366,2026-08-11,DXB-004,Dubai,CUST-04294,P010,Printer,Office,3,699.8,20,2099.41,419.88,1679.53,Apple Pay,Store
TXN-0117386,2026-08-11,DXB-002,Dubai,CUST-03835,P002,Smartphone,Electronics,1,1876.76,0,1876.76,0.0,1876.76,Card,Store
TXN-0117555,2026-08-11,DXB-004,Dubai,CUST-06410,P001,Laptop,Electronics,1,2870.51,5,2870.51,143.53,2726.99,Cash,Online
TXN-0117612,2026-08-11,DXB-003,Dubai,CUST-04911,P008,Desk,Furniture,1,687.89,5,687.89,34.39,653.5,Bank Transfer,Online
TXN-0117620,2026-08-11,DXB-005,Dubai,CUST-06453,P007,Office Chair,Furniture,1,638.4,0,638.4,0.0,638.4,Card,Store
TXN-0117626,2026-08-11,DXB-001,Dubai,CUST-02350,P003,Headphones,Electronics,3,352.18,5,1056.55,52.83,1003.73,Cash,Store
TXN-0117683,2026-08-11,DXB-004,Dubai,CUST-00273,P005,Keyboard,Accessories,1,182.01,5,182.01,9.1,172.91,Card,Store
TXN-0117715,2026-08-11,DXB-004,Dubai,CUST-00681,P010,Printer,Office,2,715.17,5,1430.34,71.52,1358.82,Cash,Store
TXN-0117848,2026-08-11,DXB-005,Dubai,CUST-04242,P011,Notebook,Stationery,2,26.19,5,52.38,2.62,49.76,Card,Store
TXN-0117851,2026-08-11,DXB-003,Dubai,CUST-02970,P001,Laptop,Electronics,1,2846.29,0,2846.29,0.0,2846.29,Apple Pay,Store
TXN-0117862,2026-08-11,DXB-002,Dubai,CUST-02270,P003,Headphones,Electronics,1,352.43,10,352.43,35.24,317.18,Cash,Store
TXN-0117895,2026-08-11,DXB-004,Dubai,CUST-06947,P001,Laptop,Electronics,1,2610.72,15,2610.72,391.61,2219.11,Apple Pay,Store
TXN-0117948,2026-08-11,DXB-001,Dubai,CUST-01827,P015,Tablet,Electronics,1,1206.77,5,1206.77,60.34,1146.43,Apple Pay,Store
TXN-0117980,2026-08-11,DXB-001,Dubai,CUST-04515,P005,Keyboard,Accessories,1,164.94,0,164.94,0.0,164.94,Card,Store
TXN-0117992,2026-08-11,DXB-002,Dubai,CUST-06819,P010,Printer,Office,2,780.61,10,1561.22,156.12,1405.1,Cash,Store
TXN-0118076,2026-08-11,DXB-001,Dubai,CUST-00338,P003,Headphones,Electronics,4,366.28,5,1465.11,73.26,1391.85,Cash,Store
TXN-0118081,2026-08-11,DXB-001,Dubai,CUST-04898,P013,USB Drive,Accessories,1,49.45,20,49.45,9.89,39.56,Card,Store
TXN-0118177,2026-08-11,DXB-005,Dubai,CUST-00712,P010,Printer,Office,2,636.58,10,1273.17,127.32,1145.85,Card,Online
TXN-0118181,2026-08-11,DXB-004,Dubai,CUST-06869,P002,Smartphone,Electronics,1,1786.84,20,1786.84,357.37,1429.47,Cash,Store
TXN-0118384,2026-08-11,DXB-001,Dubai,CUST-07720,P002,Smartphone,Electronics,1,1687.29,5,1687.29,84.36,1602.92,Card,Store
TXN-0118448,2026-08-11,DXB-001,Dubai,CUST-00559,P009,Backpack,Accessories,1,226.24,5,226.24,11.31,214.93,Apple Pay,Store
TXN-0118461,2026-08-11,DXB-001,Dubai,CUST-02056,P009,Backpack,Accessories,2,229.46,10,458.92,45.89,413.03,Card,Online
TXN-0118484,2026-08-11,DXB-005,Dubai,CUST-02429,P003,Headphones,Electronics,2,326.6,20,653.2,130.64,522.56,Apple Pay,Store
TXN-0118670,2026-08-11,DXB-001,Dubai,CUST-00986,P013,USB Drive,Accessories,3,44.75,5,134.26,6.71,127.54,Card,Online
TXN-0118758,2026-08-11,DXB-003,Dubai,CUST-00599,P007,Office Chair,Furniture,3,643.05,5,1929.14,96.46,1832.68,Apple Pay,Online
TXN-0118789,2026-08-11,DXB-005,Dubai,CUST-07334,P015,Tablet,Electronics,2,1225.8,0,2451.6,0.0,2451.6,Card,Store
TXN-0118800,2026-08-11,DXB-004,Dubai,CUST-05656,P014,Power Bank,Electronics,1,151.39,0,151.39,0.0,151.39,Card,Store
TXN-0118890,2026-08-11,DXB-003,Dubai,CUST-04866,P011,Notebook,Stationery,1,26.17,0,26.17,0.0,26.17,Card,Store
TXN-0118981,2026-08-11,DXB-002,Dubai,CUST-01036,P002,Smartphone,Electronics,4,1914.83,15,7659.3,1148.9,6510.41,Bank Transfer,Store
TXN-0119288,2026-08-11,DXB-001,Dubai,CUST-06257,P008,Desk,Furniture,4,894.63,5,3578.5,178.93,3399.58,Bank Transfer,Online
TXN-0119289,2026-08-11,DXB-001,Dubai,CUST-01544,P010,Printer,Office,4,738.52,15,2954.09,443.11,2510.97,Card,Store
TXN-0119370,2026-08-11,DXB-001,Dubai,CUST-05451,P015,Tablet,Electronics,2,1178.03,10,2356.06,235.61,2120.45,Bank Transfer,Online
TXN-0119389,2026-08-11,DXB-003,Dubai,CUST-04115,P003,Headphones,Electronics,1,366.71,5,366.71,18.34,348.37,Card,Store
TXN-0119400,2026-08-11,DXB-005,Dubai,CUST-02644,P009,Backpack,Accessories,4,222.69,0,890.78,0.0,890.78,Cash,Store
TXN-0119464,2026-08-11,DXB-005,Dubai,CUST-07547,P001,Laptop,Electronics,4,2863.96,0,11455.83,0.0,11455.83,Cash,Store
TXN-0119531,2026-08-11,DXB-002,Dubai,CUST-07832,P012,Pen Pack,Stationery,2,16.23,10,32.47,3.25,29.22,Card,Online
TXN-0119581,2026-08-11,DXB-003,Dubai,CUST-04232,P001,Laptop,Electronics,1,2635.76,0,2635.76,0.0,2635.76,Card,Store
TXN-0119672,2026-08-11,DXB-001,Dubai,CUST-05070,P005,Keyboard,Accessories,2,175.64,15,351.29,52.69,298.59,Card,Online
TXN-0119721,2026-08-11,DXB-005,Dubai,CUST-07832,P014,Power Bank,Electronics,3,167.79,0,503.37,0.0,503.37,Card,Online
TXN-0119807,2026-08-11,DXB-003,Dubai,CUST-04863,P009,Backpack,Accessories,1,207.88,5,207.88,10.39,197.49,Apple Pay,Store
TXN-0119887,2026-08-11,DXB-001,Dubai,CUST-06534,P006,Mouse,Accessories,1,93.65,5,93.65,4.68,88.97,Card,Online
TXN-0119927,2026-08-11,DXB-002,Dubai,CUST-07769,P010,Printer,Office,2,724.74,10,1449.48,144.95,1304.53,Card,Store
TXN-0119944,2026-08-11,DXB-001,Dubai,CUST-02540,P014,Power Bank,Electronics,4,155.09,5,620.34,31.02,589.32,Card,Store
TXN-0119947,2026-08-11,DXB-001,Dubai,CUST-06758,P002,Smartphone,Electronics,2,1571.46,10,3142.93,314.29,2828.63,Apple Pay,Store
TXN-0119982,2026-08-11,DXB-003,Dubai,CUST-04400,P002,Smartphone,Electronics,1,1772.89,0,1772.89,0.0,1772.89,Cash,Online
